mlbam,fgid,name,war,ip,gs,g
594798,10954,Jacob deGrom,5.2028647598297315,162.6977996826172,27.540000915527344,27.540000915527344
669203,19361,Corbin Burnes,4.951048614701474,196.93820190429688,32.0,32.0
543037,13125,Gerrit Cole,4.506608818826738,197.47520446777344,32.0,32.0
453286,3137,Max Scherzer,4.448044471851132,191.452392578125,30.780000686645508,30.780000686645508
660271,19755,Shohei Ohtani,4.266383560110068,173.356201171875,29.15999984741211,29.15999984741211
605400,16149,Aaron Nola,4.15107724026246,198.74850463867188,32.0,32.0
434378,8700,Justin Verlander,4.142158485068168,179.66229248046875,29.15999984741211,29.15999984741211
645261,18684,Sandy Alcantara,4.122606385575786,210.61549377441406,32.0,32.0
663556,21483,Shane McClanahan,4.101803084952287,183.5386962890625,30.780000686645508,30.780000686645508
607074,16137,Carlos Rodón,3.9829452173228224,158.88490295410156,27.540000915527344,27.540000915527344
554430,10310,Zack Wheeler,3.9023528052734404,189.36700439453125,30.780000686645508,30.780000686645508
666157,26378,Nick Lodolo,3.7479807963928216,175.622802734375,29.15999984741211,29.15999984741211
675911,27498,Spencer Strider,3.6679395678818896,153.9210968017578,27.540000915527344,27.540000915527344
664285,17295,Framber Valdez,3.6260298258170156,195.51870727539062,30.780000686645508,30.780000686645508
669456,19427,Shane Bieber,3.5873774925336437,202.79649353027344,32.0,32.0
605540,16162,Brandon Woodruff,3.508392739175498,172.87660217285156,29.15999984741211,29.15999984741211
477132,2036,Clayton Kershaw,3.4263859245546158,172.1584930419922,29.15999984741211,29.15999984741211
592332,14107,Kevin Gausman,3.3902583043776704,180.69569396972656,30.780000686645508,30.780000686645508
622491,15689,Luis Castillo,3.3641261397785827,194.5220947265625,32.0,32.0
668881,22182,Hunter Greene,3.2692684689243143,168.42820739746094,29.15999984741211,29.15999984741211
663903,25377,Brady Singer,3.242127235993976,183.50770568847656,30.780000686645508,30.780000686645508
605483,13543,Blake Snell,3.1613881483387325,163.08970642089844,29.15999984741211,29.15999984741211
502171,6562,Alex Cobb,3.1330183846384463,166.31430053710938,29.15999984741211,29.15999984741211
656302,18525,Dylan Cease,3.12372085721762,187.5756072998047,32.0,32.0
608331,13743,Max Fried,3.1200656013163584,189.53489685058594,30.780000686645508,30.780000686645508
657277,17995,Logan Webb,3.0251231243903822,193.32879638671875,32.0,32.0
607192,14374,Tyler Glasnow,2.979253307429036,137.58309936523438,24.299999237060547,24.299999237060547
519242,10603,Chris Sale,2.937618067339915,146.601806640625,25.920000076293945,25.920000076293945
668678,19291,Zac Gallen,2.9339120590274557,182.40170288085938,30.780000686645508,30.780000686645508
628711,14765,Julio Urías,2.8423485996401516,190.23770141601562,32.0,32.0
506433,13074,Yu Darvish,2.743144743101771,181.86300659179688,29.15999984741211,29.15999984741211
605397,12970,Joe Musgrove,2.7223531776508185,171.64830017089844,29.15999984741211,29.15999984741211
458681,2520,Lance Lynn,2.6389808563092645,182.97340393066406,30.780000686645508,30.780000686645508
656756,16511,Jordan Montgomery,2.596730508353755,176.07980346679688,30.780000686645508,30.780000686645508
641154,17085,Pablo López,2.5560625422444674,171.23629760742188,29.15999984741211,29.15999984741211
571760,15423,Andrew Heaney,2.5103267746577482,139.75289916992188,25.920000076293945,25.920000076293945
592351,14916,Jon Gray,2.5056378678359734,174.19259643554688,30.780000686645508,30.780000686645508
450203,4676,Charlie Morton,2.5024602071707975,165.80470275878906,29.15999984741211,29.15999984741211
663776,19447,Patrick Sandoval,2.4695627650529635,166.3950958251953,29.15999984741211,29.15999984741211
673540,31838,Kodai Senga,2.4396362301158168,156.97799682617188,27.540000915527344,27.540000915527344
592662,11486,Robbie Ray,2.3923709864170495,191.0303955078125,32.0,32.0
641482,17874,Nestor Cortes,2.3646417729477256,170.1446075439453,29.15999984741211,29.15999984741211
666201,26410,Alek Manoah,2.3306477328871673,199.31610107421875,32.0,32.0
669160,19716,Dustin May,2.3249696670232893,128.1038055419922,21.059999465942383,33.060001373291016
656876,25385,Drew Rasmussen,2.3226701074359752,173.3011016845703,30.780000686645508,30.780000686645508
664299,17606,Cristian Javier,2.2847084973639293,168.27259826660156,29.15999984741211,29.15999984741211
543135,9132,Nathan Eovaldi,2.265898934621893,155.06640625,27.540000915527344,27.540000915527344
657140,19665,Kyle Wright,2.2418251027090936,174.55419921875,29.15999984741211,29.15999984741211
573186,13431,Marcus Stroman,2.2114877038948566,178.32269287109375,30.780000686645508,30.780000686645508
669923,25436,George Kirby,2.199229834297396,142.7593994140625,25.920000076293945,25.920000076293945
622663,15890,Luis Severino,2.1692949552114498,135.91200256347656,24.299999237060547,24.299999237060547
543243,12768,Sonny Gray,2.160676896229933,148.26150512695312,27.540000915527344,27.540000915527344
666200,19959,Jesús Luzardo,2.1560817709061033,158.8159942626953,27.540000915527344,27.540000915527344
571945,9803,Miles Mikolas,2.1338262867600837,190.58030700683594,30.780000686645508,30.780000686645508
669302,22250,Logan Gilbert,2.1081808676109746,176.37820434570312,30.780000686645508,30.780000686645508
593958,13164,Eduardo Rodriguez,2.0960746216787896,169.4597930908203,29.15999984741211,29.15999984741211
608566,15038,Germán Márquez,2.0944815528100778,192.92300415039062,32.0,32.0
657746,21390,Joe Ryan,2.0627406815174703,166.28860473632812,29.15999984741211,29.15999984741211
642547,18679,Freddy Peralta,2.018397474589388,137.8415985107422,25.920000076293945,25.920000076293945
605488,17677,Jeffrey Springs,2.0011194657700635,152.95289611816406,27.540000915527344,27.540000915527344
605135,12304,Chris Bassitt,1.9782388318755295,179.88589477539062,30.780000686645508,30.780000686645508
518876,11156,Merrill Kelly,1.9673075589254432,196.61990356445312,32.0,32.0
624133,17277,Ranger Suarez,1.9650040085482972,152.81399536132812,27.540000915527344,27.540000915527344
668933,27552,Graham Ashcraft,1.9134339294206117,159.16909790039062,27.540000915527344,27.540000915527344
640455,15873,Sean Manaea,1.90653047764768,156.25259399414062,27.540000915527344,27.540000915527344
672710,22810,Roansy Contreras,1.8931515347841212,156.6894073486328,27.540000915527344,27.540000915527344
676477,20191,Garrett Whitlock,1.8763390288680002,126.75420379638672,21.059999465942383,33.060001373291016
608337,15474,Lucas Giolito,1.8623086745506359,175.66439819335938,30.780000686645508,30.780000686645508
471911,6632,Carlos Carrasco,1.860894085784647,152.4770050048828,27.540000915527344,27.540000915527344
592791,11674,Jameson Taillon,1.8571548062355354,178.4595947265625,30.780000686645508,30.780000686645508
677651,23735,Luis Garcia,1.8327918225780284,157.12440490722656,27.540000915527344,27.540000915527344
669432,22286,Trevor Rogers,1.8227754537429282,129.9364013671875,22.68000030517578,32.68000030517578
527048,6902,Martín Pérez,1.7913361661108562,183.9040985107422,30.780000686645508,30.780000686645508
657006,17312,Justin Steele,1.7847056811826347,142.59669494628906,25.920000076293945,25.920000076293945
641816,16358,Tyler Mahle,1.7842595942138733,166.1260986328125,29.15999984741211,29.15999984741211
571927,13361,Steven Matz,1.7427205288706393,135.1009063720703,22.68000030517578,36.68000030517578
678394,23920,Brayan Bello,1.739114464497054,112.85820007324219,19.440000534057617,25.440000534057617
622072,13781,Alex Wood,1.7299341256408627,125.47029876708984,16.200000762939453,54.20000076293945
621244,14168,José Berríos,1.7269508881043962,175.80589294433594,30.780000686645508,30.780000686645508
680570,24492,Grayson Rodriguez,1.7156272707954345,129.2760009765625,22.68000030517578,22.68000030517578
656849,20302,David Peterson,1.6937375310202567,113.7145004272461,16.200000762939453,44.20000076293945
672282,27468,Reid Detmers,1.670079845473211,141.0594940185547,25.920000076293945,25.920000076293945
446372,2429,Corey Kluber,1.642347148750603,158.5529022216797,27.540000915527344,27.540000915527344
542881,12880,Tyler Anderson,1.607556174376763,185.44679260253906,30.780000686645508,30.780000686645508
656605,17594,Mitch Keller,1.5989843010114793,164.34829711914062,29.15999984741211,29.15999984741211
571578,9323,Patrick Corbin,1.5712766509584946,174.8227996826172,30.780000686645508,30.780000686645508
621121,14120,Lance McCullers Jr.,1.568498040680179,129.80479431152344,22.68000030517578,22.68000030517578
605513,16207,Spencer Turnbull,1.5293440564186565,121.91909790039062,19.440000534057617,31.440000534057617
621107,13774,Zach Eflin,1.5204963505138016,145.8437957763672,25.920000076293945,25.920000076293945
664141,17578,JT Brubaker,1.506177103329731,142.67579650878906,25.920000076293945,25.920000076293945
650644,19479,Aaron Civale,1.500090676269157,145.87510681152344,25.920000076293945,25.920000076293945
665795,21690,Edward Cabrera,1.4950636098601235,132.20889282226562,24.299999237060547,24.299999237060547
592836,11836,Taijuan Walker,1.4935661923930073,163.5845947265625,29.15999984741211,29.15999984741211
608379,14078,Michael Wacha,1.487715039759222,154.4315948486328,27.540000915527344,31.540000915527344
548389,13273,Ross Stripling,1.4338544976997756,149.86289978027344,24.299999237060547,44.29999923706055
502043,10123,Kyle Gibson,1.405685319677104,172.11669921875,29.15999984741211,29.15999984741211
628317,18498,Kenta Maeda,1.4045350340180867,141.7886962890625,21.059999465942383,45.060001373291016
572020,11828,James Paxton,1.4004342236308172,136.98109436035156,22.68000030517578,32.68000030517578
663474,18000,Triston McKenzie,1.3878916158528907,121.52310180664062,21.059999465942383,21.059999465942383
680694,24586,Kyle Bradish,1.3765633137224507,145.50909423828125,25.920000076293945,25.920000076293945
686613,25880,Hunter Brown,1.3755835202681383,104.80000305175781,11.34000015258789,51.34000015258789
664062,19388,Tony Gonsolin,1.371733787326165,140.83050537109375,25.920000076293945,25.920000076293945
601713,15454,Nick Pivetta,1.3703547287239093,164.58399963378906,27.540000915527344,35.540000915527344
641778,19316,Eric Lauer,1.3518694273601326,155.7675018310547,27.540000915527344,27.540000915527344
656731,21318,Tylor Megill,1.3464094146574033,90.64990234375,9.720000267028809,47.720001220703125
571510,15440,Matthew Boyd,1.3260390148181724,153.1699981689453,25.920000076293945,25.920000076293945
656427,17479,Jack Flaherty,1.2866331625921859,147.28819274902344,25.920000076293945,29.920000076293945
662253,20373,Andrés Muñoz,1.2804875061437007,65.0,0.0,65.0
592789,11762,Noah Syndergaard,1.2576968637938593,156.6284942626953,27.540000915527344,27.540000915527344
592767,11760,Drew Smyly,1.2427490412797026,140.6092071533203,22.68000030517578,42.68000030517578
661395,21029,Jhoan Duran,1.2420302305133255,68.0,0.0,68.0
669022,22201,MacKenzie Gore,1.238732408396248,138.1605987548828,24.299999237060547,24.299999237060547
425794,2233,Adam Wainwright,1.2344652345553162,154.44070434570312,25.920000076293945,25.920000076293945
666205,20167,Kyle Muller,1.2259505159340665,124.58080291748047,22.68000030517578,22.68000030517578
656557,19879,Tanner Houck,1.2203915356952701,98.77320098876953,9.720000267028809,55.720001220703125
607536,16256,Kyle Freeland,1.199554375517617,178.28250122070312,30.780000686645508,30.780000686645508
607968,12499,Drew Rucinski,1.1850343598730588,136.04200744628906,21.059999465942383,37.060001373291016
682847,27646,Luis Ortiz,1.1839975701972545,88.85269927978516,14.579999923706055,22.579999923706055
641745,15734,Brad Keller,1.1766339073109602,130.4176025390625,19.440000534057617,41.439998626708984
666129,21844,Braxton Garrett,1.176340086923349,113.69280242919922,14.579999923706055,48.58000183105469
676879,23550,Aaron Ashby,1.1751244475295377,75.64070129394531,4.860000133514404,54.86000061035156
425844,1943,Zack Greinke,1.169713416961964,137.96449279785156,24.299999237060547,24.299999237060547
448179,4806,Rich Hill,1.1696363730661459,119.46929931640625,22.68000030517578,22.68000030517578
676664,23429,JP Sears,1.153920867355946,113.15339660644531,16.200000762939453,40.20000076293945
641927,21224,Bailey Ober,1.1415865660607563,124.45149993896484,17.81999969482422,45.81999969482422
660761,19911,José Suarez,1.1413724902322875,140.70050048828125,25.920000076293945,25.920000076293945
605182,12808,Mike Clevinger,1.1341465862815818,150.9364013671875,27.540000915527344,27.540000915527344
489119,8779,Wade Miley,1.1317851170842417,125.12770080566406,22.68000030517578,22.68000030517578
621112,14739,Paul Blackburn,1.1173394003971389,147.8695068359375,25.920000076293945,25.920000076293945
593334,17149,Domingo Germán,1.1147961362555034,141.9022979736328,22.68000030517578,40.68000030517578
661403,21032,Emmanuel Clase,1.1023179014013937,70.0,0.0,70.0
623352,14212,Josh Hader,1.0926927728612705,66.0,0.0,66.0
579328,20633,Yusei Kikuchi,1.068065369789521,130.9176025390625,21.059999465942383,42.060001373291016
663559,20070,Bailey Falter,1.0540888559615396,123.17060089111328,19.440000534057617,37.439998626708984
669373,22267,Tarik Skubal,1.0371206178798822,71.17230224609375,12.960000038146973,12.960000038146973
456501,6893,Johnny Cueto,1.030240212877182,154.29510498046875,25.920000076293945,25.920000076293945
664353,18413,José Urquidy,1.0257860688604843,156.81430053710938,27.540000915527344,27.540000915527344
656629,17282,Michael Kopech,1.0245259515786496,151.0792999267578,25.920000076293945,39.91999816894531
615698,19312,Cal Quantrill,1.018792454733658,171.82859802246094,29.15999984741211,29.15999984741211
500779,11423,Jose Quintana,1.0162002082149886,77.69960021972656,14.579999923706055,14.579999923706055
666159,20369,Matt Manning,1.0093639340133738,136.10870361328125,24.299999237060547,24.299999237060547
680686,24580,Josiah Gray,1.003603826563865,166.73550415039062,29.15999984741211,29.15999984741211
607259,12730,Nick Martinez,0.9843162986362213,121.90959930419922,17.81999969482422,39.81999969482422
543475,7593,Jordan Lyles,0.9691658362806583,169.05810546875,29.15999984741211,29.15999984741211
664854,18138,Ryan Helsley,0.9640339423375393,68.0,0.0,68.0
622608,15488,Antonio Senzatela,0.9616993327263533,144.94740295410156,25.920000076293945,25.920000076293945
686610,27681,Ken Waldichuk,0.9577116620749669,99.48169708251953,14.579999923706055,32.58000183105469
694297,27782,Brandon Pfaadt,0.9105968875827585,92.33999633789062,16.200000762939453,16.200000762939453
547179,14843,Michael Lorenzen,0.9075754909525304,138.1959991455078,22.68000030517578,33.68000030517578
621237,17780,José Alvarado,0.9052753164492896,65.0,0.0,65.0
657376,19899,Clarke Schmidt,0.8955004278953416,106.92649841308594,14.579999923706055,40.58000183105469
664126,17998,Pete Fairbanks,0.8646137704399935,65.0,0.0,65.0
647336,18383,Michael Soroka,0.8616670529131217,106.39920043945312,11.34000015258789,53.34000015258789
669084,22207,DL Hall,0.8516723936045573,72.30729675292969,3.240000009536743,57.2400016784668
669713,27581,Hayden Wesneski,0.831165700112735,120.77529907226562,21.059999465942383,21.059999465942383
642585,20666,Félix Bautista,0.8099815014430729,65.0,0.0,65.0
501985,10021,Mike Minor,0.7927788815021825,104.27639770507812,17.81999969482422,17.81999969482422
660261,31839,Shintaro Fujinami,0.792614851061031,171.29600524902344,25.920000076293945,33.91999816894531
665152,19350,Dean Kremer,0.7878869664273039,143.6029052734375,25.920000076293945,25.920000076293945
519151,7005,Ryan Pressly,0.7618324544319198,62.0,0.0,62.0
621345,18655,A.J. Minter,0.7597608760811221,68.0,0.0,68.0
642207,15816,Devin Williams,0.758323448074414,65.0,0.0,65.0
596133,16918,Luke Weaver,0.744580837525039,89.018798828125,16.200000762939453,16.200000762939453
607625,12447,Seth Lugo,0.7431873235674431,106.81919860839844,12.960000038146973,46.959999084472656
650633,19853,Michael King,0.7422249640148743,67.0,0.0,67.0
663460,21455,Kris Bubic,0.7402819309037831,101.65119934082031,16.200000762939453,32.20000076293945
670912,22487,Johan Oviedo,0.7395774728421359,102.1095962524414,14.579999923706055,38.58000183105469
694363,27472,Jared Shuster,0.7300678300638951,110.80799865722656,19.440000534057617,19.440000534057617
607481,16258,Aaron Bummer,0.7298812057752608,66.0,0.0,66.0
455119,11847,Chris Martin,0.7274026548422897,63.0,0.0,63.0
623465,17734,Evan Phillips,0.7255931520641075,66.0,0.0,66.0
694813,27792,Gavin Stone,0.7098184845913776,56.93600082397461,6.480000019073486,26.479999542236328
608344,19244,Cole Irvin,0.7025810807845955,168.6501007080078,27.540000915527344,31.540000915527344
596295,16561,Austin Gomber,0.6972436268761674,121.518798828125,19.440000534057617,35.439998626708984
592866,16977,Trevor Williams,0.6934637391379628,128.5146942138672,22.68000030517578,30.68000030517578
472610,6984,Luis García,0.6860155035030538,64.0,0.0,64.0
640470,17859,Adbert Alzolay,0.6857328643506966,70.0,0.0,70.0
573124,13449,Taylor Rogers,0.6817464798264263,66.0,0.0,66.0
686753,26260,Drey Jameson,0.6669692008678899,88.4520034790039,8.100000381469727,50.099998474121094
663738,21537,Daniel Lynch IV,0.6534848350096263,68.48259735107422,12.960000038146973,12.960000038146973
573204,10078,Caleb Thielbar,0.6504133155970021,64.0,0.0,64.0
669461,22294,Matthew Liberatore,0.6354836530936209,79.05000305175781,12.960000038146973,20.959999084472656
642232,16502,Ryan Yarbrough,0.6195160397163508,115.68250274658203,17.81999969482422,35.81999969482422
669194,26253,Ryne Nelson,0.6189919121580617,110.08499908447266,17.81999969482422,25.81999969482422
664350,19680,Sixto Sánchez,0.6131531678285114,51.22520065307617,1.6200000047683716,43.619998931884766
605280,13649,Clay Holmes,0.6125715637612661,64.0,0.0,64.0
543101,13050,Anthony DeSclafani,0.6065834316244253,133.6313934326172,19.440000534057617,47.439998626708984
670280,19569,David Bednar,0.5944608702805624,66.0,0.0,66.0
605130,14993,Scott Barlow,0.5877826086681961,72.0,0.0,72.0
650556,16609,Bryan Abreu,0.5861815671031512,64.0,0.0,64.0
521230,3548,Liam Hendriks,0.5848500905093927,32.0,0.0,32.0
660813,20367,Brusdar Graterol,0.5803723053726805,62.0,0.0,62.0
523260,9761,Joe Kelly,0.5729065986342551,63.0,0.0,63.0
622554,19249,Seranthony Domínguez,0.5723934783825633,67.0,0.0,67.0
666808,21992,Camilo Doval,0.5666804444306888,64.0,0.0,64.0
691587,27768,Eury Pérez,0.5621279875881211,64.63800048828125,11.34000015258789,11.34000015258789
456713,1246,Matt Bush,0.5619688770775171,63.0,0.0,63.0
681911,25007,Alex Vesia,0.5577220110264515,63.0,0.0,63.0
664076,17897,Garrett Cleavinger,0.5540027436346862,62.0,0.0,62.0
641540,19409,Dane Dunning,0.5513828697244089,74.80500030517578,6.480000019073486,46.47999954223633
656945,17586,Tanner Scott,0.54647105892332,63.0,0.0,63.0
605447,16122,Jordan Romano,0.5458059439892614,66.0,0.0,66.0
663855,19618,Jordan Hicks,0.5434464417159292,62.0,0.0,62.0
668676,19979,Zach Plesac,0.5431742332423292,137.3896942138672,24.299999237060547,24.299999237060547
547973,10233,Aroldis Chapman,0.5430109488750036,63.0,0.0,63.0
606149,14986,Giovanny Gallegos,0.5406657409597079,66.0,0.0,66.0
656222,17192,Jalen Beeks,0.5398514100723746,63.0,0.0,63.0
656271,17968,Brock Burke,0.5275600653851625,69.0,0.0,69.0
641729,15761,Joe Jiménez,0.5266221861418445,63.0,0.0,63.0
592094,11861,Jason Adam,0.525730507508342,68.0,0.0,68.0
669330,20000,Tyler Wells,0.5200820690616482,98.75579833984375,14.579999923706055,36.58000183105469
453268,7115,Daniel Bard,0.5161511170830144,66.0,0.0,66.0
663752,25388,Cody Morris,0.508532205155014,60.951900482177734,1.6200000047683716,53.619998931884766
543521,7531,Collin McHugh,0.507672230737581,66.0,0.0,66.0
642528,19753,Jonathan Loáisiga,0.49834419590138235,66.0,0.0,66.0
628452,17130,Raisel Iglesias,0.4978985750975268,53.0,0.0,53.0
623149,13892,Paul Sewald,0.49541248351713674,67.0,0.0,67.0
621381,13799,Matt Strahm,0.4920338818748329,80.29329681396484,3.240000009536743,65.23999786376953
640451,15507,Hunter Harvey,0.49062077304458995,62.0,0.0,62.0
605288,12718,Adrian Houser,0.4901339266387359,99.90489959716797,14.579999923706055,36.58000183105469
670167,20020,John Schreiber,0.4865166373523182,68.0,0.0,68.0
501381,5372,Michael Pineda,0.4861957223970944,79.57839965820312,14.579999923706055,14.579999923706055
607644,16269,John Means,0.4805291277301592,44.089900970458984,6.480000019073486,14.479999542236328
675916,20151,James Karinchak,0.4788473386346228,66.0,0.0,66.0
596001,13619,Jakob Junis,0.47698578685032533,73.46440124511719,3.240000009536743,59.2400016784668
676979,27463,Garrett Crochet,0.47378889967135907,48.0,0.0,48.0
666374,25756,Matt Brash,0.4737343177264201,63.0,0.0,63.0
656529,18548,Sam Hentges,0.4718521523695286,57.0,0.0,57.0
625643,16400,Reynaldo López,0.47064434536958305,64.0,0.0,64.0
570666,13345,Luis Cessa,0.46830803561904444,106.12799835205078,16.200000762939453,34.20000076293945
518886,6655,Craig Kimbrel,0.46819227614743963,62.0,0.0,62.0
493603,1247,Adam Ottavino,0.46815239042494794,64.0,0.0,64.0
593423,14309,Frankie Montas,0.46436197692802206,31.152299880981445,4.860000133514404,8.859999656677246
640462,19343,A.J. Puk,0.45968831118038556,62.0,0.0,62.0
592826,11189,Vince Velasquez,0.4496721509976737,122.98040008544922,17.81999969482422,47.81999969482422
640448,15009,Kyle Finnegan,0.4394745770468549,66.0,0.0,66.0
657240,16703,Julian Merryweather,0.4355129827402597,60.0,0.0,60.0
669276,19996,Dylan Lee,0.4284310276523661,58.0,0.0,58.0
543294,12049,Kyle Hendricks,0.4261706295815865,91.40260314941406,16.200000762939453,16.200000762939453
663558,20422,Jovani Morán,0.4219224020178657,56.0,0.0,56.0
659275,17186,Dinelson Lamet,0.4191109701680029,58.0,0.0,58.0
605200,13183,Zach Davies,0.41799331545996204,119.6438980102539,22.68000030517578,22.68000030517578
594835,15467,Marco Gonzales,0.4110521191827504,167.12789916992188,29.15999984741211,29.15999984741211
605347,14527,Jorge López,0.40536805444636137,70.0,0.0,70.0
670970,20039,Adrian Morejon,0.40512813852807866,37.94850158691406,3.240000009536743,23.239999771118164
663372,21446,Ryan Feltner,0.4050483024980558,91.79319763183594,16.200000762939453,20.200000762939453
690986,27758,Kyle Harrison,0.4043108440840388,46.16999816894531,8.100000381469727,8.100000381469727
642397,19677,Gregory Soto,0.40039090802597754,64.0,0.0,64.0
544931,10131,Stephen Strasburg,0.4002287766943126,36.044700622558594,6.480000019073486,6.480000019073486
672851,22925,Joan Adon,0.39528480997635945,70.23079681396484,12.960000038146973,12.960000038146973
606160,12760,Rafael Montero,0.39518681302447317,65.0,0.0,65.0
543606,6397,Jake Odorizzi,0.39296396427597385,59.31639862060547,4.860000133514404,38.86000061035156
656818,18376,Connor Overton,0.3917157643997359,77.57369995117188,8.100000381469727,40.099998474121094
676710,20531,Kutter Crawford,0.39156282297670736,62.87699890136719,4.860000133514404,40.86000061035156
663986,19932,Trevor Stephan,0.39087720982496105,64.0,0.0,64.0
502042,6345,Chris Archer,0.38964278094957727,93.80449676513672,17.81999969482422,17.81999969482422
518516,5524,Madison Bumgarner,0.3876333760508946,145.41610717773438,25.920000076293945,25.920000076293945
657571,19349,Caleb Ferguson,0.3819894645392086,59.0,0.0,59.0
543339,7146,Daniel Hudson,0.3799463860725985,55.0,0.0,55.0
669395,22276,Dylan Coleman,0.3792932006154465,68.0,0.0,68.0
656288,19867,Griffin Canning,0.3789041577101392,67.82119750976562,6.480000019073486,38.47999954223633
686752,26221,Ryan Pepiot,0.37714036362625186,57.63209915161133,9.720000267028809,13.720000267028809
663158,30115,Robert Suarez,0.37573277102080826,54.0,0.0,54.0
664192,19320,Joey Lucchesi,0.3755123280281556,60.75740051269531,4.860000133514404,38.86000061035156
665665,19754,Reiver Sanmartin,0.37357148677278107,62.0,0.0,62.0
502085,8241,David Robertson,0.373464563197194,62.0,0.0,62.0
666142,21846,Cole Ragans,0.3708181296575244,74.58080291748047,4.860000133514404,52.86000061035156
666120,19951,Ian Anderson,0.3688740871528044,51.354698181152344,6.480000019073486,22.479999542236328
571479,10657,Andrew Bellatti,0.367695521423756,61.0,0.0,61.0
663878,20160,Nate Pearson,0.3632500509790081,81.31549835205078,4.860000133514404,58.86000061035156
663436,21448,Davis Martin,0.35686162146494554,67.01850128173828,8.100000381469727,30.100000381469727
691725,30091,Andrew Painter,0.3568139893706029,36.93600082397461,6.480000019073486,6.480000019073486
570632,11589,José Ureña,0.35677072085826994,105.41210174560547,19.440000534057617,19.440000534057617
600917,14524,José Leclerc,0.34924605850721974,67.0,0.0,67.0
657024,16587,Erik Swanson,0.3463415467456326,65.0,0.0,65.0
657508,20206,Mike Baumann,0.34621342899779317,61.0,0.0,61.0
656353,19871,Tucker Davidson,0.3413147343981823,78.52349853515625,9.720000267028809,35.720001220703125
489446,9073,Kirby Yates,0.3379070351526899,56.0,0.0,56.0
593576,11804,Héctor Neris,0.33533725382238677,66.0,0.0,66.0
641401,21205,Connor Brogdon,0.3314382101416002,58.0,0.0,58.0
656638,19883,Alex Lange,0.33103144619626096,65.0,0.0,65.0
605177,12988,Andrew Chafin,0.3310077142682418,63.0,0.0,63.0
641329,19804,Bryan Baker,0.32921834937667904,62.0,0.0,62.0
445276,3096,Kenley Jansen,0.32577604019919476,63.0,0.0,63.0
650671,19200,José Quijada,0.3235044016334606,54.0,0.0,54.0
664747,21132,Alexis Díaz,0.3151141760150266,68.0,0.0,68.0
650895,17496,Diego Castillo,0.3126839340332536,63.0,0.0,63.0
669211,19362,Keegan Akin,0.3116245490217076,68.0,0.0,68.0
608665,15514,Kendall Graveman,0.31015512648791094,68.0,0.0,68.0
518489,5615,Ryan Brasier,0.3090759346867602,62.0,0.0,62.0
592454,11384,Tommy Kahnle,0.3035191989753372,50.0,0.0,50.0
657031,17359,Josh Taylor,0.3028832180513015,44.0,0.0,44.0
676596,20418,Josh Fleming,0.3002709535010233,62.652400970458984,8.100000381469727,26.100000381469727
519141,11426,Drew Pomeranz,0.3002448794483463,48.0,0.0,48.0
641360,18519,Phil Bickford,0.29796406012677534,48.0,0.0,48.0
548384,10061,Brooks Raley,0.296906526142166,62.0,0.0,62.0
571656,14814,Buck Farmer,0.2934634962108889,61.0,0.0,61.0
622694,16933,Elieser Hernández,0.2882378851456524,40.0,0.0,40.0
664776,21620,Jake Cousins,0.2865759783361244,54.0,0.0,54.0
641835,15042,Tim Mayza,0.28116101477977345,57.0,0.0,57.0
623211,6107,Huascar Brazobán,0.2798216022247325,53.0,0.0,53.0
676272,27483,Bobby Miller,0.27766293910143475,26.468000411987305,3.240000009536743,11.239999771118164
543507,6398,Trevor May,0.2766714529802635,62.0,0.0,62.0
622075,15068,Yency Almonte,0.27245987837885943,61.0,0.0,61.0
573009,14857,Joe Mantiply,0.2715088626299434,52.0,0.0,52.0
689266,29928,Dylan Dodd,0.2688384580896546,56.93600082397461,6.480000019073486,26.479999542236328
664139,17871,Ian Gibaut,0.26822700246867837,60.0,0.0,60.0
622772,15690,Jimmy Cordero,0.26395687451399613,56.0,0.0,56.0
542888,12857,Shawn Armstrong,0.2600390113688205,52.0,0.0,52.0
681217,30074,Chase Silseth,0.2594254223798257,33.69350051879883,3.240000009536743,19.239999771118164
663574,19926,Tony Santillan,0.25474580869113983,48.0,0.0,48.0
518617,5003,Jake Diekman,0.2533984376359441,60.0,0.0,60.0
667297,19178,Tommy Nance,0.25313179281191206,45.0,0.0,45.0
622250,18323,Josh Sborz,0.24947154458303988,42.0,0.0,42.0
681869,24977,Shawn Dubin,0.2490240705361088,28.468000411987305,3.240000009536743,13.239999771118164
672335,19614,Cionel Pérez,0.24538115217466483,63.0,0.0,63.0
572971,9434,Dallas Keuchel,0.24453295998915286,51.83829879760742,9.720000267028809,9.720000267028809
666214,19962,Joey Wentz,0.24437902536888234,102.8323974609375,17.81999969482422,21.81999969482422
621368,18325,Taylor Hearn,0.24414177634282547,60.0,0.0,60.0
663623,21504,Jake Irvin,0.24234968494875536,55.40399932861328,9.720000267028809,9.720000267028809
693821,27779,Bryce Elder,0.24219661795558223,35.24620056152344,1.6200000047683716,27.6200008392334
660853,18403,Enyel De Los Santos,0.237543518192264,60.0,0.0,60.0
669952,19225,Mitch White,0.23617804306367546,59.56850051879883,4.860000133514404,38.86000061035156
622098,17755,Drew Smith,0.23577609818316614,59.0,0.0,59.0
641771,14975,Chad Kuhl,0.23447579673198476,102.86409759521484,16.200000762939453,32.20000076293945
622088,16233,Tejay Antone,0.23382839727166307,26.0,0.0,26.0
661309,21023,Adrián Martinez,0.23048710726400448,47.799598693847656,3.240000009536743,33.2400016784668
595345,13580,Steven Okert,0.23030411761129416,58.0,0.0,58.0
669270,19995,Joel Kuhnel,0.22901889856086305,44.0,0.0,44.0
669467,26108,Andre Pallante,0.22871234321478448,70.0,0.0,70.0
656730,17722,Trevor Megill,0.2256129789570745,38.0,0.0,38.0
677053,25942,Andrew Nardi,0.22528478201615668,48.0,0.0,48.0
656464,19876,Kevin Ginkel,0.22394932216735125,62.0,0.0,62.0
621076,18331,James Kaprielian,0.22317588802283417,135.20770263671875,24.299999237060547,24.299999237060547
592773,15947,Ryne Stanek,0.22256599217615536,60.0,0.0,60.0
624522,19795,Keegan Thompson,0.2213777198949681,76.49150085449219,1.6200000047683716,69.62000274658203
630023,16401,Yonny Chirinos,0.21962875738244902,62.44839859008789,6.480000019073486,32.47999954223633
681347,24728,Mike Burrows,0.21797812439547712,54.93600082397461,6.480000019073486,24.479999542236328
593974,14295,Wandy Peralta,0.2176398612871591,64.0,0.0,64.0
572955,13435,Pierce Johnson,0.21667777531405202,62.0,0.0,62.0
671106,27589,Logan Allen,0.21593372425783625,27.70199966430664,4.860000133514404,4.860000133514404
670059,22361,Colin Holderman,0.21544105729526694,58.0,0.0,58.0
665871,21741,Javier Assad,0.21376611708283952,101.72959899902344,6.480000019073486,72.4800033569336
660787,21420,Yerry De los Santos,0.21165903471696917,44.0,0.0,44.0
543859,10315,Michael Tonkin,0.20897941706142115,36.0,0.0,36.0
664199,17611,Taylor Clarke,0.20737992047798193,66.0,0.0,66.0
570257,11487,Joely Rodríguez,0.20516332204964052,50.0,0.0,50.0
596112,13594,Robert Stephenson,0.20228722053636136,56.0,0.0,56.0
681857,24968,Reese Olson,0.20219130020100445,33.46799850463867,3.240000009536743,18.239999771118164
571670,13394,Dylan Floro,0.20200304238864797,64.0,0.0,64.0
640454,19315,Matt Krook,0.19968795563528113,41.23400115966797,1.6200000047683716,33.619998931884766
677161,20349,Zack Kelly,0.1960020178958845,56.0,0.0,56.0
660896,19459,Jorge Alcala,0.19349328804975102,54.0,0.0,54.0
598264,12863,Matt Barnes,0.19072861948528075,61.0,0.0,61.0
476595,8337,Lucas Luetge,0.18765068040708963,52.0,0.0,52.0
686973,27691,Louis Varland,0.1872590208157744,36.28799819946289,3.240000009536743,21.239999771118164
592426,11752,Luke Jackson,0.18640488427842614,40.0,0.0,40.0
621363,19403,Colin Poche,0.18587898519748627,60.0,0.0,60.0
542947,7803,Richard Bleier,0.18115601649656154,60.0,0.0,60.0
621051,20353,Steven Wilson,0.17850949195559349,62.0,0.0,62.0
667356,sa917784,Bryan Mata,0.1780261838743349,31.233999252319336,1.6200000047683716,23.6200008392334
641941,14771,Emilio Pagán,0.17594145673186398,62.0,0.0,62.0
644364,15915,Víctor Arano,0.1756962037479441,50.0,0.0,50.0
571948,13346,Hoby Milner,0.17340002272258354,62.0,0.0,62.0
488984,1157,Tommy Hunter,0.17315069225315913,52.0,0.0,52.0
642701,17878,Dennis Santana,0.17077870483676572,53.0,0.0,53.0
594580,14874,Sam Moll,0.1703472317004624,58.0,0.0,58.0
676760,23488,Ron Marinaccio,0.16940521133080144,62.0,0.0,62.0
445926,5448,Jesse Chavez,0.1691948972587524,48.0,0.0,48.0
676050,23292,Packy Naughton,0.16762015887959097,52.0,0.0,52.0
663765,18674,Jake Woodford,0.1674993461232258,81.21420288085938,8.100000381469727,44.099998474121094
671162,25873,Connor Thomas,0.16705263944501425,31.233999252319336,1.6200000047683716,23.6200008392334
664875,17639,Justin Lawrence,0.1661240368685856,56.0,0.0,56.0
547943,14444,Hyun Jin Ryu,0.1654477806079749,20.947900772094727,1.6200000047683716,13.619999885559082
607237,14375,Amir Garrett,0.16366914967742904,60.0,0.0,60.0
650911,20778,Cristopher Sánchez,0.16296711902333988,30.993799209594727,1.6200000047683716,23.6200008392334
687888,26056,Brandon Walter,0.16247987950773418,12.234000205993652,1.6200000047683716,4.619999885559082
434671,3284,Aníbal Sánchez,0.1617253380949309,70.92659759521484,12.960000038146973,12.960000038146973
552640,12828,Andrew Kittredge,0.16164021792840988,20.0,0.0,20.0
657248,21366,Glenn Otto Jr.,0.15928230094207702,33.372398376464844,3.240000009536743,19.239999771118164
676714,23460,Brandon Hughes,0.15675640626167392,56.0,0.0,56.0
681006,25957,Josh Simpson,0.15614739723647678,38.0,0.0,38.0
642546,17464,Jonathan Hernández,0.15469626112779952,66.0,0.0,66.0
656793,20153,Nick Nelson,0.14974588971275973,44.0,0.0,44.0
542914,7982,Anthony Bass,0.14923636473655955,62.0,0.0,62.0
608638,13767,JT Chargois,0.1472551839265158,56.0,0.0,56.0
668941,19574,JoJo Romero,0.14707367244162176,34.0,0.0,34.0
667427,19493,Zach Jackson,0.14528140481780066,60.0,0.0,60.0
656257,16631,Jeff Brigham,0.14505834998535103,44.0,0.0,44.0
623167,13896,Chris Flexen,0.14486056891148047,99.86430358886719,8.100000381469727,62.099998474121094
666204,21170,Dany Jiménez,0.14460298756652196,63.0,0.0,63.0
543518,12056,Scott McGough,0.14428625001976306,64.0,0.0,64.0
628708,14416,Yunior Marte,0.14423872214274358,50.0,0.0,50.0
670050,22358,Stephen Ridings,0.14395420746224444,16.0,0.0,16.0
666130,sa917925,Jay Groome,0.14319009600626523,64.16999816894531,8.100000381469727,26.100000381469727
657044,16647,Ryan Thompson,0.14112715899999065,59.0,0.0,59.0
694357,sa3018096,Ricky Tiedemann,0.1407905711604826,18.468000411987305,3.240000009536743,3.240000009536743
686972,25665,Cole Waites,0.14063231891024344,48.0,0.0,48.0
663658,21513,Thaddeus Ward,0.1401883180046857,52.0,0.0,52.0
669145,20370,Bruce Zimmermann,0.13983872311584514,44.610198974609375,3.240000009536743,30.239999771118164
683769,25636,Hunter Gaddis,0.13769051736776952,85.54019927978516,11.34000015258789,33.34000015258789
518585,7048,Fernando Cruz,0.13680203683911235,58.0,0.0,58.0
663992,19337,Richard Lovelady,0.13521790463960318,30.0,0.0,30.0
624647,16408,Victor González,0.13446648019601015,28.0,0.0,28.0
518397,10591,Scott Alexander,0.13361880601941273,60.0,0.0,60.0
554340,12095,Yimi García,0.1323998638687851,70.0,0.0,70.0
608371,13470,Lucas Sims,0.13232084987796516,54.0,0.0,54.0
680573,24494,Simeon Woods Richardson,0.13094014208672802,28.412700653076172,3.240000009536743,13.239999771118164
608032,14542,Carlos Estévez,0.12998624960458638,63.0,0.0,63.0
676282,23335,Joey Cantillo,0.12537360654363067,18.468000411987305,3.240000009536743,3.240000009536743
621383,16990,Tanner Banks,0.1251940503258817,36.0,0.0,36.0
672582,22717,Angel Zerpa,0.1244116728701532,19.129199981689453,1.6200000047683716,11.619999885559082
612434,15684,Miguel Castro,0.12370378459199846,65.0,0.0,65.0
518633,3542,Danny Duffy,0.12143238002300663,14.0,0.0,14.0
669212,20203,Eli Morgan,0.11966332271345964,58.0,0.0,58.0
687330,25679,Kevin Kelly,0.11847382548496696,40.0,0.0,40.0
572096,10745,Trevor Rosenthal,0.1177690520502715,42.0,0.0,42.0
606303,14332,Joel Payamps,0.11630795434932326,38.0,0.0,38.0
670036,19330,Matt Festa,0.11565853754467104,55.0,0.0,55.0
668873,26213,Caleb Kilian,0.11425493010155442,31.016799926757812,1.6200000047683716,23.6200008392334
656061,17485,Albert Abreu,0.11392001138943991,60.0,0.0,60.0
643410,15551,Mark Leiter Jr.,0.11367454326880252,18.0,0.0,18.0
663465,18694,Kolby Allard,0.11239600315334303,32.0,0.0,32.0
675627,23221,Michael Grove,0.11192312089448817,60.10940170288086,6.480000019073486,30.479999542236328
605242,13218,Michael Fulmer,0.11137647349819052,62.0,0.0,62.0
676046,sa3017130,Griff McGarry,0.11092730061167086,26.468000411987305,3.240000009536743,11.239999771118164
669093,22210,Jeremiah Estrada,0.10833516726094651,32.0,0.0,32.0
663687,21520,Hogan Harris,0.10735216394951377,43.23400115966797,1.6200000047683716,35.619998931884766
620454,17169,José Castillo,0.10447441200460575,46.0,0.0,46.0
670950,19309,Trevor Richards,0.10348500344831196,46.0,0.0,46.0
605218,13607,Carl Edwards Jr.,0.10277016961007611,64.0,0.0,64.0
666168,21850,Mason Thompson,0.10258790375050178,58.0,0.0,58.0
676684,19769,Will Vest,0.10165252019161983,36.0,0.0,36.0
669169,22224,Jonathan Heasley,0.09996212086508403,47.18170166015625,6.480000019073486,18.479999542236328
671345,19531,Jason Foley,0.09981324728628113,64.0,0.0,64.0
666721,21956,Max Castillo,0.09964708276424128,37.89030075073242,3.240000009536743,23.239999771118164
541640,10314,Erasmo Ramírez,0.09960488843025,60.0,0.0,60.0
595928,16128,John Curtiss,0.09938532557807297,56.0,0.0,56.0
661563,21052,Luis Gil,0.09801272052760707,12.0,0.0,12.0
657265,21367,Peter Strzelecki,0.09640807182483388,63.0,0.0,63.0
657756,19695,Connor Seabold,0.09488801109569397,68.2957992553711,6.480000019073486,39.47999954223633
622251,18335,Josh Staumont,0.0915035429493733,46.0,0.0,46.0
643338,15552,Chad Green,0.09116112610409659,18.0,0.0,18.0
643377,20253,Griffin Jax,0.0895641034652202,70.0,0.0,70.0
680732,29878,Sean Burke,0.08941638672105544,36.46799850463867,3.240000009536743,21.239999771118164
674072,26285,Tommy Henry,0.08806309459305671,47.275299072265625,4.860000133514404,24.860000610351562
661440,20080,Mauricio Llovera,0.08705078733678252,32.0,0.0,32.0
656814,16942,Luis Ortiz,0.08701936036322966,30.0,0.0,30.0
543351,7432,Jay Jackson,0.08597065918538152,24.0,0.0,24.0
502179,8246,Paolo Espino,0.08495437480184634,77.90540313720703,8.100000381469727,44.099998474121094
689225,26079,Beau Brieske,0.08375296697908206,49.362701416015625,4.860000133514404,26.860000610351562
663385,20190,Chad Smith,0.08339872566393663,40.0,0.0,40.0
607755,19482,Andrew Vasquez,0.08321037999395449,35.0,0.0,35.0
641907,19712,Patrick Murphy,0.08206619530887892,16.0,0.0,16.0
622503,17732,Nabil Crismatt,0.08147451975055851,68.0,0.0,68.0
663485,21461,Cole Sands,0.08075152656182528,48.0,0.0,48.0
608723,15047,Austin Voth,0.08061699024369626,57.08720016479492,3.240000009536743,43.2400016784668
682243,29837,Bryce Miller,0.07900242154426365,24.0,0.0,24.0
607179,13190,Jordan Weems,0.07781052850489015,24.0,0.0,24.0
621219,13834,Alec Mills,0.07760992031292928,17.531400680541992,3.240000009536743,3.240000009536743
666720,21955,Yerry Rodríguez,0.07702316453339822,26.0,0.0,26.0
592858,14646,Rowan Wick,0.07582951734487323,30.0,0.0,30.0
622253,17796,Dillon Tate,0.07415613080250219,46.0,0.0,46.0
663947,26231,Tyler Holton,0.07415138880744417,32.0,0.0,32.0
642152,15043,Lou Trivino III,0.07408366530418545,44.0,0.0,44.0
666818,21997,Luis Frías,0.07306973925159257,26.0,0.0,26.0
676206,23324,Freddy Tarnok,0.07182340917958102,38.0,0.0,38.0
519043,1890,Matt Moore,0.07116532188032057,62.0,0.0,62.0
572403,13424,Drew VerHagen,0.07003194142789661,56.0,0.0,56.0
668665,19545,Stephen Nogosek,0.06953639052761798,50.0,0.0,50.0
663378,21065,Thomas Szapucki,0.06895620308741406,10.0,0.0,10.0
605154,12777,John Brebbia,0.06836077611884359,64.0,0.0,64.0
657514,16835,Brennan Bernardino,0.06738855572173252,20.0,0.0,20.0
678692,24094,Ronny Henriquez,0.06497396728985445,20.0,0.0,20.0
656234,21267,Jake Bird,0.06419775617740563,40.0,0.0,40.0
663804,21549,Jackson Kowar,0.06320491829604857,24.0,0.0,24.0
608717,13761,Chris Stratton,0.06266033475943125,60.0,0.0,60.0
669854,19407,Ronel Blanco,0.060582322014134146,70.46800231933594,3.240000009536743,55.2400016784668
621249,14677,Duane Underwood Jr.,0.059963526113547994,63.0,0.0,63.0
680739,24606,Josh Winder,0.05921495778077436,50.92580032348633,1.6200000047683716,43.619998931884766
519076,10547,Jimmy Nelson,0.05862504044011946,42.0,0.0,42.0
672578,22713,Carlos Hernández,0.058430691913144234,58.0,0.0,58.0
675921,23252,Spencer Howard,0.05738254906813761,24.0,0.0,24.0
666745,25386,Jhony Brito,0.052839962823875014,38.46799850463867,3.240000009536743,23.239999771118164
682120,25139,Tim Herrin,0.051690624322376616,48.0,0.0,48.0
656755,21319,Bryce Montes de Oca,0.05107350329436454,12.0,0.0,12.0
690925,27494,Clayton Beeter,0.04979629097710902,8.0,0.0,8.0
430935,4972,Cole Hamels,0.04931919073536615,9.210200309753418,1.6200000047683716,1.6200000047683716
641585,21212,J.P. France,0.04918805514161638,22.0,0.0,22.0
592254,15463,José De León,0.04908738153407131,12.0,0.0,12.0
676130,23313,José Buttó,0.049041401660679516,8.0,0.0,8.0
642048,17888,Tayler Saucedo,0.04894119965802027,22.0,0.0,22.0
669920,19666,Jason Alexander,0.048628059684811806,34.04240036010742,3.240000009536743,19.239999771118164
670174,22387,Josh Winckowski,0.048106688069425606,40.0,0.0,40.0
683175,27649,Connor Phillips,0.04577630529346334,18.468000411987305,3.240000009536743,3.240000009536743
606424,18282,Jarlín García,0.044782282687854474,38.0,0.0,38.0
689017,27487,Landon Knack,0.04361033188079908,14.0,0.0,14.0
656803,16440,James Norwood,0.04353436784593216,14.0,0.0,14.0
663567,17969,Peter Lambert,0.0434044265596629,71.60359954833984,8.100000381469727,34.099998474121094
656186,16507,Dan Altavilla,0.043362386941135186,28.0,0.0,28.0
686651,25650,Levi Stoudt,0.042801462364342166,27.70199966430664,4.860000133514404,4.860000133514404
669020,22200,Ryan Rolison,0.04266224089527176,9.234000205993652,1.6200000047683716,1.6200000047683716
681464,24750,Frank German,0.04240237853349877,42.0,0.0,42.0
667463,22051,John King,0.04200862585291824,28.0,0.0,28.0
641447,19805,Daniel Castano,0.04113831383637111,18.0,0.0,18.0
621052,15015,Alex Reyes,0.040663990875328335,38.0,0.0,38.0
663546,21481,Sean Hjelle,0.03832091219700199,63.23400115966797,1.6200000047683716,55.619998931884766
669674,25379,Sam Long,0.03758887904216453,46.0,0.0,46.0
691172,27765,Yosver Zulueta,0.03674742790484576,9.234000205993652,1.6200000047683716,1.6200000047683716
671737,22543,Taj Bradley,0.036077001294263424,9.234000205993652,1.6200000047683716,1.6200000047683716
664208,18064,Phil Maton,0.0349756166967671,58.0,0.0,58.0
622259,17793,Trey Wingenter,0.034911419570510416,60.0,0.0,60.0
669735,22310,Chris Rodriguez,0.03474413085335433,18.0,0.0,18.0
656354,17117,Austin Davis,0.03459871870458696,18.0,0.0,18.0
647315,20185,Zach Pop,0.03456499728451935,44.0,0.0,44.0
668868,25918,Zack Thompson,0.03349961597287089,58.0,0.0,58.0
605164,12917,Dylan Bundy,0.03348647242704402,8.518500328063965,1.6200000047683716,1.6200000047683716
502154,3240,Zack Britton,0.03258018574570658,40.0,0.0,40.0
595897,16074,Nick Burdi,0.0325585414528811,4.0,0.0,4.0
608349,15010,Corey Knebel,0.030906743169545475,34.0,0.0,34.0
664294,21101,Dauri Moreta,0.03012430152578905,52.0,0.0,52.0
641394,17783,Jake Brentz,0.030000080560889306,4.0,0.0,4.0
571704,12910,Ken Giles,0.029904440585727707,32.0,0.0,32.0
686831,sa3011200,Colby White,0.029534595619355668,14.0,0.0,14.0
670241,25928,Darius Vines,0.029176290710748093,12.0,0.0,12.0
596057,13475,Daniel Norris,0.028945433361504347,36.0,0.0,36.0
665621,20430,Rony García,0.02861212309222124,16.0,0.0,16.0
650960,17480,Daniel Duarte,0.02800629914017399,22.0,0.0,22.0
656986,21345,Bennett Sousa,0.027956950854626197,36.0,0.0,36.0
686839,26024,Brendan White,0.027884265146162657,20.0,0.0,20.0
668338,19976,Tyson Miller,0.026362880377134183,14.0,0.0,14.0
622065,18333,Alex Young,0.02630262839106308,52.0,0.0,52.0
621366,16350,Ryan Borucki,0.025458809902291366,44.0,0.0,44.0
693440,sa3014982,Taylor Dollard,0.025326972209881282,9.234000205993652,1.6200000047683716,1.6200000047683716
642121,15256,Cole Sulser,0.023683916990237718,62.0,0.0,62.0
611093,15051,Silvino Bracho,0.023652849200303395,12.0,0.0,12.0
621074,19454,Michael Rucker,0.02286588392797207,55.0,0.0,55.0
687396,27702,Brent Headrick,0.02275731941268215,14.0,0.0,14.0
681806,24933,Andrew Wantz,0.02255360674504825,48.0,0.0,48.0
642100,17170,Gabe Speier,0.022507545684627192,36.0,0.0,36.0
686796,26270,Blake Walston,0.022428871920076483,9.234000205993652,1.6200000047683716,1.6200000047683716
663462,25551,Isaiah Campbell,0.022069929272336763,34.0,0.0,34.0
621242,14710,Edwin Díaz,0.02152795535557456,1.0,0.0,1.0
594987,11209,Casey Sadler,0.02135386644541675,42.0,0.0,42.0
675989,23265,Cody Bolton,0.021152694850266093,19.233999252319336,1.6200000047683716,11.619999885559082
641627,15046,Trevor Gott,0.020655296556001047,58.0,0.0,58.0
571901,10343,Aaron Loup,0.020323929870104743,60.0,0.0,60.0
661527,21045,Seth Martinez,0.020256230498507062,56.0,0.0,56.0
677944,27500,Slade Cecconi,0.019666142357676285,9.234000205993652,1.6200000047683716,1.6200000047683716
664054,18088,Cody Stashak,0.01965991209217225,12.0,0.0,12.0
681871,20408,Eli Villalobos,0.019606255351164427,20.0,0.0,20.0
592346,14663,Chi Chi González,0.019315944557728698,8.676899909973145,1.6200000047683716,1.6200000047683716
663629,26364,Ethan Small,0.01921717231274874,42.0,0.0,42.0
656685,17369,Brett Martin,0.018684895854738853,8.0,0.0,8.0
663455,21453,Konnor Pilkington,0.018654473067722516,20.862199783325195,1.6200000047683716,13.619999885559082
594311,14665,Jandel Gustave,0.018282926261103772,10.0,0.0,10.0
605452,12972,Joe Ross,0.017062011739371653,4.0,0.0,4.0
656322,17264,Sam Coonrod,0.01682395348017074,32.0,0.0,32.0
678061,23809,Ray Kerr,0.01676113948238649,10.0,0.0,10.0
658648,18864,Pedro Avila,0.016647356690071592,8.0,0.0,8.0
682171,25174,Penn Murfee,0.016485915736210763,62.0,0.0,62.0
676194,20565,Jackson Tetreault,0.015921096108640873,13.167699813842773,1.6200000047683716,5.619999885559082
669358,22264,Shane Baz,0.015688307449305522,1.0,0.1754000037908554,0.1754000037908554
553878,12076,Felipe Vázquez,0.015053386278748186,1.0,0.0,1.0
623451,14420,Jackson Stephens,0.015051773205703962,10.0,0.0,10.0
665625,21652,Elvis Peguero,0.014890159793380698,10.0,0.0,10.0
680767,24614,Victor Vodnik,0.014854363453935007,14.0,0.0,14.0
545333,12703,Trevor Bauer,0.014713428393266179,1.0,0.1754000037908554,0.1754000037908554
676974,27474,Max Meyer,0.014446725214729613,1.0,0.1754000037908554,0.1754000037908554
621111,19374,Walker Buehler,0.014377478383750265,1.0,0.1754000037908554,0.1754000037908554
608678,13763,Dominic Leone,0.014226114176239937,18.0,0.0,18.0
608335,19456,Kyle Funkhouser,0.013783150835471679,12.0,0.0,12.0
458677,4301,Justin Wilson,0.013598286210242175,12.0,0.0,12.0
663671,25553,Nic Enright,0.0125197697379128,6.0,0.0,6.0
676570,sa3006966,Brooks Wilson,0.01201691338519598,6.0,0.0,6.0
670955,20539,Edwin Uceta,0.011811502657607272,10.0,0.0,10.0
663978,20099,Chris Paddack,0.011096958625828062,1.0,0.1754000037908554,0.1754000037908554
676680,23443,Tom Cosgrove,0.010971208218376294,6.0,0.0,6.0
594577,15451,Mike Mayers,0.010877253848098654,6.0,0.0,6.0
571882,13133,Derek Law,0.01075490506447313,38.0,0.0,38.0
660623,20468,Huascar Ynoa,0.010739970299183249,1.0,0.1754000037908554,0.1754000037908554
671096,29911,Andrew Abbott,0.010706855331197784,1.0,0.1737000048160553,0.18369999527931213
658551,18496,Junior Fernández,0.010496164048222855,10.0,0.0,10.0
676428,30133,Brant Hurter,0.01045845210141235,1.0,0.1615999937057495,0.24060000479221344
543238,5097,Anthony Gose,0.010112823850546527,1.0,0.0,1.0
671109,27590,Jake Eder,0.010057435594115106,1.0,0.1754000037908554,0.1754000037908554
519293,8048,Will Smith,0.009634387883077203,62.0,0.0,62.0
600355,sa829625,Tyler Herb,0.009603246713837764,1.0,0.16369999945163727,0.23070000112056732
695865,sa3015223,Wilmer Flores,0.009573823256288807,1.0,0.17419999837875366,0.18119999766349792
682982,25625,Daniel Espino,0.009500738036619218,1.0,0.1754000037908554,0.1754000037908554
669622,19742,Anthony Bender,0.009347237064503902,1.0,0.0,1.0
658791,17508,Wei-Chieh Huang,0.009088598370250106,12.0,0.0,12.0
672391,20061,Kaleb Ort,0.009049217167099513,42.0,0.0,42.0
547888,15764,Masahiro Tanaka,0.008961445144700538,1.0,0.1453000009059906,0.3172999918460846
666215,19586,Forrest Whitley,0.008681543664077512,47.70199966430664,4.860000133514404,24.860000610351562
686830,sa3010256,Avery Weems,0.008575469885058572,1.0,0.15860000252723694,0.25459998846054077
669391,22273,Owen White,0.008545171146232152,1.0,0.1728000044822693,0.18780000507831573
674674,sa3011191,T.J. Sikkema,0.008331515444528382,1.0,0.17389999330043793,0.18289999663829803
682254,29770,Mason Montgomery,0.008292607720024327,1.0,0.1754000037908554,0.1754000037908554
493159,13046,Tsuyoshi Wada,0.008292467775705992,1.0,0.16509999334812164,0.2240999937057495
656794,16943,Sean Newcomb,0.008064910696419389,18.0,0.0,18.0
669912,19179,Kirby Snead,0.007985729951842133,20.0,0.0,20.0
676962,23590,Ben Brown,0.007938760694328195,1.0,0.17389999330043793,0.18289999663829803
690978,27757,Dax Fulton,0.007881501942065248,1.0,0.1737000048160553,0.18369999527931213
676083,23301,Janson Junk,0.007678262814237405,26.0,0.0,26.0
682052,25098,Jacob Lopez,0.007673332436608778,1.0,0.16349999606609344,0.23149999976158142
547942,27458,Kwang Hyun Kim,0.0076475992229893906,1.0,0.15889999270439148,0.25290000438690186
663554,20492,Casey Mize,0.007644156645544789,1.0,0.1754000037908554,0.1754000037908554
669372,27889,J.T. Ginn,0.007555767352575433,1.0,0.1754000037908554,0.1754000037908554
676917,27473,Cade Cavalli,0.007466889216714584,1.0,0.1754000037908554,0.1754000037908554
680397,sa3017639,Sam Benschoter,0.007352187775016589,1.0,0.164000004529953,0.2290000021457672
694738,30076,Landen Roupp,0.007322560666314583,1.0,0.13179999589920044,0.3808000087738037
693308,sa3014492,Nick Frasso,0.007320843028098412,1.0,0.1754000037908554,0.1754000037908554
282332,404,CC Sabathia,0.007302741291845008,1.0,0.1720999926328659,0.19110000133514404
628345,21197,Darien Núñez,0.0073008362624795735,1.0,0.04580000042915344,0.7847999930381775
669247,sa3011411,Chris Clarke,0.007110415975296744,1.0,0.16769999265670776,0.21170000731945038
642770,17292,Javy Guerra,0.007091431443378451,60.0,0.0,60.0
608650,13932,Dietrich Enns,0.007082278368066269,1.0,0.0,1.0
669371,27570,Cole Henry,0.007032288158350164,1.0,0.1754000037908554,0.1754000037908554
656713,20186,Brendan McKay,0.0069583530282924366,1.0,0.16249999403953552,0.23649999499320984
680723,24602,Drew Rom,0.006955475436078649,1.0,0.17399999499320984,0.18199999630451202
696136,30094,Jordan Wicks,0.006844078426678708,1.0,0.1754000037908554,0.1754000037908554
694372,sa3015010,Adam Seminaris,0.0068277699177677524,1.0,0.1695999950170517,0.20260000228881836
676610,sa3004347,Denny Brady,0.006713696853225324,1.0,0.1754000037908554,0.1754000037908554
476594,6576,Robert Stock,0.006579810642951205,4.0,0.0,4.0
683764,sa3011530,Matt Canterino,0.006530978466082157,1.0,0.17229999601840973,0.19030000269412994
676440,30134,Tanner Bibee,0.006481195085905301,1.0,0.1754000037908554,0.1754000037908554
474463,8223,Brett Anderson,0.006447731698143896,1.0,0.1754000037908554,0.1754000037908554
681867,24975,Cooper Criswell,0.006447588615080593,1.0,0.1754000037908554,0.1754000037908554
686218,29839,Emmet Sheehan,0.006447380523787862,1.0,0.16050000488758087,0.24549999833106995
446185,3677,Logan Ondrusek,0.006350732231917816,1.0,0.1712000072002411,0.19519999623298645
640464,15502,Kohl Stewart,0.006338081430155725,1.0,0.16259999573230743,0.23559999465942383
431148,4897,Scott Kazmir,0.006236071391312537,1.0,0.1599999964237213,0.24799999594688416
663432,17610,Tanner Rainey,0.00610222578578971,1.0,0.0,1.0
663876,sa3007838,Nick Bush,0.006041679267493092,1.0,0.1754000037908554,0.1754000037908554
664948,18152,Anthony Misiewicz,0.0060367975131806265,5.0,0.0,5.0
607608,sa599473,David Kubiak,0.005987985592345867,1.0,0.1687999963760376,0.20679999887943268
642216,21238,Allan Winans,0.005942278091679127,1.0,0.17069999873638153,0.19769999384880066
682990,25977,Quinn Priester,0.005933057270080016,1.0,0.1754000037908554,0.1754000037908554
682044,sa3007618,Sean Boyle,0.005916923872268092,1.0,0.17399999499320984,0.18199999630451202
700669,29519,Gordon Graceffo,0.005889519871796516,1.0,0.1754000037908554,0.1754000037908554
642558,17030,Ariel Jurado,0.0057845032690306275,1.0,0.1754000037908554,0.1754000037908554
688107,29812,Robert Gasser,0.005654848630331399,1.0,0.1754000037908554,0.1754000037908554
687847,26353,Marc Church,0.005646127945432402,4.0,0.0,4.0
680897,29833,Nick Nastrini,0.005585432114869443,1.0,0.1754000037908554,0.1754000037908554
687849,25703,Zak Kent,0.005522662559377705,1.0,0.1754000037908554,0.1754000037908554
453385,3551,Clayton Richard,0.005491823858214743,1.0,0.1754000037908554,0.1754000037908554
679525,27451,Alec Marsh,0.005476815953438025,1.0,0.1754000037908554,0.1754000037908554
595014,12572,Blake Treinen,0.005419984029064237,1.0,0.0,1.0
676775,23499,Keaton Winn,0.005405441523899312,1.0,0.17319999635219574,0.18619999289512634
676766,23493,Nick Snyder,0.005391668214323029,1.0,0.0,1.0
701542,30182,Will Warren,0.005386420514534825,1.0,0.1754000037908554,0.1754000037908554
687830,26048,Sawyer Gipson-Long,0.005342018716217526,1.0,0.17389999330043793,0.18289999663829803
681066,29823,Ky Bush,0.00533750291164766,1.0,0.1754000037908554,0.1754000037908554
700249,30055,Cade Povich,0.005319591112117304,1.0,0.17399999499320984,0.18199999630451202
663941,21584,Tristan Beck,0.005246587324126426,1.0,0.17389999330043793,0.18289999663829803
681190,24719,Randy Vásquez,0.005212534147575284,1.0,0.1754000037908554,0.1754000037908554
669465,sa3017913,Landon Marceaux,0.005118833436517778,1.0,0.1754000037908554,0.1754000037908554
668909,30122,Gavin Williams,0.005100990669300474,1.0,0.1754000037908554,0.1754000037908554
694885,sa3014871,Ryan Murphy,0.005038027773379177,1.0,0.16210000216960907,0.23810000717639923
456701,8362,Homer Bailey,0.005015851885705327,1.0,0.1754000037908554,0.1754000037908554
527055,5498,Arodys Vizcaíno,0.005000065251237563,1.0,0.0,1.0
641949,sa3003988,John Parke,0.004969411138601606,1.0,0.17139999568462372,0.19439999759197235
669947,19205,Jesse Scholtens,0.004965275701096391,4.0,0.0,4.0
656412,19874,Alex Faedo,0.004959301209870339,13.0,0.0,13.0
687898,sa3010380,Ethan Elliott,0.004855459234031825,1.0,0.1754000037908554,0.1754000037908554
700241,29869,Michael McGreevy,0.00484984220683284,1.0,0.1754000037908554,0.1754000037908554
680742,24607,Jonathan Bowlan,0.004729238658750401,1.0,0.1754000037908554,0.1754000037908554
681815,sa3008630,Tim Brennan,0.004651295723743401,1.0,0.16050000488758087,0.24549999833106995
673904,20227,Jake Walsh,0.004628502386882893,12.0,0.0,12.0
502190,10130,Mike Leake,0.004613011390715452,1.0,0.1754000037908554,0.1754000037908554
643361,15369,Kevin Herget,0.004591158559748515,1.0,0.0,1.0
641538,sa738963,Frank Duncan,0.004579908866154372,1.0,0.1754000037908554,0.1754000037908554
687003,27695,Brian Van Belle,0.004571079117706103,1.0,0.16930000483989716,0.20430000126361847
660593,20526,Denyi Reyes,0.0045418502399335635,1.0,0.08389999717473984,0.60589998960495
622780,17759,Angel Perdomo,0.004536546816174658,1.0,0.0,1.0
607751,sa598974,Matt Tomshaw,0.004498301469810911,1.0,0.15109999477863312,0.29010000824928284
693855,27932,Ian Seymour,0.00449393963741276,1.0,0.1754000037908554,0.1754000037908554
656210,sa829237,Brandon Barker,0.004488710735707508,1.0,0.1754000037908554,0.1754000037908554
679928,sa3010787,Evan McKendry,0.004438269751521705,1.0,0.1647000014781952,0.2257000058889389
656416,sa3007455,Brady Feigl,0.004420143365730331,1.0,0.1754000037908554,0.1754000037908554
684296,sa3017462,Matt Osterberg,0.0044055804235986745,1.0,0.1476999968290329,0.30570000410079956
656887,17034,Sean Reid-Foley,0.004386686340044992,1.0,0.0,1.0
519144,2717,Rick Porcello,0.0043716348263497995,1.0,0.1754000037908554,0.1754000037908554
602929,sa599472,Markus Solbach,0.004345328465000145,1.0,0.1754000037908554,0.1754000037908554
641726,19345,Daulton Jefferies,0.004327901071818852,1.0,0.1754000037908554,0.1754000037908554
674003,27597,Cody Bradford,0.004310866732335952,1.0,0.1754000037908554,0.1754000037908554
694195,sa3017468,Norge Vera,0.004306487009216084,1.0,0.1754000037908554,0.1754000037908554
607200,17425,Erick Fedde,0.0042452612713832555,1.0,0.1754000037908554,0.1754000037908554
663929,sa876287,Riley Thompson,0.004150808986736567,1.0,0.1754000037908554,0.1754000037908554
491624,9013,César Valdez,0.004133929587392152,1.0,0.0,1.0
646241,18554,Enmanuel De Jesus,0.004118227284666266,1.0,0.1501999944448471,0.29420000314712524
571736,sa501327,Brooks Hall,0.004112667871862835,1.0,0.16459999978542328,0.22660000622272491
663704,21527,James McArthur,0.00399759689778247,1.0,0.1754000037908554,0.1754000037908554
687287,29564,Patrick Monteverde,0.003990658107122587,1.0,0.1754000037908554,0.1754000037908554
643615,19269,T.J. Zeuch,0.003942315305845121,1.0,0.1754000037908554,0.1754000037908554
621153,sa658530,Kevin McCanna,0.0039262447061761884,1.0,0.15950000286102295,0.25049999356269836
687765,27707,Mitch Spence,0.003925342351746946,1.0,0.17260000109672546,0.18860000371932983
457918,7410,J.A. Happ,0.003916273690890725,1.0,0.1754000037908554,0.1754000037908554
668831,27485,Garrett Stallings,0.0038934982856322926,1.0,0.16930000483989716,0.20430000126361847
676103,23310,Damon Jones,0.0038728151864778192,10.0,0.0,10.0
661332,sa869541,Luke Westphal,0.0038380735219946177,1.0,0.1446000039577484,0.3206000030040741
657612,16814,Tim Hill,0.0037646800868032203,61.0,0.0,61.0
593372,11682,Carlos Martinez,0.0037431508351816137,1.0,0.1754000037908554,0.1754000037908554
680543,sa3006766,Jake Lee,0.0037326846359120513,1.0,0.16040000319480896,0.24639999866485596
501789,3192,Will Harris,0.003723246601972376,1.0,0.0,1.0
676804,sa3004475,Jake Dahlberg,0.003702964992463799,1.0,0.1737000048160553,0.18369999527931213
667339,sa916727,Johan Dominguez,0.0036917183106402133,1.0,0.1754000037908554,0.1754000037908554
592455,sa709032,Jake Kalish,0.0036650503974834207,1.0,0.14399999380111694,0.3230000138282776
656458,21290,Lucas Gilbreath,0.0036516564955559926,1.0,0.0,1.0
676511,sa915740,Shane McCarthy,0.003647097878811928,1.0,0.1754000037908554,0.1754000037908554
664123,18384,Scott Effross,0.003613558593736978,1.0,0.004000000189989805,0.9810000061988831
673257,sa3003083,Victor Santos,0.003586575034628415,1.0,0.17110000550746918,0.19609999656677246
670329,20023,Rico Garcia,0.003515783183076042,10.0,0.0,10.0
548337,12905,Logan Verrett,0.003495670155776182,1.0,0.1704999953508377,0.19850000739097595
683231,sa3008654,Shumpei Yoshikawa,0.0034943716801449534,1.0,0.15109999477863312,0.29010000824928284
493117,14443,Kyuji Fujikawa,0.003466656269595553,1.0,0.000699999975040555,0.9966999888420105
685503,27505,Kohei Arihara,0.0034614102836366123,1.0,0.15790000557899475,0.2578999996185303
656641,21306,Jacob Latz,0.0034497439026012072,1.0,0.1754000037908554,0.1754000037908554
695445,29574,Chase Lee,0.003440713242713684,1.0,0.0,1.0
686459,sa3010660,Jaime Melendez,0.003433215373179924,1.0,0.16140000522136688,0.24140000343322754
679358,27626,Eric Orze,0.00342877608843976,1.0,0.0,1.0
547001,18769,Cody Poteet,0.003417303829952402,1.0,0.04809999838471413,0.7741000056266785
693313,30084,Carson Seymour,0.0033791678067648825,1.0,0.16599999368190765,0.2199999988079071
672860,22932,Prelander Berroa,0.0033753230999127794,1.0,0.1754000037908554,0.1754000037908554
518774,11713,Matt Harvey,0.0033569767587010193,1.0,0.1754000037908554,0.1754000037908554
687822,sa3015005,Brandon Knarr,0.0033473708800061024,1.0,0.1754000037908554,0.1754000037908554
533167,4776,Matt Shoemaker,0.0033273097254703323,1.0,0.14740000665187836,0.3073999881744385
595191,12664,Jerad Eickhoff,0.0033075775489967213,1.0,0.1754000037908554,0.1754000037908554
694646,29866,Chayce McDermott,0.0033008582346095946,1.0,0.156700000166893,0.263700008392334
672712,sa3003021,Luis Palacios,0.003270075658893841,1.0,0.17190000414848328,0.19189999997615814
656913,21333,Seth Romero,0.003267469714558501,1.0,0.0,1.0
666364,21866,Jordan Balazovic,0.003260143376357654,1.0,0.16740000247955322,0.2134000062942505
669724,22304,Brenan Hanifee,0.0032535685311999418,1.0,0.1754000037908554,0.1754000037908554
674042,sa3008025,Paul Richan,0.003245593734483357,1.0,0.1754000037908554,0.1754000037908554
475115,7872,Tyson Ross,0.003175790716531731,1.0,0.1754000037908554,0.1754000037908554
543594,11341,Sean Nolin,0.0031670070865726166,1.0,0.11630000174045563,0.45329999923706055
680451,sa3017685,Mason Erla,0.0031559372658211448,1.0,0.1754000037908554,0.1754000037908554
702070,30184,Noah Cameron,0.003149449237331437,1.0,0.1754000037908554,0.1754000037908554
456034,3184,David Price,0.0031423594416258934,1.0,0.0,1.0
682610,25311,Roddery Muñoz,0.0031326463329359915,1.0,0.1754000037908554,0.1754000037908554
668711,sa3011410,Nick Bennett,0.003110027316480246,1.0,0.17139999568462372,0.19439999759197235
592288,15849,Kent Emanuel,0.0030859334644411304,1.0,0.0,1.0
680744,30140,Ty Madden,0.0030386944157887157,1.0,0.1754000037908554,0.1754000037908554
684946,sa3010250,Nick Fraze,0.003028713337825304,1.0,0.16930000483989716,0.20430000126361847
663969,20629,Tyler Phillips,0.003022842457307537,1.0,0.17299999296665192,0.18700000643730164
649963,sa830370,Bo Takahashi,0.003012269489200027,1.0,0.17329999804496765,0.18529999256134033
681293,29921,Spencer Arrighetti,0.002986415187866938,1.0,0.15629999339580536,0.2653000056743622
433587,4772,Félix Hernández,0.0029465051200335776,1.0,0.1754000037908554,0.1754000037908554
453562,4153,Jake Arrieta,0.0029403347513438124,1.0,0.1754000037908554,0.1754000037908554
694851,29633,Andrew Hoffmann,0.0029218839875610344,1.0,0.1754000037908554,0.1754000037908554
678470,sa3015131,Kevin McGovern,0.0029055665793462668,1.0,0.17299999296665192,0.18700000643730164
686599,sa3014923,Kyle Brnovich,0.002892334815777445,1.0,0.1754000037908554,0.1754000037908554
694382,sa3014491,Trent Palmer,0.0028875549054911175,1.0,0.1754000037908554,0.1754000037908554
671212,29608,Joe Boyle,0.0028579248913770438,1.0,0.17350000143051147,0.18449999392032623
458924,7175,Jonny Venters,0.0028473790422632074,1.0,0.0,1.0
682724,sa3019110,Jorge Mercedes,0.0028132066637700836,1.0,0.09929999709129333,0.53329998254776
594772,10962,Jake Buchanan,0.0027794408482664447,1.0,0.1339000016450882,0.3709000051021576
689441,27926,Coleman Crow,0.002776802623793956,1.0,0.17389999330043793,0.18289999663829803
663393,sa875616,Justin Donatella,0.0027583572528811847,1.0,0.16699999570846558,0.2150000035762787
685126,27668,Brandon Eisert,0.002738440160045776,1.0,0.06750000268220901,0.6825000047683716
675960,sa915638,Alex Troop,0.0027227375431953986,1.0,0.15440000593662262,0.274399995803833
685112,27666,Zach McCambley,0.0027081384492683128,1.0,0.1754000037908554,0.1754000037908554
491703,18,Neftalí Feliz,0.002699090544864538,1.0,0.0,1.0
502239,6249,Trevor Cahill,0.0026945939293060374,1.0,0.16910000145435333,0.20509999990463257
663489,sa875247,Will Stewart,0.002684934151911744,1.0,0.1298000067472458,0.3898000121116638
554241,sa506550,Andy Otero,0.00265398692500774,1.0,0.08720000088214874,0.5902000069618225
595893,sa597825,Bryan Brickhouse,0.002652869194183068,1.0,0.1665000021457672,0.2175000011920929
682051,25097,Garrett Hill,0.0026378417694817666,48.0,0.0,48.0
646242,20298,Jhonathan Díaz,0.0026316358274863566,1.0,0.12960000336170197,0.3905999958515167
702065,sa3015224,Aaron Rozek,0.0026307333108856992,1.0,0.1687999963760376,0.20679999887943268
689690,29628,Alek Jacob,0.0025967609864307514,1.0,0.019099999219179153,0.910099983215332
657424,17381,Matt Gage,0.002577802518398698,38.0,0.0,38.0
695038,sa3017316,Sean Hunley,0.0025677524412739405,1.0,0.12860000133514404,0.39559999108314514
676568,23391,Ricky Vanasco,0.0025481103926078335,1.0,0.1754000037908554,0.1754000037908554
622703,15688,Ronald Herrera,0.002544445606024109,1.0,0.17159999907016754,0.19359999895095825
686754,sa3011496,Ryan Jensen,0.00251661645114974,1.0,0.1754000037908554,0.1754000037908554
656647,sa3007834,Taylor Lehman,0.0025065937678070576,1.0,0.10320000350475311,0.5152000188827515
685299,27669,Tanner Gordon,0.0025013460486770452,1.0,0.1754000037908554,0.1754000037908554
656804,sa3006796,Andrés Núñez,0.0024947853660664703,1.0,0.0,1.0
682023,sa3007485,Josh Dye,0.0024771260400641587,1.0,0.07320000231266022,0.6561999917030334
681151,26482,Jayden Murray,0.0024468304668578086,1.0,0.17389999330043793,0.18289999663829803
544365,5365,Manny Banuelos,0.0024332466139890137,1.0,0.0,1.0
676344,sa3005016,Marcel Rentería,0.0024216102681504106,1.0,0.1754000037908554,0.1754000037908554
670119,sa918420,Connor Grey,0.0024166699659934126,1.0,0.17260000109672546,0.18860000371932983
572070,9784,Garrett Richards,0.0023706808312208127,1.0,0.012299999594688416,0.942300021648407
489334,7274,Craig Stammen,0.0023553528522765473,1.0,0.013000000268220901,0.9390000104904175
675650,23223,Michael Mercado,0.0023434077626481777,9.234000205993652,1.6200000047683716,1.6200000047683716
621129,19686,Kyle Cody,0.00234323169868432,1.0,0.0,1.0
669387,27572,Carmen Mlodzinski,0.002317829993091098,1.0,0.1678999960422516,0.21089999377727509
670159,sa918324,Carson LaRue,0.0022853278239581237,1.0,0.09749999642372131,0.5414999723434448
676084,sa915571,Noah Bremer,0.0022601800169965405,1.0,0.12280000001192093,0.4228000044822693
660604,19524,Alan Rangel,0.002236158450220244,4.0,0.0,4.0
659418,sa3014845,Noah Skirrow,0.002229235220345039,1.0,0.1754000037908554,0.1754000037908554
678752,sa3005839,Luis De Avila,0.0022256279071250695,1.0,0.1754000037908554,0.1754000037908554
673862,sa3008037,Ethan Evanko,0.0022239809662726487,1.0,0.13490000367164612,0.3659000098705292
528748,21183,Humberto Castellanos,0.002204327855132782,1.0,0.16349999606609344,0.23149999976158142
669165,27514,Kyle Hurt,0.002203491912905409,1.0,0.16439999639987946,0.227400004863739
669915,sa3011592,Zach King,0.0021902696040915983,1.0,0.1754000037908554,0.1754000037908554
701643,29946,Grant Hartwig,0.0021670798764873433,1.0,0.0,1.0
677020,23617,Josh Walker,0.002163217100376347,1.0,0.03999999910593033,0.8119999766349792
691441,27974,Cristian Mena,0.002115495514529554,1.0,0.1754000037908554,0.1754000037908554
656970,19487,Devin Smeltzer,0.002113215278255809,16.0,0.0,16.0
614179,14552,José Ruiz,0.0020828028867699855,56.0,0.0,56.0
657228,16958,Jake Jewell,0.0020522646004435693,1.0,0.0,1.0
674220,sa974592,Adrian Alcantara,0.0020505011756132485,1.0,0.164000004529953,0.2290000021457672
669163,sa3014850,Antonio Velez,0.002046192941872966,1.0,0.16599999368190765,0.2199999988079071
663684,sa3007587,Adam Wolf,0.0020405572878514633,1.0,0.12210000306367874,0.4260999858379364
660587,sa872530,Leo Crawford,0.002038507963457663,1.0,0.12950000166893005,0.39149999618530273
685493,27460,Shun Yamaguchi,0.002038145060599943,1.0,0.0,1.0
676191,sa3004944,John Swanda,0.0020280314885704506,1.0,0.1340000033378601,0.3700000047683716
681799,24930,Ethan Roberts,0.0020112509828136473,1.0,0.0,1.0
678906,24282,Kai-Wei Teng,0.0019864221637646315,1.0,0.1754000037908554,0.1754000037908554
670437,sa918634,Lucas Jacobsen,0.001979700547479771,1.0,0.026100000366568565,0.8770999908447266
670436,sa918550,Mike Ellenbest,0.001963055566463905,1.0,0.07649999856948853,0.640500009059906
674086,sa3011189,Connor Lunn,0.001951229335709841,1.0,0.16750000417232513,0.21250000596046448
452027,7853,Andrew Albers,0.001950006184482051,1.0,0.11389999836683273,0.4648999869823456
673820,23091,Robinson Piña,0.0019437751219128188,1.0,0.16259999573230743,0.23559999465942383
622864,15885,Fernando Romero,0.0019238311072049315,1.0,0.0,1.0
802363,sa3019958,Jordan Geber,0.0019233829606720956,1.0,0.14740000665187836,0.3073999881744385
663959,20237,Tyler Ivey,0.0019228888551194668,1.0,0.1754000037908554,0.1754000037908554
687064,27819,Brandon Young,0.0019079901789838321,1.0,0.1754000037908554,0.1754000037908554
657649,27517,Jared Koenig,0.0018493065544769038,1.0,0.11299999803304672,0.4690000116825104
543022,4338,Tyler Chatwood,0.0018379541813386938,1.0,0.0,1.0
695049,29826,Brett Kerry,0.0018222665335239888,1.0,0.16699999570846558,0.2150000035762787
689520,26429,Cody Laweryson,0.0017999223861192262,1.0,0.11249999701976776,0.4715000092983246
534947,10968,Tim Adleman,0.0017941329961956311,1.0,0.14890000224113464,0.29989999532699585
675914,sa3004657,Tony Dibrell,0.001779283698465192,1.0,0.16609999537467957,0.2190999984741211
592329,12143,Jason García,0.0017669726295485577,1.0,0.14669999480247498,0.310699999332428
681891,sa1119415,Zach Greene,0.0017512809033295206,1.0,0.05490000173449516,0.7419000267982483
641462,sa918605,Corbin Clouse,0.001742899480882491,1.0,0.0812000036239624,0.6182000041007996
453329,3543,Clay Buchholz,0.0017354384266060263,1.0,0.1754000037908554,0.1754000037908554
680765,sa3007234,Joey Murray,0.0017327827359510475,1.0,0.16699999570846558,0.2150000035762787
488768,8782,Andrew Cashner,0.0016605342097379759,1.0,0.14720000326633453,0.30820000171661377
596071,18790,Dillon Peters,0.0016326672859216986,1.0,0.04019999876618385,0.8112000226974487
665789,sa943755,Kenny Hernandez,0.001615759706018457,1.0,0.12860000133514404,0.39559999108314514
606131,14682,Luis Perdomo,0.001609415302772696,1.0,0.0,1.0
668944,sa918008,Mikey York,0.0015894136449769894,1.0,0.15950000286102295,0.25049999356269836
681885,24988,Evan Lee,0.0015892597691469492,1.0,0.07419999688863754,0.651199996471405
641755,18297,Tyler Kinley,0.0015848311930804042,22.0,0.0,22.0
669420,sa3007926,Tim Cate,0.0015619215519698864,1.0,0.17249999940395355,0.18950000405311584
663632,sa3008453,Troy Miller,0.0015461607967107716,1.0,0.17020000517368317,0.20020000636577606
675660,27814,Shane Drohan,0.001543758253746923,1.0,0.17260000109672546,0.18860000371932983
642834,21241,Jonathan Bermúdez,0.0015256098444027424,1.0,0.1656000018119812,0.2215999960899353
446321,2859,Ross Detwiler,0.001520089983350627,1.0,0.0,1.0
663820,sa3005207,Alex Valverde,0.0014993583831290655,1.0,0.1639000028371811,0.22990000247955322
686745,sa3014469,Zach Peek,0.001495138468222329,1.0,0.1754000037908554,0.1754000037908554
664236,sa875610,Matthew Kent,0.0014900719342413804,1.0,0.17139999568462372,0.19439999759197235
702460,sa3016914,Jimmy Joyce,0.0014535903977100006,1.0,0.1754000037908554,0.1754000037908554
542953,8490,Buddy Boshers,0.001440442036111614,1.0,0.008799999952316284,0.9588000178337097
669468,sa3004701,Aaron Leasher,0.0014065289017600056,1.0,0.12210000306367874,0.4260999858379364
660722,sa873321,Cesar Rosado,0.0014032569807838884,1.0,0.1518000066280365,0.28679999709129333
676091,sa3004585,Ryan Wilson,0.0013822807607103014,1.0,0.12559999525547028,0.40959998965263367
532077,13764,Roberto Osuna,0.0013661398651251125,1.0,0.0,1.0
641900,sa738902,Scott Moss,0.0013287672428658145,1.0,0.17069999873638153,0.19769999384880066
690736,sa1170436,Trey McGough,0.0013059994993687089,1.0,0.156700000166893,0.263700008392334
668716,27908,Noah Murdock,0.0012912434217049076,1.0,0.1754000037908554,0.1754000037908554
622101,sa658377,David Hill,0.0012906075220746587,1.0,0.1737000048160553,0.18369999527931213
661255,17181,Yoan López,0.0012855113083013916,1.0,0.0,1.0
461829,7448,Gio Gonzalez,0.001285017951613084,1.0,0.09600000083446503,0.5490000247955322
543901,10160,Ryan Weber,0.0012679350518755394,1.0,0.0,1.0
672782,22872,Yoendrys Gómez,0.0012524219032884615,1.0,0.1754000037908554,0.1754000037908554
621058,17553,Andrew Moore,0.0012517550533321946,1.0,0.1754000037908554,0.1754000037908554
452657,4930,Jon Lester,0.0012354010708264913,1.0,0.1754000037908554,0.1754000037908554
459429,7550,Jake McGee,0.0012310539878319278,1.0,0.0,1.0
656212,19865,Charlie Barnes,0.0012259277580251072,1.0,0.15389999747276306,0.2768999934196472
641620,sa872724,Brandon Gold,0.0012193075431590173,1.0,0.164900004863739,0.2249000072479248
640453,sa738697,Connor Jones,0.001217645877687736,1.0,0.1754000037908554,0.1754000037908554
642496,sa736761,Emilio Vargas,0.0012049663353412426,1.0,0.16329999268054962,0.23229999840259552
669375,sa3006806,Taylor Varnell,0.0011993010997145837,1.0,0.16820000112056732,0.20919999480247498
607067,12317,Colin Rea,0.0011880928893751284,1.0,0.0,1.0
682077,sa3006834,Gabe Mosser,0.001177123757717946,1.0,0.1754000037908554,0.1754000037908554
666123,sa3011122,Austin Bergner,0.0011758567367903738,1.0,0.17419999837875366,0.18119999766349792
592879,10836,Asher Wojciechowski,0.0011583298458419007,1.0,0.1754000037908554,0.1754000037908554
597113,12578,DJ Johnson,0.0011533707289727911,1.0,0.0,1.0
592614,15627,Dillon Overton,0.0011457428762433114,1.0,0.17229999601840973,0.19030000269412994
571638,sa503397,James Dykstra,0.001137236069266175,1.0,0.0877000018954277,0.5877000093460083
650893,17490,Génesis Cabrera,0.0010900715785125779,48.0,0.0,48.0
628333,16017,Odrisamer Despaigne,0.0010899434578912038,1.0,0.1754000037908554,0.1754000037908554
657511,sa829242,Dustin Beggs,0.0010772873632400098,1.0,0.16699999570846558,0.2150000035762787
663535,sa874796,Juan Hillman,0.0010755976945971335,1.0,0.1737000048160553,0.18369999527931213
680743,sa3017385,Ryan Cusick,0.0010539904289645983,1.0,0.164900004863739,0.2249000072479248
669648,sa1115967,John Doxakis,0.0010291715165309707,1.0,0.17260000109672546,0.18860000371932983
688162,sa3010630,Brandon Komar,0.001027257608485187,1.0,0.1387999951839447,0.34779998660087585
594760,14934,Aaron Blair,0.000998846677226302,1.0,0.1754000037908554,0.1754000037908554
571539,13276,Matt Carasiti,0.0009894195363228779,1.0,0.07859999686479568,0.6305999755859375
605388,12580,Adam Morgan,0.00096753827934229,1.0,0.0,1.0
571676,11346,Seth Frankoff,0.0009623487864966042,1.0,0.16349999606609344,0.23149999976158142
621154,sa658278,Luc Rennie,0.0009577149359416203,1.0,0.17139999568462372,0.19439999759197235
660365,27513,Hyeon-Jong Yang,0.000927141990748299,1.0,0.07460000365972519,0.6496000289916992
669946,sa918264,Brandon Lawson,0.0009228109215786921,1.0,0.16459999978542328,0.22660000622272491
683004,30146,Jack Leiter,0.0009196181025002415,1.0,0.17389999330043793,0.18289999663829803
663884,sa3008224,Nolan Kingham,0.000918377329057617,1.0,0.155799999833107,0.2678000032901764
680232,29832,Jackson Wolf,0.0009174828476936855,1.0,0.17399999499320984,0.18199999630451202
605507,16094,Zach Thompson,0.0009087601546450396,32.0,0.0,32.0
687190,sa1169991,Adam Leverett,0.0008926200140818173,1.0,0.13210000097751617,0.3790999948978424
670625,sa920718,Steven Moyers,0.000890932137692077,1.0,0.14259999990463257,0.3296000063419342
685719,sa3010134,Fernando Sanchez,0.000884235024417038,1.0,0.13420000672340393,0.3691999912261963
607231,13684,John Gant,0.0008617751030745842,1.0,0.14319999516010284,0.3271999955177307
678024,30105,Mike Vasil,0.0008395094617900697,1.0,0.17329999804496765,0.18529999256134033
697812,30016,Joe Rock,0.0008382440296108682,1.0,0.1754000037908554,0.1754000037908554
605359,12297,Evan Marshall,0.0008345718407197658,1.0,0.0,1.0
641743,20387,Anthony Kay,0.0008274381159392714,1.0,0.0,1.0
694360,27877,Beck Way,0.0008223544022845626,1.0,0.1754000037908554,0.1754000037908554
473879,11710,Sam Dyson,0.000815329388432835,1.0,0.0,1.0
642003,15232,Cody Reed,0.0008092732068073329,1.0,0.0,1.0
681942,sa3007733,Aiden McIntyre,0.0007932872313949778,1.0,0.12770000100135803,0.39969998598098755
669416,sa3005117,Blayne Enlow,0.0007902900483081573,1.0,0.1388999968767166,0.34689998626708984
534910,13287,Jesse Hahn,0.0007882167411056207,1.0,0.0,1.0
686768,sa1159711,Ryan Smith,0.0007833426816434455,1.0,0.121799997985363,0.4277999997138977
623184,13911,Scott Oberg,0.0007798147710027256,1.0,0.0,1.0
600887,18792,Miguel Del Pozo,0.0007773624996028088,1.0,0.0,1.0
595939,16125,Chris Ellis,0.0007762187552744014,1.0,0.1754000037908554,0.1754000037908554
657745,17179,Bubby Rossman,0.0007713049752103253,1.0,0.0,1.0
677076,23631,Clayton Andrews,0.000750559259662079,1.0,0.0,1.0
656083,sa828505,Harol González,0.0007428709645375428,1.0,0.16930000483989716,0.20430000126361847
571871,10066,Ian Krol,0.0007316391891884677,1.0,0.0,1.0
682271,sa1120125,Reid Anderson,0.0007197060893675678,1.0,0.12389999628067017,0.4178999960422516
571616,14844,Matt Dermody,0.000714084919391161,1.0,0.0,1.0
592612,11528,Josh Osich,0.0007083899709278352,1.0,0.0,1.0
621089,sa658593,José Mesa Jr.,0.0006791137129352429,1.0,0.07909999787807465,0.6280999779701233
605121,16201,Justin Anderson,0.0006777784506908272,1.0,0.0,1.0
670245,27853,Ryan Watson,0.0006771014515343756,1.0,0.1501999944448471,0.29420000314712524
674285,23135,Eduardo Salazar,0.0006660067094775306,1.0,0.1754000037908554,0.1754000037908554
661269,19278,Vladimir Gutierrez,0.0006583270992608836,1.0,0.16750000417232513,0.21250000596046448
543208,12778,Sam Gaviglio,0.0006534982498991014,1.0,0.0,1.0
605254,16164,Daniel Gossett,0.0006410071118800459,1.0,0.1754000037908554,0.1754000037908554
680604,26117,Blas Castaño,0.0006263886863307646,1.0,0.1737000048160553,0.18369999527931213
656492,16432,Foster Griffin,0.0006245699584577583,1.0,0.0,1.0
681520,sa3011135,Antoine Kelly,0.0006211728046181808,1.0,0.17319999635219574,0.18619999289512634
605525,14506,J.B. Wendelken,0.0006160196986926296,1.0,0.0,1.0
681007,sa1170342,Jack Cushing,0.0006089087448193903,1.0,0.1754000037908554,0.1754000037908554
663988,sa875686,Alec Kisena,0.0006069153139593056,1.0,0.16459999978542328,0.22660000622272491
656701,sa915622,Kade McClure,0.000591411106515359,1.0,0.06859999895095825,0.6776000261306763
664990,sa875762,Jordan Humphreys,0.0005687983041254624,1.0,0.1460999995470047,0.31310001015663147
687578,sa1171029,David Leal,0.0005569304103242269,1.0,0.1680999994277954,0.210099995136261
687934,sa3011145,Jimmy Robbins,0.0005520421213333379,1.0,0.15389999747276306,0.2768999934196472
621086,19675,James Marvel,0.0005411289693011165,1.0,0.1754000037908554,0.1754000037908554
663362,25550,Matt Waldron,0.0005399311481955882,1.0,0.1754000037908554,0.1754000037908554
664851,sa875229,Kyle Friedrichs,0.0005362554790577804,1.0,0.16529999673366547,0.2232999950647354
670986,sa923839,Jose Bravo,0.0005346312562474059,1.0,0.15950000286102295,0.25049999356269836
676903,sa3005177,Noel Vela,0.0005264390523206205,1.0,0.16750000417232513,0.21250000596046448
673380,23055,Dedniel Núñez,0.0005262422909356768,1.0,0.0,1.0
663717,sa3009924,Dylan King,0.0005214276812129798,1.0,0.10419999808073044,0.510200023651123
467100,1994,Iván Nova,0.0005208679674750959,1.0,0.1754000037908554,0.1754000037908554
622066,sa738376,Tyler Alexander,0.0004950932072286698,1.0,0.1404000073671341,0.34040001034736633
676961,19736,Caleb Boushley,0.0004938751947601094,1.0,0.1754000037908554,0.1754000037908554
572406,sa503437,Sam Wolff,0.0004703687794835413,1.0,0.05490000173449516,0.7419000267982483
612792,sa657701,Jesús Castillo,0.00046672065525683404,1.0,0.16329999268054962,0.23229999840259552
662144,19593,Brian Keller,0.0004582729779117287,1.0,0.15809999406337738,0.257099986076355
668968,22192,Hans Crouse,0.0004540758521363813,1.0,0.1754000037908554,0.1754000037908554
621088,sa658824,Bryan Bonnell,0.00041643302367381596,1.0,0.06750000268220901,0.6825000047683716
592314,10811,Mike Foltynewicz,0.000406421980208016,1.0,0.164000004529953,0.2290000021457672
685107,27453,Anthony Veneziano,0.00040613852221244484,1.0,0.17399999499320984,0.18199999630451202
687792,26389,DJ Herz,0.000392711803675155,1.0,0.1754000037908554,0.1754000037908554
658792,16904,Aaron Wilkerson,0.00038259537081662416,1.0,0.0,1.0
621097,18318,Jacob Waguespack,0.00038233666499261733,1.0,0.0,1.0
622338,sa658076,Jesús Liranzo,0.000375163650963746,1.0,0.0,1.0
689608,sa3017815,Walker Powell,0.0003641591886039114,1.0,0.07509999722242355,0.6470999717712402
668319,sa3014912,Coleman Huntley III,0.00035881972866308833,1.0,0.0,1.0
682448,sa3007818,Jackson Rees,0.00030861880580357554,1.0,0.04349999874830246,0.7954999804496765
594902,14932,Ben Lively,0.00029817736862707846,1.0,0.0,1.0
676720,23465,Tommy Romero,0.0002909812534569702,1.0,0.12160000205039978,0.428600013256073
626929,15906,Lewis Thorpe,0.000281414213391966,1.0,0.164000004529953,0.2290000021457672
678606,24017,José A. Ferrer,0.0002492507401539017,1.0,0.0,1.0
543532,9149,Tim Melville,0.00024342242836115446,1.0,0.1754000037908554,0.1754000037908554
521655,5257,Wilmer Font,0.0002348049546820349,1.0,0.0,1.0
668684,19518,Tanner Tully,0.00022766362346169955,1.0,0.0,1.0
668820,22175,Max Kranick,0.000225656144716116,1.0,0.0,1.0
666658,sa917323,Jose Chacin,0.00021847399699981285,1.0,0.17110000550746918,0.19609999656677246
475479,6316,David Phelps,0.00020129396437561383,1.0,0.00279999990016222,0.9868000149726868
543001,12699,Ryan Carpenter,0.00019168603621183246,1.0,0.1754000037908554,0.1754000037908554
699479,sa3017205,Taylor Broadway,0.00017485692857444518,1.0,0.0,1.0
622415,sa657689,Anthony Vizcaya,0.0001581307778153601,1.0,0.0,1.0
670422,sa918556,Trevor Bettencourt,0.00015784252457134068,1.0,0.0632999986410141,0.7023000121116638
663895,sa3015297,Cole Stringer,0.0001539576818988515,1.0,0.11699999868869781,0.44999998807907104
668766,sa3004197,Dylan File,0.00015016403193449871,1.0,0.16329999268054962,0.23229999840259552
641733,sa3004190,Connor Johnstone,0.00012876394672380515,1.0,0.1096000000834465,0.4846000075340271
621169,sa829043,Tyler Eppler,0.00011513564740142797,1.0,0.1665000021457672,0.2175000011920929
656478,sa3011216,Cole Gordon,0.00010005743772070443,1.0,0.1754000037908554,0.1754000037908554
657697,16754,Vinny Nittoli,9.314505652237119e-05,8.0,0.0,8.0
669422,22284,Matt Sauer,7.607787563307687e-05,1.0,0.1754000037908554,0.1754000037908554
670191,sa3014916,A.J. Block,6.637969130635389e-05,1.0,0.16580000519752502,0.2207999974489212
685329,sa3009519,Carlos Peña,5.925077422796554e-05,1.0,0.15139999985694885,0.28839999437332153
681555,sa3007243,Andrew Politi,5.3015268054863415e-05,1.0,0.030899999663233757,0.8549000024795532
681792,sa3006826,Adam Scott,5.16043528863064e-05,1.0,0.12809999287128448,0.39809998869895935
617228,27515,Hirokazu Sawamura,4.856677480978875e-05,1.0,0.0,1.0
669192,sa3014786,Wil Jensen,3.421896737538447e-05,1.0,0.16369999945163727,0.23070000112056732
595798,10819,R.J. Alaniz,3.218531928561466e-05,1.0,0.0,1.0
686873,sa3017867,Nick Zwack,1.8378984075730835e-05,1.0,0.1703999936580658,0.19939999282360077
686249,25474,Nathan Wiles,1.704580859638379e-05,1.0,0.17389999330043793,0.18289999663829803
666007,sa917869,Deyni Olivero,-2.1848113754651e-05,1.0,0.1754000037908554,0.1754000037908554
669001,sa3011493,J.C. Flowers,-2.6957060493356777e-05,1.0,0.04280000180006027,0.798799991607666
696522,29640,Hayden Juenger,-3.6465741652936016e-05,1.0,0.1316000074148178,0.3815999925136566
681973,sa3011196,Josh Hendrickson,-4.780607993612156e-05,1.0,0.1754000037908554,0.1754000037908554
676051,23293,Codi Heuer,-5.523521095951618e-05,38.0,0.0,38.0
701859,sa3017548,Justin Armbruester,-5.5446418158155384e-05,1.0,0.16840000450611115,0.20839999616146088
605232,16208,Brandon Finnegan,-6.491260493480318e-05,1.0,0.1754000037908554,0.1754000037908554
600968,14508,Randy Rosario,-6.535282624130069e-05,1.0,0.0,1.0
664843,sa856543,Jerry Keel,-6.774450140736548e-05,1.0,0.1599999964237213,0.24799999594688416
669441,sa3018138,Chandler Champlain,-7.274758584958446e-05,1.0,0.17229999601840973,0.19030000269412994
475054,9866,Chaz Roe,-8.612280271791281e-05,1.0,0.0,1.0
676768,sa3009858,Andrew Quezada,-0.00010491112394499545,1.0,0.17180000245571136,0.19280000030994415
676886,20205,Jeremy Beasley,-0.00011076401391694985,1.0,0.0,1.0
664202,18421,Tyler Cyr,-0.00015233286520442162,1.0,0.0,1.0
571521,9794,Rex Brothers,-0.00015307645116132364,1.0,0.0,1.0
663982,sa3004857,David Parkinson,-0.00016252355915375192,1.0,0.16750000417232513,0.21250000596046448
518813,7196,Greg Holland,-0.00016416995897581763,1.0,0.0,1.0
605463,13652,Tayler Scott,-0.0001736824774444172,1.0,0.0,1.0
668984,25921,Casey Legumina,-0.00018088877488937275,1.0,0.14399999380111694,0.3230000138282776
664351,25839,Luis Contreras,-0.00018233014392447287,1.0,0.0,1.0
685377,sa3009632,Misael Tamarez,-0.00020825654254821087,1.0,0.1678999960422516,0.21089999377727509
532936,sa691863,Mario Sanchez,-0.00021933051311615357,1.0,0.14259999990463257,0.3296000063419342
622786,16300,Jesus Tinoco,-0.00022349585696923964,1.0,0.02539999969303608,0.8804000020027161
593604,11812,Alberto Baldonado,-0.0002437561651747929,1.0,0.0,1.0
676606,20395,Nick Margevicius,-0.0002545961408903986,1.0,0.10719999670982361,0.49619999527931213
621348,16279,Sam Clay,-0.0002576821719605698,1.0,0.0,1.0
683690,sa3009243,Royber Salinas,-0.00026663664362025036,1.0,0.1754000037908554,0.1754000037908554
596049,13606,Shawn Morimando,-0.0002669678340460131,1.0,0.0,1.0
663735,sa3006801,Matt Frisbee,-0.0002770156011992085,1.0,0.17399999499320984,0.18199999630451202
679712,sa3017502,Lael Lockhart,-0.00028694535121335455,1.0,0.1542000025510788,0.2752000093460083
676732,sa3002734,Blake Battenfield,-0.0002899848584858388,1.0,0.1703999936580658,0.19939999282360077
681084,24698,Tanner Andrews,-0.00029015690509457656,1.0,0.0,1.0
606208,sa597249,Luis Lugo,-0.0002936642267751363,1.0,0.16740000247955322,0.2134000062942505
702030,sa3016949,Kohl Simas,-0.0003109557826299671,1.0,0.15440000593662262,0.274399995803833
676467,31312,Colton Gordon,-0.00031220174353447896,1.0,0.16019999980926514,0.24719999730587006
681753,sa3006177,Adrian Hernandez,-0.0003134580025502689,1.0,0.009100000374019146,0.957099974155426
663734,18699,Nick Neidert,-0.00034342765397403957,1.0,0.1754000037908554,0.1754000037908554
682260,sa3008361,Brian Metoyer,-0.00034580560970083374,1.0,0.0,1.0
663568,21487,Stephen Kolek,-0.00035098668951193276,1.0,0.1754000037908554,0.1754000037908554
607359,12361,Spencer Patton,-0.0003517893055580473,1.0,0.0,1.0
676019,sa3005098,Oscar Rojas,-0.0003538985567553678,1.0,0.15369999408721924,0.2777000069618225
693311,sa3014709,Tink Hence,-0.00035539304762277775,1.0,0.1754000037908554,0.1754000037908554
642203,19266,Taylor Widener,-0.00036523602284147357,1.0,0.0,1.0
680789,sa3007965,Caleb Sampen,-0.00037091824488424193,1.0,0.1460999995470047,0.31310001015663147
543867,5530,Nik Turley,-0.0003710416700526455,1.0,0.0,1.0
664161,19705,Matt Swarmer,-0.0003831193449515916,1.0,0.12720000743865967,0.40220001339912415
689167,25830,Jeff Lindgren,-0.00040241432983164564,1.0,0.1754000037908554,0.1754000037908554
656619,sa3007200,Chance Kirby,-0.000405585962368933,1.0,0.16300000250339508,0.23399999737739563
681915,sa3007732,Ethan DeCaster,-0.0004175752607271184,1.0,0.03610000014305115,0.8300999999046326
669476,sa915852,Jake Walters,-0.0004210497707425474,1.0,0.16599999368190765,0.2199999988079071
685001,sa3017307,Chandler Jozwiak,-0.00044326249544164587,1.0,0.0,1.0
681676,24862,Ryan Fernandez,-0.00046649054491744674,1.0,0.0,1.0
621593,19789,Anthony Castro,-0.0004673490438007998,1.0,0.0,1.0
621173,sa658002,Dylan Baker,-0.00046926998369798935,1.0,0.1421000063419342,0.3321000039577484
453307,4257,David Huff,-0.00047000267628400586,1.0,0.15790000557899475,0.2578999996185303
676153,sa3017609,Austin Love,-0.0004799458373686807,1.0,0.17399999499320984,0.18199999630451202
675652,sa3005334,Matt Tabor,-0.00048110808654846604,1.0,0.1754000037908554,0.1754000037908554
690501,sa3017365,Tyler Eckberg,-0.00048621147068118566,1.0,0.0,1.0
693312,27775,Kyle Nicolas,-0.0004990641289634411,9.234000205993652,1.6200000047683716,1.6200000047683716
642520,19835,Gerson Garabito,-0.0005075999998818399,1.0,0.1444000005722046,0.321399986743927
670090,20010,Wyatt Mills,-0.0005100661401578194,20.0,0.0,20.0
620982,16318,Ricardo Pinto,-0.0005108100730931978,1.0,0.0,1.0
629498,20643,Johan Quezada,-0.0005185184237490067,1.0,0.0,1.0
656889,sa827471,Jeremy Rhoades,-0.0005266669289058038,1.0,0.0,1.0
623364,16390,Brad Wieck,-0.0005367860792470131,1.0,0.0,1.0
696131,30171,Mason Black,-0.000538036862242257,1.0,0.1754000037908554,0.1754000037908554
667363,sa917771,Carlos Ocampo,-0.0005451610971651795,1.0,0.12559999525547028,0.40959998965263367
592593,11754,Justin Nicolino,-0.0005508659019314963,1.0,0.17159999907016754,0.19359999895095825
666502,sa3005060,Marcelo Martinez,-0.0005521628007303366,1.0,0.15389999747276306,0.2768999934196472
660730,20962,Elvin Rodríguez,-0.000552612246579658,1.0,0.13809999823570251,0.35109999775886536
656206,sa829808,Jeff Bain,-0.0005551286814421901,1.0,0.05510000139474869,0.741100013256073
642601,sa737037,Oscar De La Cruz,-0.0005605312463988457,1.0,0.14509999752044678,0.3181000053882599
660788,sa877526,Jesus Vargas,-0.0005808830526138296,1.0,0.14300000667572021,0.328000009059906
543118,8823,Oliver Drake,-0.0005819508536685364,1.0,0.0,1.0
694298,sa3017201,Nick Dombkowski,-0.0005820909163611848,1.0,0.035599999129772186,0.8325999975204468
689981,29514,River Ryan,-0.0006079005455359304,1.0,0.16930000483989716,0.20430000126361847
584171,19341,Hector Velázquez,-0.0006120753663196449,1.0,0.06859999895095825,0.6776000261306763
684937,sa3010658,Hunter McMahon,-0.0006136444245554767,1.0,0.01860000006854534,0.9125999808311462
682199,sa1119979,Ben Gross,-0.0006155698762000333,1.0,0.11959999799728394,0.4375999867916107
668390,22113,Cole Winn,-0.0006207759826438561,1.0,0.1754000037908554,0.1754000037908554
679647,sa3008129,Jackson Rose,-0.0006288334414470208,1.0,0.11559999734163284,0.45660001039505005
687467,sa3017654,Braden Olthoff,-0.0006433586819338131,1.0,0.16179999709129333,0.23980000615119934
675195,sa3002818,Juan Mercedes,-0.0006442833510596845,1.0,0.16279999911785126,0.23479999601840973
688753,sa3017311,Evan Gates,-0.0006513707620089603,1.0,0.0,1.0
678843,sa3005694,Luis Devers,-0.000662215292991893,1.0,0.1687999963760376,0.20679999887943268
694358,sa3014519,Tekoah Roby,-0.0006688038322849557,1.0,0.17389999330043793,0.18289999663829803
667677,sa874155,Zac Houston,-0.0006712639892612068,1.0,0.0,1.0
691828,sa3011735,Sem Robberse,-0.0007043214661338645,1.0,0.1754000037908554,0.1754000037908554
641499,sa738284,Ty Damron,-0.0007185111001787052,1.0,0.16979999840259552,0.20180000364780426
453265,3132,Tony Watson,-0.0007263367998777183,1.0,0.0,1.0
502253,5350,Alex Sanabia,-0.0007279889463974747,1.0,0.15279999375343323,0.2818000018596649
663767,21544,Chase Shugart,-0.0007400744646211651,1.0,0.01889999955892563,0.9108999967575073
662165,sa3007585,Austin Schulfer,-0.0007465622280019275,1.0,0.01600000075995922,0.925000011920929
702021,30061,Will Dion,-0.0007486805810071036,1.0,0.1754000037908554,0.1754000037908554
664144,sa875297,Jon Olczak,-0.0007601477977390526,1.0,0.03189999982714653,0.8499000072479248
642659,19516,Raynel Espinal,-0.0007643578146003287,1.0,0.0,1.0
605521,18251,Art Warren,-0.0007708026955833041,1.0,0.0,1.0
641995,16470,Roel Ramírez,-0.0007782593007850337,1.0,0.0,1.0
641852,sa875253,Thomas McIlraith,-0.0007804669238008781,1.0,0.0,1.0
669018,sa856262,Patrick Ruotolo,-0.0007994096571654117,1.0,0.0,1.0
702446,sa3017508,Bradford Webb,-0.000803401892767312,1.0,0.11789999902248383,0.44589999318122864
669283,sa3011395,Drew Parrish,-0.0008183600134467878,1.0,0.17260000109672546,0.18860000371932983
663542,19924,Bryan Hudson,-0.0008209678967401215,1.0,0.0,1.0
676907,sa3014918,Billy Sullivan,-0.0008215332823373411,1.0,0.03370000049471855,0.84170001745224
687924,30031,Julian Aguiar,-0.0008222259162300753,1.0,0.1599999964237213,0.24799999594688416
641541,19546,Jon Duplantier,-0.0008222407173047143,1.0,0.1754000037908554,0.1754000037908554
639373,19256,Gerson Bautista,-0.0008304639580208745,1.0,0.03889999911189079,0.8169000148773193
592815,13485,Sam Tuivailala,-0.0008474543091904785,1.0,0.015300000086426735,0.9283000230789185
701803,sa3015136,David Griffin,-0.0008517164800406731,1.0,0.15489999949932098,0.2718999981880188
641656,19261,Ian Hamilton,-0.0008532620477417641,19.0,0.0,19.0
686747,25481,Joe La Sorsa,-0.0008580470438035409,1.0,0.01810000091791153,0.9150999784469604
681916,30145,Dylan Smith,-0.0008609586859724666,1.0,0.1737000048160553,0.18369999527931213
624526,sa738512,Garrett Williams,-0.0008652576434501223,1.0,0.14839999377727509,0.30239999294281006
674370,23150,Osvaldo Bido,-0.0008696800048928616,1.0,0.16609999537467957,0.2190999984741211
678789,sa3006817,Julio Robaina,-0.0008736414037304216,1.0,0.1639000028371811,0.22990000247955322
642177,sa738652,Matt Vogel,-0.0008805934190388088,1.0,0.0,1.0
458676,7882,Josh Lindblom,-0.0008874229244434365,1.0,0.0,1.0
681744,sa3005470,Junior Santos,-0.0008925509232365732,1.0,0.17110000550746918,0.19609999656677246
681928,sa3006770,Noah Zavolas,-0.00089791281976352,1.0,0.1662999987602234,0.218299999833107
667712,sa3006956,Austin Hansen,-0.0009037961465664132,1.0,0.15950000286102295,0.25049999356269836
592145,11437,Jesse Biddle,-0.0009039672261616336,4.0,0.0,4.0
543699,8753,Tanner Roark,-0.0009208343321863586,1.0,0.07530000060796738,0.6463000178337097
660765,sa871769,Jesus Rodriguez,-0.000924507861061329,1.0,0.16859999299049377,0.20759999752044678
518649,11369,Brett Eibner,-0.0009509421800075521,1.0,0.0,1.0
676393,sa3018169,Jack Leftwich,-0.0009524014078735953,1.0,0.1501999944448471,0.29420000314712524
615695,sa658192,Ryan Kellogg,-0.0009526972482724605,1.0,0.13459999859333038,0.3675999939441681
675655,sa3014453,Bryce Bonnin,-0.0009983162109263124,1.0,0.1687999963760376,0.20679999887943268
660494,17679,Rogelio Armenteros,-0.0010005555278224925,1.0,0.0877000018954277,0.5877000093460083
643478,17035,Joe Palumbo,-0.0010100083844216392,1.0,0.0,1.0
519393,8004,Marcus Walden,-0.0010216713191472443,1.0,0.0,1.0
542882,12022,Matt Andriese,-0.001027315504303912,1.0,0.0,1.0
676641,23420,Beau Sulser,-0.0010433945525378757,1.0,0.0,1.0
670046,20009,Kenny Rosenberg,-0.001058741209001787,1.0,0.07670000195503235,0.6396999955177307
641962,19820,CD Pelham,-0.0010695602068528992,1.0,0.0,1.0
465657,6941,Joakim Soria,-0.0010760343678368701,1.0,0.0,1.0
656924,19891,Ryder Ryan,-0.0010808773180556851,1.0,0.0,1.0
678660,sa3007724,Victor Vargas,-0.001081009682562542,1.0,0.164000004529953,0.2290000021457672
605156,12272,Aaron Brooks,-0.0010836150532889536,1.0,0.0,1.0
681892,24993,Kody Funderburk,-0.0010882481566172725,6.0,0.0,6.0
681738,sa3006421,Jeffrey Colon,-0.001101188301564315,1.0,0.12890000641345978,0.3939000070095062
670343,sa913084,Matt Milburn,-0.0011115169600256784,1.0,0.13670000433921814,0.357699990272522
675912,20243,Zac Lowther,-0.0011133815412549008,1.0,0.0,1.0
663649,sa874732,Nolan Watson,-0.0011163782303276978,1.0,0.15369999408721924,0.2777000069618225
677644,sa3006100,Brayan Perez,-0.001117850497498037,1.0,0.10159999877214432,0.522599995136261
592229,14825,Dylan Covey,-0.001121742013068737,1.0,0.0,1.0
670416,sa918537,Zach Matson,-0.0011230228286919172,1.0,0.10809999704360962,0.4921000003814697
664074,17920,Cody Ponce,-0.0011299215775369817,1.0,0.030500000342726707,0.8565000295639038
695776,sa3015286,Josh Stephan,-0.0011315042480427306,1.0,0.17159999907016754,0.19359999895095825
687798,26226,Nick Robertson,-0.0011492263422721149,1.0,0.028200000524520874,0.8672000169754028
702295,sa3017725,Ryne Moore,-0.001149670321284839,1.0,0.17260000109672546,0.18860000371932983
678852,sa3006385,Joseph Hernandez,-0.0011526214319896558,1.0,0.17229999601840973,0.19030000269412994
687143,sa3014927,Brent Killam,-0.0011570752901461905,1.0,0.17139999568462372,0.19439999759197235
667478,27536,Evan Kravetz,-0.001160199750162746,1.0,0.10530000180006027,0.505299985408783
805437,sa3019506,Ryan Middendorf,-0.00116946719925249,1.0,0.0,1.0
502593,10534,Jake Petricka,-0.0011737978513598132,1.0,0.0,1.0
686730,27685,Carson Spiers,-0.0011764981143103663,1.0,0.16369999945163727,0.23070000112056732
643340,sa738690,Nick Green,-0.0011881983784975973,1.0,0.10949999839067459,0.4855000078678131
674944,20045,Sean Guenther,-0.0011918829957512605,1.0,0.0,1.0
665734,21163,Angel Felipe,-0.0011970312818559866,6.0,0.0,6.0
645307,17581,Ricardo Sánchez,-0.0011993851942124984,1.0,0.0,1.0
543557,4869,Mike Montgomery,-0.0012059353888185876,1.0,0.0658000037074089,0.6908000111579895
667236,sa3007464,Kyle Glogoski,-0.0012186946706854223,1.0,0.15649999678134918,0.2644999921321869
453214,8185,Steven Wright,-0.001226343450099123,1.0,0.0,1.0
621141,13804,Walker Lockett,-0.001228798525804036,1.0,0.06669999659061432,0.6866999864578247
663597,sa876313,Adam Hill,-0.0012299059956209593,1.0,0.11699999868869781,0.44999998807907104
687589,30153,Dom Hamel,-0.0012299503121901948,1.0,0.17399999499320984,0.18199999630451202
684949,sa3017873,Zac Leigh,-0.0012315138400650742,1.0,0.0,1.0
688831,sa3011732,Micah Kaczor,-0.001232228805539959,1.0,0.14880000054836273,0.30079999566078186
621377,sa657974,Tyler Pike,-0.0012442839228595584,1.0,0.021900000050663948,0.8968999981880188
686933,sa3011585,Mitchell Stumpo,-0.0012489918048757172,1.0,0.0,1.0
670065,sa918196,Trevor Lane,-0.0012559650647732724,1.0,0.0,1.0
677312,sa3017535,Zane Mills,-0.0012609792213745098,1.0,0.1754000037908554,0.1754000037908554
671936,25590,Adam Macko,-0.0012643531997381385,1.0,0.1754000037908554,0.1754000037908554
621258,sa857700,Reilly Hovis,-0.0012663805798121819,1.0,0.17229999601840973,0.19030000269412994
650518,sa828724,Alejandro Requena,-0.0012735988764667131,1.0,0.15860000252723694,0.25459998846054077
688445,sa3010317,Jake Walkinshaw,-0.0012767068332532974,1.0,0.12020000070333481,0.4352000057697296
643316,15832,Paul Fry,-0.0012888467370168874,1.0,0.0,1.0
650668,20739,Humberto Mejía,-0.0012928507204614155,1.0,0.1754000037908554,0.1754000037908554
623381,17281,Thomas Pannone,-0.001295383578921175,1.0,0.059300001710653305,0.7213000059127808
664849,18439,Danny Young,-0.0012960700579602773,1.0,0.0,1.0
681539,sa3009860,Reid Morgan,-0.0012985481709071067,1.0,0.04910000041127205,0.76910001039505
680572,24493,Adam Kloffenstein,-0.0013171214579347779,1.0,0.17389999330043793,0.18289999663829803
651002,sa828326,Steven Fuentes,-0.0013184497543099764,1.0,0.1460999995470047,0.31310001015663147
502706,4141,Derek Holland,-0.0013250133887926167,1.0,0.009499999694526196,0.9555000066757202
543903,3993,Allen Webster,-0.0013400538768947596,1.0,0.0,1.0
701519,30180,Travis Adams,-0.0013467576528937708,1.0,0.1754000037908554,0.1754000037908554
656914,sa3010110,Kaleb Roper,-0.0013514064995756442,1.0,0.13040000200271606,0.3874000012874603
680701,24590,John Rooney,-0.0013538153043485684,1.0,0.16210000216960907,0.23810000717639923
676438,sa3006810,Michael Baird,-0.0013617072067749572,1.0,0.16189999878406525,0.23890000581741333
424144,1514,Oliver Pérez,-0.0013705890717041378,1.0,0.0,1.0
676361,sa3006809,Jack Labosky,-0.001377924806119806,1.0,0.0,1.0
686678,25480,Chase Solesky,-0.001378221170237121,1.0,0.16580000519752502,0.2207999974489212
681517,24763,Kyle Leahy,-0.0013791828593619723,1.0,0.17020000517368317,0.20020000636577606
677185,sa3004120,Matt Hardy,-0.0013815877584690264,1.0,0.0,1.0
664928,sa873983,Boomer Biegalski,-0.0013882760782525062,1.0,0.08699999749660492,0.5910000205039978
664714,19942,Ljay Newsome,-0.00139442174641111,1.0,0.023900000378489494,0.8878999948501587
686762,sa3010254,Austin Roberts,-0.0013948240830644438,1.0,0.053700000047683716,0.7476999759674072
594027,11691,Tyron Guerrero,-0.0014054214021180726,1.0,0.0,1.0
676105,27608,Jeff Criswell,-0.0014089815400992836,1.0,0.16979999840259552,0.20180000364780426
685005,27662,Christian Roa,-0.0014126835243060717,1.0,0.1754000037908554,0.1754000037908554
676957,sa3004485,Taylor Ahearn,-0.001416476242858736,1.0,0.13650000095367432,0.35850000381469727
679922,24458,Carlos Duran,-0.0014185648501902548,1.0,0.1728000044822693,0.18780000507831573
685338,sa3008626,Justin Vernia,-0.0014345530931250481,1.0,0.09749999642372131,0.5414999723434448
676571,23394,PJ Poulin,-0.0014353972089587155,1.0,0.0,1.0
686751,26020,Seth Johnson,-0.0014475891738575909,1.0,0.1754000037908554,0.1754000037908554
672848,sa3003041,Noe Toribio,-0.001456019331412189,1.0,0.05299999937415123,0.7509999871253967
682016,25075,William Woods,-0.0014566623713139183,1.0,0.0,1.0
683010,sa3011866,Matthew Thompson,-0.001457217372030272,1.0,0.1754000037908554,0.1754000037908554
641871,15264,Keynan Middleton,-0.0014701118821916909,1.0,0.0,1.0
656671,21310,Josh Maciejewski,-0.00147660013874225,1.0,0.058400001376867294,0.7253999710083008
605194,13654,Jharel Cotton,-0.0014836918262184948,1.0,0.0,1.0
679156,27624,Walter Pennington,-0.001485888950815336,1.0,0.022299999371170998,0.8952999711036682
663627,sa3007459,Clay Helvey,-0.0014975691749666432,1.0,0.0,1.0
688497,26344,Taylor Rashi,-0.001499306546131668,1.0,0.0,1.0
547185,sa548162,Peter Tago,-0.0015093563724536097,1.0,0.0,1.0
690916,30160,Richard Fitts,-0.001512313083973106,1.0,0.1754000037908554,0.1754000037908554
676898,sa3004355,Zach Draper,-0.0015136354883073181,1.0,0.09749999642372131,0.5414999723434448
676600,sa3005028,Ethan Lindow,-0.001524464887420714,1.0,0.1459999978542328,0.3140000104904175
656266,20491,J.B. Bukauskas,-0.0015258936091713433,4.0,0.0,4.0
664944,19529,Cam Vieaux,-0.0015264767169274652,1.0,0.0,1.0
607114,sa3002775,Matt Wivinis,-0.0015266683046125916,1.0,0.05649999901652336,0.734499990940094
642092,19826,Riley Smith,-0.0015319342242379385,1.0,0.06509999930858612,0.694100022315979
669690,sa3008261,Blake Rivera,-0.0015319833230757905,1.0,0.027400000020861626,0.871399998664856
476451,4371,Jeremy Hellickson,-0.0015446473530531584,1.0,0.1665000021457672,0.2175000011920929
677961,27481,Cole Wilcox,-0.001548907929621917,1.0,0.1754000037908554,0.1754000037908554
672866,sa3002796,Jose E. Martinez,-0.0015521395192880185,1.0,0.09790000319480896,0.539900004863739
570240,13403,Félix Peña,-0.0015533811962504243,1.0,0.0,1.0
685461,sa3014799,Cesar Gomez,-0.001563696165823844,1.0,0.15000000596046448,0.29499998688697815
686193,sa1052944,Justin Lasko,-0.0015660424213056975,1.0,0.12110000103712082,0.4311000108718872
641889,sa738506,Dalton Moats,-0.0015698368732751308,1.0,0.01600000075995922,0.925000011920929
686701,29863,Ryan Bergert,-0.0015735248424593666,1.0,0.1754000037908554,0.1754000037908554
660508,sa872808,Norwith Gudiño,-0.0015772999465984304,1.0,0.10530000180006027,0.505299985408783
664028,17877,Brett Kennedy,-0.0015837571731558296,1.0,0.1754000037908554,0.1754000037908554
669725,sa873276,Thomas Jankins,-0.001585405598809109,1.0,0.051600001752376556,0.7576000094413757
686826,27477,Bryce Jarvis,-0.0015886636597773154,1.0,0.1754000037908554,0.1754000037908554
663990,sa875993,Matthias Dietz,-0.001600105540198863,1.0,0.0,1.0
679630,sa3011195,Brett Schulze,-0.0016007125238437225,1.0,0.0,1.0
674342,sa3004823,Jakob Hernandez,-0.0016077225612610056,1.0,0.0,1.0
663975,21092,Nick Duron,-0.0016125861947128006,1.0,0.0,1.0
656008,20802,Aneurys Zabala,-0.0016187079714615324,1.0,0.0,1.0
545064,12774,Jairo Díaz,-0.0016195423455714997,1.0,0.0,1.0
685314,26203,Andrew Saalfrank,-0.0016276021486416996,1.0,0.0,1.0
672730,22828,Juan Then,-0.001629739377517678,1.0,0.032499998807907104,0.8475000262260437
681484,sa3007477,Chase Cohen,-0.0016315224500437092,1.0,0.018200000748038292,0.9142000079154968
695534,30170,Chase Petty,-0.0016338299264362056,1.0,0.16680000722408295,0.21580000221729279
681923,sa3008071,Zach Wolf,-0.0016382859313049283,1.0,0.0,1.0
624427,15492,Stephen Gonsalves,-0.001640316379972348,1.0,0.0,1.0
676055,sa3004092,Max Green,-0.0016427637984813034,1.0,0.04390000179409981,0.7939000129699707
676660,23425,Jared Solomon,-0.0016497437959858217,1.0,0.0,1.0
595255,sa550295,Mitch Horacek,-0.0016512040583649636,1.0,0.0,1.0
672666,sa3003015,Adolfo Ramirez,-0.0016529946899348964,1.0,0.05050000175833702,0.762499988079071
623471,sa659283,Justin Dillon,-0.0016531801990042462,1.0,0.04610000178217888,0.7831000089645386
503285,3321,Darren O'Day,-0.0016552311030447588,1.0,0.0,1.0
692617,sa3014675,Chih-Jung Liu,-0.0016587881523328042,1.0,0.16910000145435333,0.20509999990463257
502748,5401,Brad Peacock,-0.001667454694851291,1.0,0.07670000195503235,0.6396999955177307
663893,21574,Brendon Little,-0.0016675438016496445,1.0,0.0,1.0
681432,28036,Luke Little,-0.0016710583300144832,1.0,0.17190000414848328,0.19189999997615814
621050,sa658525,Josh Graham,-0.0016853092357010995,1.0,0.0,1.0
663467,sa875998,Jason Bilous,-0.0016910332731633984,1.0,0.16179999709129333,0.23980000615119934
642575,sa736656,Gerson Moreno,-0.0017134807716145664,1.0,0.01679999940097332,0.920799970626831
607457,13713,Kyle Barraclough,-0.0017450203416905876,1.0,0.0,1.0
687649,sa3017274,Nick Mondak,-0.0017465959428928151,1.0,0.1754000037908554,0.1754000037908554
571735,9756,David Hale,-0.0017495707488810023,1.0,0.019600000232458115,0.9075999855995178
643400,16537,Dusten Knight,-0.001765610407236207,1.0,0.0,1.0
605469,16166,Chandler Shepherd,-0.0017685001295119195,1.0,0.11089999973773956,0.4788999855518341
672836,sa3003039,Angel Macuare,-0.0017765880501450456,1.0,0.1687999963760376,0.20679999887943268
669114,sa917985,Jace Vines,-0.0017771648036278254,1.0,0.0,1.0
663773,26304,Bryan Hoeing,-0.001778208536371755,1.0,0.041600000113248825,0.8046000003814697
690281,sa3016908,Theo Denlinger,-0.0017782515795060926,1.0,0.0,1.0
621079,15106,Collin Wiles,-0.0017789554752060991,1.0,0.0,1.0
673633,19756,Yoshihisa Hirano,-0.0017885155950258253,1.0,0.0,1.0
667722,sa3002779,J.B. Olson,-0.0017904383450256767,1.0,0.12319999933242798,0.4212000072002411
663399,18347,Brandon Waddell,-0.0017945647407448335,1.0,0.0,1.0
527054,6797,Julio Teheran,-0.0018042251050244724,1.0,0.1754000037908554,0.1754000037908554
502212,9559,Austin Bibens-Dirkx,-0.0018085456797058911,1.0,0.13259999454021454,0.3765999972820282
671111,25589,Sammy Peralta,-0.0018132035832518064,1.0,0.0,1.0
686827,sa3010255,Logan Rinehart,-0.0018142602013620022,1.0,0.17350000143051147,0.18449999392032623
681895,24995,Evan Sisk,-0.0018190490537175665,1.0,0.0,1.0
696148,sa3018173,Garrett Burhenn,-0.001819386117096334,1.0,0.17190000414848328,0.19189999997615814
680735,24604,Austin Cox,-0.0018214429708169593,1.0,0.16840000450611115,0.20839999616146088
669199,19222,Lake Bachar,-0.0018370033639411726,1.0,0.11159999668598175,0.475600004196167
641571,17466,Heath Fillmyer,-0.0018550922171231708,1.0,0.094200000166893,0.557200014591217
676454,sa3011710,Brendan Cellucci,-0.0018588943780785511,1.0,0.10279999673366547,0.5167999863624573
594943,11294,Zach Neal,-0.0018612149875461858,1.0,0.0,1.0
679200,sa3005702,Cruz Noriega,-0.0018663139696541153,1.0,0.15889999270439148,0.25290000438690186
453281,5221,Wade LeBlanc,-0.0018722728693191478,1.0,0.13230000436306,0.3783000111579895
676949,sa3007806,Miller Hogan,-0.0018763348800756368,1.0,0.14560000598430634,0.3156000077724457
672870,sa3003046,Osiris German,-0.0018807247326721283,1.0,0.018799999728798866,0.9118000268936157
547177,sa602699,Phil Pfeifer,-0.0018851052531724069,1.0,0.08330000191926956,0.608299970626831
643493,15290,Austin Pruitt,-0.0018918817228498906,1.0,0.015799999237060547,0.9258000254631042
670377,sa915725,Evan Miller,-0.001895832310314097,1.0,0.04540000110864639,0.7864000201225281
701719,30081,Tyler Samaniego,-0.0019003354796232738,1.0,0.0,1.0
678226,20271,Daysbel Hernández,-0.001904590659469189,1.0,0.0,1.0
677369,sa3004494,Austin Warner,-0.001914170325008687,1.0,0.12999999523162842,0.3889999985694885
650828,17355,Edgar Santana,-0.0019228418227724758,1.0,0.0,1.0
670873,sa945728,Lisandro Santos,-0.0019343649398636715,1.0,0.06909999996423721,0.6751000285148621
656077,sa828972,Félix Paulino,-0.0019347323256610296,1.0,0.02370000071823597,0.888700008392334
656451,sa829790,John Gavin,-0.0019423498266389044,1.0,0.0,1.0
669142,sa3014451,Tanner Burns,-0.0019445237180797813,1.0,0.1754000037908554,0.1754000037908554
676637,20541,Phoenix Sanders,-0.0019481942598667565,1.0,0.0,1.0
679693,sa3014857,Carson Coleman,-0.001967098630106568,1.0,0.0,1.0
516685,sa506311,Nelson Gonzalez,-0.0019813768541834887,1.0,0.0,1.0
641988,sa621533,Alex Powers,-0.0019929540714752865,1.0,0.0,1.0
801682,sa3018151,Ryan Boyer,-0.0020008779376718836,1.0,0.0,1.0
677013,sa3004676,Rio Gomez,-0.002002090347344119,1.0,0.05490000173449516,0.7419000267982483
657001,sa3007835,Mitch Stallings,-0.002007926764657992,1.0,0.13510000705718994,0.3650999963283539
650959,17583,Marcos Diplán,-0.0020136136081268896,1.0,0.0,1.0
663678,sa3008312,Colton Eastman,-0.0020162158600211255,1.0,0.17419999837875366,0.18119999766349792
694820,sa3014811,Braxton Roxby,-0.0020229010044412483,1.0,0.0,1.0
681544,sa3017539,Wyatt Olds,-0.0020266265162938663,1.0,0.17399999499320984,0.18199999630451202
663617,sa3007205,Frankie Bartow,-0.0020399053562933376,1.0,0.0,1.0
686607,sa3017540,Justin Fall,-0.002047214539411115,1.0,0.1662999987602234,0.218299999833107
676620,sa3004211,Blake Weiman,-0.002050672318960358,1.0,0.023000000044703484,0.8920000195503235
701581,30056,David Festa,-0.002064328585226643,1.0,0.16930000483989716,0.20430000126361847
680691,sa3007775,Justin Jarvis,-0.002066681265694521,1.0,0.1754000037908554,0.1754000037908554
643327,14862,Zack Godley,-0.0020672442105460808,1.0,0.15790000557899475,0.2578999996185303
682620,sa3009990,Richard Gallardo,-0.002074283540660693,1.0,0.17389999330043793,0.18289999663829803
542866,7411,Austin Adams,-0.0020786215102039027,1.0,0.0,1.0
643494,sa738686,A.J. Puckett,-0.002081345441655724,1.0,0.0828000009059906,0.61080002784729
656544,sa915685,Colton Hock,-0.002085567553708781,1.0,0.01889999955892563,0.9108999967575073
543456,9178,Kyle Lobstein,-0.0020972227798883025,1.0,0.0,1.0
686842,25663,McKinley Moore,-0.002109007589342178,12.0,0.0,12.0
682125,sa3006836,Tyler Joyner,-0.002110373747337157,1.0,0.1754000037908554,0.1754000037908554
695239,30167,Robby Ahlstrom,-0.0021131903572292237,1.0,0.16529999673366547,0.2232999950647354
673747,sa3011131,Edgar Sanchez,-0.0021140283911758196,1.0,0.17159999907016754,0.19359999895095825
676510,23381,Nolan Hoffman,-0.0021269932298031763,1.0,0.0,1.0
673766,sa1172728,Albertus Barber,-0.002138780144145488,1.0,0.0,1.0
667434,sa3017005,Kevin Kopps,-0.0021433196306039435,1.0,0.04879999905824661,0.770799994468689
676254,20423,Ryan Walker,-0.00214760416075845,1.0,0.0,1.0
605482,16106,Cy Sneed,-0.0021579743148651916,1.0,0.0,1.0
664942,18186,James Naile,-0.0021602277001864633,1.0,0.0,1.0
696155,sa3018185,Sean Sullivan,-0.002167652061914344,1.0,0.16459999978542328,0.22660000622272491
642607,15821,Dario Agrazal,-0.0021805959686126003,1.0,0.17069999873638153,0.19769999384880066
660875,19277,Jesús Reyes,-0.002203243124454182,1.0,0.0,1.0
543045,14457,Adam Conley,-0.0022036281888841457,1.0,0.0,1.0
657624,16794,Josh James,-0.0022056864322990235,1.0,0.0,1.0
667373,22036,Angel Rondón,-0.0022073576671056724,1.0,0.0,1.0
677421,sa3004680,Hayden Deal,-0.0022087229930385565,1.0,0.0746999979019165,0.6486999988555908
572021,13323,James Pazos,-0.0022117309171279047,1.0,0.0,1.0
621098,18332,Eric Hanhold,-0.0022156376021668627,1.0,0.0,1.0
667376,20074,Miguel Sánchez,-0.0022188015157285886,1.0,0.0,1.0
593468,sa547829,Claudio Custodio,-0.0022251004765906327,1.0,0.04839999973773956,0.7724000215530396
657518,sa829631,Matt Blackham,-0.002241773715986733,1.0,0.03370000049471855,0.84170001745224
671142,sa3014789,Jaime Arias,-0.0022489673190803096,1.0,0.14090000092983246,0.3379000127315521
429719,1841,Edwin Jackson,-0.002249550765035001,1.0,0.14319999516010284,0.3271999955177307
669740,sa917950,Travis MacGregor,-0.0022589318254452396,1.0,0.049800001084804535,0.7657999992370605
572371,sa503722,Tyler Higgins,-0.0022594383531147327,1.0,0.0,1.0
670081,sa918353,Scott Engler,-0.0022622283868572774,1.0,0.0,1.0
592169,17237,Austin Brice,-0.0022701314337727784,1.0,0.0,1.0
670078,sa918347,Ben Krauth,-0.002271990338297128,1.0,0.11890000104904175,0.4408999979496002
661099,sa861440,Alvaro Seijas,-0.0022840397396754505,1.0,0.15950000286102295,0.25049999356269836
657141,17585,Jordan Yamamoto,-0.0022847152681186355,1.0,0.10530000180006027,0.505299985408783
623454,15130,Drew Anderson,-0.002293248841376486,1.0,0.01600000075995922,0.925000011920929
668880,sa3004455,Fred Schlichtholz,-0.0022936363520687413,1.0,0.0,1.0
701288,sa3017547,Jacob Webb,-0.0022958098710008598,1.0,0.0,1.0
675983,sa3004770,Garrett Schilling,-0.0023018661298641976,1.0,0.12530000507831573,0.41130000352859497
622353,sa657843,Ramon Santos,-0.0023026251231661626,1.0,0.0,1.0
657047,sa3006946,Reagan Todd,-0.002302838851848391,1.0,0.0,1.0
665600,sa879559,Jasseel De La Cruz,-0.0023112490785721284,1.0,0.09700000286102295,0.5440000295639038
663325,sa3007710,Kevin Smith,-0.002313442374423517,1.0,0.12250000238418579,0.4244999885559082
656904,sa829022,Jared Robinson,-0.002318521930742963,1.0,0.0,1.0
679604,sa3010563,Tyler Beck,-0.0023209863678963576,1.0,0.0,1.0
605301,14338,Williams Jerez,-0.002329181690714278,1.0,0.0,1.0
663795,21546,Justin Hagenman,-0.0023358737273972046,1.0,0.030700000002980232,0.8557000160217285
643588,sa738610,Tyler Viza,-0.002339027935144369,1.0,0.0,1.0
701549,sa3017978,Jaylen Nowlin,-0.00234670069699613,1.0,0.1574999988079071,0.25949999690055847
656213,sa829618,Brad Bass,-0.0023467025566898544,1.0,0.04600000008940697,0.7839999794960022
554431,10058,Tyler Matzek,-0.002349054504037344,1.0,0.0,1.0
593574,sa550522,Luis González,-0.0023518848105409653,1.0,0.0,1.0
573127,9419,Zac Rosscup,-0.002370524682419894,1.0,0.0,1.0
672374,sa3002925,Franklin Dacosta,-0.0023725277289375177,1.0,0.09399999678134918,0.5580000281333923
668908,sa3005213,Justin Bullock,-0.0023791735261777924,1.0,0.1754000037908554,0.1754000037908554
694787,sa3017367,Jimmy Burnette,-0.00237928810729788,1.0,0.0,1.0
664346,sa871477,Carlos Guzman,-0.0023796933716590837,1.0,0.17090000212192535,0.19689999520778656
641838,15240,Kevin McCarthy,-0.002380811405217853,1.0,0.0,1.0
666627,sa917740,Faustino Carrera,-0.002385441590021392,1.0,0.1316000074148178,0.3815999925136566
621333,sa3004441,Ivan Pelaez,-0.0023887822207093895,1.0,0.0,1.0
641425,sa874215,Thomas Burrows,-0.0023910962687525624,1.0,0.0,1.0
674841,29914,Andrew Alvarez,-0.0023935197894923016,1.0,0.12460000067949295,0.4146000146865845
660825,20997,Eduard Bazardo,-0.0023953028435040147,1.0,0.0,1.0
690506,sa3018794,Brent Teller,-0.002397965749372202,1.0,0.09279999881982803,0.5637999773025513
621403,sa874754,Nathan Kirby,-0.0024048256072655857,1.0,0.11320000141859055,0.4681999981403351
676604,20379,Tyler Zuber,-0.0024185234333803356,1.0,0.0,1.0
685588,sa3009851,Wander Guante,-0.0024285265122743634,1.0,0.11810000240802765,0.44510000944137573
670151,sa874187,Wyatt Short,-0.002433213968033982,1.0,0.1111999973654747,0.4772000014781952
701240,sa3017206,Ethan Routzahn,-0.002437067576286844,1.0,0.007400000002235174,0.965399980545044
663398,sa857567,Luke Leftwich,-0.002447018123662065,1.0,0.0,1.0
519263,11432,A.J. Schugel,-0.0024482136507530316,1.0,0.0,1.0
456051,3292,Hector Noesí,-0.002452002047488426,1.0,0.11630000174045563,0.45329999923706055
660906,21018,Francisco Pérez,-0.002455602402656407,1.0,0.0,1.0
681982,20546,Grant Anderson,-0.0024632673162606907,1.0,0.0,1.0
678316,23875,Omar Cruz,-0.002468323822421434,1.0,0.10189999639987946,0.5209000110626221
518858,4696,Nate Jones,-0.002470798158460315,1.0,0.0,1.0
672629,22754,Gerardo Carrillo,-0.002473604725790218,1.0,0.01769999973475933,0.916700005531311
669062,26252,Erik Miller,-0.0024747494020469665,1.0,0.08489999920129776,0.6008999943733215
687102,sa3017069,Ross Carver,-0.002477508829573939,1.0,0.1754000037908554,0.1754000037908554
682445,25241,Domingo Gonzalez,-0.0024785271855035772,1.0,0.12999999523162842,0.3889999985694885
656032,sa828462,Daniel Álvarez,-0.0024819833220054047,1.0,0.0,1.0
674868,sa3018107,Rodney Boone,-0.0024826851637995044,1.0,0.1754000037908554,0.1754000037908554
642016,21229,Daniel Robert,-0.002495239669585814,1.0,0.0,1.0
805368,sa3019302,Hunter Dollander,-0.0025075163537186173,1.0,0.1597999930381775,0.24879999458789825
594056,13058,Reymin Guduan,-0.0025134747964980805,1.0,0.0,1.0
674810,sa978399,Victor Castaneda,-0.0025138567439308454,1.0,0.17399999499320984,0.18199999630451202
518553,6483,Steve Cishek,-0.002524911470517704,1.0,0.0,1.0
641851,15071,Kyle McGowin,-0.002528512881299559,1.0,0.0,1.0
683689,sa3008713,Carlo Reyes,-0.002529774364831976,1.0,0.10040000081062317,0.5284000039100647
677012,sa3004362,Jonathan Cheshire,-0.002534683278859803,1.0,0.0,1.0
606162,15655,Yefry Ramírez,-0.002539824543517547,1.0,0.0,1.0
669135,22218,Mac Sceroler,-0.002540015174080552,1.0,0.0,1.0
621114,17536,Ryan Burr,-0.0025401180888851792,1.0,0.0,1.0
676890,sa3004022,Scott Boches,-0.0025412201657848956,1.0,0.015799999237060547,0.9258000254631042
683003,27863,Jared Jones,-0.002544715550385647,1.0,0.1754000037908554,0.1754000037908554
679775,29615,Kyle Backhus,-0.002552190853746825,1.0,0.0,1.0
664125,sa875026,Brandon Koch,-0.002552677444778936,1.0,0.0,1.0
695405,sa3016912,Cameron Leonard,-0.002565512025653756,1.0,0.0,1.0
676597,sa3004345,Charlie Neuweiler,-0.0025711742601229326,1.0,0.15160000324249268,0.28760001063346863
664337,21111,Miguel Yajure,-0.002576143491170746,1.0,0.02879999950528145,0.864799976348877
570488,15605,Phillips Valdez,-0.0025794531187456862,1.0,0.0,1.0
681094,sa3017916,Keyshawn Askew,-0.0025860902691906334,1.0,0.13529999554157257,0.364300012588501
666888,sa909930,Yaisel Sierra,-0.0025905922648414583,1.0,0.0,1.0
673858,23095,Jake Wong,-0.0025947403322280657,1.0,0.16040000319480896,0.24639999866485596
676358,sa3004341,Evan Kruczynski,-0.0025958623234757132,1.0,0.0,1.0
671131,26215,Jackson Rutledge,-0.002599347431251385,1.0,0.1754000037908554,0.1754000037908554
595881,16981,Tyler Beede,-0.0026057675827686508,1.0,0.04230000078678131,0.8012999892234802
681835,sa3008375,Jose Quezada,-0.002612222274339213,1.0,0.0038999998942017555,0.9818999767303467
682175,25178,Joe Jacques,-0.002622566564119958,1.0,0.00930000003427267,0.9563000202178955
672911,20042,Jesus Cruz,-0.0026250522626650257,1.0,0.0,1.0
661837,sa3004573,Dominic LoBrutto,-0.0026280823133171074,1.0,0.0,1.0
502327,4026,Héctor Santiago,-0.002632633593320771,1.0,0.019999999552965164,0.906000018119812
668948,20555,Kirk McCarty,-0.002633598482829487,1.0,0.04190000146627426,0.8029000163078308
641501,15126,Tyler Danish,-0.0026402332226852306,1.0,0.0,1.0
673929,29950,Jordan Leasure,-0.002644463811763025,1.0,0.0,1.0
592527,10835,Michael Mariot,-0.0026454577780756676,1.0,0.16769999265670776,0.21170000731945038
669454,sa918087,Zack Trageton,-0.0026467522821599196,1.0,0.14319999516010284,0.3271999955177307
571858,14101,Branden Kline,-0.0026508670730907473,1.0,0.0,1.0
650496,20617,J.C. Mejía,-0.0026549592698471226,1.0,0.0,1.0
680223,sa3017491,Kyle Virbitsky,-0.0026574338884195127,1.0,0.17389999330043793,0.18289999663829803
676881,sa3016937,Garrett Schoenle,-0.0026632114269527153,1.0,0.12120000272989273,0.4302000105381012
687381,sa3010573,Matteo Bocchi,-0.0026645872385136276,1.0,0.11630000174045563,0.45329999923706055
622492,15964,Keury Mella,-0.0026697571066455136,1.0,0.0,1.0
656657,20231,Zach Logue,-0.0026819785473692474,8.98550033569336,1.6200000047683716,1.6200000047683716
678255,sa3007991,Anderson Paulino,-0.002682274363371891,1.0,0.0877000018954277,0.5877000093460083
664092,19583,Sean Poppen,-0.002682989662345706,1.0,0.0,1.0
593140,11903,Michael Feliz,-0.0026935311888641638,1.0,0.0,1.0
600853,sa597194,Jose Adames,-0.002698157023543214,1.0,0.0,1.0
678287,sa3006815,Alejandro Melean,-0.0026983053050890567,1.0,0.16349999606609344,0.23149999976158142
670109,sa918394,Jacob Bosiokovic,-0.002700727631034928,1.0,0.0,1.0
474699,6435,Vance Worley,-0.0027093724032455292,1.0,0.17319999635219574,0.18619999289512634
695373,sa3018184,Javi Rivera,-0.0027182098426789827,1.0,0.15809999406337738,0.257099986076355
678358,sa3006482,Jose Salvador,-0.0027194293435467204,1.0,0.1754000037908554,0.1754000037908554
592570,12185,Akeel Morris,-0.002721029548533204,1.0,0.0,1.0
664700,sa876284,Daniel Tillo,-0.0027281468547286094,1.0,0.04259999841451645,0.7996000051498413
686671,sa3017720,Thomas Farr,-0.0027282115767439863,1.0,0.17190000414848328,0.19189999997615814
665417,sa827380,Kyle Kubat,-0.002740743740054831,1.0,0.1421000063419342,0.3321000039577484
701487,30179,Pierson Ohl,-0.00274570900319191,1.0,0.17159999907016754,0.19359999895095825
667280,sa3010118,Andrew Misiaszek,-0.002753793461739506,10.0,0.0,10.0
663657,sa875052,Garrett Davila,-0.002760157240597461,1.0,0.13210000097751617,0.3790999948978424
605309,14696,Keone Kela,-0.002770627484593104,1.0,0.0,1.0
681035,30107,Christian Scott,-0.002783327305166991,1.0,0.1412000060081482,0.3361999988555908
686679,sa3010812,Dylan Spacke,-0.0027949988937445032,1.0,0.0843999981880188,0.6033999919891357
453172,9325,Jared Hughes,-0.0027985084900327903,1.0,0.0,1.0
693433,30279,Bryan Woo,-0.002806396086270942,1.0,0.1754000037908554,0.1754000037908554
623354,17811,Daniel Zamora,-0.0028067517576230282,1.0,0.0,1.0
643452,sa739012,Sal Mendez,-0.002817641246115642,1.0,0.05000000074505806,0.7649999856948853
593679,12938,Gabriel Ynoa,-0.0028183653373667875,1.0,0.10189999639987946,0.5209000110626221
450306,8044,Jason Vargas,-0.002820583559652802,1.0,0.17419999837875366,0.18119999766349792
642376,sa828460,Jefry Yan,-0.0028365113018707735,1.0,0.0649000033736229,0.6948999762535095
695246,sa3017752,Scott Randall,-0.002844070778250292,1.0,0.1754000037908554,0.1754000037908554
434538,3201,Francisco Liriano,-0.0028447600954461835,1.0,0.0,1.0
669746,sa918150,Tommy Eveld,-0.0028487783806215427,1.0,0.029100000858306885,0.863099992275238
670057,19480,Ryan Hartman,-0.0028491282439736623,1.0,0.0,1.0
444468,2391,Héctor Rondón,-0.002853784308536042,1.0,0.0,1.0
664584,19940,Jhon Romero,-0.002867004770836797,1.0,0.0,1.0
687606,25501,Paxton Schultz,-0.00286701103569111,1.0,0.16699999570846558,0.2150000035762787
685116,27910,Austin Kitchen,-0.0028681608118651006,1.0,0.06889999657869339,0.6758999824523926
670376,sa918495,Alejandro Mateo,-0.0028706572130434834,1.0,0.0272000003606081,0.8722000122070312
672435,sa3002949,Juan Mejia,-0.0028741306168865487,1.0,0.023900000378489494,0.8878999948501587
680689,24581,Lyon Richardson,-0.0028746413715924914,1.0,0.17350000143051147,0.18449999392032623
642530,sa737048,Luis Reyes,-0.00289093179715261,1.0,0.16750000417232513,0.21250000596046448
681548,sa3008040,Yusniel Padron-Artiles,-0.0028984138799236473,1.0,0.16930000483989716,0.20430000126361847
445213,9939,Brandon Kintzler,-0.002906945791368129,1.0,0.006000000052154064,0.972000002861023
650493,sa828216,Henry Martinez,-0.0029150327939657258,1.0,0.0,1.0
677742,sa873686,Tyler Zombro,-0.0029165727348697754,1.0,0.0,1.0
448609,8280,Tony Sipp,-0.002917214853208331,1.0,0.0,1.0
542960,6627,Brad Brach,-0.002919783707970721,1.0,0.0,1.0
669081,sa3015035,Jack Dashwood,-0.0029215697397405823,1.0,0.025100000202655792,0.882099986076355
678184,sa3017383,Garrett Hawkins,-0.0029259205394274795,1.0,0.1754000037908554,0.1754000037908554
695065,sa3017260,Ryan Costeiu,-0.0029263209157890007,1.0,0.156700000166893,0.263700008392334
685321,sa3016939,Gabe Bierman,-0.002929117556264491,1.0,0.17000000178813934,0.20100000500679016
665999,sa916836,Miguel Figueroa,-0.0029304473314580586,1.0,0.0,1.0
674468,sa3007840,Anderson Munoz,-0.0029305570558023288,1.0,0.1388999968767166,0.34689998626708984
605448,sa598926,Bradley Roney,-0.0029351990395448083,1.0,0.0,1.0
622103,16306,Gerardo Reyes,-0.0029375794004230745,1.0,0.0,1.0
641483,sa738313,Cale Coshow,-0.002940336298430458,1.0,0.0,1.0
670154,sa874212,Nolan Blackwood,-0.002942391440641627,1.0,0.0,1.0
682056,sa3007999,Tyler Jones,-0.0029472187663659136,1.0,0.0,1.0
676339,sa3006964,Sean Rackoski,-0.002951126940680338,1.0,0.0,1.0
656450,sa828693,Joe Gatto,-0.0029534639663369128,1.0,0.04879999905824661,0.770799994468689
685326,30004,McCade Brown,-0.0029577199168073004,1.0,0.1754000037908554,0.1754000037908554
683157,sa3011433,Evan Fitterer,-0.0029588658710487997,1.0,0.1754000037908554,0.1754000037908554
669298,27567,TJ Shook,-0.0029618902457181394,1.0,0.1678999960422516,0.21089999377727509
681259,sa3006823,Aaron Pinto,-0.002979125321021998,1.0,0.018799999728798866,0.9118000268936157
677976,23798,Randy Dobnak,-0.002993904857400386,22.0,0.0,22.0
680880,30002,Grant Holman,-0.0029975682205948474,1.0,0.1671999990940094,0.2142000049352646
668964,22191,Tobias Myers,-0.0029998660939300355,1.0,0.17440000176429749,0.18039999902248383
667445,sa3005114,Marshall Kasowski,-0.003008622947580437,1.0,0.01720000058412552,0.9192000031471252
596720,11604,Dovydas Neverauskas,-0.0030175332918353326,1.0,0.0,1.0
346847,979,Joe Beimel,-0.0030196148077058717,1.0,0.021800000220537186,0.8978000283241272
682255,sa3010244,Seth Mayberry,-0.0030241484992425158,1.0,0.0,1.0
621455,sa659266,Sean McLaughlin,-0.003029167929002116,1.0,0.020899999886751175,0.9018999934196472
621068,sa874967,Riley Ferrell,-0.003029607129379927,1.0,0.0,1.0
689101,sa3014804,James Proctor,-0.0030312647759251723,1.0,0.1754000037908554,0.1754000037908554
608167,14699,Jonathan Aro,-0.00304847194553443,1.0,0.09040000289678574,0.5753999948501587
673908,sa3017129,J.J. Niekro,-0.003051869417405806,1.0,0.16019999980926514,0.24719999730587006
679025,sa3006141,Jordi Martinez,-0.003057878123751441,1.0,0.1712000072002411,0.19519999623298645
662107,sa3004826,Brian Glowicki,-0.003061619205686892,1.0,0.07530000060796738,0.6463000178337097
686645,sa3011803,Jean Pinto,-0.0030639521187215534,1.0,0.16670000553131104,0.2167000025510788
642840,16459,Joe Harvey,-0.0030643758997546404,1.0,0.0,1.0
669668,sa3010365,Cameron Junker,-0.0030756918739295136,1.0,0.01769999973475933,0.916700005531311
606996,19646,Kyle Hart,-0.0030901113725130976,1.0,0.14350000023841858,0.3255000114440918
621142,14719,Ty Buttrey,-0.0030973653482679344,1.0,0.0,1.0
543548,7608,Tommy Milone,-0.003105277475285992,1.0,0.0,1.0
518566,11964,Taylor Cole,-0.003105646249594569,1.0,0.024900000542402267,0.8828999996185303
657585,16866,Reed Garrett,-0.0031103684438339024,1.0,0.0,1.0
672456,22630,Keider Montero,-0.00312242237146667,1.0,0.1754000037908554,0.1754000037908554
690374,sa3011889,Noah Denoyer,-0.0031245217517404935,10.0,0.0,10.0
681644,sa3006417,Inohan Paniagua,-0.0031261234705925547,1.0,0.1754000037908554,0.1754000037908554
445197,9948,Mike Dunn,-0.0031345322785085727,1.0,0.0,1.0
547176,14467,Daniel Camarena,-0.003141190936779908,1.0,0.0,1.0
665142,sa876250,Adam Lau,-0.0031468589206297736,1.0,0.04740000143647194,0.777400016784668
501697,5830,Jhan Mariñez,-0.0031485300604697304,1.0,0.0,1.0
519096,7385,Dan Otero,-0.0031509692454926657,1.0,0.0,1.0
680951,30142,Doug Nikhazy,-0.0031549860562209366,1.0,0.1754000037908554,0.1754000037908554
622063,sa875060,Jack Wynkoop,-0.0031576460671493617,1.0,0.0,1.0
656001,sa832779,Moises Gomez,-0.003164210565925358,1.0,0.02019999921321869,0.9052000045776367
666208,21859,Alex Speas,-0.003167417700013449,1.0,0.024700000882148743,0.8837000131607056
658431,19903,Adonis Medina,-0.003180986064112496,1.0,0.0,1.0
502188,3254,Jeff Samardzija,-0.0031841118160880104,1.0,0.1754000037908554,0.1754000037908554
630263,16668,James Bourque,-0.0032169690155990204,1.0,0.0,1.0
664585,sa887660,Jefry Valdez,-0.0032460086518466052,1.0,0.024399999529123306,0.8853999972343445
519443,11428,Brandon Workman,-0.0032477849140116507,1.0,0.0,1.0
676702,23455,Hunter Stratton,-0.0032545191608565776,1.0,0.01720000058412552,0.9192000031471252
641974,sa3008595,Alex Phillips,-0.0032563889657983313,1.0,0.0,1.0
650654,sa828598,Cristopher Molina,-0.0032648521824767546,1.0,0.07050000131130219,0.6685000061988831
657770,16873,Eric Stout,-0.003265930357911254,1.0,0.0,1.0
665963,sa918121,Henry Henry,-0.0032682083978411666,1.0,0.11860000342130661,0.4426000118255615
663880,sa3005302,Peyton Remy,-0.0032846874269233904,1.0,0.12559999525547028,0.40959998965263367
642629,17304,Emmanuel Ramirez,-0.0032847606566517745,1.0,0.0,1.0
678713,sa3005692,Efrain Contreras,-0.003294407161869304,1.0,0.1754000037908554,0.1754000037908554
592135,13360,Cam Bedrosian,-0.0032969897220399766,1.0,0.008799999952316284,0.9588000178337097
665968,sa917387,Juan Mota,-0.00329726506346507,1.0,0.0,1.0
682595,sa3008103,Robbie Baker,-0.0033006172899534116,1.0,0.008899999782443047,0.9578999876976013
543169,12027,Brian Flynn,-0.003313839628634378,1.0,0.011900000274181366,0.9438999891281128
687424,26034,Anthony Maldonado,-0.003322051977289973,4.0,0.0,4.0
663390,sa856254,Ryan Mason,-0.003322635398346077,1.0,0.0,1.0
685311,sa3016906,Tommy Sommer,-0.003325982932299045,1.0,0.17389999330043793,0.18289999663829803
660422,17505,Jorge Guzmán,-0.0033272179682926235,1.0,0.0,1.0
642371,sa737032,Junior Garcia,-0.003330081080671165,1.0,0.0,1.0
668761,sa3011126,Colin Peluse,-0.003332868995445508,1.0,0.17229999601840973,0.19030000269412994
681854,sa3010243,Connor Van Scoyoc,-0.003333485265671192,1.0,0.17389999330043793,0.18289999663829803
669435,sa3010119,Mitchell Kilkenny,-0.003337760319650474,1.0,0.1754000037908554,0.1754000037908554
518748,11720,Justin Grimm,-0.003361269921631436,1.0,0.0,1.0
650504,sa828552,Breiling Eusebio,-0.003363577359805761,1.0,0.17350000143051147,0.18449999392032623
598286,12575,Nick Ramirez,-0.003371729522303986,1.0,0.0,1.0
670428,sa918535,Tyler Erwin,-0.003375781158580897,1.0,0.0,1.0
677952,23793,Braxton Ashcraft,-0.003385309714813668,1.0,0.1754000037908554,0.1754000037908554
684665,sa3017653,Luke Murphy,-0.0033896566422623622,1.0,0.0,1.0
700413,29961,Tyler Uberstine,-0.0034004496828263647,1.0,0.1606999933719635,0.24469999969005585
663977,sa3007590,Jake Higginbotham,-0.0034165665423681346,1.0,0.0,1.0
596043,16980,Daniel Mengden,-0.003423519102918607,1.0,0.06679999828338623,0.6858000159263611
691094,25804,Randy Wynne,-0.0034338170024829084,1.0,0.16930000483989716,0.20430000126361847
642073,15118,James Sherfy,-0.003436019001771195,1.0,0.0,1.0
691721,sa3014471,Jared Kelley,-0.0034491445430686295,1.0,0.1754000037908554,0.1754000037908554
679882,sa3014972,John Beller,-0.003451430153586112,1.0,0.049800001084804535,0.7657999992370605
676699,sa3004215,Seth Nordlin,-0.0034530561176914433,1.0,0.09139999747276306,0.5703999996185303
682523,sa3007862,Tyler Mitzel,-0.00345357212197281,1.0,0.0,1.0
692479,sa3015282,Dahian Santos,-0.003465581288429584,1.0,0.16580000519752502,0.2207999974489212
691068,sa3010005,Michael Stryffeler,-0.003467137573734655,1.0,0.0,1.0
669229,sa3011218,Ben Brecht,-0.0034703740933201338,1.0,0.16979999840259552,0.20180000364780426
656290,19868,Drew Carlton,-0.0034712644071171962,1.0,0.0,1.0
503569,4185,Rafael Dolis,-0.003473850331334547,1.0,0.0,1.0
665321,sa857571,Andrew Schwaab,-0.0034760324901091312,1.0,0.0,1.0
666974,25911,Yennier Cano,-0.0034805744206186573,14.0,0.0,14.0
687460,sa1170425,Zack Phillips,-0.0034834783644341876,1.0,0.06679999828338623,0.6858000159263611
592155,16061,Cam Booser,-0.0034891353976268767,1.0,0.0,1.0
673111,22982,José Lopez,-0.003490157184263153,1.0,0.0,1.0
622490,14399,Robinson Leyer,-0.0034908822086379817,1.0,0.03750000149011612,0.8234999775886536
607555,18306,Taylor Guilbeau,-0.003494898102192725,1.0,0.0,1.0
607215,16155,Eric Skoglund,-0.0034951321989969155,1.0,0.13369999825954437,0.3716999888420105
660440,sa877574,Odalvi Javier,-0.003496373580545617,1.0,0.016499999910593033,0.9225000143051147
682845,sa3008237,Rito Lugo,-0.003504607043069308,1.0,0.13699999451637268,0.35600000619888306
657096,sa876362,Braden Webb,-0.0035085044487010763,1.0,0.0,1.0
573668,10341,Juan Minaya,-0.0035119230184275357,1.0,0.0,1.0
622446,17018,Jefry Rodriguez,-0.0035175583121504774,1.0,0.02879999950528145,0.864799976348877
660302,sa873148,Dalbert Siri,-0.0035264714969412783,1.0,0.0,1.0
656259,sa829003,Jordan Brink,-0.003528646112923601,1.0,0.0,1.0
669205,sa3005187,Lincoln Henzman,-0.003528897885760232,1.0,0.07329999655485153,0.6553000211715698
666711,21951,Joel Peguero,-0.0035412232456650183,1.0,0.049300000071525574,0.7682999968528748
502026,9490,Jeremy Jeffress,-0.003541744299380754,1.0,0.0,1.0
689242,sa3015006,Nick Krauth,-0.003543084394627018,1.0,0.1639000028371811,0.22990000247955322
691963,sa3011844,Noah Gotsis,-0.0035603602159329888,1.0,0.13210000097751617,0.3790999948978424
656235,sa829601,Cameron Bishop,-0.0035637098552715215,1.0,0.0,1.0
600944,17418,David Paulino,-0.003567026367611156,1.0,0.0,1.0
641855,sa738318,Ian McKinney,-0.003573328084640733,1.0,0.13490000367164612,0.3659000098705292
681795,sa3007906,Ryan Conroy,-0.003573658032086737,1.0,0.038100000470876694,0.8210999965667725
543726,6819,Robbie Ross Jr.,-0.003574984030959563,1.0,0.028200000524520874,0.8672000169754028
682002,sa3007856,Blake Workman,-0.0035755810336575615,1.0,0.03460000082850456,0.8375999927520752
676601,sa874231,Logan Salow,-0.0035784347755419906,1.0,0.12530000507831573,0.41130000352859497
688873,sa3010581,Matt Mullenbach,-0.0035832192721335534,1.0,0.0,1.0
695318,sa3017935,Jamison Hill,-0.0035855169270703415,1.0,0.16859999299049377,0.20759999752044678
607352,13194,Joe Biagini,-0.00358781474951507,1.0,0.0,1.0
694642,sa3015089,Kent Hasler,-0.00359625468564748,1.0,0.0,1.0
624514,sa918258,Ryan Olson,-0.0035963714240976807,1.0,0.08209999650716782,0.6140999794006348
670908,sa3002917,Rafael Kelly,-0.0035989462656756768,1.0,0.1754000037908554,0.1754000037908554
669294,22248,Paul Campbell,-0.003601253186212402,1.0,0.024000000208616257,0.8870000243186951
680802,24621,Ryan Weiss,-0.0036146764323455615,1.0,0.014000000432133675,0.9340000152587891
670104,sa918482,Colin McKee,-0.0036185099303461684,1.0,0.024700000882148743,0.8837000131607056
693713,27999,Emiliano Teodo,-0.003625696255487098,1.0,0.1656000018119812,0.2215999960899353
678041,sa3005359,Brendan Nail,-0.003629417277925636,1.0,0.0,1.0
663578,sa3010775,Jensen Elliott,-0.003629788367919453,1.0,0.0,1.0
592804,10688,Tyler Thornburg,-0.0036324721030784116,1.0,0.0,1.0
703231,29891,James Meeker,-0.003636000038726425,1.0,0.03420000150799751,0.8392000198364258
672550,sa3002980,Danis Correa,-0.003647671014522497,1.0,0.0,1.0
519455,4505,Jordan Zimmermann,-0.0036569998789212246,1.0,0.0,1.0
571666,7754,Mike Fiers,-0.003657127136204616,1.0,0.1754000037908554,0.1754000037908554
670183,27583,Garrett Acton,-0.003657174962552336,1.0,0.02630000002682209,0.8762999773025513
622379,20638,Luis F. Castillo,-0.0036610313704470484,1.0,0.0,1.0
621385,13780,Daniel Stumpf,-0.0036621136420957375,1.0,0.0,1.0
674115,sa3018281,Kyle Mora,-0.003663843082163572,1.0,0.02160000056028366,0.8985999822616577
407845,494,Fernando Rodney,-0.0036639287443988857,1.0,0.0,1.0
672021,30128,Eric Cerantola,-0.0036690642223760153,1.0,0.1754000037908554,0.1754000037908554
489295,3599,Brian Schlitter,-0.0036710965020710353,1.0,0.0,1.0
676784,sa1055560,Jake Lyons,-0.0036728909831751366,1.0,0.10740000009536743,0.49540001153945923
674245,sa3004860,Jhordany Mezquita,-0.003673395064581527,1.0,0.0877000018954277,0.5877000093460083
672354,sa3006694,Wen-Hua Sung,-0.003676485841315368,1.0,0.0,1.0
678495,23974,Randy Rodríguez,-0.0036793688717947047,1.0,0.12189999967813492,0.4268999993801117
667725,22092,Kyle Tyler,-0.003684441075616951,1.0,0.0,1.0
592630,sa658287,Ronald Peña,-0.003688286858506211,1.0,0.0,1.0
605260,13616,Taylor Guerrieri,-0.0036886758897726074,1.0,0.0,1.0
676932,sa3008588,Rylan Kaufman,-0.003689633988843403,1.0,0.17000000178813934,0.20100000500679016
687879,sa1170867,Luis Quiñones,-0.0036931754022297854,1.0,0.16740000247955322,0.2134000062942505
543883,7555,Nick Vincent,-0.0036968862501258106,1.0,0.0,1.0
594965,16110,Daniel Ponce de Leon,-0.0036987182106250033,1.0,0.0333000011742115,0.8432999849319458
595926,sa598099,Jason Creasy,-0.003701378707392285,1.0,0.0,1.0
668757,sa918295,Matt Dennis,-0.0037026637323063307,1.0,0.09399999678134918,0.5580000281333923
685401,sa3010306,Logan Gragg,-0.0037292228209988704,1.0,0.1412000060081482,0.3361999988555908
668971,sa3015033,Mason Hickman,-0.0037305351849735774,1.0,0.1225999966263771,0.4235999882221222
682608,25310,Peyton Gray,-0.003731272297219922,1.0,0.0,1.0
543278,6499,Blaine Hardy,-0.003736532443673583,1.0,0.0,1.0
607609,16266,A.J. Ladwig,-0.003738842656975612,1.0,0.0,1.0
656678,sa829063,Erik Manoah Jr.,-0.0037417913869874186,1.0,0.0,1.0
605143,14244,Ray Black,-0.0037427741519014085,1.0,0.0,1.0
673933,sa3006695,David Lebron,-0.0037429472167503754,1.0,0.0,1.0
593163,sa550615,Carlos Navas,-0.0037433410285769193,1.0,0.03680000081658363,0.8267999887466431
687239,26406,Ben Peoples,-0.0037482464252041664,1.0,0.17389999330043793,0.18289999663829803
621404,sa875198,Ryan Lawlor,-0.003754938855316582,1.0,0.0,1.0
643532,19671,Sterling Sharp,-0.0037662068872429985,1.0,0.0,1.0
657122,sa828702,Ronnie Williams,-0.0037745803385738383,1.0,0.13650000095367432,0.35850000381469727
607473,12452,Chasen Bradford,-0.003785028759315884,1.0,0.0,1.0
674372,sa975541,Osvaldo Hernandez,-0.0037856264374983763,1.0,0.06750000268220901,0.6825000047683716
572888,10756,Shane Greene,-0.003788620150960122,1.0,0.0,1.0
680632,sa3008330,Rafael Marcano,-0.0037957190758311807,1.0,0.1632000058889389,0.23319999873638153
641350,sa3004698,Cody Beckman,-0.003796547840363546,1.0,0.04610000178217888,0.7831000089645386
676622,sa3004864,Kyle Zurak,-0.0038014491867028374,1.0,0.0,1.0
681994,sa3007254,Ryan Tapani,-0.0038021915412012083,1.0,0.03139999881386757,0.852400004863739
663716,sa3007461,Andrew Cabezas,-0.003802496371864546,1.0,0.0,1.0
514981,6238,Diego Moreno,-0.003807904734599177,1.0,0.0,1.0
607572,16265,Sam Howard,-0.003808119937752111,1.0,0.0,1.0
681751,24914,Lazaro Estrada,-0.0038088008830249286,1.0,0.16050000488758087,0.24549999833106995
663587,sa876081,Fitz Stadler,-0.003811634056624418,1.0,0.021400000900030136,0.899399995803833
592712,13483,Connor Sadzeck,-0.0038196888690562245,1.0,0.0,1.0
665018,sa876201,Hector Lujan,-0.0038387154340438086,1.0,0.0,1.0
681671,sa3007967,Zack Leban,-0.003850484041270533,1.0,0.0,1.0
453284,5224,Blake Parker,-0.003850581240347126,1.0,0.0,1.0
682029,sa3006707,Connor Curlis,-0.0038549334703687948,1.0,0.15440000593662262,0.274399995803833
682059,sa3009933,Derrick Adams,-0.0038570690526105946,1.0,0.07739999890327454,0.6363999843597412
592438,sa549740,Chase Johnson,-0.0038646524924926613,1.0,0.038100000470876694,0.8210999965667725
641739,15792,Rob Kaminsky,-0.0038673852202245926,1.0,0.0,1.0
664006,sa3004637,Joey Marciano,-0.003869057262942198,1.0,0.014600000344216824,0.9315999746322632
592464,11618,Mike Kickham,-0.00387610768888142,1.0,0.0,1.0
669183,sa3011129,Grant Gambrell,-0.003878620042520255,1.0,0.1754000037908554,0.1754000037908554
687863,26413,Porter Hodge,-0.0038789133285499025,1.0,0.17389999330043793,0.18289999663829803
605501,15859,Stephen Tarpley,-0.0038861132660348,1.0,0.0,1.0
650690,sa828727,Carlos Luna,-0.0038885092968339876,1.0,0.1460999995470047,0.31310001015663147
621355,sa827486,Alex Katz,-0.003891042538989887,1.0,0.07249999791383743,0.659500002861023
571993,sa658577,Chris Nunn,-0.003903685536366961,1.0,0.0,1.0
656786,21324,Parker Mushinski,-0.00391757259825736,14.0,0.0,14.0
666005,sa917861,Andres Sotillet,-0.003919463683960712,1.0,0.0,1.0
660619,sa873145,Felipe Tejada,-0.003924233593224878,1.0,0.0,1.0
683101,sa3011420,JJ Goss,-0.003941767835918853,1.0,0.1754000037908554,0.1754000037908554
624586,14605,James Hoyt,-0.003944474332482229,1.0,0.0,1.0
622092,14169,Kyle Zimmer,-0.00394834270723302,1.0,0.009800000116229057,0.9538000226020813
641420,19159,Zack Burdi,-0.003951299491954174,1.0,0.0,1.0
676561,sa915726,Jeffrey Passantino,-0.003954559153949043,1.0,0.07249999791383743,0.659500002861023
639238,sa732750,Edgar Arredondo,-0.003955336202999946,1.0,0.09279999881982803,0.5637999773025513
663472,sa3007713,Jack Perkins,-0.003973556047956023,1.0,0.11649999767541885,0.45249998569488525
606959,14962,Rookie Davis,-0.003975634214203334,1.0,0.049300000071525574,0.7682999968528748
668857,sa3010647,Dante Biasi,-0.003981352329917635,1.0,0.16050000488758087,0.24549999833106995
690928,30240,Hunter Dobbins,-0.003983288674241407,1.0,0.1754000037908554,0.1754000037908554
681564,sa3006825,Alex Royalty,-0.003985761002261791,1.0,0.0,1.0
467008,4070,Pedro Strop,-0.0039875545500313424,1.0,0.0,1.0
668683,19981,Jeremy Walker,-0.00399246020987469,1.0,0.0,1.0
680758,sa3008227,Michael Byrne,-0.004000887638351729,1.0,0.0,1.0
595918,11467,A.J. Cole,-0.0040028288442985815,1.0,0.0,1.0
689188,sa3019458,Tim Holdgrafer,-0.004004113000166224,1.0,0.0,1.0
671960,sa3018192,Jordan Marks,-0.004004634998413647,1.0,0.16019999980926514,0.24719999730587006
683014,sa3008434,Richard Guasch,-0.004013910011100004,1.0,0.10930000245571136,0.486299991607666
664196,18029,Tanner Anderson,-0.004022032684479902,1.0,0.0,1.0
643230,15291,Steven Brault,-0.004023003022774601,1.0,0.0,1.0
664918,18890,Kyle Keller,-0.004044765986766686,1.0,0.0,1.0
660822,sa873188,Robinson Martínez,-0.004060662681392747,1.0,0.0,1.0
657246,sa915630,Ryan Nutof,-0.004069990013407402,1.0,0.0,1.0
656457,17964,Tyler Gilbert,-0.004070312329353693,1.0,0.16019999980926514,0.24719999730587006
672551,sa3002981,Didier Vargas,-0.004076085959716275,1.0,0.10320000350475311,0.5152000188827515
676395,23363,Robert Garcia,-0.004078897283687106,1.0,0.0,1.0
501625,5358,Jose Alvarez,-0.004086679443352538,1.0,0.0,1.0
691669,sa3011682,Gabriel Sosa,-0.00409487971512525,1.0,0.0,1.0
678371,sa3006358,Ivan Armstrong,-0.00409498719675506,1.0,0.0,1.0
681025,sa3007931,Denny Bentley,-0.004107891239259566,1.0,0.0,1.0
543935,9239,Alex Wilson,-0.004109910000141291,1.0,0.0,1.0
669942,sa919112,Chad Donato,-0.004123935218077933,1.0,0.15629999339580536,0.2653000056743622
656548,20631,Jordan Holloway,-0.0041350361001402346,1.0,0.0,1.0
661156,sa872809,Luis Amaya,-0.004139235676420543,1.0,0.0,1.0
686580,25648,Justin Slaten,-0.00413967385722569,1.0,0.09629999846220016,0.5472999811172485
622230,sa856275,Andrew Lee,-0.004150812071600459,1.0,0.0,1.0
664744,21131,Jose Espada,-0.00415358371332444,1.0,0.1573999971151352,0.2603999972343445
678085,sa3006479,Alfredi Jimenez,-0.004153653653671341,1.0,0.15649999678134918,0.2644999921321869
680970,sa3006640,Andrew Pérez,-0.004155916887113068,1.0,0.013899999670684338,0.9348999857902527
685010,sa3017610,Dustin Saenz,-0.004158511319245479,1.0,0.1754000037908554,0.1754000037908554
676707,sa3004771,John Russell,-0.004165942828201884,1.0,0.0,1.0
687205,sa1170906,Charles Hall,-0.004181247927582637,1.0,0.0,1.0
678616,sa3006697,C.J. Eldred,-0.004181366350048179,1.0,0.07419999688863754,0.651199996471405
656725,16317,Alex McRae,-0.004195176235662168,1.0,0.0,1.0
669799,sa917812,Alfonso Hernández,-0.004213408695872738,1.0,0.15469999611377716,0.2727000117301941
607188,13699,Jake Faria,-0.004213800713864767,1.0,0.0697999969124794,0.6718000173568726
692230,30161,Carlos Rodriguez,-0.004223451929081143,1.0,0.16539999842643738,0.2223999947309494
660801,sa873294,Jasier Herrera,-0.004224581881950072,1.0,0.02979999966919422,0.8597999811172485
686819,sa3011531,Chris Wright,-0.004232066256798778,1.0,0.0,1.0
669370,sa3014423,Asa Lacy,-0.004232992589595594,1.0,0.1242000013589859,0.41620001196861267
450172,3990,Edinson Volquez,-0.004234975106867555,1.0,0.0,1.0
683352,30003,Mitch Bratt,-0.004241036676959996,1.0,0.17350000143051147,0.18449999392032623
694312,sa3017313,Logan Workman,-0.004242293260343862,1.0,0.17399999499320984,0.18199999630451202
676424,20312,Alec Bettinger,-0.004247043539165349,1.0,0.07020000368356705,0.670199990272522
659262,18593,Anderson Espinoza,-0.004264073472654811,1.0,0.0,1.0
621592,19642,Eduardo Jiménez,-0.004272098694215061,1.0,0.0,1.0
678424,sa3006122,Josan Méndez,-0.004276004446266484,1.0,0.0,1.0
696064,sa3015135,Geison Urbaez,-0.004278144271238922,1.0,0.11069999635219574,0.4796999990940094
656297,sa3008259,Derek Casey,-0.004281839288293713,1.0,0.1754000037908554,0.1754000037908554
664116,sa857605,Zack Erwin,-0.004282723342646691,1.0,0.04390000179409981,0.7939000129699707
668736,sa3011125,Mike Ruff,-0.00429046525350554,1.0,0.1754000037908554,0.1754000037908554
642511,sa828154,Arnaldo Hernandez,-0.004299171015451555,1.0,0.0,1.0
676830,sa913150,Collin Kober,-0.004302206068995334,1.0,0.018200000748038292,0.9142000079154968
701677,sa3015134,Sean Kealey,-0.004302592051692775,1.0,0.0,1.0
668954,sa917970,Curtis Taylor,-0.00430483834827248,1.0,0.0,1.0
642584,17861,Franklyn Kilome,-0.00433114815873841,1.0,0.0,1.0
691032,sa3009950,Luis Moreno,-0.004333558736230332,1.0,0.15469999611377716,0.2727000117301941
642759,18341,Julian Fernández,-0.004338130317903113,1.0,0.0,1.0
702352,30226,Spencer Bivens,-0.004343296245481138,1.0,0.0,1.0
518693,6832,Sam Freeman,-0.004350551164978234,1.0,0.0,1.0
683402,sa3008697,Juan Daniel Encarnacion,-0.004355118098648957,1.0,0.17399999499320984,0.18199999630451202
694037,27914,Daniel Palencia,-0.004374874587712362,1.0,0.1737000048160553,0.18369999527931213
518435,10148,Manny Barreda,-0.004384352768415274,1.0,0.0,1.0
641386,20198,Ben Bowden,-0.004387775443609217,1.0,0.0,1.0
677353,sa3017304,Patrick Wicklander,-0.004389757151039434,1.0,0.15469999611377716,0.2727000117301941
682967,25348,Devin Sweet,-0.004391531688459746,1.0,0.0,1.0
680430,24486,Nick Allgeyer,-0.004392511679519857,1.0,0.0,1.0
670391,sa3010560,Ben Anderson,-0.004399031087358627,1.0,0.1754000037908554,0.1754000037908554
453192,6785,Andrew Miller,-0.004403102211356482,1.0,0.0,1.0
689095,sa3018172,Jordan Jackson,-0.004404111250501749,1.0,0.17090000212192535,0.19689999520778656
643617,15285,Zac Reininger,-0.004405600978813675,1.0,0.012500000186264515,0.9415000081062317
683638,sa3011397,Joel Valdez,-0.0044083612337068555,1.0,0.1754000037908554,0.1754000037908554
642236,sa875398,Joe Zanghi,-0.004415663637636046,1.0,0.0,1.0
676736,sa3004470,Will Latcham,-0.00442694217874637,1.0,0.0,1.0
608652,15101,Luke Farrell,-0.004431260309669077,1.0,0.06930000334978104,0.6743000149726868
642609,sa828412,Joan Baez,-0.004436590111969939,1.0,0.022299999371170998,0.8952999711036682
666171,25420,Ryan Zeferjahn,-0.004445290516680431,1.0,0.0803999975323677,0.6223999857902527
644396,sa740812,Luis Ledo,-0.004449256518834087,1.0,0.0,1.0
621261,13677,Corey Oswalt,-0.004452252158513687,1.0,0.06790000200271606,0.680899977684021
699911,27812,Dugan Darnell,-0.004452812803230901,1.0,0.0,1.0
664101,sa876290,Blake Rogers,-0.004457571410329956,1.0,0.0,1.0
668987,sa918249,Brandon White,-0.004459231017013988,1.0,0.0,1.0
666199,sa3014910,Zach Linginfelter,-0.0044593081894766205,1.0,0.0,1.0
676763,sa3005146,Adam Stauffer,-0.004461010458100486,1.0,0.053199999034404755,0.7501999735832214
663321,19281,Nick Hernandez,-0.00447544857063898,1.0,0.0,1.0
668724,sa3010364,M.D. Johnson,-0.0044912109354172695,1.0,0.1754000037908554,0.1754000037908554
493200,18719,Seunghwan Oh,-0.004510500451479678,1.0,0.0,1.0
690103,sa3017816,Chris Jefferson,-0.004512426520185444,1.0,0.0,1.0
641899,sa738670,Ryan Moseley,-0.004521827796418236,1.0,0.019999999552965164,0.906000018119812
674375,sa3002812,Dayeison Arias,-0.004523704642391261,1.0,0.02370000071823597,0.888700008392334
675578,sa3015275,Myles Gayman,-0.004545232656623209,1.0,0.0,1.0
592127,11440,Johnny Barbato,-0.004555095795374817,1.0,0.0,1.0
669100,sa3011337,Will Ethridge,-0.004568311837579244,1.0,0.17419999837875366,0.18119999766349792
664042,18600,Travis Lakins,-0.004585876386047556,1.0,0.0,1.0
680730,27636,Mitchell Parker,-0.00458765839799852,1.0,0.1754000037908554,0.1754000037908554
673316,19609,Luke Barker,-0.004606735180369286,1.0,0.0,1.0
621056,15091,Hunter Wood,-0.004611476010943496,1.0,0.0,1.0
675640,sa3014791,Braden Zarbnisky,-0.004612665022876287,1.0,0.025800000876188278,0.8787999749183655
669214,19199,Conner Menez,-0.004626466694811387,1.0,0.0,1.0
642563,sa736742,Raffi Vizcaíno,-0.004636348471085908,1.0,0.04179999977350235,0.8037999868392944
592865,14899,Taylor Williams,-0.004662279553990894,1.0,0.0,1.0
642657,20667,Cristofer Ogando,-0.0046652892523015525,1.0,0.0,1.0
641409,sa738901,Zack Brown,-0.004667856722139377,1.0,0.0,1.0
592473,10843,Adam Kolarek,-0.004671584672881168,1.0,0.0,1.0
461872,7466,Anthony Swarzak,-0.004675410202557759,1.0,0.0,1.0
666156,sa917951,Reggie Lawson,-0.0046787908603026845,1.0,0.1754000037908554,0.1754000037908554
680727,sa3018177,Steve Hajjar,-0.0046827263969817755,1.0,0.1754000037908554,0.1754000037908554
660671,sa873466,Yorvin Pantoja,-0.004684122261833108,1.0,0.0,1.0
621574,sa659074,Matt Withrow,-0.004684253065928492,1.0,0.08560000360012054,0.597599983215332
694389,sa3017314,William Fleming,-0.00468621583222511,1.0,0.1754000037908554,0.1754000037908554
681503,sa3007787,Pablo Garabitos,-0.004696058681933033,1.0,0.0,1.0
694361,27787,Will Klein,-0.00469639369624253,1.0,0.06260000169277191,0.7056000232696533
690345,sa3011805,Pedro Garcia,-0.004697700245310924,1.0,0.0,1.0
676077,sa3017302,Glenn Albanese Jr.,-0.004698439280741576,1.0,0.0,1.0
598271,14272,Brian Johnson,-0.004700898010055869,1.0,0.10000000149011612,0.5299999713897705
429722,3200,Ervin Santana,-0.004711876905380606,1.0,0.016100000590085983,0.9240999817848206
665134,sa857686,Tate Scioneaux,-0.004726144411948271,1.0,0.0,1.0
694496,sa3016001,John Stankiewicz,-0.004729515967843238,1.0,0.17299999296665192,0.18700000643730164
664045,18361,Thomas Eshelman,-0.004736869086587231,1.0,0.133200004696846,0.3741999864578247
663336,sa3006759,Aaron Shortridge,-0.004742009929723758,1.0,0.1754000037908554,0.1754000037908554
681943,sa3007614,Will Kobos,-0.0047513532556720615,1.0,0.04749999940395355,0.7764999866485596
675564,sa3010367,Eric Mock,-0.0047550937937090015,1.0,0.0,1.0
694335,29629,Matt Svanson,-0.0047560655679805,1.0,0.11389999836683273,0.4648999869823456
676942,sa3004024,Graham Spraker,-0.004756463995894286,1.0,0.06419999897480011,0.698199987411499
668203,sa3007718,Layne Henderson,-0.004760399315635362,1.0,0.0,1.0
649144,19845,Alex Wells,-0.004761756674334838,1.0,0.0,1.0
435043,3840,Zach Duke,-0.004762653631799251,1.0,0.0,1.0
687014,25667,Nick Avila,-0.004781140523469454,1.0,0.0,1.0
500724,8302,JC Ramírez,-0.004785070431043135,1.0,0.0,1.0
656683,sa829246,Mac Marshall,-0.004789884352332041,1.0,0.0,1.0
663443,sa3014781,Luke Shilling,-0.004801715196004576,1.0,0.021400000900030136,0.899399995803833
686539,25645,Declan Cronin,-0.004803925748904471,1.0,0.018799999728798866,0.9118000268936157
669310,27568,CJ Van Eyk,-0.0048084442352472,1.0,0.1754000037908554,0.1754000037908554
607391,14151,Chris Mazza,-0.004809152839856545,1.0,0.0,1.0
669085,sa3005397,Alex Scherff,-0.004810164813543705,1.0,0.0,1.0
681533,sa3007242,Jake Miednik,-0.0048102781573783615,1.0,0.11819999665021896,0.4442000091075897
663686,sa3007958,Cody Deason,-0.004813583438284508,1.0,0.15950000286102295,0.25049999356269836
663782,sa3010237,Joe Corbett,-0.0048144054291027,1.0,0.0,1.0
606939,sa598306,Aaron Brown,-0.004817482218714441,1.0,0.017500000074505806,0.9175000190734863
608691,sa621016,Mason Melotakis,-0.004821703352315416,1.0,0.0,1.0
677868,sa3005209,Francis Peguero,-0.004823870279182515,1.0,0.0,1.0
665759,20368,Ramón Rosso,-0.004841174795455075,1.0,0.0,1.0
516969,6033,Kelvin Herrera,-0.004846170926668604,1.0,0.0,1.0
664682,18105,Ryan Meisinger,-0.004854495967638096,1.0,0.0,1.0
656342,sa3007833,Keegan Curtis,-0.004860136656242193,1.0,0.038100000470876694,0.8210999965667725
677023,sa3007597,Carson Teel,-0.004863393057734069,1.0,0.08320000022649765,0.6092000007629395
687825,sa3017542,Tyler Santana,-0.004866096612829968,1.0,0.12530000507831573,0.41130000352859497
688584,sa1170614,Andrew Edwards,-0.004882290151436631,1.0,0.0,1.0
518452,10587,Chad Bettis,-0.004889176417964087,1.0,0.03669999912381172,0.8277000188827515
686900,sa3017780,Evan Shawver,-0.004890064769436425,1.0,0.1754000037908554,0.1754000037908554
641506,sa737857,Adrian De Horta,-0.004893873951952738,1.0,0.09229999780654907,0.5662999749183655
679711,sa3015003,Clay Aguilar,-0.00489786089442799,1.0,0.10279999673366547,0.5167999863624573
596111,sa875031,Jordan Stephens,-0.00491213084244595,1.0,0.0,1.0
676498,sa3017501,Alex Cornwell,-0.004920467562118164,1.0,0.13699999451637268,0.35600000619888306
656377,sa829656,Bryan Dobzanski,-0.004928654168043645,1.0,0.0,1.0
805829,sa3019695,Duncan Snider,-0.004929349452882822,1.0,0.15039999783039093,0.29339998960494995
695406,sa3015013,Case Williams,-0.0049327155580348074,1.0,0.1754000037908554,0.1754000037908554
663506,sa3006950,Yaya Chentouf,-0.004936744381641119,1.0,0.0,1.0
594840,11449,Matt Grace,-0.004940691885604141,1.0,0.0,1.0
682496,sa3008228,Rodney Theophile,-0.004951117349749245,1.0,0.17069999873638153,0.19769999384880066
687900,sa3017196,Andrew Baker,-0.004954844575672823,1.0,0.0,1.0
642083,15231,Aaron Slegers,-0.00495593124362986,1.0,0.0,1.0
675657,sa3014429,Chris McMahon,-0.004964784877157069,1.0,0.16439999639987946,0.227400004863739
664687,sa3007959,Durbin Feltman,-0.004967898978979016,1.0,0.0,1.0
642578,17860,José Rodríguez,-0.004976432160688244,1.0,0.0,1.0
677573,sa3005683,Heitor Tokar,-0.0049809196904726126,1.0,0.15070000290870667,0.29170000553131104
680493,sa3019817,Jonah Scolaro,-0.004981808159959877,1.0,0.1581999957561493,0.25619998574256897
676737,sa3004471,Billy Lescher,-0.00498513652613374,1.0,0.013000000268220901,0.9390000104904175
667581,sa3007592,Mark Moclair,-0.004995260433211395,1.0,0.13490000367164612,0.3659000098705292
692350,sa3015441,Mikell Manzano,-0.0049983819942453055,1.0,0.164900004863739,0.2249000072479248
680961,sa3007728,Chris Gau,-0.005023374539126734,1.0,0.01979999989271164,0.9067999720573425
669443,sa3008599,Aaron Hernandez,-0.005025524811978341,1.0,0.0560000017285347,0.7369999885559082
628709,sa737451,Ofreidy Gómez,-0.005043319295853947,1.0,0.04390000179409981,0.7939000129699707
663910,sa875153,Jordan Guerrero,-0.005047395726977326,1.0,0.032600000500679016,0.8465999960899353
650204,19580,Norge Ruiz,-0.0050500741982985485,1.0,0.0,1.0
680702,24591,Joey Gerber,-0.005052279270400719,1.0,0.0,1.0
605138,19243,Wes Benjamin,-0.005054076357530993,1.0,0.03880000114440918,0.817799985408783
681989,sa3010567,Dalton Roach,-0.005059838050043661,1.0,0.11320000141859055,0.4681999981403351
681931,sa3008488,Nick Starr,-0.005066011070610539,1.0,0.0,1.0
691602,sa3015938,Stiven Cruz,-0.005071967536709045,1.0,0.1754000037908554,0.1754000037908554
664375,sa887275,Ezequiel Zabaleta,-0.00507655600814676,1.0,0.0,1.0
664785,sa872726,Tom Hackimer,-0.0050803977682914395,1.0,0.0,1.0
596271,11121,Casey Lawrence,-0.0050829048495997856,14.0,0.0,14.0
668874,26190,Blair Henley,-0.005086681136708879,1.0,0.15469999611377716,0.2727000117301941
668877,sa3017270,Ray Gaither,-0.005089847844580769,1.0,0.1581999957561493,0.25619998574256897
641416,sa738180,Hever Bueno,-0.005092626781261051,1.0,0.0,1.0
801179,sa3019278,Yu-Min Lin,-0.0051014616073781,1.0,0.1754000037908554,0.1754000037908554
502522,8580,Justin Miller,-0.00510229216909742,1.0,0.0,1.0
592165,13527,Brandon Brennan,-0.005105242449261977,1.0,0.0,1.0
656885,sa875266,James Reeves,-0.0051060061573859426,1.0,0.0,1.0
676333,sa3014455,Sam Weatherly,-0.005106356794721936,1.0,0.15680000185966492,0.262800008058548
676840,20339,Matt Peacock,-0.0051103702895359425,1.0,0.0,1.0
681963,sa3006986,Conner Loeprich,-0.005114525194624812,1.0,0.05979999899864197,0.7188000082969666
688843,sa3010631,Jacques Pucheu,-0.005119071982675962,1.0,0.10090000182390213,0.5259000062942505
688585,sa1172135,Andy Fisher,-0.0051250515911509175,1.0,0.0,1.0
505447,6979,Brandon Dickson,-0.005133148787929637,1.0,0.0,1.0
694553,sa3017140,Tyson Guerrero,-0.0051343251319360865,1.0,0.1754000037908554,0.1754000037908554
641978,sa915680,Matt Pidich,-0.005139558436705169,1.0,0.0,1.0
676111,sa3004661,Shawn Semple,-0.005140482188388741,1.0,0.07999999821186066,0.6240000128746033
620445,17821,José Mujica,-0.005140960968342347,1.0,0.0,1.0
642141,sa738914,Jake Thompson,-0.005141501125791339,1.0,0.02160000056028366,0.8985999822616577
666785,sa917637,Harold Chirino,-0.00514161135848617,1.0,0.0,1.0
690544,27753,Bailey Horn,-0.005160734406098919,1.0,0.0,1.0
663496,sa3018137,John Creel,-0.005171018404769871,1.0,0.0,1.0
657203,sa829689,Will Carter,-0.005176439405821566,1.0,0.02539999969303608,0.8804000020027161
686642,29530,Fraser Ellard,-0.0051937293671376426,1.0,0.0,1.0
665751,sa868984,Yadier Álvarez,-0.0051958804896597354,1.0,0.0,1.0
670193,sa918939,Garrison Bryant,-0.005196391879890437,1.0,0.1615999937057495,0.24060000479221344
673920,sa3011865,Sean Mellen,-0.005209346319617247,1.0,0.060499999672174454,0.715499997138977
667435,sa3008243,Barrett Loseke,-0.005214941847848064,1.0,0.03889999911189079,0.8169000148773193
686731,sa3011676,Lucas Knowles,-0.0052155211712003584,1.0,0.14259999990463257,0.3296000063419342
665040,sa876088,Sean Chandler,-0.005222890336280821,1.0,0.0,1.0
667421,sa3008532,Blaine Knight,-0.005224990683920954,1.0,0.09910000115633011,0.5340999960899353
676363,sa3005099,Ryley Widell,-0.005234293339603929,1.0,0.16110000014305115,0.24310000240802765
686974,sa3018094,Vince Vannelle,-0.00524027146567471,1.0,0.0,1.0
682790,26641,Wikelman González,-0.005240919554200292,1.0,0.1754000037908554,0.1754000037908554
681085,sa3007932,Calvin Coker,-0.005241889883385561,1.0,0.0,1.0
674444,23165,Steven Cruz,-0.005255054147087135,1.0,0.0,1.0
670087,19192,Brandyn Sittinger,-0.005257838503368428,1.0,0.0,1.0
676744,sa915801,Tyler Stevens,-0.005294575114890694,1.0,0.0,1.0
681808,24935,Chris Vallimont,-0.005304021158910988,1.0,0.16680000722408295,0.21580000221729279
662121,sa875849,Dalton Sawyer,-0.0053124944646381405,1.0,0.0,1.0
670287,sa873708,David Ellingson,-0.005316588690802809,1.0,0.0,1.0
686769,sa3014924,Dane Acker,-0.005323058297106615,1.0,0.1754000037908554,0.1754000037908554
656240,16427,Scott Blewett,-0.005335405644458597,1.0,0.0,1.0
663359,sa875002,Justin Maese,-0.005338300171811355,1.0,0.0,1.0
642565,sa737454,Alexander Guillen,-0.005362843986378236,1.0,0.027499999850988388,0.8705000281333923
683086,sa3011674,Kendall Williams,-0.005366147612091175,1.0,0.17110000550746918,0.19609999656677246
663477,sa3017382,Sheldon Reed,-0.005376193948030527,1.0,0.0,1.0
695935,sa3014814,Vin Timpanelli,-0.005376406409369782,1.0,0.0,1.0
678725,sa3006494,Franny Cobos,-0.005380398727931341,1.0,0.05820000171661377,0.7261999845504761
605335,16135,Brandon Leibrandt,-0.00538186265966847,1.0,0.0,1.0
681185,sa3006619,Yoelvin Silven,-0.005384517453294459,1.0,0.0,1.0
670328,sa918731,Juan Gámez,-0.005387648644727467,1.0,0.0,1.0
643778,14974,Tyler Webb,-0.005388903876086771,1.0,0.0,1.0
688896,sa3015069,Justin Courtney,-0.005392499843828889,1.0,0.0,1.0
667050,sa918674,Grant Gavin,-0.0054000815934541905,1.0,0.01679999940097332,0.920799970626831
594795,11203,Grant Dayton,-0.00541014807551734,1.0,0.0,1.0
701856,sa3017319,Patrick Halligan,-0.005413844028687314,1.0,0.07190000265836716,0.661899983882904
676252,sa3008523,Zach Haake,-0.005420663349016453,1.0,0.08669999986886978,0.5927000045776367
687607,sa1170012,Edgar Barclay,-0.005422192626202535,1.0,0.07980000227689743,0.6248000264167786
472551,4994,Fernando Abad,-0.005424561486836795,1.0,0.0,1.0
675973,sa3014450,Tyler Brown,-0.005428669505607163,1.0,0.14910000562667847,0.29910001158714294
686938,sa3011849,Bodi Rascon,-0.00543601706875109,1.0,0.16930000483989716,0.20430000126361847
666929,sa3008498,Matt Hartman,-0.005443291249685601,1.0,0.0,1.0
656604,sa3007707,Andrew Karp,-0.005457502006704082,1.0,0.031599998474121094,0.8515999913215637
666673,sa917401,Melvi Acosta,-0.005461208207400519,1.0,0.0,1.0
664098,sa875717,Nathan Bates,-0.005462999627673705,1.0,0.0,1.0
675922,sa915633,Brian Shaffer,-0.00547299882786043,1.0,0.0,1.0
686585,sa3017417,Adrian Chaidez,-0.005474348161905075,1.0,0.14560000598430634,0.3156000077724457
621290,14545,Dakota Bacus,-0.005474644556520631,1.0,0.0,1.0
669620,25582,Brady Basso,-0.0054766729335928,1.0,0.1526000052690506,0.2825999855995178
667700,sa918459,Joe Navilhon,-0.005494555279576167,1.0,0.03020000085234642,0.8582000136375427
592280,14808,Ryan Eades,-0.00549460563866449,1.0,0.0,1.0
688433,sa3011303,Jared Biddy,-0.005495860995969108,1.0,0.0,1.0
656594,sa3004571,Kyle Johnston,-0.005499105378665046,1.0,0.0,1.0
672385,sa3002781,Gabe Morales,-0.005499750263149375,1.0,0.058400001376867294,0.7253999710083008
571917,12106,Parker Markel,-0.005499980640275541,1.0,0.0,1.0
622797,18313,Pedro Payano,-0.0055031078032241115,1.0,0.1274999976158142,0.40049999952316284
690425,sa3015112,Chase Walter,-0.005506840347470184,1.0,0.1460999995470047,0.31310001015663147
670246,sa918814,Nate Webb,-0.005507098011235165,1.0,0.012299999594688416,0.942300021648407
695465,sa3017505,Larson Kindreich,-0.005508010081570659,1.0,0.15770000219345093,0.25870001316070557
679066,sa3006557,Valentin Linarez,-0.005512208093915961,1.0,0.17000000178813934,0.20100000500679016
678296,sa3005435,Luis Angel Rodriguez,-0.0055153380426475745,1.0,0.10189999639987946,0.5209000110626221
677915,sa3007598,Dario Gardea,-0.0055189977378916665,1.0,0.0,1.0
687941,26227,Alec Gamboa,-0.0055206658652746975,1.0,0.09749999642372131,0.5414999723434448
669080,sa3018191,Russell Smith,-0.00553202862545879,1.0,0.1754000037908554,0.1754000037908554
668579,sa917136,Wilfredo Pereira,-0.005538322161154422,1.0,0.15950000286102295,0.25049999356269836
691839,sa3014870,Joe Jones,-0.005544981092708526,1.0,0.0,1.0
670456,19548,JD Hammer,-0.005554488750820203,1.0,0.0,1.0
572750,13453,Eddie Butler,-0.005555499397365383,1.0,0.0,1.0
674114,sa3011190,Ryan Garcia,-0.005564533361992294,1.0,0.1703999936580658,0.19939999282360077
641632,16455,Conner Greene,-0.0055734867194166616,1.0,0.007000000216066837,0.9670000076293945
642140,sa738349,Cory Thompson,-0.005577574583850726,1.0,0.0,1.0
686856,sa3016707,Cody Mincey,-0.005578022797032833,1.0,0.1720999926328659,0.19110000133514404
694356,sa3014501,Nick Garcia,-0.005587856703180238,1.0,0.17249999940395355,0.18950000405311584
501593,2882,Luis Avilán,-0.005590185591578042,1.0,0.0,1.0
692068,sa3015125,Erubiel Armenta,-0.005595325553476618,1.0,0.0,1.0
683636,sa3009237,Juan Carela,-0.005596265743258016,1.0,0.17190000414848328,0.19189999997615814
685068,27508,Carson Ragsdale,-0.005601758022855455,1.0,0.16699999570846558,0.2150000035762787
663683,sa875796,Ike Schlabach,-0.005605156722264407,1.0,0.0,1.0
674073,sa3011607,Jack Weisenburger,-0.00560811748508436,1.0,0.0,1.0
668855,sa3014913,Sean Mooney,-0.005610851855245488,1.0,0.15950000286102295,0.25049999356269836
687534,sa3011143,Andrew McInvale,-0.005612345108814389,1.0,0.049800001084804535,0.7657999992370605
677415,sa873684,Kit Scheetz,-0.0056125897246071576,1.0,0.038100000470876694,0.8210999965667725
691196,sa3011152,Josh Hejka,-0.005615934454501566,1.0,0.020899999886751175,0.9018999934196472
689774,sa3014805,Colby Morris,-0.0056176565887851365,1.0,0.11249999701976776,0.4715000092983246
660674,sa872514,Alberto Guerrero,-0.005620068974775954,1.0,0.0,1.0
608334,18311,Carson Fulmer,-0.005626047091590152,1.0,0.0,1.0
501925,3281,Joe Smith,-0.00563061482450233,1.0,0.0,1.0
606981,sa875269,Darin Gillies,-0.005634965171841125,1.0,0.0,1.0
681407,sa3007966,Blake Whitney,-0.005651698819745697,1.0,0.0,1.0
687166,26136,Austin Pope,-0.005651956815579881,1.0,0.0,1.0
668822,sa3014847,Blake Brown,-0.005652547051386907,1.0,0.0,1.0
681258,sa3016905,Hunter Perdue,-0.005652570171442257,1.0,0.16699999570846558,0.2150000035762787
606944,17664,Cody Carroll,-0.005654283194639307,1.0,0.0,1.0
656620,19881,Gabe Klobosits,-0.0056595262997192,1.0,0.0,1.0
643539,sa738717,Caleb Simpson,-0.0056597845449145555,1.0,0.0,1.0
700924,sa3018242,Frank Mozzicato,-0.005664108056923433,1.0,0.1754000037908554,0.1754000037908554
685125,sa3014486,Christian Chamberlain,-0.00566713094380306,1.0,0.046799998730421066,0.7797999978065491
681902,sa3007613,Brad Case,-0.005670452043287109,1.0,0.0,1.0
643232,sa738328,Matt Brill,-0.0056810134244517484,1.0,0.0,1.0
695549,30203,Jackson Jobe,-0.005683212670705006,1.0,0.1754000037908554,0.1754000037908554
529017,sa3011779,Alexander Cornielle,-0.005687924780196813,1.0,0.17090000212192535,0.19689999520778656
681841,sa3006768,Alan Strong,-0.005691934629123013,1.0,0.02810000069439411,0.8680999875068665
683008,sa3011712,Avery Short,-0.005693744255380061,1.0,0.1647000014781952,0.2257000058889389
692437,28489,Winston Santos,-0.005694496454498879,1.0,0.17389999330043793,0.18289999663829803
669153,sa918255,Andrew Brown,-0.005698031854047104,1.0,0.0,1.0
701552,29542,Andre Granillo,-0.00570335939418224,1.0,0.0,1.0
687142,sa1115734,Griffin McLarty,-0.005710515766318495,1.0,0.07440000027418137,0.6503999829292297
679820,sa3008068,Zach Neff,-0.0057143532771266135,1.0,0.0,1.0
667746,sa917763,Edwuin Bencomo,-0.005725272942440914,1.0,0.0,1.0
518464,sa526934,Seth Blair,-0.0057263804742773965,1.0,0.060499999672174454,0.715499997138977
676754,sa3004106,Addison Russ,-0.005726956621544744,1.0,0.0,1.0
679892,sa3006145,Emilio Marquez,-0.005730856091114849,1.0,0.0,1.0
622246,sa875183,Bubba Derby,-0.005736162003228767,1.0,0.019999999552965164,0.906000018119812
676662,sa3004213,Alex Manasa,-0.00573755921006035,1.0,0.0,1.0
607219,13690,Sal Romano,-0.005738122059621443,1.0,0.0,1.0
621053,19481,Tyler Ferguson,-0.00573923574643374,1.0,0.0,1.0
642041,sa873262,Zac Ryan,-0.005753802890562696,1.0,0.0,1.0
676464,sa3014542,Nick Swiney,-0.005765374800136031,1.0,0.1737000048160553,0.18369999527931213
641312,19453,Shaun Anderson,-0.005766850132983341,1.0,0.0,1.0
695281,sa3018145,Riley Davis,-0.00576816489652609,1.0,0.0,1.0
676821,sa3017777,Jordan Fowler,-0.005773270453500968,1.0,0.11749999970197678,0.44749999046325684
641662,sa738344,Alec Hansen,-0.005779865125790359,1.0,0.0,1.0
572362,10354,Robbie Erlin,-0.005795224273770847,1.0,0.0,1.0
687905,sa3011367,Taylor Floyd,-0.005796818161456701,1.0,0.0,1.0
691947,sa3017751,Ronan Kopp,-0.005804159446890403,1.0,0.1340000033378601,0.3700000047683716
605479,13629,Josh D. Smith,-0.0058095361475350915,1.0,0.0,1.0
676106,27470,Emerson Hancock,-0.005839526709306462,9.234000205993652,1.6200000047683716,1.6200000047683716
688763,sa3017544,Rhett Kouba,-0.005841726132921907,1.0,0.14980000257492065,0.29580000042915344
666209,sa3011900,Graeme Stinson,-0.005842848317527169,1.0,0.0,1.0
666563,sa919323,Jeff Singer,-0.0058428495404089925,1.0,0.03020000085234642,0.8582000136375427
681485,sa3006824,Derek Craft,-0.005843072485989125,1.0,0.0,1.0
669697,sa3010782,Andrew Schultz,-0.005848558460161649,1.0,0.0,1.0
624420,sa737534,Ian Clarkin,-0.005850248499329884,1.0,0.1526000052690506,0.2825999855995178
676334,sa3004463,Robbie Hitt,-0.005850625171464843,1.0,0.0,1.0
656592,sa915688,Tyler Johnson,-0.00586226380134786,1.0,0.0,1.0
687423,sa3010258,Triston Polley,-0.005863416171332608,1.0,0.0,1.0
664155,sa875199,Nate Griep,-0.005863797511491694,1.0,0.0,1.0
668958,sa3008066,Mark Potter,-0.00586776227017596,1.0,0.0,1.0
679883,24452,Luinder Avila,-0.005873239163124501,1.0,0.1754000037908554,0.1754000037908554
622505,15028,Victor Alcántara,-0.005873902012286749,1.0,0.0,1.0
663739,sa3014909,Kyle Molnar,-0.0058799120371282815,1.0,0.0,1.0
667498,19191,Robert Dugger,-0.005881523920425419,1.0,0.04390000179409981,0.7939000129699707
668594,sa917753,Willy Taveras,-0.00588221389032332,1.0,0.0,1.0
607560,12680,Ryne Harper,-0.00588259793907537,1.0,0.0,1.0
643357,sa738501,Ben Hecht,-0.005888824582892529,1.0,0.0,1.0
684876,sa3010569,Adrian Florencio,-0.0058946738648757374,1.0,0.16249999403953552,0.23649999499320984
607229,13696,Robert Gsellman,-0.005908744116351149,1.0,0.0,1.0
656726,sa829124,Sam McWilliams,-0.005910932892390399,1.0,0.15230000019073486,0.2842999994754791
543258,7303,Preston Guilmet,-0.0059131592217940235,1.0,0.0,1.0
623485,15139,Ashton Goudeau,-0.005919257651985543,1.0,0.0,1.0
703103,sa3017769,Jordan Carr,-0.005924672457884447,1.0,0.16249999403953552,0.23649999499320984
694773,sa3018183,Reid Johnston,-0.005929240807801895,1.0,0.15950000286102295,0.25049999356269836
696040,sa3014699,Po-Yu Chen,-0.00592977311144517,1.0,0.1754000037908554,0.1754000037908554
669662,sa3017716,Haylen Green,-0.005937821438351257,1.0,0.0,1.0
686586,sa3010661,Zak Baayoun,-0.005940381721653537,1.0,0.0,1.0
665105,sa875845,Cameron Gann,-0.005943340139773088,1.0,0.0,1.0
676621,sa3004097,Holden Capps,-0.005946025784452993,1.0,0.0,1.0
663534,25413,Nash Walters,-0.005963670844773803,1.0,0.0,1.0
682489,sa3008619,Joe Record,-0.005974593399019433,1.0,0.015599999576807022,0.9265999794006348
571951,11479,Bryan Mitchell,-0.005976201303187179,1.0,0.0,1.0
681116,sa3010369,Chase Chaney,-0.005978322643424205,1.0,0.13040000200271606,0.3874000012874603
672487,sa3002965,Helcris Olivárez,-0.005980154820835193,1.0,0.1754000037908554,0.1754000037908554
666910,sa3010117,Dan Metzdorf,-0.005983832397774499,1.0,0.14159999787807465,0.3346000015735626
678620,sa3010125,Blake Townsend,-0.005987441194729747,1.0,0.0,1.0
689876,sa3015008,Dylan Hall,-0.005992675112811147,1.0,0.0,1.0
683155,26257,Joey Estes,-0.0059945519710661805,1.0,0.1754000037908554,0.1754000037908554
595001,10946,Josh A. Smith,-0.0059997903094600276,1.0,0.013299999758601189,0.9373000264167786
683740,sa1116003,Ricky DeVito,-0.006002868834861216,1.0,0.08910000324249268,0.5810999870300293
673884,sa3003126,Liu Fuenmayor,-0.006022679168713336,1.0,0.0,1.0
621259,17748,Brody Koerner,-0.006040005126560341,1.0,0.0,1.0
663326,sa875057,Ryan Clark,-0.00604384044518132,1.0,0.0,1.0
571863,13420,Matt Koch,-0.006044741921485409,1.0,0.0,1.0
675920,sa3017857,Seth Lonsway,-0.006048880982153098,1.0,0.1273999959230423,0.40139999985694885
656374,sa3015078,Andrew DiPiazza,-0.006049534015899022,1.0,0.1356000006198883,0.3625999987125397
657101,sa828791,Nick Wells,-0.006050489175491945,1.0,0.0,1.0
681870,24978,Erik Sabrowski,-0.006053846247471435,1.0,0.1316000074148178,0.3815999925136566
695026,sa3014520,Jeremy Wu-Yelland,-0.006063478381664069,1.0,0.1754000037908554,0.1754000037908554
456696,4259,David Hernandez,-0.00607644174967762,1.0,0.0,1.0
573185,9460,Dan Straily,-0.006076665913075305,1.0,0.1225999966263771,0.4235999882221222
691109,sa3010326,Zach Vennaro,-0.006082164434781914,1.0,0.0,1.0
676697,sa3004591,Brody Rodning,-0.006096059810308633,1.0,0.0,1.0
657050,sa3007803,Trenton Toplikar,-0.00609642711641146,1.0,0.03460000082850456,0.8375999927520752
667355,sa917483,Joan Martinez,-0.006101249115605113,1.0,0.0,1.0
687134,26419,Bradley Blalock,-0.0061040817979345074,1.0,0.1754000037908554,0.1754000037908554
671781,sa946165,Christian Mejias,-0.006107586277183045,1.0,0.14110000431537628,0.33709999918937683
663642,sa3009923,Josh Smith,-0.006113099638105687,1.0,0.0,1.0
665014,sa876206,Quintin Torres-Costa,-0.006114541597847202,1.0,0.0,1.0
642060,19357,Cody Sedlock,-0.006128347575239322,1.0,0.0,1.0
672795,sa3003036,Samuel Reyes,-0.006139832097972358,1.0,0.0,1.0
690530,sa3014868,Casey Cobb,-0.006141303503594938,1.0,0.042100001126527786,0.8021000027656555
687109,sa3009944,Mitch Ragan,-0.00616174557272155,1.0,0.10740000009536743,0.49540001153945923
641438,15258,Shane Carle,-0.006163118561859009,1.0,0.0,1.0
679857,sa3017536,Carlos Tavera,-0.0061696712661508234,1.0,0.1754000037908554,0.1754000037908554
657116,sa3008443,Zach Willeman,-0.006170807676006593,1.0,0.0,1.0
694536,sa3017504,Trent Baker,-0.006171908718429927,1.0,0.1754000037908554,0.1754000037908554
687419,sa3011534,Alex Moore,-0.006173004446244313,1.0,0.0,1.0
572383,9646,Brian Moran,-0.00618645738999314,1.0,0.0,1.0
681797,sa3007245,Christian Cosby,-0.006192136224546718,1.0,0.0,1.0
491646,9033,Jeanmar Gómez,-0.006204023932553005,1.0,0.0,1.0
694559,sa3017419,Nick Jones,-0.006206111473917767,1.0,0.0,1.0
681592,sa3007244,Edgar Escobar,-0.006211160298401204,1.0,0.16249999403953552,0.23649999499320984
621199,13528,Matt Bowman,-0.006211363548223108,1.0,0.0,1.0
661526,sa3006798,Eli Lingos,-0.006225624277717752,1.0,0.05400000140070915,0.7459999918937683
680436,sa3017748,Trenton Wallace,-0.0062487359833925255,1.0,0.15960000455379486,0.24959999322891235
686597,sa3011198,Michael Dominguez,-0.006253811564883222,1.0,0.17139999568462372,0.19439999759197235
672773,20632,Elvis Luciano,-0.006260645841878963,1.0,0.0,1.0
544928,11334,Tyler Lyons,-0.006262575238498619,1.0,0.0,1.0
703211,sa3017474,Ruben Ramirez,-0.006275471167296892,1.0,0.0,1.0
595465,12237,Dan Winkler,-0.006285441606051307,1.0,0.0,1.0
621139,21189,Brooks Kriske,-0.0062901400775666,8.0,0.0,8.0
694747,sa3017315,Brooks Gosswein,-0.006293106322450577,1.0,0.17389999330043793,0.18289999663829803
622247,sa658929,Jon Harris,-0.00630192740712375,1.0,0.0,1.0
659070,sa837103,Ben Bracewell,-0.006316241092772213,1.0,0.0,1.0
642225,sa737853,Stephen Woods Jr.,-0.0063177749513965735,1.0,0.0,1.0
665859,sa918026,Wilkel Hernandez,-0.006343640794129864,1.0,0.1728000044822693,0.18780000507831573
663856,sa875726,Mack Lemieux,-0.0063518978340608165,1.0,0.0,1.0
676969,23592,Brett de Geus,-0.006354071050115831,1.0,0.0,1.0
676275,sa3018004,Blake Beers,-0.006358096656411605,1.0,0.17319999635219574,0.18619999289512634
656349,sa3008127,Brett Daniels,-0.006360377340747839,1.0,0.0348999984562397,0.8359000086784363
642508,sa737066,Jesus Zambrano,-0.006360588470326955,1.0,0.0,1.0
683450,sa3009602,Javier Atencio,-0.006362024168340219,1.0,0.1678999960422516,0.21089999377727509
686790,26448,Trevor McDonald,-0.0063621335094196894,1.0,0.11680000275373459,0.45080000162124634
642758,17092,Domingo Acevedo,-0.006365018121903463,64.0,0.0,64.0
686560,26349,Gavin Collyer,-0.006368068912745519,1.0,0.17229999601840973,0.19030000269412994
694477,30113,Chad Patrick,-0.006368131464361235,1.0,0.1599999964237213,0.24799999594688416
658724,sa833270,Mitchell Osnowitz,-0.006378736708679236,1.0,0.0,1.0
668662,sa3015119,Gianluca Dalatri,-0.006379237734556789,1.0,0.0,1.0
683711,sa3010568,Josue Panacual,-0.006382455809171041,1.0,0.16859999299049377,0.20759999752044678
605541,12586,Mike Wright Jr.,-0.006388700836467216,1.0,0.0,1.0
694394,sa3017818,Cullen Kafka,-0.006391893649876597,1.0,0.16050000488758087,0.24549999833106995
670146,sa918266,Zach Featherstone,-0.006396625373971247,1.0,0.0,1.0
545346,11468,Zach Lee,-0.006401920845472527,1.0,0.0,1.0
676831,19731,Kodi Whitley,-0.0064103770622112735,1.0,0.0,1.0
687967,sa3017543,Peter Van Loon,-0.006420677421049799,1.0,0.1535000056028366,0.2784999907016754
694397,30166,Marco Raya,-0.006421239409195159,1.0,0.17139999568462372,0.19439999759197235
670125,sa918447,Jonathan Hennigan,-0.006426676521743564,1.0,0.03319999948143959,0.8442000150680542
672556,sa3002984,Joseph Salazar,-0.006437852884448344,1.0,0.17329999804496765,0.18529999256134033
682785,sa3009716,Angel Bastardo,-0.0064418454478788805,1.0,0.1754000037908554,0.1754000037908554
664784,sa876117,Steven Klimek,-0.006444543319633412,1.0,0.0,1.0
675923,sa3004740,Ryan Lillie,-0.006449897983998441,1.0,0.12189999967813492,0.4268999993801117
676546,sa3008454,Michael Gomez,-0.006462964144691447,1.0,0.0,1.0
641464,sa918276,Trey Cobb,-0.006463224110273134,1.0,0.018799999728798866,0.9118000268936157
682418,sa3007624,Tommy Parsons,-0.006476286718474601,1.0,0.14069999754428864,0.33869999647140503
642564,17303,Francis Martes,-0.006490824195585179,1.0,0.0,1.0
679057,sa3017717,Mason Green,-0.006491029345840091,1.0,0.1754000037908554,0.1754000037908554
676298,sa3005162,Frank Rubio,-0.006492839092552389,1.0,0.0,1.0
680048,sa3005371,Aldo Ramirez,-0.006506260969382331,1.0,0.16930000483989716,0.20430000126361847
688010,25512,Nate Fisher,-0.006506934526179385,1.0,0.0,1.0
667409,sa3010300,Jared Janczak,-0.006514303891692164,1.0,0.0,1.0
642098,15200,Glenn Sparkman,-0.006530020502848439,1.0,0.0,1.0
678870,sa3006069,Jesus Gonzalez,-0.006544247806456165,1.0,0.17180000245571136,0.19280000030994415
663894,sa3008225,Ryley Gilliam,-0.00654461804070604,1.0,0.0,1.0
675963,sa3007721,Josh Roberson,-0.006547418073770668,1.0,0.05260000005364418,0.7526000142097473
682201,sa3007817,Austin Ross,-0.006551226666059361,1.0,0.0,1.0
681401,sa3006701,Josh Green,-0.0065615470252889775,1.0,0.035999998450279236,0.8309999704360962
657566,16768,Montana DuRapau,-0.006563068435955943,1.0,0.027000000700354576,0.8730000257492065
650841,sa828277,Diomar Lopez,-0.006563491837876946,1.0,0.0,1.0
673231,sa3003066,Tahnaj Thomas,-0.006564962924800369,1.0,0.021400000900030136,0.899399995803833
664991,21623,Grant Wolfram,-0.006575704151437501,1.0,0.0,1.0
640463,15158,Braden Shipley,-0.006579973456433672,1.0,0.0,1.0
670547,sa947763,Miguel Medrano,-0.006584632635656785,1.0,0.10019999742507935,0.52920001745224
681825,sa3006829,Kevin Magee,-0.006587387599303149,1.0,0.1526000052690506,0.2825999855995178
670705,sa920187,Garrett Kelly,-0.006593257900613336,1.0,0.0,1.0
627893,sa736746,Carlos Belen,-0.006594670944244051,1.0,0.0,1.0
665660,21662,Elvis Alvarado,-0.006599012429259595,1.0,0.013899999670684338,0.9348999857902527
663541,sa3007008,Tanner Dodson,-0.006604080487927802,1.0,0.0,1.0
656080,sa828343,Aneuris Rosario,-0.006608971352098033,1.0,0.0,1.0
676987,sa3004713,Tim Naughton,-0.0066096101170221525,1.0,0.0,1.0
663681,sa3010236,Jarod Bayless,-0.006612080704157883,1.0,0.0,1.0
685070,sa3010305,Alec Wisely,-0.006616892139201937,1.0,0.0,1.0
596074,17987,Bobby Poyner,-0.006618256019767801,1.0,0.029999999329447746,0.859000027179718
681948,sa3014795,Justin Evans,-0.006620447073911181,1.0,0.0,1.0
657092,sa829420,Zach Warren,-0.0066430782687483675,1.0,0.0,1.0
676800,sa3004772,Nate Harris,-0.006643709512969211,1.0,0.12530000507831573,0.41130000352859497
680804,sa1170484,Bear Bellomy,-0.006644182510383456,1.0,0.0,1.0
692544,sa3015216,Joe Elbis,-0.006654651422774197,1.0,0.1754000037908554,0.1754000037908554
676661,23426,Max Lazar,-0.00665924505997822,1.0,0.1525000035762787,0.28349998593330383
664157,18581,Travis Bergen,-0.0066732772263522755,1.0,0.016499999910593033,0.9225000143051147
660749,sa871482,Wladimir Pinto,-0.00667564974663873,1.0,0.0,1.0
670234,sa3011187,Seth Shuman,-0.0066771611946616835,1.0,0.1754000037908554,0.1754000037908554
689937,sa3018263,Dillon Larsen,-0.006678587042666432,1.0,0.0,1.0
580792,13685,Nick Goody,-0.006681513982835234,1.0,0.01600000075995922,0.925000011920929
656727,sa828664,Kodi Medeiros,-0.006681655708874094,1.0,0.0,1.0
663500,sa3011606,Hunter Parsons,-0.006685787402251384,1.0,0.021900000050663948,0.8968999981880188
658667,sa873429,Cristofer Melendez,-0.00669067406876235,1.0,0.01720000058412552,0.9192000031471252
689546,27741,Nick Davila,-0.006694703790461078,1.0,0.16930000483989716,0.20430000126361847
677040,sa3014856,Scott Kobos,-0.00669695159569364,1.0,0.0,1.0
596027,14672,Dillon Maples,-0.0067080940874975695,1.0,0.0,1.0
642513,sa736965,Julio Pinto,-0.006730690525183353,1.0,0.0,1.0
679052,sa3008486,Joelvis Del Rosario,-0.006741135563112761,1.0,0.1737000048160553,0.18369999527931213
696143,sa3018259,Anthony Solometo,-0.006741571234705736,1.0,0.15600000321865082,0.2669999897480011
664910,sa875283,Logan Cozart,-0.00674832742312113,1.0,0.0,1.0
666022,sa883710,Jhonatan German,-0.006753819393438443,1.0,0.0,1.0
686608,sa3010374,Jacob Wallace,-0.006758446702815853,1.0,0.0,1.0
669805,sa920272,Alexander Vizcaíno,-0.006760281168847074,1.0,0.1606999933719635,0.24469999969005585
572998,11686,Josh Lucas,-0.006769400574460452,1.0,0.0,1.0
687953,sa3011369,Matt Minnick,-0.006770219530979783,1.0,0.0,1.0
673965,26255,Caleb Freeman,-0.006773399459077482,1.0,0.0,1.0
623470,15136,Jake Newberry,-0.006787534951595473,1.0,0.0,1.0
683425,sa3009992,Hyun-il Choi,-0.0067900277872635145,1.0,0.1446000039577484,0.3206000030040741
572703,14288,Luke Bard,-0.006790222098988384,1.0,0.0,1.0
665915,sa917061,Anderson Amarista,-0.0067916164039580045,1.0,0.14419999718666077,0.3222000002861023
670247,sa3014788,Ty Weber,-0.006791966425967194,1.0,0.04879999905824661,0.770799994468689
644429,20582,Anderson Severino,-0.006792515263814983,1.0,0.0,1.0
669345,sa3008024,Brett Conine,-0.006793845907076653,1.0,0.1446000039577484,0.3206000030040741
606167,13188,Adalberto Mejía,-0.006799284716852295,1.0,0.0,1.0
658742,sa835215,Diogenes Almengo,-0.006811288305691085,1.0,0.0,1.0
677066,sa3017256,Matt Russell,-0.006812411480610996,1.0,0.1712000072002411,0.19519999623298645
624519,sa738442,Logan Shore,-0.00681276847227427,1.0,0.10740000009536743,0.49540001153945923
671116,sa3017490,Jack Owen,-0.006813722929302069,1.0,0.1103999987244606,0.4814000129699707
504379,7731,Juan Nicasio,-0.006815119243479071,1.0,0.0,1.0
678821,24203,Luis Peralta,-0.006817399197713728,1.0,0.17350000143051147,0.18449999392032623
681853,sa3008461,Franklin Parra,-0.006828427931630791,1.0,0.12890000641345978,0.3939000070095062
676910,23563,Matt Seelinger,-0.006837223285937595,1.0,0.02160000056028366,0.8985999822616577
666151,sa917928,Kevin Gowdy,-0.006838001953920323,1.0,0.05979999899864197,0.7188000082969666
672859,sa3002795,Edward Cuello,-0.006858160096525206,1.0,0.0544000007212162,0.7444000244140625
642068,19682,Jordan Sheffield,-0.0068642830386614895,1.0,0.0,1.0
462136,1118,Marco Estrada,-0.006866515001912916,1.0,0.1754000037908554,0.1754000037908554
682926,sa3008406,Jorge Bautista,-0.006870447514424908,1.0,0.17090000212192535,0.19689999520778656
691080,sa3010385,Sam Williams,-0.006870925459326686,1.0,0.0,1.0
682852,sa3008690,Jordano Perez,-0.00687150381661374,1.0,0.1754000037908554,0.1754000037908554
664711,sa1169765,Karan Patel,-0.0068803033575218185,1.0,0.06369999796152115,0.7006999850273132
518875,7773,Shawn Kelley,-0.006890078671162499,1.0,0.0,1.0
668869,sa873974,Tyler Thomas,-0.006891866528853801,1.0,0.0,1.0
677362,sa3004493,Nick Kuzia,-0.0068960197927374,1.0,0.019500000402331352,0.9085000157356262
612672,13071,Wei-Yin Chen,-0.006900549435205536,1.0,0.0,1.0
686488,sa3009639,Sandro Bargallo,-0.006902213462733075,1.0,0.17190000414848328,0.19189999997615814
647306,sa3008096,Ben Onyshko,-0.006903100333782504,1.0,0.0,1.0
690370,sa3011815,Tyler Schlaffer,-0.00691849986391774,1.0,0.1754000037908554,0.1754000037908554
675527,sa3005070,Brayan De Paula,-0.006930569194074108,1.0,0.1460999995470047,0.31310001015663147
681856,sa3007730,Thomas Ponticelli,-0.006933364634802675,1.0,0.10329999774694443,0.5142999887466431
691108,sa1172214,Nick Belzer,-0.006939365320545494,1.0,0.1754000037908554,0.1754000037908554
689852,sa3010142,Bernie Martinez,-0.006945140841977792,1.0,0.0,1.0
674052,sa3008614,Bryan Pall,-0.006946471359893445,1.0,0.0,1.0
660781,sa872881,Domingo Robles,-0.006962111278959833,1.0,0.12530000507831573,0.41130000352859497
502578,11243,Aaron Barrett,-0.00696579833017004,1.0,0.0,1.0
683627,26952,Anthony Molina,-0.006967291594126469,1.0,0.1062999963760376,0.5002999901771545
681924,sa3014431,R.J. Dabovich,-0.006980241103189205,12.0,0.0,12.0
684604,sa3011241,Aaron Ochsenbein,-0.00699661565511661,1.0,0.02810000069439411,0.8680999875068665
676611,sa3004014,Max Roberts,-0.007001085246978373,1.0,0.0,1.0
681890,sa3007249,Troy Watson,-0.007011887259171621,1.0,0.11860000342130661,0.4426000118255615
650994,sa828600,Juan Nunez,-0.007013786179106155,1.0,0.0,1.0
700363,29960,AJ Smith-Shawver,-0.007024213984621638,1.0,0.1754000037908554,0.1754000037908554
691893,sa3015433,Jean Cabrera,-0.007031653953627768,1.0,0.1754000037908554,0.1754000037908554
543219,12781,Sean Gilmartin,-0.007033459652973957,1.0,0.0,1.0
669639,sa3015328,Nolan Clenney,-0.00703400893508707,1.0,0.04280000180006027,0.798799991607666
666796,sa917752,Jaison Vilera,-0.007037130112313136,1.0,0.15950000286102295,0.25049999356269836
664284,sa872567,Carlos Espinal,-0.007053118949743123,1.0,0.0,1.0
668687,20329,Andre Scrubb,-0.007058354921021175,1.0,0.0,1.0
679946,sa3017460,Daniel Federman,-0.007069068672809844,1.0,0.14890000224113464,0.29989999532699585
656473,sa828794,Brian Gonzalez,-0.007069160611933763,1.0,0.0,1.0
664573,sa874248,Oddy Nunez,-0.0070702263555931875,1.0,0.0,1.0
670102,20548,Bowden Francis,-0.007083501382786325,1.0,0.0,1.0
534812,12360,Kevin Quackenbush,-0.007084268650016435,1.0,0.0,1.0
691526,sa3011500,Spencer Stockton,-0.007085161669043197,1.0,0.041200000792741776,0.8062000274658203
681313,sa3018171,Jake Miller,-0.007088324121994011,1.0,0.1754000037908554,0.1754000037908554
665894,sa916950,Luis Rijo,-0.007088456963962976,1.0,0.17249999940395355,0.18950000405311584
695347,sa3017754,Hunter Gregory,-0.007088973441181657,1.0,0.15469999611377716,0.2727000117301941
687341,sa3010000,Evan Johnson,-0.007094708941785334,1.0,0.0,1.0
607455,14706,Anthony Banda,-0.007101446897039611,40.0,0.0,40.0
688230,sa3016843,Peyton Alford,-0.00711259535274559,1.0,0.03909999877214432,0.816100001335144
687922,26058,Easton Lucas,-0.007118797462585486,1.0,0.0,1.0
677676,sa3004872,Diosmerky Taveras,-0.007135344910459279,1.0,0.14820000529289246,0.30320000648498535
701568,sa3017207,Justin Meis,-0.007142054803811086,1.0,0.1703999936580658,0.19939999282360077
699613,sa3017820,Houston Harding,-0.00714269259911275,1.0,0.0,1.0
675971,20334,Kyle Dohy,-0.007142986653664845,1.0,0.0,1.0
681813,sa3007934,Gabriel Cotto,-0.007146453775673987,1.0,0.1754000037908554,0.1754000037908554
702126,sa3017615,Aaron Davenport,-0.0071520018590218535,1.0,0.1754000037908554,0.1754000037908554
666020,sa919537,Kai-Wei Lin,-0.007152430921911246,1.0,0.0,1.0
682607,sa3008074,Antonio Jimenez,-0.007158374002667901,1.0,0.16329999268054962,0.23229999840259552
518715,7947,Cory Gearrin,-0.007173364837878965,1.0,0.0,1.0
670285,sa918811,Michael Danielak,-0.007174207481283694,1.0,0.019500000402331352,0.9085000157356262
675976,sa3005194,Mark Washington,-0.007176365571142743,1.0,0.017899999395012856,0.9158999919891357
592831,14655,Konner Wade,-0.007183957186844642,1.0,0.0,1.0
621397,14741,Tyler Olson,-0.007185233777571487,1.0,0.0,1.0
703186,sa3018808,Jarlin Susana,-0.007186224829415647,1.0,0.17249999940395355,0.18950000405311584
703615,30412,Jose Cabrera,-0.007189567906221571,1.0,0.1754000037908554,0.1754000037908554
572143,12784,Burch Smith,-0.007200039645079981,1.0,0.0,1.0
670381,sa3011477,Fred Villarreal,-0.00720504517812673,1.0,0.041099999099969864,0.8070999979972839
682098,sa3007488,Travis Perry,-0.007207825414170864,1.0,0.0,1.0
690989,sa3014541,Ben Hernandez,-0.007209996259375514,1.0,0.1754000037908554,0.1754000037908554
458006,4300,Matt Albers,-0.00721216433803029,1.0,0.0,1.0
656547,16588,Jonathan Holder,-0.0072172908779668315,1.0,0.0,1.0
663770,21087,Demarcus Evans,-0.0072176134751638235,1.0,0.0,1.0
650347,20399,Luís Madero,-0.007225187677144781,1.0,0.0,1.0
670161,20018,Parker Dunshee,-0.007230764469143852,1.0,0.15809999406337738,0.257099986076355
703420,sa3018025,Jorge Marcheco,-0.00723137717430375,1.0,0.1656000018119812,0.2215999960899353
476454,6216,Dellin Betances,-0.0072359009512421146,1.0,0.0,1.0
687650,sa3010139,Denson Hull,-0.007239694898842581,1.0,0.0,1.0
543483,3950,Matt Magill,-0.007243047338083312,1.0,0.0,1.0
675965,sa3008483,Griffin Roberts,-0.007273186416562365,1.0,0.0,1.0
692589,sa3016226,Victor Juarez,-0.007295147514257909,1.0,0.1754000037908554,0.1754000037908554
519166,7677,Neil Ramírez,-0.0072958403002950254,1.0,0.007000000216066837,0.9670000076293945
669067,sa3018280,Ryan Webb,-0.007300897386634472,1.0,0.17260000109672546,0.18860000371932983
682176,sa3008427,Charlie Ruegger,-0.007310812339634813,1.0,0.0,1.0
660435,sa877342,Chester Pimentel,-0.00731604541934486,1.0,0.0,1.0
685310,sa3018143,Braden Scott,-0.007318384561447503,1.0,0.0,1.0
664158,sa857600,Matt Eckelman,-0.007320089712726333,1.0,0.07750000059604645,0.6355000138282776
687321,sa3009998,Dan Goggin,-0.00732038448909145,1.0,0.0,1.0
681908,sa3006983,Boby Johnson,-0.007329828749200792,1.0,0.0,1.0
663892,sa3010115,Kevin Coulter,-0.007341056780553111,1.0,0.0,1.0
663899,sa3008162,Rodney Hutchison,-0.007353048004965036,1.0,0.0,1.0
665167,sa3010776,Jonah Dipoto,-0.0073560860673769456,1.0,0.0,1.0
671790,20041,Ronald Bolaños,-0.007366227325027612,1.0,0.0,1.0
669251,sa3007719,Tanner Myatt,-0.0073693787071598986,1.0,0.0,1.0
596035,19311,Reggie McClain,-0.007371540065650934,1.0,0.0,1.0
690319,sa3010143,Jeremiah Burke,-0.007380319406037478,1.0,0.1754000037908554,0.1754000037908554
682200,sa3008043,Austin Drury,-0.007397837943632722,1.0,0.0,1.0
594986,11753,Kyle Ryan,-0.007398730948601547,1.0,0.0,1.0
694205,sa3015220,Victor Lizarraga,-0.007410368924558012,1.0,0.1737000048160553,0.18369999527931213
679033,sa3005452,Juan Zapata,-0.0074282330849694,1.0,0.13930000364780426,0.34529998898506165
687473,26440,Ryan Gusto,-0.007438827658925263,1.0,0.15139999985694885,0.28839999437332153
666132,sa3010777,Zack Hess,-0.007452645758621096,1.0,0.0,1.0
692845,sa3015157,Franklin Sanchez,-0.007458114644775102,1.0,0.12460000067949295,0.4146000146865845
672839,22913,Francisco Morales,-0.007480188044643835,1.0,0.0,1.0
668754,20494,Braden Bristo,-0.007480945659308236,1.0,0.019500000402331352,0.9085000157356262
664180,18076,Matt Hall,-0.00748423518699309,1.0,0.05400000140070915,0.7459999918937683
684228,sa3009508,Dwayne Matos,-0.007486531965573798,1.0,0.1459999978542328,0.3140000104904175
687095,sa3017593,Jake Rice,-0.007489987369977254,1.0,0.0,1.0
621248,17682,Ralph Garza Jr.,-0.00749939385766446,1.0,0.0,1.0
573109,8350,AJ Ramos,-0.007499905585287945,1.0,0.0,1.0
621289,15066,Jaime Schultz,-0.0075104927631779355,1.0,0.0,1.0
681579,sa3008333,Nick Thwaits,-0.007513687457074975,1.0,0.0,1.0
687161,sa3009997,Zach Hart,-0.007532915422775602,1.0,0.0,1.0
657610,17002,Trevor Hildenberger,-0.007538697637218674,1.0,0.0,1.0
679338,sa3008165,Bryan Warzek,-0.007540392755008708,1.0,0.10119999945163727,0.5242000222206116
688857,sa3014866,Stevie Branche,-0.0075487579997886925,1.0,0.0,1.0
676599,sa3004744,Jason Bahr,-0.0075494028822313385,1.0,0.0,1.0
663723,sa3010557,Derek West,-0.007564157521505559,1.0,0.0,1.0
683733,sa3009494,Gabriel Aguilera,-0.00756465757278198,1.0,0.16279999911785126,0.23479999601840973
667686,sa917893,Angel Acevedo,-0.00757287280439319,1.0,0.0,1.0
671128,sa3007214,Conner Nurse,-0.007573141564795667,1.0,0.1703999936580658,0.19939999282360077
696063,sa3015310,Wilton Castillo,-0.007595124510406233,1.0,0.14910000562667847,0.29910001158714294
700270,29271,Yilber Díaz,-0.007609823714211642,1.0,0.17110000550746918,0.19609999656677246
686662,sa3017813,Jarrod Cande,-0.007612804144543507,1.0,0.1665000021457672,0.2175000011920929
605255,16218,Brett Graves,-0.007613562695383705,1.0,0.0,1.0
688889,sa1172727,Tyler Burch,-0.007623506004940136,1.0,0.0,1.0
605276,16130,David Hess,-0.007633334976903505,1.0,0.00839999970048666,0.9603999853134155
702314,sa3019429,Sean Hermann,-0.00763590250590149,1.0,0.1754000037908554,0.1754000037908554
670940,sa3004647,Juan Pablo Lopez,-0.007649047397479324,1.0,0.13699999451637268,0.35600000619888306
685064,sa3018793,Dylan Burns,-0.007649619426179359,1.0,0.17319999635219574,0.18619999289512634
663870,sa3010558,Nick Ernst,-0.007653696172198339,1.0,0.0,1.0
685763,sa3009271,Jonatan Bernal,-0.007655331127046308,1.0,0.14390000700950623,0.3239000141620636
640737,sa735841,Kevin Gadea,-0.007658205454425013,1.0,0.0,1.0
642028,18510,Josh Rogers,-0.007668108124834126,1.0,0.093299999833107,0.5612999796867371
621078,14707,Brady Lail,-0.007669300911297285,1.0,0.0,1.0
451584,7441,Wade Davis,-0.00767720755935992,1.0,0.0,1.0
688456,sa3010260,Leon Hunter Jr.,-0.007682280197358051,1.0,0.0,1.0
690344,sa3010265,Trey Jeans,-0.007687697043345951,1.0,0.02019999921321869,0.9052000045776367
679863,sa3010127,Andrew Gross,-0.007698228381810177,1.0,0.03909999877214432,0.816100001335144
642233,15538,Eric Yardley,-0.007706668455082183,1.0,0.0,1.0
676644,sa874197,Stephen Villines,-0.007712694773681758,1.0,0.0,1.0
641709,sa918377,Brian Howard,-0.0077169323104661095,1.0,0.04879999905824661,0.770799994468689
669804,22323,Angel De Jesus,-0.007720799275211548,1.0,0.0,1.0
663603,sa3006951,Solomon Bates,-0.007724384218591555,1.0,0.007400000002235174,0.965399980545044
682130,sa3007491,Tyler Carr,-0.007725796542561951,1.0,0.0,1.0
676741,sa3004473,John Ghyzel,-0.0077272025840022665,1.0,0.0,1.0
681183,sa1119694,Wyatt Sparks,-0.007736907006751947,1.0,0.1754000037908554,0.1754000037908554
592468,11694,Nick Kingham,-0.007762615453268386,1.0,0.05209999904036522,0.7551000118255615
677038,sa3004489,Marcus Reyes,-0.007777414421614488,1.0,0.030400000512599945,0.8574000000953674
647217,sa3008159,R.J. Freure,-0.007781143762231968,1.0,0.0,1.0
670220,sa919034,Kevin Malisheski,-0.007796102546270023,1.0,0.027499999850988388,0.8705000281333923
681391,sa3008332,Holden Laws,-0.007796211787102972,1.0,0.0,1.0
675651,sa3004812,Steven Jennings,-0.0078061079578738354,1.0,0.0,1.0
701566,sa3017822,Connor Cooke,-0.007823039196973698,1.0,0.12370000034570694,0.4187000095844269
656550,16944,Grant Holmes,-0.007827688408525657,1.0,0.06790000200271606,0.680899977684021
622426,sa658087,Adrian Almeida,-0.007838289278601113,1.0,0.0,1.0
687250,sa3014976,Jason Parker,-0.007851098736600757,1.0,0.1737000048160553,0.18369999527931213
592233,16058,Stefan Crichton,-0.00785234362823776,1.0,0.0,1.0
689821,sa3011437,Michael Cuevas,-0.007853072444236386,1.0,0.17260000109672546,0.18860000371932983
687880,sa3011346,Jake Prizina,-0.00785497380316786,1.0,0.0,1.0
458708,9388,Josh Tomlin,-0.007865045814998415,1.0,0.0,1.0
691576,sa3015151,Alejandro Hidalgo,-0.007866033260190156,1.0,0.1754000037908554,0.1754000037908554
679502,sa3011194,Nicio Rodriguez,-0.007901063626657222,1.0,0.1680999994277954,0.210099995136261
573064,9674,Vidal Nuño,-0.00790145778889239,1.0,0.0,1.0
650378,sa828239,Ofelky Peralta,-0.007910685551725633,1.0,0.019600000232458115,0.9075999855995178
679005,sa3005848,Yon Castro,-0.007912152207179439,1.0,0.17190000414848328,0.19189999997615814
687366,sa3014928,Mac Lardner,-0.007924156550409619,1.0,0.13750000298023224,0.35350000858306885
682027,25078,Cam Alldred,-0.007943893102806718,1.0,0.0,1.0
669379,sa3010648,Mason Denaburg,-0.007947111365976875,1.0,0.1754000037908554,0.1754000037908554
663674,sa3007460,Mason Fox,-0.007957789079017752,1.0,0.0,1.0
650356,sa828518,Dilmer Mejia,-0.007963865630370357,1.0,0.11249999701976776,0.4715000092983246
682615,sa3008134,John O'Reilly,-0.00796415338433151,1.0,0.0,1.0
664324,sa873694,Luis Moncada,-0.007965004848509606,1.0,0.12160000205039978,0.428600013256073
687871,sa1170265,Clayton McGinness,-0.00797124644447834,1.0,0.0,1.0
803596,sa3018362,Rafael Sanchez,-0.007978248243472128,1.0,0.17159999907016754,0.19359999895095825
448855,5702,Junior Guerra,-0.00797887967235883,1.0,0.0026000000070780516,0.9876000285148621
663383,sa875233,Gray Fenter,-0.007993292363400446,1.0,0.12280000001192093,0.4228000044822693
671288,sa3004648,Seth Corry,-0.008000233759709053,1.0,0.1754000037908554,0.1754000037908554
682121,sa3007263,Jared Tobey,-0.008008724548071486,1.0,0.0,1.0
682719,sa3010304,Jose Atencio,-0.008011198827622912,1.0,0.16930000483989716,0.20430000126361847
805990,sa3020185,Grant Kipp,-0.008012744187073678,1.0,0.1754000037908554,0.1754000037908554
672553,sa3002982,Ignacio Feliz,-0.008018185364392208,1.0,0.1378999948501587,0.35190001130104065
647179,sa3008020,Michael Brettell,-0.008020791021964714,1.0,0.0,1.0
692835,sa3015974,Luis Valdez,-0.008025708564682519,1.0,0.16329999268054962,0.23229999840259552
670404,sa918539,Skylar Arias,-0.008041464710233124,1.0,0.0,1.0
690047,sa3010263,Robert Winslow,-0.008044445055773727,1.0,0.032499998807907104,0.8475000262260437
623430,13974,Ryan Dull,-0.008046840341696266,1.0,0.0,1.0
641886,sa3007801,Andrew Mitchell,-0.008049699037784352,1.0,0.0,1.0
663613,sa3008668,Kyle Marman,-0.008049987895402674,1.0,0.0,1.0
686646,sa3015928,Oswald Medina,-0.008057670389795976,1.0,0.16279999911785126,0.23479999601840973
687397,sa3010311,John Matthews,-0.008069304828115685,1.0,0.02459999918937683,0.8845999836921692
641625,sa3004127,Jordan Gore,-0.008083678399044145,1.0,0.0,1.0
687481,sa3011679,Joe Nahas,-0.008100927329146908,1.0,0.09960000216960907,0.5315999984741211
667743,sa3005243,Landon Leach,-0.00810937246420727,1.0,0.15649999678134918,0.2644999921321869
664069,20175,Ben Braymer,-0.008109653795483517,1.0,0.11959999799728394,0.4375999867916107
684240,sa3009509,Jesus Lugo,-0.008127152439961795,1.0,0.17299999296665192,0.18700000643730164
686588,sa3014975,Blane Abeyta,-0.00813814475468202,1.0,0.1703999936580658,0.19939999282360077
663943,sa3004987,Nick Kennedy,-0.008139575488963489,1.0,0.0,1.0
687041,sa3011557,Cyrillo Watson,-0.008152607773951439,1.0,0.02070000022649765,0.9027000069618225
673388,sa3003103,Nelvin Correa,-0.008153266027410061,1.0,0.0,1.0
657611,16840,Cam Hill,-0.00815530484468609,1.0,0.0,1.0
669188,sa3015002,Logan Boyer,-0.008155945536847403,1.0,0.16979999840259552,0.20180000364780426
664071,sa3004321,Connor Law,-0.008159446740945422,1.0,0.0,1.0
684128,sa3009626,Reidis Sena,-0.008175042042365223,1.0,0.17190000414848328,0.19189999997615814
682660,sa3009586,Diomede Sierra,-0.008177196423702484,1.0,0.1754000037908554,0.1754000037908554
688910,sa3014978,Blake Goldsberry,-0.008181780737207843,1.0,0.0,1.0
676607,sa873263,Hunter Schryver,-0.008212525167888016,1.0,0.0,1.0
694392,sa3017874,Matt Mikulski,-0.008216528977352222,1.0,0.1678999960422516,0.21089999377727509
673603,sa3003109,Luis Romero,-0.008222135545732919,1.0,0.038100000470876694,0.8210999965667725
672277,sa3005015,Sam Carlson,-0.008225208537278195,1.0,0.16089999675750732,0.24390000104904175
571439,13401,R.J. Alvarez,-0.008229093371880375,1.0,0.0,1.0
689464,sa3015007,Shane Davis,-0.008230068300182768,1.0,0.17260000109672546,0.18860000371932983
700370,sa3016065,Felipe De La Cruz,-0.008240761821770168,1.0,0.14139999449253082,0.3353999853134155
676345,sa3017500,Aaron Brown,-0.008250223716232678,1.0,0.15160000324249268,0.28760001063346863
672552,22690,Jack O'Loughlin,-0.008250436379724713,1.0,0.10320000350475311,0.5152000188827515
683039,sa3008462,Kevin Folman,-0.008254032327980039,1.0,0.1251000016927719,0.4120999872684479
682503,sa3007272,Felix Minjarez,-0.008257473819769861,1.0,0.0,1.0
683349,sa3018142,Calvin Ziegler,-0.008262888630028891,1.0,0.1754000037908554,0.1754000037908554
676868,sa3005034,Derrik Watson,-0.008279890273256879,1.0,0.0,1.0
689149,30158,Chad Dallas,-0.008280271447459658,1.0,0.1754000037908554,0.1754000037908554
699499,sa3014875,Mike Adams,-0.008283211701425871,1.0,0.06390000134706497,0.6998999714851379
623913,14382,Wei-Chung Wang,-0.008286690567136492,1.0,0.0,1.0
641576,19561,Bernardo Flores Jr.,-0.008287333853202145,1.0,0.0,1.0
460283,7841,Jerry Blevins,-0.00829499925137657,1.0,0.0,1.0
684725,sa3018093,Zach Messinger,-0.008295929481158084,1.0,0.1476999968290329,0.30570000410079956
677226,sa3004491,Wes Robertson,-0.00829981607461426,1.0,0.0,1.0
642067,19495,Mike Shawaryn,-0.008303765620627674,1.0,0.0,1.0
676614,20462,Bryan Sammons,-0.0083070298471501,1.0,0.021400000900030136,0.899399995803833
663924,sa3006954,Trey Cumbie,-0.00830817368240406,1.0,0.021400000900030136,0.899399995803833
642239,15094,Rob Zastryzny,-0.008311021422235797,28.0,0.0,28.0
696038,sa3014873,Hunter Peck,-0.008318543901491072,1.0,0.0,1.0
664194,sa875190,Blake Bass,-0.008328356833683,1.0,0.0,1.0
682106,sa3007261,Austin Briggs,-0.00832884932040993,1.0,0.0,1.0
687901,sa1170341,JC Keys,-0.008341350382285463,1.0,0.0,1.0
668697,sa3008023,Reid Schaller,-0.00834918468114966,1.0,0.0,1.0
800104,sa3019134,Luis Madrazo,-0.008359505110003286,1.0,0.0,1.0
681473,sa3007851,Tyler McKay,-0.008375458719995711,1.0,0.0,1.0
592833,14832,Bobby Wahl,-0.0083946092589617,1.0,0.0,1.0
681603,sa3006590,Carlos Garcia,-0.00840178195239172,1.0,0.0,1.0
660751,sa873328,Gregori Vasquez,-0.008404545883924164,1.0,0.0,1.0
673325,sa3004005,Ramon Perez,-0.008410049160092047,1.0,0.015799999237060547,0.9258000254631042
702785,sa3016751,Peniel Otano,-0.008417365224580309,1.0,0.15539999306201935,0.2694000005722046
665733,20383,Antonio Santos,-0.008426456154195476,1.0,0.0,1.0
686993,27694,Justin Sterner,-0.008426816441224429,1.0,0.0,1.0
678478,sa3005826,Jorge Juan,-0.008444471442920534,1.0,0.13109999895095825,0.3840999901294708
695366,sa3017368,Holt Jones,-0.008445748149775816,1.0,0.1680999994277954,0.210099995136261
687911,25890,Bryan King,-0.008447169361414857,1.0,0.0,1.0
666803,sa917415,Oliver Garcia,-0.008467811050153037,1.0,0.0,1.0
671223,sa941791,Freylin Garcia,-0.008485821287388135,1.0,0.0,1.0
666668,sa917194,Hector Yan,-0.008492060159717636,1.0,0.16699999570846558,0.2150000035762787
667414,sa3011417,Cody Scroggins,-0.008497136566765111,1.0,0.0,1.0
670157,sa918319,Ruben Garcia,-0.00852912274173229,1.0,0.0,1.0
681673,sa3008335,Kohl Franklin,-0.008549650701070456,1.0,0.1754000037908554,0.1754000037908554
673912,sa3006763,J.T. Hintzen,-0.008557848608583045,1.0,0.0210999995470047,0.9010999798774719
656561,sa827196,Nick Howard,-0.008558278187419242,1.0,0.0,1.0
687841,sa3010824,Andrew Magno,-0.00856673989054914,1.0,0.0,1.0
684871,sa3009262,Enmanuel Mejia,-0.008571577423078134,1.0,0.019999999552965164,0.906000018119812
689701,sa3010322,Michael Horrell,-0.008576193184516114,1.0,0.00559999980032444,0.9735999703407288
643502,sa738309,Dylan Rheault,-0.008578550549025166,1.0,0.0,1.0
656196,sa829470,Argenis Angulo,-0.00858639306793257,1.0,0.0,1.0
681145,sa3010789,Cayne Ueckert,-0.008595587069453103,1.0,0.020400000736117363,0.9043999910354614
665093,18256,Zac Grotz,-0.008600261480736508,1.0,0.0,1.0
683148,sa3019457,Cooper Benson,-0.008603313386995676,1.0,0.15230000019073486,0.2842999994754791
592547,11596,Deck McGuire,-0.008605971872595382,1.0,0.044599998742341995,0.7906000018119812
664856,18135,Chance Adams,-0.008611536113440092,1.0,0.0,1.0
800018,sa3018174,Chen Zhong-Ao Zhuang,-0.008613678569999573,1.0,0.1754000037908554,0.1754000037908554
691641,sa3015331,Jose Acuna,-0.008623820810591135,1.0,0.15770000219345093,0.25870001316070557
678783,sa3006133,Robert Colina,-0.008626441953012839,1.0,0.15230000019073486,0.2842999994754791
670443,sa874072,Jack Anderson,-0.008633567234996288,1.0,0.0,1.0
691251,27967,Andry Lara,-0.00864024922036441,1.0,0.1754000037908554,0.1754000037908554
690407,sa3011252,Dalton Stambaugh,-0.008641299190693634,1.0,0.11020000278949738,0.4821999967098236
670897,sa944989,Daison Acosta,-0.008644944594018576,1.0,0.12349999696016312,0.4194999933242798
676709,20177,Ty Tice,-0.008654977251931347,1.0,0.0,1.0
685046,sa3009266,Edinson Batista,-0.008655732196864049,1.0,0.13609999418258667,0.36010000109672546
661408,sa873758,Luis Perez,-0.008660330132184731,1.0,0.024399999529123306,0.8853999972343445
656648,sa3010554,Connor Lehmann,-0.008663196741370964,1.0,0.15770000219345093,0.25870001316070557
489265,9817,Sergio Romo,-0.008664903134456935,1.0,0.0,1.0
641551,sa919409,Jake Elliott,-0.008674254442070622,1.0,0.016100000590085983,0.9240999817848206
687352,sa3010625,Grant Ford,-0.008680540656721102,1.0,0.03460000082850456,0.8375999927520752
673822,sa3003124,Marcos Tineo,-0.00868488664037618,1.0,0.12020000070333481,0.4352000057697296
662914,sa3010555,Ryan Shreve,-0.008691838850183594,1.0,0.04879999905824661,0.770799994468689
681501,sa3007240,Chavez Fernander,-0.008704106279209272,1.0,0.0,1.0
663540,sa3009922,Kyle Hill,-0.008712410124947636,1.0,0.0,1.0
433589,4020,Yusmeiro Petit,-0.008714306389243965,1.0,0.0,1.0
686857,sa3011609,James Gonzalez,-0.008719262137405027,1.0,0.1597999930381775,0.24879999458789825
667176,sa3014846,Grant Black,-0.00872767487762523,1.0,0.05810000002384186,0.7271000146865845
687218,sa3017844,Will Bednar,-0.008740652331849143,1.0,0.1754000037908554,0.1754000037908554
683639,sa3008711,Carlos Jimenez,-0.008740731340762987,1.0,0.1665000021457672,0.2175000011920929
676739,sa3005340,Nathan Witt,-0.008747541190160794,1.0,0.0,1.0
688000,sa1170802,Patrick Smith,-0.008753270039159535,1.0,0.0,1.0
673215,sa3003065,Juan Diaz,-0.008756382517534852,1.0,0.15530000627040863,0.2703000009059906
676873,sa3004482,Patrick Dayton,-0.00877033240134049,1.0,0.0,1.0
641853,19814,David McKay,-0.008780010741792401,1.0,0.0,1.0
681475,sa3017592,Luke Albright,-0.008785514016235198,1.0,0.1754000037908554,0.1754000037908554
676891,sa3004602,Alex FaGalde,-0.008794653170921206,1.0,0.0,1.0
641341,15203,Tyler Bashlor,-0.008798759512239383,1.0,0.0,1.0
682769,28040,Eiberson Castellano,-0.008802506697460737,1.0,0.14319999516010284,0.3271999955177307
687504,sa3011797,Jordan Martinson,-0.008802722051575979,1.0,0.027899999171495438,0.8689000010490417
663601,sa3007204,Sean Wymer,-0.008821517527372421,1.0,0.0,1.0
676444,sa3017534,Conor Grady,-0.00883000396303401,1.0,0.156700000166893,0.263700008392334
676634,sa3004747,Aaron Phillips,-0.008835038717078855,1.0,0.1754000037908554,0.1754000037908554
687453,sa3010820,Chandler Casey,-0.00885601920419863,1.0,0.0,1.0
689620,sa3011421,Orlando Rodriguez,-0.008857277663810958,1.0,0.10530000180006027,0.505299985408783
669180,sa917989,Braeden Ogle,-0.008868021388475818,1.0,0.0,1.0
676292,sa3017499,Hunter Breault,-0.008883538922754569,1.0,0.0,1.0
696070,29423,Kendry Rojas,-0.008885274140597895,1.0,0.1687999963760376,0.20679999887943268
681051,sa3005877,Dionys Rodriguez,-0.008906434052263646,1.0,0.17260000109672546,0.18860000371932983
699309,sa3015500,Joel Díaz,-0.008908675467208828,1.0,0.156700000166893,0.263700008392334
676785,sa3004704,Bryce Conley,-0.008914402514757393,1.0,0.0,1.0
643239,sa738946,Parker Bugg,-0.00891462489798834,1.0,0.05420000106096268,0.745199978351593
682446,sa3007270,Tyler Palm,-0.008926739750332063,1.0,0.04039999842643738,0.8104000091552734
665854,21728,Luis Oviedo,-0.008928501562485279,1.0,0.006000000052154064,0.972000002861023
665178,sa3010615,Randy Labaut,-0.008929074511362722,1.0,0.0,1.0
620396,19246,Miguel Aguilar,-0.008942077641419549,1.0,0.0,1.0
592874,sa549785,Tom Windle,-0.008942841638677422,1.0,0.0,1.0
685801,26259,Hunter Bigge,-0.008959441496619413,1.0,0.0,1.0
683568,26907,Jairo Iriarte,-0.00896859162142362,1.0,0.16979999840259552,0.20180000364780426
678707,sa3005836,Cristian Hernandez,-0.008970164628543277,1.0,0.12139999866485596,0.4293999969959259
667465,22052,Aaron Fletcher,-0.008975718272703073,1.0,0.0,1.0
701151,sa3015087,Jake McSteen,-0.00899156228394691,1.0,0.053700000047683716,0.7476999759674072
680933,sa3008263,Joander Suarez,-0.009013274528855073,1.0,0.1460999995470047,0.31310001015663147
676390,sa3018140,Tommy Mace,-0.009013835941193987,1.0,0.17389999330043793,0.18289999663829803
668560,sa919234,Yeizo Campos,-0.009018448627153643,1.0,0.0,1.0
670062,22362,Julian Garcia,-0.009043905168314485,1.0,0.0,1.0
657766,16850,Locke St. John,-0.009044414421416451,1.0,0.0,1.0
696149,29868,Bubba Chandler,-0.009066008003649054,1.0,0.16599999368190765,0.2199999988079071
674555,sa3002816,Kelvin Nunez,-0.009076541872600978,1.0,0.02160000056028366,0.8985999822616577
543193,12545,Drew Gagnon,-0.00907763181958589,1.0,0.0,1.0
671143,sa3018139,Trenton Denholm,-0.009079892277405511,1.0,0.1754000037908554,0.1754000037908554
701161,sa3017862,Nick Sinacola,-0.009081455621823125,1.0,0.16279999911785126,0.23479999601840973
683618,26944,Edgardo Henriquez,-0.009083606042941741,1.0,0.1728000044822693,0.18780000507831573
664691,sa3010238,Garvin Alston,-0.009102118165185146,1.0,0.0,1.0
668595,sa917688,Christian Fernandez,-0.009102881550059796,1.0,0.1526000052690506,0.2825999855995178
687840,sa3010314,Trayson Kubo,-0.009105275316537584,1.0,0.0,1.0
695667,sa3018253,Ben Kudrna,-0.009107099082807511,1.0,0.1754000037908554,0.1754000037908554
664871,19285,Kyle Dowdy,-0.009127543432775906,1.0,0.0,1.0
663823,sa918926,Troy Bacon,-0.00913057962710839,1.0,0.032499998807907104,0.8475000262260437
686799,27688,Jack Kochanowicz,-0.009138790329966364,1.0,0.14890000224113464,0.29989999532699585
684516,sa3009629,Hancel Rincon,-0.009140443810293069,1.0,0.1671999990940094,0.2142000049352646
684544,sa3014921,Jimmy Endersby,-0.00914418372917312,1.0,0.16249999403953552,0.23649999499320984
684195,sa3014797,Cameron Gibbens,-0.00914775510558975,1.0,0.0,1.0
683065,sa3008514,Jake Haberer,-0.009156901585059059,1.0,0.0,1.0
592779,16727,Brock Stewart,-0.009159971669851129,1.0,0.0,1.0
687070,sa3011750,Chris Mokma,-0.009164896985645767,1.0,0.1453000009059906,0.3172999918460846
547007,14165,Rob Whalen,-0.009171209740297798,1.0,0.0,1.0
675276,sa3017532,Bryan Pope,-0.009182603289742847,1.0,0.1137000024318695,0.4657000005245209
700675,sa3016838,Jimmy Kingsbury,-0.009207301595005369,1.0,0.16110000014305115,0.24310000240802765
696150,sa3017965,Eric Silva,-0.009212770926216605,1.0,0.1754000037908554,0.1754000037908554
679304,sa3007473,Reid Birlingmair,-0.009213342067080967,1.0,0.1460999995470047,0.31310001015663147
702419,sa3017726,Dameivi Tineo,-0.009229224306966028,1.0,0.16580000519752502,0.2207999974489212
688004,sa1169965,Shelton Perkins,-0.009234516414425738,1.0,0.0,1.0
695476,sa3017847,Mason Albright,-0.009241161992173137,1.0,0.15299999713897705,0.2809999883174896
621082,19785,Jake Lemoine,-0.009252858929924222,1.0,0.0,1.0
621143,sa659000,Jackson McClelland,-0.009275761458287093,1.0,0.0,1.0
688125,sa3017134,Dylan Spain,-0.009287869002397533,1.0,0.09600000083446503,0.5490000247955322
687630,sa3017464,Donovan Benoit,-0.009297559856225511,1.0,0.0,1.0
656722,sa918461,Pearson McMahan,-0.009301843613777143,1.0,0.02370000071823597,0.888700008392334
607374,12385,Nick Tropeano,-0.009305787388358161,1.0,0.0,1.0
664114,sa3006804,Cole Uvila,-0.009323839345808702,1.0,0.0,1.0
674429,sa3014853,Cam Opp,-0.009323853220557362,1.0,0.0,1.0
571446,14823,Mark Appel,-0.009325887703943275,1.0,0.0,1.0
671305,22533,Michel Otañez,-0.009326717627649339,1.0,0.0,1.0
678409,sa3005687,Bryan Caceres,-0.009335777696505955,1.0,0.17389999330043793,0.18289999663829803
691384,sa3014677,Luis Perales,-0.009359288155453248,1.0,0.16930000483989716,0.20430000126361847
621132,sa657950,Kieran Lovegrove,-0.009360999757643259,1.0,0.0,1.0
672380,sa3002926,Marco Jimenez,-0.009365887912348778,1.0,0.16419999301433563,0.2282000035047531
677946,sa3017779,Ben Harris,-0.009365928106689386,1.0,0.03579999879002571,0.8317999839782715
676337,sa3006808,Connor Higgins,-0.009369651188519295,1.0,0.0,1.0
662959,sa873497,Jhonleider Salinas,-0.00938148177995688,1.0,0.0,1.0
661832,sa875346,Danny Dopico,-0.009382118340898766,1.0,0.0,1.0
672693,sa3002791,Martin Carrasco,-0.00939930805608976,1.0,0.16249999403953552,0.23649999499320984
672529,sa3002971,Yefri Del Rosario,-0.009420968100183894,1.0,0.0,1.0
680423,sa3010652,Cole McDonald,-0.009424557003940253,1.0,0.09139999747276306,0.5703999996185303
692454,sa3018289,Pablo Aldonis,-0.009426874917778334,1.0,0.155799999833107,0.2678000032901764
461325,5640,Tyler Clippard,-0.009428216103053588,1.0,0.0,1.0
669728,sa915807,Dakota Mekkes,-0.009456091009986088,1.0,0.02930000051856041,0.8622999787330627
699132,sa3016034,Alex Vallecillo,-0.009457461190635412,1.0,0.1662999987602234,0.218299999833107
683514,sa1172141,Gerald Garcia,-0.009458845236154369,1.0,0.1639000028371811,0.22990000247955322
644413,sa748442,Francys Peguero,-0.00946708781222772,1.0,0.0,1.0
672570,sa3002988,Nathanael Perez Lopez,-0.009472071894004458,1.0,0.0982000008225441,0.5382000207901001
692037,sa3016465,Adrian Quintana,-0.009480016929818556,1.0,0.16930000483989716,0.20430000126361847
622256,17792,Patrick Weigel,-0.009486165480457356,1.0,0.0,1.0
663901,sa3006803,Michael Flynn,-0.009489624560449356,1.0,0.09489999711513519,0.5539000034332275
670393,sa918551,Dylan Bice,-0.0094991488044629,1.0,0.0,1.0
650382,19848,Darwinzon Hernández,-0.009506335088003488,12.0,0.0,12.0
695684,31811,Elmer Rodríguez,-0.009520463849374926,1.0,0.16509999334812164,0.2240999937057495
656927,sa3007456,Ricky Salinas,-0.009560128036453754,1.0,0.04490000009536743,0.7889000177383423
698860,sa3014874,Thomas Ruwe,-0.009577382614132634,1.0,0.0,1.0
670401,sa918618,Tyree Thompson,-0.009598014251248852,1.0,0.0,1.0
687926,sa3011368,Zach Bryant,-0.009602925029970592,1.0,0.0,1.0
695556,sa3018257,Shane Panzini,-0.009630740954855888,1.0,0.1754000037908554,0.1754000037908554
667407,sa3011394,Zack Plunkett,-0.009635725211638769,1.0,0.0,1.0
670550,22449,Nivaldo Rodriguez,-0.009654800481230488,1.0,0.0,1.0
682858,sa3009593,Gabriel Barbosa,-0.009659825549824145,1.0,0.13120000064373016,0.3831999897956848
688601,sa3017764,Kobe Robinson,-0.009678080411321179,1.0,0.13840000331401825,0.34940001368522644
681958,sa3007252,Devin Conn,-0.009679676239248884,1.0,0.0,1.0
701652,sa3017507,Chris Gerard,-0.009705820774089435,1.0,0.08889999985694885,0.5819000005722046
663793,sa875017,Dakota Chalmers,-0.009706933022627413,1.0,0.0,1.0
672765,sa3003026,Santiago Florez,-0.009715575829603985,1.0,0.0843999981880188,0.6033999919891357
476589,9029,Adam Warren,-0.009723842281658037,1.0,0.0,1.0
687028,sa1169914,Matt Walker,-0.009739894728479944,1.0,0.10700000077486038,0.4970000088214874
669937,sa3011432,Tyler Dyson,-0.009747666602812913,1.0,0.1460999995470047,0.31310001015663147
670721,sa921678,Kyle Johnson,-0.009749085104845167,1.0,0.0,1.0
682791,sa3009463,Gabriel Jackson,-0.009758313037321529,1.0,0.14810000360012054,0.30410000681877136
656279,sa3011363,Hansen Butler,-0.009782710857131297,1.0,0.0,1.0
663718,sa875566,Wesley Rodriguez,-0.009794539610529522,1.0,0.0,1.0
682623,sa3011608,Starlyn Castillo,-0.009795233260265594,1.0,0.1662999987602234,0.218299999833107
700174,sa3016052,Jordy Vargas,-0.00979604115953356,1.0,0.16910000145435333,0.20509999990463257
680916,30195,Franco Aleman,-0.00979972933190366,1.0,0.12530000507831573,0.41130000352859497
676930,sa3005217,Brandon Withers,-0.009805202456929766,1.0,0.06260000169277191,0.7056000232696533
679641,sa3010786,Nick Lackney,-0.009806227627978389,1.0,0.0,1.0
682855,sa3009592,Luis Vargas,-0.009813783947188945,1.0,0.1656000018119812,0.2215999960899353
691951,26443,Sam Aldegheri,-0.009830617050022071,1.0,0.1460999995470047,0.31310001015663147
592644,15846,Adam Plutko,-0.009845315806162607,1.0,0.0031999999191612005,0.9851999878883362
694436,sa3017139,Samuel Strickland,-0.009845785429397114,1.0,0.16670000553131104,0.2167000025510788
663719,sa3009983,Nathan Ocker,-0.009872756485676898,1.0,0.0,1.0
642617,sa737459,Salvador Justo,-0.009878053562685148,1.0,0.0,1.0
691786,sa3017783,Michael Morales,-0.009912260780169992,1.0,0.1754000037908554,0.1754000037908554
679056,sa3017131,Conor Dryer,-0.009912336891714045,1.0,0.06419999897480011,0.698199987411499
681803,sa3007611,Trey Riley,-0.009919921545271942,1.0,0.0,1.0
678899,sa3006544,Brayan Castillo,-0.00992402646330675,1.0,0.1754000037908554,0.1754000037908554
680991,sa3006512,Jhoan Cruz,-0.009927336209883932,1.0,0.16459999978542328,0.22660000622272491
670333,sa872728,Nick Highberger,-0.009967915726652177,1.0,0.0,1.0
687856,sa3010259,Andrew Bash,-0.009977727198000596,1.0,0.06930000334978104,0.6743000149726868
676508,30085,Ben Casparius,-0.009984940651282536,1.0,0.15209999680519104,0.2851000130176544
674289,sa3003133,Manuel Cachutt,-0.009990010492332812,1.0,0.0,1.0
543734,9895,Chris Rusin,-0.01002193002143831,1.0,0.0,1.0
669682,sa3010781,Morgan McSweeney,-0.010028618624153385,1.0,0.0,1.0
656977,17470,Chad Sobotka,-0.010041754774971186,1.0,0.0,1.0
685008,sa1169633,Kasey Kalich,-0.0100432471569379,1.0,0.0,1.0
668660,sa3014783,Dakota Donovan,-0.010056304590210898,1.0,0.0,1.0
679546,sa3017194,Joey Walsh,-0.010071974897966785,1.0,0.13670000433921814,0.357699990272522
689939,sa3010382,Joey Steele,-0.010097062348768428,1.0,0.02250000089406967,0.8945000171661377
682227,25463,Brandon Williamson,-0.010098127823226659,77.87200164794922,12.960000038146973,16.959999084472656
681585,sa3007478,Matt Willrodt,-0.010100354175401933,1.0,0.0,1.0
660756,sa873729,Eury Ramos,-0.010111647519115516,1.0,0.0,1.0
669651,sa1169632,Tim Elliott,-0.010116853755042869,1.0,0.10189999639987946,0.5209000110626221
613317,16618,Kyle Bird,-0.010116857484085268,1.0,0.0,1.0
657581,sa829731,Will Gaddis,-0.010124180912516366,1.0,0.0,1.0
677981,sa3005261,Kevin Marnon,-0.010147732829254574,1.0,0.0,1.0
676769,sa3005229,Matt Givin,-0.01014824804133635,1.0,0.027400000020861626,0.871399998664856
681980,sa3007484,Will Gardner,-0.01015294459684581,1.0,0.0,1.0
687498,sa3010665,Brian Marconi,-0.010155795745187365,1.0,0.015399999916553497,0.9273999929428101
664852,18140,Jay Flaa,-0.010158338922059076,1.0,0.0,1.0
678258,sa3006541,Jerson Ramirez,-0.010165232930022635,1.0,0.0,1.0
690206,sa3017312,Anthony Simonelli,-0.010167036283261278,1.0,0.05959999933838844,0.7196000218391418
686763,sa3011199,Gunner Mayer,-0.010184495214269647,1.0,0.1535000056028366,0.2784999907016754
663537,sa3015032,Jon Olsen,-0.010188712572203136,1.0,0.07119999825954437,0.6651999950408936
674175,sa3011527,Houston Roth,-0.01021122682006286,1.0,0.15600000321865082,0.2669999897480011
678429,sa3010242,Manuel Espinoza,-0.010211671953151199,1.0,0.1581999957561493,0.25619998574256897
670219,27585,Zac Kristofak,-0.010219896041068762,1.0,0.1128000020980835,0.4697999954223633
573046,13442,Mike Morin,-0.010220537075750687,1.0,0.0,1.0
488748,9456,Ryan Buchter,-0.010230448482932154,1.0,0.0,1.0
676711,sa3005408,Nick Gallagher,-0.010234650407540862,1.0,0.011599999852478504,0.9455999732017517
690148,sa1170503,Chris Kachmar,-0.010238138427838496,1.0,0.14329999685287476,0.3262999951839447
657252,sa829632,Brady Puckett,-0.010255781552421996,1.0,0.0,1.0
683674,sa3010656,Julian Valdez,-0.010266147406855932,1.0,0.0,1.0
695950,sa3015335,Nicolo Pinazzi,-0.010293796835541309,1.0,0.13040000200271606,0.3874000012874603
691711,sa3016204,Jawilme Ramírez,-0.010295671344725895,1.0,0.13650000095367432,0.35850000381469727
658369,sa830644,Malvin Pena,-0.010311035224425584,1.0,0.0,1.0
595263,11071,Mickey Jannis,-0.010323565581743408,1.0,0.0,1.0
450212,4682,Pat Neshek,-0.010327630600211203,1.0,0.0,1.0
683583,sa3010371,Yorlin Calderon,-0.010345298301749899,1.0,0.1339000016450882,0.3709000051021576
690597,sa3011326,Austin Reich,-0.010358242818583559,1.0,0.0,1.0
677017,sa3004364,Matt Merrill,-0.01038141707285272,1.0,0.12790000438690186,0.39890000224113464
701975,sa3017549,Brendan Collins,-0.010387532145125871,1.0,0.11320000141859055,0.4681999981403351
699212,sa3016038,Ivan Oviedo,-0.01039416511569223,1.0,0.13050000369548798,0.3865000009536743
702911,sa3017473,Tristan Garnett,-0.010396812920729291,1.0,0.0,1.0
680652,sa3007903,Rainiery Rodriguez,-0.010398157136096178,1.0,0.16089999675750732,0.24390000104904175
681147,sa3011237,Jake Cantleberry,-0.01039930767511195,1.0,0.0,1.0
674221,sa3002811,Franklin De La Paz,-0.01042354167592287,1.0,0.02539999969303608,0.8804000020027161
668546,sa917739,Melvin Jimenez,-0.010425944197392862,1.0,0.0,1.0
669189,sa3008500,Levi Kelly,-0.010427793805993067,1.0,0.0,1.0
656937,sa829573,Tyler Schimpf,-0.01043788179117245,1.0,0.0,1.0
687857,sa3010627,Sam Ryan,-0.010442524066243132,1.0,0.0,1.0
682034,sa3007811,Trent Fennell,-0.010445725028312204,1.0,0.035100001841783524,0.835099995136261
684154,sa3009937,Willy Gaston,-0.010464063938965854,1.0,0.024900000542402267,0.8828999996185303
678368,23899,Valente Bellozo,-0.010471328511554178,1.0,0.15109999477863312,0.29010000824928284
691171,sa3011349,Manuel Veloz,-0.010482037134157575,1.0,0.15880000591278076,0.25380000472068787
688490,sa3018179,Mitch Myers,-0.010482720470125483,1.0,0.17389999330043793,0.18289999663829803
660546,20218,Yennsy Díaz,-0.010493636161708609,1.0,0.0,1.0
686663,sa3015073,Zarion Sharpe,-0.010547656747837267,1.0,0.1143999993801117,0.46239998936653137
692504,sa3015040,Rafael Ohashi,-0.01056100204106586,1.0,0.1632000058889389,0.23319999873638153
669434,sa3014698,Stevie Emanuels,-0.010575509224957801,1.0,0.15770000219345093,0.25870001316070557
457915,7407,Javy Guerra,-0.010613927478993826,1.0,0.0,1.0
572125,13397,Sam Selman,-0.010619256242602718,1.0,0.0,1.0
641149,14764,Wes Parsons,-0.010647665494250787,1.0,0.0,1.0
591693,16086,Edubray Ramos,-0.010687472751531825,1.0,0.0,1.0
669446,sa3004961,Brendan Murphy,-0.0107129874000137,1.0,0.1615999937057495,0.24060000479221344
682645,sa3008678,Jerming Rosario,-0.010740285350550995,1.0,0.14980000257492065,0.29580000042915344
686643,sa3011841,Andrew Dalquist,-0.010755122927017375,1.0,0.1754000037908554,0.1754000037908554
687991,sa3011626,Jared Johnson,-0.010766825635213122,1.0,0.1647000014781952,0.2257000058889389
663379,sa3014780,Graham Lawson,-0.010777414865251076,1.0,0.0,1.0
681004,sa3017887,Jack Carey,-0.010782231314409363,1.0,0.07159999758005142,0.6636000275611877
695769,sa3015222,D.J. McCarty,-0.010796459143307159,1.0,0.1720999926328659,0.19110000133514404
695646,sa3017936,Peter Heubeck,-0.010809318891562315,1.0,0.17020000517368317,0.20020000636577606
682050,sa3007970,Hunter Speer,-0.010824125648105984,1.0,0.0,1.0
660431,18592,Hector Perez,-0.01083176807483029,1.0,0.0,1.0
685379,sa3010808,Juan De Los Santos,-0.010834400247987321,1.0,0.17389999330043793,0.18289999663829803
695778,sa3015334,Aidan Curry,-0.010891737238994099,1.0,0.16859999299049377,0.20759999752044678
656422,sa829399,Cre Finfrock,-0.010912339092419265,1.0,0.0,1.0
641582,19647,Matt Foster,-0.01092093063958319,28.0,0.0,28.0
677323,sa3017778,Dennis Boatman,-0.010925997817505672,1.0,0.0,1.0
656828,sa3002777,Jacob Patterson,-0.010927820342762538,1.0,0.0,1.0
682019,sa3007617,Daiveyon Whittle,-0.010935668631538772,1.0,0.16249999403953552,0.23649999499320984
666463,sa917804,Yeremin Lara,-0.010943022714117488,1.0,0.10530000180006027,0.505299985408783
676755,20385,Isaac Mattson,-0.01094723856998597,1.0,0.0,1.0
683848,sa3009247,Julio Goff,-0.010949014861382382,1.0,0.16040000319480896,0.24639999866485596
684711,sa3009750,Yonael Dominguez,-0.010954492396302005,1.0,0.1597999930381775,0.24879999458789825
691548,27407,Rolddy Muñoz,-0.01098489858911265,1.0,0.04349999874830246,0.7954999804496765
699044,29036,Miguel Ullola,-0.011010604496693426,1.0,0.1460999995470047,0.31310001015663147
689461,sa1170930,Tanner Cooper,-0.011018327466856397,1.0,0.16050000488758087,0.24549999833106995
674265,sa3017879,Kevin Abel,-0.011038249375242589,1.0,0.14229999482631683,0.3312999904155731
679893,sa3007606,Manuel Urias,-0.011051047717858435,1.0,0.14139999449253082,0.3353999853134155
657744,sa829753,Keith Rogalla,-0.011054722219208451,1.0,0.0,1.0
690922,sa3017781,Ryan Sublette,-0.011070833079086491,1.0,0.019500000402331352,0.9085000157356262
693388,sa3014808,Shohei Tomioka,-0.011072724181558516,1.0,0.060499999672174454,0.715499997138977
683720,sa3010800,Edwin Jimenez,-0.011081740237888554,1.0,0.16040000319480896,0.24639999866485596
669292,sa1115899,Owen Griffith,-0.01110319430855339,1.0,0.038100000470876694,0.8210999965667725
592102,12183,Cody Allen,-0.011119431013704762,1.0,0.0,1.0
672930,sa3004652,Sandel De La Cruz,-0.01113813736063596,1.0,0.0778999999165535,0.633899986743927
657681,16793,Kyle McGrath,-0.011142269159729622,1.0,0.0,1.0
693725,sa3015464,Juan Nuñez,-0.011142294295466686,1.0,0.1687999963760376,0.20679999887943268
678672,sa3006127,Carlos Guarate,-0.011151085271333268,1.0,0.15330000221729279,0.2793000042438507
693473,sa3016910,Caleb Wurster,-0.011154498446309209,1.0,0.0,1.0
801216,30206,Christian Montes De Oca,-0.011162391086647176,1.0,0.0,1.0
680887,sa3008374,Eduar Segovia,-0.011170119592580774,1.0,0.15389999747276306,0.2768999934196472
674178,sa3010619,Parker Caracci,-0.011189424082388504,1.0,0.0,1.0
691772,sa3017782,Maddux Bruns,-0.0111986466296522,1.0,0.1754000037908554,0.1754000037908554
689379,sa3011250,Aidan Anderson,-0.011203113306757865,1.0,0.03180000185966492,0.8507999777793884
676362,sa3009985,Gabriel Ponce,-0.011221063033996783,1.0,0.0,1.0
656004,16634,Carlos Sanabria,-0.01124147397004479,1.0,0.0,1.0
679645,sa3014920,Sam Thoresen,-0.01126624452716386,1.0,0.15459999442100525,0.2736000120639801
663366,18873,Beau Burrows,-0.011273410062259,1.0,0.03180000185966492,0.8507999777793884
643256,15288,Adam Cimber,-0.011274037418620986,60.0,0.0,60.0
680940,sa3007235,Robert Broom,-0.011301050811560664,1.0,0.0,1.0
670048,sa918110,Tai Tiedemann,-0.011318315805458662,1.0,0.0478999987244606,0.7749000191688538
676931,sa3014919,Cole Percival,-0.011328870670892069,1.0,0.07999999821186066,0.6240000128746033
623434,14033,Mike Hauschild,-0.01134179718593983,1.0,0.04910000041127205,0.76910001039505
658305,19276,Edgar García,-0.011344979715787875,1.0,0.0,1.0
687001,sa3010814,Bryce Tassin,-0.011347181422593632,1.0,0.020899999886751175,0.9018999934196472
669734,sa918421,Dakody Clemmer,-0.01135702894020889,1.0,0.0,1.0
623402,13946,Tim Peterson,-0.011357581579995973,1.0,0.0,1.0
665959,sa916829,Abdiel Mendoza,-0.011357651322406076,1.0,0.11509999632835388,0.45910000801086426
666138,sa3011123,Tony Locey,-0.011361509963832648,1.0,0.16599999368190765,0.2199999988079071
683742,27014,Jose Franco,-0.01137699140487672,1.0,0.15839999914169312,0.25540000200271606
676875,sa3004709,Franklin Van Gurp,-0.011382557327970116,1.0,0.04490000009536743,0.7889000177383423
672755,sa3002794,Aldry Acosta,-0.011408240045223974,1.0,0.0364999994635582,0.828499972820282
687362,26171,Connor Gillispie,-0.011424113308492091,1.0,0.15160000324249268,0.28760001063346863
692369,sa3015092,José Davila,-0.011458790832166013,1.0,0.17020000517368317,0.20020000636577606
678981,sa3005698,Williander Moreno,-0.011479891119886867,1.0,0.09560000151395798,0.550599992275238
681970,sa3009861,Nic Laio,-0.01152860620478846,1.0,0.0,1.0
641384,15979,Akeem Bostick,-0.011536594311477601,1.0,0.0,1.0
669421,sa3007896,Dominic Pipkin,-0.011544817301246804,1.0,0.13910000026226044,0.34610000252723694
700292,sa3016783,Yondrei Rojas,-0.011548709417784834,1.0,0.16089999675750732,0.24390000104904175
702795,29521,Ryan Loutos,-0.011562823168465183,10.0,0.0,10.0
681977,sa3017258,Jake Smith,-0.011565064277153635,1.0,0.11159999668598175,0.475600004196167
695258,sa3017612,Kris Anglin,-0.01160507270369576,1.0,0.1606999933719635,0.24469999969005585
699121,sa3015496,Fernando Guanare,-0.011612202115070688,1.0,0.15160000324249268,0.28760001063346863
667652,sa3011296,Jack Ralston,-0.01161534147666963,1.0,0.009800000116229057,0.9538000226020813
673872,sa3007216,Bobby Milacki,-0.011663344454428308,1.0,0.0,1.0
686593,sa3010253,Tyler Driver,-0.01166842045742329,1.0,0.0,1.0
667669,sa3011232,Keegan James,-0.01167680371664471,1.0,0.12790000438690186,0.39890000224113464
695297,sa3014812,Carson Rudd,-0.01172986758747848,1.0,0.062300000339746475,0.7073000073432922
681897,sa3010566,Alec Barger,-0.01173739547443004,1.0,0.0,1.0
684084,sa3009623,Sergio Umana,-0.011747298378683626,1.0,0.06260000169277191,0.7056000232696533
684085,sa3009742,Nomar Rojas,-0.011761067604044984,1.0,0.0,1.0
694391,sa3017138,Austin Vernon,-0.011763313449153316,1.0,0.07810000330209732,0.6330999732017517
698942,sa3016013,Deivy Cruz,-0.011767475964584682,1.0,0.17319999635219574,0.18619999289512634
686946,sa3011497,Jose Dicochea,-0.011776105758345269,1.0,0.16680000722408295,0.21580000221729279
681387,sa3017305,Caden Monke,-0.011797615317010963,1.0,0.025800000876188278,0.8787999749183655
686987,sa1170108,Tyler Yankosky,-0.011838483637411853,1.0,0.0,1.0
699230,sa3015498,Lorenzo Encarnacion,-0.011846001470772773,1.0,0.15119999647140503,0.2892000079154968
694042,sa3015997,Ulices Campos,-0.011857014559599225,1.0,0.15790000557899475,0.2578999996185303
678279,sa3006570,Miguel Rodriguez,-0.01186749147111195,1.0,0.020400000736117363,0.9043999910354614
691315,sa3011574,Yehizon Sanchez,-0.011889696330582832,1.0,0.1632000058889389,0.23319999873638153
674384,23162,Eduarniel Núñez,-0.011923578027613355,1.0,0.0,1.0
694674,sa3018799,Antonio Menendez,-0.011939336232329427,1.0,0.027499999850988388,0.8705000281333923
681320,sa3017917,Nate Lavender,-0.011952179381002436,1.0,0.0,1.0
701000,sa3017146,Ryan Och,-0.011954182897036767,1.0,0.01209999993443489,0.9430999755859375
683522,sa3017036,Michael Arias,-0.011959468597246743,1.0,0.1754000037908554,0.1754000037908554
672405,sa3002934,Leonardo Taveras,-0.011959555550134192,1.0,0.0,1.0
683416,sa3009471,Manuel Olivares,-0.011966059413714902,1.0,0.1754000037908554,0.1754000037908554
694657,sa3017366,Deylen Miley,-0.011975546858513868,1.0,0.156700000166893,0.263700008392334
694756,sa3014809,J.P. Woodward,-0.01198313582237617,1.0,0.0,1.0
702418,sa3017790,Juan Reynoso,-0.011983400104540106,1.0,0.1632000058889389,0.23319999873638153
594985,10983,Ben Rowen,-0.011989482482765258,1.0,0.0,1.0
676520,sa3005410,Manuel Alvarez,-0.011992443783741454,1.0,0.0,1.0
678295,sa3006113,Israel Puello,-0.012013173438478693,1.0,0.1606999933719635,0.24469999969005585
595988,sa602623,Heath Holder,-0.012027999437321763,1.0,0.0,1.0
669332,sa3017638,A.J. Labas,-0.012095134123467459,1.0,0.10400000214576721,0.5109999775886536
691774,sa3019239,Irv Carter,-0.01209696282178701,1.0,0.16419999301433563,0.2282000035047531
684846,sa3008726,Develson Aria,-0.012097064524338312,1.0,0.1454000025987625,0.3163999915122986
676047,sa3004702,Osvaldo Berrios,-0.012102918439837271,1.0,0.13600000739097595,0.3610000014305115
573062,10218,Aaron Northcraft,-0.01213251870626919,1.0,0.0,1.0
682143,sa3007620,Michael Costanzo,-0.01213289956327706,1.0,0.0,1.0
693803,sa3015993,Layonel Ovalles,-0.012160526672291136,1.0,0.09700000286102295,0.5440000295639038
646243,sa829086,Yoan Aybar,-0.012179137672283673,1.0,0.0,1.0
702474,30187,Mike Paredes,-0.012226735672641958,1.0,0.15000000596046448,0.29499998688697815
687870,sa3014802,Michael Giacone,-0.01222732636994325,1.0,0.0,1.0
694053,sa3014932,Max Bain,-0.012253610989857694,1.0,0.12280000001192093,0.4228000044822693
669993,sa928287,Raul Brito,-0.012259289567522171,1.0,0.0,1.0
691846,sa3016581,Miguel Pozo,-0.012305759285239498,1.0,0.17229999601840973,0.19030000269412994
695296,sa3017882,Mat Olsen,-0.012327975288421718,1.0,0.0,1.0
678738,sa3005444,Juan Sanchez,-0.01233661890867384,1.0,0.0,1.0
691012,sa3014684,Alex Santos II,-0.012350030602314453,1.0,0.15539999306201935,0.2694000005722046
678756,sa3006381,Victor Munoz,-0.01235626635809037,1.0,0.07909999787807465,0.6280999779701233
623450,sa621512,Paul Schwendel,-0.012359366102143526,1.0,0.0,1.0
681881,sa3007481,Bryce Nightengale,-0.01238176908987347,1.0,0.07739999890327454,0.6363999843597412
664301,sa874818,Wandisson Charles,-0.012383365986505208,1.0,0.0,1.0
689450,sa3017932,Luke Taggart,-0.012395579713009875,1.0,0.0,1.0
703240,sa3017825,Joe Kemlage,-0.012397590637974423,1.0,0.13369999825954437,0.3716999888420105
657660,sa3008577,Justin Lewis,-0.012402422923880132,1.0,0.0,1.0
666371,sa3014782,Nick Trogrlic-Iverson,-0.012405671423678863,1.0,0.0,1.0
690464,sa3015094,Jordan Mikel,-0.012408165886395945,1.0,0.11819999665021896,0.4442000091075897
687664,sa3011595,Jose Jimenez,-0.0124191585921568,1.0,0.16210000216960907,0.23810000717639923
663843,sa3009857,Kipp Rollings,-0.0124424862882462,1.0,0.06260000169277191,0.7056000232696533
673663,sa3003115,Miguel Pena,-0.012449511856944703,1.0,0.0,1.0
669704,26191,Kade Strowd,-0.01250496059824059,1.0,0.015799999237060547,0.9258000254631042
681817,sa3008172,Zach Mort,-0.012510180319819023,1.0,0.1096000000834465,0.4846000075340271
665135,sa3006760,Shea Murray,-0.012511567012840797,1.0,0.0,1.0
676342,sa3005285,Karlos Morales,-0.012511802056443958,1.0,0.0,1.0
691348,sa3015212,Raúl Rangel,-0.012530803300242067,1.0,0.1437000036239624,0.3246999979019165
676221,sa3004462,Jorge Benitez,-0.012554583464580826,1.0,0.0,1.0
684041,sa3009503,Diorys Guerrero,-0.012567784586470534,1.0,0.12929999828338623,0.392300009727478
703105,sa3017644,Malik Barrington,-0.012577971764631187,1.0,0.05790000036358833,0.7279000282287598
694381,sa3017277,Trey McLoughlin,-0.012588961852580445,1.0,0.024900000542402267,0.8828999996185303
685344,sa3017272,Noah Owen,-0.012599244918126765,1.0,0.16840000450611115,0.20839999616146088
702303,29934,Riley Martin,-0.012602102664888898,1.0,0.024399999529123306,0.8853999972343445
520980,5420,Pedro Báez,-0.012619682624871372,1.0,0.0,1.0
682684,sa3009713,Carlos Calderon,-0.012626517491649364,1.0,0.14980000257492065,0.29580000042915344
666768,sa917899,Anderson Pilar,-0.012630137771316715,1.0,0.06260000169277191,0.7056000232696533
684284,sa3010249,Huei-Sheng Lin,-0.012644885889939282,1.0,0.11860000342130661,0.4426000118255615
686317,sa3009638,Edgar Manzo,-0.012654618199114316,1.0,0.0794999971985817,0.6265000104904175
692414,sa3015446,Yoniel Curet,-0.012671889576104614,1.0,0.15950000286102295,0.25049999356269836
680891,30106,Jack Neely,-0.012676603714649353,1.0,0.0,1.0
680606,sa3006407,Cristian Charle,-0.012714580293254904,1.0,0.0,1.0
687677,sa3015369,Arij Fransen,-0.012748133500425432,1.0,0.15189999341964722,0.2858999967575073
679555,sa3017257,Brandon Dufault,-0.012759048130585496,1.0,0.0,1.0
683637,sa3009238,Brailin Rodriguez,-0.012760063172940534,1.0,0.164000004529953,0.2290000021457672
673387,sa3003102,Jose Montilla,-0.012776098182838244,1.0,0.08259999752044678,0.6115999817848206
688602,sa3018252,Patrick Murphy,-0.01281563957914836,1.0,0.0,1.0
596101,16132,Justin Shafer,-0.012821431646251416,1.0,0.0,1.0
691436,sa3015421,Alberto Pacheco,-0.01283474337807669,1.0,0.1632000058889389,0.23319999873638153
605240,16159,Jace Fry,-0.012852967770946383,18.0,0.0,18.0
695987,sa3015480,Raynel Moron,-0.012865421242401798,1.0,0.1754000037908554,0.1754000037908554
683181,sa3011638,Josh Wolf,-0.0128850930241231,1.0,0.12700000405311584,0.40299999713897705
683617,sa3009484,Yaifer Perdomo,-0.01291801689815813,1.0,0.14980000257492065,0.29580000042915344
694809,sa3017141,Alex Ayala Jr.,-0.012930019734003526,1.0,0.1193000003695488,0.439300000667572
678622,sa3011658,Josh Gessner,-0.012934534218834108,1.0,0.13650000095367432,0.35850000381469727
686859,sa3011728,Manuel Medina,-0.012950032213808155,1.0,0.04349999874830246,0.7954999804496765
669437,sa3009984,Jordan Jones,-0.012972956221850351,1.0,0.024399999529123306,0.8853999972343445
669393,sa919036,Alex Segal,-0.013001183178282536,1.0,0.01979999989271164,0.9067999720573425
628318,19757,Kazuhisa Makita,-0.013007180068367692,1.0,0.0,1.0
700183,sa3018147,Blake Holub,-0.013038880402514278,1.0,0.0738999992609024,0.652899980545044
683124,sa3008571,Fernando Olguin,-0.013061240435866062,1.0,0.1460999995470047,0.31310001015663147
663353,sa3010774,Devon Roedahl,-0.013067904063509897,1.0,0.0,1.0
692632,sa3015370,Yujanyer Herrera,-0.013071583139956225,1.0,0.1581999957561493,0.25619998574256897
641793,15823,Zack Littell,-0.013090514723700954,10.0,0.0,10.0
677656,sa3004869,Ernesto Jaquez,-0.013091930406412027,1.0,0.155799999833107,0.2678000032901764
681322,sa3008101,Regi Grace,-0.013103823629845284,1.0,0.05460000038146973,0.7436000108718872
675842,sa3003158,Emilker Guzman,-0.013152614875674514,1.0,0.0,1.0
678215,23811,Luarbert Arias,-0.013166183627334703,1.0,0.026499999687075615,0.8755000233650208
688609,sa3017640,Hunter Parks,-0.013182430955266194,1.0,0.15160000324249268,0.28760001063346863
692285,31184,Luis Guerrero,-0.013184771968242732,1.0,0.0,1.0
665661,18475,Shea Spitzbarth,-0.013198314098978217,1.0,0.0,1.0
680420,sa3015004,Grant Judkins,-0.013199720242995872,1.0,0.17020000517368317,0.20020000636577606
686294,26128,Amos Willingham,-0.013207650540001286,1.0,0.0,1.0
695250,sa3017753,Josh Swales,-0.013212614974932367,1.0,0.16300000250339508,0.23399999737739563
695960,sa3015309,Joey Stock,-0.013225476068965222,1.0,0.023499999195337296,0.8895000219345093
695378,sa3017596,Jack Sinclair,-0.013229919465729273,1.0,0.0,1.0
681463,sa3017538,Daniel Lloyd,-0.013230867263739048,1.0,0.04470000043511391,0.7896999716758728
677643,sa3004867,Jose Betances,-0.013232551826758351,1.0,0.0,1.0
689951,sa3016811,Jeferson Figueroa,-0.013232812940070353,1.0,0.1526000052690506,0.2825999855995178
674061,sa3007720,Will Tribucher,-0.013284125284114226,1.0,0.03819999843835831,0.8202000260353088
661538,sa3007709,Brian Rapp,-0.013287323099747218,1.0,0.16249999403953552,0.23649999499320984
687828,sa3010140,Arman Sabouri,-0.013309981424367866,1.0,0.0,1.0
680093,sa3017984,Luke Anderson,-0.01333753994643102,1.0,0.1444000005722046,0.321399986743927
701626,sa3016800,Arielbi Gonzalez,-0.013352201234037958,1.0,0.1460999995470047,0.31310001015663147
681571,sa3018112,Davis Sharpe,-0.013375785315253274,1.0,0.0,1.0
691703,sa3015102,Luis Montas,-0.013414023809690673,1.0,0.0,1.0
687623,sa3011247,Kevin Holcomb,-0.0134349020451522,1.0,0.12530000507831573,0.41130000352859497
668530,sa916725,Freisis Adames,-0.013450029452281674,1.0,0.1273999959230423,0.40139999985694885
701318,sa3017470,Ryan Cardona,-0.013459453397845543,1.0,0.11580000072717667,0.45579999685287476
694040,sa3015085,Julio Dilone,-0.013464490111561589,1.0,0.0544000007212162,0.7444000244140625
684080,sa3011879,Dheygler Gimenez,-0.013478444377828606,1.0,0.15489999949932098,0.2718999981880188
678426,sa3005688,Alan Mundo,-0.013493603914541845,1.0,0.0,1.0
692020,sa3015100,Ruben Galindo,-0.013520213124288184,1.0,0.0860000029206276,0.5960000157356262
687459,sa1170117,Michael YaSenka,-0.013540848606201552,1.0,0.0,1.0
676215,sa1055363,Aaron Perry,-0.013554688290729046,1.0,0.0,1.0
692248,sa3017888,Adam Shoemaker,-0.013566493174304292,1.0,0.16840000450611115,0.20839999616146088
682202,sa3011651,Conor Grammes,-0.013566795273234317,1.0,0.0,1.0
670103,22370,Raymond Burgos,-0.013572596973601752,1.0,0.0,1.0
681740,sa3005891,Benito Garcia,-0.013581219396174425,1.0,0.0,1.0
669678,sa1170441,Matt Gill,-0.013598238655853096,1.0,0.0,1.0
694350,27783,Zach Brzykcy,-0.013616776592909231,10.0,0.0,10.0
656187,sa3007454,Luis Alvarado,-0.013619915136251165,1.0,0.056699998676776886,0.7336999773979187
687723,sa3014801,Levi Thomas,-0.013653845224508382,1.0,0.10670000314712524,0.49869999289512634
800544,sa3019384,Cesar Lares,-0.013661347483216062,1.0,0.1754000037908554,0.1754000037908554
699106,sa3016032,Reynardo Cruz,-0.013663181615548027,1.0,0.13840000331401825,0.34940001368522644
678758,sa3006495,Alfred Vega,-0.013664495368487302,1.0,0.11699999868869781,0.44999998807907104
696275,sa3017848,RJ Petit,-0.013669885863155715,1.0,0.0,1.0
694946,sa3015333,Alonzo Richardson,-0.013671395432121371,1.0,0.15770000219345093,0.25870001316070557
678868,24248,Eddy Yean,-0.013676202462852007,1.0,0.0,1.0
682944,sa3010246,Tyrone Yulie,-0.013681467002747647,1.0,0.1754000037908554,0.1754000037908554
700412,sa3017849,Aaron Haase,-0.013693035554715988,1.0,0.0,1.0
681659,sa3006074,Jorge Rodriguez,-0.01371217003390141,1.0,0.0,1.0
679780,sa3014858,Gabriel Sequeira,-0.013734830426098311,1.0,0.0,1.0
663883,sa3011554,Brooks Crawford,-0.013748477352028238,1.0,0.0,1.0
700943,sa3017145,Jack Aldrich,-0.013757860061186108,1.0,0.0,1.0
672614,sa3002998,Naswell Paulino,-0.013787730290966742,1.0,0.12530000507831573,0.41130000352859497
665996,sa917882,Oddanier Mosqueda,-0.013812388734916808,14.0,0.0,14.0
693732,sa3015983,Estibenzon Jimenez,-0.01384535609638663,1.0,0.12300000339746475,0.421999990940094
701619,sa3017506,Alfredo Ruiz,-0.013852838041049188,1.0,0.038100000470876694,0.8210999965667725
688703,sa3015149,Michael Brewer,-0.01385298274825581,1.0,0.0,1.0
692445,sa3015447,Gabriel Torres,-0.01385633693497582,1.0,0.1647000014781952,0.2257000058889389
666122,sa3011231,Jeff Belge,-0.013859149989079087,1.0,0.02669999934732914,0.8747000098228455
687938,sa3014865,Jordan DiValerio,-0.013890316148537364,1.0,0.0,1.0
691330,sa3015346,Moisés Chace,-0.013898795253968822,1.0,0.16369999945163727,0.23070000112056732
686774,sa3010310,Cooper Bradford,-0.013931967478527332,1.0,0.021400000900030136,0.899399995803833
687444,sa3010312,Serafino Brito,-0.013941452109772804,1.0,0.0,1.0
687561,sa3017814,Brannon Jordan,-0.013951604992428158,1.0,0.08980000019073486,0.5777999758720398
676997,sa3011192,Keegan Collett,-0.013953866093605376,1.0,0.0,1.0
673394,sa3005332,Gabriel Yanez,-0.013954207271196107,1.0,0.0,1.0
702212,sa3017321,Jordarlin Mendoza,-0.013959038197719471,1.0,0.17260000109672546,0.18860000371932983
700177,sa3017861,Owen Holt,-0.01397896334538867,1.0,0.0,1.0
678617,sa3006374,Cristofer Mezquita,-0.013985757477032408,1.0,0.13699999451637268,0.35600000619888306
676686,sa3005361,Dante Mendoza,-0.013988449883627142,1.0,0.0,1.0
680442,sa3014794,Mike Mokma,-0.013993243979832573,1.0,0.0,1.0
687159,sa3011533,Nick Morreale,-0.014006982384428008,1.0,0.0,1.0
686248,sa3017918,Zack Matthews,-0.014013726929825603,1.0,0.11819999665021896,0.4442000091075897
672432,sa3002947,Jol Concepcion,-0.014036613477143333,1.0,0.0,1.0
668995,sa918085,Remey Reed,-0.014037328795003579,1.0,0.0,1.0
699325,sa3016749,Oscar Rayo,-0.014099558607467746,1.0,0.0625,0.7064999938011169
690953,27756,Mick Abel,-0.01410226126423215,13.234000205993652,1.6200000047683716,5.619999885559082
666202,sa3018279,Mitch Miller,-0.014140881200508803,1.0,0.0,1.0
656365,sa915735,Tommy DeJuneas,-0.01414736104014411,1.0,0.0,1.0
681012,sa3014859,Trevor Holloway,-0.014147394283470779,1.0,0.022299999371170998,0.8952999711036682
688953,sa3011481,Trevor Brigden,-0.014160357812802244,8.0,0.0,8.0
683871,sa3014796,Mitch Ellis,-0.014168212230197583,1.0,0.0,1.0
624418,16377,Ryan Castellani,-0.014175756024558594,1.0,0.0,1.0
667563,sa3010778,Jake Sommers,-0.014186954236122791,1.0,0.0,1.0
680704,20517,Nick Sandlin,-0.014229283968708421,62.0,0.0,62.0
700649,sa3016066,Henry Lalane,-0.014230521469048027,1.0,0.1754000037908554,0.1754000037908554
682697,sa3009205,Breidy Encarnación,-0.014232941315047943,1.0,0.10890000313520432,0.4878999888896942
681938,sa3006985,Angel Reyes,-0.014236723960461358,1.0,0.05999999865889549,0.7179999947547913
693737,sa3015985,Miguel Mora,-0.01424782745810398,1.0,0.17260000109672546,0.18860000371932983
681925,sa3006769,Kyler Stout,-0.014248394168620084,1.0,0.08160000294446945,0.616599977016449
683726,sa1171936,Pedro Santos,-0.014257115900161266,1.0,0.1526000052690506,0.2825999855995178
695995,sa3016009,Tomas Cleto,-0.014262345974502287,1.0,0.12349999696016312,0.4194999933242798
678804,sa3006383,José Cruz,-0.014270032757206577,1.0,0.0,1.0
675653,sa3005121,James Marinan,-0.014299783798882436,1.0,0.08349999785423279,0.6075000166893005
694518,sa3017071,Austin Smith,-0.014302196524093914,1.0,0.0,1.0
691767,sa3014476,Nick Bitsko,-0.014304290319087259,1.0,0.1695999950170517,0.20260000228881836
659392,sa3006757,Will McAffer,-0.014332109753697309,1.0,0.0,1.0
692329,sa3016211,Darlin Pinales,-0.01433591204333444,1.0,0.13259999454021454,0.3765999972820282
692351,sa3016472,Jorge Martinez,-0.014358241647543808,1.0,0.1754000037908554,0.1754000037908554
800388,sa3018330,Aldo Leija,-0.014375810594879664,1.0,0.1754000037908554,0.1754000037908554
672651,sa3003009,Rodolfo Sanchez,-0.014382367327944718,1.0,0.0,1.0
682549,sa3007819,Jose Alcantara,-0.014396240917214018,1.0,0.0,1.0
700353,sa3016284,Andres Silvera,-0.014413967549109707,1.0,0.1754000037908554,0.1754000037908554
701195,sa3017493,Manuel Castro,-0.014418674261484994,1.0,0.10670000314712524,0.49869999289512634
664719,sa3009926,Josh McMinn,-0.014431306345251397,1.0,0.08330000191926956,0.608299970626831
684485,sa3008724,Benjamin Arias,-0.014475880415263567,1.0,0.17229999601840973,0.19030000269412994
687344,sa3010819,Kevin Milam,-0.014498092676481625,1.0,0.0,1.0
685402,sa3017388,Brett Standlee,-0.014503185335305174,1.0,0.019999999552965164,0.906000018119812
663930,sa874790,Austin Smith,-0.014509579351353545,1.0,0.0,1.0
689508,sa3018181,Orlando Ortiz-Mayr,-0.01452102803640706,1.0,0.08229999989271164,0.6133000254631042
676112,sa3017608,Cody Greenhill,-0.014530577470298357,1.0,0.0,1.0
800125,sa3018826,Fernando Perez,-0.014545290231425811,1.0,0.1754000037908554,0.1754000037908554
689011,sa1172219,Brock Whittlesey,-0.014551621038921667,1.0,0.0,1.0
668943,22187,Ryan Miller,-0.014562694804141092,1.0,0.0,1.0
665563,sa917865,Manuel Silva,-0.014577512545393745,1.0,0.0649000033736229,0.6948999762535095
688015,sa3017687,Adam McKillican,-0.014586595811757091,1.0,0.0,1.0
683053,sa3008478,Tom Sutera,-0.014591806287428127,1.0,0.08699999749660492,0.5910000205039978
678714,sa3008533,Over Galue,-0.014601589960887826,1.0,0.10119999945163727,0.5242000222206116
800442,sa3018857,Mauricio Estrella,-0.01460736316288167,1.0,0.1754000037908554,0.1754000037908554
684188,sa3009506,Martin Salazar,-0.014627975185494569,1.0,0.1754000037908554,0.1754000037908554
701182,sa3016622,Domingo Mejia,-0.014645350650878056,1.0,0.1754000037908554,0.1754000037908554
665825,sa917897,Jesus E. Sanchez,-0.014666709518309099,1.0,0.032499998807907104,0.8475000262260437
683059,sa3008535,Hsin-Chieh Lin,-0.014667912929708912,1.0,0.12300000339746475,0.421999990940094
672774,sa3003030,Ronny Garcia,-0.014678235332395286,1.0,0.10719999670982361,0.49619999527931213
702373,sa3016526,Felix Arronde,-0.014681278820800643,1.0,0.1754000037908554,0.1754000037908554
683538,sa3009725,Listher Sosa,-0.014684547727787184,1.0,0.0,1.0
702465,sa3017616,Ryan Long,-0.014685087341268234,1.0,0.14390000700950623,0.3239000141620636
680212,sa3018092,Conor Larkin,-0.01471054956384156,1.0,0.0,1.0
700771,sa3017105,Walker Brockhouse,-0.014712907890398067,1.0,0.08349999785423279,0.6075000166893005
677650,sa3005812,Yeury Tatiz,-0.014738667291305622,1.0,0.13349999487400055,0.3725000023841858
686809,sa3011783,Brock Jones,-0.014744743807585607,1.0,0.16179999709129333,0.23980000615119934
687422,sa3014977,Chris Mauloni,-0.014744778126059586,1.0,0.0,1.0
701539,sa3017262,Eric Torres,-0.014773372310343202,22.0,0.0,22.0
678736,sa3006068,Miguel Rondon,-0.014780406680079046,1.0,0.1573999971151352,0.2603999972343445
679923,sa3005457,Carlos Campos,-0.014789262700640127,1.0,0.04560000076889992,0.7856000065803528
682144,25158,Jayvien Sandridge,-0.014794337871450229,1.0,0.0,1.0
692663,sa3016594,Jean Munoz,-0.01479539073197989,1.0,0.17229999601840973,0.19030000269412994
682949,sa3009222,Christian Suarez,-0.014797111664515089,1.0,0.0,1.0
663648,sa875330,Justin Marsden,-0.01479806537568883,1.0,0.0,1.0
691477,sa3015360,Elvis Garcia,-0.014800147856394668,1.0,0.13490000367164612,0.3659000098705292
681252,30086,Jack Anderson,-0.014809362844683194,1.0,0.0,1.0
681930,sa3006771,Shelby Lackey,-0.014826265286743702,1.0,0.0,1.0
659389,sa3014844,Carter Loewen,-0.01484015666833575,1.0,0.0,1.0
673395,sa3003106,Carlos Romero,-0.014844306829226151,1.0,0.02319999970495701,0.8912000060081482
679566,sa3006502,Wardquelin Vasquez,-0.014845793753035968,1.0,0.1371999979019165,0.35519999265670776
658655,sa832333,Jesus Linarez,-0.014851188388858044,1.0,0.02319999970495701,0.8912000060081482
658788,sa872457,Mailon Arroyo,-0.014880323528615149,1.0,0.0,1.0
663423,17948,Trent Thornton,-0.014882387790319312,26.0,0.0,26.0
702878,sa3016817,Douglas Orellana,-0.014885470017712657,1.0,0.12600000202655792,0.40799999237060547
800311,30661,Didier Fuentes,-0.014889043743595946,1.0,0.1754000037908554,0.1754000037908554
692576,sa3015452,Dualvert Gutierrez,-0.014911406397093664,1.0,0.16110000014305115,0.24310000240802765
800091,sa3018822,Maxwel Hernandez,-0.014930425429917404,1.0,0.1754000037908554,0.1754000037908554
691429,sa3011440,Wander Arias,-0.014932076153971881,1.0,0.10440000146627426,0.5094000101089478
702098,sa3016071,Allen Facundo,-0.014946219084659838,1.0,0.1662999987602234,0.218299999833107
666220,sa885669,Jose Morban,-0.014957819927586548,1.0,0.11420000344514847,0.46320000290870667
666672,sa3006955,Jojanse Torres,-0.01502399806951067,1.0,0.0,1.0
699151,29114,Jedixson Paez,-0.015060342448049237,1.0,0.16539999842643738,0.2223999947309494
682551,sa3007627,Ronaldo Alesandro,-0.015060661166342245,1.0,0.0,1.0
690369,sa3011850,Brendan McGuigan,-0.01506811622105972,1.0,0.03180000185966492,0.8507999777793884
694060,sa3016245,Randy Lara,-0.015068735805136759,1.0,0.17190000414848328,0.19189999997615814
668720,sa3011334,Todd Peterson,-0.015092489041814235,1.0,0.0,1.0
688516,sa3010669,Nick Roth,-0.01512067103236181,1.0,0.0,1.0
692404,sa3015949,Darlin Saladin,-0.015121752431565777,1.0,0.1754000037908554,0.1754000037908554
696062,28901,Wilber Dotel,-0.015151959114993285,1.0,0.14139999449253082,0.3353999853134155
687560,sa3017364,Bryant Salgado,-0.015152509693821344,1.0,0.15209999680519104,0.2851000130176544
800539,sa3019071,Emmanuel Reyes,-0.015162834741803194,1.0,0.1720999926328659,0.19110000133514404
701316,sa3015109,Jarod Wright,-0.015169614554497371,1.0,0.0,1.0
676713,sa3004348,Xavier Moore,-0.0151711240844674,1.0,0.0,1.0
690216,sa3017198,Parker Harm,-0.015176069797601905,1.0,0.0,1.0
691334,sa3015347,Harol Arias,-0.015180178660439827,1.0,0.16509999334812164,0.2240999937057495
668977,sa3018238,Graham Hoffman,-0.015196843027093844,1.0,0.0,1.0
670238,sa3017192,Collin Sullivan,-0.015203825688627041,1.0,0.0,1.0
692550,sa3015450,Hansel Rincon,-0.015206156588003629,1.0,0.15469999611377716,0.2727000117301941
702129,sa3017550,Alex Pham,-0.015206457707074664,1.0,0.0,1.0
695975,sa3015372,Nomar Medina,-0.015207496172945931,1.0,0.16979999840259552,0.20180000364780426
519008,3237,T.J. McFarland,-0.015215220437798205,10.0,0.0,10.0
691414,sa3015931,Yorman Gómez,-0.01523957027410428,1.0,0.17190000414848328,0.19189999997615814
689564,sa3015278,Alexander Johnson,-0.015249183632269963,1.0,0.1404000073671341,0.34040001034736633
682918,sa1172127,Luis Carrasco,-0.015249821479476091,1.0,0.10440000146627426,0.5094000101089478
702436,sa3016528,Luis Serna,-0.015268172929881677,1.0,0.17190000414848328,0.19189999997615814
676670,sa3005202,Derek Molina,-0.015277903743941296,1.0,0.0,1.0
693310,sa3014495,Burl Carraway,-0.015289486965065354,1.0,0.0,1.0
692013,sa3016584,Henry Baez,-0.015304552126361712,1.0,0.16599999368190765,0.2199999988079071
672648,sa3004333,Roither Hernandez,-0.015307729426606707,1.0,0.0,1.0
682087,sa3017387,Antonio Knowles,-0.015309990471319077,1.0,0.0,1.0
688542,sa3014803,Austin Faith,-0.015323554710540227,1.0,0.09749999642372131,0.5414999723434448
691327,sa3015418,César Álvarez,-0.01532697964454824,1.0,0.1754000037908554,0.1754000037908554
687956,sa3010827,Carlos A. Francisco,-0.015343588794958452,1.0,0.0,1.0
676442,sa3017946,Bailey Dees,-0.015358631144683325,1.0,0.0,1.0
700368,sa3017614,Cristian Jimenez,-0.01535869030741599,1.0,0.1615999937057495,0.24060000479221344
691103,sa3014509,Koen Moreno,-0.015372386279508222,1.0,0.16699999570846558,0.2150000035762787
677080,sa3004715,Elian Rodriguez,-0.01540299945829942,1.0,0.1264999955892563,0.40549999475479126
688341,sa3011731,Dylan Castaneda,-0.01542694084137497,1.0,0.12559999525547028,0.40959998965263367
681459,sa3006702,Jose Ramirez,-0.015450417266837102,1.0,0.1137000024318695,0.4657000005245209
683138,sa3008585,Fernando Lozano,-0.015457442766570304,1.0,0.05860000103712082,0.7246000170707703
699154,sa3017657,Alvaro Mejias,-0.015459590439018152,1.0,0.1754000037908554,0.1754000037908554
681839,sa3007935,Leury Tejada,-0.015465883725569302,1.0,0.0,1.0
691795,sa3017950,Brock Selvidge,-0.015470602037441413,1.0,0.1678999960422516,0.21089999377727509
678980,sa3006070,José Geraldo,-0.015477579787217716,1.0,0.0,1.0
692352,sa3015214,Manuel Mercedes,-0.015492675264980181,1.0,0.12950000166893005,0.39149999618530273
679973,sa3005866,Jesus Valles,-0.015498628036627955,1.0,0.04769999906420708,0.7756999731063843
703941,sa3018815,Melvin Pineda,-0.015505038602140524,1.0,0.1754000037908554,0.1754000037908554
678840,sa3006135,Benony Robles,-0.015506302792420336,1.0,0.10740000009536743,0.49540001153945923
679556,sa3015359,Sam Jacobsak,-0.01551394755558174,1.0,0.0,1.0
682015,sa3008360,Saul Gonzalez,-0.015516638439202398,1.0,0.06159999966621399,0.7106000185012817
547184,12791,Michael Kelly,-0.015528152035428275,8.0,0.0,8.0
703102,sa3018807,Anfernny Reyes,-0.01553110004210606,1.0,0.1754000037908554,0.1754000037908554
676005,sa3002820,Reinaldo De Paula,-0.01555165292493893,1.0,0.0,1.0
663724,sa1172846,Jake Gilbert,-0.015556496105170223,1.0,0.0,1.0
687671,sa3011436,Darlin Alcántara,-0.015574251717442934,1.0,0.16459999978542328,0.22660000622272491
660522,sa873291,Carlos Suniaga,-0.0155822465178746,1.0,0.0,1.0
688297,31261,Chris Roycroft,-0.0155877039696529,1.0,0.0,1.0
676726,sa3006811,Chris Muller,-0.015600988787512272,4.0,0.0,4.0
691005,sa3014543,Liam Norris,-0.01560634008392048,1.0,0.17159999907016754,0.19359999895095825
702882,sa3018301,Eybersson Polanco,-0.015609441308718879,1.0,0.1754000037908554,0.1754000037908554
681022,sa3007236,Austin Lambright,-0.0156117140980161,1.0,0.0,1.0
670196,sa918959,Jean Casanova,-0.0156278391827016,1.0,0.0,1.0
699011,sa3016022,Luigi Hernandez,-0.015631182325094042,1.0,0.0803999975323677,0.6223999857902527
643358,sa3009919,Sam Hellinger,-0.01563340633417411,1.0,0.0,1.0
676435,sa3004588,Harold Cortijo,-0.015636528556937326,1.0,0.0,1.0
801787,sa3019487,Evelio Hernandez,-0.015657216873055282,1.0,0.1754000037908554,0.1754000037908554
682840,sa3008176,Samuel Perez,-0.015674144480294923,1.0,0.012600000016391277,0.9405999779701233
669445,sa3014851,Adam Laskey,-0.01568215384291454,1.0,0.0,1.0
699054,sa3016259,Austin Aldeano,-0.01568792288911297,1.0,0.1754000037908554,0.1754000037908554
684384,sa3017985,Chase Plymell,-0.015693112445557725,1.0,0.0,1.0
592717,11490,Aaron Sanchez,-0.015698140098741584,8.0,0.0,8.0
680620,sa3006575,Frederic Garcia,-0.01570402399445832,1.0,0.1687999963760376,0.20679999887943268
661383,21025,Oliver Ortega,-0.015709048994142195,30.0,0.0,30.0
698962,sa3016017,Ricardo Estrada,-0.015725695716794188,1.0,0.1754000037908554,0.1754000037908554
688274,sa3018115,Hayden Seig,-0.01572917661844256,1.0,0.0,1.0
687074,26030,Tyler Owens,-0.0157406738021397,1.0,0.07320000231266022,0.6561999917030334
684483,sa3011139,Daniel Juarez,-0.01574075738888399,1.0,0.0,1.0
700326,sa3016616,Jonney Rosario,-0.015744194028216835,1.0,0.17229999601840973,0.19030000269412994
677352,sa3017842,Chase Watkins,-0.01575248374743258,1.0,0.053199999034404755,0.7501999735832214
700168,sa3016274,Claudio Galva,-0.01576220033486633,1.0,0.1728000044822693,0.18780000507831573
689370,sa3011348,Jordan Bocko,-0.01576640778485683,1.0,0.029600000008940697,0.8605999946594238
693729,sa3015465,Oliver Roque,-0.015783347006208828,1.0,0.08299999684095383,0.6100000143051147
800089,sa3018317,Luis Bermudez,-0.015818221005694785,1.0,0.17190000414848328,0.19189999997615814
691371,sa3016457,Nathanael Cruz,-0.01583426665292318,1.0,0.14880000054836273,0.30079999566078186
672418,sa3002941,Roy Garcia,-0.015853707547164045,1.0,0.02669999934732914,0.8747000098228455
663533,sa876164,Tyler Watson,-0.015888904897233703,1.0,0.0,1.0
690183,sa3011654,Peyton Plumlee,-0.015901120731768238,1.0,0.06390000134706497,0.6998999714851379
692623,sa3015156,Leonard Garcia,-0.015915525783233738,1.0,0.10180000215768814,0.5217999815940857
699223,sa3016510,Patricio Aquino,-0.015923448037911823,1.0,0.1704999953508377,0.19850000739097595
700316,sa3016281,Jesus A. Rodriguez,-0.015926488400220637,1.0,0.1754000037908554,0.1754000037908554
691853,sa3016462,Geralmi Santana,-0.01594642053447213,1.0,0.15600000321865082,0.2669999897480011
669419,sa3017498,Michael Hobbs,-0.015956482504067577,1.0,0.0,1.0
669721,27582,Davis Daniel,-0.015997024057318687,13.234000205993652,1.6200000047683716,5.619999885559082
664330,sa875839,Jose Mora,-0.016001251023264874,1.0,0.0,1.0
678013,sa3008329,Lenny Torres Jr.,-0.01601580119117957,1.0,0.11420000344514847,0.46320000290870667
678883,sa3006386,Yeuris Jimenez,-0.01602134900753175,1.0,0.0,1.0
667429,sa3011523,Jake Reindl,-0.016028964351024192,1.0,0.0,1.0
690907,sa3017594,Michael Kirian,-0.016031476842686646,1.0,0.0,1.0
692363,sa3016586,Ismael Mota,-0.016053113199853815,1.0,0.1754000037908554,0.1754000037908554
682672,sa3008766,Roberto Monegro,-0.016054312474067564,1.0,0.16599999368190765,0.2199999988079071
678834,sa3007602,Chih-Ting Wang,-0.016058378029433124,1.0,0.0746999979019165,0.6486999988555908
702872,sa3017552,Edwar Polimir,-0.016067263680038316,1.0,0.15950000286102295,0.25049999356269836
680801,sa3016938,Jake Schrand,-0.016076068410015444,1.0,0.0,1.0
688984,sa3014929,Robert Kwiatkowski,-0.016078039825459488,1.0,0.0,1.0
686924,sa3017541,Tyler Myrick,-0.016080197258706522,1.0,0.0,1.0
675848,23237,Juan Mejia,-0.01608079217166099,1.0,0.0,1.0
691453,sa3015348,Edgardo Ibarra,-0.016088899889822685,1.0,0.11540000140666962,0.45739999413490295
674967,sa3018260,Cam Brown,-0.016096019403383045,1.0,0.0,1.0
698982,sa3015487,Rayner Castillo,-0.0161134860822881,1.0,0.17190000414848328,0.19189999997615814
700166,sa3016612,Redinson Gomez,-0.01611696384681167,1.0,0.1754000037908554,0.1754000037908554
692030,27984,Jose Corniell,-0.016134309675633382,1.0,0.09229999780654907,0.5662999749183655
660799,sa873152,Fabian Blanco,-0.0161425391099989,1.0,0.0,1.0
683492,sa3009227,Reinys Portillo,-0.016147305806165003,1.0,0.13609999418258667,0.36010000109672546
683020,sa3008438,Gustavo Rodriguez,-0.016177422063284076,1.0,0.028200000524520874,0.8672000169754028
668826,sa3018176,A.J. Candelario,-0.016196552872224386,1.0,0.0,1.0
800413,sa3018853,Juan Oramas,-0.016224412800123832,1.0,0.1754000037908554,0.1754000037908554
671093,sa3016936,Kyle Whitten,-0.016241385468117476,1.0,0.0,1.0
681860,sa3009988,Destin Dotson,-0.016285093117432897,1.0,0.0,1.0
687919,sa3010141,Garrett Leonard,-0.016286209225958758,1.0,0.03319999948143959,0.8442000150680542
669624,sa3010649,Michael Bienlien,-0.016300739275123887,1.0,0.0,1.0
681641,sa3006163,Sonny Vargas,-0.01631125051453725,1.0,0.156700000166893,0.263700008392334
680578,sa3005706,Daury Cabrera,-0.0163187101316487,1.0,0.10090000182390213,0.5259000062942505
702462,sa3017551,Nic Swanson,-0.016338795642855564,1.0,0.1460999995470047,0.31310001015663147
666190,sa917957,Nick Hanson,-0.016339102509436012,1.0,0.024900000542402267,0.8828999996185303
690475,sa3015009,Jacinto Arredondo,-0.016343211566268983,1.0,0.0,1.0
686402,sa3016842,Jonathan Petit,-0.01634535165450426,1.0,0.15039999783039093,0.29339998960494995
676515,sa3005216,Cam Robinson,-0.016346780139816258,34.0,0.0,34.0
687674,sa3010378,Enmanuel De La Cruz,-0.01635841616904546,1.0,0.1662999987602234,0.218299999833107
679013,sa3015079,Sammy Tavarez,-0.016365359582836154,1.0,0.0,1.0
669389,sa3010780,Davis Moore,-0.01638181775104355,1.0,0.0,1.0
800242,sa3019144,Jhosep Chirinos,-0.016392605480004548,1.0,0.17229999601840973,0.19030000269412994
680983,24681,Kelvin Cáceres,-0.016400397486296656,1.0,0.07819999754428864,0.6322000026702881
694050,sa3016833,Gabriel Reyes,-0.016436842943141412,1.0,0.15469999611377716,0.2727000117301941
687688,sa3009830,Luis Vega,-0.016463886484063044,1.0,0.1535000056028366,0.2784999907016754
700357,sa3016285,Juan Rojas,-0.016468977690631798,1.0,0.15719999372959137,0.2612000107765198
681894,sa3006981,Kyle Hinton,-0.016480902489193112,1.0,0.0,1.0
666472,sa916947,Jhonatan Munoz,-0.016489765259530095,1.0,0.028200000524520874,0.8672000169754028
691258,sa3014706,Kristian Cardozo,-0.016497442015050556,1.0,0.1754000037908554,0.1754000037908554
686807,sa3011677,Victor Simeon,-0.016505730823401156,1.0,0.17159999907016754,0.19359999895095825
681886,sa3010129,Julian Smith,-0.01650766505761973,1.0,0.0,1.0
658649,sa873302,Gilberto Chu,-0.016510350473752364,1.0,0.0,1.0
695349,sa3017819,Hayes Heinecke,-0.0165140539502568,1.0,0.03139999881386757,0.852400004863739
681097,sa3016795,Andrew Moore,-0.016514427270231846,1.0,0.037700001150369644,0.822700023651123
669176,sa3011780,Addison Moss,-0.016530987503079315,1.0,0.0,1.0
650510,sa828333,Erick Julio,-0.01653262279390127,1.0,0.028200000524520874,0.8672000169754028
691263,sa3014708,Esmerlin Vinicio,-0.01654135685621958,1.0,0.08139999955892563,0.6173999905586243
800461,sa3019164,Luis Gonzalez,-0.01654144266731863,1.0,0.1754000037908554,0.1754000037908554
698986,sa3016019,Jefrem Leon,-0.016547028070506786,1.0,0.16349999606609344,0.23149999976158142
687797,sa3010003,Nate Jones,-0.016552002782257533,1.0,0.0,1.0
685095,sa3017308,Alaska Abney,-0.016553711421675124,1.0,0.0,1.0
676114,sa3017255,Hugh Fisher,-0.01656594049579018,1.0,0.0,1.0
800017,sa3018312,Jose Montero,-0.01657246737279402,1.0,0.15719999372959137,0.2612000107765198
691342,sa3015929,José  Ramírez,-0.016575838542466248,1.0,0.1754000037908554,0.1754000037908554
692652,sa3014931,Diego Granado,-0.01658046359497613,1.0,0.028200000524520874,0.8672000169754028
690440,sa3010837,Bradley Hanner,-0.016585709873695904,1.0,0.020400000736117363,0.9043999910354614
800153,sa3019136,Sadiel Baro,-0.016606240170052317,1.0,0.16459999978542328,0.22660000622272491
800279,sa3019146,Abrahan Tejada,-0.01660725927898724,1.0,0.1754000037908554,0.1754000037908554
800173,sa3018829,Manuel Cazorla,-0.01661150758972589,1.0,0.1754000037908554,0.1754000037908554
681872,sa3006831,Tyler Suellentrop,-0.016624730145548543,1.0,0.0,1.0
685777,sa3009527,Miguel Gomez,-0.016631233725637996,1.0,0.0,1.0
676285,sa3007220,Leif Strom,-0.016635877605866604,1.0,0.0877000018954277,0.5877000093460083
687046,sa3014800,Ty Madrigal,-0.01664083440101934,1.0,0.0,1.0
700282,sa3016056,Ricardo Yan,-0.01665912678493443,1.0,0.1712000072002411,0.19519999623298645
605446,14509,Dereck Rodríguez,-0.016669963620234853,4.0,0.0,4.0
692593,sa3016227,Ismael Luciano,-0.016693783910674238,1.0,0.17190000414848328,0.19189999997615814
679560,sa3006398,Braunny Munoz,-0.016697291670245536,1.0,0.04470000043511391,0.7896999716758728
692401,sa3016216,Gerardo Salas,-0.01671669852739433,1.0,0.17190000414848328,0.19189999997615814
686571,sa3015368,Danny Denz,-0.016739176538279683,1.0,0.0860000029206276,0.5960000157356262
502083,2895,Zach McAllister,-0.0167466714567824,14.0,0.0,14.0
698987,sa3016503,Gustavo Rivas,-0.016763566781618982,1.0,0.17159999907016754,0.19359999895095825
680725,sa3007776,Jackson Goddard,-0.01676658484289382,1.0,0.035599999129772186,0.8325999975204468
681834,sa3007480,Tanner Driskill,-0.016770285048609175,1.0,0.0,1.0
691879,sa3011775,Elkyn Chirinos,-0.016779013428459253,1.0,0.1754000037908554,0.1754000037908554
683441,sa3008702,Rafael Garcia,-0.01677940781917667,1.0,0.1754000037908554,0.1754000037908554
685734,sa3009636,Victor Lopez,-0.016810185914076004,1.0,0.0,1.0
692581,sa3016591,Diego Navarro,-0.016813527242224617,1.0,0.1754000037908554,0.1754000037908554
684941,sa3011242,Brayden Theriot,-0.01682047426267504,1.0,0.0,1.0
678914,sa3005448,Carlos De Los Santos,-0.016820904210625806,1.0,0.039500001817941666,0.8144999742507935
699214,sa3016748,Leandro Lopez,-0.016835597057886065,1.0,0.15389999747276306,0.2768999934196472
673659,sa3003113,Jose Moreno,-0.016846769252402034,1.0,0.09229999780654907,0.5662999749183655
670304,sa915599,Conner O'Neil,-0.0168516685797647,1.0,0.0,1.0
700289,sa3016519,Eliander Alcalde,-0.016863041543158465,1.0,0.15160000324249268,0.28760001063346863
642213,sa3008258,Ryan Williamson,-0.016880344763286582,1.0,0.0,1.0
695972,sa3015403,Jeison Pena,-0.016910970038789927,1.0,0.03929999843239784,0.8152999877929688
673686,sa3005318,Hunter Haworth,-0.016920701963518477,1.0,0.0,1.0
805060,sa3018366,Yenrri Rojas,-0.016924188557766284,1.0,0.1754000037908554,0.1754000037908554
606965,12763,Chris Devenski,-0.01694178572937577,20.0,0.0,20.0
800324,sa3019269,Luis Cohen,-0.016946038413381003,1.0,0.17260000109672546,0.18860000371932983
801389,sa3018194,Jack Snyder,-0.016946276232811565,1.0,0.0,1.0
663670,sa3014908,Jonathan Hughes,-0.016949836825636833,1.0,0.0,1.0
805114,sa3018372,Rolando Gutierrez,-0.01695408453429514,1.0,0.16539999842643738,0.2223999947309494
668996,sa3008645,Tyler Gillies,-0.01697567077360255,1.0,0.0,1.0
693767,sa3015469,Milleran Cedano,-0.01697766223595292,1.0,0.1754000037908554,0.1754000037908554
683548,sa3009230,Adriel Gonzalez,-0.016985713437283598,1.0,0.15469999611377716,0.2727000117301941
800105,sa3019257,Biembenido  Brito,-0.016996159435192313,1.0,0.1712000072002411,0.19519999623298645
703148,sa3017645,Raimon Gomez,-0.017024064265230805,1.0,0.05490000173449516,0.7419000267982483
802192,sa3019395,Daniel Corniel,-0.017045759160253006,1.0,0.17159999907016754,0.19359999895095825
690232,sa3014867,Bailey Reid,-0.017051158457376897,1.0,0.0,1.0
685124,sa3017309,Nathan Burns,-0.017058133171598048,1.0,0.0,1.0
800304,sa3019150,Osbriel Mogollon,-0.01707238437933848,1.0,0.1687999963760376,0.20679999887943268
700169,sa3016515,Bryan Perez,-0.017075898322754295,1.0,0.16459999978542328,0.22660000622272491
695079,sa3016600,Johnny Grullon,-0.01709678628206241,1.0,0.1754000037908554,0.1754000037908554
672559,sa3002986,Ricardo Silva,-0.017103504997404657,1.0,0.15649999678134918,0.2644999921321869
692854,sa3016486,Isaias Uribe,-0.01712056389883368,1.0,0.17229999601840973,0.19030000269412994
681875,sa3007809,Theo McDowell,-0.017137596508700444,1.0,0.0,1.0
683575,sa3009234,Roger Rodriguez,-0.017151782538756877,1.0,0.1535000056028366,0.2784999907016754
692825,sa3016944,Javier Tovar,-0.017153401806826986,1.0,0.1754000037908554,0.1754000037908554
665813,sa917835,Eris Filpo,-0.017159118335094575,1.0,0.0,1.0
677926,sa3005222,Alexander Montero,-0.01716917500579043,1.0,0.0,1.0
666697,sa917821,Luis Ramirez,-0.017172568178006872,1.0,0.0,1.0
700375,sa3018118,Rob Griswold,-0.01718541627200266,1.0,0.0,1.0
800073,sa3018820,Bryan Bautista,-0.017194012423376002,1.0,0.16539999842643738,0.2223999947309494
675991,sa3015105,Chase Wallace,-0.017198169485408695,1.0,0.0,1.0
690273,sa3017466,Carson Carter,-0.01721096171574724,1.0,0.0,1.0
703616,sa3018813,Miguel Olivares,-0.017227524046053558,1.0,0.15950000286102295,0.25049999356269836
681168,24710,Luis Curvelo,-0.017229570562604633,1.0,0.021400000900030136,0.899399995803833
684875,sa3009631,Eudrys Manon,-0.01722992828665394,1.0,0.0,1.0
805084,sa3019298,Vince Sanchez,-0.01723463563418426,1.0,0.1754000037908554,0.1754000037908554
678640,sa3006600,Carlos Betancourt,-0.01723701539245966,1.0,0.02930000051856041,0.8622999787330627
677604,sa3005430,Damian Mendoza,-0.01725319532895456,1.0,0.0,1.0
676012,sa3005026,Gerald Ogando,-0.01725582490725232,1.0,0.0,1.0
695274,sa3015075,Tanner Propst,-0.017256695592352177,1.0,0.0,1.0
672611,sa3002996,Delvin Capellan,-0.017272379253505204,1.0,0.0,1.0
687437,sa3010574,Spencer Mraz,-0.01732373710332845,1.0,0.0,1.0
700345,sa3016063,Deyer Zapata,-0.017339115477593505,1.0,0.1687999963760376,0.20679999887943268
663614,sa3015001,Isaiah Carranza,-0.017342532765050288,1.0,0.0,1.0
681640,sa3005881,Freddery Paulino,-0.0173556335829495,1.0,0.15950000286102295,0.25049999356269836
692385,sa3015444,Alexander Beltre,-0.017365139757867742,1.0,0.16699999570846558,0.2150000035762787
671129,sa3017747,Tyler Ahearn,-0.017374803157166593,1.0,0.0,1.0
686621,sa3011140,Jonathan Pendergast,-0.01738587344670809,1.0,0.0,1.0
800065,sa3019254,Eliecer Bata,-0.01739170981462459,1.0,0.1754000037908554,0.1754000037908554
800400,sa3018852,Willian Colmenares,-0.017401346428893343,1.0,0.17260000109672546,0.18860000371932983
691870,sa3011812,Luis Vizcaino,-0.017432225150295123,1.0,0.15950000286102295,0.25049999356269836
670815,sa3014969,James Acuna,-0.01746635113128992,1.0,0.04879999905824661,0.770799994468689
683409,26790,Angel Chivilli,-0.01747929292104334,1.0,0.0,1.0
682132,sa3008290,Brendan Hardy,-0.017487100377781947,1.0,0.0,1.0
676089,sa3004337,Alex Mauricio,-0.017492651950354706,1.0,0.0,1.0
678576,23988,Wilkin Ramos,-0.017494781798272845,1.0,0.021400000900030136,0.899399995803833
682158,sa3007265,Cody Tyler,-0.017505375460463258,1.0,0.0,1.0
678979,sa3005697,Luis Barroso,-0.017538944210257285,1.0,0.0,1.0
656918,sa3004732,Evy Ruibal,-0.017550359288587634,1.0,0.0,1.0
684045,sa3009740,Miguel Padilla,-0.017562124033693952,1.0,0.10490000247955322,0.5069000124931335
666212,sa1054455,Greg Veliz,-0.017585286478119647,1.0,0.0,1.0
681819,sa3006828,Tyler Smith,-0.017588802476929823,1.0,0.0,1.0
692654,sa3016593,Carlos Sarmiento,-0.017639230337733236,1.0,0.16459999978542328,0.22660000622272491
800262,sa3018324,Jeffrey German,-0.017643703516179096,1.0,0.17190000414848328,0.19189999997615814
663464,sa3007712,Colin Schmid,-0.017652121139974036,1.0,0.0,1.0
681643,sa3006164,Freddy Pacheco,-0.017659327825214764,6.0,0.0,6.0
677645,sa3006101,Daniel Cruz,-0.01766958063804183,1.0,0.0,1.0
670258,sa918871,Brady Schanuel,-0.017676560604790323,1.0,0.08950000256299973,0.5795000195503235
694367,sa3014517,Justin Lange,-0.017705205289618053,1.0,0.1754000037908554,0.1754000037908554
682842,25327,Abner Uribe,-0.017723941141718397,8.0,0.0,8.0
693754,sa3015988,Luis Osorio,-0.017736939041514473,1.0,0.16539999842643738,0.2223999947309494
672662,sa3003013,Joan Valdez,-0.017751691425553804,1.0,0.021900000050663948,0.8968999981880188
682055,sa3007998,Leudeny Pineda,-0.017781316700503515,1.0,0.02930000051856041,0.8622999787330627
699160,sa3017317,Kevin Briceno,-0.017784185229655775,1.0,0.16189999878406525,0.23890000581741333
800480,sa3019067,Gerson Balbino,-0.017786531997388545,1.0,0.17229999601840973,0.19030000269412994
703831,sa3019249,Smil Guzman,-0.01780155106248912,1.0,0.1754000037908554,0.1754000037908554
692823,sa3015458,Abel Brito,-0.017806558845992283,1.0,0.1615999937057495,0.24060000479221344
679903,sa3018109,Zach Pettway,-0.017807180927248787,1.0,0.022099999710917473,0.8960999846458435
678283,sa3008426,Niklas Rimmel,-0.017818025176846587,1.0,0.02669999934732914,0.8747000098228455
700344,sa3016714,Alessandro Ercolani,-0.017819247248558358,1.0,0.16699999570846558,0.2150000035762787
680755,24609,Braydon Fisher,-0.017831618542636044,1.0,0.0,1.0
680415,sa3007774,Zach Daniels,-0.017852458336911493,1.0,0.0,1.0
801746,sa3019391,Marcos  Fortunato,-0.017864399646184217,1.0,0.1632000058889389,0.23319999873638153
678488,sa3006123,Bryan Lucas,-0.01790231225206463,1.0,0.0,1.0
687824,sa1170345,Shea Barry,-0.017908165235195672,1.0,0.13490000367164612,0.3659000098705292
665984,sa917807,Edison Suriel,-0.01791529393177527,1.0,0.0,1.0
692859,sa3016487,Wilkerman Munoz,-0.017916572425389722,1.0,0.164000004529953,0.2290000021457672
699389,sa3017143,Gabriel Agrazal,-0.017922390476369926,1.0,0.17229999601840973,0.19030000269412994
680622,sa3006699,Carlos Gomez,-0.017928450462729496,1.0,0.0,1.0
701179,sa3016621,Gerson Calzadilla,-0.017928559245421125,1.0,0.1632000058889389,0.23319999873638153
703461,sa3018812,Luis Hernandez,-0.017928952520975174,1.0,0.1687999963760376,0.20679999887943268
680640,sa3006410,Carlos Meza,-0.01793226765983348,1.0,0.020899999886751175,0.9018999934196472
702881,sa3019119,Aldrin Batista,-0.017933877869781848,1.0,0.16930000483989716,0.20430000126361847
680653,sa3007608,Denny Roman,-0.01796329043930766,1.0,0.0,1.0
703835,sa3019125,Alejandro Manzano,-0.017992404899893122,1.0,0.1615999937057495,0.24060000479221344
695327,sa3019113,Dylan Heid,-0.017995886235444045,1.0,0.0,1.0
669797,sa919033,Carlos Alejo,-0.017996835384196535,1.0,0.0,1.0
805064,sa3019294,Frank Moreno,-0.017997132030346936,1.0,0.1754000037908554,0.1754000037908554
686594,sa3010811,Garrett Farmer,-0.018002354393951404,1.0,0.0,1.0
686844,sa3018234,Ben Wereski,-0.01801463919959112,1.0,0.0,1.0
802402,sa3018277,Ryan Hennen,-0.01801737489472289,1.0,0.00839999970048666,0.9603999853134155
800455,sa3019381,Cesar Jimenez,-0.018023488770948292,1.0,0.1678999960422516,0.21089999377727509
693750,sa3015362,Yerlin Rodriguez,-0.01802620780292851,1.0,0.11299999803304672,0.4690000116825104
688016,sa3015148,Johzan Oquendo,-0.018033044890845465,1.0,0.0,1.0
698981,sa3015486,Jose Rojas,-0.018041949357049728,1.0,0.1754000037908554,0.1754000037908554
702300,sa3017993,Johnathan Lavallee,-0.018047488369322903,1.0,0.09470000118017197,0.5547000169754028
683652,sa3011859,Ezequiel Ventura,-0.018049618910557962,1.0,0.17190000414848328,0.19189999997615814
682274,25215,Yaramil Hiraldo,-0.018073700550734064,1.0,0.0,1.0
691921,sa3016796,Keneth Quintanilla,-0.018075870454702183,1.0,0.16699999570846558,0.2150000035762787
674001,sa3016904,Luke Boyd,-0.01808803195553307,1.0,0.0,1.0
690583,sa3014806,Troy Stainbrook,-0.01808977291415007,1.0,0.0,1.0
672078,sa968102,Eric Pardinho,-0.018107144484468776,1.0,0.0,1.0
689117,sa1170357,Matthew Swain,-0.018114986635665534,1.0,0.0,1.0
700280,sa3015506,Miguel Mendez,-0.01811617773974954,1.0,0.0,1.0
694771,sa3015011,Thomas Girard,-0.018156549434845366,1.0,0.0,1.0
686449,sa3011727,Michael McAvene,-0.01816164834224495,1.0,0.0,1.0
800189,sa3018831,Joneiker Arellano,-0.01816873360521638,1.0,0.1678999960422516,0.21089999377727509
694207,sa3015477,Brayan Mendoza,-0.018178149300399227,1.0,0.15279999375343323,0.2818000018596649
663551,sa3011591,Marrick Crouse,-0.018186677166508593,1.0,0.0,1.0
698934,sa3016710,Jhoniel Serrano,-0.018192245598844133,1.0,0.15950000286102295,0.25049999356269836
682884,sa3010245,Rolando Sirit,-0.018214570919341637,1.0,0.16699999570846558,0.2150000035762787
678666,sa3007601,Ricardo Leon,-0.018217401301564105,1.0,0.16110000014305115,0.24310000240802765
695779,sa3015387,Kyle Gruller,-0.018227973449780933,1.0,0.0,1.0
671922,27867,Cade Smith,-0.018231624022624883,4.0,0.0,4.0
678353,sa3005685,Yohanse Morel,-0.01825055762505631,1.0,0.0,1.0
683248,sa1172730,Neraldo Catalina,-0.01825104392230733,1.0,0.07670000195503235,0.6396999955177307
679014,sa3005451,Oliver Mateo,-0.018266917854325007,1.0,0.0,1.0
675525,sa3004204,Anderson Bido,-0.018271600037228383,1.0,0.0,1.0
687692,sa3010578,Jairo Vásquez,-0.018276991016615857,1.0,0.1615999937057495,0.24060000479221344
695955,sa3016602,Luis Joseph,-0.018287804942954216,1.0,0.16439999639987946,0.227400004863739
700165,sa3016611,Rony Cruz,-0.018299127628386893,1.0,0.17190000414848328,0.19189999997615814
680663,sa3008373,Jose Santamaria,-0.01830001699303784,1.0,0.0,1.0
702471,sa3017392,Hunter Dula,-0.018312906653039796,1.0,0.0,1.0
672715,22815,Luis Patiño,-0.01835091566145931,67.55120086669922,4.860000133514404,46.86000061035156
696098,sa3015483,Jose Romero,-0.018363873698077706,1.0,0.08540000021457672,0.5983999967575073
665981,sa917912,Abel Adames,-0.018365872802655215,1.0,0.02319999970495701,0.8912000060081482
679062,sa3014792,Jonathan Sprinkle,-0.018373038641927696,4.0,0.0,4.0
677741,sa3005075,Yasel Santana,-0.01837593456004351,1.0,0.0,1.0
677743,sa3004993,Mark Simon,-0.018385469892426207,1.0,0.0,1.0
691413,sa3015930,Victor Garcia,-0.018400752187265907,1.0,0.1754000037908554,0.1754000037908554
681896,sa3015298,Anthony Hoopii-Tuionetoa,-0.018404467720864383,1.0,0.0,1.0
673448,sa3002809,Nelfri Contreras,-0.018409432428709856,1.0,0.0,1.0
687271,sa3017099,Kasey Ford,-0.01841278746928103,1.0,0.0,1.0
702124,sa3017072,Justin Kelly,-0.018442494443717736,1.0,0.0,1.0
691055,sa3010267,Alex Nolan,-0.018445074042802833,1.0,0.0,1.0
801221,sa3018872,Pedro Garcia,-0.01846290019440809,1.0,0.16040000319480896,0.24639999866485596
669162,sa3004644,Rickey Ramirez,-0.018472173732614547,1.0,0.0,1.0
682915,sa3009778,Luis De La Rosa,-0.018489115772351943,1.0,0.046799998730421066,0.7797999978065491
673314,sa3003096,Rafael Monsion,-0.018506856313749463,1.0,0.051600001752376556,0.7576000094413757
699128,sa3016263,Jared Albir,-0.01851005781936009,1.0,0.16599999368190765,0.2199999988079071
702210,sa3017789,Daniel Guerrero,-0.018521300627417147,1.0,0.16459999978542328,0.22660000622272491
676014,sa3003164,Matthew Peguero,-0.018532898490864584,1.0,0.05090000107884407,0.7609000205993652
693804,sa3015994,Pedro Reyes,-0.018545959113638905,1.0,0.16979999840259552,0.20180000364780426
684169,sa3009326,Joel Ibarra,-0.018548411822200263,1.0,0.07680000364780426,0.6388000249862671
680761,sa1119388,Bryce Tucker,-0.0185509080063227,1.0,0.035100001841783524,0.835099995136261
678975,sa3009986,Nathanael Heredia,-0.018561394861699963,1.0,0.019500000402331352,0.9085000157356262
679933,sa3006638,Igor Januario,-0.01857454645608675,1.0,0.0,1.0
800485,sa3019165,Wande Torres,-0.018589367245537423,1.0,0.1754000037908554,0.1754000037908554
700288,sa3016278,Juan Martinez,-0.01859332242773116,1.0,0.13019999861717224,0.3882000148296356
802743,sa3018355,Rodolfo Garrido,-0.018593430484846317,1.0,0.16979999840259552,0.20180000364780426
680109,sa3010651,Davis Schwab,-0.01862798437723789,1.0,0.0,1.0
702321,sa3017279,Matthew McMillan,-0.01863187089374894,1.0,0.0,1.0
657097,19274,Jacob Webb,-0.018639872173171146,12.0,0.0,12.0
694331,sa3018117,Tyler Mattison,-0.01864875019028624,1.0,0.01979999989271164,0.9067999720573425
690218,sa3011795,Benjamin Dum,-0.018649062960042727,1.0,0.0,1.0
676370,sa3011133,Chad Bryant,-0.018681609290974777,1.0,0.10320000350475311,0.5152000188827515
675530,sa3004769,Yoilan Quinonez,-0.018684301376115073,1.0,0.0,1.0
686253,sa3014862,Braidyn Fink,-0.018688116528368583,1.0,0.0,1.0
683739,sa3015056,Mason Feole,-0.01870110808355919,1.0,0.0,1.0
672398,sa3002680,Jonas De La Cruz,-0.018706865310141367,1.0,0.028200000524520874,0.8672000169754028
674380,sa3003139,Jose Miguel Gonzalez,-0.01873169827416683,1.0,0.058400001376867294,0.7253999710083008
678921,sa3005696,Raúl Alcantara,-0.018738685385103013,1.0,0.0,1.0
699175,sa3016265,Taylor Bloye,-0.018764630561752173,1.0,0.052799999713897705,0.751800000667572
666016,sa919907,Jose Albertos,-0.018785131237454174,1.0,0.0,1.0
670033,sa918090,Cole Duensing,-0.01878739397651455,1.0,0.02319999970495701,0.8912000060081482
686957,sa3011743,Nick Lockhart,-0.018795470979205715,1.0,0.0,1.0
671220,sa3017530,Christopher Troye,-0.018813229925046807,1.0,0.0,1.0
660808,sa873186,Oscar Tovar,-0.01881899546971609,1.0,0.0,1.0
689166,sa3017845,Adam Scoggins,-0.01882162666474282,1.0,0.0,1.0
698989,sa3015488,Gabriel Agostini,-0.018829669473926225,1.0,0.1573999971151352,0.2603999972343445
682974,sa3008559,Gabriel Jaramillo,-0.018831659234580172,1.0,0.0,1.0
683681,sa3015415,Jose Gonzalez,-0.018833345834245674,1.0,0.16459999978542328,0.22660000622272491
682451,sa3007496,Enrique Santana,-0.018833451229173202,1.0,0.0,1.0
695294,sa3017204,Tommy McCollum,-0.01886536052830575,1.0,0.0,1.0
676385,sa3017533,Peyton Glavine,-0.018870853531925802,1.0,0.0,1.0
689287,sa3010320,Brock Begue,-0.01887523916202044,1.0,0.09749999642372131,0.5414999723434448
700832,sa3017011,Jacob DeLabio,-0.018879003007236397,1.0,0.00419999985024333,0.9801999926567078
700274,sa3015312,Javier Chacon,-0.01887981666409376,1.0,0.15039999783039093,0.29339998960494995
664771,sa3008274,Joey Matulovich,-0.01888717801621569,1.0,0.0,1.0
703895,sa3019251,Gerlin Rosario,-0.018891773991807075,1.0,0.1535000056028366,0.2784999907016754
689968,sa3011538,Nick Richmond,-0.018918270789194863,1.0,0.0,1.0
701861,sa3017938,Gabe Emmett,-0.018918856846578666,1.0,0.058400001376867294,0.7253999710083008
698965,sa3016018,Gerelmi Maldonado,-0.018920315727991636,1.0,0.1526000052690506,0.2825999855995178
699226,sa3015497,Lisandro Almonte,-0.018949854537675077,1.0,0.1460999995470047,0.31310001015663147
692616,sa3015959,Mauricio Veliz,-0.018991797005582737,1.0,0.13300000131130219,0.375
677316,sa3008387,Damon Casetta-Stubbs,-0.01900857109480933,1.0,0.0,1.0
700712,29357,Walbert Ureña,-0.019026665329789774,1.0,0.1687999963760376,0.20679999887943268
687643,sa3010666,Kumar Nambiar,-0.019030928164594,1.0,0.0,1.0
691423,sa3015420,Kenny Pinto,-0.01906520437950498,1.0,0.1754000037908554,0.1754000037908554
695985,sa3015288,Nate Tellier,-0.019070788732473132,1.0,0.0,1.0
672353,sa3005188,Michell Miliano,-0.019075324343759918,1.0,0.0,1.0
701951,sa3017013,Abel Mercedes,-0.019083882374683062,1.0,0.1535000056028366,0.2784999907016754
661426,sa873207,Freicer Perez,-0.01909259054811384,1.0,0.04390000179409981,0.7939000129699707
692071,sa3015439,Joiner Vicent,-0.019124106132637764,1.0,0.1526000052690506,0.2825999855995178
699159,sa3016508,Jean Carlos Reyes,-0.01914088630788719,1.0,0.17229999601840973,0.19030000269412994
681619,sa3005879,Robinson Hernandez,-0.019141596694609363,1.0,0.0,1.0
702877,sa3016915,Bryan Polanco,-0.01914789031622125,1.0,0.1573999971151352,0.2603999972343445
680863,sa3017843,Sean Mullen,-0.01916462304817728,1.0,0.025800000876188278,0.8787999749183655
675556,sa3004091,Sal Biasi,-0.01916588242292118,1.0,0.0,1.0
689998,sa3010634,Nick Yoder,-0.019180939927164162,1.0,0.0,1.0
674455,sa3007468,Yeury Gervacio,-0.019189590581587947,1.0,0.0,1.0
681823,sa3008173,Ben Madison,-0.019190454056190572,1.0,0.0,1.0
683384,sa3009936,Edgar Isea,-0.019198218028045128,1.0,0.1632000058889389,0.23319999873638153
677590,sa3006352,Delvis Alegre,-0.01921549583254597,1.0,0.12999999523162842,0.3889999985694885
681141,sa3011236,Brendan Bell,-0.019231082435274032,1.0,0.038600001484155655,0.8185999989509583
686964,sa3010813,Peyton Williams,-0.019247463885643044,1.0,0.02319999970495701,0.8912000060081482
677678,sa3005432,Alex Valdez,-0.019252231377694915,1.0,0.0,1.0
805066,sa3018904,Wanmer Ramirez,-0.01931329831898396,1.0,0.1754000037908554,0.1754000037908554
656952,sa3008430,Andrew Shaps,-0.01931751830578533,1.0,0.0,1.0
695344,sa3015041,Brett Lockwood,-0.019335543577161916,1.0,0.0,1.0
682710,sa3009812,Bernardo Hiraldo,-0.019335819723170937,1.0,0.1460999995470047,0.31310001015663147
800144,sa3019259,Derek Corro,-0.019340244564491342,1.0,0.1615999937057495,0.24060000479221344
700281,sa3016518,Jonathan Salazar,-0.019373399150193944,1.0,0.1754000037908554,0.1754000037908554
699086,sa3016030,Kikito Severino,-0.01937865337179255,1.0,0.14229999482631683,0.3312999904155731
684957,sa3009753,Miguel Alfonseca,-0.019402114075759615,1.0,0.019500000402331352,0.9085000157356262
667241,sa3011872,Ben Thompson,-0.01940347003691321,1.0,0.0,1.0
681730,sa3005889,Luis Amoroso,-0.01941469039336218,1.0,0.0,1.0
671987,sa3014852,Logan Hofmann,-0.01942508789350875,1.0,0.0,1.0
667658,sa3004641,Moises Ceja,-0.019436927790065537,1.0,0.0,1.0
801219,sa3018870,Alfred Morillo,-0.019453441531140495,1.0,0.0,1.0
670389,sa3010783,Nelson L. Alvarez,-0.019454485553129734,1.0,0.0,1.0
805110,sa3018370,Ricardo Montero,-0.01947281396407286,1.0,0.1728000044822693,0.18780000507831573
694064,sa3016500,Yohemy Nolasco,-0.019476838899873856,1.0,0.16110000014305115,0.24310000240802765
689185,sa3017197,Everhett Hazelwood,-0.019485159579322415,1.0,0.0,1.0
691260,sa3015301,Cristopher Cruz,-0.0194984853706767,1.0,0.17190000414848328,0.19189999997615814
688744,sa1171993,Anthony Zimmerman,-0.019502440907160357,1.0,0.0,1.0
695398,sa3016797,Maceo Campbell,-0.019515512241692342,1.0,0.0,1.0
687377,26247,Orlando Ribalta,-0.01954474653610584,1.0,0.0,1.0
669193,26152,Jack Little,-0.019549512675541364,1.0,0.0,1.0
691319,sa3011438,Jose Valdez,-0.019554785720743737,1.0,0.1460999995470047,0.31310001015663147
679326,sa3007230,Charlie Cerny,-0.01956546983242591,1.0,0.04670000076293945,0.7807000279426575
683587,sa3008707,Orlando Gil,-0.01956752334885371,1.0,0.14980000257492065,0.29580000042915344
678726,sa3006542,Yoelvis Reyes,-0.01957945695716042,1.0,0.04470000043511391,0.7896999716758728
666817,sa904550,Duilio Ochoa,-0.019582198056389263,1.0,0.0,1.0
800581,sa3019072,Santiago Quintero,-0.019585331090518934,1.0,0.1535000056028366,0.2784999907016754
687648,sa3015074,Parker Brahms,-0.019590600505274756,1.0,0.07980000227689743,0.6248000264167786
700421,sa3016784,Gabriel Rodriguez,-0.019592433663758454,1.0,0.16539999842643738,0.2223999947309494
682731,sa3009206,Abdiel Medina,-0.0195949531990119,1.0,0.1573999971151352,0.2603999972343445
681443,sa3017271,Kolby Kubichek,-0.019598381651886227,1.0,0.0,1.0
686339,sa3009788,Wilmer Ortega,-0.019599437959193666,1.0,0.1460999995470047,0.31310001015663147
676506,sa3004465,Gio Arriera,-0.019604275210473032,1.0,0.0,1.0
676666,sa3005029,Matt Turner,-0.019617630205002116,1.0,0.0,1.0
692191,sa3016585,Vladimir Davila,-0.01962262713097694,1.0,0.13420000672340393,0.3691999912261963
693703,sa3015979,Walki Lezan,-0.019645886019802206,1.0,0.0,1.0
677124,sa3005196,Sergio Morillo,-0.019668193464333423,1.0,0.01889999955892563,0.9108999967575073
668878,sa3014848,Robbie Peto,-0.019679884650417385,1.0,0.07580000162124634,0.6438000202178955
665980,sa916841,Willian Suarez,-0.019680859520537556,1.0,0.0,1.0
695071,sa3017203,Zach Barnes,-0.019707887574687395,1.0,0.0,1.0
690950,sa3010266,Andricson Salvador,-0.01975142752033688,1.0,0.0,1.0
687903,sa1170086,Tyler Garbee,-0.01975730927121648,1.0,0.0,1.0
800295,sa3019149,Nelfy Ynfante,-0.019757405072122126,1.0,0.1632000058889389,0.23319999873638153
685473,sa3009521,Reibyn Corona,-0.019770916556346604,1.0,0.15950000286102295,0.25049999356269836
691920,sa3016583,Yojeiry Osoria,-0.019771457512904954,1.0,0.15950000286102295,0.25049999356269836
691761,sa3011683,Jose Catano,-0.0197736886716447,1.0,0.1096000000834465,0.4846000075340271
683476,sa3015329,Miguel Gil,-0.019789562911407814,1.0,0.058400001376867294,0.7253999710083008
656586,sa3006693,Cobi Johnson,-0.019789992939523778,1.0,0.0,1.0
676902,sa3017067,Harry Rutkowski,-0.019794401974375552,1.0,0.0,1.0
672415,sa3002939,Raymells Rosa,-0.01981187702903254,1.0,0.0,1.0
694887,sa3017545,Tyler Schoff,-0.019815768051398678,1.0,0.0,1.0
692818,sa3015967,Pedro Almanzar,-0.019825032189863503,1.0,0.14980000257492065,0.29580000042915344
678268,sa3006066,Miguel Suero,-0.019840701844007207,1.0,0.0,1.0
665622,21649,Luis Medina,-0.01984707467292033,12.0,0.0,12.0
668596,sa917883,Yeremi Ceballos,-0.019851845492786558,1.0,0.0,1.0
699707,sa3015502,Danyony Pulido,-0.019892813267580294,1.0,0.1754000037908554,0.1754000037908554
676696,sa3005017,Nate Peden,-0.019893753278125398,1.0,0.0,1.0
700794,sa3017724,Frankie Scalzo Jr.,-0.019901956282735302,1.0,0.0,1.0
693739,sa3015986,Alexander Alberto,-0.019927622345261208,1.0,0.16539999842643738,0.2223999947309494
699215,sa3016712,Alberto Mota,-0.019945933306571285,1.0,0.0,1.0
689123,sa3018095,Palmer Wenzel,-0.019946868035711652,1.0,0.0,1.0
683466,sa3009475,Nyan Hernandez,-0.019950175335319464,1.0,0.15610000491142273,0.2660999894142151
670905,sa3004579,Wellington Diaz,-0.019956631780320557,1.0,0.0,1.0
682726,sa3011364,Jose Aquino,-0.019958741103653314,1.0,0.0,1.0
692067,sa3015438,Samuel Rodriguez,-0.019960481808442565,1.0,0.1316000074148178,0.3815999925136566
672467,sa3002961,Jose Rodulfo,-0.019968148331117895,1.0,0.0,1.0
694057,sa3015476,Yordanny Monegro,-0.01997104563640149,1.0,0.15950000286102295,0.25049999356269836
800071,sa3019256,Ronny Robles,-0.01997322190081556,1.0,0.15600000321865082,0.2669999897480011
677568,sa3010124,Florencio Serrano,-0.019980322406799852,1.0,0.03400000184774399,0.8399999737739563
700167,sa3016613,Bryan Mena,-0.01999192189354371,1.0,0.15119999647140503,0.2892000079154968
800450,sa3019065,Ledwin Taveras,-0.019995764013688317,1.0,0.15469999611377716,0.2727000117301941
800509,sa3018150,Jacob Coats,-0.020005297913668837,1.0,0.0,1.0
674022,sa3017193,Jason Ruffcorn,-0.020008237497346846,1.0,0.0,1.0
682640,sa3009991,Osiel Rodriguez,-0.020009257029559427,1.0,0.0,1.0
687638,sa3010577,Jason Reynolds,-0.020015351511186025,1.0,0.0,1.0
682046,sa3007812,Christian Vann,-0.020015466056152627,1.0,0.0,1.0
802075,sa3019394,Donal Montas,-0.02002226374575692,1.0,0.1476999968290329,0.30570000410079956
656368,sa3011801,Brad Deppermann,-0.020025989352356752,1.0,0.0,1.0
680618,sa3006408,Heribert Garcia,-0.020045754943720736,1.0,0.0,1.0
678581,sa3006369,Karlo Seijas,-0.02006454924852853,1.0,0.06069999933242798,0.7146999835968018
681043,sa3011134,Jake Sweeney,-0.02010231161907305,1.0,0.038100000470876694,0.8210999965667725
687490,sa3010576,Evan Brabrand,-0.020130736862293348,1.0,0.0,1.0
701569,sa3017937,Aaron Holiday,-0.02013273948862199,1.0,0.0,1.0
703900,sa3019050,Alain Pena,-0.020133747048519612,1.0,0.1535000056028366,0.2784999907016754
698985,sa3017104,Doimil Perez,-0.020150632827671044,1.0,0.14229999482631683,0.3312999904155731
678671,sa3006376,Luis Gomez,-0.020159936892682903,1.0,0.12890000641345978,0.3939000070095062
700354,sa3015509,Carlos Marcano,-0.020213606900701637,1.0,0.0,1.0
683613,sa3008710,Audry Lugo,-0.02024536061907482,1.0,0.0,1.0
682624,sa3011136,Sandy Gaston,-0.020260486800857236,1.0,0.0746999979019165,0.6486999988555908
701769,sa3016070,Leoni De La Cruz,-0.020260877082475363,1.0,0.0,1.0
702395,sa3016801,Henrison Mota,-0.020263986425522827,1.0,0.17159999907016754,0.19359999895095825
666690,sa916705,Angello Infante,-0.020284526056982034,1.0,0.0,1.0
675631,sa3010650,Sam Kessler,-0.02028827993195441,1.0,0.0,1.0
691715,sa3016459,Jorge Rodriguez,-0.020293403794440532,1.0,0.15369999408721924,0.2777000069618225
682154,sa3008102,Joel Condreay,-0.020293979602419784,1.0,0.0,1.0
682952,sa3008693,Maycold Leon,-0.02029714675342407,1.0,0.0,1.0
801275,sa3019171,Juan De La Cruz,-0.020331502280485445,1.0,0.17190000414848328,0.19189999997615814
693759,sa3015989,Euri Montero,-0.020338078300089643,1.0,0.0,1.0
684874,sa3008729,Hugo Villalobos,-0.020345101874022994,1.0,0.0,1.0
687817,sa3016941,Andrew Marrero,-0.020359023833361765,1.0,0.0,1.0
682936,sa3009220,Samuel Valerio,-0.020366540815576307,1.0,0.06930000334978104,0.6743000149726868
678650,sa3005442,Brailin Gonzalez,-0.020376732856756452,1.0,0.0,1.0
676355,sa3018108,Carlos Lomeli,-0.020384421891950978,1.0,0.0,1.0
699004,sa3016747,Sulivan Ribeiro,-0.02040216300201203,1.0,0.17190000414848328,0.19189999997615814
685614,sa3009755,Yordy Richard,-0.020408755388862974,1.0,0.0,1.0
680235,sa3011528,Nick Snyder,-0.020421518606700686,1.0,0.0,1.0
683406,sa3009469,Elvis Jerez,-0.020428543500874145,1.0,0.0,1.0
694870,sa3014933,John LaRossa,-0.020429271631466354,1.0,0.0,1.0
689583,sa3015385,Adrian Rodriguez,-0.02044081282897713,1.0,0.0,1.0
681385,sa3007610,Christian Tripp,-0.020444782354477695,1.0,0.0,1.0
592222,12890,Alex Claudio,-0.020458283322686767,6.0,0.0,6.0
800283,sa3019147,Enrique Segura,-0.02048984645836573,1.0,0.15600000321865082,0.2669999897480011
700189,sa3017897,Trevor Tietz,-0.020500194013628056,1.0,0.0,1.0
641990,sa738270,Daniel Procopio,-0.020519580658801845,1.0,0.0,1.0
696037,sa3016011,Brayan Palencia,-0.02053882773903532,1.0,0.13840000331401825,0.34940001368522644
660022,sa873724,Hector Figueroa,-0.020543471971481618,1.0,0.0,1.0
663745,sa3008597,Joe DeMers,-0.020545221537671125,1.0,0.0,1.0
608648,13758,Tyler Duffey,-0.02056426577608403,12.0,0.0,12.0
683015,sa3008445,Tomas Reyes,-0.02056889063916506,1.0,0.0430000014603138,0.7979999780654907
683474,sa3009605,Soenni Martinez,-0.02057223548737325,1.0,0.0,1.0
681979,sa3007734,Daniel Martinez,-0.020580070189265356,1.0,0.025800000876188278,0.8787999749183655
682652,sa3009459,Fernando Ortega,-0.020595096766959177,1.0,0.1573999971151352,0.2603999972343445
800233,sa3018835,Ernesto Mercedes,-0.020607306806641627,1.0,0.15790000557899475,0.2578999996185303
702738,sa3019246,Darling Solano,-0.020621287619942634,1.0,0.1573999971151352,0.2603999972343445
695244,sa3017421,Jared Wetherbee,-0.020674987222385224,1.0,0.0,1.0
681457,sa3008131,Yoniel Ramirez,-0.020686295229031457,1.0,0.0,1.0
680089,sa3017503,Konnor Ash,-0.020706476428756445,1.0,0.0,1.0
684059,sa3011624,Deretd Parra,-0.02073605916861032,1.0,0.13189999759197235,0.3799000084400177
800499,sa3019166,Edwin Moreno,-0.02074654094971931,1.0,0.14329999685287476,0.3262999951839447
681450,sa3006414,Angel Cuenca,-0.020779948717565454,1.0,0.055399999022483826,0.7394000291824341
692822,sa3016484,Olmandi Diaz,-0.020803731899499432,1.0,0.13840000331401825,0.34940001368522644
692563,sa3016221,Barbaro Pinero,-0.02084281997250939,1.0,0.0,1.0
665993,sa920454,Cristhian Tortosa,-0.020863165987650607,1.0,0.0,1.0
686228,27271,Juan Burgos,-0.02086695899474198,1.0,0.06629999727010727,0.6883000135421753
669853,sa3002914,Gabriel Noguera,-0.02087469695924543,1.0,0.0,1.0
679724,sa3017459,Jared Pettitte,-0.020895674405430564,1.0,0.0,1.0
692483,sa3015448,Sergio Caruci,-0.020904185351918493,1.0,0.1460999995470047,0.31310001015663147
683677,sa3009488,Johan Montero,-0.020915027820006652,1.0,0.0,1.0
668998,sa3015034,Trey Benton,-0.020938132687670894,1.0,0.0,1.0
680724,sa3017718,Tyler Ras,-0.020939606243160314,1.0,0.0,1.0
800124,sa3019135,David Lorduy,-0.020947509739204128,1.0,0.1535000056028366,0.2784999907016754
695990,sa3016008,Kenyi Perez,-0.020948114249442287,1.0,0.17190000414848328,0.19189999997615814
688011,sa3017492,Cam Wynne,-0.020950563339642642,1.0,0.0,1.0
687877,sa1169870,Chad Sykes,-0.02095134382370952,1.0,0.0,1.0
696001,sa3014872,Miguel Guerrero,-0.0209522345706551,1.0,0.0,1.0
800897,sa3018237,Bowen Plagge,-0.02097381750176229,1.0,0.0,1.0
800466,sa3019273,Omar Victorino,-0.020985126407761796,1.0,0.16910000145435333,0.20509999990463257
681284,sa3018111,Riggs Threadgill,-0.02099193692249485,1.0,0.0,1.0
692624,sa3015284,Alex Martinez,-0.02100074142042017,1.0,0.0,1.0
678408,sa3006486,Teodoro Ortega,-0.021029892700710238,1.0,0.0,1.0
687885,sa3017465,Alex Garbrick,-0.021035145792936052,1.0,0.0,1.0
800211,sa3018235,Marlon Perez,-0.02103916645546706,1.0,0.0,1.0
682961,sa3010131,Mario Perez,-0.021051302994038814,1.0,0.15039999783039093,0.29339998960494995
703104,sa3017280,Jackson Hicks,-0.02105444033190603,1.0,0.0,1.0
676322,sa3005258,Junior Mieses,-0.02106132293216026,1.0,0.0,1.0
669323,sa918752,Malcolm Van Buren,-0.02107754992597067,1.0,0.0,1.0
678286,sa3006354,Hugo Beltran,-0.021085078646550053,1.0,0.0,1.0
666154,27488,Karl Kauffmann,-0.021090896207050288,23.233999252319336,1.6200000047683716,15.619999885559082
674681,23191,Michael Plassmeyer,-0.021098517390988142,60.93600082397461,6.480000019073486,30.479999542236328
691428,sa3011422,Wandi Montout,-0.02110091862350859,1.0,0.0,1.0
800292,sa3019148,Melkis Hernández,-0.021110852104005467,1.0,0.17229999601840973,0.19030000269412994
802105,sa3018891,Yeriel Santos,-0.02116714380555445,1.0,0.1535000056028366,0.2784999907016754
663453,sa3007586,Hazahel Quijada,-0.02117008917849088,1.0,0.0,1.0
689308,sa3011220,Alex Roth,-0.021196741396447647,1.0,0.04179999977350235,0.8037999868392944
692357,sa3015361,Lisander De La Cruz,-0.021200496454917943,1.0,0.13490000367164612,0.3659000098705292
686653,sa3010662,Danny Cody,-0.02120125825073538,1.0,0.0,1.0
691566,sa3015425,Waylin Santana,-0.02121149924799381,1.0,0.15119999647140503,0.2892000079154968
692656,sa3015965,Javier Fuenmayor,-0.021239439052888453,1.0,0.12530000507831573,0.41130000352859497
804972,sa3019083,Richy Valdez,-0.021243254182702873,1.0,0.16599999368190765,0.2199999988079071
691259,sa3014705,Brayan Medina,-0.021248199116577163,1.0,0.1615999937057495,0.24060000479221344
691619,sa3015426,Miguel Segura,-0.02124965045488829,1.0,0.14139999449253082,0.3353999853134155
802087,sa3018352,Frankeli Arias,-0.021251020279800296,1.0,0.13300000131130219,0.375
694274,sa3015161,Edward Urena,-0.021259076625060998,1.0,0.0,1.0
701744,sa3015313,Cole Bellair,-0.02127259676082924,1.0,0.0,1.0
696263,sa3018229,Tyler Thornton,-0.021327758499560937,1.0,0.0,1.0
670921,sa921578,Enmanuel Solano,-0.021347426152425273,1.0,0.0,1.0
681631,sa3005709,Jose Diaz,-0.02136135460000307,1.0,0.0,1.0
800207,sa3019373,Manuel Perez,-0.0213717044358933,1.0,0.1573999971151352,0.2603999972343445
800353,sa3018847,Jhonly Taveras,-0.021378583857140858,1.0,0.16459999978542328,0.22660000622272491
679648,sa1169857,Jake Stevenson,-0.021385285564465093,1.0,0.0,1.0
702396,sa3016072,Junior William,-0.021400396412067913,1.0,0.0,1.0
679800,sa3005863,Luis Tena,-0.021434858974705033,1.0,0.0,1.0
691995,sa3011862,Michael Valera,-0.02143966896825424,1.0,0.0,1.0
683596,sa3008708,Wilgenis Alvarado,-0.021440855437991194,1.0,0.0,1.0
696010,sa3016010,David Tiburcio,-0.02144180919350749,1.0,0.1316000074148178,0.3815999925136566
686246,sa3014861,Levi Prater,-0.02151241793126182,1.0,0.0,1.0
699329,sa3016046,Weskendry Espinosa,-0.021540625897965154,1.0,0.1404000073671341,0.34040001034736633
663989,21093,Nick Vespi,-0.021543131027014436,37.0,0.0,37.0
680588,sa3007992,Julio Rodriguez,-0.021543971372057786,1.0,0.0,1.0
692842,sa3015217,Yunior Thibo,-0.021561310695701507,1.0,0.0,1.0
692819,sa3016229,Jose Contreras,-0.021561313062023867,1.0,0.1754000037908554,0.1754000037908554
675132,sa3008549,Yamil Castillo,-0.021562977553707095,1.0,0.0,1.0
672382,sa3002928,Luis Moreno,-0.02156579735380269,1.0,0.0,1.0
701107,sa3017899,Blake Seigler,-0.0215732351103255,1.0,0.0,1.0
692601,sa3015155,Erick Rodriguez,-0.021596333479987396,1.0,0.0,1.0
692844,sa3015461,Brayan Restituyo,-0.021597774523568158,1.0,0.13490000367164612,0.3659000098705292
682033,sa1119731,Keegan McCarville,-0.021620934993126666,1.0,0.0,1.0
668793,sa3014785,Garrett Lawson,-0.02163154694685274,1.0,0.0,1.0
682825,25620,Luis Mey,-0.021634243526771155,1.0,0.0,1.0
702884,sa3017472,Vitico Valdez,-0.02164168524094304,1.0,0.1460999995470047,0.31310001015663147
669243,sa1172845,Ryan Anderson,-0.021647583149266167,1.0,0.0,1.0
700718,sa3016289,Baltazar Arredondo,-0.021661378450164432,1.0,0.1460999995470047,0.31310001015663147
687525,sa3011535,Bobby Ay,-0.021673428091210558,1.0,0.0,1.0
690284,sa3019610,Shane Gustafson,-0.021674247259548363,1.0,0.0,1.0
681583,sa3008334,Alexuan Vega,-0.021696597159156072,1.0,0.0,1.0
656420,16610,J.P. Feyereisen,-0.021703375797074376,18.0,0.0,18.0
683064,sa3009466,Alberto Sojo,-0.02171195381432753,1.0,0.0,1.0
674287,sa3003132,Frainger Aranguren,-0.02171203251557134,1.0,0.0,1.0
687456,sa3017721,Harrison Beethe,-0.021719493101702948,1.0,0.0,1.0
683167,sa3014533,Jimmy Lewis,-0.021720108003393593,1.0,0.08560000360012054,0.597599983215332
692838,sa3016230,Jaydenn Estanista,-0.021721641443321928,1.0,0.13699999451637268,0.35600000619888306
660714,sa872871,Xavier Javier,-0.021736923023893098,1.0,0.0,1.0
700334,sa3017875,Edinson Valdespina,-0.021754980816297075,1.0,0.1573999971151352,0.2603999972343445
692349,sa3016471,Rolfi Jimenez,-0.021772158450813543,1.0,0.13840000331401825,0.34940001368522644
702207,sa3017208,Ben Miller,-0.021805643999782194,1.0,0.0,1.0
663792,sa875595,Jacob Schlesener,-0.021831547039604035,1.0,0.0,1.0
680580,sa3008487,Wilkelma Castillo,-0.021849070928265258,1.0,0.0,1.0
696000,sa3015404,Andy Garcia,-0.021858563802456845,1.0,0.15469999611377716,0.2727000117301941
702390,sa3016624,Ronny Oliver,-0.021863486892880916,1.0,0.1573999971151352,0.2603999972343445
680612,sa3005460,Osvaldo De La Rosa,-0.02187863814976504,1.0,0.024399999529123306,0.8853999972343445
683758,sa3009497,Engels Martinez,-0.021879061267468778,1.0,0.1460999995470047,0.31310001015663147
678364,sa3006585,Hendry Nunez,-0.021920380207488238,1.0,0.0,1.0
703395,sa3017900,Dayan Reinoso,-0.021933520099211422,1.0,0.0,1.0
681739,sa3005890,Joshua Cornielly,-0.021937244607815296,1.0,0.0,1.0
698968,sa3016254,Samir Chires,-0.0219677035282675,1.0,0.1428000032901764,0.3287999927997589
658647,sa873529,Tomás Alastre,-0.021970335594003125,1.0,0.0,1.0
686575,sa3014974,Justin Crump,-0.02197882088063141,1.0,0.0,1.0
682528,sa3009989,Danny Chang,-0.0220022321804687,1.0,0.13490000367164612,0.3659000098705292
690158,sa3015279,Juan Mateo,-0.022034729546969858,1.0,0.0,1.0
800237,sa3019141,Sandy Mejia,-0.022045299861942678,1.0,0.1535000056028366,0.2784999907016754
679587,sa3005856,Ludwin Jimenez,-0.02204588938416573,1.0,0.0,1.0
678498,sa3005828,Felix Ramires,-0.022048800522814455,1.0,0.0,1.0
683565,sa3009610,David Morillo,-0.022049132456146762,1.0,0.1460999995470047,0.31310001015663147
700728,sa3016619,Luis Arejula,-0.0220701309939981,1.0,0.1096000000834465,0.4846000075340271
699079,sa3016606,Sebastian Javier,-0.02209072161155082,1.0,0.16249999403953552,0.23649999499320984
678298,sa3006816,Adrian Del Moral,-0.022097293410364736,1.0,0.0,1.0
669285,sa3011525,Dan Hammer,-0.022103673604350747,1.0,0.12630000710487366,0.40630000829696655
702417,sa3016715,Natanael Polanco,-0.022139969789049266,1.0,0.0,1.0
680110,sa3015145,Connor Sechler,-0.022142657710919476,1.0,0.0,1.0
703341,sa3018305,Candido Cuevas,-0.02215015674077327,1.0,0.1298000067472458,0.3898000121116638
702048,sa3017320,Shane Connolly,-0.02215944887609119,1.0,0.0,1.0
685478,sa3009754,Yordan Nodal,-0.02216032502851741,1.0,0.12890000641345978,0.3939000070095062
682803,sa3009212,Luis Talavera,-0.022166192189489977,1.0,0.0,1.0
668871,sa3016935,Zach Cable,-0.022186438773810463,1.0,0.0,1.0
691341,sa3015386,Edgar Portes,-0.022193882641373744,1.0,0.1404000073671341,0.34040001034736633
682863,sa3009217,Francis Rivera,-0.0221999135530113,1.0,0.0,1.0
682744,sa3009461,Mauricio Bascunan,-0.022235844616611048,1.0,0.15039999783039093,0.29339998960494995
805095,sa3019398,Rodolfo De La Cruz,-0.022237037132939008,1.0,0.15039999783039093,0.29339998960494995
689476,sa3011811,Jace Beck,-0.022265096953156958,1.0,0.0,1.0
691488,sa3016812,Emilio Castillo,-0.02228865756903137,1.0,0.13539999723434448,0.36340001225471497
677045,sa3015099,Haydn King,-0.022305455223654753,1.0,0.0,1.0
681597,sa3006415,Michael Martinez,-0.02234215983329409,1.0,0.0,1.0
679668,sa3011419,A.J. Franklin,-0.022345865719978146,1.0,0.0,1.0
674007,sa3015274,Mason Cole,-0.022347237668292188,1.0,0.0,1.0
681704,sa3005885,Juan Geraldo,-0.022354464800362052,1.0,0.0,1.0
690320,sa3017722,Marc Davis,-0.02236844804699556,1.0,0.0,1.0
682064,sa3007857,Steffon Moore,-0.02236856656135221,1.0,0.0,1.0
801461,sa3019432,Leam Mendez,-0.022369220135942735,1.0,0.0,1.0
695996,sa3015336,Juan Mendez,-0.02238453369920755,1.0,0.0,1.0
683686,sa3009730,Osvanni Gutierrez,-0.02240312820143819,1.0,0.0,1.0
696095,sa3015363,Angel Hernandez,-0.02240590941946366,1.0,0.0,1.0
688480,sa3015039,Drake Nightengale,-0.022431174161559358,1.0,0.0,1.0
678369,sa3006357,Jose Peralta,-0.02244519518295365,1.0,0.0,1.0
678370,sa3006483,Bryan Peña,-0.022450878142825467,1.0,0.0,1.0
691328,sa3015399,Adrion Lacle,-0.02246480896669438,1.0,0.14139999449253082,0.3353999853134155
683457,sa3009226,Carlos Gutierrez,-0.02248547725078871,1.0,0.11699999868869781,0.44999998807907104
682907,sa3008390,Dario Peralta,-0.022489378828332674,1.0,0.0,1.0
682777,sa3008303,Octavio Becerra,-0.022499886592395317,1.0,0.0,1.0
683446,sa3009472,Jhan Zambrano,-0.022551557945858586,1.0,0.0,1.0
668707,sa3005116,Marlin Willis,-0.02257955646749904,1.0,0.0,1.0
686734,sa3011049,Arturo Roque,-0.02259995138290436,1.0,0.08540000021457672,0.5983999967575073
682810,sa3010370,Horacio Andujar,-0.022613365033537603,1.0,0.0,1.0
678219,sa3007036,Yerry Landinez,-0.022630169071505713,1.0,0.0,1.0
800146,sa3019058,Moises Lira,-0.022638848819886717,1.0,0.16050000488758087,0.24549999833106995
691811,sa3011716,Darvin Garcia,-0.022649532012042096,1.0,0.0,1.0
684705,sa3009514,Christopher Soriano,-0.02266680909992225,1.0,0.0,1.0
669438,22288,Mason Englert,-0.022674095698810334,52.0,0.0,52.0
683499,sa3008704,Lisander Brito,-0.022685320961893244,1.0,0.15039999783039093,0.29339998960494995
679756,sa3006402,Martin Santana,-0.022715220502012527,1.0,0.0,1.0
682896,sa3008266,Reyson Santos,-0.022739880322698056,1.0,0.0,1.0
683387,sa3009599,Yoscar Pimentel,-0.02275993971881074,1.0,0.13490000367164612,0.3659000098705292
700072,sa3015504,Yaqui Rivera,-0.022761594082022975,1.0,0.0,1.0
700294,sa3016057,Jose Aguirre,-0.02278418220819399,1.0,0.1444000005722046,0.321399986743927
679528,sa3010302,Sam Romero,-0.022790189263736722,1.0,0.0,1.0
691979,sa3011894,Dawel Rodriguez,-0.022812674606217522,1.0,0.0,1.0
681922,sa3007250,Jake Zebron,-0.022820776311875835,1.0,0.0,1.0
592848,15444,Zack Weiss,-0.022837178883220136,42.0,0.0,42.0
683843,sa3009499,Homer Cruz,-0.02284258592763731,1.0,0.0,1.0
692262,sa3015440,Roque Gutierrez,-0.02286138244585205,1.0,0.0,1.0
687572,sa3018144,Jakob Brustoski,-0.02286244412485764,1.0,0.0,1.0
692841,sa3016232,Sebastian Rodriguez,-0.02287972424069826,1.0,0.0,1.0
677615,sa3005431,Jean Carlos Lucas,-0.02288495980581313,1.0,0.0,1.0
660789,sa873218,Julio Frias,-0.022906892959576142,1.0,0.0,1.0
688818,sa3010318,Peyton Long,-0.022995739442560958,1.0,0.0,1.0
670251,sa3015116,John Wilson,-0.023002303892438607,1.0,0.0,1.0
675654,sa3005025,Sam Keating,-0.023014178101973013,1.0,0.0,1.0
673164,sa3003058,Leonardo Rodriguez,-0.023069498436479777,1.0,0.0,1.0
680922,sa3018790,Jack DeGroat,-0.02307410733752685,1.0,0.0,1.0
683736,sa3009495,Luis Florentino,-0.023092921761108765,1.0,0.0,1.0
669711,20375,Greg Weissert,-0.02309874572962207,38.0,0.0,38.0
665896,21761,José Marte,-0.023147768053356613,14.0,0.0,14.0
695777,sa3015162,Omar Sanchez,-0.02318851110711754,1.0,0.0,1.0
703101,sa3017619,Dencer Geraldo,-0.02320051441341493,1.0,0.1460999995470047,0.31310001015663147
702375,sa3016527,Jheremy Vicente,-0.02321930110342935,1.0,0.15119999647140503,0.2892000079154968
688991,sa3010319,Jacob Forrester,-0.023223471109868044,1.0,0.0,1.0
686544,sa3011640,Nestor Lorant,-0.023223603287189303,1.0,0.09229999780654907,0.5662999749183655
673358,sa3002617,Pedro González,-0.023265575011693847,1.0,0.0,1.0
686983,sa3011343,Kenny Wells,-0.023311528269064498,1.0,0.0,1.0
687990,sa1170121,Tanner Jesson-Dalton,-0.023321616352952722,1.0,0.0,1.0
666800,sa917879,Leonel Aponte,-0.023337434479290053,1.0,0.0,1.0
684328,sa3008723,Frander Veras,-0.023345689132890958,1.0,0.0,1.0
687672,sa3009640,Yovanny Cabrera,-0.023349010547598845,1.0,0.05209999904036522,0.7551000118255615
800215,sa3018832,Enmanuel Pinales,-0.023355285143325608,1.0,0.12999999523162842,0.3889999985694885
682049,sa3007258,Kellen Rholl,-0.02339334670301207,1.0,0.0,1.0
691914,sa3016582,Diego Chiquillo,-0.023404617478004607,1.0,0.1428000032901764,0.3287999927997589
679667,sa3008540,Maikel Garrido,-0.023427589215020077,1.0,0.0,1.0
678654,sa3006491,Kelvin Bautista,-0.023434844179130436,1.0,0.0,1.0
666450,sa917392,Joshua Javier,-0.023438785561229986,1.0,0.0,1.0
674987,sa1115756,Zach Kohn,-0.02348598709682743,1.0,0.0,1.0
673309,sa3002804,Jose Garcia,-0.02350790142464992,1.0,0.0,1.0
678237,sa3009859,Cristian Sierra,-0.023515120756719958,1.0,0.0,1.0
687037,sa3010664,Edward Baram,-0.02353080926613364,1.0,0.0,1.0
684850,sa3008727,Juan Pichardo,-0.02353454236444524,1.0,0.0,1.0
667322,sa917060,Jhosua Alcantara,-0.023622684393770965,1.0,0.0,1.0
691841,sa3016741,Gerardo Abrego,-0.02366304018394968,1.0,0.10119999945163727,0.5242000222206116
676924,sa3005018,Liam McCall,-0.02367907191652024,1.0,0.0,1.0
690585,sa3014930,Cole Milam,-0.023679999001147475,1.0,0.0,1.0
681633,sa3006517,Francisco Jimenez,-0.02369693630198422,1.0,0.0,1.0
674056,sa3014970,Ben Keizer,-0.02371119180253455,1.0,0.0,1.0
664276,sa917471,Kenlly Montas,-0.02373085415874769,1.0,0.0,1.0
678288,sa3006110,Jeremy Molero,-0.023740063417017843,1.0,0.12530000507831573,0.41130000352859497
678743,sa3005445,Felix Cepeda,-0.02375245504067736,1.0,0.04879999905824661,0.770799994468689
699279,sa3016040,Oscar Paredes,-0.023759900870655628,1.0,0.14229999482631683,0.3312999904155731
676249,sa3014738,Adisyn Coffey,-0.023770766222208112,1.0,0.0,1.0
657053,16929,Touki Toussaint,-0.023800979079892506,28.0,0.0,28.0
687558,sa3017463,Preston Price,-0.023842730983520275,1.0,0.0,1.0
670141,sa918239,Justin Miller,-0.023850196110394115,1.0,0.0,1.0
702751,sa3016295,Jose Geraldo,-0.023868234766111458,1.0,0.0,1.0
696091,sa3017422,Marino Santy,-0.02388634571137083,1.0,0.1460999995470047,0.31310001015663147
681353,sa3011529,Daniel Nunan,-0.023943396060795683,1.0,0.0,1.0
667380,sa917393,Jhonny Valdez,-0.0239796005162727,1.0,0.0,1.0
678673,sa3005691,Anthony Escobar,-0.02402252417002867,1.0,0.0,1.0
682247,sa3011238,Ted Stuka,-0.02402298188700577,1.0,0.0,1.0
683928,sa3009735,Sergio Sanchez,-0.024063220386099465,1.0,0.0,1.0
689303,sa3017611,Ian Foggo,-0.024072599418702458,1.0,0.0,1.0
682849,sa3008265,Robin Vazquez,-0.02410711315971555,1.0,0.0,1.0
683388,sa3010795,Kelvin LaRoche,-0.02410993355855681,1.0,0.0,1.0
674379,sa3002813,Daritzon Feliz,-0.024128603478583317,1.0,0.0,1.0
682028,sa3007257,Rigo Fernandez,-0.024150775180242934,1.0,0.0,1.0
699008,29000,Antwone Kelly,-0.02416017307677981,1.0,0.09749999642372131,0.5414999723434448
679026,sa3007963,Erick Pinales,-0.024160950665888883,1.0,0.0,1.0
677541,sa3004802,Michele Vassalotti,-0.02416157021761044,1.0,0.0,1.0
703110,sa3017210,Aaron Cohn,-0.02416902432079882,1.0,0.0,1.0
503449,7738,Wily Peralta,-0.02418386194809917,18.0,0.0,18.0
663577,sa3007458,Liam Jenkins,-0.024191763104159738,1.0,0.0,1.0
680936,sa3007476,Yomil Maysonet,-0.02419370086915037,1.0,0.0,1.0
698785,sa3015311,Kai Wynyard,-0.02425015376035875,1.0,0.0,1.0
571800,10732,Drew Hutchison,-0.024261783948336092,8.0,0.0,8.0
677674,sa3004871,Estarlin Rodriguez,-0.024262076357055004,1.0,0.0,1.0
669111,27942,John McMillon,-0.02426871816844719,1.0,0.0,1.0
692507,sa3017137,Nathanael Perez Gonzalez,-0.024269694358084834,1.0,0.0,1.0
680647,sa3005872,Luis Ortiz,-0.024270665977707565,1.0,0.0,1.0
665646,sa916839,Jorge Labrador,-0.024318458690929783,1.0,0.0,1.0
682693,sa3008680,Reimy Beltre,-0.024367505577403678,1.0,0.133200004696846,0.3741999864578247
692660,sa3016228,Luis Joseph,-0.024387031500300336,1.0,0.13699999451637268,0.35600000619888306
596082,16209,Jake Reed,-0.024421157194474425,10.0,0.0,10.0
683856,sa3009621,Ronaldo Guzman,-0.02443146650139501,1.0,0.1526000052690506,0.2825999855995178
676090,sa3005295,Harrison Francis,-0.024435918233381152,1.0,0.0,1.0
676247,sa3014855,Brandon Jenkins,-0.0244462300043251,1.0,0.0,1.0
688029,sa3011730,Blake Loubier,-0.024447478727879734,1.0,0.0,1.0
696059,sa3015481,Johan Simon,-0.024450247320869804,1.0,0.1143999993801117,0.46239998936653137
699276,sa3016267,Jose Olivares,-0.024468618945984292,1.0,0.13490000367164612,0.3659000098705292
702320,sa3017658,Matt Sparling,-0.024470603687802638,1.0,0.0,1.0
691582,sa3017136,Jean Reyes,-0.024486130502141962,1.0,0.0,1.0
700331,sa3016062,Roger Duran,-0.024511069875418116,1.0,0.1460999995470047,0.31310001015663147
695361,sa3015060,Carson King,-0.024511432124139573,1.0,0.0333000011742115,0.8432999849319458
694395,sa3014508,Dylan MacLean,-0.02451931868288035,1.0,0.0,1.0
680984,sa3006641,Alexis Cedano,-0.024557996191048828,1.0,0.0,1.0
676835,sa3010562,Corey Stone,-0.024620888463949008,1.0,0.0,1.0
683439,sa3008701,Junior Montero,-0.024643388388679594,1.0,0.0,1.0
686670,sa1170483,Tyler Adams,-0.024661532621964483,1.0,0.0,1.0
692549,sa3016589,Luis Tejeda,-0.024673031720658246,1.0,0.0,1.0
800223,sa3018322,Yorman Galindez,-0.024682183740680583,1.0,0.12110000103712082,0.4311000108718872
692513,sa3015283,Stephen Vargas,-0.02469145259261322,1.0,0.15119999647140503,0.2892000079154968
681298,sa3007239,Alberto Gonzalez,-0.02469583433538111,1.0,0.0,1.0
683426,sa3009225,Heisell Baro,-0.024707384832736243,1.0,0.0,1.0
700245,sa3017786,Bryce McGowan,-0.024710194993038857,1.0,0.0,1.0
683846,sa3008716,Reny Artiles,-0.024713369992560175,1.0,0.09749999642372131,0.5414999723434448
688419,sa1170297,Matt Stil,-0.024725488662319467,1.0,0.04390000179409981,0.7939000129699707
678918,sa3006901,Darling Florentino,-0.02475082288773155,1.0,0.0,1.0
687904,sa3010629,Will Guay,-0.02478008833938774,1.0,0.0,1.0
701180,sa3017691,Christian Edwards,-0.024794518947258294,1.0,0.04670000076293945,0.7807000279426575
683386,sa3008695,Jean Marcelino,-0.024796366530089826,1.0,0.0,1.0
694031,sa3015159,Carlos Hiraldo,-0.02480916415878731,1.0,0.0,1.0
691309,sa3018286,Albert Rivas,-0.024810313989033925,1.0,0.12110000103712082,0.4311000108718872
689214,sa3014979,Jake Gozzo,-0.024814615701914112,1.0,0.0,1.0
692669,sa3016595,Steven Sanchez,-0.024831032346686568,1.0,0.1062999963760376,0.5002999901771545
672458,sa3002957,Andy Santana,-0.024859330035329124,1.0,0.0,1.0
680903,sa3007904,Yeancarlos Lleras,-0.02491005382654432,1.0,0.0,1.0
660798,sa873153,Juan De Paula,-0.024945210958165945,1.0,0.0,1.0
682735,sa3015147,Gabriel Hernandez,-0.024949232161720854,1.0,0.02319999970495701,0.8912000060081482
689713,sa3018250,Jack Hartman,-0.024994502307530947,1.0,0.0,1.0
681723,sa3007905,Adenys Bautista,-0.025004715803432425,1.0,0.0,1.0
680583,sa3006508,Josias De Los Santos,-0.02500990852135491,1.0,0.0,1.0
683722,sa3009244,Rafael Camacho,-0.025022426709397347,1.0,0.09399999678134918,0.5580000281333923
663801,sa3006802,Clark Cota,-0.025035519496028603,1.0,0.0,1.0
699326,sa3016512,Wilson Betemit Jr.,-0.0250424966069841,1.0,0.12600000202655792,0.40799999237060547
678888,sa3008164,Miguel Vinicio,-0.025052473496745407,1.0,0.0,1.0
677802,sa3005219,Wilber Perez,-0.02505452488291909,1.0,0.0,1.0
684983,sa3009264,Marcos Eusebio,-0.025156779707633702,1.0,0.1460999995470047,0.31310001015663147
665885,sa917066,Enrique Saldana,-0.025204739985979257,1.0,0.08349999785423279,0.6075000166893005
666766,sa3002911,Stiward Aquino,-0.025221444564304352,1.0,0.0,1.0
699395,sa3016049,Adrian Martinez,-0.025239469177290922,1.0,0.1526000052690506,0.2825999855995178
702130,sa3017952,Danny Watson,-0.025276338088853465,1.0,0.0,1.0
701865,sa3017012,Jesus Rivero,-0.025318842440304055,1.0,0.121799997985363,0.4277999997138977
681966,sa3006987,Marcus Evey,-0.025321058925556528,1.0,0.0,1.0
699201,sa3018293,Eward Rodriguez,-0.025345686404735144,1.0,0.1128000020980835,0.4697999954223633
691083,sa3011372,Julio Bonilla,-0.025369106070107825,1.0,0.10320000350475311,0.5152000188827515
699283,sa3016846,Cleiber Maldonado,-0.025409393678773137,1.0,0.10320000350475311,0.5152000188827515
677585,sa3006351,Zaquiel Puentes,-0.02548804763295275,1.0,0.0,1.0
686460,sa3011099,Natanael Garabitos,-0.025541185865163095,1.0,0.0,1.0
682717,sa3008682,Jose Cedeno,-0.025590483206585104,1.0,0.05490000173449516,0.7419000267982483
665955,sa917836,Ever Moya,-0.025592629275196295,1.0,0.0,1.0
696147,29754,Sam Bachman,-0.025615283492085545,6.0,0.0,6.0
687760,sa3018239,Jackson Leath,-0.02570579121776962,1.0,0.0,1.0
700296,sa3016279,Keiner Leon,-0.025728677111278686,1.0,0.0,1.0
702238,sa3017987,Malik Binns,-0.02573991045470236,1.0,0.0,1.0
663835,sa3007462,Cole Aker,-0.025764246344000007,1.0,0.0,1.0
699071,sa3016260,Christian Romero,-0.025780905989359917,1.0,0.06260000169277191,0.7056000232696533
672539,sa3002973,Elixon Caballero,-0.025787694742813654,1.0,0.0,1.0
702914,sa3017209,Alex McKenney,-0.025855931466062385,1.0,0.0,1.0
641672,19264,Thomas Hatch,-0.025892975790628978,20.0,0.0,20.0
693796,sa3015992,Anthony Mendez,-0.025896264327460734,1.0,0.0,1.0
687684,sa3011464,Gregori Montano,-0.025917838777011034,1.0,0.0,1.0
693783,sa3015219,Luis Sánchez,-0.025921859939886015,1.0,0.1242000013589859,0.41620001196861267
693176,sa3015306,Elison Joseph,-0.0260040161645691,1.0,0.0,1.0
685824,sa3011855,Ángel Vargas,-0.02601363453947638,1.0,0.0,1.0
692495,sa3015095,Jefferson Herrera,-0.02608973772930873,1.0,0.035100001841783524,0.835099995136261
656954,17285,Justus Sheffield,-0.026146593349474036,8.0,0.0,8.0
692409,sa3015950,Manuel De La Rosa,-0.026325265656617077,1.0,0.051600001752376556,0.7576000094413757
677804,sa3005433,Eric Mendez,-0.02632661178248609,1.0,0.0,1.0
691829,sa3011736,Jiorgeny Casimiri,-0.026329985444143347,1.0,0.0,1.0
697795,sa3017010,Ismael Agreda,-0.026351684437773585,1.0,0.12600000202655792,0.40799999237060547
805076,sa3018906,Estarlin Escalante,-0.026355698752845907,1.0,0.10159999877214432,0.522599995136261
663762,sa3007771,Dallas Woolfolk,-0.026427430515401598,1.0,0.030400000512599945,0.8574000000953674
672745,sa3008554,Rafael Martinez,-0.026451115489553718,1.0,0.058400001376867294,0.7253999710083008
671358,sa3002921,Juan Manuel Abril,-0.026465089467322397,1.0,0.0,1.0
517008,6661,Alex Colomé,-0.026520933943325182,28.0,0.0,28.0
691575,sa3016580,Adrian Pena,-0.02654611610232102,1.0,0.09749999642372131,0.5414999723434448
685480,sa3011243,Eduard Monroy,-0.02655543663028596,1.0,0.0,1.0
683057,sa3008518,Ian Koch,-0.02663727013492084,1.0,0.0,1.0
681328,sa3017931,Jonny Cuevas,-0.026705700897437457,1.0,0.038100000470876694,0.8210999965667725
642767,sa737055,Jose Almonte,-0.02673292100304265,1.0,0.0,1.0
686309,sa3009528,Juan Rivera,-0.026758317266052073,1.0,0.0,1.0
683990,sa3009738,Osiris Santana,-0.02689152627440038,1.0,0.0,1.0
683634,sa3009782,Johan Otanez,-0.026897528321575978,1.0,0.1143999993801117,0.46239998936653137
692569,sa3016223,Francis Hernandez,-0.026945978299086265,1.0,0.05490000173449516,0.7419000267982483
702860,sa3016816,Elvis Novas,-0.02696108005603916,1.0,0.06260000169277191,0.7056000232696533
685762,sa3008733,Joel Benitez,-0.02697151591577529,1.0,0.0,1.0
684111,sa3010803,Hector Lopez,-0.027042800803678536,1.0,0.0,1.0
686700,sa3018206,Madison Jeffrey,-0.027050482966854694,1.0,0.0,1.0
687698,sa3011641,Jose Viola,-0.027070061794967907,1.0,0.093299999833107,0.5612999796867371
700062,sa3018297,Andre Sanchez,-0.027100322841575736,1.0,0.08349999785423279,0.6075000166893005
699137,sa3016036,Yariel Moreno,-0.027127618666170385,1.0,0.0877000018954277,0.5877000093460083
683676,sa3009242,Aneudy Cortorreal,-0.02718277750934525,1.0,0.0,1.0
676082,sa3007219,Gabriel Rodriguez,-0.027199005406932125,1.0,0.0,1.0
691335,sa3016199,Randy Berigüete,-0.0272043177848899,1.0,0.0,1.0
683724,sa3009493,Miguel Cordones,-0.027221777915612522,1.0,0.07980000227689743,0.6248000264167786
689364,sa1170406,Ryan Troutman,-0.02724141544648412,1.0,0.0,1.0
691081,sa3010325,Enmanuel Acosta,-0.02725531311410215,1.0,0.0,1.0
663510,sa3014907,Ben Leeper,-0.02731912612929546,10.0,0.0,10.0
679029,sa3005849,Samuel Vásquez,-0.027345412442314587,1.0,0.0,1.0
692452,sa3015305,Franklin Marquez,-0.027350105947276295,1.0,0.0763000026345253,0.6413000226020813
692487,sa3015154,Kelvin Perez,-0.02735769386975349,1.0,0.0,1.0
683670,sa3009487,Miguel Vargas,-0.027362428702241298,1.0,0.051600001752376556,0.7576000094413757
688547,sa1170576,Whit Drennan,-0.027367796213270526,1.0,0.0,1.0
687681,sa3009532,Joel Jimenez,-0.027437310767240288,1.0,0.11959999799728394,0.4375999867916107
700343,sa3016520,Nixon Parra,-0.027448211153832846,1.0,0.12530000507831573,0.41130000352859497
702903,sa3017106,Saul Garcia,-0.02749160424031844,1.0,0.07980000227689743,0.6248000264167786
702932,sa3017015,Victor Pena,-0.02749688786386432,1.0,0.051600001752376556,0.7576000094413757
641712,19206,Dakota Hudson,-0.027527780182756516,59.827701568603516,3.240000009536743,45.2400016784668
692379,sa3016213,Argenis Perez,-0.0275413356763253,1.0,0.08349999785423279,0.6075000166893005
683497,sa3009477,Wilker Reyes,-0.027734619553799605,1.0,0.058400001376867294,0.7253999710083008
682078,sa3007783,Zach Seipel,-0.027737258341485896,1.0,0.0,1.0
543056,13293,Danny Coulombe,-0.027821727580442566,20.0,0.0,20.0
693748,sa3017007,Wilker Palma,-0.027864299296967487,1.0,0.07249999791383743,0.659500002861023
700365,sa3016287,Yendy Gomez,-0.02798609003845859,1.0,0.11699999868869781,0.44999998807907104
681796,sa3007907,Francisco Justo,-0.027987712954568256,1.0,0.0,1.0
684486,sa3016771,Jaison Brete,-0.028026336341678063,1.0,0.0649000033736229,0.6948999762535095
655889,20794,Manuel Rodríguez,-0.02807110780156003,10.0,0.0,10.0
698958,sa3016016,Anderson Azor,-0.02809614147013229,1.0,0.0877000018954277,0.5877000093460083
702890,sa3017617,Adrian Ogando,-0.02814785650503229,1.0,0.07980000227689743,0.6248000264167786
692389,sa3015946,Alejandro Cervantes,-0.028219458904839324,1.0,0.06750000268220901,0.6825000047683716
692426,sa3015951,Edwin Zamudio,-0.028265360295909817,1.0,0.0877000018954277,0.5877000093460083
693760,sa3015468,Luis Garcia,-0.028299024339948912,1.0,0.07020000368356705,0.670199990272522
682798,sa3009211,Andres Ortuno,-0.02832235239536086,1.0,0.04179999977350235,0.8037999868392944
680609,sa3016454,Elvis Contreras,-0.028421708810042762,1.0,0.0,1.0
691759,sa3011785,Alejandro Méndez,-0.028454895777193623,1.0,0.0,1.0
800070,sa3018316,Jose S. Mendoza,-0.02852953782917191,1.0,0.0877000018954277,0.5877000093460083
683510,sa3009993,Henry Gomez,-0.028590585874514768,1.0,0.04610000178217888,0.7831000089645386
695835,sa3014813,Edwin Núñez,-0.028595779366680008,1.0,0.0,1.0
691928,sa3016206,Patricio Ress,-0.02873111812062792,1.0,0.08910000324249268,0.5810999870300293
693702,sa3016234,Junior Cerda,-0.028870524673178768,1.0,0.051600001752376556,0.7576000094413757
688913,sa3017641,Jhonny Felix,-0.028892806338435544,1.0,0.0,1.0
693820,sa3017919,Kamron Fields,-0.028898808874517838,1.0,0.02319999970495701,0.8912000060081482
695971,sa3016007,Jose Andujar,-0.028906900543236462,1.0,0.10530000180006027,0.505299985408783
700327,29318,Welinton Herrera,-0.028907381082504714,1.0,0.0364999994635582,0.828499972820282
692629,sa3015453,Wander De La Rosa,-0.028914040034253043,1.0,0.06260000169277191,0.7056000232696533
693811,sa3015474,Jesus Valdez,-0.0289589141792185,1.0,0.03460000082850456,0.8375999927520752
684083,sa3009504,Jorge Gonzalez,-0.02906508916392503,1.0,0.07980000227689743,0.6248000264167786
691337,sa3016200,Francisco Crispin,-0.029083528543687138,1.0,0.09560000151395798,0.550599992275238
701625,sa3016623,Anthony Perez,-0.029164749435561747,1.0,0.07880000025033951,0.629800021648407
678957,sa3006635,Rael Santos,-0.02932637500896345,1.0,0.0,1.0
684232,sa3009995,Albert Breton,-0.02943881726542537,1.0,0.07980000227689743,0.6248000264167786
692653,sa3015456,Franyelson Rodriguez,-0.029490155580300152,1.0,0.039799999445676804,0.8127999901771545
702786,sa3016774,Starlyn Pichardo,-0.029547496704671355,1.0,0.12999999523162842,0.3889999985694885
670288,20060,Jake Fishman,-0.029561378314694006,4.0,0.0,4.0
682897,sa3008362,Steven Pérez,-0.029613870943527396,1.0,0.04390000179409981,0.7939000129699707
623474,17556,Jimmy Herget,-0.02964695742028927,70.0,0.0,70.0
800359,sa3018849,Jose Felipe Torres,-0.02968477569716385,1.0,0.06750000268220901,0.6825000047683716
663971,25416,Blair Calvo,-0.02970257845195683,12.0,0.0,12.0
674457,sa3003143,Fabricio Reina,-0.029712717845194726,1.0,0.0,1.0
681609,sa3006159,Andres Diaz,-0.029847903641410434,1.0,0.0,1.0
663673,sa3010114,Tyson Messer,-0.02985542952957339,1.0,0.0,1.0
681617,sa3006516,Kevin Garcia,-0.029868334419810353,1.0,0.0,1.0
693719,sa3016744,Edgar Zuniga,-0.029875625177073598,1.0,0.04879999905824661,0.770799994468689
687687,sa3011366,Brayner Sánchez,-0.029878923774460553,1.0,0.07000000029802322,0.6710000038146973
686386,sa3011817,Douglas Mijares,-0.029896286634531574,1.0,0.04879999905824661,0.770799994468689
694261,sa3015160,Angel Gonzalez,-0.029917574995791063,1.0,0.0,1.0
605441,15007,Yacksel Ríos,-0.029994937989481062,8.0,0.0,8.0
700722,sa3016524,Bryan Hernandez,-0.03001478568134819,1.0,0.1096000000834465,0.4846000075340271
699041,sa3016025,Juan Soto,-0.030025221691939774,1.0,0.10530000180006027,0.505299985408783
678824,sa3006384,Adolfo Bauza,-0.030191726685312704,1.0,0.07980000227689743,0.6248000264167786
679004,sa3006390,Robert Cruz,-0.0302473524954434,1.0,0.0763000026345253,0.6413000226020813
691546,sa3015423,Carlos Martinez,-0.030263399787521787,1.0,0.04259999841451645,0.7996000051498413
692035,sa3016464,Emmanuel Marcano,-0.03031756907252725,1.0,0.04390000179409981,0.7939000129699707
691473,sa3011441,Issac Solano,-0.030324111777532425,1.0,0.11320000141859055,0.4681999981403351
684148,sa3011340,Daniele Di Monte,-0.030370075595946924,1.0,0.11959999799728394,0.4375999867916107
694038,sa3017859,Eris Rodríguez,-0.03037069778178767,1.0,0.04390000179409981,0.7939000129699707
692047,sa3016207,Joaquin Tejada,-0.030516417184284505,1.0,0.05490000173449516,0.7419000267982483
681646,sa3008264,Oriel Castro,-0.030647455737629503,1.0,0.0414000004529953,0.805400013923645
685769,sa3009525,Luis Almonte,-0.030856534064738168,1.0,0.0,1.0
691707,sa3015429,Jeremy Peguero,-0.030876686051473617,1.0,0.026000000536441803,0.878000020980835
691545,sa3015422,Jean Herrera,-0.030988243863459365,1.0,0.0,1.0
699075,sa3016506,Jhonny Jimenez,-0.031042083662989328,1.0,0.10119999945163727,0.5242000222206116
692864,sa3016489,Eury Rosado,-0.03110289427093033,1.0,0.0,1.0
692003,sa3011868,Stanley Encarnacion,-0.031108446863367504,1.0,0.04879999905824661,0.770799994468689
692645,sa3015455,Ruben Castillo,-0.031168780872121615,1.0,0.0,1.0
678895,sa3005846,Luis Paulino,-0.03120766306773273,1.0,0.0,1.0
693762,sa3015991,Gleiber Morales,-0.031250755589981305,1.0,0.058400001376867294,0.7253999710083008
695283,sa3016911,Junior Pina,-0.031254549171770285,1.0,0.1096000000834465,0.4846000075340271
683019,sa3009598,Orlando Barrios,-0.03126073566845805,1.0,0.05490000173449516,0.7419000267982483
693714,sa3016236,Jan Pena,-0.03135136149351511,1.0,0.0,1.0
692294,sa3016469,Luis Gutierrez,-0.03135339030476911,1.0,0.06750000268220901,0.6825000047683716
681759,sa3008580,Royman Blanco,-0.031357510109229936,1.0,0.0,1.0
691908,sa3016463,Giussepe Velasquez,-0.031411373237575715,1.0,0.0,1.0
692566,sa3016222,Simon Pacheco,-0.03147645245263396,1.0,0.0,1.0
700736,sa3016525,Johan Figuereo,-0.031480067038434124,1.0,0.08609999716281891,0.5950999855995178
666246,sa917183,David Sanchez,-0.031498918032186025,1.0,0.0,1.0
683423,sa3008699,Jesus Cruz,-0.03150013816615375,1.0,0.058400001376867294,0.7253999710083008
683602,sa3008709,Felix Polanco,-0.03161051927032186,1.0,0.04390000179409981,0.7939000129699707
605155,12997,Colten Brewer,-0.0316340891030102,12.0,0.0,12.0
687848,sa3011537,Tyler Statler,-0.03164699973270151,1.0,0.058400001376867294,0.7253999710083008
678973,sa3007842,Eiker Huizi,-0.03176489342836209,1.0,0.039799999445676804,0.8127999901771545
680601,sa3006406,Augusto Calderon,-0.03177954096724088,1.0,0.0,1.0
684853,sa3008728,Jordany Vasquez,-0.03178025706392222,1.0,0.05490000173449516,0.7419000267982483
692022,sa3015436,Adrian Luna,-0.03178582375444441,1.0,0.058400001376867294,0.7253999710083008
670766,20038,Darren McCaughan,-0.03178642498176083,14.0,0.0,14.0
606930,12323,Jacob Barnes,-0.031878568069232005,20.0,0.0,20.0
669230,sa917964,Skylar Szynski,-0.032080546740336974,1.0,0.0,1.0
621057,19784,Justin Garza,-0.032215432147679114,10.0,0.0,10.0
666121,sa1054042,Tyler Baum,-0.03223766066810005,1.0,0.0,1.0
683988,sa3009622,Railin Perez,-0.0322512572881609,1.0,0.0,1.0
692327,sa3016470,Lesther Medrano,-0.032264340685157065,1.0,0.0,1.0
700299,sa3016058,Edwin Rodriguez,-0.03230175538822406,1.0,0.051600001752376556,0.7576000094413757
692846,sa3016233,Carlos Rosario,-0.03233438413365494,1.0,0.0,1.0
681732,sa3006521,Wuardo Fernandez,-0.03233656879183624,1.0,0.0,1.0
682948,sa3008692,Rafael Tua,-0.032416157440292616,1.0,0.0,1.0
699081,sa3016507,Humberto Jimenez,-0.03242809456675086,1.0,0.04610000178217888,0.7831000089645386
679595,sa3006399,Alan Perdomo,-0.03242941953671076,1.0,0.0,1.0
691851,sa3015941,Donys Garcia,-0.03245029676517002,1.0,0.0,1.0
700347,sa3017898,Jogly Garcia,-0.03248537976534857,1.0,0.051600001752376556,0.7576000094413757
680628,sa3015925,Jesus Luna,-0.03252348557151966,1.0,0.0,1.0
692595,sa3015957,Daniel Gonzalez,-0.03258444453868242,1.0,0.035100001841783524,0.835099995136261
656686,19884,Corbin Martin,-0.03260173858821344,12.0,0.0,12.0
693178,sa3016490,Starlin Santos,-0.032622204100681666,1.0,0.0,1.0
695360,sa3016005,Emerson Talavera,-0.03270408906931177,1.0,0.0,1.0
682723,sa3009714,Luis Lopez,-0.03275048722090817,1.0,0.0,1.0
693812,sa3016242,Marlon Franco,-0.03279728316740284,1.0,0.0364999994635582,0.828499972820282
800459,sa3019163,Yorvi Pirela,-0.032951807618122025,1.0,0.051600001752376556,0.7576000094413757
691629,sa3015427,Miguelangel Boadas,-0.03300243656879289,1.0,0.0,1.0
692411,sa3016588,Andri Tavarez,-0.033005770845024526,1.0,0.0,1.0
691714,sa3015430,Kevin Ribon,-0.033077108131268,1.0,0.0,1.0
692829,sa3015459,Ignacio Briceno,-0.03309900324101193,1.0,0.0,1.0
691573,sa3015330,Sandi Charle,-0.03326309252090305,1.0,0.0,1.0
683608,sa3009612,Julio Ayola,-0.033309003006240574,1.0,0.0,1.0
683478,sa3011137,Nolberto Henriquez,-0.03336233265380184,1.0,0.0,1.0
682675,sa3009203,Odue Civada,-0.033384668404698274,1.0,0.0,1.0
693801,sa3015473,Jose Rojas,-0.03339213221818903,1.0,0.0,1.0
698953,sa3016014,Pavel Duarte,-0.03339934588730298,1.0,0.030700000002980232,0.8557000160217285
692447,sa3016478,Bryan Magdaleno,-0.03349904952251277,1.0,0.0,1.0
679402,sa3007603,Abel Moya,-0.03354038902760367,1.0,0.0,1.0
686406,sa3010251,Harif Frias,-0.03358219483012672,1.0,0.0,1.0
682691,sa3009587,Johangel Ramirez,-0.0335840490238593,1.0,0.058400001376867294,0.7253999710083008
691706,sa3015428,Jonaiker Palacios,-0.03359695733897301,1.0,0.0,1.0
700708,sa3016522,Junior Castillo,-0.03368224394893565,1.0,0.04390000179409981,0.7939000129699707
691123,sa3010675,Fran Castro,-0.03372021653201709,1.0,0.0,1.0
686627,sa3010375,Jefferson Lopez,-0.03375442014874694,1.0,0.0,1.0
679654,sa3006144,Cristian Acosta,-0.03376213356031083,1.0,0.0,1.0
678710,sa3005837,Emmanuel Duran,-0.03382169412883924,1.0,0.0,1.0
698926,sa3016814,Luis Baldiris,-0.03385435745930946,1.0,0.0,1.0
682743,sa3008137,Victor Villanueva,-0.033931845869960106,1.0,0.0,1.0
691904,sa3015943,Jesus Querales,-0.033936266341828975,1.0,0.0,1.0
700308,sa3016280,Luis Acosta,-0.03395290894989557,1.0,0.0,1.0
692638,sa3016481,Franklin Corniel,-0.033989315550286205,1.0,0.0,1.0
700359,sa3016064,Luis A. Rodriguez,-0.03401126061863724,1.0,0.0,1.0
696090,sa3015482,Yohan Crispin,-0.03401749298917263,1.0,0.0,1.0
691604,sa3011598,Michael Francisco,-0.034041629113010625,1.0,0.0,1.0
700161,sa3016514,Aneudis George,-0.03410091697338661,1.0,0.0,1.0
699289,sa3016268,Jhonny Gomez,-0.034193638115911376,1.0,0.0,1.0
682718,sa3008683,Kevin Rodriguez,-0.034219613392111894,1.0,0.0,1.0
683456,sa3009473,Jose Gonzalez,-0.034221317793474294,1.0,0.0,1.0
684046,sa3009250,Jose Rivas,-0.03431426607494813,1.0,0.0,1.0
700309,sa3015507,Luis R. Reyes,-0.03433826884772765,1.0,0.0,1.0
694055,sa3015351,Stiven Almanzar,-0.034401969151174897,1.0,0.0,1.0
692834,sa3015460,Francisco Lucumi,-0.03444772573691248,1.0,0.0,1.0
700277,sa3016277,Scarlyn Lebron,-0.03445874678829887,1.0,0.0,1.0
702901,sa3017618,Alejandro Gomez,-0.03452044715871547,1.0,0.0,1.0
693791,sa3017200,Juan Abreu,-0.03453430718371729,1.0,0.0,1.0
679161,sa3007900,Daniel Figueroa,-0.03454921117316436,1.0,0.0,1.0
699120,sa3015495,Luis Viloria,-0.03461074379730543,1.0,0.0,1.0
684902,sa3009752,Mario Doble,-0.03461457449094782,1.0,0.0,1.0
683025,sa3008473,Adauri Vicente,-0.034630731989111,1.0,0.0,1.0
691612,sa3015939,Michael Perdomo,-0.034640275622093236,1.0,0.0,1.0
682737,sa3009715,Luis Nunez,-0.034644471922867855,1.0,0.0,1.0
700715,sa3017318,Franyer Duarte,-0.034676817769710294,1.0,0.0,1.0
682908,sa3008490,Enmanuel Pio,-0.03470232675592341,1.0,0.0,1.0
680617,sa3005708,Jorge Ferrer,-0.03473806075720717,1.0,0.0,1.0
692646,sa3015962,Pedro Rodriguez,-0.034740631209955124,1.0,0.0,1.0
693709,sa3015218,Christopher Vasquez,-0.03477502779901641,1.0,0.0,1.0
692830,sa3015970,Ronny Chalas,-0.03478370567993307,1.0,0.0,1.0
691314,sa3011499,Americo Lugo,-0.03485075644171874,1.0,0.0,1.0
695003,sa3016003,Randel Clemente,-0.034900370283587584,1.0,0.0,1.0
692392,sa3015445,Miguel Martinez,-0.035016401221381104,1.0,0.0,1.0
685721,sa3011880,Luis Alcala,-0.03509003470453114,1.0,0.0,1.0
691310,sa3011375,Wilny Moron,-0.03510275305287065,1.0,0.0,1.0
678759,sa3006496,Luis Villar,-0.03517307513760918,1.0,0.0,1.0
692866,sa3015978,Darwin Cruz,-0.03519510368814302,1.0,0.0,1.0
694265,sa3015371,Henry Nunez,-0.0352080843909647,1.0,0.0,1.0
692637,sa3017038,Sebastian Perrone,-0.03522701098868827,1.0,0.0,1.0
700709,sa3016617,Gregory Baez,-0.03526747757814779,1.0,0.0,1.0
691918,sa3015944,Luis Faringthon,-0.0353102709426598,1.0,0.0,1.0
692860,sa3016488,Victor Fransua,-0.03532579810516293,1.0,0.0,1.0
692410,sa3016475,Samuel Mejia,-0.03533483892290264,1.0,0.0,1.0
679929,sa3006972,Miguel Diaz,-0.03536210780720547,1.0,0.0,1.0
683508,sa3009723,Jason Bonilla,-0.035378149805482234,1.0,0.0,1.0
696088,sa3016252,Dianye Florentino,-0.035411010094062355,1.0,0.0,1.0
696036,sa3016250,Yonathan Ochoa,-0.03542690165877386,1.0,0.0,1.0
700314,sa3016060,Omar Hernandez,-0.035454346518974084,1.0,0.04179999977350235,0.8037999868392944
699018,sa3015491,Jesus Clode,-0.035465652122079847,1.0,0.0,1.0
693764,sa3016239,Anthony Martinez,-0.035470052346606516,1.0,0.0,1.0
693704,sa3015980,Stiwar Adames,-0.035478486532130926,1.0,0.0,1.0
699060,sa3016027,Dailoui Abad,-0.035503665980075656,1.0,0.0,1.0
691358,sa3011377,Isaac Rudecindo,-0.035559399229353666,1.0,0.0,1.0
693806,sa3016496,Felix Cabrera,-0.03567012010529845,1.0,0.0,1.0
693747,sa3015987,Carlos Lopez,-0.035700546297774687,1.0,0.0,1.0
691925,sa3015945,Eliecer Romero,-0.035710635286979375,1.0,0.0,1.0
694058,sa3015999,Bruno López,-0.03571606410237778,1.0,0.0,1.0
685774,sa3009526,Nelson Cuevas,-0.03571655193642709,1.0,0.0,1.0
699092,sa3016261,Robin De Jesus,-0.035742522097675415,1.0,0.04610000178217888,0.7831000089645386
692824,sa3015969,Bienvenido Polanco,-0.0357484439246565,1.0,0.0,1.0
699010,sa3015490,Jose Garces,-0.03575978510215139,1.0,0.0,1.0
693717,sa3016237,Raimund Uzcategui,-0.03579792597344247,1.0,0.0,1.0
693755,sa3016238,Yon Landaeta,-0.03581507291817475,1.0,0.0,1.0
684870,sa3009261,Dahan Batista,-0.035914226089115514,1.0,0.0,1.0
691896,sa3016844,Diego Linares,-0.03591874383416572,1.0,0.0,1.0
699231,sa3016266,Jesus Jimenez,-0.03592546252506062,1.0,0.0,1.0
699383,sa3016047,Welington Quintero,-0.035967846353287154,1.0,0.0,1.0
691376,sa3015419,Irving Medina,-0.03598067273402097,1.0,0.0,1.0
699129,sa3016033,Dikember Sanchez,-0.03598469910763515,1.0,0.0,1.0
678378,sa3006615,Danny Moreno,-0.03600302698129405,1.0,0.0,1.0
700236,sa3015388,Samuel Dario,-0.03601694395947248,1.0,0.0,1.0
680192,sa3015146,Luis Diaz,-0.0360732452702045,1.0,0.0,1.0
664129,19558,Geoff Hartlieb,-0.036112227685777744,12.0,0.0,12.0
692857,sa3015977,Omar Yanez,-0.036160801536596274,1.0,0.0,1.0
699063,sa3015493,Pedro Santillan,-0.03618082520715409,1.0,0.0,1.0
692439,sa3017101,Jose Estrada,-0.03619853101625319,1.0,0.0,1.0
700022,sa3015503,Carlos Hinestroza,-0.03619889571855308,1.0,0.0,1.0
691699,sa3015400,Fraudy Maldonado,-0.03622323373941778,1.0,0.0,1.0
692381,sa3015442,Luis Yepez,-0.036232228411500825,1.0,0.0,1.0
684225,sa3010805,Felipito Santos,-0.03627629928320692,1.0,0.0,1.0
694054,sa3016499,Luis C Gonzalez,-0.036277279796103755,1.0,0.0,1.0
679010,sa3007843,Giovahniey German,-0.036334411640956917,1.0,0.0,1.0
700269,sa3015389,Phili Silverio,-0.03636395663875231,1.0,0.0,1.0
691580,sa3011577,Adrian Rodriguez,-0.03637591388720097,1.0,0.0,1.0
692543,sa3016219,Victor Basora,-0.03641497358201129,1.0,0.0,1.0
694041,sa3015996,Anyelo Ovando,-0.036447074727165574,1.0,0.0,1.0
682649,sa3011808,Abraham Calzadilla,-0.03647355653391333,1.0,0.0,1.0
691484,sa3016202,Jemir Leal,-0.03652627888891564,1.0,0.0,1.0
702397,sa3016293,Pedro Figueroa,-0.0365263997947034,1.0,0.0,1.0
686741,sa3011804,Raul Mendoza,-0.03653531022310636,1.0,0.0,1.0
682972,sa3008437,Yonaiker Garcia,-0.03662768251004507,1.0,0.0,1.0
682800,sa3009464,Carlos Reyes,-0.036689055138677554,1.0,0.0,1.0
694935,sa3016002,Daniel Cordero,-0.03669539879456274,1.0,0.0,1.0
699227,sa3016039,Daniel Jean,-0.03671833593236034,1.0,0.0,1.0
703421,sa3017953,Yoerison Cepeda,-0.03681385516521057,1.0,0.0,1.0
687038,sa3011678,Elian Almanzar,-0.0368463224080439,1.0,0.0,1.0
695900,sa3015287,Joshua Paulina,-0.03688484140119836,1.0,0.0,1.0
700235,sa3016815,Jose Chavez,-0.03690472310424176,1.0,0.0,1.0
702823,sa3016851,Hamlet Vasquez,-0.03692155232811734,1.0,0.0,1.0
702913,sa3017014,Bryan Perez,-0.03695719618615726,1.0,0.0,1.0
679532,sa3006071,Francisco Benitez,-0.036973504740136186,1.0,0.0,1.0
678977,sa3007725,Martin Herrera,-0.036979569867794986,1.0,0.0,1.0
692017,sa3015401,Reinier Parra,-0.03698673527476022,1.0,0.0,1.0
681810,24937,Austin Warren,-0.03699047873487146,8.0,0.0,8.0
700273,sa3015505,Cristian Rojas,-0.03700373246192641,1.0,0.0,1.0
702370,sa3016291,Adrian Almonte,-0.037178230379102624,1.0,0.0,1.0
685467,sa3011691,Henry Morales,-0.0371898134378083,1.0,0.0,1.0
696035,sa3016249,Jose G. Gonzalez,-0.03723235989231241,1.0,0.0,1.0
683484,sa3009476,Marc Civit,-0.03723430755689483,1.0,0.0,1.0
678903,sa3006388,Jerald Cabrera,-0.03726124635152175,1.0,0.0,1.0
700268,sa3016054,Elchero Francisca,-0.03734851915464632,1.0,0.0,1.0
683858,sa3008717,Edgar Castro,-0.03737934589703807,1.0,0.0,1.0
668470,22116,Hagen Danner,-0.03738547374067661,6.0,0.0,6.0
691363,sa3011439,Brayan Ramirez,-0.03748793882505525,1.0,0.0,1.0
685573,sa3009815,Fray Morelo,-0.03751355606351597,1.0,0.0,1.0
692570,sa3016224,Leury Gomez,-0.037543745506646235,1.0,0.0,1.0
702392,sa3016292,Tomy Sanchez,-0.03755652806167764,1.0,0.0,1.0
684713,sa3009630,Wilkin Valdez,-0.03758870243109385,1.0,0.0,1.0
699074,sa3016605,Michael Vilchez,-0.03762196229830297,1.0,0.0,1.0
692573,sa3016479,Jose Alcila,-0.03768104896850102,1.0,0.0,1.0
675977,sa3004584,Drew Strotman,-0.03769365508357954,8.0,0.0,8.0
682914,sa3009777,Frandy Cuevas,-0.03770236452272434,1.0,0.0,1.0
453343,4264,Mark Melancon,-0.03772152659610897,50.0,0.0,50.0
682883,sa3009594,Jose Peraza,-0.03779347535051043,1.0,0.0,1.0
691443,sa3015150,Erick Bello,-0.037800783403159496,1.0,0.0,1.0
699299,sa3016042,Brian Sierra,-0.03780955386377354,1.0,0.0,1.0
691917,sa3015435,Rafael Mendez,-0.037933163334691135,1.0,0.0,1.0
698983,sa3015289,Joel Baez,-0.03795608762733439,1.0,0.04610000178217888,0.7831000089645386
691527,sa3011586,Wilfri Figuereo,-0.03809668005714786,1.0,0.0,1.0
683411,sa3008698,Janer Feliciano,-0.038130154879377515,1.0,0.0,1.0
692600,sa3015958,Luis Bellorin,-0.03820647740270026,1.0,0.0,1.0
691916,sa3015434,Roelmy Garcia,-0.038222515094042286,1.0,0.0,1.0
686625,sa3009789,Ronni Montero,-0.03825699235571056,1.0,0.0,1.0
692375,sa3016709,Leandro Castillo,-0.03827500072711492,1.0,0.0,1.0
677315,sa3008356,Jayson Schroeder,-0.038281816494597345,1.0,0.0,1.0
687675,sa3011842,Willy De Paula,-0.03830835038942758,1.0,0.0,1.0
692847,sa3016597,Luis Brito,-0.03831552809117273,1.0,0.0,1.0
670990,19444,Yohan Ramírez,-0.03832110304212124,22.0,0.0,22.0
679885,24453,Justin Martinez,-0.03835456192682937,18.0,0.0,18.0
702931,sa3017693,Yonfi Rodriguez,-0.038465566607433645,1.0,0.0,1.0
699221,sa3016773,Waldin Rodriguez,-0.03851423166975968,1.0,0.0,1.0
692567,sa3015955,Cesar Soto,-0.038596469517027665,1.0,0.0,1.0
698959,sa3015485,Jan Caraballo,-0.03874461857913431,1.0,0.0,1.0
691336,sa3017006,Erick Caines,-0.03891789785104294,1.0,0.0,1.0
699007,sa3016257,Darlin Diaz,-0.03891826628076791,1.0,0.0,1.0
700727,sa3016068,Marcos Rodriguez,-0.038920694740213264,1.0,0.0,1.0
698925,sa3016253,Gerardo Hernandez,-0.03901236534895807,1.0,0.0,1.0
703119,sa3017211,Fernando Costume,-0.039078979018067964,1.0,0.0,1.0
699040,sa3016024,Freilyn De Pena,-0.03920672119472835,1.0,0.0,1.0
699288,sa3016041,Luis Martinez,-0.03921559038043117,1.0,0.0,1.0
692516,sa3015215,Guillermo Villasmil,-0.03922889650143653,1.0,0.0,1.0
663753,21541,Reiss Knehr,-0.03923566562449022,12.0,0.0,12.0
676689,23449,Ricky Karcher,-0.039319477393755735,10.0,0.0,10.0
669684,26214,Chris Murphy,-0.03933501005473364,18.0,0.0,18.0
700723,sa3016618,Joel Asencio,-0.03936493349111971,1.0,0.0,1.0
686432,sa3010810,Orlando Fulgencio,-0.039511932102616616,1.0,0.0,1.0
698939,sa3015484,Elvis Polanco,-0.03958039127216908,1.0,0.0,1.0
692850,sa3015976,Israel Mateo,-0.03963340016680669,1.0,0.0,1.0
702790,sa3016752,Jordy Andujar,-0.03974961162074853,1.0,0.0,1.0
692849,sa3015462,Fraimin Marte,-0.0397715885809661,1.0,0.0,1.0
699022,sa3016711,Samuel Fabian,-0.039852816033381123,1.0,0.0,1.0
656546,17432,Jeff Hoffman,-0.03986512279303088,30.0,0.0,30.0
691451,sa3015272,Wilmer A. Fenelon,-0.03997213441282772,1.0,0.0,1.0
702441,sa3016529,Wilfredo Cordero,-0.03997726076066823,1.0,0.027899999171495438,0.8689000010490417
700317,sa3016615,Juan Rodriguez,-0.040111727070375074,1.0,0.0,1.0
692496,sa3015449,Jean Lopez,-0.040147421500171844,1.0,0.0,1.0
702100,sa3016290,Juan Severino,-0.04030163160074618,1.0,0.0,1.0
692553,sa3015332,Wilker Cubillan,-0.04030884223805452,1.0,0.0,1.0
682688,sa3010792,Danny Subero,-0.040571785618206214,1.0,0.0,1.0
683851,sa3009249,Oliver Lopez,-0.04084141980758202,1.0,0.0,1.0
687866,sa3010825,Justin Yeager,-0.04123014710694592,18.0,0.0,18.0
684078,sa3009741,Samuel Cruz,-0.04140528083269352,1.0,0.0,1.0
693777,sa3015471,Yonatan Pineda,-0.04184727947409035,1.0,0.0,1.0
669105,20209,Zach Muckenhirn,-0.04243195330996013,14.0,0.0,14.0
669935,22343,A.J. Alexy,-0.04285310962465563,10.0,0.0,10.0
692820,sa3016943,Bryant Capellan,-0.04292985796706584,1.0,0.0,1.0
621294,15100,Ben Heller,-0.0429617804784682,10.0,0.0,10.0
693728,sa3015982,Reyson Santos,-0.043319781294862296,1.0,0.0,1.0
702440,sa3016294,Remy Cesar,-0.04343316178931956,1.0,0.0,1.0
699384,sa3016048,David Olivo,-0.043528537350654366,1.0,0.0,1.0
691480,sa3015933,Eurys Martich,-0.044001849732244795,1.0,0.0,1.0
666301,sa3011726,Indigo Diaz,-0.04409310581939385,10.0,0.0,10.0
692827,sa3016485,Dielmon Urena,-0.04456443055480621,1.0,0.0,1.0
681493,sa3007852,Eddy Demurias,-0.045324558493819625,6.0,0.0,6.0
674381,sa3002814,Moises Lugo,-0.04602535568891456,16.0,0.0,16.0
656919,sa915693,Matt Ruppenthal,-0.0465098944920592,6.0,0.0,6.0
621016,17701,Jose Cuas,-0.04668876764067966,52.0,0.0,52.0
642231,15157,Jimmy Yacabonis,-0.0467071856025959,24.0,0.0,24.0
688427,26068,Kolton Ingram,-0.04712530235206688,36.0,0.0,36.0
666619,21894,Gregory Santos,-0.04717493503756637,54.0,0.0,54.0
676617,20348,Riley O'Brien,-0.04744042085411457,10.0,0.0,10.0
676742,23479,Cam Sanders,-0.04825209812491799,14.0,0.0,14.0
641302,17735,Tyler Alexander,-0.04943676363831075,61.0,0.0,61.0
656981,20476,Peter Solomon,-0.051176523681967526,21.0,0.0,21.0
613534,13801,Austin Adams,-0.05228338833755082,24.0,0.0,24.0
669091,sa3011463,Matt Cronin,-0.053007078858387235,12.0,0.0,12.0
572193,10291,Ryan Tepera,-0.05384871251046553,64.0,0.0,64.0
669424,19541,Jimmy Lambert,-0.053899897298282186,54.95650100708008,1.6200000047683716,47.619998931884766
682240,sa3009935,Stephen Jones,-0.054021831417305655,8.0,0.0,8.0
593144,13549,Richard Rodríguez,-0.05531028879539414,14.0,0.0,14.0
660600,20447,Enoli Paredes,-0.055352257645782256,28.0,0.0,28.0
656232,19866,Brandon Bielak,-0.05595704946690395,33.00529861450195,1.6200000047683716,25.6200008392334
687486,sa3010821,Fineas Del Bonta-Smith,-0.056012928194382104,10.0,0.0,10.0
661536,sa873314,Melvin Adón,-0.05773344574040032,22.0,0.0,22.0
657093,17489,Spenser Watkins,-0.05793174927245298,16.0,0.0,16.0
592761,14875,Caleb Smith,-0.05891000196369217,20.0,0.0,20.0
676220,19766,Seth Elledge,-0.05913894300254869,34.0,0.0,34.0
606273,12673,Roenis Elías,-0.06029707794826359,16.0,0.0,16.0
665645,21656,Kervin Castro,-0.060876976249101745,8.0,0.0,8.0
592390,11632,Heath Hembree,-0.0627081637640648,21.0,0.0,21.0
663531,18555,Logan Allen,-0.06284626504780019,24.0,0.0,24.0
605498,18300,Andrew Suárez,-0.06329059226899919,16.0,0.0,16.0
608328,15036,Chase De Jong,-0.06488827758348492,65.0,0.0,65.0
682010,25071,Lane Ramsey,-0.0668859992614156,8.0,0.0,8.0
676265,20277,Cory Abbott,-0.06829722690720108,20.0,0.0,20.0
621295,15594,Nick Wittgren,-0.06835035865824712,28.0,0.0,28.0
545343,13259,Louis Head,-0.07084472131871326,20.0,0.0,20.0
681882,24986,Colin Selby,-0.07314174432694225,16.0,0.0,16.0
543766,8110,Bryan Shaw,-0.0734381594028478,30.0,0.0,30.0
680692,24584,Jonathan Stiever,-0.07467140951782114,25.183300018310547,1.6200000047683716,17.6200008392334
595411,12249,Ryan Sherriff,-0.07474748372958538,30.0,0.0,30.0
570663,11801,Hansel Robles,-0.07672878274224415,28.0,0.0,28.0
677960,23796,Ryan Weathers,-0.07673350040147377,55.258201599121094,3.240000009536743,41.2400016784668
622766,18815,Miguel Díaz,-0.07682860162688837,24.0,0.0,24.0
640444,19800,Wil Crowe,-0.0769318857536531,68.0,0.0,68.0
592716,13339,Adrian Sampson,-0.07725598697511317,54.76240158081055,4.860000133514404,32.86000061035156
668834,22176,Easton McGee,-0.0781605107296353,16.0,0.0,16.0
606625,14966,Reyes Moronta,-0.07958784745677244,28.0,0.0,28.0
502202,10133,Brad Boxberger,-0.0802579935480209,63.0,0.0,63.0
571710,10430,Mychal Givens,-0.08052172723404727,52.0,0.0,52.0
598287,12800,Noé Ramirez,-0.0809179744893378,18.0,0.0,18.0
623437,15145,Justin Topa,-0.08329978518540067,48.0,0.0,48.0
641682,19535,Ryan Hendrix,-0.08381134197659694,32.0,0.0,32.0
672841,22915,Carlos Vargas,-0.08410441250049396,55.0,0.0,55.0
571946,10197,Shelby Miller,-0.08561524667703871,54.0,0.0,54.0
674047,sa3009928,Travis Kuhn,-0.08628970021008653,12.0,0.0,12.0
669060,19990,Bryse Wilson,-0.08823701690662993,66.52159881591797,1.6200000047683716,59.619998931884766
448281,1581,Sean Doolittle,-0.08847955229150872,44.0,0.0,44.0
605538,12804,Matt Wisler,-0.08939868275012776,28.0,0.0,28.0
519326,7836,Hunter Strickland,-0.08959670749055813,28.0,0.0,28.0
673258,20100,Michel Baez,-0.0900999717150671,26.0,0.0,26.0
593833,15855,Wander Suero,-0.09250952861618213,16.0,0.0,16.0
656578,21298,Andre Jackson,-0.09624889206155703,34.0,0.0,34.0
666277,21863,George Soriano,-0.1023027930997459,28.0,0.0,28.0
670426,20030,Phillip Diehl,-0.10300654428582431,14.0,0.0,14.0
605151,12918,Archie Bradley,-0.10437002725710966,32.0,0.0,32.0
643290,19268,Justin Dunn,-0.10835561528804723,60.9453010559082,11.34000015258789,11.34000015258789
676534,20116,Calvin Faucher,-0.1104792496211799,54.0,0.0,54.0
641703,16466,Brent Honeywell,-0.11143569632186684,50.0,0.0,50.0
657272,20323,Erich Uelmen,-0.11145732412991151,33.0,0.0,33.0
679777,sa3010303,Nick Mikolajchak,-0.1125543413197475,16.0,0.0,16.0
607216,13707,Joey Krehbiel,-0.11386319207111094,44.0,0.0,44.0
679346,24363,Edgar Navarro,-0.11405522687354197,12.0,0.0,12.0
600921,14681,Andrés Machado,-0.11548335670870699,32.0,0.0,32.0
468504,2608,Jhoulys Chacín,-0.11646024543273537,20.0,0.0,20.0
656820,21327,Nicholas Padilla,-0.1168872639643355,20.0,0.0,20.0
663562,25862,Noah Davis,-0.11742524278262989,18.0,0.0,18.0
623433,18337,Nick Anderson,-0.12142293859154657,50.0,0.0,50.0
666207,21858,Riley Pint,-0.12299117875739651,32.0,0.0,32.0
670871,19588,Guillo Zuñiga,-0.12510098719037907,28.0,0.0,28.0
643511,15541,Tyler Rogers,-0.12698593091604773,70.0,0.0,70.0
675540,25595,Xzavion Curry,-0.13171990738762976,70.61720275878906,6.480000019073486,40.47999954223633
502624,6895,Chase Anderson,-0.13665353331747537,32.737098693847656,3.240000009536743,19.239999771118164
593619,12178,Domingo Tapia,-0.13828732648964054,42.0,0.0,42.0
682126,sa3014860,Evan Reifert,-0.1410617212372884,32.0,0.0,32.0
669796,22318,Jose E. Hernandez,-0.14346288762818843,48.0,0.0,48.0
677865,23779,Justin Bruihl,-0.14638373069674288,22.0,0.0,22.0
621389,14361,Ty Blach,-0.15211582026465237,51.0,0.0,51.0
650530,19457,Bryan Garcia,-0.15993846807865197,16.0,0.0,16.0
500610,8410,Deolis Guerra,-0.1638451467235079,28.0,0.0,28.0
542585,6399,José Cisnero,-0.18000189076244671,64.0,0.0,64.0
676092,23307,Collin Snider,-0.180447419011544,38.0,0.0,38.0
669618,22296,Joe Barlow,-0.18724259837859894,46.0,0.0,46.0
668970,25427,Gavin Hollowell,-0.1880257978938924,44.0,0.0,44.0
608716,18806,Drew Steckenrider,-0.1896064045997075,48.0,0.0,48.0
543272,9111,Brad Hand,-0.191934386986356,60.0,0.0,60.0
544727,5114,Jeurys Familia,-0.19534558632844018,60.0,0.0,60.0
683232,25376,Nick Mears,-0.19630523696088117,38.0,0.0,38.0
642545,18356,Jaime Barria,-0.19705663517609287,56.0,0.0,56.0
665620,20276,Deivi García,-0.19737933769166796,33.17679977416992,1.6200000047683716,25.6200008392334
685410,25777,Peyton Battenfield,-0.19983900479125255,42.0,0.0,42.0
453178,6986,Ian Kennedy,-0.2018967427859307,56.0,0.0,56.0
642130,16418,Blake Taylor,-0.20342975450011203,34.0,0.0,34.0
605195,13182,Kyle Crick,-0.22688202812719166,38.0,0.0,38.0
670810,22461,Logan Gillaspie,-0.22964035377232106,48.0,0.0,48.0
669459,20515,Kyle Nelson,-0.23128458652409342,40.0,0.0,40.0
670056,19231,Caleb Baragar,-0.23246756605388466,20.0,0.0,20.0
665048,18615,Hobie Harris,-0.243159962695641,56.0,0.0,56.0
665001,18454,Trevor Kelley,-0.2536188173287839,48.0,0.0,48.0
681402,24737,Gus Varland,-0.2548116226946837,48.0,0.0,48.0
592741,10855,Chasen Shreve,-0.3115011103356151,54.0,0.0,54.0
608718,13942,Brent Suter,-0.3138327635450609,64.0,0.0,64.0
670124,20132,Adam Oller,-0.320330561289787,79.27950286865234,6.480000019073486,50.47999954223633
