mlbam,fgid,name,war,pa
592450,15640,Aaron Judge,6.74215,634.656
677951,25764,Bobby Witt Jr.,6.38203,633.655
663728,21534,Cal Raleigh,5.92225,614.647
683002,26289,Gunnar Henderson,5.63303,626.052
677594,23697,Julio Rodríguez,5.58085,617.685
665742,20123,Juan Soto,5.55405,621.171
660670,18401,Ronald Acuña Jr.,5.2708,676.219
660271,19755,Shohei Ohtani,5.25674,658.176
665487,19709,Fernando Tatis Jr.,5.08165,617.682
596019,12916,Francisco Lindor,4.88628,644.192
665489,19611,Vladimir Guerrero Jr.,4.80413,636.639
682829,26668,Elly De La Cruz,4.62007,616.808
682998,25878,Corbin Carroll,4.57454,610.937
670541,19556,Yordan Alvarez,4.55011,550.801
606466,13613,Ketel Marte,4.48749,601.272
605141,13611,Mookie Betts,4.31799,566.123
608070,13510,José Ramírez,4.29817,603.88
661388,20503,William Contreras,4.24537,586.014
672386,22581,Alejandro Kirk,4.23729,443.478
691406,28163,Junior Caminero,4.23338,521.951
701538,29490,Jackson Merrill,4.11368,585.596
607208,16252,Trea Turner,3.9434,609.394
672695,22799,Geraldo Perdomo,3.91742,562.356
608369,13624,Corey Seager,3.91033,508.161
666182,19612,Bo Bichette,3.9065,584.856
663656,18345,Kyle Tucker,3.83329,559.326
608324,17678,Alex Bregman,3.77272,638.238
687263,31347,Zach Neto,3.7109,598.581
691026,27479,Masyn Winn,3.70264,620.602
672580,22715,Maikel Garcia,3.54511,620.014
547180,11579,Bryce Harper,3.53825,598.364
691718,27769,Pete Crow-Armstrong,3.517,499.983
665161,21636,Jeremy Peña,3.49108,599.651
668939,26288,Adley Rutschman,3.48148,539.205
672515,22664,Gabriel Moreno,3.40467,404.714
663538,21479,Nico Hoerner,3.37633,585.13
694671,33333,Wyatt Langford,3.37463,558.778
642715,15986,Willy Adames,3.34935,620.458
592518,11493,Manny Machado,3.3272,595.315
656305,16505,Matt Chapman,3.2694,592.738
805779,33266,Jacob Wilson,3.23501,472.474
621566,14344,Matt Olson,3.20102,653.777
676059,27815,Jordan Westburg,3.19319,551.798
672275,27478,Patrick Bailey,3.17041,401.605
621043,14162,Carlos Correa,3.1605,485.762
518692,5361,Freddie Freeman,3.1458,658.412
665862,20454,Jazz Chisholm Jr.,3.11216,549.765
669224,27562,Austin Wells,3.10099,391.841
701762,35110,Nick Kurtz,3.0862,493.199
543760,12533,Marcus Semien,3.06245,668.308
671739,25931,Michael Harris II,3.05548,484.77
694192,28806,Jackson Chourio,3.01349,594.109
669257,19197,Will Smith,3.00933,472.159
663586,18360,Austin Riley,2.98173,601.269
593428,12161,Xander Bogaerts,2.92081,517.339
668930,22186,Brice Turang,2.90416,613.003
621439,14161,Byron Buxton,2.89399,488.814
682928,25768,CJ Abrams,2.88053,591.41
650402,16997,Gleyber Torres,2.84932,637.404
641355,15998,Cody Bellinger,2.84518,595.317
646240,17350,Rafael Devers,2.84107,624.627
682985,25976,Riley Greene,2.83966,582.17
650490,16578,Yandy Díaz,2.81068,611.721
680757,24610,Steven Kwan,2.80012,593.645
656941,16478,Kyle Schwarber,2.79673,626.373
680977,24679,Brendan Donovan,2.76826,551.811
669364,22266,Xavier Edwards,2.72331,557.51
624413,19251,Pete Alonso,2.69108,639.626
678662,24064,Ezequiel Tovar,2.6691,624.593
621020,18314,Dansby Swanson,2.64079,524.463
607043,12927,Brandon Nimmo,2.61095,641.893
514888,5417,Jose Altuve,2.58494,586.647
543807,12856,George Springer,2.57363,608.582
807712,33321,Luke Keaschall,2.5639,479.813
682626,26121,Francisco Alvarez,2.54158,395.117
805367,31580,Chase Meidroth,2.53418,482.553
678882,24262,Ceddanne Rafaela,2.50951,505.178
673237,23003,Yainer Diaz,2.5015,481.416
669127,25816,Shea Langeliers,2.49784,492.493
701350,31812,Roman Anthony,2.47547,511.079
672960,sa3063134,Kazuma Okamoto,2.46455,516.096
695578,29518,James Wood,2.45846,513.342
665833,21711,Oneil Cruz,2.45424,484.103
647304,18839,Josh Naylor,2.43027,570.12
681624,24816,Andy Pages,2.4145,492.668
702616,31781,Jackson Holliday,2.34058,493.745
681082,26294,Bryson Stott,2.33852,527.762
670623,20036,Isaac Paredes,2.33527,464.96
553993,12552,Eugenio Suárez,2.27942,568.096
686948,31539,Drake Baldwin,2.27094,461.154
673548,30116,Seiya Suzuki,2.26828,581.768
663757,18564,Trent Grisham,2.25686,484.389
671056,20599,Iván Herrera,2.25598,477.648
668904,20437,Royce Lewis,2.2048,468.763
665926,19950,Andrés Giménez,2.19514,525.77
664023,17919,Ian Happ,2.18276,629.693
695657,29712,Colson Montgomery,2.1717,508.155
693307,27464,Dillon Dingler,2.16511,328.801
667670,19627,Brent Rooker,2.16449,607.999
672640,19608,Otto Lopez,2.1592,485.317
700250,29576,Ben Rice,2.15332,460.081
702332,29646,Caleb Durbin,2.14744,468.155
676475,27615,Alec Burleson,2.14494,557.955
805300,31370,Jakob Marsee,2.1341,541.349
683737,26319,Michael Busch,2.12691,505.776
666310,21865,Bo Naylor,2.12106,406.35
664761,21618,Alec Bohm,2.10956,532.437
691016,27467,Tyler Soderstrom,2.10563,462.956
680777,24618,Ryan Jeffers,2.10353,462.345
621493,17548,Taylor Ward,2.09875,590.107
645277,16556,Ozzie Albies,2.0573,546.319
800050,32127,Chase DeLauter,2.05692,497.218
683011,27647,Anthony Volpe,2.05373,430.805
641487,15491,J.P. Crawford,2.05087,506.176
666023,21840,Freddy Fermin,2.00394,395.057
808959,sa3063258,Munetaka Murakami,1.99936,563.652
694384,33189,Nolan Schanuel,1.98838,545.615
690993,27899,Colt Keith,1.9866,483.842
808982,33824,Jung Hoo Lee,1.96363,467.867
680776,24617,Jarren Duran,1.93312,576.529
686469,27676,Vinnie Pasquantino,1.93292,562.629
687401,25493,Joey Ortiz,1.91611,462.463
571448,9777,Nolan Arenado,1.90976,514.089
670770,19522,TJ Friedl,1.89502,512.243
678246,20178,Miguel Vargas,1.88731,488.943
668227,19290,Randy Arozarena,1.85816,632.469
593871,13152,Jorge Polanco,1.82757,470.662
663457,21454,Lars Nootbaar,1.82694,477.399
671277,20391,Luis García Jr.,1.82641,465.049
691019,33549,Kyle Teel,1.81457,409.612
664040,18882,Brandon Lowe,1.80755,500.8
571970,13301,Max Muncy,1.78554,353.141
665966,19722,Carlos Narváez,1.78455,360.833
643446,15362,Jeff McNeil,1.77392,490.502
677800,23772,Wilyer Abreu,1.76835,429.527
671732,22542,Lawrence Butler,1.74838,480.112
694497,27790,Evan Carter,1.7384,368.336
680718,24598,Addison Barger,1.72078,432.697
677587,23690,Brayan Rocchio,1.71018,402.402
666018,21837,Jonathan Aranda,1.70364,478.017
676391,20352,Ernie Clement,1.69626,467.29
696100,29715,Hunter Goodman,1.69036,468.723
666176,20220,Jo Adell,1.67419,465.883
681297,29591,Colton Cowser,1.66577,445.934
630105,18036,Jake Cronenworth,1.64179,540.113
686797,31595,Brooks Lee,1.62334,438.774
676694,20308,Jake Meyers,1.61756,400.077
595777,10815,Jurickson Profar,1.61172,601.914
662139,19918,Daulton Varsho,1.60893,486.918
673357,20043,Luis Robert Jr.,1.57558,477.447
608348,13620,Carson Kelly,1.56168,319.268
686217,29622,Sal Frelick,1.55883,454.903
669065,26151,Kyle Stowers,1.55165,494.469
670242,26466,Matt Wallner,1.54771,409.736
673962,26299,Josh Jung,1.53757,428.788
680574,29695,Matt McLain,1.50223,437.878
695734,29995,Daylen Lile,1.48658,446.84
671218,22515,Heliot Ramos,1.4785,539.676
650333,18568,Luis Arraez,1.47736,591.534
687462,26477,Spencer Horwitz,1.47406,442.952
695600,29478,Carter Jensen,1.47384,307.606
669701,26396,Josh Smith,1.47081,423.671
804606,sa3065496,Konnor Griffin,1.44072,318.67
691785,29668,Marcelo Mayer,1.43114,415.058
521692,7304,Salvador Perez,1.429,580.113
592663,11739,J.T. Realmuto,1.4267,390.268
669242,19470,Tommy Edman,1.4228,418.503
802139,sa3025154,JJ Wetherholt,1.42011,293.013
606192,13066,Teoscar Hernández,1.41333,548.266
669707,25807,Jared Triolo,1.401,467.624
700932,29794,Kyle Manzardo,1.40062,445.379
575929,11609,Willson Contreras,1.39448,456.372
668804,19326,Bryan Reynolds,1.35984,606.987
686611,33541,Dylan Crews,1.34588,514.875
664056,18030,Harrison Bader,1.3417,435.506
592885,11477,Christian Yelich,1.33341,470.574
701398,31505,Sal Stewart,1.3135,439.567
669016,20202,Brandon Marsh,1.30803,410.075
596115,12564,Trevor Story,1.30643,436.612
693304,27490,Nick Gonzales,1.29942,383.982
673490,27506,Ha-Seong Kim,1.29533,332.563
663697,21523,Jonathan India,1.29254,504.122
669394,22275,Jake Burger,1.28712,493.141
660821,19913,Jesús Sánchez,1.28464,385.297
702284,31680,Cole Young,1.27904,306.373
669221,19352,Sean Murphy,1.27569,304.685
666158,19955,Gavin Lux,1.27436,389.11
641857,15112,Ryan McMahon,1.2664,413.605
678009,23800,Parker Meadows,1.26522,431.207
663647,18577,Ke'Bryan Hayes,1.26398,456.008
545361,10155,Mike Trout,1.26291,421.702
686668,25479,Brenton Doyle,1.25563,488.82
686780,25782,Pedro Pagés,1.24614,268.294
681481,25961,Kerry Carpenter,1.2312,418.879
682663,26546,Agustín Ramírez,1.23108,416.073
695506,35041,Jac Caglianone,1.22966,417.684
663853,21562,Romy Gonzalez,1.22737,325.66
620443,15905,Luis Torrens,1.22097,205.796
656775,17929,Cedric Mullins,1.2093,407.849
650489,17338,Willi Castro,1.20764,476.461
668901,22184,Mark Vientos,1.19048,429.987
679529,27465,Spencer Torkelson,1.18196,576.812
696285,29931,Jacob Young,1.17543,327.47
657656,17128,Ramón Laureano,1.15748,440.849
572233,13419,Christian Walker,1.15169,529.12
805808,sa3022895,Kevin McGonigle,1.14807,202.3
681393,29592,Connor Norby,1.14533,448.731
668715,26323,Spencer Steer,1.13253,555.316
669003,27555,Garrett Mitchell,1.10774,333.332
605137,13145,Josh Bell,1.10417,475.295
683146,26123,Brett Baty,1.09965,374.966
687637,31695,Dylan Beavers,1.09855,314.94
682668,26548,Luisangel Acuña,1.09206,384.966
687363,31349,Victor Scott II,1.09174,415.787
624431,16725,Jose Trevino,1.0902,200.157
592626,11899,Joc Pederson,1.05516,368.1
643376,16535,Danny Jansen,1.04939,307.159
663743,21538,Nick Fortes,1.03101,255.694
668670,19452,Jake Rogers,1.02626,190.387
694212,28824,Samuel Basallo,1.02615,324.822
702222,sa3020240,Justin Crawford,1.02612,299.385
542303,10324,Marcell Ozuna,1.02107,452.627
695336,27883,Thomas Saggese,1.01845,343.307
664728,21614,Kyle Isbel,1.01796,382.346
682622,26517,Noelvi Marte,1.0128,457.95
623993,14551,Anthony Santander,0.993291,555.429
656811,16442,Ryan O'Hearn,0.991846,454.096
676914,23565,Davis Schneider,0.990784,298.625
650859,19858,Luis Rengifo,0.988585,348.945
668709,26368,JJ Bleday,0.964454,329.212
605170,14968,Victor Caratini,0.946209,312.236
695681,34979,Christian Moore,0.933173,350.193
669357,22263,Nolan Gorman,0.904709,442.003
660162,17232,Yoán Moncada,0.895424,349.118
672761,22857,Wenceel Pérez,0.894616,427.555
641933,15711,Tyler O'Neill,0.89087,346.205
656716,19392,Zach McKinstry,0.878578,368.363
609280,15878,Miguel Andujar,0.873354,313.928
666969,19287,Adolis García,0.870763,497.909
802415,31912,Chandler Simpson,0.870258,337.754
668885,27462,Austin Martin,0.869395,297.073
664770,18123,Nathan Lukes,0.86921,261.164
663616,21501,Trevor Larnach,0.867821,393.293
686555,25477,Isaac Collins,0.857758,317.593
669477,27577,Casey Schmitt,0.853305,317.632
810938,33197,Ben Williamson,0.850966,266.961
676609,23401,José Caballero,0.844771,302.366
663698,21524,Joey Bart,0.840763,289.941
680779,29617,Henry Davis,0.839005,231.699
691781,29993,Brady House,0.837674,424.065
665804,21693,Miguel Amaya,0.83514,258.958
642708,15518,Amed Rosario,0.833878,239.957
641555,20084,J.C. Escarra,0.833331,173.508
672356,22563,Gabriel Arias,0.821682,360.316
573262,14854,Mike Yastrzemski,0.819131,371.013
677950,23792,Alek Thomas,0.81451,305.088
681351,24729,Logan O'Hoppe,0.81262,380.791
806068,sa3022923,Colt Emerson,0.803552,256.01
663886,17988,Tyler Stephenson,0.798138,398.37
683083,25979,Nasim Nuñez,0.792256,286.749
519317,4949,Giancarlo Stanton,0.789415,373.127
669134,22217,Luis Campusano,0.788108,306.857
676439,23372,Hunter Feduccia,0.785823,217.541
681460,31394,Brooks Baldwin,0.777333,270.557
543309,5517,Kyle Higashioka,0.776245,188.026
691777,29779,Max Muncy,0.771837,299.796
700246,30038,Carson Williams,0.755539,317.645
686527,26438,Dominic Canzone,0.754152,368.626
687093,26031,Vaughn Grissom,0.750197,225.098
691023,27475,Jordan Walker,0.749494,441.054
624585,14221,Jorge Soler,0.744365,441.303
666397,27534,Edouard Julien,0.744262,324.286
687221,31382,Dalton Rushing,0.73473,174.203
823550,sa3012529,Sung-Mun Song,0.720983,298.469
666139,19953,Josh Lowe,0.716507,420.918
701358,35108,Cam Smith,0.712131,332.201
641584,19260,Jake Fraley,0.711536,332.697
666971,19238,Lourdes Gurriel Jr.,0.703192,331.926
645302,18363,Victor Robles,0.685801,316.547
663993,19566,Nathaniel Lowe,0.682857,387.714
502671,9218,Paul Goldschmidt,0.681119,462.965
688363,31363,Graham Pauley,0.671839,305.625
608385,13590,Jesse Winker,0.66284,292.882
666624,21897,Christopher Morel,0.657029,304.8
683734,26197,Andrew Vaughn,0.636079,497.055
695670,29958,Harry Ford,0.631588,192.268
683357,27496,Owen Caissie,0.629991,314.073
692216,33704,C.J. Kayfus,0.626156,300.82
691594,28253,Javier Sanoja,0.622221,216.68
660688,19610,Keibert Ruiz,0.621527,322.346
687231,26224,Darell Hernaiz,0.601103,167.69
602104,18795,Ramón Urías,0.598819,230.798
643565,15274,Mike Tauchman,0.5972,304.661
691788,sa3017374,Joe Mack,0.591632,208.562
686452,25643,Drew Millas,0.586613,141.101
686681,27684,Michael Massey,0.581169,286.448
595978,12976,Austin Hedges,0.575345,110.207
641598,15161,Mitch Garver,0.575005,199.303
691176,28080,Jasson Domínguez,0.567902,189.592
656976,19892,Pavin Smith,0.555356,356.994
657041,16939,Lane Thomas,0.547917,379.053
677942,23789,Blaze Alexander,0.543669,336.817
683227,25629,Cody Freeman,0.54308,196.02
642731,16426,Thairo Estrada,0.542909,287.269
669234,29606,Justyn-Henry Malloy,0.542276,215.058
650968,18848,Yohel Pozo,0.541665,164.122
643217,17901,Andrew Benintendi,0.54014,443.935
641680,16930,Jonah Heim,0.537918,208.649
689414,29844,Liam Hicks,0.537177,167.577
671289,22532,Tyler Freeman,0.536958,288.895
543877,9774,Christian Vázquez,0.53661,161.751
649966,16622,Luis Urías,0.528104,178.162
660844,21009,Leo Rivas,0.525792,154.314
701807,sa3025452,Carson Benge,0.52031,275.82
664238,18042,Dylan Moore,0.512565,273.329
663837,21558,Matt Vierling,0.512524,257.177
643289,16530,Mauricio Dubón,0.508201,292.183
657757,19901,Gavin Sheets,0.508105,452.867
665561,21646,Rafael Marchán,0.504896,142.704
669236,22239,Jeremiah Jackson,0.502624,209.952
682657,26540,Angel Martínez,0.499088,216.041
596142,11442,Gary Sánchez,0.496286,223.264
672820,22896,Lenyn Sosa,0.488188,335.864
672016,29858,Denzel Clarke,0.485914,278.468
500743,7802,Miguel Rojas,0.48438,148.317
700337,28022,Edgar Quero,0.477082,369.41
677649,23733,Ezequiel Duran,0.474764,250.911
691720,33252,Kyle Karros,0.467176,186.813
670764,22458,Taylor Walls,0.465719,275.762
656555,16472,Rhys Hoskins,0.46127,381.734
663368,19921,Blake Perkins,0.459679,230.492
624641,17022,Edmundo Sosa,0.459017,192.94
643396,16512,Isiah Kiner-Falefa,0.458895,289.221
664983,21622,Jake McCarthy,0.457131,300.613
665877,21746,José Fermín,0.455862,111.375
608701,13770,Rob Refsnyder,0.453908,199.939
624512,15674,Reese McGuire,0.447999,106.217
623168,13897,Tyler Heineman,0.445631,98.5989
687515,31855,Colby Thomas,0.439539,218.794
692225,33644,Kristian Campbell,0.436634,144.125
669743,19296,Alex Call,0.435729,167.746
677588,23691,José Tena,0.433379,206.659
671213,22514,Triston Casas,0.433131,172.726
694208,28820,Moisés Ballesteros,0.425498,274.128
677870,23782,Leo Jiménez,0.423682,120.429
807713,33322,Matt Shaw,0.418927,178.467
690022,31500,Ryan Ritter,0.418602,176.404
682641,26467,Luis Matos,0.41857,146.609
695238,29634,Will Wagner,0.411004,163.204
676356,26365,Jonny DeLuca,0.409548,233.405
595879,12979,Javier Báez,0.408375,243.867
664034,17982,Ty France,0.406426,336.473
671655,22541,George Valera,0.393845,334.675
682877,sa3009808,Juan Brito,0.38991,124.445
665750,18900,Leody Taveras,0.385595,126.415
814439,sa3025261,Ryan Waldschmidt,0.384454,137.019
683953,sa3025129,Travis Bazzana,0.382749,179.438
665828,21707,Oswaldo Cabrera,0.382168,189.949
666160,19956,Mickey Moniak,0.381775,394.162
702176,31564,Alan Roden,0.377845,164.491
606115,13185,Orlando Arcia,0.377603,157.213
663968,26202,Jake Mangum,0.371164,253.951
657136,19896,Connor Wong,0.365341,232.138
687597,31431,Jordan Beck,0.363009,437.439
671286,22530,Johnathan Rodríguez,0.359081,171.606
668800,19514,Andrew Knizner,0.356185,120.328
663967,21587,César Salazar,0.351536,143.456
642851,15271,Austin Wynns,0.350354,106.67
669208,29547,Ryan Bliss,0.34889,132.635
701675,31357,Nathan Church,0.344834,134.423
677592,23695,Everson Pereira,0.343762,245.495
680700,24589,Richie Palacios,0.341428,187.972
543510,12859,James McCann,0.338796,161.563
699625,31354,Jimmy Crooks,0.337322,107.065
680869,29766,Zack Gelof,0.333793,140.269
666152,27531,David Hamilton,0.331338,129.982
681546,24770,James Outman,0.328754,168.954
665019,20572,Kody Clemens,0.32625,205.623
542932,12037,Jon Berti,0.325475,153.9
695391,29788,Brett Harris,0.322908,163.737
690924,29704,Braxton Fulford,0.322877,198.944
669397,22277,Nick Allen,0.32099,145.545
669289,19997,Santiago Espinal,0.315661,186.293
807799,31837,Masataka Yoshida,0.307425,178.911
664059,18054,Sam Haggerty,0.307339,186.3
592122,11850,Tyler Austin,0.307063,236.455
578428,10231,Jose Iglesias,0.306432,168.673
518595,7739,Travis d'Arnaud,0.303837,174.658
641343,15194,Jake Bauers,0.303619,278.182
545341,10243,Randal Grichuk,0.301705,185.341
502054,2967,Tommy Pham,0.297581,308.202
686765,25483,Nick Sogard,0.294205,204.727
691783,29976,Jordan Lawlar,0.294188,103.493
670042,19354,Luke Raley,0.289714,223.692
669261,22244,Jack Suwinski,0.28738,194.122
667472,22054,Dane Myers,0.284007,184.822
679032,24336,Johan Rojas,0.283434,123.763
621438,13675,Tyrone Taylor,0.283383,226.059
666149,26208,Tyler Fitzgerald,0.272889,145.569
672724,22823,Oswald Peraza,0.272029,204.39
624424,16376,Michael Conforto,0.27152,283.423
805904,31583,Zach Cole,0.271351,256.114
628451,18819,Andy Ibáñez,0.269719,140.646
679845,27630,Nick Loftin,0.267297,124.147
571912,13355,Luke Maile,0.266959,114.262
677595,23698,Ronny Mauricio,0.266922,137.85
682177,25180,Daniel Schneemann,0.262231,175.294
805805,sa3022894,Walker Jenkins,0.261102,93.5426
690987,27482,Robert Hassell III,0.261013,182.319
683766,27653,Christian Koss,0.260933,171.049
665923,21780,Esteury Ruiz,0.260058,93.9852
808975,35322,Hyeseong Kim,0.259981,99.9094
691740,sa3019997,Daniel Susac,0.259966,84.7914
516782,9241,Starling Marte,0.259735,249.915
696030,27915,Alejandro Osuna,0.256526,95.1587
666181,21853,Will Benson,0.256061,219.051
682988,31396,Tyler Locklear,0.25449,257.958
665953,21797,Andrés Chaparro,0.252841,234.668
655316,19455,Andruw Monasterio,0.252625,136.336
657077,17027,Alex Verdugo,0.248175,239.096
694377,27504,Nick Yorke,0.246296,145.421
687551,31545,Drew Gilbert,0.246174,153.489
683679,sa3008916,Jesus Rodriguez,0.244988,47.5295
663494,sa885119,Bryan Torres,0.241911,83.8197
663330,18872,Jahmai Jones,0.241522,146.244
570482,10681,Gio Urshela,0.233864,129.819
656577,17276,Alex Jackson,0.233443,54.3592
689200,31661,Jacob Melton,0.231367,127.181
669720,19363,Austin Hays,0.229901,409.977
656537,16947,Derek Hill,0.228823,160.976
681371,sa3020194,Dominic Keegan,0.213061,75.9593
666126,21842,Carlos Cortes,0.210559,126.11
553869,11680,Elias Díaz,0.207409,120.719
806964,sa3021069,Sebastian Walcott,0.20601,75.5497
467793,2396,Carlos Santana,0.205937,280.505
691182,27962,Adael Amador,0.205812,89.3139
663624,18373,Ryan Mountcastle,0.20534,150.855
666134,20529,Nolan Jones,0.203399,129.946
596146,12144,Max Kepler,0.198943,131.442
682848,25332,Endy Rodríguez,0.198262,109.749
678554,23986,Curtis Mead,0.194626,74.13
663898,17907,Brendan Rodgers,0.194089,176.588
680474,24488,Max Schuemann,0.193436,119.013
665839,21716,Enmanuel Valdez,0.191542,71.2367
622761,17273,Jorge Mateo,0.184577,135.749
677551,23667,Wander Franco,0.1814,23.2248
681508,24759,Mickey Gasper,0.180583,80.2602
691620,sa3015407,Jeferson Quero,0.178027,46.5692
596103,16153,Austin Slater,0.171006,143.697
571771,10472,Enrique Hernández,0.169013,253.391
690291,31437,Jace Jung,0.167394,65.2513
670156,20017,Miles Mastrobuoni,0.163298,63.0122
703197,sa3018429,Michael Arroyo,0.162998,50.0566
702518,sa3020134,Jett Williams,0.162071,64.2899
608596,13499,Tom Murphy,0.161932,94.4338
642133,15679,Rowdy Tellez,0.161187,294.018
801501,sa3020763,Nate Furman,0.157613,40.4295
690976,31665,Alex Freeland,0.155218,57.8382
804668,31991,Rafael Flores Jr.,0.155186,83.5373
680737,24605,Michael Helman,0.149501,134.593
700242,29575,Trey Sweeney,0.148518,87.024
669304,20538,Jose Miranda,0.146598,148.638
691723,28312,Coby Mayo,0.133678,59.5742
640902,19802,Jhonny Pereda,0.131209,42.7725
694728,33280,Brice Matthews,0.131015,49.3994
805811,33390,Bryce Eldridge,0.130141,352.701
691181,sa3014693,Emmanuel Rodriguez,0.129536,51.6168
663611,20521,Nick Madrigal,0.124295,67.447
678011,23802,Anthony Seigler,0.123032,52.8598
676572,23395,Eric Wagaman,0.120323,133.655
805795,sa3022609,Aidan Miller,0.118895,49.1687
694371,sa3022561,Tommy Troy,0.116111,43.3214
815888,sa3023363,Leo De Vries,0.114757,43.3214
805249,31792,Otto Kemp,0.112859,151.468
701305,31562,Zach Dezenzo,0.111564,102.511
666163,20287,Ben Rortvedt,0.110726,72.8339
689172,27735,Brett Wisely,0.108669,84.1742
694224,sa3015723,Gabriel Gonzalez,0.105128,48.0204
691011,27763,Drew Romo,0.101275,42.0469
664774,18126,LaMonte Wade Jr.,0.101247,59.3991
666185,20126,Dylan Carlson,0.0966231,59.9494
694374,29571,Tim Tawa,0.0958417,105.234
605131,12158,Austin Barnes,0.0955445,81.233
545121,13324,Ildemaro Vargas,0.0949792,75.5327
691185,27963,Maximo Acosta,0.0943321,77.6234
660710,sa877500,Rodolfo Durán,0.0941477,32.2191
677347,26420,Kyren Paris,0.0930267,53.2966
642215,19358,Weston Wilson,0.0929278,44.8206
571657,14813,Kyle Farmer,0.0928188,123.841
690961,sa3022917,Enrique Bradfield Jr.,0.0916347,49.1178
681807,24934,David Fry,0.0911338,211.263
669392,22274,Samad Taylor,0.0911213,67.4468
680664,sa3006622,Eduardo Valencia,0.0890796,37.8039
701678,sa3017863,Hao-Yu  Lee,0.0890346,44.6638
805373,31765,Nacho Alvarez Jr.,0.0883789,58.6972
657557,18015,Paul DeJong,0.086296,93.5464
668942,19734,Josh Rojas,0.0859986,56.5684
644433,16953,Chadwick Tromp,0.0844054,53.1957
676801,19599,Chas McCormick,0.0842464,112.5
683748,25999,Victor Mesa Jr.,0.0839745,44.2439
676724,20404,Jared Young,0.0832312,36.2568
694203,28816,Denzer Guzman,0.0830077,45.7501
694673,sa3016926,Abimelec Ortiz,0.0823648,187.813
693409,30163,César Prieto,0.0814259,49.5284
518934,9874,DJ LeMahieu,0.0795853,104.323
678391,23917,Jorbit Vivas,0.0776997,31.248
683021,25353,Michael Stefanic,0.0760478,23.1823
672569,22707,Gustavo Campero,0.0743278,50.6758
669360,sa3014420,Trei Cruz,0.0727179,40.9217
664702,17620,Myles Straw,0.0722376,134.145
685133,31490,Wade Meckler,0.070297,44.0874
689041,31793,Rhylan Thomas,0.0683568,48.4449
678877,24257,Jhonkensy Noel,0.0682322,62.8209
801194,sa3022567,Max Anderson,0.0681823,37.2012
656484,19877,Tristan Gray,0.0681755,81.5301
686676,25543,Korey Lee,0.0657296,109.163
687952,30011,Christian Encarnacion-Strand,0.0654448,143.505
669369,20002,Bryce Johnson,0.0652854,181.603
671976,30063,Tristan Peters,0.0652175,59.299
678489,23968,Jorge Barrosa,0.0645514,120.049
660644,20536,Vidal Bruján,0.0628891,46.92
680862,24641,Willie MacIver,0.0609659,32.1742
696135,sa3017513,Kahlil Watson,0.0606944,41.9213
691003,sa3022919,Tre' Morgan,0.0603187,54.5969
694376,27789,Shay Whitcomb,0.0589715,51.4604
663584,21489,Hayden Senger,0.0581213,27.3361
691021,sa3014525,A.J. Vukovich,0.0575868,53.8246
694876,sa3023069,Cooper Ingle,0.0565226,10.7498
675448,sa3004153,Blake Hunt,0.0562327,27.4473
666211,19960,Taylor Trammell,0.0558173,48.7875
680728,29554,Adrian Del Castillo,0.0550288,235.214
677008,31166,Heston Kjerstad,0.0541731,54.2033
682987,sa3019969,Spencer Jones,0.0536278,58.1821
681146,24703,Jonah Bride,0.0530971,64.047
676063,sa3017284,Shane McGuire,0.0516107,28.0026
592192,11445,Mark Canha,0.0489789,162.018
687529,25690,Grant McCray,0.0488589,99.418
606992,14111,Eric Haase,0.0483697,34.6368
665052,21626,Griffin Conine,0.04799,305.406
678894,24273,Liover Peguero,0.0477771,33.2908
672284,22558,Jarred Kelenic,0.0474421,179.805
682729,26599,Jonatan Clase,0.0472557,45.2878
694514,sa3019999,Sterlin Thompson,0.0461903,52.4714
682634,25971,Kevin Alcántara,0.0457819,52.5625
682927,25346,Ronny Simon,0.0446408,20.5634
678218,sa3005729,Brandon Valenzuela,0.0441758,31.6885
656413,20321,Stuart Fairchild,0.0422608,50.3571
672359,22566,Tirso Ornelas,0.0418175,132.148
701649,sa3017295,James Triantos,0.0405818,35.4172
681962,25040,Vinny Capra,0.0405354,26.9828
670231,26284,John Rave,0.0401676,145.487
672478,22650,Jordan Diaz,0.0395946,15.2734
675085,sa3022864,Jonathon Long,0.0394053,26.0276
680118,19779,Dairon Blanco,0.0389219,59.9634
621028,17696,Kevin Newman,0.0387805,43.0591
695490,sa3017626,Edwin Arroyo,0.0378732,35.8733
677565,sa3006884,Kristian Robinson,0.0376878,43.8025
663527,17893,Tyler Nevin,0.0364387,24.2546
645444,17040,Jose Herrera,0.0362977,30.338
645305,18551,Ali Sánchez,0.0362891,12.9011
621512,13755,Tomás Nido,0.0353486,31.6516
686482,25475,Logan Driscoll,0.0348556,12.2577
681715,24878,Heriberto Hernández,0.0348401,280.905
672613,sa3003262,Eliezer Alfonzo,0.0343151,19.4913
688460,sa3020203,Josh Kasevich,0.0327886,22.1374
691373,28142,Jhostynxon Garcia,0.0327567,300.836
642350,17452,Jose Siri,0.0327239,28.1457
642136,19318,Matt Thaiss,0.0320482,14.2788
670032,19339,Nicky Lopez,0.0319322,60.0724
679822,27501,Justin Foscue,0.0314691,55.9982
457705,9847,Andrew McCutchen,0.0310466,321.082
703185,sa3018421,Nelson Rada,0.030331,116.961
668974,26106,Maverick Handley,0.0301242,16.9356
641511,19806,Jason Delay,0.0296556,22.8512
668731,22168,Akil Baddoo,0.0296097,61.5697
621550,13602,Patrick Wisdom,0.0295126,39.6834
678225,23818,Ji Hwan Bae,0.0288808,15.7919
671083,22505,Buddy Kennedy,0.0287191,11.3588
664913,18171,Seth Brown,0.0283464,19.0281
681047,sa3017510,Christian Franklin,0.0276533,39.9669
656896,19890,Emmanuel Rivera,0.0274685,23.6025
685332,sa3008944,Carlos Mendoza,0.0265457,10.1636
670870,sa3003185,Yunior Severino,0.0264499,17.5543
542208,10642,Carlos Pérez,0.0263929,9.3016
660636,19906,Diego Castillo,0.0261365,14.9939
518735,11368,Yasmani Grandal,0.0261282,9.56293
668723,22165,Ryan Vilade,0.0260636,145.712
666464,21871,Jerar Encarnacion,0.0258787,146.707
800522,sa3018584,Josue Briceño,0.025654,6.09256
672012,29949,Tyler Black,0.0254669,37.7671
687605,sa3022670,Andrew Pinckney,0.0251848,29.6892
805672,sa3019935,Collin Price,0.0247692,17.3508
691627,sa3015234,Ricardo Olivar,0.0245364,5.67904
642201,19346,Eli White,0.0240499,94.5055
670224,26374,Kameron Misner,0.023052,59.4421
663604,21496,Brandon Lockridge,0.0228902,54.6164
672779,22871,Tucupita Marcano,0.0226646,9.04319
669004,22197,MJ Melendez,0.0223214,148.566
686823,25660,Will Brennan,0.0220325,26.5638
527038,5827,Wilmer Flores,0.0213435,170.43
699302,sa3015828,Héctor Rodríguez,0.0211033,41.2853
702789,sa3017121,Austin Gauthier,0.0209029,9.56151
685716,sa3009565,Nelson Quiroz,0.0208077,5.30658
658668,19698,Edward Olivares,0.0206254,18.2958
688760,25714,Blaine Crim,0.0201421,177.862
666703,19964,Eguy Rosario,0.0201093,16.3325
666165,25805,Blake Sabol,0.0196,18.2587
694410,sa3022887,LuJames Groover,0.0192631,4.99111
686531,25822,Andre Lipcius,0.0187109,18.482
669087,22209,Sam Huff,0.0184062,8.49903
691858,sa3015579,Jared Serna,0.0177429,45.5155
596117,18067,Garrett Stubbs,0.0174979,45.1562
691728,27770,Zac Veen,0.0173303,114.133
670232,sa918698,Ramón Rodríguez,0.017198,4.83522
664314,19151,Estevan Florial,0.0168933,17.1118
805834,sa3019906,Javi Vaz,0.0165367,9.00468
687282,sa3020758,Gabriel Rincones Jr.,0.0164409,39.1488
642197,15504,Jamie Westbrook,0.0160501,15.1878
660766,18400,Juan Yepez,0.0160097,22.1881
682192,sa3017372,Paul McIntosh,0.0157651,6.43958
682619,25967,Orelvis Martinez,0.0156813,86.2104
642086,15653,Dominic Smith,0.0152853,204.374
543685,12861,Anthony Rendon,0.0152618,9.8784
695692,sa3017793,Cooper Kinney,0.0151671,36.0528
682997,27497,Tyler Callihan,0.0138363,98.5144
669899,sa1169792,Ryan Ward,0.013666,46.2284
672463,sa3003219,Rafael Lantigua,0.0135976,7.13012
641779,19813,Charles Leblanc,0.0135286,8.47317
676679,23442,Luis Vázquez,0.0134693,6.62169
641943,19818,Joshua Palacios,0.0130519,16.1874
686475,25779,Tyler Tolbert,0.0129763,110.517
702331,sa3017001,Noah Mendlinger,0.012877,5.04781
694388,29630,Joey Loperfido,0.0123321,52.9057
687957,25705,Dustin Harris,0.0122834,17.2824
686894,27690,Joey Wiemer,0.0120722,115.037
642020,19824,Chuckie Robinson,0.0116478,11.5828
691558,sa3015182,Yeiner Fernandez,0.0114103,4.91556
656541,17954,Sam Hilliard,0.0113938,10.6812
665861,21735,Sebastián Rivero,0.0113,17.2105
682650,sa3008113,Malcom Nuñez,0.0111468,9.91978
682983,sa3019942,Jud Fabian,0.0108398,23.2258
650907,19859,René Pinto,0.0106909,14.0356
663609,21497,Luken Baker,0.009692,52.7188
669398,27573,Gage Workman,0.00965471,15.7172
663662,18353,Daz Cameron,0.0096466,14.7145
681526,24765,Bryan Lavastida,0.00936992,3.6616
656883,17837,Jakson Reetz,0.00932082,4.95516
664874,18887,Seby Zavala,0.0092382,13.0296
665846,sa916969,Jesús Bastidas,0.00917765,22.3488
670276,22411,Cal Stevenson,0.00891831,7.76598
669222,19293,Nick Senzel,0.00879029,20.1396
690984,27931,Petey Halpin,0.00853513,45.1567
592200,12510,Curt Casali,0.00849746,5.8799
687152,sa3011330,Darrien Miller,0.00824344,4.05426
701785,sa3025360,Kaelen Culpepper,0.00822523,2.30534
676070,23296,Jacob Amaya,0.00811242,11.7436
675961,27604,Alika Williams,0.00807886,19.0533
703601,sa3022683,Max Clark,0.00802751,2.30534
694385,sa3022499,Brock Wilken,0.00792919,4.25292
666150,26149,Dominic Fletcher,0.00778585,39.967
623520,14593,David Bote,0.00774407,9.13305
595909,14477,Jake Cave,0.00760804,23.1075
681123,sa3017394,Luca Tresh,0.00753135,3.04031
692416,sa3015623,Christian Cerda,0.00743614,1.98987
647351,19844,Abraham Toro,0.00734295,33.2531
595281,11038,Kevin Kiermaier,0.00733556,12.0693
691006,sa3020575,Kevin Parada,0.00726932,4.45269
692366,sa3015610,Onil Perez,0.00720688,2.30534
669256,19294,Nick Solak,0.00693627,3.17322
678577,sa3005744,Junior Perez,0.00685748,54.4099
665998,sa917132,Ismael Munguia,0.00676352,3.00196
656582,16572,Connor Joe,0.00655902,19.9565
592669,15464,Hunter Renfroe,0.00651928,16.2555
664901,18889,Danny Mendick,0.00637675,7.58552
802355,sa3020009,Tanner Schobel,0.00636912,9.84062
670237,sa3007871,Jake Slaughter,0.00635581,7.56853
624428,15223,Adam Frazier,0.00632382,247.527
642727,16417,Sergio Alcántara,0.00617457,8.82677
681355,sa3020493,Andrew Cossetti,0.00606606,2.92281
823356,sa3023622,Payton Eeles,0.00605469,1.81781
694478,sa3020658,Michael Turner,0.0059957,2.96115
669450,19458,Cooper Hummel,0.00589673,6.27121
605353,17684,Vimael Machín,0.00554892,15.9813
815589,sa3022706,Bo Davidson,0.00543791,1.69867
679663,sa3011469,Stephen Scott,0.00534428,2.52744
694362,29487,Blake Dunn,0.00534338,50.8597
682616,sa3008742,Diego Cartaya,0.00534331,5.2667
686523,sa3017110,Peyton Wilson,0.00534111,6.13441
671221,20505,Drew Waters,0.00528616,16.6357
660613,sa881850,Ronaldo Hernández,0.00527741,1.97388
803011,sa3025363,Sam Antonacci,0.00527347,1.69867
696160,sa3017757,Jake Rucker,0.00525096,9.7448
596129,14130,Daniel Vogelbach,0.00523637,9.82011
668791,sa1052903,Anthony Prato,0.00523199,3.08263
699130,sa3015802,Jadher Areinamo,0.00515265,1.69867
688005,sa3014944,Francisco Urbaez,0.00512727,2.78016
664954,18217,Brett Sullivan,0.00509867,32.3095
686976,sa3019976,Silas Ardoin,0.00507975,4.05426
669137,19292,Armando Alvarez,0.0050287,10.8104
813883,sa3022573,Ryan Ignoffo,0.00498336,1.51936
686960,sa3020272,Nate Baez,0.00489509,1.51936
681433,sa3017624,Noah Cardenas,0.00486806,1.63826
666801,21987,Rodolfo Castro,0.00480439,4.58236
688682,sa3016966,Cooper Bowman,0.00476193,8.82666
682900,sa3008836,Brainer Bonaci,0.00457678,1.51912
671287,sa3011379,Phil Clarke,0.00454762,1.45726
673560,sa3012037,Euiji Yang,0.00452305,1.0
457759,5235,Justin Turner,0.00452003,188.939
592273,11615,Brandon Drury,0.00449964,16.0177
674976,sa3019303,Griffin Lockwood-Powell,0.00438074,2.58606
622569,16357,Pablo Reyes,0.00436032,13.3324
641313,15172,Tim Anderson,0.00435673,58.5854
667442,sa3007870,Connor Hollis,0.0042041,4.0453
696281,sa3017081,Wyatt Young,0.00404324,9.874
668832,25575,Kyle McCann,0.00399554,13.1485
680672,sa3017075,Luke Waddell,0.00397494,3.18632
665856,21730,Jair Camargo,0.00392539,4.19578
663760,sa3008140,Cadyn Grenier,0.00389913,1.0
675455,sa3014544,Milan Tolentino,0.00387913,4.45269
676369,23359,Nelson Velázquez,0.00383104,31.281
664119,18083,Austin Allen,0.00382945,1.63393
622268,19314,Donovan Walton,0.00381141,6.9523
682515,20626,Logan Porter,0.00377421,1.4341
680709,sa915613,Nick Dunn,0.0037455,1.99495
677954,23794,Jordan Groshans,0.00371168,3.9159
700652,sa3017664,Kenny Piper,0.00369771,2.72677
687347,sa3010712,Vito Friscia,0.00368256,1.0
695735,sa3017562,Creed Willems,0.00356481,1.0
695930,sa3016779,Frederick Bencosme,0.00349133,10.7019
687627,sa3019982,Kody Huff,0.00341334,4.05426
643393,14894,Tony Kemp,0.00341229,4.1677
687749,sa3011267,Jase Bowen,0.00340411,4.05426
806464,sa3020014,Connor Charping,0.00328946,1.00377
694425,sa3016971,Justice Bigbie,0.00324595,15.4286
691369,sa3016084,Allan Castro,0.00311657,1.694
680837,24622,Ryan Fitzgerald,0.00309657,2.54391
682210,sa3010021,Kody Hoese,0.00308867,8.56651
657709,21386,Michael Papierski,0.00308428,2.12463
694661,sa3017078,Riley Tirotta,0.00303218,3.21986
683090,25980,Matthew Lugo,0.00302786,83.4368
664926,18206,Nick Dini,0.00296767,1.0
595751,12180,Jorge Alfaro,0.00296693,25.6071
699024,sa3015773,Leonardo Bernal,0.00293187,1.0
657739,sa829058,Jamie Ritchie,0.00290894,1.0
687783,sa3019924,Matthew Wood,0.00284396,1.0
640459,16398,Brian Navarreto,0.00281516,1.76277
687478,25688,Cam Devanney,0.00281341,9.26131
673945,sa3002866,Freuddy Batista,0.00280889,1.0
807727,sa3022823,Charles McAdoo,0.00278767,1.59203
692368,sa3015190,Adrián Sugastey,0.00278574,1.51445
703492,sa3020418,Nick Morabito,0.00276475,24.9302
687867,sa1169803,Clay Dungan,0.00275439,13.2292
808265,sa3021845,Franklin Arias,0.00271928,1.0
680911,24655,Owen Miller,0.0027147,11.3297
676203,sa3016818,Marcos Castañon,0.00265729,2.96115
803175,sa3025410,Ethan Anderson,0.00265124,1.0
811965,sa3025386,Joshua Kuroda-Grauer,0.00263225,1.0
679563,24388,José Rodríguez,0.00262878,2.04888
800406,sa3018552,Aron Estrada,0.00260475,1.0
800957,sa3025253,Brendan Jones,0.0025357,1.0
668721,22164,Payton Henry,0.00252488,1.0
805999,sa3022963,A.J. Ewing,0.00249609,1.0
664029,18032,Mark Mathias,0.00248532,1.0
702544,sa3020416,Jacob Reimer,0.00244787,1.0
670148,19563,Nate Mondou,0.00242201,2.42299
701852,sa3022682,Drew Cavanaugh,0.00241751,1.0
813844,sa3022698,Will Bush,0.00239951,1.0
545358,10059,Max Stassi,0.00237888,1.0
666137,19952,Khalil Lee,0.00237576,1.0
694197,sa3015706,Angel Genao,0.00234128,1.0
621573,18288,Austin Dean,0.00232753,1.0
641884,sa739013,Dominic Miroglio,0.002322,1.0
801523,sa3018614,Chris Suero,0.00231643,1.0
685274,sa3017332,Braiden Ward,0.00230134,1.0
694420,sa3020278,Tatem Levins,0.00230101,1.0
547946,sa3012023,Minho Kang,0.0022976,1.0
702463,sa3016977,Aaron McKeithan,0.00228805,1.0
813896,sa3025413,Joseph Sullivan,0.00224936,1.0
676551,20450,Brewer Hicklen,0.00223557,11.7551
676198,sa3003961,Chase Pinder,0.00222841,1.0
703520,sa3022603,Brett Bateman,0.00219605,1.23113
571602,7226,Matt Davidson,0.00219027,1.0
641645,16451,Luis Guillorme,0.00217901,13.352
657675,sa829374,Rudy Martin,0.00217695,1.0
670281,sa873599,Stevie Berman,0.00217206,1.0
694281,sa3023485,Tomas Frick,0.00217105,1.0
822501,sa3025160,Jon Jon Gazdar,0.00216284,1.0
806956,sa3020881,Ethan Salas,0.00215116,1.0
681987,25055,Nate Eaton,0.00213848,124.635
693459,sa3017561,Kyler Fedko,0.00213746,1.0
543308,12547,John Hicks,0.00212954,1.0
666632,sa917302,Yonathan Perlaza,0.00211909,1.0
695720,sa3025383,Tommy White,0.0021115,1.0
669374,20003,Keston Hiura,0.00209965,7.72764
694230,sa3015727,Hendry Mendez,0.00209078,1.0
689070,sa3016803,Spencer Packard,0.0020886,2.07334
702302,sa3022602,RJ Schreck,0.00208067,1.23113
670427,sa873988,Camden Duzenack,0.00207767,1.0
546994,sa658616,C.J. Hinojosa,0.00207025,2.67275
663605,sa874244,Garrett Whitley,0.00206433,1.0
815104,sa3022443,Graysen Tarlow,0.00206316,1.0
804241,sa3022435,Zach Levenson,0.00206013,1.0
670868,sa3004263,Abrahan Gutierrez,0.00205867,1.0
695048,sa3022677,Garret Guillemette,0.00205012,1.0
699073,sa3015790,Thayron Liranzo,0.00203361,1.0
806367,sa3020943,Turner Hill,0.00202504,1.0
675910,sa3007028,Chris Williams,0.00201219,1.0
683344,sa3022480,Homer Bush Jr.,0.00199536,1.0
694196,sa3016144,Diego Velasquez,0.00198455,1.694
682692,sa3009279,Miguel Palma,0.00193885,1.23113
669384,sa3007288,Raynel Delgado,0.00193562,2.4384
664051,sa858829,Mitchell Tolman,0.00192221,1.0
669471,sa3006869,Devin Mann,0.00189548,2.0333
669386,sa3014448,Trevor Hauver,0.00188703,3.34374
695524,sa3025434,Jacob Cozart,0.00188655,1.0
685382,sa3010703,Andrew Navigato,0.00188568,8.48736
703151,sa3019777,William Bergolla,0.00188222,1.0
670250,sa918961,Eli Wilson,0.00188018,1.0
814458,sa3025202,Fenwick Trimble,0.0018702,1.0
572287,13265,Mike Zunino,0.00185545,1.0
703245,sa3017605,Andres Sosa,0.00184989,1.5752
681439,sa3019968,Zach Morgan,0.00184889,1.0
675964,sa3004505,Erik Ostberg,0.00182778,1.0
,sa3012665,Baek-ho Kang,0.00182497,1.0
628338,18721,Guillermo Heredia,0.00182372,1.0
681080,sa3019917,Caleb Ricketts,0.00182101,1.0
542963,10655,Rob Brantly,0.0018208,1.10863
702261,sa3020214,Termarr Johnson,0.00181936,1.0
673493,sa3012057,Taegun Kim,0.00181503,1.0
806401,sa3067396,Dayson Croes,0.00181266,1.0
692657,sa3015665,Omar Alfonzo,0.00178405,1.0
547948,sa3012034,Jeong Choi,0.00176422,1.0
691792,sa3022750,Roc Riggio,0.00174009,1.0
685341,sa3010159,Ripken Reyes,0.00173389,7.81965
666143,sa917934,Joe Rizzo,0.00171469,1.0
692478,sa3015636,Victor Arias,0.00171074,1.0
806198,sa3022867,Cooper Pratt,0.00168689,1.0
681333,sa3017331,Dru Baker,0.00168204,2.96115
699114,sa3015798,Leo Balcazar,0.00167845,1.0
695491,sa3017022,Joshua Baez,0.00166631,1.0
687394,sa3019922,Jack Brannigan,0.00165837,1.0
669023,22202,Jeter Downs,0.00165285,1.0
680636,sa3007513,Ramon Mendoza,0.00165228,1.01405
642336,16403,Francisco Mejía,0.0016472,3.00919
806957,sa3021066,Alfredo Duno,0.00164575,1.0
701298,sa3022680,Phillip Glasser,0.00162882,1.0
665922,19553,Símon Muzziotti,0.0016139,1.77538
657247,16680,Brian O'Keefe,0.00160764,1.0
592692,sa548194,Mel Rojas Jr.,0.00159399,1.0
641468,sa857219,Gavin Collins,0.00159333,1.0
702556,sa3025408,Austin Overn,0.00159254,1.0
701778,sa3018398,Jace Avina,0.00159046,1.0
807726,sa3022896,John Peck,0.00158803,1.0
570267,10348,Domingo Santana,0.00156378,1.0
810838,sa3025514,Ryan Jackson,0.00155555,1.0
678594,sa3005529,Randy Florentino,0.00155241,1.0
828599,sa3025371,Lucas Spence,0.00155149,1.0
661411,sa872850,Lorenzo Cedrola,0.00154691,1.0
699912,sa3015204,Jose Fernandez,0.00153468,1.0
683353,sa3025240,Connor Caskenette,0.00152685,1.0
678545,23985,Osleivis Basabe,0.00151989,1.0
631222,sa736830,Michael De La Cruz,0.0015151,1.0
571466,10200,Tucker Barnhart,0.00151447,5.77307
695508,sa3017167,Cameron Cauley,0.00149573,1.0
656098,sa830429,Ho-young Son,0.00147984,1.0
701527,sa3042374,Mike Sirota,0.00147953,1.0
622682,15487,Victor Reyes,0.00147635,1.0
682774,sa3010693,Andrick Nava,0.00145823,1.0
813833,sa3029251,Cole Conn,0.00144617,1.0
693850,sa3015199,Kala'i Rosario,0.00143886,1.59203
681487,sa3014940,Robert Emery,0.0014251,1.0
683490,sa3008876,J.J. D'Orazio,0.00142359,1.41248
663503,sa3007822,Elih Marrero,0.00141673,1.0
641470,19181,Zack Collins,0.00141528,1.0
700164,sa3015846,Bryant Betancourt,0.00141236,1.0
699393,sa3015834,Pedro Ramirez,0.00140457,1.0
801126,sa3022432,Brock Rodden,0.00140415,1.0
695596,sa3015018,Nick Raposo,0.00140177,1.0
694754,sa3022500,Sabin Ceballos,0.00139737,1.0
701546,sa3025248,Duce Gourson,0.0013919,1.0
694351,sa3019825,Jacob Berry,0.00138283,9.00468
670351,19331,Jose Rojas,0.00136469,1.0
666124,sa3011587,Luke Berryhill,0.00136278,1.0
656943,sa3008391,JJ Schwarz,0.0013622,1.0
702457,sa3017797,Colby Smelley,0.00136196,1.0
672696,sa3003291,Francisco Acuna,0.00133667,1.0
800325,sa3018514,Luis Lara,0.00132393,1.0
665066,21139,Tyler Payne,0.0013059,1.0
683079,sa3008573,Omar Martinez,0.00130455,1.0
694249,sa3022596,Cole Carrigg,0.00130164,1.0
701392,sa3025495,Marco Dinges,0.00130109,1.0
692633,sa3015659,Manuel Palencia,0.00129792,1.0
689577,sa3010906,Aaron Antonini,0.00129114,1.0
680244,sa3006666,Ross Adolph,0.00128754,1.0
681974,sa3008007,Onix Vega,0.00128537,1.0
800473,sa3018571,Jefferson Rojas,0.00128438,1.0
701394,sa3025247,Zach Ehrhard,0.00126857,1.0
680868,sa3017556,Patrick Winkel,0.00125954,1.0
703155,sa3018409,Lazaro Montes,0.00125795,1.0
688032,sa3014832,Matt Scheffler,0.00125044,1.0
673482,sa3012064,Kyoung-min Hur,0.00124268,1.0
657510,sa829787,Andrew Bechtold,0.00123587,1.0
593993,13151,José Briceño,0.00123354,1.0
683006,sa3019971,Chris Newell,0.0012335,1.23113
641684,16285,Michael Hermosillo,0.00123257,1.0
620439,15519,Franklin Barreto,0.00123043,1.0
678760,sa3005554,Eddys Leonard,0.00122134,1.0
806146,sa3023233,George Lombard Jr.,0.00121756,1.0
800683,sa3020008,Blake Rambusch,0.00121409,1.0
806210,sa3022868,Alfonsin Rosario,0.00119825,1.0
694812,sa3016869,Tyler McDonough,0.00119653,3.04031
801957,sa3032302,Dub Gleed,0.0011891,1.0
683494,sa3008877,Euribiel Angeles,0.00118505,1.23113
813851,sa3025438,Colton Becker,0.00118365,1.0
669200,22232,Mason McCoy,0.00118318,102.141
802117,sa3025223,Patrick Clohisy,0.0011751,1.0
642180,15730,Tyler Wade,0.0011652,44.2427
672744,22842,Alexander Canario,0.00116208,7.79667
667372,sa917669,Julio E. Rodriguez,0.00115784,1.0
681623,sa3005624,Ronaiker Palma,0.0011542,1.0
663708,sa875231,Gabriel Cancel,0.00115245,1.0
808234,sa3021208,Eduardo Quintero,0.00115198,1.0
823787,sa3023987,Rainiel Rodriguez,0.00114863,1.0
700784,sa3022566,Jeron Williams,0.00113313,1.23113
608700,13807,Kevin Plawecki,0.00112784,1.0
663727,sa3007013,Scott Kapers,0.0011245,1.0
687035,sa3011265,Bryan Arias,0.00111923,1.0
687144,sa3010596,Corey Joyce,0.00111187,1.0
681581,sa3008282,Andy Weber,0.00111104,1.0
676017,sa3004883,Micael Ramirez,0.0011062,1.0
685076,sa3014825,Jack Blomgren,0.00109884,1.0
703477,sa3020417,Brooks Brannon,0.00108966,1.0
800198,sa3018938,Cristofer Torin,0.00108899,1.0
680815,sa3017285,Damon Dues,0.00108361,1.0
811287,sa3022825,Carson Roccaforte,0.0010715,1.0
678900,sa3005781,Alexander Ovalles,0.00105968,1.0
694565,sa3025480,Alex Stone,0.0010574,1.0
802506,sa3020220,Dylan O'Rae,0.00105432,2.0549
673893,sa3009874,Trevor Schwecke,0.00104729,2.54578
660829,18027,Hoy Park,0.00104064,3.40759
803172,sa3025409,Griff O'Ferrall,0.00103766,1.0
701634,sa3017735,Connor Kokx,0.0010361,1.49262
678173,sa3019964,David McCabe,0.00103389,1.0
689288,sa3014834,Matt Koperniak,0.00103036,46.9226
801039,sa3020419,John Garcia,0.00101337,1.0
593647,12944,Sócrates Brito,0.00101298,1.0
678796,sa3006525,Jose Mujica,0.000991424,1.0
678323,sa3005504,Allan Cerda,0.000988126,1.0
593160,11281,Whit Merrifield,0.000968769,1.03918
805346,sa3020353,Ben Ross,0.000963121,4.05426
605421,12977,Michael Pérez,0.000961582,1.0
677007,sa3008051,Josh Breaux,0.000955972,1.0
693822,sa3020276,Murphy Stehly,0.000954657,1.0
572228,14811,Luke Voit,0.000949344,1.0
691385,sa3015525,Ronald Rosario,0.000936603,1.0
693819,sa3019894,Kyle Nevin,0.000932605,1.0
822578,sa3025264,Brandon Butterworth,0.000931395,1.0
647378,sa917939,Andy Yerzy,0.000928362,1.0
691941,sa3022496,Calvin Harris,0.00092397,1.0
605612,14691,Harold Castro,0.000923901,1.99404
694991,sa3022565,Mitch Jebb,0.000923152,1.0
665987,sa917320,Leonel Valera,0.000921037,1.0
665180,sa3007505,Ruben Cardenas,0.000919649,1.0
806077,sa3022660,Kendall George,0.00091689,1.0
703607,sa3020006,Henry Bolte,0.00091456,2.0549
595284,14942,Andrew Knapp,0.000914223,4.72431
596059,12282,Rougned Odor,0.000911736,1.0
685277,sa1115979,Nick Kahle,0.000908405,1.0
703920,sa3018214,Alsander Womack,0.000899341,1.61344
671217,sa3017151,Sam Praytor,0.000882101,1.0
691458,sa3014537,Blaze Jordan,0.000878349,4.91556
802531,sa3022606,Trent Farquhar,0.000877892,1.0
656627,21304,Mark Kolozsvary,0.000876186,1.0
677060,29614,Chad Stevens,0.00087043,1.81792
656734,sa3002836,Evan Mendoza,0.00086564,1.0
676667,sa3004884,Justin Connell,0.000862978,1.0
665940,sa917135,Moisés Castillo,0.000838756,1.0
663446,sa876111,Garrett Wolforth,0.00083779,1.0
699013,sa3015768,Esmerlyn Valdez,0.000836225,1.0
664670,21127,Alejo Lopez,0.000819702,1.0
641521,sa738152,Edwin Díaz,0.00081962,1.0
668876,sa3016853,Zach Humphreys,0.000802139,1.0
809945,sa3023056,Jonah Advincula,0.000801219,1.0
666194,sa3010584,Cooper Johnson,0.000791969,1.0
668785,sa918686,Brandon Martorano,0.000789827,1.0
672692,sa3003288,Jose Peroza,0.000780623,1.0
593528,12174,Jorge Bonifacio,0.000774703,1.0
670076,sa918343,Lyle Lin,0.000773031,1.0
488726,4106,Michael Brantley,0.000772318,1.0
660614,sa877497,Arquímedes Gamboa,0.0007698,1.0
667749,sa917824,Juan Fernandez,0.000766047,1.0
669309,22254,Joe Perez,0.000746315,1.59583
700243,sa3025195,Payton Green,0.000732896,1.0
696486,sa3025333,James Tibbs III,0.000729046,1.0
624417,sa829857,Bryson Brigman,0.000728981,2.67275
806534,sa3019870,Ben Gobbel,0.000719649,1.0
613546,sa657521,Angelo Castellano,0.000716278,1.0
690971,sa3022426,Chase Davis,0.000703758,1.0
684491,sa3009330,Frank Rodriguez,0.000697825,1.0
668558,sa913717,Juan Zabala,0.000696639,1.0
676950,19625,David MacKinnon,0.000695702,1.0
686438,sa3008953,Rubel Cespedes,0.000693997,1.0
680756,sa3017328,Mat Nelson,0.000693135,1.0
801887,sa3038641,Kole Myers,0.000679649,1.0
805347,sa3022891,Jim Jarvis,0.000675328,1.0
678681,sa3005541,Luis Toribio,0.000673183,1.01405
542364,10323,Rafael Ortega,0.000670768,5.20567
694387,sa3023425,Christian Knapczyk,0.000666745,1.0
621532,13854,Anthony Bemboom,0.00065259,1.0
689134,sa3017163,Wyatt Hendrie,0.00065101,1.0
628456,sa3012061,Junwoo Jeon,0.000637871,1.0
692021,sa3015593,Oswaldo Linares,0.000637832,1.0
676509,sa3017370,Josh Crouch,0.000637004,1.0
675994,sa3020189,Devonte Brown,0.000632863,2.96115
703766,sa3022431,Dakota Harris,0.000632187,1.23113
676759,sa3008238,Korry Howell,0.00062355,1.0
686404,sa3011578,Wuilfredo Antunez,0.000610365,1.0
701817,sa3017118,River Town,0.00060965,1.0
665482,20233,Gilberto Celestino,0.000604109,1.0
702726,sa3020135,Luke Adams,0.000601502,1.0
667663,sa3008181,Hunter Stovall,0.000597718,1.78217
806953,sa3022162,Eduardo Tait,0.000589268,1.0
701655,sa3017180,Reed Trimble,0.000583697,1.0
700032,sa3015062,Victor Labrada,0.000582646,1.0
644407,sa747574,Johan Mieses,0.000582125,1.0
702358,31567,Trey Lipscomb,0.000572047,43.1074
668842,sa3007016,Michael Berglund,0.000571742,1.0
703606,sa3025252,Jared Thomas,0.000570547,1.0
676286,sa3005152,Jan Mercado,0.000557343,1.0
570489,10711,Arismendy Alcántara,0.000554163,1.0
680713,sa3007048,P.J. Hilson,0.000550213,1.0
670298,20022,Kramer Robertson,0.000544881,1.0
692568,sa3015293,Miguel Ugueto,0.000541928,1.0
665648,sa916844,Ricardo Genovés,0.000536035,1.0
702920,sa3016810,Konner Piotto,0.000531174,1.0
518626,5038,Josh Donaldson,0.000530831,1.0
608597,14388,Ronald Guzmán,0.000525925,1.0
668833,sa3009868,Morgan McCullough,0.000524767,1.0
681852,sa3007788,Sean Roby,0.000519491,1.0
695780,sa3017734,Jake Fox,0.000509617,1.0
656388,19727,Joe Dunand,0.000507512,1.0
808768,sa3025256,Ben McLaughlin,0.000499359,1.0
641829,16429,Jason Martin,0.000497056,1.0
672504,sa3002846,Luis Yanel Diaz,0.000487533,1.0
671080,sa3004046,Jeremy Arocho,0.000475572,2.96115
699126,sa3015800,Gregory Barrios,0.000475043,1.0
660563,sa872490,Joseph Rosa,0.000473364,1.0
644374,14773,Yu Chang,0.000470489,1.0
664057,17932,Andrew Stevenson,0.000469169,1.0
814435,sa3022489,Jacob Sharp,0.000468466,1.0
692238,sa3025308,Parks Harber,0.000461826,1.0
680695,sa3007876,Brennen Davis,0.000458842,1.0
656308,17321,Michael Chavis,0.000448738,1.96486
680846,sa3006220,Pablo Aliendo,0.000439807,1.09321
660757,20970,Oscar Gonzalez,0.000433781,10.1069
678099,sa3020191,Gavin Logan,0.000428007,1.0
695744,sa3017171,Ian Moller,0.000421362,1.0
702540,sa3020216,Mikey Romero,0.000420348,1.0
694974,sa3023374,Colby Shade,0.000418054,1.0
668664,sa3010845,Chase Strumpf,0.000416659,1.0
680519,sa3020192,Mario Camilletti,0.000408515,1.0
807714,sa3022661,Carter Trice,0.000405416,1.0
691024,sa3019996,Cayden Wallace,0.000401075,1.23113
542194,10028,Christian Bethancourt,0.000400471,7.86817
694025,sa3015688,Felix Reyes,0.000397584,1.0
683149,sa3023424,Julian Brock,0.000393528,1.0
669945,sa918963,Chavez Young,0.000389206,1.0
641914,19635,Sheldon Neuse,0.000387078,1.0
663944,sa3007869,Cody Roberts,0.000386723,1.0
694966,sa3022921,Brayden Taylor,0.000374407,1.23113
807751,sa3022616,Ethan O'Donnell,0.000356465,1.0
605204,16219,J.D. Davis,0.000347711,10.9267
672823,sa3003347,Sebastian Espino,0.000344592,1.0
674646,sa3014937,Tucker Bradley,0.000342551,1.0
673491,sa3012016,Jaeho Kim,0.000332556,1.0
656568,20501,Scott Hurst,0.000331548,1.0
687554,sa3010043,DJ Gladney,0.000321596,1.16406
695069,sa3025629,Keith Jones II,0.00032146,1.0
671272,sa3003197,David García,0.000317407,1.0
553882,13338,Omar Narváez,0.000313658,9.38008
813715,sa3025259,Khadim Diaw,0.000312666,1.0
650346,sa828281,Ramon Hernandez,0.00030891,1.0
668965,sa3014500,Freddy Zamora,0.000303093,2.04402
695312,sa3015077,Aaron Palensky,0.00029669,1.0
657089,sa3004813,Logan Warmoth,0.000292262,1.0
682625,sa3008746,Antonio Gomez,0.000284753,1.0
805782,sa3022539,Ryan Lasko,0.000273661,1.0
666198,19958,Carter Kieboom,0.000264891,1.83789
700681,sa3022810,Nick Lorusso,0.000264017,1.0
679741,sa3007874,Wilderd Patiño,0.000263148,1.59203
665154,21634,Ford Proctor,0.000261993,1.0
687071,sa3011754,Shane Sasaki,0.00025957,1.0
801406,sa3022688,Jared Dickey,0.000258331,1.0
605244,16925,Aramis Garcia,0.000249599,2.78824
687626,sa1169809,Simon Whiteman,0.00024741,1.0
677319,sa3011350,Cameron Barstad,0.000234465,1.0
628357,sa3012065,Sang-soo Kim,0.000231202,1.0
680881,sa3007053,Niko Hulsizer,0.000230684,1.0
595453,17161,Chad Wallach,0.000225655,1.0
681114,sa3017043,Michael Trautwein,0.000224155,1.0
643348,19842,Caleb Hamilton,0.00022316,1.0
678962,sa3005587,Daniel Vellojin,0.000220774,1.0
670113,sa918418,Jim Haley,0.000218526,3.40759
701831,sa3025198,Carson DeMartini,0.000216199,1.0
815039,sa3022828,Dustin Dickerson,0.000211724,1.0
682266,sa3014941,Brett Auerbach,0.000202239,1.0
702679,sa3021051,Demetrio Crisantes,0.000198567,1.0
687044,sa3017902,Ernie Yake,0.000190185,1.0
695521,sa3017770,Gavin Conticello,0.000180936,1.0
701481,sa3025151,Ryan Campos,0.000177763,1.0
656371,17922,Isan Díaz,0.000170849,1.0
807747,sa3023234,Rikuu Nishida,0.000167759,1.0
493364,3917,Dayan Viciedo,0.000165264,1.0
675394,sa3022494,Johnny Olmstead,0.000160837,1.0
803033,sa3022815,Matthew Etzel,0.00015884,1.59203
687192,sa3020199,Cade Hunter,0.000152776,1.0
694977,sa3022532,Nate Nankil,0.000152578,1.0
676332,sa3008279,Caleb Knight,0.000148423,1.0
608671,13768,Travis Jankowski,0.000147942,9.17204
686499,sa3019972,Clark Elliott,0.000145838,1.0
694749,sa3022751,Dylan Campbell,0.00014356,1.0
667452,20311,Corey Julks,0.000141639,16.3257
684543,sa3010157,Daniel Cope,0.00013735,1.0
801464,sa3020715,Andrew Pintar,0.000137044,1.23113
702708,sa3020281,Emaarion Boyd,0.000133206,1.0
543939,12532,Kolten Wong,0.000132307,1.0
674330,sa3015090,Zac Cook,0.000132265,1.0
800765,sa3020139,Carter Howell,0.000131296,10.9913
670919,sa921577,Luis Santana,0.00012947,1.0
676857,sa3004065,Jancarlos Cintron,0.000127934,7.09708
668663,19977,Tres Barrera,0.000126475,1.0
815096,sa3025367,Jackson Appel,0.000124998,1.0
691437,sa3015542,Adrian Pinto,0.000121468,1.0
807740,sa3022694,Luke Shliger,0.000118161,1.0
683735,sa3011204,Will Holland,0.000117251,1.0
825582,sa3067128,Nate George,0.000108118,1.0
682633,sa3008751,Eduardo Garcia,0.000105022,1.0
672826,sa3003350,Kenneth Betancourt,0.000101032,1.0
676280,sa3005103,Tyler Dearden,0.000100095,1.0
804645,sa3022755,Caden Connor,9.49583e-05,1.0
625510,15817,Erick Mejia,8.72006e-05,1.0
657010,sa3008076,Madison Stokes,8.07e-05,1.0
686863,sa3010886,Daniel Mateo,6.21522e-05,1.23113
815908,sa3024108,Jesús Made,6.15657e-05,1.0
663714,sa3007502,Matt Kroon,5.92145e-05,1.0
543592,15941,Austin Nola,5.90673e-05,1.0
801442,sa3020762,Jack Pineda,5.83476e-05,1.0
624513,15055,Dom Nuñez,5.69952e-05,16.7851
670097,19562,Zack Short,5.42948e-05,14.0267
804603,sa3025482,Duncan Pastore,5.35107e-05,1.0
547957,18718,Hyun Soo Kim,5.25313e-05,1.0
679972,sa3005939,Arturo De Freitas,5.10647e-05,1.0
663519,sa3007282,Kekai Rios,3.90241e-05,1.0
815734,sa3022830,Dylan Jasso,3.86206e-05,1.0
690985,sa3022531,Colby Halter,3.44367e-05,1.0
806252,sa3023013,Ralphy Velazquez,2.9392e-05,1.0
683103,sa3020196,Cade Doughty,2.6233e-05,1.23113
687567,sa3020090,Jorel Ortega,1.83525e-05,4.05426
681831,sa3007065,Willie Joe Garry Jr.,1.32403e-05,1.0
500871,6153,Eduardo Escobar,9.84619e-06,1.0
665651,sa916849,Diego Rincones,9.33809e-06,1.0
687714,sa3010342,Jackson Cluff,7.90061e-06,1.0
700845,sa3017221,Adam Zebrowski,6.62874e-06,1.0
690841,sa1170279,Matt O'Neill,-2.21376e-06,1.0
702110,sa3020351,Matt Suggs,-2.44939e-06,1.0
688808,sa3019824,David Martin,-6.96788e-06,1.0
691863,sa3015580,Carlos Franco,-8.47854e-06,1.0
695653,sa3017512,Noah Miller,-9.01735e-06,1.694
681679,sa3005628,Stanley Consuegra,-1.11652e-05,1.1936
805704,sa3022608,Keaton Anthony,-1.43929e-05,1.0
669069,sa3011467,Cam Cannon,-1.72725e-05,1.0
663796,21547,Coco Montes,-2.81594e-05,1.0
700824,sa3017341,Freylin Minyety,-2.95697e-05,1.0
815352,sa3067043,Caleb Bonemer,-3.28967e-05,1.0
688869,sa3014986,Justin Dirden,-3.34992e-05,1.0
688367,sa3017511,Tucker Mitchell,-3.7408e-05,1.0
518542,7168,Juan Centeno,-4.05611e-05,1.0
824028,sa3025205,Gage Miller,-4.14898e-05,1.0
806611,sa3020102,Jancel Villarroel,-4.53277e-05,1.0
694368,sa3014548,Jimmy Glowenke,-5.71941e-05,3.04031
685121,sa1169595,Beau Philip,-5.9043e-05,1.0
695481,sa3017403,Jay Allen II,-6.07197e-05,1.0
608360,19245,Chris Okey,-6.09695e-05,1.0
676480,23378,José Barrero,-6.23118e-05,21.9333
805234,sa3020010,Tyler Robertson,-6.38549e-05,1.0
656403,19873,Drew Ellis,-6.47268e-05,1.0
800421,sa3018558,Marvin Alcantara,-6.74874e-05,1.0
700931,sa3020495,Seth Stephenson,-8.32896e-05,1.0
687730,sa3022651,Caleb Cali,-8.40836e-05,1.0
701800,sa3016346,Carlos Linarez,-8.55545e-05,1.0
669336,sa3008005,Joe Gray Jr.,-9.62601e-05,1.0
821270,sa3024134,Luis Peña,-0.000114832,1.0
608703,13788,Matt Reynolds,-0.000116629,1.0
681098,sa3019965,Bill Knight,-0.00011924,1.0
801600,sa3020352,Bryce Willits,-0.000121728,1.0
680935,sa3017156,Connor Pavolony,-0.000127005,1.0
687349,sa3010166,Jimmy Govern,-0.000131871,1.0
680273,sa3016956,Chris Meyers,-0.000137123,8.82666
800332,sa3018520,Victor Rodrigues,-0.000142985,1.0
680571,sa3007044,Greyson Jenista,-0.000146621,1.0
621529,14412,Joe Hudson,-0.000149837,1.0
677599,sa3005486,Miguel Hiraldo,-0.000156135,1.09321
687659,sa3014496,Kaden Polcovich,-0.000158864,1.0
682040,sa3007078,Jordan Qsar,-0.000158893,1.0
683500,sa3008878,Maikol Escotto,-0.000164332,1.0
666783,18905,Yusniel Díaz,-0.00016727,1.0
805865,sa3020764,Guy Lipscomb,-0.000171898,1.0
701783,sa3025359,Cole Messina,-0.000173498,1.0
657129,17910,Marcus Wilson,-0.000175348,1.0
516416,5933,Jean Segura,-0.000182736,1.0
692046,sa3015601,Axel Sanchez,-0.000184715,1.0
696501,sa3022534,Mark Coley II,-0.00018722,1.0
694580,sa3022562,Kemp Alderman,-0.000190136,24.6147
806368,sa3020716,Maddux Houghton,-0.000207413,1.0
687518,sa3009891,Patrick Frick,-0.00021066,1.0
687284,sa3020122,Thomas Gavello,-0.00022005,1.0
679631,24400,Terrin Vavra,-0.000222179,1.59851
681172,sa3016960,Tyler Tolve,-0.000223765,1.01405
672832,22906,Israel Pineda,-0.00022855,1.0
687918,sa3022671,Braylen Wimmer,-0.000235915,1.0
681377,sa3020268,Josh Hood,-0.000236368,1.0
701750,sa3025451,Bennett Thompson,-0.000241326,1.0
800208,sa3018480,Axiel Plaz,-0.000243787,1.0
676053,sa3017509,Casey Opitz,-0.000253909,1.0
694214,sa3015718,Samuel Zavala,-0.000254061,1.0
803385,sa3022607,Jay Harry,-0.000254865,1.0
806394,sa3022160,Robert Brooks,-0.000260905,1.0
698927,sa3016719,Edward Duran,-0.000266563,1.0
807742,sa3022897,Colton Ledbetter,-0.000266684,1.0
688392,sa1170340,Terence Doston,-0.000290119,1.0
686759,25482,TJ Hopkins,-0.000300815,1.0
688226,sa1170373,Anthony Mulrine,-0.000301311,1.0
695000,sa3022752,Poncho Ruiz,-0.000305263,1.0
621450,17723,Skye Bolt,-0.000306072,1.0
675966,sa3014532,Jesse Franklin V,-0.000321197,1.0
673983,sa1170619,Josh Bissonette,-0.000328204,1.0
687019,sa3010710,Andrés Alvarez,-0.000329295,1.7926
676463,sa3014426,Hayden Cantrelle,-0.000329498,1.0
695501,sa3025381,Blake Burke,-0.00033662,1.0
800305,sa3018507,Jesus Baez,-0.000342647,1.0
801590,sa3025152,Aaron Parker,-0.000342732,1.0
702693,sa3018399,Jaison Chourio,-0.000343621,1.0
683001,sa3011502,Ethan Hearn,-0.000348378,1.0
641786,19508,Kyle Lewis,-0.000352019,1.0
668853,25425,Austin Shenton,-0.000355917,14.6768
642165,15170,Josh VanMeter,-0.000358104,1.0
614177,14566,Franmil Reyes,-0.000374738,1.0
678232,sa3005492,Jesus Valdez,-0.000378094,1.0
682621,sa3008744,Gabriel Rodriguez,-0.000378612,1.0
809338,sa3025365,Trevor Austin,-0.000381715,1.0
691922,sa3015589,Javier Rivas,-0.000384534,1.0
811289,sa3022697,Spencer Nivens,-0.000384736,1.0
814409,sa3025414,Seaver King,-0.000389584,1.0
702315,sa3017120,Bennett Hostetler,-0.000395939,1.0
682796,sa3009538,Eddinson Paulino,-0.000396882,1.59203
680753,sa3017041,Adam Hackenberg,-0.000397333,1.63463
676116,23312,Ryan Noda,-0.000397391,18.5006
804240,sa3019934,Jacob Burke,-0.000398161,1.1936
621002,14145,Daniel Robertson,-0.000400822,1.0
669702,sa918911,Armani Smith,-0.000406844,1.0
673541,sa3012058,Geonchang Seo,-0.000409187,1.0
676566,sa3020951,Shawn Ross,-0.00041128,1.0
624577,14225,Yasiel Puig,-0.000415933,1.0
700081,sa3019945,Jake Thompson,-0.000416703,1.0
647255,sa3002831,Tanner Kirwer,-0.000420256,1.0
814154,sa3022699,Scott Bandura,-0.000421222,1.0
808206,sa3020717,Geisel Cepeda,-0.000421347,1.0
813386,sa3022758,Justin Johnson,-0.000422582,1.0
669227,sa3006867,Kendall Simmons,-0.000426458,1.0
683427,sa3010155,Omar Hernandez,-0.000427558,1.0
699043,sa3015781,Yamal Encarnacion,-0.000434527,1.0
658677,sa877337,Gilbert Lara,-0.000442259,1.0
809944,sa3025157,Elijah Hainline,-0.000442406,1.0
814455,sa3025315,Nick Mitchell,-0.000442659,1.0
695763,sa3025609,Sam Petersen,-0.000444388,1.0
642021,sa857819,Errol Robinson,-0.000451336,1.0
641385,sa918769,Bret Boswell,-0.000457619,1.0
698935,sa3015739,Yasmil Bucce,-0.000464394,1.0
680683,sa3007046,Jameson Hannah,-0.000475396,1.0
686251,sa3014942,Brady Lindsly,-0.000485212,1.0
640461,15191,Chad Pinder,-0.000487317,1.0
666561,19369,Jae-Gyun Hwang,-0.000495839,1.0
691392,sa3015526,Johnny Ascanio,-0.000498935,1.0
493141,14446,Hiroyuki Nakajima,-0.000502165,1.0
701158,sa3017052,Kobe Kato,-0.000511618,1.0
668698,sa918408,Todd Lott,-0.000512074,1.0
678706,sa3006900,Reivaj Garcia,-0.000512438,1.0
800543,sa3018591,Josue De Paula,-0.000517346,1.0
670860,sa969091,Lazaro Armenteros,-0.000518618,1.49262
691269,sa3014688,Adrian Placencia,-0.000524187,1.0
665989,sa917119,Shervyen Newton,-0.000528505,1.0
669219,sa3004969,Je'Von Ward,-0.00053171,1.0
656467,18482,Chris Gittens,-0.000533736,1.0
694484,sa3020415,Max Wagner,-0.000534828,1.0
703190,sa3018424,Johanfran Garcia,-0.0005386,1.0
683061,sa3008851,Alexander Vargas,-0.000540086,1.59203
815873,sa3025317,Sean Keys,-0.000544343,1.0
695031,sa3020092,Josh Zamora,-0.00054814,1.0
806005,sa3020244,Ryan McCarty,-0.000551021,1.0
690469,sa3018212,Kyle Hayes,-0.000552819,1.0
664120,sa875626,Max McDowell,-0.000555757,1.0
695612,sa3023070,Alex Mooney,-0.000555923,1.0
650528,sa3004128,Laz Rivera,-0.000560375,1.0
628361,sa3012050,Ah-seop Son,-0.00056237,1.0
802469,sa3023679,Travis Honeyman,-0.000562433,1.0
811765,sa3066597,Deniel Ortiz,-0.000564202,1.0
682799,sa3008807,Elio Prado,-0.000564943,1.0
805117,sa3018648,Jean Carlos Sio,-0.000569021,1.0
667690,25814,C.J. Stubbs,-0.000572181,1.0
687248,sa3019893,Keshawn Ogans,-0.000575201,4.45269
701682,sa3019863,Braedon Karpathios,-0.00058232,1.0
702601,sa3020279,Lamar King Jr.,-0.00058542,1.0
656495,21293,Dalton Guthrie,-0.000589588,1.0
474832,10264,Brandon Belt,-0.000594212,1.0
664104,sa918131,Tyler Neslony,-0.00060003,1.0
519058,4892,Mike Moustakas,-0.000600083,1.0
694444,sa3022808,Tavian Josenberger,-0.000607555,1.0
572008,10030,Chris Owings,-0.000610377,1.0
682187,sa3007089,Nick Ward,-0.000611232,1.0
800306,sa3018508,Jansel Luis,-0.000613579,1.0
671113,sa3014935,Zach Daniels,-0.00061676,1.0
665912,sa917055,Miguel Hernandez,-0.000621848,1.0
800370,sa3018536,Eduardo Guerrero,-0.000622604,1.0
813841,sa3022541,Jonah Cox,-0.000626965,1.0
695292,sa3014840,L.J. Jones,-0.000633347,1.0
666247,sa943356,Kwang-Min Kwon,-0.000638277,1.0
656766,sa828797,Josh Morgan,-0.000641408,1.0
668667,sa3014452,Daniel Cabrera,-0.0006457,1.0
642137,19828,Cody Thomas,-0.000655822,1.0
672701,20540,José Devers,-0.00066524,3.86579
698933,sa3015738,Ronald Hernandez,-0.000667763,1.0
660634,19432,Yonny Hernández,-0.000667877,1.19493
681132,sa3016819,Max Ferguson,-0.000672034,1.0
668776,sa3020345,Devin Ortiz,-0.000673503,1.0
595956,12981,Cam Gallagher,-0.000677446,1.0
690957,sa3022653,Jace Bohrofen,-0.000682365,1.0
814431,sa3023111,Jackson Castillo,-0.000685906,1.0
800419,sa3018557,Jeral Perez,-0.000689509,1.0
687125,sa3010165,Dilan Rosario,-0.000690462,1.0
656185,16623,Greg Allen,-0.000691053,1.0
677673,sa3004972,Imanol Vargas,-0.000694764,1.0
805891,sa3019907,Taylor Young,-0.000695278,15.7386
685712,sa3009334,Geovanny Planchart,-0.000695423,1.0
683493,sa3010876,William Lugo,-0.000699163,1.0
666206,sa917935,Delvin Pérez,-0.000700225,1.0
701544,sa3022535,Andy Blake,-0.000711916,1.0
657562,sa3007629,Patrick Dorrian,-0.000715581,1.08752
801075,sa3025254,Walker Janek,-0.000721144,1.0
814528,sa3025316,Sam Kulasingam,-0.00072125,1.0
670548,sa919893,Jose Mena,-0.000723236,1.0
666140,sa3015076,Brandon McIlwain,-0.000724022,1.0
691503,sa3011471,Yolbert Sanchez,-0.000726356,2.80821
621006,17736,Richie Martin,-0.000728486,1.0
688617,sa3025194,Michael Snyder,-0.000737767,1.0
681400,sa3019967,Danny Serretti,-0.00074177,1.0
686912,sa3020271,Maxwell Romero Jr.,-0.000742469,1.0
425783,3174,Shin-Soo Choo,-0.000753018,1.0
690702,sa3018209,Roby Enriquez,-0.000753076,1.0
641796,15124,Tim Locastro,-0.000754187,1.0
669439,sa3017281,Drew Swift,-0.000756052,1.0
676991,sa3007031,Davis Bradshaw,-0.000757005,1.0
671956,sa3023377,Noah Myers,-0.000757177,1.0
543063,5343,Brandon Crawford,-0.000766083,5.91023
672373,sa3005472,Jeferson Morales,-0.000772239,2.96115
621005,14137,Tim Lopes,-0.000774912,1.0
642221,15994,Kean Wong,-0.0007763,1.0
545350,11339,Jake Marisnick,-0.000776883,1.0
543305,5297,Aaron Hicks,-0.000783769,5.91023
660681,sa873307,Leandro Cedeño,-0.000786836,1.0
664041,19552,Jaylin Davis,-0.000788377,1.0
800414,sa3018556,Alfredo Velásquez,-0.000789315,1.0
805796,sa3022892,Arjun Nimmala,-0.00079896,1.0
682818,sa3009539,Yohendrick Pinango,-0.000807644,4.39787
665975,sa917767,Lolo Sanchez,-0.00081936,1.0
804446,sa3025311,Eddie Micheletti Jr.,-0.000820459,1.0
622100,19533,Taylor Jones,-0.000823723,1.0
685474,sa3008946,Felix Stevens,-0.000834739,1.0
683481,sa3010026,Nerwilian Cedeño,-0.000836814,1.0
672566,sa3004382,José Sánchez,-0.000843798,1.0
700815,sa3067076,Matthew Ellis,-0.000846483,1.0
692334,sa3015607,Carlos Rojas,-0.00084861,1.0
543068,12546,C.J. Cron,-0.000851413,1.0
806223,sa3022611,Aidan Smith,-0.00085437,1.0
672018,sa3011717,Dasan Brown,-0.000855458,1.23113
671271,sa3004146,Jeisson Rosario,-0.00085912,1.0
800232,sa3018482,Luis Baez,-0.000864829,1.0
813666,sa3025454,Ariel Armas,-0.000868534,1.0
547172,11470,Tony Wolters,-0.00087314,1.0
800060,sa3020498,Xavier Isaac,-0.000873746,1.694
690903,sa3016820,Lucas Dunn,-0.000884535,1.0
800449,sa3018566,Thomas Sosa,-0.000890443,1.0
701177,sa3020129,Nick Cimillo,-0.00089132,1.0
690107,sa3017478,Jackson Glenn,-0.000894184,1.0
672361,sa3004149,Agustin Ruiz,-0.000897457,1.0
695586,sa3067092,Sam Ruta,-0.000902215,1.0
696286,sa3025494,Davis Diaz,-0.000914099,1.0
805810,sa3022756,Blake Mitchell,-0.000917007,1.0
501303,8418,Ehire Adrianza,-0.000924298,1.89218
701162,sa3016975,Ben Malgeri,-0.000928647,3.77515
701618,sa3017179,Damon Keith,-0.000933148,1.0
694266,sa3020536,D'Andre Smith,-0.00093809,1.0
701616,sa3025404,Caleb Lomavita,-0.00094107,1.0
670399,sa918541,Jeffry Parra,-0.000941646,1.0
663369,sa3007005,Jeremy Eierman,-0.000943632,1.59851
669377,sa915700,Michael Gigliotti,-0.000949808,1.0
678854,sa3005775,Viandel Pena,-0.000951071,1.0
543281,8202,Josh Harrison,-0.000954711,1.0
673062,sa3007022,Jarryd Dale,-0.000956058,1.0
807720,sa3022822,Garret Forrester,-0.000959581,1.0
666931,19968,Jared Oliva,-0.000959952,1.0
676762,sa3007030,Frankie Tostado,-0.000959967,1.0
665650,18899,Lucius Fox,-0.000965469,1.0
675662,sa915868,Matt Whatley,-0.000966795,1.0
665914,sa917068,Daniel Montano,-0.000969011,1.0
694170,sa3018387,Dyan Jorge,-0.00096907,1.0
808277,sa3021226,Miguel Rodríguez,-0.000969358,1.0
686554,26295,Oliver Dunn,-0.000972786,13.1555
808675,sa3021637,Ramon Ramirez,-0.000974072,1.0
683169,sa3019890,Sean McLain,-0.000982349,1.0
592261,11379,Delino DeShields,-0.000985435,1.0
681142,sa3017395,Justice Thompson,-0.000992854,1.01405
683454,sa3008868,Brayan Buelvas,-0.000993487,1.23113
672653,sa3003280,Diego Infante,-0.000993782,1.0
691283,sa3014837,Sheng-Ping Chen,-0.000994278,1.0
591741,12937,José Osuna,-0.00100277,1.0
686958,sa3017396,Jose Torres,-0.00100339,1.0
694815,sa3022564,Jack Hurley,-0.00100736,1.0
681036,sa3017660,Anthony Vilar,-0.0010076,1.0
669442,sa3014436,Alerick Soularie,-0.00101652,1.0
681468,sa3016961,Corey Rosier,-0.00101766,1.5759
815304,sa3023168,Josh Adamczewski,-0.00102879,1.0
804588,sa3019902,Bubba Alleyne,-0.00103024,1.0
518792,4940,Jason Heyward,-0.00103619,9.3849
624523,sa737614,Riley Unroe,-0.00103775,1.0
683610,sa3008905,Leandro Pineda,-0.0010402,1.0
669649,sa3014880,Ty Duvall,-0.00104185,1.0
802991,sa3019900,E.J. Exposito,-0.00104212,1.0
680552,24491,Travis Swaggerty,-0.00104584,1.0
696272,sa3020001,Maxwell Costes,-0.00105059,1.0
694183,sa3015696,Cristian Hernandez,-0.00106133,1.0
493114,13075,Norichika Aoki,-0.00106423,1.0
641569,sa737922,Xavier Fernández,-0.00106608,1.0
815896,sa3023887,Emil Morales,-0.00106795,1.0
687310,sa3022530,Will Simpson,-0.00106919,1.0
657108,20078,Evan White,-0.00107971,1.0
681488,sa3017661,Logan Cerny,-0.00108004,1.0
677690,sa3005308,Diosbel Arias,-0.00108468,1.0
642220,sa738324,Jantzen Witte,-0.00108982,1.0
691183,sa3014679,Kevin Made,-0.00109734,1.0
689688,sa3015166,Ethan Workinger,-0.00109878,1.23113
680421,sa3018376,Ben Norman,-0.00109986,1.0
699157,sa3016173,Ahbram Liendo,-0.00110013,1.0
607054,12325,Jace Peterson,-0.00110022,1.80798
677570,sa3010018,Aaron Bracho,-0.00110243,3.76589
695078,sa3015236,Jean Walters,-0.00110318,1.23113
641505,15104,Jonathan Davis,-0.00110343,1.0
800246,sa3018484,Engelth Urena,-0.00110625,1.0
691789,sa3016969,Izaac Pacheco,-0.00110936,1.0
657144,sa915590,Justin Yurchak,-0.00110969,1.0
553988,11472,Dixon Machado,-0.0011126,1.0
702258,sa3020676,Druw Jones,-0.00112625,1.0
692222,sa3019998,Jose Izarra,-0.00113,1.0
702328,sa3017000,Wade Stauss,-0.00114772,1.0
803745,sa3022890,Adrian Santana,-0.00115892,1.0
695372,sa3022600,Jake Gelof,-0.00116041,1.0
664753,sa3006783,Marty Costes,-0.00116115,1.0
808104,sa3021175,Andruw Musett,-0.00116165,1.0
668929,sa3014878,Noah Campbell,-0.00116587,1.0
690914,sa3019839,Brody Moore,-0.00116703,1.0
814436,sa3022759,Ryan Galanie,-0.00117894,1.0
678285,sa3005500,Fabian Pertuz,-0.00118538,1.23113
702690,sa3020280,Cutter Coffey,-0.00118687,1.0
676803,sa3004061,Connor Hoover,-0.00118876,1.0
695358,sa3017292,Jonny Butler,-0.00118992,1.0
642134,sa738999,Robbie Tenerowicz,-0.00119194,1.23636
800387,sa3018546,Fernando Peguero,-0.00119349,1.0
641741,15697,Gosuke Katoh,-0.00121087,1.0
811312,sa3025086,Justin Riemer,-0.00121851,1.0
640460,15189,Dustin Peterson,-0.00122313,1.0
608724,sa621791,Adam Brett Walker,-0.00123205,1.0
682648,sa3008759,Juan Guerrero,-0.00123356,1.23113
692044,sa3016717,Luis Suisbel,-0.00123537,1.0
493665,sa3012015,Yongkyu Lee,-0.00123636,1.0
678534,sa3007298,Rixon Wingrove,-0.00123707,1.0
694829,sa3022599,Connor Burns,-0.00124294,1.0
672905,sa3003377,José Alvarez,-0.00124468,1.0
675649,20047,Brian Miller,-0.00124596,1.0
683233,sa3020614,Douglas Hodo III,-0.001251,1.0
643549,sa738930,Taylor Snyder,-0.0012593,1.0
700731,sa3018397,Keiner Delgado,-0.0012606,1.0
680918,sa3018098,Brady Allen,-0.00126461,2.96115
660530,sa872765,Omar Meregildo,-0.00126504,1.0
605512,13633,Preston Tucker,-0.0012678,1.0
688832,sa3015126,Carter Williams,-0.0012722,1.0
686601,sa3011264,Drew Campbell,-0.00127855,1.0
543482,11381,Drew Maggi,-0.00127863,1.0
689456,sa3016967,Austin Murr,-0.00128106,1.0
692150,sa3025391,Émilien Pitre,-0.00128288,1.0
695758,sa3017375,Hector Nieves,-0.00128595,1.0
592714,sa548183,Josh Sale,-0.00128641,1.0
702662,sa3025251,Dylan Dreiling,-0.00129401,1.0
814791,sa3022442,Jared Sundstrom,-0.00129652,1.0
650506,sa828331,Jose Gomez,-0.00130169,1.0
674441,27599,Jacob Hurtubise,-0.00131607,15.7499
700341,sa3015863,Kenny Castillo,-0.00132308,1.0
805082,sa3018643,Ronny Hernandez,-0.00132673,1.0
680890,sa3008251,Jax Biggers,-0.00132716,3.04258
692348,sa3014707,Aeverson Arteaga,-0.00132893,1.23046
689328,sa3010048,Ashton Creal,-0.00133217,1.0
663544,sa1169773,LJ Talley,-0.00133434,1.0
809975,sa3025412,Kodey Shojinaga,-0.00133771,1.0
703804,sa3019865,Romeo Sanabria,-0.00134249,1.23113
671748,sa3022528,Casey Yamauchi,-0.00134737,1.0
682109,sa3006735,Justin Toerner,-0.00135296,1.0
686677,sa3014884,Landon Stephens,-0.00135427,1.0
681868,sa3007975,Ezequiel Pagan,-0.00135632,1.1936
802459,sa3022569,Ryan Johnson,-0.00135654,1.0
686196,sa3022424,Peter Burns,-0.00136388,1.0
803015,sa3025364,Ben Hartl,-0.00136393,1.0
808269,sa3021614,Gerardo Rodriguez,-0.00136811,1.0
687346,sa3016920,Gabe Matthews,-0.00137131,1.0
701734,sa3025334,Ryan McCrystal,-0.00137228,1.0
802219,sa3025602,Woody Hadeen,-0.00137246,1.0
669451,sa3004142,Chris Seise,-0.00137523,1.0
671276,sa962601,Yasel Antuna,-0.00137801,1.0
807276,sa3025411,Dante Nori,-0.00138191,1.0
689374,sa1170316,Jake Means,-0.00138247,1.0
692724,sa3011926,Byeong-woo Jeon,-0.00138443,1.0
673451,27461,Shogo Akiyama,-0.00138765,1.0
813860,sa3022487,Charlie Pagliarini,-0.00138932,1.0
664332,sa875163,Moisés Gómez,-0.0013981,1.0
692333,sa3015606,Jorge Puerta,-0.00140076,1.0
687426,sa3010341,Glenn Santiago,-0.0014024,1.0
696142,sa3025403,Will Taylor,-0.00140608,1.0
592567,16909,Colin Moran,-0.0014075,1.0
691405,sa3017217,Juan Benjamin,-0.00140926,1.0
700361,sa3017116,Shawn Goosenberg,-0.00141183,1.0
656514,19878,Adam Haseley,-0.0014133,1.0
573350,sa502535,Jae-Hoon Ha,-0.00141452,1.0
596847,5452,Ji Man Choi,-0.00141505,1.0
679628,sa3017016,Jacob Teter,-0.00141626,1.0
694543,sa3025525,Blake Wright,-0.00142382,1.0
806987,sa3021086,Daiverson Gutierrez,-0.00143042,1.0
828319,sa3025270,Marshall Toole,-0.00143297,1.0
805950,sa3021057,Antonis Macias,-0.0014416,1.0
800169,sa3018463,Aroon Escobar,-0.00144487,1.0
823295,sa3025265,Jay Thomason,-0.0014488,1.0
694194,sa3016834,Miguel Bleis,-0.00144921,1.0
677943,23790,Will Banfield,-0.00145073,3.9201
664762,sa3019577,Andy Atwood,-0.00145891,1.0
687201,sa3019891,Kevin Kilpatrick Jr.,-0.00146042,1.23046
593525,11905,Orlando Calixte,-0.00146785,1.0
679938,sa3005938,Yoyner Fajardo,-0.00146919,3.9159
687084,sa3010162,Joshua Mears,-0.00146953,1.0
678636,sa3006664,Orlando Martinez,-0.00147387,3.86865
826545,sa3025268,Brendan Durfee,-0.00147952,1.0
806071,sa3023362,Jonny Farmelo,-0.00148237,1.0
695426,sa3020000,Spencer Bramwell,-0.00148446,1.0
676024,sa3017152,Donta' Williams,-0.00148539,1.49262
815154,sa3066460,Slade Caldwell,-0.00148565,1.0
665173,sa3008003,Alex McKenna,-0.00148642,1.0
694034,sa3017696,Mario Gomez,-0.0014915,1.0
702501,sa3025407,Eli Serrano III,-0.00149397,1.0
683546,sa3008888,Albert Fabian,-0.00149503,1.0
680971,sa3006674,Jake Anchia,-0.00149771,1.0
702239,sa3025406,Colin Tuft,-0.00149821,1.0
642002,sa738683,Michael Reed,-0.00149963,1.0
607461,17710,Matt Beaty,-0.00150133,1.0
677610,sa3006889,D'Shawn Knowles,-0.001502,1.0
643271,17473,Narciso Crook,-0.00151163,1.0
687020,sa3017791,Mason Auer,-0.00151372,2.14834
806958,sa3023381,Felnin Celesten,-0.00151419,1.0
670128,19212,Taylor Kohlwey,-0.00151437,1.0
699115,sa3016722,Carlos Jorge,-0.00151652,1.0
681584,24782,David Villar,-0.00151933,17.4934
691449,sa3014683,Roberto Campos,-0.00152024,1.0
803288,sa3020140,Andrew Kachel,-0.001521,1.0
702906,sa3017123,Wilfredo Lara,-0.00152459,1.0
681375,sa3023375,Matt Hogan,-0.00152468,1.0
700658,sa3019861,Chris Rotondo,-0.00153502,1.0
702607,sa3025601,Dakota Jordan,-0.0015379,1.0
800959,sa3022685,Nick Goodwin,-0.00154303,1.0
694884,sa3022920,Jalen Vasquez,-0.0015473,1.0
696287,sa3017220,Ryan Higgins,-0.00155278,1.0
800607,sa3022812,Kehden Hettiger,-0.00155295,1.0
572041,9256,AJ Pollock,-0.00155393,1.0
620449,sa736954,Luis Castro,-0.00155427,1.0
805842,sa3019869,Brett Johnson,-0.00155871,1.0
814816,sa3023072,Johnny Tincher,-0.00156342,1.0
592325,12160,Ben Gamel,-0.0015642,8.92249
680996,sa3022529,Luke Mann,-0.00156694,1.0
692039,sa3015599,Carlos Jimenez,-0.00156959,1.0
667428,22045,Grant Koch,-0.00157056,2.51959
656449,sa828685,Jake Gatewood,-0.00157698,1.0
687833,sa3010897,Shayne Fontana,-0.00157791,1.0
677342,sa3020190,Brock Jones,-0.00157876,1.0
678729,sa3005549,Nelson Medina,-0.00158326,1.0
703673,sa3044992,Kasen Wells,-0.00158561,1.0
680785,sa3009875,J.D. Orr,-0.00158652,1.0
823807,sa3035293,Kane Kepley,-0.00159279,1.0
692446,sa3015631,Miguel Villarroel,-0.0015954,1.0
827665,sa3025515,Dillon Lewis,-0.00159791,1.0
694188,sa3015700,Jesus Galiz,-0.00160016,1.0
571976,10047,Wil Myers,-0.00160198,1.0
689931,sa3019990,Peyton Graham,-0.00160388,1.0
519303,11155,Elliot Soto,-0.00160561,1.0
694211,sa3015715,Manuel Pena,-0.00161109,1.0
690804,sa3025167,Ryan Nicholson,-0.00161361,1.0
677223,20510,Jack Larsen,-0.00161559,1.0
703070,sa3019400,Loidel Chapelli,-0.00162696,1.0
695068,sa3022533,Landon Wallace,-0.00162874,1.0
687930,sa3020759,Tyresse Turner,-0.0016342,1.0
681370,sa3014449,Hudson Haskin,-0.00163601,1.0
806992,sa3021091,Enrique Jimenez,-0.00163924,1.0
687724,sa3010599,Jake Holton,-0.0016413,3.08263
656462,sa829343,Isiah Gilliam,-0.00164142,1.0
572204,9952,Trayce Thompson,-0.00164237,1.0
821273,sa3023944,Edward Florentino,-0.00164727,1.0
687625,sa3019857,Kai Murphy,-0.001649,1.0
702488,sa3019932,Logan Wagner,-0.00164977,1.0
802541,sa3022814,Bryan Broecker,-0.00165199,1.0
680589,sa3005613,Felix Valerio,-0.00165406,1.0
803679,sa3020141,Sammy Hernandez,-0.00166129,1.0
682003,sa3022806,Garrett Martin,-0.00166291,1.0
808535,sa3021284,John Gil,-0.00166671,1.0
593934,12164,Miguel Sanó,-0.00166716,9.63915
514917,10556,César Hernández,-0.00166723,1.0
808129,sa3021185,Juan Flores,-0.00166806,1.0
827388,sa3025336,Eric Rataczak,-0.00167132,1.0
598275,sa3011906,Hun Gon Kim,-0.00168107,1.0
804614,sa3018632,Marco Vargas,-0.00168257,1.0
687036,sa3016861,Zach Zubia,-0.00168753,1.0
680642,sa3005617,Darlin Moquete,-0.00169481,1.0
698945,sa3015747,Anderson De Los Santos,-0.00170245,1.0
823073,sa3041417,Nolan Sailors,-0.0017037,1.0
692371,sa3015611,Lizandro Espinoza,-0.00170861,1.0
689531,sa3020714,Brett Squires,-0.00171014,1.0
543105,12649,Alex Dickerson,-0.00171097,1.0
685091,sa3017939,Parker Chavers,-0.00171678,1.0
670210,sa3010853,Branden Fryman,-0.00172125,1.0
685744,26244,Kenedy Corona,-0.00172355,3.95844
702270,sa3025250,Malcolm Moore,-0.00172413,1.0
702253,sa3020131,Cam Collier,-0.00172524,1.0
806988,sa3021087,Welbyn Francisca,-0.00172797,1.0
681466,sa3016859,James Parker,-0.00173576,1.0
814414,sa3025260,Kyle DeBarge,-0.0017432,1.0
814307,sa3022703,Zyhir Hope,-0.00175346,1.0
696140,sa3017051,Ethan Murray,-0.00175787,1.45508
684976,sa3020349,Johnathon Thomas,-0.00176743,1.0
596451,13546,Roman Quinn,-0.00177175,1.0
506702,5273,Sandy León,-0.00177638,1.0
800231,sa3019526,Won-Bin Cho,-0.00177698,1.0
678849,sa3005774,Rolando Espinosa,-0.0017785,1.01405
665715,sa917196,Jose Sibrian,-0.0017847,1.0
814194,sa3022701,Quinn McDaniel,-0.00178911,1.0
642720,sa736824,Ray-Patrick Didder,-0.00178961,3.40759
686546,sa3014883,Matthew Dyer,-0.00179606,1.0
680719,sa3006670,Niko Decolati,-0.00179912,1.04487
596876,sa598813,Dong-Yub Kim,-0.00180075,1.0
702140,sa3017053,Ruben Ibarra,-0.00180413,1.0
668993,sa3017622,Justin Farmer,-0.00180597,1.0
677068,sa3010017,Tyler Osik,-0.00180691,1.0
683318,sa3019943,Ryan Leitch,-0.0018085,1.0
640449,15983,Clint Frazier,-0.00180881,1.0
683612,sa3009551,Ronaldo Flores,-0.00182026,1.0
702574,sa3025335,David Mershon,-0.00182594,1.51445
689302,sa3011739,Karson Simas,-0.00182607,1.0
655996,sa829387,Cristian Santana,-0.00182657,1.0
691410,sa3015292,Jose Devers,-0.00182668,1.0
669002,sa3008080,Connor Scott,-0.0018279,1.0
669738,19703,Jake Noll,-0.0018289,1.0
691285,sa3015170,Junior Franco,-0.00183015,1.0
696487,sa3020128,Matt Higgins,-0.00183585,1.0
690991,sa3022885,Mac Horvath,-0.00183624,1.0
686338,sa3016918,Jefferson Valladares,-0.0018377,1.0
660294,27459,Yoshi Tsutsugo,-0.00183846,1.0
827517,sa3059833,Kyle Lodise,-0.00183939,1.0
666386,sa3020950,Archer Brookman,-0.00184598,1.0
806230,sa3022612,Sammy Stafura,-0.00184861,1.0
691284,sa3015169,Juan Corniel,-0.00185129,1.0
800285,sa3018497,Enmanuel Tejeda,-0.00185231,1.0
703202,sa3018433,Leandro Arias,-0.00185365,1.0
573131,9929,Darin Ruf,-0.0018622,1.0
659359,sa3018001,Zac Fascia,-0.00186338,1.0
679754,sa3005603,Alberto Rodriguez,-0.00186627,4.05426
678912,sa3005586,Jommer Hernandez,-0.00187194,1.0
814413,sa3025159,Ian Petrutz,-0.00187353,1.0
672357,sa3004148,Jordy Barley,-0.00187524,1.0
641512,19644,Ben DeLuzio,-0.00188024,1.0
678021,sa3007640,Nicholas Northcut,-0.00188622,3.04031
691710,sa3015188,Vincent Perozo,-0.00188756,1.0
807511,sa3023426,Nelly Taylor,-0.00189339,1.0
694187,sa3016143,Daniel Vazquez,-0.00189368,1.0
703430,sa3017988,Anthony Scull,-0.00189578,1.0
680710,sa3007047,Grant Witherspoon,-0.00189758,1.0
692025,sa3015594,Carlos Rodriguez,-0.00189857,1.0
596748,12179,Maikel Franco,-0.00190347,1.0
801276,sa3018611,Juan Matheus,-0.00190598,1.0
814297,sa3021330,Edgleen Perez,-0.00190814,1.0
686758,sa1170874,Dylan Shockley,-0.00190815,1.0
684222,sa3008929,Jorge Burgos,-0.00191073,1.0
691797,sa3017792,Ryan Spikes,-0.00191073,1.0
814172,sa3022700,Chase Jaworsky,-0.0019162,1.0
676678,sa3005037,PK Morris,-0.00191627,1.0
684081,sa3011753,Erick Brito,-0.0019189,1.23113
682942,sa3008842,Alex De Jesus,-0.00192403,4.45269
807083,sa3067041,Nathan Flewelling,-0.00192527,1.0
543543,12775,Brad Miller,-0.00193203,1.0
687588,sa3014830,Micah Pries,-0.00193324,1.0
815929,sa3023898,Jhonny Level,-0.001936,1.0
621453,17719,Steven Duggar,-0.0019369,1.0
572816,10762,Corey Dickerson,-0.00194117,1.0
695494,sa3025511,Kevin Bazzell,-0.00194379,1.0
691116,sa3010603,Jesus Ordonez,-0.00194512,1.0
691944,sa3025221,Mac Guscette,-0.00194717,1.0
703861,sa3018439,Victor Ortega,-0.00194852,1.0
700321,sa3015857,Andy Perez,-0.00195218,1.0
808365,sa3021624,Dameury Pena,-0.00195718,1.0
685127,sa3015015,Alex McGarry,-0.00196638,1.0
689984,sa3022593,Zach Arnold,-0.00197184,1.0
686551,sa3010028,Christian Cairo,-0.00197243,4.05426
701540,sa3025310,J.R. Freethy,-0.0019729,1.0
805951,sa3022962,Boston Baro,-0.00197395,1.0
691621,sa3015353,Jheremy Vargas,-0.00197682,1.0
696083,sa3015735,Leonel Espinoza,-0.00198852,1.0
676044,30028,Bob Seymour,-0.00198977,8.74751
571875,13329,Jake Lamb,-0.00199055,1.0
681898,sa3006728,Drew Mount,-0.00200328,1.0
685087,sa3014530,Jordan Nwogu,-0.0020035,1.0
700358,sa3015205,Narbe Cruz,-0.00200398,1.0
668882,sa3017901,Mikey Perez,-0.00200728,1.0
677356,sa3020534,Carter Young,-0.00200828,1.0
800194,sa3018473,Capri Ortiz,-0.0020086,1.0
815306,sa3022491,Rio Foster,-0.00202055,1.0
814299,sa3022702,Pascanel Ferreras,-0.00202126,4.39787
688002,sa3010902,Javier Valdes,-0.00202255,1.0
547989,15676,José Abreu,-0.00202455,1.0
686984,sa3011445,Marcus Lee Sang,-0.0020267,4.05426
676004,sa3005240,Walking Cabrera,-0.00202991,1.0
801225,sa3019214,Angel Diaz,-0.00203588,1.0
802599,sa3025481,Jack Penney,-0.00203672,1.0
687072,sa3011446,Jamari Baylor,-0.00204178,1.0
607680,12434,Kevin Pillar,-0.0020501,12.4233
682679,sa3008768,Dayan Frias,-0.00205201,4.45269
805015,sa3018634,Daniel Pena,-0.00205555,1.0
670869,22471,Livan Soto,-0.00206658,8.94596
621008,19477,Alex De Goti,-0.00206684,1.0
822966,sa3068818,John Taylor,-0.00207252,1.0
694757,sa3023373,Maui Ahuna,-0.00207689,1.0
808237,sa3021211,Yirer Garcia,-0.00207752,1.0
679545,sa3015106,Joe Suozzi,-0.00208266,1.04487
681495,sa3019919,Cade Fergus,-0.00208323,1.23113
812470,sa3022439,Joe Redfield,-0.00208509,1.0
678648,sa3005750,Herard Gonzalez,-0.00208528,1.0
570256,12907,Gregory Polanco,-0.00208627,1.0
694292,sa3022159,Jeffrey Wehler,-0.00208704,1.0
642162,14885,Pat Valaika,-0.00209145,1.0
687526,sa1169620,Marcus Smith,-0.00209196,1.0
692027,sa3015595,Jose Sanabria,-0.00209239,1.0
682090,sa3007326,Gionti Turner,-0.00209748,1.0
805168,sa3018977,Alejandro Nunez,-0.00210122,1.0
825924,sa3025551,Jackson Strong,-0.0021013,1.0
815448,sa3022575,Anthony Sherwin,-0.00210797,1.0
680775,sa3019836,Jacob Campbell,-0.00210956,1.0
674671,sa3004978,Robbie Glendinning,-0.00212003,1.0
682265,sa3017045,Wes Clarke,-0.00212061,3.9159
663618,sa3007010,Josh Stowers,-0.00212276,1.0
701401,sa3025630,Canyon Brown,-0.00212493,1.0
806263,sa3022613,Brandon Winokur,-0.00213023,1.0
674951,sa3006720,Nick Podkul,-0.0021353,1.0
800203,sa3019771,Kevyn Castillo,-0.00214827,1.0
689216,sa3020205,Jalen Battles,-0.00216198,1.0
805301,sa3020100,Jordan Dissin,-0.00216703,1.0
701100,sa3022601,Ben McCabe,-0.00216943,1.0
571980,13359,Tyler Naquin,-0.00217556,1.0
701906,sa3029111,Trevor Cohen,-0.00217579,1.0
691276,sa3016923,Luis Caicuto,-0.00217754,1.0
686638,sa3022482,Hunter Fitz-Gerald,-0.00217827,1.0
701696,sa3025405,Ryan Stafford,-0.00218244,1.0
685084,sa3011737,Jordan Brewer,-0.00218295,1.0
823185,sa3045857,Zane Zielinski,-0.00218345,1.0
641525,15214,Brandon Dixon,-0.0021878,1.0
806191,sa3022966,Tai Peete,-0.00219901,1.0
573349,sa502536,Hak-Ju Lee,-0.00220063,1.0
801670,sa3022658,Mike Boeve,-0.00220254,1.59203
825927,sa3025368,Rafe Perich,-0.00221374,1.0
694185,sa3015698,Danny De Andrade,-0.00221378,1.0
676939,sa3008183,Jimmy Herron,-0.00221381,2.41468
699144,sa3016171,Luis Ravelo,-0.00221806,1.0
703198,sa3018430,Kenni Gomez,-0.00222136,1.0
676646,19667,Zach Reks,-0.00222519,1.0
688403,sa3017048,Michael Sandle,-0.00222658,1.0
701805,sa3025435,Josh Caron,-0.00222795,1.0
691292,sa3015171,Angel Ortiz,-0.00223337,1.0
682276,sa3006548,Jose Cordova,-0.0022342,1.0
694399,sa3022674,Elijah Nunez,-0.00223442,1.0
692650,sa3016136,Carlos Amaya,-0.00223553,1.0
821100,sa3023757,Justin Gonzales,-0.00223923,1.0
826163,sa3025120,Carter Dorighi,-0.00224413,1.0
683145,sa3010696,Colin Barber,-0.00224693,1.09321
683609,sa3008904,Victor Duarte,-0.0022473,1.0
657029,sa3010582,McCarthy Tatum,-0.00225443,1.0
675986,23264,Canaan Smith-Njigba,-0.00225493,4.01289
806314,sa3020013,Beau Brewer,-0.00225657,1.0
676733,sa3004885,Mason Martin,-0.00225964,1.0
800393,sa3018549,Yeremy Cabrera,-0.00226084,1.0
807256,sa3067323,Josh Springer,-0.00226715,1.0
595373,14938,Jack Reinheimer,-0.00226754,1.0
801592,sa3025549,Zander Darby,-0.00228105,1.0
641531,15117,Hunter Dozier,-0.00228208,1.0
800643,sa3022684,Ty Hanchey,-0.00228619,1.0
681540,sa3018123,Dylan Neuse,-0.00228712,1.0
805268,sa3020099,Peyton Williams,-0.00229028,1.0
691948,sa3022497,Jordan Thompson,-0.00229033,1.0
680722,sa3007826,Nick Meyer,-0.00229208,1.0
702750,sa3016561,Edinson Duran,-0.00229531,1.0
828600,sa3067285,Hayden Gilliland,-0.0022959,1.0
828473,sa3066361,Zach Evans,-0.00229718,1.0
685337,sa3009763,Sergio Tapia,-0.00229873,1.0
703175,sa3018414,Freili Encarnacion,-0.0023005,1.0
675430,sa3017283,CJ Rodriguez,-0.00231858,1.0
668845,25524,Aaron Schunk,-0.00232081,13.4689
686744,sa3011559,Jake Snider,-0.00233101,1.0
800316,sa3018950,Alexander Albertus,-0.00233333,1.0
679602,sa3022748,Drew Ehrhard,-0.0023416,1.0
699213,sa3015813,Gleider Figuereo,-0.00235388,1.0
686541,sa3022495,Drew Compton,-0.00235794,1.0
815394,sa3025565,Theo Gillen,-0.00236026,1.0
656666,sa829268,Drew Lugbauer,-0.00236118,1.0
682867,sa3008826,Luis Pineda,-0.00236564,1.0
667727,22093,Steele Walker,-0.00236611,1.0
692729,sa3011932,Joo-Hyung Kim,-0.00236614,1.0
806872,sa3022336,Carlos Gutierrez,-0.00236649,1.0
699232,sa3015818,Anderdson Rojas,-0.00237738,1.0
656509,17216,Monte Harrison,-0.00238086,1.0
678584,sa3006187,Jose Acosta,-0.00239798,1.0
693832,sa3022428,Tre Richardson,-0.00240532,1.0
691416,sa3015535,Esteban González,-0.00240591,1.0
825761,sa3025440,Ryan Cesarini,-0.00240681,1.0
685460,sa3018912,Andrew Miller,-0.00240706,1.0
671495,sa3016952,Channy Ortiz,-0.0024072,1.0
815074,sa3025263,Derek Berg,-0.00240992,1.0
701339,sa3034152,Marek Houston,-0.00241124,1.0
694304,sa3022429,Cole Fontenelle,-0.00241424,1.0
519304,5663,Neftali Soto,-0.00241605,1.0
669671,sa3014817,Justin Lavey,-0.00241995,1.0
687431,sa3010889,Hudson Head,-0.00242951,1.0
688556,sa1169878,Brandon Parker,-0.002434,1.0
702214,sa3020213,Harry Owen,-0.00243405,1.0
801076,sa3022686,Justin Wishkoski,-0.00243443,1.23113
691600,sa3015352,Blayberg Diaz,-0.00243712,1.0
621433,14735,Brett Phillips,-0.00244066,1.0
669157,sa3004968,Tristen Lutz,-0.00244673,1.0
702068,sa3022811,Cole Gabrielson,-0.0024535,1.0
685392,sa3010336,Trevor Boone,-0.00246476,1.53766
677338,sa3010335,GJ Hill,-0.00246569,1.0
694310,sa3022597,Bryson Ware,-0.00246833,1.0
669288,19643,Daniel Johnson,-0.00246989,11.0483
665888,sa917065,Cristopher Navarro,-0.00247078,1.0
679788,sa3017017,Jack Rogers,-0.0024709,1.0
686952,sa3066528,Kyle Dernedde,-0.00248022,1.0
806061,sa3022507,Isaiah Drake,-0.00248194,1.0
800176,sa3018465,Carlos Sanchez,-0.00248627,1.0
808024,sa3021144,Carlos Virahonda,-0.00249058,1.0
692497,sa3014715,Estiven Machado,-0.00249066,1.0
694202,sa3015710,Manuel Beltre,-0.00249095,1.0
690992,sa3014540,Ed Howard,-0.00249675,1.0
808245,sa3021216,Starlyn Nunez,-0.00249969,1.0
683511,sa3009817,Jose Colmenares,-0.00250576,1.0
692232,sa3032413,Fernando Gonzalez,-0.00250691,1.0
695342,sa3016806,Colin Davis,-0.00250717,1.0
676423,sa3020085,Dylan Rock,-0.00251022,1.0
805763,sa3019936,Drake Logan,-0.00251899,1.0
800257,sa3018487,Yonatan Henriquez,-0.00251984,1.0
669714,sa918278,Brady Whalen,-0.00252049,1.0
699471,sa3019859,Ivan Melendez,-0.00252159,2.96115
691497,sa3016094,Lizandro Rodriguez,-0.00254562,1.0
805870,sa3021585,Hyungchan Um,-0.00254724,1.0
699475,sa3025169,Mitchell Daly,-0.00255017,1.0
656821,16593,Kevin Padlo,-0.00255442,1.15489
801978,sa3025392,Callan Moss,-0.0025579,1.0
696513,sa3020458,Andy Garriola,-0.00256251,1.0
691452,sa3019200,Ricardo Hurtado,-0.00256401,1.0
692221,sa3014717,Sammy Infante,-0.00257617,1.0
800508,sa3018580,Franyerber Montilla,-0.00257717,1.0
800345,sa3018525,Juan Baez,-0.00258329,1.0
669363,sa3004691,Jacob Gonzalez,-0.00259369,1.0
687823,sa1169950,Aaron Shackelford,-0.00259608,1.0
808368,sa3021851,Juan Sulbaran,-0.00259742,1.0
683091,sa3020117,Logan Tanner,-0.00259909,1.0
808232,sa3022306,Alirio Ferrebus,-0.00260496,1.0
808307,sa3021241,Kleyver Salazar,-0.00260522,1.0
699061,sa3016720,Rayne Doncon,-0.00261001,1.0
811764,sa3038041,Cody Miller,-0.00262056,1.0
805956,sa3025255,Kai Roberts,-0.00262761,1.0
570560,11602,Yolmer Sánchez,-0.00262897,1.79326
695023,sa3022502,Eddie Park,-0.00263277,1.0
686793,sa3010036,J.T. Arruda,-0.00263722,3.08263
683176,sa3023620,Nate Rombach,-0.00263831,1.0
692405,sa3015193,Jeremy Rivas,-0.00264071,4.91556
669233,sa3022556,Tony Bullard,-0.0026478,1.0
702208,sa3017903,Dillon Tatum,-0.00264897,1.0
678006,sa3008590,Nick Decker,-0.00265376,1.0
572039,13367,Stephen Piscotty,-0.00265876,1.0
676847,sa3004780,Shane Matheny,-0.00266007,1.0
805319,sa3019218,Dervy Ventura,-0.00266617,1.0
815089,sa3022829,Coby Morales,-0.00266717,1.0
814408,sa3022704,Jackson Hornung,-0.00267393,1.0
701548,sa3028297,Ali Camarillo,-0.00267651,1.0
703676,sa3031717,Ethan Frey,-0.00268091,1.0
682707,sa3011329,Jeremy De La Rosa,-0.00268817,1.23113
807647,sa3023710,Pablo Nunez,-0.00269532,1.0
696145,sa3017628,Lonnie White Jr.,-0.00270512,1.0
691601,sa3015565,Brenny Escanio,-0.0027122,1.0
691370,sa3014676,Juan Chacon,-0.00272188,1.0
673145,sa3002635,Geraldi Diaz,-0.00272689,1.0
543333,3516,Eric Hosmer,-0.0027293,1.0
800614,sa3066592,Bryce Rainer,-0.00273137,1.0
692374,sa3016541,Jose Ramos,-0.00273162,1.0
814362,sa3022441,Alberto Rios,-0.00273301,1.0
684576,sa1170516,Alex Isola,-0.00273311,3.6616
680814,25459,Peyton Burdick,-0.00273316,1.0
814430,sa3022927,Brett Callahan,-0.00273519,1.0
667803,sa3003173,Ernesto Martinez Jr.,-0.00273609,2.96115
800540,sa3020461,Hector Osorio,-0.00273939,1.0
806965,sa3021070,Starlyn Caba,-0.00274031,1.0
804109,sa3026235,Aiva Arquette,-0.00274136,1.0
688815,sa3017477,Anthony Quirion,-0.00274277,1.0
695742,sa3025357,Hudson White,-0.0027442,1.0
800197,sa3018474,Richard Ramirez,-0.00274913,1.0
702472,sa3017407,Austin Callahan,-0.0027505,1.23113
806959,sa3021067,Joendry Vargas,-0.00275679,1.0
820986,sa3023906,Hayden Alvarez,-0.00275792,1.0
687679,sa3011810,Angel Galarraga,-0.00275818,1.0
672775,sa3003331,Ghordy Santos,-0.00276278,1.0
641945,sa857823,Preston Palmeiro,-0.00276643,1.0
671117,29912,Darren Baker,-0.00276695,13.5403
698916,sa3018393,Rosman Verdugo,-0.00276765,1.0
821145,sa3023929,Josmir Reyes,-0.00276883,1.0
694378,sa3022498,Jacob Gonzalez,-0.00277433,4.63224
692852,sa3015672,Beycker Barroso,-0.00277577,1.0
809331,sa3021860,Brian Sanchez,-0.00277831,1.0
700369,sa3015864,Adrian De Leon,-0.00278553,1.0
804858,sa3020221,Bryan Rincon,-0.00278559,1.0
668752,27543,Duke Ellis,-0.00278683,3.56198
683152,sa3019837,Michael Curialle,-0.00279304,1.0
699031,sa3016157,Anyelo Encarnacion,-0.00279471,1.0
694227,sa3015725,Danyer Cueva,-0.00279527,1.0
677578,sa3005478,Carlos Rodríguez,-0.00279609,8.96183
695603,sa3017169,Benny Montgomery,-0.00279627,1.0
676038,sa3019963,Skyler Messinger,-0.00279852,1.0
680998,sa3017558,Branden Boissiere,-0.0027993,1.0
687553,sa3020201,Kamren James,-0.00279992,1.0
680994,sa3019888,Nick Biddison,-0.0028052,1.0
822177,sa3024375,Jose Cerice,-0.00280556,1.0
669245,sa3004722,Jacob Pearson,-0.00280765,1.0
683770,25467,Will Robertson,-0.00280955,3.515
700283,sa3015851,Derlin Figueroa,-0.00281128,1.0
689196,sa3025449,Owen Ayers,-0.00281206,1.0
702283,sa3020132,Tucker Toman,-0.00281502,1.0
680799,sa1115752,Seth Gray,-0.00281856,1.0
808706,sa3021639,Asbel Gonzalez,-0.00281926,1.0
677731,sa3004942,Francisco Hernandez,-0.00282695,1.0
815133,sa3025564,Cameron Sisneros,-0.00282748,1.0
676811,sa3004819,Quincy Nieporte,-0.00282963,1.0
684519,sa3008938,Omar De Los Santos,-0.00283608,1.0
682196,sa3007977,Miguel Pabon,-0.0028438,1.0
800253,sa3018942,Jeffrey Mercedes,-0.00284904,1.0
670712,19683,Mike Brosseau,-0.00285298,2.88421
815152,sa3025187,Theo Hardy,-0.00285723,1.0
666560,18497,ByungHo Park,-0.0028575,1.0
677341,sa3008110,Osiris Johnson,-0.00285934,1.0
694563,sa3025185,Harold Coll,-0.00286428,1.0
694222,sa3019895,Ambioris Tavarez,-0.00286967,1.0
800354,sa3018527,Esteban Mejia,-0.0028757,1.0
542583,11342,Jesús Aguilar,-0.00288139,1.0
807957,sa3022281,Yassel Soler,-0.00288199,1.0
683532,sa3011776,Christopher Familia,-0.00289193,1.0
807728,sa3022824,Carter Graham,-0.00289869,1.0
813852,sa3022440,Trey Paige,-0.00290174,1.0
683324,sa3017732,Nicolas Deschamps,-0.00290214,1.0
688500,sa3010720,Stephen Paolini,-0.002904,1.0
676205,sa3016955,Tyler Hardman,-0.00290496,1.0
694229,sa3016145,Enderso Lira,-0.00290542,1.0
826932,sa3066025,Cobb Hightower,-0.00290716,1.0
640458,16375,Óscar Mercado,-0.00291343,2.6344
701437,sa3017178,Jaden Rudd,-0.00291534,1.0
688551,sa3023052,Addison Kopack,-0.00291704,1.0
803142,sa3023055,Tommy Hawke,-0.0029266,1.0
678428,sa3005519,Joshwan Wright,-0.00292891,1.0
683228,sa3022589,Jared Thomas,-0.00293479,1.0
806983,sa3021083,Yophery Rodriguez,-0.00294091,1.0
699077,sa3016162,Jose Perez,-0.00294488,1.0
700840,sa3017877,Christian Olivo,-0.00294677,1.0
702517,sa3045125,Mason White,-0.00294986,1.0
692562,sa3015642,Alexis Hernandez,-0.00295202,1.0
803009,sa3019901,Jack Alexander,-0.00295691,1.0
683665,sa3008915,Alexander Suarez,-0.00295922,1.0
678362,sa3005507,Gilberto Jimenez,-0.0029616,1.0
685301,25855,Matt Gorski,-0.00296776,3.08263
814445,sa3042867,Jared Sprague-Lott,-0.0029707,1.0
836058,sa3027822,Ely Brown,-0.00297223,1.0
689909,sa3011629,Jadiel Sanchez,-0.00297303,1.0
598289,sa3011910,Bon Ki Shin,-0.00297421,1.0
664334,19938,Aaron Whitefield,-0.00297425,1.0
806982,sa3021082,Esmil Valencia,-0.00297773,1.0
800510,sa3018963,Samuel Gil,-0.00297841,1.0
813859,sa3022542,Nick Schwartz,-0.00298032,1.0
657669,sa829844,Riley Mahan,-0.00298677,1.0
682934,sa3008839,Dionmy Salon,-0.00298787,1.0
661541,sa915654,Donovan Casey,-0.00298997,1.0
807722,sa3023014,Maxton Martin,-0.00299153,1.0
808285,sa3022924,Alberth Palma,-0.00299238,1.0
827294,sa3025269,Edgar Alvarez,-0.00299277,1.0
671250,20040,Jorge Ona,-0.0029962,1.0
805052,sa3018638,Jesus Lopez,-0.00300097,1.0
408234,1744,Miguel Cabrera,-0.00300206,1.0
678803,sa3005924,Anthony Garcia,-0.00300996,1.0
673461,sa3015137,Yoelqui Céspedes,-0.003013,1.0
680690,sa3008249,Korey Holland,-0.00301328,1.0
643436,16524,Ryan McBroom,-0.00301611,1.0
800503,sa3018576,Enderson Delgado,-0.00302083,1.0
696141,sa3020239,Ryan Wrobleski,-0.00302212,1.0
814522,sa3025262,Caden Kendle,-0.00302841,1.0
807257,sa3066842,Ty Southisene,-0.00302932,1.0
656364,19872,Greg Deichmann,-0.00303816,1.0
677329,sa3023544,Matthew Clayton,-0.00303912,1.0
808060,sa3021159,Yoiber Ocopio,-0.00304769,1.0
821238,sa3023936,Marlon Quintero,-0.00304904,1.0
809763,sa3035283,Kaeden Kent,-0.00305176,1.0
680960,sa3022423,Caleb Bartolero,-0.00305239,1.0
666177,sa3010008,Carter Aldrete,-0.00305384,1.0
676628,20122,Mark Contreras,-0.00306155,2.67275
801903,sa3025171,Brock Tibbitts,-0.00306658,1.0
801471,sa3022813,Austin Deming,-0.0030838,1.0
694943,sa3017166,Juan Gonzalez,-0.00308403,1.0
815931,sa3023726,Yolfran Castillo,-0.00308462,1.0
815067,sa3022574,Aidan Longwell,-0.0030875,1.0
703149,sa3019674,Roderick Arias,-0.00308775,1.0
613564,16686,Jason Vosler,-0.00308926,13.1887
802474,sa3025469,Cameron Leary,-0.00308997,1.0
803849,sa3067320,Devin Fitz-Gerald,-0.00309069,1.0
703154,sa3018408,Yordany De Los Santos,-0.00309855,1.0
674630,sa3015014,AJ Lewis,-0.00309955,1.0
805126,sa3022689,Charlie Szykowny,-0.00310333,1.0
800377,sa3018540,Angel Mateo,-0.00310636,1.0
801260,sa3018606,Jairo Diaz,-0.00310963,1.0
805058,sa3019498,Luis Marquez,-0.00312094,1.0
690956,sa3014502,Werner Blakely,-0.00312145,1.0
684872,sa3008943,Jose Hernandez,-0.00312312,1.0
815044,sa3022511,Sam Mongelli,-0.00312337,1.0
805332,sa3019903,Justin Janas,-0.00312581,1.0
821041,sa3023917,Roldy Brito,-0.00312993,1.0
701820,sa3031730,Jacob Friend,-0.0031303,1.0
800139,sa3019204,Reylin Perez,-0.00313503,1.0
681230,sa3017287,BJ Murray Jr.,-0.00314188,3.9159
699111,sa3016824,Diego Omana,-0.00314397,1.0
666197,25813,Grae Kessinger,-0.0031456,5.4068
802511,sa3022889,Sam Shaw,-0.00315591,1.0
683569,sa3009309,Jose Colmenares,-0.00316297,1.0
814440,sa3022928,Weston Eberly,-0.00316403,1.0
701206,sa3015869,Willy Montero,-0.00316959,1.0
800440,sa3018564,Narciso Polanco,-0.00317567,1.0
682239,sa3009878,Luke Ritter,-0.0031842,16.681
689763,sa3017373,Kyler Castillo,-0.00318482,1.0
703150,sa3018405,Ricky Cabrera,-0.00319139,1.0
694191,sa3015703,Pedro Pineda,-0.00319273,1.0
691645,sa3015574,Jefrey De Los Santos,-0.00319435,1.0
800448,sa3018565,Echedry Vargas,-0.00319829,1.0
681941,sa3008297,Jaylen Palmer,-0.00319882,1.1936
800506,sa3018578,Luis Sanchez,-0.00320105,1.0
691476,sa3015548,Luis Encarnacion,-0.00321123,1.0
678866,sa3005928,Richard Paz,-0.00321153,1.0
805339,sa3019904,Nick Clarno,-0.00321194,1.0
689959,sa3019991,Caeden Trenkle,-0.00321239,1.01405
800433,sa3019509,Elis Cuevas,-0.00322294,1.0
691268,sa3015515,Yiddi Cappe,-0.00322298,1.0
800254,sa3018943,Abrahan Ramirez,-0.0032335,1.0
676155,sa3017555,Will Frizzell,-0.00323687,1.0
696510,sa3025512,Peyton Stovall,-0.00324216,1.0
703611,sa3037194,Maximus Martin,-0.00324225,1.0
701587,sa3025384,Rodney Green Jr.,-0.00324814,1.0
694318,sa3025241,Austin St. Laurent,-0.00325302,1.0
801522,sa3018613,Carlos Sanchez,-0.00325338,1.0
810053,sa3022436,Caleb Ketchup,-0.00325515,1.0
827504,sa3024156,Hector Salas,-0.00325975,1.0
684855,sa3017288,Jared Dupere,-0.00326891,1.0
686781,sa3010035,Brandon Lewis,-0.00327212,1.0
672850,sa3003360,Jorge Caballero,-0.00327428,1.0
668787,sa1170451,Bryce Ball,-0.00328,1.0
682653,26536,Warming Bernabel,-0.0032824,10.3182
800281,sa3018495,Roynier Hernandez,-0.00328328,1.0
685388,sa1159681,Colin Simpson,-0.00328744,1.0
672635,sa3003274,Luis Mieses,-0.00329427,1.85546
695530,sa3067075,Gio Cueto,-0.00329664,1.0
669282,sa1170052,Tanner Murphy,-0.00329672,1.0
814504,sa3067509,Dylan Fien,-0.0032998,1.0
641553,15082,Adam Engel,-0.00330274,1.0
802353,sa3025155,Christian Martin,-0.00330501,1.0
691949,sa3014473,Jake Vogel,-0.00330665,1.0
686981,sa3017397,Brenden Dixon,-0.00330784,1.01405
657212,sa3009866,Evan Edwards,-0.00331093,1.0
693243,sa3025600,Garrett Pennington,-0.00331623,1.0
681357,sa3017158,Cody Morissette,-0.00331651,2.08237
800438,sa3018563,Andrés Nolaya,-0.00331916,1.0
808684,sa3021855,Javier Mogollon,-0.00332169,1.0
694834,sa3025244,Tyler Wilson,-0.00332315,1.0
605548,16221,Bradley Zimmer,-0.00332439,1.0
699052,sa3015785,Manuel Mejias,-0.00332483,1.0
699712,sa3016826,Raylin Heredia,-0.00332609,1.0
673516,sa3008602,Victor Mesa,-0.00333295,1.0
815195,sa3022347,Wilder Dalis,-0.00333358,1.0
678828,sa3005925,Dereck Salom,-0.0033356,1.0
815906,sa3023892,Angel Feliz,-0.00334065,1.0
681068,sa3007057,Jayce Easley,-0.00334238,1.0
800348,sa3018526,Edwin Amparo,-0.00334587,1.0
803174,sa3043041,Anthony Stephan,-0.00334761,1.0
677577,sa3005716,Ynmanol Mariñez,-0.00334881,1.0
682618,sa3008743,Misael Urbina,-0.00335032,1.0
693309,sa3014460,Isaiah Greene,-0.0033582,1.0
657027,sa829082,Nick Tanielu,-0.00335849,1.0
695517,sa3025356,Casey Cook,-0.0033623,1.0
669327,sa3016854,Tanner Allen,-0.00336264,1.5752
815464,sa3022399,Lisbel Diaz,-0.00336851,1.0
684712,sa3008941,Wilber Sanchez,-0.00336926,1.0
807007,sa3021101,Jeremy Rodriguez,-0.00337527,1.0
672013,sa3011501,T.J. Schofield-Sam,-0.00337695,1.0
805957,sa3020354,Caleb Farmer,-0.00339555,1.0
687862,sa1169818,Cody Milligan,-0.00339695,3.04031
815608,sa3066665,Wyatt Sanford,-0.00339876,1.0
806985,sa3021085,Yoeilin Cespedes,-0.00340038,1.0
682011,sa3017109,Tyler Miller,-0.0034007,1.0
692484,sa3016120,Jean Arnaez,-0.00340822,1.0
691588,sa3014691,Ian Lewis,-0.00340913,1.0
663807,sa3007503,Nick Dalesandro,-0.00342009,1.0
687628,sa3020123,Justin Boyd,-0.00342328,1.0
676473,sa3004932,Lamar Sparks,-0.00342584,3.04031
807267,sa3066859,JD Dix,-0.00343101,1.0
694896,sa3023458,Caden Rose,-0.00343793,1.0
829703,sa3067717,Emmanuel Cedeno,-0.00343836,1.0
682637,sa3009275,Eduardo Lopez,-0.00344038,1.0
702977,sa3022753,Dillon Head,-0.00344431,1.0
680874,sa3020193,Tim Borden II,-0.00345056,1.0
666695,sa917127,Jonathan Guzmán,-0.00345072,1.0
800569,sa3018595,Alberto Barriga,-0.00345435,1.0
681538,sa3016962,Christian Molfetta,-0.00346042,1.0
694193,sa3015705,Victor Acosta,-0.00346092,1.0
800051,sa3020497,Austin Charles,-0.00346162,1.0
824742,sa3027614,Logan Braunschweig,-0.00346205,1.0
687701,sa3020274,Kaden Hollow,-0.00346527,1.0
809372,sa3031322,Victor Figueroa,-0.00346645,1.0
800193,sa3018472,Kelvin Hidalgo,-0.00346725,1.0
677628,sa3005727,Luis Rodriguez,-0.00347598,1.0
698929,sa3015736,Jesus Hernandez,-0.00348033,1.0
663682,sa3011254,Mike Salvatore,-0.00348177,1.0
821692,sa3023968,Cristian Arguelles,-0.00349846,1.0
699478,sa3020494,Justin Bench,-0.00351243,1.0
802018,sa3018619,Ryan Burrowes,-0.00351363,1.0
692489,sa3015195,Angel Del Rosario,-0.00351444,1.0
692390,sa3015614,Jose Cordoba,-0.00351547,1.0
702547,sa3025361,Caden Powell,-0.00351568,1.0
687315,sa3022807,Christian Pregent,-0.0035232,1.0
671925,sa3020413,Matt Coutney,-0.00352508,1.0
703639,sa3023603,Nico Perez,-0.00353672,1.0
680771,sa3007050,Mateo Gil,-0.00353854,1.0
802959,sa3025362,Max Holy,-0.00354375,1.0
703153,sa3018407,Samuel Munoz,-0.00354832,1.0
693746,sa3015678,Frank Hernandez,-0.00354846,1.0
624414,16434,Christian Arroyo,-0.00355167,4.9416
800200,sa3018475,Jonathan Linares,-0.00355392,1.0
800547,sa3018593,Ricardo Pena,-0.00355741,1.0
686982,sa3020273,Jared McKenzie,-0.00355957,1.0
699166,sa3016553,Edgardo Ordonez,-0.00356551,1.0
821607,sa3023953,Jose Marcano,-0.00357068,1.0
821181,sa3024329,Juneiker Caceres,-0.00357547,1.0
800463,sa3018568,Jean Joseph,-0.00358306,1.0
691435,sa3015541,Juan Castillo,-0.00358507,1.0
801629,sa3025153,Cade McGee,-0.00359461,1.0
827622,sa3067294,Jacob Lojewski,-0.00359767,1.0
691191,sa3014690,Jose Salas,-0.00360077,1.0
678807,sa3005565,Carlos Santiago,-0.00360122,1.0
815151,sa3022444,Mac McCroskey,-0.00360242,1.0
687436,sa3010597,Victor Torres,-0.00360698,1.0
694180,sa3015694,Wilman Diaz,-0.00361046,1.0
598265,12984,Jackie Bradley Jr.,-0.00361203,1.0
691571,sa3016095,Johan Macias,-0.00361697,1.0
814748,sa3022236,Dariel Ramon,-0.00361724,1.0
803475,sa3025224,Colby Jones,-0.003619,1.0
703160,sa3019557,Yasser Mercedes,-0.00362079,1.0
688714,sa3020204,Ryan Cermak,-0.0036224,1.0
815792,sa3067256,Chase Harlan,-0.00362242,1.0
815520,sa3025647,Braylon Payne,-0.00363447,1.0
699816,sa3019931,Jackson Loftin,-0.0036377,1.0
694294,sa3023089,Colton Vincent,-0.00364562,1.0
807643,sa3022184,Alfredo Alcantara,-0.00364782,1.0
686944,sa3067319,Grant Magill,-0.00365329,1.0
806980,sa3021080,Angel Cepeda,-0.00365395,1.0
807967,sa3021123,Jesus Fernandez,-0.00365528,1.0
682218,sa3011628,Tyler Reichenborn,-0.00366399,1.0
814442,sa3025415,Ivan Brethowr,-0.00367231,1.0
699293,sa3015826,Yohairo Cuevas,-0.00367989,1.0
811210,sa3022438,Kade Kretzschmar,-0.00368193,1.0
689047,sa3015057,Jacob Wetzel,-0.00368699,1.0
656967,sa829713,Evan Skoug,-0.00368763,1.0
700939,sa3022679,Bennett Lee,-0.00369472,1.0
804558,sa3022506,Raudi Rodriguez,-0.00369476,1.0
806273,sa3019946,Adam Retzbach,-0.00369622,1.0
647228,sa3005077,Adam Hall,-0.00370163,1.0
702550,sa3020615,Chandler Pollard,-0.0037073,1.0
808287,sa3021232,Luis Guevara,-0.0037074,1.0
681317,sa3022402,Jeremiah Boyd,-0.00370859,1.0
678832,sa3005570,Yunior Garcia,-0.00370995,1.0
815551,sa3025611,Trey Snyder,-0.00371037,1.0
695046,sa3067038,Drew Brutcher,-0.00371358,1.0
679734,sa3005598,Julio Carreras,-0.00371879,3.22703
673901,sa3017282,Vaun Brown,-0.00372076,1.5752
687811,sa3020275,Chris Lanzilli,-0.0037214,1.0
800953,sa3025200,Brady Day,-0.00372463,1.0
828395,sa3025370,Jason Schiavone,-0.00373859,1.0
622110,13836,Matt Duffy,-0.0037394,3.24449
691726,sa3022560,Kevin Sim,-0.00374725,1.0
803139,sa3022816,Pierce Bennett,-0.00375339,1.0
680910,sa3017155,Robby Martin Jr.,-0.00375348,1.0
703143,sa3018403,Cristhian Vaquero,-0.0037536,1.0
815924,sa3024928,Eduardo Beltre,-0.00376075,1.0
682775,sa3011260,Kervin Pichardo,-0.0037664,4.45269
800621,sa3021584,Logun Clark,-0.00377506,1.0
813880,sa3022827,Devin Saltiban,-0.00377727,1.0
806152,sa3023545,Walker Martin,-0.00378034,1.0
669717,25434,Will Wilson,-0.00378057,3.95844
678746,sa3005759,Diego Hernandez,-0.00378959,4.13342
808744,sa3025560,Cal Stark,-0.00379312,1.0
692944,sa3015673,Kevin Villavicencio,-0.00379459,1.0
689878,sa3020535,Colin Burgess,-0.00379598,1.0
698973,sa3016548,Jose Astudillo,-0.00379919,1.0
808288,sa3021233,Luis Lameda,-0.00380168,1.0
809720,sa3027616,Damian Bravo,-0.00380799,1.0
829854,sa3067767,Luis Arana,-0.00380922,1.0
699069,sa3016645,Elio Campos,-0.00381822,1.0
681879,sa3024896,Nick Lucky,-0.00381932,1.0
702889,sa3018400,Andy Lugo,-0.00382004,1.0
682646,sa3010023,Jairo Pomares,-0.0038267,3.50614
694065,sa3015693,Arxy Hernandez,-0.00382818,1.0
684541,sa3014882,Sahid Valenzuela,-0.00383449,1.5752
800179,sa3018466,Nolan Beltran,-0.0038423,1.0
801938,sa3022604,Avery Owusu-Asiedu,-0.00384723,1.0
814131,sa3021322,Derik Alcantara,-0.00384937,1.0
808665,sa3021290,Angel Acosta,-0.00385229,1.0
829398,sa3067709,Franklin Primera,-0.003853,1.0
800357,sa3018529,Ricardo Gonzalez,-0.00386219,1.0
683031,sa3008452,Jean Ramirez,-0.0038628,1.0
683616,sa3008907,Rodolfo Nolasco,-0.00386934,1.0
677601,sa3005488,Keyber Rodriguez,-0.00388038,4.05426
702995,sa3023167,Antonio Anderson,-0.00388077,1.0
702416,sa3015874,Leosdany Molina,-0.00388641,1.0
808041,sa3021156,Abraham Nunez,-0.00388765,1.0
690958,sa3022594,Drew Bowser,-0.00389024,1.0
678689,sa3005544,Neyfy Castillo,-0.00389243,2.0076
701594,sa3023486,Chris Brito,-0.00389915,1.0
694070,sa3015117,Yhoswar Garcia,-0.00390003,1.0
805102,sa3018644,Byron Chourio,-0.00390005,1.0
702311,sa3020825,Angel Zarate,-0.00390158,1.0
808696,sa3021638,Stiven Flores,-0.00390985,1.0
694181,sa3017480,Carlos Colmenarez,-0.00391564,1.0
681286,sa3017371,JT Schwartz,-0.00391934,3.04031
670208,sa918983,Matt Fraizer,-0.00392266,3.10675
701816,sa3067467,John Cristino,-0.0039263,1.0
670867,sa969045,Kevin Maitan,-0.00392856,1.0
800299,sa3018504,Diomedes Hernandez,-0.00392965,1.0
821672,sa3024143,Eduardo Rojas,-0.00393207,1.0
815874,sa3025417,Nick Roselli,-0.00393469,1.0
800266,sa3018489,Yordalin Pena,-0.00393476,1.0
702686,sa3020218,Everett Cooper III,-0.00394067,1.0
695770,sa3017172,Wes Kath,-0.00395817,1.0
692110,sa3034485,Core Jackson,-0.00395888,1.0
694204,sa3015712,Maikol Hernández,-0.00396498,1.0
821765,sa3023973,Jesus Pinto,-0.00396723,1.0
683270,sa3067036,Connor Dykstra,-0.00396848,1.0
827636,sa3067290,Trent Youngblood,-0.00396906,1.0
691177,sa3014689,Luis Rodriguez,-0.00396963,1.0
703183,sa3018420,Jose De Jesus,-0.00397571,1.0
806978,sa3021078,Robert Calaz,-0.00397584,1.0
820835,sa3042672,Kade Snell,-0.00398402,1.0
689731,sa3022403,Cole Roberts,-0.00398458,1.0
679751,sa3005602,Danny Bautista Jr.,-0.00399323,1.0
804710,sa3022570,Brennan Orf,-0.00399365,1.0
664068,17975,Scott Kingery,-0.00399405,8.63274
691262,sa3014702,Reginald Preciado,-0.00399471,1.0
827613,sa3067337,Derek Datil,-0.00399568,1.0
683539,sa3008887,Cristopher Barete,-0.00399846,1.0
814451,sa3025603,Jakob Christian,-0.00400246,1.0
831918,sa3067877,Marco Argudin,-0.0040027,1.0
809101,sa3025593,Tommy Hopfe,-0.00400499,1.0
701771,sa3025249,Billy Amick,-0.00401078,1.0
805075,sa3018641,Erick Torres,-0.00401411,1.0
807951,sa3021118,Rafhlmil Torres,-0.00401519,1.0
691186,sa3014687,Arol Vera,-0.00401564,2.0549
663731,21535,Connor Kaiser,-0.00401649,2.50574
691408,sa3015534,Maick Collado,-0.00401935,1.0
444482,2136,David Peralta,-0.00402007,6.51426
821150,sa3023764,Enddy Azocar,-0.00402806,1.0
701324,sa3019662,Oliver Carrillo,-0.0040281,1.0
694939,sa3022676,Marcus Brown,-0.00403146,1.0
663630,19928,Ryan McKenna,-0.0040321,9.45545
684715,sa3017160,Nic Kent,-0.0040328,2.92281
691897,sa3015583,Diego Gonzalez,-0.00403481,1.0
812430,sa3021317,Heriberto Caraballo,-0.00404304,1.0
683104,sa3020118,Trey Faltine,-0.00404396,1.0
681171,sa3022667,Gavin Dugas,-0.00404473,1.0
683534,sa3008885,Efrenyer Narvaez,-0.0040451,1.0
703178,sa3018416,Braylin Tavera,-0.00405437,1.0
813916,sa3067042,Kellon Lindsey,-0.00405785,1.0
830398,sa3067843,Elaineiker Coronado,-0.00405785,1.0
699228,sa3017481,Jakey Josepha,-0.00405987,1.0
686540,sa3025193,Owen Cobb,-0.00406849,1.0
814444,sa3025313,Will Turner,-0.00407174,1.0
676288,sa3014424,Baron Radcliff,-0.00408188,1.0
691464,sa3015547,Fernando Caldera,-0.00408471,1.0
801525,sa3018615,Wady Mendez,-0.00408567,1.0
682695,sa3008775,Yohander Martinez,-0.00409324,1.0
678010,sa3007639,Nick Schnell,-0.00409346,2.96115
807080,sa3067040,Eric Hartman,-0.00409857,1.0
821065,sa3023920,Queni Pineda,-0.00410093,1.0
808289,sa3021234,Julio Zayas,-0.00410127,1.0
807239,sa3022821,Bernard Moon,-0.00410158,1.0
800029,sa3018445,Modeifi Marte,-0.00410483,1.0
683172,sa3010025,Joe Naranjo,-0.00410645,1.31029
800685,sa3019866,Sonny DiChiara,-0.0041103,1.0
687667,sa3016076,Luis Valdez,-0.00411269,1.0
696045,sa3015202,Yosy Galan,-0.00411469,1.0
683301,sa3022557,Bryce Arnold,-0.00411471,1.0
682685,sa3008771,Cristian Gonzalez,-0.00411717,1.0
691708,sa3015187,Junior Tilien,-0.00414032,1.0
680740,sa3023651,Kyle Hess,-0.0041468,1.0
694320,sa3025242,Jack Costello,-0.00414806,1.0
690904,sa3019994,Cameron Masterman,-0.00415461,1.0
801740,sa3018969,Karell Paz,-0.00415532,1.0
669722,25844,Logan Davidson,-0.00415756,2.08639
814278,sa3021327,Jorge Lara,-0.00416024,1.0
503556,5497,Marwin Gonzalez,-0.00416035,1.0
668888,sa917936,Hudson Potts,-0.00416317,1.0
700385,sa3015865,Gabriel Silva,-0.00416605,1.0
681201,sa3020116,Tanner O'Tremba,-0.00416616,1.0
694930,sa3014468,Carson Taylor,-0.00418178,5.46319
694218,sa3015720,Yeison Morrobel,-0.00418219,1.0
673064,sa3007023,Alex Hall,-0.00418438,1.0
815902,sa3024305,Yandel Ricardo,-0.00418899,1.0
821262,sa3024133,José Anderson,-0.00419715,1.0
828335,sa3025225,Titus Dumitru,-0.00419824,1.0
687543,sa3019979,Andrew Jenkins,-0.00419894,1.0
691685,sa3011632,Jean Perez,-0.00420316,1.0
815380,sa3067329,Luke Dickerson,-0.00420518,1.0
694186,sa3015699,Shalin Polanco,-0.00420642,1.0
701520,sa3069067,Bobby Blandford,-0.00420698,1.0
806124,sa3022964,Colin Houck,-0.00420786,1.0
800160,sa3018458,Alberto Mendez,-0.00421168,1.0
695493,sa3026520,Teo Banks,-0.00422068,1.0
686683,sa3022558,Tevin Tucker,-0.00422303,1.0
678093,sa3025192,Micah McDowell,-0.00422359,1.0
702217,sa3022536,Will McGillis,-0.00422538,1.0
821666,sa3023775,Santiago Camacho,-0.00423017,1.0
800206,sa3018479,Yerald Nin,-0.00423144,1.0
821136,sa3024124,Handelfry Encarnacion,-0.00423767,1.0
687942,sa3019823,Torin Montgomery,-0.00424083,1.0
827628,sa3025441,Garrett Howe,-0.00424989,1.0
683007,sa3022668,Darius Perry,-0.00425192,1.0
683170,sa3010870,Kadon Morton,-0.00425654,1.0
701701,sa3022656,Quincy Scott,-0.00426064,1.0
695604,sa3017697,T.J. White,-0.00426288,1.0
660650,20926,Dérmis Garcia,-0.00426411,2.58606
682656,sa3009834,Sergio Campana,-0.00427312,1.0
808291,sa3021615,Tyler Rodriguez,-0.00427406,1.0
682714,sa3008782,Yoander Rivero,-0.00427415,1.0
801932,sa3067170,Alex McCoy,-0.00427746,1.0
808099,sa3021173,Yoiber Ruiz,-0.00427932,1.0
701327,sa3020210,Elijah Green,-0.0042824,1.0
680854,sa3006221,Junior Gonzalez,-0.00429231,1.0
800204,sa3018477,Derek Bernard,-0.00429306,1.0
671155,sa1169627,Ivan Johnson,-0.00429413,3.04031
815697,sa3022618,Arturo Disla,-0.00429647,1.0
829977,sa3068406,Ivan Torres,-0.00431256,1.0
675440,sa3017327,Mike Peabody,-0.00431628,1.0
822676,sa3036445,Alex Lodise,-0.00431934,1.0
699698,sa3016186,Ricardo Cova,-0.00433149,1.0
806995,sa3021093,Filippo Di Turi,-0.004333,1.0
690996,sa3025355,T.J. McCants,-0.00433579,1.0
802005,sa3032524,Gunner Gouldsmith,-0.00433677,1.0
702522,sa3069071,Aiden Taurek,-0.00433993,1.0
702409,sa3015873,Jorge Ruiz,-0.00434234,1.0
801726,sa3018616,Santiago Gomez,-0.00434601,1.0
827672,sa3067338,Jude Warwick,-0.00434635,1.0
803241,sa3018629,Jose Escobar,-0.0043464,1.0
829033,sa3067674,Elian Peña,-0.0043498,1.0
691261,sa3015229,Jose Pastrano,-0.00435005,1.0
695013,sa3023054,Kalae Harrison,-0.00435091,1.0
668860,sa3014934,Kale Emshoff,-0.00435543,1.0
692378,sa3015612,Elian Rayo,-0.00435693,1.0
805931,sa3022610,Caleb Hobson,-0.00435761,1.0
815894,sa3024107,Jorge Quintana,-0.00436797,1.0
823703,sa3025266,Anthony Donofrio,-0.00436836,1.0
691411,sa3015232,Luis Durango,-0.00437056,1.0
800327,sa3018516,Juan Perez,-0.004376,1.0
701152,sa3022655,Devin Hurdle,-0.00437777,1.0
806921,sa3021064,Yannic Walther,-0.00438585,1.0
808236,sa3021210,Luiyin Alastre,-0.00438626,1.0
692412,sa3018383,Elis Barreat,-0.00439156,1.0
691397,sa3015529,Juan Garcia,-0.00439285,1.0
703161,sa3018413,Alexis Hernandez,-0.00439597,1.0
701295,sa3022922,Benjamin Blackwell,-0.00439755,1.0
699082,sa3015792,Yhoangel Aponte,-0.00440892,1.0
678690,sa3005755,Carlos Aguiar,-0.00440925,1.0
683364,sa3009191,Carlos Dominguez,-0.0044169,1.0
703177,sa3018415,Jhonny Severino,-0.00442252,1.0
821237,sa3024130,Kevin Garcia,-0.00442577,1.0
703194,sa3018426,Randy De Jesus,-0.00442996,1.0
695554,sa3019929,Tayden Hall,-0.00443468,1.0
691584,sa3016096,Yeremi Villahermosa,-0.00443689,1.0
695538,sa3030270,Randal Diaz,-0.00443847,1.0
692615,sa3015656,Jhonny Perdomo,-0.00443931,1.0
821073,sa3023751,Jirvin Morillo,-0.00444789,1.0
800195,sa3019465,Jorgelys Mota,-0.00445127,1.0
682728,sa3009641,Luis Chevalier,-0.00445205,1.0
683529,sa3008883,Milkar Perez,-0.00445252,1.0
693763,sa3015679,Alvaro Aguero,-0.00445326,1.0
806984,sa3021084,Arnaldo Lantigua,-0.004456,1.0
800294,sa3018501,Waner Luciano,-0.00445788,1.0
821171,sa3024327,Dauri Fernandez,-0.00446284,1.0
694369,sa3022673,Cole Foster,-0.00446639,1.0
641924,16448,Jacob Nottingham,-0.00447318,1.0
809091,sa3067265,Ben Newton,-0.00447602,1.0
805953,sa3022691,Anthony Huezo,-0.00447603,1.0
691926,sa3015590,Jeral Toledo,-0.00447755,1.0
702908,sa3018401,Guillermo Williamson,-0.00448207,1.0
800329,sa3018517,Alexander Martinez,-0.00449435,1.0
692364,sa3016109,Cesar Quintas,-0.00449622,1.0
687285,sa3019921,Troy Schreffler Jr.,-0.00449755,1.0
692564,sa3015643,Johnfrank Salazar,-0.00450037,1.0
821079,sa3023923,Randy Soto,-0.0045105,1.0
661733,sa3007631,Max Burt,-0.00451832,1.7926
688875,sa3066861,Trace Willhoite,-0.00451932,1.0
701864,sa3020003,Griffin Doersching,-0.00452019,1.0
800302,sa3018505,Mairoshendrick Martinus,-0.00452098,1.0
808090,sa3021169,José Mejía,-0.00452206,1.0
678413,sa3005515,Alexfri Planez,-0.00452267,4.45269
693809,sa3015686,Dilan Granadillo,-0.00452547,1.0
815653,sa3066822,Tyson Lewis,-0.00452926,1.0
802135,sa3022659,Braden Barry,-0.00453176,1.0
690448,sa3017401,Mike Jarvis,-0.00453985,1.0
821637,sa3023774,Deinys Gonzalez,-0.00454571,1.0
806981,sa3021081,Luis Almeyda,-0.00454645,1.0
800068,sa3018926,Isaac Pena,-0.00455582,1.0
834966,sa3032686,Dylan Grego,-0.00455648,1.0
829035,sa3067045,Andrew Salas,-0.00455739,1.0
694689,sa3022809,Dominic Pitelli,-0.00455935,1.59203
691252,sa3014710,Jhon Diaz,-0.00456029,1.0
682191,sa3007331,Dawson Dimon,-0.0045627,1.0
800182,sa3018467,Bryan Andrade,-0.00456337,1.0
821009,sa3023547,Cesar Hernandez,-0.00456496,1.0
808121,sa3021182,Daniel Campos,-0.00457141,1.0
694742,sa3022865,Josh Moylan,-0.00458075,1.0
688394,sa3019925,Jordan Sprinkle,-0.00458289,1.0
703641,sa3019899,Adrian Rodriguez,-0.00458951,1.0
806621,sa3067639,Francisco Perez,-0.00459129,1.0
687545,sa3020200,Blake Robertson,-0.00459907,1.0
821268,sa3024639,Yoneiker Lugo,-0.00459932,1.0
801698,sa3023141,Ryan Wilson,-0.00461109,1.0
800516,sa3018582,Alberto Hernandez,-0.00461291,1.0
690983,sa3022918,Hunter Haas,-0.00461354,1.0
821682,sa3024144,Christian Astudillo,-0.00461394,1.0
815528,sa3067330,Ediel Rivera,-0.00461833,1.0
823727,sa3024380,Carlos  Garces,-0.00461839,1.0
678986,sa3007914,Jesus Moreno,-0.00462038,1.0
821645,sa3023960,Anthony Marquez,-0.00462795,1.0
691988,sa3011851,Marcos De La Rosa,-0.00462919,1.0
701661,sa3015871,Cristian Garcia,-0.00463297,1.0
821784,sa3024482,Isaac Ponce,-0.00463737,1.0
800434,sa3018562,Jose Alpuria,-0.00464022,1.0
815911,sa3024109,Edgar Montero,-0.0046454,1.0
687493,sa3017333,Luke Brown,-0.00464765,1.0
687262,sa3067209,Jorge Corona,-0.00464977,1.0
808267,sa3021222,Jose Monzon,-0.00465077,1.0
669015,sa3006866,Caberea Weaver,-0.00465493,1.0
826928,sa3067044,Owen Carey,-0.0046582,1.0
805804,sa3022817,George Wolkow,-0.00466018,1.0
701106,sa3020002,Chase Valentine,-0.00466044,1.0
663979,sa3008029,Kyle Datres,-0.00466164,1.58608
685298,sa3010702,Cade Bunnell,-0.00467774,1.0
699709,sa3016872,Marco Soto,-0.00467785,1.0
682631,sa3008749,Eduarqui Fernandez,-0.00468118,1.0
807975,sa3021126,Yeiker Reyes,-0.00468562,1.0
820886,sa3023731,Justin Capellan,-0.00468707,1.0
687206,sa3020121,Tres Gonzalez,-0.00468924,4.01592
701860,sa3025170,Carter Cunningham,-0.00469389,1.0
830459,sa3068235,Jhon GIl,-0.00469695,1.0
691927,sa3015591,Enmanuel Terrero,-0.00469807,1.0
687136,sa3010887,Spencer Henson,-0.00470076,1.0
683536,sa3008886,Jose Escorche,-0.00470143,1.0
800170,sa3021055,Luis Rodriguez,-0.00470657,1.0
828589,sa3067341,Max Durrington,-0.0047143,1.0
692031,sa3015596,George Feliz,-0.00471487,1.0
687260,sa3022591,Brian Kalmer,-0.00472047,1.0
688457,sa3019985,Gavin Cross,-0.00472236,4.05426
699017,sa3015770,Wesley Zapata,-0.00472276,1.0
675628,sa3010395,Darius Hill,-0.00472732,2.78016
823809,sa3038233,Nick Monistere,-0.00473439,1.0
695223,sa3015729,Javier Francisco,-0.00474314,1.0
807759,sa3022191,Estarling Mercado,-0.00474352,1.0
702596,sa3020005,Yeniel Laboy,-0.00475382,1.0
699127,sa3015801,Luis Castillo,-0.00475692,1.0
815909,sa3023723,Luis Cova,-0.00476424,1.0
687751,sa3020202,Cortland Lawson,-0.00476682,2.96115
801187,sa3022433,Chase Adkison,-0.00477002,1.0
682725,sa3008785,Cristhian Rodriguez,-0.00477046,1.0
806083,sa3023546,J.D. Gonzalez,-0.00477928,1.0
699076,sa3016331,Juan Alonso,-0.00478668,1.0
694201,sa3015709,Abel Bastidas,-0.00478786,1.0
829034,sa3067675,Josuar Gonzalez,-0.00478791,1.0
821689,sa3024357,Francisco Espinoza,-0.0047927,1.0
815755,sa3023073,Kevin Bruggeman,-0.00480472,1.0
703195,sa3018427,Bryan Acuna,-0.00481429,1.0
703813,sa3022888,Wooyeoul Shin,-0.00481718,1.0
800444,sa3018959,Nikau Pouaka-Grego,-0.00481806,1.0
809244,sa3025156,Bryce Madron,-0.00482127,1.0
801507,sa3023269,Jake Cunningham,-0.00482366,1.0
808162,sa3021198,Joshua Liranzo,-0.00482717,1.0
703680,sa3029229,Brandon Compton,-0.00482726,1.0
828667,sa3025230,Ching-Hsien Ko,-0.00482967,1.0
800597,sa3022484,Nik McClaughry,-0.00483061,1.0
805366,sa3023270,Cole Urman,-0.00484087,1.0
821379,sa3024340,Juan Mateo,-0.0048484,1.0
804119,sa3027420,Bobby Boser,-0.00485143,1.0
684109,sa3011857,Jesus Bugarin,-0.00485344,1.0
806161,sa3022692,Yahil Melendez,-0.00486364,1.0
694336,sa3020537,Dom Johnson,-0.00486773,1.0
804879,sa3018975,Elvis Rijo,-0.00486969,1.0
678863,sa3005576,Carlos Arroyo,-0.00487506,1.0
691398,sa3015176,Yerlin Confidan,-0.00487688,1.0
800276,sa3018494,Juan Villavicencio,-0.00487761,1.0
800201,sa3018476,Rafael Ramirez Jr.,-0.0048847,1.0
689141,sa3019987,Anthony Hall,-0.00488739,1.0
690944,sa3019803,Curtis Washington Jr.,-0.00488838,1.0
821523,sa3023948,Victor Leal,-0.00488979,1.0
699002,sa3016972,Angel Arevalo,-0.00489208,1.0
814696,sa3023288,Jaron Elkins,-0.00490208,1.0
800056,sa3022505,Jace Grady,-0.00490346,1.0
815921,sa3023896,Yohendry Sanchez,-0.00490352,1.0
829069,sa3067697,Elorky Rodriguez,-0.00490566,1.0
815268,sa3023666,Patrick Lee,-0.00490654,1.0
691265,sa3019199,Junior Sanchez,-0.00490801,1.0
808118,sa3021180,Félix Amparo,-0.00491229,1.0
815017,sa3023882,Josueth Quinonez,-0.00491446,1.0
815299,sa3022512,Will Verdung,-0.00491466,1.0
800126,sa3018450,Alain Camou,-0.00491542,1.0
806884,sa3021063,Luis Escudero,-0.00491616,1.0
687731,sa3022592,Trevor Werner,-0.00491745,1.0
688780,sa3019986,Luke Gold,-0.00492672,1.0
701333,sa3042129,Colby Shelton,-0.00492839,1.0
809921,sa3025538,Jake Steels,-0.00492879,1.0
806238,sa3019766,Gabriel Gomes,-0.00493006,1.0
808302,sa3021239,Juan Ortega,-0.00493521,1.0
815897,sa3024304,Robert Arias,-0.00493825,1.0
808096,sa3021172,Reiner Herrera,-0.00493832,1.0
701689,sa3025526,Vance Honeycutt,-0.00494186,1.0
680396,sa3019852,Joe Stewart,-0.00494301,1.0
823277,sa3037490,Cole McConnell,-0.00494875,1.0
815150,sa3025416,Carter Frederick,-0.004952,1.0
821782,sa3067643,Andreimi Antunez,-0.00495468,1.0
829949,sa3067801,Sebastian Blanco,-0.00495519,1.0
815922,sa3025018,Franklin Rojas,-0.00495598,1.0
694380,sa3022598,Jack Moss,-0.00496046,1.0
825646,sa3067129,Juan Sanchez,-0.004961,1.0
808702,sa3021301,Jorge Hernandez,-0.00496347,1.0
691939,sa3022427,Jake DeLeo,-0.00496779,1.0
703204,sa3018435,Esmith Pineda,-0.00497346,1.0
800256,sa3018486,Natanael Yuten,-0.00497488,1.0
815010,sa3022283,Junior Garcia,-0.00497509,1.0
829037,sa3067677,Kevin Alvarez,-0.00497717,1.0
683341,sa3014507,David Calabrese,-0.00497812,2.4692
694184,sa3015697,Cristian Santana,-0.00498133,1.0
815933,sa3023727,Leandro Romero,-0.0049857,1.0
696291,sa3017294,Jordan McCants,-0.00498689,1.0
815898,sa3023720,Yovanny Rodriguez,-0.00499216,1.0
821599,sa3023951,Daniel Flames,-0.00499428,1.0
703205,sa3018436,Fraymi De Leon,-0.00499446,1.0
829059,sa3066666,Johan De Los Santos,-0.00499515,1.0
809719,sa3025258,Austin Green,-0.00500099,1.0
703483,sa3045282,Dixon Williams,-0.00500143,1.0
680711,sa3008184,Cole Roederer,-0.00500969,3.00196
829734,sa3067729,Eybert Sanchez,-0.00501242,1.0
829987,sa3067820,Carlos Torres,-0.00501389,1.0
808503,sa3021632,Jeremy Almonte,-0.0050148,1.0
815325,sa3022898,B.Y. Choi,-0.00501641,1.0
800106,sa3018449,Marcos Torres,-0.00501703,1.0
686445,sa3010704,Sammy Siani,-0.0050316,4.23381
681134,sa3016959,Caleb Roberts,-0.00503226,6.70079
666179,20493,Seth Beer,-0.00503407,1.78217
811602,sa3022486,Yimy Tovar,-0.00503464,1.0
814546,sa3022256,Eriandys Ramon,-0.00503491,1.0
687340,sa3022669,Kiko Romero,-0.00504908,1.0
692694,sa3016639,Albertson Asigen,-0.00504919,1.0
821791,sa3023784,Angel Brachi,-0.00504994,1.0
813620,sa3022926,Carson Rucker,-0.00504994,1.0
814842,sa3022257,Neurelin Montero,-0.00507089,1.0
821763,sa3024148,Hector Campusano,-0.00507251,1.0
821101,sa3024477,Ezequiel Pena,-0.00507294,1.0
812442,sa3067530,Stephen Hrustich,-0.00507315,1.0
691770,sa3017559,Braylon Bishop,-0.00507358,1.0
807277,sa3066457,Nick Montgomery,-0.00507706,1.0
808818,sa3022925,David Smith,-0.00508408,1.0
691616,sa3014692,Hedbert Perez,-0.00508434,1.0
678652,sa3005538,Jesus Chirinos,-0.00508497,1.0
703152,sa3018406,Anthony Gutierrez,-0.00508574,1.0
694838,sa3022501,Joe Vetrano,-0.00508702,1.0
682182,sa3014823,J.C. Correa,-0.00508762,1.49262
821057,sa3023919,Erick De La Cruz,-0.00508975,1.0
686766,sa3014885,William Simoneit,-0.00509043,1.0
692556,sa3016122,Kelvin Diaz,-0.00509589,1.0
703158,sa3018411,Jonathan Mejia,-0.00509595,1.0
825479,sa3067652,Luis De Leon,-0.00509861,1.0
800380,sa3018542,Raynerd Ortega,-0.00510199,1.0
685776,sa3008952,Stiven Acevedo,-0.00510537,1.0
672537,sa3005712,Dalvy Rosario,-0.00510808,1.23113
829997,sa3068225,Ricardo Romero,-0.00510951,1.0
813842,sa3028273,Chase Call,-0.00511316,1.0
821197,sa3024128,Juan Martinez,-0.00511373,1.0
814294,sa3021329,Dario Reynoso,-0.00511572,1.0
701010,sa3018215,Roque Salinas,-0.00511632,1.0
825153,sa3067646,Juan Torres,-0.00512081,1.0
691396,sa3015528,Iverson Espinoza,-0.00512142,1.0
663550,21078,Trey Cabbage,-0.00512285,12.9542
829868,sa3067775,Anderson Areinamo,-0.00512516,1.0
691561,sa3015558,Jose Meza,-0.00512568,1.0
805737,sa3019807,Bjay Cooke,-0.0051371,1.0
827410,sa3067663,Anderson Araujo,-0.00513955,1.0
682793,sa3008805,Bryan Gonzalez,-0.0051429,1.0
694552,sa3022675,Jack Payton,-0.00514737,1.0
808116,sa3021601,Pedro Dalmagro,-0.00514778,1.0
803001,sa3067548,Caleb McNeely,-0.00515988,1.0
815966,sa3023899,Irvin Nunez,-0.00516045,1.0
826164,sa3025369,Drew Vogel,-0.00516518,1.0
806120,sa3023012,Kyle Henley,-0.00516587,1.0
829741,sa3067732,Sebastian Dos Santos,-0.00517549,1.0
806306,sa3020223,Cameron Decker,-0.00517796,1.0
827285,sa3023793,Diwarys Encarnacion,-0.00517813,1.0
692074,sa3016821,Luis Marinez,-0.00518348,1.0
682662,sa3009534,Rafael Morel,-0.00518907,1.0
821803,sa3023977,Carlos Villarroel,-0.00519936,1.0
701592,sa3067039,Luke Davis,-0.00520058,1.0
701811,sa3025197,John Spikerman,-0.00520852,1.0
694541,sa3031022,Alan Espinal,-0.00521235,1.0
681075,sa3007877,Jack Herman,-0.00521419,1.0
821694,sa3024360,Kevin Robledo,-0.00522133,1.0
805801,sa3022893,Nazzan Zanetello,-0.00522418,1.0
681044,sa3017157,EJ Andrews Jr.,-0.00522834,1.0
829996,sa3068408,Ricardo Chirinos,-0.00523015,1.0
833207,sa3067885,Yeider Mindiola,-0.00523216,1.0
815097,sa3022930,Mikey Kane,-0.00523218,1.0
677572,sa3005715,Alvaro Gonzalez,-0.00523462,1.0
702292,sa3019864,Chase Luttrell,-0.00523491,1.0
699235,sa3016336,David Leon,-0.00523725,1.0
830410,sa3067847,Yoelvis Betancourt,-0.00523979,1.0
807746,sa3022508,Kade Kern,-0.00524038,1.0
806012,sa3020355,Taishi Nakawake,-0.00524075,1.0
701062,sa3025309,Alec Makarewicz,-0.0052507,1.0
691867,sa3018381,Joseph Rodriguez,-0.00525082,1.0
703180,sa3018418,Yendry Rojas,-0.00525169,1.0
681323,sa3017044,Alex Binelas,-0.00525182,3.00196
806967,sa3021072,Brailer Guerrero,-0.00525566,1.0
687470,sa1170749,Chandler Redmond,-0.00525687,2.0333
812518,sa3034572,Camden Janik,-0.00525777,1.0
829903,sa3067789,Manuel Almeida,-0.00525891,1.0
821657,sa3024645,Gabriel Rodriguez,-0.00525908,1.0
699020,sa3015771,Adari Grant,-0.0052641,1.0
696264,sa3017376,Tyler Whitaker,-0.00526498,1.0
691605,sa3015566,Miguel Briceno,-0.00526648,1.0
677605,sa3006888,Luis Verdugo,-0.00527099,4.05426
692417,sa3015624,Willmer De La Cruz,-0.00527257,1.0
696020,sa3016835,Raudelis Martinez,-0.00527332,1.0
800496,sa3019212,Yohander Linarez,-0.00527421,1.0
800426,sa3018561,Raylin Ramos,-0.00528272,1.0
682801,sa3008808,Noelberth Romero,-0.00528274,1.23113
570481,13369,Erik González,-0.00529733,1.79326
821128,sa3023927,Eriel Dihigo,-0.00530231,1.0
821697,sa3023970,Reyli Mariano,-0.00531224,1.0
811633,sa3022361,Yosweld Vasquez,-0.00531329,1.0
683459,sa3009299,Dayro Perez,-0.00531387,1.0
815147,sa3022760,Wilson Rodriguez,-0.00531524,1.0
690443,sa3016922,Mike Antico,-0.00531854,7.8597
823651,sa3024651,Juan Pablo Cabrera,-0.00531985,1.0
806994,sa3020884,Luis Guanipa,-0.00532183,1.0
808298,sa3021238,Heriberto Rincon,-0.00532334,1.0
703144,sa3018404,Ryan Reckley,-0.00533305,1.0
701833,sa3017429,Jordan Viars,-0.0053341,1.0
657088,16496,Forrest Wall,-0.00533759,12.3035
694206,sa3018388,Daniel Guilarte,-0.00534184,1.0
830000,sa3067824,Gustavo Baptista,-0.00535129,1.0
821099,sa3024635,Wuinder Torres,-0.00535641,1.0
808342,sa3021256,Anyelo Gonzalez,-0.00535763,1.0
692453,sa3014718,Roismar Quintana,-0.00535799,1.0
829959,sa3067804,Jose M. Mendoza,-0.00536138,1.0
806993,sa3021092,German Ramirez,-0.00536249,1.0
801176,sa3022687,Cam Fisher,-0.00536434,1.0
699053,sa3015786,Christopher Espinola,-0.00536494,1.0
801460,sa3018612,Maykel Minoso,-0.00536728,1.0
698941,sa3015744,Angel Tejada,-0.00537351,1.0
801430,sa3022434,Brayden Jobert,-0.00537682,1.0
808338,sa3021254,Pedro Ibarguen,-0.00538141,1.0
830449,sa3067858,Jose Rivas,-0.00538443,1.0
821688,sa3024356,Jemone Nuel,-0.00538617,1.0
801881,sa3025201,Jacob Jenkins-Cowart,-0.00538811,1.0
821817,sa3023979,Euri Rosa,-0.00539297,1.0
686673,sa3010032,Will Bartlett,-0.00539792,1.0
808142,sa3021192,Jose Urbina,-0.005406,1.0
695289,sa3025119,Dustin Crenshaw,-0.00540758,1.0
688509,sa3025307,Lyle Miller-Green,-0.00540797,1.0
682722,sa3008784,Isaac De León,-0.00540864,1.0
699305,sa3016825,Diego Mosquera,-0.00541045,1.0
695370,sa3016999,Thomas Francisco,-0.00541233,1.0
699027,sa3016156,Jose Suarez,-0.00541252,1.0
691188,sa3014697,Robert Puason,-0.00541378,1.0
829813,sa3067756,Miguel Caraballo,-0.005415,1.0
832559,sa3068240,Diego Contreras,-0.00541536,1.0
693808,sa3015685,Daury Arias,-0.00542101,1.0
675992,sa3016954,Shane Muntz,-0.00542306,1.0
802398,sa3023707,Sebastian Baquera,-0.00542715,1.0
811339,sa3025158,Josh Kross,-0.00543318,1.0
689235,sa3010047,Yassel Pino,-0.00543562,1.0
691418,sa3015536,Lexer Saduy,-0.00543806,1.0
808103,sa3022414,Edwardo Espinal,-0.00543856,1.0
821187,sa3024330,Juan Ortuno,-0.00543899,1.0
703742,sa3022754,Edrick Felix,-0.00544287,1.0
829055,sa3068523,Eliomar Garces,-0.00545367,1.0
832703,sa3067878,Nauris De La Cruz,-0.0054563,1.0
691905,sa3016306,Ricardo Rosario,-0.00545733,1.0
829905,sa3067124,Yulian Barreto,-0.00546273,1.0
808261,sa3021844,Marcos Terrero,-0.00546874,1.0
829061,sa3067692,Haritzon Castillo,-0.0054728,1.0
678247,sa3006897,Leandro Emiliani,-0.00547878,1.0
656248,21270,Sean Bouchard,-0.00548159,11.4419
808516,sa3021278,Andres Valor,-0.00548352,1.0
825269,sa3067649,Jose Verdugo,-0.00548434,1.0
815913,sa3024627,Stiven Martinez,-0.00548449,1.0
694976,sa3016927,Osvaldo Tovalin,-0.00548482,1.0
543228,9627,Yan Gomes,-0.00549317,6.40373
815877,sa3025550,Jeremiah Jenkins,-0.00549334,1.0
811083,sa3067325,Andrew Tess,-0.00549756,1.0
810891,sa3022485,Jay Beshears,-0.00550223,1.0
808264,sa3021221,Kleiver Chauran,-0.00550273,1.0
829077,sa3067701,Kenly Hunter,-0.00550332,1.0
805816,sa3019665,Darwin De Leon,-0.00550455,1.0
701737,sa3042608,Myles Smith,-0.00550663,1.0
815586,sa3023289,Joe Olsavsky,-0.00550936,1.0
692043,sa3015600,Edryn Rodriguez,-0.00551072,1.0
829750,sa3067736,Victor Santana,-0.0055154,1.0
836055,sa3029854,Zach Daudet,-0.00551608,1.0
824615,sa3025393,Connor Hujsak,-0.00552348,1.0
808677,sa3022163,Alexander Requena,-0.00552921,1.0
814261,sa3021325,Carlos Caro,-0.0055301,1.0
680586,sa3005612,Reidy Mercado,-0.00553548,1.0
702114,sa3023579,John Michael Faile,-0.00554456,1.0
699112,sa3016165,Jose Serrano,-0.00554509,1.0
694199,sa3015707,Fran Alduey,-0.00554925,1.0
807978,sa3021128,Jesus Superlano,-0.00555897,1.0
814229,sa3022282,Moises Valdez,-0.00556334,1.0
808119,sa3021181,Yaikel Mijares,-0.00557073,1.0
702461,sa3017629,Kay-Lan Nicasia,-0.00557208,1.0
695634,sa3025246,Jaime Ferrer,-0.00557336,1.0
694200,sa3015708,Ariel Almonte,-0.00557605,1.0
829939,sa3067799,Jhorman Bravo,-0.00557803,1.0
703305,sa3019090,Jesus Castro,-0.00558248,1.0
835031,sa3067549,Blaze O'Saben,-0.00558344,1.0
698956,sa3015752,Ramon Peralta,-0.00558613,1.0
672861,sa3002860,Carlos Luis,-0.00558881,1.0
699097,sa3015795,Yeuni Munoz,-0.00559158,1.0
805775,sa3019664,Lennyn Nunez,-0.00560096,1.0
802504,sa3022605,Myles Naylor,-0.00560243,1.0
682732,sa3008789,Gabriel Moncada,-0.0056025,1.0
676419,sa3016856,Randy Bednar,-0.00560517,1.0
703715,sa3018219,Wyatt Hoffman,-0.00560628,1.0
808270,sa3021223,Jose Tovar,-0.0056085,1.0
829038,sa3066593,Cris Rodriguez,-0.00561387,1.0
814394,sa3067171,Colin Summerhill,-0.00561435,1.0
703199,sa3018431,Adan Sanchez,-0.00561549,1.0
821018,sa3024119,Alexi Quiroz,-0.00561719,1.0
816406,sa3023901,Ivan Cespedes,-0.00562079,1.0
703196,sa3018428,Victor Izturis,-0.00562543,1.0
820968,sa3023904,Alfredo Benzan,-0.0056264,1.0
815891,sa3067640,Kennew Blanco,-0.0056269,1.0
800149,sa3018455,Carlos Pacheco,-0.00563346,1.0
815842,sa3023370,JT Mabry,-0.00563702,1.0
821654,sa3024142,Alexander Rincon,-0.00563743,1.0
823856,sa3024652,Anthony Longo,-0.00564588,1.0
807641,sa3022208,Angelo Mora,-0.00564994,1.0
829096,sa3067543,Ramcell Medina,-0.0056505,1.0
815793,sa3025203,Carter Johnson,-0.00565094,1.0
808339,sa3021255,Harold Gonzalez,-0.00565169,1.0
693790,sa3016543,Estanlin Cassiani,-0.00565377,1.0
702391,sa3018919,Demetrio Nadal,-0.00565917,1.0
821130,sa3023761,Avinson Pinto,-0.00565964,1.0
821813,sa3024374,Luis Aguilera,-0.00566181,1.0
691913,sa3015587,Jesus Castillo,-0.00567509,1.0
806237,sa3019765,Andrews Sosa,-0.00567576,1.0
821112,sa3023759,Anderson Fermin,-0.00567719,1.0
829773,sa3067747,Yovanny Duran,-0.00568236,1.0
814256,sa3021324,Justin Ramirez,-0.00568298,1.0
821107,sa3023925,Yairo Padilla,-0.00569115,1.0
621563,13853,Joey Wendle,-0.00569349,4.58283
682627,sa3008747,Jose De La Cruz,-0.00569359,1.0
688658,sa1170897,Ernny Ordonez,-0.00569559,1.0
806176,sa3022693,Jose Ortiz,-0.0056966,1.0
814091,sa3022509,John Wimmer,-0.00569831,1.0
678317,sa3008737,Starlin Gill,-0.00570606,1.0
800303,sa3018506,Leiker Figueroa,-0.00570715,1.0
829915,sa3067792,Pablo Martinez,-0.00571854,1.0
699321,sa3015365,Diego Guzman,-0.00572443,1.0
687428,sa3067540,Peyton Holt,-0.00572556,1.0
802544,sa3022537,Brock Vradenburg,-0.00572615,1.0
820989,sa3023908,Kyle Sinzza,-0.00572946,1.0
811780,sa3025437,Joel Dragoo,-0.00573448,1.0
800724,sa3022866,Eric Bitonti,-0.00574199,1.0
815928,sa3024476,Edward Lantigua,-0.00574477,1.0
690994,sa3022961,Ethan Long,-0.00574953,1.0
821129,sa3024323,Browm Martinez,-0.00574972,1.0
805692,sa3019629,Ricson Gonzalez,-0.0057509,1.0
830046,sa3067839,Santiago Almao,-0.00575668,1.0
703563,sa3025199,PJ Morlando,-0.00576488,1.0
801822,sa3022568,Jackson Feltner,-0.0057755,1.0
694182,sa3015695,Armando Cruz,-0.00579297,1.0
822487,sa3025604,Zach MacDonald,-0.00579841,1.0
700083,sa3069004,John Bay,-0.00579945,1.0
800185,sa3018468,Ruben Santana,-0.00579972,1.0
691190,sa3014703,Ismael Mena,-0.00580092,1.0
800402,sa3018550,Edrei Campos,-0.00580371,1.0
813922,sa3066763,Jack Lines,-0.00581482,1.0
801561,sa3032989,Matt Halbach,-0.00581563,1.0
829039,sa3067678,Dorian Soto,-0.00581896,1.0
800627,sa3020138,Christopher Paciolla,-0.0058255,1.0
808705,sa3021303,Adrian Bello,-0.00582921,1.0
700170,sa3015847,Felix Tena,-0.00583513,1.0
675982,sa3005151,Kevin Watson Jr,-0.00583675,1.0
650391,17484,Eloy Jiménez,-0.00584013,32.9298
829924,sa3067796,Miguel Welch,-0.00584097,1.0
702444,sa3017023,Eric Martinez,-0.00584542,1.0
691938,sa3011821,Willy Vasquez,-0.00584669,4.41435
808014,sa3021140,Sandro Pereira,-0.00584996,1.0
801248,sa3018601,Erick Alvarez,-0.0058527,1.0
809846,sa3022406,Wyatt Crenshaw,-0.00585675,1.0
688449,sa3015107,TT Bowens,-0.00585956,2.58606
821199,sa3024129,Moises Polanco,-0.00586105,1.0
800362,sa3018531,Daniel Bruzual,-0.00586141,1.0
691446,sa3016088,Samuel Rojas,-0.00587165,1.0
702333,sa3020133,Haydn McGeary,-0.00587478,1.92835
808239,sa3021213,Gabriel Terrero,-0.00588607,1.0
829964,sa3068219,Rosnel Alarcon,-0.00588764,1.0
829095,sa3067706,Enry Torres,-0.00589056,1.0
813771,sa3025186,Robert Hipwell,-0.00589549,1.0
702504,sa3044148,Gavin Turley,-0.00589836,1.0
694806,sa3025243,Brandon Eike,-0.00589881,1.0
800548,sa3018594,Josi Novas,-0.00590177,1.0
699066,sa3016161,Carlos Avila,-0.00590276,1.0
687334,sa3067090,Peyton Powell,-0.005921,1.0
825422,sa3067651,Santiago Martinez,-0.00592197,1.0
828009,sa3024972,Miguel Flores,-0.00592265,1.0
829791,sa3067750,Miguel Hernandez,-0.0059249,1.0
800396,sa3019440,Estiven Giron,-0.00592512,1.0
829976,sa3067815,Manuel Campos,-0.00592658,1.0
814812,sa3023874,Edgar Lugo,-0.00592837,1.0
807977,sa3021127,Adrian Meza,-0.00592894,1.0
800572,sa3018965,Alen Pineda,-0.00592923,1.0
829482,sa3067711,Antoni Urena,-0.00593172,1.0
694062,sa3015692,Javier Mora,-0.0059339,1.0
699229,sa3015817,Alexander Benua,-0.00593768,1.0
691794,sa3041782,Cody Schrier,-0.00594187,1.0
825620,sa3067657,Angel Salio,-0.00594353,1.0
698911,sa3018392,Jair Casanova,-0.00594588,1.0
669318,sa3022916,Cole Turney,-0.00594754,1.0
815903,sa3023890,Ashly Andujar,-0.00594866,1.0
800271,sa3018946,Yidel Diaz,-0.00595112,1.0
691403,sa3014681,Michel Triana,-0.00595115,1.0
685300,sa3016964,Grant Richardson,-0.00595456,2.96115
829699,sa3067715,Marconi German,-0.00595588,1.0
828785,sa3068178,Abel Valdes,-0.00595642,1.0
825570,sa3067655,Yensi De La Cruz,-0.00596541,1.0
807404,sa3021833,Jose Torrez,-0.00596663,1.0
821495,sa3024341,Alonso Gallegos,-0.00597406,1.0
689355,sa3019926,Brett Roberts,-0.00597527,1.0
692840,sa3015670,Kelvin Diaz,-0.00597963,1.0
806441,sa3022572,Nehomar Ochoa Jr.,-0.00598016,1.0
823719,sa3023985,Ramiro Dominguez,-0.00598452,1.0
808525,sa3021281,Jorge Ramirez,-0.00598661,1.0
821043,sa3023749,Richard Matic,-0.005988,1.0
804884,sa3022264,Ryan McCarthy,-0.00598877,1.0
660758,19910,Sandro Fabian,-0.00598891,12.2274
684852,sa3008942,Geraldo Quintero,-0.00599451,3.90457
700720,sa3015866,Luis Pino,-0.00599477,1.0
805964,sa3022818,Stanley Tucker,-0.00600171,1.0
829721,sa3067724,Johan Machado,-0.00600216,1.0
688963,sa3022425,William Sullivan,-0.00600848,1.0
800371,sa3019551,Larry Martinez,-0.006015,1.0
701653,sa3025222,Mason Guerra,-0.00601647,1.0
800368,sa3018534,Gery Holguin,-0.00601695,1.0
821687,sa3024861,Gabriel Guanchez,-0.00601753,1.0
699014,sa3016154,Eddy Rodriguez,-0.00601807,1.0
829931,sa3068216,Carlos Martinez,-0.00602962,1.0
830471,sa3067865,Juan Macero,-0.00603108,1.0
829788,sa3068199,Yeferson Portolatin,-0.00603271,1.0
808693,sa3021298,Daniel Lopez,-0.00603345,1.0
807383,sa3021106,Randy Guzman,-0.00603353,1.0
801178,sa3018966,Gilberto Rojas,-0.00604436,1.0
815889,sa3023718,Paulino Santana,-0.00605368,1.0
829081,sa3067544,Moises Marchán,-0.00606102,1.0
829866,sa3067773,Junior Suriel,-0.00606301,1.0
821818,sa3024153,Luis Corobo,-0.00606516,1.0
829043,sa3067682,Wilfri De La Cruz,-0.00606584,1.0
830443,sa3067855,Luis Steven King,-0.0060661,1.0
699615,sa3022678,Brandon Pimentel,-0.00606724,1.0
703159,sa3018412,Simon Juan,-0.00606726,1.0
808380,sa3021262,Yosneiker Rivas,-0.00607246,1.0
829051,sa3067288,Liberts Aponte,-0.00607647,1.0
694953,sa3066821,C.J. Pittaro,-0.00607787,1.0
821684,sa3024145,Yojackson Laya,-0.00608278,1.0
800531,sa3018589,Brayan Sanchez,-0.00608534,1.0
808233,sa3021207,Alfredo Rodriguez,-0.00609044,1.0
695686,sa3022503,Cam Magee,-0.00609239,1.0
806538,sa3019938,John McHenry,-0.00610296,1.0
690902,sa3019927,Ben Metzinger,-0.00610306,1.0
702435,sa3021049,Jhosmmel Zue,-0.00612056,1.0
829870,sa3067776,Freiker Betencourt,-0.00612073,1.0
699049,sa3015783,Carlos Gutierrez,-0.00612205,1.0
815915,sa3023894,Joswa Lugo,-0.00612373,1.0
824628,sa3024862,Jesus Morales,-0.00612388,1.0
800272,sa3018492,Manolfi Jimenez,-0.00613105,1.0
821419,sa3023947,Juarlin Soto,-0.00613279,1.0
800140,sa3018453,Kendry Chirinos,-0.00614335,1.0
834685,sa3067887,Angel Abreu,-0.00614611,1.0
822619,sa3023982,Christian Gonzalez,-0.00614665,1.0
821759,sa3024364,Johan Rodriguez,-0.00615115,1.0
677571,sa3005476,Fadriel Cruz,-0.00615416,1.0
821083,sa3023753,Jesus Lizardo,-0.00615442,1.0
815011,sa3022284,Henniel Alcala,-0.00615828,1.0
800391,sa3018548,Darlyn De Leon,-0.00615834,1.0
664058,17992,David Fletcher,-0.00616002,3.00603
829704,sa3067718,Fredderick Ovalle,-0.00616367,1.0
802407,sa3020642,Joe Lampe,-0.00616637,4.05426
699015,sa3016325,Miguel Sosa,-0.00616999,1.0
682643,sa3008757,Alexander Ramirez,-0.0061703,1.0
703201,sa3018432,Henry Ramos,-0.00617154,1.0
808220,sa3021202,Raimundo De Los Santos,-0.00617471,1.0
823843,sa3024381,Diego Campos,-0.00617728,1.0
829714,sa3068186,Darwin Almanzar,-0.00618707,1.0
820984,sa3024116,Israfell Bautista,-0.00619043,1.0
800432,sa3022053,Felix Cotes,-0.00619134,1.0
692508,sa3015639,Robert Robertis,-0.00619514,1.0
690969,sa3022749,Kellum Clark,-0.00619825,1.0
821696,sa3023776,Kendrick Herrera,-0.00620413,1.0
829046,sa3067685,Warel Solano,-0.00621664,1.0
815220,sa3022373,Aldo Gaxiola,-0.00621675,1.0
800476,sa3018573,John Cruz,-0.00621917,1.0
800171,sa3018464,Angel Mata,-0.00622149,1.0
827447,sa3024802,Johan Fernandez,-0.00623242,1.0
805701,sa3022571,Angelo DiSpigna,-0.00623346,1.0
821789,sa3024367,Darian Castillo,-0.0062361,1.0
809329,sa3021859,Paulo Asprilla,-0.00623789,1.0
830023,sa3067831,Brainerh Palacios,-0.00623987,1.0
693306,sa3014494,Aaron Sabato,-0.00623993,2.98548
703157,sa3018410,Javier Osorio,-0.00624272,1.0
695565,sa3025382,Casey Saucke,-0.00625288,1.0
807983,sa3021131,Ramon Landaeta,-0.00625686,1.0
808023,sa3021595,Joseph Sequera,-0.00626054,1.0
808939,sa3022165,Arnaldo Montano,-0.00626641,1.0
821075,sa3023921,Merphy Hernandez,-0.00626913,1.0
821772,sa3023974,Jorge Rodriguez,-0.00626941,1.0
821164,sa3024326,Yaxson Lucena,-0.00627267,1.0
695707,sa3017405,Brennon McNair,-0.00627732,1.0
668769,sa3017107,Cam Williams,-0.00627797,1.0
829049,sa3067686,Brayan Cortesia,-0.00628109,1.0
823873,sa3024155,Jose Sabino,-0.00628147,1.0
808538,sa3021634,Luis Parababire,-0.0062826,1.0
800129,sa3018930,Heison Sanchez,-0.00628264,1.0
829762,sa3067743,Victor Marquez,-0.00628811,1.0
691001,sa3019928,Robert Moore,-0.00629677,6.69647
821000,sa3023912,Greylin De La Paz,-0.00629883,1.0
808157,sa3021606,Oswaldo Patino,-0.00629892,1.0
698937,sa3015741,Aneudis Mordán,-0.00630035,1.0
683102,sa3010636,Garrett Frechette,-0.00630531,1.0
663536,26148,Tristin English,-0.00630948,5.46546
690350,sa3016968,Kyle Battle,-0.00631175,1.0
692422,sa3015626,Odalys Peguero,-0.00631256,1.0
829863,sa3067771,Juan Rojas,-0.00631883,1.0
821808,sa3025172,Allen Ajoti,-0.00632024,1.0
674913,sa3019916,Chad Castillo,-0.00632145,1.0
663478,18587,Brendon Davis,-0.00632808,7.93788
821799,sa3024371,Jeiker Gudino,-0.00633193,1.0
703902,sa3018924,Luis Ogando,-0.00633858,1.0
806963,sa3020679,Brando Mayea,-0.00634574,1.0
808344,sa3021257,Martin Tamara,-0.00634732,1.0
821260,sa3024337,Christopher Alvarado,-0.00635408,1.0
832795,sa3067882,Sami Manzueta,-0.0063597,1.0
800356,sa3018528,Franyer Noria,-0.00636445,1.0
800346,sa3020282,Juanfel Peguero,-0.0063654,1.0
808029,sa3021148,Luis De Leon,-0.0063671,1.0
829072,sa3067127,José Peña,-0.00636785,1.0
698972,sa3016644,Javier Castillo,-0.00637356,1.0
691586,sa3016097,Renny Hidalgo,-0.00637628,1.0
801263,sa3018608,Luis Frias,-0.00637831,1.0
805452,sa3019510,Roiner Quintana,-0.00637927,1.0
821787,sa3024649,Guillermo Batista,-0.00638077,1.0
802528,sa3018627,Agustin Acosta,-0.00638242,1.0
699068,sa3015789,Roger Lasso,-0.00638836,1.0
808890,sa3021306,Michael Guzman,-0.00639172,1.0
815917,sa3023895,Angel Guzman,-0.00639499,1.0
800412,sa3018555,Jose Rodriguez,-0.00639512,1.0
808248,sa3021611,Freider Rojas,-0.00639719,1.0
829063,sa3067693,Jhoan De La Cruz,-0.00639823,1.0
824605,sa3041172,Jackson Ross,-0.00640027,1.0
807645,sa3023709,Adolfo Sanchez,-0.00640152,1.0
821163,sa3024325,Alejandro Pereira,-0.00640339,1.0
829054,sa3067689,Santiago Leon,-0.00641279,1.0
830454,sa3067859,Leni Done,-0.00641331,1.0
829793,sa3067751,Isais Chavez,-0.00641698,1.0
808326,sa3021249,Pablo Guerrero,-0.0064222,1.0
678893,sa3005780,Jefferson Encarnacion,-0.00642309,1.0
830025,sa3067832,Jhostin Genao,-0.00642373,1.0
821413,sa3023946,Pascual Archila,-0.00642824,1.0
829975,sa3067814,Daniel Rodriguez,-0.00642969,1.0
829731,sa3067728,Luis Garcia,-0.00643605,1.0
821049,sa3023918,Feldi Tavarez,-0.00643919,1.0
821631,sa3024350,Yorvin Morla,-0.00644268,1.0
699105,sa3017980,Luis Reyes,-0.00644777,1.0
703924,sa3018441,David Beckles,-0.00644908,1.0
683504,sa3008879,Deivis Nadal,-0.00645035,1.0
701424,sa3017177,JoJo Blackmon,-0.00645817,1.0
694215,sa3016321,Hans Montero,-0.00646414,1.0
703192,sa3019401,Abdias De La Cruz,-0.00646434,1.0
815121,sa3022296,Alexey Lumpuy,-0.0064646,1.0
821236,sa3023769,Efren Teran,-0.00646506,1.0
830450,sa3068234,Roy Rivero,-0.00646997,1.0
821025,sa3024799,Edward Guribe,-0.00647263,1.0
829052,sa3067688,Breyson Guedez,-0.00647509,1.0
830027,sa3067834,Yordani Soto,-0.00647581,1.0
808334,sa3021251,Keiver Garcia,-0.0064764,1.0
808148,sa3021195,Eliesbert Alejos,-0.00647962,1.0
829973,sa3067812,Yeison Acosta,-0.00648105,1.0
820988,sa3023907,Jose Dickson,-0.00648285,1.0
808864,sa3025453,Raider Tello,-0.00648474,1.0
823489,sa3023788,Alejandro Castellano,-0.00649418,1.0
800251,sa3018941,Jeffry Rosa,-0.00649579,1.0
814376,sa3023873,Alfredo Guanchez,-0.00649618,1.0
834962,sa3030172,Anthony DePino,-0.00649706,1.0
808137,sa3021189,Heribert Silva,-0.0065009,1.0
682674,sa3008767,Victor Bericoto,-0.00650101,6.87557
683887,sa3009324,Darlyn Montero,-0.00650139,1.0
687208,sa3017398,Nathan Hickey,-0.0065016,3.04031
691865,sa3017695,Moises Gallardo,-0.00650168,1.0
829943,sa3068889,Louis Andujar,-0.00650189,1.0
808360,sa3021623,Ariel Lebron,-0.00650281,1.0
821056,sa3024316,Esmeiquel Arrieche,-0.00650373,1.0
808545,sa3021286,Mario Baez,-0.00650689,1.0
687616,sa3067392,Jimmy Obertop,-0.0065073,1.0
821754,sa3024362,Cleudis Valenzuela,-0.00650862,1.0
806304,sa3019909,Noah Williams,-0.00651134,1.0
808355,sa3021259,Eduarlin Tejeda,-0.00651364,1.0
690970,sa3025450,Corey Collins,-0.00651435,1.0
693798,sa3015683,Anderson Suriel,-0.00651863,1.0
800520,sa3018583,Lisandro Bonifacio,-0.00652428,1.0
829694,sa3067714,Carlos Benavides,-0.00652686,1.0
829079,sa3067126,Djean Macares,-0.00652812,1.0
829760,sa3068526,Moises Morales,-0.00653175,1.0
827281,sa3024879,Carlos Renzullo,-0.00653628,1.0
821249,sa3023939,Diego Gonzalez,-0.0065364,1.0
829040,sa3067679,Juan Cabada,-0.00654337,1.0
829986,sa3067819,Jose Riera,-0.00654611,1.0
677049,sa3020115,Josh Hatcher,-0.00654642,2.96115
830020,sa3067830,Luis Leon,-0.00654708,1.0
829716,sa3066667,Darell Morel,-0.00654815,1.0
800451,sa3018567,Jose Contreras,-0.00654898,1.0
829093,sa3067705,Harold Rivas,-0.00655069,1.0
700648,sa3017175,Josue Gonzalez,-0.0065532,1.0
832705,sa3067879,Abraham Bastidas,-0.00656108,1.0
829993,sa3067822,Rodny Rosario,-0.00656315,1.0
699026,sa3015774,Yancel Guerrero,-0.00656426,1.0
807994,sa3021133,Jeremy Ciriaco,-0.00656724,1.0
703200,sa3019638,Yoffry Solano,-0.00656809,1.0
815925,sa3023897,Adbiel Feliz,-0.00656812,1.0
693795,sa3015682,Joel Mendez,-0.00656934,1.0
829501,sa3067713,Stiven Marinez,-0.00657436,1.0
830406,sa3067846,Alan Angulo,-0.00657624,1.0
806212,sa3022819,Stone Russell,-0.00658384,1.0
828375,sa3025052,Mason Dinesen,-0.00658418,1.0
703191,sa3018425,Yilber Herrera,-0.00659561,1.0
808704,sa3021302,Darvin Cruz,-0.00659974,1.0
829774,sa3068195,Yorber Semprun,-0.00660818,1.0
829892,sa3067783,Hector Ramos,-0.00660883,1.0
700685,sa3014949,Paul Witt,-0.00662207,1.5752
694049,sa3015691,Nomar Fana,-0.00662775,1.0
808082,sa3021165,Vladi Gomez,-0.0066281,1.0
691895,sa3015582,Fernando Hernandez,-0.00663088,1.0
701660,sa3015870,Edgar Alfonso,-0.00663566,1.0
800492,sa3018575,Roni Cabrera,-0.0066388,1.0
808033,sa3021150,Jonathan Rivero,-0.00664817,1.0
694786,sa3031177,Ian Farrow,-0.00664946,1.0
806707,sa3021060,Xavier Guillen,-0.00665183,1.0
808153,sa3021196,Luis Merejo,-0.00665547,1.0
702685,sa3020217,Brenner Cox,-0.00665672,1.0
700332,sa3015860,Ezequiel Surun,-0.00665802,1.0
800192,sa3019439,Roinny Aguiar,-0.0066615,1.0
821775,sa3023783,Aaron Pinero,-0.00666214,1.0
683106,sa3011599,Mahki Backstrom,-0.00666371,1.0
808159,sa3021197,Jonathan Martinez,-0.00667148,1.0
825182,sa3067648,Jhonael Cuello,-0.00667556,1.0
821716,sa3024361,Jhonayker Ugarte,-0.00668248,1.0
829901,sa3067788,Luis Santos,-0.00668353,1.0
800155,sa3018456,Yosander Asencio,-0.00668464,1.0
820997,sa3024117,Samuel Gonzalez,-0.00668796,1.0
702467,sa3020460,Tommy Specht,-0.00669494,1.0
697779,sa3019628,Jose Robledo,-0.00669596,1.0
821126,sa3024322,Humberto Tiberi,-0.00669659,1.0
829972,sa3067811,Raul Pereira,-0.00670074,1.0
693782,sa3017479,Luis Freitez,-0.00670099,1.0
808281,sa3021229,Braylin Morel,-0.00670497,1.0
808387,sa3021630,Miguel Blanco,-0.00671207,1.0
816344,sa3023729,Rashawn Pinder,-0.00671882,1.0
804521,sa3018631,Rabel Colon,-0.00672286,1.0
683485,sa3008874,Nelson Beltran,-0.00672611,1.0
698931,sa3015737,Kevin Guerrero,-0.00673182,1.0
804726,sa3028487,Peyton Carr,-0.00673271,1.0
821151,sa3023931,Yeiferth Castillo,-0.00673759,1.0
806299,sa3020499,Milo Rushford,-0.00673954,1.0
814453,sa3025314,Nathan Archer,-0.00675159,1.0
703405,sa3018438,Edwin Sanchez,-0.00675577,1.0
821790,sa3024368,Ronald Ramirez,-0.00675608,1.0
800180,sa3019685,Douglas Glod,-0.00675617,1.0
822624,sa3031395,Kevin Fitzer,-0.00675871,1.0
800385,sa3018545,Robert Gonzalez,-0.00676074,1.0
801230,sa3018600,Luis Torres,-0.00676382,1.0
808381,sa3022379,Enyervert Perez,-0.00676568,1.0
829860,sa3067769,Anthony Millan,-0.00677548,1.0
806730,sa3023580,Drew Davies,-0.00677875,1.0
701784,sa3025610,Cam Clayton,-0.00678078,1.0
694210,sa3015714,Jefferson Pena,-0.00678205,1.0
831850,sa3067872,Arlenn Manzanillo,-0.00678799,1.0
821258,sa3024336,Robin Ortiz,-0.00679077,1.0
808113,sa3021178,Anyelo Marquez,-0.00679365,1.0
683563,sa3008892,Juan Jerez,-0.00679511,1.0
683588,sa3009310,Jose Caguana,-0.00679548,1.0
807010,sa3021102,Anibal Salas,-0.00679753,1.0
813982,sa3021320,Bairon Ledesma,-0.00680441,1.0
691456,sa3015179,Manuel Sequera,-0.00680636,1.0
815907,sa3023722,Curley Martha,-0.00681254,1.0
808037,sa3021152,Juan Hernandez,-0.00681409,1.0
815916,sa3024110,Emilio Sanchez,-0.00681921,1.0
815654,sa3067332,Eli Lovich,-0.00682447,1.0
807644,sa3024624,Qyshawn Legito,-0.00682542,1.0
808141,sa3021191,Jose Pirela,-0.00682672,1.0
703181,sa3019778,Juan Olmos,-0.00683219,1.0
687242,sa3022884,Justin Miknis,-0.00683256,1.0
825616,sa3067656,Leonard Rijo,-0.0068356,1.0
821084,sa3024634,Carlos Rondon,-0.00684044,1.0
687069,sa3022590,Josh Rivera,-0.00685007,4.01592
677004,sa3016857,Steven Rivas,-0.00685149,1.0
672501,sa3003225,Jhoneiker Betancourt,-0.00685384,1.0
821604,sa3024344,Manuel Dos Passos,-0.00685473,1.0
800011,sa3018443,Jerffson Pena,-0.00685893,1.0
824877,sa3068394,Liordanys Menendez,-0.00686063,1.0
807648,sa3023711,Naibel Mariano,-0.00687089,1.0
816120,sa3025418,Griffin Burkholder,-0.00688131,1.0
693418,sa3015198,Solomon Maguire,-0.00688505,1.0
830802,sa3067868,Cesar Acosta,-0.00688618,1.0
691281,sa3015517,Diosfran Cabeza,-0.00688807,1.0
829979,sa3067816,Jhon Simon,-0.00689295,1.0
821090,sa3023755,Enyel Rosario,-0.00689465,1.0
701296,sa3025196,Carter Mathison,-0.00689563,1.0
829724,sa3067725,Giomar Ubiera,-0.00689789,1.0
694216,sa3015719,Malvin Valdez,-0.0069033,1.0
691450,sa3015546,Raudy De Los Santos,-0.00690391,1.0
807008,sa3022320,Cristian Perez,-0.00690502,1.0
808067,sa3021160,Branny De Oleo,-0.0069055,1.0
829498,sa3067712,Hendry Arvelo,-0.00690983,1.0
800617,sa3019933,Reece Walling,-0.00691099,1.0
820847,sa3024112,Jordan Sanchez,-0.00691383,1.0
691492,sa3015554,Aldrin Lucas,-0.00691511,1.0
692190,sa3015189,Donovan Antonia,-0.00692352,1.0
827426,sa3067671,Dayber Cruceta,-0.00692455,1.0
681453,sa3007059,Daneurys De La Cruz,-0.00692989,1.0
829065,sa3067694,Heins Brito,-0.0069339,1.0
800401,sa3019094,Aneudi Escanio,-0.00693413,1.0
808223,sa3021203,Javier Herrera,-0.00693449,1.0
800143,sa3019402,Leny Carela,-0.00694202,1.0
806973,sa3021075,Ismael Javier,-0.00694302,1.0
821755,sa3024363,Jhojan Downer,-0.00694348,1.0
681334,sa3017076,Justin Williams,-0.0069466,1.0
821691,sa3024359,Darison Garcia,-0.00694706,1.0
670092,19384,Trenton Brooks,-0.00694886,7.76636
678742,sa3005551,Rainer Nunez,-0.00695154,4.13342
805104,sa3018646,Jose Monserrate,-0.00696213,1.0
806773,sa3021830,Williams Wong,-0.00696243,1.0
800523,sa3018585,Abel De Leon,-0.00696299,1.0
830435,sa3067853,Luis Morejon,-0.00696686,1.0
699269,sa3015819,Rafael Cruz,-0.00696919,1.0
808228,sa3021205,Roderick Flores,-0.00697365,1.0
823731,sa3023790,Edwin Darville,-0.00697408,1.0
826141,sa3025496,Sean Barnett,-0.0069777,1.0
829080,sa3067703,Teilon Serrano,-0.00698573,1.0
808698,sa3021300,Pedro Roque,-0.00698621,1.0
699108,sa3016721,Eddy Isturiz,-0.00699543,1.0
695772,sa3017340,Daniel McElveny,-0.00700387,1.0
692670,sa3015666,Jhonson Pena,-0.00700936,1.0
699142,sa3016170,Karim Ayubi,-0.00701234,1.0
830009,sa3067826,Lisandro Sanchez,-0.00701401,1.0
669352,22261,Bubba Thompson,-0.007018,5.48595
691559,sa3015557,Jose D. Hernandez,-0.00702118,1.0
680963,24671,Cody Wilson,-0.00702216,1.0
821624,sa3024348,Robert Lantigua,-0.00702495,1.0
808094,sa3021838,Jhorvic Abreus,-0.00702564,1.0
808282,sa3021230,Victor Cardoza,-0.00702771,1.0
800167,sa3018462,Misael Mojica,-0.00703828,1.0
649557,15937,Aledmys Díaz,-0.00704584,5.88062
829089,sa3067704,Romeli Espinosa,-0.00704884,1.0
684008,sa3022481,Jarrod Belbin,-0.00704913,1.0
800367,sa3018533,Sandy Sanchez,-0.00705028,1.0
806495,sa3067321,Kale Fountain,-0.00705136,1.0
829075,sa3067699,Hiverson López,-0.00705194,1.0
807011,sa3021103,Felix Morrobel,-0.00705964,1.0
830028,sa3067835,Robert Alvarez,-0.00706022,1.0
829044,sa3067683,Maykel Coret,-0.00706366,1.0
806869,sa3021061,Pedro Catuy,-0.00706486,1.0
807817,sa3021113,Jhon Diaz,-0.00706509,1.0
694209,sa3016641,Robert Lopez,-0.00706698,1.0
829737,sa3067730,Jose Barrios,-0.00706935,1.0
691625,sa3016533,Gregory Duran,-0.00707028,1.0
835182,sa3068246,Alex Rodriguez,-0.0070715,1.0
703890,sa3018440,Enzo Paulino,-0.00707635,1.0
808145,sa3021193,Bracewell Taveras,-0.00707958,1.0
686577,sa3010706,Keoni Cavaco,-0.00708082,1.0
829748,sa3067735,Hyun Seung Lee,-0.00708134,1.0
829715,sa3067721,Sandy Presbot,-0.0070819,1.0
821180,sa3023766,Ilan Fernandez,-0.00708913,1.0
800307,sa3018509,Daje Morales,-0.00710425,1.0
821154,sa3023765,Givian Sirvania,-0.00710771,1.0
821149,sa3024125,Frederi Montero,-0.00711074,1.0
800546,sa3018592,Miguel Tamares,-0.00712005,1.0
821094,sa3023756,Frankeli Mesta,-0.00712128,1.0
667240,sa3018152,Jason Matthews,-0.00712329,2.54602
811551,sa3023713,Isael Arias,-0.00712386,1.0
680518,sa3014549,Zavier Warren,-0.00712776,2.04402
829827,sa3068528,Yorvit Diaz,-0.00712988,1.0
823785,sa3023986,Adrian Garcia,-0.00713081,1.0
691179,sa3014686,Erick Peña,-0.00713211,1.0
805125,sa3020576,Giullianno Allende,-0.0071332,1.0
830399,sa3068733,Jefrank Silva,-0.00713417,1.0
693073,sa3018386,Clayton Campbell,-0.00713748,1.0
815105,sa3022346,Vicent Nunez,-0.0071385,1.0
820969,sa3023738,Yordani Martinez,-0.00714284,1.0
691466,sa3015180,Juan Santander,-0.00714651,1.0
805127,sa3043560,Devin Taylor,-0.00715018,1.0
682765,sa3008799,Albert Feliz,-0.00715671,1.0
821814,sa3023785,Yojanser Calzado,-0.00716171,1.0
821618,sa3024347,Winder Linares,-0.00716468,1.0
692658,sa3016314,Isaias Dipre,-0.00716575,1.0
830040,sa3067836,Frank Mieses,-0.00716705,1.0
808011,sa3021139,Wilian Trinidad,-0.0071785,1.0
808544,sa3021285,Joseph Tailor,-0.00717996,1.0
808316,sa3021243,Abraham Cohen,-0.00719146,1.0
814269,sa3021326,Kevin Verde,-0.00719664,1.0
821751,sa3024147,Elvin Garcia,-0.00720488,1.0
829756,sa3067740,Sterling Bazil,-0.00720945,1.0
808571,sa3067324,D'Angelo Ortiz,-0.0072103,1.0
815459,sa3022445,Ross Friedrick,-0.00721834,1.0
827650,sa3067673,Cesar Paredes,-0.00721853,1.0
829745,sa3068399,Rodrigo Gonzalez,-0.00721992,1.0
806922,sa3021065,Yoerny Junco,-0.00722429,1.0
827326,sa3023990,Yorman Licourt,-0.00722525,1.0
623205,14196,Andrew Velazquez,-0.00723114,4.38773
808631,sa3021288,Frederik Jimenez,-0.00723409,1.0
808504,sa3021277,Andru Arthur,-0.00723847,1.0
801264,sa3019097,Alexander Orasma,-0.00723935,1.0
823851,sa3025419,Hansel Jimenez,-0.0072405,1.0
808685,sa3021293,Jose Paulino,-0.00724078,1.0
675656,20242,Kevin Smith,-0.00724276,1.92451
829078,sa3067702,Alejandro Cruz,-0.00724852,1.0
800384,sa3018544,Nicandro Aybar,-0.00725225,1.0
701837,sa3043596,Kavares Tears,-0.00725562,1.0
812749,sa3021650,Raynier Ramirez,-0.00726451,1.0
808240,sa3021214,Antonio Pimentel,-0.00726505,1.0
808306,sa3021240,Carlos De Sousa,-0.00726674,1.0
800188,sa3018470,Dario Laverde,-0.00727243,1.0
808395,sa3021267,Keiberg Camacaro,-0.00727451,1.0
823875,sa3023988,Gabriel Lopez,-0.00727735,1.0
699000,sa3018011,German Ortiz,-0.00727967,1.0
800330,sa3018518,Albert Carpio,-0.00729127,1.0
695457,sa3021048,Jason Hinchman,-0.00730047,1.0
807737,sa3023090,TJayy Walton,-0.00731619,1.0
829070,sa3067698,Juan Brima,-0.00731782,1.0
823015,sa3023787,Esteban Romero,-0.00732204,1.0
815904,sa3023721,Leonardo Pineda,-0.00733199,1.0
829755,sa3067739,Aaron Salazar,-0.00733923,1.0
816335,sa3024306,Ronnyel Espinoza,-0.00734505,1.0
800026,sa3019798,Luis Colon,-0.00735415,1.0
815910,sa3023893,Francisco Vilorio,-0.00735991,1.0
808672,sa3021636,Jesus Abreu,-0.00736075,1.0
695573,sa3037300,Cole Mathis,-0.00736394,1.0
820954,sa3023734,Gregori Arias,-0.00737232,1.0
800199,sa3018939,Carlos Vasquez,-0.00737895,1.0
802397,sa3023647,Angel Arredondo,-0.00738086,1.0
686755,sa3010160,Jaxx Groshans,-0.00738118,1.0
651016,sa1169978,Matt Lloyd,-0.00738383,7.09708
698991,sa3015764,Winder Diaz,-0.00738465,1.0
692490,sa3015637,Cristian Feliz,-0.00738858,1.0
691907,28344,Tsung-Che Cheng,-0.00739629,57.4597
829073,sa3067486,Brailyn Antunez,-0.00739639,1.0
808092,sa3021171,Byron Castillo,-0.0073975,1.0
807999,sa3021135,David Guzman,-0.0074015,1.0
800205,sa3018478,Jancel Santana,-0.0074019,1.0
829053,sa3066458,Diego Tornes,-0.00740321,1.0
827411,sa3067664,Gabriel Azocar,-0.00740689,1.0
808084,sa3021166,Grenyerbert Velasquez,-0.00740981,1.0
823357,sa3024378,Andres Garza,-0.0074134,1.0
815021,sa3025110,Juan Monso,-0.00742371,1.0
821240,sa3023770,Moises Bolivar,-0.00742461,1.0
829867,sa3067774,Geomaikel Martinez,-0.00742626,1.0
823348,sa3023983,Jehancarlos Mendez,-0.00742999,1.0
703612,sa3021582,Nick Peoples,-0.00743385,1.0
831865,sa3067873,Yonaiker Hernandez,-0.007441,1.0
808321,sa3021247,Moises Lopez,-0.00744291,1.0
692228,sa3022483,Caleb Pendleton,-0.00744342,1.0
827637,sa3037634,Dalton McIntyre,-0.0074449,1.0
808027,sa3021146,Juan Sierra,-0.00744632,1.0
829937,sa3067798,Cristian Montilla,-0.00744675,1.0
821676,sa3024354,Claudiel Lantigua,-0.00745617,1.0
820938,sa3024114,Nayerich Waterfort,-0.00746088,1.0
820996,sa3023745,Dexters Peralta,-0.00746169,1.0
680698,sa3008250,Charles Mack,-0.00746266,1.0
695477,sa3025895,Slate Alford,-0.00746634,1.0
813985,sa3021321,Aldalay Kolokie,-0.00746692,1.0
830422,sa3068232,Emil Martinez,-0.00746949,1.0
802082,sa3018622,Julio Henriquez,-0.00747386,1.0
829766,sa3067744,Luis Galan,-0.00747394,1.0
816339,sa3023728,Bohan Adderley,-0.00748565,1.0
820962,sa3023737,Michell Ojeda,-0.00748607,1.0
805356,sa3025470,Ethan Lege,-0.00748919,1.0
694217,sa3018389,Willy Fanas,-0.00749018,1.0
807649,sa3021109,Yeycol Soriano,-0.00749026,1.0
807587,sa3021107,Angel Ramirez,-0.00749101,1.0
800379,sa3018541,Luis Suarez,-0.00749741,1.0
808382,sa3021263,D'Angelo Tejada,-0.0074985,1.0
809770,sa3021644,Geyber Blanco,-0.00750066,1.0
696282,sa3020094,Dakota Kotowski,-0.00750489,1.0
801736,sa3018617,Raimel Medina,-0.00750497,1.0
806997,sa3021094,Yerlin Luis,-0.00750791,1.0
806014,sa3019764,Keduar Trujillo,-0.0075095,1.0
808315,sa3021242,Antony Gomez,-0.00751221,1.0
826523,sa3067661,Yassel Garcia,-0.00751393,1.0
829841,sa3068403,Wanderly De La Cruz,-0.00751629,1.0
692551,sa3015641,Johan Benitez,-0.00751957,1.0
678926,sa3006903,Carlos De La Cruz,-0.00752091,3.18632
808257,sa3021219,Elias Medina,-0.00752198,1.0
824873,sa3067645,Eric Mota,-0.0075226,1.0
805116,sa3018647,Lazaro Morales,-0.0075266,1.0
815927,sa3024111,Jose Ramos,-0.00752729,1.0
669699,25817,Braden Shewmake,-0.00752847,12.1262
808083,sa3021837,Kelvin Alcantara,-0.00753149,1.0
815899,sa3025104,Jose Perdomo,-0.00753166,1.0
802102,sa3019704,Arnold Prado,-0.00753558,1.0
829698,sa3068185,Armstrong Muhoozi,-0.00753761,1.0
806962,sa3020684,Enmanuel Bonilla,-0.00754936,1.0
820979,sa3023905,Yensi Rivas,-0.00755088,1.0
681159,sa3017329,Ethan Wilson,-0.00755143,3.85763
830419,sa3067849,Ruben Castillo,-0.00755314,1.0
692591,sa3015650,Luis Mendez,-0.00755753,1.0
803367,sa3019497,Charles Nova,-0.00756246,1.0
820995,sa3023911,Raily Liriano,-0.00756333,1.0
833206,sa3068243,Andy Mata,-0.00756638,1.0
703156,sa3019722,Tony Blanco Jr.,-0.00756689,1.0
808708,sa3021304,Marcelo Alcala,-0.00756824,1.0
821761,sa3024480,Dariel Garcia,-0.00756979,1.0
821647,sa3024140,Eddson Martinez,-0.00757079,1.0
830420,sa3068231,Jhosman Theran,-0.00757733,1.0
698915,sa3016148,Bryant Mendez,-0.00757799,1.0
821002,sa3023746,Franchely Silverio,-0.00758375,1.0
829894,sa3067784,Yojancel Cabrera,-0.00758742,1.0
699005,sa3016550,John Zorrilla,-0.00759174,1.0
821695,sa3023969,Estivel Morillo,-0.00759508,1.0
808241,sa3021215,Joan Gutierrez,-0.00759696,1.0
829057,sa3067125,Cristopher Polanco,-0.00759792,1.0
695467,sa3015314,Juan Montero,-0.00759889,1.0
700320,sa3015856,Fidel Montero,-0.00759934,1.0
821012,sa3023915,Rafael Flores,-0.00759982,1.0
807949,sa3021117,Daniel Perez,-0.00760008,1.0
815579,sa3023057,Donte Grant,-0.00760052,1.0
821773,sa3023782,Sandy Luciano,-0.00760703,1.0
829067,sa3067475,Cristopher Acosta,-0.00761032,1.0
687521,sa3019923,Eric Brown Jr.,-0.00761079,4.05426
821008,sa3023914,Eddy Marmolejos,-0.00761276,1.0
829702,sa3067716,Edgardo Figueroa,-0.00761654,1.0
800196,sa3019483,Nomar Velasquez,-0.00763002,1.0
821762,sa3023972,Oliver Tejada,-0.00763076,1.0
815294,sa3022761,Pier-Olivier Boucher,-0.00763768,1.0
701209,sa3016828,Colton Bender,-0.00764138,1.0
829045,sa3067684,Yorger Bautista,-0.00764374,1.0
815757,sa3024302,Yunior Quezada,-0.00764964,1.0
829908,sa3067790,Marcos Belen,-0.00765423,1.0
829729,sa3067727,Yoander Santana,-0.00765445,1.0
701496,sa3016976,Ben Cowles,-0.00765566,28.8443
829965,sa3067807,Meykel Baro,-0.00766172,1.0
829991,sa3067821,Wesly Castillo,-0.00766524,1.0
800130,sa3018451,Eduardo Oviedo,-0.00766607,1.0
692552,sa3015197,Ronny Polanco,-0.00767641,1.0
815005,sa3023877,Nathanael Cijntje,-0.00767675,1.0
815054,sa3025044,Drew Jemison,-0.0076786,1.0
691422,sa3015539,Kevin Rivas,-0.00768294,1.0
829861,sa3067770,Yelinson Betances,-0.00768328,1.0
800164,sa3018460,Ronny Ugarte,-0.00768731,1.0
807000,sa3022969,Darling Fernandez,-0.00769643,1.0
827264,sa3039893,Ryan Picollo,-0.00769739,1.0
802560,sa3023708,Ichiro Cano,-0.00769826,1.0
800715,sa3038855,Jackson Nicklaus,-0.00770091,1.0
814806,sa3023071,Barrett Riebock,-0.00770239,1.0
808691,sa3021856,Adrian Gil,-0.00770684,1.0
800244,sa3018483,Kashon Conliffe,-0.00770812,1.0
801258,sa3018604,Wilton Lara,-0.0077163,1.0
808500,sa3021276,Fabian Lopez,-0.00771669,1.0
821161,sa3068393,Steven Cruz,-0.00771792,1.0
829980,sa3067817,Israel Alvarez,-0.0077191,1.0
830808,sa3067869,Sebastian Pena,-0.00772397,1.0
821147,sa3023763,Josue Brito,-0.00772548,1.0
605361,12005,Nick Martini,-0.00772577,6.51804
821811,sa3024373,Ricardo Crespo,-0.00772625,1.0
821663,sa3024929,Joaquin Arias Jr.,-0.00772861,1.0
691282,sa3015518,Riquelmin Cabral,-0.00772884,1.0
829890,sa3067782,Isaac Garcia,-0.00773077,1.0
701786,sa3022681,Xavier Casserilla,-0.00773459,1.0
829999,sa3068409,Frandy Guillen,-0.00773501,1.0
830470,sa3067864,Carlos Bello,-0.00773869,1.0
830002,sa3067825,Rayner Herrera,-0.00773994,1.0
691866,sa3015581,Erubiel Fuentes,-0.00774478,1.0
808294,sa3021235,Renair Manrique,-0.00774976,1.0
801259,sa3018605,Jose Rivera,-0.00775374,1.0
810981,sa3021646,Wagnel Luna,-0.00775849,1.0
800378,sa3019675,Dennys Riera,-0.00777016,1.0
808272,sa3021224,Carlos Monteverde,-0.00777388,1.0
821244,sa3023937,Francisco Loreto,-0.00777411,1.0
808278,sa3021227,Facundo Velasquez,-0.00777533,1.0
829829,sa3067759,Luis Sanchez,-0.00777619,1.0
800578,sa3018596,Cherif Neymour,-0.00777723,1.0
829064,sa3067474,Kenny Fenelon,-0.0077774,1.0
808367,sa3021625,Jesus Mujica,-0.00778372,1.0
825497,sa3067654,Victor Familia,-0.00778636,1.0
805043,sa3018636,Karniel Pratt,-0.00779122,1.0
809683,sa3021308,Luis Quesada,-0.00779351,1.0
814545,sa3022198,Jose Perez,-0.00779442,1.0
800269,sa3018491,Rafael Ramirez,-0.00779495,1.0
830486,sa3067867,Jayln Pinder,-0.00779723,1.0
808635,sa3021289,Angel Nieblas,-0.00780008,1.0
809336,sa3021642,Rafael Castillo,-0.00780497,1.0
821246,sa3023938,Alejandro Blasco,-0.0078134,1.0
821597,sa3023773,Omar Mejia,-0.00781506,1.0
676882,23552,Chandler Seagle,-0.00782108,1.0
821091,sa3024318,Osmar Torrealba,-0.00782432,1.0
699100,sa3015796,Justin Rodriguez,-0.0078277,1.0
692817,sa3017336,Luis Leones,-0.00783046,1.0
808392,sa3021265,Santiago Pinto,-0.00783052,1.0
696015,sa3016545,Juan Machado,-0.00783071,1.0
809778,sa3021645,Rafael Martinez,-0.0078331,1.0
821673,sa3023962,Jurdrick Profar,-0.00783392,1.0
684494,sa3008936,Jeremy Celedonio,-0.00783885,1.0
808401,sa3021268,Angel Guzman,-0.00784031,1.0
815893,sa3023885,Daiber De Los Santos,-0.00784637,1.0
703203,sa3018434,Martin Gonzalez,-0.00784854,1.0
821113,sa3024319,Cesar Lugo,-0.00785174,1.0
808106,sa3021177,Gabriel Lara,-0.00785786,1.0
829836,sa3067762,Joyner Perez,-0.00785847,1.0
831876,sa3067875,Fraimy Santa,-0.00786049,1.0
815009,sa3023880,Cesar Mujica,-0.00786802,1.0
820991,sa3023909,Christofer Reyes,-0.00787077,1.0
812158,sa3021315,Dashyll Tejeda,-0.00787187,1.0
827415,sa3068175,Roiner Cespede,-0.00787585,1.0
835189,sa3068247,Diego Arce,-0.00787688,1.0
808379,sa3021261,Willian Berti,-0.00787979,1.0
829730,sa3068188,Jonierbis Garces,-0.00788399,1.0
808717,sa3022307,Erick Lara,-0.0078842,1.0
823652,sa3024379,Klendy Leen,-0.00789982,1.0
699152,sa3015805,Armando Sierra,-0.0079014,1.0
829818,sa3068201,Romano Donato,-0.00791488,1.0
829719,sa3068187,Rony Bello,-0.00792443,1.0
695708,sa3019930,Satchell Norman,-0.00792777,1.0
815022,sa3023715,Diover De Aza,-0.00793366,1.0
835174,sa3068245,Cliuver Puello,-0.00793403,1.0
808393,sa3021266,Carlos Concepcion,-0.00793407,1.0
805680,sa3019570,Greyber Altamirano,-0.00793736,1.0
829749,sa3068192,Steven Herrera,-0.00794004,1.0
808686,sa3021294,Breyias Dean,-0.00794176,1.0
821810,sa3024372,Endy Rios,-0.00794465,1.0
820993,sa3023744,Carlos Matias,-0.00794913,1.0
594777,11200,Kole Calhoun,-0.00795057,4.98009
807004,sa3021098,Maikol Orozco,-0.00795676,1.0
806968,sa3021073,Ludwing Espinoza,-0.00795713,1.0
805470,sa3019511,Jonatan Yan,-0.0079574,1.0
814429,sa3025439,Andrew Patrick,-0.00795857,1.0
821045,sa3024121,Diorland Zambrano,-0.00796194,1.0
827452,sa3024899,Jose De La Cruz,-0.00796466,1.0
800250,sa3019310,Gabriel Araujo,-0.00797063,1.0
827441,sa3025062,Adolfo Miranda,-0.00797134,1.0
827420,sa3067668,Rafael Oropeza,-0.00797905,1.0
692118,sa3020207,Nathaniel Ochoa Leyva,-0.00798518,1.0
687012,sa3019977,Tayler Aguilar,-0.00798603,1.0
682770,sa3008801,Victor Diaz,-0.00798966,1.0
829994,sa3068223,Luis Maldonado,-0.00799578,1.0
808273,sa3021225,Alfonzo Martinez,-0.00799739,1.0
829744,sa3068191,Juan Elejandro,-0.00799821,1.0
815905,sa3023891,Belfi Rivera,-0.00800383,1.0
694481,sa3067037,Cesar Franco,-0.00802576,1.0
815204,sa3023716,Justin Barry,-0.00802734,1.0
815895,sa3023886,Adriel Radney,-0.0080336,1.0
682882,sa3008832,Geury Estevez,-0.00805164,1.0
830396,sa3067842,Jesus Ortega,-0.00805518,1.0
825159,sa3068395,Yunior Amparo,-0.00806181,1.0
808000,sa3021136,Jeison Lopez,-0.00806347,1.0
694045,sa3015354,Brayan Hernández,-0.00806377,1.0
829958,sa3067803,Kamuel Villar,-0.00806431,1.0
800507,sa3018579,Yanki Jean-Baptiste,-0.00806551,1.0
806969,sa3021074,Camilo Diaz,-0.00806714,1.0
691701,sa3015186,Yeral Martinez,-0.00806992,1.0
821189,sa3023767,Fidel Pinango,-0.00807316,1.0
690898,sa3019993,Brad Cumbest,-0.0080745,1.0
686490,25476,Cam Eden,-0.0080751,3.04428
692397,sa3016113,Maikel Hernandez,-0.00808648,1.0
829884,sa3067779,Sandor Feliciano,-0.00808791,1.0
808123,sa3021183,Victor Rodriguez,-0.0081046,1.0
821162,sa3024127,Engel Paulino,-0.00810559,1.0
821642,sa3023959,Manni Ramirez,-0.0081064,1.0
808044,sa3022305,Andres Villafane,-0.00810703,1.0
808297,sa3021237,Deward Tovar,-0.00810944,1.0
807958,sa3021120,Jarold Montealto,-0.00811005,1.0
829961,sa3067806,Wandi Feliz,-0.00811092,1.0
821665,sa3024352,Angel Garcia,-0.00811202,1.0
829823,sa3067758,Juan Tomas,-0.00811274,1.0
821078,sa3023752,José Castro,-0.00811277,1.0
815006,sa3023878,Meylin De Leon,-0.00812009,1.0
807972,sa3021836,Emil Turbi,-0.00812976,1.0
699205,sa3015810,Edgar Basabe,-0.0081312,1.0
833069,sa3067884,Starlin Mieses,-0.00813795,1.0
808683,sa3021854,Omar Reyes,-0.00814259,1.0
821028,sa3023916,Estivenzon Montero,-0.00814673,1.0
621466,17766,DJ Stewart,-0.00816798,16.6255
812161,sa3022235,Jose Castro,-0.00816897,1.0
800177,sa3019308,Cesar Gonzalez,-0.00817195,1.0
808388,sa3022209,Adrian Hoyte,-0.00817266,1.0
815890,sa3024303,Fernando Cruz,-0.00817716,1.0
807987,sa3021132,Alessander De La Cruz,-0.00817737,1.0
821641,sa3024351,Jose Bericoto,-0.00818891,1.0
821234,sa3025131,Jhoanjel Saez,-0.00820141,1.0
691919,sa3015588,Ewry Espinal,-0.00820152,1.0
830445,sa3067857,Daniel Dominguez,-0.00820426,1.0
835171,sa3068418,Juan Garcia,-0.00820718,1.0
830050,sa3067841,Alan Escobar,-0.00820989,1.0
687073,sa1169894,Yan Contreras,-0.00821592,1.0
825658,sa3067658,Jose Santana,-0.00822312,1.0
800360,sa3018530,Reminton Batista,-0.00823,1.0
815900,sa3023888,Victor Hurtado,-0.00823544,1.0
698928,sa3018010,Oscar Colina,-0.00824101,1.0
806355,sa3021059,Nick Gile,-0.00824335,1.0
800524,sa3018586,Toby Simmons,-0.00824378,1.0
808286,sa3021231,Cristian Jauregui,-0.00824656,1.0
683447,sa3008865,Gabriel Martinez,-0.00825732,4.91556
821602,sa3024136,Frainner Chirinos,-0.00827084,1.0
829963,sa3068218,Jefferson Vargas,-0.00827093,1.0
829068,sa3067696,Raymer Medina,-0.00828201,1.0
808235,sa3021209,Carlos Tavares,-0.00828744,1.0
815016,sa3024296,Santiago Prado,-0.00829093,1.0
829865,sa3067772,Diego Munoz,-0.0082931,1.0
688671,sa3025184,Joe Delossantos,-0.00829737,1.0
815535,sa3066663,Eddie Rynders,-0.00830235,1.0
804966,sa3021056,Jesus Gamez,-0.00830269,1.0
800615,sa3023140,Luke Scherrer,-0.00830306,1.0
821776,sa3024481,Tom Guerrero,-0.00830575,1.0
800133,sa3018932,Louis Pierre,-0.00830725,1.0
807003,sa3021097,Cristopher Larez,-0.00830917,1.0
808166,sa3021607,Junior Aybar,-0.00830971,1.0
698902,sa3018391,Diego Benitez,-0.00831374,1.0
829768,sa3067745,Malvin Fernandez,-0.0083149,1.0
800289,sa3018499,Dangelo Sarmiento,-0.00831999,1.0
694219,sa3016778,Ramiro Altagracia,-0.00832207,1.0
698999,sa3015765,Anderson Machado,-0.00832539,1.0
806979,sa3021079,Gian Zapata,-0.00832902,1.0
821683,sa3023966,David Carrera,-0.00832984,1.0
821786,sa3024366,Erny Orellana,-0.0083303,1.0
676701,20056,Alan Trejo,-0.00834044,15.1176
808377,sa3021628,Jesus Alexander,-0.00835315,1.0
808336,sa3021252,Jorge Julio,-0.00835614,1.0
829041,sa3067680,Mani Cedeno,-0.00836121,1.0
808120,sa3021841,Samil Dishmey,-0.00836891,1.0
831107,sa3068237,Michael Cordero,-0.00837245,1.0
829062,sa3068180,Royelny Strop,-0.00837262,1.0
821036,sa3024314,Cristofer Lebron,-0.00837422,1.0
813976,sa3021319,Yensi Reyes,-0.00837543,1.0
802098,sa3018624,Leandro Alsinois,-0.00837559,1.0
821698,sa3024647,Enmanuel Corniel,-0.0083847,1.0
807005,sa3021099,Andy Acevedo,-0.00839079,1.0
805236,sa3019103,Erick Bautista,-0.008394,1.0
820987,sa3023742,Emiliano Galan,-0.00840534,1.0
699006,sa3015766,Ruben Vizcaya,-0.00840649,1.0
829895,sa3067785,Jesus Perez,-0.00840764,1.0
830482,sa3067866,Lewis German,-0.00840792,1.0
821806,sa3023978,Joshua Francis,-0.00841224,1.0
808679,sa3021292,Angel Herrera,-0.00841719,1.0
825725,sa3067660,Edgar Walker,-0.00842055,1.0
800309,sa3018510,Andres Hernandez,-0.00842357,1.0
802066,sa3018620,Yaisel Ramos,-0.00842531,1.0
806873,sa3021062,Yael Romero,-0.00842598,1.0
821648,sa3025019,Wilberson De Pena,-0.00843109,1.0
682119,25138,Levi Jordan,-0.00843383,7.21223
829759,sa3067742,Jose Ramirez,-0.00845396,1.0
806976,sa3021076,Rayner Arias,-0.00845428,1.0
808553,sa3021287,John Estevez,-0.00847107,1.0
698990,sa3015763,Enmanuel Ramirez,-0.00847145,1.0
821259,sa3024132,Angel Gonzalez,-0.00847785,1.0
820959,sa3023736,Shendrion Martinus,-0.00847911,1.0
820944,sa3023732,Peson Revierre,-0.00848022,1.0
808140,sa3021190,Reniel Diaz,-0.00848155,1.0
829974,sa3067813,Jhonger Ochoa,-0.0084926,1.0
806739,sa3024293,Jayden Kim,-0.00850393,1.0
823853,sa3024383,Yoxander Benitez,-0.00850894,1.0
808320,sa3021246,Moises Semerite,-0.00851144,1.0
808253,sa3021843,Yhoan Escalona,-0.00851746,1.0
800319,sa3018513,Moises De La Rosa,-0.00851924,1.0
800287,sa3018498,Andy Encarnacion,-0.00852019,1.0
800298,sa3018503,Christopher Orelin,-0.00853128,1.0
809776,sa3021310,Dauwin Gonzalez,-0.00854098,1.0
821629,sa3024644,Anderson Garcia,-0.00854299,1.0
830044,sa3067838,Dave Neely,-0.00854329,1.0
829050,sa3067687,Larry Suero,-0.00854509,1.0
829785,sa3067748,Freilyn Rodriguez,-0.00854659,1.0
824765,sa3024654,Michael Martinez,-0.00854884,1.0
825685,sa3067659,Johanse Gomez,-0.00855486,1.0
808529,sa3021282,Osvaldo Heredia,-0.0085552,1.0
807384,sa3021832,Rainer Reyes,-0.00855771,1.0
808015,sa3021141,John Santana,-0.00855795,1.0
808152,sa3022404,Richard Meran,-0.00856137,1.0
820925,sa3024309,Fabian Alcantara,-0.00856621,1.0
821703,sa3024146,Argenis Valdez,-0.00857285,1.0
800248,sa3018485,Arfeni Batista,-0.00857382,1.0
829920,sa3067794,Elias Perez,-0.00857554,1.0
827422,sa3067669,Samuel Salcedo,-0.00857633,1.0
821671,sa3023961,Ricardo Paez,-0.00858383,1.0
808075,sa3021162,Daris Cordero,-0.00859153,1.0
821592,sa3025069,Yeisy Celesten,-0.0085966,1.0
829843,sa3068204,Alexander Herrera,-0.00859744,1.0
807836,sa3021834,Ovandy Frias,-0.00859976,1.0
825411,sa3067650,Luis Cruz,-0.00860529,1.0
808038,sa3021153,Railin Tea,-0.00860708,1.0
698969,sa3015757,Diego Villegas,-0.00861239,1.0
672596,sa3002851,Robert Perez Jr.,-0.00861979,6.33878
808050,sa3021157,Luis Vicioso,-0.00862091,1.0
820955,sa3023735,Jaset Martinez,-0.00862581,1.0
830463,sa3068662,Luis Luna,-0.00863157,1.0
800424,sa3018560,Oswaldo Osorio,-0.00863347,1.0
808337,sa3021253,Adriander Mejía,-0.00863388,1.0
808077,sa3021598,Jonathan Taveras,-0.00863637,1.0
699315,sa3015832,Sebastian Castro,-0.00863946,1.0
808004,sa3021137,Anielson Buten,-0.00864025,1.0
829042,sa3067681,Ayden Johnson,-0.00864447,1.0
821152,sa3067642,Carlos Done,-0.00864691,1.0
800165,sa3018461,Brayan Guedez,-0.00865364,1.0
821616,sa3024346,Brandon Vasquez,-0.00865573,1.0
829914,sa3067791,Rainer Espinoza,-0.00865588,1.0
694808,sa3017165,Zach Kokoska,-0.00865978,2.96115
808258,sa3021220,Jelson Coca,-0.00866376,1.0
829822,sa3068202,Daonil Montero,-0.0086642,1.0
821610,sa3023954,Juan Colorado,-0.00866571,1.0
821185,sa3023935,Kenyon Simmons,-0.00866725,1.0
808080,sa3021164,Juan Frances,-0.00868623,1.0
829840,sa3067763,Luis Abreu,-0.00869636,1.0
806919,sa3022196,Jose Gonzalez,-0.00870039,1.0
815923,sa3023725,Bralyn Brazoban,-0.00870141,1.0
808105,sa3021176,Alex Acosta,-0.00871095,1.0
810048,sa3022246,Joswuill Rondon,-0.00871158,1.0
815007,sa3023879,Jose Familia,-0.00871641,1.0
829875,sa3067778,Jeury Ramirez,-0.00872337,1.0
821076,sa3023922,Anderson Tovar,-0.00872529,1.0
821795,sa3023975,Javier Sanchez,-0.00872857,1.0
801265,sa3018609,Robert Perez,-0.00873378,1.0
823112,sa3067334,Grant Smith,-0.00873428,1.0
688871,sa3067230,Jacob Hinderleider,-0.00875682,1.0
703906,sa3019202,Andry Javier,-0.00875862,1.0
803433,sa3018630,Antony Peguero,-0.00876086,1.0
805108,sa3019216,Deivis Mosquera,-0.00876483,1.0
830026,sa3067833,Enmanuel Figuereo,-0.00877075,1.0
821138,sa3023762,Tavano Baker,-0.00877241,1.0
829264,sa3067708,Juan Alva,-0.00878753,1.0
821158,sa3024126,Jonathan Rangel,-0.00879312,1.0
825484,sa3068835,Alexander Frias,-0.00879675,1.0
830423,sa3067850,Leudy Arache,-0.0088081,1.0
669413,sa3007019,Frainyer Chavez,-0.00880873,2.96115
800478,sa3019096,Kleimir Lemos,-0.00881313,1.0
691493,sa3016092,Jairo Mendez,-0.00881867,1.0
829058,sa3068659,Gabriel Davalillo,-0.00881903,1.0
829821,sa3067757,Eliezer Alfonzo,-0.0088232,1.0
679881,24451,J.P. Martínez,-0.00882713,7.21223
816145,sa3024943,Eduardo Acevedo,-0.00882792,1.0
821614,sa3023956,Andry Batista,-0.00882929,1.0
806310,sa3020285,Spence Coffman,-0.00883051,1.0
800131,sa3018931,Jesus Correa,-0.00884158,1.0
805103,sa3018645,Jose Gerardo,-0.00884239,1.0
807970,sa3021124,Reinaldo De La Cruz,-0.00884245,1.0
821252,sa3023940,Roybert Herrera,-0.00884514,1.0
829927,sa3068215,Jose De La Cruz,-0.0088566,1.0
808767,sa3022695,Jared Wegner,-0.00886055,2.72677
815892,sa3023719,Dawel Joseph,-0.0088627,1.0
807969,sa3021835,Jjam Alvarez,-0.0088633,1.0
456781,8623,Donovan Solano,-0.0088636,12.1078
703188,sa3018422,Anthuan Valencia,-0.00886858,1.0
806867,sa3021831,Abel Lorenzo,-0.00887032,1.0
827755,sa3068177,Hanley Ramirez,-0.00887422,1.0
808493,sa3021272,Santiago Contreras,-0.00887814,1.0
821770,sa3023781,Andres Torres,-0.00888677,1.0
830010,sa3067827,Rosniell De Paula,-0.00888757,1.0
827419,sa3067667,Domingo Morla,-0.00888798,1.0
808496,sa3021274,Jaeden Calderon,-0.00889125,1.0
702211,sa3017771,Jhon Imbert,-0.00889403,1.0
699098,sa3018394,Yimmy Diaz,-0.00889649,1.0
821613,sa3023955,Luis Fragoza,-0.00890772,1.0
800405,sa3019686,Railin Tejada,-0.00891272,1.0
823882,sa3067644,Samuell Sanchez,-0.00891899,1.0
682881,sa3008831,Angel Cruz,-0.00892191,1.0
808030,sa3021596,Yohangel Moris,-0.00892245,1.0
691454,sa3018915,Jesus Machado,-0.00892986,1.0
805129,sa3019406,Andres Lacruz,-0.00893304,1.0
809772,sa3021309,Luis Puello,-0.00893882,1.0
692602,sa3018385,Jose Ochoa,-0.00894012,1.0
833066,sa3067883,Cesar Garcia,-0.00894599,1.0
821200,sa3024331,Dariel Arias,-0.00894947,1.0
821030,sa3024632,Jonathan Moya,-0.00896503,1.0
821139,sa3023928,Luis De La Cruz,-0.0089651,1.0
814259,sa3022058,Derek Cueto,-0.00896634,1.0
814293,sa3023714,Franco Willias,-0.00897045,1.0
823850,sa3024382,Robinson Chacon,-0.00898108,1.0
829824,sa3068203,Juan Caricipe,-0.00898635,1.0
821801,sa3024151,Rafy Peguero,-0.00899882,1.0
808303,sa3021618,Danny Puerta,-0.00900682,1.0
676625,19768,Rylan Bannon,-0.00900879,9.49786
815004,sa3023876,Maylerson Casanova,-0.00900888,1.0
702895,sa3017122,Geuri Lubo,-0.00901733,1.0
687799,25505,Cade Marlowe,-0.00902478,7.95328
682617,25616,Marco Luciano,-0.00903858,32.5365
800186,sa3018469,Moises Molero,-0.00904126,1.0
821115,sa3023760,Edwin Brito,-0.00905608,1.0
800389,sa3018547,Roosbert Tapia,-0.00906171,1.0
821758,sa3023779,Jeyson Moya,-0.00906237,1.0
800264,sa3018944,Marco Marcelino,-0.00907215,1.0
821256,sa3024335,Carlos Caripa,-0.00907486,1.0
808009,sa3021138,Gustavo Marquez,-0.00908362,1.0
808695,sa3021299,Enmanuel Santos,-0.00908745,1.0
829995,sa3068224,Daniel Meza,-0.00909261,1.0
700367,sa3016344,Randy Perea,-0.00909296,1.0
829036,sa3067676,Kendry Martínez,-0.00909596,1.0
800159,sa3018457,Adrian Reyes,-0.00909901,1.0
812461,sa3021318,Frandy Duran,-0.00911824,1.0
693745,sa3015677,Francisco Garcia,-0.00912387,1.0
807646,sa3021589,Brayan Joseph,-0.00913014,1.0
807006,sa3021100,Edwin Solano,-0.00913399,1.0
824771,sa3023989,Yandro Hernandez,-0.00914493,1.0
821263,sa3023942,Heudy Pena,-0.00914768,1.0
829720,sa3067723,Limanol Payero,-0.00914801,1.0
674677,sa3006876,Trey Harris,-0.00915725,1.76277
801256,sa3018603,Danny Gonzalez,-0.00915828,1.0
829816,sa3068402,Gustavo Antunez,-0.0091632,1.0
808488,sa3021269,Roiber Niazoa,-0.009164,1.0
829888,sa3067781,Anthony Santa Cruz de Oviedo,-0.0091658,1.0
834712,sa3067888,Santiago Mendoza,-0.00917268,1.0
808519,sa3021280,Jancory De La Cruz,-0.00917386,1.0
829060,sa3067691,Deivid Coronil,-0.00917719,1.0
805467,sa3019528,Angel Feliz,-0.00918787,1.0
702293,sa3025619,Justin Trimble,-0.00919263,1.0
665506,19948,Cristian Pache,-0.00919655,13.7922
808312,sa3022255,Juan Obispo,-0.009197,1.0
660707,20543,Elehuris Montero,-0.00920087,32.425
699028,sa3015775,Romtres Cabrera,-0.00920091,1.0
829076,sa3067700,Jhomnardo Reyes,-0.00920245,1.0
814188,sa3021323,Jayson Bass,-0.00921058,1.0
829736,sa3068398,Emile Torres,-0.00921076,1.0
834230,sa3068416,Jostin Ogando,-0.00921101,1.0
808711,sa3021305,Eyke Ugueto,-0.00921113,1.0
808325,sa3021248,Pedro Tovar,-0.0092183,1.0
830021,sa3068227,Fabian Cordero,-0.00921869,1.0
831875,sa3067874,Darwin Nuñez,-0.00921961,1.0
821796,sa3023976,Kendrick Hernandez,-0.00922872,1.0
692598,sa3015653,Newremberg Rondon,-0.00923115,1.0
821620,sa3023957,Evan Estevez,-0.00923608,1.0
808263,sa3021613,Daniel Rojas,-0.00923625,1.0
829739,sa3068689,Mayki De La Rosa,-0.00923991,1.0
829969,sa3067808,Saivel Zayas,-0.00924395,1.0
821085,sa3023754,Jhoan Peguero,-0.00924719,1.0
821143,sa3024956,Frandy Lafond,-0.00925849,1.0
821121,sa3024123,Sebastian Rojas,-0.00925942,1.0
800296,sa3018949,Junior Quezada,-0.00926118,1.0
808124,sa3021184,Abelardo Medrano,-0.00926218,1.0
800261,sa3019618,Angel Rodriguez,-0.00926225,1.0
821752,sa3023778,Amauri Ramirez,-0.00926542,1.0
821809,sa3024152,Saul Gomez,-0.00926942,1.0
699721,sa3017853,Jorge Garcia,-0.00926944,1.0
829740,sa3067731,Anthony Abreu,-0.00927862,1.0
800417,sa3019541,Juan Martínez,-0.00928058,1.0
821044,sa3023750,Iverson Allen,-0.00928676,1.0
808217,sa3021201,Brailin Pascual,-0.00929546,1.0
823014,sa3024154,Leandro Morgado,-0.00929692,1.0
821767,sa3023780,Albert Jimenez,-0.00929729,1.0
801462,sa3019098,Ryan Castillo,-0.00929942,1.0
820999,sa3024118,Domingo Batista,-0.00929986,1.0
829712,sa3067720,Gabriel Rodriguez,-0.00930683,1.0
821636,sa3023958,Leider Padilla,-0.00930918,1.0
806518,sa3021586,Guillermo Rosario,-0.00932455,1.0
641856,15654,Billy McKinney,-0.00932662,8.68272
811593,sa3022826,Jason Hernandez,-0.00933046,1.0
800369,sa3018535,Cristian Benavides,-0.00933609,1.0
800326,sa3018515,Elian Garcia,-0.00933894,1.0
800209,sa3018481,Estuar Suero,-0.00933944,1.0
808151,sa3021604,Sebastián De Los Santos,-0.00934014,1.0
808293,sa3021616,Albert Alberto,-0.00934036,1.0
821819,sa3023786,Miguel Rivera,-0.00935477,1.0
830455,sa3067860,Johan Rodriguez,-0.00935858,1.0
805062,sa3019676,Joan Delgado,-0.00937016,1.0
808086,sa3021167,Elvis Rojas,-0.00937556,1.0
813429,sa3067326,Lucas Ramirez,-0.00938103,1.0
808034,sa3021151,Diego Felix,-0.0093858,1.0
808147,sa3021194,Breiny Ramírez,-0.00939418,1.0
805744,sa3019630,Athanael Duarte,-0.00939504,1.0
821014,sa3024630,Gabriel Cesa,-0.00940415,1.0
815198,sa3024300,Vicente Guaylupo,-0.00941313,1.0
821822,sa3023980,Johmphy De La Cruz,-0.00941468,1.0
833228,sa3068746,Edwilmin Matos,-0.00941542,1.0
829847,sa3067765,Omar Guadamuz,-0.00941704,1.0
661531,19422,Brian Serven,-0.00942812,10.6538
800382,sa3018543,Josias Ramirez,-0.00943719,1.0
808688,sa3021296,Daniel Gaitor,-0.00943879,1.0
698978,sa3015761,Derwin Laya,-0.00945207,1.0
815914,sa3025145,Andres Arias,-0.00945712,1.0
829855,sa3067768,Kadil Rubio,-0.00946679,1.0
829809,sa3068200,Ire Garcia,-0.00947082,1.0
815182,sa3024299,Haniel German,-0.0094757,1.0
806647,sa3020224,Ramses Velazquez,-0.00949796,1.0
821033,sa3023747,Javier Acevedo,-0.0095142,1.0
807981,sa3021130,Yosmar Gimenez,-0.0095144,1.0
820942,sa3024311,Jesmaylin Arias,-0.00951812,1.0
830416,sa3067848,Keegan Pieternella,-0.0095262,1.0
808115,sa3021600,Bryan Martinez,-0.00952798,1.0
807379,sa3021588,Paris Johnson,-0.00954006,1.0
808271,sa3022234,Jose Marchan,-0.00955378,1.0
699113,sa3015797,Brayan Rijo,-0.00956016,1.0
821591,sa3023950,Steven Madero,-0.00956181,1.0
823866,sa3023792,Eduardo Ponce,-0.00956408,1.0
821114,sa3024320,Romer Taveras,-0.00958244,1.0
821277,sa3024135,Jose Camacho,-0.00958542,1.0
691401,sa3015531,Jesus Torres,-0.00958873,1.0
808304,sa3021849,Nixson Cueche,-0.00959985,1.0
699167,sa3015807,Samuel Escudero,-0.00960393,1.0
820978,sa3024629,Remy Veldhuisen,-0.00960702,1.0
800504,sa3018577,Carlos Tirado,-0.00960873,1.0
801262,sa3018607,Carlos Gonzalez,-0.00961919,1.0
821279,sa3024339,Edgardo De Leon,-0.00963644,1.0
829844,sa3067764,Jefer Lista,-0.00963911,1.0
829849,sa3067766,Matthew Moses,-0.00965116,1.0
698995,sa3017699,Dayker Baldallo,-0.00965221,1.0
801381,sa3019826,Kevin Novoa,-0.00966034,1.0
692582,sa3015646,Emilio Taveras,-0.00966288,1.0
808091,sa3021170,Jose Marcano,-0.00966742,1.0
821274,sa3024338,Deuri Castillo,-0.00966785,1.0
815019,sa3023883,Angel Ventura,-0.00966995,1.0
681184,sa3020087,Kevin Graham,-0.00967046,2.72677
820974,sa3023739,Phillando Williams,-0.00967121,1.0
830461,sa3067862,Isaias Castillo,-0.00967266,1.0
800337,sa3019207,Yorfran Medina,-0.00967598,1.0
829960,sa3067805,Oliver Guerrero,-0.00968686,1.0
689651,sa3017113,Phillip Sikes,-0.00969147,3.95844
829688,sa3067586,Jamesson Val,-0.00969472,1.0
829770,sa3067746,Nicolas Barrios,-0.00969757,1.0
821020,sa3025051,Angel Requena,-0.0097025,1.0
806104,sa3021058,Ramon Moreno,-0.00970508,1.0
820958,sa3024628,Almen Tolentino,-0.00970548,1.0
809337,sa3021307,Jayden Felicia,-0.00970737,1.0
808226,sa3021204,Omar Urbina,-0.0097082,1.0
825488,sa3067653,Feliz Genao,-0.00971435,1.0
803426,sa3019763,Carlos Cauro,-0.00972106,1.0
808146,sa3021603,Yelserth Ayala,-0.00972211,1.0
806986,sa3023109,Raymond Mola,-0.00972257,1.0
829726,sa3067726,Esnaider Vargas,-0.00972308,1.0
825156,sa3067647,Breyner Figuereo,-0.00972716,1.0
829874,sa3067777,Jhonny Osta,-0.00972821,1.0
829887,sa3068209,Stiven De La Cruz,-0.00973055,1.0
802091,sa3018623,Manuel German,-0.00974479,1.0
808517,sa3021279,Alexander Garcia,-0.00974672,1.0
621311,13744,David Dahl,-0.00974695,10.3409
820994,sa3023910,Brayan Amoroso,-0.0097571,1.0
815857,sa3023884,Jarol Capellan,-0.00975908,1.0
806966,sa3021071,Ariel Castro,-0.00976863,1.0
829925,sa3068214,Dencer Diaz,-0.00977547,1.0
815584,sa3022446,Alcides Hernandez,-0.00978414,1.0
680577,24496,DaShawn Keirsey Jr.,-0.00978544,12.8455
831574,sa3067871,Carlos Mota,-0.00979329,1.0
694223,sa3015722,Starlin Aguilar,-0.00980399,1.0
807956,sa3021119,Reynaldo De La Paz,-0.00981957,1.0
808212,sa3021200,Albert Gutierrez,-0.00982009,1.0
802079,sa3018621,Jose Medina,-0.00983018,1.0
821778,sa3024150,Vinicius Dos Santos,-0.00983237,1.0
830401,sa3067844,Luis Felipe,-0.00983714,1.0
808494,sa3021273,Khris Almonte,-0.00984455,1.0
815918,sa3023724,Vladimir Asencio,-0.00985007,1.0
800290,sa3018500,Samuel Capellan,-0.00987939,1.0
821596,sa3023772,Erick Lugo,-0.00989844,1.0
692450,sa3015632,Juan Garcia,-0.009905,1.0
829742,sa3067733,Ronny Suarez,-0.00990839,1.0
832713,sa3067880,Cristian Benavides,-0.00991045,1.0
686798,sa3010037,Yordys Valdes,-0.00992848,4.45269
829952,sa3067802,Saul Ramirez,-0.00993236,1.0
807820,sa3021114,Niurby Asigen,-0.0099355,1.0
808353,sa3021258,Rafael Alvarez,-0.00994519,1.0
835011,sa3068858,Elisandro Ramirez,-0.00994604,1.0
808126,sa3021602,Sebastian Cadiz,-0.00995193,1.0
671284,31522,Tim Elko,-0.00995612,35.1777
808073,sa3021161,Kay Robles,-0.00995966,1.0
821380,sa3023945,Pedro Blanco,-0.00996042,1.0
691775,sa3020126,Ryan Clifford,-0.00996326,44.8433
829758,sa3067741,Elias Reyno,-0.00996599,1.0
820946,sa3025204,Juan Brown,-0.00996741,1.0
821690,sa3024358,Randy Martinez,-0.00996904,1.0
815901,sa3023889,Eduardo Herrera,-0.00997886,1.0
808134,sa3021188,Enderson Asencio,-0.00997898,1.0
702869,sa3017954,Jose Aular,-0.00998281,1.0
703179,sa3018417,Johan Barrios,-0.00998716,1.0
808370,sa3021626,Luis Martinez,-0.00999863,1.0
827765,sa3025161,Leonel Vivas,-0.0100061,1.0
815018,sa3024297,Ibrahim Ruiz,-0.0100093,1.0
703939,sa3018442,Gregori Cano,-0.0100341,1.0
808709,sa3021640,Sandy Ruiz,-0.0100344,1.0
807837,sa3021116,Cristopfer Gonzalez,-0.0100439,1.0
802622,sa3018971,Ramon Ramirez,-0.0100458,1.0
820953,sa3023733,Riangelo Richardson,-0.0100719,1.0
621458,18316,Edwin Rios,-0.0100756,6.88929
682947,sa3008845,Jose Ramos,-0.0100769,10.8379
677956,27493,Rece Hinds,-0.0100772,58.8646
807960,sa3021121,Adan Chacon,-0.0100869,1.0
821627,sa3024643,Fernando Pena,-0.0100903,1.0
806977,sa3021077,Janero Miller,-0.0101009,1.0
821699,sa3023777,Manuel De Cesare,-0.0101077,1.0
821160,sa3024324,Jesus Lugo,-0.0101144,1.0
808100,sa3021839,Johan Estrada,-0.0101165,1.0
800134,sa3021054,Kevin Dume,-0.0101386,1.0
808532,sa3021283,Adrian Ibarra,-0.0101442,1.0
807831,sa3021590,Aniel Mendoza,-0.0101514,1.0
835740,sa3068807,Joshua Fermin,-0.0101538,1.0
800258,sa3018488,Axell De Paula,-0.0101612,1.0
827424,sa3067670,Elian Adames,-0.0101617,1.0
800526,sa3018588,Ivan Sosa,-0.0101663,1.0
821824,sa3023981,Herlinton Herrera,-0.0101708,1.0
815003,sa3023875,Jalvin Arias,-0.0101723,1.0
821042,sa3024315,Juan Espinal,-0.0101813,1.0
699713,sa3015838,Yemil Rosario,-0.0101816,1.0
808499,sa3021852,Jean C. Gutierrez,-0.0102024,1.0
678276,sa3005952,Jose Ferrer,-0.0102105,1.0
700295,sa3016193,Miguel Vargas,-0.0102184,1.0
808043,sa3022269,Joan Sierra,-0.0102199,1.0
808251,sa3021217,Carlos Batista,-0.0102351,1.0
830049,sa3067840,Jord David Diaz,-0.0102417,1.0
808017,sa3021142,Alexander Garcia,-0.0102457,1.0
699078,sa3015791,Luis Ariza,-0.0102546,1.0
605113,12147,Nick Ahmed,-0.0102936,9.3849
824768,sa3024898,Emdys Rosillo,-0.0103056,1.0
827427,sa3067672,Eduardo Guillen,-0.0103132,1.0
809779,sa3021311,Anthony Tandron,-0.0103196,1.0
800151,sa3018935,Delvis Matos,-0.0103219,1.0
806990,sa3021089,Tony Ruiz,-0.0103253,1.0
805063,sa3019687,Julio Valdez,-0.0103325,1.0
689108,sa3067091,Thomas Takayoshi,-0.0103368,1.0
816085,sa3023900,Juan Alvarez,-0.010356,1.0
821628,sa3024479,Dayquer Alfonzo,-0.0103616,1.0
699700,sa3016341,Luis Bolivar,-0.0103784,1.0
808078,sa3021163,Fernando Roquez,-0.0103959,1.0
821524,sa3023949,Nestor Urbina,-0.0103982,1.0
814223,sa3021651,Carlos Blanco,-0.0104031,1.0
820873,sa3024113,Frailin Yan,-0.0104302,1.0
825670,sa3068174,Ramy Peralta,-0.0104306,1.0
806221,sa3023287,Easton Shelton,-0.0104512,1.0
699035,sa3016551,Jensy De Leon,-0.0104625,1.0
692033,sa3015597,Hugo Sanchez,-0.0104742,1.0
820985,sa3023741,Leandy Mella,-0.0104744,1.0
805061,sa3019101,Carlos Altuve,-0.0104791,1.0
821794,sa3024369,Brayan Cota,-0.0104908,1.0
800374,sa3018538,Erick Arosemena,-0.0104971,1.0
811231,sa3021313,Adriel Cuello,-0.0104985,1.0
812747,sa3021649,Railin Familia,-0.0104987,1.0
800333,sa3018521,Alessandro Duran,-0.0105047,1.0
821086,sa3023924,Samuel Estevez,-0.0105188,1.0
806655,sa3020286,July Vittini,-0.0105236,1.0
829790,sa3067749,Eryks Rivero,-0.0105359,1.0
823720,sa3023789,Samuel Brito,-0.0105361,1.0
698943,sa3015745,Wilmer Feliciano,-0.0105515,1.0
808689,sa3021297,Jose Guerra,-0.0105582,1.0
808132,sa3021187,Pablo Arosemena,-0.0105597,1.0
808372,sa3021627,Nelson Marin,-0.010574,1.0
821600,sa3023952,Jesus Premoli,-0.0106009,1.0
800428,sa3019404,Josnaider Orellana,-0.010606,1.0
821780,sa3024365,Kevin Tamburini,-0.010611,1.0
703340,sa3018437,Carlos Oviedo,-0.0106176,1.0
830462,sa3067863,Alejandro Guerrero,-0.0106203,1.0
808492,sa3021271,Gustavo Beltran,-0.0106428,1.0
800410,sa3018554,Faruk De La Cruz,-0.0106519,1.0
703905,sa3019307,Johan Ferreira,-0.0106938,1.0
820943,sa3023903,Danny Cancro,-0.0107042,1.0
800069,sa3018446,Javier Roman,-0.0107459,1.0
830444,sa3067856,Ishel Comenencia,-0.010761,1.0
823857,sa3023791,Steven Santos,-0.0107709,1.0
808032,sa3021149,Kevin Hacen,-0.0107823,1.0
806991,sa3021090,Carlos Silva,-0.0107834,1.0
808143,sa3021842,Sebastian De Andrade,-0.0107856,1.0
830033,sa3068228,Jhon Lucena,-0.0108091,1.0
668952,25867,Ryan Kreidler,-0.0108112,78.437
699711,sa3018396,Dervin Andrade,-0.0108269,1.0
808079,sa3021599,Esterling Rodriguez,-0.0108565,1.0
829899,sa3067787,Francis Sosa,-0.0108726,1.0
829869,sa3068208,Jealmy Frias,-0.0108836,1.0
808007,sa3021593,Angel Perez,-0.0108852,1.0
800191,sa3018937,Eliezer Rivero,-0.0108864,1.0
829794,sa3067752,Juan Rujano,-0.0109199,1.0
806999,sa3021096,Manuel Cabrera,-0.0109357,1.0
657061,17326,Cole Tucker,-0.0109485,13.2039
830474,sa3068805,Nicolas Vergara,-0.0109678,1.0
692032,sa3016539,German Guilarte,-0.0109709,1.0
808687,sa3021295,Angelo Hernandez,-0.0109762,1.0
815930,sa3025072,Nestor Miranda,-0.0109908,1.0
694271,sa3019840,R.J. Yeager,-0.0109941,5.20493
805466,sa3019527,Cruzmel Arias,-0.0110051,1.0
675915,23250,David Bañuelos,-0.011013,2.51959
808530,sa3021853,Francisco Caldera,-0.0110287,1.0
543257,5254,Robbie Grossman,-0.0110503,9.3849
821015,sa3024955,Christian Saez,-0.0110631,1.0
695461,sa3020093,Harrison Spohn,-0.0110768,3.10236
800135,sa3019723,Yorfran John,-0.0110819,1.0
829747,sa3067734,Daniel Hernandez,-0.0110843,1.0
828772,sa3025271,Alvaro Matos,-0.0110877,1.0
807148,sa3021104,Kevin Ereu,-0.0110882,1.0
608336,14128,Joey Gallo,-0.0110902,13.9212
691402,sa3015231,Andruw Salcedo,-0.011112,1.0
820990,sa3023743,Ismael Del Rosario,-0.0111176,1.0
808673,sa3021291,Angel Aquino,-0.0111369,1.0
829930,sa3068405,Julio Acosta,-0.0111382,1.0
808314,sa3021619,Liosward Marin,-0.0111574,1.0
686810,sa3019974,Brennan Milone,-0.0111583,18.9873
821178,sa3023933,Vladi Guerrero,-0.0111727,1.0
821173,sa3024328,Edgar Jimenez,-0.0111749,1.0
808279,sa3021228,Elian Soto,-0.0111887,1.0
680693,sa3007743,Grant Lavigne,-0.0111998,9.70226
805130,sa3019217,Johan Contreras,-0.0112032,1.0
808028,sa3021147,Daniel Mielcarek,-0.011211,1.0
807755,sa3021110,Idalberto Santiesteban,-0.0112197,1.0
815014,sa3023881,Anderson Navas,-0.0112228,1.0
821108,sa3023926,Santiago Ustariz,-0.0112383,1.0
691906,sa3016753,Brahian Silva,-0.0112584,1.0
829127,sa3067707,David Ortiz Jr.,-0.0112647,1.0
815686,sa3022662,Michael Baez,-0.0112708,1.0
829752,sa3068400,Cristian Bonifacio,-0.011274,1.0
821686,sa3024355,Clay Winklaar,-0.011365,1.0
823869,sa3024384,Marwin Rivero,-0.0113776,1.0
820972,sa3024115,Deshandro Tromp,-0.0113848,1.0
829488,sa3068183,Jahni McPhee,-0.0113959,1.0
808518,sa3021633,Hojans Hernandez,-0.0114054,1.0
594807,10950,Adam Duvall,-0.0114187,12.4233
696521,sa3017174,Garrett Spain,-0.0114387,4.05426
827412,sa3068396,Gabriel Flores,-0.0114552,1.0
821418,sa3024800,Endry Reyes,-0.0114984,1.0
643265,15279,Garrett Cooper,-0.0115486,5.83546
821004,sa3023913,J.T. Bain,-0.0115804,1.0
676113,27471,Zach DeLoach,-0.0116138,17.7239
821046,sa3067641,Alexander Alzi,-0.0116224,1.0
806823,sa3022820,Sheng-En Lin,-0.0116349,1.0
821769,sa3024149,Joandrew Pena,-0.0116446,1.0
808039,sa3021154,Eduardo Perez,-0.0116627,1.0
808114,sa3021179,Hancel Almonte,-0.0116736,1.0
680769,20557,CJ Alexander,-0.0117099,6.0361
815008,sa3024625,Yadimir Fuentes,-0.0117238,1.0
808692,sa3022292,Edgar Mota,-0.0117311,1.0
829918,sa3067793,Abel Pena,-0.0117606,1.0
808324,sa3022405,Hector Liriano,-0.0117797,1.0
815020,sa3024626,Winifer Castillo,-0.0118234,1.0
830437,sa3068411,Jose Montilla,-0.0118856,1.0
834631,sa3068244,Rey Cruz,-0.0119504,1.0
701648,sa3017665,Aaron Zavala,-0.0119649,8.45914
808021,sa3021143,Alan Frias,-0.0119975,1.0
830425,sa3067851,Richer Mata,-0.0120289,1.0
676466,29830,Jack Winkler,-0.0120468,8.21548
821797,sa3024370,Juan Martinez,-0.012145,1.0
673990,sa3016953,Andy Thomas,-0.0121462,3.08263
827425,sa3068658,Leonardo Carpio,-0.0123019,1.0
669742,19717,Darick Hall,-0.0123988,7.29117
830405,sa3067845,Yeicer Crespo,-0.0124002,1.0
676545,sa3014472,Anthony Servideo,-0.0124187,3.04031
800293,sa3018948,Helder Rosario,-0.0124679,1.0
808031,sa3022173,Brauli Diaz,-0.0126031,1.0
609274,13750,Elier Hernandez,-0.0126363,8.26067
676896,23557,Chris Roller,-0.0126945,6.4107
493329,19198,Yuli Gurriel,-0.0127923,7.16731
829923,sa3067795,Luis Hernandez,-0.0128517,1.0
821192,sa3023768,Zeus Nunez,-0.0129719,1.0
572761,8090,Matt Carpenter,-0.0130101,5.59476
680810,sa3017215,Quincy Hamilton,-0.0130584,7.39858
621545,19788,Zach Remillard,-0.0131514,13.1463
605119,18289,Brian Anderson,-0.0131576,6.64638
695587,sa3014891,Bryson Horne,-0.0136315,2.96115
827418,sa3067666,Elias Marrero,-0.0137379,1.0
665782,21682,Luis De Los Santos,-0.0137631,13.0291
668843,19983,Conner Capel,-0.0137931,4.98528
687981,sa3017162,John Rhodes,-0.0140537,4.43685
678837,sa3006621,Bladimir Restituyo,-0.014103,4.98908
685313,sa3014827,Elijah Dunham,-0.014294,11.6979
541645,5760,Avisaíl García,-0.0143075,5.77307
691442,sa3015178,Wilfred Veras,-0.0145062,11.1383
665155,21635,Nick Maton,-0.0146801,10.7381
640492,18821,José Azocar,-0.0149113,11.2309
676812,33098,Carson McCusker,-0.0149715,8.37242
694355,27784,Tyler Gentry,-0.0152282,15.6333
621035,13757,Chris Taylor,-0.0154575,166.361
676595,sa3004160,Jake Scheiner,-0.0160481,8.58357
671913,sa3017326,Damiano Palmegiani,-0.0164264,6.31396
689822,sa3017334,Matt Rudick,-0.0169929,8.13197
687066,27698,Eric Yang,-0.0173694,3.59952
675659,25448,Greg Jones,-0.0175669,6.5747
695731,sa3038253,Braden Montgomery,-0.0176394,141.687
663897,19931,Luke Williams,-0.0176545,13.9388
695462,sa3017080,Cal Conley,-0.0177058,9.04324
571745,14274,Mitch Haniger,-0.0181225,15.4774
455117,6887,Martín Maldonado,-0.0189557,5.91023
641432,17838,Willie Calhoun,-0.018959,19.9798
694848,sa3023367,Sam Brown,-0.0189651,10.2391
664247,18063,Kyle Garlick,-0.0197273,9.66546
690988,sa3014521,Austin Hendrick,-0.0203898,6.47714
676045,sa3014524,Casey Martin,-0.0205739,2.72677
656448,19273,Stone Garrett,-0.0206874,6.8275
672279,22557,Michael Siani,-0.0213121,42.5196
666183,sa3011413,Hunter Bishop,-0.0215155,8.37242
692585,28552,Yanquiel Fernández,-0.0216638,46.4861
502110,6184,J.D. Martinez,-0.022068,31.1161
687210,sa3019978,Nathan Martorella,-0.0221339,9.00468
645801,15585,Mike Ford,-0.022723,11.0119
623912,14387,Harold Ramírez,-0.0236556,17.9613
695299,sa3017338,Terrell Tatum,-0.0236931,12.9192
687005,sa3010278,Kellen Strahm,-0.0239587,27.9165
680716,24597,Jonathan Ornelas,-0.0245569,16.9086
682183,25183,Drew Avans,-0.0252079,17.8893
605346,13663,Jack López,-0.0255669,11.7792
624503,16337,Nick Gordon,-0.0255834,18.1888
546991,14109,Albert Almora Jr.,-0.0256059,20.11
690474,sa3020125,Tommy Sacco Jr.,-0.0264658,7.91157
681909,25005,Justin Dean,-0.0269101,34.731
670223,27845,Matt Mervis,-0.0280585,33.1769
682073,25111,David Hensley,-0.028512,13.1664
668472,22117,Nick Pratto,-0.0300476,16.9616
669326,29524,Bryce Teodosio,-0.0303833,187.985
702112,sa3019805,Hogan Windish,-0.0308377,8.74751
694359,29782,Niko Kavadas,-0.0313366,54.5586
687272,sa3019856,Tucker Flint,-0.0316002,22.1615
666915,19966,Bobby Dalbec,-0.0317183,15.5282
641820,15149,Trey Mancini,-0.0330496,33.0846
592696,12155,Eddie Rosario,-0.0335922,14.3812
624415,19252,Cavan Biggio,-0.0338767,16.6876
677941,23788,Jordyn Adams,-0.0345023,25.5914
663905,18395,Travis Blankenhorn,-0.0346108,13.3706
691267,sa3014695,Alex Ramírez,-0.0361984,18.6449
676632,20054,Bligh Madris,-0.0363491,14.2171
693049,30162,Oscar Colás,-0.0364936,22.8697
672642,22766,Steward Berroa,-0.0368945,36.8016
641658,19262,Garrett Hampson,-0.0371505,56.8158
665120,18607,Jared Walsh,-0.0409287,11.2101
650559,19600,Bryan De La Cruz,-0.0410232,49.5779
572138,10441,Jon Singleton,-0.0420627,19.5058
695257,29573,Billy Cook,-0.0423532,54.1602
682868,25621,Bryan Ramos,-0.0463919,62.9459
673995,26469,Davis Wendzel,-0.0502139,35.103
695020,sa3016805,Tanner Murray,-0.0517843,104.722
694175,27781,Pedro León,-0.0524893,44.4306
664731,18433,P.J. Higgins,-0.0550178,16.9426
608841,14366,Joey Meneses,-0.0577087,68.6121
691002,sa3022672,Yohandy Morales,-0.059265,51.5148
676946,20157,Matthew Batten,-0.0636011,22.8103
687859,26143,Troy Johnston,-0.0641953,222.468
622534,14712,Manuel Margot,-0.0647855,97.85
681198,sa3017330,T.J. Rumfield,-0.0695314,88.5073
600869,13621,Jeimer Candelario,-0.0704842,207.978
669911,25845,Michael Toglia,-0.0955128,80.1665
607732,13723,Jacob Stallings,-0.105194,96.0753
656180,19864,Riley Adams,-0.106856,64.414
809707,sa3025257,Charlie Condon,-0.117956,171.025
691277,sa3015168,Deyvison De Los Santos,-0.130653,146.216
592178,15429,Kris Bryant,-0.144117,90.0799
592206,11737,Nick Castellanos,-0.149956,287.155
