mlbam,fgid,name,war,pa
545361,10155,Mike Trout,2.978726156507393,233.96099853515625
608324,17678,Alex Bregman,2.325693640889697,239.24400329589844
596019,12916,Francisco Lindor,2.300965855329079,243.6999969482422
641355,15998,Cody Bellinger,2.1904415387127094,233.5500030517578
605141,13611,Mookie Betts,2.129197635258972,248.9239959716797
608070,13510,José Ramírez,2.073950150790471,238.656005859375
592885,11477,Christian Yelich,2.0217312469022346,239.5800018310547
656305,16505,Matt Chapman,1.9606605959159773,238.31399536132812
543685,12861,Anthony Rendon,1.9223899780966134,230.56100463867188
518626,5038,Josh Donaldson,1.919107983789941,225.44500732421875
543807,12856,George Springer,1.8057135381757703,242.1280059814453
646240,17350,Rafael Devers,1.7835121334031396,238.8489990234375
665742,20123,Juan Soto,1.783158833279363,235.9739990234375
518735,11368,Yasmani Grandal,1.7679011399375049,197.26100158691406
621043,14162,Carlos Correa,1.7646479502298575,206.76100158691406
592518,11493,Manny Machado,1.7448115395643011,239.2209930419922
571448,9777,Nolan Arenado,1.7109420289116204,235.11900329589844
592450,15640,Aaron Judge,1.6953166217619033,217.656005859375
593428,12161,Xander Bogaerts,1.6892903345683274,235.62100219726562
592178,15429,Kris Bryant,1.6440364454159293,236.67300415039062
660670,18401,Ronald Acuña Jr.,1.5749011602896505,247.25799560546875
514888,5417,Jose Altuve,1.5148678004664662,238.9759979248047
543760,12533,Marcus Semien,1.499939217719418,245.9219970703125
547180,11579,Bryce Harper,1.495491981133606,241.2469940185547
606466,13613,Ketel Marte,1.470808775107288,238.9340057373047
607208,16252,Trea Turner,1.4549099211229084,244.18299865722656
665487,19709,Fernando Tatis Jr.,1.4439259839996506,236.47300720214844
592663,11739,J.T. Realmuto,1.4336756729857232,202.51499938964844
660162,17232,Yoán Moncada,1.4257328246007976,230.33799743652344
645277,16556,Ozzie Albies,1.4163138896466188,241.7519989013672
596115,12564,Trevor Story,1.411248571607501,240.33999633789062
596146,12144,Max Kepler,1.3918174139375157,228.50900268554688
519203,3473,Anthony Rizzo,1.3868134879773497,229.71800231933594
518692,5361,Freddie Freeman,1.3755477782762322,227.0590057373047
608369,13624,Corey Seager,1.3609394153291838,203.64500427246094
650402,16997,Gleyber Torres,1.340646931242759,226.60899353027344
657557,18015,Paul DeJong,1.3212641064513513,231.76800537109375
666182,19612,Bo Bichette,1.3207584415098639,233.55799865722656
519317,4949,Giancarlo Stanton,1.3141184581858973,199.4499969482422
624413,19251,Pete Alonso,1.2865269217539361,240.6750030517578
643446,15362,Jeff McNeil,1.2855491573662083,230.69200134277344
502110,6184,J.D. Martinez,1.2847602711101191,234.60800170898438
502671,9218,Paul Goldschmidt,1.2787326819799405,238.14999389648438
457759,5235,Justin Turner,1.2509110216774668,210.5570068359375
621566,14344,Matt Olson,1.2429935077276235,227.7449951171875
595879,12979,Javier Báez,1.1870601084461652,235.343994140625
518934,9874,DJ LeMahieu,1.1622971466715315,233.72000122070312
621439,14161,Byron Buxton,1.1397820501285152,179.10800170898438
593871,13152,Jorge Polanco,1.134427572225776,241.093994140625
657656,17128,Ramón Laureano,1.1321923554286908,210.3820037841797
467793,2396,Carlos Santana,1.1289540591720235,234.3509979248047
502054,2967,Tommy Pham,1.1207795789610095,214.21400451660156
624424,16376,Michael Conforto,1.098244814587284,207.38099670410156
443558,2434,Nelson Cruz,1.0792468568331053,219.55099487304688
664040,18882,Brandon Lowe,1.075722104873972,203.30999755859375
665489,19611,Vladimir Guerrero Jr.,1.0741975465373486,218.26400756835938
592743,10847,Andrelton Simmons,1.0637573199971369,195.39300537109375
670541,19556,Yordan Alvarez,1.0620328938474728,191.6219940185547
673357,20043,Luis Robert Jr.,1.0571700342019523,200.427001953125
547379,2900,Roberto Pérez,1.0569394644088694,143.6020050048828
642715,15986,Willy Adames,1.0327656037294717,211.55599975585938
640457,15672,Austin Meadows,1.0082706944266502,204.10499572753906
650391,17484,Eloy Jiménez,1.001680132241411,211.2169952392578
553993,12552,Eugenio Suárez,0.9987308019160859,233.59500122070312
657077,17027,Alex Verdugo,0.9933774457128454,186.30099487304688
516782,9241,Starling Marte,0.9752657943014358,224.39300537109375
543877,9774,Christian Vázquez,0.96361585751219,156.36000061035156
605119,18289,Brian Anderson,0.9623265030410955,235.0279998779297
456715,9077,Lorenzo Cain,0.957779182786394,226.2530059814453
609275,13769,Adalberto Mondesi,0.9504376764187725,220.5919952392578
596142,11442,Gary Sánchez,0.9498444798525696,162.1479949951172
643217,17901,Andrew Benintendi,0.9450188484680567,239.81100463867188
543939,12532,Kolten Wong,0.9435945668925783,209.4149932861328
650333,18568,Luis Arraez,0.9281920233397166,194.7899932861328
656555,16472,Rhys Hoskins,0.9254866476926293,225.9530029296875
656941,16478,Kyle Schwarber,0.9192401994255942,184.76400756835938
514917,10556,César Hernández,0.9075374950683172,214.4080047607422
571970,13301,Max Muncy,0.906672244113943,214.84800720214844
642708,15518,Amed Rosario,0.9019531792610261,214.47000122070312
608336,14128,Joey Gallo,0.896451622790692,211.67799377441406
643376,16535,Danny Jansen,0.889947374026099,113.83100128173828
669374,20003,Keston Hiura,0.8764591058636428,220.36300659179688
488726,4106,Michael Brantley,0.8636251166928777,217.5919952392578
660294,27459,Yoshi Tsutsugo,0.8606859060066528,172.6219940185547
543305,5297,Aaron Hicks,0.8542169553695933,169.58999633789062
592696,12155,Eddie Rosario,0.8536346152051465,208.93600463867188
624585,14221,Jorge Soler,0.8399997728802514,223.9770050048828
572122,9785,Kyle Seager,0.8240784785058313,213.36000061035156
624415,19252,Cavan Biggio,0.8127785577404425,215.80099487304688
650490,16578,Yandy Díaz,0.8095785581718281,200.5970001220703
663757,18564,Trent Grisham,0.8052875938612742,207.7949981689453
641313,15172,Tim Anderson,0.7901112463741133,238.36399841308594
593160,11281,Whit Merrifield,0.7891730405128863,245.54600524902344
542303,10324,Marcell Ozuna,0.7864516939831261,209.7469940185547
641598,15161,Mitch Garver,0.7843811482021437,145.6269989013672
592192,11445,Mark Canha,0.7791495007313853,194.3979949951172
668804,19326,Bryan Reynolds,0.778181564998467,224.31199645996094
666198,19958,Carter Kieboom,0.7746393868335892,184.71600341796875
592626,11899,Joc Pederson,0.772538922326746,138.98500061035156
500871,6153,Eduardo Escobar,0.7550643786156858,231.18499755859375
593934,12164,Miguel Sanó,0.7509997156728779,180.45599365234375
595281,11038,Kevin Kiermaier,0.7495125740012336,167.0540008544922
660271,19755,Shohei Ohtani,0.7477244425193952,174.16900634765625
572287,13265,Mike Zunino,0.7396291649109464,137.38099670410156
519058,4892,Mike Moustakas,0.7361150135089543,225.5030059814453
516416,5933,Jean Segura,0.7306576258759901,202.0
457705,9847,Andrew McCutchen,0.7156449423544224,210.88800048828125
641487,15491,J.P. Crawford,0.7140231325235713,216.19000244140625
608348,13620,Carson Kelly,0.7137027842383994,141.53500366210938
544369,6012,Didi Gregorius,0.7106776320153243,203.33099365234375
607732,13723,Jacob Stallings,0.7054216157770151,134.48500061035156
614177,14566,Franmil Reyes,0.6985191661992638,203.88099670410156
664056,18030,Harrison Bader,0.6936503437297558,154.1479949951172
474832,10264,Brandon Belt,0.6882296966152206,196.08599853515625
570731,11265,Jonathan Schoop,0.6866901398098757,203.4409942626953
545341,10243,Randal Grichuk,0.6830731151620275,194.01300048828125
429664,3269,Robinson Canó,0.68059348716094,192.91600036621094
594809,11205,Adam Eaton,0.6795959316906529,216.11399841308594
645302,18363,Victor Robles,0.6756643615792738,209.60800170898438
605137,13145,Josh Bell,0.6750444308247319,222.34500122070312
488771,8722,Jason Castro,0.6695680388531731,128.7519989013672
425877,7007,Yadier Molina,0.6662227388894759,155.63499450683594
543068,12546,C.J. Cron,0.6632950221576411,203.2429962158203
547989,15676,José Abreu,0.6623048462040616,234.0
595978,12976,Austin Hedges,0.650751650823023,102.16500091552734
598265,12984,Jackie Bradley Jr.,0.6500685664523128,187.02999877929688
458015,4314,Joey Votto,0.6488485028047519,231.96800231933594
669221,19352,Sean Murphy,0.6486873551584693,129.15199279785156
572761,8090,Matt Carpenter,0.648213401131991,185.11900329589844
669257,19197,Will Smith,0.6355208500908786,135.7790069580078
600869,13621,Jeimer Candelario,0.6324336841031095,170.14700317382812
429665,2151,Edwin Encarnación,0.6292440195624857,197.4709930419922
444482,2136,David Peralta,0.6281677180503294,201.90499877929688
596847,5452,Ji Man Choi,0.6205728203440393,173.4550018310547
543063,5343,Brandon Crawford,0.618115833907362,206.73199462890625
607043,12927,Brandon Nimmo,0.6178720020465887,181.78399658203125
458731,9927,Brett Gardner,0.610837682928345,174.24600219726562
669720,19363,Austin Hays,0.6043872063684574,194.21400451660156
666158,19955,Gavin Lux,0.6016928260495137,162.26400756835938
467092,1433,Wilson Ramos,0.5919809804867469,148.67999267578125
664058,17992,David Fletcher,0.5912899526652519,203.27200317382812
663611,20521,Nick Madrigal,0.5909704051927873,166.98300170898438
595777,10815,Jurickson Profar,0.5868645251956548,185.28700256347656
493329,19198,Yuli Gurriel,0.5863373176235392,219.55299377441406
543768,11982,Travis Shaw,0.5819731352740443,165.89700317382812
621020,18314,Dansby Swanson,0.5757689765459937,203.24899291992188
542340,10071,Jonathan Villar,0.5696340682813026,233.5050048828125
452095,9134,Tyler Flowers,0.5672579634841779,95.11930084228516
518595,7739,Travis d'Arnaud,0.5653273179748513,126.30999755859375
518792,4940,Jason Heyward,0.5594218896402923,193.2270050048828
669242,19470,Tommy Edman,0.5567050879451104,172.97500610351562
624428,15223,Adam Frazier,0.5559200181198741,196.4149932861328
453568,7859,Charlie Blackmon,0.5530092169246478,211.94900512695312
605204,16219,J.D. Davis,0.5507652496681307,184.49600219726562
455117,6887,Martín Maldonado,0.5452953760891139,123.94400024414062
578428,10231,Jose Iglesias,0.541417286707391,205.4530029296875
572039,13367,Stephen Piscotty,0.5407367880998803,171.72300720214844
673451,27461,Shogo Akiyama,0.5392798945587796,203.9709930419922
643418,16542,Shed Long Jr.,0.5375122448403229,187.86599731445312
666971,19238,Lourdes Gurriel Jr.,0.5351076297152269,205.9510040283203
593643,11902,Hanser Alberto,0.5349871277617497,210.96800231933594
446334,9368,Evan Longoria,0.5344466218128937,188.65499877929688
596748,12179,Maikel Franco,0.5245330078301967,166.23599243164062
521692,7304,Salvador Perez,0.5231746196634729,169.91400146484375
640458,16375,Óscar Mercado,0.5226064919888023,199.51600646972656
575929,11609,Willson Contreras,0.5185113494047264,166.08900451660156
649966,16622,Luis Urías,0.5036965073394364,167.6490020751953
664023,17919,Ian Happ,0.5031921689219965,170.0240020751953
621028,17696,Kevin Newman,0.49843809195522254,208.50599670410156
670032,19339,Nicky Lopez,0.49701841571837196,177.8489990234375
570482,10681,Gio Urshela,0.49640122817324717,177.5449981689453
624512,15674,Reese McGuire,0.4950403725595379,100.78500366210938
503556,5497,Marwin Gonzalez,0.4866205156543337,154.6999969482422
605131,12158,Austin Barnes,0.4864317639072425,83.44039916992188
519222,5491,Austin Romine,0.48563367150243475,112.83300018310547
608577,14553,Nomar Mazara,0.4808223393232644,166.14599609375
500743,7802,Miguel Rojas,0.47458793013528927,165.32899475097656
592348,12092,Niko Goodrum,0.4676585539495351,214.08599853515625
622534,14712,Manuel Margot,0.464154721129204,132.91400146484375
501981,9112,Khris Davis,0.46206359047693546,219.38099670410156
435062,4229,Howie Kendrick,0.46195257294910697,148.06500244140625
545358,10059,Max Stassi,0.46175508654407704,76.97000122070312
605113,12147,Nick Ahmed,0.45676844219996543,209.39999389648438
663538,21479,Nico Hoerner,0.45212380650284145,144.56399536132812
457708,5222,Justin Upton,0.4441247605304833,206.6230010986328
600303,12371,Tommy La Stella,0.4436887652153618,147.86399841308594
444489,2829,Manny Piña,0.4333746101231074,90.87879943847656
571771,10472,Enrique Hernández,0.4290752160911009,118.12000274658203
460086,5209,Alex Gordon,0.42844910658724117,182.03500366210938
622666,14950,Johan Camargo,0.42571718794655483,130.13400268554688
592669,15464,Hunter Renfroe,0.4246558118689688,186.22500610351562
641531,15117,Hunter Dozier,0.42420986550517925,192.7050018310547
663656,18345,Kyle Tucker,0.42016668597258106,154.9929962158203
516770,4579,Starlin Castro,0.4054975753788422,200.4709930419922
475253,9054,Justin Smoak,0.404519881803864,184.8679962158203
669222,19293,Nick Senzel,0.40440750689892635,189.2550048828125
594777,11200,Kole Calhoun,0.40086782771036955,191.08399963378906
623993,14551,Anthony Santander,0.3983261973932411,204.33999633789062
488671,7476,Alex Avila,0.3960519227046019,72.44860076904297
572041,9256,AJ Pollock,0.39400549266163953,158.06199645996094
547004,14103,Rio Ruiz,0.39331883502290316,147.0500030517578
669256,19294,Nick Solak,0.39289838528557314,176.50100708007812
542255,4922,Ender Inciarte,0.38125876480667265,174.74000549316406
608596,13499,Tom Murphy,0.3788860800017818,131.44000244140625
543228,9627,Yan Gomes,0.378191665717441,114.0739974975586
572816,10762,Corey Dickerson,0.3712329391884307,192.9459991455078
571980,13359,Tyler Naquin,0.3665887773635931,110.14600372314453
595751,12180,Jorge Alfaro,0.3654766603229079,153.1820068359375
608385,13590,Jesse Winker,0.3600111113885749,146.92799377441406
643289,16530,Mauricio Dubón,0.35369338459004146,180.3730010986328
457727,5223,Cameron Maybin,0.3532860687830208,159.00399780273438
656669,16424,Jordan Luplow,0.3507900282117105,99.7843017578125
605170,14968,Victor Caratini,0.349477077229336,111.60600280761719
543333,3516,Eric Hosmer,0.3367084667252354,219.70199584960938
502210,3892,Josh Reddick,0.33525153194264146,155.88299560546875
621563,13853,Joey Wendle,0.33205350376669474,111.5989990234375
621466,17766,DJ Stewart,0.32665515436756387,138.031005859375
541645,5760,Avisaíl García,0.32240643525472645,187.20199584960938
621311,13744,David Dahl,0.32181198295463254,195.26199340820312
572228,14811,Luke Voit,0.31635228475027855,162.38900756835938
656308,17321,Michael Chavis,0.315731621988374,157.4459991455078
493316,13110,Yoenis Cespedes,0.3124042393484756,109.91300201416016
596129,14130,Daniel Vogelbach,0.3123799012683276,151.81500244140625
642336,16403,Francisco Mejía,0.3109747307428661,130.6790008544922
462101,8709,Elvis Andrus,0.3096293373030925,229.12899780273438
573262,14854,Mike Yastrzemski,0.3090147107864665,217.13099670410156
641857,15112,Ryan McMahon,0.3059953925824166,187.93499755859375
605412,11936,Joe Panik,0.3021864962158263,96.8550033569336
408234,1744,Miguel Cabrera,0.2960071965281519,200.48899841308594
570256,12907,Gregory Polanco,0.2951969420182087,157.60400390625
622682,15487,Victor Reyes,0.2890011195088433,152.46499633789062
666185,20126,Dylan Carlson,0.28742173862653586,157.0540008544922
606299,13593,José Peraza,0.287296763186353,128.5260009765625
607680,12434,Kevin Pillar,0.28302974460462477,111.80599975585938
571466,10200,Tucker Barnhart,0.28212187209886885,126.93800354003906
571976,10047,Wil Myers,0.2786521858911011,197.89700317382812
543105,12649,Alex Dickerson,0.2762633665890418,144.0850067138672
620439,15519,Franklin Barreto,0.27583837513281273,106.9020004272461
451594,4062,Dexter Fowler,0.27487925189161055,186.63699340820312
621035,13757,Chris Taylor,0.272842940672054,112.80400085449219
527038,5827,Wilmer Flores,0.2725342554302949,107.35199737548828
663586,18360,Austin Riley,0.27048494976677195,148.2969970703125
519048,3086,Mitch Moreland,0.26934335559969924,159.99000549316406
570267,10348,Domingo Santana,0.2680516739694901,130.22799682617188
656514,19878,Adam Haseley,0.26736101103712095,148.2429962158203
519299,7927,Eric Sogard,0.266544802174898,122.23400115966797
624577,14225,Yasiel Puig,0.2636875945107964,87.77799987792969
641432,17838,Willie Calhoun,0.26197931515747197,185.39599609375
460075,3410,Ryan Braun,0.26026303435119075,152.3769989013672
664761,21618,Alec Bohm,0.2595999001062557,84.98249816894531
605480,13608,Mallex Smith,0.25771901484250864,178.30499267578125
592206,11737,Nick Castellanos,0.2519586631111945,196.2449951171875
609280,15878,Miguel Andujar,0.2518218499405808,164.89999389648438
453943,785,Todd Frazier,0.24623316949012686,175.86399841308594
623168,13897,Tyler Heineman,0.2460544287491898,80.29669952392578
452678,4962,Asdrúbal Cabrera,0.2445719947017378,140.82400512695312
572233,13419,Christian Walker,0.2425306777983891,195.36099243164062
643393,14894,Tony Kemp,0.2411674927841817,94.88909912109375
596059,12282,Rougned Odor,0.23743154547476653,196.70199584960938
664068,17975,Scott Kingery,0.23305863074528038,194.10800170898438
502481,4866,Jarrod Dyson,0.2320988737705562,129.98899841308594
543592,15941,Austin Nola,0.22931374437545407,132.92300415039062
645801,15585,Mike Ford,0.2283940825946621,68.14340209960938
435559,8259,Kurt Suzuki,0.22803490589356573,108.16500091552734
649557,15937,Aledmys Díaz,0.21792345000995858,70.42849731445312
553882,13338,Omar Narváez,0.21725800042924792,130.6699981689453
506702,5273,Sandy León,0.21536448745157405,70.59290313720703
592444,14818,JaCoby Jones,0.2136877238050665,171.64999389648438
647304,18839,Josh Naylor,0.21296337394331666,126.41899871826172
542963,10655,Rob Brantly,0.204403361816794,92.1261978149414
500874,7996,José A. Martínez,0.20166424576087089,108.99500274658203
641933,15711,Tyler O'Neill,0.20044539459129782,139.9600067138672
592200,12510,Curt Casali,0.1983391552985542,83.68669891357422
595956,12981,Cam Gallagher,0.19809744451075553,40.21630096435547
571745,14274,Mitch Haniger,0.19803302397404138,71.86119842529297
642133,15679,Rowdy Tellez,0.19666242467415257,132.07699584960938
431145,4616,Russell Martin,0.19514300467827056,33.71220016479492
543309,5517,Kyle Higashioka,0.19289734746899084,37.16630172729492
605233,16192,Derek Fisher,0.19141801473095307,113.16300201416016
650859,19858,Luis Rengifo,0.1896805921800131,72.73909759521484
664119,18083,Austin Allen,0.18883537520939192,74.04429626464844
606115,13185,Orlando Arcia,0.1852825075482895,87.46900177001953
600474,14523,Pedro Severino,0.18114715071248066,102.60199737548828
656371,17922,Isan Díaz,0.17513017141739123,184.1909942626953
519306,5667,Steven Souza Jr.,0.1746585602672407,110.20500183105469
592567,16909,Colin Moran,0.17274718736711003,171.4080047607422
623520,14593,David Bote,0.17263010764620465,96.24079895019531
663993,19566,Nathaniel Lowe,0.17245264662018103,45.53450012207031
456781,8623,Donovan Solano,0.17224130744420557,91.72920227050781
600524,14503,Renato Núñez,0.17186632257162648,212.47000122070312
543401,9776,Jason Kipnis,0.17002682835368277,98.5811996459961
547172,11470,Tony Wolters,0.16874018162134508,126.61599731445312
643565,15274,Mike Tauchman,0.16789002334624886,85.89409637451172
621514,17714,Christin Stewart,0.1660309413036526,153.89700317382812
553902,15608,Willians Astudillo,0.16353471540041792,38.28960037231445
542932,12037,Jon Berti,0.16351818710443972,97.70760345458984
650489,17338,Willi Castro,0.1582044616645113,63.39469909667969
542583,11342,Jesús Aguilar,0.157911876876779,141.49000549316406
455139,3142,Robinson Chirinos,0.1556637740150761,127.36000061035156
657041,16939,Lane Thomas,0.15532506292786655,61.53160095214844
576397,10816,Jedd Gyorko,0.15490383043170655,71.42949676513672
640461,15191,Chad Pinder,0.15391500103119676,69.1698989868164
571875,13329,Jake Lamb,0.15385683762347702,115.17400360107422
543829,8203,Dee Strange-Gordon,0.15349692620218336,139.97900390625
543257,5254,Robbie Grossman,0.15326288211244243,71.26110076904297
592273,11615,Brandon Drury,0.15226677160238122,102.75700378417969
608700,13807,Kevin Plawecki,0.14971543251408231,46.25230026245117
663624,18373,Ryan Mountcastle,0.1460524405027768,102.31400299072266
546991,14109,Albert Almora Jr.,0.14336331602988053,117.98400115966797
571788,9345,Brock Holt,0.14211567756276397,99.28340148925781
465041,5275,Francisco Cervelli,0.14059975288321802,100.17900085449219
642082,15694,Chance Sisco,0.13911188695167703,107.16500091552734
606192,13066,Teoscar Hernández,0.13862571791616934,182.6909942626953
594824,10951,Greg Garcia,0.13769179373716878,54.30580139160156
571974,10346,John Ryan Murphy,0.13485229891978648,53.424598693847656
446359,2616,Zack Cozart,0.13265600066904606,48.99879837036133
663647,18577,Ke'Bryan Hayes,0.12858518718903994,81.87979888916016
641343,15194,Jake Bauers,0.12761612823441476,57.40629959106445
657061,17326,Cole Tucker,0.12739209689780942,77.71769714355469
605548,16221,Bradley Zimmer,0.12730297250970257,65.58830261230469
664034,17982,Ty France,0.12531865553412028,60.330299377441406
572863,9433,Dustin Garneau,0.12516772803807671,49.4005012512207
621002,14145,Daniel Robertson,0.12480144810690151,49.890098571777344
664702,17620,Myles Straw,0.12275677752473971,51.67399978637695
474568,6547,Jordy Mercer,0.12201478303255486,66.28389739990234
621433,14735,Brett Phillips,0.12189594077170574,79.53630065917969
641513,15958,Travis Demeritte,0.12034072099838476,65.24479675292969
605421,12977,Michael Pérez,0.11898933164269984,55.47330093383789
592261,11379,Delino DeShields,0.11840135527890708,65.89199829101562
544725,5913,Leury García,0.11816728411337797,125.03299713134766
543510,12859,James McCann,0.11765706196472525,79.47119903564453
425783,3174,Shin-Soo Choo,0.11421336515174069,224.19000244140625
656811,16442,Ryan O'Hearn,0.11163382725272669,137.20899963378906
595909,14477,Jake Cave,0.11062964853196962,52.79819869995117
543543,12775,Brad Miller,0.10979884244576002,76.60769653320312
663898,17907,Brendan Rodgers,0.10911268802082175,88.03459930419922
594807,10950,Adam Duvall,0.1083788781654679,118.54900360107422
608475,14713,Dawel Lugo,0.10754306266223357,68.22049713134766
459964,3353,Matt Joyce,0.10475133323212038,85.92749786376953
545350,11339,Jake Marisnick,0.10451651865129834,88.63839721679688
643265,15279,Garrett Cooper,0.09779812064153648,135.49099731445312
455104,8267,Chris Iannetta,0.09590959769964001,38.570701599121094
641584,19260,Jake Fraley,0.09485037476427857,155.22799682617188
519390,5000,Stephen Vogt,0.0923881754891443,97.53970336914062
641658,19262,Garrett Hampson,0.09228455406034432,133.531005859375
670623,20036,Isaac Paredes,0.09206805960970847,26.337200164794922
518960,7870,Jonathan Lucroy,0.08984797112875514,34.80699920654297
501303,8418,Ehire Adrianza,0.08963086706054677,41.468299865722656
670712,19683,Mike Brosseau,0.08593192756352876,30.728700637817383
621512,13755,Tomás Nido,0.08566465450960839,58.02090072631836
657108,20078,Evan White,0.08528489923793464,185.27000427246094
596117,18067,Garrett Stubbs,0.08282512691765329,49.283599853515625
668227,19290,Randy Arozarena,0.08061393168630215,25.791500091552734
519346,3711,Eric Thames,0.08042549245967373,159.5970001220703
596103,16153,Austin Slater,0.07881154425180893,63.60020065307617
607461,17710,Matt Beaty,0.07844138048890825,74.02120208740234
606988,17062,Grayson Greiner,0.078283102599144,59.467899322509766
592325,12160,Ben Gamel,0.0781870369315037,69.71620178222656
668942,19734,Josh Rojas,0.07797160860024818,53.154998779296875
641914,19635,Sheldon Neuse,0.0775992964699578,35.194801330566406
647351,19844,Abraham Toro,0.07707920992867759,24.01959991455078
570560,11602,Yolmer Sánchez,0.07626540531372702,64.83180236816406
572821,9810,Brian Dozier,0.07512281410563713,28.984100341796875
668670,19452,Jake Rogers,0.0744471729451237,36.15359878540039
614173,14567,Franchy Cordero,0.07439980207949265,128.79200744628906
664901,18889,Danny Mendick,0.06898085471332326,31.073200225830078
623912,14387,Harold Ramírez,0.06856161725229967,109.72699737548828
502517,4316,Daniel Murphy,0.06719179662429697,164.61900329589844
452254,8252,Hunter Pence,0.06557447245132056,122.28399658203125
643396,16512,Isiah Kiner-Falefa,0.06237105018798737,138.83299255371094
425784,3648,René Rivera,0.062070004135784784,23.23979949951172
476704,4418,Jed Lowrie,0.060391880532485044,52.527801513671875
607345,12284,Kevan Smith,0.05890557313880686,26.211599349975586
641856,15654,Billy McKinney,0.058501247559727645,36.50590133666992
605196,16211,Kevin Cron,0.0575765337151741,62.29290008544922
642731,16426,Thairo Estrada,0.05596377520215001,42.506099700927734
624414,16434,Christian Arroyo,0.053861046108666266,33.44219970703125
622110,13836,Matt Duffy,0.05228327190619404,21.322099685668945
489149,9205,Logan Morrison,0.05126204826186573,49.00870132446289
542921,7949,Tim Beckham,0.05085960364341358,50.755001068115234
520471,6609,Freddy Galvis,0.050226702007153956,202.0780029296875
599096,14335,Dilson Herrera,0.04999319885792831,47.873199462890625
641645,16451,Luis Guillorme,0.04958123521640753,31.952699661254883
596105,13473,Dwight Smith Jr.,0.04825876267078827,80.98040008544922
621573,18288,Austin Dean,0.04822519234040735,31.318300247192383
640449,15983,Clint Frazier,0.04786748855457005,44.26340103149414
571740,10199,Billy Hamilton,0.047731519232224434,62.00899887084961
630105,18036,Jake Cronenworth,0.044326576286052265,22.228700637817383
591741,12937,José Osuna,0.04168733563084845,96.25830078125
446308,4298,Matt Wieters,0.04164789565322094,62.02799987792969
588751,10459,Adeiny Hechavarría,0.04132433438064046,45.9833984375
606213,17423,Yermín Mercedes,0.04013736920539283,11.035699844360352
669288,19643,Daniel Johnson,0.03964181211563621,19.558799743652344
621453,17719,Steven Duggar,0.03960043029197872,66.33460235595703
641680,16930,Jonah Heim,0.03892104910596297,17.358299255371094
641505,15104,Jonathan Davis,0.03780359063013572,38.182098388671875
628338,18721,Guillermo Heredia,0.03607152962276515,129.85899353027344
669289,19997,Santiago Espinal,0.03594469340105634,28.513099670410156
602104,18795,Ramón Urías,0.03574532178745855,19.53380012512207
644374,14773,Yu Chang,0.035623252175078265,28.143699645996094
624513,15055,Dom Nuñez,0.03477124236576592,21.50480079650879
450314,7435,Ben Zobrist,0.03411236947462331,17.81170082092285
543281,8202,Josh Harrison,0.03311219140020228,50.76559829711914
545121,13324,Ildemaro Vargas,0.032117276802176215,54.49169921875
664041,19552,Jaylin Davis,0.03188590474833444,63.033199310302734
668800,19514,Andrew Knizner,0.031013933741289103,23.245800018310547
605244,16925,Aramis Garcia,0.030131438497192763,20.39590072631836
664238,18042,Dylan Moore,0.02996860804167525,35.2578010559082
666176,20220,Jo Adell,0.028764777689540458,100.9530029296875
605353,17684,Vimael Machín,0.027537976635768152,25.28529930114746
571697,10339,Scooter Gennett,0.027505562790548686,24.08880043029785
596144,10473,Cheslor Cuthbert,0.026811196059495328,28.009700775146484
642165,15170,Josh VanMeter,0.026625387328879063,46.560699462890625
571679,10619,David Freitas,0.026387823765776464,7.269800186157227
666783,18905,Yusniel Díaz,0.025353490929988176,23.08099937438965
662139,19918,Daulton Varsho,0.02529042403494671,5.399089813232422
624431,16725,Jose Trevino,0.02497971940577548,36.42850112915039
641470,19181,Zack Collins,0.024767906012047772,14.487899780273438
642180,15730,Tyler Wade,0.024094050218319903,47.05630111694336
595453,17161,Chad Wallach,0.023522571547706952,12.373100280761719
592407,11287,Bryan Holaday,0.0229328227661959,9.4135103225708
456488,6848,Eduardo Núñez,0.022105280589378537,28.116199493408203
606019,19780,Esteban Quiroz,0.02120147576821454,6.4721999168396
666135,20325,Alex Kirilloff,0.020683425052722255,10.571399688720703
644433,16953,Chadwick Tromp,0.02065529454247873,10.342300415039062
621493,17548,Taylor Ward,0.02052105537459592,12.675800323486328
608703,13788,Matt Reynolds,0.020338934632261527,15.746999740600586
664774,18126,LaMonte Wade Jr.,0.0203238534650948,8.610560417175293
656185,16623,Greg Allen,0.020192349722504582,53.92060089111328
500135,11875,Ronny Rodríguez,0.018721584784985867,22.69659996032715
456030,8370,Dustin Pedroia,0.01833471084196718,8.640800476074219
623205,14196,Andrew Velazquez,0.018188889289649263,64.48870086669922
621532,13854,Anthony Bemboom,0.01782737635722264,9.911760330200195
602074,15794,Yonathan Daza,0.016905577159083838,27.135400772094727
606992,14111,Eric Haase,0.016899539013191422,7.622650146484375
666915,19966,Bobby Dalbec,0.016809012559722072,24.598600387573242
641796,15124,Tim Locastro,0.01663537827450448,55.12120056152344
456124,4403,Erik Kratz,0.01662579479653605,4.508570194244385
620453,15988,Deivy Grullón,0.016522370256745793,8.231940269470215
670370,19521,Andrew Young,0.016520888475760137,9.436100006103516
596451,13546,Roman Quinn,0.0164562193048733,78.19889831542969
622268,19314,Donovan Walton,0.01640388681374808,8.066909790039062
656577,17276,Alex Jackson,0.016336676318110616,12.206600189208984
595375,17642,JT Riddle,0.01608561619808376,58.152198791503906
642136,19318,Matt Thaiss,0.016034950890364746,51.98529815673828
608686,15402,Jack Mayfield,0.01598718356999621,10.960000038146973
656716,19392,Zach McKinstry,0.01558618666853862,17.138900756835938
643436,16524,Ryan McBroom,0.015390402620663823,64.39600372314453
572033,9308,Josh Phegley,0.014805108880690563,16.39579963684082
624641,17022,Edmundo Sosa,0.014471566422757261,18.456199645996094
622168,16313,Yairo Muñoz,0.013389451335860872,12.77970027923584
642721,17468,Kelvin Gutiérrez,0.013053160493293432,6.756259918212891
592660,10839,Rangel Ravelo,0.012672944997287421,14.240599632263184
595885,14131,Greg Bird,0.012394176651165587,33.49850082397461
547170,13157,Nicky Delmonico,0.012128320490946557,9.61732006072998
656252,17278,Bobby Bradley,0.012038474047126057,11.63949966430664
541600,10416,Wilfredo Tovar,0.012007925867335904,6.020830154418945
663662,18353,Daz Cameron,0.011399022371216119,9.72677993774414
641829,16429,Jason Martin,0.011237246986507868,32.80839920043945
592387,15447,Ryon Healy,0.011026398952727778,32.64149856567383
596825,13167,Robel García,0.0107277297316717,6.89162015914917
607333,12384,Beau Taylor,0.00935809519279242,4.347809791564941
668663,19977,Tres Barrera,0.009247717367034707,6.694530010223389
642851,15271,Austin Wynns,0.009146693757717296,9.989649772644043
667670,19627,Brent Rooker,0.009097148019199102,4.080709934234619
620443,15905,Luis Torrens,0.008891412168930414,5.905310153961182
621500,14555,Wyatt Mathisen,0.00832086576748408,5.015480041503906
628450,19334,Yadiel Hernandez,0.008158196981604488,6.809420108795166
642086,15653,Dominic Smith,0.007683424260745753,104.18399810791016
457763,9166,Buster Posey,0.007579074267453409,1.0
664926,18206,Nick Dini,0.007364977000116524,3.333240032196045
624503,16337,Nick Gordon,0.007221639253645777,6.177919864654541
600466,15766,Raudy Read,0.00687226298669553,7.379270076751709
656775,17929,Cedric Mullins,0.0065995941967130645,24.202800750732422
592863,11859,Mason Williams,0.006439497540472881,21.218700408935547
657434,16729,Brian O'Grady,0.005819513526713289,3.074039936065674
502273,11241,Mike Freeman,0.005813481371408087,12.753399848937988
665120,18607,Jared Walsh,0.005512587746221299,11.438199996948242
641525,15214,Brandon Dixon,0.005227917990092394,16.601900100708008
527049,7216,César Puello,0.005211935686542936,3.5678300857543945
606157,15482,Aristides Aquino,0.005123203342941779,73.21160125732422
572191,11489,Michael A. Taylor,0.004853710313755137,72.07749938964844
435263,4810,Brian McCann,0.00471672123035086,1.0
663630,19928,Ryan McKenna,0.004663720570405885,5.074830055236816
663905,18395,Travis Blankenhorn,0.004434117617345773,5.760819911956787
543376,7087,Caleb Joseph,0.0043687579266843725,7.261839866638184
680777,24618,Ryan Jeffers,0.004269457049304171,1.0
608365,14106,Addison Russell,0.004184020721502697,1.0
642221,15994,Kean Wong,0.004140870386587326,8.228569984436035
664874,18887,Seby Zavala,0.0037281233468758855,2.543489933013916
666134,20529,Nolan Jones,0.0036315078042000945,1.0
641453,sa873984,C.J. Chatham,0.003479992452731206,14.483400344848633
621005,14137,Tim Lopes,0.0034100413748116495,38.63199996948242
658668,19698,Edward Olivares,0.003182732999313591,54.7307014465332
641569,sa737922,Xavier Fernández,0.0031111607435964795,1.0
656340,sa915611,Brett Cumberland,0.003072762064445118,1.0
622100,19533,Taylor Jones,0.0030272530367353983,6.64585018157959
519083,6867,Derek Norris,0.0029303425063153653,1.0
663728,21534,Cal Raleigh,0.0028666292005325874,1.0
518618,10542,Derek Dietrich,0.0028357804458655797,1.0
679727,sa3005394,Lorenzo Quintana,0.0027156262276463667,1.0
672284,22558,Jarred Kelenic,0.002658852095626807,1.0
607468,16271,Alex Blandino,0.0026349110300688157,29.81209945678711
664767,sa875053,Kade Scivicque,0.0026321719003013825,1.0
650619,17109,Meibrys Viloria,0.002613929844144103,28.84910011291504
641820,15149,Trey Mancini,0.002533913321855221,1.0
621559,14556,Max Moroff,0.0024848342897660024,1.0
680776,24617,Jarren Duran,0.0024529640604971058,1.0
656180,19864,Riley Adams,0.0024158683177756012,1.0
657739,sa829058,Jamie Ritchie,0.0024152457213713198,1.0
592723,sa548430,Wynston Sawyer,0.0023987444051066357,1.0
628356,17182,Jung Ho Kang,0.0023769698694706895,1.0
660688,19610,Keibert Ruiz,0.0023180420355565293,1.0
656821,16593,Kevin Padlo,0.0023171511375511336,1.0
642344,sa736923,Jhon Nuñez,0.002301846522323856,1.0
501896,9549,David Freese,0.002285433120480613,1.0
621011,17750,Max Schrock,0.0022762055195081126,10.505900382995605
591712,13490,Óscar Hernández,0.002194712611731398,4.572279930114746
429711,3255,Franklin Gutierrez,0.002157078993463645,1.0
591971,12758,Breyvic Valera,0.0021516683525679924,1.0
622794,sa657431,Carlos Garay,0.0021303758810804394,1.0
669023,22202,Jeter Downs,0.00213001449715235,1.0
663698,21524,Joey Bart,0.0021272766938018463,1.0
664916,sa875766,Drew Ferguson,0.0021217760724661946,1.0
642211,15490,Justin Williams,0.002058432174159637,7.024429798126221
573013,sa503041,Cam Maron,0.0020490597480124608,1.0
676625,19768,Rylan Bannon,0.0020387102354742716,1.0
670764,22458,Taylor Walls,0.002037272514355989,1.0
471083,3364,Miguel Montero,0.0020275017944877205,1.0
608422,15808,José Godoy,0.0019996047560714774,1.0
677551,23667,Wander Franco,0.0019933382901863744,1.0
543377,5503,Corban Joseph,0.0019929075809871975,1.0
641943,19818,Joshua Palacios,0.0019698002283119174,1.0
628451,18819,Andy Ibáñez,0.0019122015918035453,3.335319995880127
571506,9744,Justin Bour,0.0019107270074277274,1.0
664850,18142,Patrick Mazeika,0.0018808316375216007,1.0
672386,22581,Alejandro Kirk,0.0018514008132772,1.0
571912,13355,Luke Maile,0.00184258763787711,1.0
624407,14678,Tzu-Wei Lin,0.0018292683650272066,9.145500183105469
666213,19961,Colton Welker,0.0018124964274236135,1.0
663886,17988,Tyler Stephenson,0.00178162564424921,1.0
664750,sa875729,Chad De La Guerra,0.0017796071850383552,1.0
666163,20287,Ben Rortvedt,0.0017702008430573487,1.0
657247,16680,Brian O'Keefe,0.0017654650223230233,1.0
546318,11476,Odúbel Herrera,0.0017514835045695397,1.0
666139,19953,Josh Lowe,0.001739735538141594,1.0
134181,639,Adrian Beltré,0.0017096434521625405,1.0
663616,21501,Trevor Larnach,0.0016854343282900692,1.0
543302,9284,Chris Herrmann,0.0016304878961835062,1.0
542513,10067,Tomás Telis,0.001612670182836037,1.0
642736,16404,Domingo Leyba,0.0015550717421397723,1.0
642456,19615,Luis Barrera,0.0015485530026946154,1.0
631222,sa736830,Michael De La Cruz,0.0015426898896540894,1.0
670140,sa918476,Sam Tidaback,0.0015423023312764973,1.0
546999,sa738674,Jeremy Martinez,0.0015107378773417733,1.0
596069,sa601924,Max Pentecost,0.001491511171216681,1.0
670768,20332,Luis González,0.0014708346470606061,1.0
670351,19331,Jose Rojas,0.0014694928870672564,1.0
669134,22217,Luis Campusano,0.0014654328129486281,1.0
680911,24655,Owen Miller,0.0014650921956336127,1.0
660644,20536,Vidal Bruján,0.001459455102909179,1.0
664789,18136,Ka'ai Tom,0.001449200444293071,1.0
668904,20437,Royce Lewis,0.0014191822784885627,1.0
641884,sa739013,Dominic Miroglio,0.0014105999460230353,1.0
622689,sa657542,Randy César,0.0014064720435255364,1.0
666023,21840,Freddy Fermin,0.0014038060614036054,1.0
670281,sa873599,Stevie Berman,0.0013868004733187081,1.0
576788,9968,Dan Butler,0.0013563844409811149,1.0
570799,11738,Christian Villanueva,0.001291477862526063,1.0
667372,sa917669,Julio E. Rodriguez,0.0012905877537376007,1.0
431151,3787,David Wright,0.001271550779817856,1.0
493596,9015,Gordon Beckham,0.0012701329054642361,1.0
640902,19802,Jhonny Pereda,0.0012654376586023254,1.0
456078,3256,Welington Castillo,0.0012551794758823478,1.0
657027,sa829082,Nick Tanielu,0.00125188437533219,1.0
674671,sa3004978,Robbie Glendinning,0.0012365185328743163,1.0
650907,19859,René Pinto,0.0012169494937450827,1.0
581527,13862,Devon Travis,0.001194991819792408,1.0
622194,13866,Bruce Maxwell,0.0011881319478968433,1.0
657136,19896,Connor Wong,0.0011872053883743888,1.0
643348,19842,Caleb Hamilton,0.0011800256378303215,1.0
594694,14320,Wilmer Difo,0.0011598022625666574,37.044498443603516
572180,13132,Andrew Susac,0.0011582519196539215,9.650819778442383
666931,19968,Jared Oliva,0.0011411848472248436,1.0
596107,sa827359,Eric Filia,0.0011147486946899215,1.0
570479,sa505988,Alex Monsalve,0.0010932817649195632,1.0
625510,15817,Erick Mejia,0.0010823676026176735,16.13479995727539
455976,5930,Nick Markakis,0.0010567086003373158,1.0
669016,20202,Brandon Marsh,0.0010365145501214895,1.0
664029,18032,Mark Mathias,0.0010310523270336673,8.147250175476074
676391,20352,Ernie Clement,0.0010184396525366474,1.0
501571,5384,Juan Lagares,0.001012872769541949,4.146180152893066
670054,sa918156,Mitchell Kranson,0.0009956644403927165,1.0
665833,21711,Oneil Cruz,0.0009876297397788836,1.0
671218,22515,Heliot Ramos,0.0009730364747542563,1.0
458675,9893,Colby Rasmus,0.0009600861551715455,1.0
608339,14973,Zach Green,0.0009532786412058299,1.0
547982,11846,Leonys Martin,0.0009385524936098486,1.0
592259,sa548454,Jake DePew,0.0009311049323732787,1.0
670092,19384,Trenton Brooks,0.0009116219383438597,1.0
669699,25817,Braden Shewmake,0.0008976505655951073,1.0
492802,5398,Juan Graterol,0.0008962772536171228,1.0
621508,sa857721,Jason Goldstein,0.000892391819404106,1.0
466480,sa328505,Deibinson Romero,0.0008893061181865899,1.0
475582,4220,Ryan Zimmerman,0.0008738894632859019,1.0
592622,16042,Mark Payton,0.0008502298761490544,1.0
600858,13595,Humberto Arteaga,0.0008493000856117485,6.304009914398193
657088,16496,Forrest Wall,0.0008481029072419544,1.0
628336,19254,José Miguel Fernández,0.0008302267981308855,1.0
664731,18433,P.J. Higgins,0.000829900423205615,1.0
595023,10961,Colin Walsh,0.0008255594534882242,1.0
661531,19422,Brian Serven,0.0008218244901370857,1.0
605357,12594,Mike Marjama,0.0008155704234929706,1.0
607257,12606,Raffy Lopez,0.0008139214349123297,1.0
543089,12782,Taylor Davis,0.0007966626334031098,1.0
600945,sa603199,Andy Paz,0.0007903749079021328,1.0
621471,15103,Boog Powell,0.0007835270623879631,1.0
644375,sa830277,Kungkuan Giljegiljaw,0.0007778134216750309,1.0
676801,19599,Chas McCormick,0.0007773153317469509,1.0
664060,sa857840,Kyle Holder,0.0007685382623453751,1.0
502374,9628,Michael McKenry,0.0007620650731060092,1.0
506747,8298,Francisco Peña,0.0007598160358375696,1.0
543432,8879,Ryan Lavarnway,0.0007558078449334353,1.0
670965,sa922148,J.C. Millan,0.0007547064807273068,1.0
548431,sa492636,Martin Cervenka,0.000751885182257619,1.0
670298,20022,Kramer Robertson,0.000738883871689781,1.0
593523,13154,Marco Hernández,0.0007376005478878518,1.0
641787,sa738984,Ryan Lidge,0.0007105600681319478,1.0
670042,19354,Luke Raley,0.0007076994637628972,1.0
677965,sa3005235,Jimmy Kerrigan,0.0007034818872591329,1.0
516949,10289,Héctor Sánchez,0.0007028386860081963,1.0
670919,sa921577,Luis Santana,0.000699772371768028,1.0
543482,11381,Drew Maggi,0.0006963715651698398,1.0
656896,19890,Emmanuel Rivera,0.0006841152579584316,1.0
592808,13414,Andrew Toles,0.0006837454960479479,1.0
656953,sa915847,Colton Shaver,0.0006802847091786294,1.0
675656,20242,Kevin Smith,0.000673790850055546,1.0
669137,19292,Armando Alvarez,0.0006729394043676784,1.0
593984,sa549192,Ronald Bueno,0.0006650377239301236,1.0
596056,16852,John Nogowski,0.0006613768779591268,1.0
491696,5942,Jesús Sucre,0.0006528183917508899,1.0
501659,5486,Abraham Almonte,0.000652786877071208,1.0
446868,5124,Wilkin Castillo,0.0006426056917573216,1.0
669200,22232,Mason McCoy,0.0006223205979995557,1.0
630034,sa735825,David Rodríguez,0.0006127805510271205,1.0
656807,sa829375,Josh Ockimey,0.0006087203905133826,1.0
435064,6564,Bobby Wilson,0.0006072520306287955,1.0
666561,19369,Jae-Gyun Hwang,0.0006036517918515536,1.0
676761,20463,Irving Lopez,0.0005962491196065756,1.0
663932,sa876146,L.T. Tolbert,0.0005835872391510557,1.0
593522,sa547944,Luis Villegas,0.0005819253311550674,1.0
606316,sa596833,Argenis Raga,0.0005803999221362221,1.0
665019,20572,Kody Clemens,0.0005802359963938883,1.0
605520,13006,Mitch Walding,0.0005608230085556002,1.0
473724,9373,Matt McBride,0.0005513361375176209,1.0
621008,19477,Alex De Goti,0.0005508755083269681,1.0
624416,sa738262,Ryan Boldt,0.0005345345298888712,1.0
471865,7287,Carlos González,0.0005316791159298818,1.0
664770,18123,Nathan Lukes,0.0005255888675868554,1.0
666179,20493,Seth Beer,0.0005244952785471795,1.0
660829,18027,Hoy Park,0.0005218912338718479,1.0
534809,sa659756,Drew Longley,0.0005209560992705318,1.0
677368,sa3004405,Eric Peterson,0.0005122708871708159,1.0
613564,16686,Jason Vosler,0.0005088563630766779,1.0
661388,20503,William Contreras,0.0005064289283402089,1.0
670582,sa920278,Yariel Gonzalez,0.0005004952184086007,1.0
620998,sa657935,Joe DeCarlo,0.0004980753814428814,1.0
595943,12950,Phillip Evans,0.0004891992606903934,1.0
615699,19528,Jacob Robson,0.00048817377303460264,1.0
670097,19562,Zack Short,0.00048756419544913855,1.0
543200,sa454693,René García,0.00048746185060283276,1.0
643603,15564,Tyler White,0.0004791842419866769,1.0
670113,sa918418,Jim Haley,0.00047344310344711187,1.0
656494,16098,Taylor Gushue,0.00046661838446030997,1.0
656847,19348,DJ Peters,0.00044873202116185165,1.0
570717,11165,Ramón Flores,0.00042613639692226754,1.0
656467,18482,Chris Gittens,0.0004238280336329105,1.0
624645,sa739577,Julian Leon,0.00042319729139961857,1.0
664866,sa875667,Austin Bossart,0.00041755931315641255,1.0
622738,sa657705,Tito Polo,0.0004154062577364303,1.0
547173,13472,Christian Lopes,0.0004138054721062002,1.0
669675,sa874178,Mitch Longo,0.00040019565999981684,1.0
667674,19634,Jack Kruger,0.00040012983603080225,1.0
641583,17098,Dustin Fowler,0.0003961608977566056,5.369619846343994
670462,20034,Hunter Owen,0.0003780331296607811,1.0
621470,sa829826,Cody Jones,0.00037565424798888274,1.0
665862,20454,Jazz Chisholm Jr.,0.0003735129613810737,1.0
622569,16357,Pablo Reyes,0.0003701235992149847,1.0
608061,12495,T.J. Rivera,0.0003624329654318045,1.0
676809,sa915593,Tyler Friis,0.00035959555739962184,1.0
434778,8610,Kendrys Morales,0.00035833781255467786,1.0
663708,sa875231,Gabriel Cancel,0.00035386573219140985,1.0
605402,sa526558,Chris O'Brien,0.0003531150161585322,1.0
680118,19779,Dairon Blanco,0.00035127994990808814,1.0
656413,20321,Stuart Fairchild,0.0003421484589146884,1.0
572365,9807,Ryan Goins,0.0003416183550114516,1.0
543148,8609,Tim Federowicz,0.00034051170197285435,1.0
593590,14636,Webster Rivas,0.00033582542240392205,1.0
656537,16947,Derek Hill,0.00033563906219941255,1.0
641511,19806,Jason Delay,0.00033448377850110625,1.0
592256,sa548189,Kellin Deglan,0.0003337639658617304,1.0
592122,11850,Tyler Austin,0.000332635797678301,1.0
607054,12325,Jace Peterson,0.0003227473323441474,1.0
664120,sa875626,Max McDowell,0.0003129061239782985,1.0
656765,sa3004032,Joey Morgan,0.0003116656181245286,1.0
594828,11003,Evan Gattis,0.0003114497282763165,1.0
641807,sa857730,Brennon Lund,0.00031130269802736216,1.0
663697,21523,Jonathan India,0.0003054302345798271,1.0
541650,5751,Hernán Pérez,0.0002982360808096293,1.0
664921,sa875695,Ian Sagdal,0.0002926826391527154,1.0
648717,15670,Alex Guerrero,0.0002914721720922133,1.0
620449,sa736954,Luis Castro,0.0002906714989016012,1.0
624419,16291,Nick Ciuffo,0.0002723187739972787,1.0
607111,13254,Jacob Wilson,0.0002620101692395161,1.0
523253,7185,Logan Forsythe,0.0002552101241178181,1.0
572225,sa501536,Jan Vázquez,0.00023457424283032918,1.0
674677,sa3006876,Trey Harris,0.00022220897740313412,1.0
656734,sa3002836,Evan Mendoza,0.0002210188253740082,1.0
594953,14897,Daniel Palka,0.00021302756895994574,1.0
656403,19873,Drew Ellis,0.00021087287201932868,1.0
680757,24610,Steven Kwan,0.00017554583397702707,1.0
676701,20056,Alan Trejo,0.00016964888770868727,1.0
435622,6885,Ian Desmond,0.0001663182111827236,1.0
534606,10700,Ryan LaMarre,0.00016126756999198329,1.0
663368,19921,Blake Perkins,0.00016050929246565058,1.0
489232,4063,Anthony Recker,0.00015661971157907018,1.0
502143,6364,Danny Valencia,0.00015242665408971825,1.0
665650,18899,Lucius Fox,0.0001490965801947317,1.0
408314,1736,José Reyes,0.0001485253195231119,1.0
458085,6878,Chris Coghlan,0.00014712003909559833,1.0
641553,15082,Adam Engel,0.00014125255662825534,54.108699798583984
642772,17839,Luis Alexander Basabe,0.00013713039227328293,7.298250198364258
622185,sa658259,Brock Hebert,0.00013457048764341608,1.0
641882,sa737640,Thomas Milone,0.00013210652816896662,1.0
608380,sa737690,Drew Ward,0.0001281862197994656,1.0
676646,19667,Zach Reks,0.00012738010322732064,1.0
460576,4881,Carlos Gómez,0.0001251736295456886,1.0
657193,16959,Eddy Alvarez,0.00012443184140461735,1.0
514916,sa505229,Francisco Diaz,0.00012274650073867618,1.0
500208,5352,Yangervis Solarte,0.00012260325345123503,8.14696979522705
650528,sa3004128,Laz Rivera,0.00012254200744400744,1.0
519023,5666,Devin Mesoraco,0.00011926681138124564,1.0
682109,sa3006735,Justin Toerner,0.0001149260703979043,1.0
547171,sa548261,Marcus Littlewood,0.00011207588474216809,1.0
600931,sa660295,Alberto Mineo,0.00010373951442325165,1.0
666776,sa917287,Ramiro Rodriguez,9.450561864013022e-05,1.0
641512,19644,Ben DeLuzio,9.379380388684858e-05,1.0
665066,21139,Tyler Payne,9.350527857901968e-05,1.0
519333,11255,Matt Szczur,9.259194284654557e-05,1.0
641301,sa874070,Stephen Alemais,8.743960522207615e-05,1.0
656935,sa828808,Brian Schales,7.847023778519737e-05,1.0
592637,sa549926,D.J. Peterson,7.542897161596872e-05,1.0
602922,14140,José Rondon,7.1712629465822e-05,1.0
607733,sa599531,Drew Stankiewicz,6.53064749967243e-05,1.0
643330,sa738676,Cooper Goldby,6.389159817562313e-05,1.0
623278,sa658909,Jorge Saez,5.789412513042703e-05,1.0
545338,10166,Nick Franklin,5.456841265558761e-05,1.0
642005,sa738192,Will Remillard,5.001661039587095e-05,1.0
621521,sa875185,Brian Mundell,4.850845090127536e-05,1.0
676694,20308,Jake Meyers,4.606466645393372e-05,1.0
676943,sa3004298,Michael Osinski,4.5650744588086715e-05,1.0
660613,sa881850,Ronaldo Hernández,4.06511517108475e-05,1.0
666137,19952,Khalil Lee,3.63704970530402e-05,1.0
656766,sa828797,Josh Morgan,2.8179837624600027e-05,1.0
596122,sa599333,Josh Tobias,2.7105405004570007e-05,1.0
542908,12508,Jett Bandy,2.2619863928363074e-05,1.0
656642,sa828878,Gavin LaValley,2.2606615022637412e-05,1.0
506997,6178,Tony Sanchez,1.8092459595807527e-05,1.0
665926,19950,Andrés Giménez,1.1770515591135898e-05,1.0
622807,sa657546,Andres Sotillo,1.0208626320155727e-05,1.0
657803,sa827369,T.J. White,8.419399146835174e-06,1.0
460269,7324,Chris Gimenez,7.521470012922596e-06,1.0
607301,sa546837,Nick Rickles,7.043001341021024e-06,1.0
641468,sa857219,Gavin Collins,-1.4493858769312577e-06,1.0
605439,13228,Michael Reed,-5.654578550687945e-06,1.0
607471,13718,Christopher Bostick,-9.111678573155689e-06,1.0
542208,10642,Carlos Pérez,-1.1094090041000818e-05,1.0
664954,18217,Brett Sullivan,-1.374520069045938e-05,1.0
657757,19901,Gavin Sheets,-1.4463896171527761e-05,1.0
618085,sa653546,Jin-De Jhang,-1.7014876617206867e-05,1.0
452655,8347,Denard Span,-2.2138201528979808e-05,1.0
667719,sa3004255,Renae Martinez,-2.312707270269625e-05,1.0
475247,7888,Ryan Flaherty,-2.3802671593233676e-05,1.0
643440,sa737919,Stephen McGee,-2.40827575466512e-05,1.0
621006,17736,Richie Martin Jr.,-2.94724777449584e-05,1.0
594011,11611,Rosell Herrera,-3.810845428782071e-05,1.0
671277,20391,Luis García Jr.,-6.159527690740457e-05,1.0
656631,sa918272,Alex Kowalczyk,-6.197000417093937e-05,1.0
642215,19358,Weston Wilson,-6.220884432880719e-05,1.0
667825,sa917185,Luis Lara,-6.220916989161448e-05,1.0
573627,12101,Kennys Vargas,-6.940708828432479e-05,1.0
645305,18551,Ali Sánchez,-7.333256404678861e-05,1.0
518466,11247,Jabari Blash,-7.37353469027406e-05,1.0
676071,sa3004804,Brett Netzer,-7.745874298935757e-05,1.0
572073,13277,Joey Rickard,-8.171006151667828e-05,1.0
656976,19892,Pavin Smith,-8.86712130428579e-05,1.0
572997,sa503053,Jeremy Lucas,-9.37927552956963e-05,1.0
605530,sa857249,Zander Wiel,-9.691018000592354e-05,1.0
601707,sa598106,Dustin Houle,-9.785793600855606e-05,1.0
642197,15504,Jamie Westbrook,-0.00010274285795716914,1.0
592629,sa548359,Roberto Peña,-0.00010572448001569014,1.0
493114,13075,Norichika Aoki,-0.00010944983283829157,1.0
593993,13151,José Briceño,-0.00011171179756585886,1.0
474233,2505,Hank Conger,-0.00011260358734603831,1.0
665138,sa876363,Dalton Kelly,-0.00011496075244041954,1.0
518568,11145,Christian Colón,-0.00012147027674150069,1.0
501986,2833,Cedric Hunter,-0.00012687507806282512,1.0
517369,5485,José Pirela,-0.0001274561276489645,1.0
657733,sa829199,Roberto Ramos,-0.00013763965133431716,1.0
596307,sa827317,Skyler Ewing,-0.0001383085105563838,1.0
621044,14548,Jesmuel Valentín,-0.00014530107070392077,1.0
650890,sa826656,Alexander Alvarez,-0.00014638374956813405,1.0
664011,18425,Trey Amburgey,-0.0001500081204336705,1.0
664897,sa857752,Jordan Tarsovich,-0.00015242102150115933,1.0
681083,sa3007646,Clayton Daniel,-0.00015311837745876942,1.0
527043,5107,Jefry Marte,-0.00015491954261171782,1.0
607249,12394,Jason Krizan,-0.00015509419468472596,1.0
670149,sa918279,Brady Policelli,-0.0001605685225057247,1.0
642451,17307,Luis Liberato,-0.00016119966715088667,1.0
573135,10807,Tyler Saladino,-0.0001678218431220783,1.0
670148,19563,Nate Mondou,-0.00016953963301315054,1.0
472528,4969,Luis Valbuena,-0.00017017210793204986,1.0
433217,1907,Andrés Blanco,-0.00018935762921680276,1.0
657780,sa829401,Will Toffey,-0.00019316109409180934,1.0
456665,9957,Steve Pearce,-0.0001991322203219036,1.0
671289,22532,Tyler Freeman,-0.00020077700197806058,1.0
662145,sa875890,Mitch Ghelfi,-0.00020606258315176984,1.0
656582,16572,Connor Joe,-0.00021139283987077647,1.0
452104,4720,Chase Headley,-0.00021225336800229322,1.0
623300,sa659079,Austin Rei,-0.00021269411558043393,1.0
594830,sa549747,Dustin Geiger,-0.0002165332310682915,1.0
676788,sa3004513,Brett Pope,-0.00022140227365989498,1.0
572000,10347,Mike Ohlman,-0.00022631086295400987,1.0
671056,20599,Iván Herrera,-0.00022752984888920217,1.0
642220,sa738324,Jantzen Witte,-0.00022779475237926313,1.0
430945,6368,Adam Jones,-0.00022926806059565602,1.0
660707,20543,Elehuris Montero,-0.0002312705445547607,1.0
425834,5015,B.J. Upton,-0.0002351193083966847,1.0
669450,19458,Cooper Hummel,-0.00023709418909816863,1.0
607109,sa577691,Matt Williams,-0.00023724490330662672,1.0
593449,sa548048,Gabriel Lino,-0.00024182999464982154,1.0
665285,sa877608,Peter Maris,-0.00024813162246965916,1.0
620446,16411,Richard Urena,-0.00025246447368933536,1.0
666560,18497,ByungHo Park,-0.0002673819954514679,1.0
622668,15971,Ivan Castillo,-0.00026904329893978016,1.0
676940,sa3004071,Ryan Costello,-0.000270501391754544,1.0
623513,sa658994,Tyler Krieger,-0.0002719186940954977,1.0
660634,19432,Yonny Hernández,-0.0002779860896625137,1.0
656455,sa828692,Michael Gettys,-0.00027846612408938574,1.0
554054,14267,Alfredo González,-0.00028100627011534707,1.0
408045,1857,Joe Mauer,-0.0002830073177154239,1.0
608325,17005,Gavin Cecchini,-0.00028428777445254114,1.0
457477,3371,Alejandro De Aza,-0.00028460337131812775,1.0
657623,sa829527,Jared James,-0.00029178462834051613,1.0
663457,21454,Lars Nootbaar,-0.000292108541255167,1.0
600898,sa597007,Jecksson Flores,-0.00029828661936722703,1.0
571437,11270,Aaron Altherr,-0.0003031216980752145,1.0
669344,sa873990,Vince Fernandez,-0.000306878075582845,1.0
605486,12294,Cory Spangenberg,-0.0003096734201561581,1.0
675925,sa3003959,Cullen Large,-0.0003098967903345519,1.0
621560,sa658271,Bruce Caldwell,-0.0003187779963384997,1.0
668674,19360,Lucas Erceg,-0.0003199818640430494,1.0
676278,sa915589,Willy Yahn,-0.0003205427948889509,1.0
501213,6050,Moisés Sierra,-0.0003261931001802557,1.0
664088,sa858026,Connor Marabell,-0.00033084729895124744,1.0
641625,sa3004127,Jordan Gore,-0.00034397892914412925,1.0
665227,sa876814,Nash Knight,-0.00034736456353523705,1.0
667605,sa914668,Alay Lago,-0.0003478795785301772,1.0
664938,sa875314,Josh Altmann,-0.00035073593280820586,1.0
672515,22664,Gabriel Moreno,-0.0003583547635756337,1.0
670797,sa3003955,Ernie De La Trinidad,-0.00035838956994103076,1.0
571851,13300,Spencer Kieboom,-0.0003666229563839222,1.0
571693,sa503399,Jeff Gelalich,-0.00037606742545027316,1.0
644337,15407,Nate Orf,-0.000376272501970872,1.0
670387,sa918553,Nick Sergakis,-0.0003763511985358971,1.0
601979,sa597686,Eduardo de Oleo,-0.0003955995759943546,1.0
640459,16398,Brian Navarreto,-0.0003969433878006994,1.0
663527,17893,Tyler Nevin,-0.00040625260302570507,3.536870002746582
656568,20501,Scott Hurst,-0.00040697136459595754,1.0
606189,sa597218,Hamlet Marte,-0.0004136594164494108,1.0
607966,sa546786,Tim Roberson,-0.0004161576792462646,1.0
670429,sa918568,Charlie Madden,-0.00041803050829795083,1.0
682079,sa3006927,Chase Calabuig,-0.00041804694000287896,1.0
621545,19788,Zach Remillard,-0.00041998290183435,1.0
502082,7571,Lonnie Chisenhall,-0.0004200012279991622,1.0
434158,4747,Curtis Granderson,-0.0004344190161254752,1.0
676198,sa3003961,Chase Pinder,-0.0004371574050494763,1.0
664853,sa875062,Chris Paul,-0.0004427894342469895,1.0
599813,sa579381,Eduard Pinto,-0.00044312187107603844,1.0
640900,sa735861,Rayder Ascanio,-0.0004511804808871331,1.0
656309,sa829813,Carl Chester,-0.0004519159504094889,1.0
613588,sa875722,Garrett Kennedy,-0.0004547495392842882,1.0
570651,sa506356,Carlos Garcia,-0.0004569099812276713,1.0
543041,sa454396,Zach Collier,-0.0004575413527212509,1.0
643392,sa738208,Jon Kemmer,-0.0004596675091572171,1.0
643524,15351,Frank Schwindel,-0.0004623961314922302,1.0
592230,11494,Kaleb Cowart,-0.0004654133432887201,1.0
668673,sa872712,Cassidy Brown,-0.0004657889789647287,1.0
546994,sa658616,C.J. Hinojosa,-0.00046735047453160076,1.0
657429,sa829039,Mac James,-0.00047869339059698366,1.0
543059,sa455436,Zack Cox,-0.0004889781784860436,1.0
657779,sa829483,Dom Thompson-Williams,-0.0004894232196298381,1.0
657253,sa829062,Chris Rabago,-0.0004906915172013799,1.0
657672,sa829837,Scott Manea,-0.0004959708147688484,1.0
630063,sa857761,Joe Cronin,-0.0004970062414445212,1.0
621705,sa655950,Arvicent Perez,-0.0005055890022027509,1.0
606323,sa597033,Victor Cruzado,-0.0005141392104458214,1.0
545331,sa502787,Andrew Aplin,-0.0005170724660736876,1.0
592620,11624,Jarrett Parker,-0.000517698647474829,1.0
592731,12957,Steve Selsky,-0.0005281393093014345,1.0
682108,sa3006686,Mitch Spires,-0.0005321413578431541,1.0
656431,sa828696,Ti'Quan Forbes,-0.0005383204026490178,1.0
656293,sa829534,Jodd Carter,-0.0005410473832054212,1.0
642020,19824,Chuckie Robinson,-0.0005418960884720557,1.0
670352,sa918694,Ben Ruta,-0.0005434293952868963,1.0
659635,sa874481,Matt Jones,-0.0005493131434932933,1.0
593347,sa547818,Rodrigo Vigil,-0.0005494121284034918,1.0
547957,18718,Hyun Soo Kim,-0.0005509928065511602,1.0
544827,sa456100,Carlos Paulino,-0.0005530281595142591,1.0
669743,19296,Alex Call,-0.0005570884419553882,1.0
665027,sa876130,Brian Olson,-0.0005584366974862292,1.0
665155,21635,Nick Maton,-0.00056164183250071,1.0
657629,sa829805,Travis Jones,-0.0005692437721442744,1.0
643268,sa738703,Jordan Cowan,-0.0005707073949877252,1.0
622497,17075,Miguel Gómez,-0.0005712388071363861,1.0
641970,sa3007280,Michael Perri,-0.000571653926630283,1.0
607635,sa602586,David Masters,-0.0005723210811000483,1.0
607430,13012,John Andreoli,-0.0005814641519270502,1.0
665804,21693,Miguel Amaya,-0.0005815365222056747,1.0
676946,20157,Matthew Batten,-0.0005840818383084229,1.0
664857,sa857217,Blake Allemand,-0.000586565796066452,1.0
623238,sa658290,Kody Eaves,-0.0005908823794729438,1.0
454560,5677,A.J. Ellis,-0.000593190327191814,1.0
553988,11472,Dixon Machado,-0.0006002196590767434,1.0
641741,15697,Gosuke Katoh,-0.0006037665506187211,1.0
656260,sa829783,Quinn Brodey,-0.0006144112551851174,1.0
592685,11761,Drew Robinson,-0.0006149514334731687,1.0
543216,9009,Conor Gillaspie,-0.0006169548364642677,1.0
457787,9219,Danny Espinosa,-0.0006187742134042332,1.0
605213,sa602678,Brandon Downes,-0.0006194955244982062,1.0
641319,15197,Carlos Asuaje,-0.0006202362256129263,1.0
408252,791,Brandon Phillips,-0.0006221753598915755,1.0
623188,sa658253,Dario Pizzano,-0.0006291842693914008,1.0
643569,sa738704,Toby Thomas,-0.0006291867808231827,1.0
446653,4243,Jose Lobatón,-0.000634058944194302,1.0
656668,sa3002834,Brock Lundquist,-0.0006353627621218682,1.0
656388,19727,Joe Dunand,-0.0006415534679321511,1.0
445988,3312,Martín Prado,-0.0006437196856231152,1.0
621531,sa658013,Ronnie Freeman,-0.0006449946328754724,1.0
656883,17837,Jakson Reetz,-0.0006527722765677165,1.0
607486,sa602546,Pat Cantwell,-0.0006540074958561984,1.0
452234,7331,Seth Smith,-0.0006579025187342133,1.0
664051,sa858829,Mitchell Tolman,-0.0006603674517140941,1.0
624417,sa829857,Bryson Brigman,-0.0006641664427102635,1.0
467827,8553,Gerardo Parra,-0.0006732169381896149,1.0
607355,sa598265,Logan Moore,-0.0006752726256383443,1.0
660757,20970,Oscar Gonzalez,-0.0006840237583726903,1.0
656736,sa915707,Kevin Merrell,-0.0006841059330023017,1.0
607776,14158,Mac Williamson,-0.0006855815462984858,1.0
642727,16417,Sergio Alcántara,-0.0006900138027995419,10.347999572753906
593700,12926,Alen Hanson,-0.0006936050615534686,1.0
506703,11338,Adrián Sanchez,-0.0007036526137567658,1.0
640460,15189,Dustin Peterson,-0.0007059288627481223,1.0
665089,sa875888,Anthony Dimino,-0.0007140061425516464,1.0
664031,sa857225,Ryan Howard,-0.0007158708595949956,1.0
642686,sa736960,Jose Martinez,-0.0007243719295204059,1.0
676426,sa3004726,Chris Sharpe,-0.0007254711962717947,1.0
655996,sa829387,Cristian Santana,-0.0007353138074084409,1.0
676730,sa3004170,Austin Listi,-0.0007441460157688391,1.0
650700,sa827960,Luis Carpio,-0.0007442033817251356,1.0
474443,9886,Iván De Jesús Jr.,-0.0007501224608479811,1.0
670156,20017,Miles Mastrobuoni,-0.0007528940743054824,1.0
572227,13269,Zach Vincej,-0.0007548809922789796,1.0
641938,sa858812,Arden Pabst,-0.0007563378563908651,1.0
621456,sa658561,Daniel Sweet,-0.0007595740382779024,1.0
642751,sa737214,Carlos Martínez,-0.0007754487093318157,1.0
595222,16115,Mike Gerber,-0.0007842514783490543,1.0
621025,sa657944,Avery Romero,-0.0007888892468934892,1.0
542364,10323,Rafael Ortega,-0.0007987080039664576,1.0
664966,sa875808,Jonathan Morales,-0.0008027769673099642,1.0
573669,sa511026,Aderlin Rodríguez,-0.0008041579886759486,1.0
607439,sa597740,Herlis Rodriguez,-0.0008082379302687705,1.0
657568,sa829591,Andrew Ely,-0.0008119057633291689,1.0
571830,10349,Tommy Joseph,-0.0008152635022305086,1.0
644407,sa747574,Johan Mieses,-0.0008255480416137545,1.0
669623,sa918269,Carmen Benedetti,-0.000836663050551452,1.0
600902,sa596287,Wilson Garcia,-0.0008383947452480587,1.0
666784,sa914242,Omar Estévez,-0.0008390736816574484,1.0
601714,sa829345,Jordan Procyshen,-0.0008413380792343219,1.0
681146,24703,Jonah Bride,-0.0008444502954798345,1.0
465753,8385,Pedro Florimón,-0.0008552056125912862,1.0
665009,sa876211,Jordan George,-0.000856401177882072,1.0
607021,sa597837,Jake Lowery,-0.0008599298462559769,1.0
641929,15535,Joseph Odom,-0.0008628817990058309,1.0
474319,9856,Brandon Snyder,-0.0008650656231360186,1.0
650559,19600,Bryan De La Cruz,-0.0008665634235697135,1.0
623508,19250,Trent Giambrone,-0.0008710568018659107,1.0
669262,sa873260,Tyler Ramirez,-0.0008778674069946026,1.0
590271,sa544568,Sebastián Elizalde,-0.0008780582919952987,1.0
452220,4251,Stephen Drew,-0.000891268538711438,1.0
594988,12225,Scott Schebler,-0.0008922635186410545,1.0
656348,sa827358,Andrew Daniel,-0.0008967231848270869,1.0
591994,12956,Willy García,-0.0008982373133936032,1.0
621429,sa875568,LeDarious Clark,-0.0008983448261757835,1.0
434670,8001,Hanley Ramirez,-0.0009000590110679631,1.0
664695,sa883465,Zach Welz,-0.0009005599286285605,1.0
476883,2495,Pedro Álvarez,-0.0009011492173382784,1.0
595426,12244,Brock Stassi,-0.000901206706197069,1.0
622046,17738,Chris Shaw,-0.0009026185641293997,1.0
596023,sa599355,Derrick Loveless,-0.0009039201429254231,1.0
670143,sa918257,Danny Woodrow,-0.0009049108624309614,1.0
461842,sa326115,Christian Marrero,-0.0009109484920189503,1.0
571633,sa500838,Kelly Dugan,-0.00092178142540065,1.0
680769,20557,CJ Alexander,-0.0009265462885492265,1.0
657011,17478,Troy Stokes Jr.,-0.0009275906762977609,1.0
620452,sa739662,Jose Pujols,-0.0009281470002573343,1.0
650560,sa828299,Osvaldo Duarte,-0.0009300174074487132,1.0
593772,sa548016,Yeison Asencio,-0.0009307176565736762,1.0
592881,sa621577,Kyle Wren,-0.0009428291922599032,1.0
514913,5519,Rubén Tejada,-0.0009436935522275569,1.0
605102,sa596239,Gianfranco Wawoe,-0.0009443799976881554,1.0
572726,sa501942,Tyler Bortnick,-0.0009456677209947991,1.0
656484,19877,Tristan Gray,-0.000948335487309005,1.0
642362,sa736999,Brallan Perez,-0.0009483965448957193,1.0
641779,19813,Charles Leblanc,-0.0009530384571546596,1.0
408236,1908,Adrián González,-0.0009538223388964686,1.0
571685,sa502038,Anthony García,-0.0009586124550745483,1.0
676748,sa3004285,Dylan Rosa,-0.0009750108116806117,1.0
650513,sa828329,Manuel Melendez,-0.000976674420684196,1.0
641521,sa738152,Edwin Díaz,-0.0009769288075957545,1.0
455755,3878,Chris Stewart,-0.0009769497048987236,1.0
669364,22266,Xavier Edwards,-0.0009791502938416732,1.0
657261,sa829376,Darren Seferina,-0.000980903434921104,1.0
663330,18872,Jahmai Jones,-0.0009817276632175236,1.0
502292,sa502131,Joey Wong,-0.0009832631460310924,1.0
624523,sa737614,Riley Unroe,-0.000988860170384358,1.0
641870,sa737859,Trey Michalczewski,-0.0009931499568853802,1.0
453203,4249,Shane Robinson,-0.0010036475409361206,1.0
660766,18400,Juan Yepez,-0.0010046425547565352,1.0
623896,sa658848,Jose Queliz,-0.001009622606823568,1.0
607632,sa600255,Chris Mariscal,-0.0010141998513185674,1.0
621505,sa658355,Chuck Moorman,-0.0010152293472506816,1.0
596131,sa829034,Nelson Ward,-0.0010182007642235197,1.0
543320,sa546964,Paul Hoenecke,-0.0010234094261152705,1.0
493193,18722,Dae-Ho Lee,-0.0010250422056834905,1.0
623174,sa658130,River Stevens,-0.0010279101641888604,1.0
669902,sa874211,Ryne Birk,-0.001029219262305405,1.0
608421,sa657261,Eliezer Álvarez,-0.0010352040064676678,1.0
641561,16446,Johneshwy Fargas,-0.0010479610802827865,1.0
670276,22411,Cal Stevenson,-0.0010486237256889038,1.0
676695,sa3003965,Cole Peterson,-0.0010518256954571586,1.0
661277,sa863716,Luis Yander La O,-0.0010536748562899655,1.0
641385,sa918769,Bret Boswell,-0.0010542295321819125,1.0
594872,sa548556,Hunter Jones,-0.0010561871407814116,1.0
613580,sa3006643,Josh Allen,-0.0010595125808391798,1.0
674418,sa3007635,Jon Rosoff,-0.0010610472724782174,1.0
670622,sa919532,Gabriel Maciel,-0.001070806132626355,1.0
571579,sa502309,Edgar Corcino,-0.0010708487658422834,1.0
668723,22165,Ryan Vilade,-0.0010710974696651692,1.0
656989,sa3004242,Chad Spanberger,-0.0010724961615621884,1.0
668030,sa916860,Osmel Aguila,-0.0010743565576051511,1.0
656024,20805,Carlos Pérez,-0.0010756398972548618,1.0
592647,12797,Dalton Pompey,-0.0010758639744099258,1.0
455759,3882,Chris Young,-0.0010768146586414371,1.0
670128,19212,Taylor Kohlwey,-0.0010842108848144237,1.0
668888,sa917936,Hudson Potts,-0.0010851129696923065,1.0
537953,5450,Daniel Nava,-0.0010957305470641514,1.0
623173,sa658001,Chuck Taylor,-0.001097511613788352,1.0
488862,4191,Yunel Escobar,-0.0011030061523926835,1.0
681962,25040,Vinny Capra,-0.001105676165997694,1.0
542455,10306,Oswaldo Arcia,-0.0011097410815427752,1.0
671221,20505,Drew Waters,-0.0011116963295282466,1.0
596068,sa599318,Mike Papi,-0.0011141827653081333,1.0
669626,sa874209,Corey Bird,-0.0011170952598533734,1.0
605390,sa658263,Parker Morin,-0.0011181374610762136,1.0
623143,13895,Trevor Brown,-0.0011204929362411842,1.0
657740,sa829240,Jeremy Rivera,-0.0011315460599923637,1.0
592656,11481,Henry Ramos,-0.0011340084011544828,1.0
596143,13153,Luis Sardinas,-0.0011345556049113489,1.0
643275,15830,Johnny Davis,-0.0011415660210736987,1.0
593986,sa551309,Jonathan Reynoso,-0.0011453088853009125,1.0
650380,sa828313,Roldani Baldwin,-0.001151588434305973,1.0
605370,sa597861,C.J. McElroy,-0.0011542163027255757,1.0
607523,sa602817,Nate Esposito,-0.0011552380843861437,1.0
643473,sa737845,Matt Oberste,-0.0011593368954796706,1.0
605231,sa829879,Roemon Fields,-0.0011640625914152117,1.0
488810,2802,Tony Cruz,-0.0011745826145693633,1.0
675910,sa3007028,Chris Williams,-0.001181353277150562,1.0
661257,sa862819,Wilbis Santiago,-0.0011940992964998263,1.0
664877,sa875583,Christian Kelley,-0.0011945641217846518,1.0
459431,9981,Michael Saunders,-0.0012033695454649984,1.0
613480,sa829045,Keith Curcio,-0.0012044199221351432,1.0
607780,sa602394,Eric Wood,-0.0012082721858364476,1.0
664860,sa875279,Logan Landon,-0.0012121087859076356,1.0
636072,sa729572,Calten Daal,-0.0012210625925465882,1.0
641689,sa738955,Jacob Heyward,-0.001226763675496864,1.0
543776,6677,JB Shuck,-0.0012278355295758678,1.0
606196,sa597177,Angelo Mora,-0.0012298154151886987,1.0
607044,sa598986,John Norwood,-0.0012301427048603169,1.0
670043,sa918049,Michael Cruz,-0.0012314749051982872,1.0
642183,sa738172,Ryan Walker,-0.0012317425157514553,1.0
641999,19170,Corey Ray,-0.0012324784842677444,1.0
605512,13633,Preston Tucker,-0.0012360936940615404,1.0
622057,sa659281,Cam Gibson,-0.0012381422669889663,1.0
608715,13795,Eric Stamets,-0.0012383962952300326,1.0
657668,sa827323,Will Maddox,-0.0012439077674509505,1.0
607297,12677,O'Koyea Dickson,-0.0012520795499769422,1.0
676813,sa3004062,Zane Gurwitz,-0.0012560148994753887,1.0
502523,9629,Shawn O'Malley,-0.0012568259340573849,1.0
608711,sa579296,Joe Sever,-0.0012569830527052156,1.0
657675,sa829374,Rudy Martin Jr.,-0.0012580178731575848,1.0
641740,sa738977,Mark Karaviotis,-0.001262376483033786,1.0
642013,sa738650,John Riley,-0.0012644962203276237,1.0
650520,sa830303,Micker Adolfo,-0.0012660082595303897,1.0
642720,sa736824,Ray-Patrick Didder,-0.0012695833258734301,1.0
645917,sa745229,Marty Herum,-0.0012786628060665447,1.0
608687,sa577753,L.J. Mazzilli,-0.0012789033298990268,1.0
676639,sa3003964,Ryan Grotjohn,-0.0012805975430677952,1.0
641507,sa738529,Daniel De La Calle,-0.0012826748377013407,1.0
605205,sa599049,Matt Dean,-0.0012850525468706953,1.0
642021,sa857819,Errol Robinson,-0.0012855362154191433,1.0
607178,sa602429,Drew Weeks,-0.001285668672274206,1.0
663897,19931,Luke Williams,-0.0012882467128753688,1.0
667452,20311,Corey Julks,-0.0012916923157506466,1.0
593444,sa547914,Luigi Rodriguez,-0.0012931624323943634,1.0
631227,sa740813,Rodrigo Orozco,-0.0012933904767743953,1.0
521811,sa392886,Anthony Phillips,-0.0012957621523119202,1.0
608627,sa577859,Barrett Barnes,-0.0012973907736352815,1.0
676782,20533,Mickey McDonald,-0.0012988373059058293,1.0
425900,3179,Dioner Navarro,-0.001307764055134753,1.0
671250,20040,Jorge Ona,-0.0013092342693203057,1.0
608418,sa600968,Claudio Bautista,-0.0013126600432072902,1.0
573113,13443,Tony Renda,-0.001317066969231937,1.0
681804,sa3006727,Chris Bec,-0.001319519875749148,1.0
607741,sa599801,Kevin Taylor,-0.0013210675570258755,1.0
655316,19455,Andruw Monasterio,-0.0013231152058174568,1.0
592231,sa548268,Sean Coyle,-0.0013343584751890354,1.0
670770,19522,TJ Friedl,-0.001337693531434301,1.0
547181,sa548175,Matt Lipka,-0.0013378130191699811,1.0
669304,20538,Jose F Miranda,-0.0013435040346958052,1.0
605381,sa526207,Levi Michael,-0.001346272339044911,1.0
642031,sa738897,Jake Romanski,-0.0013477345074989332,1.0
670106,sa915838,Cole Freeman,-0.0013513359545280464,1.0
623182,13910,Patrick Kivlehan,-0.001352973606561118,1.0
620442,sa739597,Wendell Rijo,-0.001353140011560768,1.0
608724,sa621791,Adam Brett Walker,-0.001355120376056537,1.0
666160,19956,Mickey Moniak,-0.001356599788442583,1.0
667651,sa874104,Kort Peterson,-0.0013570352733783399,1.0
519295,5408,Jake Smolinski,-0.001359061195223423,1.0
657636,sa829219,Alec Keller,-0.0013604057772202624,1.0
430832,1887,José Bautista,-0.0013620630561621675,1.0
595210,sa550147,J.J. Franco,-0.0013624663723603816,1.0
657446,sa829122,Zack Zehner,-0.001363897928701398,1.0
518614,8392,Daniel Descalso,-0.0013662295882867215,33.47710037231445
605508,12983,Charlie Tilson,-0.0013674855017878228,1.0
640492,18821,José Azócar,-0.0013708287179050797,1.0
621037,sa658622,Jason Leblebijian,-0.0013752408359470915,1.0
672695,22799,Geraldo Perdomo,-0.0013781028308342378,1.0
641303,sa737849,Forrestt Allday,-0.0013855962878092667,1.0
666164,19957,Blake Rutherford,-0.0013871924795649027,1.0
624636,14558,Carlos Tocci,-0.0013885756322919113,1.0
571467,9787,Steven Baron,-0.0013921116739550876,1.0
572114,9953,Ryan Schimpf,-0.0013959485019855971,1.0
664239,sa827169,Logan Ratledge,-0.0013960348475122477,1.0
460026,3376,Nick Hundley,-0.001396273157354984,1.0
448605,7620,Justin Ruggiano,-0.0014077166034741975,1.0
656392,sa829151,Luke Dykstra,-0.0014098329544239483,1.0
572241,12110,David Washington,-0.001410016288591684,1.0
502029,2852,Chris Marrero,-0.0014101086542940818,1.0
429666,3797,J.J. Hardy,-0.0014156543955031655,1.0
650660,sa830300,Franklin Torres,-0.0014165173781316965,1.0
615697,sa738204,Daniel Pinero,-0.0014175512347088513,1.0
641991,sa737904,Heath Quinn,-0.0014196485609226895,1.0
444876,6310,Alcides Escobar,-0.0014210062983278698,1.0
664171,sa918726,Joey Roach,-0.0014225513971064543,1.0
672640,19608,Otto Lopez,-0.0014267896802604252,1.0
666128,20263,Mario Feliciano,-0.0014290916556603229,1.0
657423,sa705811,Danny Diekroeger,-0.0014370524512172676,1.0
621522,sa659282,Marcus Greene Jr.,-0.0014390958114296288,1.0
664930,sa875822,Logan Hill,-0.0014399905147052393,1.0
680837,24622,Ryan Fitzgerald,-0.0014415972067230005,1.0
657595,sa829276,Gianpaul Gonzalez,-0.0014474106804109768,1.0
669397,22277,Nick Allen,-0.0014497195772072992,1.0
670127,sa918456,Luis Pintor,-0.0014531418733638541,1.0
572738,sa502917,Stephen Bruno,-0.0014536386443629909,1.0
606216,sa596904,Yonathan Mendoza,-0.0014565621197562071,1.0
682183,25183,Drew Avans,-0.0014580478969467828,1.0
605504,12719,Dillon Thomas,-0.0014607226570022593,1.0
664894,sa858057,Alex Perez,-0.0014638257583212634,1.0
664159,sa858802,Donnie Dewees,-0.0014644273711293075,1.0
681260,sa3006724,Grant Williams,-0.0014647666237706876,1.0
570716,sa505526,Anderson Feliz,-0.0014686768733950366,1.0
608356,sa657873,Mitch Nay,-0.0014693078922978866,1.0
656713,20186,Brendan McKay,-0.0014695371651383899,1.0
444379,5887,John Jaso,-0.0014713150177807417,1.0
628329,17016,Rusney Castillo,-0.0014746864569516924,1.0
641351,sa737887,Brandon Bednar,-0.0014758063802704031,1.0
543742,4016,Jerry Sands,-0.001476291490886144,1.0
609267,sa659464,Dorssys Paulino,-0.0014792178071477906,1.0
641477,15181,Ryan Cordell,-0.0014814096704262082,1.0
622356,sa657425,Bryant Flete,-0.0014864120351608396,1.0
621034,sa658283,Melvin Mercedes,-0.0014927972669021266,1.0
641323,sa738445,Luis Aviles Jr.,-0.0014937565794158909,1.0
541608,10327,Ramón Cabrera,-0.0014938775520838337,1.0
605266,sa597804,James Harris,-0.001497468651168678,1.0
668843,19983,Conner Capel,-0.0014988640912056885,1.0
621468,sa658601,Jacob Scavuzzo,-0.0015021910735915625,1.0
425509,1738,Jhonny Peralta,-0.001509243361793289,1.0
643423,sa738486,Chris Madera,-0.0015111969919219196,1.0
621598,sa655912,Javier Betancourt,-0.001511252679885603,1.0
622197,sa658166,Rashad Crawford,-0.0015123765290427236,1.0
676758,sa3004286,Micah Brown,-0.0015162342965988,1.0
665161,21636,Jeremy Peña,-0.001516429041068613,1.0
664728,21614,Kyle Isbel,-0.0015172752915271848,1.0
643271,17473,Narciso Crook,-0.0015197982808031094,1.0
543194,5238,Isaac Galloway,-0.0015202640550422148,1.0
657521,sa829558,Devyn Bolasky,-0.0015266382502344723,1.0
657145,16565,Mark Zagunis,-0.0015279157946563558,1.0
607974,sa598601,Glynn Davis,-0.001528649849847627,1.0
581680,sa738471,Chantz Mack,-0.0015405241901104757,1.0
669377,sa915700,Michael Gigliotti,-0.0015410445221885887,1.0
571681,10329,Rey Fuentes,-0.0015438797271227816,1.0
642488,sa736911,Ademar Rifaela,-0.0015470416222311575,1.0
461858,7462,Trevor Plouffe,-0.0015494329644157561,1.0
656773,sa875235,Hutton Moyer,-0.0015512021508649633,1.0
489305,7409,Xavier Scruggs,-0.0015535621990296336,1.0
656920,sa827159,Michael Russell,-0.0015537480563895653,1.0
641802,sa738434,Nick Longhi,-0.0015548238659516623,1.0
657783,sa829321,Corey Toups,-0.0015659322657044243,1.0
622516,sa657676,John Mora,-0.0015670343315419709,1.0
657811,sa829085,Chesny Young,-0.0015673191903200097,1.0
657129,17910,Marcus Wilson,-0.0015732776117699597,1.0
435522,7539,Neil Walker,-0.0015747502437455582,51.69179916381836
622208,sa657952,Max White,-0.0015753368776588398,1.0
502140,sa327073,Jeremy Barfield,-0.0015842438283318202,1.0
656462,sa829343,Isiah Gilliam,-0.0015852250653681514,1.0
656269,sa829841,Dale Burdick,-0.0015952213928725502,1.0
642308,sa737644,Robert Mullen,-0.0015959293579578338,1.0
656846,sa829115,Jake Peter,-0.0015972369926862612,1.0
656274,sa828876,D.J. Burt,-0.001600924618560227,1.0
676913,sa3002883,Zach Jarrett,-0.0016015211272225045,1.0
572088,sa503023,Jonathan Rodríguez,-0.0016030880594068726,1.0
676623,sa3003963,Billy Cooke,-0.0016045518109491827,1.0
676551,20450,Brewer Hicklen,-0.001609251798675841,1.0
657089,sa3004813,Logan Warmoth,-0.0016117735183105184,1.0
683021,25353,Michael Stefanic,-0.0016119474050685042,1.0
593495,15450,Daniel Castro,-0.0016120545112052562,1.0
543362,7077,A.J. Jimenez,-0.0016133524124570435,1.0
476633,2554,Chris Parmelee,-0.0016179022979311442,1.0
656695,20165,J.J. Matijevic,-0.001618191232009065,1.0
680967,sa3007514,Connor Smith,-0.0016221754768776565,1.0
642227,sa738419,Stephen Wrenn,-0.0016307774730605902,1.0
641896,sa829030,Roy Morales,-0.0016315024080428711,1.0
451705,7125,Alberto Rosario,-0.0016319753268144756,1.0
681143,sa3006916,Kyle Kasser,-0.0016340708485857406,1.0
491676,4146,Gorkys Hernández,-0.0016411151643701623,1.0
622692,sa657523,Arturo Michelena,-0.0016411294596655251,1.0
593642,sa548109,Luis Mendez,-0.001644421742247417,1.0
518653,7290,Jake Elmore,-0.0016450213618660224,1.0
657709,21386,Michael Papierski,-0.0016473143930875321,1.0
665109,sa875840,Jordan Devencenzi,-0.0016476637803125188,1.0
663692,sa875016,Jalen Miller,-0.0016492609301999004,1.0
657426,sa829010,Max George,-0.0016494913155159284,1.0
622226,15115,Dylan Cozens,-0.0016510218484189812,1.0
681976,sa3006923,John Valente,-0.0016511115869215596,1.0
518625,4903,Matt Dominguez,-0.0016580386000651134,1.0
676900,23559,Ryan Dorow,-0.0016580978766555841,1.0
461235,4467,Brandon Moss,-0.0016606636769894581,1.0
543213,6740,Johnny Giavotella,-0.001668128519088931,1.0
643364,sa738144,Chad Hinshaw,-0.0016700606222236614,1.0
665482,20233,Gilberto Celestino,-0.0016737118767862042,1.0
663526,sa3006780,Kole Cottam,-0.0016740530699317535,1.0
545337,13267,Nolan Fontana,-0.00167568074722895,1.0
678246,20178,Miguel Vargas,-0.0016776543681929154,1.0
607500,sa603087,Hunter Cole,-0.0016798850840448686,1.0
622655,sa657310,Luis Jean,-0.001682103247269721,1.0
667398,sa3004930,Austen Wade,-0.0016825242389271763,1.0
657669,sa829844,Riley Mahan,-0.0016843933296896631,1.0
622541,sa657479,Malquin Canelo,-0.0016889653514102596,1.0
676439,23372,Hunter Feduccia,-0.0016908687320059865,1.0
452252,8027,Adam Lind,-0.0016943868378732803,1.0
621520,sa657922,Clint Coulter,-0.0016986959368256544,1.0
592692,sa548194,Mel Rojas Jr.,-0.0016988197252307729,1.0
669369,20002,Bryce Johnson,-0.0017043368853190367,1.0
623148,sa658233,Bijan Rademacher,-0.0017073030009026164,1.0
449181,8628,Paulo Orlando,-0.0017113922356433028,1.0
543590,6400,Kirk Nieuwenhuis,-0.0017125779907244335,1.0
664334,19938,Aaron Whitefield,-0.0017131141552906121,1.0
605203,sa829296,Mason Davis,-0.0017152648389634042,1.0
672356,22563,Gabriel Arias,-0.0017163373796339333,1.0
622196,sa657987,BJ Boyd,-0.0017189437685495518,1.0
605101,sa596365,Yojhan Quevedo,-0.0017192872377204678,1.0
642694,sa736875,Luis Gonzalez,-0.0017201319032977677,1.0
596048,sa829014,Tyler Moore,-0.001720882538380715,1.0
608841,14366,Joey Meneses,-0.0017217520506890252,1.0
677950,23792,Alek Thomas,-0.0017227901871531986,1.0
676632,20054,Bligh Madris,-0.0017273241628530272,1.0
573041,sa503239,Peter Mooney,-0.0017285761332783043,1.0
519303,11155,Elliot Soto,-0.001730731415680707,3.962209939956665
670133,sa918466,Chris Clare,-0.0017318504429161897,1.0
430605,2218,Ryan Raburn,-0.0017334123801819724,1.0
677826,sa3005058,Brandon Grudzielanek,-0.001733564297505664,1.0
623507,17737,Josh Lester,-0.001737750786967929,1.0
622806,sa657541,Juan Kelly,-0.0017406937364514816,1.0
453211,9328,Drew Stubbs,-0.001741835677791221,1.0
606340,sa596971,Edwin Espinal,-0.0017476115076259292,1.0
669745,sa915727,Jordan Zimmerman,-0.0017487664287705546,1.0
657589,sa829575,Sal Giardina,-0.0017557236427583139,1.0
675649,20047,Brian Miller,-0.0017596046841066308,1.0
571975,sa502520,Jack Murphy,-0.0017617560267070612,1.0
545602,sa605974,Blake Gailen,-0.0017642831957565856,1.0
673516,sa3008602,Victor Mesa,-0.0017672844799805183,1.0
667493,sa918888,Zach Davis,-0.0017703100336351788,1.0
665000,sa858059,Matt Winn,-0.0017735911537743098,1.0
656014,sa828307,Andy Pineda,-0.0017784913005827472,1.0
595920,sa827330,Vicente Conde,-0.00178193206586789,1.0
605142,sa597776,Dante Bichette Jr.,-0.0017857947288504555,1.0
660690,sa872547,Pablo Olivares,-0.0017866916641279594,1.0
657017,sa709546,Cole Sturgeon,-0.001792160574009018,1.0
596012,17689,Kevin Kramer,-0.001793188243860518,1.0
641296,sa705802,Mike Ahmed,-0.0017942053525746339,1.0
602080,12990,Erick Castillo,-0.0017962912944171554,1.0
607182,sa599227,Casey Turgeon,-0.0018034368783380718,1.0
582473,13906,Sherman Johnson,-0.0018047888038335116,1.0
608360,19245,Chris Okey,-0.0018049752746952248,1.0
678636,sa3006664,Orlando Martinez,-0.0018076588736256514,1.0
668731,22168,Akil Baddoo,-0.0018104289276004387,1.0
623510,sa658901,A.J. Simcox,-0.0018145345029501796,1.0
666143,sa917934,Joe Rizzo,-0.0018201453829688361,1.0
664883,sa875782,Scott Burcham,-0.0018306941440247439,1.0
570557,sa506304,Wilson Soriano,-0.0018307542001285172,1.0
607752,16263,Sam Travis,-0.0018379935212513025,1.0
643198,sa738199,Jonah Arenado,-0.0018386298394066304,1.0
664104,sa918131,Tyler Neslony,-0.0018392678367223025,1.0
608685,sa621523,Evan Marzilli,-0.0018409094578221168,1.0
649955,sa828422,Hendrik Clementina,-0.0018500900684384337,1.0
457789,2498,Jemile Weeks,-0.0018539087592763738,1.0
664162,sa857838,Logan Taylor,-0.0018546966186701586,1.0
574847,11446,Rob Segedin,-0.0018589082203973588,1.0
641685,sa737639,Jan Hernandez,-0.0018609434112937069,1.0
600957,sa597006,Mauricio Ramos,-0.00186172023760397,1.0
641431,sa738507,Edgar Cabral,-0.0018617565594893633,1.0
669737,sa918028,Henri Lartigue,-0.0018632618629108098,1.0
595878,sa597795,Brett Austin,-0.0018636925196689634,1.0
434658,3708,Rajai Davis,-0.001867914242704802,1.0
664888,sa875387,Tim Arakawa,-0.001869637767112088,1.0
641891,sa737886,Nelson Molina,-0.0018795040707163767,1.0
606114,sa598687,Jeremias Pineda,-0.0018828832064084772,1.0
663402,sa857824,Anderson Miller,-0.0018835290883998461,1.0
664314,19151,Estevan Florial,-0.0018856766242774158,1.0
656681,sa829046,Danny Mars,-0.0018898472306692242,1.0
657075,sa915673,Jeremy Vasquez,-0.001896842116155955,1.0
502544,6835,Nick Buss,-0.0018970402055441052,1.0
650207,sa3002576,Yordanys Linares,-0.0018977921454037753,1.0
542419,sa507143,Ali Castillo,-0.0018988686332106286,1.0
657225,sa829803,Jeff Hendrix,-0.0019001175404130056,1.0
605466,sa598479,KC Serna,-0.001900313758692709,1.0
602115,14528,Gabriel Guerrero,-0.0019110263741117667,1.0
543232,sa454764,Bengie González,-0.0019133880196668417,1.0
666815,sa917904,T.J. Bennett,-0.0019169909217819862,1.0
518921,sa389676,Quincy Latimore,-0.0019198182631363359,1.0
468359,sa202325,Olmo Rosario,-0.001924198274866843,1.0
664689,sa918497,Joel Booker,-0.001924596861415905,1.0
664677,sa875340,Garrett Benge,-0.0019272958926411954,1.0
666211,19960,Taylor Trammell,-0.0019294128185479687,1.0
624872,sa660832,Ashley Graeter,-0.0019337318211494808,1.0
671271,sa3004146,Jeisson Rosario,-0.0019380622999237978,1.0
606336,14515,Luis Marté,-0.0019438832009283941,1.0
608067,sa599831,Norberto Susini,-0.0019561332069916613,1.0
679631,24400,Terrin Vavra,-0.001962148766753682,1.0
664859,sa858027,Anthony Hermelyn,-0.001962419486900957,1.0
656364,19872,Greg Deichmann,-0.0019642309953315173,1.0
641603,sa842226,Stephen Gaylor,-0.00196632539315601,1.0
669742,19717,Darick Hall,-0.0019668954873348593,1.0
666310,21865,Bo Naylor,-0.0019683106085004306,1.0
623509,sa658828,Vance Vizcaino,-0.0019687269911337836,1.0
665154,21634,Ford Proctor,-0.001972215932110379,1.0
518835,sa549845,Stewart Ijames,-0.0019734523320112116,1.0
657422,sa829163,Caleb Adams,-0.0019771851119614672,1.0
607437,sa597695,Rando Moreno,-0.0019779093286262355,1.0
656643,sa829413,Zac Law,-0.0019844747915587985,1.0
643527,sa738447,Ryan Scott,-0.001986762680420021,1.0
554429,10099,Dustin Ackley,-0.001987479387834589,1.0
527031,sa455994,Michael Almanzar,-0.0019887314902765373,1.0
492841,7358,Michael Martinez,-0.001988940383438356,1.0
446192,9362,Adam Moore,-0.001989034320985801,1.0
660710,20958,Rodolfo Durán,-0.0019891528846629905,1.0
642836,sa737838,Charcer Burks,-0.0019903531981441186,1.0
669916,sa918101,Nate Nolan,-0.0019941800608673224,1.0
451192,6448,James Adduci,-0.0019961746213160024,1.0
573088,13444,Cameron Perkins,-0.002002393772688858,1.0
677594,23697,Julio Rodríguez,-0.0020051572324088257,1.0
622736,sa657285,Roberto Caro,-0.0020075120884536016,1.0
650968,18848,Yohel Pozo,-0.0020080935623091037,1.0
592835,11402,Kyle Waldrop,-0.0020090802192681643,1.0
669399,sa915865,Deon Stafford,-0.0020107687834080516,1.0
600290,sa602687,Matt Snyder,-0.002010803675768422,1.0
607369,11935,Travis Taijeron,-0.0020118853488467264,1.0
605509,13005,Kelby Tomlinson,-0.0020120814455785283,1.0
643515,sa707769,Angel Rosa,-0.0020137222914768074,1.0
595929,sa709037,Dylan Davis,-0.002015712586376373,1.0
501851,sa326716,Johnni Turbo,-0.0020265296607807183,1.0
657741,sa829667,Mike Rivera,-0.0020339618555508315,1.0
608630,sa3006604,Johnny Bladel,-0.002035228871559572,1.0
623927,sa659194,Jiandido Tromp,-0.002036514660823897,1.0
623166,13891,Mike Miller,-0.0020369662619752747,1.0
656782,sa827182,Max Murphy,-0.002040798883066003,1.0
680552,24491,Travis Swaggerty,-0.0020417252945354987,1.0
675913,sa3004277,Sam McMillan,-0.0020461906761741868,1.0
641958,15119,Jordan Patterson,-0.002047995248180362,1.0
605183,14282,Jason Coats,-0.0020487195990756095,1.0
546997,sa657939,Adrian Marin,-0.002049732440453161,1.0
642844,sa737860,Ross Kivett,-0.002050451719489572,1.0
669945,sa918963,Chavez Young,-0.0020561872977550976,1.0
645444,17040,Jose Herrera,-0.0020624378386975614,1.0
516664,sa455978,Garabez Rosa,-0.0020674101688451757,1.0
624507,15982,Ryder Jones,-0.002067787960563241,1.0
624736,sa737029,Kristian Trompiz,-0.002071950792668475,1.0
669049,sa873634,Connor Justus,-0.0020723782357944124,1.0
543932,sa454437,Kenny Wilson,-0.0020730869105392955,1.0
435180,4900,Robert Andino,-0.002074960492507294,1.0
643407,sa738573,Adam Law,-0.0020753648041082974,1.0
650694,sa827979,Joantgel Segovia,-0.002076199660221807,1.0
488721,2578,Peter Bourjos,-0.0020815065491349193,1.0
615694,sa739560,Jesse Hodges,-0.002081710610603873,1.0
623180,13905,Seth Mejias-Brean,-0.0020828691861027137,1.0
676635,sa873681,T.J. Nichting,-0.0020838575091076355,1.0
642773,sa736924,Luis Alejandro Basabe,-0.002089609601244876,1.0
571553,9954,Darrell Ceciliani,-0.0020918853307741194,1.0
600861,sa597088,Jeffrey Baez,-0.002094005734978581,1.0
642707,15722,Allen Córdoba,-0.0021047001826387042,1.0
664958,sa858028,Kyle Barrett,-0.002105680035673332,1.0
607256,sa599239,James Ramsey,-0.0021084278607185463,1.0
593527,14113,Ramón Torres,-0.0021085184018138892,1.0
581532,sa502020,Jayce Boyd,-0.002109271358651107,1.0
593800,sa547898,Gioskar Amaya,-0.002112492229952681,1.0
643534,sa3006846,David Sheaffer,-0.0021177517061263086,1.0
642137,19828,Cody Thomas,-0.002117830173408626,1.0
596018,sa597839,Patrick Leonard,-0.0021188025881796343,1.0
657064,sa828686,Justin Twine,-0.002121949969827542,1.0
681807,24934,David Fry,-0.0021262899485750917,1.0
663341,sa874791,Chris Betts,-0.0021263584122854983,1.0
623214,15496,Abiatal Avelino,-0.002127041581760914,1.0
664768,sa875228,Connor Panas,-0.0021273199160664375,1.0
621438,13675,Tyrone Taylor,-0.002136624067749843,1.0
657267,sa876102,Collin Theroux,-0.0021426411609724435,1.0
623610,sa658081,Luis Valenzuela,-0.0021455908563977675,1.0
502151,5311,Chad Huffman,-0.0021468952319946845,1.0
596145,sa549538,Jose Vinicio,-0.002148061188698802,1.0
656965,sa829341,Chase Simpson,-0.0021536854493317925,1.0
518649,11369,Brett Eibner,-0.0021561542937907534,1.0
607385,12723,Tyler Collins,-0.002156388828143487,1.0
667517,sa918442,Stefan Trosclair,-0.002162608211106627,1.0
669087,22209,Sam Huff,-0.002163430768634219,1.0
543706,6266,Daniel Robertson,-0.002164316757790061,1.0
641393,sa3002753,Ben Breazeale,-0.0021665323197381948,1.0
607318,sa599310,John Polonius,-0.0021736889259108302,1.0
676605,sa3003962,Jake Adams,-0.002174495067484803,1.0
542436,6013,Cristhian Adames,-0.002176601041129514,4.583990097045898
622266,sa658030,Angel Ortega,-0.0021791116365861393,1.0
594836,sa549777,Jay Gonzalez,-0.0021831985261643004,1.0
623279,sa658920,Colton Plaia,-0.002185022938165594,1.0
667667,sa915617,Ryan Gridley,-0.0021852853359670436,1.0
667727,22093,Steele Walker,-0.002191696790462481,1.0
607645,sa602515,Yhoxian Medina,-0.0021974446705774575,1.0
621575,sa658025,Joey Curletta,-0.002201943360970704,1.0
657626,sa3006852,John Jones,-0.002212148491709966,1.0
463748,sa293531,Sharlon Schoop,-0.0022127141081958574,1.0
454975,4177,Hernan Iribarren,-0.0022142142464640457,1.0
594950,sa549070,Shane Opitz,-0.0022158059248819505,1.0
623911,sa657855,Elvis Escobar,-0.0022196718790385302,1.0
656383,sa829329,Blake Drake,-0.002226327753626367,1.0
666126,21842,Carlos Cortes,-0.0022276329329069576,1.0
607670,sa578858,Sharif Othman,-0.0022279268941859916,1.0
641336,sa873982,Nick Banks,-0.002229928386137504,1.0
622463,sa657408,Daniel Fajardo,-0.00223290437150535,1.0
431094,6104,Aaron Hill,-0.0022386169887978024,1.0
664855,sa875072,Ronnie Jebavy,-0.0022393952723972024,1.0
592237,sa548315,Cito Culver,-0.0022394420953563724,1.0
656449,sa828685,Jake Gatewood,-0.002239803556586895,1.0
643590,sa738979,Brandon Wagner,-0.0022444644721178295,1.0
605478,sa579297,Jordan Smith,-0.0022461530303886416,1.0
485567,9048,Ezequiel Carrera,-0.0022469191523947635,1.0
449168,8272,Matt Tuiasosopo,-0.0022554135881208007,1.0
668671,sa3004878,Alex Dunlap,-0.002255778565771218,1.0
642201,19346,Eli White,-0.0022575872875651645,5.036250114440918
571595,11894,Noel Cuevas,-0.0022604067785969347,1.0
656417,sa829421,Collin Ferguson,-0.0022605811441971982,1.0
668930,22186,Brice Turang,-0.002261295259039542,1.0
595238,15644,Jacob Hannemann,-0.0022620865053171626,1.0
592803,sa548351,Dickie Joe Thon,-0.0022713181051273296,1.0
660686,sa872552,Jason Lopez,-0.0022812176924537552,1.0
452672,4952,Ryan Hanigan,-0.002284164869845318,1.0
669113,sa918370,Jacob Zanon,-0.002285932149958666,1.0
641707,sa709555,Tyler Horan,-0.002290897866369865,1.0
623155,sa658125,Jeff McVaney,-0.0022921154698113243,1.0
656540,sa829481,Tyler Hill,-0.0022954106323038012,1.0
650339,18371,Jermaine Palacios,-0.002296191649036124,1.0
572019,9741,Ben Paulsen,-0.002296312753017741,1.0
682007,sa3006791,Connor Kopach,-0.0022980700856784506,1.0
668706,sa918203,Josh Stephen,-0.00230285768530182,1.0
607341,sa546794,Khayyan Norfork,-0.002303224362821986,1.0
448602,7619,Mark Reynolds,-0.0023041033888417783,1.0
407812,1873,Matt Holliday,-0.002309155340905233,1.0
676628,20122,Mark Contreras,-0.002315580713402107,1.0
676609,23401,José Caballero,-0.0023219478785020094,1.0
650839,sa830284,Ruddy Giron,-0.002322626578529188,1.0
655997,sa830204,Jomar Reyes,-0.0023230989419593703,1.0
621324,sa621361,Preston Beck,-0.0023240034520061927,1.0
642117,sa737827,Champ Stuart,-0.0023245616567560607,1.0
664848,18603,Donny Sands,-0.002330579078871434,1.0
676070,23296,Jacob Amaya,-0.002335499829551269,1.0
665877,21746,José Fermín,-0.0023359432758208168,1.0
446381,2430,Darwin Barney,-0.0023376458337734897,1.0
453923,3123,Grégor Blanco,-0.002338178826320198,1.0
656378,sa3005401,Christian Donahue,-0.0023386165165962458,1.0
663743,21538,Nick Fortes,-0.0023401762440817984,1.0
434563,2579,Carlos Ruiz,-0.0023415693998467373,1.0
502117,5306,Kristopher Negrón,-0.0023426722535257218,1.0
667611,sa3006660,Tyler Frank,-0.002345900967108291,1.0
650531,sa875647,Brad Zunica,-0.0023475287491575877,1.0
593427,sa548066,David Sopilka,-0.002348565302401206,1.0
488818,6652,Chase d'Arnaud,-0.0023546589806220544,1.0
669357,22263,Nolan Gorman,-0.0023578918174599704,1.0
458913,7158,Eric Young Jr.,-0.0023589745774900825,1.0
657510,sa829787,Andrew Bechtold,-0.002359245915864146,1.0
460060,3395,Cliff Pennington,-0.0023600429505336606,1.0
608654,15048,Johnny Field,-0.002371384908688541,1.0
571757,9399,Jeremy Hazelbaker,-0.00237220396101234,1.0
502034,2917,Emmanuel Burriss,-0.0023751891679242745,1.0
650957,sa830037,Andretty Cordero,-0.00238169145432395,1.0
650832,sa828164,Adrian Valerio,-0.002384020606320488,1.0
605343,sa598065,Daniel Lockhart,-0.002386450929501354,1.0
676629,sa3004934,Riley Delgado,-0.002392627359491396,1.0
669471,sa3006869,Devin Mann,-0.0023929569312215702,1.0
519025,7002,Will Middlebrooks,-0.0023937172685543086,1.0
518490,10607,Bryce Brentz,-0.0023943309155329724,1.0
647228,sa3005077,Adam Hall,-0.0023960708836320344,1.0
626925,sa830224,Zac Shepherd,-0.0023970191071116314,1.0
680760,sa3007303,Fabian Pena,-0.002400225527105752,1.0
473239,sa226165,Juan Ciriaco,-0.0024100788033319673,1.0
657444,sa829126,Bo Way,-0.0024124231502404853,1.0
570615,11854,Steven Moya,-0.0024125618723111475,1.0
656698,sa829535,Dexture McCall,-0.002414044994900284,1.0
670144,sa918259,Mitch Roman,-0.002414666899078422,1.0
656943,sa3008391,JJ Schwarz,-0.0024189612512398517,1.0
621036,sa621581,Chris Diaz,-0.002422880217300997,1.0
596088,sa599191,Mason Robbins,-0.002425894197774602,1.0
664009,sa875352,Brantley Bell,-0.0024287837783549425,1.0
643356,sa621374,Danny Hayes,-0.002433336823988127,1.0
575348,sa507166,Jose Rosario,-0.0024337820341800913,1.0
663541,sa3007008,Tanner Dodson,-0.0024414544385828497,1.0
670895,sa922180,Alfredo Rodriguez,-0.0024468259765890858,1.0
659003,sa836204,Billy Fleming,-0.0024480519691214776,1.0
656459,sa827177,Casey Gillaspie,-0.002449897152503719,1.0
502317,3978,Chris Heisey,-0.0024514369878002153,1.0
608080,sa545208,Brandon Macias,-0.0024515101379989856,1.0
642462,sa737017,Ibandel Isabel,-0.002451648895876169,1.0
676085,sa915614,Colby Fitch,-0.0024520527054194144,1.0
571711,sa501261,Todd Glaesmann,-0.0024572387033052466,1.0
664683,sa3004997,Michael Smith,-0.0024572883196552096,1.0
592239,10822,Todd Cunningham,-0.0024578297904652687,1.0
621445,sa657904,Courtney Hawkins,-0.0024643727784640357,1.0
672701,20540,José Devers,-0.002469591490009061,1.0
663524,sa874241,Cornelius Randolph,-0.0024709330415064283,1.0
677007,sa3008051,Josh Breaux,-0.0024714910385985308,1.0
623305,sa658968,Ian Rice,-0.0024728308601809227,1.0
642770,17292,Javy Guerra,-0.002475167732971474,1.0
451089,7423,Shane Peterson,-0.002475426444542024,1.0
665561,21646,Rafael Marchán,-0.002476411359024184,1.0
592535,sa548330,Jason Martinson,-0.002476759181180463,1.0
663503,sa3007822,Elih Marrero,-0.0024902566571677496,1.0
607207,sa599216,Austin Davidson,-0.0024907892989885303,1.0
676857,sa3004065,Jancarlos Cintron,-0.0024917105166098736,1.0
657562,sa3007629,Patrick Dorrian,-0.0024935701317138,1.0
605487,sa829496,Daniel Spingola,-0.002495636616436237,1.0
670413,sa918523,Matt Hearn,-0.002497042021698442,1.0
666558,sa914203,Eddy Martinez,-0.0024997667209602963,1.0
463610,3812,Gregorio Petit,-0.0025023588859044888,1.0
543214,sa456041,Derrik Gibson,-0.0025026260121416987,1.0
650883,sa828381,Dennis Ortega,-0.0025035738920485264,1.0
669005,sa873696,Jarett Rindfleisch,-0.002503676796693246,1.0
676901,sa3004517,Cam Balego,-0.002506385935183729,1.0
676116,23312,Ryan Noda,-0.002511062860521058,1.0
553891,sa504970,Leonardo Reginatto,-0.002511979321912173,1.0
680700,24589,Richie Palacios,-0.0025126360618177414,1.0
668721,22164,Payton Henry,-0.002513750075910726,1.0
572128,13271,Richie Shaffer,-0.0025142354132541675,1.0
665861,21735,Sebastián Rivero,-0.0025205527614144798,1.0
676679,23442,Luis Vázquez,-0.0025242753157298918,1.0
669157,sa3004968,Tristen Lutz,-0.0025261169647774074,1.0
572028,sa501997,Stephen Perez,-0.002526328836586214,1.0
602112,sa597093,Alfredo Reyes,-0.0025270008933606465,1.0
456422,6387,Michael Bourn,-0.0025332618129743603,1.0
547168,sa550032,Will Allen,-0.0025333643816953695,1.0
543069,sa454895,Michael Crouse,-0.0025361565971894584,1.0
592144,13408,Wynton Bernard,-0.002544019343613881,1.0
642461,sa736945,Michael Beltre,-0.002545904524478622,1.0
605136,sa827313,Jay Baum,-0.0025509215211009842,1.0
656485,sa829305,Casey Grayson,-0.002552748604226905,1.0
670424,sa918625,John Brontsema,-0.002553292197310976,1.0
663726,sa874793,Lucas Herbert,-0.0025545280196167877,1.0
596053,sa602899,A.J. Murray,-0.0025554711079566073,1.0
543094,7945,Jaff Decker,-0.0025554882826977457,1.0
667442,sa3007870,Connor Hollis,-0.0025588822365555236,1.0
680571,sa3007044,Greyson Jenista,-0.0025590113019182863,1.0
542993,12701,Billy Burns,-0.0025597724293571675,1.0
488681,629,Brandon Barnes,-0.002560046884790876,1.0
615702,sa875635,Brett Siddall,-0.002563554779205773,1.0
642279,sa739574,Samir Dueñez,-0.002567886167443079,1.0
656656,sa829044,Trace Loehr,-0.002568570771559274,1.0
642696,sa736959,Carlos Diaz,-0.002580899849461057,1.0
682075,sa3006685,Ian Dawkins,-0.00258189135867934,1.0
660636,19906,Diego Castillo,-0.00258277610029769,1.0
642315,sa737204,Joel Diaz,-0.002586392391444473,1.0
666779,sa917459,Dennicher Carrasco,-0.0025894543162156983,1.0
593137,sa548029,Erick Salcedo,-0.002592470332648558,1.0
489138,7244,Tyler Moore,-0.0025968553052502833,1.0
595438,sa550391,Damek Tomscha,-0.0026017996539446104,1.0
543459,5422,Steve Lombardozzi Jr.,-0.0026025504138804697,1.0
666703,19964,Eguy Rosario,-0.00260703636357132,1.0
642094,12490,Tyler Smith,-0.002608009351741592,1.0
650971,sa827951,Franklin Rollin,-0.002608708195112242,1.0
623515,17807,Drew Jackson,-0.002612585708533144,1.0
657072,sa828684,Chase Vallot,-0.002616644621442986,1.0
666145,sa918010,Alexis Torres,-0.0026167567279897644,1.0
680737,24605,Michael Helman,-0.0026267549221957722,1.0
655672,sa826778,Jose Antequera,-0.002627149648054131,1.0
571492,sa503056,Patrick Biondi,-0.0026315211540253397,1.0
607172,sa599037,Trey Martin,-0.002632080964854079,1.0
671246,sa927338,Fabricio Macias,-0.002635863671561066,1.0
499624,13051,Chris Colabello,-0.002642540733656556,1.0
621462,sa873699,Cole Billingsley,-0.0026486437911227016,1.0
643419,sa737949,Sicnarf Loopstok,-0.002650298856075085,1.0
672613,22741,Eliezer Alfonzo,-0.00265148053249152,1.0
665779,sa917319,Carlos Rincon,-0.0026598316974322956,1.0
650958,sa823925,Michael De León,-0.0026609552695521324,1.0
642282,sa736995,Juremi Profar,-0.002661064985011897,1.0
661439,sa871433,Raul Rivas,-0.002662112726500032,1.0
642311,sa737255,Daniel Gonzalez,-0.0026624168834445553,1.0
605248,sa597785,Granden Goetzman,-0.002665895249356668,1.0
672350,sa975161,Yanio Perez,-0.0026679212858850923,1.0
664080,sa3003950,Luke Burch,-0.0026694194352876507,1.0
595025,10622,Zach Walters,-0.0026698382656622213,1.0
454977,sa202240,Mario Lisson,-0.002670885672755521,1.0
660556,sa873181,Raúl Hernández,-0.002671105276645572,1.0
607659,sa599536,Taylor Murphy,-0.002675648446787777,1.0
656448,19273,Stone Garrett,-0.002678835779042754,1.0
592419,10882,Jared Hoying,-0.0026937926216418404,1.0
664858,sa858055,Brendon Sanger,-0.002694672069374591,1.0
670466,sa918611,Chad Sedio,-0.002699441793493269,1.0
502226,9571,Craig Gentry,-0.002699810869720147,1.0
661539,sa3007003,Jake Palomaki,-0.00270625065527302,1.0
605221,sa599081,Tanner English,-0.0027067996674164907,1.0
669004,22197,MJ Melendez,-0.00270936894042387,1.0
656091,sa828522,Carlos Canelon,-0.0027111625753927374,1.0
677031,sa3004183,Robie Rojas,-0.002716178970633266,1.0
660844,21009,Leo Rivas,-0.0027217436574554156,1.0
642711,sa736621,Johan Cruz,-0.002726280047950142,1.0
675648,sa3004055,Austin Beck,-0.0027279748631662123,1.0
621450,17723,Skye Bolt,-0.0027312301931291245,3.3604400157928467
656361,sa3006848,Brock Deatherage,-0.0027340309265865663,1.0
542642,4779,Rymer Liriano,-0.0027355168252514916,1.0
660614,sa877497,Arquímedes Gamboa,-0.0027357977183065448,1.0
669008,19710,Ronnie Dawson,-0.0027375906853837973,2.3123600482940674
600948,sa596953,Carlos Penalver,-0.002738662617737354,1.0
596119,13176,Blake Swihart,-0.0027419798571600438,1.0
667576,sa3004252,Kevin Santa,-0.0027481074082891526,1.0
594021,sa550588,Alberth Martinez,-0.002748597197932595,1.0
661733,sa3007631,Max Burt,-0.0027558468929077175,1.0
661541,sa915654,Donovan Casey,-0.002760957856169092,1.0
681526,24765,Bryan Lavastida,-0.0027620467099994392,1.0
657701,sa829188,Antonio Nunez,-0.0027641890010378055,1.0
596028,sa597836,Tyler Marlette,-0.0027665474830396337,1.0
660662,sa872571,Edgardo Fermin,-0.0027671998086764788,1.0
660168,sa857538,Roberto Baldoquin,-0.0027683832786795613,1.0
656029,sa828380,Alexis Wilson,-0.0027685103842185633,1.0
658652,sa831986,Oscar Campos,-0.0027689688810465752,1.0
622435,sa657398,Osvaldo Abreu,-0.0027701594481729995,1.0
656996,sa829450,J.P. Sportman,-0.0027706238942438385,1.0
642768,sa736921,Isaias Lucena,-0.0027767856396963206,1.0
665701,sa880808,Alejandro Garcia,-0.0027772180514835723,1.0
519082,6880,Nick Noonan,-0.002782810252539669,1.0
624408,sa738883,Willie Abreu,-0.002785707360481925,1.0
534627,11391,Tyler Holt,-0.002790028074116969,1.0
669106,sa918365,Chris Baker,-0.002793949550925811,1.0
408299,1609,Omar Infante,-0.0027983831434753386,1.0
544925,11385,Matthew den Dekker,-0.002801827356762821,1.0
622561,sa657511,Jhoan Urena,-0.00280850495244366,1.0
595895,sa602857,Jose Brizuela,-0.0028101648647959024,1.0
623195,sa658243,John Silviano,-0.0028138830957285628,1.0
664983,21622,Jake McCarthy,-0.0028173636470413335,1.0
670427,sa873988,Camden Duzenack,-0.0028219922472355555,1.0
622482,sa657456,Alberti Chavez,-0.0028226672201271735,1.0
523251,sa3008601,Sho Aranami,-0.002823061897403408,1.0
502205,10053,Grant Green,-0.002824134987585824,1.0
606470,sa597507,Emilio Guerrero,-0.0028242767184947885,1.0
623517,sa659264,Nick Lovullo,-0.002825583643046642,1.0
516472,10286,Francisco Arcia,-0.0028320168334838207,1.0
600301,12399,Taylor Motter,-0.002842831382772808,1.0
572182,13284,Darnell Sweeney,-0.00284518615399543,1.0
623319,sa658668,Wes Rogers,-0.0028454431203029087,1.0
660731,19909,Anderson Tejeda,-0.0028523006876003242,1.0
670394,sa918639,Ryan Gold,-0.0028548878720716696,1.0
543247,sa455434,Justin Greene,-0.0028658121022344376,1.0
453895,6073,Brendan Ryan,-0.002866947525374485,1.0
594740,sa549361,Jeff Arnold,-0.002867303684861898,1.0
502582,7937,Logan Schafer,-0.002870420210068696,1.0
661250,sa877504,Izzy Wilson,-0.0028706045157113075,1.0
657615,sa829204,Shane Hoelscher,-0.0028708836475137755,1.0
645278,sa827969,Kelvin Beltre,-0.0028727382925089967,1.0
674951,sa3006720,Nick Podkul,-0.002877184267880066,1.0
621443,sa658608,Rhett Wiseman,-0.002877865656153794,1.0
502285,3211,Tyler Ladendorf,-0.0028783968462829956,1.0
630111,17171,Yasmany Tomás,-0.002885880937005534,1.0
519037,7511,Carlos Moncrief,-0.002890127877373654,1.0
680977,24679,Brendan Donovan,-0.0028917487627561946,1.0
671242,sa908626,Anibal Sierra,-0.0028982761826483634,1.0
593776,sa548053,Luis Tejada,-0.0029029373555938117,1.0
664753,sa3006783,Marty Costes,-0.002903525145414704,1.0
641973,sa3004686,Ryan Peurifoy,-0.0029120795115165285,1.0
641720,sa875208,Jhalan Jackson,-0.002914912522533484,1.0
665998,sa917132,Ismael Munguia,-0.002917097211790706,1.0
668939,26288,Adley Rutschman,-0.0029191212077527536,1.0
676378,sa3004157,Cody Bohanek,-0.0029200120770765054,1.0
621486,sa658990,Darrell Miller,-0.002924364360806732,1.0
543484,13130,Mikie Mahtook,-0.002925994126096465,4.506350040435791
681990,sa3008283,Tre Todd,-0.002928255812726454,1.0
656909,sa829785,Nathan Rodriguez,-0.002929929441574478,1.0
475100,4365,Scott Van Slyke,-0.0029309204945500034,1.0
666181,21853,Will Benson,-0.0029362719256682992,1.0
642156,15207,Stuart Turner,-0.0029374849044551034,1.0
642688,sa736694,Jorma Rodriguez,-0.002941505603293523,1.0
622758,sa657323,Angel Aguilar,-0.002945351084967094,1.0
136860,589,Carlos Beltrán,-0.002946577672970561,1.0
664697,sa3006860,Cobie Fletcher-Vance,-0.0029476477459333137,1.0
605474,12119,Matt Skole,-0.002950375250145179,1.0
605125,11997,Cody Asche,-0.002950407467995527,1.0
660631,sa872466,Kevin Vicuña,-0.0029508767631475346,1.0
668715,26323,Spencer Steer,-0.0029635439310994128,1.0
681552,sa3007062,Chris Proctor,-0.0029635662431122005,1.0
606939,sa598306,Aaron Brown,-0.0029690789479469406,1.0
608383,sa658966,Mikey White,-0.0029743374195620527,1.0
630155,sa550175,Michael O'Neill,-0.002976844254781991,1.0
650581,sa875605,Jason Morozowski,-0.002979742348240693,1.0
676480,23378,José Barrero,-0.002981239206241373,1.0
457926,7412,Paul Janish,-0.002986116846636552,1.0
682569,sa3007655,Kyle Mottice,-0.002988440460950196,1.0
621457,sa658195,Connor Lien,-0.002992480138255837,1.0
650346,sa828281,Ramon Hernandez,-0.0029946439933528444,1.0
458582,8380,Reid Brignac,-0.0029949968186637308,1.0
656551,sa3006645,Bobby Honeyman,-0.0029991580113569068,1.0
664014,sa875243,Sean Miller,-0.0029993710077238873,1.0
502100,5305,Alex Presley,-0.0030004180293869438,1.0
642470,sa736953,Omar Carrizales,-0.0030032819946329576,1.0
519068,9854,Efren Navarro,-0.0030062236151929106,1.0
622801,sa658082,Ricardo Valencia,-0.0030160996037692477,1.0
666524,sa917025,Cristian Perez,-0.0030181338036847256,1.0
681873,sa3007320,Luke Sherley,-0.003018899082079595,1.0
650508,sa830140,Carlos Herrera,-0.003021472907573844,1.0
606956,12268,Ryan Court,-0.0030243441003115156,1.0
643218,sa738417,Joe Bennie,-0.0030256106453659046,1.0
642134,sa738999,Robbie Tenerowicz,-0.0030278216443595223,1.0
657621,sa829684,Chris Hudgins,-0.003028714282484058,1.0
607221,sa599278,Taylor Sparks,-0.00303368223065685,1.0
594576,14876,Jacob May,-0.0030364301270335175,1.0
675448,23209,Blake Hunt,-0.003038025558513958,1.0
572391,sa502154,Victor Roache,-0.003038128213985667,1.0
622441,15769,Rafael Bautista,-0.00304226120183512,1.0
595963,13180,Tyler Goeddel,-0.0030430197001944546,1.0
548324,sa526470,Caleb Ramsey,-0.003046403082323409,1.0
675003,sa3005298,Taylor Grzelakowski,-0.0030503528295476394,1.0
607387,12409,Ryan Rua,-0.00305071904363023,1.0
669392,22274,Samad Taylor,-0.0030511365868722473,1.0
677941,23788,Jordyn Adams,-0.0030605054237471856,1.0
608382,sa737930,Erich Weiss,-0.0030606338710480827,1.0
642235,sa738401,Nick Zammarelli III,-0.0030614548040309563,1.0
641920,sa3002754,Tanner Nishioka,-0.003064395232790034,1.0
657086,sa829364,Jared Walker,-0.0030690750592999036,1.0
656980,sa829320,Alec Sole,-0.0030732908325773836,1.0
657634,sa829446,Grant Kay,-0.0030825539713567906,1.0
519221,sa389665,Dan Rohlfing,-0.0030885417711419907,1.0
642714,sa736686,Eric Mariñez,-0.003092848637124954,1.0
554239,sa506274,Elmer Reyes,-0.003093079968755467,1.0
656967,sa829713,Evan Skoug,-0.003093916654229937,1.0
664463,sa872082,Dayron Varona,-0.0030940059685963753,1.0
675986,23264,Canaan Smith-Njigba,-0.003095040954075134,1.0
656822,sa829182,Alexis Pantoja,-0.0030999348034209183,1.0
664321,sa875336,Yeltsin Encarnacion,-0.0031012846856403485,1.0
664081,sa875606,Mylz Jones,-0.00310434936536815,1.0
676864,sa3004066,Robbie Podorsky,-0.0031116806335271495,1.0
681511,sa3007060,Dylan Hardy,-0.0031128956668011946,1.0
670461,sa918641,Connor Myers,-0.0031202019108371422,1.0
666922,19967,Ryan Aguilar,-0.0031230283000002806,1.0
676640,sa3004510,Austin Bernard,-0.0031231857232839463,1.0
675662,sa915868,Matt Whatley,-0.0031233681463288783,1.0
607081,sa578022,Cameron Seitzer,-0.0031260261774507655,1.0
592205,sa549286,Ryan Casteel,-0.003127188783822078,1.0
663760,sa3008140,Cadyn Grenier,-0.0031314740847294045,1.0
682137,sa3007526,Chase Lambert,-0.0031328098129490846,1.0
601975,sa597152,Deiner Lopez,-0.0031401309074815973,1.0
656632,sa827200,Kevin Krause,-0.003147640516227389,1.0
435063,3057,Mike Napoli,-0.0031497621658549213,1.0
609274,13750,Elier Hernandez,-0.0031503902227719358,1.0
667690,25814,C.J. Stubbs,-0.003152717152804847,1.0
592105,sa548192,Stetson Allie,-0.003159847437925612,1.0
641908,sa737877,Tanner Murphy,-0.003163210025762228,1.0
650506,sa828331,Jose Gomez,-0.003166418931553943,1.0
575249,sa506307,Juan Ciriaco,-0.00316796151067463,1.0
663967,21587,César Salazar,-0.0031707323812536466,1.0
650988,sa830208,Yeltsin Gudino,-0.003176397242562983,1.0
682513,sa3006942,Justin Jones,-0.0031820674976959897,1.0
677954,23794,Jordan Groshans,-0.0031820791935516495,1.0
542357,sa507199,Diego Goris,-0.0031856927122666866,1.0
683734,26197,Andrew Vaughn,-0.003186712466994084,1.0
641924,16448,Jacob Nottingham,-0.00318751074391895,5.283649921417236
682092,sa3007327,Beau Branton,-0.003189532553272191,1.0
641382,sa874213,Colby Bortles,-0.0031927488094643033,1.0
682185,sa3007528,Nick Matera,-0.0031954269044481573,1.0
661411,sa872850,Lorenzo Cedrola,-0.0031961443893811477,1.0
623457,sa658586,Matt Rose,-0.0031972106549937648,1.0
643549,sa738930,Taylor Snyder,-0.003198443847959459,1.0
477589,sa508490,Miguel Torrero,-0.003198604402044949,1.0
643573,sa579778,Cal Towey,-0.0032023721505439785,1.0
622211,sa658149,Brett Vertigan,-0.0032029545382144513,1.0
605148,sa599252,Zach Borenstein,-0.0032112959298089883,1.0
656993,sa876093,Thomas Spitz,-0.003216839318508217,1.0
667580,sa3005053,J.D. Osborne,-0.003216889133030038,1.0
665947,21794,Sherten Apostel,-0.0032249642201895032,1.0
680881,sa3007053,Niko Hulsizer,-0.0032256712077623315,1.0
500895,sa455907,Emerson Landoni,-0.0032259558033287806,1.0
606240,sa597100,Bryan Mejia,-0.0032292137641267734,1.0
572204,9952,Trayce Thompson,-0.0032303227851960877,1.0
607027,sa829119,Emmanuel Marrero,-0.003230647200607496,1.0
592301,sa549668,Dominic Ficociello,-0.00323232959030916,1.0
571601,sa501490,Wes Darvill,-0.003235302034210833,1.0
554238,sa506528,Carlos Franco,-0.003235542613832236,1.0
641858,sa737783,Matt McPhearson,-0.0032355935406191334,1.0
669235,sa873277,Aaron Knapp,-0.0032417718858656092,1.0
622511,sa657393,Jose Garcia,-0.0032455162591330054,1.0
564434,sa739640,Robbie Perkins,-0.003247407212169094,1.0
571918,13325,Deven Marrero,-0.003247460160236499,1.0
667749,sa917824,Juan Fernandez,-0.003248501358378837,1.0
663979,sa3008029,Kyle Datres,-0.0032492237887972166,1.0
665922,19553,Símon Muzziotti,-0.0032511189306360638,1.0
665651,sa916849,Diego Rincones,-0.00325422450389848,1.0
595974,sa597772,Travis Harrison,-0.0032644804637550094,1.0
622787,sa657802,Rodrigo Ayarza,-0.0032669276812774127,1.0
675993,sa915820,Zach Kirtley,-0.003268014757054442,1.0
656718,sa915706,Matt McLaughlin,-0.0032730852843844364,1.0
457574,2677,Jordan Pacheco,-0.0032784369687745003,1.0
656275,sa915789,Dylan Busby,-0.0032798910782584553,1.0
592356,sa550116,Conrad Gregor,-0.003283753524396819,1.0
681584,24782,David Villar,-0.003295620564756305,1.0
641892,sa738151,Joseph Monge,-0.0032968380061529183,1.0
623219,sa658642,Wade Hinkle,-0.0033000709208832113,1.0
605711,sa596283,Edgar Munoz,-0.0033040384904827625,1.0
676724,20404,Jared Young,-0.003304299699260432,1.0
642769,sa736917,Victor Acosta,-0.0033100393303920994,1.0
592365,sa548279,Angelo Gumbs,-0.0033116708912698965,1.0
664988,sa875776,Josh Rolette,-0.0033246068643012676,1.0
622713,15481,Engelb Vielma,-0.003325750205436306,1.0
592710,11167,Josh Rutledge,-0.0033351412248517963,1.0
650902,sa828432,Rafelin Lorenzo,-0.003337679532557595,1.0
657658,16839,Braxton Lee,-0.0033406378839770643,1.0
641716,sa738667,Torii Hunter Jr.,-0.003340923915679179,1.0
622568,sa657522,Wander Franco,-0.003341859082249507,1.0
467055,5409,Pablo Sandoval,-0.003342196418638907,67.46540069580078
489267,9682,Adam Rosales,-0.003346717623425145,1.0
622053,sa658576,Jameson Fisher,-0.003349116460741056,1.0
622700,sa657706,Santiago Chávez,-0.003349440333241609,1.0
670150,sa873964,Dan Rizzie,-0.0033519996587123785,1.0
676819,sa3004696,Kyle McPherson,-0.0033528817375276846,1.0
677690,sa3005308,Diosbel Arias,-0.003355526291144089,1.0
656627,21304,Mark Kolozsvary,-0.003356401105229458,1.0
676443,sa3004390,Demetrius Sims,-0.003361434578474473,1.0
680709,sa915613,Nick Dunn,-0.003363804429431466,1.0
682177,25180,Daniel Schneemann,-0.0033671764479931143,1.0
622017,sa656575,Yasiel Balaguert,-0.003373628085358119,1.0
506560,9063,Alexi Amarista,-0.0033754421286442972,1.0
687833,sa3010897,Shayne Fontana,-0.003378865449848784,1.0
518902,2539,Pete Kozma,-0.003382233396318598,1.0
620444,sa739541,Alexander Palma,-0.0033885137063717906,1.0
643279,sa709557,Dustin DeMuth,-0.0033932298386751773,1.0
620995,sa658974,Brandon Lopez,-0.0034005704309716433,1.0
672724,22823,Oswald Peraza,-0.0034036851964932453,1.0
400121,393,Victor Martinez,-0.0034109973192705933,1.0
621007,sa657998,Nick Basto,-0.003415619205354282,1.0
542951,sa658031,Royce Bolinger,-0.003416270008335307,1.0
676919,sa3004297,Brent Diaz,-0.0034205249594330264,1.0
670115,sa918436,Brandon Van Horn,-0.0034218506433652375,1.0
656635,sa827130,Mark Laird,-0.003424436647359635,1.0
640488,sa735846,Grenny Cumana,-0.0034305205550746215,1.0
641555,20084,J.C. Escarra,-0.003436260100693481,1.0
666194,sa3010584,Cooper Johnson,-0.003442022080646115,1.0
680862,24641,Willie MacIver,-0.0034447013718931644,1.0
673237,23003,Yainer Diaz,-0.0034517361996531373,1.0
664678,sa857732,Marcus Mastrobuoni,-0.0034547391402396047,1.0
593525,11905,Orlando Calixte,-0.0034651122975784075,1.0
669723,sa874235,Blake Tiberi,-0.0034657163149756573,1.0
666712,sa917107,Roberto Alvarez,-0.0034763119891013565,1.0
660563,sa872490,Joseph Rosa,-0.0034801221495449723,1.0
664167,17588,Blake Trahan,-0.0034849405289321626,1.0
672761,22857,Wenceel Pérez,-0.0034880964879747435,1.0
664670,21127,Alejo Lopez,-0.003491124675903072,1.0
680438,sa3006667,Robert Neustrom,-0.0034945138365131347,1.0
621027,sa857704,Travis Maezes,-0.0034987902419363116,1.0
656708,sa3006710,Keegan McGovern,-0.0035052075496102898,1.0
621469,sa658567,Tate Matheny,-0.003509672415425663,1.0
607389,sa599235,Zach Houchins,-0.0035161019943650033,1.0
594983,sa549558,Viosergy Rosa,-0.0035164510234504745,1.0
681888,sa3007069,Greg Cullen,-0.0035328952305758994,1.0
518953,7215,David Lough,-0.003533861706508268,1.0
682204,sa3006938,Logan Brown,-0.0035376033184285624,1.0
680474,24488,Max Schuemann,-0.0035379970322610803,1.0
666018,21837,Jonathan Aranda,-0.003538019083990878,1.0
673859,sa3003956,Garrison Schwartz,-0.0035394526823895735,1.0
676950,19625,David MacKinnon,-0.003539631773338195,1.0
655719,sa829877,Nick Schulz,-0.003541224979362539,1.0
665648,sa916844,Ricardo Genovés,-0.003541608230898624,1.0
676829,sa3004395,Nick Hutchins,-0.003551912923230657,1.0
650658,sa828363,Keinner Piña,-0.003555945096663065,1.0
680244,sa3006666,Ross Adolph,-0.003558324768404487,1.0
666620,sa917352,Aramis Ademan,-0.0035652451608735244,1.0
641404,sa738646,Brandon Brosher,-0.003567411421572131,1.0
602136,sa596241,Arturo Nieto,-0.0035737405233974796,1.0
605413,sa602663,Joey Pankake,-0.003574044698530654,1.0
542462,sa502539,Gerson Montilla,-0.003579280107917609,1.0
605346,13663,Jack López,-0.0035802740543844397,1.0
681836,sa3006679,Matt Sanders,-0.0035809020111432443,1.0
656653,sa875870,Stuart Levy,-0.003582021478037838,1.0
681909,25005,Justin Dean,-0.003586911239077228,1.0
676909,sa3006881,Bernabe Camargo,-0.0035907072110425787,1.0
449107,5986,Mike Aviles,-0.0035925891091581957,1.0
656962,sa3007942,Eddie Silva,-0.0035968120255887386,1.0
656950,sa829114,Anfernee Seymour,-0.003597817765364726,1.0
676939,sa3008183,Jimmy Herron,-0.003605006106193471,1.0
641786,19508,Kyle Lewis,-0.0036103422571196475,194.55599975585938
607240,sa597966,Dan Gamache,-0.0036107371936498663,1.0
672596,sa3002851,Robert Perez Jr.,-0.0036133936401713715,1.0
622199,sa658111,Alfredo Escalera,-0.0036134601885802883,1.0
650995,sa852308,Norberto Obeso,-0.003614337805297981,1.0
650727,sa827963,Welfrin Mateo,-0.003620807790959322,1.0
623222,sa658502,Ryan Ripken,-0.003623206106719582,1.0
663584,21489,Hayden Senger,-0.0036254484559204046,1.0
622676,sa657232,Omar Obregon,-0.003632511158342338,1.0
665834,sa914314,Jeison Guzmán,-0.0036402632421033802,1.0
678225,23818,Ji Hwan Bae,-0.003643617733364531,1.0
666150,26149,Dominic Fletcher,-0.003648137865356235,1.0
453400,1191,Chris Johnson,-0.0036531244082336576,1.0
542344,sa506229,Heiker Meneses,-0.003656224160600604,1.0
679881,24451,J.P. Martínez,-0.0036574434366555063,1.0
621487,sa876029,A.J. Kennedy,-0.003677220967537965,1.0
633830,sa732567,Tucker Nathans,-0.003682669704031429,1.0
644432,sa739643,Raymundo Torres,-0.003687478640358048,1.0
645283,sa827970,Manuel Geraldo,-0.003688923463264531,1.0
680710,sa3007047,Grant Witherspoon,-0.0036925080303869796,1.0
664960,sa875630,Jerry Downs,-0.0036957797905392705,1.0
643351,sa738433,Reed Harper,-0.003706579219698262,1.0
642238,sa858049,Danny Zardon,-0.003710473952267701,1.0
665839,21716,Enmanuel Valdez,-0.0037115704204335027,1.0
676149,sa3006785,Gunnar Troutwine,-0.0037198106552635774,1.0
593360,sa547810,Cristian Paulino,-0.0037229724599189564,1.0
543329,9887,Destin Hood,-0.0037243847429176613,1.0
656248,21270,Sean Bouchard,-0.0037244485214942666,1.0
665828,21707,Oswaldo Cabrera,-0.003729195509934779,1.0
670868,sa3004263,Abrahan Gutierrez,-0.003731082905010304,1.0
645798,sa707779,Matt Reistetter,-0.0037329040646569512,1.0
657538,sa829293,Ruben Castro,-0.003740497570464954,1.0
641297,sa738553,Lana Akau,-0.003740687160090378,1.0
606928,sa602606,Tyler Baker,-0.003745855725915178,1.0
546992,sa827344,Chris Chinea,-0.003748542816576308,1.0
660530,sa872765,Omar Meregildo,-0.0037506808826163296,1.0
664743,sa827319,Richie Fecteau,-0.0037635643426501895,1.0
608364,sa658264,Nellie Rodriguez,-0.0037643783403798654,1.0
670410,sa919164,Nate Easley,-0.0037645344262949997,1.0
607541,sa599526,Trent Gilbert,-0.003770975716305519,1.0
664963,sa827140,Kyle Overstreet,-0.00377123165511637,1.0
663369,sa3007005,Jeremy Eierman,-0.003774456932256972,1.0
663944,sa3007869,Cody Roberts,-0.003774526965021182,1.0
649700,sa827953,Melvin Novoa,-0.0037794781780979654,1.0
677771,sa3004982,David Metzgar,-0.003784161092984555,1.0
641391,sa737832,Colin Bray,-0.003785130729993934,1.0
642198,sa3003939,Seaver Whalen,-0.0037920528256980154,1.0
674033,sa3006662,Jay Schuyler,-0.0037928591434757486,1.0
621420,sa659290,David Thompson,-0.003793190017680569,1.0
666801,21987,Rodolfo Castro,-0.0037942768178155666,1.0
665923,21780,Esteury Ruiz,-0.0037954279656157047,1.0
680964,sa3007055,Reece Hampton,-0.0037959307034461424,1.0
600967,sa596998,Cleuluis Rondon,-0.003796606460182637,1.0
600951,sa596837,Leobaldo Piña,-0.003798922831239251,1.0
668853,25425,Austin Shenton,-0.003803738378507535,1.0
677565,sa3006884,Kristian Robinson,-0.003813687140787623,1.0
667397,sa3004719,Nolan Brown,-0.0038142158224484476,1.0
656229,sa829838,Jesse Berardi,-0.0038142926291413796,1.0
657674,sa829261,Kyle Martin,-0.003815027518366221,1.0
665776,sa917074,Pedro Castellanos,-0.003821802913826423,1.0
502261,5888,Cole Gillespie,-0.0038328911347471186,1.0
595309,sa550348,Tyler Marincov,-0.003839770498896173,1.0
672820,22896,Lenyn Sosa,-0.0038401908751931665,1.0
629502,sa736892,Rainis Silva,-0.0038456327037499887,1.0
676595,sa3004160,Jake Scheiner,-0.0038464271764872917,1.0
595115,sa550014,Taylor Ard,-0.00384651938829967,1.0
657433,sa827201,Ben Moore,-0.0038485666216444368,1.0
657023,sa829699,Tim Susnara,-0.0038490363794292833,1.0
600982,sa597103,Alberto Triunfel,-0.0038507179531827485,1.0
666964,sa3004137,Mitch Reeves,-0.003851487064428643,1.0
605227,12590,Taylor Featherston,-0.0038542596595032125,1.0
663403,sa3004374,Kevin Markham,-0.003858433077527867,1.0
678362,sa3005507,Gilberto Jimenez,-0.003858770886430492,1.0
663799,18881,Curtis Terry,-0.0038640432291726155,1.0
663664,sa874792,Desmond Lindsay,-0.0038672514862419867,1.0
666728,sa900974,Carlos Soto,-0.003872835136603991,1.0
656495,21293,Dalton Guthrie,-0.0038779540758077345,1.0
570639,12090,Yefri Pérez,-0.003888509737698849,1.0
656841,sa3004610,Nic Perkins,-0.003889826488926506,1.0
571812,7706,Kyle Jensen,-0.0039005414347571543,1.0
669002,sa3008080,Connor Scott,-0.003900998431212436,1.0
595373,14938,Jack Reinheimer,-0.003907185456097358,1.0
681987,25055,Nate Eaton,-0.0039111899305385965,1.0
592828,sa548166,Drew Vettleson,-0.003916426099292107,1.0
591720,11400,Ronald Torreyes,-0.003916459705158129,6.183909893035889
622210,13821,Ian Parmley,-0.003919938150884423,1.0
650499,sa828209,Jason Rodriguez,-0.003924651281746768,1.0
666655,sa917022,Rubendy Jaquez,-0.003924939581133683,1.0
678011,23802,Anthony Seigler,-0.003924949745405657,1.0
672779,22871,Tucupita Marcano,-0.003927385331335431,1.0
668789,sa3011258,Zach Watson,-0.003931885207107692,1.0
641945,sa857823,Preston Palmeiro,-0.003935615352062207,1.0
663807,sa3007503,Nick Dalesandro,-0.00393703747709302,1.0
663609,21497,Luken Baker,-0.003937308116843701,1.0
571713,sa503215,Alex Glenn,-0.003942649676411498,1.0
670058,sa918167,Tim Lynch,-0.003944474283789747,1.0
682650,sa3008113,Malcom Nuñez,-0.003949420177574937,1.0
443559,sa208622,Sandy Madera,-0.003952454775844792,1.0
663604,21496,Brandon Lockridge,-0.003952669613462384,1.0
519421,11251,Andy Wilkins,-0.003954155086045533,1.0
669342,sa915797,Zach Rutherford,-0.003954458687200867,1.0
676749,sa3004695,Chris Corbett,-0.003961789851939124,1.0
663852,sa3006859,Daniel Reyes,-0.0039633155447488955,1.0
650348,sa828285,Yan Sanchez,-0.003964127325036958,1.0
661148,sa877338,Carlos Sepulveda,-0.003968643361279136,1.0
677587,23690,Brayan Rocchio,-0.0039727832381131235,1.0
623251,sa658579,Matt Juengel,-0.003980822324724759,1.0
650366,sa828250,Jean Carrillo,-0.003985184948717533,1.0
669051,sa3004260,Trevor Craport,-0.003991113298164517,1.0
621323,sa659068,Gio Brusa,-0.0039918121719421645,1.0
660838,sa872851,Imeldo Diaz,-0.004003138479021423,1.0
547912,10340,Gift Ngoepe,-0.004008375219727948,1.0
682985,25976,Riley Greene,-0.004008712406934107,1.0
641878,15156,Ian Miller,-0.004008992104879207,2.840780019760132
672821,sa3002710,Juan Aparicio,-0.004010070860019292,1.0
664279,sa875875,Wagner Lagrange,-0.004010915266338108,1.0
670232,sa918698,Ramón Rodríguez,-0.004012461520910773,1.0
641376,sa737835,Justin Bohn,-0.0040144527474439825,1.0
650495,sa828213,Gabriel Mejia,-0.004022308382822744,1.0
641288,sa736554,Andres Sthormes,-0.0040237599390320015,1.0
519208,6908,Clint Robinson,-0.00402727048083115,1.0
607088,sa599740,Jerrick Suiter,-0.004027497977137674,1.0
686531,25822,Andre Lipcius,-0.004027619633883194,1.0
643488,sa738266,Kyle Petty,-0.00402791204650788,1.0
663396,sa873629,Saige Jenco,-0.004030344541580012,1.0
649603,sa828411,Jeyner Baez,-0.004031322786316268,1.0
572669,10767,Lane Adams,-0.0040337915639283945,1.0
627893,sa736746,Carlos Belen,-0.004037526258591051,1.0
643208,sa579269,Isaac Ballou,-0.004038633694441004,1.0
676976,sa3003436,Trey Hair,-0.004043588229370351,1.0
677942,23789,Blaze Alexander,-0.004043591420850142,1.0
664332,sa875163,Moisés Gómez,-0.004044125541868348,1.0
676733,sa3004885,Mason Martin,-0.004054049931668113,1.0
656751,sa829715,Kirvin Moesquit,-0.0040561395201974835,1.0
621572,sa657864,Keon Barnum,-0.004061406287878159,1.0
663845,21560,Alfonso Rivas III,-0.004061568414387458,1.0
665975,sa917767,Lolo Sanchez,-0.0040662002479103145,1.0
680722,sa3007826,Nick Meyer,-0.004068267039789891,1.0
670444,sa918584,Branden Boggetto,-0.004071237015990895,1.0
621437,sa658012,Bralin Jackson,-0.0040751710183925685,1.0
672906,sa3002722,Lazaro Alonso,-0.00408724129033825,1.0
625506,sa736852,Aldrem Corredor,-0.004087349419833353,1.0
663445,sa875753,James Nelson,-0.004088945399588357,1.0
676990,sa3005104,Zachery Almond,-0.004110975366891829,1.0
489264,sa454528,Josh Romanski,-0.004113453506737544,1.0
605613,sa596234,David Gonzalez,-0.004113599270783222,1.0
663545,sa875404,Reggie Pruitt,-0.00411550059142614,1.0
471843,sa509268,Carlos Eduardo Gonzalez,-0.0041172678370794006,1.0
657019,sa829367,Michael Suchy,-0.004118186321222807,1.0
680971,sa3006674,Jake Anchia,-0.004118768525145784,1.0
672478,22650,Jordan Diaz,-0.004127312806281806,1.0
641913,sa737623,Tucker Neuhaus,-0.004128909636853897,1.0
674029,sa3007289,Brhet Bewley,-0.004129474917950023,1.0
680976,sa3007515,Devin Foyle,-0.004135085525612842,1.0
601712,sa828708,Gareth Morgan,-0.004137110659385289,1.0
664970,sa875767,Anthony Miller,-0.004145611870091141,1.0
661404,sa872453,Luis Guzman,-0.004146718559950794,1.0
668751,22169,Cal Mitchell,-0.004150466687383262,1.0
658738,sa833676,Hansel Moreno,-0.004153644287074901,1.0
571529,sa502124,Alex Burg,-0.004153929872882979,1.0
667428,22045,Grant Koch,-0.00416701846272038,1.0
656607,sa829529,Jeren Kendall,-0.0041746300075485585,1.0
667521,sa1169761,Johnny Rizer,-0.00417548357040394,1.0
670417,sa918622,Brandon Montgomery,-0.0041845436379615965,1.0
668709,26368,JJ Bleday,-0.004184883317196068,1.0
657515,sa827329,Jordan Betts,-0.004186003988853899,1.0
430001,1849,Rickie Weeks Jr.,-0.004189656229937352,1.0
657231,sa829348,Trenton Kemp,-0.004190837121269329,1.0
650880,sa828379,Andres Luna,-0.004191289246240139,1.0
641434,sa709040,Derek Campbell,-0.004198334639532202,1.0
681635,sa3006224,Yoandy Rea,-0.004204518978348071,1.0
657692,sa829454,Bryan Muniz,-0.004205030467330445,1.0
664941,sa875273,Adam Walton,-0.004205668633865811,1.0
656442,sa3008001,Zack Gahagan,-0.004206576895640596,1.0
592429,sa550383,Eric Jagielo,-0.004207442679925762,1.0
667443,sa857715,Josh Vidales,-0.0042080046239754655,1.0
680418,24485,Tyler Cropley,-0.00421082800293059,1.0
554028,sa505255,Sergio Garcia,-0.004213786522173896,1.0
650494,sa828205,Jose Medina,-0.004217653316812486,1.0
666197,25813,Grae Kessinger,-0.0042229180408394785,1.0
518914,sa526198,Leon Landry,-0.004223147949187368,1.0
668680,sa873997,Casey Golden,-0.004225126698726933,1.0
668470,22116,Hagen Danner,-0.004225231694265855,1.0
641459,sa738624,Kacy Clemens,-0.004227940287070343,1.0
608672,13809,Micah Johnson,-0.0042299093506718835,1.0
623692,sa658092,Ricardo Andujar,-0.004230580915796799,1.0
623194,sa658187,Correlle Prime,-0.004232168349278764,1.0
671287,sa3011379,Phil Clarke,-0.00423308742107197,1.0
657617,sa829697,Bubba Hollins,-0.004236334050152182,1.0
660734,sa872494,Jesus Lage,-0.004247605047357243,1.0
672463,sa3003219,Rafael Lantigua,-0.004249623429135322,1.0
676896,23557,Chris Roller,-0.004258624290516568,1.0
676827,sa3004176,JJ Muno,-0.004258823623542627,1.0
663610,sa3006712,Daniel Amaral,-0.004259846694831719,1.0
660513,sa872540,Gleyvin Pineda,-0.004260566981404082,1.0
664174,sa875376,Dillon Dobson,-0.0042619296295031,1.0
623519,sa658954,David Olmedo-Barrera,-0.004262625068651922,1.0
663655,sa3008268,Eric Cole,-0.004262726209015482,1.0
661555,sa872499,Randy Ventura,-0.004263666607993612,1.0
680748,sa3006671,Devlin Granberg,-0.004265991513038244,1.0
677225,sa3004304,Manny Pazos,-0.004266430269136385,1.0
681901,sa3006789,Alex Holderbach,-0.0042677977296358685,1.0
650892,sa826658,Eleardo Cabrera,-0.004270211428769201,1.0
681944,sa3007073,Dean Nevarez,-0.004270851468911739,1.0
676675,sa3007294,Trevor Casanova,-0.0042758246402189596,1.0
665180,sa3007505,Ruben Cardenas,-0.00427929988383061,1.0
625439,sa694185,B.J. López,-0.004280519332468187,1.0
687626,sa1169809,Simon Whiteman,-0.0042866142337044996,1.0
658677,sa877337,Gilbert Lara,-0.004287588165346384,1.0
681546,24770,James Outman,-0.004288347945255486,1.0
621597,sa655913,Franklin Navarro,-0.004289209723802253,1.0
678009,23800,Parker Meadows,-0.0042894791757393715,1.0
543497,sa455422,Harold Martinez,-0.004290796429940878,1.0
680866,sa3006722,Zac Susi,-0.0042975152405704325,1.0
677223,20510,Jack Larsen,-0.0043014551524746345,1.0
670468,sa913277,Jack Sundberg,-0.004301823836228634,1.0
656758,sa829029,Logan Moon,-0.004310639065453009,1.0
685341,sa3010159,Ripken Reyes,-0.004321409389514258,1.0
645457,sa830306,Jesus Lopez,-0.004323368583484201,1.0
676718,sa915857,Tyler Frost,-0.004324651384724253,1.0
676698,sa3004167,Angel Lopez,-0.004325315644928479,1.0
687831,sa1170570,Michael Woodworth,-0.004326153600289477,1.0
676598,sa3004756,Nathan Perry,-0.004326658129813058,1.0
675915,23250,David Bañuelos,-0.0043311417111878215,1.0
477195,8433,Ike Davis,-0.004333429992968855,1.0
682207,sa3006939,Alex King,-0.004334443794520962,1.0
676277,sa915780,Austin Filiere,-0.0043360720526430625,1.0
675626,sa3007636,Kyle Gray,-0.004343547741325251,1.0
670860,sa969091,Lazaro Armenteros,-0.004344420719665405,1.0
680814,25459,Peyton Burdick,-0.004349109031818177,1.0
663550,21078,Trey Cabbage,-0.004350215376808207,1.0
665052,21626,Griffin Conine,-0.004352240803189538,1.0
669701,26396,Josh Smith,-0.0043569387530203105,1.0
669363,sa3004691,Jacob Gonzalez,-0.004358325133528591,1.0
671265,sa3003195,Freudis Nova,-0.004362405263860258,1.0
669625,sa918292,Shane Billings,-0.004363044061844766,1.0
623228,sa578168,Levi Hyams,-0.00436452184609529,1.0
650748,sa828220,Yhoelnys Gonzalez,-0.004366632838870158,1.0
641797,sa738557,Morgan Lofstrom,-0.004367543098014456,1.0
606322,sa597094,J.C. Rodriguez,-0.004368205883955701,1.0
682205,sa3006792,Tyler Depreta-Johnson,-0.004371785583996164,1.0
650979,sa828293,Yeyson Yrizarri,-0.004373087791430218,1.0
672531,sa3004381,Ulrich Bojarski,-0.004375100463304898,1.0
669045,sa918416,Skyler Weber,-0.004375889875072889,1.0
661841,sa3004373,Zack Soria,-0.004381462579903968,1.0
686780,25782,Pedro Pagés,-0.00439045873172685,1.0
677595,23698,Ronny Mauricio,-0.004392000754676393,1.0
656072,sa828587,Gabriel Bracamonte,-0.004393514804714102,1.0
665966,19722,Carlos Narváez,-0.004399567051895749,1.0
613546,sa657521,Angelo Castellano,-0.004404271877757573,1.0
669258,sa918593,Gunner Pollman,-0.004413142668300875,1.0
671083,22505,Buddy Kennedy,-0.004413698668784815,1.0
643529,sa737926,Justin Seager,-0.004414484313552009,1.0
672733,sa3003311,Marcos Gonzalez,-0.004415910358266073,1.0
676631,sa913370,Dallas Carroll,-0.00441990991614709,1.0
686823,25660,Will Brennan,-0.0044201359152883975,1.0
668901,22184,Mark Vientos,-0.004431142928190676,1.0
660618,sa872538,Chris Torres,-0.004433738411260685,1.0
682174,sa3007087,Joseph Pena,-0.004433884437831811,1.0
672832,22906,Israel Pineda,-0.004441625734799593,1.0
680695,sa3007876,Brennen Davis,-0.004444120870722065,1.0
642307,sa736904,Yoel Gonzalez,-0.004444769091184207,1.0
666452,sa917182,Eduardo Diaz,-0.00444490714983679,1.0
657705,sa829222,Manny Olloque,-0.004445376292767499,1.0
663605,sa874244,Garrett Whitley,-0.004448676625587794,1.0
649957,sa828176,Gersel Pitre,-0.004461450629009162,1.0
642270,sa736756,Henry Castillo,-0.004463756127982773,1.0
660650,20926,Dérmis Garcia,-0.004472576485621767,1.0
620440,sa740444,Jairo Beras,-0.004480795642813831,1.0
663690,sa3010268,Ethan Skender,-0.004481750110033517,1.0
664763,sa876182,Will Albertson,-0.004486037422997425,1.0
647309,sa875027,Demi Orimoloye,-0.0044863928494810745,1.0
676847,sa3004780,Shane Matheny,-0.004489853767641097,1.0
664757,sa875196,Aldemar Burgos,-0.0044908022702905065,1.0
656369,sa3004031,Alex Destino,-0.004491831924995547,1.0
682581,sa3007882,Alvaro Rubalcaba,-0.004494245156847511,1.0
667487,sa915658,Orlando Garcia,-0.004498131905771187,1.0
675980,sa3004506,Matt Winaker,-0.004498408818758874,1.0
642062,sa738492,Steven Sensley,-0.004500332416004744,1.0
593775,sa548052,Gabriel Quintana,-0.004502082531563183,1.0
663731,21535,Connor Kaiser,-0.0045027130658984865,1.0
669245,sa3004722,Jacob Pearson,-0.004503598270745932,1.0
663796,21547,Coco Montes,-0.004504477159256502,1.0
670224,26374,Kameron Misner,-0.004512505755123585,1.0
642014,sa918728,Jake Ring,-0.004516292739048871,1.0
681581,sa3008282,Andy Weber,-0.004516911248887178,1.0
648739,sa828321,Telmito Agustin,-0.0045195507880049016,1.0
663478,18587,Brendon Davis,-0.00452535859549714,1.0
664306,sa878742,Malvin Matos,-0.0045283750406638155,1.0
682210,sa3010021,Kody Hoese,-0.004528813405452508,1.0
643372,sa738118,Bryan Hudson,-0.004530608455865632,1.0
670286,sa918840,Craig Dedelow,-0.004531271367700537,1.0
658531,sa872750,Miguelangel Sierra,-0.0045460242280063404,1.0
682538,sa3007100,Grant Fennell,-0.004546825425671854,1.0
667663,sa3008181,Hunter Stovall,-0.004547844916210829,1.0
672903,sa3002634,Wilmer Perez,-0.004549120930093675,1.0
656679,sa829138,Shane Mardirosian,-0.0045530623338064435,1.0
663544,sa1169773,LJ Talley,-0.004567059514247877,1.0
666464,21871,Jerar Encarnacion,-0.004568576748226267,1.0
663660,sa3006857,Jack Conley,-0.004575567259375063,1.0
665913,sa917141,Kelvin Melean,-0.004575931606014641,1.0
533822,sa546156,Mario Vega,-0.004580545325798594,1.0
663322,sa876234,Michael Hickman,-0.004601281987916704,1.0
642363,sa736688,J.C. Rodriguez,-0.0046079280958346005,1.0
650615,sa828147,Oliver Nunez,-0.004609131375124556,1.0
672373,sa3005472,Jeferson Morales,-0.0046096080227765466,1.0
610141,sa659205,Wuilmer Becerra,-0.0046229011014554625,1.0
670869,22471,Livan Soto,-0.00462389684803401,1.0
681023,sa3007307,Brian Rey,-0.004630012587074357,1.0
676643,sa3004728,Rob Calabrese,-0.004632829290838071,1.0
677120,sa3003437,Yoel Yanqui,-0.004637121837987637,1.0
518542,7168,Juan Centeno,-0.004638151709823591,3.2381598949432373
650626,sa873596,Johnny Adams,-0.004643063788113283,1.0
681668,sa3006678,Manny Rodriguez,-0.004643810002219263,1.0
607399,sa598325,Todd Hankins,-0.004647119829327974,1.0
656748,sa829059,Kevonte Mitchell,-0.004651399928437435,1.0
670067,sa918201,Danny Hudzina,-0.004654016114313227,1.0
622698,sa657209,Sandber Pimentel,-0.004657700181225633,1.0
641412,sa3004607,Taylor Bryant,-0.004663102793488502,1.0
671213,22514,Triston Casas,-0.004663807882542942,1.0
661437,sa871485,Jhonny Bethencourt,-0.004664763440816189,1.0
682517,sa3007099,Colby Schultz,-0.00467286418493046,1.0
663495,sa3007501,Jonah Davis,-0.004673417592872407,1.0
605361,12005,Nick Martini,-0.00467960643541032,5.086130142211914
660818,sa872495,Jose Rivas,-0.004687205804156372,1.0
650362,sa827937,Alejandro Salazar,-0.004687466536450479,1.0
681927,sa3006729,Jacob Rhinesmith,-0.004691463175333761,1.0
664925,sa875724,Drew Turbin,-0.004694604246683025,1.0
642693,sa736941,Hector Vargas,-0.004695375979730138,1.0
660518,sa877333,Juan Camacho,-0.004697997977564495,1.0
621016,17701,Jose Cuas,-0.004699209946884722,1.0
656999,sa829814,Payton Squier,-0.0047012066112470455,1.0
676735,sa3002877,Chris Hess,-0.004703154834544815,1.0
680716,24597,Jonathan Ornelas,-0.004705718411985235,1.0
541586,sa503253,Edgar Duran,-0.004711001525905604,1.0
663628,sa3007012,John Aiello,-0.004711801712376692,1.0
658061,sa708444,Galli Cribbs Jr.,-0.004712278068085918,1.0
645300,sa826663,Anthony Pereira,-0.004715883494863211,1.0
676529,sa3002874,Jordan Rodgers,-0.00472354355969548,1.0
645566,sa828125,Wander Franco,-0.004724990412054582,1.0
681883,sa3006919,Nick Ames,-0.004733240778369358,1.0
669792,sa921562,JC Encarnacion,-0.004738813918819017,1.0
477371,sa544823,Genaro Andrade,-0.004744984749158182,1.0
584511,sa541954,Jose Martinez,-0.00474699759945985,1.0
686676,25543,Korey Lee,-0.004751879799583321,1.0
663973,sa3006654,Chandler Taylor,-0.0047603366505714045,1.0
606993,12198,Jake Hager,-0.004764943657674233,1.0
681508,24759,Mickey Gasper,-0.004767045052102894,1.0
663618,sa3007010,Josh Stowers,-0.0047687395729864215,1.0
671276,sa962601,Yasel Antuna,-0.004774401407481709,1.0
642352,sa737090,Jean Angomas,-0.004779174881760205,1.0
650854,sa826672,Anthony Jimenez,-0.004783647069417262,1.0
660758,19910,Sandro Fabian,-0.004783709403869636,1.0
668059,sa922596,Steve Carrillo,-0.004784786024782216,1.0
664690,sa3008030,AJ Graffanino,-0.004786197075008637,1.0
677048,sa915595,Rob Henry,-0.004787928009574546,1.0
670415,sa918576,Jonathan Laureano,-0.004801713678781601,1.0
664751,sa918387,J.R. Davis,-0.004805665865790675,1.0
669127,25816,Shea Langeliers,-0.004810156475991089,1.0
664940,sa875296,Kurt Hoekstra,-0.004812595414748839,1.0
518911,5386,Andrew Lambo,-0.0048184987575615205,1.0
665823,sa917077,Everlouis Lozada,-0.004823552596568338,1.0
660857,sa872817,Yorman Rodriguez,-0.004825867114027641,1.0
656238,sa829257,Tate Blackman,-0.004828789237410731,1.0
660907,sa872780,Elvis Perez,-0.004829210525116736,1.0
676327,sa3007638,Kyle Marinconz,-0.004830886354599601,1.0
666149,26208,Tyler Fitzgerald,-0.0048372492425180404,1.0
665820,sa917168,Wander Javier,-0.00483857437270002,1.0
673962,26299,Josh Jung,-0.004839333687394426,1.0
682102,sa3007080,Gunnar Schubert,-0.0048397563461293315,1.0
670435,sa918522,Bruce Yari,-0.0048402361171783976,1.0
663788,sa875259,Luke Wakamatsu,-0.004841347529896947,1.0
687518,sa3009891,Patrick Frick,-0.004841605083541816,1.0
676904,sa3004069,Justin Bridgman,-0.004841620310801283,1.0
425766,4556,James Loney,-0.004842764768312133,1.0
624735,sa737026,Luis Payano,-0.004845895295527552,1.0
680719,sa3006670,Niko Decolati,-0.004848820849668509,1.0
631225,sa736831,Javier Hernandez,-0.004850386265230093,1.0
650831,sa828166,Raul Siri,-0.004852455747746947,1.0
681893,sa3007879,Tyler Durna,-0.004855793835312365,1.0
666917,sa3004038,Louis Boyd,-0.0048559754261265475,1.0
642333,sa736845,Carlos Sanchez,-0.004857086887592805,1.0
681282,sa3008186,Nick Horvath,-0.004857432736640801,1.0
671054,sa924310,Jonatan Machado,-0.004859288379445343,1.0
680890,sa3008251,Jax Biggers,-0.0048595266412045975,1.0
669909,sa918102,Alan Marrero,-0.004861720831699821,1.0
623290,sa658541,Casey Schroeder,-0.0048621908400546705,1.0
682082,sa3007325,Hunter Lee,-0.00486254773550485,1.0
686765,25483,Nick Sogard,-0.00486265281670816,1.0
666628,sa917301,Jose Gutierrez,-0.004866026177524071,1.0
501255,2832,Rafael Ynoa,-0.004873940348505778,1.0
680711,sa3008184,Cole Roederer,-0.0048769350449337,1.0
670419,sa918507,Malique Ziegler,-0.004880557567456393,1.0
623518,sa659304,John Sansone,-0.004885181287521338,1.0
642286,sa736689,Miguel Mercedes,-0.004886878900436489,1.0
660815,sa871442,Gustavo Polanco,-0.004893308607916394,1.0
660615,sa877365,Ricky Aracena,-0.004895367248405884,1.0
663519,sa3007282,Kekai Rios,-0.004897372392384536,1.0
664046,sa875081,Roman Collins,-0.004898597545133634,1.0
670399,sa918541,Jeffry Parra,-0.004899463808072592,1.0
660842,sa872569,Juan Uriarte,-0.0048998604277893385,1.0
622058,sa657912,D.J. Davis,-0.0049070064587389975,1.0
571785,sa501541,K.C. Hobson,-0.004907866049110543,1.0
672358,sa3002670,Justin Lopez,-0.004908528803547148,1.0
666206,sa917935,Delvin Pérez,-0.004910152412240399,1.0
663422,sa857673,Daniel Kihle,-0.004917915360860229,1.0
664038,sa857813,Kyri Washington,-0.00492447219091942,1.0
669129,sa918184,Marcus Mooney,-0.004927821557608423,1.0
670231,26284,John Rave,-0.004930366944329466,1.0
663837,21558,Matt Vierling,-0.004931916345093138,1.0
680914,sa3007745,Brandon Howlett,-0.004934651445407867,1.0
663406,sa875281,Alexis Olmeda,-0.004938310040504965,1.0
660684,sa872732,Daniel Brito,-0.004938372622358857,1.0
543038,8979,Dusty Coleman,-0.004939780939901551,1.0
687714,sa3010342,Jackson Cluff,-0.004940530804588172,1.0
660745,sa877018,Shean Michel,-0.004944702451269701,1.0
663696,sa875999,Gabriel Garcia,-0.004947756660024649,1.0
660622,sa872468,Jesus Navarro,-0.004951456344220686,1.0
676841,sa3002880,Danny Edgeworth,-0.0049521722907730735,1.0
645291,sa830120,Kevin Josephina,-0.004955721867093414,1.0
667375,sa916704,Rayneldy Rosario,-0.004956519169504463,1.0
671191,sa923039,Jefrey Ramos,-0.004956779408582461,1.0
667247,sa918530,Brady Conlan,-0.004957275955071163,1.0
676627,sa3004163,Tyreque Reed,-0.004959325758199535,1.0
672544,sa3002847,César Izturis Jr.,-0.004960262164934438,1.0
656208,sa3004751,Logan Baldwin,-0.0049605579363142345,1.0
571981,sa501240,Telvin Nash,-0.00496506538587204,1.0
669741,sa3010590,Bryant Packard,-0.004977247493800123,1.0
669413,sa3007019,Frainyer Chavez,-0.004978207183991869,1.0
665173,sa3008003,Alex McKenna,-0.004984907015306607,1.0
606313,sa597061,Edwin Moreno,-0.00499049966365844,1.0
676885,sa3004178,Ryan Dobson,-0.004994412890198843,1.0
681956,sa3008409,Jett Manning,-0.004996014968859731,1.0
645308,sa828314,Jhonny Santos,-0.004997462732202026,1.0
640477,sa735842,Gregori Rivero,-0.005000514149855725,1.0
656508,sa829382,K.J. Harrison,-0.00500074154502623,1.0
676774,sa3004172,Dyla Burdeaux,-0.005001731054325716,1.0
650589,sa829617,Louis Silverio,-0.0050043242044808,1.0
663516,sa3007007,Dillon Paulson,-0.005006033677878056,1.0
657631,sa829317,Alejandro Juvier,-0.0050098308001773366,1.0
676894,sa3004294,Will Robertson,-0.005017930674049219,1.0
621436,sa658571,Vince Jackson,-0.005019654449780373,1.0
663834,sa3006858,Jonathan Engelmann,-0.005019661533038549,1.0
621425,sa658821,Timmy Robinson,-0.005027134638348247,1.0
670296,sa918984,Danny Mayer,-0.0050272364696625485,1.0
668956,sa3002840,Wood Myers,-0.005028599639882906,1.0
667441,sa3010391,Zac Taylor,-0.005028754285513842,1.0
657806,sa829560,Christian Williams,-0.005031344724749632,1.0
657284,sa829135,Jake Yacinich,-0.005031547392887814,1.0
666777,sa917326,Alfredo Angarita,-0.005036576458909938,1.0
681965,sa3006683,Luke Morgan,-0.005038106081499079,1.0
641599,sa738195,Randolph Gassaway,-0.00503944808018038,1.0
663350,sa3007972,Brandon Riley,-0.00504979522711375,1.0
681543,sa3006726,Ryne Ogren,-0.0050546052253365534,1.0
621023,sa658299,Landon Lassiter,-0.005056698171238526,1.0
607100,sa602531,Boo Vazquez,-0.005062081357748706,1.0
622362,sa657768,Chris Pieters,-0.0050655654582859476,1.0
672517,sa3003228,Johan Lopez,-0.005066391410155661,1.0
670432,sa918544,Troy Sieber,-0.0050774776208964015,1.0
522728,sa393409,C.J. Retherford,-0.005083911176985496,1.0
687997,sa3009972,Garrett Hiott,-0.0050947136934645035,1.0
670433,sa918511,Ian Strom,-0.005103127544861717,1.0
643465,sa737854,Alex Murphy,-0.005106693331292003,1.0
686659,sa3010030,Julian Escobedo,-0.005119172564336829,1.0
666685,sa917499,Andres Regnault,-0.005122564215622427,1.0
676803,sa3004061,Connor Hoover,-0.0051275153868230346,1.0
650385,sa828316,Samuel Miranda,-0.005127994051775258,1.0
665888,sa917065,Cristopher Navarro,-0.005134181626720814,1.0
628366,sa736970,Ariel Sandoval,-0.005134496157930043,1.0
672359,22566,Tirso Ornelas,-0.005135198575426026,1.0
656054,sa828715,Carlos Vidal,-0.005136034247429645,1.0
682209,sa3006687,Tim Millard,-0.005138303304520294,1.0
663911,18690,Nick Plummer,-0.0051409799755103005,1.0
681852,sa3007788,Sean Roby,-0.0051512475187663,1.0
676996,sa3004758,Dalton Combs,-0.005152841199330536,1.0
686755,sa3010160,Jaxx Groshans,-0.005154681224225378,1.0
657098,sa3007001,Tyler Webb,-0.005156474906773926,1.0
660437,sa872806,Andres Angulo,-0.005162800523111245,1.0
446024,sa244088,Uriak Marquez,-0.005164685712789369,1.0
671655,22541,George Valera,-0.005165825193774528,1.0
665908,sa917095,Eduardo Torrealba,-0.005166729033035682,1.0
657243,sa918374,Brayan Morales,-0.005171112031517901,1.0
657619,sa829425,Chris Hoo,-0.005174485027486136,1.0
664961,sa827132,Vinny Siena,-0.005179273541859965,1.0
660564,sa872548,Wilkerman Garcia,-0.0051823912728298106,1.0
665091,sa875884,Delvin Zinn,-0.0051860317986463875,1.0
464423,sa328821,Carlos Colmenares,-0.0051868587116089,1.0
663725,sa3006713,Cole Daily,-0.0051894635413682905,1.0
668740,sa3010270,Kyle Wilkie,-0.005197963736042263,1.0
642093,sa918189,Stephen Smith,-0.005203357356274226,1.0
663933,sa3006653,Michael Curry,-0.005203888951344151,1.0
688610,sa1170296,Toby Welk,-0.005203917897968792,1.0
670862,sa3003183,Marcos Brito,-0.00520417628193099,1.0
657066,sa918220,Armond Upshaw,-0.005208466207764148,1.0
679691,sa3007042,Luke Heyer,-0.005210926414584404,1.0
665987,sa917320,Leonel Valera,-0.005219778504574222,1.0
667828,sa917118,Wilmer Reyes,-0.005220463190837863,1.0
669107,sa873253,Jack Meggs,-0.005223046356162052,1.0
665560,sa920180,Jhailyn Ortiz,-0.005223624666682723,1.0
457454,5557,Jarrod Saltalamacchia,-0.005225436076691373,1.0
670302,sa918978,Nick Yarnall,-0.005231416617188777,1.0
658483,sa831146,Eric Gonzalez,-0.005231947365791518,1.0
660638,sa872828,Javier Guevara,-0.0052355431251582514,1.0
642281,sa740555,Eudy Ramos,-0.005238261977900681,1.0
670237,sa3007871,Jake Slaughter,-0.005247928197034259,1.0
656384,sa3006644,Matt Duce,-0.0052522791724425,1.0
686554,26295,Oliver Dunn,-0.005252565187627125,1.0
669261,22244,Jack Suwinski,-0.0052533555150843,1.0
681999,sa3007076,Milton Smith II,-0.005262101974836169,1.0
605241,sa875893,Ashford Fulmer,-0.005263423734817246,1.0
592198,sa549487,D.K. Carey,-0.005270544945730724,1.0
678768,sa3005555,Victor Planchart,-0.005271024639181923,1.0
667367,sa917308,Jorge Perez,-0.005271077910069223,1.0
672279,22557,Michael Siani,-0.005272692091623475,1.0
687349,sa3010166,Jimmy Govern,-0.005278159043227806,1.0
660687,sa871441,Rafael Narea,-0.005289910696755116,1.0
682149,sa3006934,Clark Brinkman,-0.005290258015957187,1.0
595283,sa550381,Dexter Kjerstad,-0.005291083908801412,1.0
670870,sa3003185,Yunior Severino,-0.005293010306669975,1.0
672589,sa3002700,Juan Mendez,-0.005294674857365721,1.0
670407,sa918586,Cam Williams,-0.005297848402558084,1.0
663937,sa3008141,Deacon Liput,-0.005299657488013905,1.0
682244,sa3007093,David Garza,-0.005302035218041574,1.0
644365,sa826649,Luis Ayala,-0.005304573669378877,1.0
641471,sa737908,Malik Collymore,-0.005309457802733217,1.0
615703,sa738385,Owen Spiwak,-0.005320114225766927,1.0
669722,25844,Logan Davidson,-0.005321624714691758,1.0
664979,sa875727,Ryan Vega,-0.005322706000561031,1.0
682632,sa3008750,Adinso Reyes,-0.005325590776047565,1.0
665782,21682,Luis De Los Santos,-0.0053264338766098734,1.0
656944,sa3002837,Clark Scolamiero,-0.005332481930154145,1.0
676958,sa3004886,Philip Caulfield,-0.005337196233471837,1.0
650991,sa827944,Bryan Lizardo,-0.005337227536789668,1.0
642271,sa739259,Fernery Ozuna,-0.005339857519561654,1.0
660616,sa877334,Ricardo Rodriguez,-0.005341034200482007,1.0
665158,sa3010844,Nick Conti,-0.00534388642038087,1.0
642713,sa737245,Edwin Lora,-0.005343999057562083,1.0
644418,sa754712,Walter Rasquin,-0.005344040331028131,1.0
664043,sa875166,J.C. Cardenas,-0.00534627417140002,1.0
669384,22272,Raynel Delgado,-0.005346818472868576,1.0
676613,sa3004727,Tyler Esplin,-0.005348258227665787,1.0
650502,sa828860,Jose Vicente,-0.0053560248146169035,1.0
666695,sa917127,Jonathan Guzmán,-0.005357582236168739,1.0
677928,sa3005233,LJ Hatch,-0.005359265658619954,1.0
682618,sa3008743,Misael Urbina,-0.005360188778405156,1.0
533646,sa828311,Carlos Tovar,-0.005360850307530247,1.0
660680,sa872524,Yoel Romero,-0.005370057537443299,1.0
659407,sa3008077,Tristan Pompey,-0.005371410978931046,1.0
665918,sa917275,Miguel Aparicio,-0.0053714473638887105,1.0
630029,sa738494,Angel Moreno,-0.005372054930242987,1.0
680664,24574,Eduardo Valencia,-0.005372933090905489,1.0
650140,sa828210,Miguel Eladio,-0.005378196129504443,1.0
670465,sa918590,Nick Roscetti,-0.00538370105798231,1.0
665856,21730,Jair Camargo,-0.005385124835943201,1.0
450641,9414,Quintin Berry,-0.005385184400363935,1.0
640489,sa735840,Mario Sanjur,-0.005393633812971072,1.0
678733,sa3005916,Guillermo Quintana,-0.005413675117901248,1.0
663682,sa3011254,Mike Salvatore,-0.005415890771499237,1.0
663600,sa3007632,D.J. Artis,-0.005416432506308255,1.0
670765,sa3004145,Brian Mims,-0.0054184030644735415,1.0
660830,sa872821,Shard Munroe,-0.005419408198688889,1.0
681974,sa3008007,Onix Vega,-0.005421046537877086,1.0
676376,sa3006880,Gabe Snyder,-0.005421304188953275,1.0
665853,sa917004,Gresuan Silverio,-0.005426190775265215,1.0
623320,sa658947,Johnny Sewald,-0.0054287164171779355,1.0
668845,25524,Aaron Schunk,-0.005429066321512417,1.0
680683,sa3007046,Jameson Hannah,-0.005431228176287765,1.0
677985,sa3005290,Jonathan Diaz,-0.005433779074162201,1.0
671739,25931,Michael Harris II,-0.005438439452485195,1.0
677943,23790,Will Banfield,-0.00544004389005068,1.0
658532,sa877352,Jhoandro Alfaro,-0.005448371991105204,1.0
663536,26148,Tristin English,-0.005450592472391004,1.0
665127,sa876269,Dylan Tice,-0.005450775658571265,1.0
670374,sa918492,Steven Linkous,-0.005450823474450875,1.0
675659,25448,Greg Jones,-0.005457083608862356,1.0
680965,sa3007056,Josh Shaw,-0.005457695084171624,1.0
477377,sa508008,Eduardo Arredondo,-0.0054610985370101405,1.0
656352,sa828679,Braxton Davidson,-0.005471540990700058,1.0
686649,sa1169879,Jonathan Embry,-0.005477362925535555,1.0
665708,sa917197,Jesus Lujano,-0.005479688394477319,1.0
642272,sa737222,Erlin Cerda,-0.005480805526259341,1.0
680963,24671,Cody Wilson,-0.005482658072091922,1.0
670463,sa918595,Robby Rinn,-0.005485568214192889,1.0
687867,sa1169803,Clay Dungan,-0.005492672689588434,1.0
664828,sa875277,Cole Bauml,-0.005499681060790827,1.0
667495,sa3004039,Hunter Hargrove,-0.0055004948135440376,1.0
643599,sa738936,Harrison Wenson,-0.005503716564052117,1.0
677213,sa3004078,Pat McInerney,-0.005507727958616466,1.0
665579,sa879514,Garrett Hope,-0.005509040592016736,1.0
570792,sa507248,Luis Domoromo,-0.005510761656526601,1.0
656863,sa829215,Blaine Prescott,-0.005515424053089039,1.0
665940,sa917135,Moisés Castillo,-0.005516933292454097,1.0
670037,sa918042,Ryan Scott,-0.005521290313302297,1.0
677003,sa3004073,Kenny Corey,-0.0055218309679061365,1.0
680577,24496,DaShawn Keirsey Jr.,-0.005522864885021218,1.0
623170,sa658197,Mike Meyers,-0.005528447903910215,1.0
665838,sa923239,Reinaldo Ilarraza,-0.005528950156451523,1.0
660583,sa871435,Lenin Rodriguez,-0.005530657487156127,1.0
663821,sa3008078,Cody Farhat,-0.0055307534914291745,1.0
670767,sa915575,Devin Hairston,-0.005531986945243878,1.0
676332,sa3008279,Caleb Knight,-0.005536212566870319,1.0
670190,sa1115884,Carter Bins,-0.00554177059605519,1.0
628297,sa323152,Tim Tebow,-0.005542581711267981,1.0
645293,sa827974,Hector Martinez,-0.00554687763163931,1.0
682162,sa3006935,Kaleo Johnson,-0.005548429399755561,1.0
682005,sa3007077,Rusber Estrada,-0.005549293501773419,1.0
664752,sa875212,Seamus Curran,-0.005553545572239724,1.0
676602,sa3002724,Jonah Todd,-0.005555175569509769,1.0
657601,sa829326,Gerrion Grim,-0.00556076886057918,1.0
672744,22842,Alexander Canario,-0.00556178749032399,1.0
656767,sa828869,Matt Morgan,-0.005565850336231888,1.0
624505,sa738988,Anfernee Grier,-0.005568931261624381,1.0
519262,sa392193,Myles Schroder,-0.005569724979083911,1.0
681995,sa185525,Eric Rodriguez,-0.005570118834668858,1.0
666638,sa917056,J.V. Martinez,-0.005572146699280512,1.0
622759,sa657319,Daniel Barrios,-0.005573302257551025,1.0
664222,sa3006782,John Cresto,-0.005578607404972378,1.0
678010,sa3007639,Nick Schnell,-0.0055819908889281,1.0
681075,sa3007877,Jack Herman,-0.00558236109169416,1.0
665829,sa917463,Luis Leon,-0.005586194212652857,1.0
624425,sa857718,Nico Giarratano,-0.005586920390535073,1.0
667506,sa919821,Nick Thurman,-0.0055902530606443965,1.0
650443,sa828414,Andy Sugilio,-0.0056036968552692955,1.0
493351,5133,Alexei Ramirez,-0.005605846449692917,1.0
667351,sa917309,Brandon Leyton,-0.0056078285263335935,1.0
664229,sa875097,Jared Foster,-0.005611580582431754,1.0
672867,sa3002628,Estamy Urena,-0.0056184165056915114,1.0
681818,sa3006788,Seth Lancaster,-0.005622992361163047,1.0
663343,sa875805,Devin Davis,-0.005625608830985211,1.0
676616,sa3004933,Olivier Basabe,-0.005625901990695927,1.0
668851,sa857712,Michael Donadio,-0.0056280050714159644,1.0
657445,sa829127,Dash Winningham,-0.005629251715464426,1.0
595449,sa550288,Ben Verlander,-0.005630379613647236,1.0
678597,sa3006899,Alexander Guerra,-0.005632551876149674,1.0
672716,sa3003301,Anyesber Sivira,-0.005635323672109803,1.0
665890,sa917039,Seuly Matias,-0.005636232729633706,1.0
665506,19948,Cristian Pache,-0.005639387568033695,18.589500427246094
660693,sa872516,Fidel Mejia,-0.005648424272781109,1.0
678489,23968,Jorge Barrosa,-0.005649445585961602,1.0
665065,sa876028,Kyle Nowlin,-0.005655741510954592,1.0
668567,sa917750,Yerwin Trejo,-0.005657706934317372,1.0
669427,sa918107,Shane Carrier,-0.005658186310627387,1.0
601721,sa659286,Chris Shaw,-0.00566624421658963,1.0
678924,sa3006902,Camilo Quinteiro,-0.005667887730293762,1.0
668472,22117,Nick Pratto,-0.005670900199479833,1.0
687144,sa3010596,Corey Joyce,-0.005675616130433606,1.0
622580,sa657775,Angel Reyes,-0.005680084297683228,1.0
657144,sa915590,Justin Yurchak,-0.005681383401668275,1.0
665912,sa917055,Miguel Hernandez,-0.005683408041089235,1.0
656897,sa829322,Kevin Rivera,-0.005684716669079212,1.0
682641,26467,Luis Matos,-0.005689922072426461,1.0
671255,sa918284,Jose Layer,-0.005691112801809007,1.0
641536,sa737912,Brandon Dulin,-0.00569346091770071,1.0
650729,sa828438,Eduardo Navas,-0.0056997105840351165,1.0
676793,sa3004288,Luke Ringhofer,-0.005702955779903992,1.0
598626,sa523975,Jose Ruiz,-0.005704908169664136,1.0
683774,sa3008603,Lester Madden,-0.00571123242960166,1.0
680785,sa3009875,J.D. Orr,-0.005711920808917984,1.0
678866,sa3005928,Richard Paz,-0.005713272022625168,1.0
620993,sa655917,Carlos Duran,-0.005716971615600895,1.0
664956,sa875678,Ricky Eusebio,-0.005717763808378999,1.0
641315,sa737823,Trae Arbet,-0.0057192067951264995,1.0
663561,sa3006711,Gage Canning,-0.005720946568152451,1.0
688009,sa1169997,David Vinsky,-0.005724156490691074,1.0
676811,sa3004819,Quincy Nieporte,-0.005724477303256566,1.0
663381,sa3009832,Utah Jones,-0.00573207498997057,1.0
663492,sa875819,Dwanya Williams-Sutton,-0.0057329159598123736,1.0
622603,sa657241,Carlos Castro,-0.005735242932268233,1.0
660652,sa872875,Jose Colina,-0.005735667148243075,1.0
670049,sa918117,Chris DeVito,-0.005736732821123926,1.0
676016,sa3004882,Bryant Quijada,-0.0057381546983806125,1.0
666624,21897,Christopher Morel,-0.005738234821517169,1.0
441932,sa508488,Luis Mauricio Suarez,-0.005746365476475839,1.0
675628,sa3010395,Darius Hill,-0.005748407564129144,1.0
666462,sa917306,Orian Nunez,-0.0057502429657851255,1.0
671272,sa3003197,David García,-0.00575096649334948,1.0
687401,25493,Joey Ortiz,-0.005751254872926036,1.0
676667,sa3004884,Justin Connell,-0.005755657546878534,1.0
676767,sa3005000,Chris Singleton,-0.005766466541058608,1.0
660681,sa873307,Leandro Cedeño,-0.005771187643231399,1.0
657728,sa829275,Isaias Quiroz,-0.00577554246747409,1.0
682657,26540,Angel Martínez,-0.0057775863759337125,1.0
664872,sa875590,Chris Iriart,-0.005785118813441256,1.0
680715,sa3007049,Jawuan Harris,-0.005787192738613953,1.0
656525,sa827195,Gunnar Heidt,-0.005788116260750158,1.0
650702,sa827959,Anthony Dirocie,-0.005788352781337511,1.0
665116,sa875816,Grant Massey,-0.005791275105189979,1.0
607479,sa602676,Garrett Brown,-0.005793404362215117,1.0
670548,sa919893,Jose Mena,-0.005795052566621239,1.0
609263,sa657503,Raymel Flores,-0.005797330344995729,1.0
676366,sa3006879,Luke Miller,-0.005799655021332237,1.0
650635,sa828179,Moises Perez,-0.00580090227057294,1.0
665953,21797,Andrés Chaparro,-0.005806509660842929,1.0
660691,sa872515,Yeiler Peguero,-0.005810431844080611,1.0
680938,sa3007054,Andrew Moritz,-0.005813051576739182,1.0
668952,25867,Ryan Kreidler,-0.00581698097284105,1.0
592868,sa549103,Austin Wilson,-0.005817008112784746,1.0
656201,sa3006778,Chandler Avant,-0.00583058371525058,1.0
642223,sa738989,J.B. Woodman,-0.00583522814309432,1.0
671088,sa3009873,Tanner Morris,-0.005836323607477694,1.0
642345,sa827965,Jerry Seitz,-0.005850985426945115,1.0
656044,sa828122,Marcos Almonte,-0.005851150139073231,1.0
682141,sa3006933,Ryan Anderson,-0.005855889658126693,1.0
656670,sa918648,Colby Lusignan,-0.005858398347427987,1.0
656017,sa828865,Jose Miguel Medina,-0.005865100447676142,1.0
661390,sa873192,Luis Mejia,-0.005865259803297771,1.0
679032,24336,Johan Rojas,-0.005865383517396924,1.0
687958,sa3010718,Jack Kenley,-0.00586766893283109,1.0
669121,sa3005063,Spencer Griffin,-0.0058720230590338235,1.0
678487,sa3005523,Andres Melendez,-0.0058724464622473835,1.0
682613,sa3007918,Dylan Harris,-0.005887916868783926,1.0
679701,sa3006906,Ben Aklinski,-0.005891952696273554,1.0
666186,sa3011308,Thomas Dillard,-0.0059046454130923555,1.0
676759,sa3008238,Korry Howell,-0.0059051726044970655,1.0
656875,sa828792,Milton Ramos,-0.00590724427326213,1.0
667687,sa916988,Janigson Villalobos,-0.005907323625750712,1.0
679334,sa3006208,Vladimir Dilone,-0.005907514118223837,1.0
670365,sa919011,Collin Woody,-0.005911564512339293,1.0
663388,sa875581,Justin Ellison,-0.0059241312079571585,1.0
664106,sa918613,DJ Jenkins,-0.0059269508589307315,1.0
669905,sa873626,Michael Hernandez,-0.005932933872406649,1.0
682047,sa3006732,Logan Mattix,-0.005933116349005489,1.0
650507,sa828332,Hidekel Gonzalez,-0.005944946945052339,1.0
663518,sa3006855,Dayton Dugas,-0.0059476747095878624,1.0
684543,sa3010157,Daniel Cope,-0.005947719426774933,1.0
660534,sa872582,Moises Nunez,-0.005950741596286156,1.0
641567,sa3004126,Logan Farrar,-0.005952775614669964,1.0
670368,sa918805,Preston Scott,-0.00595288139451638,1.0
670301,sa3002843,Jordan Wren,-0.005959524027719618,1.0
592898,sa547125,Carlos Penuelas,-0.0059599216163198675,1.0
682040,sa3007078,Jordan Qsar,-0.0059635915779453225,1.0
674974,sa3007027,Dan Robinson,-0.005970629405841508,1.0
674160,sa3006719,Will Golsan,-0.005971082458764354,1.0
647255,sa3002831,Tanner Kirwer,-0.005971200118613096,1.0
683554,sa3008657,Gerson Molina,-0.005975145382941563,1.0
622108,sa657969,Austin Aune,-0.005984169303916755,1.0
650855,sa826787,Geoandry Montilla,-0.005985643500416791,1.0
656697,sa915823,Garrett McCain,-0.0059859969713360545,1.0
676854,sa3004515,Jordyn Muffley,-0.005987357730941578,1.0
660817,sa872756,Carlos Machado,-0.005988013016317975,1.0
686434,sa3009344,Cesar Calderon,-0.005989103897939415,1.0
669447,sa3004616,Cole Brannen,-0.005991069186881205,1.0
672847,sa3002712,Axel Andueza,-0.005992390281282599,1.0
686527,26438,Dominic Canzone,-0.006001595884100262,1.0
668833,sa3009868,Morgan McCullough,-0.006001694015775092,1.0
671231,sa924293,Jonathan Lopez,-0.006001756816163611,1.0
666161,sa3010390,Nick Quintana,-0.006001908293067695,1.0
668787,sa1170451,Bryce Ball,-0.006002772718400137,1.0
650512,sa828425,Ramon Marcelino,-0.006003002440846329,1.0
606623,sa597735,Daniel Arribas,-0.0060037040066179955,1.0
676929,sa3004398,Tyler Benson,-0.006019832082641093,1.0
650715,sa828129,Cesar Diaz,-0.006030432464733883,1.0
665865,sa917018,Juan Ramirez,-0.006032288176407683,1.0
595871,sa875291,Giovanny Alfonzo,-0.006034588168128651,1.0
665793,sa917360,Francisco Ventura,-0.006042498406897035,1.0
681155,sa3007746,Brett Wright,-0.006046247032318237,1.0
680607,sa3007302,Daiwer Castellanos,-0.006046630594444298,1.0
645612,sa742871,Robert Garcia,-0.006053549031643462,1.0
669950,sa874078,Gene Cone,-0.00605597389785092,1.0
676843,sa3004291,Ben Bengtson,-0.00605654117881175,1.0
666680,sa917167,Ruben Santana,-0.006063382830866933,1.0
671112,sa3004503,Ricky De La Torre,-0.006064188343391359,1.0
679553,sa3005787,Johnabiell Laureano,-0.006066893680904999,1.0
674006,sa3004881,Nick Choruby,-0.006072297879688081,1.0
672905,sa3003377,José Alvarez,-0.006073412766838125,1.0
678637,sa3005747,Luis Baez,-0.006075793125771948,1.0
665752,sa917328,Starling Heredia,-0.006076230143907323,1.0
666632,sa917302,Yonathan Perlaza,-0.006083483370466845,1.0
650728,sa830227,Leonardo Molina,-0.006087498707239153,1.0
663528,sa918104,Ryan January,-0.006100561700768532,1.0
676762,sa3007030,Frankie Tostado,-0.006101288779912106,1.0
685332,sa3008944,Carlos Mendoza,-0.006108064109808227,1.0
677588,23691,José Tena,-0.00610902087776276,1.0
650667,sa828305,Garvis Lara,-0.006117193709284347,1.0
682073,25111,David Hensley,-0.0061215413253496625,1.0
668696,sa3008031,Grant Little,-0.006122219610773114,1.0
663513,sa918552,Reynaldo Rivera,-0.0061226352933411434,1.0
677422,sa3004305,Jake Stone,-0.006123636564232788,1.0
650544,sa828863,Isrrael De La Cruz,-0.006124553203760636,1.0
678808,sa3005766,Iverson Leonardo,-0.006125535632906945,1.0
665780,sa916848,Franklin Labour,-0.006127560025869181,1.0
670109,sa918394,Jacob Bosiokovic,-0.006128704971973492,1.0
672555,sa3003236,Wilfred Astudillo,-0.006132726688051181,1.0
682037,sa3006684,Luke Mangieri,-0.006137225007188475,1.0
602337,sa592342,Luis Fonseca,-0.0061406958022191096,1.0
676935,sa3004697,Jesse Medrano,-0.006141221623906197,1.0
663529,sa3010146,AJ Lee,-0.006146605772582876,1.0
682085,sa3006928,Harrison Dinicola,-0.006146981296813711,1.0
650664,sa828309,Pablo Garcia,-0.006149964904162573,1.0
672460,sa3003218,Daniel Ozoria,-0.006160893429786176,1.0
650693,sa827977,Nic Pierre,-0.006163084990316973,1.0
642143,sa3004240,Robbie Thorburn,-0.0061659980135076045,1.0
666593,sa917184,Jose King,-0.006167862992702729,1.0
672719,sa3002624,Jesus Feliz,-0.006168071935460507,1.0
681016,sa3007645,Brendan Venter,-0.006184429713548778,1.0
660561,sa872446,Irving Ortega,-0.006184509011037137,1.0
677599,sa3005486,Miguel Hiraldo,-0.0061859929339061846,1.0
663853,21562,Romy Gonzalez,-0.0061931760915098465,1.0
623393,sa658538,Josh Almonte,-0.006193307681769158,1.0
670409,sa918573,Alan Crowley,-0.006196013263388923,1.0
669182,sa918212,Tre Carter,-0.0061987821582692995,1.0
678894,24273,Liover Peguero,-0.006199519307563173,1.0
650853,sa826786,Eugene Helder,-0.0061999798516893505,1.0
682622,26517,Noelvi Marte,-0.006203924653770652,1.0
664834,sa827150,Mitchell Gunsolus,-0.006206097116006803,1.0
660617,sa873303,Nelson Gomez,-0.006207734345715194,1.0
667696,sa3003953,Frankie Rios,-0.006210393419692091,1.0
679563,24388,José Rodríguez,-0.00621555598672276,1.0
650998,sa827943,Jesus Severino,-0.006218394150500887,1.0
683031,sa3008452,Jean Ramirez,-0.006219079160768082,1.0
683549,sa3008889,Alexander Mojica,-0.0062200721872480835,1.0
678350,sa3005900,Farlyn Manon,-0.006221130178856873,1.0
677649,23733,Ezequiel Duran,-0.006225211008097652,1.0
663375,sa875030,Jagger Rusconi,-0.006229128896931151,1.0
673145,sa3002635,Geraldi Diaz,-0.006235110314321853,1.0
670053,sa918155,Hosea Nelson,-0.006243967688640691,1.0
681082,26294,Bryson Stott,-0.006244504384005376,1.0
687005,sa3010278,Kellen Strahm,-0.006246809667661902,1.0
641840,sa875799,Ryan McCarvel,-0.00624798004938189,1.0
599697,sa3004976,Cam Warner,-0.006249945156341935,1.0
657029,sa3010582,McCarthy Tatum,-0.0062548551539880065,1.0
643352,sa738643,David Harris,-0.0062601847599887675,1.0
663555,sa3008246,Beau Brundage,-0.006261872309166057,1.0
682012,sa3006924,Ryan Ramiz,-0.006270312281500343,1.0
681934,sa3007321,Randy Norris,-0.006270908875122136,1.0
682848,25332,Endy Rodríguez,-0.0062711742160680125,1.0
650521,sa828230,Ramon Beltre,-0.00627610623180593,1.0
641898,sa738906,Trever Morrison,-0.0062784888770694896,1.0
650867,sa827967,Mikey Edie,-0.006278999156257732,1.0
656289,sa829494,Michael Cantu,-0.0062793981629709695,1.0
663347,sa3007004,Jeremiah Burks,-0.0062807507759770065,1.0
683770,25467,Will Robertson,-0.006282065348627852,1.0
678428,sa3005519,Joshwan Wright,-0.006286131711519396,1.0
650546,sa827077,Elys Escobar,-0.006287148763962258,1.0
670242,26466,Matt Wallner,-0.006288973048982167,1.0
672600,sa3003256,Claudio Finol,-0.006289543623882366,1.0
656280,sa827162,Austin Byler,-0.006292598492804001,1.0
663791,sa875023,D.J. Wilson,-0.006293986374418834,1.0
663968,26202,Jake Mangum,-0.006294037026194906,1.0
665038,sa876098,Luis Silverio,-0.006299378393535693,1.0
676805,sa915690,Jordan Pearce,-0.006299388770507671,1.0
642268,sa736698,Emmanuel Tapia,-0.006302634601624545,1.0
678800,sa3005562,Enmanuel Pire,-0.006312170612193303,1.0
663891,sa3010389,Nelson Maldonado,-0.0063159556592159065,1.0
670863,sa3004880,Kevin Richards,-0.006316465692077215,1.0
678796,sa3006525,Jose Mujica,-0.006323610658697334,1.0
672656,sa3003282,Abiezel Ramirez,-0.006323989625345167,1.0
682627,sa3008747,Jose De La Cruz,-0.006324043341327631,1.0
641298,sa738319,Tyler Alamo,-0.006328543417194666,1.0
407821,sa205818,Luis Alfonso Garcia,-0.006330672060147373,1.0
676953,sa3004520,Martin Figueroa,-0.006333330911666576,1.0
681827,sa3007064,Brett Langhorne,-0.006333871917857583,1.0
682133,sa3006932,Tre Vickers,-0.006334617375945828,1.0
663475,sa874798,Bryce Denton,-0.0063357076379562585,1.0
690622,sa3010177,Alex Erro,-0.00633579674271147,1.0
678864,sa3005927,Francis Grullon,-0.006341566708171747,1.0
676073,sa3007637,Scott Schreiber,-0.006343882061314583,1.0
676814,sa3004290,Lucas Tancas,-0.006349373655894944,1.0
675853,sa3003428,Jonathan Soto,-0.006352709295875275,1.0
665850,sa917277,Cristian Inoa,-0.006357199586590125,1.0
663482,sa875317,Jaylen Ferguson,-0.0063585662208317,1.0
667279,sa3006716,Charlie McConnell,-0.00636114856274905,1.0
672501,sa3003225,Jhoneiker Betancourt,-0.006362951846043506,1.0
672610,sa3003261,Kevin Torres,-0.00636571636406317,1.0
672580,22715,Maikel Garcia,-0.006365816421682213,1.0
687771,sa1115765,Eric Rivera,-0.006368567562345809,1.0
669714,sa918278,Brady Whalen,-0.006370017172667665,1.0
669851,sa924090,Jose Reyes,-0.006376397376054608,1.0
669352,22261,Bubba Thompson,-0.006377637363836687,1.0
668824,sa3011259,Logan Wyatt,-0.006379181652209919,1.0
676920,sa873611,Todd Czinege,-0.006380539984996619,1.0
660741,sa872730,Edwin Figuera,-0.006381003062698836,1.0
690623,sa1172017,Mason Mallard,-0.006383671618752876,1.0
657010,sa3008076,Madison Stokes,-0.006388292041646392,1.0
682860,sa3008823,Jauri Custodio,-0.006390082447115064,1.0
660796,sa872486,Marino Campana,-0.006391056379688338,1.0
681967,sa3007650,Austin Dennis,-0.006392217590703654,1.0
682799,sa3008807,Elio Prado,-0.006392386395199011,1.0
679404,sa3005593,Oscar Rangel,-0.006395115522521388,1.0
682456,sa3007335,Tyler Flores,-0.006401083173047744,1.0
680932,sa3005795,Pedro Martinez,-0.006403904720230086,1.0
665989,sa917119,Shervyen Newton,-0.006406836535869494,1.0
641675,sa829192,Brad Haynal,-0.006406988821605142,1.0
681855,sa3007318,Michael Emodi,-0.006407217777542961,1.0
667664,sa3008004,Luke Reynolds,-0.006409274627295871,1.0
503351,9246,Blake Lalli,-0.006412052980619259,1.0
672623,sa3003267,Esney Chacon,-0.006413672664196644,1.0
682239,sa3009878,Luke Ritter,-0.0064144779390864215,1.0
674466,sa3003423,Julio Meza,-0.0064210383380138404,1.0
668549,sa917737,Marco Hernandez,-0.0064246022468778955,1.0
682998,25878,Corbin Carroll,-0.006425986812861032,1.0
664191,sa875624,Pat Porter,-0.006428011941506849,1.0
660767,sa872496,Jorge Gordon,-0.006432219101835828,1.0
668577,sa917348,Osmy Gregorio,-0.006435650167629139,1.0
641612,sa738630,Ronnie Gideon,-0.0064425909376978,1.0
660762,sa873155,Jose Marquez,-0.006443557152244641,1.0
672479,sa3003222,Aldenis Sanchez,-0.0064463094992680894,1.0
650675,sa830217,Isael Soto,-0.00644918581017286,1.0
621015,sa659043,Jose Vizcaino Jr.,-0.006450934997586276,1.0
677800,23772,Wilyer Abreu,-0.006452866688028958,1.0
677870,23782,Leo Jiménez,-0.00646201515803025,1.0
659910,sa876536,Brayan Hernandez,-0.006465067437406003,1.0
681351,24729,Logan O'Hoppe,-0.006477177889806331,1.0
672536,sa3003233,Jhon Torres,-0.006477255784568385,1.0
659366,sa875024,Miles Gordon,-0.0064826268567593345,1.0
650432,sa830291,Reydel Medina,-0.00648619324885575,1.0
678389,sa3005510,Jhon Solarte,-0.006489183014241841,1.0
656951,sa3006647,Zack Shannon,-0.006489661679628274,1.0
678481,sa3005522,Derwin Barreto,-0.006489912446120533,1.0
681623,sa3005624,Ronaiker Palma,-0.006491394950757652,1.0
677578,sa3005478,Carlos Rodríguez,-0.006498075581787485,1.0
676955,sa3004521,Max Hogan,-0.0064996953170401986,1.0
671275,sa970515,Luis Almanzar,-0.006503786564118713,1.0
678863,sa3005576,Carlos Arroyo,-0.006506127631056393,1.0
660632,sa877519,Adrian Rondon,-0.0065069047232476016,1.0
461865,1159,Andrew Romine,-0.006513882040451743,9.002779960632324
686601,sa3011264,Drew Campbell,-0.006522543869484651,1.0
681606,sa3006223,Nigel Calmes,-0.006532550110752583,1.0
663811,sa3007868,Trey Dawson,-0.006548261641091186,1.0
665799,sa917349,Carlos Vargas,-0.0065579583938611494,1.0
622767,sa657248,Carlos Belonis,-0.006561925474396184,1.0
678232,sa3005492,Jesus Valdez,-0.006568684490471384,1.0
678218,23813,Brandon Valenzuela,-0.006569156797250048,1.0
683612,sa3009551,Ronaldo Flores,-0.006569891950835187,1.0
663346,sa874775,Eric Jenkins,-0.0065720170985576675,1.0
607082,sa876218,Jordan Serena,-0.006572596285367416,1.0
676633,sa3004281,Cameron Baranek,-0.006574799927001255,1.0
665990,sa917072,Kleiber Rodriguez,-0.0065760490070532,1.0
660885,sa872570,Domingo Martinez,-0.006577041351582447,1.0
678611,sa3005746,Carlos Hurtado,-0.006580465142106377,1.0
676021,sa3005080,Luis Santos,-0.006582341141859665,1.0
676074,sa3004155,Jonny Homza,-0.0065909949327354585,1.0
657067,sa3004498,Austin Upshaw,-0.0065962291917351385,1.0
660639,sa872568,Pedro Gonzalez,-0.006605803903341048,1.0
663543,sa875065,Corey Zangari,-0.006606471531845712,1.0
686793,sa3010036,J.T. Arruda,-0.0066092095809519155,1.0
663668,sa876087,DJ Neal,-0.00661219635890954,1.0
669303,sa918323,Francisco Del Valle,-0.0066136236068522255,1.0
595284,14942,Andrew Knapp,-0.006621463060480462,42.595298767089844
681874,sa3006680,Doran Turchin,-0.006625330125395684,1.0
656910,sa3006646,Nick Rodriguez,-0.006631333210968441,1.0
660663,sa872550,Frederick Cuevas,-0.00663203093693732,1.0
669638,sa918339,Anthony Churlin,-0.0066420566651373145,1.0
683582,sa3008897,Rayner Santana,-0.006642421956354263,1.0
678780,sa3005762,Pedro Garcia,-0.006643541847023448,1.0
679599,sa3005596,Hasuan Viera,-0.006644410141198155,1.0
643398,sa739014,Ryan Kirby,-0.00664445454003483,1.0
672840,sa3002626,Wander Valdez,-0.0066452298744832765,1.0
676772,sa3004171,Troy Dixon,-0.00664557510748072,1.0
677621,sa3005723,Joerlin De Los Santos,-0.006653742358158165,1.0
672567,sa3003240,Edilberto Mendoza,-0.0066571567160667805,1.0
664571,sa877124,Alexis Garcia,-0.006659031154465052,1.0
668791,sa1052903,Anthony Prato,-0.006660039083431107,1.0
678596,sa3007299,Yorlis Rodriguez,-0.006660238942886674,1.0
682119,25138,Levi Jordan,-0.006667625611349263,1.0
681296,sa3006222,Wilkin Grullon,-0.006667982323125551,1.0
665945,sa917093,Kervin Suarez,-0.006673541125871374,1.0
644411,sa743087,Oliver Ortiz,-0.006677739038917938,1.0
527045,sa455932,Gabriel Noriega,-0.0066794689725151925,1.0
673650,sa3003408,Cristhian Longa,-0.006680670805210305,1.0
621463,sa658171,Grant Heyman,-0.0066833647286639476,1.0
672763,sa3003328,Franklin Soto,-0.006685476250756581,1.0
678817,sa3005768,Kevin Nivar,-0.006692517190071499,1.0
660647,sa872535,Mariel Bautista,-0.006695611232356107,1.0
650389,sa826652,Wladimir Galindo,-0.006702643747015305,1.0
678962,sa3005587,Daniel Vellojin,-0.00671228042735439,1.0
666626,sa917303,Jonathan Sierra,-0.006712599442618554,1.0
657212,sa3009866,Evan Edwards,-0.006715036136567164,1.0
664765,sa875650,Lean Marrero,-0.006716971995192317,1.0
670867,sa969045,Kevin Maitan,-0.006717818892738427,1.0
664734,sa3007504,Justin Harrer,-0.0067246417929437835,1.0
681955,sa3008053,Sam McWilliams,-0.006725329829825462,1.0
664499,sa877022,Paul Brands,-0.006727753506939387,1.0
682617,25616,Marco Luciano,-0.006729951191573623,1.0
670093,sa918375,Kidany Salva,-0.0067312000372101,1.0
676991,sa3007031,Davis Bradshaw,-0.006731442505652711,1.0
672361,sa3004149,Agustin Ruiz,-0.006732506271769334,1.0
621309,sa918351,Spencer Johnson,-0.0067380652756716935,1.0
650793,sa826646,Jesus Alastre,-0.00674404669832221,1.0
672764,sa3003329,Pablo Abreu,-0.006752728729202446,1.0
679311,sa3005592,Juan Crisp,-0.006753638964949419,1.0
683598,sa3010877,Kevin Infante,-0.006756717781276051,1.0
660523,sa872832,Angel Manzanarez,-0.006760242569486046,1.0
672953,sa3002865,Gilberto Vizcarra,-0.006760374082560466,1.0
682695,sa3008775,Yohander Martinez,-0.006762956730298288,1.0
602924,sa597185,Elvis Rubio,-0.006771849569012237,1.0
680589,sa3005613,Felix Valerio,-0.006774406636969172,1.0
665840,sa917054,Carlos Reina,-0.0067751479310447305,1.0
663828,sa3009955,Cameron Simmons,-0.006775345474855245,1.0
666519,sa917310,Eddie Hernandez,-0.0067759458603978365,1.0
678828,sa3005925,Dereck Salom,-0.006778838406323009,1.0
663772,sa1169940,Kennie Taylor,-0.006785392304799832,1.0
686490,25476,Cam Eden,-0.006785752234398985,1.0
677593,sa3007295,Luis García,-0.0067885202114834585,1.0
668454,sa917134,William Jimenez,-0.006789476911353463,1.0
677068,sa3010017,Tyler Osik,-0.006795552198512624,1.0
660607,sa872557,Melvin Jimenez,-0.006798510306420611,1.0
641713,sa874093,Casey Hughston,-0.006800123195320611,1.0
678837,sa3006621,Bladimir Restituyo,-0.00680657350343016,1.0
676914,23565,Davis Schneider,-0.006807618218099484,1.0
678502,sa3005525,Daniel Rivero,-0.006808527924214058,1.0
682152,sa3007527,Dean Lockery,-0.006810776357284527,1.0
683454,sa3008868,Brayan Buelvas,-0.006813769957416784,1.0
687573,sa3009892,Nic Ready,-0.006816637477237436,1.0
672692,sa3003288,Jose Peroza,-0.006820802787500817,1.0
678662,24064,Ezequiel Tovar,-0.006820859543691601,1.0
677668,sa3004940,Henry Quintero,-0.006822325360487907,1.0
664959,sa875641,Blake Butler,-0.006824350387814715,1.0
484552,sa509451,Daniel Hinojosa,-0.00683351662716055,1.0
668571,sa916709,Wilson Alvarez,-0.006833948452351841,1.0
658535,sa877349,Amado Nunez,-0.006838763314888713,1.0
686639,sa3010029,Jack Dunn,-0.006840098869656579,1.0
672357,sa3004148,Jordy Barley,-0.006847796115963013,1.0
669460,sa3007020,Kingston Liniak,-0.006851266327389902,1.0
620447,sa736663,Frandy De La Rosa,-0.006859837249690822,1.0
676626,sa3005054,Zach Sterry,-0.0068692290479316406,1.0
685301,25855,Matt Gorski,-0.006870535826205492,1.0
672696,sa3003291,Francisco Acuna,-0.006873002871306825,1.0
663599,sa875735,J.D. Williams,-0.0068744763789284615,1.0
664742,sa881295,Jay Feliciano,-0.006879081267087277,1.0
665168,sa876379,Matt Morales,-0.006880283022404505,1.0
679938,sa3005938,Yoyner Fajardo,-0.006881157168099847,1.0
656078,sa828339,Richard Nunez,-0.00688735040923913,1.0
675789,sa3008278,Bryce Bush,-0.0068883189088661725,1.0
678220,sa3005730,Yeison Santana,-0.006889250314492432,1.0
678681,sa3005541,Luis Toribio,-0.006889833241454342,1.0
676369,23359,Nelson Velázquez,-0.006891633231942421,1.0
666331,sa3010585,Jake Sanford,-0.006894995937662031,1.0
663714,sa3007502,Matt Kroon,-0.006899532369872514,1.0
657091,sa3011378,Cameron Warren,-0.0069005841374221236,1.0
681481,25961,Kerry Carpenter,-0.006901086716375885,1.0
666141,sa3011256,Drew Mendoza,-0.006907940686273474,1.0
683034,sa3008463,Nick Osborne,-0.006908172748957646,1.0
656446,sa915659,Tanner Gardner,-0.006908863975021824,1.0
656216,sa3006847,Korby Batesole,-0.006909241182483118,1.0
665855,sa917593,Daniel Santos,-0.006913104020383241,1.0
672566,sa3004382,José Sánchez,-0.006916460810444881,1.0
669896,sa3010333,Brylie Ware,-0.006916809578766197,1.0
665069,sa876020,Bobby Wernes,-0.006919923906685218,1.0
660775,sa872811,Jean Carlos Arias,-0.00692195091594341,1.0
672760,sa3003325,Nerio Rodriguez,-0.006922388716231913,1.0
669219,sa3004969,Je'Von Ward,-0.006923453278054296,1.0
672731,sa3003310,Omar Medina,-0.00692558443672349,1.0
672735,sa3003312,Sean Mendoza,-0.006927467917091647,1.0
672561,sa3002849,Makesiondon Kelkboom,-0.0069333392297385825,1.0
650708,sa828196,Oliver Pascual,-0.006933763449390419,1.0
676714,23460,Brandon Hughes,-0.006938523474165369,1.0
668474,sa918557,Dom Abbadessa,-0.006939001822160012,1.0
669451,sa3004142,Chris Seise,-0.006941991932908544,1.0
678594,sa3005529,Randy Florentino,-0.006943933814462307,1.0
666635,sa917150,Jonathan Willems,-0.006947046990079251,1.0
672750,sa3004383,Ricardo Méndez,-0.006948113470182324,1.0
660630,sa872527,Romer Cuadrado,-0.006948293927491507,1.0
675621,sa915734,Kyle Davis,-0.006949365863225552,1.0
676692,sa3002725,Kevin Williams Jr.,-0.006949535554346174,1.0
676280,sa3005103,Tyler Dearden,-0.006951941432749522,1.0
665866,sa917386,Jean Montero,-0.006952474979434624,1.0
687462,26477,Spencer Horwitz,-0.006958783350958266,1.0
681907,sa3006921,Chase Chambers,-0.006961001901023023,1.0
676002,sa3003430,Juan Carlos Negret,-0.0069610381585276885,1.0
620988,sa655900,Jhombeyker Morales,-0.00696321062584,1.0
666813,sa917155,Juan Pascal,-0.006965766093125144,1.0
661412,sa872852,Stanley Espinal,-0.006971250612083676,1.0
673883,sa3003414,Juan Bidau,-0.006971567313131505,1.0
669866,sa922560,Tony Pena,-0.006976070007012769,1.0
663961,sa874799,Mitchell Hansen,-0.006976684727995452,1.0
687463,sa3010713,Luis Guerrero,-0.006977140265458336,1.0
687724,sa3010599,Jake Holton,-0.006980448948700021,1.0
660774,sa877486,Samuel Castro,-0.006981012764248332,1.0
663727,sa3007013,Scott Kapers,-0.006985703074607303,1.0
657435,sa829167,Matthew Page,-0.00698570806172345,1.0
682681,sa3008769,Jesus Lara,-0.006987082674502217,1.0
682900,sa3008836,Brainer Bonaci,-0.006988156649812373,1.0
660793,sa873167,Franklin Garcia,-0.006989512134051458,1.0
681735,sa3005948,Juan Loyo,-0.006990817249014889,1.0
623386,sa659285,Dalton Blaser,-0.006991693027859151,1.0
673045,sa3003379,Josue Huma,-0.006992735432708525,1.0
642298,sa736879,Pabel Manzanero,-0.006993385176347299,1.0
676712,sa3004512,Jake Scudder,-0.006995176149508743,1.0
675528,sa3006075,Victor Nova,-0.006999340311089265,1.0
676882,23552,Chandler Seagle,-0.0069998393751291655,1.0
686733,sa3010885,Luis Sena,-0.007000365022979443,1.0
665836,sa917079,Antonio Pinero,-0.007000910942229134,1.0
663871,sa3011423,Ethan Paul,-0.007001959293802956,1.0
682882,sa3008832,Geury Estevez,-0.007002920251111194,1.0
678386,sa3005736,Omar Rodriguez,-0.007002923236118075,1.0
676683,sa3005416,Jonathan Lacroix,-0.0070030039657717315,1.0
677069,sa3007032,Andrew Turner,-0.007004301937211843,1.0
650878,sa828503,Luis Flores,-0.007014094081993664,1.0
682161,sa3006624,Zach Scott,-0.007017961042237639,1.0
673945,sa3002866,Freuddy Batista,-0.007020863411174365,1.0
670184,sa918899,Pedro Alfonseca,-0.0070251543377224356,1.0
669707,25807,Jared Triolo,-0.00702525411805254,1.0
684712,sa3008941,Wilber Sanchez,-0.007026738391599584,1.0
678744,sa3005918,Yelinson Pena,-0.007027008251678877,1.0
667653,sa3008431,Zander Clarke,-0.0070276863604538855,1.0
686980,sa3009885,Ricky Martinez,-0.007030490619841789,1.0
690189,sa3009896,Trent Tingelstad,-0.0070306554781890025,1.0
657531,sa829856,Tyler Brown,-0.007034034494600405,1.0
656621,sa3004131,Cameron Knight,-0.007038150878846,1.0
650420,sa829620,Trey Vavra,-0.007040028540797751,1.0
668950,sa3004776,Quentin Holmes,-0.007041640709687644,1.0
674028,sa1054552,Jeff Houghtby,-0.007041699819522443,1.0
642444,sa736903,Michael De La Cruz,-0.007045635066369405,1.0
689374,sa1170316,Jake Means,-0.007048196795912565,1.0
666177,sa3010008,Carter Aldrete,-0.007050638857826957,1.0
666788,sa917297,Guillermo Granadillo,-0.007050840699584332,1.0
669227,sa3006867,Kendall Simmons,-0.007051100702761789,1.0
686668,25479,Brenton Doyle,-0.007052262566153144,1.0
670877,sa924858,Braulio Vasquez,-0.007053549377479469,1.0
686304,sa3009340,Hansel Otamendi,-0.00705684223576029,1.0
678926,sa3006903,Carlos De La Cruz,-0.007057126938915838,1.0
650819,sa828163,Edison Lantigua,-0.007057663124654975,1.0
678642,sa3005911,Jose Reina,-0.007060958758409626,1.0
672445,sa3003213,Felix Familia,-0.00706782817182158,1.0
682450,sa3006941,Connor McVey,-0.007074559005089161,1.0
683754,sa3008919,Junior Calderon,-0.007075505244355854,1.0
669101,sa3009870,Matthew Acosta,-0.007078618318156368,1.0
642734,sa745012,Ariel Montesino,-0.007082710743560702,1.0
673985,sa915811,Kameron Esthay,-0.007087666182721234,1.0
664371,sa878527,Eddy Reynoso,-0.007088159500689168,1.0
663320,sa3006854,William Hancock,-0.007097669056380746,1.0
682729,26599,Jonatan Clase,-0.007100485039837238,1.0
683061,sa3008851,Alexander Vargas,-0.007105917965888324,1.0
678635,sa3005909,Yoneiry Acevedo,-0.007107381728557953,1.0
681862,sa3008146,Matt Pita,-0.007108383959395004,1.0
677623,sa3006578,Sander Mora,-0.007109001275039911,1.0
678648,sa3005750,Herard Gonzalez,-0.007116049243035605,1.0
686482,25475,Logan Driscoll,-0.0071253712238938775,1.0
660685,sa871434,Jesus Henriquez,-0.007129062267280655,1.0
642296,sa740126,Jesus Atencio,-0.007132137129611375,1.0
666630,sa917304,Henderson Perez,-0.0071380355113170495,1.0
647311,sa876134,Ben Pelletier,-0.0071408507569885125,1.0
669687,sa1170420,Elvis Peralta,-0.007143028437419378,1.0
671286,22530,Johnathan Rodríguez,-0.007143764096712205,1.0
665883,sa917075,Yeison Coca,-0.007147907588684001,1.0
678882,24262,Ceddanne Rafaela,-0.007150375552848531,1.0
659079,sa837670,Julio Garcia,-0.007156222500616282,1.0
681898,sa3006728,Drew Mount,-0.007158050029831879,1.0
680106,sa3007043,Hunter Steinmetz,-0.007159632848683634,1.0
682628,sa3010863,Junior Sanquintin,-0.00716981160491352,1.0
665949,sa917192,Kevin Arias,-0.007173044513407084,1.0
676722,sa3004060,Marcus Chiu,-0.0071756517566405826,1.0
678545,23985,Osleivis Basabe,-0.007176193825460569,1.0
682668,26548,Luisangel Acuña,-0.007176309586168106,1.0
682844,sa3008819,Lazaro Benitez,-0.0071775532197829,1.0
682184,sa3007088,Vinny Esposito,-0.007179903201315106,1.0
667350,sa917351,Fernando Kelli,-0.007181294877933918,1.0
676410,sa3007293,Lee Solomon,-0.007186609452022039,1.0
656575,sa829465,Todd Isaacs,-0.0071878893896672935,1.0
681624,24816,Andy Pages,-0.007189560919737164,1.0
664312,sa880795,Emilio Gustave,-0.007190977037474711,1.0
663749,sa3008293,Zack Kone,-0.007194670127847833,1.0
663517,sa876158,Travis Moniot,-0.007199618679054144,1.0
677602,sa3005489,Antoni Flores,-0.007200356121860988,1.0
682578,sa3007752,Jimmy Smith,-0.007205672604983498,1.0
672654,sa3003281,Luis Arcendo,-0.007206903987690378,1.0
665860,sa917013,Darwin Alvarado,-0.0072112163527938864,1.0
680883,sa3008185,Sean Guilbe,-0.007216884471486098,1.0
642716,sa741552,Raul Wallace,-0.007219103786886608,1.0
680693,sa3007743,Grant Lavigne,-0.007219485437127505,1.0
667713,sa3006661,Cade Harris,-0.007226434521630699,1.0
672858,sa3003364,Edwin Mateo,-0.007229809368073305,1.0
650996,sa830209,Freddy Rodriguez,-0.007231302479341561,1.0
676887,sa3002882,Jeff Moberg,-0.007233922517208755,1.0
679027,sa3006206,Madison Santos,-0.00723472577226918,1.0
669065,26151,Kyle Stowers,-0.007238338873391701,1.0
672625,sa3003269,Yerjeni Perez,-0.007239064797579926,1.0
664867,sa875623,Tyler Sullivan,-0.0072447977557873544,1.0
687668,sa3009570,Yorkislandy Alvarez,-0.007245632479501305,1.0
674383,sa3003419,Francisco Ortiz,-0.00724886012024513,1.0
684222,sa3008929,Jorge Burgos,-0.007250046284607039,1.0
681933,sa3006730,Michael Wielansky,-0.007254228989308578,1.0
669217,sa3010330,Cory Wood,-0.007254303007786504,1.0
672896,sa3002863,Wladimir Chalo,-0.007256508588944791,1.0
669400,sa874194,Michael Tinsley,-0.0072575415851745834,1.0
666196,sa917968,Thomas Jones,-0.007267450751135633,1.0
672355,sa3004266,Alison Quintero,-0.007268320926841401,1.0
676866,sa3004397,Jesus Azuaje,-0.007271066216664561,1.0
676927,sa3004070,Tre Gantt,-0.0072741072619756375,1.0
662928,sa873330,Andres Guerra,-0.0072800584797959875,1.0
676688,sa3004284,Jared Akins,-0.007282620399122459,1.0
680642,sa3005617,Darlin Moquete,-0.007285235391555105,1.0
669667,sa873712,Jay Jabs,-0.007291755798753787,1.0
672602,sa3003257,Frank Veliz,-0.0072973616161485615,1.0
677731,sa3004942,Francisco Hernandez,-0.007299300756290124,1.0
670252,sa918977,Aaron Bond,-0.007301119621688157,1.0
665846,sa916969,Jesús Bastidas,-0.007302431318860176,1.0
660525,sa873540,Stanley Martinez,-0.0073034859776265615,1.0
679303,sa3005786,Osiris Castillo,-0.00730849723037004,1.0
642706,sa737065,Javier Godard,-0.00730966652086968,1.0
665930,sa917466,Gioser Tejeda,-0.007312408125107695,1.0
677583,sa3005480,Marlin Made,-0.00731279679611967,1.0
678902,sa3005583,Alberto Figuereo,-0.007313754749605321,1.0
678746,sa3005759,Diego Hernandez,-0.007316311185263824,1.0
660859,sa917089,Ricardo Cubillan,-0.007320202435346152,1.0
664698,sa875244,Yomar Valentin,-0.007323814744067972,1.0
656666,sa829268,Drew Lugbauer,-0.007331883626925754,1.0
643259,sa737944,Kendall Coleman,-0.007332157496923256,1.0
682722,sa3008784,Isaac De León,-0.007336904354671655,1.0
678267,sa3006592,Luis Milla,-0.007339742894688243,1.0
669309,22254,Joe Perez,-0.007349730918396271,1.0
682808,sa3008812,Anthony Espinoza,-0.0073513954264994505,1.0
681636,sa3005797,Pedro Martinez Jr.,-0.007355131613054285,1.0
681186,sa3007058,Dionys Vallejo,-0.007355438658006249,1.0
677624,sa3005725,Jesus Orecchia,-0.007356025338814726,1.0
685718,sa3008948,Albert Inoa,-0.007358963198144129,1.0
682621,sa3008744,Gabriel Rodriguez,-0.007359958211009893,1.0
672845,sa956378,Yorbin Ceuta,-0.007360021859524481,1.0
680631,sa3005942,Oneill Manzueta,-0.007364213049222093,1.0
657276,sa3007785,Daniel Wasinger,-0.0073664536737719786,1.0
680585,sa3005790,Edgar Martinez,-0.007371584823496143,1.0
666681,sa917171,Victor Tademo,-0.007373511591220978,1.0
679765,sa3008295,Drew Fregia,-0.007373557873906127,1.0
683539,sa3008887,Cristopher Barete,-0.007373681446614617,1.0
665921,sa917341,Henry Pujols,-0.0073752203219371,1.0
684495,sa3008937,Dyron Campos,-0.007384096442222695,1.0
671080,sa3004046,Jeremy Arocho,-0.007387034588339217,1.0
682616,sa3008742,Diego Cartaya,-0.007391274673082788,1.0
672786,sa3002858,Bryan Torres,-0.007400931222338213,1.0
680782,sa3007644,Matt Morrow,-0.007401855995002468,1.0
670278,sa918877,Markel Jones,-0.0074018699170957415,1.0
677628,sa3005727,Luis Rodriguez,-0.007402564598681512,1.0
680636,sa3007513,Ramon Mendoza,-0.007404517598352134,1.0
663494,21464,Bryan Torres,-0.007406009460468539,1.0
670030,sa917991,Kole Enright,-0.007411023054684076,1.0
686887,sa3010161,Chris Givin,-0.007415576547339407,1.0
682836,sa3008229,Dalton Hoiles,-0.00741690952314531,1.0
682864,sa3008824,Aiverson Rodriguez,-0.0074210144055731515,1.0
468205,sa201393,Adan Munoz,-0.007422106470467418,1.0
682801,sa3008808,Noelberth Romero,-0.007423988172749089,1.0
657020,sa829083,Zach Sullivan,-0.007424050225171627,1.0
664878,sa875830,Steve Laurino,-0.007426248973717956,1.0
664844,sa827145,Tucker Tubbs,-0.007427693995648325,1.0
682881,sa3008831,Angel Cruz,-0.007429061119428735,1.0
678801,sa3005563,Jhoan Paulino,-0.007430023820752193,1.0
495992,sa509432,Ricardo Vazquez,-0.007430329458295972,1.0
680854,sa3006221,Junior Gonzalez,-0.007430859675854316,1.0
677647,sa3004979,Eddy Diaz,-0.0074330890841009835,1.0
687478,25688,Cam Devanney,-0.007434600211077908,1.0
678860,sa3005776,Oscar Gonzalez,-0.007434829660655473,1.0
682889,sa3008834,Wilmin Candelario,-0.007436000776111489,1.0
682662,sa3009534,Rafael Morel,-0.007437114897030216,1.0
663449,sa876308,Kevin Santiago,-0.007437573055333373,1.0
645280,sa828151,Jose Caraballo,-0.0074381321754290195,1.0
682187,sa3007089,Nick Ward,-0.0074397057022364925,1.0
672537,sa3005712,Dalvy Rosario,-0.007443603830447867,1.0
668784,sa918089,Ulysses Cantu,-0.0074487727273866875,1.0
683606,sa3009312,Cesar Aponte,-0.00745430471655659,1.0
663448,sa875028,Chad Smith,-0.007454314465808488,1.0
667230,sa920171,Victor Ngoepe,-0.007455835616345455,1.0
682647,sa3008758,Omar Florentino,-0.007459448256771781,1.0
676824,sa3004394,Yahir Gurrola,-0.007464366092378325,1.0
672642,22766,Steward Berroa,-0.007465609691421068,1.0
682868,25621,Bryan Ramos,-0.0074694411011482845,1.0
666127,sa918086,Luis Curbelo,-0.007473036222973503,1.0
673371,sa3003399,Roger Marmol,-0.007476676271753622,1.0
681861,sa3007319,Kevin Melendez,-0.007477632571543561,1.0
678499,sa3006185,Randy Romero,-0.007479830003706235,1.0
678482,sa3005741,Cesar Rodriguez,-0.007482920562021049,1.0
656987,sa829551,Logan Sowers,-0.007483337884871755,1.0
672831,sa3002711,Nicolas Torres,-0.007483602174732103,1.0
682714,sa3008782,Yoander Rivero,-0.0074870256327664655,1.0
682637,sa3009275,Eduardo Lopez,-0.007488001711847284,1.0
677572,sa3005715,Alvaro Gonzalez,-0.007488371794788208,1.0
688760,25714,Blaine Crim,-0.00748884869658058,1.0
676676,sa3004950,Donivan Williams,-0.007489646980732099,1.0
678851,sa3006202,Manuel Garcia,-0.007497215960258587,1.0
677597,sa3005484,Roberto Chirinos,-0.007500492997109406,1.0
666040,sa882090,Christian Cavaness,-0.007502148851398489,1.0
678798,sa3005561,Jose Rivas,-0.00750380403267813,1.0
683504,sa3008879,Deivis Nadal,-0.007509383920762471,1.0
681087,sa3007944,Luke Jarvis,-0.007518444941263386,1.0
682636,sa3008754,Alejandro Pie,-0.007521960609008109,1.0
683500,sa3008878,Maikol Escotto,-0.007522048829102939,1.0
530067,sa826651,Jose Alejandro Gonzalez,-0.0075220647054145655,1.0
660524,sa872795,Felix Fernandez,-0.007522718497392164,1.0
663923,sa3007633,Brendt Citta,-0.007531497256468098,1.0
678664,sa3005752,Jim Caceres,-0.007534067900548214,1.0
682770,sa3008801,Victor Diaz,-0.00754052809528031,1.0
676716,sa3003434,Bryce Brown,-0.007541317872351557,1.0
656022,sa828231,Luis Joseph,-0.007542706390387521,1.0
667760,sa917443,Kendy Moya,-0.007549751917708885,1.0
678321,sa3005734,Luis Andujar,-0.0075526086475017525,1.0
679734,sa3005598,Julio Carreras,-0.007554969379587197,1.0
660704,sa872784,Henderson De Oleo,-0.007563204207216134,1.0
658643,sa831745,Orlando Marquez,-0.007570016269826876,1.0
666906,25569,Jake Alu,-0.007570361885694203,1.0
650709,sa828542,Dionis Paulino,-0.007570487260924252,1.0
673652,sa3003409,Jose Guardo,-0.007571660900622571,1.0
678475,sa3005520,Jose Colon,-0.007574432564442846,1.0
682452,sa3008740,Cesar Berbesi,-0.007575744556105143,1.0
682115,sa3006930,Russ Olive,-0.007580016673643591,1.0
683748,25999,Victor Mesa Jr.,-0.007580435946482771,1.0
660569,sa872509,Marcos Rivera,-0.007581862850949837,1.0
680643,sa3008469,Juan Mora,-0.00758325653045527,1.0
668664,sa3010845,Chase Strumpf,-0.0075848099930449775,1.0
665911,sa917084,Albert Guaimaro,-0.007586497108226114,1.0
680771,sa3007050,Mateo Gil,-0.007587134488102158,1.0
675964,sa3004505,Erik Ostberg,-0.007593688114661498,1.0
677592,23695,Everson Pereira,-0.007593845098709064,1.0
673064,sa3007023,Alex Hall,-0.007597233309266712,1.0
682648,sa3008759,Juan Guerrero,-0.0075976019854065435,1.0
660548,sa872776,Jesus Morales,-0.007602296568788872,1.0
650720,sa828126,Ricardo Ferreira,-0.007609545470280717,1.0
678391,23917,Jorbit Vivas,-0.007616440532733526,1.0
669069,sa3011467,Cam Cannon,-0.007616873227836593,1.0
657128,sa3006851,Billy Wilson,-0.0076178873761721146,1.0
686555,25477,Isaac Collins,-0.007619189241440193,1.0
676572,23395,Eric Wagaman,-0.007620342154944298,1.0
502570,10533,Rocky Gale,-0.007622623184765618,4.1389899253845215
687882,sa1170495,Hill Alexander,-0.007627043963985931,1.0
669730,sa918198,Kevin Lachance,-0.007628932282711113,1.0
682917,sa3008838,Jaswel De Los Santos,-0.007628999840992013,1.0
672713,sa3003300,Steven Fana,-0.007632169497251845,1.0
680393,sa1053075,Marty Bechina,-0.007633119884812094,1.0
682226,sa3007790,Cole Kreuter,-0.007634530085616389,1.0
666791,sa917120,David Lozano,-0.007639023718633647,1.0
678876,sa3005578,Angel Rojas,-0.00764429535385935,1.0
665914,sa917068,Daniel Montano,-0.007646321776884497,1.0
672767,sa3003330,Deury Carrasco,-0.007651041238104863,1.0
650887,sa828382,Wadye Ynfante,-0.007651503713037127,1.0
673963,sa3008050,Zach Rheams,-0.007653633351244719,1.0
672830,sa3003351,Yeikel Blandin,-0.0076613085784946015,1.0
687859,26143,Troy Johnston,-0.007664920135152626,1.0
680799,sa1115752,Seth Gray,-0.00766501510856088,1.0
672657,sa3003283,Angel Lopez,-0.007666439232515528,1.0
672627,sa3002703,Jose Curpa,-0.007667698674178117,1.0
645310,sa829108,Junior Soto,-0.007674267707515975,1.0
687799,25505,Cade Marlowe,-0.00767460476743213,1.0
665841,sa917109,Jhosner Vargas,-0.007677396433544224,1.0
687957,25705,Dustin Harris,-0.007681733859530177,1.0
679754,sa3005603,Alberto Rodriguez,-0.0076820919916913265,1.0
673863,sa3007025,Zach Malis,-0.007684753359952926,1.0
675843,sa3003425,Miller Chacon,-0.0076850457285115555,1.0
676773,sa3002879,Brandon Benson,-0.007686070424300744,1.0
684890,sa3008616,D.C. Arendas,-0.007687816987458051,1.0
682090,sa3007326,Gionti Turner,-0.007688353565789282,1.0
677622,sa3005724,Darlyn Del Villar,-0.0076885738749113836,1.0
678006,sa3008590,Nick Decker,-0.007688946872841241,1.0
660626,sa873482,Antonio Arias,-0.0076926082826241984,1.0
650849,sa826675,Greifer Andrade,-0.007695017597174427,1.0
687499,sa3010892,Jack Strunc,-0.007698281822513791,1.0
682252,sa1115804,Shane Selman,-0.007699225133102498,1.0
660553,sa872563,Danienger Perez,-0.007702911094458361,1.0
622805,sa657563,Ignacio Valdez,-0.007706416214912267,1.0
679751,sa3005602,Danny Bautista Jr.,-0.007708537810850246,1.0
683766,27653,Christian Koss,-0.007708791303787446,1.0
677627,sa3006179,Jose Zapata,-0.007710202976213121,1.0
683550,sa3008890,Marcos Cabrera,-0.007711601865205253,1.0
677605,sa3006888,Luis Verdugo,-0.007712541858052185,1.0
672395,sa3002845,Hector Martinez,-0.007713601268008515,1.0
680763,sa3006911,Eric De La Rosa,-0.007716595324122074,1.0
680662,sa3005792,Wilson Valdez,-0.007717209103638167,1.0
672457,sa3003216,Amador Arias,-0.007724419311830544,1.0
664215,sa875642,Zach Nehrir,-0.007724913080236608,1.0
670769,sa3004045,Nick Feight,-0.007726438256571325,1.0
682927,25346,Ronny Simon,-0.007730040305886053,1.0
678760,sa3005554,Eddys Leonard,-0.007733192709231004,1.0
678668,sa3006077,Jenderson Jardines,-0.007736793512344149,1.0
667327,sa916731,Luis Avalo,-0.007736942995397071,1.0
650857,sa828232,Onil Pena,-0.007737048057260356,1.0
683529,sa3008883,Milkar Perez,-0.00774093725439837,1.0
661410,sa872853,Ramfis Berroa,-0.0077430299810964465,1.0
673983,sa1170619,Josh Bissonette,-0.007748751040496646,1.0
660591,sa872529,Jefrey Souffront,-0.007768875227055622,1.0
676513,sa3010016,Joab Gonzalez,-0.007770521169416473,1.0
686397,sa3009343,Benyamin Bailey,-0.007770601303409508,1.0
687066,27698,Eric Yang,-0.007770775243502456,1.0
676765,sa3004622,Jonathan Pryor,-0.007776754561730413,1.0
677127,sa3005165,Jose Quezada,-0.00777950994481973,1.0
672609,sa3003260,Jimmy Mojica,-0.007782332017648358,1.0
672802,sa3003340,Jean Carmona,-0.007787017375061395,1.0
669155,sa3010011,Brandon White,-0.007791008521741746,1.0
689115,sa3010721,Cam Coursey,-0.0077941103374887105,1.0
678021,sa3007640,Nicholas Northcut,-0.007797260901840849,1.0
662013,sa3003948,Justin Smith,-0.0077990889188261124,1.0
681642,sa3008145,Orlando Zapata,-0.0078024418472212136,1.0
669232,sa918209,Chad McClanahan,-0.007802461842652405,1.0
678869,sa3005778,Olivber Moreno,-0.007807880397002821,1.0
543308,12547,John Hicks,-0.0078090945785048715,13.01930046081543
663622,sa3007011,Jackson Lueck,-0.007820419954694194,1.0
672799,sa3003339,Hugo Cardona,-0.007821928487969983,1.0
656425,sa3009865,Clay Fisher,-0.007825662351295826,1.0
680968,sa3006915,Cesar Trejo,-0.007833871494046931,1.0
642464,sa737085,Cesar Gonzalez,-0.007835998400508446,1.0
669122,sa3005236,Kennard McDowell,-0.007838457246362365,1.0
668558,sa913717,Juan Zabala,-0.007841084566445087,1.0
647331,sa875381,Eric Senior,-0.007841422566021307,1.0
679589,sa3007642,Fernando Villegas,-0.007843515300004624,1.0
670162,sa3003180,Hagen Owenby,-0.007845689899849623,1.0
678395,sa3005737,Martin Olivas,-0.007847410583095658,1.0
642131,sa3006845,Marshawn Taylor,-0.007852071342825787,1.0
683563,sa3008892,Juan Jerez,-0.00785251137038383,1.0
685106,sa3010158,Zach Biermann,-0.007852692475699363,1.0
646718,sa833333,Moises Bello,-0.00785469492260387,1.0
685744,26244,Kenedy Corona,-0.007855912781475839,1.0
669236,22239,Jeremiah Jackson,-0.007863048374680062,1.0
649810,sa872729,Dariel Gomez,-0.007863066111169412,1.0
683247,sa3009296,Moises Ramirez,-0.007865759411377161,1.0
605612,14691,Harold Castro,-0.007865790263522947,40.83729934692383
678416,sa3005516,Dahiandy Johnson,-0.007866151989182772,1.0
682751,sa3008793,Jeferson Espinal,-0.00786882809352243,1.0
687852,sa1169881,Zac Ching,-0.007870306894513991,1.0
681822,sa3007316,Jake Brodt,-0.00787457574451235,1.0
650701,sa828197,Ricardo Cespedes,-0.00787487214109358,1.0
678854,sa3005775,Viandel Pena,-0.007876885854958875,1.0
672743,sa3003315,Luis Rojas,-0.007880145531063025,1.0
657329,sa828118,Jeyson Sanchez,-0.007881780457567754,1.0
677581,sa3005479,Cesar Idrogo,-0.007881897271907303,1.0
682646,sa3010023,Jairo Pomares,-0.007882052965083229,1.0
678823,sa3005568,Enrique Valdez,-0.007883506982010902,1.0
625070,sa694155,Antonio Rodriguez,-0.007889219968370654,1.0
682264,sa3007095,Andrew Warner,-0.007890323515555103,1.0
676011,sa3004725,Alvaro Montero,-0.00789034835634873,1.0
682560,sa3007530,Kiki Menendez,-0.007891361845213048,1.0
687470,sa1170749,Chandler Redmond,-0.007903766800424494,1.0
656461,sa3006849,Joe Gillette,-0.007903803518411584,1.0
676108,sa3005128,LG Castillo,-0.007906080061832431,1.0
656824,sa3008138,Isaiah Pasteur,-0.007910690221361942,1.0
681515,sa3007310,Kenen Irizarry,-0.007921416260769674,1.0
682879,sa3008829,Yoan Bravo,-0.007921556064671806,1.0
665988,sa917091,Luis Hernandez,-0.007921596914422409,1.0
677591,sa3006886,Jelfry Marte,-0.007921832577652683,1.0
678627,sa3006076,Deivi Estrada,-0.007922050192011896,1.0
595981,14453,Scott Heineman,-0.007922194711401803,39.81959915161133
672475,sa3002696,Alexander Hernandez,-0.007929550001676031,1.0
686674,sa3010033,Jake Randa,-0.007931095206720922,1.0
666001,sa917005,Ildemaro Escalona,-0.007931175730354859,1.0
656276,sa3002832,Austin Bush,-0.007932994690467321,1.0
682198,sa3007881,Matt McGarry,-0.007939711101297414,1.0
688030,sa3009895,Joe Aeilts,-0.00794174959367612,1.0
682818,26664,Yohendrick Piñango,-0.007944686539748757,1.0
678222,sa3007037,Angel Solarte,-0.00794529577853548,1.0
682653,26536,Warming Bernabel,-0.007945978911557114,1.0
685776,sa3008952,Stiven Acevedo,-0.007949201919848613,1.0
663486,sa3007006,Nick Gatewood,-0.007956999026298177,1.0
678873,sa3006079,Andres Gari,-0.007960949743288613,1.0
663509,sa875596,Jimmy Barnes,-0.007961151618031497,1.0
672775,sa3003331,Ghordy Santos,-0.007963209488782569,1.0
665994,sa917110,Cristhian Pedroza,-0.007974842470096492,1.0
687823,sa1169950,Aaron Shackelford,-0.007976928590088347,1.0
676837,sa3004063,Luis Roman,-0.00797847407239094,1.0
670112,sa918406,Anthony Villa,-0.007982473047370596,1.0
668872,sa918282,Manny Jefferson,-0.007982861243717145,1.0
670262,sa918863,Matt Brooks,-0.007985269609352058,1.0
663761,sa3010635,Joe Davis,-0.007986646588979615,1.0
677584,sa3005481,Wilfri Peralta,-0.007992679052317389,1.0
687331,sa1159899,Quincy McAfee,-0.007994591907434116,1.0
680698,sa3008250,Charles Mack,-0.007996306648775101,1.0
667607,sa917059,Shael Mendoza,-0.007997075700322924,1.0
672658,sa3003284,Roimer Bolivar,-0.007998281133173205,1.0
678658,sa3005751,Braian Fernández,-0.007999002250725754,1.0
677610,sa3006889,D'Shawn Knowles,-0.008002075919863249,1.0
663784,sa3003949,Keshawn Lynch,-0.008010826063870557,1.0
664981,sa3006862,Jordan Verdon,-0.008019188848817395,1.0
681177,sa3006676,Samil Polanco,-0.008029231724710144,1.0
665715,sa917196,Jose Sibrian,-0.00803105653966181,1.0
665798,sa917329,Ronny Brito,-0.008031955862212524,1.0
669096,sa3010588,Kona Quiggle,-0.008032262957556576,1.0
678419,sa3005740,Diowill Burgos,-0.008033122401188924,1.0
672740,sa3002625,Victor Heredia,-0.008035100185816275,1.0
677603,sa3005721,Juan Querecuto,-0.008036949276894283,1.0
642728,sa745014,Offerman Collado,-0.00803713609124819,1.0
665775,sa917178,Mc Gregory Contreras,-0.008043374332309039,1.0
678285,sa3005500,Fabian Pertuz,-0.008044323532759159,1.0
668568,sa917754,Miguel Jerez,-0.00805074189609516,1.0
651016,sa1169978,Matt Lloyd,-0.00805273902007891,1.0
670864,sa3003184,Yerdel Vargas,-0.008056433779003908,1.0
665893,sa917081,Ronaldo Pulgar,-0.00807043428844582,1.0
678584,sa3006187,Jose Acosta,-0.008071927467724588,1.0
665707,sa916733,Aaron Familia,-0.00807217217148843,1.0
672885,sa187955,Gaspar Palacio,-0.008073402073075123,1.0
678881,sa3005931,Neyfi Marinez,-0.008075695553187717,1.0
670199,sa3009872,Quin Cotton,-0.008080003669525833,1.0
680690,sa3008249,Korey Holland,-0.008081696768911564,1.0
666621,sa917355,Luis Diaz,-0.00808784945929792,1.0
650837,sa828272,Luis Asuncion,-0.008091887979646498,1.0
673036,sa3004053,Miguel Perez,-0.008093095624447304,1.0
676665,sa3004511,Andre Colon,-0.008098404654259834,1.0
672532,sa3002699,Juan Herrera,-0.008101759912343354,1.0
683577,sa3008895,Charlis Aquino,-0.008113071386260388,1.0
678829,sa3005771,Luis Paez,-0.008116263076773489,1.0
683616,sa3008907,Rodolfo Nolasco,-0.00811749966424437,1.0
676971,sa3004072,Michael Cooper,-0.008118351330519965,1.0
670439,sa918610,Nick Hill,-0.008119399283323593,1.0
687529,25690,Grant McCray,-0.008119972979160485,1.0
643246,sa738974,Brock Carpenter,-0.008120789225612868,1.0
676734,sa3003967,Julio Gonzalez,-0.008123268719004886,1.0
659161,sa839988,Griffin Garabito,-0.008129481060837013,1.0
679739,sa3005601,Jose Guzman,-0.008132819820476225,1.0
672759,sa3004384,Brayan Gonzalez,-0.00813701330905954,1.0
660642,sa872783,Cristopher Cespedes,-0.008138749728924801,1.0
670279,sa919007,Austin O'Banion,-0.008139227484481738,1.0
657618,sa829468,Tra Holmes,-0.008142917710403503,1.0
672576,sa3003244,Edgar Made,-0.008143463838214089,1.0
656925,sa3007821,Liam Sabino,-0.008143577134892888,1.0
678785,sa3005556,Angel Maita,-0.008145213846826201,1.0
656040,sa829438,Juan Barriento,-0.00814779755131198,1.0
650542,sa827213,Keyder Aristigueta,-0.008152384565740852,1.0
641976,sa875194,Mitch Piatnik,-0.008153700476155837,1.0
683429,sa3008861,Darimen Mora Jr.,-0.008156032835573996,1.0
682515,20626,Logan Porter,-0.008167239110719201,1.0
677596,sa3005483,Danny Diaz,-0.008168850988414928,1.0
680575,sa3006668,Brett Kinneman,-0.008172381047303893,1.0
657691,sa829543,DeAires Moses,-0.008173050255712157,1.0
688327,sa3010343,Yorvis Torrealba,-0.008177516203458654,1.0
669274,sa3008341,Edmond Americaan,-0.008182217806218665,1.0
670922,sa923363,Saul Torres,-0.008192172120060383,1.0
672823,sa3003347,Sebastian Espino,-0.008195759728626111,1.0
677121,sa3005241,Jothson Flores,-0.008196070243642956,1.0
667364,sa917417,Sebastian Ochoa,-0.008196953872923761,1.0
660531,sa873196,Raymond Pena,-0.008198502067826716,1.0
675845,sa3003426,Rochest Cruz,-0.008201377574536418,1.0
682957,sa3008847,Jhonnys Cabrera,-0.008209279330351732,1.0
677215,sa3004403,Ryan Tufts,-0.008211871772004118,1.0
671285,sa3004265,Terry Fuller,-0.008213659136288184,1.0
671055,sa3003190,Erik Pena,-0.00821556908154216,1.0
678732,sa3005758,Adonis Figuereo,-0.008216983077691411,1.0
672408,sa3002694,Julio Francisco,-0.008217597113600636,1.0
681831,sa3007065,Willie Joe Garry Jr.,-0.008218575580802908,1.0
666659,21922,Sauryn Lao,-0.008229275454671777,1.0
678477,sa3005521,Yhostin Chirinos,-0.008230066788336966,1.0
683408,sa3010154,Darryl Collins,-0.008233229761242616,1.0
684852,sa3008942,Geraldo Quintero,-0.008235934430323135,1.0
667826,sa919019,Borinquen Mendez,-0.008244205412977431,1.0
673256,sa3003391,Wilbert Garcia,-0.008247011810654202,1.0
666631,sa917640,Herson Perez,-0.008250088625988593,1.0
650441,sa828255,Leandro Santana,-0.008254826014552099,1.0
677601,sa3005488,Keyber Rodriguez,-0.008257575965218658,1.0
687055,sa3009886,Zach Ashford,-0.008264261505256738,1.0
672900,sa3003374,Matthew Mercedes,-0.0082712664934603,1.0
658550,sa872798,Juan Pineda,-0.008272744382115421,1.0
679681,sa3006665,Luke Becker,-0.00827690294868873,1.0
666165,25805,Blake Sabol,-0.008278624171727951,1.0
669015,sa3006866,Caberea Weaver,-0.008283363162439238,1.0
683649,sa3009794,Angeudis Santos,-0.00830028779353293,1.0
679799,sa3006081,Edwin Peralta,-0.008300834011212222,1.0
681868,sa3007975,Ezequiel Pagan,-0.008308525470142634,1.0
678900,sa3005781,Alexander Ovalles,-0.008309692078629206,1.0
665983,sa917142,Kelvin Alarcon,-0.008311314293569017,1.0
672574,sa3003243,Rehybell Perozo,-0.008312694420818549,1.0
678835,sa3005772,Wilfrido Matos,-0.008315090371033961,1.0
683581,sa3008896,Jose Berroa,-0.00832095818304587,1.0
686492,sa3010594,Nate Fassnacht,-0.00832774548442268,1.0
666640,sa918114,Peterson Plaz,-0.008330422051186389,1.0
684708,sa3008940,Lazaro Leal,-0.008331296689715155,1.0
665133,sa873985,Frank Crinella,-0.008331395067676016,1.0
660760,sa872452,Elvis Sabala,-0.008336615233852734,1.0
673744,sa3003411,Jose Palma,-0.00833787897659341,1.0
672882,sa3002862,Ismael Alcantara,-0.008342686015097286,1.0
676075,sa3007291,Abdiel Layer,-0.008345578192084504,1.0
672527,sa3003231,Jeison Rijo,-0.008346060770479117,1.0
672533,sa3003232,Axel Aleixo,-0.008346243787934988,1.0
666810,sa917462,Alfredo Balbuena,-0.008353648020087364,1.0
683465,sa3009301,Bryan Matute,-0.008353936562516193,1.0
678850,sa3005575,Norkis Marcos,-0.008355350287791139,1.0
650429,sa828257,Valentin Martinez,-0.008355742284963903,1.0
665927,sa917151,Reniel Ozuna,-0.008356591056780278,1.0
678972,sa3005782,Elvin De Jesus,-0.008359394197747439,1.0
683447,sa3008865,Gabriel Martinez,-0.008361664687072022,1.0
666643,sa917343,Ronny Dominguez,-0.008365957455612083,1.0
665934,sa917464,Jose Pereira,-0.008366099461336936,1.0
669252,sa918288,Jonah McReynolds,-0.008369122925492266,1.0
676948,sa3004399,William Gorman,-0.008370749574259543,1.0
679741,sa3007874,Wilderd Patiño,-0.008371624778240366,1.0
664575,sa880735,Jeremy Fernandez,-0.008372755063693452,1.0
663858,sa3011224,Antoine Duplantis,-0.008383980831125213,1.0
678836,sa3005571,Federico Polanco,-0.008386690731325377,1.0
682758,sa3008797,Luis Rubio,-0.008387490452248729,1.0
682878,sa3008828,Mishael Deson,-0.008397352320365974,1.0
666618,sa917161,Rafael Rincones,-0.008406117036114526,1.0
669918,sa3010852,Jeremy Ydens,-0.008409398172380293,1.0
683481,sa3010026,Nerwilian Cedeño,-0.008410181178774127,1.0
677642,sa3005491,Givaine Basilia,-0.008415382246200864,1.0
670879,sa930082,Victor De Hoyos,-0.008416363116036541,1.0
660354,sa872475,Brian Sanchez,-0.008419158737445481,1.0
672444,sa3003212,Ricardo Verenzuela,-0.008420853219964816,1.0
680894,sa3006913,Lency Delgado,-0.008423765594583677,1.0
685438,sa3009820,Franklin Linares,-0.008424258603503529,1.0
672709,sa3003299,Roberto Molina,-0.008426263942583258,1.0
676978,sa3004300,Dan Swain,-0.008432509299551666,1.0
669090,sa3010271,Jack Stronach,-0.008444968087106715,1.0
674043,sa3004151,Roman Garcia,-0.008444968469140442,1.0
660755,sa872802,Jose Rivero,-0.008450322239450157,1.0
686781,sa3010035,Brandon Lewis,-0.00845290491467254,1.0
673656,sa3003410,Deybert Lozano,-0.008457558738244785,1.0
672822,sa3003346,Yowelfy Rosario,-0.00846587794121096,1.0
679663,sa3011469,Stephen Scott,-0.008472014099015112,1.0
681593,sa3007749,Johendry Vasquez,-0.008472840614837194,1.0
683483,sa3009193,Bradly Encarnacion,-0.00847321957780588,1.0
668588,sa3002621,Caldioli Sanfler,-0.008473796145033002,1.0
678807,sa3005565,Carlos Santiago,-0.008473881067320985,1.0
683146,26123,Brett Baty,-0.008475833972986305,1.0
670116,sa918444,Evan Alexander,-0.008487883480204291,1.0
660596,sa871446,Jose Salas,-0.008492403142679995,1.0
650954,sa828294,Jose Almonte,-0.008499926475164787,1.0
678723,sa3005757,Carlos Paraguate,-0.00850071966860402,1.0
657078,sa829688,Brandon Vicens,-0.008501238662746147,1.0
683399,sa3010873,Jose Baez,-0.008503255560220684,1.0
672752,sa3003321,Samuel Jorge,-0.0085102504116632,1.0
684220,sa3008928,Smith Vargas,-0.00852632673351187,1.0
676998,sa3002885,Brandon Polizzi,-0.008528393275818964,1.0
682947,sa3008845,Jose Ramos,-0.008531090200272377,1.0
665705,sa917198,Luis Avila,-0.00853593011940566,1.0
684219,sa3008927,Densi Meli,-0.008536152031273888,1.0
683083,25979,Nasim Nuñez,-0.008536712527203512,1.0
672842,sa3003356,Francis Florentino,-0.00855011937121904,1.0
678761,sa3005760,Widimer Joaquin,-0.0085550906986024,1.0
682639,sa3009190,Freddy Valdez,-0.008558445837995421,1.0
674971,sa3002868,Daniel Jipping,-0.008559797945831213,1.0
656182,sa3007000,Kwan Adkins,-0.008560875922232078,1.0
681531,sa3006677,Jacson McGowan,-0.008561170724358528,1.0
668545,sa917116,Raul Beracierta,-0.008562376118942895,1.0
673861,sa3006874,Ian Evans,-0.008562924758327244,1.0
676062,sa3004620,Santis Sanchez,-0.008570816729908622,1.0
678715,sa3005547,Luis Silva,-0.008574298558342588,1.0
669026,sa3010849,Ryan Reynolds,-0.008574458710256076,1.0
681558,sa3007313,Adrian Ramos,-0.008575216936977794,1.0
678676,sa3005914,Jose Peralta,-0.008575888937044855,1.0
688437,sa3010280,Jake Hoover,-0.008578601747676103,1.0
682887,sa3008833,Andres Monzon,-0.008582976482916421,1.0
678659,sa3005540,Eynar Machin,-0.008584271795724196,1.0
683656,sa3008913,Luis Tejeda,-0.008585453878411992,1.0
666598,sa916720,Jose Bermudez,-0.00859078493087388,1.0
680501,sa3006907,Rhett Aplin,-0.008592448822783462,1.0
687382,sa3010888,Chad Bell,-0.008592709557237174,1.0
669868,sa3003178,Reyny Reyes,-0.008592956672596637,1.0
678877,24257,Jhonkensy Noel,-0.008607381761888199,1.0
687862,sa1169818,Cody Milligan,-0.008609431232894569,1.0
665960,sa917322,Luis Rodriguez,-0.0086124783755362,1.0
678748,sa3005552,Luis Mota,-0.008615658627684385,1.0
657633,sa829540,Denis Karas,-0.008618166195198253,1.0
684580,sa3011263,Jake Guenther,-0.008621100547506984,1.0
678291,sa3005733,Vladimir Echavarria,-0.008626767716860759,1.0
683058,sa3009542,Isaac Bellony,-0.008636777865551996,1.0
682214,sa3006940,Matthew Jarecki,-0.008638966054225008,1.0
681715,24878,Heriberto Hernández,-0.00865046233634902,1.0
672837,sa3003355,Emir Velasquez,-0.008653886245686162,1.0
678918,sa3006901,Darling Florentino,-0.008655646782993433,1.0
672907,sa3004269,Joseph Reyes,-0.00865922157950938,1.0
680383,sa3005402,Trevor Abrams,-0.008666619582107108,1.0
681629,sa3005626,Nestor Heredia,-0.008670459787499845,1.0
670379,sa918498,Jansiel Rivera,-0.0086731894500473,1.0
682767,sa3008800,Pedro Mota,-0.008673607471264427,1.0
669702,sa918911,Armani Smith,-0.008674653571885396,1.0
650691,sa827978,Franly Mallen,-0.008679640422727529,1.0
682685,sa3008771,Cristian Gonzalez,-0.008680062601862205,1.0
686469,27676,Vinnie Pasquantino,-0.008683330939435005,1.0
673882,sa3003413,Freddvil Chevez,-0.008684403767115708,1.0
680843,sa3005793,Guarner Dipre,-0.008684405578766253,1.0
678910,sa3005584,Alberis Ferrer,-0.008688515294462795,1.0
672700,sa3003294,Asdrubal Alvarez,-0.008689384553755921,1.0
682764,sa3008798,Michael James,-0.008690629584610969,1.0
666517,sa917188,Luvin Valbuena,-0.008690773660250409,1.0
678592,sa3005527,Rainier Rivas,-0.008691047115163705,1.0
678749,sa3005553,Hector Leon,-0.008692156893606202,1.0
672500,sa3003224,Julio De La Cruz,-0.008694864093259619,1.0
594838,10953,Phil Gosselin,-0.008697948591910882,21.472700119018555
676954,sa3004299,Ryan Garcia,-0.008699114753976554,1.0
672825,sa3003349,Christopher Rodriguez,-0.008702489715573709,1.0
666611,sa917164,Marcos Estevez,-0.00870315550985299,1.0
673278,sa3003392,Walner Espinal,-0.008716877319101913,1.0
674161,sa915803,Kyle Watson,-0.00872040635065991,1.0
680858,sa3008378,Albert Jerez,-0.00872515713414012,1.0
669694,sa918007,Joey Rose,-0.008726593604718277,1.0
686773,sa1170615,Max Smith,-0.008728577076376573,1.0
666795,sa917113,Eulises Sanchez,-0.008729634998440618,1.0
665816,sa917802,Nolan Perez,-0.008734038804401632,1.0
660905,sa872518,Yovanny Cuevas,-0.008739601905215208,1.0
672892,sa3002633,Alberoni Nunez,-0.008746069078753825,1.0
666696,sa920744,Victor Alfonso,-0.008760261648807013,1.0
677221,sa3004524,Hunter Jarmon,-0.008767313162855322,1.0
681864,sa3007067,George Bell,-0.008773781039322748,1.0
665872,sa917296,Gregory Guerrero,-0.008776209622707289,1.0
670392,sa918512,Griffin Benson,-0.008777826913369577,1.0
669898,sa3011414,Andrew Daschbach,-0.008788441865361884,1.0
680597,sa3005940,Flemin Bautista,-0.008791087576044791,1.0
684221,sa3009559,Ezequiel Alvarez,-0.0087917465554363,1.0
670205,sa3008109,K.V. Edwards,-0.008791875685233801,1.0
678687,sa3005543,Emilson Rosado,-0.00879521549469136,1.0
642069,sa738714,JaVon Shelby,-0.008798304550352978,1.0
687554,sa3010043,DJ Gladney,-0.008802058769738896,1.0
665827,sa916997,Harvin Mendoza,-0.008809368975483532,1.0
669911,25845,Michael Toglia,-0.008809868300290066,1.0
687466,sa3010041,Harrison Freed,-0.008810419910185779,1.0
650390,sa826653,Luis Hidalgo,-0.008813719497225614,1.0
675982,sa3005151,Kevin Watson Jr,-0.008820173419514316,1.0
681615,sa3005623,Johan Liberato,-0.00882241090535087,1.0
670208,sa918983,Matt Fraizer,-0.00882726192205171,1.0
666671,sa917491,Gerardo Nunez,-0.008829491361476517,1.0
678706,sa3006900,Reivaj Garcia,-0.008831352002151537,1.0
593528,12174,Jorge Bonifacio,-0.008833147475233241,30.058300018310547
674665,sa3006663,Brian Sharp,-0.00883630693158096,1.0
642002,sa738683,Michael Reed,-0.008840419213342823,8.449830055236816
678373,sa3005902,Edangel Tovar,-0.008840686238312228,1.0
682942,sa3008842,Alex De Jesus,-0.008842868228224183,1.0
678697,sa3005545,Daniel Castillo,-0.008848061805901693,1.0
666014,sa917148,Danielito Remy,-0.008855489721556302,1.0
683619,sa3009761,Luis Castillo,-0.008857801377104714,1.0
683556,sa3008891,Angel Geraldo,-0.008858636584568508,1.0
663744,sa875232,Nick Shumpert,-0.008860158686251313,1.0
660791,sa872449,Jorgen Rosas,-0.008869923364874206,1.0
678323,sa3005504,Allan Cerda,-0.008872689719312044,1.0
683489,sa3009545,Sebastian Burciaga,-0.008879607297435005,1.0
681876,sa3007829,Drevian Williams-Nelson,-0.008880456128481404,1.0
682022,sa3007324,Corbin Williams,-0.008887773652776206,1.0
681830,sa3007317,Kevon Jackson,-0.008889897501666869,1.0
672766,sa3002855,Albert Suarez,-0.008890844458928963,1.0
667354,sa917311,Jesus Marriaga,-0.008893483680907435,1.0
684525,sa3008939,Darel Belen,-0.008893502285309728,1.0
683459,sa3009299,Dayro Perez,-0.008895641688461749,1.0
663763,sa875193,Greg Pickett,-0.008895808386223104,1.0
665929,sa917465,Pedro Diaz,-0.00889603620867756,1.0
660700,sa872842,Ronal Reynoso,-0.008897476741837683,1.0
665941,sa917106,Juan Garcia,-0.00891128774361748,1.0
660699,sa872583,Julio Martinez,-0.008915815462800271,1.0
660579,sa872525,Ranfy Adon,-0.008916154871521578,1.0
678747,sa3005919,Robert Gonzalez,-0.008923642425854271,1.0
613571,sa827178,Conner Hale,-0.008926400801175646,1.0
678890,sa3005779,Jandel Paulino,-0.008929784155095205,1.0
682664,sa3008764,Daury Del Rosario,-0.008932290020183326,1.0
671155,27593,Ivan Johnson,-0.008932714627357684,1.0
660627,sa885129,Raymundo Moreno,-0.00893665097224339,1.0
677575,sa3006885,Trent Deveaux,-0.008936685992443287,1.0
672732,sa3002707,Sandy Martinez,-0.008941478205226904,1.0
685738,sa3009339,Otoniel Vallejo,-0.008948950801711781,1.0
683464,sa3008869,Amell Brazoban,-0.008954120346034253,1.0
677043,sa3004074,Justin Paulsen,-0.008960266308239205,1.0
689435,sa3010049,Gavin Jones,-0.00896155085943159,1.0
670916,sa923122,Landerson Pena,-0.00896495364594041,1.0
672384,sa3002844,Derian Perez,-0.008967995559509296,1.0
685121,sa1169595,Beau Philip,-0.008969030509813587,1.0
666660,sa917478,Rolando Lebron,-0.008971708257992067,1.0
678682,sa3005542,Skeiling Rodriguez,-0.008976577295207903,1.0
682850,sa3008820,Jose Dilone,-0.008981269939533264,1.0
678607,sa3005531,Juan Pie,-0.008982565786776826,1.0
664876,sa875584,James Terrell,-0.008988181489824554,1.0
666013,sa917279,Maxwell Morales,-0.008990710821370887,1.0
676293,sa3007292,Albee Weiss,-0.008999392040599585,1.0
666170,sa917984,Nonie Williams,-0.009011728029872844,1.0
665858,sa917024,Angel Medina,-0.009014223340499145,1.0
670200,sa3010273,Wil Dalton,-0.009015036400519382,1.0
672653,sa3003280,Diego Infante,-0.009018700039613688,1.0
670084,19577,Nick Heath,-0.009022992891641782,9.663530349731445
676102,sa3004970,Isaiah Henry,-0.009025408408508968,1.0
688022,sa3009894,Tristen Carranza,-0.009030447713461249,1.0
678686,sa3006193,Francisco Palma,-0.009032250129001284,1.0
666169,sa3006864,Avery Tuck,-0.009035801053936712,1.0
672741,sa3003314,Anthony Coronado,-0.009036759616475529,1.0
672437,sa3003210,Debby Santana,-0.009040725167097006,1.0
665821,sa917083,Fabian Andrade,-0.009042156861918015,1.0
672562,sa3003238,Yenci Pena,-0.009047615317744992,1.0
672849,sa3003359,Andrew Caraballo,-0.009050628087941864,1.0
684519,sa3008938,Omar De Los Santos,-0.009055887004881524,1.0
666247,sa943356,Kwang-Min Kwon,-0.009062250924980222,1.0
650805,sa828243,Edwin Rodriguez,-0.009063251568072472,1.0
672441,sa3003211,Jeinser Brete,-0.009064262434674984,1.0
676849,sa3004396,Jamori Blash,-0.009072929164635077,1.0
666167,sa917956,Cole Stobbe,-0.009078776465749835,1.0
678577,23989,Junior Perez,-0.009086675358414668,1.0
678751,sa3005920,Rushenten Tomsjansen,-0.009087010750533,1.0
672451,sa3003214,Oswaldo Pina,-0.009087158080884013,1.0
670259,sa3010394,Jacob Olson,-0.009087303906580257,1.0
679295,sa1169866,Scott Ota,-0.009088018224420014,1.0
663847,sa3010147,Preston Pavlica,-0.009088229632697599,1.0
673893,sa3009874,Trevor Schwecke,-0.009092943894053674,1.0
680598,sa3006211,Eliam Arias,-0.009093916648342214,1.0
674391,sa3003420,Jose Rivera,-0.009099215809526367,1.0
673957,sa3004271,Davis Tavárez,-0.009100046651797422,1.0
682712,sa3008781,Daniel Marte,-0.009100380852822942,1.0
647378,sa917939,Andy Yerzy,-0.00911211786864636,1.0
670430,sa918510,Clayton Middleton,-0.009113431128627936,1.0
682672,sa3008766,Roberto Monegro,-0.009118469586110792,1.0
672749,sa3003319,Angel Aponte,-0.009123640835275958,1.0
683620,sa3008908,Johan Lopez,-0.009124061298966639,1.0
681951,sa3007649,Alex Junior,-0.0091276344963214,1.0
683451,sa3008867,Jesus Parra,-0.009128213100522885,1.0
666694,sa916710,Iraj Serrano,-0.009139181476047382,1.0
682909,sa3008364,Wilker Velasquez,-0.009142637330369928,1.0
678399,sa3005739,Yefri Carrillo,-0.00916069900351632,1.0
678849,sa3005774,Rolando Espinosa,-0.009167032120793138,1.0
683013,sa3008420,Alan Mejia,-0.009169503560329278,1.0
647321,sa3007865,Mitchell Robinson,-0.009179912328162931,1.0
681610,sa3005945,Oswal Leones,-0.00918045356859613,1.0
642492,sa736643,Robinson Medrano,-0.00918981107842033,1.0
683488,sa3008875,Junior Paniagua,-0.009193693674980626,1.0
661565,sa872462,Raul Juarez,-0.009193950097375718,1.0
680685,sa3007875,Ryder Green,-0.009203932015342937,1.0
678221,sa3005731,Cristian Heredia,-0.00921031812196334,1.0
678365,sa3005508,Ricardo Castro,-0.009223489842987313,1.0
683559,sa3009793,Juan Pizarro,-0.009225740559778737,1.0
682725,sa3008785,Cristhian Rodriguez,-0.009227794932085226,1.0
683428,sa3008860,Marlon Cairo,-0.009231122621656537,1.0
682703,sa3008777,Yoelvis Sanchez,-0.009234330122454986,1.0
671270,sa3003196,Victor Garcia,-0.009239927645131825,1.0
663672,sa874992,Zeek White,-0.009246970893059842,1.0
681169,sa3007517,Omar Matos,-0.009251426891578002,1.0
685468,sa3008945,Samuel Marte,-0.009255386936732835,1.0
650860,sa828233,Ronald Rosario,-0.009257528423857277,1.0
682793,sa3008805,Bryan Gonzalez,-0.009258652088816415,1.0
678645,sa3005535,Nelfy Abreu,-0.00926015836577361,1.0
672504,sa3002846,Luis Yanel Diaz,-0.009265092845974376,1.0
678271,sa3005497,Samuel Colmenarez,-0.009269371426661503,1.0
672646,sa3003277,Warling Vicente,-0.00927359804773888,1.0
682631,sa3008749,Eduarqui Fernandez,-0.009277856410039562,1.0
678398,sa3005512,Ronier Lascarro,-0.009285320465228182,1.0
674310,sa3007026,Noah Vaughan,-0.00928663975629581,1.0
642699,sa736958,Johan De Jesus,-0.009288638480373108,1.0
672565,sa3003239,Michael Chirinos,-0.009292506955922961,1.0
678845,sa3005574,Jean Carvajal,-0.009293632072613252,1.0
672861,sa3002860,Carlos Luis,-0.00929517799327749,1.0
683389,sa3008853,Danyer Sanabria,-0.009296253606801353,1.0
682916,sa3008837,Jose Freites,-0.00929845447608655,1.0
669899,27449,Ryan Ward,-0.009298483507681695,1.0
666812,sa917787,Yunior Martinez,-0.009299126085578313,1.0
660560,sa872566,Miguel Flames,-0.009300804844056414,1.0
681608,sa3006547,Francisco Gonzalez,-0.00930274491136892,1.0
674382,sa3005127,Ervis Marchan,-0.009314468776816664,1.0
678889,sa3005934,Jose Rodriguez,-0.00931909101415352,1.0
672869,sa3002861,Adrian Antunez,-0.009320187588512763,1.0
668529,sa917144,Yordi Francisco,-0.009321524016333536,1.0
660595,sa872772,Edwin Ventura,-0.009322207708919596,1.0
660709,sa872469,Sterling Guzman,-0.009329521339134558,1.0
680586,sa3005612,Reidy Mercado,-0.00933121897676692,1.0
660665,sa872565,Juan De Leon,-0.009339076390891078,1.0
666162,sa918023,Walker Robbins,-0.009345578268804455,1.0
664976,sa875350,Tristan Graham,-0.009359274477080255,1.0
678604,sa3005530,Ronny Rojas,-0.009362545689410733,1.0
672635,sa3003274,Luis Mieses,-0.009374775572858408,1.0
672691,sa3003287,Ismael Jaime,-0.009376114502775035,1.0
664331,sa880736,Carlos Baez,-0.009377204589442585,1.0
682997,27497,Tyler Callihan,-0.009380617868399922,1.0
672728,sa3003308,Christian Valerio,-0.00938137658738901,1.0
679007,sa3007509,Rafael Franco,-0.009384037325399806,1.0
678927,sa3007039,Cesar Garcia,-0.009384763559415973,1.0
681941,sa3008297,Jaylen Palmer,-0.009385300368311231,1.0
676668,sa3004282,Obie Ricumstrict,-0.009389360077707201,1.0
681832,sa3008006,Arbert Cipion,-0.009390952913930377,1.0
686843,sa1116023,Will Matthiessen,-0.009392192189365201,1.0
679755,sa3005604,Carlos Goris,-0.009397966919023417,1.0
657662,sa3007630,Jon Littell,-0.009399655913840212,1.0
682804,sa3008810,Eduardo Vaughan,-0.009402853413463936,1.0
678356,sa3005505,Hector Vizcaino,-0.009409140854630318,1.0
677130,sa3006882,Jose Verrier,-0.009411483829414497,1.0
674373,sa3003416,Jean Eusebio,-0.009429533656230615,1.0
672791,sa3003334,Yolki Pena,-0.009431183751610426,1.0
681851,sa3006918,Kelvin Maldonado,-0.009441759915892842,1.0
679737,sa3005600,Antonio Cabello,-0.009442195739438164,1.0
680637,sa3005943,Juan Mata,-0.009445363499944941,1.0
672951,sa3004150,Victor Ruiz,-0.009449107185914931,1.0
658671,sa832300,Felix Osorio,-0.009449466783234186,1.0
641839,sa738687,Aubrey McCarty,-0.009450610219038025,1.0
686475,25779,Tyler Tolbert,-0.009461363064402633,1.0
666794,sa917755,Jeison Rodriguez,-0.009465391058885955,1.0
672746,sa3003317,Danny Drullard,-0.009466160413160223,1.0
665985,sa917028,Rafael Romero,-0.009467734344907597,1.0
682674,26468,Victor Bericoto,-0.009467920568000266,1.0
660633,sa872543,Johan Sala,-0.009474067481520406,1.0
650438,sa828427,Carlos Rivero,-0.009480411598160259,1.0
665562,sa917128,Keudy Bocio,-0.009488604946675618,1.0
679736,sa3005599,Keithron Moss,-0.009491816805778583,1.0
682630,sa3008748,Alvin Guzman,-0.009491904264073616,1.0
650714,sa828133,Andy Diaz,-0.009509284297663147,1.0
677571,sa3005476,Fadriel Cruz,-0.009513009822513088,1.0
678865,sa3005777,Christopher De La Cruz,-0.009519224483344236,1.0
684233,sa3009327,Fernando Brazoban,-0.00952007101418366,1.0
650798,sa830207,Luis Encarnacion,-0.009520924312578753,1.0
667599,sa919974,Juan Carlos Smith,-0.009524011037163608,1.0
678265,sa3008736,Junior Ortega,-0.009525697988270281,1.0
669280,sa918527,Juan Carlos Abreu,-0.009534918679904664,1.0
677047,sa3005181,D.J. Stewart,-0.009535795474010223,1.0
676715,sa3004168,Nate Scantlin,-0.009544300637260448,1.0
682638,sa3008755,Branlyn Jaraba,-0.009548023807501037,1.0
678634,sa3005534,Denny Daza,-0.009549417323550639,1.0
680713,sa3007048,P.J. Hilson,-0.009551057304049732,1.0
642288,sa736902,Jhoan Herrera,-0.009553469800252295,1.0
666682,sa917173,Samuel Vasquez,-0.009554769623016181,1.0
672575,sa3005150,Kember Nacero,-0.00956298048049481,1.0
672751,sa3003320,Carlos Soler,-0.00957047616469697,1.0
672758,sa3003324,Jember Gutierrez,-0.009572642026874134,1.0
660679,sa872804,Beicker Mendoza,-0.009576791004586496,1.0
664987,sa3009867,Joe Genord,-0.00958273410052022,1.0
672584,sa3003249,Luis Carlos Diaz,-0.009590883859522111,1.0
672886,sa3002630,Francisco Martinez,-0.009592108367802377,1.0
677000,sa3004522,Trey Ganns,-0.009597735134060476,1.0
673046,sa3003380,Daniel Paulino,-0.009616887961905629,1.0
669170,sa3004815,Jake Holmes,-0.009616963447711194,1.0
683610,sa3008905,Leandro Pineda,-0.009631224432285982,1.0
672624,sa3003268,Anderson Comás,-0.009639562139762938,1.0
666761,sa917312,Osvaldo Santilien,-0.009640430386173661,1.0
678376,sa3006182,Brandon Linares,-0.009642286323731819,1.0
677574,sa3005897,Frank Herrera,-0.00964537289428375,1.0
680921,sa3005619,Darlin Guzman,-0.009651730863808838,1.0
663707,sa3010006,Tyler Wyatt,-0.00966198872311028,1.0
677589,sa3005719,Adonis Giron,-0.00966914215206843,1.0
663565,sa3004689,Xavier LeGrant,-0.009669585987428883,1.0
672546,sa3003235,Juan De La Rosa,-0.00967142450855649,1.0
680648,sa3006216,Justin Oferman,-0.009675383020050533,1.0
681708,sa3005629,Juan Batista,-0.009681076845277949,1.0
672670,sa3002704,Jean Selmo,-0.009685830381147557,1.0
682756,sa3008796,Edward Romero,-0.009686324138897973,1.0
680927,sa3006437,Jan Cabrera,-0.009687090605348739,1.0
676678,sa3005037,PK Morris,-0.009691551217416206,1.0
672844,sa3003357,Moises Gonzalez,-0.009692143089051742,1.0
645445,sa828284,Francis Martinez,-0.009699757220354262,1.0
678892,sa3006080,Vladimir Perez,-0.009707210975964175,1.0
677612,sa3006577,Raider Uceta,-0.009709540385084828,1.0
665818,sa917105,Raider Brito,-0.00971028132035881,1.0
678250,sa3005494,Bryan Mateo,-0.009711790094661416,1.0
673200,sa3003383,Yaniery Guzman,-0.009730403481744199,1.0
656282,sa3010387,Grayson Byrd,-0.009733274732865359,1.0
663703,sa3004612,Anthony Peroni,-0.00973834184900349,1.0
678844,sa3005773,Eliezel Stevens,-0.00973845014713325,1.0
670903,sa921439,Diomedes Del Rio,-0.009739131050043696,1.0
679662,sa3006210,Francis Franco,-0.009739564176592323,1.0
673169,sa3003382,Bryan Santos,-0.00974195731501911,1.0
672806,sa3003343,Victor Maria,-0.009742481768382112,1.0
678294,sa3005503,Julio Enrique,-0.009743130074093012,1.0
670168,sa918332,Mike Wilson,-0.009745499144429126,1.0
681591,sa3005620,Fleury Nova,-0.009746216149614895,1.0
679766,sa3010591,Hunter Hearn,-0.00974629927823184,1.0
678788,sa3005764,Marco Valenzuela,-0.009746407327520475,1.0
664059,18054,Sam Haggerty,-0.009756258627244104,10.003800392150879
670907,sa3003187,Robert Javier,-0.009763742431303651,1.0
677580,sa3005717,Julio Machado,-0.009771333461201005,1.0
687505,sa3010715,Parker Phillips,-0.009772111259510028,1.0
678978,sa3005783,Claudio Ramirez,-0.009775172116932466,1.0
683364,sa3009191,Carlos Dominguez,-0.009776173287092009,1.0
672424,sa3003206,Jhoander Saez,-0.009780657389289786,1.0
687959,sa3010600,Rudy Rott,-0.00979730537703347,1.0
678871,sa3005929,Elvin Ozoria,-0.009797394997211085,1.0
677598,sa3005485,Larry Ernesto,-0.00980080448936635,1.0
666787,sa916735,Edwin Sano,-0.009806351887802257,1.0
682809,sa3008813,Omar Diaz,-0.00981175619106698,1.0
681812,sa3007315,Edison Mora,-0.009814949726914494,1.0
681614,sa3005622,Branfiel Concepcion,-0.009815100736465087,1.0
682658,sa3008763,Estanli Castillo,-0.009815223611670816,1.0
669308,22253,Sean Reynolds,-0.009816620794106763,1.0
688813,sa1170766,Cody Birdsong,-0.009819827316046057,1.0
665972,sa917291,Yeuris Ramirez,-0.009829443553885958,1.0
660740,sa872801,Jose Patino,-0.009832478512878322,1.0
656664,sa829142,Simeon Lucas,-0.009833574621341708,1.0
660816,sa871439,Jose Torrealba,-0.009841303054215458,1.0
663507,sa3004135,Gavin Garay,-0.009841939223697155,1.0
679201,sa3005785,Ellian Rondon,-0.00984335388265848,1.0
672585,sa3003250,Edickson Soto,-0.009846948410274284,1.0
683553,sa3009548,John Mejia,-0.009851472309764985,1.0
678729,sa3005549,Nelson Medina,-0.009867992421137149,1.0
659078,sa837662,Jose Polonia,-0.009873235094453058,1.0
683600,sa3008902,Daniel Oliva,-0.009879281681445366,1.0
680579,sa3005611,Stir Candelario,-0.009881141134139751,1.0
680884,sa3007974,Aldrich De Jongh,-0.00988158706973798,1.0
678484,sa3006898,Stanley Rosario,-0.009899394863308274,1.0
676281,sa3004508,Jecorrah Arnold,-0.009900633729458295,1.0
680853,sa3007052,Rafael Herrera,-0.009930495430477946,1.0
650825,sa828441,Jeremias Portorreal,-0.009931101204210323,1.0
677673,sa3004972,Imanol Vargas,-0.009935887442102553,1.0
683126,sa3008562,Trey Jacobs,-0.009945596019769104,1.0
662950,sa873204,Nelson B Alvarez,-0.00994604636740842,1.0
679552,sa3005936,Arturo Guerrero,-0.00995374749020701,1.0
678781,sa3006432,Angel Basabe,-0.009955022455772969,1.0
680852,sa3006606,Wilfredo Flores,-0.009963700457933176,1.0
678357,sa3005735,Andry Arias,-0.009965021270788871,1.0
665612,sa879801,Sandy Mota,-0.009969050260794747,1.0
687669,sa3008957,Ronny Novas,-0.009972544939134069,1.0
672863,sa3003365,Omar Lebron,-0.009973899431943174,1.0
676013,sa3003431,Starlin Paulino,-0.009975503923285226,1.0
682853,sa3008821,Francisco Floyd,-0.009979403752529425,1.0
678593,sa3005528,Jose Bonilla,-0.009980724406443077,1.0
645287,sa828287,Josue Herrera,-0.009984136248138112,1.0
676015,sa3002872,Jaime Perez,-0.009986784204813096,1.0
667692,sa3004967,Adalberto Carrillo,-0.009987395923509924,1.0
676004,sa3005240,Walking Cabrera,-0.009992278785352353,1.0
668597,sa917562,Jorge Sequera,-0.010004977358684889,1.0
677930,sa3005234,Alejandro Marte,-0.010011579552757582,1.0
668832,25575,Kyle McCann,-0.010017072293588291,1.0
672587,sa3003252,Nicolas Febres,-0.010018104167576716,1.0
660702,sa872576,Starling Joseph,-0.010023578240412414,1.0
666653,sa917292,Ronaldo Urdaneta,-0.010034516037948724,1.0
685388,sa1159681,Colin Simpson,-0.010036888605682286,1.0
672563,sa3002850,Luis Veloz,-0.010039456229735066,1.0
650744,sa874814,Carlos Tatis,-0.01004169842056098,1.0
678219,sa3007036,Yerry Landinez,-0.010043703092884545,1.0
677295,sa3006883,Micah Bello,-0.010047661680600044,1.0
675924,sa3004057,Nick Egnatuk,-0.010048426779664485,1.0
677625,sa3005726,Leudy Pena,-0.010056342588760318,1.0
685725,sa3008950,Natanael Santana,-0.01006841170980825,1.0
678427,sa3005518,Richgelon Juliana,-0.010071871693384638,1.0
678909,sa3006204,Albert Avila,-0.010079438090972573,1.0
674166,sa3003415,Jevi Hernandez,-0.010079596454908874,1.0
677611,sa3005490,Jose Reyes,-0.010084534789828965,1.0
665882,sa917152,Juan Morales,-0.010089465772017931,1.0
678372,sa3005509,Sebastian Almonte,-0.010090700862850206,1.0
680895,sa3006914,Kelvin Smith,-0.010090717115714114,1.0
650375,sa828387,Juan Montes,-0.010111990117985841,1.0
672420,sa3003205,Freddy De Jesus,-0.010114838714146854,1.0
677061,sa3004523,Allen Smoot,-0.010114953080693663,1.0
669167,sa3004042,Cash Case,-0.0101165534740531,1.0
656090,sa828342,Franklin Tineo,-0.010122325830510238,1.0
542979,9253,Keon Broxton,-0.010122652185099376,5.554490089416504
679515,sa3006581,Anthony Valenzuela,-0.010135148416369262,1.0
684489,sa3008935,Endy Estrada,-0.010138255983677968,1.0
663303,sa918325,Jordan Scott,-0.010157740987723214,1.0
678742,sa3005551,Rainer Nunez,-0.010165589827151336,1.0
678633,sa3006192,Jean Pena,-0.010178949940860316,1.0
666666,sa917191,Cristian Gomez,-0.010178986828958791,1.0
683395,sa3008854,Angel Gomez,-0.010180720760618888,1.0
671732,22542,Lawrence Butler,-0.01018389516019206,1.0
658666,sa875333,Hector Martinez,-0.010186544132075818,1.0
672427,sa3003208,Leuri Mejia,-0.010186965421266177,1.0
678711,sa3006564,Diego Maican,-0.010188036824277706,1.0
667366,sa916967,Ysaac Pena,-0.01019263854013094,1.0
678838,sa3005572,Erickvi Celedonio,-0.010194055408301182,1.0
678797,sa3005560,Xionel Garcia,-0.010200142283320963,1.0
682749,sa3008792,Dairon Cuevas,-0.010209557156044598,1.0
682096,sa3008190,Juan Paulino,-0.010213730796634068,1.0
665852,sa917334,Aldo Espinoza,-0.01022516081723801,1.0
673135,sa3007024,Jess Williams,-0.010233645193734747,1.0
665884,sa919908,Christopher Quintin,-0.010255331220699201,1.0
675918,sa3004278,Mason House,-0.010268978851387084,1.0
676008,sa3002871,Elian Gonzalez,-0.010275229437744747,1.0
672378,sa3003199,Carlos Pacheco,-0.010287837370448222,1.0
672400,sa3003203,Pablo Gomez,-0.010293904828833151,1.0
681550,sa3007520,Nick Patten,-0.010296138975673573,1.0
676250,sa3004389,Jason Pineda,-0.010303229612147757,1.0
672626,sa3003270,Josue Guerrero,-0.010308744780176297,1.0
672707,sa3003297,Luis Montano,-0.01030908157618807,1.0
676681,sa3004283,Aaron Arruda,-0.010310083803075007,1.0
678875,sa3005577,Josue Cruz,-0.010341490991814046,1.0
686742,sa3008956,Leodany Perez,-0.010347746092895512,1.0
673361,sa3003397,Albert Hinirio,-0.010358485414891979,1.0
670538,sa919376,Aldo Ovando,-0.010362413386479204,1.0
667827,sa917299,Cristopher Pujols,-0.010364633675888368,1.0
650818,sa828487,Mikell Granberry,-0.010368464790831863,1.0
676872,sa3004293,Tyler James,-0.010382038208837017,1.0
660625,sa872558,Yondry Contreras,-0.010384429142853046,1.0
671222,sa3003192,Ranser Amador,-0.010389134832649877,1.0
678689,sa3005544,Neyfy Castillo,-0.010389687526522733,1.0
669207,sa918366,Kobie Taylor,-0.010395560528297577,1.0
665770,sa917180,Yhordegny Kelly,-0.01039722064292005,1.0
665904,sa917009,Luis Laurencio,-0.010398168076096656,1.0
683092,sa3008556,Deivis Vegas,-0.010418311169734802,1.0
665706,sa916736,Bryan Connell,-0.010425751007651612,1.0
665876,sa917342,Pablo Jimenez,-0.01042611386313308,1.0
681729,sa3005631,Hanser Valerio,-0.010444547330996066,1.0
667325,sa917108,Johampher Arrendoll,-0.010454338329174088,1.0
672788,sa3003333,Jeikol Contreras,-0.010457397427486484,1.0
678646,sa3005749,Jorge Hurtado,-0.01045740900140293,1.0
666633,sa917353,Abraham Rodriguez,-0.010484109774420429,1.0
689328,sa3010048,Ashton Creal,-0.010488648830725266,1.0
683437,sa3008862,Juan Diaz,-0.010489053514749595,1.0
661566,sa873350,Jose Tello,-0.010493584234916236,1.0
664329,sa883288,Anderson Bohorquez,-0.01049583215049862,1.0
685474,sa3008946,Felix Stevens,-0.010500665388908644,1.0
682765,sa3008799,Albert Feliz,-0.010506769825686022,1.0
665023,sa876159,Bren Spillane,-0.010516702865166608,1.0
680595,sa3005614,Darwin Baez,-0.010522874073565381,1.0
680623,sa3005615,Junior Guerrero,-0.010522965192324079,1.0
678802,sa3005564,Jonathan Rodriguez,-0.01055255322670903,1.0
686759,25482,TJ Hopkins,-0.010563041351007212,1.0
672720,sa3008576,Arquimedes Cumana,-0.010571362432948529,1.0
655315,sa827246,Henrry Pedra,-0.010571770054806098,1.0
682953,sa3008846,Erys Bautista,-0.010576720478881928,1.0
665635,sa916978,Brayan Jimenez,-0.010580291526774296,1.0
665976,sa917280,Fernando Valdez,-0.010586260692057661,1.0
676797,sa3004289,Greg Lambert,-0.010592263602269138,1.0
680614,sa3006212,Luis Feliz,-0.01061061617558856,1.0
663579,sa1170876,Willie Carter,-0.010611261048986284,1.0
669858,sa3003175,Fidel Castro,-0.010616552008305916,1.0
672641,sa3003275,Jhon Sandoval,-0.010618160432393123,1.0
681758,sa3005802,Randi De La Cruz,-0.010621869386135945,1.0
665889,sa917365,Samuel Inoa,-0.010622492286762496,1.0
684125,sa3008925,Raulyn Blanc,-0.010626536701047126,1.0
678893,sa3005780,Jefferson Encarnacion,-0.010658920373882535,1.0
623323,17806,Braden Bishop,-0.010662088736246036,36.69380187988281
675852,sa3003427,Edidson Rojas,-0.010666976542003125,1.0
668698,sa918408,Todd Lott,-0.010668962993327223,1.0
677664,sa3005020,Oscar Olivares,-0.01066911766357927,1.0
679239,sa3006904,Ray Hernandez,-0.010669669419147782,1.0
678247,sa3006897,Leandro Emiliani,-0.010675105103099176,1.0
678841,sa3006201,Brandol Mezquita,-0.010679425153061688,1.0
446481,6589,Sean Rodríguez,-0.010679660353124253,22.884199142456055
682635,sa3008753,Jose Rodriguez,-0.010680989923717424,1.0
672557,sa3002848,Bryan Dimas,-0.010682865726720354,1.0
677626,sa3009274,Gustavo A. Rodriguez,-0.010684528316103128,1.0
672528,sa3002698,Raymond Mora,-0.010700257899151772,1.0
681748,sa3005801,Giuseppe Peguero,-0.010702991163649627,1.0
677661,sa3006890,Jose Martinez,-0.010726022235975834,1.0
681716,sa3006226,Jeremia Almonte,-0.010728724001185044,1.0
666793,sa917117,Jorge Martinez,-0.01076016183477739,1.0
665965,sa917330,Kevin Aponte,-0.010763133187158474,1.0
667803,sa3003173,Ernesto Martinez Jr.,-0.010764777352667936,1.0
678874,sa3005930,Addiel Matias,-0.010783975816102381,1.0
666246,sa917183,David Sanchez,-0.010785817262915453,1.0
676020,sa3004931,Javier Sanchez,-0.010786310575665068,1.0
678911,sa3005585,Moises De La Cruz,-0.010796313192257646,1.0
678764,sa3006199,Julio De La Cruz,-0.010799939166201578,1.0
679537,sa3006209,Yeral Casilla,-0.010809851239334776,1.0
679596,sa3005595,Josue Fernandez,-0.010814997618528069,1.0
673946,sa3002867,Jepherson Garcia,-0.010816597436306221,1.0
678425,sa3005517,Pedro Hurtado,-0.010817937268166555,1.0
667369,sa917332,Maikel Pineda,-0.010824036553074016,1.0
685392,sa3010336,Trevor Boone,-0.010841162082094746,1.0
672393,sa3003202,Charles Reyes,-0.01084477350235849,1.0
661377,sa872752,Anthony Rodriguez,-0.010863434942361635,1.0
672723,sa3003304,Enrique Batista,-0.01088614696133021,1.0
660695,sa872517,Rafael Mejia,-0.010897196681704233,1.0
665891,sa914315,Cristian Olivo,-0.010899146101616887,1.0
678534,sa3007298,Rixon Wingrove,-0.010906962471983216,1.0
680915,sa3007304,David Hollie,-0.010923292478539463,1.0
678912,sa3005586,Jommer Hernandez,-0.01093171622738015,1.0
689603,sa1170568,Jackie Urbaez,-0.010957080336673135,1.0
685735,sa3009338,Fernando Diaz,-0.010958487136941308,1.0
682276,sa3006548,Jose Cordova,-0.010969441714024676,1.0
673235,sa3003385,Junior Melo,-0.010980775330878594,1.0
678407,sa3005904,Ricardo Toro,-0.01098212982719492,1.0
682856,sa3008822,Alexander Then,-0.011011386484634296,1.0
676619,sa3004161,Sam Abbott,-0.011013571189285205,1.0
680661,sa3005618,Carlos Sanchez,-0.011055379688235414,1.0
672469,sa3002695,Rafael Jimenez,-0.011056530689238505,1.0
665822,sa917033,Raymond Lopez,-0.011072346987658327,1.0
675857,sa3005475,Luis Yan,-0.01109100474738715,1.0
672808,sa3003345,Ismael Alcantara,-0.011119198999999049,1.0
682086,sa3006734,Cash Gladfelter,-0.011124665549666044,1.0
678792,sa3005765,Brailin Pena,-0.011124743006235942,1.0
672952,sa3003378,Luis Matos,-0.011140784755655036,1.0
660446,sa872731,Ismaldo Rodriguez,-0.011157976962526753,1.0
683531,sa3008884,Cristopher Cruz,-0.011176848820299845,1.0
684494,sa3008936,Jeremy Celedonio,-0.01118614391400852,1.0
678679,sa3005753,Emmanuel Guerra,-0.011235771671506078,1.0
683887,sa3009324,Darlyn Montero,-0.011284449449273284,1.0
677576,sa3005477,Amin Valdez,-0.011304564090400707,1.0
678367,sa3005901,Yerangel Medina,-0.011339624070466361,1.0
672826,sa3003350,Kenneth Betancourt,-0.011346435909302843,1.0
670924,sa921555,Wilmy Valdez,-0.011357115218476349,1.0
672834,sa3003353,Kiumel Bastardo,-0.011373819637523437,1.0
605253,13658,Terrance Gore,-0.011393274999856078,3.5945799350738525
669631,sa1052762,Spencer Brickhouse,-0.011402445669015222,1.0
660833,sa872805,Francisco Medina,-0.011404721048919493,1.0
670034,sa918092,D.J. Daniels,-0.011451819934133963,1.0
678793,sa3005559,Robert Gomez,-0.011452208945148642,1.0
678647,sa3005536,Gerard Ramos,-0.011477822709697248,1.0
680629,sa3005941,Jery Hernandez,-0.01148190011066285,1.0
665634,sa917138,Jesus Graterol,-0.011521576558425835,1.0
672833,sa3003352,Anderson Melendez,-0.011523212289146385,1.0
678663,sa3006428,Ramses Malave,-0.011524426221127888,1.0
672560,sa3003237,Jhenrry Moreno,-0.011525969931075627,1.0
682122,sa3007082,Gio Dingcong,-0.01159000785510022,1.0
660696,sa872464,Edwin Yon,-0.011590420093655327,1.0
642162,14885,Pat Valaika,-0.011592650158574382,52.65959930419922
660660,sa872522,Kenny Hernandez,-0.011605964230800514,1.0
678839,sa3006580,Joseph Paulino,-0.01166128274549404,1.0
665762,sa917790,Luis Perez,-0.011680231045503767,1.0
666799,sa916830,Luis Almanzar,-0.011693529932976305,1.0
668861,sa3007507,David Clawson,-0.01172198248706675,1.0
678820,sa3005769,Carlos Morfa,-0.011795252912896865,1.0
665868,sa917133,Raffy Ozuna,-0.011803396845344389,1.0
667510,sa3006659,Joe Robbins,-0.01181652294552232,1.0
681628,sa3005946,Brayan Mancilla,-0.011832513443489692,1.0
672807,sa3003344,Alexander Samuel,-0.011871892062638664,1.0
663446,sa876111,Garrett Wolforth,-0.011980966121698064,1.0
678652,sa3005538,Jesus Chirinos,-0.01199578143717411,1.0
682504,sa3008298,Leonardo Seminati,-0.012150223570751656,1.0
682457,sa3008083,Kelvin Pena,-0.012301018008751358,1.0
673240,sa3003387,Carlos Medrano,-0.012303135235522438,1.0
681653,sa3005798,Edwin Gil,-0.012355699782016984,1.0
680928,sa3006607,Christhian Espinal,-0.01236557281198681,1.0
672729,sa3003309,Ernesto Adames,-0.012574452817612172,1.0
453056,4727,Jacoby Ellsbury,-0.012621365193323552,13.618800163269043
671224,sa3005239,Danny Lantigua,-0.012658478928872889,1.0
598284,13288,Peter O'Brien,-0.012775990114826326,2.5592200756073
642350,17452,Jose Siri,-0.013100532140399166,8.717269897460938
680905,sa3006672,Reese Berberet,-0.013414731997974414,1.0
553869,11680,Elias Díaz,-0.013598855273571991,45.89979934692383
663411,18399,Joe McCarthy,-0.013637355458837602,11.78909969329834
621529,14412,Joe Hudson,-0.013975437344694919,22.45709991455078
546990,14329,Anthony Alford,-0.014804181180091601,38.885398864746094
466988,4054,Emilio Bonifácio,-0.01493886507993192,7.225759983062744
466320,4022,Melky Cabrera,-0.0157418943104703,19.322500228881836
640447,14738,Phillip Ervin,-0.016517587308139223,85.77140045166016
457803,9892,Jay Bruce,-0.016995837062180913,117.80899810791016
664247,18063,Kyle Garlick,-0.017877399203395438,13.164799690246582
650331,18365,Lewin Díaz,-0.018424665934500713,12.482999801635742
444432,6876,Mark Trumbo,-0.018505926115327406,22.654300689697266
664057,17932,Andrew Stevenson,-0.01898103209533064,11.900899887084961
608671,13768,Travis Jankowski,-0.019434634142070153,15.090700149536133
621550,13602,Patrick Wisdom,-0.020442861539948516,15.871299743652344
592680,11863,Yadiel Rivera,-0.020699808547484017,4.8467698097229
475174,2530,Yonder Alonso,-0.021860786316061566,26.642000198364258
641684,16285,Michael Hermosillo,-0.021976812113165337,28.389799118041992
643269,19267,Will Craig,-0.022280792207693717,9.703530311584473
571602,7226,Matt Davidson,-0.022663005420141446,10.702099800109863
592859,16041,Stevie Wilkerson,-0.022822818499856914,27.181100845336914
660620,20275,Jonathan Araúz,-0.0228616370753884,34.600101470947266
446263,2502,Lucas Duda,-0.02289028360371642,28.684200286865234
664913,18171,Seth Brown,-0.024501799355083287,55.409400939941406
608701,13770,Rob Refsnyder,-0.026077704892490942,11.190600395202637
461314,5631,Matt Kemp,-0.02991864226717643,38.40439987182617
571431,9393,Matt Adams,-0.030136414342821008,41.75210189819336
608597,14388,Ronald Guzmán,-0.03416217863806331,99.9906005859375
460077,3411,Drew Butera,-0.034251620922308906,32.46440124511719
571718,12858,Brian Goodwin,-0.03581612170253792,131.9459991455078
621458,18316,Edwin Rios,-0.03617477794390954,20.638399124145508
593647,12944,Sócrates Brito,-0.036197285124494105,33.18410110473633
660821,19913,Jesús Sánchez,-0.03746748463133402,33.95589828491211
571657,14813,Kyle Farmer,-0.03773048402646535,43.166900634765625
592530,15767,José Marmolejos,-0.041477203953231984,58.077999114990234
518586,3298,Charlie Culberson,-0.041504266422860044,32.83369827270508
665750,18900,Leody Taveras,-0.041633852708380534,22.385700225830078
608384,14330,Nick Williams,-0.04205895453924492,33.50960159301758
656509,17216,Monte Harrison,-0.043172006270456566,65.07769775390625
669738,19703,Jake Noll,-0.043689836240987004,19.768299102783203
457706,9848,Austin Jackson,-0.045968154340647355,25.800899505615234
605490,13356,Bubba Starling,-0.04932926672259719,58.36579895019531
666969,19287,Adolis García,-0.0496090688355483,19.432100296020508
445055,5227,Jon Jay,-0.05270437223779578,38.247798919677734
572008,10030,Chris Owings,-0.0611441076372718,38.475799560546875
642423,17023,Magneuris Sierra,-0.0629418039816022,43.980098724365234
622761,17273,Jorge Mateo,-0.06435040170934268,52.662899017333984
405395,1177,Albert Pujols,-0.07771815948907845,168.43299865722656
570481,13369,Erik González,-0.09678864271784116,78.06099700927734
425772,3448,Jeff Mathis,-0.11236016265070636,60.078800201416016
658069,16885,Joshua Fuentes,-0.1173801059417667,41.56990051269531
542454,10322,Danny Santana,-0.12026498456139721,208.68600463867188
621446,14352,Lewis Brinson,-0.1374910573122784,99.92330169677734
656541,17954,Sam Hilliard,-0.17341658836199247,140.31100463867188
606132,14350,Raimel Tapia,-0.19618072613077298,156.4320068359375
448801,9272,Chris Davis,-0.2533072816807936,143.1510009765625
