mlbam,fgid,name,war,ip,gs,g
694973,33677,Paul Skenes,5.752156450876019,188.10440063476562,30.780000686645508,30.780000686645508
669373,22267,Tarik Skubal,5.127143986479577,196.23399353027344,32.0,32.0
594798,10954,Jacob deGrom,5.078122487796683,152.0175018310547,25.920000076293945,25.920000076293945
676979,27463,Garrett Crochet,4.786253699384136,170.13819885253906,30.780000686645508,30.780000686645508
554430,10310,Zack Wheeler,4.544508950488888,198.51800537109375,32.0,32.0
519242,10603,Chris Sale,4.517564146519944,186.7720947265625,30.780000686645508,30.780000686645508
607192,14374,Tyler Glasnow,3.759867407424702,143.6885986328125,24.299999237060547,24.299999237060547
543243,12768,Sonny Gray,3.640312715554671,184.7655029296875,30.780000686645508,30.780000686645508
656302,18525,Dylan Cease,3.609477901547812,188.9936065673828,32.0,32.0
669203,19361,Corbin Burnes,3.6060657320018707,189.84860229492188,30.780000686645508,30.780000686645508
666142,21846,Cole Ragans,3.6006479540279903,182.63259887695312,30.780000686645508,30.780000686645508
641154,17085,Pablo López,3.592733165775648,193.10670471191406,32.0,32.0
657277,17995,Logan Webb,3.58100378636337,201.1092987060547,32.0,32.0
664285,17295,Framber Valdez,3.5308312149814163,184.5924072265625,29.15999984741211,29.15999984741211
605483,13543,Blake Snell,3.520859974815098,169.98219299316406,29.15999984741211,29.15999984741211
669302,22250,Logan Gilbert,3.4267913535917107,198.74180603027344,32.0,32.0
645261,18684,Sandy Alcantara,3.2822761497501745,188.82980346679688,29.15999984741211,29.15999984741211
808967,33825,Yoshinobu Yamamoto,3.2132752139843195,157.89599609375,27.540000915527344,27.540000915527344
608331,13743,Max Fried,3.2072844945965935,175.84039306640625,29.15999984741211,29.15999984741211
675911,27498,Spencer Strider,3.155881236076591,128.58050537109375,22.68000030517578,22.68000030517578
605400,16149,Aaron Nola,3.1279666395269228,187.6676025390625,30.780000686645508,30.780000686645508
650911,20778,Cristopher Sánchez,3.1160101616133504,169.77780151367188,29.15999984741211,29.15999984741211
657746,21390,Joe Ryan,3.113859326037825,159.70880126953125,27.540000915527344,27.540000915527344
650633,19853,Michael King,3.045815612720682,179.51930236816406,30.780000686645508,30.780000686645508
686613,25880,Hunter Brown,3.0384142178913534,167.53280639648438,29.15999984741211,29.15999984741211
642547,18679,Freddy Peralta,3.029304790114199,177.95770263671875,30.780000686645508,30.780000686645508
592332,14107,Kevin Gausman,2.981989413272795,193.23770141601562,32.0,32.0
684007,33829,Shota Imanaga,2.970409526534373,177.9658966064453,29.15999984741211,29.15999984741211
579328,20633,Yusei Kikuchi,2.897151551133568,176.10960388183594,30.780000686645508,30.780000686645508
669923,25436,George Kirby,2.8140161548888996,158.93539428710938,27.540000915527344,27.540000915527344
543135,9132,Nathan Eovaldi,2.795994092036644,175.96429443359375,29.15999984741211,29.15999984741211
657006,17312,Justin Steele,2.79525960434635,168.6132049560547,29.15999984741211,29.15999984741211
656557,19879,Tanner Houck,2.790300181411843,182.6842041015625,29.15999984741211,40.15999984741211
663556,21483,Shane McClanahan,2.759469017278943,149.60980224609375,24.299999237060547,32.29999923706055
808963,35323,Roki Sasaki,2.748345745652965,135.3856964111328,24.299999237060547,24.299999237060547
680885,31846,Spencer Schwellenbach,2.7388092979777547,171.93359375,29.15999984741211,29.15999984741211
622491,15689,Luis Castillo,2.735546203386455,184.326904296875,30.780000686645508,30.780000686645508
668881,22182,Hunter Greene,2.7337935904162274,172.0605010986328,29.15999984741211,29.15999984741211
621107,13774,Zach Eflin,2.70712871886637,175.85079956054688,29.15999984741211,29.15999984741211
625643,16400,Reynaldo López,2.7054103004505503,178.86050415039062,30.780000686645508,30.780000686645508
669022,22201,MacKenzie Gore,2.6761826184840944,174.38600158691406,30.780000686645508,30.780000686645508
607074,16137,Carlos Rodón,2.655420240062345,178.7032928466797,30.780000686645508,30.780000686645508
656427,17479,Jack Flaherty,2.6445665497132564,169.52090454101562,29.15999984741211,29.15999984741211
607625,12447,Seth Lugo,2.634971713985858,190.34140014648438,30.780000686645508,30.780000686645508
624133,17277,Ranger Suarez,2.6093394113371584,157.9416961669922,25.920000076293945,37.91999816894531
673540,31838,Kodai Senga,2.605172258345143,163.28880310058594,25.920000076293945,33.91999816894531
676440,30134,Tanner Bibee,2.57881724376602,173.45399475097656,29.15999984741211,29.15999984741211
605540,16162,Brandon Woodruff,2.578082276760953,156.67779541015625,25.920000076293945,25.920000076293945
668678,19291,Zac Gallen,2.5707185197660367,170.7115936279297,29.15999984741211,29.15999984741211
660271,19755,Shohei Ohtani,2.5255993085946584,120.78130340576172,21.059999465942383,21.059999465942383
641927,21224,Bailey Ober,2.428086267360659,171.0402069091797,29.15999984741211,29.15999984741211
601713,15454,Nick Pivetta,2.3589203025070002,155.3843994140625,27.540000915527344,27.540000915527344
678394,23920,Brayan Bello,2.34339119803429,155.52540588378906,27.540000915527344,27.540000915527344
666157,26378,Nick Lodolo,2.3132743362461206,138.3715057373047,24.299999237060547,24.299999237060547
656605,17594,Mitch Keller,2.286682365844929,182.03550720214844,30.780000686645508,30.780000686645508
605135,12304,Chris Bassitt,2.2119290092742836,178.9824981689453,30.780000686645508,30.780000686645508
608566,15038,Germán Márquez,2.20206557414071,160.3101043701172,27.540000915527344,27.540000915527344
663903,25377,Brady Singer,2.189268868731848,170.36219787597656,29.15999984741211,29.15999984741211
605280,13649,Clay Holmes,2.151868136266687,160.50999450683594,24.299999237060547,46.29999923706055
608379,14078,Michael Wacha,2.1287342894515433,159.26539611816406,27.540000915527344,27.540000915527344
453286,3137,Max Scherzer,2.0840666280675784,124.49030303955078,21.059999465942383,27.059999465942383
694297,27782,Brandon Pfaadt,2.0720253138541587,154.48739624023438,25.920000076293945,34.91999816894531
681857,24968,Reese Olson,2.0714322725829684,143.8968963623047,25.920000076293945,25.920000076293945
680570,24492,Grayson Rodriguez,2.0441273831371327,128.67649841308594,22.68000030517578,22.68000030517578
666200,19959,Jesús Luzardo,2.0174020740343948,160.25669860839844,25.920000076293945,39.91999816894531
671737,22543,Taj Bradley,2.007987239558611,170.44949340820312,29.15999984741211,29.15999984741211
621244,14168,José Berríos,2.0069952255771595,191.39199829101562,32.0,32.0
667755,22100,José Soriano,1.9744771372015901,148.17599487304688,25.920000076293945,25.920000076293945
607200,17425,Erick Fedde,1.9675691743415218,166.9329071044922,29.15999984741211,29.15999984741211
592662,11486,Robbie Ray,1.941042049473416,160.56419372558594,27.540000915527344,27.540000915527344
593958,13164,Eduardo Rodriguez,1.915819514887536,153.33880615234375,25.920000076293945,33.91999816894531
677958,31843,Kumar Rocker,1.8891826746334932,132.410400390625,22.68000030517578,28.68000030517578
686752,26221,Ryan Pepiot,1.8807803414429638,164.57400512695312,29.15999984741211,29.15999984741211
682243,29837,Bryce Miller,1.8431913696843032,177.67340087890625,30.780000686645508,30.780000686645508
605488,17677,Jeffrey Springs,1.827670204286057,153.93099975585938,25.920000076293945,33.91999816894531
641482,17874,Nestor Cortes,1.8217706174870716,142.05999755859375,21.059999465942383,44.060001373291016
640455,15873,Sean Manaea,1.8144896125088517,162.36529541015625,27.540000915527344,27.540000915527344
657376,19899,Clarke Schmidt,1.8013021191249914,146.88290405273438,25.920000076293945,31.920000076293945
668909,30122,Gavin Williams,1.7648399956513203,155.34280395507812,27.540000915527344,27.540000915527344
656876,25385,Drew Rasmussen,1.7621175488593388,129.8572998046875,19.440000534057617,45.439998626708984
571510,15440,Matthew Boyd,1.7454469317554695,133.8856964111328,22.68000030517578,32.68000030517578
663372,21446,Ryan Feltner,1.7220074539534824,168.01100158691406,29.15999984741211,29.15999984741211
676974,27474,Max Meyer,1.7129917148502265,146.95849609375,24.299999237060547,32.29999923706055
571945,9803,Miles Mikolas,1.6971418030505752,169.3291015625,29.15999984741211,29.15999984741211
518876,11156,Merrill Kelly,1.6743615310843059,152.48440551757812,25.920000076293945,25.920000076293945
693433,30279,Bryan Woo,1.6713500381104573,143.53399658203125,25.920000076293945,25.920000076293945
656849,20302,David Peterson,1.667329082891499,152.5941925048828,25.920000076293945,31.920000076293945
506433,13074,Yu Darvish,1.654692894978026,137.2760009765625,24.299999237060547,24.299999237060547
676962,23590,Ben Brown,1.6160715517236,111.10130310058594,14.579999923706055,44.58000183105469
607259,12730,Nick Martinez,1.6112125669817008,157.54690551757812,24.299999237060547,46.29999923706055
670102,20548,Bowden Francis,1.592112364547346,159.16180419921875,25.920000076293945,35.91999816894531
502171,6562,Alex Cobb,1.5773728373858635,99.51580047607422,17.81999969482422,17.81999969482422
669854,19407,Ronel Blanco,1.576919920580774,159.67120361328125,27.540000915527344,27.540000915527344
622663,15890,Luis Severino,1.5668948879524387,182.74850463867188,30.780000686645508,30.780000686645508
665795,21690,Edward Cabrera,1.5571670176079295,129.652099609375,22.68000030517578,32.68000030517578
663623,21504,Jake Irvin,1.550885629120463,168.84500122070312,29.15999984741211,29.15999984741211
669456,19427,Shane Bieber,1.4953208103914586,91.66400146484375,14.579999923706055,20.579999923706055
650644,19479,Aaron Civale,1.4714107199602044,148.9777069091797,24.299999237060547,39.29999923706055
676710,20531,Kutter Crawford,1.4683589538127595,124.02459716796875,16.200000762939453,51.20000076293945
450203,4676,Charlie Morton,1.464498595877048,158.5648956298828,27.540000915527344,27.540000915527344
663978,20099,Chris Paddack,1.4594531060344034,134.4810028076172,17.81999969482422,53.81999969482422
672282,27468,Reid Detmers,1.454109149986673,106.78479766845703,12.960000038146973,48.959999084472656
608337,15474,Lucas Giolito,1.4519879922491037,137.7790985107422,22.68000030517578,32.68000030517578
571760,15423,Andrew Heaney,1.4502135352428063,143.29150390625,24.299999237060547,36.29999923706055
663554,20492,Casey Mize,1.4323013756151297,123.5199966430664,22.68000030517578,22.68000030517578
434378,8700,Justin Verlander,1.4055498206047283,141.4886932373047,24.299999237060547,24.299999237060547
622608,15488,Antonio Senzatela,1.393181451077956,148.21510314941406,24.299999237060547,39.29999923706055
607536,16256,Kyle Freeland,1.391672597152216,158.40789794921875,27.540000915527344,27.540000915527344
592791,11674,Jameson Taillon,1.3767838295034056,167.8134002685547,29.15999984741211,29.15999984741211
695243,31757,Mason Miller,1.3698451450228712,67.0,0.0,67.0
621111,19374,Walker Buehler,1.369161049192729,152.39849853515625,25.920000076293945,37.91999816894531
571927,13361,Steven Matz,1.3448124680909443,127.12190246582031,16.200000762939453,55.20000076293945
683003,27863,Jared Jones,1.344101383300034,90.22650146484375,14.579999923706055,22.579999923706055
694738,30076,Landen Roupp,1.3017650537888819,137.06430053710938,21.059999465942383,40.060001373291016
680730,27636,Mitchell Parker,1.2911442396837232,154.3784942626953,25.920000076293945,34.91999816894531
805673,31827,Zebby Matthews,1.2667599502105145,107.04889678955078,14.579999923706055,42.58000183105469
681293,29921,Spencer Arrighetti,1.243560668697162,141.28689575195312,25.920000076293945,25.920000076293945
621121,14120,Lance McCullers Jr.,1.2432768750810512,109.28510284423828,14.579999923706055,40.58000183105469
663460,21455,Kris Bubic,1.2362176273681924,130.97799682617188,17.81999969482422,49.81999969482422
691587,27768,Eury Pérez,1.234668668043732,80.6072006225586,14.579999923706055,14.579999923706055
669358,22264,Shane Baz,1.2157151743777384,149.51919555664062,24.299999237060547,36.29999923706055
669467,26108,Andre Pallante,1.2130108185314068,134.91990661621094,21.059999465942383,37.060001373291016
641816,16358,Tyler Mahle,1.2123828550123228,138.29190063476562,24.299999237060547,24.299999237060547
665152,19350,Dean Kremer,1.2085681274058722,146.54420471191406,25.920000076293945,25.920000076293945
684320,33838,Yariel Rodríguez,1.2000879609718835,113.49710083007812,11.34000015258789,66.33999633789062
668964,22191,Tobias Myers,1.1974788621432175,144.96119689941406,22.68000030517578,41.68000030517578
592351,14916,Jon Gray,1.1968420063690788,109.31520080566406,17.81999969482422,29.81999969482422
593423,14309,Frankie Montas,1.191839448601635,105.0553970336914,19.440000534057617,19.440000534057617
671096,29911,Andrew Abbott,1.1634069418881934,117.3386001586914,21.059999465942383,21.059999465942383
663436,21448,Davis Martin,1.1549690829061647,133.20599365234375,24.299999237060547,24.299999237060547
701581,30056,David Festa,1.1498473018444186,85.42289733886719,12.960000038146973,27.959999084472656
477132,2036,Clayton Kershaw,1.1374233610291031,71.41549682617188,12.960000038146973,12.960000038146973
700363,29960,AJ Smith-Shawver,1.134712954822428,134.96859741210938,19.440000534057617,45.439998626708984
669160,19716,Dustin May,1.1336857654129595,80.55570220947266,6.480000019073486,50.47999954223633
573186,13431,Marcus Stroman,1.1292245745439375,162.5550994873047,29.15999984741211,29.15999984741211
500779,11423,Jose Quintana,1.1287413460756885,135.72970581054688,24.299999237060547,24.299999237060547
679525,27451,Alec Marsh,1.1197944686521957,116.50360107421875,17.81999969482422,37.81999969482422
680732,29878,Sean Burke,1.1091767581411474,169.54730224609375,25.920000076293945,33.91999816894531
642585,20666,Félix Bautista,1.1014393197773773,60.0,0.0,60.0
661395,21029,Jhoan Duran,1.099580253597284,65.0,0.0,65.0
695076,33876,Rhett Lowder,1.0724547966867277,114.20500183105469,17.81999969482422,31.81999969482422
621242,14710,Edwin Díaz,1.0417502621498094,65.0,0.0,65.0
502043,10123,Kyle Gibson,1.0370500785684131,118.47229766845703,19.440000534057617,27.440000534057617
458681,2520,Lance Lynn,1.036245025931483,94.52140045166016,16.200000762939453,16.200000762939453
661563,21052,Luis Gil,1.0201013212517842,99.04869842529297,16.200000762939453,26.200000762939453
647336,18383,Michael Soroka,1.0071641494796273,135.12379455566406,17.81999969482422,54.81999969482422
701542,30182,Will Warren,0.9969291824735163,114.86730194091797,17.81999969482422,33.81999969482422
677960,23796,Ryan Weathers,0.9861208667012951,106.67369842529297,19.440000534057617,19.440000534057617
547179,14843,Michael Lorenzen,0.9841008528853767,152.28109741210938,21.059999465942383,56.060001373291016
656731,21318,Tylor Megill,0.9767341843609678,93.60559844970703,9.720000267028809,50.720001220703125
542881,12880,Tyler Anderson,0.9668072183255149,171.41619873046875,29.15999984741211,29.15999984741211
657140,19665,Kyle Wright,0.955203172499165,87.5739974975586,11.34000015258789,35.34000015258789
664854,18138,Ryan Helsley,0.945653537930304,66.0,0.0,66.0
669713,27581,Hayden Wesneski,0.939071798599266,128.91799926757812,19.440000534057617,41.439998626708984
641793,15823,Zack Littell,0.9369700273950633,144.2855987548828,24.299999237060547,34.29999923706055
680573,24494,Simeon Woods Richardson,0.9316898877251115,129.21620178222656,24.299999237060547,24.299999237060547
663855,19618,Jordan Hicks,0.923935776132722,137.904296875,22.68000030517578,38.68000030517578
676664,23429,JP Sears,0.9237111941317362,177.72279357910156,30.780000686645508,30.780000686645508
623352,14212,Josh Hader,0.9152949788718272,68.0,0.0,68.0
663559,20070,Bailey Falter,0.9012091100369188,144.86749267578125,22.68000030517578,46.68000030517578
621381,13799,Matt Strahm,0.8958958490529674,66.0,0.0,66.0
676917,27473,Cade Cavalli,0.8887188824733692,97.9822006225586,14.579999923706055,29.579999923706055
686563,31730,Jonathan Cannon,0.8877322669497645,158.6865997314453,25.920000076293945,31.920000076293945
671106,27589,Logan Allen,0.886521947152051,122.22000122070312,22.68000030517578,22.68000030517578
643377,20253,Griffin Jax,0.8787109052907922,70.0,0.0,70.0
669461,22294,Matthew Liberatore,0.8746953347090145,134.56370544433594,17.81999969482422,57.81999969482422
527048,6902,Martín Pérez,0.8728384834380767,137.19659423828125,24.299999237060547,24.299999237060547
661403,21032,Emmanuel Clase,0.8643407459390287,66.0,0.0,66.0
656546,17432,Jeff Hoffman,0.863569025134241,65.0,0.0,65.0
656550,16944,Grant Holmes,0.8498613292452111,124.17340087890625,14.579999923706055,57.58000183105469
671922,27867,Cade Smith,0.846949390968168,68.0,0.0,68.0
608372,35321,Tomoyuki Sugano,0.8432294671326377,150.50999450683594,24.299999237060547,36.29999923706055
656945,17586,Tanner Scott,0.836752374901913,66.0,0.0,66.0
690986,27758,Kyle Harrison,0.8355312975826754,94.97859954833984,12.960000038146973,36.959999084472656
596295,16561,Austin Gomber,0.8026630000414691,143.08949279785156,25.920000076293945,25.920000076293945
650556,16609,Bryan Abreu,0.8006103800387109,72.0,0.0,72.0
662253,20373,Andrés Muñoz,0.7921059185905966,64.0,0.0,64.0
665871,21741,Javier Assad,0.7885230693194266,135.88690185546875,21.059999465942383,43.060001373291016
676282,23335,Joey Cantillo,0.7870218502082917,100.71869659423828,8.100000381469727,64.0999984741211
615698,19312,Cal Quantrill,0.780978513291053,146.4492950439453,25.920000076293945,25.920000076293945
669194,26253,Ryne Nelson,0.7751312990177119,124.8207015991211,16.200000762939453,51.20000076293945
686799,27688,Jack Kochanowicz,0.7724837948827702,129.12759399414062,21.059999465942383,29.059999465942383
543294,12049,Kyle Hendricks,0.7718140156810807,131.80320739746094,24.299999237060547,24.299999237060547
592866,16977,Trevor Williams,0.7677572157371871,136.86880493164062,21.059999465942383,45.060001373291016
547973,10233,Aroldis Chapman,0.7643833142597967,63.0,0.0,63.0
801403,33482,Chase Dollander,0.7628777581943109,118.80799865722656,19.440000534057617,27.440000534057617
670912,22487,Johan Oviedo,0.7595217274077428,109.98760223388672,16.200000762939453,35.20000076293945
689147,31776,Orion Kerkering,0.7571902370580713,63.0,0.0,63.0
669211,19362,Keegan Akin,0.7474741389263302,70.0,0.0,70.0
687792,26389,DJ Herz,0.7361810463423205,74.8656005859375,11.34000015258789,25.34000015258789
676477,20191,Garrett Whitlock,0.7186260423733445,66.0,0.0,66.0
668674,19360,Lucas Erceg,0.7043706454316305,67.0,0.0,67.0
681343,31687,Shane Smith,0.7039253180829268,117.33999633789062,16.200000762939453,41.20000076293945
676254,20423,Ryan Walker,0.7033649141195918,68.0,0.0,68.0
607481,16258,Aaron Bummer,0.6941098477280617,61.0,0.0,61.0
806185,31635,Hayden Birdsong,0.690075150994796,112.78569793701172,16.200000762939453,42.20000076293945
656730,17722,Trevor Megill,0.6884661424739628,64.0,0.0,64.0
683004,30146,Jack Leiter,0.6807266744903968,130.2158966064453,19.440000534057617,43.439998626708984
679885,24453,Justin Martinez,0.6731769799016897,67.0,0.0,67.0
621237,17780,José Alvarado,0.6725195747061982,61.0,0.0,61.0
656288,19867,Griffin Canning,0.672034274905015,122.62670135498047,16.200000762939453,49.20000076293945
592094,11861,Jason Adam,0.6599163700765606,67.0,0.0,67.0
621112,14739,Paul Blackburn,0.6576214349299354,88.73989868164062,8.100000381469727,52.099998474121094
595014,12572,Blake Treinen,0.6571462539739189,59.0,0.0,59.0
455119,11847,Chris Martin,0.6552032725710759,58.0,0.0,58.0
700241,29869,Michael McGreevy,0.6534012805962688,84.71649932861328,8.100000381469727,46.099998474121094
669093,22210,Jeremiah Estrada,0.6508639485585248,63.0,0.0,63.0
594902,14932,Ben Lively,0.6492395908958447,136.02169799804688,24.299999237060547,24.299999237060547
677651,23735,Luis Garcia,0.6489852965045715,63.59339904785156,9.720000267028809,18.719999313354492
674370,23150,Osvaldo Bido,0.642052381767378,121.11730194091797,16.200000762939453,49.20000076293945
628317,18498,Kenta Maeda,0.6361982882125636,76.86859893798828,3.240000009536743,63.2400016784668
518585,7048,Fernando Cruz,0.633109779316789,61.0,0.0,61.0
640462,19343,A.J. Puk,0.6318569591144172,64.0,0.0,64.0
682847,27646,Luis Ortiz,0.629671793260094,137.8502960205078,22.68000030517578,33.68000030517578
571578,9323,Patrick Corbin,0.6296548703724519,89.81210327148438,16.200000762939453,16.200000762939453
628452,17130,Raisel Iglesias,0.6266353391060132,68.0,0.0,68.0
554340,12095,Yimi García,0.6242831961671234,61.0,0.0,61.0
640451,15507,Hunter Harvey,0.6241711963722851,59.0,0.0,59.0
687765,27707,Mitch Spence,0.6145699116854016,109.68499755859375,12.960000038146973,50.959999084472656
521230,3548,Liam Hendriks,0.6139473787643368,61.0,0.0,61.0
642207,15816,Devin Williams,0.6088609273697307,63.0,0.0,63.0
676395,23363,Robert Garcia,0.6043766105753142,64.0,0.0,64.0
666374,25756,Matt Brash,0.5950857611649687,50.0,0.0,50.0
691725,30091,Andrew Painter,0.5904704187458172,72.63800048828125,11.34000015258789,19.34000015258789
696149,29868,Bubba Chandler,0.5845582864502243,73.87200164794922,12.960000038146973,12.960000038146973
686973,27691,Louis Varland,0.5776462083834992,68.96959686279297,1.6200000047683716,61.619998931884766
666619,21894,Gregory Santos,0.577581344684195,62.0,0.0,62.0
690829,31461,Ben Joyce,0.572385094712237,62.0,0.0,62.0
664062,19388,Tony Gonsolin,0.5667361832890383,96.22419738769531,12.960000038146973,36.959999084472656
666120,19951,Ian Anderson,0.5664392032810959,91.55899810791016,8.100000381469727,54.099998474121094
592779,16727,Brock Stewart,0.5630903072266747,50.0,0.0,50.0
702273,32056,Noah Schultz,0.5623452038434572,46.16999816894531,8.100000381469727,8.100000381469727
693821,27779,Bryce Elder,0.5545797698266204,69.21759796142578,9.720000267028809,24.719999313354492
657585,16866,Reed Garrett,0.5530463344527273,66.0,0.0,66.0
681190,24719,Randy Vásquez,0.5517442289210686,93.65499877929688,14.579999923706055,29.579999923706055
621345,18655,A.J. Minter,0.5485742096347237,57.0,0.0,57.0
663485,21461,Cole Sands,0.5480310481097376,64.0,0.0,64.0
670280,19569,David Bednar,0.5419943894093695,64.0,0.0,64.0
676684,19769,Will Vest,0.5401828367691413,68.0,0.0,68.0
519151,7005,Ryan Pressly,0.5364293442636575,61.0,0.0,61.0
666808,21992,Camilo Doval,0.5347013536841023,62.0,0.0,62.0
663158,30115,Robert Suarez,0.5319593157084964,65.0,0.0,65.0
664126,17998,Pete Fairbanks,0.5212118710553514,60.0,0.0,60.0
622554,19249,Seranthony Domínguez,0.5177874580019189,63.0,0.0,63.0
700249,30055,Cade Povich,0.5146625575777473,65.50140380859375,8.100000381469727,29.100000381469727
502085,8241,David Robertson,0.5108838738445363,48.0,0.0,48.0
686580,25648,Justin Slaten,0.5100828953128798,64.0,0.0,64.0
666974,25911,Yennier Cano,0.5067225883036012,62.0,0.0,62.0
458677,4301,Justin Wilson,0.504448457999162,58.0,0.0,58.0
623465,17734,Evan Phillips,0.49569955018673634,50.0,0.0,50.0
663362,25550,Matt Waldron,0.4926095383434111,64.4480972290039,9.720000267028809,19.719999313354492
605513,16207,Spencer Turnbull,0.4914039872026065,46.006500244140625,8.100000381469727,8.100000381469727
643410,15551,Mark Leiter Jr.,0.49104098052830747,58.0,0.0,58.0
572955,13435,Pierce Johnson,0.49102483503724725,64.0,0.0,64.0
663542,19924,Bryan Hudson,0.4846511390388677,60.0,0.0,60.0
621383,16990,Tanner Banks,0.4773517283841182,68.0,0.0,68.0
642397,19677,Gregory Soto,0.4743823446939729,61.0,0.0,61.0
596001,13619,Jakob Junis,0.46544037586447995,68.81580352783203,1.6200000047683716,61.619998931884766
687273,sa3023407,Quinn Mathews,0.4650280308929602,48.93600082397461,6.480000019073486,18.479999542236328
676428,30133,Brant Hurter,0.46476487051824333,55.0,0.0,55.0
681911,25007,Alex Vesia,0.4620966643592583,58.0,0.0,58.0
682842,25327,Abner Uribe,0.45329849183974835,55.0,0.0,55.0
671212,29608,Joe Boyle,0.45303683117058136,70.29769897460938,4.860000133514404,48.86000061035156
489446,9073,Kirby Yates,0.45236942354802157,60.0,0.0,60.0
669062,26252,Erik Miller,0.4485428000610944,61.0,0.0,61.0
686753,26260,Drey Jameson,0.4446268033186137,63.17580032348633,3.240000009536743,48.2400016784668
656464,19876,Kevin Ginkel,0.43610506069241767,51.0,0.0,51.0
669372,27889,J.T. Ginn,0.4350999512209265,88.78340148925781,12.960000038146973,28.959999084472656
670059,22361,Colin Holderman,0.4333116034827627,62.0,0.0,62.0
676272,27483,Bobby Miller,0.4332122870422588,46.76259994506836,1.6200000047683716,39.619998931884766
673513,33826,Yuki Matsui,0.42305655862983904,58.0,0.0,58.0
641656,19261,Ian Hamilton,0.42105683760062484,60.0,0.0,60.0
670970,20039,Adrian Morejon,0.4169223583657801,61.0,0.0,61.0
573204,10078,Caleb Thielbar,0.4158293250841148,56.0,0.0,56.0
669622,19742,Anthony Bender,0.4156171907845504,61.0,0.0,61.0
607067,12317,Colin Rea,0.4117030785433698,79.9822006225586,8.100000381469727,43.099998474121094
445276,3096,Kenley Jansen,0.40817792666297587,60.0,0.0,60.0
680694,24586,Kyle Bradish,0.4078952537670628,21.979999542236328,1.6200000047683716,14.619999885559082
663947,26231,Tyler Holton,0.40626714757124816,63.0,0.0,63.0
666215,19586,Forrest Whitley,0.40366044194843514,55.0,0.0,55.0
657571,19349,Caleb Ferguson,0.40052830039281184,61.0,0.0,61.0
669276,19996,Dylan Lee,0.4004751015549972,62.0,0.0,62.0
678226,20271,Daysbel Hernández,0.39024607406754985,58.0,0.0,58.0
669084,22207,DL Hall,0.38403325438723807,45.82270050048828,3.240000009536743,31.239999771118164
683232,25376,Nick Mears,0.3762447341649082,58.0,0.0,58.0
674003,27597,Cody Bradford,0.3757995684914215,55.142398834228516,3.240000009536743,40.2400016784668
544150,6175,Albert Suárez,0.3745986458791678,70.85919952392578,1.6200000047683716,63.619998931884766
657649,27517,Jared Koenig,0.37387570387659325,62.0,0.0,62.0
673380,23055,Dedniel Núñez,0.3736452939869373,49.0,0.0,49.0
622786,16300,Jesus Tinoco,0.36179484229439296,64.0,0.0,64.0
669724,22304,Brenan Hanifee,0.3595554014607479,57.0,0.0,57.0
672582,22717,Angel Zerpa,0.3567315362235835,61.0,0.0,61.0
663878,20160,Nate Pearson,0.3561803164972477,63.0,0.0,63.0
596133,16918,Luke Weaver,0.3533387493598059,68.0,0.0,68.0
702070,30184,Noah Cameron,0.3523628193398085,45.23400115966797,1.6200000047683716,37.619998931884766
682120,25139,Tim Herrin,0.3517169830195094,62.0,0.0,62.0
660896,19459,Jorge Alcala,0.35042751626851976,61.0,0.0,61.0
677053,25942,Andrew Nardi,0.34385017227875436,39.0,0.0,39.0
642528,19753,Jonathan Loáisiga,0.34276007441870193,40.0,0.0,40.0
676775,23499,Keaton Winn,0.3400150877308497,54.79869842529297,1.6200000047683716,47.619998931884766
489119,8779,Wade Miley,0.33805236470540617,62.097999572753906,11.34000015258789,11.34000015258789
573124,13449,Taylor Rogers,0.3337019854899305,62.0,0.0,62.0
677944,27500,Slade Cecconi,0.3335469364021133,47.545501708984375,3.240000009536743,33.2400016784668
669620,25582,Brady Basso,0.32844288129899674,39.09410095214844,1.6200000047683716,31.6200008392334
687830,26048,Sawyer Gipson-Long,0.3227459355763544,37.18000030517578,1.6200000047683716,29.6200008392334
605452,12972,Joe Ross,0.3213938563247539,62.90999984741211,1.6200000047683716,55.619998931884766
678606,24017,José A. Ferrer,0.31961017558061483,62.0,0.0,62.0
696136,30094,Jordan Wicks,0.31888741744954374,46.882301330566406,6.480000019073486,18.479999542236328
518886,6655,Craig Kimbrel,0.31835745502016427,50.0,0.0,50.0
672456,22630,Keider Montero,0.3145248822969296,50.373199462890625,6.480000019073486,20.479999542236328
664076,17897,Garrett Cleavinger,0.31357618124660064,63.0,0.0,63.0
668941,19574,JoJo Romero,0.3117574092942734,62.0,0.0,62.0
657514,16835,Brennan Bernardino,0.3110520281628798,55.0,0.0,55.0
684974,33248,Craig Yoho,0.30945240973735155,51.0,0.0,51.0
605154,12777,John Brebbia,0.30872716754563945,58.0,0.0,58.0
689017,27487,Landon Knack,0.30789426626142213,44.86840057373047,1.6200000047683716,37.619998931884766
682990,25977,Quinn Priester,0.30703603435980015,42.0,0.0,42.0
681892,24993,Kody Funderburk,0.306934371678778,48.0,0.0,48.0
677952,23793,Braxton Ashcraft,0.3066391425347229,44.46799850463867,3.240000009536743,29.239999771118164
607455,14706,Anthony Banda,0.3061217093667347,57.0,0.0,57.0
543056,13293,Danny Coulombe,0.30432389364225804,56.0,0.0,56.0
642100,17170,Gabe Speier,0.30412387381027933,58.0,0.0,58.0
523260,9761,Joe Kelly,0.3018269308891467,27.0,0.0,27.0
608032,14542,Carlos Estévez,0.3016188380196072,64.0,0.0,64.0
670167,20020,John Schreiber,0.29984010208471823,62.0,0.0,62.0
548389,13273,Ross Stripling,0.2994259186516359,55.1786994934082,9.720000267028809,9.720000267028809
656271,17968,Brock Burke,0.29852674662991174,66.0,0.0,66.0
663568,21487,Stephen Kolek,0.2972412309852889,79.16999816894531,8.100000381469727,41.099998474121094
681432,28036,Luke Little,0.2920285038470775,40.0,0.0,40.0
606303,14332,Joel Payamps,0.2882750054543984,61.0,0.0,61.0
542888,12857,Shawn Armstrong,0.28525517873492345,54.0,0.0,54.0
621114,17536,Ryan Burr,0.2819467160835423,44.0,0.0,44.0
676617,20348,Riley O'Brien,0.28142003839486185,53.0,0.0,53.0
605447,16122,Jordan Romano,0.2798576949857198,59.0,0.0,59.0
695549,30203,Jackson Jobe,0.27888190565141474,130.04200744628906,21.059999465942383,31.059999465942383
687911,25890,Bryan King,0.2782393113735646,62.0,0.0,62.0
676879,23550,Aaron Ashby,0.2772134886857267,52.926700592041016,3.240000009536743,38.2400016784668
640448,15009,Kyle Finnegan,0.27647683292792874,63.0,0.0,63.0
656222,17192,Jalen Beeks,0.2659471185334592,50.0,0.0,50.0
660813,20367,Brusdar Graterol,0.2634466852520843,28.0,0.0,28.0
664141,17578,JT Brubaker,0.2629241347041882,60.19919967651367,3.240000009536743,45.2400016784668
668933,27552,Graham Ashcraft,0.26105469605097636,55.0,0.0,55.0
657240,16703,Julian Merryweather,0.2598324891362143,61.0,0.0,61.0
800049,31900,Adam Mazur,0.2535341342109066,35.32460021972656,6.480000019073486,6.480000019073486
666214,19962,Joey Wentz,0.2513864663084651,65.0,0.0,65.0
671345,19531,Jason Foley,0.24964231217402943,50.0,0.0,50.0
657044,16647,Ryan Thompson,0.24432797581238208,63.0,0.0,63.0
592454,11384,Tommy Kahnle,0.24038029268356406,61.0,0.0,61.0
623149,13892,Paul Sewald,0.23938393601212285,59.0,0.0,59.0
663738,21537,Daniel Lynch IV,0.23607836773854474,69.98200225830078,3.240000009536743,55.2400016784668
656638,19883,Alex Lange,0.23499954526153677,39.0,0.0,39.0
676534,20116,Calvin Faucher,0.2338503835834159,63.0,0.0,63.0
671305,22533,Michel Otañez,0.2328610235634657,52.0,0.0,52.0
571948,13346,Hoby Milner,0.23215157528329558,58.0,0.0,58.0
663969,20629,Tyler Phillips,0.23201487827223874,50.0,0.0,50.0
681217,30074,Chase Silseth,0.23178400966946563,60.877498626708984,1.6200000047683716,53.619998931884766
660761,19911,José Suarez,0.23148534296500625,54.7843017578125,1.6200000047683716,47.619998931884766
518489,5615,Ryan Brasier,0.23116460529304692,52.0,0.0,52.0
622072,13781,Alex Wood,0.22669616813634674,34.10430145263672,6.480000019073486,6.480000019073486
664776,21620,Jake Cousins,0.22086557524169295,54.0,0.0,54.0
680767,24614,Victor Vodnik,0.21899111299978202,65.0,0.0,65.0
663546,21481,Sean Hjelle,0.2185715179004326,50.0,0.0,50.0
663893,21574,Brendon Little,0.21264331066151332,56.0,0.0,56.0
678692,24094,Ronny Henriquez,0.21188533067038384,56.0,0.0,56.0
518397,10591,Scott Alexander,0.21079177054472772,56.0,0.0,56.0
592426,11752,Luke Jackson,0.20779071096996427,60.0,0.0,60.0
471911,6632,Carlos Carrasco,0.20563917403583548,52.338600158691406,6.480000019073486,24.479999542236328
687863,26413,Porter Hodge,0.2050395143936468,63.0,0.0,63.0
641755,18297,Tyler Kinley,0.20419790360738863,64.0,0.0,64.0
600917,14524,José Leclerc,0.20308076795629976,64.0,0.0,64.0
660853,18403,Enyel De Los Santos,0.20176936773507176,54.0,0.0,54.0
571882,13133,Derek Law,0.2004447040950801,66.0,0.0,66.0
596112,13594,Robert Stephenson,0.1985145919607991,38.0,0.0,38.0
641941,14771,Emilio Pagán,0.19697832377676974,65.0,0.0,65.0
695418,31972,Brad Lord,0.19544744970233469,57.23400115966797,1.6200000047683716,49.619998931884766
669711,20375,Greg Weissert,0.19543586224975723,60.0,0.0,60.0
680742,24607,Jonathan Bowlan,0.19437873582847168,44.0,0.0,44.0
677161,20349,Zack Kelly,0.19379893859528025,50.0,0.0,50.0
573009,14857,Joe Mantiply,0.19314303289986975,59.0,0.0,59.0
690925,27494,Clayton Beeter,0.19202310135489134,26.0,0.0,26.0
472610,6984,Luis García,0.19075372852021766,33.0,0.0,33.0
656629,17282,Michael Kopech,0.18916488210941648,53.0,0.0,53.0
678020,33294,Seth Halvorsen,0.18716815128283337,63.0,0.0,63.0
641329,19804,Bryan Baker,0.184510084386087,52.0,0.0,52.0
605347,14527,Jorge López,0.1832231508228861,60.0,0.0,60.0
663992,19337,Richard Lovelady,0.18256232951777235,59.0,0.0,59.0
670174,22387,Josh Winckowski,0.1799854858724887,28.0,0.0,28.0
593974,14295,Wandy Peralta,0.17722341753516518,52.0,0.0,52.0
685126,27668,Brandon Eisert,0.17648536093482134,37.0,0.0,37.0
676130,23313,José Buttó,0.17616311931627232,63.0,0.0,63.0
641729,15761,Joe Jiménez,0.17541126859914763,25.0,0.0,25.0
667463,22051,John King,0.17510620533623536,60.0,0.0,60.0
681882,24986,Colin Selby,0.17449587485549067,48.0,0.0,48.0
621097,18318,Jacob Waguespack,0.17399826776830102,45.16680145263672,1.6200000047683716,37.619998931884766
663776,19447,Patrick Sandoval,0.17339811475161138,14.805000305175781,1.6200000047683716,7.619999885559082
664849,18439,Danny Young,0.17035107032793081,56.0,0.0,56.0
687075,33850,Brandon Sproat,0.16893960743759034,18.468000411987305,3.240000009536743,3.240000009536743
665625,21652,Elvis Peguero,0.16802094098105008,56.0,0.0,56.0
622250,18323,Josh Sborz,0.1661999360381018,38.0,0.0,38.0
672335,19614,Cionel Pérez,0.16570433045026853,59.0,0.0,59.0
605177,12988,Andrew Chafin,0.16510967249922953,43.0,0.0,43.0
592773,15947,Ryne Stanek,0.16290935367154982,58.0,0.0,58.0
663941,21584,Tristan Beck,0.16256163598802553,42.0,0.0,42.0
642520,19835,Gerson Garabito,0.16164262186717912,60.0,0.0,60.0
681676,24862,Ryan Fernandez,0.16122202464806293,65.0,0.0,65.0
668868,25918,Zack Thompson,0.1608041113454686,26.0,0.0,26.0
623437,15145,Justin Topa,0.1605592456771381,52.0,0.0,52.0
694037,27914,Daniel Palencia,0.1599660968469829,38.0,0.0,38.0
669387,27572,Carmen Mlodzinski,0.1590534015038802,72.66539764404297,4.860000133514404,51.86000061035156
687330,25679,Kevin Kelly,0.15877081365034154,57.0,0.0,57.0
689225,26079,Beau Brieske,0.15842880504582146,66.0,0.0,66.0
670955,20539,Edwin Uceta,0.15732072340319875,65.0,0.0,65.0
641540,19409,Dane Dunning,0.15650524689606993,26.859100341796875,1.6200000047683716,19.6200008392334
663986,19932,Trevor Stephan,0.15649354876526994,39.0,0.0,39.0
681867,24975,Cooper Criswell,0.15581237937495895,30.72800064086914,1.6200000047683716,23.6200008392334
674944,20045,Sean Guenther,0.1533748547977071,44.0,0.0,44.0
701656,31475,Logan Henderson,0.1520603908955651,28.468000411987305,3.240000009536743,13.239999771118164
605130,14993,Scott Barlow,0.15128948300529976,58.0,0.0,58.0
592836,11836,Taijuan Walker,0.1511825042584046,74.7322006225586,4.860000133514404,52.86000061035156
700187,31883,Troy Taylor,0.1506267866063851,56.0,0.0,56.0
680736,31204,Justin Wrobleski,0.14897874409529108,40.0,0.0,40.0
700270,29271,Yilber Díaz,0.14828087588582217,49.13090133666992,1.6200000047683716,41.619998931884766
686730,27685,Carson Spiers,0.1471911188197279,50.98929977416992,3.240000009536743,36.2400016784668
621366,16350,Ryan Borucki,0.14599759412273083,52.0,0.0,52.0
671162,25873,Connor Thomas,0.14476222116790227,54.0,0.0,54.0
643338,15552,Chad Green,0.1435074634386452,63.0,0.0,63.0
493603,1247,Adam Ottavino,0.14317611740114766,31.0,0.0,31.0
676702,23455,Hunter Stratton,0.1402220140903091,38.0,0.0,38.0
663704,21527,James McArthur,0.13841278520605535,27.0,0.0,27.0
676661,23426,Max Lazar,0.13833795123081025,40.0,0.0,40.0
689958,33834,Andrew Walters,0.1381160451227214,50.0,0.0,50.0
680744,30140,Ty Madden,0.13762102240062518,21.0,0.0,21.0
552640,12828,Andrew Kittredge,0.13653971319479583,34.0,0.0,34.0
592767,11760,Drew Smyly,0.1340314867023127,27.0,0.0,27.0
694646,29866,Chayce McDermott,0.1333144524941303,30.0,0.0,30.0
660623,20468,Huascar Ynoa,0.13186609668709476,18.0,0.0,18.0
622780,17759,Angel Perdomo,0.13184650851560192,23.0,0.0,23.0
814005,33168,Jake Bloss,0.1317584755481991,40.08789825439453,4.860000133514404,17.860000610351562
666201,26410,Alek Manoah,0.13110487682542954,16.98270034790039,1.6200000047683716,9.619999885559082
655889,20794,Manuel Rodríguez,0.13043971044015096,61.0,0.0,61.0
656234,21267,Jake Bird,0.12637868744230157,61.0,0.0,61.0
605242,13218,Michael Fulmer,0.12250774854780522,44.0,0.0,44.0
677976,23798,Randy Dobnak,0.12210540106588874,42.0,0.0,42.0
687064,27819,Brandon Young,0.12173561824843797,28.0,0.0,28.0
666159,20369,Matt Manning,0.12152999101812775,33.060699462890625,1.6200000047683716,25.6200008392334
594580,14874,Sam Moll,0.12123946657756743,58.0,0.0,58.0
687931,31676,Carson Whisenhunt,0.12116084536112112,19.233999252319336,1.6200000047683716,11.619999885559082
681895,24995,Evan Sisk,0.12081671531477707,40.0,0.0,40.0
690916,30160,Richard Fitts,0.1198933803441543,57.46649932861328,4.860000133514404,34.86000061035156
681347,24728,Mike Burrows,0.11914749896904198,28.0,0.0,28.0
642048,17888,Tayler Saucedo,0.11818562786665866,61.0,0.0,61.0
605121,16201,Justin Anderson,0.11623310959344024,51.0,0.0,51.0
643511,15541,Tyler Rogers,0.11502682901813337,70.0,0.0,70.0
678024,30105,Mike Vasil,0.11412079492135041,81.7020034790039,4.860000133514404,58.86000061035156
543859,10315,Michael Tonkin,0.11401914584519379,51.0,0.0,51.0
642701,17878,Dennis Santana,0.11197122319200674,65.0,0.0,65.0
621053,19481,Tyler Ferguson,0.11177667171921457,62.0,0.0,62.0
656458,21290,Lucas Gilbreath,0.11050684308849446,48.0,0.0,48.0
672578,22713,Carlos Hernández,0.10946968140299232,50.0,0.0,50.0
663474,18000,Triston McKenzie,0.10653462084349946,85.36309814453125,8.100000381469727,49.099998474121094
643361,15369,Kevin Herget,0.1064364731973549,34.0,0.0,34.0
669432,22286,Trevor Rogers,0.10583203825917765,23.641799926757812,1.6200000047683716,16.6200008392334
686539,25645,Declan Cronin,0.10357443059302403,48.0,0.0,48.0
656986,21345,Bennett Sousa,0.10339330641916923,43.0,0.0,43.0
592155,16061,Cam Booser,0.10280596301626926,55.0,0.0,55.0
623211,6107,Huascar Brazobán,0.10191703908631145,47.0,0.0,47.0
702281,31893,Robby Snelling,0.10017355576740085,18.468000411987305,3.240000009536743,3.240000009536743
697812,30016,Joe Rock,0.09895921825142583,28.233999252319336,1.6200000047683716,20.6200008392334
680704,20517,Nick Sandlin,0.09866852797943995,60.0,0.0,60.0
667297,19178,Tommy Nance,0.09862137157036516,42.0,0.0,42.0
668968,22192,Hans Crouse,0.09852427500158371,56.0,0.0,56.0
691172,27765,Yosver Zulueta,0.09835267618531668,36.0,0.0,36.0
657024,16587,Erik Swanson,0.09821236132989467,46.0,0.0,46.0
641907,19712,Patrick Murphy,0.09788489163936487,42.0,0.0,42.0
679156,27624,Walter Pennington,0.0976826193570499,33.0,0.0,33.0
695445,29574,Chase Lee,0.09699423725580064,18.0,0.0,18.0
681006,25957,Josh Simpson,0.0943808695701752,41.0,0.0,41.0
702674,31508,Caden Dana,0.09199438541471183,35.916099548339844,6.480000019073486,6.480000019073486
663574,19926,Tony Santillan,0.09171213242182569,60.0,0.0,60.0
701603,sa3020264,Tyler Stuart,0.09169302533469872,18.0,0.0,18.0
664747,21132,Alexis Díaz,0.08964457392406511,52.0,0.0,52.0
664299,17606,Cristian Javier,0.08884087246331122,16.0,0.0,16.0
683769,25636,Hunter Gaddis,0.08699960412141529,65.0,0.0,65.0
694462,33527,Hurston Waldrep,0.08697919309853477,17.064300537109375,1.6200000047683716,9.619999885559082
593576,11804,Héctor Neris,0.08504852717245455,56.0,0.0,56.0
693313,30084,Carson Seymour,0.08368463360195166,22.0,0.0,22.0
668873,26213,Caleb Kilian,0.08332880119182826,23.10650062561035,1.6200000047683716,15.619999885559082
614179,14552,José Ruiz,0.0830043563224251,62.0,0.0,62.0
669060,19990,Bryse Wilson,0.08214156290786516,96.74040222167969,9.720000267028809,53.720001220703125
656641,21306,Jacob Latz,0.08172133348798723,48.0,0.0,48.0
685068,27508,Carson Ragsdale,0.08042958434882651,28.0,0.0,28.0
669212,20203,Eli Morgan,0.08000052146762907,52.0,0.0,52.0
663773,26304,Bryan Hoeing,0.07925181523968956,56.0,0.0,56.0
687798,26226,Nick Robertson,0.07914561650626116,39.0,0.0,39.0
682052,25098,Jacob Lopez,0.07844037783249179,22.0,0.0,22.0
681869,24977,Shawn Dubin,0.07806664257380512,28.0,0.0,28.0
693855,27932,Ian Seymour,0.0776771496016527,35.46799850463867,3.240000009536743,20.239999771118164
664294,21101,Dauri Moreta,0.07739703151800716,30.0,0.0,30.0
681870,24978,Erik Sabrowski,0.0763858345946419,46.0,0.0,46.0
691441,27974,Cristian Mena,0.07628671398625121,23.127300262451172,1.6200000047683716,15.619999885559082
677020,23617,Josh Walker,0.07614165782285272,32.0,0.0,32.0
641835,15042,Tim Mayza,0.07463291537966657,55.0,0.0,55.0
693713,27999,Emiliano Teodo,0.07451476029399018,26.0,0.0,26.0
623474,17556,Jimmy Herget,0.07410446344126084,50.0,0.0,50.0
669459,20515,Kyle Nelson,0.07402872407832879,32.0,0.0,32.0
674072,26285,Tommy Henry,0.07359737344474633,36.929901123046875,1.6200000047683716,29.6200008392334
693311,sa3014709,Tink Hence,0.07280771019984392,9.234000205993652,1.6200000047683716,1.6200000047683716
656794,16943,Sean Newcomb,0.0724813925292589,45.12110137939453,1.6200000047683716,37.619998931884766
663671,25553,Nic Enright,0.07182448982441897,36.0,0.0,36.0
686642,29530,Fraser Ellard,0.07081947576559829,62.0,0.0,62.0
650671,19200,José Quijada,0.06953626306839268,32.0,0.0,32.0
660825,20997,Eduard Bazardo,0.06945665724035338,48.0,0.0,48.0
548384,10061,Brooks Raley,0.06916110491609226,20.0,0.0,20.0
666745,25386,Jhony Brito,0.06904131821102026,22.0,0.0,22.0
676467,31312,Colton Gordon,0.06815028315118052,21.233999252319336,1.6200000047683716,13.619999885559082
595345,13580,Steven Okert,0.06722245704876875,52.0,0.0,52.0
678368,23899,Valente Bellozo,0.06708933394809584,69.40740203857422,9.720000267028809,24.719999313354492
608665,15514,Kendall Graveman,0.06687006144372519,53.0,0.0,53.0
802357,sa3023304,Drue Hackenberg,0.06523695736917354,9.234000205993652,1.6200000047683716,1.6200000047683716
656887,17034,Sean Reid-Foley,0.06274967203942039,19.0,0.0,19.0
547001,18769,Cody Poteet,0.06264021051920174,26.0,0.0,26.0
641585,21212,J.P. France,0.06214538845556339,27.17060089111328,1.6200000047683716,19.6200008392334
702752,33980,Jonathan Pintaro,0.060359913286942464,9.234000205993652,1.6200000047683716,1.6200000047683716
680891,30106,Jack Neely,0.060074542446227897,24.0,0.0,24.0
694477,30113,Chad Patrick,0.05942795452574788,34.23400115966797,1.6200000047683716,26.6200008392334
702193,31891,Andrew Morris,0.05519587090002473,13.0,0.0,13.0
693645,32095,Cam Schlittler,0.05518844836044492,9.234000205993652,1.6200000047683716,1.6200000047683716
680916,30195,Franco Aleman,0.054948659240689035,20.0,0.0,20.0
694819,31623,Jacob Misiorowski,0.054670597487223915,33.0,0.0,33.0
663423,17948,Trent Thornton,0.054044443406253515,67.0,0.0,67.0
664208,18064,Phil Maton,0.05327902543329632,63.0,0.0,63.0
606996,19646,Kyle Hart,0.05211028198834461,97.87200164794922,12.960000038146973,36.959999084472656
642216,21238,Allan Winans,0.052092119969606554,9.066100120544434,1.6200000047683716,1.6200000047683716
669330,20000,Tyler Wells,0.05106512942076958,10.0,0.0,10.0
683618,26944,Edgardo Henriquez,0.050180359342643165,22.0,0.0,22.0
671936,25590,Adam Macko,0.048859555109683296,9.234000205993652,1.6200000047683716,1.6200000047683716
696131,30171,Mason Black,0.04795422194948553,40.0,0.0,40.0
613534,13801,Austin Adams,0.047434127181717,13.0,0.0,13.0
647315,20185,Zach Pop,0.04739656603096773,35.0,0.0,35.0
641871,15264,Keynan Middleton,0.046460187361858106,18.0,0.0,18.0
691951,26443,Sam Aldegheri,0.046155172344845036,9.079500198364258,1.6200000047683716,1.6200000047683716
802419,31989,Thomas Harrington,0.04575711140710358,9.234000205993652,1.6200000047683716,1.6200000047683716
673929,29950,Jordan Leasure,0.04531996884797103,63.0,0.0,63.0
664875,17639,Justin Lawrence,0.04524618119637277,57.0,0.0,57.0
686930,31741,Mason Barnett,0.044821044336741805,9.234000205993652,1.6200000047683716,1.6200000047683716
681982,20546,Grant Anderson,0.042991041031244216,24.0,0.0,24.0
646242,20298,Jhonathan Díaz,0.041464427288843066,9.087300300598145,1.6200000047683716,1.6200000047683716
669721,27582,Davis Daniel,0.03943718037337292,9.0,0.0,9.0
805299,33568,Brandyn Garcia,0.03928201433045798,18.0,0.0,18.0
693308,sa3014492,Nick Frasso,0.03807181350974202,12.0,0.0,12.0
701519,30180,Travis Adams,0.03775427366304486,21.233999252319336,1.6200000047683716,13.619999885559082
666168,21850,Mason Thompson,0.03686118891455517,42.0,0.0,42.0
687396,27702,Brent Headrick,0.03624035670670856,28.0,0.0,28.0
622253,17796,Dillon Tate,0.035709364281465386,26.0,0.0,26.0
668470,22116,Hagen Danner,0.035543145977230274,26.0,0.0,26.0
694900,sa3022904,Kyle Amendt,0.03534544093002693,22.0,0.0,22.0
682785,sa3009716,Angel Bastardo,0.033783490836552514,15.0,0.0,15.0
683409,26790,Angel Chivilli,0.03319668499417265,53.0,0.0,53.0
608650,13932,Dietrich Enns,0.03271225487045629,12.0,0.0,12.0
593574,sa550522,Luis González,0.03269820571901441,26.0,0.0,26.0
642016,21229,Daniel Robert,0.03044374557449738,28.0,0.0,28.0
605463,13652,Tayler Scott,0.030422009146001246,65.0,0.0,65.0
687223,31612,Carson Palmquist,0.03019115598215853,9.234000205993652,1.6200000047683716,1.6200000047683716
669111,27942,John McMillon,0.02979509672424782,36.0,0.0,36.0
570257,11487,Joely Rodríguez,0.029568818848788564,24.0,0.0,24.0
667280,sa3010118,Andrew Misiaszek,0.028980224609500536,27.0,0.0,27.0
690928,30240,Hunter Dobbins,0.028202543676968717,14.0,0.0,14.0
695534,30170,Chase Petty,0.02784958360722808,22.233999252319336,1.6200000047683716,14.619999885559082
664199,17611,Taylor Clarke,0.027315599003165453,22.0,0.0,22.0
605288,12718,Adrian Houser,0.026698720160862114,16.777599334716797,1.6200000047683716,9.619999885559082
683175,27649,Connor Phillips,0.02609891475509335,18.0,0.0,18.0
685801,26259,Hunter Bigge,0.02502868059420317,55.0,0.0,55.0
687312,31614,Gabriel Hughes,0.0248749661800337,18.0,0.0,18.0
675916,20151,James Karinchak,0.024052741060329192,23.0,0.0,23.0
691828,sa3011735,Sem Robberse,0.023973013068734516,20.0,0.0,20.0
680701,24590,John Rooney,0.022920694997411607,26.0,0.0,26.0
608638,13767,JT Chargois,0.02220969607595571,13.0,0.0,13.0
693312,27775,Kyle Nicolas,0.021207842474382413,46.0,0.0,46.0
605155,12997,Colten Brewer,0.020589813907472165,22.0,0.0,22.0
672391,20061,Kaleb Ort,0.020587604866874342,58.0,0.0,58.0
680686,24580,Josiah Gray,0.01870455975370264,16.935100555419922,1.6200000047683716,9.619999885559082
666364,21866,Jordan Balazovic,0.018091173058455496,6.0,0.0,6.0
694331,sa3018117,Tyler Mattison,0.017930998191179794,16.0,0.0,16.0
663767,21544,Chase Shugart,0.01755866520807865,22.0,0.0,22.0
676498,sa3017501,Alex Cornwell,0.017236167454772817,8.0,0.0,8.0
642152,15043,Lou Trivino III,0.017191133426452326,66.0,0.0,66.0
669067,sa3018280,Ryan Webb,0.016874156683679677,16.0,0.0,16.0
687922,26058,Easton Lucas,0.016053554545323024,24.0,0.0,24.0
666129,21844,Braxton Garrett,0.01603799114398843,1.0,0.1754000037908554,0.1754000037908554
692230,30161,Carlos Rodriguez,0.015954118793773262,12.0,0.0,12.0
623167,13896,Chris Flexen,0.015556996107304166,8.0,0.0,8.0
666208,21859,Alex Speas,0.015510315774398532,9.0,0.0,9.0
543037,13125,Gerrit Cole,0.015197921698892801,1.0,0.133200004696846,0.3741999864578247
605397,12970,Joe Musgrove,0.014746654874190338,1.0,0.1704999953508377,0.19850000739097595
672841,22915,Carlos Vargas,0.014646514922329434,54.0,0.0,54.0
606160,12760,Rafael Montero,0.01450947279920961,48.0,0.0,48.0
687473,26440,Ryan Gusto,0.014388259244239428,54.46799850463867,3.240000009536743,39.2400016784668
685314,26203,Andrew Saalfrank,0.014374859706366833,26.0,0.0,26.0
677955,30250,Jaden Hill,0.014235924272388584,34.0,0.0,34.0
641302,17735,Tyler Alexander,0.014118002467513508,53.89619827270508,1.6200000047683716,46.619998931884766
669684,26214,Chris Murphy,0.014060319236949977,8.0,0.0,8.0
670990,19444,Yohan Ramírez,0.013906161644947774,15.0,0.0,15.0
802686,31913,Hayden Harris,0.0138356862880615,12.0,0.0,12.0
681035,30107,Christian Scott,0.013230516639170176,1.0,0.1754000037908554,0.1754000037908554
680729,31751,Garrett McDaniels,0.012874566454978836,60.0,0.0,60.0
668338,19976,Tyson Miller,0.012567370976012949,50.0,0.0,50.0
628711,14765,Julio Urías,0.012073719200294078,1.0,0.1754000037908554,0.1754000037908554
663795,21546,Justin Hagenman,0.011471439118646315,12.0,0.0,12.0
813349,33666,Connelly Early,0.011354432037319237,1.0,0.1754000037908554,0.1754000037908554
694813,27792,Gavin Stone,0.011232680134522376,1.0,0.1754000037908554,0.1754000037908554
545333,12703,Trevor Bauer,0.011225689295149471,1.0,0.1754000037908554,0.1754000037908554
694357,sa3018096,Ricky Tiedemann,0.010712018281386987,1.0,0.1754000037908554,0.1754000037908554
688107,29812,Robert Gasser,0.010523179735631315,1.0,0.1754000037908554,0.1754000037908554
669165,27514,Kyle Hurt,0.010026490488921649,1.0,0.05260000005364418,0.7526000142097473
656529,18548,Sam Hentges,0.009549621246951986,1.0,0.0,1.0
686218,29839,Emmet Sheehan,0.009532963737029065,1.0,0.1446000039577484,0.3206000030040741
547943,14444,Hyun Jin Ryu,0.00939149087089432,1.0,0.1754000037908554,0.1754000037908554
571616,14844,Matt Dermody,0.009297783796446964,1.0,0.1754000037908554,0.1754000037908554
592826,11189,Vince Velasquez,0.009255552122553424,8.0,0.0,8.0
622772,15690,Jimmy Cordero,0.009218224063363879,1.0,0.010700000450015068,0.9496999979019165
682790,26641,Wikelman González,0.008920329855295018,9.234000205993652,1.6200000047683716,1.6200000047683716
673510,sa3023350,Raidel Martinez,0.008805670672286062,1.0,0.0,1.0
675627,23221,Michael Grove,0.008801583455510102,1.0,0.010200000368058681,0.9521999955177307
663378,21065,Thomas Szapucki,0.008678584678741457,1.0,0.03400000184774399,0.8399999737739563
682995,33174,Hunter Barco,0.008609967651491052,1.0,0.17090000212192535,0.19689999520778656
431148,4897,Scott Kazmir,0.008549211602118278,1.0,0.1599999964237213,0.24799999594688416
543101,13050,Anthony DeSclafani,0.00829933866330539,1.0,0.1678999960422516,0.21089999377727509
687268,sa3022937,K.C. Hunt,0.008289825947315786,1.0,0.1378999948501587,0.35190001130104065
656756,16511,Jordan Montgomery,0.008146649625306143,1.0,0.15600000321865082,0.2669999897480011
688138,33699,Logan Evans,0.008138409374533005,19.233999252319336,1.6200000047683716,11.619999885559082
815456,sa3023483,Ben Shields,0.008120362452142312,1.0,0.1581999957561493,0.25619998574256897
690978,27757,Dax Fulton,0.00801897005684858,1.0,0.16979999840259552,0.20180000364780426
678316,23875,Omar Cruz,0.00801189998552144,28.0,0.0,28.0
690279,sa3020388,Mason Adams,0.007749568014370255,1.0,0.1737000048160553,0.18369999527931213
690217,sa3020563,C.J. Culpepper,0.007632027310206097,1.0,0.17299999296665192,0.18700000643730164
675512,31807,Troy Melton,0.0076172169063595035,1.0,0.1754000037908554,0.1754000037908554
680723,24602,Drew Rom,0.007592880850508833,1.0,0.1754000037908554,0.1754000037908554
667356,sa917784,Bryan Mata,0.007548054692032152,26.0,0.0,26.0
689818,31743,David Sandlin,0.007539359159084242,1.0,0.1754000037908554,0.1754000037908554
815590,sa3022744,Ryan Lobus,0.0075151796571348295,1.0,0.13910000026226044,0.34610000252723694
689441,27926,Coleman Crow,0.00747920433432386,1.0,0.1754000037908554,0.1754000037908554
663321,19281,Nick Hernandez,0.007443842175396533,32.0,0.0,32.0
690990,31872,Cade Horton,0.0074336897269909235,1.0,0.1754000037908554,0.1754000037908554
804636,32157,Jonah Tong,0.0073965671179421575,1.0,0.1712000072002411,0.19519999623298645
607644,16269,John Means,0.007234724897947443,1.0,0.1754000037908554,0.1754000037908554
691730,sa3023538,Alejandro Rosario,0.007181645082545481,1.0,0.17319999635219574,0.18619999289512634
663876,sa3007838,Nick Bush,0.007158590917185696,1.0,0.1754000037908554,0.1754000037908554
804577,sa3020839,Reid VanScoter,0.007109206292920909,1.0,0.1754000037908554,0.1754000037908554
678061,23809,Ray Kerr,0.0069459536409337145,1.0,0.06019999831914902,0.717199981212616
682769,28040,Eiberson Castellano,0.006904818134904155,1.0,0.17190000414848328,0.19189999997615814
572020,11828,James Paxton,0.006837483361126873,1.0,0.1754000037908554,0.1754000037908554
657097,19274,Jacob Webb,0.0068332567423703555,58.0,0.0,58.0
425844,1943,Zack Greinke,0.00681489181368037,1.0,0.16140000522136688,0.24140000343322754
476594,6576,Robert Stock,0.00678819272935177,1.0,0.1754000037908554,0.1754000037908554
689474,sa3020594,Austin Krob,0.006778350927184191,1.0,0.17399999499320984,0.18199999630451202
689672,31967,Drew Thorpe,0.006751166569800509,1.0,0.1754000037908554,0.1754000037908554
800048,31986,Parker Messick,0.006692693706197963,1.0,0.17419999837875366,0.18119999766349792
689981,29514,River Ryan,0.006551876593156721,1.0,0.1754000037908554,0.1754000037908554
685503,27505,Kohei Arihara,0.006504775396656497,1.0,0.15790000557899475,0.2578999996185303
687762,sa3023220,Blake Wehunt,0.006430033948794923,1.0,0.1754000037908554,0.1754000037908554
691946,33464,George Klassen,0.006349527527525709,1.0,0.1754000037908554,0.1754000037908554
607968,12499,Drew Rucinski,0.006283333175050166,1.0,0.1754000037908554,0.1754000037908554
602929,sa599472,Markus Solbach,0.00626365393158705,1.0,0.1754000037908554,0.1754000037908554
680689,24581,Lyon Richardson,0.0062269734374238795,10.0,0.0,10.0
683068,25368,Zach Penrod,0.006147433454209085,1.0,0.0,1.0
814351,sa3022996,Lucas Braun,0.006099980818103063,1.0,0.17399999499320984,0.18199999630451202
674841,29914,Andrew Alvarez,0.006003122478248275,1.0,0.1754000037908554,0.1754000037908554
593334,17149,Domingo Germán,0.006002560042013022,1.0,0.0763000026345253,0.6413000226020813
684296,sa3017462,Matt Osterberg,0.0059979594018117555,1.0,0.1754000037908554,0.1754000037908554
572971,9434,Dallas Keuchel,0.005969246310252859,1.0,0.1754000037908554,0.1754000037908554
630023,16401,Yonny Chirinos,0.005966720258409517,1.0,0.1754000037908554,0.1754000037908554
474463,8223,Brett Anderson,0.005871262820323849,1.0,0.1754000037908554,0.1754000037908554
543238,5097,Anthony Gose,0.005810225881314014,1.0,0.0,1.0
642558,17030,Ariel Jurado,0.0057763628412560285,1.0,0.1754000037908554,0.1754000037908554
695776,sa3015286,Josh Stephan,0.0057331617574909455,1.0,0.17229999601840973,0.19030000269412994
678752,sa3005839,Luis De Avila,0.005719509646673921,1.0,0.1754000037908554,0.1754000037908554
690997,33703,Nolan McLean,0.005707629323108703,1.0,0.1754000037908554,0.1754000037908554
493159,13046,Tsuyoshi Wada,0.005703850519388917,1.0,0.10419999808073044,0.510200023651123
679712,sa3017502,Lael Lockhart,0.005693228648303701,1.0,0.1712000072002411,0.19519999623298645
641949,sa3003988,John Parke,0.005680215959233234,1.0,0.1526000052690506,0.2825999855995178
665622,21649,Luis Medina,0.005655268996219063,1.0,0.1754000037908554,0.1754000037908554
687721,31696,Cameron Weston,0.005633505997062438,1.0,0.1581999957561493,0.25619998574256897
803596,sa3018362,Rafael Sanchez,0.005609329929026717,1.0,0.1737000048160553,0.18369999527931213
690939,sa3020834,Connor Noland,0.005558854178059605,1.0,0.17399999499320984,0.18199999630451202
684442,32070,Kohl Drake,0.005553582902294267,1.0,0.1671999990940094,0.2142000049352646
548337,12905,Logan Verrett,0.005530834301547655,1.0,0.1704999953508377,0.19850000739097595
691384,sa3014677,Luis Perales,0.0054814237772148515,1.0,0.1754000037908554,0.1754000037908554
806190,sa3020222,Isaac Coffey,0.005448792895094321,1.0,0.1704999953508377,0.19850000739097595
595897,16074,Nick Burdi,0.005448144127324813,1.0,0.0,1.0
804926,sa3020868,Austin Peterson,0.005353418921789518,1.0,0.1754000037908554,0.1754000037908554
802609,sa3020082,John Michael Bertrand,0.005345779303427352,1.0,0.17419999837875366,0.18119999766349792
502042,6345,Chris Archer,0.005319952671706283,1.0,0.1754000037908554,0.1754000037908554
,,,0.005305199959641072,1.0,0.1754000037908554,0.1754000037908554
669247,sa3011411,Chris Clarke,0.005199440750033097,1.0,0.16930000483989716,0.20430000126361847
680933,sa3008263,Joander Suarez,0.005181969909602335,1.0,0.17249999940395355,0.18950000405311584
807743,33502,Sean Sullivan,0.005143027055340126,1.0,0.1754000037908554,0.1754000037908554
681410,sa3020603,Connor McCullough,0.005123700694053677,1.0,0.1096000000834465,0.4846000075340271
605182,12808,Mike Clevinger,0.005070090214878437,64.0,0.0,64.0
600355,sa829625,Tyler Herb,0.005028940507227634,1.0,0.0,1.0
669145,20370,Bruce Zimmermann,0.004980215298611986,1.0,0.0,1.0
640453,sa738697,Connor Jones,0.0049353227331789306,1.0,0.1754000037908554,0.1754000037908554
663558,20422,Jovani Morán,0.004935153489025972,1.0,0.0,1.0
702021,30061,Will Dion,0.004915427645611172,1.0,0.1728000044822693,0.18780000507831573
689608,sa3017815,Walker Powell,0.004891802956082645,1.0,0.1754000037908554,0.1754000037908554
608344,19244,Cole Irvin,0.004841633202673072,1.0,0.13120000064373016,0.3831999897956848
673820,23091,Robinson Piña,0.00482305189651028,1.0,0.1754000037908554,0.1754000037908554
679922,24458,Carlos Duran,0.00481803185051586,1.0,0.1754000037908554,0.1754000037908554
594835,15467,Marco Gonzales,0.004803030149629452,1.0,0.1754000037908554,0.1754000037908554
501985,10021,Mike Minor,0.004796308522758257,1.0,0.1754000037908554,0.1754000037908554
622703,15688,Ronald Herrera,0.004714867507975681,1.0,0.1754000037908554,0.1754000037908554
642239,15094,Rob Zastryzny,0.00471471400645454,1.0,0.0763000026345253,0.6413000226020813
677945,sa3008589,Ethan Hankins,0.004693195707661078,1.0,0.1754000037908554,0.1754000037908554
656755,21319,Bryce Montes de Oca,0.004618582286951905,1.0,0.0,1.0
543339,7146,Daniel Hudson,0.004598619567771707,1.0,0.0,1.0
669416,sa3005117,Blayne Enlow,0.004567246056838983,1.0,0.1754000037908554,0.1754000037908554
683363,sa3023171,Matt Wilkinson,0.004479746104255393,1.0,0.1754000037908554,0.1754000037908554
805326,31920,Tyler Schweitzer,0.0044761766006361945,1.0,0.1754000037908554,0.1754000037908554
669465,sa3017913,Landon Marceaux,0.004472325887836106,1.0,0.1754000037908554,0.1754000037908554
686645,sa3011803,Jean Pinto,0.004461753434337111,1.0,0.1623000055551529,0.23729999363422394
683690,sa3009243,Royber Salinas,0.0044265842857645265,1.0,0.1754000037908554,0.1754000037908554
649143,sa877857,Lachlan Wells,0.00441735332074292,1.0,0.1754000037908554,0.1754000037908554
675921,23252,Spencer Howard,0.004382063730013367,1.0,0.0625,0.7064999938011169
641538,sa738963,Frank Duncan,0.0043712097982983675,1.0,0.1754000037908554,0.1754000037908554
687924,30031,Julian Aguiar,0.004365162413450022,1.0,0.1754000037908554,0.1754000037908554
676804,sa3004475,Jake Dahlberg,0.004340860470122188,1.0,0.1737000048160553,0.18369999527931213
801179,sa3019278,Yu-Min Lin,0.00433983155436534,1.0,0.1754000037908554,0.1754000037908554
805123,31764,AJ Blubaugh,0.004330719123501234,1.0,0.16820000112056732,0.20919999480247498
518774,11713,Matt Harvey,0.0043259081816439,1.0,0.1754000037908554,0.1754000037908554
686632,sa3020875,Steven Zobac,0.004323496992574547,1.0,0.17249999940395355,0.18950000405311584
658791,17508,Wei-Chieh Huang,0.004307914727615402,1.0,0.15299999713897705,0.2809999883174896
683764,sa3011530,Matt Canterino,0.004301043330761116,1.0,0.17229999601840973,0.19030000269412994
687060,sa3020174,Blake Adams,0.00428520937788917,1.0,0.17389999330043793,0.18289999663829803
694909,sa3017896,Christian McGowan,0.004282658407500275,1.0,0.16740000247955322,0.2134000062942505
640470,17859,Adbert Alzolay,0.004245808702195434,1.0,0.0,1.0
691893,sa3015433,Jean Cabrera,0.0042450186362017915,1.0,0.17350000143051147,0.18449999392032623
678022,31468,Jack Perkins,0.004242234235533904,1.0,0.17110000550746918,0.19609999656677246
676194,20565,Jackson Tetreault,0.004234067067865775,1.0,0.1754000037908554,0.1754000037908554
674681,23191,Michael Plassmeyer,0.004221611152589705,1.0,0.1754000037908554,0.1754000037908554
669920,19666,Jason Alexander,0.0042116475290418474,1.0,0.13699999451637268,0.35600000619888306
686839,26024,Brendan White,0.004194207343559145,1.0,0.00860000029206276,0.9595999717712402
686610,27681,Ken Waldichuk,0.004179640450982225,1.0,0.12809999287128448,0.39809998869895935
543045,14457,Adam Conley,0.004179083184947753,1.0,0.0,1.0
694372,sa3015010,Adam Seminaris,0.004161808726662719,1.0,0.13490000367164612,0.3659000098705292
656713,20186,Brendan McKay,0.004146976533945084,1.0,0.1754000037908554,0.1754000037908554
814490,sa3022997,Ethan Pecko,0.004078273479853147,1.0,0.15230000019073486,0.2842999994754791
687309,sa3020736,Cooper Hjerpe,0.004077595017888185,1.0,0.1754000037908554,0.1754000037908554
694358,sa3014519,Tekoah Roby,0.004073749535832673,1.0,0.1754000037908554,0.1754000037908554
681916,30145,Dylan Smith,0.0040447638668261,1.0,0.1728000044822693,0.18780000507831573
703186,sa3018808,Jarlin Susana,0.004034831506205846,1.0,0.1754000037908554,0.1754000037908554
657031,17359,Josh Taylor,0.004013628617963142,1.0,0.009999999776482582,0.953000009059906
691795,sa3017950,Brock Selvidge,0.004010940447011984,1.0,0.1754000037908554,0.1754000037908554
592789,11762,Noah Syndergaard,0.0038588773860714996,1.0,0.1754000037908554,0.1754000037908554
687003,27695,Brian Van Belle,0.0038075552389525012,1.0,0.11959999799728394,0.4375999867916107
595893,sa597825,Bryan Brickhouse,0.003800498359246493,1.0,0.1665000021457672,0.2175000011920929
699151,29114,Jedixson Paez,0.0037817472401800874,1.0,0.14949999749660492,0.29750001430511475
690374,sa3011889,Noah Denoyer,0.003777766576231624,1.0,0.09749999642372131,0.5414999723434448
622075,15068,Yency Almonte,0.0037760027641433407,1.0,0.0,1.0
662144,19593,Brian Keller,0.0037488585505468103,1.0,0.15809999406337738,0.257099986076355
592455,sa709032,Jake Kalish,0.0037146944648092017,1.0,0.1687999963760376,0.20679999887943268
644364,15915,Víctor Arano,0.003700691608260945,1.0,0.0,1.0
621058,17553,Andrew Moore,0.0036992226876764608,1.0,0.15160000324249268,0.28760001063346863
547942,27458,Kwang Hyun Kim,0.003689262258555734,1.0,0.15889999270439148,0.25290000438690186
687888,26056,Brandon Walter,0.0036877426709647195,1.0,0.0,1.0
592254,15463,José De León,0.003681714876171993,1.0,0.02019999921321869,0.9052000045776367
641646,sa738176,Joe Gunkel,0.003658684722985409,1.0,0.16599999368190765,0.2199999988079071
669361,sa3020797,Brandon Birdsell,0.0036456826934348654,1.0,0.17399999499320984,0.18199999630451202
688214,sa3020634,Ryan Jennings,0.003642238895724258,1.0,0.15600000321865082,0.2669999897480011
622259,17793,Trey Wingenter,0.003640242586908733,1.0,0.0,1.0
691032,sa3009950,Luis Moreno,0.003607396741772144,1.0,0.16459999978542328,0.22660000622272491
666123,sa3011122,Austin Bergner,0.0035980940766485864,1.0,0.17389999330043793,0.18289999663829803
656008,20802,Aneurys Zabala,0.0035444394024965425,1.0,0.0,1.0
805664,sa3020599,Brody McCullough,0.003494568432751065,1.0,0.164000004529953,0.2290000021457672
688306,sa3019881,Tristan Stevens,0.0034827332624594895,1.0,0.15539999306201935,0.2694000005722046
534947,10968,Tim Adleman,0.00347855961990414,1.0,0.14890000224113464,0.29989999532699585
680789,sa3007965,Caleb Sampen,0.003464012801854659,1.0,0.1460999995470047,0.31310001015663147
681077,sa3020872,Michael Knorr,0.003450471024868716,1.0,0.1573999971151352,0.2603999972343445
669441,sa3018138,Chandler Champlain,0.0034401771919572444,1.0,0.17399999499320984,0.18199999630451202
670436,sa918550,Mike Ellenbest,0.0034233614438701648,1.0,0.07649999856948853,0.640500009059906
663884,sa3008224,Nolan Kingham,0.003423336604371948,1.0,0.14489999413490295,0.3188999891281128
571035,13331,William Cuevas,0.003412873456881466,1.0,0.1678999960422516,0.21089999377727509
670119,sa918420,Connor Grey,0.003398977081502726,1.0,0.17260000109672546,0.18860000371932983
623381,17281,Thomas Pannone,0.0033964894713366827,1.0,0.0,1.0
694633,sa3020682,Chase Hampton,0.003352712736963197,1.0,0.1754000037908554,0.1754000037908554
678783,sa3006133,Robert Colina,0.003337113783673046,1.0,0.1251000016927719,0.4120999872684479
663567,17969,Peter Lambert,0.003323410626348032,1.0,0.02669999934732914,0.8747000098228455
692437,28489,Winston Santos,0.0033185941495942153,1.0,0.1754000037908554,0.1754000037908554
801802,sa3023161,James Hicks,0.0033185807037337052,1.0,0.1437000036239624,0.3246999979019165
670050,22358,Stephen Ridings,0.003305945008363569,1.0,0.0,1.0
689149,30158,Chad Dallas,0.0032946436468230746,1.0,0.1754000037908554,0.1754000037908554
669445,sa3014851,Adam Laskey,0.0032930261507850955,1.0,0.09560000151395798,0.550599992275238
683352,30003,Mitch Bratt,0.003287704891544191,1.0,0.1704999953508377,0.19850000739097595
640464,15502,Kohl Stewart,0.003271382715039657,1.0,0.16259999573230743,0.23559999465942383
679793,sa3006765,Colten Schmidt,0.003265100057700342,1.0,0.1274999976158142,0.40049999952316284
456713,1246,Matt Bush,0.003262470311645281,1.0,0.0,1.0
544931,10131,Stephen Strasburg,0.0032561205852903374,1.0,0.1754000037908554,0.1754000037908554
693440,sa3014982,Taylor Dollard,0.0032280014133148315,1.0,0.1754000037908554,0.1754000037908554
642574,sa737377,Ronald Medrano,0.0032247816456149525,1.0,0.15770000219345093,0.25870001316070557
501381,5372,Michael Pineda,0.003222436801119038,1.0,0.1754000037908554,0.1754000037908554
665734,21163,Angel Felipe,0.003218907554093456,1.0,0.0,1.0
657093,17489,Spenser Watkins,0.0032074887620673,1.0,0.1754000037908554,0.1754000037908554
681643,sa3006164,Freddy Pacheco,0.003206047837589074,1.0,0.1754000037908554,0.1754000037908554
680436,sa3017748,Trenton Wallace,0.0031864365214340678,1.0,0.1754000037908554,0.1754000037908554
675781,sa3020556,Kyle Jones,0.003159538175955781,1.0,0.1656000018119812,0.2215999960899353
694397,30166,Marco Raya,0.003149451816196961,1.0,0.1754000037908554,0.1754000037908554
665789,sa943755,Kenny Hernandez,0.0031482321932870413,1.0,0.17299999296665192,0.18700000643730164
690658,sa3022940,Will Johnston,0.0031455770702749908,1.0,0.15049999952316284,0.29249998927116394
803035,sa3022948,Riley Gowens,0.003121569371917432,1.0,0.1754000037908554,0.1754000037908554
592614,15627,Dillon Overton,0.003093061859565208,1.0,0.17229999601840973,0.19030000269412994
800067,sa3019255,Jose Fleury,0.003084557372835577,1.0,0.14980000257492065,0.29580000042915344
676050,23292,Packy Naughton,0.003082613609643717,1.0,0.0,1.0
701328,sa3020891,Jackson Ferris,0.003081954670443402,1.0,0.1754000037908554,0.1754000037908554
456501,6893,Johnny Cueto,0.0030651394888589582,1.0,0.1754000037908554,0.1754000037908554
681306,sa3018005,Christian MacLeod,0.0030588782009309686,1.0,0.17350000143051147,0.18449999392032623
801517,sa3020402,Spencer Giesting,0.0030475734420343714,1.0,0.1754000037908554,0.1754000037908554
687822,sa3015005,Brandon Knarr,0.0030159592850793893,1.0,0.12530000507831573,0.41130000352859497
687849,25703,Zak Kent,0.002979206707132566,1.0,0.10490000247955322,0.5069000124931335
656266,20491,J.B. Bukauskas,0.0029716751819102417,1.0,0.0,1.0
686830,sa3010256,Avery Weems,0.0029650682352316015,1.0,0.056299999356269836,0.7353000044822693
641672,19264,Thomas Hatch,0.002948404031594396,1.0,0.030500000342726707,0.8565000295639038
804706,sa3020818,Dylan Cumming,0.0029265965460302384,1.0,0.16369999945163727,0.23070000112056732
800212,sa3019374,Francis Peña,0.0029233323427042338,19.0,0.0,19.0
804249,sa3023099,Tate Kuehner,0.002919443357711175,1.0,0.16840000450611115,0.20839999616146088
682620,sa3009990,Richard Gallardo,0.0029192779784930835,1.0,0.16529999673366547,0.2232999950647354
542585,6399,José Cisnero,0.002918327871576858,1.0,0.0,1.0
664236,sa875610,Matthew Kent,0.002904039063960641,1.0,0.17139999568462372,0.19439999759197235
805257,sa3020407,Jack Choate,0.0028822657594944176,1.0,0.17419999837875366,0.18119999766349792
672598,sa3002788,Alemao Hernandez,0.0028622412610752046,1.0,0.1581999957561493,0.25619998574256897
664353,18413,José Urquidy,0.0028596084261499773,1.0,0.11320000141859055,0.4681999981403351
425794,2233,Adam Wainwright,0.0028351519930858234,1.0,0.1754000037908554,0.1754000037908554
491624,9013,César Valdez,0.002821209387902667,1.0,0.0,1.0
502239,6249,Trevor Cahill,0.002819238986930792,1.0,0.16910000145435333,0.20509999990463257
663959,20237,Tyler Ivey,0.0028003967915653776,1.0,0.1754000037908554,0.1754000037908554
621294,15100,Ben Heller,0.0027904301775318776,1.0,0.0,1.0
519141,11426,Drew Pomeranz,0.0027803008441855035,1.0,0.0,1.0
664350,19680,Sixto Sánchez,0.0027734307843663413,1.0,0.13930000364780426,0.34529998898506165
641778,19316,Eric Lauer,0.002769978633921975,1.0,0.15539999306201935,0.2694000005722046
670391,sa3010560,Ben Anderson,0.002756845989324545,1.0,0.16930000483989716,0.20430000126361847
697813,sa3020079,T.J. Brock,0.0027528540715020104,1.0,0.015599999576807022,0.9265999794006348
690667,sa3020833,Trey Dombroski,0.0027248132433626113,1.0,0.16279999911785126,0.23479999601840973
660781,sa872881,Domingo Robles,0.0027142312744051042,1.0,0.15649999678134918,0.2644999921321869
689042,sa3020859,Jared Karros,0.002704993550573964,1.0,0.1754000037908554,0.1754000037908554
669183,sa3011129,Grant Gambrell,0.002686603549134007,1.0,0.1712000072002411,0.19519999623298645
677337,sa3020798,Pete Hansen,0.002683408961251806,1.0,0.1754000037908554,0.1754000037908554
544365,5365,Manny Banuelos,0.0026775695767187954,1.0,0.0,1.0
682227,25463,Brandon Williamson,0.002676494640905392,1.0,0.11819999665021896,0.4442000091075897
676019,sa3005098,Oscar Rojas,0.0026481438342812577,1.0,0.15369999408721924,0.2777000069618225
681464,24750,Frank German,0.0026078074726909946,1.0,0.0,1.0
691009,sa3020392,Dylan Ray,0.0025844721935132436,1.0,0.1754000037908554,0.1754000037908554
621368,18325,Taylor Hearn,0.0025786375308245357,1.0,0.0,1.0
676766,23493,Nick Snyder,0.002575200429682233,1.0,0.0,1.0
692013,sa3016584,Henry Baez,0.002543469414404534,1.0,0.1754000037908554,0.1754000037908554
657424,17381,Matt Gage,0.0025425340864861103,1.0,0.0,1.0
446372,2429,Corey Kluber,0.002541361589194449,1.0,0.13300000131130219,0.375
641620,sa872724,Brandon Gold,0.002525332238153747,1.0,0.164900004863739,0.2249000072479248
675920,sa3017857,Seth Lonsway,0.0025162288071705788,1.0,0.1712000072002411,0.19519999623298645
668874,26190,Blair Henley,0.002515411433872524,1.0,0.1754000037908554,0.1754000037908554
680734,sa3020378,Kyle Luckham,0.002513748015619295,1.0,0.17260000109672546,0.18860000371932983
675375,sa3020702,Cory Lewis,0.002504842361203215,10.0,0.0,10.0
592716,13339,Adrian Sampson,0.0024986969848641584,1.0,0.16599999368190765,0.2199999988079071
453562,4153,Jake Arrieta,0.0024872130737061,1.0,0.1754000037908554,0.1754000037908554
620454,17169,José Castillo,0.0024576506676437914,1.0,0.0,1.0
656492,16432,Foster Griffin,0.002427338226270981,1.0,0.0,1.0
668834,22176,Easton McGee,0.0024214226024685133,1.0,0.1754000037908554,0.1754000037908554
681751,24914,Lazaro Estrada,0.0024171759980619986,1.0,0.1754000037908554,0.1754000037908554
621086,19675,James Marvel,0.0024006111067890897,1.0,0.1754000037908554,0.1754000037908554
679200,sa3005702,Cruz Noriega,0.0023920395454245574,1.0,0.1160999983549118,0.45410001277923584
696519,31936,Samy Natera Jr.,0.0023914998814281514,1.0,0.13490000367164612,0.3659000098705292
527054,6797,Julio Teheran,0.0023793953476222997,1.0,0.1754000037908554,0.1754000037908554
457918,7410,J.A. Happ,0.002374726602288441,1.0,0.1754000037908554,0.1754000037908554
681151,26482,Jayden Murray,0.0023716556461410698,1.0,0.1754000037908554,0.1754000037908554
448179,4806,Rich Hill,0.0023571745627780174,1.0,0.0,1.0
700188,sa3020477,Dylan Tebrake,0.0023550402358117543,1.0,0.039500001817941666,0.8144999742507935
674674,sa3011191,T.J. Sikkema,0.002353256486929155,1.0,0.16189999878406525,0.23890000581741333
806270,sa3020841,Dominic Perachi,0.0023457025686229654,1.0,0.16089999675750732,0.24390000104904175
641149,14764,Wes Parsons,0.002330944901863997,1.0,0.0,1.0
692617,sa3014675,Chih-Jung Liu,0.0023145418707460463,1.0,0.1371999979019165,0.35519999265670776
680739,24606,Josh Winder,0.0023012605848727196,1.0,0.0,1.0
658648,18864,Pedro Avila,0.002283288025977052,1.0,0.0,1.0
672712,sa3003021,Luis Palacios,0.00225781152689788,1.0,0.1754000037908554,0.1754000037908554
571901,10343,Aaron Loup,0.0022238724785378903,1.0,0.0,1.0
606131,14682,Luis Perdomo,0.00215600112900116,1.0,0.0,1.0
674868,sa3018107,Rodney Boone,0.002143712595736255,1.0,0.16599999368190765,0.2199999988079071
656914,sa3010110,Kaleb Roper,0.002137857759106289,1.0,0.13040000200271606,0.3874000012874603
696148,sa3018173,Garrett Burhenn,0.002135397745303133,1.0,0.17399999499320984,0.18199999630451202
660600,20447,Enoli Paredes,0.002131058869486244,1.0,0.0,1.0
815083,33628,Mitch Farris,0.002116115039730478,1.0,0.16110000014305115,0.24310000240802765
607237,14375,Amir Garrett,0.002108462727217788,1.0,0.0,1.0
663765,18674,Jake Woodford,0.0021024298947876744,1.0,0.15790000557899475,0.2578999996185303
626929,15906,Lewis Thorpe,0.002088692214949125,1.0,0.164000004529953,0.2290000021457672
663383,sa875233,Gray Fenter,0.002072040956444774,1.0,0.1754000037908554,0.1754000037908554
605200,13183,Zach Davies,0.0020654530851302528,1.0,0.1754000037908554,0.1754000037908554
690183,sa3011654,Peyton Plumlee,0.0020543475750287926,1.0,0.1362999975681305,0.35929998755455017
702571,sa3020111,Jacob Miller,0.0020519229132304456,1.0,0.1754000037908554,0.1754000037908554
806188,31815,Cade Gibson,0.0020444776548425455,1.0,0.15299999713897705,0.2809999883174896
543606,6397,Jake Odorizzi,0.002043114876779489,1.0,0.1704999953508377,0.19850000739097595
695865,sa3015223,Wilmer Flores,0.002040870549291665,1.0,0.016100000590085983,0.9240999817848206
621399,15968,Brady Feigl,0.0020406207314745697,1.0,0.0,1.0
519043,1890,Matt Moore,0.0020106050755440384,16.0,0.0,16.0
600887,18792,Miguel Del Pozo,0.002008895580633878,1.0,0.0,1.0
694553,sa3017140,Tyson Guerrero,0.002003331545756935,1.0,0.17260000109672546,0.18860000371932983
669310,27568,CJ Van Eyk,0.0019991379047637403,1.0,0.1492999941110611,0.29829999804496765
811290,sa3023134,Jaden Hamm,0.0019979154593866705,1.0,0.17389999330043793,0.18289999663829803
701564,sa3022323,Joe Adametz,0.0019951610145211695,1.0,0.17020000517368317,0.20020000636577606
676345,sa3017500,Aaron Brown,0.001984943761907435,1.0,0.15809999406337738,0.257099986076355
666205,20167,Kyle Muller,0.0019815219630326063,1.0,0.0,1.0
686846,sa3020457,Reggie Crawford,0.0019812540985215013,1.0,0.04399999976158142,0.7929999828338623
489334,7274,Craig Stammen,0.0019802505392056565,1.0,0.013000000268220901,0.9390000104904175
686873,sa3017867,Nick Zwack,0.0019724753213861213,1.0,0.15950000286102295,0.25049999356269836
605795,11776,Angel Sánchez,0.0019686992610613374,1.0,0.1687999963760376,0.20679999887943268
593372,11682,Carlos Martinez,0.0019615829819397304,1.0,0.1754000037908554,0.1754000037908554
656685,17369,Brett Martin,0.0019409466570273664,1.0,0.0035000001080334187,0.9835000038146973
623451,14420,Jackson Stephens,0.001939188903372489,1.0,0.0,1.0
571676,11346,Seth Frankoff,0.0019340237724028075,1.0,0.16349999606609344,0.23149999976158142
527055,5498,Arodys Vizcaíno,0.0019330195995198793,1.0,0.0,1.0
656818,18376,Connor Overton,0.0019094077762093686,1.0,0.1754000037908554,0.1754000037908554
650496,20617,J.C. Mejía,0.00190225353955705,1.0,0.0,1.0
592288,15849,Kent Emanuel,0.0018944906248120064,1.0,0.0,1.0
592229,14825,Dylan Covey,0.0018711464901516408,1.0,0.0026000000070780516,0.9876000285148621
518633,3542,Danny Duffy,0.0018353029750613234,1.0,0.17260000109672546,0.18860000371932983
622694,16933,Elieser Hernández,0.0018130525881452618,1.0,0.07159999758005142,0.6636000275611877
694851,29633,Andrew Hoffmann,0.0017738057819622112,1.0,0.14399999380111694,0.3230000138282776
687967,sa3017543,Peter Van Loon,0.0017655612857900554,1.0,0.17299999296665192,0.18700000643730164
668880,sa3004455,Fred Schlichtholz,0.0017555576206108468,1.0,0.0,1.0
592858,14646,Rowan Wick,0.001744871240409405,1.0,0.0,1.0
695667,sa3018253,Ben Kudrna,0.0017417581629547907,1.0,0.1737000048160553,0.18369999527931213
666674,20589,Edwar Colina,0.0017371101993601487,1.0,0.0,1.0
605254,16164,Daniel Gossett,0.00173468688072211,1.0,0.1542000025510788,0.2752000093460083
660365,27513,Hyeon-Jong Yang,0.0017049843561212762,1.0,0.07460000365972519,0.6496000289916992
815587,sa3023454,Trent Sellers,0.0016991561503546125,1.0,0.11460000276565552,0.46160000562667847
685010,sa3017610,Dustin Saenz,0.0016957803635870385,1.0,0.1754000037908554,0.1754000037908554
805725,sa3020408,Jake Miller,0.0016837350192367767,1.0,0.055799998342990875,0.7378000020980835
605156,12272,Aaron Brooks,0.0016621583983396791,1.0,0.14259999990463257,0.3296000063419342
656578,21298,Andre Jackson,0.0016375418056514838,1.0,0.07509999722242355,0.6470999717712402
657508,20206,Mike Baumann,0.001635532349805907,1.0,0.0,1.0
694057,sa3015476,Yordanny Monegro,0.0016322732857624311,1.0,0.17329999804496765,0.18529999256134033
642629,17304,Emmanuel Ramirez,0.0016288216726039412,1.0,0.0,1.0
696143,sa3018259,Anthony Solometo,0.0016156046914034426,1.0,0.1703999936580658,0.19939999282360077
656083,sa828505,Harol González,0.0015975541301472642,1.0,0.16930000483989716,0.20430000126361847
702460,sa3016914,Jimmy Joyce,0.0015881599911449094,1.0,0.12720000743865967,0.40220001339912415
676768,sa3009858,Andrew Quezada,0.0015858382654043773,1.0,0.15629999339580536,0.2653000056743622
476595,8337,Lucas Luetge,0.0015810422277597474,1.0,0.0,1.0
691739,sa3023508,Will Sanders,0.0015733992343459485,1.0,0.17389999330043793,0.18289999663829803
687562,31959,Jake Bennett,0.0015684022140994769,1.0,0.1754000037908554,0.1754000037908554
621389,14361,Ty Blach,0.001563669397173014,1.0,0.13860000669956207,0.34860000014305115
669947,19205,Jesse Scholtens,0.001546538467297107,1.0,0.11069999635219574,0.4796999990940094
621139,21189,Brooks Kriske,0.0015448611126313437,1.0,0.0,1.0
678789,sa3006817,Julio Robaina,0.001543778945239669,1.0,0.1639000028371811,0.22990000247955322
686599,sa3014923,Kyle Brnovich,0.0015399601248185218,1.0,0.15320000052452087,0.2802000045776367
456034,3184,David Price,0.0015355114875785368,1.0,0.0,1.0
806258,sa3023268,Thomas White,0.0015313807551827377,1.0,0.1754000037908554,0.1754000037908554
658792,16904,Aaron Wilkerson,0.0015190317670269304,1.0,0.13840000331401825,0.34940001368522644
665621,20430,Rony García,0.001512090690230203,1.0,0.12720000743865967,0.40220001339912415
681066,29823,Ky Bush,0.0015098670036273448,1.0,0.1754000037908554,0.1754000037908554
650382,19848,Darwinzon Hernández,0.0015095687550991128,1.0,0.0,1.0
605335,16135,Brandon Leibrandt,0.001508394537529478,1.0,0.0,1.0
695246,sa3017752,Scott Randall,0.0015078108204552498,1.0,0.12039999663829803,0.4343999922275543
543001,12699,Ryan Carpenter,0.001500219576898273,1.0,0.1754000037908554,0.1754000037908554
688445,sa3010317,Jake Walkinshaw,0.0014910395671138953,1.0,0.17190000414848328,0.19189999997615814
661383,21025,Oliver Ortega,0.0014851946087878092,1.0,0.0,1.0
605164,12917,Dylan Bundy,0.001459130122006642,1.0,0.1754000037908554,0.1754000037908554
642496,sa736761,Emilio Vargas,0.0014488053033436192,1.0,0.16329999268054962,0.23229999840259552
664202,18421,Tyler Cyr,0.0014255160927224148,1.0,0.0,1.0
702318,sa3020396,Chris Campos,0.001418570868564452,1.0,0.15399999916553497,0.2759999930858612
679052,sa3008486,Joelvis Del Rosario,0.0013951164871703105,1.0,0.1754000037908554,0.1754000037908554
670625,sa920718,Steven Moyers,0.0013775028214325464,1.0,0.14259999990463257,0.3296000063419342
702065,sa3015224,Aaron Rozek,0.0013722819056140928,1.0,0.14740000665187836,0.3073999881744385
641499,sa738284,Ty Damron,0.0013684402442232296,1.0,0.16979999840259552,0.20180000364780426
600921,14681,Andrés Machado,0.0013618163958129038,1.0,0.0,1.0
676215,sa1055363,Aaron Perry,0.0013559011848563443,1.0,0.08950000256299973,0.5795000195503235
682077,sa3006834,Gabe Mosser,0.0013529989196681706,1.0,0.1728000044822693,0.18780000507831573
806583,sa3020114,Adonys Perez,0.0013251906557886555,1.0,0.17389999330043793,0.18289999663829803
666768,sa917899,Anderson Pilar,0.0013213557531668997,1.0,0.02979999966919422,0.8597999811172485
702910,sa3019367,Jhancarlos Lara,0.0013125895415860196,1.0,0.1737000048160553,0.18369999527931213
676438,sa3006810,Michael Baird,0.0013043582350939667,1.0,0.16189999878406525,0.23890000581741333
676084,sa915571,Noah Bremer,0.0012678860761146983,1.0,0.1492999941110611,0.29829999804496765
663535,sa874796,Juan Hillman,0.0012641176592720117,1.0,0.14350000023841858,0.3255000114440918
547888,15764,Masahiro Tanaka,0.0012627791659470795,1.0,0.1453000009059906,0.3172999918460846
628333,16017,Odrisamer Despaigne,0.0012618277478844248,1.0,0.17419999837875366,0.18119999766349792
676614,20462,Bryan Sammons,0.0012586716367642768,1.0,0.0,1.0
680758,sa3008227,Michael Byrne,0.0012467021474322861,1.0,0.03889999911189079,0.8169000148773193
681673,sa3008335,Kohl Franklin,0.0012457222393113638,1.0,0.1754000037908554,0.1754000037908554
613548,sa657697,Pedro Fernandez,0.0012396674435674387,1.0,0.14390000700950623,0.3239000141620636
663462,25551,Isaiah Campbell,0.0012385899820140274,1.0,0.0,1.0
688162,sa3010630,Brandon Komar,0.0012207769261471102,1.0,0.10509999841451645,0.5060999989509583
621403,sa874754,Nathan Kirby,0.0012140754946435787,1.0,0.11320000141859055,0.4681999981403351
664942,18186,James Naile,0.00121269773953428,1.0,0.0,1.0
686857,sa3011609,James Gonzalez,0.0011926494629646751,1.0,0.15950000286102295,0.25049999356269836
805809,sa3023557,Travis Sykora,0.0011899199984520916,1.0,0.1754000037908554,0.1754000037908554
543475,7593,Jordan Lyles,0.0011692263025023947,1.0,0.0,1.0
673908,sa3017129,J.J. Niekro,0.0011606489957764615,1.0,0.1754000037908554,0.1754000037908554
572070,9784,Garrett Richards,0.0011383792909019914,1.0,0.012299999594688416,0.942300021648407
685329,sa3009519,Carlos Peña,0.001136555853503011,1.0,0.15489999949932098,0.2718999981880188
621074,19454,Michael Rucker,0.0011350373014404054,1.0,0.0,1.0
663988,sa875686,Alec Kisena,0.0011314401529527482,1.0,0.16459999978542328,0.22660000622272491
572143,12784,Burch Smith,0.0011265017980233141,1.0,0.0,1.0
670343,sa913084,Matt Milburn,0.0011263623813137394,1.0,0.13670000433921814,0.357699990272522
676191,sa3004944,John Swanda,0.0011255211290023069,1.0,0.14810000360012054,0.30410000681877136
691786,sa3017783,Michael Morales,0.001116495748343202,1.0,0.1754000037908554,0.1754000037908554
668676,19979,Zach Plesac,0.001095999166001802,1.0,0.1754000037908554,0.1754000037908554
688024,sa3023469,Danny Wirchansky,0.0010844026680579173,1.0,0.15700000524520874,0.2619999945163727
664584,19940,Jhon Romero,0.0010772407066669003,1.0,0.0,1.0
651002,sa828326,Steven Fuentes,0.001074403389940299,1.0,0.1460999995470047,0.31310001015663147
570666,13345,Luis Cessa,0.0010551712872556818,1.0,0.1687999963760376,0.20679999887943268
683636,sa3009237,Juan Carela,0.0010548333818621394,1.0,0.1754000037908554,0.1754000037908554
691330,sa3015346,Moisés Chace,0.001042456585895516,1.0,0.15790000557899475,0.2578999996185303
663632,sa3008453,Troy Miller,0.0010395148359696644,1.0,0.16459999978542328,0.22660000622272491
663649,sa874732,Nolan Watson,0.0010333414548170984,1.0,0.1754000037908554,0.1754000037908554
676949,sa3007806,Miller Hogan,0.0010124066446343563,1.0,0.14560000598430634,0.3156000077724457
667339,sa916727,Johan Dominguez,0.0010044219813345652,1.0,0.16820000112056732,0.20919999480247498
702129,sa3017550,Alex Pham,0.00099311909067954,1.0,0.1754000037908554,0.1754000037908554
675657,sa3014429,Chris McMahon,0.0009903688863623485,1.0,0.1754000037908554,0.1754000037908554
672385,sa3002781,Gabe Morales,0.000989490446881751,1.0,0.1754000037908554,0.1754000037908554
543521,7531,Collin McHugh,0.0009867461838728938,1.0,0.004900000058114529,0.9768999814987183
628708,14416,Yunior Marte,0.0009778661693146283,1.0,0.0,1.0
656657,20231,Zach Logue,0.0009667820504359942,1.0,0.0,1.0
663982,sa3004857,David Parkinson,0.0009563366328488524,1.0,0.15320000052452087,0.2802000045776367
702103,sa3022735,Zach Franklin,0.0009501845697834498,1.0,0.0,1.0
663752,25388,Cody Morris,0.000943529643245064,1.0,0.0,1.0
694918,31701,Blade Tidwell,0.0009419866261060508,1.0,0.1688999980688095,0.20589999854564667
690294,sa3020389,Shane Murphy,0.0009185424648046753,1.0,0.16140000522136688,0.24140000343322754
670234,sa3011187,Seth Shuman,0.0009184530592165187,1.0,0.17350000143051147,0.18449999392032623
805829,sa3019695,Duncan Snider,0.0009147076657871297,1.0,0.16949999332427979,0.20350000262260437
668831,27485,Garrett Stallings,0.0008968526466219416,1.0,0.1225999966263771,0.4235999882221222
682489,sa3008619,Joe Record,0.0008921975077914181,1.0,0.04540000110864639,0.7864000201225281
669270,19995,Joel Kuhnel,0.0008884767727819324,1.0,0.0,1.0
680463,sa3021464,Davis Feldman,0.0008866836829973801,1.0,0.1371999979019165,0.35519999265670776
682044,sa3007618,Sean Boyle,0.0008815496376676933,1.0,0.03420000150799751,0.8392000198364258
670046,20009,Kenny Rosenberg,0.0008568020309357384,1.0,0.024399999529123306,0.8853999972343445
663734,18699,Nick Neidert,0.0008499223978503065,1.0,0.1754000037908554,0.1754000037908554
683093,sa3023218,Hayden Mullins,0.0008356551228046521,1.0,0.1656000018119812,0.2215999960899353
687606,25501,Paxton Schultz,0.000828263423982974,1.0,0.09040000289678574,0.5753999948501587
666720,21955,Yerry Rodríguez,0.0008274959114340334,1.0,0.0,1.0
683425,sa3009992,Hyun-il Choi,0.0008249291753559493,1.0,0.1703999936580658,0.19939999282360077
685493,27460,Shun Yamaguchi,0.0008112722614651664,1.0,0.0,1.0
661332,sa869541,Luke Westphal,0.0007986003579445069,1.0,0.10530000180006027,0.505299985408783
677369,sa3004494,Austin Warner,0.0007936971728837572,1.0,0.12530000507831573,0.41130000352859497
670124,20132,Adam Oller,0.0007926747085791083,1.0,0.1754000037908554,0.1754000037908554
518617,5003,Jake Diekman,0.0007848500704860322,1.0,0.0,1.0
694968,sa3023157,Jack Mahoney,0.0007793555113060962,1.0,0.17399999499320984,0.18199999630451202
681854,sa3010243,Connor Van Scoyoc,0.0007708045974243198,1.0,0.17389999330043793,0.18289999663829803
668319,sa3014912,Coleman Huntley III,0.0007440749233724877,1.0,0.0,1.0
664192,19320,Joey Lucchesi,0.000741633063165078,23.115999221801758,1.6200000047683716,15.619999885559082
628345,21197,Darien Núñez,0.0007355829858453058,1.0,0.04580000042915344,0.7847999930381775
683822,33828,Naoyuki Uwasawa,0.0007256575593109551,1.0,0.0,1.0
814098,sa3023046,Sam Armstrong,0.0007238888575854729,1.0,0.1639000028371811,0.22990000247955322
608335,19456,Kyle Funkhouser,0.0006955557047313158,1.0,0.012799999676644802,0.9398000240325928
673111,22982,José Lopez,0.0006912357208293937,1.0,0.0,1.0
687467,sa3017654,Braden Olthoff,0.000666785929626746,1.0,0.16179999709129333,0.23980000615119934
656803,16440,James Norwood,0.000660837638181295,1.0,0.0,1.0
596071,18790,Dillon Peters,0.0006456294716672355,1.0,0.04019999876618385,0.8112000226974487
702030,sa3016949,Kohl Simas,0.0006455444535146543,1.0,0.16750000417232513,0.21250000596046448
671143,sa3018139,Trenton Denholm,0.0006383616528766533,1.0,0.1754000037908554,0.1754000037908554
677013,sa3004676,Rio Gomez,0.0006354148013759525,1.0,0.13910000026226044,0.34610000252723694
676886,20205,Jeremy Beasley,0.0006345922634520909,1.0,0.0,1.0
682199,sa1119979,Ben Gross,0.0006295764074910923,1.0,0.11959999799728394,0.4375999867916107
693483,sa3020938,Pat Gallagher,0.0006183850766414083,1.0,0.17389999330043793,0.18289999663829803
503449,7738,Wily Peralta,0.0006085609370344942,1.0,0.009100000374019146,0.957099974155426
680572,24493,Adam Kloffenstein,0.0006084220526107348,1.0,0.0,1.0
643588,sa738610,Tyler Viza,0.0006047703957194975,1.0,0.0,1.0
641743,20387,Anthony Kay,0.0005983054680136043,1.0,0.0,1.0
641541,19546,Jon Duplantier,0.0005886508432644713,1.0,0.1754000037908554,0.1754000037908554
571871,10066,Ian Krol,0.0005710627865429418,1.0,0.0,1.0
571704,12910,Ken Giles,0.0005639838167428991,1.0,0.0,1.0
542914,7982,Anthony Bass,0.0005509034328698097,1.0,0.0,1.0
687589,30153,Dom Hamel,0.0005499331652421357,1.0,0.1754000037908554,0.1754000037908554
660788,sa877526,Jesus Vargas,0.0005398616005743813,1.0,0.14300000667572021,0.328000009059906
606424,18282,Jarlín García,0.0005351574829853764,1.0,0.0,1.0
657122,sa828702,Ronnie Williams,0.000534523427283005,1.0,0.13650000095367432,0.35850000381469727
682448,sa3007818,Jackson Rees,0.0005323637392701002,1.0,0.0,1.0
681928,sa3006770,Noah Zavolas,0.0005320041062057628,1.0,0.1662999987602234,0.218299999833107
683157,sa3011433,Evan Fitterer,0.0005275452452211424,1.0,0.1754000037908554,0.1754000037908554
683098,sa3020800,Bryce Osmond,0.000517100336213275,1.0,0.1754000037908554,0.1754000037908554
622098,17755,Drew Smith,0.0005118568364185035,14.0,0.0,14.0
814489,sa3023366,Brett Wichrowski,0.00047276878410881947,1.0,0.1754000037908554,0.1754000037908554
605507,16094,Zach Thompson,0.0004657781735072302,1.0,0.14749999344348907,0.30649998784065247
814804,sa3023522,Grant Rogers,0.00045882188593190465,1.0,0.1737000048160553,0.18369999527931213
665733,20383,Antonio Santos,0.000437720778560969,1.0,0.0,1.0
666658,sa917323,Jose Chacin,0.0004225856776727651,1.0,0.16259999573230743,0.23559999465942383
670151,sa874187,Wyatt Short,0.000420173422274674,1.0,0.1111999973654747,0.4772000014781952
688602,sa3018252,Patrick Murphy,0.0004173668547529282,1.0,0.02879999950528145,0.864799976348877
675195,sa3002818,Juan Mercedes,0.00041705284927132406,1.0,0.1754000037908554,0.1754000037908554
656354,17117,Austin Davis,0.00040667844444870413,1.0,0.0,1.0
682023,sa3007485,Josh Dye,0.0004021215209134357,1.0,0.0568000003695488,0.7328000068664551
701487,30179,Pierson Ohl,0.0004020812883261285,1.0,0.16249999403953552,0.23649999499320984
682496,sa3008228,Rodney Theophile,0.00040004664367148914,1.0,0.1754000037908554,0.1754000037908554
663455,21453,Konnor Pilkington,0.00039237482069687897,1.0,0.0,1.0
600986,14510,Thyago Vieira,0.0003892294786203989,1.0,0.0,1.0
669298,27567,TJ Shook,0.0003855332696237365,1.0,0.12139999866485596,0.4293999969959259
680983,24681,Kelvin Cáceres,0.0003836794268109259,1.0,0.0,1.0
676961,19736,Caleb Boushley,0.0003740569144794095,10.0,0.0,10.0
677354,sa3020314,Alex Williams,0.0003676259825468289,1.0,0.12319999933242798,0.4212000072002411
608723,15047,Austin Voth,0.0003605453626445582,1.0,0.0,1.0
689266,29928,Dylan Dodd,0.00035369527782286607,35.0,0.0,35.0
518516,5524,Madison Bumgarner,0.00034745389594498856,1.0,0.1754000037908554,0.1754000037908554
687087,sa3020526,Michael Prosecky,0.0003464649863549314,1.0,0.17229999601840973,0.19030000269412994
594987,11209,Casey Sadler,0.0003431878054823978,1.0,0.0,1.0
678713,sa3005692,Efrain Contreras,0.00033372954320556094,1.0,0.1526000052690506,0.2825999855995178
663325,sa3007710,Kevin Smith,0.0003336824148475763,1.0,0.12250000238418579,0.4244999885559082
688763,sa3017544,Rhett Kouba,0.0003266236338370041,1.0,0.17249999940395355,0.18950000405311584
642659,19516,Raynel Espinal,0.00032325807707159974,1.0,0.0,1.0
805634,sa3020598,Braeden Fausnaught,0.00031195066526258945,1.0,0.17399999499320984,0.18199999630451202
528748,21183,Humberto Castellanos,0.0002998723429574013,1.0,0.0,1.0
693044,sa3020835,Erik Martinez,0.00029583795887948907,1.0,0.09000000357627869,0.5770000219345093
694885,sa3014871,Ryan Murphy,0.00029389873260005393,1.0,0.1754000037908554,0.1754000037908554
641447,19805,Daniel Castano,0.00029241042465048096,1.0,0.0,1.0
664744,21131,Jose Espada,0.00028808622538734025,1.0,0.0,1.0
643615,19269,T.J. Zeuch,0.0002841926294258504,1.0,0.1754000037908554,0.1754000037908554
542947,7803,Richard Bleier,0.0002822564186318842,1.0,0.0,1.0
676700,sa3020463,Caleb Bolden,0.0002706830272875456,1.0,0.11069999635219574,0.4796999990940094
663385,20190,Chad Smith,0.00025483992024569034,1.0,0.0,1.0
661255,17181,Yoan López,0.00025442877622668884,1.0,0.0,1.0
622766,18815,Miguel Díaz,0.0002540761173183291,1.0,0.0,1.0
657697,16754,Vinny Nittoli,0.00025342464923777674,1.0,0.0,1.0
696064,sa3015135,Geison Urbaez,0.00025013194508212585,1.0,0.1160999983549118,0.45410001277923584
669952,19225,Mitch White,0.00024557291568869175,1.0,0.0,1.0
700978,sa3023222,Jace Kaminska,0.00023583013875528056,1.0,0.17329999804496765,0.18529999256134033
607231,13684,John Gant,0.0002331833959244115,1.0,0.14319999516010284,0.3271999955177307
670241,25928,Darius Vines,0.00022987297273359717,1.0,0.12399999797344208,0.4169999957084656
641739,15792,Rob Kaminsky,0.00022817105252008127,1.0,0.0,1.0
571800,10732,Drew Hutchison,0.00022434621416808013,1.0,0.1492999941110611,0.29829999804496765
677421,sa3004680,Hayden Deal,0.0002231657004812784,1.0,0.08950000256299973,0.5795000195503235
694207,sa3015477,Brayan Mendoza,0.00021861337160545646,1.0,0.16670000553131104,0.2167000025510788
665665,19754,Reiver Sanmartin,0.00019739321155436525,1.0,0.0,1.0
684946,sa3010250,Nick Fraze,0.00019374566589136808,1.0,0.1062999963760376,0.5002999901771545
695049,29826,Brett Kerry,0.00018337297998234945,1.0,0.16750000417232513,0.21250000596046448
670036,19330,Matt Festa,0.00016398511508210623,1.0,0.0,1.0
666622,21896,Brailyn Marquez,0.00015140141236299722,1.0,0.0,1.0
800018,sa3018174,Chen Zhong-Ao Zhuang,0.0001394614582633991,1.0,0.1581999957561493,0.25619998574256897
682615,sa3008134,John O'Reilly,0.0001312350449884832,1.0,0.14000000059604645,0.34200000762939453
669725,sa873276,Thomas Jankins,0.00013056350440029873,1.0,0.051600001752376556,0.7576000094413757
500724,8302,JC Ramírez,0.00012647490413736362,1.0,0.07320000231266022,0.6561999917030334
701630,sa3020706,Matt Brosky,0.00011736441827256571,1.0,0.09910000115633011,0.5340999960899353
573185,9460,Dan Straily,0.00010526392174840032,1.0,0.17329999804496765,0.18529999256134033
801639,sa3020681,Trystan Vrieling,9.763212551380023e-05,1.0,0.17260000109672546,0.18860000371932983
663562,25862,Noah Davis,8.951428503924648e-05,1.0,0.0,1.0
657047,sa3006946,Reagan Todd,7.881275398908513e-05,1.0,0.0,1.0
687870,sa3014802,Michael Giacone,7.881237108525111e-05,1.0,0.0,1.0
532936,sa691863,Mario Sanchez,7.266350804743495e-05,1.0,0.14259999990463257,0.3296000063419342
676606,20395,Nick Margevicius,6.62470823847803e-05,1.0,0.10719999670982361,0.49619999527931213
692447,sa3016478,Bryan Magdaleno,6.201585921034652e-05,1.0,0.0,1.0
694205,sa3015220,Victor Lizarraga,6.02953324994897e-05,1.0,0.1754000037908554,0.1754000037908554
656814,16942,Luis Ortiz,5.7780448857965396e-05,1.0,0.0,1.0
680543,sa3006766,Jake Lee,5.551327772278236e-05,1.0,0.13120000064373016,0.3831999897956848
502154,3240,Zack Britton,5.406830931116666e-05,1.0,0.0,1.0
681792,sa3006826,Adam Scott,4.3011280005244494e-05,1.0,0.13930000364780426,0.34529998898506165
694345,sa3023038,Patrick Reilly,3.89522495899223e-05,1.0,0.17249999940395355,0.18950000405311584
699314,sa3020448,David Davalillo,3.413171134162809e-05,1.0,0.17389999330043793,0.18289999663829803
696040,sa3014699,Po-Yu Chen,2.8540213973446716e-05,1.0,0.17260000109672546,0.18860000371932983
664700,sa876284,Daniel Tillo,2.627490049712645e-05,1.0,0.1062999963760376,0.5002999901771545
701056,sa3023478,Josh Grosz,2.1239547543271578e-05,1.0,0.17389999330043793,0.18289999663829803
804556,sa3020336,Braden Nett,2.123525451205402e-05,1.0,0.1737000048160553,0.18369999527931213
695034,33787,Kade Morris,1.2629638776914194e-05,1.0,0.1712000072002411,0.19519999623298645
657228,16958,Jake Jewell,4.981988954941822e-06,1.0,0.0,1.0
828353,sa3025043,Nate Garkow,-3.0736927247317867e-06,1.0,0.0,1.0
650668,20739,Humberto Mejía,-3.4304200535292584e-06,1.0,0.1754000037908554,0.1754000037908554
669740,sa917950,Travis MacGregor,-1.1281944490984984e-05,1.0,0.04960000142455101,0.7666000127792358
554241,sa506550,Andy Otero,-1.48932999235216e-05,1.0,0.08720000088214874,0.5902000069618225
592879,10836,Asher Wojciechowski,-2.1580162437212817e-05,1.0,0.1754000037908554,0.1754000037908554
543351,7432,Jay Jackson,-2.6233849321298598e-05,1.0,0.0,1.0
682225,sa3020172,Billy Corcoran,-3.156285353210652e-05,1.0,0.1754000037908554,0.1754000037908554
434671,3284,Aníbal Sánchez,-4.641654758519607e-05,1.0,0.1754000037908554,0.1754000037908554
670416,sa918537,Zach Matson,-5.6144921315295915e-05,1.0,0.10809999704360962,0.4921000003814697
627392,sa741947,Daniel Missaki,-6.675798353432096e-05,1.0,0.025100000202655792,0.882099986076355
607215,16155,Eric Skoglund,-9.279277681660073e-05,1.0,0.07460000365972519,0.6496000289916992
592593,11754,Justin Nicolino,-0.0001210982351337921,1.0,0.17159999907016754,0.19359999895095825
701474,31886,Duncan Davitt,-0.00012931218375901904,1.0,0.1754000037908554,0.1754000037908554
656290,19868,Drew Carlton,-0.00013408394866358991,1.0,0.0,1.0
679693,sa3014857,Carson Coleman,-0.000153932455638443,1.0,0.0,1.0
656954,17285,Justus Sheffield,-0.00015846293818445723,1.0,0.07530000060796738,0.6463000178337097
682027,25078,Cam Alldred,-0.00015996065007100346,1.0,0.0,1.0
622503,17732,Nabil Crismatt,-0.00016028898842831215,1.0,0.0,1.0
453265,3132,Tony Watson,-0.00016630352319092225,1.0,0.0,1.0
699044,29036,Miguel Ullola,-0.00017533681788323922,1.0,0.1695999950170517,0.20260000228881836
685396,sa3020804,Nate Peterson,-0.00017543364031526946,1.0,0.15119999647140503,0.2892000079154968
645307,17581,Ricardo Sánchez,-0.00017683030794387613,1.0,0.0,1.0
671781,sa946165,Christian Mejias,-0.00018963410842537387,1.0,0.1712000072002411,0.19519999623298645
661440,20080,Mauricio Llovera,-0.0001917987745385035,1.0,0.0,1.0
683402,sa3008697,Juan Daniel Encarnacion,-0.0001939750900820874,1.0,0.16910000145435333,0.20509999990463257
663875,sa3021977,Al Pesto,-0.00020310558943116986,1.0,0.0,1.0
622251,18335,Josh Staumont,-0.00021636596309939434,26.0,0.0,26.0
686731,sa3011676,Lucas Knowles,-0.0002182626936071747,1.0,0.12999999523162842,0.3889999985694885
664028,17877,Brett Kennedy,-0.00022495594969919165,1.0,0.09749999642372131,0.5414999723434448
621052,15015,Alex Reyes,-0.00022553937055692764,1.0,0.0,1.0
663975,21092,Nick Duron,-0.0002278217050316318,1.0,0.0,1.0
502083,2895,Zach McAllister,-0.00022896397830827952,1.0,0.0,1.0
656793,20153,Nick Nelson,-0.0002293433878936014,1.0,0.0,1.0
656924,19891,Ryder Ryan,-0.000231285813638739,1.0,0.0,1.0
543548,7608,Tommy Milone,-0.0002367726657167002,1.0,0.1754000037908554,0.1754000037908554
676600,sa3005028,Ethan Lindow,-0.00023972338239544125,1.0,0.164000004529953,0.2290000021457672
701161,sa3017862,Nick Sinacola,-0.0002518701571000626,1.0,0.14790000021457672,0.30489999055862427
656186,16507,Dan Altavilla,-0.0002588339490274677,1.0,0.01600000075995922,0.925000011920929
656077,sa828972,Félix Paulino,-0.000267988209608228,1.0,0.02370000071823597,0.888700008392334
670078,sa918347,Ben Krauth,-0.00028000081086623925,1.0,0.11890000104904175,0.4408999979496002
656212,19865,Charlie Barnes,-0.00028085822689418816,1.0,0.15389999747276306,0.2768999934196472
685719,sa3010134,Fernando Sanchez,-0.00028998156304429416,1.0,0.13580000400543213,0.3617999851703644
674220,sa974592,Adrian Alcantara,-0.0002903189578211797,1.0,0.12999999523162842,0.3889999985694885
681548,sa3008040,Yusniel Padron-Artiles,-0.00029260464151877204,1.0,0.16930000483989716,0.20430000126361847
675660,27814,Shane Drohan,-0.00029345337330291695,1.0,0.07930000126361847,0.6273000240325928
656726,sa829124,Sam McWilliams,-0.00029986302647476654,1.0,0.06750000268220901,0.6825000047683716
656353,19871,Tucker Davidson,-0.0003233229201983582,1.0,0.0,1.0
502706,4141,Derek Holland,-0.0003245980839215495,1.0,0.009499999694526196,0.9555000066757202
622065,18333,Alex Young,-0.0003383703155888905,1.0,0.0,1.0
700370,sa3016065,Felipe De La Cruz,-0.0003450217277633104,1.0,0.17399999499320984,0.18199999630451202
675960,sa915638,Alex Troop,-0.0003540467389900773,1.0,0.13300000131130219,0.375
621348,16279,Sam Clay,-0.00035595633946441246,1.0,0.0,1.0
676510,23381,Nolan Hoffman,-0.0003592620931584669,1.0,0.0,1.0
678016,sa3014538,Ian Bedell,-0.00037869302110847547,1.0,0.17139999568462372,0.19439999759197235
678660,sa3007724,Victor Vargas,-0.00038146893265105723,1.0,0.1754000037908554,0.1754000037908554
695769,sa3015222,D.J. McCarty,-0.0003837628180016931,1.0,0.17180000245571136,0.19280000030994415
702034,sa3020180,Ike Buxton,-0.00039199988728072044,1.0,0.1754000037908554,0.1754000037908554
676707,sa3004771,John Russell,-0.0004030870331173031,1.0,0.0,1.0
696155,sa3018185,Sean Sullivan,-0.00040464474817175785,1.0,0.17020000517368317,0.20020000636577606
668855,sa3014913,Sean Mooney,-0.0004225654232457175,1.0,0.11159999668598175,0.475600004196167
571527,11176,David Buchanan,-0.00044879885372514405,1.0,0.0,1.0
806577,sa3020439,Jared Kollar,-0.0004544887431389313,1.0,0.16670000553131104,0.2167000025510788
686769,sa3014924,Dane Acker,-0.00045810479595512823,1.0,0.16110000014305115,0.24310000240802765
598286,12575,Nick Ramirez,-0.00046674873394830394,1.0,0.0,1.0
682445,25241,Domingo Gonzalez,-0.00047574141425520285,20.0,0.0,20.0
663531,18555,Logan Allen,-0.0004782412071595561,1.0,0.0,1.0
670766,20038,Darren McCaughan,-0.000481924131252778,1.0,0.08810000121593475,0.5860999822616577
701549,sa3017978,Jaylen Nowlin,-0.00048281338409897345,1.0,0.15790000557899475,0.2578999996185303
605388,12580,Adam Morgan,-0.00048423706303168403,1.0,0.0,1.0
694788,sa3022793,Carlson Reed,-0.00048669365842612635,1.0,0.1754000037908554,0.1754000037908554
675983,sa3004770,Garrett Schilling,-0.0004994230658648278,1.0,0.12530000507831573,0.41130000352859497
665859,sa918026,Wilkel Hernandez,-0.0005080052214314145,1.0,0.17419999837875366,0.18119999766349792
623471,sa659283,Justin Dillon,-0.000511415002586632,1.0,0.04610000178217888,0.7831000089645386
801432,sa3020611,Eric Reyzelman,-0.0005134004316073242,1.0,0.013500000350177288,0.9365000128746033
694346,33794,Trey Gibson,-0.0005231072644485181,1.0,0.1573999971151352,0.2603999972343445
805823,sa3022587,Paul Bonzagni,-0.000534965375548714,1.0,0.1632000058889389,0.23319999873638153
678616,sa3006697,C.J. Eldred,-0.0005374250696799966,1.0,0.07419999688863754,0.651199996471405
643327,14862,Zack Godley,-0.0005475056371613906,1.0,0.15790000557899475,0.2578999996185303
676105,27608,Jeff Criswell,-0.0005478125138613918,1.0,0.0,1.0
644396,sa740812,Luis Ledo,-0.0005552791585278678,1.0,0.06560000032186508,0.6916000247001648
657022,sa828707,Trey Supak,-0.0005556180191978917,1.0,0.15559999644756317,0.2685999870300293
685067,sa3020888,Baron Stuart,-0.000564344566974912,1.0,0.1754000037908554,0.1754000037908554
623364,16390,Brad Wieck,-0.0005674046953701432,1.0,0.0,1.0
502593,10534,Jake Petricka,-0.0005731072011129875,1.0,0.0,1.0
809950,sa3023103,Dakota Hawkins,-0.000582455088047756,1.0,0.12890000641345978,0.3939000070095062
672860,22932,Prelander Berroa,-0.0005925723732498257,1.0,0.0,1.0
605359,12297,Evan Marshall,-0.0005954969061895117,1.0,0.0,1.0
606273,12673,Roenis Elías,-0.0005975757482539232,1.0,0.0,1.0
702566,31761,Owen Murphy,-0.0006085997974851872,1.0,0.1754000037908554,0.1754000037908554
592314,10811,Mike Foltynewicz,-0.0006131430081966282,1.0,0.164000004529953,0.2290000021457672
681815,sa3008630,Tim Brennan,-0.0006137828019204693,1.0,0.15330000221729279,0.2793000042438507
699071,sa3016260,Christian Romero,-0.0006162109333040618,1.0,0.1492999941110611,0.29829999804496765
518813,7196,Greg Holland,-0.0006201393832183724,1.0,0.0,1.0
543208,12778,Sam Gaviglio,-0.0006383922756900363,1.0,0.0,1.0
805728,sa3020613,Kevin Stevens,-0.000641434699257315,1.0,0.0,1.0
534910,13287,Jesse Hahn,-0.0006591807204923794,1.0,0.0,1.0
681963,sa3006986,Conner Loeprich,-0.000674243111216086,1.0,0.1754000037908554,0.1754000037908554
695293,sa3023475,Jojo Ingrassia,-0.0006753619876029786,1.0,0.1526000052690506,0.2825999855995178
701000,sa3017146,Ryan Och,-0.000682651438898757,1.0,0.0,1.0
694680,31878,Trevor Martin,-0.0006841765853303513,1.0,0.17299999296665192,0.18700000643730164
667050,sa918674,Grant Gavin,-0.0006933566303306425,1.0,0.1453000009059906,0.3172999918460846
685311,sa3016906,Tommy Sommer,-0.0006966744778209592,1.0,0.17000000178813934,0.20100000500679016
666130,sa917925,Jay Groome,-0.0007059186201816712,1.0,0.1754000037908554,0.1754000037908554
696070,29423,Kendry Rojas,-0.0007122865872817497,1.0,0.17249999940395355,0.18950000405311584
601980,sa597245,Geronimo Franzua,-0.0007130274199322282,1.0,0.03139999881386757,0.852400004863739
701511,sa3023682,Ryan Watson,-0.0007204075529128158,1.0,0.16529999673366547,0.2232999950647354
667563,sa3010778,Jake Sommers,-0.0007228697587489605,1.0,0.0,1.0
669188,sa3015002,Logan Boyer,-0.0007264146634869568,1.0,0.0,1.0
676697,sa3004591,Brody Rodning,-0.0007329459618969751,1.0,0.0,1.0
669214,19199,Conner Menez,-0.0007493158922946629,1.0,0.0,1.0
642177,sa738652,Matt Vogel,-0.0007505624992885528,1.0,0.0,1.0
658551,18496,Junior Fernández,-0.0007537876541122639,8.0,0.0,8.0
668943,22187,Ryan Miller,-0.0007587412420603435,1.0,0.0,1.0
669454,sa918087,Zack Trageton,-0.0007694932024239549,1.0,0.14319999516010284,0.3271999955177307
600853,sa597194,Jose Adames,-0.0007707496589363873,1.0,0.0,1.0
686678,25480,Chase Solesky,-0.0007758889538246127,1.0,0.17090000212192535,0.19689999520778656
445926,5448,Jesse Chavez,-0.0007801935741497679,44.0,0.0,44.0
663929,sa876287,Riley Thompson,-0.0007867503585361695,1.0,0.14000000059604645,0.34200000762939453
690506,sa3018794,Brent Teller,-0.0008075886192618836,1.0,0.09279999881982803,0.5637999773025513
669243,sa1172845,Ryan Anderson,-0.0008110113974417828,1.0,0.03020000085234642,0.8582000136375427
679928,sa3010787,Evan McKendry,-0.0008152554089004067,1.0,0.13699999451637268,0.35600000619888306
446321,2859,Ross Detwiler,-0.0008180466106413296,1.0,0.0,1.0
800996,sa3020749,Cole Paplham,-0.0008202935902628252,1.0,0.0,1.0
656382,21281,Tommy Doyle,-0.0008236858601980161,1.0,0.0,1.0
608349,15010,Corey Knebel,-0.0008248264661198163,1.0,0.0,1.0
452657,4930,Jon Lester,-0.000827035954122399,1.0,0.1754000037908554,0.1754000037908554
676570,sa3006966,Brooks Wilson,-0.0008320501234056676,1.0,0.0,1.0
811307,sa3023282,Jack Wenninger,-0.0008559521744380574,1.0,0.16419999301433563,0.2282000035047531
594311,14665,Jandel Gustave,-0.000857012542155149,1.0,0.0,1.0
669468,sa3004701,Aaron Leasher,-0.0008589647976391113,1.0,0.11749999970197678,0.44749999046325684
689434,sa3019818,Anders Tolhurst,-0.0008712802051357414,1.0,0.0,1.0
650690,sa828727,Carlos Luna,-0.000880752275158945,1.0,0.16040000319480896,0.24639999866485596
682926,sa3008406,Jorge Bautista,-0.0008889824742244247,1.0,0.17190000414848328,0.19189999997615814
605240,16159,Jace Fry,-0.0008945211313699874,1.0,0.0,1.0
592612,11528,Josh Osich,-0.0009007295595701484,1.0,0.0,1.0
695229,sa3022728,Camden Minacci,-0.0009147750879907809,1.0,0.0,1.0
681116,sa3010369,Chase Chaney,-0.0009208889410256826,1.0,0.17399999499320984,0.18199999630451202
807716,sa3023101,Ty Langenberg,-0.0009258180922869276,1.0,0.1737000048160553,0.18369999527931213
664144,sa875297,Jon Olczak,-0.0009267031102198665,1.0,0.0,1.0
641312,19453,Shaun Anderson,-0.0009278231220883206,1.0,0.057500001043081284,0.7294999957084656
664714,19942,Ljay Newsome,-0.000928425844543522,1.0,0.023900000378489494,0.8878999948501587
687941,26227,Alec Gamboa,-0.0009290479182657743,1.0,0.15039999783039093,0.29339998960494995
681256,sa3019911,Ian Mejia,-0.0009318469995352617,1.0,0.17399999499320984,0.18199999630451202
621593,19789,Anthony Castro,-0.0009322787468425578,1.0,0.0,1.0
533167,4776,Matt Shoemaker,-0.0009436999190666792,1.0,0.14740000665187836,0.3073999881744385
666148,sa3015208,Drake Fellows,-0.0009470110107164346,1.0,0.1362999975681305,0.35929998755455017
703103,sa3017769,Jordan Carr,-0.0009527371122353288,1.0,0.10400000214576721,0.5109999775886536
664079,17952,Tyler Jay,-0.000954961642971323,1.0,0.0,1.0
572193,10291,Ryan Tepera,-0.0009578734366755347,1.0,0.0,1.0
676784,sa1055560,Jake Lyons,-0.0009646808767098653,1.0,0.11699999868869781,0.44999998807907104
687238,sa3020558,Trace Bright,-0.0009675771172463765,1.0,0.1754000037908554,0.1754000037908554
608678,13763,Dominic Leone,-0.0009696089326587549,1.0,0.0,1.0
701884,sa3020813,Magnus Ellerts,-0.000972401535200411,1.0,0.0,1.0
687239,26406,Ben Peoples,-0.000974433221043529,1.0,0.1754000037908554,0.1754000037908554
641988,sa621533,Alex Powers,-0.0009790291282868572,1.0,0.0,1.0
621076,18331,James Kaprielian,-0.0009810171761343855,1.0,0.16769999265670776,0.21170000731945038
543272,9111,Brad Hand,-0.0009819445463746454,1.0,0.0,1.0
656619,sa3007200,Chance Kirby,-0.0009940274201200644,1.0,0.04670000076293945,0.7807000279426575
687856,sa3010259,Andrew Bash,-0.0009940569573514458,1.0,0.15189999341964722,0.2858999967575073
683264,sa3020883,Adam Maier,-0.0009980916249555136,1.0,0.1754000037908554,0.1754000037908554
685005,27662,Christian Roa,-0.0010068032760990886,1.0,0.09000000357627869,0.5770000219345093
702604,sa3021728,Michael Kennedy,-0.001010627895152608,1.0,0.17329999804496765,0.18529999256134033
806331,sa3019850,Collin Lowe,-0.001016411124268766,1.0,0.07699999958276749,0.6380000114440918
702462,sa3017551,Nic Swanson,-0.0010183962489881218,1.0,0.17399999499320984,0.18199999630451202
666207,21858,Riley Pint,-0.001028312582868738,1.0,0.0,1.0
682523,sa3007862,Tyler Mitzel,-0.0010290716617210485,1.0,0.0,1.0
681891,sa1119415,Zach Greene,-0.00103086606057907,1.0,0.08399999886751175,0.6050000190734863
688584,sa1170614,Andrew Edwards,-0.0010319850338971195,1.0,0.0,1.0
570240,13403,Félix Peña,-0.001033253089248534,1.0,0.0,1.0
608334,18311,Carson Fulmer,-0.001044034656696724,1.0,0.07680000364780426,0.6388000249862671
663819,sa875768,Kyle Wilson,-0.0010481013873679499,1.0,0.10300000011920929,0.515999972820282
801725,sa3019283,Luis De León,-0.0010503102678259052,1.0,0.15960000455379486,0.24959999322891235
675919,20333,Nick Raquet,-0.0010531826967648584,1.0,0.08649999648332596,0.593500018119812
656671,21310,Josh Maciejewski,-0.0010537325161616583,1.0,0.0,1.0
701195,sa3017493,Manuel Castro,-0.0010635890371915166,1.0,0.0,1.0
687195,sa3020077,Jake Garland,-0.0010774673706414899,1.0,0.15369999408721924,0.2777000069618225
598264,12863,Matt Barnes,-0.001087850653951685,1.0,0.0,1.0
518649,11369,Brett Eibner,-0.001089496845428488,1.0,0.0,1.0
805345,sa3022526,Trent Harris,-0.001090721348087809,1.0,0.0,1.0
696275,sa3017848,RJ Petit,-0.001091077711064764,1.0,0.01860000006854534,0.9125999808311462
642545,18356,Jaime Barria,-0.0010971219015882179,1.0,0.05820000171661377,0.7261999845504761
659275,17186,Dinelson Lamet,-0.0011036846991312218,1.0,0.0,1.0
806581,sa3019962,Nick Merkel,-0.001112526409141413,1.0,0.05050000175833702,0.762499988079071
676442,sa3017946,Bailey Dees,-0.0011132212317503725,1.0,0.17399999499320984,0.18199999630451202
800550,sa3020816,Miguel Cienfuegos,-0.001115701168456659,1.0,0.16050000488758087,0.24549999833106995
680232,29832,Jackson Wolf,-0.0011180374939924434,1.0,0.1754000037908554,0.1754000037908554
804542,sa3020404,Landon Harper,-0.001124047160969298,1.0,0.08910000324249268,0.5810999870300293
668766,sa3004197,Dylan File,-0.0011262962421051078,1.0,0.1737000048160553,0.18369999527931213
676571,23394,PJ Poulin,-0.0011404827133001756,1.0,0.0,1.0
696522,29640,Hayden Juenger,-0.0011468266736194,1.0,0.0,1.0
688873,sa3010581,Matt Mullenbach,-0.0011513109928464034,1.0,0.0,1.0
801207,sa3023223,Emmett Olson,-0.0011598952082152785,1.0,0.1754000037908554,0.1754000037908554
501697,5830,Jhan Mariñez,-0.0011659004409239591,1.0,0.04879999905824661,0.770799994468689
571539,13276,Matt Carasiti,-0.001167015454135962,1.0,0.0,1.0
641425,sa874215,Thomas Burrows,-0.0011717023622044352,1.0,0.0,1.0
702303,29934,Riley Martin,-0.0011725233192349117,1.0,0.0,1.0
516853,8801,Wilking Rodríguez,-0.0011962350156022575,13.0,0.0,13.0
662165,sa3007585,Austin Schulfer,-0.0012047405228359223,1.0,0.0210999995470047,0.9010999798774719
668711,sa3011410,Nick Bennett,-0.001213076397400447,1.0,0.1096000000834465,0.4846000075340271
605498,18300,Andrew Suárez,-0.0012155251313564015,1.0,0.0,1.0
664871,19285,Kyle Dowdy,-0.001226416658692704,1.0,0.0,1.0
808970,33827,Woo-Suk Go,-0.0012397471848698987,1.0,0.0,1.0
686796,26270,Blake Walston,-0.0012620447214409971,1.0,0.08609999716281891,0.5950999855995178
502327,4026,Héctor Santiago,-0.0012648700254020806,1.0,0.019999999552965164,0.906000018119812
669746,sa918150,Tommy Eveld,-0.0012750453440932763,1.0,0.0,1.0
688274,sa3018115,Hayden Seig,-0.0012758395605866257,1.0,0.03610000014305115,0.8300999999046326
656804,sa3006796,Andrés Núñez,-0.0012788691709246975,1.0,0.020400000736117363,0.9043999910354614
672435,sa3002949,Juan Mejia,-0.0012847495187461695,1.0,0.09000000357627869,0.5770000219345093
681007,sa1170342,Jack Cushing,-0.0012864562221382235,1.0,0.06859999895095825,0.6776000261306763
686842,25663,McKinley Moore,-0.0012875470222764986,1.0,0.0,1.0
681533,sa3007242,Jake Miednik,-0.001295163923209207,1.0,0.11819999665021896,0.4442000091075897
805045,sa3019488,Brett Matthews,-0.001298411189916779,1.0,0.08649999648332596,0.593500018119812
641726,19345,Daulton Jefferies,-0.0013004093054126335,1.0,0.03189999982714653,0.8499000072479248
665417,sa827380,Kyle Kubat,-0.001303403755864751,1.0,0.1421000063419342,0.3321000039577484
605232,16208,Brandon Finnegan,-0.0013066865522697805,1.0,0.06120000034570694,0.7121999859809875
657053,16929,Touki Toussaint,-0.0013272195851379272,1.0,0.0,1.0
664944,19529,Cam Vieaux,-0.0013320160896688339,1.0,0.0,1.0
666020,sa919537,Kai-Wei Lin,-0.001338615976556183,1.0,0.0,1.0
663971,25416,Blair Calvo,-0.0013622156363591574,1.0,0.0,1.0
682858,sa3009593,Gabriel Barbosa,-0.0013624381782522228,1.0,0.1687999963760376,0.20679999887943268
692404,sa3015949,Darlin Saladin,-0.0013689738758319255,1.0,0.1720999926328659,0.19110000133514404
670245,27853,Ryan Watson,-0.0013709481830871085,1.0,0.0,1.0
669020,22200,Ryan Rolison,-0.0013724362838027128,1.0,0.06300000101327896,0.7039999961853027
475479,6316,David Phelps,-0.0013776360186568885,1.0,0.00279999990016222,0.9868000149726868
690626,sa3024964,Dylan DeLucia,-0.0014080271675105083,1.0,0.1754000037908554,0.1754000037908554
670329,20023,Rico Garcia,-0.0014117535115329442,1.0,0.0,1.0
677185,sa3004120,Matt Hardy,-0.0014179899381132166,1.0,0.0,1.0
544727,5114,Jeurys Familia,-0.0014214233409453956,1.0,0.0,1.0
702275,31760,JR Ritchie,-0.0014219548062562762,1.0,0.17190000414848328,0.19189999997615814
694291,sa3023221,CJ Weins,-0.001423180636363518,1.0,0.0,1.0
678041,sa3005359,Brendan Nail,-0.001430670370784711,1.0,0.06069999933242798,0.7146999835968018
687033,sa3023124,Zack Lee,-0.0014324157804192618,1.0,0.16750000417232513,0.21250000596046448
663753,21541,Reiss Knehr,-0.001435719587430176,1.0,0.061900001019239426,0.708899974822998
800059,sa3020479,Dalton Rogers,-0.001435776062806437,1.0,0.17180000245571136,0.19280000030994415
689359,sa3019833,Dale Stanavich,-0.001439414373353843,1.0,0.0,1.0
682981,sa3020470,Derek Diamond,-0.0014413520992743348,1.0,0.16840000450611115,0.20839999616146088
663820,sa3005207,Alex Valverde,-0.0014483183563672021,1.0,0.15929999947547913,0.25130000710487366
657248,21366,Glenn Otto Jr.,-0.0014491696343825419,1.0,0.0,1.0
665996,sa917882,Oddanier Mosqueda,-0.001452048612008089,1.0,0.0,1.0
686249,25474,Nathan Wiles,-0.001454788360491948,1.0,0.12210000306367874,0.4260999858379364
663684,sa3007587,Adam Wolf,-0.0014624901202549263,1.0,0.06930000334978104,0.6743000149726868
673257,sa3003083,Victor Santos,-0.001466344345699932,1.0,0.10790000110864639,0.492900013923645
663735,sa3006801,Matt Frisbee,-0.0014683990389580805,1.0,0.155799999833107,0.2678000032901764
687166,26136,Austin Pope,-0.0014716668045140512,1.0,0.0,1.0
622379,20638,Luis F. Castillo,-0.0014757804318265002,1.0,0.0,1.0
679775,29615,Kyle Backhus,-0.0014784815251156769,1.0,0.010200000368058681,0.9521999955177307
676596,20418,Josh Fleming,-0.0014808619347174193,15.0,0.0,15.0
701643,29946,Grant Hartwig,-0.0015013024583146275,1.0,0.0,1.0
622088,16233,Tejay Antone,-0.001502462610233309,6.0,0.0,6.0
680397,sa3017639,Sam Benschoter,-0.0015059605163820504,1.0,0.12210000306367874,0.4260999858379364
699911,27812,Dugan Darnell,-0.0015097715561177667,1.0,0.01860000006854534,0.9125999808311462
669283,sa3011395,Drew Parrish,-0.00152261553210812,1.0,0.15629999339580536,0.2653000056743622
694549,sa3023156,Isaiah Coupet,-0.0015269609055192522,1.0,0.1665000021457672,0.2175000011920929
452027,7853,Andrew Albers,-0.0015285177818770439,1.0,0.11389999836683273,0.4648999869823456
701151,sa3015087,Jake McSteen,-0.0015327170014462579,1.0,0.06880000233650208,0.676800012588501
660593,20526,Denyi Reyes,-0.0015396407569436153,1.0,0.09809999912977219,0.5390999913215637
518566,11964,Taylor Cole,-0.0015424401568006972,1.0,0.0649000033736229,0.6948999762535095
642563,sa736742,Raffi Vizcaíno,-0.001543209475746883,1.0,0.0,1.0
809109,sa3022737,Roman Angelo,-0.0015504369482281755,1.0,0.17399999499320984,0.18199999630451202
593140,11903,Michael Feliz,-0.0015534628444321746,1.0,0.0,1.0
676275,sa3018004,Blake Beers,-0.0015553559669032678,1.0,0.1695999950170517,0.20260000228881836
670437,sa918634,Lucas Jacobsen,-0.001557712164788276,1.0,0.03370000049471855,0.84170001745224
680451,sa3017685,Mason Erla,-0.0015581681481813099,1.0,0.07020000368356705,0.670199990272522
621455,sa659266,Sean McLaughlin,-0.0015626973624486855,1.0,0.020899999886751175,0.9018999934196472
667677,sa874155,Zac Houston,-0.0015680208434854898,1.0,0.0,1.0
670065,sa918196,Trevor Lane,-0.0015682714916423772,1.0,0.0,1.0
677023,sa3007597,Carson Teel,-0.001569728482074706,1.0,0.08320000022649765,0.6092000007629395
676568,23391,Ricky Vanasco,-0.0015727488908289765,1.0,0.0,1.0
643316,15832,Paul Fry,-0.0015823073526968095,1.0,0.0,1.0
682724,sa3019110,Jorge Mercedes,-0.001583588340975531,1.0,0.0,1.0
670404,sa918539,Skylar Arias,-0.0015859472393159346,1.0,0.04879999905824661,0.770799994468689
688843,sa3010631,Jacques Pucheu,-0.0015949393773980406,1.0,0.10090000182390213,0.5259000062942505
689508,sa3018181,Orlando Ortiz-Mayr,-0.0015964319624353596,1.0,0.17260000109672546,0.18860000371932983
650654,sa828598,Cristopher Molina,-0.0016052613610242966,1.0,0.07050000131130219,0.6685000061988831
687001,sa3010814,Bryce Tassin,-0.0016072735448411167,1.0,0.07069999724626541,0.6676999926567078
670422,sa918556,Trevor Bettencourt,-0.001616976505453422,1.0,0.01679999940097332,0.920799970626831
676699,sa3004215,Seth Nordlin,-0.0016175466640800322,1.0,0.12349999696016312,0.4194999933242798
621377,sa657974,Tyler Pike,-0.0016428409381817903,1.0,0.021900000050663948,0.8968999981880188
669915,sa3011592,Zach King,-0.0016470699473532108,1.0,0.15610000491142273,0.2660999894142151
641360,18519,Phil Bickford,-0.001659930991451939,1.0,0.0,1.0
621129,19686,Kyle Cody,-0.0016654800681816324,1.0,0.0,1.0
669370,sa3014423,Asa Lacy,-0.0016670217909015093,1.0,0.1242000013589859,0.41620001196861267
801434,31571,Paul Gervase,-0.0016675649793625256,1.0,0.0,1.0
642225,sa737853,Stephen Woods Jr.,-0.0016780097577134556,1.0,0.0,1.0
814217,sa3021721,Sam Gardner,-0.0016814262914057272,1.0,0.0,1.0
657756,19695,Connor Seabold,-0.0016833730019113833,1.0,0.11860000342130661,0.4426000118255615
674372,sa975541,Osvaldo Hernandez,-0.0016891417260170548,1.0,0.06750000268220901,0.6825000047683716
667712,sa3006956,Austin Hansen,-0.0016894957430463426,1.0,0.08910000324249268,0.5810999870300293
595191,12664,Jerad Eickhoff,-0.0016904415070680627,1.0,0.1754000037908554,0.1754000037908554
676393,sa3018169,Jack Leftwich,-0.0016936216478946214,1.0,0.019099999219179153,0.910099983215332
660431,18592,Hector Perez,-0.001700410037893261,1.0,0.0,1.0
677076,23631,Clayton Andrews,-0.0017068652239836312,1.0,0.0,1.0
701677,sa3015134,Sean Kealey,-0.0017082564408802024,1.0,0.0,1.0
686745,sa3014469,Zach Peek,-0.0017089733066813408,1.0,0.0,1.0
675914,sa3004657,Tony Dibrell,-0.0017294938256668235,1.0,0.15950000286102295,0.25049999356269836
700413,29961,Tyler Uberstine,-0.00172962446930042,1.0,0.1754000037908554,0.1754000037908554
622338,sa658076,Jesús Liranzo,-0.0017335216535491972,1.0,0.014700000174343586,0.9307000041007996
692414,sa3015446,Yoniel Curet,-0.0017349087029533724,1.0,0.1754000037908554,0.1754000037908554
800723,sa3020400,Trevin Michael,-0.0017357358495595204,1.0,0.02070000022649765,0.9027000069618225
685377,sa3009632,Misael Tamarez,-0.0017413211627413767,1.0,0.12860000133514404,0.39559999108314514
692243,sa3023064,Jaden Woods,-0.0017456521219097764,1.0,0.021900000050663948,0.8968999981880188
694573,sa3023662,Wyatt Crowell,-0.0017496796289563662,1.0,0.1754000037908554,0.1754000037908554
663977,sa3007590,Jake Higginbotham,-0.0017585123023872763,1.0,0.03579999879002571,0.8317999839782715
676641,23420,Beau Sulser,-0.0017616598195808594,1.0,0.0,1.0
702881,sa3019119,Aldrin Batista,-0.0017646770591238832,1.0,0.1754000037908554,0.1754000037908554
803833,sa3023310,Garrett Baumann,-0.0017648352185657117,1.0,0.1737000048160553,0.18369999527931213
661527,21045,Seth Martinez,-0.0017649705287004543,1.0,0.0,1.0
676153,sa3017609,Austin Love,-0.0017658357213575226,1.0,0.1754000037908554,0.1754000037908554
641974,sa3008595,Alex Phillips,-0.001766343467485092,1.0,0.0,1.0
678142,sa3020315,Cedric De Grandpre,-0.0017666048169692518,1.0,0.17110000550746918,0.19609999656677246
689546,27741,Nick Davila,-0.0017762123864636056,1.0,0.0,1.0
624526,sa738512,Garrett Williams,-0.00178038232409165,1.0,0.019099999219179153,0.910099983215332
679977,sa3011695,Noah Song,-0.0017830084243579726,1.0,0.10719999670982361,0.49619999527931213
691068,sa3010005,Michael Stryffeler,-0.0017834001076318176,1.0,0.0,1.0
641582,19647,Matt Foster,-0.001788472243589521,1.0,0.05260000005364418,0.7526000142097473
624519,sa738442,Logan Shore,-0.0017900225978903968,1.0,0.1754000037908554,0.1754000037908554
679057,sa3017717,Mason Green,-0.001798713503511809,1.0,0.1623000055551529,0.23729999363422394
694050,sa3016833,Gabriel Reyes,-0.0018001710134283866,1.0,0.16179999709129333,0.23980000615119934
688883,31865,Peyton Pallette,-0.001801764656423066,1.0,0.12250000238418579,0.4244999885559082
643494,sa738686,A.J. Puckett,-0.001810100151857389,1.0,0.04390000179409981,0.7939000129699707
642578,17860,José Rodríguez,-0.0018129085623347825,1.0,0.0,1.0
656206,sa829808,Jeff Bain,-0.001819061836950763,1.0,0.1307000070810318,0.385699987411499
572371,sa503722,Tyler Higgins,-0.001837077378910451,1.0,0.0,1.0
682126,sa3014860,Evan Reifert,-0.001837805721542872,1.0,0.0,1.0
672810,sa3003037,Jairo Solis,-0.0018388263416300808,1.0,0.16599999368190765,0.2199999988079071
680691,sa3007775,Justin Jarvis,-0.001845355603632925,1.0,0.1281999945640564,0.39719998836517334
811310,sa3023180,Nigel Belgrave,-0.001856790870518681,1.0,0.0,1.0
692064,sa3015437,José Rodríguez,-0.001863125707880266,1.0,0.12330000102519989,0.4203000068664551
688328,sa3020592,Eric Adler,-0.0018636774292577322,1.0,0.0,1.0
663901,sa3006803,Michael Flynn,-0.0018800150349939208,1.0,0.013299999758601189,0.9373000264167786
664161,19705,Matt Swarmer,-0.001881958946606907,1.0,0.12720000743865967,0.40220001339912415
673822,sa3003124,Marcos Tineo,-0.0018868507588152036,1.0,0.1754000037908554,0.1754000037908554
543557,4869,Mike Montgomery,-0.0018888869335596803,1.0,0.0658000037074089,0.6908000111579895
664006,sa3004637,Joey Marciano,-0.0018959441399198562,1.0,0.04490000009536743,0.7889000177383423
672795,sa3003036,Samuel Reyes,-0.0018966361939336887,1.0,0.04879999905824661,0.770799994468689
666007,sa917869,Deyni Olivero,-0.0018995536152843432,1.0,0.1754000037908554,0.1754000037908554
472551,4994,Fernando Abad,-0.001899912129456089,1.0,0.0,1.0
681259,sa3006823,Aaron Pinto,-0.0019001437616665954,1.0,0.018799999728798866,0.9118000268936157
805784,sa3023481,Tanner Hall,-0.0019040262753847181,1.0,0.16089999675750732,0.24390000104904175
676881,sa3016937,Garrett Schoenle,-0.001909136409991002,1.0,0.08330000191926956,0.608299970626831
686223,sa3020858,Joey Mancini,-0.0019100076339788252,1.0,0.10580000281333923,0.5027999877929688
672666,sa3003015,Adolfo Ramirez,-0.001911645797396396,1.0,0.121799997985363,0.4277999997138977
502179,8246,Paolo Espino,-0.001912607628061439,1.0,0.08110000193119049,0.6190999746322632
694494,sa3023410,Ty Johnson,-0.00191834179558203,1.0,0.14810000360012054,0.30410000681877136
702297,sa3020451,Carson Skipper,-0.0019202396121863604,1.0,0.0,1.0
694312,sa3017313,Logan Workman,-0.0019276560359599076,1.0,0.17419999837875366,0.18119999766349792
543901,10160,Ryan Weber,-0.001930070357268967,1.0,0.0,1.0
702477,sa3018802,Joseph Montalvo,-0.0019348894345805148,1.0,0.1754000037908554,0.1754000037908554
608167,14699,Jonathan Aro,-0.0019442785150286276,1.0,0.09040000289678574,0.5753999948501587
679630,sa3011195,Brett Schulze,-0.0019444076004032993,1.0,0.019300000742077827,0.9093000292778015
650893,17490,Génesis Cabrera,-0.001946566036274247,35.0,0.0,35.0
694559,sa3017419,Nick Jones,-0.001956335598710988,1.0,0.0,1.0
656473,sa828794,Brian Gonzalez,-0.001961622044355472,1.0,0.1460999995470047,0.31310001015663147
694650,sa3021726,Cameron Cotter,-0.001963505565374449,1.0,0.0,1.0
669192,sa3014786,Wil Jensen,-0.0019688712814547576,1.0,0.08699999749660492,0.5910000205039978
672376,sa3002678,Luis Pacheco,-0.0019763555036322183,1.0,0.0,1.0
676931,sa3014919,Cole Percival,-0.0019951866931107913,1.0,0.16189999878406525,0.23890000581741333
668908,sa3005213,Justin Bullock,-0.0020003251331347106,1.0,0.1754000037908554,0.1754000037908554
571521,9794,Rex Brothers,-0.0020021756919987588,1.0,0.0,1.0
671382,31942,Cameron Foster,-0.002003000683007507,1.0,0.12530000507831573,0.41130000352859497
684128,sa3009626,Reidis Sena,-0.002012046822496014,1.0,0.0,1.0
541640,10314,Erasmo Ramírez,-0.0020135384376612966,1.0,0.0,1.0
640444,19800,Wil Crowe,-0.0020169759491856024,1.0,0.0,1.0
592848,15444,Zack Weiss,-0.002020266336293623,1.0,0.0,1.0
703710,sa3020814,Darrell Thompson,-0.0020220355512667078,1.0,0.0,1.0
570488,15605,Phillips Valdez,-0.0020325159206400845,1.0,0.0,1.0
595798,10819,R.J. Alaniz,-0.002033079398843247,1.0,0.0,1.0
686972,25665,Cole Waites,-0.002033650452174268,1.0,0.0,1.0
694747,sa3017315,Brooks Gosswein,-0.0020380845433445715,1.0,0.15440000593662262,0.274399995803833
694393,sa3023635,Jaxon Wiggins,-0.0020400833123621156,1.0,0.1754000037908554,0.1754000037908554
700354,sa3015509,Carlos Marcano,-0.0020429638231110187,1.0,0.17110000550746918,0.19609999656677246
642759,18341,Julian Fernández,-0.0020492418042157997,1.0,0.0,1.0
669993,sa928287,Raul Brito,-0.002054974370054757,1.0,0.02370000071823597,0.888700008392334
661309,21023,Adrián Martinez,-0.00205573531402438,1.0,0.007400000002235174,0.965399980545044
593619,12178,Domingo Tapia,-0.002060364198836596,1.0,0.0,1.0
656451,sa829790,John Gavin,-0.0020643840933335746,1.0,0.0,1.0
676206,23324,Freddy Tarnok,-0.002066099799711672,1.0,0.03189999982714653,0.8499000072479248
656544,sa915685,Colton Hock,-0.0020684584634135935,1.0,0.0,1.0
663678,sa3008312,Colton Eastman,-0.0020698186896281334,1.0,0.14139999449253082,0.3353999853134155
807744,sa3023365,Ty Cummings,-0.0020715013302948196,1.0,0.1754000037908554,0.1754000037908554
669639,sa3015328,Nolan Clenney,-0.0020726833818519525,1.0,0.0,1.0
501789,3192,Will Harris,-0.0020732650138170685,1.0,0.0,1.0
701719,30081,Tyler Samaniego,-0.002073380518173723,1.0,0.0,1.0
675976,sa3005194,Mark Washington,-0.0020737723714053845,1.0,0.0,1.0
801682,sa3018151,Ryan Boyer,-0.002075246499932054,1.0,0.0,1.0
674114,sa3011190,Ryan Garcia,-0.002079504741411365,1.0,0.1754000037908554,0.1754000037908554
686193,sa1052944,Justin Lasko,-0.002080729362626446,1.0,0.12110000103712082,0.4311000108718872
694382,sa3014491,Trent Palmer,-0.002087225746982173,1.0,0.11980000138282776,0.4368000030517578
689551,sa3018284,Luke Summers,-0.0020927443120595424,1.0,0.0,1.0
687841,sa3010824,Andrew Magno,-0.002095354205636919,1.0,0.0,1.0
608648,13758,Tyler Duffey,-0.0020983083890785724,1.0,0.0,1.0
686662,sa3017813,Jarrod Cande,-0.002098689911435471,1.0,0.1720999926328659,0.19110000133514404
669229,sa3011218,Ben Brecht,-0.0021005948437086202,1.0,0.16979999840259552,0.20180000364780426
676051,23293,Codi Heuer,-0.00210777216425666,1.0,0.0,1.0
605218,13607,Carl Edwards Jr.,-0.0021080486556590713,1.0,0.0,1.0
676714,23460,Brandon Hughes,-0.002109555316426762,1.0,0.016499999910593033,0.9225000143051147
543022,4338,Tyler Chatwood,-0.002113612943670012,1.0,0.0,1.0
813360,sa3022911,Brian Edgington,-0.002115721597826809,1.0,0.1754000037908554,0.1754000037908554
802126,sa3023131,Joe Whitman,-0.0021170695455340616,1.0,0.1754000037908554,0.1754000037908554
679647,sa3008129,Jackson Rose,-0.0021240620339819534,1.0,0.0,1.0
686654,25651,Ty Adcock,-0.002126274637430086,1.0,0.0,1.0
593604,11812,Alberto Baldonado,-0.0021323309361503924,1.0,0.0,1.0
676111,sa3004661,Shawn Semple,-0.002136186374390014,1.0,0.15600000321865082,0.2669999897480011
672848,sa3003041,Noe Toribio,-0.0021524007307297086,1.0,0.0,1.0
658431,19903,Adonis Medina,-0.0021533446539840698,1.0,0.0,1.0
656196,sa829470,Argenis Angulo,-0.002155514310298032,1.0,0.0,1.0
688953,sa3011481,Trevor Brigden,-0.002160660137494922,1.0,0.0,1.0
656594,sa3004571,Kyle Johnston,-0.0021642869926037766,1.0,0.04349999874830246,0.7954999804496765
656235,sa829601,Cameron Bishop,-0.002172267329490385,1.0,0.0,1.0
691641,sa3015331,Jose Acuna,-0.0021730090482830755,1.0,0.16769999265670776,0.21170000731945038
502748,5401,Brad Peacock,-0.002179873265458325,1.0,0.07670000195503235,0.6396999955177307
606162,15655,Yefry Ramírez,-0.0021820324745189684,1.0,0.0,1.0
683689,sa3008713,Carlo Reyes,-0.0021836924235272928,1.0,0.026000000536441803,0.878000020980835
668948,20555,Kirk McCarty,-0.0021840584444428523,1.0,0.04190000146627426,0.8029000163078308
694887,sa3017545,Tyler Schoff,-0.0021850192164519153,1.0,0.0,1.0
670376,sa918495,Alejandro Mateo,-0.0022001124615488826,1.0,0.018400000408291817,0.9133999943733215
679758,sa3005456,Leonardo Pestana,-0.0022062339243978917,1.0,0.0,1.0
702373,sa3016526,Felix Arronde,-0.002209168570768445,1.0,0.1720999926328659,0.19110000133514404
488984,1157,Tommy Hunter,-0.002210487386976878,1.0,0.0,1.0
669420,sa3007926,Tim Cate,-0.0022168647517541106,1.0,0.015399999916553497,0.9273999929428101
687424,26034,Anthony Maldonado,-0.0022181528610670195,1.0,0.027699999511241913,0.869700014591217
676339,sa3006964,Sean Rackoski,-0.0022209832736804504,1.0,0.0,1.0
694677,sa3023002,Collin Baumgartner,-0.002225282633325004,1.0,0.0,1.0
678906,24282,Kai-Wei Teng,-0.0022253604663273812,1.0,0.0,1.0
699479,sa3017205,Taylor Broadway,-0.0022257112879127574,1.0,0.030400000512599945,0.8574000000953674
646241,18554,Enmanuel De Jesus,-0.0022340075625139405,1.0,0.0,1.0
800125,sa3018826,Fernando Perez,-0.0022387151469834892,1.0,0.1754000037908554,0.1754000037908554
678296,sa3005435,Luis Angel Rodriguez,-0.0022501330508137574,1.0,0.14839999377727509,0.30239999294281006
802363,sa3019958,Jordan Geber,-0.0022535041795002466,1.0,0.1469999998807907,0.3089999854564667
687607,sa1170012,Edgar Barclay,-0.002270365595768002,1.0,0.1754000037908554,0.1754000037908554
676890,sa3004022,Scott Boches,-0.002284032297733739,1.0,0.015799999237060547,0.9258000254631042
594056,13058,Reymin Guduan,-0.002287874094266326,1.0,0.0,1.0
572703,14288,Luke Bard,-0.0022892661260061017,1.0,0.0,1.0
686588,sa3014975,Blane Abeyta,-0.0022909616676003225,1.0,0.16439999639987946,0.227400004863739
664129,19558,Geoff Hartlieb,-0.0022924142930110494,1.0,0.0,1.0
656450,sa828693,Joe Gatto,-0.002293637163988013,1.0,0.04879999905824661,0.770799994468689
695038,sa3017316,Sean Hunley,-0.0023030508450065006,1.0,0.12770000100135803,0.39969998598098755
801333,sa3020452,Johnathan Harmon,-0.0023128228922351976,1.0,0.1754000037908554,0.1754000037908554
641506,sa737857,Adrian De Horta,-0.0023241314365671857,1.0,0.09229999780654907,0.5662999749183655
679025,sa3006141,Jordi Martinez,-0.002333141841174753,1.0,0.0,1.0
596043,16980,Daniel Mengden,-0.002336905853342084,1.0,0.06679999828338623,0.6858000159263611
663399,18347,Brandon Waddell,-0.0023378076432909655,1.0,0.0,1.0
687836,sa3010313,Jason Blanchard,-0.0023455836059948676,1.0,0.0,1.0
676987,sa3004713,Tim Naughton,-0.002345824332719571,1.0,0.0,1.0
695684,31811,Elmer Rodríguez,-0.002351000150944371,1.0,0.1737000048160553,0.18369999527931213
811319,sa3022909,Riley Frey,-0.0023572895698521622,1.0,0.15889999270439148,0.25290000438690186
642371,sa737032,Junior Garcia,-0.002364747310967603,1.0,0.0,1.0
674265,sa3017879,Kevin Abel,-0.002375446567790034,1.0,0.1754000037908554,0.1754000037908554
666005,sa917861,Andres Sotillet,-0.0023760017967213447,1.0,0.0,1.0
676760,23488,Ron Marinaccio,-0.002379142228583739,38.0,0.0,38.0
667445,sa3005114,Marshall Kasowski,-0.0023795412260577044,1.0,0.0,1.0
641682,19535,Ryan Hendrix,-0.002383750655023045,1.0,0.0,1.0
670109,sa918394,Jacob Bosiokovic,-0.0023874872316763497,1.0,0.0,1.0
666151,sa917928,Kevin Gowdy,-0.0023980628241346696,1.0,0.019099999219179153,0.910099983215332
686762,sa3010254,Austin Roberts,-0.0023986829282059492,1.0,0.0,1.0
703106,sa3017602,Ricardo Velez,-0.002403814002831186,1.0,0.0,1.0
662107,sa3004826,Brian Glowicki,-0.002407610298987222,1.0,0.07530000060796738,0.6463000178337097
802953,sa3021985,Colin Fields,-0.002413797363429982,1.0,0.16750000417232513,0.21250000596046448
642840,16459,Joe Harvey,-0.002415824788255726,1.0,0.0,1.0
592145,11437,Jesse Biddle,-0.002416836061648434,1.0,0.0,1.0
663686,sa3007958,Cody Deason,-0.002417852657525566,1.0,0.15950000286102295,0.25049999356269836
669942,sa919112,Chad Donato,-0.002419287979086372,1.0,0.16930000483989716,0.20430000126361847
687531,31615,William Kempner,-0.002436516665599488,1.0,0.057500001043081284,0.7294999957084656
676910,23563,Matt Seelinger,-0.0024435612106535197,1.0,0.0,1.0
681154,sa3008069,Keylan Killgore,-0.00244376281604749,1.0,0.0,1.0
682967,25348,Devin Sweet,-0.002444095068992698,24.0,0.0,24.0
683008,sa3011712,Avery Short,-0.00244534809850952,1.0,0.17389999330043793,0.18289999663829803
594943,11294,Zach Neal,-0.002447128071327523,1.0,0.0649000033736229,0.6948999762535095
670193,sa918939,Garrison Bryant,-0.0024514768589317592,1.0,0.1615999937057495,0.24060000479221344
805727,sa3020184,Nicholas Regalado,-0.0024516994173360922,1.0,0.026000000536441803,0.878000020980835
681555,sa3007243,Andrew Politi,-0.0024543807689146532,1.0,0.0,1.0
680774,sa3020799,Chase Costello,-0.0024670514179813132,1.0,0.0,1.0
681890,sa3007249,Troy Watson,-0.0024745359117216994,1.0,0.1339000016450882,0.3709000051021576
661536,sa873314,Melvin Adón,-0.002479283902812117,1.0,0.0,1.0
663989,21093,Nick Vespi,-0.0024842706893400683,1.0,0.0,1.0
644429,20582,Anderson Severino,-0.002488095916227531,1.0,0.0,1.0
694341,33043,Brendan Beck,-0.0024971877261359314,1.0,0.1754000037908554,0.1754000037908554
702045,sa3023510,Rorik Maltrud,-0.002502156080206908,1.0,0.164900004863739,0.2249000072479248
664337,21111,Miguel Yajure,-0.002515733239640983,1.0,0.02879999950528145,0.864799976348877
682029,sa3006707,Connor Curlis,-0.002520619088836798,1.0,0.0,1.0
702295,sa3017725,Ryne Moore,-0.002522954151765736,1.0,0.15950000286102295,0.25049999356269836
642236,sa875398,Joe Zanghi,-0.002531362014276256,1.0,0.0,1.0
622415,sa657689,Anthony Vizcaya,-0.002533257921268892,1.0,0.0,1.0
814193,sa3022797,Justin Storm,-0.0025346882115909,1.0,0.0,1.0
683681,sa3015415,Jose Gonzalez,-0.0025377003548567928,1.0,0.15559999644756317,0.2685999870300293
671111,25589,Sammy Peralta,-0.00253971896537609,1.0,0.0,1.0
657752,sa829628,Logan Sawyer,-0.0025520893512768882,1.0,0.0,1.0
663578,sa3010775,Jensen Elliott,-0.0025580316027422295,1.0,0.0,1.0
700875,sa3020890,Logan Clayton,-0.0025617722391881466,1.0,0.16439999639987946,0.227400004863739
688664,sa3022939,Ryan Brown,-0.0025677026707923508,1.0,0.11649999767541885,0.45249998569488525
656322,17264,Sam Coonrod,-0.0025790115943664384,1.0,0.0,1.0
689901,sa3023549,Nico Zeglin,-0.002579680956561798,1.0,0.08560000360012054,0.597599983215332
701464,sa3020393,Joe Miller,-0.0025797623289526483,1.0,0.17069999873638153,0.19769999384880066
670104,sa918482,Colin McKee,-0.0025868976959799203,1.0,0.024700000882148743,0.8837000131607056
676903,sa3005177,Noel Vela,-0.002588663889695737,1.0,0.0,1.0
690148,sa1170503,Chris Kachmar,-0.002597350891951884,1.0,0.16419999301433563,0.2282000035047531
676755,20385,Isaac Mattson,-0.0026019316586947464,1.0,0.0,1.0
656820,21327,Nicholas Padilla,-0.0026031187911104694,1.0,0.0,1.0
674342,sa3004823,Jakob Hernandez,-0.002617114503027408,1.0,0.0,1.0
676561,sa915726,Jeffrey Passantino,-0.0026183416419609325,1.0,0.07249999791383743,0.659500002861023
802408,31910,Brycen Mautz,-0.002622271740886889,1.0,0.1754000037908554,0.1754000037908554
684725,sa3018093,Zach Messinger,-0.0026303481539176115,1.0,0.17260000109672546,0.18860000371932983
519076,10547,Jimmy Nelson,-0.0026370435295626554,1.0,0.009999999776482582,0.953000009059906
694195,sa3017468,Norge Vera,-0.002639111908770871,1.0,0.14399999380111694,0.3230000138282776
670090,20010,Wyatt Mills,-0.0026589922093808865,1.0,0.0,1.0
801643,sa3023278,Owen Wild,-0.002660277799099095,1.0,0.1720999926328659,0.19110000133514404
687593,sa3020954,Hunter Patteson,-0.0026687682220072895,1.0,0.15539999306201935,0.2694000005722046
673387,sa3003102,Jose Montilla,-0.002674483778712242,1.0,0.08229999989271164,0.6133000254631042
701856,sa3017319,Patrick Halligan,-0.002675722721895331,1.0,0.01489999983459711,0.9298999905586243
682645,sa3008678,Jerming Rosario,-0.002676384816365986,1.0,0.1688999980688095,0.20589999854564667
681841,sa3006768,Alan Strong,-0.002684797323821056,1.0,0.02810000069439411,0.8680999875068665
681084,24698,Tanner Andrews,-0.0026912230020328816,1.0,0.0,1.0
694642,sa3015089,Kent Hasler,-0.0026947369383752487,1.0,0.0,1.0
678429,sa3010242,Manuel Espinoza,-0.0026976828467940137,1.0,0.12530000507831573,0.41130000352859497
680253,sa3022176,Kyle Bischoff,-0.0027035175287376855,1.0,0.0,1.0
553968,sa505062,Endrys Briceno,-0.002705665861994912,1.0,0.0,1.0
702911,sa3017473,Tristan Garnett,-0.0027070953940082315,1.0,0.0,1.0
691436,sa3015421,Alberto Pacheco,-0.0027085727359957026,1.0,0.17190000414848328,0.19189999997615814
630263,16668,James Bourque,-0.0027130947299755636,1.0,0.0,1.0
681485,sa3006824,Derek Craft,-0.002715496903871181,1.0,0.0,1.0
641461,sa737901,Trevor Clifton,-0.002726996290675171,1.0,0.0,1.0
682719,sa3010304,Jose Atencio,-0.0027297538914142754,1.0,0.1720999926328659,0.19110000133514404
802180,sa3022947,Ryan Bourassa,-0.00273307250466846,1.0,0.0,1.0
571446,14823,Mark Appel,-0.0027386221490866866,1.0,0.0,1.0
700169,sa3016515,Bryan Perez,-0.0027391816854119224,1.0,0.1754000037908554,0.1754000037908554
683010,sa3011866,Matthew Thompson,-0.002754657911631733,1.0,0.1704999953508377,0.19850000739097595
657660,sa3008577,Justin Lewis,-0.002762565499037582,1.0,0.1460999995470047,0.31310001015663147
699325,sa3016749,Oscar Rayo,-0.002765981905095786,1.0,0.11580000072717667,0.45579999685287476
692589,sa3016226,Victor Juarez,-0.0027681449079573236,1.0,0.17389999330043793,0.18289999663829803
676363,sa3005099,Ryley Widell,-0.002770336908766941,1.0,0.16110000014305115,0.24310000240802765
670547,sa947763,Miguel Medrano,-0.002775252738318147,1.0,0.10019999742507935,0.52920001745224
592473,10843,Adam Kolarek,-0.002775263029595057,1.0,0.0,1.0
659262,18593,Anderson Espinoza,-0.002781709298518426,1.0,0.0,1.0
622246,sa875183,Bubba Derby,-0.0027921918297476363,1.0,0.019999999552965164,0.906000018119812
656981,20476,Peter Solomon,-0.002793079733917395,1.0,0.0,1.0
676265,20277,Cory Abbott,-0.0027967435182212033,1.0,0.0,1.0
663336,sa3006759,Aaron Shortridge,-0.0027996643803641992,1.0,0.15049999952316284,0.29249998927116394
665959,sa916829,Abdiel Mendoza,-0.002804872268734485,1.0,0.10809999704360962,0.4921000003814697
670389,sa3010783,Nelson L. Alvarez,-0.002816149302655083,1.0,0.0,1.0
621098,18332,Eric Hanhold,-0.002826938554223375,1.0,0.0,1.0
676433,sa3020313,Ryan Brady,-0.0028334411120008295,1.0,0.035100001841783524,0.835099995136261
692632,sa3015370,Yujanyer Herrera,-0.002836535012231021,1.0,0.14259999990463257,0.3296000063419342
622103,16306,Gerardo Reyes,-0.002840457988125003,1.0,0.0,1.0
606981,sa875269,Darin Gillies,-0.00284475319353885,1.0,0.0,1.0
691839,sa3014870,Joe Jones,-0.0028463566819989855,1.0,0.03020000085234642,0.8582000136375427
681407,sa3007966,Blake Whitney,-0.0028483573968784487,1.0,0.04960000142455101,0.7666000127792358
642584,17861,Franklyn Kilome,-0.0028517026738353254,1.0,0.0,1.0
686747,25481,Joe La Sorsa,-0.002853310659954804,1.0,0.0,1.0
681973,sa3011196,Josh Hendrickson,-0.002855722905625672,1.0,0.15770000219345093,0.25870001316070557
669163,sa3014850,Antonio Velez,-0.0028590282976158404,1.0,0.0,1.0
459429,7550,Jake McGee,-0.0028647128594497203,1.0,0.0,1.0
666721,21956,Max Castillo,-0.002864840522775967,1.0,0.0,1.0
689233,sa3020704,Lucas Wepf,-0.0028672638530633024,1.0,0.0,1.0
573127,9419,Zac Rosscup,-0.0028708652237505166,1.0,0.0,1.0
667722,sa3002779,J.B. Olson,-0.0028730147585831756,1.0,0.04610000178217888,0.7831000089645386
605525,14506,J.B. Wendelken,-0.002877205031588417,8.0,0.0,8.0
542882,12022,Matt Andriese,-0.0028835384873861346,1.0,0.0,1.0
694370,sa3023441,Levi Wells,-0.0028917126933806184,1.0,0.1754000037908554,0.1754000037908554
642083,15231,Aaron Slegers,-0.002894907132522498,1.0,0.0,1.0
663717,sa3009924,Dylan King,-0.0028949239728432254,1.0,0.0,1.0
676942,sa3004024,Graham Spraker,-0.0028951601603718308,1.0,0.0,1.0
806094,sa3022875,Izack Tiger,-0.0028964301243698375,1.0,0.17229999601840973,0.19030000269412994
663880,sa3005302,Peyton Remy,-0.002902866281882811,1.0,0.0,1.0
607229,13696,Robert Gsellman,-0.0029061502212795716,1.0,0.0,1.0
668724,sa3010364,M.D. Johnson,-0.0029092971317266902,1.0,0.1754000037908554,0.1754000037908554
670125,sa918447,Jonathan Hennigan,-0.002916427110394787,1.0,0.03319999948143959,0.8442000150680542
650530,19457,Bryan Garcia,-0.002917355102884896,1.0,0.1754000037908554,0.1754000037908554
803143,sa3022949,Seth Keener,-0.0029187400179022257,1.0,0.1754000037908554,0.1754000037908554
668757,sa918295,Matt Dennis,-0.002920799462910642,1.0,0.09399999678134918,0.5580000281333923
686628,sa3020382,Blake Burkhalter,-0.002929779631027452,1.0,0.1754000037908554,0.1754000037908554
680493,sa3019817,Jonah Scolaro,-0.0029418978403169846,1.0,0.0,1.0
667744,sa3020796,Wesley Moore,-0.002946524562413922,1.0,0.0,1.0
687985,31738,Josh White,-0.0029465620888987506,1.0,0.050700001418590546,0.7616999745368958
681738,sa3006421,Jeffrey Colon,-0.0029490668146667964,1.0,0.021199999377131462,0.9002000093460083
672277,sa3005015,Sam Carlson,-0.0029493942743524736,1.0,0.0,1.0
686433,sa3010135,Luis Velasquez,-0.0029505956022040105,1.0,0.04610000178217888,0.7831000089645386
592717,11490,Aaron Sanchez,-0.002956032661776156,1.0,0.12960000336170197,0.3905999958515167
676622,sa3004864,Kyle Zurak,-0.002956553749556008,1.0,0.0,1.0
641632,16455,Conner Greene,-0.0029574070626609086,1.0,0.007000000216066837,0.9670000076293945
663472,sa3007713,Jack Perkins,-0.0029588735256382156,1.0,0.11649999767541885,0.45249998569488525
663657,sa875052,Garrett Davila,-0.0029655679838774393,1.0,0.0,1.0
686856,sa3016707,Cody Mincey,-0.002966598003769763,1.0,0.1720999926328659,0.19110000133514404
692544,sa3015216,Joe Elbis,-0.002968423801794727,1.0,0.1754000037908554,0.1754000037908554
663613,sa3008668,Kyle Marman,-0.00297062523730091,1.0,0.04399999976158142,0.7929999828338623
813766,sa3022739,Skylar Hales,-0.002971782785350961,1.0,0.0,1.0
641750,sa738380,Tanner Kiest,-0.0029778763822171056,1.0,0.0,1.0
606965,12763,Chris Devenski,-0.002981074593914207,26.0,0.0,26.0
663510,sa3014907,Ben Leeper,-0.0029845988207841093,1.0,0.017000000923871994,0.9200000166893005
681473,sa3007851,Tyler McKay,-0.0029869936639800696,1.0,0.0,1.0
669735,22310,Chris Rodriguez,-0.0029918131399949838,1.0,0.05909999832510948,0.722100019454956
813820,sa3022876,Chen-Wei Lin,-0.002994888110402907,1.0,0.1754000037908554,0.1754000037908554
677865,23779,Justin Bruihl,-0.003000400071151244,1.0,0.0,1.0
665600,sa879559,Jasseel De La Cruz,-0.0030170736874959307,1.0,0.03180000185966492,0.8507999777793884
624514,sa918258,Ryan Olson,-0.003024750472015515,1.0,0.08209999650716782,0.6140999794006348
595926,sa598099,Jason Creasy,-0.0030271605795156556,1.0,0.0,1.0
820862,33908,José Fermin,-0.0030281696804193015,1.0,0.0,1.0
666204,21170,Dany Jiménez,-0.0030339444825501177,1.0,0.0,1.0
802949,sa3020817,Yanlun Zhang,-0.0030357484188493124,1.0,0.0,1.0
571735,9756,David Hale,-0.0030433681877330603,1.0,0.019600000232458115,0.9075999855995178
801293,sa3022858,Eric Yost,-0.0030478946799093925,1.0,0.16439999639987946,0.227400004863739
694381,sa3017277,Trey McLoughlin,-0.0030486624055050134,1.0,0.0,1.0
678255,sa3007991,Anderson Paulino,-0.003050741058580404,1.0,0.0,1.0
519393,8004,Marcus Walden,-0.003052672193749077,1.0,0.0,1.0
674115,sa3018281,Kyle Mora,-0.003056519510573961,1.0,0.02160000056028366,0.8985999822616577
687142,sa1115734,Griffin McLarty,-0.003056663032089964,1.0,0.07440000027418137,0.6503999829292297
682017,sa3020828,Bradley Brehmer,-0.003058611173349088,1.0,0.0,1.0
663627,sa3007459,Clay Helvey,-0.0030658243054536385,1.0,0.0,1.0
689188,sa3019458,Tim Holdgrafer,-0.0030677011616220694,1.0,0.0,1.0
687547,sa3020605,Ryan Ramsey,-0.0030937656468963295,1.0,0.1460999995470047,0.31310001015663147
670986,sa923839,Jose Bravo,-0.0030964169197023805,1.0,0.07349999994039536,0.6545000076293945
596057,13475,Daniel Norris,-0.0030992762434981463,1.0,0.0,1.0
665896,21761,José Marte,-0.0031015388166360496,1.0,0.0,1.0
607179,13190,Jordan Weems,-0.0031099066441454284,1.0,0.0,1.0
689774,sa3014805,Colby Morris,-0.0031151316178154587,1.0,0.11249999701976776,0.4715000092983246
703496,sa3021472,Mavis Graves,-0.0031229565035916953,1.0,0.1712000072002411,0.19519999623298645
605309,14696,Keone Kela,-0.0031239533609223424,1.0,0.0,1.0
805368,sa3019302,Hunter Dollander,-0.0031261659532479283,1.0,0.06719999760389328,0.6841999888420105
695373,sa3018184,Javi Rivera,-0.0031264295964661495,1.0,0.1754000037908554,0.1754000037908554
686827,sa3010255,Logan Rinehart,-0.0031275923253129985,1.0,0.0,1.0
621079,15106,Collin Wiles,-0.003135771343371212,1.0,0.0,1.0
694820,sa3014811,Braxton Roxby,-0.003137201678763378,1.0,0.0,1.0
672911,20042,Jesus Cruz,-0.0031404528446650265,1.0,0.0,1.0
689557,sa3023062,Zane Morehouse,-0.0031432837335837465,1.0,0.0,1.0
663782,sa3010237,Joe Corbett,-0.0031447179997518564,1.0,0.0,1.0
701533,sa3018148,Hunter Stanley,-0.0031461492168487694,1.0,0.11349999904632568,0.46650001406669617
701314,sa3020624,Nick Hull,-0.003146170828702527,1.0,0.121799997985363,0.4277999997138977
694545,sa3023411,Jackson Nezuh,-0.0031467285736557567,1.0,0.1542000025510788,0.2752000093460083
676511,sa915740,Shane McCarthy,-0.003148778748123682,1.0,0.0,1.0
670377,sa915725,Evan Miller,-0.0031527383910361514,1.0,0.04540000110864639,0.7864000201225281
663489,sa875247,Will Stewart,-0.0031726460985903315,1.0,0.0,1.0
688427,26068,Kolton Ingram,-0.003172873843459106,1.0,0.0,1.0
650960,17480,Daniel Duarte,-0.0031730570732973087,1.0,0.0,1.0
641771,14975,Chad Kuhl,-0.0031732161234104364,1.0,0.009800000116229057,0.9538000226020813
687460,sa1170425,Zack Phillips,-0.0031736018678996175,1.0,0.06679999828338623,0.6858000159263611
689275,sa3020901,Henry Williams,-0.003175534173323687,1.0,0.17389999330043793,0.18289999663829803
682845,sa3008237,Rito Lugo,-0.003179266382353525,1.0,0.13699999451637268,0.35600000619888306
687288,sa3020259,Devereaux Harrison,-0.0031828470320582336,1.0,0.1754000037908554,0.1754000037908554
695033,sa3023352,Juaron Watts-Brown,-0.0031840597187342556,1.0,0.1754000037908554,0.1754000037908554
667700,sa918459,Joe Navilhon,-0.0031844163338646055,1.0,0.03020000085234642,0.8582000136375427
680089,sa3017503,Konnor Ash,-0.0031891434957472572,1.0,0.11699999868869781,0.44999998807907104
820888,sa3023456,Emmanuel Chapman,-0.0031917563945528726,1.0,0.09260000288486481,0.5645999908447266
800063,sa3020873,Andrew Taylor,-0.0032199372711354843,1.0,0.15469999611377716,0.2727000117301941
657745,17179,Bubby Rossman,-0.003220728271007216,1.0,0.0,1.0
657203,sa829689,Will Carter,-0.003221834848265346,1.0,0.02539999969303608,0.8804000020027161
592547,11596,Deck McGuire,-0.003233736716643113,1.0,0.1615999937057495,0.24060000479221344
684665,sa3017653,Luke Murphy,-0.003233906737859212,1.0,0.0,1.0
681520,sa3011135,Antoine Kelly,-0.0032454254810392246,1.0,0.0,1.0
650204,19580,Norge Ruiz,-0.0032465115543092245,1.0,0.0,1.0
687014,25667,Nick Avila,-0.003247340764444301,1.0,0.0,1.0
690344,sa3010265,Trey Jeans,-0.0032477064952192666,1.0,0.02019999921321869,0.9052000045776367
692479,sa3015282,Dahian Santos,-0.003248394700284571,1.0,0.0658000037074089,0.6908000111579895
643232,sa738328,Matt Brill,-0.0032508386385236834,1.0,0.0,1.0
641733,sa3004190,Connor Johnstone,-0.0032526989159047635,1.0,0.0,1.0
675525,sa3004204,Anderson Bido,-0.0032546373180418675,1.0,0.02979999966919422,0.8597999811172485
700282,sa3016056,Ricardo Yan,-0.003263152232069247,1.0,0.1754000037908554,0.1754000037908554
661156,sa872809,Luis Amaya,-0.0032706273001868284,1.0,0.0,1.0
681401,sa3006701,Josh Green,-0.003274728864076563,1.0,0.041099999099969864,0.8070999979972839
660906,21018,Francisco Pérez,-0.003276981596620217,1.0,0.010499999858438969,0.9505000114440918
517008,6661,Alex Colomé,-0.003280455589212856,1.0,0.0,1.0
688456,sa3010260,Leon Hunter Jr.,-0.0032836096613572618,1.0,0.0,1.0
461872,7466,Anthony Swarzak,-0.0032851471431144027,1.0,0.0,1.0
681795,sa3007906,Ryan Conroy,-0.003286410221975432,1.0,0.0,1.0
674073,sa3011607,Jack Weisenburger,-0.0032980256057018997,1.0,0.0,1.0
673325,sa3004005,Ramon Perez,-0.0032995884179404804,1.0,0.015799999237060547,0.9258000254631042
694805,sa3023444,Kyle Carr,-0.0033058428708059827,1.0,0.1754000037908554,0.1754000037908554
659389,sa3014844,Carter Loewen,-0.0033211064947663324,1.0,0.05260000005364418,0.7526000142097473
676334,sa3004463,Robbie Hitt,-0.003323400628366843,1.0,0.0,1.0
673388,sa3003103,Nelvin Correa,-0.0033237790785158924,1.0,0.0,1.0
622230,sa856275,Andrew Lee,-0.0033298383995935934,1.0,0.0,1.0
670103,22370,Raymond Burgos,-0.003335939171708522,1.0,0.0,1.0
689852,sa3010142,Bernie Martinez,-0.00333741346778562,1.0,0.0,1.0
691012,sa3014684,Alex Santos II,-0.003338704182405451,1.0,0.1687999963760376,0.20679999887943268
683349,sa3018142,Calvin Ziegler,-0.003347701463318139,1.0,0.1754000037908554,0.1754000037908554
657141,17585,Jordan Yamamoto,-0.003348804916486573,1.0,0.10530000180006027,0.505299985408783
681931,sa3008488,Nick Starr,-0.0033549536130152,1.0,0.0,1.0
688867,sa3023303,Braxton Bragg,-0.003359995587866866,1.0,0.1687999963760376,0.20679999887943268
656420,16610,J.P. Feyereisen,-0.00336532199276794,1.0,0.0,1.0
689726,sa3023502,Luke Russo,-0.0033676005611567934,1.0,0.17190000414848328,0.19189999997615814
680765,sa3007234,Joey Murray,-0.0033688550671119324,1.0,0.026100000366568565,0.8770999908447266
685326,30004,McCade Brown,-0.00336900650029069,1.0,0.16930000483989716,0.20430000126361847
806337,sa3020905,Jarret Whorff,-0.0033694288498955735,1.0,0.07000000029802322,0.6710000038146973
684049,28052,Brandan Bidois,-0.0033718208147032096,1.0,0.0,1.0
690206,sa3017312,Anthony Simonelli,-0.003382426665866392,1.0,0.014600000344216824,0.9315999746322632
663683,sa875796,Ike Schlabach,-0.0033947266460495353,1.0,0.0,1.0
695380,31880,Alex Hoppe,-0.0033978884357936143,1.0,0.0,1.0
642231,15157,Jimmy Yacabonis,-0.0033992305977969283,1.0,0.0,1.0
667498,19191,Robert Dugger,-0.0034005079968479207,1.0,0.04390000179409981,0.7939000129699707
664101,sa876290,Blake Rogers,-0.0034126515732103304,1.0,0.0,1.0
700183,sa3018147,Blake Holub,-0.0034163960051922684,1.0,0.0,1.0
678870,sa3006069,Jesus Gonzalez,-0.0034213613996201464,1.0,0.1460999995470047,0.31310001015663147
680423,sa3010652,Cole McDonald,-0.003429256585045963,1.0,0.0,1.0
641995,16470,Roel Ramírez,-0.0034295330681435995,1.0,0.0,1.0
687726,sa3019952,Cameron Wagoner,-0.003443561868668735,1.0,0.17229999601840973,0.19030000269412994
545346,11468,Zach Lee,-0.0034446674908042204,1.0,0.0,1.0
682002,sa3007856,Blake Workman,-0.0034500153503476544,1.0,0.0,1.0
656547,16588,Jonathan Holder,-0.0034567039872440758,1.0,0.0,1.0
695405,sa3016912,Cameron Leonard,-0.003457878779450712,1.0,0.0,1.0
804544,sa3023179,Carson Pierce,-0.0034649777470614805,1.0,0.12470000237226486,0.41370001435279846
687109,sa3009944,Mitch Ragan,-0.0034660020727851192,1.0,0.10740000009536743,0.49540001153945923
668683,19981,Jeremy Walker,-0.0034676136966212997,1.0,0.03189999982714653,0.8499000072479248
681885,24988,Evan Lee,-0.003468724865585466,1.0,0.07419999688863754,0.651199996471405
628318,19757,Kazuhisa Makita,-0.0034691199926103152,1.0,0.0026000000070780516,0.9876000285148621
674468,sa3007840,Anderson Munoz,-0.0034714727742470204,1.0,0.0,1.0
667429,sa3011523,Jake Reindl,-0.0034819489508104706,1.0,0.0,1.0
672629,22754,Gerardo Carrillo,-0.0034820424546693034,1.0,0.0,1.0
629498,20643,Johan Quezada,-0.003482532889147323,1.0,0.0,1.0
684871,sa3009262,Enmanuel Mejia,-0.0034911721716770665,1.0,0.07069999724626541,0.6676999926567078
684937,sa3010658,Hunter McMahon,-0.0034914137183722467,1.0,0.0,1.0
686951,sa3020321,Cy Nielson,-0.003494377699434568,1.0,0.01489999983459711,0.9298999905586243
681835,sa3008375,Jose Quezada,-0.0034998884941629146,1.0,0.0,1.0
805958,sa3020755,Jackson Kelley,-0.0035025879685936442,1.0,0.0,1.0
694696,sa3023371,Cade Smith,-0.0035089353435598454,1.0,0.17180000245571136,0.19280000030994415
666502,sa3005060,Marcelo Martinez,-0.0035131853687143918,1.0,0.06750000268220901,0.6825000047683716
664074,17920,Cody Ponce,-0.0035152074095957447,1.0,0.030500000342726707,0.8565000295639038
689821,sa3011437,Michael Cuevas,-0.0035179073174773628,1.0,0.15039999783039093,0.29339998960494995
669476,sa915852,Jake Walters,-0.0035220677268335628,1.0,0.1316000074148178,0.3815999925136566
595881,16981,Tyler Beede,-0.003528899240759846,1.0,0.0,1.0
666748,sa3021722,Mitch Neunborn,-0.003530679007325649,1.0,0.13670000433921814,0.357699990272522
664045,18361,Thomas Eshelman,-0.003535119341283737,1.0,0.133200004696846,0.3741999864578247
702314,sa3019429,Sean Hermann,-0.0035402743262465857,1.0,0.1754000037908554,0.1754000037908554
676599,sa3004744,Jason Bahr,-0.00354038343814896,1.0,0.0,1.0
595939,16125,Chris Ellis,-0.0035479031003527264,1.0,0.1754000037908554,0.1754000037908554
669449,31598,Jake Palisch,-0.003557919876967563,1.0,0.0,1.0
641851,15071,Kyle McGowin,-0.003559314724881503,1.0,0.0,1.0
641427,15239,Alan Busenitz,-0.0035606553320895544,1.0,0.0,1.0
642003,15232,Cody Reed,-0.0035621171310273,1.0,0.0,1.0
813882,sa3023212,Brady Choban,-0.0035789431384276706,1.0,0.0,1.0
694818,sa3023474,Hunter Owen,-0.0035833722065809204,1.0,0.17389999330043793,0.18289999663829803
694536,sa3017504,Trent Baker,-0.0035927614110946517,1.0,0.1573999971151352,0.2603999972343445
677644,sa3006100,Brayan Perez,-0.00359704705480946,1.0,0.0,1.0
688519,sa3023078,Sam Whiting,-0.0036146856726596115,1.0,0.1678999960422516,0.21089999377727509
800311,30661,Didier Fuentes,-0.003624686587325371,1.0,0.17329999804496765,0.18529999256134033
682201,sa3007817,Austin Ross,-0.003630829627931976,1.0,0.0,1.0
672870,sa3003046,Osiris German,-0.003631748554039284,1.0,0.0,1.0
694298,sa3017201,Nick Dombkowski,-0.0036323470809695923,1.0,0.13490000367164612,0.3659000098705292
642834,21241,Jonathan Bermúdez,-0.003649531187593705,1.0,0.05260000005364418,0.7526000142097473
681003,sa3020319,Andrew Walling,-0.003654944221161017,1.0,0.0,1.0
644425,sa739743,Jake Sanchez,-0.003657320013852655,1.0,0.0,1.0
669018,sa856262,Patrick Ruotolo,-0.003660646080710902,1.0,0.0,1.0
620982,16318,Ricardo Pinto,-0.0036617817028188715,1.0,0.0,1.0
702474,30187,Mike Paredes,-0.0036635780925701094,1.0,0.05860000103712082,0.7246000170707703
676840,20339,Matt Peacock,-0.0036679659534796867,1.0,0.0,1.0
669114,sa917985,Jace Vines,-0.0036730114995698728,1.0,0.0,1.0
642770,17292,Javy Guerra,-0.003682615331726421,1.0,0.0142000000923872,0.9332000017166138
695406,sa3015013,Case Williams,-0.0036846097444675208,1.0,0.1754000037908554,0.1754000037908554
572362,10354,Robbie Erlin,-0.003691938577932308,1.0,0.0,1.0
672487,sa3002965,Helcris Olivárez,-0.0037012186256361354,1.0,0.12020000070333481,0.4352000057697296
687226,sa3020806,Chris McElvain,-0.0037014016289904084,1.0,0.1754000037908554,0.1754000037908554
621261,13677,Corey Oswalt,-0.003707791637803592,1.0,0.06790000200271606,0.680899977684021
594577,15451,Mike Mayers,-0.003710668881578793,1.0,0.06440000236034393,0.6973999738693237
663716,sa3007461,Andrew Cabezas,-0.003711748270894798,1.0,0.0,1.0
806585,sa3020490,Jack Dallas,-0.003713382907914406,1.0,0.0494999997317791,0.7674999833106995
695476,sa3017847,Mason Albright,-0.0037197091928839925,1.0,0.17389999330043793,0.18289999663829803
676298,sa3005162,Frank Rubio,-0.0037205801767698204,1.0,0.0,1.0
670138,sa918473,Max Kuhns,-0.0037236210674266653,1.0,0.0,1.0
694761,sa3023413,Tommy Vail,-0.003726063805935807,1.0,0.12929999828338623,0.392300009727478
805437,sa3019506,Ryan Middendorf,-0.003726665002557264,1.0,0.0,1.0
445213,9939,Brandon Kintzler,-0.0037290377911682535,1.0,0.006000000052154064,0.972000002861023
683742,27014,Jose Franco,-0.0037300148988776796,1.0,0.1754000037908554,0.1754000037908554
686489,sa3023123,Chandler Murphy,-0.003734601828076528,1.0,0.16859999299049377,0.20759999752044678
668697,sa3008023,Reid Schaller,-0.0037368258186300006,1.0,0.0,1.0
666209,sa3011900,Graeme Stinson,-0.0037399103666005897,1.0,0.04399999976158142,0.7929999828338623
607755,19482,Andrew Vasquez,-0.00374051680523949,1.0,0.0,1.0
673920,sa3011865,Sean Mellen,-0.0037455135166861928,1.0,0.04439999908208847,0.7914000153541565
641889,sa738506,Dalton Moats,-0.003747832789858788,1.0,0.0,1.0
681216,sa3020171,Tyler Woessner,-0.0037488425944990616,1.0,0.12210000306367874,0.4260999858379364
668954,sa917970,Curtis Taylor,-0.0037510358342638553,1.0,0.022299999371170998,0.8952999711036682
657770,16873,Eric Stout,-0.0037519962390804894,1.0,0.0,1.0
666155,sa3023436,Chuck King,-0.003752044939369831,1.0,0.003000000026077032,0.9860000014305115
806656,sa3020757,Kevin Miranda,-0.0037580831851830956,1.0,0.12039999663829803,0.4343999922275543
695347,sa3017754,Hunter Gregory,-0.003758331255424367,1.0,0.03440000116825104,0.8384000062942505
643230,15291,Steven Brault,-0.0037628460583377776,1.0,0.0,1.0
664054,18088,Cody Stashak,-0.003763602798801864,1.0,0.0,1.0
681408,sa3018791,Cole Ayers,-0.0037723706097902506,1.0,0.0,1.0
663793,sa875017,Dakota Chalmers,-0.0037749577676431667,1.0,0.0,1.0
804267,33891,Zac Thornton,-0.0037790174224280803,1.0,0.1526000052690506,0.2825999855995178
678707,sa3005836,Cristian Hernandez,-0.0037802678573554543,1.0,0.019500000402331352,0.9085000157356262
677868,sa3005209,Francis Peguero,-0.0037897413419040182,1.0,0.017400000244379044,0.91839998960495
672418,sa3002941,Roy Garcia,-0.0037929996526611556,1.0,0.0,1.0
682255,sa3010244,Seth Mayberry,-0.003797540744457695,1.0,0.0,1.0
543594,11341,Sean Nolin,-0.0037984223033874142,1.0,0.0,1.0
673904,20227,Jake Walsh,-0.003801073021621182,1.0,0.0,1.0
621103,sa657954,Teddy Stankiewicz,-0.00380121725925925,1.0,0.1647000014781952,0.2257000058889389
678756,sa3006381,Victor Munoz,-0.0038172053566699706,1.0,0.13770000636577606,0.35269999504089355
688000,sa1170802,Patrick Smith,-0.0038285745338707466,1.0,0.0,1.0
695065,sa3017260,Ryan Costeiu,-0.0038359445078633824,1.0,0.1754000037908554,0.1754000037908554
682992,sa3010867,Erik Rivera,-0.003842892074648212,1.0,0.16699999570846558,0.2150000035762787
677226,sa3004491,Wes Robertson,-0.0038449726770657154,1.0,0.0,1.0
701780,sa3017471,Tanner McDougal,-0.0038530955052364767,1.0,0.1754000037908554,0.1754000037908554
678921,sa3005696,Raúl Alcantara,-0.003856981030021384,1.0,0.03889999911189079,0.8169000148773193
621057,19784,Justin Garza,-0.003858581218484855,1.0,0.009600000455975533,0.9545999765396118
673663,sa3003115,Miguel Pena,-0.0038599849729981585,1.0,0.0,1.0
656919,sa915693,Matt Ruppenthal,-0.0038627405792607482,1.0,0.022600000724196434,0.8935999870300293
670191,sa3014916,A.J. Block,-0.0038682449306576055,1.0,0.00930000003427267,0.9563000202178955
676621,sa3004097,Holden Capps,-0.0038751216068190143,1.0,0.0,1.0
805732,sa3019884,Kyle Crigger,-0.0038755059583500916,1.0,0.025299999862909317,0.8812999725341797
681025,sa3007931,Denny Bentley,-0.003891645726527237,1.0,0.0,1.0
682098,sa3007488,Travis Perry,-0.0038920251635939248,1.0,0.0,1.0
815148,sa3023517,Nestor German,-0.003896606796675799,1.0,0.11249999701976776,0.4715000092983246
809579,sa3022956,Nick Payero,-0.0038986222419208254,1.0,0.1501999944448471,0.29420000314712524
690462,sa3023681,Ricky Castro,-0.0039004440523587483,1.0,0.1597999930381775,0.24879999458789825
673766,sa1172728,Albertus Barber,-0.003901738078048634,1.0,0.0,1.0
592346,14663,Chi Chi González,-0.0039115757358795565,1.0,0.0,1.0
676932,sa3008588,Rylan Kaufman,-0.003915360337366453,1.0,0.0,1.0
669662,sa3017716,Haylen Green,-0.003919193114308307,1.0,0.013899999670684338,0.9348999857902527
621249,14677,Duane Underwood Jr.,-0.00392254981233066,1.0,0.0,1.0
680970,sa3006640,Andrew Pérez,-0.003926148924434324,1.0,0.01769999973475933,0.916700005531311
668869,sa873974,Tyler Thomas,-0.003942421262840459,1.0,0.04490000009536743,0.7889000177383423
669393,sa919036,Alex Segal,-0.00394654607666093,1.0,0.0,1.0
701566,sa3017822,Connor Cooke,-0.003946864566879444,1.0,0.0,1.0
571917,12106,Parker Markel,-0.003951684712166105,1.0,0.0,1.0
676390,sa3018140,Tommy Mace,-0.003958450611472976,1.0,0.17419999837875366,0.18119999766349792
659418,sa3014845,Noah Skirrow,-0.003959203028519674,1.0,0.16040000319480896,0.24639999866485596
668203,sa3007718,Layne Henderson,-0.003959253569163386,1.0,0.0,1.0
670062,22362,Julian Garcia,-0.003969343496261924,1.0,0.0,1.0
802402,sa3018277,Ryan Hennen,-0.003975397767851829,1.0,0.0,1.0
687871,sa1170265,Clayton McGinness,-0.003977037698275504,1.0,0.0,1.0
684604,sa3011241,Aaron Ochsenbein,-0.003977625382373531,1.0,0.02810000069439411,0.8680999875068665
679005,sa3005848,Yon Castro,-0.003978771911706824,1.0,0.1111999973654747,0.4772000014781952
669624,sa3010649,Michael Bienlien,-0.003982084477211619,1.0,0.019500000402331352,0.9085000157356262
642513,sa736965,Julio Pinto,-0.003983973634743589,1.0,0.0,1.0
664910,sa875283,Logan Cozart,-0.003987881933169148,1.0,0.0,1.0
650959,17583,Marcos Diplán,-0.003988009422797626,1.0,0.0,1.0
681503,sa3007787,Pablo Garabitos,-0.003988804830872624,1.0,0.0,1.0
543507,6398,Trevor May,-0.0039896489837487024,1.0,0.0,1.0
682175,25178,Joe Jacques,-0.0039971729061361195,10.0,0.0,10.0
674381,sa3002814,Moises Lugo,-0.004001356114184175,1.0,0.0,1.0
592165,13527,Brandon Brennan,-0.004002938981839935,1.0,0.0,1.0
676821,sa3017777,Jordan Fowler,-0.004003199304637888,1.0,0.1535000056028366,0.2784999907016754
660674,sa872514,Alberto Guerrero,-0.004003234724403506,1.0,0.0,1.0
650828,17355,Edgar Santana,-0.004005289642889977,1.0,0.0,1.0
661832,sa875346,Danny Dopico,-0.004021176655424333,1.0,0.0,1.0
660508,sa872808,Norwith Gudiño,-0.00402119890387013,1.0,0.12999999523162842,0.3889999985694885
676637,20541,Phoenix Sanders,-0.004022691995077541,1.0,0.0,1.0
605195,13182,Kyle Crick,-0.004024583218688013,1.0,0.0,1.0
606944,17664,Cody Carroll,-0.004024960803812424,1.0,0.0,1.0
660749,sa871482,Wladimir Pinto,-0.004026348311020113,1.0,0.0,1.0
682016,25075,William Woods,-0.00402647270661819,1.0,0.0,1.0
669912,19179,Kirby Snead,-0.004037320530337254,1.0,0.0,1.0
641849,sa873280,Aaron McGarity,-0.004038835153280728,1.0,0.0,1.0
679893,sa3007606,Manuel Urias,-0.004042873787508325,1.0,0.14419999718666077,0.3222000002861023
685763,sa3009271,Jonatan Bernal,-0.0040458073119020565,1.0,0.17260000109672546,0.18860000371932983
811315,sa3023515,Brody Hopkins,-0.004049059960188863,1.0,0.1754000037908554,0.1754000037908554
607572,16265,Sam Howard,-0.004049678758025142,1.0,0.0,1.0
681183,sa1119694,Wyatt Sparks,-0.0040528284486660605,1.0,0.022600000724196434,0.8935999870300293
691765,sa3023471,Jackson Baumeister,-0.004053714212914133,1.0,0.1720999926328659,0.19110000133514404
805871,sa3019774,Joel Hurtado,-0.004055041392390774,1.0,0.1754000037908554,0.1754000037908554
607352,13194,Joe Biagini,-0.004057117709441765,1.0,0.0,1.0
668684,19518,Tanner Tully,-0.00406544188587475,1.0,0.0,1.0
686900,sa3017780,Evan Shawver,-0.004072909415877681,1.0,0.0877000018954277,0.5877000093460083
572383,9646,Brian Moran,-0.004074118485756931,1.0,0.0,1.0
681908,sa3006983,Boby Johnson,-0.0040743957484724634,1.0,0.0,1.0
669345,sa3008024,Brett Conine,-0.004081215865346133,1.0,0.1446000039577484,0.3206000030040741
683065,sa3008514,Jake Haberer,-0.004094514238799209,1.0,0.042500000447034836,0.8004999756813049
670287,sa873708,David Ellingson,-0.004099994582125009,1.0,0.0,1.0
689379,sa3011250,Aidan Anderson,-0.004101631715184414,1.0,0.03400000184774399,0.8399999737739563
694787,sa3017367,Jimmy Burnette,-0.004112430978729023,1.0,0.0,1.0
657050,sa3007803,Trenton Toplikar,-0.0041130138385807435,1.0,0.03460000082850456,0.8375999927520752
642758,17092,Domingo Acevedo,-0.004121188618561264,1.0,0.0,1.0
688354,sa3023155,Hayden Minton,-0.004121962230621178,1.0,0.1720999926328659,0.19110000133514404
806046,sa3023421,Alex Clemmey,-0.004123511423921989,1.0,0.1754000037908554,0.1754000037908554
676611,sa3004014,Max Roberts,-0.0041276098089745306,1.0,0.0,1.0
670897,sa944989,Daison Acosta,-0.004128256948428954,1.0,0.0,1.0
676344,sa3005016,Marcel Rentería,-0.004128617630795328,1.0,0.0,1.0
679655,sa3008166,Justin Wilson,-0.004133798278915197,1.0,0.0,1.0
678981,sa3005698,Williander Moreno,-0.004135877350446399,1.0,0.13510000705718994,0.3650999963283539
453192,6785,Andrew Miller,-0.004142741602658173,1.0,0.0,1.0
675923,sa3004740,Ryan Lillie,-0.004151144848696688,1.0,0.12189999967813492,0.4268999993801117
684949,sa3017873,Zac Leigh,-0.004152327690902579,1.0,0.0,1.0
805990,sa3020185,Grant Kipp,-0.004153043824383755,1.0,0.16349999606609344,0.23149999976158142
695378,sa3017596,Jack Sinclair,-0.0041530527780096835,1.0,0.0,1.0
595411,12249,Ryan Sherriff,-0.004157998182834197,1.0,0.0,1.0
699499,sa3014875,Mike Adams,-0.004158281701964782,1.0,0.06390000134706497,0.6998999714851379
518693,6832,Sam Freeman,-0.0041630415689584924,1.0,0.0,1.0
676737,sa3004471,Billy Lescher,-0.00416623745055693,1.0,0.0,1.0
678371,sa3006358,Ivan Armstrong,-0.004167938350321387,1.0,0.04280000180006027,0.798799991607666
605151,12918,Archie Bradley,-0.0041687147089523235,1.0,0.0,1.0
694860,sa3023205,Jake Brooks,-0.004171917423979684,1.0,0.1720999926328659,0.19110000133514404
666563,sa919323,Jeff Singer,-0.004176680845558102,1.0,0.03020000085234642,0.8582000136375427
687028,sa1169914,Matt Walker,-0.0041813127509003865,1.0,0.1573999971151352,0.2603999972343445
671223,sa941791,Freylin Garcia,-0.004183341547772644,1.0,0.0,1.0
694389,sa3017314,William Fleming,-0.0041876604468751326,1.0,0.16329999268054962,0.23229999840259552
701803,sa3015136,David Griffin,-0.004194534440631942,1.0,0.0649000033736229,0.6948999762535095
678184,sa3017383,Garrett Hawkins,-0.004195610343890241,1.0,0.1754000037908554,0.1754000037908554
800223,sa3018322,Yorman Galindez,-0.0042007875932938265,1.0,0.1754000037908554,0.1754000037908554
502624,6895,Chase Anderson,-0.0042060643563173305,1.0,0.004900000058114529,0.9768999814987183
691947,sa3017751,Ronan Kopp,-0.0042136011580907184,1.0,0.0,1.0
684544,sa3014921,Jimmy Endersby,-0.004214920511708017,1.0,0.15950000286102295,0.25049999356269836
685364,sa3020803,J.P. Massey,-0.00421866713220258,1.0,0.16949999332427979,0.20350000262260437
805427,32026,Drew Sommers,-0.004219525123107021,1.0,0.0,1.0
681185,sa3006619,Yoelvin Silven,-0.004220030958212991,1.0,0.0,1.0
676726,sa3006811,Chris Muller,-0.004221669438231633,1.0,0.0,1.0
687439,sa3017750,Colton Johnson,-0.0042221152681329,1.0,0.0,1.0
702047,sa3020879,Alex Cook,-0.004224777208646212,1.0,0.1754000037908554,0.1754000037908554
465657,6941,Joakim Soria,-0.004226459949727229,1.0,0.0,1.0
673858,23095,Jake Wong,-0.004234150700129318,1.0,0.0,1.0
680865,sa3020380,Jake Pfennigs,-0.004239966269700827,1.0,0.08560000360012054,0.597599983215332
802138,sa3020628,Jacob Watters,-0.004245205574197592,1.0,0.14579999446868896,0.3147999942302704
694581,sa3023412,Dylan Carmouche,-0.0042494888459273066,1.0,0.17110000550746918,0.19609999656677246
672078,sa968102,Eric Pardinho,-0.004250232550212468,1.0,0.0,1.0
664116,sa857605,Zack Erwin,-0.004251318671780701,1.0,0.04390000179409981,0.7939000129699707
702126,sa3017615,Aaron Davenport,-0.004257285674925124,1.0,0.17399999499320984,0.18199999630451202
621142,14719,Ty Buttrey,-0.00425797644337526,1.0,0.0,1.0
687866,sa3010825,Justin Yeager,-0.004258267655765611,1.0,0.0,1.0
683711,sa3010568,Josue Panacual,-0.004259082645136759,1.0,0.16859999299049377,0.20759999752044678
592411,sa549147,Ben Holmes,-0.004259922813171344,1.0,0.0,1.0
701288,sa3017547,Jacob Webb,-0.004260228247499248,1.0,0.08839999884366989,0.5843999981880188
675912,20243,Zac Lowther,-0.00426341991191617,1.0,0.0,1.0
570663,11801,Hansel Robles,-0.004264532711402884,1.0,0.0,1.0
657272,20323,Erich Uelmen,-0.0042778965816814805,1.0,0.0,1.0
676607,sa873263,Hunter Schryver,-0.004279163969380222,1.0,0.0,1.0
676709,20177,Ty Tice,-0.004280922146793642,1.0,0.0,1.0
663534,25413,Nash Walters,-0.004286342076379637,1.0,0.0,1.0
622446,17018,Jefry Rodriguez,-0.004289008720283166,1.0,0.02879999950528145,0.864799976348877
670288,20060,Jake Fishman,-0.00429390588803514,1.0,0.0,1.0
806362,sa3020756,Grayson Thurman,-0.0042959287371732695,1.0,0.0,1.0
703615,30412,Jose Cabrera,-0.0042967444770448514,1.0,0.1754000037908554,0.1754000037908554
675655,sa3014453,Bryce Bonnin,-0.004302372036442144,1.0,0.022299999371170998,0.8952999711036682
429722,3200,Ervin Santana,-0.0043051863106618625,1.0,0.016100000590085983,0.9240999817848206
606625,14966,Reyes Moronta,-0.004306511992652955,1.0,0.0,1.0
676077,sa3017302,Glenn Albanese Jr.,-0.004308049701949217,1.0,0.019500000402331352,0.9085000157356262
642511,sa828154,Arnaldo Hernandez,-0.004312650941471291,1.0,0.0,1.0
572403,13424,Drew VerHagen,-0.004335000985446835,1.0,0.0,1.0
642203,19266,Taylor Widener,-0.004343193868395236,1.0,0.0,1.0
665751,sa868984,Yadier Álvarez,-0.004345085280032824,1.0,0.0,1.0
642073,15118,James Sherfy,-0.004362089847097739,1.0,0.0,1.0
676785,sa3004704,Bryce Conley,-0.00436270943324263,1.0,0.01679999940097332,0.920799970626831
687102,sa3017069,Ross Carver,-0.004363507788633336,1.0,0.04089999943971634,0.8079000115394592
680430,24486,Nick Allgeyer,-0.00436412106521401,1.0,0.0,1.0
691963,sa3011844,Noah Gotsis,-0.0043650027163267945,1.0,0.0,1.0
685410,25777,Peyton Battenfield,-0.00436634403680889,1.0,0.16529999673366547,0.2232999950647354
666122,sa3011231,Jeff Belge,-0.004369423412088351,1.0,0.0,1.0
681539,sa3009860,Reid Morgan,-0.004370808259529162,1.0,0.0,1.0
675652,sa3005334,Matt Tabor,-0.004374454972055188,1.0,0.0,1.0
664711,sa1169765,Karan Patel,-0.004381873807297783,1.0,0.06369999796152115,0.7006999850273132
658667,sa873429,Cristofer Melendez,-0.004388235406974982,1.0,0.0,1.0
641420,19159,Zack Burdi,-0.004393361403410792,1.0,0.0,1.0
682132,sa3008290,Brendan Hardy,-0.00439752082866675,1.0,0.0,1.0
592222,12890,Alex Claudio,-0.004400133968522639,1.0,0.0,1.0
667236,sa3007464,Kyle Glogoski,-0.004404076195962281,1.0,0.0,1.0
663892,sa3010115,Kevin Coulter,-0.0044088640761108105,1.0,0.0,1.0
681463,sa3017538,Daniel Lloyd,-0.004415917171180643,1.0,0.1225999966263771,0.4235999882221222
681924,sa3014431,R.J. Dabovich,-0.004419415471194007,1.0,0.0,1.0
690086,sa3020325,Tristan Stivors,-0.004438609601902505,1.0,0.0,1.0
663924,sa3006954,Trey Cumbie,-0.004441673679477823,1.0,0.021400000900030136,0.899399995803833
503285,3321,Darren O'Day,-0.004444407278823317,1.0,0.0,1.0
687138,sa3020385,Jacob Meador,-0.004446114923627134,1.0,0.16210000216960907,0.23810000717639923
692864,sa3016489,Eury Rosado,-0.004462300699567131,1.0,0.08049999922513962,0.6215000152587891
696150,sa3017965,Eric Silva,-0.004465399695390655,1.0,0.0,1.0
605441,15007,Yacksel Ríos,-0.004470942825881427,1.0,0.0,1.0
689337,sa3020745,Kaleb Bowman,-0.004479292966357169,1.0,0.020400000736117363,0.9043999910354614
642141,sa738914,Jake Thompson,-0.004485114498472748,1.0,0.0,1.0
660435,sa877342,Chester Pimentel,-0.004485870749689588,1.0,0.0,1.0
687190,sa1169991,Adam Leverett,-0.004488441106059225,1.0,0.17020000517368317,0.20020000636577606
453281,5221,Wade LeBlanc,-0.004488465141939057,1.0,0.13230000436306,0.3783000111579895
605538,12804,Matt Wisler,-0.004490656579138029,1.0,0.030500000342726707,0.8565000295639038
692030,27984,Jose Corniell,-0.004493091210035805,1.0,0.16329999268054962,0.23229999840259552
663603,sa3006951,Solomon Bates,-0.004504186824179775,1.0,0.007400000002235174,0.965399980545044
692550,sa3015450,Hansel Rincon,-0.004510698744135281,1.0,0.0,1.0
667376,20074,Miguel Sánchez,-0.00451082389721301,1.0,0.0,1.0
701859,sa3017548,Justin Armbruester,-0.004518617942858885,1.0,0.17139999568462372,0.19439999759197235
700771,sa3017105,Walker Brockhouse,-0.004521941285630938,1.0,0.044199999421834946,0.7922000288963318
800514,sa3019549,Carlos Espinosa,-0.00452357068014072,1.0,0.0,1.0
685112,27666,Zach McCambley,-0.004531349599096283,1.0,0.0,1.0
681094,sa3017916,Keyshawn Askew,-0.004535724880298934,1.0,0.0,1.0
681806,24933,Andrew Wantz,-0.004559019690313262,1.0,0.0,1.0
672839,22913,Francisco Morales,-0.0045623635234838065,1.0,0.0,1.0
686768,sa1159711,Ryan Smith,-0.004574713191851717,1.0,0.0,1.0
596049,13606,Shawn Morimando,-0.004576603520455396,1.0,0.0,1.0
656647,sa3007834,Taylor Lehman,-0.004579248382939672,1.0,0.0,1.0
453343,4264,Mark Melancon,-0.004581769070198368,1.0,0.0,1.0
675965,sa3008483,Griffin Roberts,-0.0045832823651420695,1.0,0.0,1.0
675527,sa3005070,Brayan De Paula,-0.0045893290888533314,1.0,0.0,1.0
682595,sa3008103,Robbie Baker,-0.0045909675434254865,1.0,0.0,1.0
687077,sa3020384,Drew McDaniel,-0.0045917134157426745,1.0,0.1754000037908554,0.1754000037908554
669424,19541,Jimmy Lambert,-0.004593011024236758,1.0,0.004699999932199717,0.9776999950408936
814109,sa3023227,Jeremy Lee,-0.004595835810427264,1.0,0.16740000247955322,0.2134000062942505
622092,14169,Kyle Zimmer,-0.004599813756791426,1.0,0.009800000116229057,0.9538000226020813
641551,sa919409,Jake Elliott,-0.0046116223406355294,1.0,0.016100000590085983,0.9240999817848206
668736,sa3011125,Mike Ruff,-0.004612351801447839,1.0,0.14229999482631683,0.3312999904155731
592769,15949,D.J. Snelten,-0.004622342020493144,1.0,0.0,1.0
641855,sa738318,Ian McKinney,-0.0046332224812666994,1.0,0.13490000367164612,0.3659000098705292
688984,sa3014929,Robert Kwiatkowski,-0.00463327888847284,1.0,0.039799999445676804,0.8127999901771545
683314,sa3023272,Matt Duffy,-0.004636190711481442,1.0,0.17389999330043793,0.18289999663829803
679946,sa3017460,Daniel Federman,-0.004640091536317444,1.0,0.15469999611377716,0.2727000117301941
689450,sa3017932,Luke Taggart,-0.004643155608421636,1.0,0.1460999995470047,0.31310001015663147
814300,sa3021579,Josimar Cousin,-0.004643635386204243,1.0,0.0,1.0
685046,sa3009266,Edinson Batista,-0.004648774529641361,1.0,0.15600000321865082,0.2669999897480011
805733,sa3020893,Will Rudy,-0.004656682283472959,1.0,0.17389999330043793,0.18289999663829803
699489,sa3020610,Brandon Johnson,-0.004661721387498678,1.0,0.0,1.0
681979,sa3007734,Daniel Martinez,-0.004665167616429871,1.0,0.08529999852180481,0.5993000268936157
679604,sa3010563,Tyler Beck,-0.004677558402838658,1.0,0.02459999918937683,0.8845999836921692
695296,sa3017882,Mat Olsen,-0.004681233249126769,1.0,0.0,1.0
695239,30167,Robby Ahlstrom,-0.004681581696011652,1.0,0.015599999576807022,0.9265999794006348
686924,sa3017541,Tyler Myrick,-0.0046944466161943305,1.0,0.0,1.0
667355,sa917483,Joan Martinez,-0.004695696897573786,1.0,0.0,1.0
680588,sa3007992,Julio Rodriguez,-0.0047045468711453845,1.0,0.0,1.0
678085,sa3006479,Alfredi Jimenez,-0.004712677197939816,1.0,0.15649999678134918,0.2644999921321869
687453,sa3010820,Chandler Casey,-0.004715450320000346,1.0,0.0,1.0
664092,19583,Sean Poppen,-0.004716457628556437,1.0,0.0,1.0
680961,sa3007728,Chris Gau,-0.004722475267277867,1.0,0.10180000215768814,0.5217999815940857
571951,11479,Bryan Mitchell,-0.004726032558896673,1.0,0.0,1.0
643239,sa738946,Parker Bugg,-0.004729386210809844,1.0,0.05420000106096268,0.745199978351593
657246,sa915630,Ryan Nutof,-0.00473195295673346,1.0,0.0,1.0
681943,sa3007614,Will Kobos,-0.004757317025488769,1.0,0.0,1.0
663587,sa876081,Fitz Stadler,-0.004758030875370537,1.0,0.0,1.0
700344,sa3016714,Alessandro Ercolani,-0.004770018861351037,1.0,0.1316000074148178,0.3815999925136566
686470,sa3022999,Ryan Hawks,-0.004774246930661526,1.0,0.1754000037908554,0.1754000037908554
543883,7555,Nick Vincent,-0.004780580812728739,1.0,0.0,1.0
670873,sa945728,Lisandro Santos,-0.00478424560838856,1.0,0.0,1.0
503569,4185,Rafael Dolis,-0.004798215582431639,1.0,0.0,1.0
501625,5358,Jose Alvarez,-0.004800648551986216,1.0,0.0,1.0
687143,sa3014927,Brent Killam,-0.0048107618300352465,1.0,0.0,1.0
676249,sa3014738,Adisyn Coffey,-0.004810826043107764,1.0,0.0,1.0
595988,sa602623,Heath Holder,-0.0048207610238826535,1.0,0.0,1.0
686934,31773,Alex McFarlane,-0.004824618430693545,1.0,0.1754000037908554,0.1754000037908554
679711,sa3015003,Clay Aguilar,-0.0048357934910871585,1.0,0.0,1.0
656342,sa3007833,Keegan Curtis,-0.004840747951788248,1.0,0.0364999994635582,0.828499972820282
661269,19278,Vladimir Gutierrez,-0.004842005910081085,1.0,0.0,1.0
806960,32227,Luis Morales,-0.004843766332385411,1.0,0.1754000037908554,0.1754000037908554
671220,sa3017530,Christopher Troye,-0.004847134404432026,1.0,0.0,1.0
678576,23988,Wilkin Ramos,-0.004848036755675627,1.0,0.0,1.0
518553,6483,Steve Cishek,-0.004849607147221985,1.0,0.0,1.0
671142,sa3014789,Jaime Arias,-0.004853439717936571,1.0,0.12630000710487366,0.40630000829696655
804619,32155,John Klein,-0.004865193943629104,1.0,0.17190000414848328,0.19189999997615814
669091,sa3011463,Matt Cronin,-0.0048698745571868094,1.0,0.0,1.0
667435,sa3008243,Barrett Loseke,-0.004872937189072595,1.0,0.0,1.0
607188,13699,Jake Faria,-0.004879458991169392,1.0,0.0,1.0
682176,sa3008427,Charlie Ruegger,-0.004884243944815355,1.0,0.0,1.0
663500,sa3011606,Hunter Parsons,-0.0048871358728464825,1.0,0.055399999022483826,0.7394000291824341
688490,sa3018179,Mitch Myers,-0.0048930082512725175,1.0,0.15610000491142273,0.2660999894142151
665620,20276,Deivi García,-0.0048942021333876155,1.0,0.0,1.0
801755,sa3020751,Brandon Schaeffer,-0.004894797320908408,1.0,0.16699999570846558,0.2150000035762787
667686,sa917893,Angel Acevedo,-0.004895202351681969,1.0,0.0,1.0
699823,34847,Tyler Davis,-0.004897287163333865,1.0,0.029100000858306885,0.863099992275238
683086,sa3011674,Kendall Williams,-0.004906155349332533,1.0,0.1754000037908554,0.1754000037908554
663943,sa3004987,Nick Kennedy,-0.0049081747398339,1.0,0.0,1.0
642092,19826,Riley Smith,-0.004909149979494141,1.0,0.06509999930858612,0.694100022315979
688896,sa3015069,Justin Courtney,-0.004909185439625581,1.0,0.0,1.0
682446,sa3007270,Tyler Palm,-0.004916281837328673,1.0,0.04039999842643738,0.8104000091552734
678358,sa3006482,Jose Salvador,-0.004925227547356698,1.0,0.13840000331401825,0.34940001368522644
686317,sa3009638,Edgar Manzo,-0.004928107353658251,1.0,0.07400000095367432,0.6520000100135803
666673,sa917401,Melvi Acosta,-0.004931096760826234,1.0,0.0,1.0
683354,sa3023219,Connor O'Halloran,-0.004936147590363038,1.0,0.1754000037908554,0.1754000037908554
689520,26429,Cody Laweryson,-0.004942772790831767,1.0,0.0,1.0
663856,sa875726,Mack Lemieux,-0.004947380067950938,1.0,0.0,1.0
686938,sa3011849,Bodi Rascon,-0.004955659610015098,1.0,0.17090000212192535,0.19689999520778656
669135,22218,Mac Sceroler,-0.004961321943507352,1.0,0.0,1.0
809340,sa3023281,Austin Troesser,-0.004962653314866817,1.0,0.15389999747276306,0.2768999934196472
687159,sa3011533,Nick Morreale,-0.004965615228410087,1.0,0.0746999979019165,0.6486999988555908
699613,sa3017820,Houston Harding,-0.0049746311294440815,1.0,0.1525000035762787,0.28349998593330383
656259,sa829003,Jordan Brink,-0.004975803578205915,1.0,0.0,1.0
814527,sa3023283,Patrick Copen,-0.004986421738533865,1.0,0.17190000414848328,0.19189999997615814
702098,sa3016071,Allen Facundo,-0.004995174994588409,1.0,0.1704999953508377,0.19850000739097595
672651,sa3003009,Rodolfo Sanchez,-0.0049962036031429,1.0,0.07980000227689743,0.6248000264167786
805723,sa3020483,Jared Lyons,-0.005001729086925579,1.0,0.1754000037908554,0.1754000037908554
667407,sa3011394,Zack Plunkett,-0.005008417985699321,1.0,0.0,1.0
688753,sa3017311,Evan Gates,-0.005009117330547314,1.0,0.0,1.0
668390,22113,Cole Winn,-0.005010070577371147,1.0,0.0,1.0
807715,sa3022952,Liam Sullivan,-0.005019201798699074,1.0,0.1754000037908554,0.1754000037908554
685461,sa3014799,Cesar Gomez,-0.00502527812285435,1.0,0.03440000116825104,0.8384000062942505
700322,sa3016282,Keythel Key,-0.005027470340334106,1.0,0.14319999516010284,0.3271999955177307
493200,18719,Seunghwan Oh,-0.00502932245525955,1.0,0.0,1.0
663379,sa3014780,Graham Lawson,-0.005029574543248578,1.0,0.0,1.0
687776,sa3023265,Alejandro Torres,-0.005033831121135626,1.0,0.0,1.0
606939,sa598306,Aaron Brown,-0.005038111838593229,1.0,0.017500000074505806,0.9175000190734863
667421,sa3008532,Blaine Knight,-0.005040152315370333,1.0,0.0,1.0
657092,sa829420,Zach Warren,-0.005043172924803338,1.0,0.0,1.0
805965,sa3020113,Tyler Guilfoil,-0.005046141405464656,1.0,0.15950000286102295,0.25049999356269836
688433,sa3011303,Jared Biddy,-0.005047832027843993,1.0,0.0,1.0
702650,sa3023479,Michael Forret,-0.005057082298661513,1.0,0.1574999988079071,0.25949999690055847
692983,sa3020956,Emailin Montilla,-0.005058913999952629,1.0,0.0,1.0
690345,sa3011805,Pedro Garcia,-0.00506269924611379,1.0,0.0,1.0
815081,sa3023516,Mark Manfredi,-0.0050672681962058395,1.0,0.13840000331401825,0.34940001368522644
804539,sa3020945,Darren Bowen,-0.005073757626252154,1.0,0.17329999804496765,0.18529999256134033
682051,25097,Garrett Hill,-0.005079221338602582,1.0,0.0,1.0
689223,sa3023126,Derek True,-0.005079310699848744,1.0,0.16259999573230743,0.23559999465942383
677604,sa3005430,Damian Mendoza,-0.005084627771459682,1.0,0.02539999969303608,0.8804000020027161
675651,sa3004812,Steven Jennings,-0.00509213243799877,1.0,0.030500000342726707,0.8565000295639038
676742,23479,Cam Sanders,-0.005093374828433202,1.0,0.01720000058412552,0.9192000031471252
679346,24363,Edgar Navarro,-0.005093790612303071,1.0,0.0,1.0
681823,sa3008173,Ben Madison,-0.005100087062100822,1.0,0.0,1.0
664069,20175,Ben Braymer,-0.005105332175756987,1.0,0.11959999799728394,0.4375999867916107
656561,sa827196,Nick Howard,-0.005107515203589982,1.0,0.0,1.0
621219,13834,Alec Mills,-0.005111418232962074,1.0,0.0,1.0
663642,sa3009923,Josh Smith,-0.00511570044085547,1.0,0.0,1.0
643400,16537,Dusten Knight,-0.005127157475616946,1.0,0.0,1.0
676763,sa3005146,Adam Stauffer,-0.00512734365570969,1.0,0.0,1.0
683014,sa3008434,Richard Guasch,-0.005133452341929757,1.0,0.0,1.0
656080,sa828343,Aneuris Rosario,-0.005135158803735825,1.0,0.0,1.0
681739,sa3005890,Joshua Cornielly,-0.005135990673128436,1.0,0.0,1.0
542960,6627,Brad Brach,-0.005136472779266128,1.0,0.0,1.0
694773,sa3018183,Reid Johnston,-0.005139757410299929,1.0,0.15860000252723694,0.25459998846054077
699212,sa3016038,Ivan Oviedo,-0.005142978888643623,1.0,0.0,1.0
663601,sa3007204,Sean Wymer,-0.005143901399225625,1.0,0.0,1.0
681644,sa3006417,Inohan Paniagua,-0.005146913732030858,1.0,0.16699999570846558,0.2150000035762787
663467,sa875998,Jason Bilous,-0.005148413318483738,1.0,0.038100000470876694,0.8210999965667725
681856,sa3007730,Thomas Ponticelli,-0.005151733118985418,1.0,0.16699999570846558,0.2150000035762787
682791,sa3009463,Gabriel Jackson,-0.005154026946548034,1.0,0.047200001776218414,0.7781999707221985
692352,sa3015214,Manuel Mercedes,-0.00515478167800365,1.0,0.17399999499320984,0.18199999630451202
691109,sa3010326,Zach Vennaro,-0.005155735731927624,1.0,0.0,1.0
683720,sa3010800,Edwin Jimenez,-0.005158547988219607,1.0,0.16459999978542328,0.22660000622272491
677038,sa3004489,Marcus Reyes,-0.005158673729084411,1.0,0.030400000512599945,0.8574000000953674
677676,sa3004872,Diosmerky Taveras,-0.0051591368483185915,1.0,0.0,1.0
674047,sa3009928,Travis Kuhn,-0.005161153018513776,1.0,0.0,1.0
672851,22925,Joan Adon,-0.0051614695387745095,13.0,0.0,13.0
518748,11720,Justin Grimm,-0.0051627876207786276,1.0,0.0,1.0
592169,17237,Austin Brice,-0.005173615549204615,1.0,0.0,1.0
686184,sa3020472,Sean Harney,-0.005176062239508347,1.0,0.04670000076293945,0.7807000279426575
664155,sa875199,Nate Griep,-0.005179406126825794,1.0,0.0,1.0
594027,11691,Tyron Guerrero,-0.0051834507798082805,1.0,0.010400000028312206,0.9513999819755554
698982,sa3015487,Rayner Castillo,-0.00518895227406667,1.0,0.1754000037908554,0.1754000037908554
641464,sa918276,Trey Cobb,-0.005193252572581593,1.0,0.0,1.0
801696,sa3023160,Will Schomberg,-0.005194083300816033,1.0,0.1754000037908554,0.1754000037908554
702446,sa3017508,Bradford Webb,-0.005202695469271042,1.0,0.0,1.0
607609,16266,A.J. Ladwig,-0.00520407916558382,1.0,0.0,1.0
658742,sa835215,Diogenes Almengo,-0.0052063688954487606,1.0,0.0,1.0
670220,sa919034,Kevin Malisheski,-0.005210353063880981,1.0,0.027499999850988388,0.8705000281333923
672553,sa3002982,Ignacio Feliz,-0.005214402510759868,1.0,0.0,1.0
689701,sa3010322,Michael Horrell,-0.005214775209917338,1.0,0.00559999980032444,0.9735999703407288
687578,sa1171029,David Leal,-0.005218236662884303,1.0,0.04879999905824661,0.770799994468689
605138,19243,Wes Benjamin,-0.005226880009300701,1.0,0.03880000114440918,0.817799985408783
660822,sa873188,Robinson Martínez,-0.005229035973695342,1.0,0.0,1.0
501925,3281,Joe Smith,-0.005237313981308415,1.0,0.0,1.0
451584,7441,Wade Davis,-0.005243732854577868,1.0,0.0,1.0
687880,sa3011346,Jake Prizina,-0.005247257728064733,1.0,0.0,1.0
621056,15091,Hunter Wood,-0.005250782540590259,1.0,0.0,1.0
690281,sa3016908,Theo Denlinger,-0.005253049895445024,1.0,0.0,1.0
805792,sa3023450,Charlee Soto,-0.005270786706629929,1.0,0.1737000048160553,0.18369999527931213
681744,sa3005470,Junior Santos,-0.005271654660194014,1.0,0.025100000202655792,0.882099986076355
663506,sa3006950,Yaya Chentouf,-0.0052720624918217085,1.0,0.0,1.0
809100,sa3022953,Ixan Henderson,-0.005279138109135806,1.0,0.16529999673366547,0.2232999950647354
702340,sa3019533,Gunnar Groen,-0.00528072156195413,1.0,0.017899999395012856,0.9158999919891357
686953,sa3023506,Nick Dean,-0.005281420492038132,1.0,0.16329999268054962,0.23229999840259552
663359,sa875002,Justin Maese,-0.005282749329751272,1.0,0.0,1.0
694660,sa3020811,Harrison Cohen,-0.005290713820686427,1.0,0.005100000184029341,0.9761000275611877
665894,sa916950,Luis Rijo,-0.005294922428890452,1.0,0.17249999940395355,0.18950000405311584
676546,sa3008454,Michael Gomez,-0.0052967501120148456,1.0,0.0,1.0
686657,sa3020234,Ian Churchill,-0.005315517417604207,1.0,0.0,1.0
656686,19884,Corbin Martin,-0.005323238596983071,1.0,0.06279999762773514,0.704800009727478
592390,11632,Heath Hembree,-0.005330459435602722,1.0,0.0,1.0
687161,sa3009997,Zach Hart,-0.005332747429937744,1.0,0.04179999977350235,0.8037999868392944
678868,24248,Eddy Yean,-0.00533634663681617,1.0,0.0,1.0
683583,sa3010371,Yorlin Calderon,-0.005338710953945011,1.0,0.02070000022649765,0.9027000069618225
676720,23465,Tommy Romero,-0.005340751622879897,1.0,0.12160000205039978,0.428600013256073
672442,22622,Yovanny Cruz,-0.005346481693331145,1.0,0.0,1.0
681252,30086,Jack Anderson,-0.005347574414571249,1.0,0.020400000736117363,0.9043999910354614
685319,sa3023249,Braydon Tucker,-0.0053478928266228075,1.0,0.16300000250339508,0.23399999737739563
693176,sa3015306,Elison Joseph,-0.005351655493170991,1.0,0.0,1.0
641409,sa738901,Zack Brown,-0.0053602333240384435,1.0,0.10019999742507935,0.52920001745224
681484,sa3007477,Chase Cohen,-0.005360724120176656,1.0,0.0,1.0
664048,sa857699,Kyle Wilcox,-0.005362808435076971,1.0,0.0,1.0
676337,sa3006808,Connor Higgins,-0.005364316064980143,1.0,0.0,1.0
664948,18152,Anthony Misiewicz,-0.005365209886382848,25.0,0.0,25.0
675640,sa3014791,Braden Zarbnisky,-0.005370105985128893,1.0,0.0,1.0
686597,sa3011198,Michael Dominguez,-0.00537027500068903,1.0,0.1754000037908554,0.1754000037908554
670161,20018,Parker Dunshee,-0.0053713647631345,1.0,0.0,1.0
627893,sa736746,Carlos Belen,-0.005374850676376228,1.0,0.0,1.0
628709,sa737451,Ofreidy Gómez,-0.005375781731160458,1.0,0.0,1.0
622256,17792,Patrick Weigel,-0.005376173157645381,1.0,0.0,1.0
800544,sa3019384,Cesar Lares,-0.00538307719565755,1.0,0.1754000037908554,0.1754000037908554
688396,sa3023507,Zach Fruit,-0.005390639331681865,1.0,0.1688999980688095,0.20589999854564667
678738,sa3005444,Juan Sanchez,-0.0053906901625060625,1.0,0.0,1.0
688422,sa3020739,Connor Staine,-0.005390832874609068,1.0,0.1737000048160553,0.18369999527931213
683538,sa3009725,Listher Sosa,-0.0053916311314994424,1.0,0.015399999916553497,0.9273999929428101
592865,14899,Taylor Williams,-0.005393800703628952,1.0,0.0,1.0
680802,24621,Ryan Weiss,-0.005394398362094486,1.0,0.0,1.0
664042,18600,Travis Lakins,-0.005395781865686438,1.0,0.0,1.0
678640,sa3006600,Carlos Betancourt,-0.005402577439104787,1.0,0.0,1.0
682418,sa3007624,Tommy Parsons,-0.005405744706241376,1.0,0.16369999945163727,0.23070000112056732
702878,sa3016817,Douglas Orellana,-0.005409973372360044,1.0,0.16110000014305115,0.24310000240802765
800571,sa3019386,Santiago Suarez,-0.005411121051933782,1.0,0.1754000037908554,0.1754000037908554
803088,sa3023504,Justin Lawson,-0.005412168397032218,1.0,0.02250000089406967,0.8945000171661377
687901,sa1170341,JC Keys,-0.005419190099072045,1.0,0.0,1.0
596027,14672,Dillon Maples,-0.0054199438924806284,1.0,0.0,1.0
805707,sa3019634,Michael Krauza,-0.005429382376618311,1.0,0.0,1.0
671726,sa3020312,Marquis Grissom Jr.,-0.005430396904062392,1.0,0.0,1.0
689101,sa3014804,James Proctor,-0.005431099067010373,1.0,0.1754000037908554,0.1754000037908554
687953,sa3011369,Matt Minnick,-0.005432528761266203,1.0,0.0,1.0
682852,sa3008690,Jordano Perez,-0.0054347966554253386,1.0,0.1754000037908554,0.1754000037908554
656368,sa3011801,Brad Deppermann,-0.005438595377209055,1.0,0.0,1.0
675963,sa3007721,Josh Roberson,-0.005448636391251439,1.0,0.0,1.0
657624,16794,Josh James,-0.005455054946812154,1.0,0.0,1.0
686459,sa3010660,Jaime Melendez,-0.005457184759374998,1.0,0.10949999839067459,0.4855000078678131
688497,26344,Taylor Rashi,-0.005458808659267554,1.0,0.0,1.0
694364,sa3023166,Caden Grice,-0.005463214677025091,1.0,0.17229999601840973,0.19030000269412994
681897,sa3010566,Alec Barger,-0.005464363192316766,1.0,0.0,1.0
677312,sa3017535,Zane Mills,-0.005469054659572567,1.0,0.037700001150369644,0.822700023651123
679780,sa3014858,Gabriel Sequeira,-0.005469904326620604,1.0,0.0,1.0
801700,sa3020453,Nolan DeVos,-0.005470354619263475,1.0,0.15469999611377716,0.2727000117301941
668660,sa3014783,Dakota Donovan,-0.005479214727015217,1.0,0.0,1.0
673633,19756,Yoshihisa Hirano,-0.0054910432813646375,1.0,0.0,1.0
641886,sa3007801,Andrew Mitchell,-0.005496580183560484,1.0,0.0,1.0
611093,15051,Silvino Bracho,-0.0055018917929481,1.0,0.0,1.0
640737,sa735841,Kevin Gadea,-0.00551155469013789,1.0,0.0,1.0
676845,sa3004222,Sam Delaplane,-0.0055116820135266914,1.0,0.0,1.0
670154,sa874212,Nolan Blackwood,-0.00551243646105691,1.0,0.0,1.0
688910,sa3014978,Blake Goldsberry,-0.005517712461421307,1.0,0.03579999879002571,0.8317999839782715
687423,sa3010258,Triston Polley,-0.005520237473226089,1.0,0.0,1.0
814803,sa3023213,Logan Martin,-0.005522914271993837,1.0,0.16040000319480896,0.24639999866485596
806095,sa3020630,Seth Clark,-0.005533688826935246,1.0,0.0,1.0
691414,sa3015931,Yorman Gómez,-0.005536738291293206,1.0,0.17229999601840973,0.19030000269412994
694496,sa3016001,John Stankiewicz,-0.005537291073807308,1.0,0.0,1.0
800017,sa3018312,Jose Montero,-0.00553958624697927,1.0,0.15770000219345093,0.25870001316070557
641978,sa915680,Matt Pidich,-0.0055396151523109454,1.0,0.0,1.0
518858,4696,Nate Jones,-0.005539865404205702,1.0,0.0,1.0
667373,22036,Angel Rondón,-0.005541249739689528,1.0,0.0,1.0
573668,10341,Juan Minaya,-0.005542509711159501,1.0,0.0,1.0
676739,sa3005340,Nathan Witt,-0.005548421973033529,1.0,0.0,1.0
657116,sa3008443,Zach Willeman,-0.005561257341077695,1.0,0.0,1.0
808825,sa3023133,Andrew Sears,-0.005562430151072717,1.0,0.17000000178813934,0.20100000500679016
678424,sa3006122,Josan Méndez,-0.005575221135091281,1.0,0.0,1.0
682121,sa3007263,Jared Tobey,-0.005579123434267211,1.0,0.0,1.0
700255,sa3017976,Jacob Steinmetz,-0.005579483531509632,1.0,0.1754000037908554,0.1754000037908554
501593,2882,Luis Avilán,-0.005581135593774009,1.0,0.0,1.0
669105,20209,Zach Muckenhirn,-0.00558322509250926,1.0,0.0,1.0
688230,sa3016843,Peyton Alford,-0.005584565277110301,1.0,0.0,1.0
695281,sa3018145,Riley Davis,-0.0055854173624289355,1.0,0.12229999899864197,0.4253000020980835
815073,sa3023163,Ethan Bosacker,-0.005587907846590842,1.0,0.16279999911785126,0.23479999601840973
682999,sa3021720,Will Childers,-0.005594394439079056,1.0,0.0,1.0
666661,21924,Juan Morillo,-0.005599797662256503,1.0,0.0,1.0
640463,15158,Braden Shipley,-0.005601378120125019,1.0,0.0,1.0
702153,31624,Brian Fitzpatrick,-0.005602674047798581,1.0,0.12790000438690186,0.39890000224113464
643539,sa738717,Caleb Simpson,-0.005612510257432627,1.0,0.058400001376867294,0.7253999710083008
669443,sa3008599,Aaron Hernandez,-0.005616489209128186,1.0,0.0,1.0
687900,sa3017196,Andrew Baker,-0.0056190834786731475,1.0,0.0,1.0
617228,27515,Hirokazu Sawamura,-0.0056212709508269626,1.0,0.0,1.0
622797,18313,Pedro Payano,-0.005623667170683432,1.0,0.0,1.0
453284,5224,Blake Parker,-0.005629573307267921,1.0,0.0,1.0
692294,sa3016469,Luis Gutierrez,-0.005631803946337044,1.0,0.1647000014781952,0.2257000058889389
681388,sa3020898,Jacob Maton,-0.0056320182079281364,1.0,0.0,1.0
623354,17811,Daniel Zamora,-0.005632593166948446,1.0,0.0,1.0
805694,sa3019615,Juan Bello,-0.00563369704594966,1.0,0.1754000037908554,0.1754000037908554
623454,15130,Drew Anderson,-0.005633826852853071,1.0,0.01600000075995922,0.925000011920929
678980,sa3006070,José Geraldo,-0.005636793468514936,1.0,0.0,1.0
702436,sa3016528,Luis Serna,-0.005643717271490079,1.0,0.17329999804496765,0.18529999256134033
656701,sa915622,Kade McClure,-0.005644246187411015,1.0,0.0,1.0
800539,sa3019071,Emmanuel Reyes,-0.0056461183443182045,1.0,0.1720999926328659,0.19110000133514404
666301,sa3011726,Indigo Diaz,-0.005646172061656239,1.0,0.08330000191926956,0.608299970626831
673884,sa3003126,Liu Fuenmayor,-0.005653083615976276,1.0,0.0,1.0
592712,13483,Connor Sadzeck,-0.005660268978736344,1.0,0.0,1.0
682143,sa3007620,Michael Costanzo,-0.005663918466238695,1.0,0.0,1.0
687218,sa3017844,Will Bednar,-0.005665629572885849,1.0,0.1274999976158142,0.40049999952316284
680212,sa3018092,Conor Larkin,-0.00567648880492467,1.0,0.0,1.0
682144,25158,Jayvien Sandridge,-0.00568206037607126,1.0,0.0,1.0
675276,sa3017532,Bryan Pope,-0.0056868143499205085,1.0,0.0,1.0
592804,10688,Tyler Thornburg,-0.005699016925806094,1.0,0.0,1.0
808051,sa3020998,Wilkin Paredes,-0.005705567556228545,1.0,0.16189999878406525,0.23890000581741333
701488,sa3019862,Dylan Phillips,-0.005708207725139435,1.0,0.0,1.0
703445,sa3020626,Adam Serwinowski,-0.005712234229635038,1.0,0.1754000037908554,0.1754000037908554
668998,sa3015034,Trey Benton,-0.005712486279388293,1.0,0.0,1.0
685125,sa3014486,Christian Chamberlain,-0.005712548091177262,1.0,0.0,1.0
676711,sa3005408,Nick Gallagher,-0.005713232047202424,1.0,0.0,1.0
676005,sa3002820,Reinaldo De Paula,-0.0057192680863483395,1.0,0.0,1.0
800320,sa3019268,Leonel Sequera,-0.005724733437842017,1.0,0.17299999296665192,0.18700000643730164
696508,sa3022794,Alec Baker,-0.005729164913025389,1.0,0.06040000170469284,0.7164000272750854
681938,sa3006985,Angel Reyes,-0.005729222241375768,1.0,0.06790000200271606,0.680899977684021
686560,26349,Gavin Collyer,-0.005731780710724979,1.0,0.0,1.0
803247,sa3019682,Jose Guedez,-0.005732676088564828,1.0,0.16459999978542328,0.22660000622272491
666199,sa3014910,Zach Linginfelter,-0.0057361262680715635,1.0,0.0,1.0
677573,sa3005683,Heitor Tokar,-0.005737554109888485,1.0,0.15070000290870667,0.29170000553131104
801216,30206,Christian Montes De Oca,-0.00573867098291484,1.0,0.0,1.0
690464,sa3015094,Jordan Mikel,-0.005742292313236064,1.0,0.0,1.0
808547,sa3021795,Keyner Benitez,-0.005746428863942943,1.0,0.16769999265670776,0.21170000731945038
448281,1581,Sean Doolittle,-0.005752604512320706,1.0,0.0,1.0
680223,sa3017491,Kyle Virbitsky,-0.005752693487170958,1.0,0.0,1.0
688004,sa1169965,Shelton Perkins,-0.0057751179964912755,1.0,0.0,1.0
676597,sa3004345,Charlie Neuweiler,-0.005779269486862609,1.0,0.0,1.0
666202,sa3018279,Mitch Miller,-0.005780983109198593,1.0,0.019099999219179153,0.910099983215332
703900,sa3019050,Alain Pena,-0.005781038627770327,1.0,0.1590999960899353,0.25209999084472656
667743,sa3005243,Landon Leach,-0.00578463445734983,1.0,0.15649999678134918,0.2644999921321869
669294,22248,Paul Campbell,-0.005787955937715508,1.0,0.024000000208616257,0.8870000243186951
669652,sa3020462,Haden Erbe,-0.005793500162111668,1.0,0.050200000405311584,0.76419997215271
676252,sa3008523,Zach Haake,-0.005798064439653686,1.0,0.0681999996304512,0.6791999936103821
669690,sa3008261,Blake Rivera,-0.005801153699418711,1.0,0.0,1.0
661526,sa3006798,Eli Lingos,-0.005805428962102669,1.0,0.0,1.0
660422,17505,Jorge Guzmán,-0.005805932168020031,1.0,0.0,1.0
801367,sa3022906,Matt Jachec,-0.005810521405353161,1.0,0.0,1.0
668560,sa919234,Yeizo Campos,-0.005815993928953359,1.0,0.0,1.0
681041,sa3020889,Marcelo Perez,-0.005822402436520015,1.0,0.1754000037908554,0.1754000037908554
695242,sa3020476,Nate Dahle,-0.005824798297652845,1.0,0.0,1.0
676713,sa3004348,Xavier Moore,-0.00583347807082864,1.0,0.0,1.0
703469,sa3021729,Jackson Humphries,-0.0058395159194054086,1.0,0.1754000037908554,0.1754000037908554
681597,sa3006415,Michael Martinez,-0.005847803634017702,1.0,0.0,1.0
687486,sa3010821,Fineas Del Bonta-Smith,-0.005847919099718794,1.0,0.0,1.0
672836,sa3003039,Angel Macuare,-0.005856828064472875,1.0,0.05260000005364418,0.7526000142097473
657265,21367,Peter Strzelecki,-0.005857458092978501,17.0,0.0,17.0
571479,10657,Andrew Bellatti,-0.0058644069329680335,1.0,0.0,1.0
664114,sa3006804,Cole Uvila,-0.005869088385851046,1.0,0.0,1.0
687534,sa3011143,Andrew McInvale,-0.005869446478394949,1.0,0.0,1.0
668662,sa3015119,Gianluca Dalatri,-0.0058723193826927984,1.0,0.0,1.0
682202,sa3011651,Conor Grammes,-0.005872679693602789,1.0,0.019999999552965164,0.906000018119812
687934,sa3011145,Jimmy Robbins,-0.005880137043907499,1.0,0.0,1.0
676830,sa913150,Collin Kober,-0.005880141446338466,1.0,0.01860000006854534,0.9125999808311462
621078,14707,Brady Lail,-0.0058827788572492845,1.0,0.0,1.0
805780,sa3023306,Cade Kuehler,-0.005884002499680642,1.0,0.1754000037908554,0.1754000037908554
676454,sa3011710,Brendan Cellucci,-0.005897322965045603,1.0,0.0,1.0
656970,19487,Devin Smeltzer,-0.0058980091537744715,1.0,0.03139999881386757,0.852400004863739
664284,sa872567,Carlos Espinal,-0.005912200510260803,1.0,0.0,1.0
701318,sa3017470,Ryan Cardona,-0.005914167075034328,1.0,0.17000000178813934,0.20100000500679016
804523,sa3023253,Casey Steward,-0.005917937220139599,1.0,0.1720999926328659,0.19110000133514404
686964,sa3010813,Peyton Williams,-0.005919749603250515,1.0,0.0,1.0
571710,10430,Mychal Givens,-0.005921761065231346,1.0,0.0,1.0
685310,sa3018143,Braden Scott,-0.00592528250032772,1.0,0.0,1.0
672374,sa3002925,Franklin Dacosta,-0.005929936793363812,1.0,0.0,1.0
695247,sa3020876,Jagger Haynes,-0.00593209172884055,1.0,0.17389999330043793,0.18289999663829803
801127,sa3020401,Connor Holden,-0.0059420074802380134,1.0,0.0,1.0
675248,sa3023092,Spencer Bengard,-0.005949078362643407,1.0,0.13300000131130219,0.375
670183,27583,Garrett Acton,-0.005955737686069865,1.0,0.0,1.0
669436,sa3004736,Jacob Heatherly,-0.005955839761463502,1.0,0.0,1.0
663658,21513,Thaddeus Ward,-0.005961555744197487,1.0,0.0,1.0
686488,sa3009639,Sandro Bargallo,-0.005966242279160672,1.0,0.17190000414848328,0.19189999997615814
676515,sa3005216,Cam Robinson,-0.005968539788197374,1.0,0.0,1.0
679066,sa3006557,Valentin Linarez,-0.00597663540023293,1.0,0.0,1.0
669804,22323,Angel De Jesus,-0.005980862298445253,1.0,0.0,1.0
458676,7882,Josh Lindblom,-0.005985262874387092,1.0,0.0,1.0
673872,sa3007216,Bobby Milacki,-0.0059936420460550205,1.0,0.0,1.0
675971,20334,Kyle Dohy,-0.005996454251686793,1.0,0.0,1.0
675991,sa3015105,Chase Wallace,-0.0060014844204458045,1.0,0.0,1.0
675977,sa3004584,Drew Strotman,-0.006009907043024657,1.0,0.0,1.0
672755,sa3002794,Aldry Acosta,-0.006013680987665326,1.0,0.0,1.0
700287,sa3018276,Alfredo Zarraga,-0.006015046763326068,1.0,0.016300000250339508,0.92330002784729
665001,18454,Trevor Kelley,-0.006015231583199118,1.0,0.07249999791383743,0.659500002861023
680899,sa3021719,Erik Tolman,-0.006015626248382437,1.0,0.1754000037908554,0.1754000037908554
662914,sa3010555,Ryan Shreve,-0.006015686351941288,1.0,0.0,1.0
694360,27877,Beck Way,-0.006022896853954913,1.0,0.0,1.0
694367,sa3014517,Justin Lange,-0.006032230082912247,1.0,0.1754000037908554,0.1754000037908554
641709,sa918377,Brian Howard,-0.006034426991814021,1.0,0.0,1.0
691772,sa3017782,Maddux Bruns,-0.006035417616341039,1.0,0.1754000037908554,0.1754000037908554
641416,sa738180,Hever Bueno,-0.0060371928405152046,1.0,0.0,1.0
687879,sa1170867,Luis Quiñones,-0.0060427189514855265,1.0,0.002099999925121665,0.9901000261306763
448855,5702,Junior Guerra,-0.006053594582591832,1.0,0.0026000000070780516,0.9876000285148621
543391,9174,Casey Kelly,-0.006053681632869011,1.0,0.0,1.0
663540,sa3009922,Kyle Hill,-0.006057711750629061,1.0,0.0,1.0
688889,sa1172727,Tyler Burch,-0.006067049184984235,1.0,0.06629999727010727,0.6883000135421753
672620,sa3002702,Eduardo Herrera,-0.0060722369988505135,1.0,0.0,1.0
676689,23449,Ricky Karcher,-0.006075540083813153,1.0,0.0,1.0
681813,sa3007934,Gabriel Cotto,-0.006078053272561101,1.0,0.1678999960422516,0.21089999377727509
681671,sa3007967,Zack Leban,-0.0060810527587303095,1.0,0.026000000536441803,0.878000020980835
671288,sa3004648,Seth Corry,-0.0060842146735149705,1.0,0.0,1.0
642530,sa737048,Luis Reyes,-0.006086483857405482,1.0,0.024399999529123306,0.8853999972343445
682503,sa3007272,Felix Minjarez,-0.0060899632142854074,1.0,0.0,1.0
666785,sa917637,Harold Chirino,-0.00609119537827461,1.0,0.0,1.0
547176,14467,Daniel Camarena,-0.006092135447409501,1.0,0.0,1.0
682240,sa3009935,Stephen Jones,-0.006099606440315605,1.0,0.0,1.0
683094,sa3008542,Jordany Ventura,-0.006099866195860366,1.0,0.08320000022649765,0.6092000007629395
686933,sa3011585,Mitchell Stumpo,-0.00610332425947577,1.0,0.0,1.0
607457,13713,Kyle Barraclough,-0.006109861151358545,1.0,0.0,1.0
681808,24935,Chris Vallimont,-0.006119917662094785,1.0,0.0,1.0
667176,sa3014846,Grant Black,-0.006121579312794024,1.0,0.0478999987244606,0.7749000191688538
543921,6109,Joe Wieland,-0.006122012083278353,1.0,0.032499998807907104,0.8475000262260437
805807,sa3023420,Josh Knoth,-0.006128780220346621,1.0,0.1754000037908554,0.1754000037908554
643532,19671,Sterling Sharp,-0.0061355068885326595,1.0,0.0,1.0
690440,sa3010837,Bradley Hanner,-0.006136222272645227,1.0,0.0,1.0
624427,15492,Stephen Gonsalves,-0.006147573996405142,1.0,0.0,1.0
641962,19820,CD Pelham,-0.006148351440705715,1.0,0.0,1.0
665048,18615,Hobie Harris,-0.006153972319543255,1.0,0.0,1.0
672730,22828,Juan Then,-0.006162409455185681,1.0,0.0,1.0
670056,19231,Caleb Baragar,-0.006170201380228578,1.0,0.0,1.0
686831,sa3011200,Colby White,-0.006174760967893053,1.0,0.03680000081658363,0.8267999887466431
592644,15846,Adam Plutko,-0.006174880769196787,1.0,0.0031999999191612005,0.9851999878883362
688015,sa3017687,Adam McKillican,-0.006183158550269444,1.0,0.0,1.0
664687,sa3007959,Durbin Feltman,-0.006188338074801496,1.0,0.0,1.0
681258,sa3016905,Hunter Perdue,-0.006199040890767643,1.0,0.16699999570846558,0.2150000035762787
669251,sa3007719,Tanner Myatt,-0.006201002057544631,1.0,0.0,1.0
572888,10756,Shane Greene,-0.0062036390085309515,1.0,0.0,1.0
665915,sa917061,Anderson Amarista,-0.006204100585030426,1.0,0.14419999718666077,0.3222000002861023
681871,20408,Eli Villalobos,-0.00621306700223355,1.0,0.0,1.0
698860,sa3014874,Thomas Ruwe,-0.006218094598156146,1.0,0.0,1.0
502522,8580,Justin Miller,-0.006220357842506033,1.0,0.0,1.0
687649,sa3017274,Nick Mondak,-0.0062211626005544305,1.0,0.0,1.0
669682,sa3010781,Morgan McSweeney,-0.006224882032291352,1.0,0.0,1.0
605194,13654,Jharel Cotton,-0.006229658753142621,1.0,0.0,1.0
571863,13420,Matt Koch,-0.006231544532930313,1.0,0.0,1.0
690999,sa3023127,Blake Money,-0.0062322397261840145,1.0,0.15160000324249268,0.28760001063346863
688145,sa3023501,Elijah Dale,-0.00623302251964275,1.0,0.17260000109672546,0.18860000371932983
679882,sa3014972,John Beller,-0.006233428955508083,1.0,0.0,1.0
686819,sa3011531,Chris Wright,-0.006234177854197977,1.0,0.018799999728798866,0.9118000268936157
678279,sa3006570,Miguel Rodriguez,-0.006241975726223862,1.0,0.0,1.0
695318,sa3017935,Jamison Hill,-0.006247136123098721,1.0,0.14229999482631683,0.3312999904155731
621295,15594,Nick Wittgren,-0.006250900857600112,1.0,0.0,1.0
682087,sa3017387,Antonio Knowles,-0.006257910576411722,1.0,0.035100001841783524,0.835099995136261
681475,sa3017592,Luke Albright,-0.0062585008487483305,1.0,0.0877000018954277,0.5877000093460083
664784,sa876117,Steven Klimek,-0.0062668638957387906,1.0,0.0,1.0
703148,sa3017645,Raimon Gomez,-0.0062683448492302715,1.0,0.1754000037908554,0.1754000037908554
688609,sa3017640,Hunter Parks,-0.006280757832993409,1.0,0.1754000037908554,0.1754000037908554
682855,sa3009592,Luis Vargas,-0.006291544660901198,1.0,0.1573999971151352,0.2603999972343445
546276,10337,Edwin Escobar,-0.0063025628090077656,1.0,0.0,1.0
668594,sa917753,Willy Taveras,-0.0063038131138929265,1.0,0.0,1.0
664157,18581,Travis Bergen,-0.006306046804221928,1.0,0.016499999910593033,0.9225000143051147
663723,sa3010557,Derek West,-0.006312982909005754,1.0,0.0,1.0
476454,6216,Dellin Betances,-0.006313741826738667,1.0,0.0,1.0
699214,sa3016748,Leandro Lopez,-0.006315343710301668,1.0,0.13490000367164612,0.3659000098705292
673603,sa3003109,Luis Romero,-0.006317010548162274,1.0,0.0,1.0
669193,26152,Jack Little,-0.006321870520025536,1.0,0.0,1.0
594795,11203,Grant Dayton,-0.006325555818338131,1.0,0.0,1.0
670285,sa918811,Michael Danielak,-0.006331156568021266,1.0,0.019500000402331352,0.9085000157356262
815305,sa3022799,Austin Emener,-0.0063434842139263314,1.0,0.1754000037908554,0.1754000037908554
686585,sa3017417,Adrian Chaidez,-0.006351983401319696,1.0,0.12530000507831573,0.41130000352859497
680725,sa3007776,Jackson Goddard,-0.006352701909690098,1.0,0.0,1.0
681740,sa3005891,Benito Garcia,-0.006355158995148985,1.0,0.0,1.0
690530,sa3014868,Casey Cobb,-0.006365001967373807,1.0,0.02669999934732914,0.8747000098228455
695778,sa3015334,Aidan Curry,-0.006367102712154474,1.0,0.1703999936580658,0.19939999282360077
681948,sa3014795,Justin Evans,-0.006369163546624252,1.0,0.0,1.0
664918,18890,Kyle Keller,-0.006379721247931974,1.0,0.0,1.0
642130,16418,Blake Taylor,-0.006383111701398383,1.0,0.0,1.0
679555,sa3017257,Brandon Dufault,-0.006391934100781312,1.0,0.0,1.0
692454,sa3018289,Pablo Aldonis,-0.006394458043148707,1.0,0.1754000037908554,0.1754000037908554
688158,31616,David Morgan,-0.006396639705867761,1.0,0.0,1.0
688010,25512,Nate Fisher,-0.006404224721105467,1.0,0.0,1.0
700842,31280,Eduardo Rivera,-0.006413380698810126,1.0,0.13819999992847443,0.35019999742507935
641394,17783,Jake Brentz,-0.006417796924681647,1.0,0.0,1.0
687481,sa3011679,Joe Nahas,-0.0064245210944357985,1.0,0.04439999908208847,0.7914000153541565
702124,sa3017072,Justin Kelly,-0.006445307530756519,1.0,0.0,1.0
690319,sa3010143,Jeremiah Burke,-0.006446017040623688,1.0,0.0,1.0
680804,sa1170484,Bear Bellomy,-0.006448708086185334,1.0,0.0,1.0
670405,sa3023437,Christian Young,-0.006454263976949632,1.0,0.12489999830722809,0.41290000081062317
687189,sa3020324,Marcus Johnson,-0.006457258315691184,1.0,0.17139999568462372,0.19439999759197235
806329,sa3020340,Hunter Riggins,-0.0064605532271419745,1.0,0.13089999556541443,0.3849000036716461
678922,sa3006501,Jeisson Cabrera,-0.006464148842480397,1.0,0.026000000536441803,0.878000020980835
679985,sa3020251,Trey Braithwaite,-0.006466782226666154,1.0,0.019300000742077827,0.9093000292778015
695646,sa3017936,Peter Heubeck,-0.0064744149947478695,1.0,0.1754000037908554,0.1754000037908554
690981,sa3023036,Lucas Gordon,-0.00648691421031389,1.0,0.1754000037908554,0.1754000037908554
687825,sa3017542,Tyler Santana,-0.006493969031195693,1.0,0.025100000202655792,0.882099986076355
681493,sa3007852,Eddy Demurias,-0.006497584537478349,1.0,0.0,1.0
670246,sa918814,Nate Webb,-0.006500144334658215,1.0,0.012299999594688416,0.942300021648407
801389,sa3018194,Jack Snyder,-0.006501001280809713,1.0,0.02810000069439411,0.8680999875068665
686783,sa3011245,Jacob Kostyshock,-0.006501855852269131,1.0,0.0,1.0
681797,sa3007245,Christian Cosby,-0.0065136662758175255,1.0,0.0,1.0
666371,sa3014782,Nick Trogrlic-Iverson,-0.006521204146792389,1.0,0.0,1.0
687205,sa1170906,Charles Hall,-0.006523968046407096,1.0,0.0,1.0
665167,sa3010776,Jonah Dipoto,-0.006540471427763118,1.0,0.03750000149011612,0.8234999775886536
701541,sa3023130,Ty Weatherly,-0.00654498074665425,1.0,0.16539999842643738,0.2223999947309494
669728,sa915807,Dakota Mekkes,-0.006557534524434021,1.0,0.02930000051856041,0.8622999787330627
682949,sa3009222,Christian Suarez,-0.006557796553220967,1.0,0.0,1.0
663496,sa3018137,John Creel,-0.006560025023505981,1.0,0.0,1.0
686671,sa3017720,Thomas Farr,-0.006561090166517514,1.0,0.1754000037908554,0.1754000037908554
667434,sa3017005,Kevin Kopps,-0.006563577867916954,1.0,0.0,1.0
800019,sa3018313,Brayan Romero,-0.00656446720447811,1.0,0.16930000483989716,0.20430000126361847
677362,sa3004493,Nick Kuzia,-0.006573093347149617,1.0,0.0,1.0
683988,sa3009622,Railin Perez,-0.006585702492423107,1.0,0.0,1.0
607391,14151,Chris Mazza,-0.006587160951712436,1.0,0.0,1.0
700675,sa3016838,Jimmy Kingsbury,-0.006593564779396568,1.0,0.035599999129772186,0.8325999975204468
664682,18105,Ryan Meisinger,-0.006594858725104872,1.0,0.0,1.0
663899,sa3008162,Rodney Hutchison,-0.006608674209387951,1.0,0.0,1.0
671790,20041,Ronald Bolaños,-0.006610024714801084,1.0,0.0,1.0
807625,sa3020987,Gilberto Batista,-0.006611329083302319,1.0,0.1597999930381775,0.24879999458789825
665645,21656,Kervin Castro,-0.006614226433107339,1.0,0.0,1.0
814291,sa3021825,Jacob Wosinski,-0.006615209746055831,1.0,0.03959999978542328,0.8136000037193298
804728,sa3023007,Jake Bockenstedt,-0.006621757397411441,1.0,0.1737000048160553,0.18369999527931213
670087,19192,Brandyn Sittinger,-0.006635903777542131,1.0,0.0,1.0
502202,10133,Brad Boxberger,-0.0066400467528902885,1.0,0.0,1.0
684085,sa3009742,Nomar Rojas,-0.006653616314206325,1.0,0.0,1.0
468504,2608,Jhoulys Chacín,-0.006671953603264681,1.0,0.0,1.0
680606,sa3006407,Cristian Charle,-0.006673964591514024,1.0,0.0,1.0
692401,sa3016216,Gerardo Salas,-0.00667558558408514,1.0,0.1754000037908554,0.1754000037908554
668971,sa3015033,Mason Hickman,-0.006678319514472887,1.0,0.0,1.0
687482,sa3017686,Keagan Gillies,-0.006685689045321722,1.0,0.0,1.0
670333,sa872728,Nick Highberger,-0.006686776091090788,1.0,0.0,1.0
813895,sa3023137,Corey Avant,-0.0066889578765317315,1.0,0.09019999951124191,0.576200008392334
669205,sa3005187,Lincoln Henzman,-0.0067016136675371605,1.0,0.0,1.0
682034,sa3007811,Trent Fennell,-0.0067020046279751225,1.0,0.035100001841783524,0.835099995136261
665980,sa916841,Willian Suarez,-0.006702854411476945,1.0,0.0,1.0
804541,sa3020972,Gary Gill Hill,-0.0067289685106111784,1.0,0.17389999330043793,0.18289999663829803
644413,sa748442,Francys Peguero,-0.006731241520325715,1.0,0.0,1.0
675973,sa3014450,Tyler Brown,-0.006736589854620423,1.0,0.0,1.0
667746,sa917763,Edwuin Bencomo,-0.006737334286647525,1.0,0.09390000253915787,0.558899998664856
681443,sa3017271,Kolby Kubichek,-0.006738147244127594,1.0,0.0,1.0
688629,sa3020740,Noah Dean,-0.006738221011361155,1.0,0.1551000028848648,0.2711000144481659
700174,sa3016052,Jordy Vargas,-0.006742863009693012,1.0,0.1754000037908554,0.1754000037908554
691629,sa3015427,Miguelangel Boadas,-0.006744080349872151,1.0,0.1632000058889389,0.23319999873638153
685124,sa3017309,Nathan Burns,-0.006744176260393888,1.0,0.0,1.0
681585,sa3007478,Matt Willrodt,-0.0067447717905544605,1.0,0.0,1.0
805982,sa3023597,Daniel Nunez,-0.006748130955011492,1.0,0.13750000298023224,0.35350000858306885
608652,15101,Luke Farrell,-0.006756015537607834,1.0,0.06930000334978104,0.6743000149726868
682697,sa3009205,Breidy Encarnación,-0.006756861674603505,1.0,0.0,1.0
676769,sa3005229,Matt Givin,-0.00676477528658873,1.0,0.0,1.0
668754,20494,Braden Bristo,-0.006774319043943516,1.0,0.0,1.0
641386,20198,Ben Bowden,-0.006776811983212753,1.0,0.0,1.0
674810,sa978399,Victor Castaneda,-0.006778780903364584,1.0,0.0,1.0
608716,18806,Drew Steckenrider,-0.006780218253851268,1.0,0.0,1.0
806293,sa3020869,Payton Martin,-0.006781146007306594,1.0,0.1754000037908554,0.1754000037908554
605521,18251,Art Warren,-0.006793533643813687,1.0,0.0,1.0
700832,sa3017011,Jacob DeLabio,-0.006793910916884599,1.0,0.0,1.0
695001,28846,Alimber Santa,-0.006794103818915093,1.0,0.07020000368356705,0.670199990272522
685401,sa3010306,Logan Gragg,-0.006800077205682077,1.0,0.015799999237060547,0.9258000254631042
674086,sa3011189,Connor Lunn,-0.006821314735969459,1.0,0.0,1.0
680454,sa3011235,Mitchell Tyranski,-0.006826482025880783,1.0,0.0,1.0
803244,sa3019181,Eliazar Dishmey,-0.006834625788215701,1.0,0.17319999635219574,0.18619999289512634
690977,sa3022104,Jackson Fristoe,-0.006845668048309176,1.0,0.1754000037908554,0.1754000037908554
695746,sa3023176,Cale Lansville,-0.006850545672420286,1.0,0.16210000216960907,0.23810000717639923
529017,sa3011779,Alexander Cornielle,-0.006856826124218736,1.0,0.17190000414848328,0.19189999997615814
674178,sa3010619,Parker Caracci,-0.006861848773498631,1.0,0.0,1.0
701213,sa3020567,Jonathan Brand,-0.006862321804862926,1.0,0.0,1.0
690921,sa3020391,Micah Dallas,-0.006869661165491634,1.0,0.0,1.0
671093,sa3016936,Kyle Whitten,-0.0068737241707492605,1.0,0.02419999986886978,0.8862000107765198
698986,sa3016019,Jefrem Leon,-0.006875796600944931,1.0,0.16439999639987946,0.227400004863739
814507,sa3024981,Sterling Patick,-0.0068821502460559075,1.0,0.17260000109672546,0.18860000371932983
702355,sa3020685,Jake Pilarski,-0.006882695393550234,1.0,0.0,1.0
670940,sa3004647,Juan Pablo Lopez,-0.00690106456679728,1.0,0.13699999451637268,0.35600000619888306
682010,25071,Lane Ramsey,-0.006901425001838997,1.0,0.0,1.0
800215,sa3018832,Enmanuel Pinales,-0.0069021203682716374,1.0,0.17389999330043793,0.18289999663829803
688585,sa1172135,Andy Fisher,-0.006903732512631593,1.0,0.0,1.0
669085,sa3005397,Alex Scherff,-0.00690966165951862,1.0,0.0,1.0
700924,sa3018242,Frank Mozzicato,-0.006915055398924369,1.0,0.1754000037908554,0.1754000037908554
682200,sa3008043,Austin Drury,-0.006918228488961703,1.0,0.0,1.0
502578,11243,Aaron Barrett,-0.006919192105049078,1.0,0.0,1.0
687881,sa3023500,Kenten Egbert,-0.00692208725288662,1.0,0.16140000522136688,0.24140000343322754
670721,sa921678,Kyle Johnson,-0.006927145427090139,1.0,0.0,1.0
692179,sa3021469,Thomas Ireland,-0.006928429120543137,1.0,0.15049999952316284,0.29249998927116394
805363,sa3022874,Chris Clark,-0.006932640519094285,1.0,0.1754000037908554,0.1754000037908554
676362,sa3009985,Gabriel Ponce,-0.0069383206777493605,1.0,0.0,1.0
690320,sa3017722,Marc Davis,-0.0069428738760071345,1.0,0.17229999601840973,0.19030000269412994
592527,10835,Michael Mariot,-0.006943970391518985,1.0,0.0,1.0
679892,sa3006145,Emilio Marquez,-0.006944479475232066,1.0,0.0,1.0
663870,sa3010558,Nick Ernst,-0.006968203519369956,1.0,0.0,1.0
702885,sa3019248,Cesar Perdomo,-0.00696981929068712,1.0,0.12349999696016312,0.4194999933242798
689713,sa3018250,Jack Hartman,-0.006976586582500195,1.0,0.0,1.0
649144,19845,Alex Wells,-0.006977618395455132,1.0,0.0,1.0
686651,25650,Levi Stoudt,-0.006977795497598736,1.0,0.11879999935626984,0.44179999828338623
694753,33865,Khristian Curtis,-0.006977966822801488,1.0,0.1712000072002411,0.19519999623298645
800338,sa3019153,Franklin Gómez,-0.006980292787775953,1.0,0.16140000522136688,0.24140000343322754
592761,14875,Caleb Smith,-0.006981677704710061,1.0,0.0024999999441206455,0.9884999990463257
677353,sa3017304,Patrick Wicklander,-0.006984649767118413,1.0,0.0,1.0
678493,sa3005437,Jhosmer Alvarez,-0.006994892574971536,1.0,0.0,1.0
692369,sa3015092,José Davila,-0.006995377952281057,1.0,0.17389999330043793,0.18289999663829803
702465,sa3017616,Ryan Long,-0.007000186794804268,1.0,0.1459999978542328,0.3140000104904175
681145,sa3010789,Cayne Ueckert,-0.007002986364366852,1.0,0.0,1.0
670057,19480,Ryan Hartman,-0.007010269761028471,1.0,0.0,1.0
702300,sa3017993,Johnathan Lavallee,-0.007011116484917004,1.0,0.0,1.0
658369,sa830644,Malvin Pena,-0.0070113919791271245,1.0,0.0,1.0
676666,sa3005029,Matt Turner,-0.0070115840889166375,1.0,0.0,1.0
685001,sa3017307,Chandler Jozwiak,-0.007021533283566013,1.0,0.0364999994635582,0.828499972820282
669435,sa3010119,Mitchell Kilkenny,-0.007022566438123873,1.0,0.0,1.0
678258,sa3006541,Jerson Ramirez,-0.007022815916218325,1.0,0.0,1.0
573046,13442,Mike Morin,-0.0070461662200055585,1.0,0.0,1.0
663674,sa3007460,Mason Fox,-0.007048551725866213,1.0,0.0,1.0
621016,17701,Jose Cuas,-0.007050724262932949,10.0,0.0,10.0
598287,12800,Noé Ramirez,-0.007059598362868667,1.0,0.0,1.0
805074,sa3018367,Yunior Marte,-0.007064387973871085,1.0,0.17159999907016754,0.19359999895095825
685290,sa3023203,Diego Barrera,-0.007080909390912597,1.0,0.005400000140070915,0.974399983882904
806265,sa3023513,Blake Wolters,-0.007089540025551874,1.0,0.1754000037908554,0.1754000037908554
701053,sa3023477,Carter Spivey,-0.007096246247692117,1.0,0.1754000037908554,0.1754000037908554
683000,31953,Riley Cornelio,-0.007098673064286945,1.0,0.1754000037908554,0.1754000037908554
700794,sa3017724,Frankie Scalzo Jr.,-0.007102076181907905,1.0,0.0,1.0
667478,27536,Evan Kravetz,-0.007105351393624532,1.0,0.0,1.0
646243,sa829086,Yoan Aybar,-0.007106172110038976,1.0,0.0,1.0
663823,sa918926,Troy Bacon,-0.007119425645013562,1.0,0.032499998807907104,0.8475000262260437
605446,14509,Dereck Rodríguez,-0.007120356580623904,1.0,0.0,1.0
681294,sa3020525,Max Alba,-0.007121537731115194,1.0,0.051600001752376556,0.7576000094413757
804670,sa3023449,Ryan Birchard,-0.007134971036105478,1.0,0.17000000178813934,0.20100000500679016
663443,sa3014781,Luke Shilling,-0.007137585372458211,1.0,0.013199999928474426,0.9381999969482422
691005,sa3014543,Liam Norris,-0.007137587667515245,1.0,0.06350000202655792,0.7014999985694885
682623,sa3011608,Starlyn Castillo,-0.007140827664330819,1.0,0.1704999953508377,0.19850000739097595
701240,sa3017206,Ethan Routzahn,-0.0071456097612688846,1.0,0.0,1.0
663537,sa3015032,Jon Olsen,-0.007147087234586728,1.0,0.07119999825954437,0.6651999950408936
693388,sa3014808,Shohei Tomioka,-0.007150313232632538,1.0,0.0,1.0
701539,sa3017262,Eric Torres,-0.007174582430786365,1.0,0.0,1.0
592135,13360,Cam Bedrosian,-0.007176420799135226,1.0,0.008799999952316284,0.9588000178337097
811304,sa3023008,Jake Peppers,-0.007186180381278504,1.0,0.1754000037908554,0.1754000037908554
621082,19785,Jake Lemoine,-0.00718763361336624,1.0,0.0,1.0
670393,sa918551,Dylan Bice,-0.007196554988744694,1.0,0.031599998474121094,0.8515999913215637
702965,sa3023613,Hiro Wyatt,-0.007205246799209434,1.0,0.16580000519752502,0.2207999974489212
686544,sa3011640,Nestor Lorant,-0.007207497058069029,1.0,0.12319999933242798,0.4212000072002411
676047,sa3004702,Osvaldo Berrios,-0.007211282088785903,1.0,0.0,1.0
694674,sa3018799,Antonio Menendez,-0.007211440340637522,1.0,0.0,1.0
663681,sa3010236,Jarod Bayless,-0.007213249484989937,1.0,0.0,1.0
647179,sa3008020,Michael Brettell,-0.007214616298477764,1.0,0.0,1.0
647306,sa3008096,Ben Onyshko,-0.007217005080831993,1.0,0.0,1.0
682106,sa3007261,Austin Briggs,-0.007227652906446376,1.0,0.04190000146627426,0.8029000163078308
607216,13707,Joey Krehbiel,-0.007228995990959831,1.0,0.0,1.0
676221,sa3004462,Jorge Benitez,-0.00722965844728513,1.0,0.0,1.0
665854,21728,Luis Oviedo,-0.0072302368712908825,1.0,0.006000000052154064,0.972000002861023
656279,sa3011363,Hansen Butler,-0.007230558223450574,1.0,0.0,1.0
674384,23162,Eduarniel Núñez,-0.007244065930686386,1.0,0.0,1.0
670219,27585,Zac Kristofak,-0.007244613369813227,1.0,0.0,1.0
808247,sa3021008,Samuel Sanchez,-0.007247613230795754,1.0,0.16529999673366547,0.2232999950647354
694394,sa3017818,Cullen Kafka,-0.007251895215635257,1.0,0.1143999993801117,0.46239998936653137
804526,sa3021476,Nolan Perry,-0.007251979047190456,1.0,0.1754000037908554,0.1754000037908554
699223,sa3016510,Patricio Aquino,-0.007253262888047585,1.0,0.1460999995470047,0.31310001015663147
641625,sa3004127,Jordan Gore,-0.00726632833615054,1.0,0.0,1.0
545343,13259,Louis Head,-0.007272602134951127,1.0,0.0,1.0
690501,sa3017365,Tyler Eckberg,-0.00728149700567992,1.0,0.0,1.0
674175,sa3011527,Houston Roth,-0.007284951860341134,1.0,0.0,1.0
679622,sa3020880,Ryan Langford,-0.007288810722713565,1.0,0.08630000054836273,0.5942999720573425
613317,16618,Kyle Bird,-0.007293985868301381,1.0,0.0,1.0
681902,sa3007613,Brad Case,-0.007301877746616945,1.0,0.04529999941587448,0.7872999906539917
687926,sa3011368,Zach Bryant,-0.007303199120852616,1.0,0.02810000069439411,0.8680999875068665
670426,20030,Phillip Diehl,-0.007320789402096293,1.0,0.0,1.0
692601,sa3015155,Erick Rodriguez,-0.007325633254585246,1.0,0.1754000037908554,0.1754000037908554
674287,sa3003132,Frainger Aranguren,-0.007337558821268855,1.0,0.039500001817941666,0.8144999742507935
670456,19548,JD Hammer,-0.007338232863496555,1.0,0.0,1.0
688703,sa3015149,Michael Brewer,-0.00734400369051711,1.0,0.0,1.0
641853,19814,David McKay,-0.007347517270574664,1.0,0.0,1.0
813536,sa3021570,Juan Valera,-0.00735364598930721,1.0,0.17069999873638153,0.19769999384880066
696505,sa3022944,Cory Wall,-0.007358584326843681,1.0,0.12210000306367874,0.4260999858379364
670401,sa918618,Tyree Thompson,-0.007360550861140617,1.0,0.037700001150369644,0.822700023651123
695465,sa3017505,Larson Kindreich,-0.00737545521757736,1.0,0.0,1.0
679702,sa3020316,Daniel Harper,-0.007376382864263777,1.0,0.0,1.0
666803,sa917415,Oliver Garcia,-0.007379640199009943,1.0,0.0,1.0
702903,sa3017106,Saul Garcia,-0.00738035821824451,1.0,0.14980000257492065,0.29580000042915344
684876,sa3010569,Adrian Florencio,-0.007387510299148636,1.0,0.16249999403953552,0.23649999499320984
689464,sa3015007,Shane Davis,-0.007395063505551644,1.0,0.17260000109672546,0.18860000371932983
669421,sa3007896,Dominic Pipkin,-0.0073970822765633696,1.0,0.0,1.0
666154,27488,Karl Kauffmann,-0.007404390274872644,1.0,0.06350000202655792,0.7014999985694885
660440,sa877574,Odalvi Javier,-0.0074092994946643,1.0,0.0,1.0
676026,sa3014854,Holden Powell,-0.007417518264202359,1.0,0.0,1.0
676012,sa3005026,Gerald Ogando,-0.007427205807087114,1.0,0.0,1.0
663770,21087,Demarcus Evans,-0.007435851243595262,1.0,0.0,1.0
571439,13401,R.J. Alvarez,-0.007440242195696548,1.0,0.0,1.0
681571,sa3018112,Davis Sharpe,-0.0074413588725711815,1.0,0.0,1.0
815794,sa3023601,Hyun-Seok Jang,-0.007444851493825157,1.0,0.16840000450611115,0.20839999616146088
677352,sa3017842,Chase Watkins,-0.00745361633040615,1.0,0.0,1.0
703420,sa3018025,Jorge Marcheco,-0.007453762737628234,1.0,0.1737000048160553,0.18369999527931213
700327,29318,Welinton Herrera,-0.007472070960323218,1.0,0.0,1.0
664082,sa857604,Michael Boyle,-0.007474447691662734,1.0,0.0,1.0
685097,sa3020802,Shaddon Peavyhouse,-0.007494454329628274,1.0,0.14069999754428864,0.33869999647140503
664346,sa871477,Carlos Guzman,-0.007495687330312671,1.0,0.0,1.0
641576,19561,Bernardo Flores Jr.,-0.007513241729627127,1.0,0.0,1.0
500610,8410,Deolis Guerra,-0.007519783654508644,1.0,0.0,1.0
695935,sa3014814,Vin Timpanelli,-0.007526808214099615,1.0,0.0,1.0
678288,sa3006110,Jeremy Molero,-0.007533330846790092,1.0,0.0,1.0
676220,19766,Seth Elledge,-0.00753337202341511,1.0,0.0,1.0
676883,sa3020464,Hayden Wynja,-0.007533480616277255,1.0,0.16349999606609344,0.23149999976158142
693725,sa3015464,Juan Nuñez,-0.0075363190933161565,1.0,0.1526000052690506,0.2825999855995178
687840,sa3010314,Trayson Kubo,-0.007536718421465058,1.0,0.0,1.0
519443,11428,Brandon Workman,-0.007543240157289119,1.0,0.0,1.0
800104,sa3019134,Luis Madrazo,-0.007552397472637652,1.0,0.0,1.0
612434,15684,Miguel Castro,-0.007558327689514773,24.0,0.0,24.0
695648,sa3017860,Micah Ottenbreit,-0.00756615371285127,1.0,0.1754000037908554,0.1754000037908554
672529,sa3002971,Yefri Del Rosario,-0.007570587409909927,1.0,0.0,1.0
669180,sa917989,Braeden Ogle,-0.007574264317799853,1.0,0.0414000004529953,0.805400013923645
596082,16209,Jake Reed,-0.007574977930072873,1.0,0.0,1.0
803183,sa3023673,Luke Fox,-0.0075867312493450995,1.0,0.17020000517368317,0.20020000636577606
703231,29891,James Meeker,-0.007593919350038041,1.0,0.0,1.0
669080,sa3018191,Russell Smith,-0.007596486782255149,1.0,0.02669999934732914,0.8747000098228455
691548,27407,Rolddy Muñoz,-0.007603158386562075,17.0,0.0,17.0
696280,sa3023524,Alonzo Tredwell,-0.007610793802403347,1.0,0.16820000112056732,0.20919999480247498
677040,sa3014856,Scott Kobos,-0.0076158710529887685,1.0,0.0,1.0
689095,sa3018172,Jordan Jackson,-0.007616450981463598,1.0,0.12530000507831573,0.41130000352859497
681753,sa3006177,Adrian Hernandez,-0.0076169990261468565,1.0,0.0,1.0
807756,sa3020989,Edgar Moreta,-0.007619123513353657,1.0,0.15790000557899475,0.2578999996185303
674375,sa3002812,Dayeison Arias,-0.0076192555974982255,1.0,0.0,1.0
656349,sa3008127,Brett Daniels,-0.0076195863235514775,1.0,0.043299999088048935,0.7962999939918518
695294,sa3017204,Tommy McCollum,-0.007623931273842666,1.0,0.0,1.0
672432,sa3002947,Jol Concepcion,-0.007627157678837569,1.0,0.0,1.0
684516,sa3009629,Hancel Rincon,-0.007632857823558679,1.0,0.1754000037908554,0.1754000037908554
660751,sa873328,Gregori Vasquez,-0.007646395868057897,1.0,0.0,1.0
687498,sa3010665,Brian Marconi,-0.007649963140108055,1.0,0.015399999916553497,0.9273999929428101
696263,sa3018229,Tyler Thornton,-0.0076650854909598685,1.0,0.0,1.0
701617,sa3020568,Ian Koenig,-0.007665783133274741,1.0,0.1728000044822693,0.18780000507831573
674429,sa3014853,Cam Opp,-0.007667044537736797,1.0,0.0,1.0
667414,sa3011417,Cody Scroggins,-0.0076909998194795125,1.0,0.0,1.0
677915,sa3007598,Dario Gardea,-0.007695318123827713,1.0,0.0,1.0
592831,14655,Konner Wade,-0.007709309381139531,1.0,0.0,1.0
800611,sa3022945,Noble Meyer,-0.007711534562760428,1.0,0.17350000143051147,0.18449999392032623
673912,sa3006763,J.T. Hintzen,-0.007714269146220417,1.0,0.0210999995470047,0.9010999798774719
671600,sa3020376,Jaycob Deese,-0.007726950776505487,1.0,0.03880000114440918,0.817799985408783
693473,sa3016910,Caleb Wurster,-0.007727749755000876,1.0,0.05249999836087227,0.7534999847412109
679062,sa3014792,Jonathan Sprinkle,-0.007743923119919216,1.0,0.0,1.0
694657,sa3017366,Deylen Miley,-0.007745895869474872,1.0,0.14810000360012054,0.30410000681877136
681930,sa3006771,Shelby Lackey,-0.00774743348248691,1.0,0.0,1.0
685008,sa1169633,Kasey Kalich,-0.007748686989681847,1.0,0.0,1.0
681085,sa3007932,Calvin Coker,-0.007768626823288714,1.0,0.0,1.0
623485,15139,Ashton Goudeau,-0.007770098224469284,1.0,0.0,1.0
679863,sa3010127,Andrew Gross,-0.0077812586350950105,1.0,0.03909999877214432,0.816100001335144
808207,sa3020878,Wen-Hui Pan,-0.007782693561226985,1.0,0.08879999816417694,0.5827999711036682
698965,sa3016018,Gerelmi Maldonado,-0.00779556329020777,1.0,0.16910000145435333,0.20509999990463257
687956,sa3010827,Carlos A. Francisco,-0.007802432970630148,1.0,0.019500000402331352,0.9085000157356262
681875,sa3007809,Theo McDowell,-0.007808002454770236,1.0,0.0,1.0
678287,sa3006815,Alejandro Melean,-0.00780837750997117,1.0,0.0,1.0
643357,sa738501,Ben Hecht,-0.007808377930389392,1.0,0.0,1.0
669142,sa3014451,Tanner Burns,-0.007815377727656015,1.0,0.0,1.0
679033,sa3005452,Juan Zapata,-0.007827021195381851,1.0,0.0982000008225441,0.5382000207901001
453178,6986,Ian Kennedy,-0.00782728970842313,1.0,0.0,1.0
702584,sa3020864,Isaiah Lowe,-0.007836852350027255,1.0,0.16859999299049377,0.20759999752044678
691171,sa3011349,Manuel Veloz,-0.007839439280669143,1.0,0.0729999989271164,0.6570000052452087
668665,19545,Stephen Nogosek,-0.007844491037344702,1.0,0.0,1.0
670081,sa918353,Scott Engler,-0.007849630601608523,1.0,0.0,1.0
702548,sa3020708,Brock Porter,-0.007864720403797768,1.0,0.17090000212192535,0.19689999520778656
594985,10983,Ben Rowen,-0.007867186736654472,1.0,0.0,1.0
678725,sa3006494,Franny Cobos,-0.007869443925598265,1.0,0.0,1.0
678654,sa3006491,Kelvin Bautista,-0.007881508547262644,1.0,0.0,1.0
681449,sa3020589,Brandon White,-0.007883428821291422,1.0,0.1665000021457672,0.2175000011920929
674289,sa3003133,Manuel Cachutt,-0.007896020606696435,1.0,0.06679999828338623,0.6858000159263611
680632,sa3008330,Rafael Marcano,-0.007904921472295346,1.0,0.01979999989271164,0.9067999720573425
668857,sa3010647,Dante Biasi,-0.007910554025632765,1.0,0.05490000173449516,0.7419000267982483
664301,sa874818,Wandisson Charles,-0.007914705213498296,1.0,0.0,1.0
607219,13690,Sal Romano,-0.007915959034104792,1.0,0.0,1.0
811229,sa3021562,Ubert Mejias,-0.007919515588322934,1.0,0.17260000109672546,0.18860000371932983
670381,sa3011477,Fred Villarreal,-0.007921528671008654,1.0,0.0,1.0
681989,sa3010567,Dalton Roach,-0.00793215644861291,1.0,0.0,1.0
686763,sa3011199,Gunner Mayer,-0.007933895810323536,1.0,0.0,1.0
665963,sa918121,Henry Henry,-0.00794454258163672,1.0,0.0,1.0
621259,17748,Brody Koerner,-0.007947301506642636,1.0,0.0,1.0
595465,12237,Dan Winkler,-0.007950184753182892,1.0,0.0,1.0
694375,sa3023039,TJ Nichols,-0.007960526362963042,1.0,0.16599999368190765,0.2199999988079071
696062,28901,Wilber Dotel,-0.00797035970380962,1.0,0.1754000037908554,0.1754000037908554
669618,22296,Joe Barlow,-0.00797102015169881,1.0,0.0,1.0
596035,19311,Reggie McClain,-0.007972249716032501,1.0,0.0,1.0
689242,sa3015006,Nick Krauth,-0.007976032881535791,1.0,0.15279999375343323,0.2818000018596649
681603,sa3006590,Carlos Garcia,-0.007977355340064014,1.0,0.07320000231266022,0.6561999917030334
641703,16466,Brent Honeywell,-0.00797881026830625,1.0,0.010700000450015068,0.9496999979019165
805175,sa3019637,Davis Polo,-0.00798730551922106,1.0,0.16699999570846558,0.2150000035762787
656620,19881,Gabe Klobosits,-0.007999828717607411,1.0,0.0,1.0
703596,sa3020659,Karson Milbrandt,-0.00800092785090393,1.0,0.1754000037908554,0.1754000037908554
699008,29000,Antwone Kelly,-0.008004132029073043,1.0,0.1704999953508377,0.19850000739097595
664324,sa873694,Luis Moncada,-0.008004150457578317,1.0,0.12160000205039978,0.428600013256073
686646,sa3015928,Oswald Medina,-0.00800684790041613,1.0,0.1754000037908554,0.1754000037908554
683272,sa3020471,Eli Saul,-0.008008746810841556,1.0,0.0,1.0
607560,12680,Ryne Harper,-0.008019636531801643,1.0,0.0,1.0
677066,sa3017256,Matt Russell,-0.008021640778577982,1.0,0.0,1.0
701261,sa3020958,Bryan Chi,-0.008032318346356126,1.0,0.04390000179409981,0.7939000129699707
620445,17821,José Mujica,-0.008054947272258228,1.0,0.0,1.0
680652,sa3007903,Rainiery Rodriguez,-0.008067696446455984,1.0,0.16089999675750732,0.24390000104904175
669100,sa3011337,Will Ethridge,-0.008078097458098985,1.0,0.027899999171495438,0.8689000010490417
700712,29357,Walbert Ureña,-0.008083470863348284,1.0,0.1754000037908554,0.1754000037908554
681544,sa3017539,Wyatt Olds,-0.008094667952910457,1.0,0.019300000742077827,0.9093000292778015
691669,sa3011682,Gabriel Sosa,-0.00809655092185729,1.0,0.0,1.0
673395,sa3003106,Carlos Romero,-0.008097618944679206,1.0,0.0,1.0
689968,sa3011538,Nick Richmond,-0.008116200011530794,1.0,0.0,1.0
692271,sa3015304,Jose Luis Reyes,-0.008117168064645897,1.0,0.16089999675750732,0.24390000104904175
667652,sa3011296,Jack Ralston,-0.008139017435721766,1.0,0.0,1.0
694356,sa3014501,Nick Garcia,-0.008140613008599494,1.0,0.0,1.0
687352,sa3010625,Grant Ford,-0.008143400601729939,1.0,0.04089999943971634,0.8079000115394592
656937,sa829573,Tyler Schimpf,-0.008144224673430919,1.0,0.0,1.0
820901,sa3024232,Anderson Brito,-0.008145617827871229,1.0,0.1535000056028366,0.2784999907016754
678804,sa3006383,José Cruz,-0.008168037579834045,1.0,0.0,1.0
676424,20312,Alec Bettinger,-0.008168233675743274,1.0,0.07020000368356705,0.670199990272522
676444,sa3017534,Conor Grady,-0.00817073804468385,1.0,0.156700000166893,0.263700008392334
693732,sa3015983,Estibenzon Jimenez,-0.008181345589924092,1.0,0.14790000021457672,0.30489999055862427
642575,sa736656,Gerson Moreno,-0.008183255077144461,1.0,0.021400000900030136,0.899399995803833
679857,sa3017536,Carlos Tavera,-0.008185333156611055,1.0,0.12020000070333481,0.4352000057697296
673258,20100,Michel Baez,-0.008188480260476654,1.0,0.0,1.0
681592,sa3007244,Edgar Escobar,-0.0081922873563777,1.0,0.11580000072717667,0.45579999685287476
803024,sa3023098,Josh Timmerman,-0.008200166365605518,1.0,0.16300000250339508,0.23399999737739563
669704,26191,Kade Strowd,-0.008214459360992868,23.0,0.0,23.0
678899,sa3006544,Brayan Castillo,-0.008220290962411734,1.0,0.0,1.0
696516,sa3020623,Cole Patten,-0.008233169298764366,1.0,0.12250000238418579,0.4244999885559082
690568,sa3019882,Wyatt Wendell,-0.008234488212650506,1.0,0.1460999995470047,0.31310001015663147
657744,sa829753,Keith Rogalla,-0.008246361647652273,1.0,0.0,1.0
678843,sa3005694,Luis Devers,-0.00825507928697171,1.0,0.08699999749660492,0.5910000205039978
701764,sa3023201,Cam Day,-0.008260192586426829,1.0,0.156700000166893,0.263700008392334
814783,sa3022742,Casey Anderson,-0.008289050973299168,1.0,0.1754000037908554,0.1754000037908554
687905,sa3011367,Taylor Floyd,-0.008296022136856613,1.0,0.018200000748038292,0.9142000079154968
489265,9817,Sergio Romo,-0.008298956618360075,1.0,0.0,1.0
691013,sa3022856,Jason Savacool,-0.008299175480507327,1.0,0.1656000018119812,0.2215999960899353
657252,sa829632,Brady Puckett,-0.008300368951861026,1.0,0.0,1.0
701241,sa3022857,Josh Bostick,-0.008313909818318579,1.0,0.17110000550746918,0.19609999656677246
801412,sa3020709,Will Mabrey,-0.008318803985154685,1.0,0.0,1.0
682019,sa3007617,Daiveyon Whittle,-0.008319717754192286,1.0,0.16249999403953552,0.23649999499320984
681501,sa3007240,Chavez Fernander,-0.008334255771521543,1.0,0.0,1.0
670048,sa918110,Tai Tiedemann,-0.0083455549230502,1.0,0.0478999987244606,0.7749000191688538
681958,sa3007252,Devin Conn,-0.008348859689143565,1.0,0.0,1.0
805472,sa3019556,Elvis Soto,-0.008356312958083962,1.0,0.16910000145435333,0.20509999990463257
687630,sa3017464,Donovan Benoit,-0.008356784553389344,1.0,0.0,1.0
518464,sa526934,Seth Blair,-0.008367155831095215,1.0,0.060499999672174454,0.715499997138977
691711,sa3016204,Jawilme Ramírez,-0.008374269211881006,1.0,0.08980000019073486,0.5777999758720398
694518,sa3017071,Austin Smith,-0.008397051335530672,1.0,0.013000000268220901,0.9390000104904175
700380,sa3020837,Joshua Loeschorn,-0.008421173795471843,1.0,0.05139999836683273,0.758400022983551
641501,15126,Tyler Danish,-0.008441110861645071,1.0,0.0,1.0
678409,sa3005687,Bryan Caceres,-0.008441577017010555,1.0,0.17110000550746918,0.19609999656677246
685464,sa3020805,Cade Winquest,-0.008458811687868325,1.0,0.10320000350475311,0.5152000188827515
684483,sa3011139,Daniel Juarez,-0.00847317320319967,1.0,0.0,1.0
676464,sa3014542,Nick Swiney,-0.00847353977911618,1.0,0.03579999879002571,0.8317999839782715
699230,sa3015498,Lorenzo Encarnacion,-0.008474868689934667,1.0,0.1754000037908554,0.1754000037908554
700245,sa3017786,Bryce McGowan,-0.008480296258217685,1.0,0.0,1.0
673316,19609,Luke Barker,-0.008490548723270899,1.0,0.0,1.0
642028,18510,Josh Rogers,-0.008501492802915072,1.0,0.0,1.0
676114,sa3017255,Hugh Fisher,-0.008505234353491134,1.0,0.0,1.0
800213,sa3019518,Hung-Leng Chang,-0.008517923084005357,1.0,0.16369999945163727,0.23070000112056732
672550,sa3002980,Danis Correa,-0.008519790007747934,1.0,0.010900000110268593,0.9488999843597412
689620,sa3011421,Orlando Rodriguez,-0.008520327642762273,1.0,0.13699999451637268,0.35600000619888306
678714,sa3008533,Over Galue,-0.00852074813292741,1.0,0.12530000507831573,0.41130000352859497
686974,sa3018094,Vince Vannelle,-0.008525749771453345,1.0,0.01679999940097332,0.920799970626831
678478,sa3005826,Jorge Juan,-0.008537942137163029,1.0,0.0,1.0
680640,sa3006410,Carlos Meza,-0.008542156969373644,1.0,0.0,1.0
800260,sa3019377,Anthony Flores,-0.008551594255531099,1.0,0.1298000067472458,0.3898000121116638
815780,sa3023258,Shane Rademacher,-0.008552502871642779,1.0,0.1137000024318695,0.4657000005245209
667427,19493,Zach Jackson,-0.008561672951643359,1.0,0.0,1.0
683726,sa1171936,Pedro Santos,-0.008578091811943866,1.0,0.0,1.0
694766,sa3023442,Wyatt Hudepohl,-0.008578299515245,1.0,0.1704999953508377,0.19850000739097595
669734,sa918421,Dakody Clemmer,-0.008595263107341742,1.0,0.0,1.0
687114,sa3020323,Bryce Hubbart,-0.008606988843538608,1.0,0.14399999380111694,0.3230000138282776
674555,sa3002816,Kelvin Nunez,-0.008607948009811106,1.0,0.0746999979019165,0.6486999988555908
687919,sa3010141,Garrett Leonard,-0.008609140063736124,1.0,0.03319999948143959,0.8442000150680542
664691,sa3010238,Garvin Alston,-0.008613478803347676,1.0,0.0,1.0
686679,sa3010812,Dylan Spacke,-0.008622064542871864,1.0,0.0,1.0
593833,15855,Wander Suero,-0.008629295691247483,1.0,0.0,1.0
656422,sa829399,Cre Finfrock,-0.008636968255116135,1.0,0.0,1.0
690407,sa3011252,Dalton Stambaugh,-0.008647257322029651,1.0,0.0,1.0
680940,sa3007235,Robert Broom,-0.008652409047212517,1.0,0.0,1.0
685344,sa3017272,Noah Owen,-0.008653750894413585,1.0,0.0,1.0
605541,12586,Mike Wright Jr.,-0.008655002180039317,1.0,0.0,1.0
808308,sa3021525,Enniel Cortez,-0.008664712692556732,1.0,0.1688999980688095,0.20589999854564667
800007,sa3019130,Cristian Nunez,-0.00866731180474109,1.0,0.15880000591278076,0.25380000472068787
677916,sa3005379,Gerardo Gutierrez,-0.00867203158531955,1.0,0.0,1.0
687243,sa3020258,Cole Kirschsieper,-0.008684215304779324,1.0,0.156700000166893,0.263700008392334
664856,18135,Chance Adams,-0.008696451603138661,1.0,0.0,1.0
673965,26255,Caleb Freeman,-0.008702305011592535,1.0,0.0,1.0
688125,sa3017134,Dylan Spain,-0.008710730462467111,1.0,0.0,1.0
804992,sa3021478,Ben Brutti,-0.00872359861669318,1.0,0.15539999306201935,0.2694000005722046
681004,sa3017887,Jack Carey,-0.008730367721445595,1.0,0.0,1.0
682944,sa3010246,Tyrone Yulie,-0.008761248350894892,1.0,0.1754000037908554,0.1754000037908554
670247,sa3014788,Ty Weber,-0.008773166906670812,1.0,0.040699999779462814,0.8087000250816345
815048,sa3023010,Josh Trentadue,-0.00878136823899907,1.0,0.12530000507831573,0.41130000352859497
670550,22449,Nivaldo Rodriguez,-0.0087824066332972,1.0,0.0,1.0
683177,sa3019951,Jared Southard,-0.008788756866348392,1.0,0.0,1.0
802192,sa3019395,Daniel Corniel,-0.0088040156222151,1.0,0.1754000037908554,0.1754000037908554
808666,sa3021019,Eccel Correa,-0.008806395606612883,1.0,0.15700000524520874,0.2619999945163727
691017,sa3022941,Travis Sthele,-0.008806817772234238,1.0,0.1720999926328659,0.19110000133514404
650378,sa828239,Ofelky Peralta,-0.008810692524682124,1.0,0.019600000232458115,0.9075999855995178
700167,sa3016613,Bryan Mena,-0.008814054327244534,1.0,0.15559999644756317,0.2685999870300293
607359,12361,Spencer Patton,-0.008825400671374897,1.0,0.0,1.0
691196,sa3011152,Josh Hejka,-0.008830015163058768,1.0,0.0,1.0
663670,sa3014908,Jonathan Hughes,-0.008831765200667117,1.0,0.0,1.0
679304,sa3007473,Reid Birlingmair,-0.008832092738144006,1.0,0.0,1.0
700649,sa3016066,Henry Lalane,-0.008834988135314602,1.0,0.1518000066280365,0.28679999709129333
608328,15036,Chase De Jong,-0.008842199862997408,1.0,0.0,1.0
692486,sa3016218,Cristopher Castro,-0.00886345518364842,1.0,0.16210000216960907,0.23810000717639923
669001,sa3011493,J.C. Flowers,-0.008898478084624963,1.0,0.027899999171495438,0.8689000010490417
458708,9388,Josh Tomlin,-0.008907301892826708,1.0,0.0,1.0
676089,sa3004337,Alex Mauricio,-0.008914521171033155,1.0,0.0,1.0
660756,sa873729,Eury Ramos,-0.008917158489481153,1.0,0.0,1.0
594986,11753,Kyle Ryan,-0.00891919239955969,1.0,0.0,1.0
656548,20631,Jordan Holloway,-0.008925577113742884,1.0,0.0,1.0
681803,sa3007611,Trey Riley,-0.008942728765605779,1.0,0.0,1.0
488748,9456,Ryan Buchter,-0.008951114094304984,1.0,0.0,1.0
801739,sa3019390,Carlos Lagrange,-0.008956672403535123,1.0,0.1720999926328659,0.19110000133514404
690370,sa3011815,Tyler Schlaffer,-0.008957137816580609,1.0,0.16249999403953552,0.23649999499320984
666121,sa1054042,Tyler Baum,-0.00896226723109165,1.0,0.0,1.0
672285,sa3019879,Joey Lancellotti,-0.008963507310780203,1.0,0.0,1.0
695645,sa3017964,Drew Gray,-0.008971756056324874,1.0,0.1754000037908554,0.1754000037908554
687459,sa1170117,Michael YaSenka,-0.00898228395722617,1.0,0.0,1.0
685095,sa3017308,Alaska Abney,-0.008984317139381085,1.0,0.0,1.0
668719,sa3016839,Kenyon Yovan,-0.008990363552044914,1.0,0.0,1.0
642060,19357,Cody Sedlock,-0.008996175249972467,1.0,0.0,1.0
692350,sa3015441,Mikell Manzano,-0.008999515546287836,1.0,0.11509999632835388,0.45910000801086426
815298,sa3023066,Jacob Bresnahan,-0.009008549415113044,1.0,0.1754000037908554,0.1754000037908554
687095,sa3017593,Jake Rice,-0.00901029264734328,1.0,0.0,1.0
681458,sa3011636,Yosber Sanchez,-0.009046104297939258,1.0,0.0,1.0
680622,sa3006699,Carlos Gomez,-0.009047371802206482,1.0,0.0,1.0
623470,15136,Jake Newberry,-0.009064266505746977,1.0,0.0,1.0
681289,sa3022238,Tanner Kohlhepp,-0.00907105507093922,1.0,0.017500000074505806,0.9175000190734863
800324,sa3019269,Luis Cohen,-0.009071332919336057,1.0,0.17389999330043793,0.18289999663829803
669434,sa3014698,Stevie Emanuels,-0.0090740173676213,1.0,0.0,1.0
805272,sa3020819,Luke Young,-0.009074508448854691,1.0,0.1526000052690506,0.2825999855995178
695556,sa3018257,Shane Panzini,-0.009079269292006501,1.0,0.13950000703334808,0.34450000524520874
702431,sa3019048,Juan Amarante,-0.009088696392974717,1.0,0.1460999995470047,0.31310001015663147
594965,16110,Daniel Ponce de Leon,-0.009089843961230686,1.0,0.0333000011742115,0.8432999849319458
691341,sa3015386,Edgar Portes,-0.009095387135026597,1.0,0.14810000360012054,0.30410000681877136
691526,sa3011500,Spencer Stockton,-0.009096681478917366,1.0,0.0,1.0
681322,sa3008101,Regi Grace,-0.009108570552425145,1.0,0.0,1.0
804665,sa3020482,Jack Noble,-0.009115541858877835,1.0,0.022099999710917473,0.8960999846458435
703417,sa3019562,Yanquiel Sanchez,-0.009117065458753905,1.0,0.1137000024318695,0.4657000005245209
642068,19682,Jordan Sheffield,-0.009124713101614229,1.0,0.0,1.0
682994,sa3023559,Chris Villaman,-0.009125000827284055,1.0,0.15600000321865082,0.2669999897480011
663302,sa3020733,John Murphy,-0.009125269415841068,1.0,0.0,1.0
669697,sa3010782,Andrew Schultz,-0.009127430698676326,1.0,0.0,1.0
676907,sa3014918,Billy Sullivan,-0.009134974015058335,1.0,0.0,1.0
683740,sa1116003,Ricky DeVito,-0.009135923102023174,1.0,0.0,1.0
811309,sa3023526,Bishop Letson,-0.009164876339847654,1.0,0.1704999953508377,0.19850000739097595
702484,sa3020899,Jackson Cox,-0.009208625108954352,1.0,0.17159999907016754,0.19359999895095825
572125,13397,Sam Selman,-0.009208930298417467,1.0,0.0,1.0
673231,sa3003066,Tahnaj Thomas,-0.009213326562833779,1.0,0.021900000050663948,0.8968999981880188
677946,sa3017779,Ben Harris,-0.009215998688955064,1.0,0.0,1.0
650994,sa828600,Juan Nunez,-0.009227200577046813,1.0,0.0,1.0
807697,sa3022113,Jervis Alfaro,-0.009233987983966657,1.0,0.16179999709129333,0.23980000615119934
681147,sa3011237,Jake Cantleberry,-0.00927687398901323,1.0,0.0,1.0
800344,sa3019270,Sean Paul Liñan,-0.009285179006128881,1.0,0.11540000140666962,0.45739999413490295
702471,sa3017392,Hunter Dula,-0.009287566512223492,1.0,0.0,1.0
695327,sa3019113,Dylan Heid,-0.009293221503883963,1.0,0.0,1.0
690216,sa3017198,Parker Harm,-0.009307900839108868,1.0,0.0,1.0
683848,sa3009247,Julio Goff,-0.009307998667746205,1.0,0.16040000319480896,0.24639999866485596
681459,sa3006702,Jose Ramirez,-0.009310444774986585,1.0,0.07460000365972519,0.6496000289916992
688857,sa3014866,Stevie Branche,-0.009338301886614659,1.0,0.0,1.0
642233,15538,Eric Yardley,-0.009361570824769587,1.0,0.0,1.0
815064,sa3023531,Trennor O'Donnell,-0.009365022489202067,1.0,0.11959999799728394,0.4375999867916107
800395,sa3019461,Nicolas Cruz,-0.009366392293123239,1.0,0.07609999924898148,0.6420999765396118
592233,16058,Stefan Crichton,-0.009380638921621788,1.0,0.0,1.0
801384,sa3019280,Walin Castillo,-0.009381183660301601,1.0,0.16509999334812164,0.2240999937057495
804582,sa3023006,Garrett McMillan,-0.00938396690365155,1.0,0.05820000171661377,0.7261999845504761
694366,sa3023065,Mikey Tepper,-0.009402408284616071,1.0,0.0868000015616417,0.5917999744415283
694933,sa3023414,Ross Dunn,-0.009418183018305446,1.0,0.16910000145435333,0.20509999990463257
672353,sa3005188,Michell Miliano,-0.009420614732418542,1.0,0.0,1.0
660546,20218,Yennsy Díaz,-0.00943033176781832,1.0,0.0,1.0
700179,sa3023200,Connor Oliver,-0.009435767516569079,1.0,0.1316000074148178,0.3815999925136566
674022,sa3017193,Jason Ruffcorn,-0.009449414494209477,1.0,0.0,1.0
657766,16850,Locke St. John,-0.00948178142215342,1.0,0.0,1.0
678620,sa3010125,Blake Townsend,-0.009493527633852618,1.0,0.0,1.0
808323,sa3022239,Keeler Morfe,-0.009498446385003396,1.0,0.1754000037908554,0.1754000037908554
806303,sa3020600,Zach Jacobs,-0.009507582511101205,1.0,0.0812000036239624,0.6182000041007996
682684,sa3009713,Carlos Calderon,-0.009510048390366623,1.0,0.13840000331401825,0.34940001368522644
807314,sa3023629,Trevor Harrison,-0.009511303051743676,1.0,0.17329999804496765,0.18529999256134033
679056,sa3017131,Conor Dryer,-0.009514193687829306,1.0,0.051600001752376556,0.7576000094413757
811291,sa3023514,Eriq Swan,-0.009521452592745791,1.0,0.16120000183582306,0.24220000207424164
699707,sa3015502,Danyony Pulido,-0.009528691829187034,1.0,0.1687999963760376,0.20679999887943268
807398,sa3021740,Julio  Marte,-0.00953168924210625,1.0,0.14839999377727509,0.30239999294281006
692020,sa3015100,Ruben Galindo,-0.009542626823532706,1.0,0.051600001752376556,0.7576000094413757
658305,19276,Edgar García,-0.009573455234905106,1.0,0.0,1.0
689167,25830,Jeff Lindgren,-0.00957970813271407,1.0,0.0,1.0
669419,sa3017498,Michael Hobbs,-0.009582054776168284,1.0,0.0,1.0
684967,sa3020253,Roel Garcia III,-0.0095893096164356,1.0,0.16110000014305115,0.24310000240802765
687187,sa3020953,Sebastian Keane,-0.009603253292232867,1.0,0.15299999713897705,0.2809999883174896
668720,sa3011334,Todd Peterson,-0.009608195029074519,1.0,0.03460000082850456,0.8375999927520752
690103,sa3017816,Chris Jefferson,-0.00961412143807,1.0,0.030400000512599945,0.8574000000953674
687817,sa3016941,Andrew Marrero,-0.009620918523991787,1.0,0.0,1.0
686449,sa3011727,Michael McAvene,-0.009623227296732055,1.0,0.0,1.0
695258,sa3017612,Kris Anglin,-0.009631189574315899,1.0,0.1606999933719635,0.24469999969005585
677643,sa3004867,Jose Betances,-0.009631480643107102,1.0,0.0,1.0
686957,sa3011743,Nick Lockhart,-0.009655864487787687,1.0,0.10209999978542328,0.5200999975204468
691094,25804,Randy Wynne,-0.00967884944280695,1.0,0.0,1.0
593144,13549,Richard Rodríguez,-0.009693911723182166,1.0,0.0,1.0
687271,sa3017099,Kasey Ford,-0.009729389178497366,1.0,0.0,1.0
678295,sa3006113,Israel Puello,-0.009741409640037989,1.0,0.1606999933719635,0.24469999969005585
694809,sa3017141,Alex Ayala Jr.,-0.009742052748288767,1.0,0.15860000252723694,0.25459998846054077
667465,22052,Aaron Fletcher,-0.009755018459394776,1.0,0.0,1.0
461325,5640,Tyler Clippard,-0.009755318998677504,1.0,0.0,1.0
804870,sa3019290,Ricardo Brizuela,-0.009771782408320396,1.0,0.14749999344348907,0.30649998784065247
687328,sa3020831,Luis Ramirez,-0.009773797495802816,1.0,0.0877000018954277,0.5877000093460083
808329,sa3021785,Melvin Hernandez,-0.00977701457896031,1.0,0.14190000295639038,0.3328999876976013
691721,sa3014471,Jared Kelley,-0.009777781671524804,1.0,0.0,1.0
675296,sa3020826,Hayden Merda,-0.009784238534109684,1.0,0.1737000048160553,0.18369999527931213
802083,sa3019521,Anthony Narvaez,-0.009786115870220035,1.0,0.15809999406337738,0.257099986076355
684875,sa3009631,Eudrys Manon,-0.009792525815743382,1.0,0.0,1.0
678743,sa3005445,Felix Cepeda,-0.009796900966519794,1.0,0.0,1.0
804973,sa3019291,Manuel Rodriguez,-0.009812060292263258,1.0,0.1754000037908554,0.1754000037908554
672552,22690,Jack O'Loughlin,-0.009816849880446381,11.0,0.0,11.0
668579,sa917136,Wilfredo Pereira,-0.009821525470939651,1.0,0.11349999904632568,0.46650001406669617
669648,sa1115967,John Doxakis,-0.009835278908490466,1.0,0.0,1.0
668878,sa3014848,Robbie Peto,-0.00983530632627267,1.0,0.09860000014305115,0.5365999937057495
679013,sa3015079,Sammy Tavarez,-0.00987878391107292,1.0,0.0,1.0
677334,sa3023271,T.J. Fondtain,-0.009899766105663354,1.0,0.07320000231266022,0.6561999917030334
681117,sa3019950,Evan Taylor,-0.009911659017429431,1.0,0.0,1.0
689937,sa3018263,Dillon Larsen,-0.009912334516784135,1.0,0.0348999984562397,0.8359000086784363
679560,sa3006398,Braunny Munoz,-0.009938131980238303,1.0,0.10700000077486038,0.4970000088214874
807208,sa3020822,Dannel Diaz,-0.009939928750693822,1.0,0.04610000178217888,0.7831000089645386
663883,sa3011554,Brooks Crawford,-0.009943994167049088,1.0,0.013700000010430813,0.935699999332428
643493,15290,Austin Pruitt,-0.009947112874954141,1.0,0.0,1.0
679777,sa3010303,Nick Mikolajchak,-0.009949936677786236,1.0,0.0,1.0
668595,sa917688,Christian Fernandez,-0.009964106190033253,1.0,0.11320000141859055,0.4681999981403351
665178,sa3010615,Randy Labaut,-0.009981102925558118,1.0,0.05490000173449516,0.7419000267982483
814460,sa3023553,Danny Kirwin,-0.009983447483876275,1.0,0.1096000000834465,0.4846000075340271
805418,sa3023279,Drew Conover,-0.009986022936771673,1.0,0.12890000641345978,0.3939000070095062
694647,sa3023509,Drew Dowd,-0.009997080343299707,1.0,0.17000000178813934,0.20100000500679016
663366,18873,Beau Burrows,-0.010005530087085603,1.0,0.03180000185966492,0.8507999777793884
676831,19731,Kodi Whitley,-0.010037799285846477,1.0,0.0,1.0
620396,19246,Miguel Aguilar,-0.010058335338988299,1.0,0.0,1.0
687868,sa3020176,Garrett Irvin,-0.010072308236540322,1.0,0.0,1.0
695297,sa3014812,Carson Rudd,-0.010073056799179221,1.0,0.0828000009059906,0.61080002784729
696063,sa3015310,Wilton Castillo,-0.010073878727030331,1.0,0.13699999451637268,0.35600000619888306
801479,sa3020183,Cooper McKeehan,-0.01008775317805418,1.0,0.0,1.0
643778,14974,Tyler Webb,-0.010090003210692167,1.0,0.0,1.0
672614,sa3002998,Naswell Paulino,-0.010103372404214701,1.0,0.0,1.0
642657,20667,Cristofer Ogando,-0.010104927232704801,1.0,0.0,1.0
700288,sa3016278,Juan Martinez,-0.010117094616712213,1.0,0.15039999783039093,0.29339998960494995
800153,sa3019136,Sadiel Baro,-0.010118230038131395,1.0,0.1428000032901764,0.3287999927997589
672866,sa3002796,Jose E. Martinez,-0.010126341420421906,1.0,0.024700000882148743,0.8837000131607056
800469,sa3019382,Bryan Rivera,-0.010140390088256125,1.0,0.15950000286102295,0.25049999356269836
689877,sa3011733,Ryan Harbin,-0.010151615208639891,1.0,0.009499999694526196,0.9555000066757202
694436,sa3017139,Samuel Strickland,-0.010165367132667006,1.0,0.0,1.0
813855,sa3022740,Carlton Perkins,-0.010170268496502967,1.0,0.1356000006198883,0.3625999987125397
678975,sa3009986,Nathanael Heredia,-0.010172983004162481,1.0,0.0,1.0
691014,sa3023565,Nate Savino,-0.010203413593127101,1.0,0.1728000044822693,0.18780000507831573
685045,sa3017133,Jesse Bergin,-0.010208931922317756,1.0,0.0,1.0
806010,sa3023082,Barrett Kent,-0.010240897957594268,1.0,0.1754000037908554,0.1754000037908554
800537,sa3018867,Christian Zazueta,-0.010256295830013295,1.0,0.12770000100135803,0.39969998598098755
660787,21420,Yerry De los Santos,-0.010260631695942346,34.0,0.0,34.0
694391,sa3017138,Austin Vernon,-0.010263635934375863,1.0,0.0,1.0
666156,sa917951,Reggie Lawson,-0.010264177216974356,1.0,0.0,1.0
690382,31501,Michael Darrell-Hicks,-0.010292348326880458,10.0,0.0,10.0
657581,sa829731,Will Gaddis,-0.010308774579795737,1.0,0.0,1.0
701685,sa3018801,Owen Kellington,-0.010309575669030934,1.0,0.16609999537467957,0.2190999984741211
703936,sa3019052,Kevin Valdez,-0.010341692310065017,1.0,0.15600000321865082,0.2669999897480011
805800,sa3023569,Zander Mueth,-0.01036369194184401,1.0,0.17350000143051147,0.18449999392032623
687216,sa3020256,Liam Simon,-0.010369287601903603,1.0,0.15039999783039093,0.29339998960494995
663477,sa3017382,Sheldon Reed,-0.010370607532371184,1.0,0.0,1.0
673394,sa3005332,Gabriel Yanez,-0.010388936621754353,1.0,0.0,1.0
815066,sa3023049,Kyle Scott,-0.010415433413785964,1.0,0.15000000596046448,0.29499998688697815
683165,sa3020857,Joseph King,-0.010416437220259355,1.0,0.0,1.0
800691,sa3023209,Chase Isbell,-0.010435476018205896,1.0,0.0,1.0
681579,sa3008333,Nick Thwaits,-0.010446113979063773,1.0,0.0,1.0
699276,sa3016267,Jose Olivares,-0.010455174635466054,1.0,0.1665000021457672,0.2175000011920929
683387,sa3009599,Yoscar Pimentel,-0.010463480361476271,1.0,0.1754000037908554,0.1754000037908554
700280,sa3015506,Miguel Mendez,-0.010473004731197732,1.0,0.17190000414848328,0.19189999997615814
702640,sa3020865,Tyler Gough,-0.010479032332268538,1.0,0.17389999330043793,0.18289999663829803
698989,sa3015488,Gabriel Agostini,-0.010484933875581403,1.0,0.1754000037908554,0.1754000037908554
675578,sa3015275,Myles Gayman,-0.010516117803754173,1.0,0.0,1.0
696091,sa3017422,Marino Santy,-0.010518053422740986,1.0,0.09459999948740005,0.5555999875068665
683733,sa3009494,Gabriel Aguilera,-0.010522232484035223,1.0,0.16279999911785126,0.23479999601840973
700177,sa3017861,Owen Holt,-0.010538720515023168,1.0,0.0,1.0
656927,sa3007456,Ricky Salinas,-0.010556384704652073,1.0,0.04490000009536743,0.7889000177383423
668687,20329,Andre Scrubb,-0.010579243488202474,1.0,0.0,1.0
814480,sa3023229,Harry Gustin,-0.010601697197235036,1.0,0.05119999870657921,0.7591999769210815
672570,sa3002988,Nathanael Perez Lopez,-0.010604157364158949,1.0,0.0982000008225441,0.5382000207901001
800124,sa3019135,David Lorduy,-0.010614691431945107,1.0,0.13349999487400055,0.3725000023841858
681313,sa3018171,Jake Miller,-0.010615323333035257,1.0,0.09489999711513519,0.5539000034332275
692576,sa3015452,Dualvert Gutierrez,-0.010651668172063903,1.0,0.15469999611377716,0.2727000117301941
685064,sa3018793,Dylan Burns,-0.010673567093446365,1.0,0.0568000003695488,0.7328000068664551
687308,sa3021724,Ryan Harvey,-0.010691747195856518,1.0,0.17190000414848328,0.19189999997615814
671960,sa3018192,Jordan Marks,-0.010697325966931024,1.0,0.0,1.0
669437,sa3009984,Jordan Jones,-0.010727998258581012,1.0,0.0364999994635582,0.828499972820282
669668,sa3010365,Cameron Junker,-0.010737614558094776,1.0,0.0,1.0
676660,23425,Jared Solomon,-0.010745353139706731,1.0,0.0,1.0
801249,sa3019580,Julio Mendez,-0.010748720277439186,1.0,0.14489999413490295,0.3188999891281128
695975,sa3015372,Nomar Medina,-0.010750833039850536,1.0,0.15160000324249268,0.28760001063346863
700412,sa3017849,Aaron Haase,-0.010753070554804893,1.0,0.0,1.0
702130,sa3017952,Danny Watson,-0.01077502120979917,1.0,0.0,1.0
806641,sa3022381,Kolton Curtis,-0.010783631131817009,1.0,0.15860000252723694,0.25459998846054077
605276,16130,David Hess,-0.01079192170261778,1.0,0.00839999970048666,0.9603999853134155
692616,sa3015959,Mauricio Veliz,-0.010792421119854397,1.0,0.17399999499320984,0.18199999630451202
687938,sa3014865,Jordan DiValerio,-0.010815025250849574,1.0,0.0877000018954277,0.5877000093460083
699309,sa3015500,Joel Díaz,-0.010817995280873165,1.0,0.1687999963760376,0.20679999887943268
694461,sa3023810,Jackson Smeltz,-0.010827876205702455,1.0,0.015399999916553497,0.9273999929428101
800283,sa3019147,Enrique Segura,-0.010839932843884868,1.0,0.17319999635219574,0.18619999289512634
806333,sa3020083,Michael Sansone,-0.010854736938465557,1.0,0.08229999989271164,0.6133000254631042
802077,sa3019287,German Nunez,-0.010873923039204704,1.0,0.17229999601840973,0.19030000269412994
805699,sa3019599,Yeiber Cartaya,-0.010877696762123716,1.0,0.1599999964237213,0.24799999594688416
692835,sa3015974,Luis Valdez,-0.010889635301086732,1.0,0.12530000507831573,0.41130000352859497
805702,sa3019633,Jogly García,-0.01089307574723536,1.0,0.16369999945163727,0.23070000112056732
687397,sa3010311,John Matthews,-0.010893646206035636,1.0,0.0,1.0
807974,sa3021501,Adrian Bohorquez,-0.010909458897514617,1.0,0.1639000028371811,0.22990000247955322
676520,sa3005410,Manuel Alvarez,-0.010916037415030092,1.0,0.019500000402331352,0.9085000157356262
804948,sa3021731,Gage Stanifer,-0.01092408007805121,1.0,0.17139999568462372,0.19439999759197235
700357,sa3016285,Juan Rojas,-0.010949452913249348,1.0,0.12890000641345978,0.3939000070095062
683101,sa3011420,JJ Goss,-0.010963679230980834,1.0,0.0,1.0
695425,sa3023364,Bryce Warrecker,-0.010969309937171958,1.0,0.1754000037908554,0.1754000037908554
656297,sa3008259,Derek Casey,-0.010978262437426419,1.0,0.04399999976158142,0.7929999828338623
701259,sa3020863,Andy Rodriguez,-0.01102959427331814,1.0,0.038100000470876694,0.8210999965667725
607374,12385,Nick Tropeano,-0.011032669306975135,1.0,0.0,1.0
808512,sa3021018,Jeremy Reyes,-0.011033459363029347,1.0,0.17069999873638153,0.19769999384880066
687317,sa3023000,Stu Flesland III,-0.011094545348786825,1.0,0.1023000031709671,0.5192999839782715
657610,17002,Trevor Hildenberger,-0.011101919271271585,1.0,0.0,1.0
701568,sa3017207,Justin Meis,-0.011114965788970418,1.0,0.0,1.0
691263,sa3014708,Esmerlin Vinicio,-0.011115317627632921,1.0,0.13279999792575836,0.3758000135421753
806334,sa3020489,Alex Amalfi,-0.01111778713408324,1.0,0.0,1.0
691945,30231,Carter Baumler,-0.011125037142260584,1.0,0.06840000301599503,0.6783999800682068
690922,sa3017781,Ryan Sublette,-0.011128364624191577,1.0,0.0,1.0
806413,sa3019786,Daniel Guerra,-0.011143266093256204,1.0,0.17069999873638153,0.19769999384880066
701703,sa3017921,Quinton Low,-0.011158124993021852,1.0,0.1460999995470047,0.31310001015663147
685588,sa3009851,Wander Guante,-0.011166160947901576,1.0,0.08699999749660492,0.5910000205039978
680764,sa3020252,Jared Poland,-0.011185219843364945,1.0,0.0877000018954277,0.5877000093460083
800237,sa3019141,Sandy Mejia,-0.011189218069148266,1.0,0.15839999914169312,0.25540000200271606
800452,sa3018859,Jose Chirinos,-0.011193761444379115,1.0,0.14839999377727509,0.30239999294281006
680864,sa3023438,Bryce Collins,-0.011205519905637423,1.0,0.0,1.0
699132,sa3016034,Alex Vallecillo,-0.01121087111113179,1.0,0.1581999957561493,0.25619998574256897
675502,sa3023264,Kelly Austin,-0.011248460869361172,1.0,0.0,1.0
823369,sa3024273,Yhoiker Fajardo,-0.011260226454789322,1.0,0.1754000037908554,0.1754000037908554
687864,sa3023671,Ryan Vanderhei,-0.011260694493213244,1.0,0.14229999482631683,0.3312999904155731
688876,sa3020387,Carlos Torres,-0.011263458772629202,1.0,0.024000000208616257,0.8870000243186951
690104,sa3023063,Graham Osman,-0.011275092843977713,1.0,0.0812000036239624,0.6182000041007996
688341,sa3011731,Dylan Castaneda,-0.011281913338716058,1.0,0.12559999525547028,0.40959998965263367
677568,sa3010124,Florencio Serrano,-0.011286384540884698,1.0,0.06369999796152115,0.7006999850273132
700305,sa3016059,Jorge De Leon,-0.011294678484367484,1.0,0.15649999678134918,0.2644999921321869
812160,sa3021816,Luis Rodriguez,-0.011300512408783936,1.0,0.12110000103712082,0.4311000108718872
701626,sa3016800,Arielbi Gonzalez,-0.01131402279743619,1.0,0.1460999995470047,0.31310001015663147
684384,sa3017985,Chase Plymell,-0.01132063742651217,1.0,0.0,1.0
700985,sa3023158,Josh Hansell,-0.011342526894723674,1.0,0.11699999868869781,0.44999998807907104
691453,sa3015348,Edgardo Ibarra,-0.01139862653945292,1.0,0.16820000112056732,0.20919999480247498
686987,sa1170108,Tyler Yankosky,-0.01140349692545417,1.0,0.0,1.0
670950,19309,Trevor Richards,-0.011411449342853998,16.0,0.0,16.0
806064,sa3023560,Steven Echavarria,-0.011416253219665285,1.0,0.1754000037908554,0.1754000037908554
624522,19795,Keegan Thompson,-0.011430993536903019,19.0,0.0,19.0
686533,sa3023406,Jackson Finley,-0.011437639430651781,1.0,0.15469999611377716,0.2727000117301941
814366,sa3023228,Cade Feeney,-0.011439483450365735,1.0,0.0,1.0
683416,sa3009471,Manuel Olivares,-0.01144205262919384,1.0,0.1632000058889389,0.23319999873638153
808986,sa3021026,Duque Hebbert,-0.011445172056465556,1.0,0.1193000003695488,0.439300000667572
701477,sa3019625,Erian Rodriguez,-0.011470706543493952,1.0,0.13189999759197235,0.3799000084400177
659381,sa3018278,Justin King,-0.011475104870016942,6.0,0.0,6.0
694053,sa3014932,Max Bain,-0.011489719325709108,1.0,0.0,1.0
693781,sa3020327,Wilian Bormie,-0.011504061267958903,1.0,0.1274999976158142,0.40049999952316284
663465,18694,Kolby Allard,-0.011514925390309199,22.0,0.0,22.0
666138,sa3011123,Tony Locey,-0.01152488217605162,1.0,0.0,1.0
691908,sa3016463,Giussepe Velasquez,-0.011528108092366736,1.0,0.14560000598430634,0.3156000077724457
683639,sa3008711,Carlos Jimenez,-0.011554834789425567,1.0,0.13609999418258667,0.36010000109672546
815317,sa3023257,Aaron Munson,-0.011581444492256916,1.0,0.0,1.0
807973,sa3021762,Samuel Colmenares,-0.011584538229287556,1.0,0.16369999945163727,0.23070000112056732
815308,sa3022800,Colby Langford,-0.011585168764199641,1.0,0.13259999454021454,0.3765999972820282
692593,sa3016227,Ismael Luciano,-0.01161422377405185,1.0,0.12700000405311584,0.40299999713897705
698785,sa3015311,Kai Wynyard,-0.011633678302009447,1.0,0.0,1.0
694946,sa3015333,Alonzo Richardson,-0.01163452784615898,1.0,0.17020000517368317,0.20020000636577606
683638,sa3011397,Joel Valdez,-0.011651048431590566,1.0,0.0,1.0
692848,sa3015975,Yoldin De La Paz,-0.011675387155348379,1.0,0.032600000500679016,0.8465999960899353
814279,sa3021044,Yeferson Vargas,-0.011691080743686709,1.0,0.14579999446868896,0.3147999942302704
683085,sa3021979,Landon Sims,-0.011706875583650462,1.0,0.018200000748038292,0.9142000079154968
681609,sa3006159,Andres Diaz,-0.011708253160595155,1.0,0.12860000133514404,0.39559999108314514
701316,sa3015109,Jarod Wright,-0.011733705701681823,1.0,0.0,1.0
681415,sa3022934,Jack Sellinger,-0.011739274125685014,1.0,0.0,1.0
700786,sa3020178,Ben Sears,-0.01174229730231295,1.0,0.0,1.0
814290,sa3022158,Matt Gabbert,-0.011743327740132615,1.0,0.12070000171661377,0.4327000081539154
694969,sa3019848,Ben Beutel,-0.011773093611609328,1.0,0.0,1.0
800053,sa3018314,Angel Roman,-0.011795285564416863,1.0,0.06880000233650208,0.676800012588501
693804,sa3015994,Pedro Reyes,-0.011808101570282318,1.0,0.1518000066280365,0.28679999709129333
682644,sa3010654,Denny Larrondo,-0.011812073559185426,1.0,0.1754000037908554,0.1754000037908554
695071,sa3017203,Zach Barnes,-0.011815364075064285,1.0,0.0,1.0
807962,sa3021500,Carlos Castillo,-0.011817143551678198,1.0,0.13860000669956207,0.34860000014305115
694811,sa3022664,Bryson Hammer,-0.011846084365274711,1.0,0.0,1.0
687629,sa3022938,Bo Bonds,-0.01185942387102138,1.0,0.0,1.0
656457,17964,Tyler Gilbert,-0.011873459935224796,58.0,0.0,58.0
703835,sa3019125,Alejandro Manzano,-0.011879722451674896,1.0,0.133200004696846,0.3741999864578247
674967,sa3018260,Cam Brown,-0.011889400050176541,1.0,0.0,1.0
804922,sa3020406,Tyler Vogel,-0.011890128985249545,1.0,0.05490000173449516,0.7419000267982483
686593,sa3010253,Tyler Driver,-0.011890249296147983,1.0,0.0,1.0
683450,sa3009602,Javier Atencio,-0.011894367153288376,1.0,0.15299999713897705,0.2809999883174896
802105,sa3018891,Yeriel Santos,-0.011908902923289052,1.0,0.15160000324249268,0.28760001063346863
681817,sa3008172,Zach Mort,-0.011911994597193649,1.0,0.1096000000834465,0.4846000075340271
803251,sa3019646,Eddy Felix,-0.011916918800940219,1.0,0.1754000037908554,0.1754000037908554
695835,sa3014813,Edwin Núñez,-0.011930708624026887,1.0,0.15369999408721924,0.2777000069618225
641627,15046,Trevor Gott,-0.011957631905910435,11.0,0.0,11.0
815047,sa3022879,Hunter Kublick,-0.011962698520028795,1.0,0.1459999978542328,0.3140000104904175
699552,sa3023276,Brandon Beckel,-0.011974539186860395,1.0,0.05979999899864197,0.7188000082969666
668761,sa3011126,Colin Peluse,-0.011990375081094348,1.0,0.03680000081658363,0.8267999887466431
808383,sa3021531,Kelvis Salcedo,-0.012002578035710957,1.0,0.17229999601840973,0.19030000269412994
684080,sa3011879,Dheygler Gimenez,-0.012003599918875027,1.0,0.1728000044822693,0.18780000507831573
691811,sa3011716,Darvin Garcia,-0.012003603944077191,1.0,0.0,1.0
804522,sa3019396,Wilmy Sanchez,-0.012010328351577648,1.0,0.0,1.0
802416,sa3022230,Ashton Izzi,-0.012011252190423519,1.0,0.1754000037908554,0.1754000037908554
676333,sa3014455,Sam Weatherly,-0.01205184275044448,1.0,0.0,1.0
815322,sa3023453,Kai Peterson,-0.012052264603077362,1.0,0.0,1.0
664158,sa857600,Matt Eckelman,-0.01205386044617947,1.0,0.07980000227689743,0.6248000264167786
683728,sa3019427,Steven Fulgencio,-0.012056173481499198,1.0,0.050200000405311584,0.76419997215271
687677,sa3015369,Arij Fransen,-0.01205656430619938,1.0,0.0,1.0
685321,sa3016939,Gabe Bierman,-0.012059518790288664,1.0,0.0,1.0
806711,sa3020978,Yereny Teus,-0.012061132393236125,1.0,0.16979999840259552,0.20180000364780426
682996,sa3023170,Logan Britt,-0.012084041230941917,1.0,0.16459999978542328,0.22660000622272491
801737,sa3019612,Liomar Martinez,-0.012085841482397936,1.0,0.17069999873638153,0.19769999384880066
672405,sa3002934,Leonardo Taveras,-0.012094580023360026,1.0,0.0,1.0
686774,sa3010310,Cooper Bradford,-0.012126560242541879,1.0,0.021400000900030136,0.899399995803833
672380,sa3002926,Marco Jimenez,-0.012145894119137775,1.0,0.0,1.0
809138,sa3023422,Isaac Stebens,-0.012152169642621927,1.0,0.0,1.0
680420,sa3015004,Grant Judkins,-0.012156190916132046,1.0,0.14419999718666077,0.3222000002861023
801221,sa3018872,Pedro Garcia,-0.012160461505332381,1.0,0.15209999680519104,0.2851000130176544
679546,sa3017194,Joey Walsh,-0.012166112423309014,1.0,0.13670000433921814,0.357699990272522
690974,sa3023409,Jake Eddington,-0.012168827696106435,1.0,0.07180000096559525,0.6628000140190125
805892,sa3023451,Nick Altermatt,-0.012170286474284753,1.0,0.0,1.0
800295,sa3019149,Nelfy Ynfante,-0.01217216878625711,1.0,0.13249999284744263,0.3774999976158142
680749,sa3020443,Joseph Menefee,-0.012173695776013294,1.0,0.0,1.0
703609,sa3022190,Walter Ford,-0.012196672860062577,1.0,0.1665000021457672,0.2175000011920929
669935,22343,A.J. Alexy,-0.012204344473617096,1.0,0.0,1.0
702271,sa3023566,Nazier Mulé,-0.01221349189189509,1.0,0.17329999804496765,0.18529999256134033
701565,sa3024948,Connor Schultz,-0.012246106939181383,1.0,0.07880000025033951,0.629800021648407
656061,17485,Albert Abreu,-0.012267654968557121,24.0,0.0,24.0
686228,27271,Juan Burgos,-0.012275364097844008,1.0,0.05260000005364418,0.7526000142097473
815043,sa3023311,Simon Miller,-0.012277857629628075,1.0,0.0,1.0
686643,sa3011841,Andrew Dalquist,-0.01228907329962791,1.0,0.0,1.0
806279,sa3020410,Jake Christianson,-0.012292653603568071,1.0,0.0,1.0
433589,4020,Yusmeiro Petit,-0.012296142198441884,1.0,0.0,1.0
800233,sa3018835,Ernesto Mercedes,-0.012303738179813985,1.0,0.16300000250339508,0.23399999737739563
686844,sa3018234,Ben Wereski,-0.012309579470845072,1.0,0.016699999570846558,0.9217000007629395
686946,sa3011497,Jose Dicochea,-0.012321044728959459,1.0,0.15600000321865082,0.2669999897480011
694855,sa3023503,Riley Cooper,-0.012321954194408334,1.0,0.1316000074148178,0.3815999925136566
682840,sa3008176,Samuel Perez,-0.012352524564899568,1.0,0.0210999995470047,0.9010999798774719
689254,31553,Mason Fluharty,-0.01235368682436336,22.0,0.0,22.0
801275,sa3019171,Juan De La Cruz,-0.012369106620323556,1.0,0.17069999873638153,0.19769999384880066
695316,sa3016502,Jarold Rosado,-0.01237152018786863,1.0,0.0,1.0
800616,sa3023567,Cole Schoenwetter,-0.012382987071977063,1.0,0.15489999949932098,0.2718999981880188
814136,sa3021040,Clevari Tejada,-0.012408314719094498,1.0,0.12770000100135803,0.39969998598098755
700375,sa3018118,Rob Griswold,-0.012409124294256658,1.0,0.0,1.0
807814,sa3021751,Mariano Salomon,-0.01242492970347482,1.0,0.16699999570846558,0.2150000035762787
695308,sa3023476,Paulshawn Pasqualotto,-0.01243496185110061,1.0,0.12110000103712082,0.4311000108718872
808138,sa3022126,Keiverson Ramírez,-0.012450689969487252,1.0,0.1754000037908554,0.1754000037908554
802697,sa3020711,Allan Saathoff,-0.012459632094705936,1.0,0.0,1.0
802508,sa3023614,Jeremy Pilon,-0.012471631844259312,1.0,0.16459999978542328,0.22660000622272491
573062,10218,Aaron Northcraft,-0.012475835572628338,1.0,0.0,1.0
814477,sa3023087,Luke Stofel,-0.012493078784997239,1.0,0.0,1.0
686754,sa3011496,Ryan Jensen,-0.01250212717550514,8.0,0.0,8.0
685478,sa3009754,Yordan Nodal,-0.01251535914467675,1.0,0.13979999721050262,0.34279999136924744
681212,sa3022933,Shay Schanaman,-0.012533982084159997,1.0,0.0,1.0
800286,sa3019265,Wellington Aracena,-0.012534928931281188,1.0,0.15369999408721924,0.2777000069618225
669431,sa3017301,Gil Luna,-0.012556717097602088,1.0,0.0,1.0
690736,sa1170436,Trey McGough,-0.012558003342816714,14.0,0.0,14.0
686248,sa3017918,Zack Matthews,-0.012562603776252679,1.0,0.03889999911189079,0.8169000148773193
689214,sa3014979,Jake Gozzo,-0.012614150487632649,1.0,0.0,1.0
682915,sa3009778,Luis De La Rosa,-0.01261851353153203,1.0,0.10119999945163727,0.5242000222206116
695960,sa3015309,Joey Stock,-0.012632637225618531,1.0,0.0,1.0
679556,sa3015359,Sam Jacobsak,-0.012658165347517802,1.0,0.08229999989271164,0.6133000254631042
621248,17682,Ralph Garza Jr.,-0.012660004360926704,1.0,0.0,1.0
699699,sa3019365,Aneury Lora,-0.01267925945913161,1.0,0.1446000039577484,0.3206000030040741
701652,sa3017507,Chris Gerard,-0.012682367007183561,1.0,0.0,1.0
680900,sa3020381,Mason Pelio,-0.012682400360743801,1.0,0.17180000245571136,0.19280000030994415
809496,sa3023102,Riley Bauman,-0.012683941484221683,1.0,0.1737000048160553,0.18369999527931213
691769,33821,Philip Abner,-0.012689414671636576,1.0,0.013000000268220901,0.9390000104904175
822416,sa3023457,Cooper Adams,-0.012721600430805596,1.0,0.10530000180006027,0.505299985408783
685402,sa3017388,Brett Standlee,-0.012736424291314523,1.0,0.03739999979734421,0.824400007724762
690967,sa3023274,Max Carlson,-0.01273807059651187,1.0,0.0,1.0
810921,sa3023369,Aaron Rund,-0.012745744483759966,1.0,0.0,1.0
684266,sa3009747,Harold Melenge,-0.012746028333165191,1.0,0.06019999831914902,0.717199981212616
691429,sa3011440,Wander Arias,-0.012753162318098027,1.0,0.04089999943971634,0.8079000115394592
690945,sa3020262,Kole Ramage,-0.012777856316555999,1.0,0.03739999979734421,0.824400007724762
688943,sa3020743,Shawn Rapp,-0.012791365106114498,1.0,0.0,1.0
691439,sa3018287,Angel Jimenez,-0.012795251110088864,1.0,0.17159999907016754,0.19359999895095825
681619,sa3005879,Robinson Hernandez,-0.012796029990216052,1.0,0.0723000019788742,0.6603000164031982
677957,sa3021978,Brandon Neeck,-0.012798431715776612,1.0,0.0,1.0
702046,sa3020625,Matt Keating,-0.01281240474212753,1.0,0.0,1.0
812745,sa3021568,Javier Bartolozzi,-0.012818280156159914,1.0,0.17260000109672546,0.18860000371932983
669332,sa3017638,A.J. Labas,-0.012868053082576337,1.0,0.0,1.0
682918,sa1172127,Luis Carrasco,-0.012874421002303122,1.0,0.1307000070810318,0.385699987411499
694756,sa3014809,J.P. Woodward,-0.012883247084217692,1.0,0.0,1.0
808343,sa3022022,Jormy Nivar,-0.012900734518551461,1.0,0.17229999601840973,0.19030000269412994
814343,sa3023618,Danny Flatt,-0.012909751837906635,1.0,0.16040000319480896,0.24639999866485596
695265,sa3020641,Cooper Chandler,-0.01291916496659702,1.0,0.014399999752640724,0.9323999881744385
681387,sa3017305,Caden Monke,-0.012926269992976582,1.0,0.0,1.0
702877,sa3016915,Bryan Polanco,-0.012927246471211616,1.0,0.1656000018119812,0.2215999960899353
808243,sa3024069,Jose Feliz,-0.01292735642161115,1.0,0.1754000037908554,0.1754000037908554
669651,sa1169632,Tim Elliott,-0.012947936806832306,1.0,0.0,1.0
703104,sa3017280,Jackson Hicks,-0.01294830886841948,1.0,0.0,1.0
800229,sa3018834,Camilo Sanchez,-0.012957956642116934,1.0,0.15790000557899475,0.2578999996185303
808345,sa3021527,Wuilberth Mendez,-0.012998114706924992,1.0,0.1754000037908554,0.1754000037908554
699062,sa3015492,Kelvin Ramirez,-0.013008661074738885,1.0,0.018200000748038292,0.9142000079154968
804912,sa3020753,Mason Vinyard,-0.013016635989851501,1.0,0.0,1.0
693715,sa3018798,Adel Dilone,-0.013020999663262998,1.0,0.06260000169277191,0.7056000232696533
672774,sa3003030,Ronny Garcia,-0.013027063388508862,1.0,0.0,1.0
800292,sa3019148,Melkis Hernández,-0.013065627753898284,1.0,0.13300000131130219,0.375
678404,sa3006485,Jenrry Gonzalez,-0.01308453785978698,1.0,0.0,1.0
692038,sa3016781,Pedro Da Costa Lemos,-0.013084737745640923,1.0,0.12860000133514404,0.39559999108314514
805311,sa3023511,Nick Sando,-0.013089706977339827,1.0,0.06909999996423721,0.6751000285148621
815084,sa3023164,Ben Simon,-0.013091375509310017,1.0,0.03370000049471855,0.84170001745224
686978,sa3020322,Kade Mechals,-0.013104241464476809,1.0,0.04809999838471413,0.7741000056266785
681328,sa3017931,Jonny Cuevas,-0.013128916014897647,1.0,0.041600000113248825,0.8046000003814697
699980,sa3020565,Preston Johnson,-0.013152494917791344,1.0,0.08560000360012054,0.597599983215332
701432,sa3024196,Orlando Gonzalez,-0.01317311230188227,1.0,0.14749999344348907,0.30649998784065247
681977,sa3017258,Jake Smith,-0.013187258676644904,1.0,0.0,1.0
691576,sa3015151,Alejandro Hidalgo,-0.013191990601403006,1.0,0.13249999284744263,0.3774999976158142
663739,sa3014909,Kyle Molnar,-0.013211034604052102,1.0,0.0,1.0
808054,sa3021508,Yordin Chalas,-0.013215691468456922,1.0,0.0,1.0
805772,sa3023419,Conor Steinbaugh,-0.013219623113278968,1.0,0.029500000178813934,0.8615000247955322
689011,sa1172219,Brock Whittlesey,-0.0132242197680984,1.0,0.0,1.0
810098,sa3021558,Yadiel Batista,-0.013226332460459915,1.0,0.17190000414848328,0.19189999997615814
672551,sa3002981,Didier Vargas,-0.01322633348460163,1.0,0.0,1.0
678498,sa3005828,Felix Ramires,-0.013237149072335868,1.0,0.0,1.0
684228,sa3009508,Dwayne Matos,-0.013245720183537799,1.0,0.0,1.0
808161,sa3022015,Ubaldo Soto,-0.013249601577458938,1.0,0.1754000037908554,0.1754000037908554
703240,sa3017825,Joe Kemlage,-0.013272347491585403,1.0,0.0,1.0
700048,sa3022795,Matthew Linskey,-0.013280423244952355,1.0,0.0,1.0
682863,sa3009217,Francis Rivera,-0.013287889432636571,1.0,0.1096000000834465,0.4846000075340271
690229,sa3023172,LJ McDonough,-0.013322984851080305,1.0,0.0,1.0
676385,sa3017533,Peyton Glavine,-0.013328581105473148,1.0,0.0,1.0
682551,sa3007627,Ronaldo Alesandro,-0.013342359859913989,1.0,0.0,1.0
800436,sa3018332,Luichi Casilla,-0.013342965377200361,1.0,0.1535000056028366,0.2784999907016754
800150,sa3018827,Ervin Torres,-0.01337803052177558,1.0,0.17190000414848328,0.19189999997615814
679595,sa3006399,Alan Perdomo,-0.013387900888466257,1.0,0.025599999353289604,0.8795999884605408
808820,sa3023280,Zach Fogell,-0.013389529024829356,1.0,0.0,1.0
803370,sa3018898,Richard Fernandez,-0.013412452846649466,1.0,0.1754000037908554,0.1754000037908554
692445,sa3015447,Gabriel Torres,-0.013451395898392221,1.0,0.1647000014781952,0.2257000058889389
805430,sa3019538,Engel Peralta,-0.013490480630878866,1.0,0.11050000041723251,0.4805000126361847
703341,sa3018305,Candido Cuevas,-0.013496630685741768,1.0,0.12530000507831573,0.41130000352859497
805703,sa3020612,Braxton Hyde,-0.013503441284534822,1.0,0.04280000180006027,0.798799991607666
686859,sa3011728,Manuel Medina,-0.01351053668549844,1.0,0.0,1.0
702872,sa3017552,Edwar Polimir,-0.013521552557186053,1.0,0.08470000326633453,0.6017000079154968
702898,sa3017150,Haminton Mendez,-0.013535125471476762,1.0,0.13699999451637268,0.35600000619888306
808244,sa3021521,Luis Arestigueta,-0.013542028200522846,1.0,0.16089999675750732,0.24390000104904175
802087,sa3018352,Frankeli Arias,-0.013547444678943373,1.0,0.11699999868869781,0.44999998807907104
689299,sa3020810,Chase Antle,-0.013549134828287585,1.0,0.04179999977350235,0.8037999868392944
805060,sa3018366,Yenrri Rojas,-0.013549150082065293,1.0,0.13840000331401825,0.34940001368522644
700062,sa3018297,Andre Sanchez,-0.01355378900816617,1.0,0.16670000553131104,0.2167000025510788
683020,sa3008438,Gustavo Rodriguez,-0.013561050683367687,1.0,0.0,1.0
802067,sa3019284,Eric Dominguez,-0.013577856581783954,1.0,0.08579999953508377,0.5968000292778015
815095,sa3023659,David Rodriguez,-0.013585201470774029,1.0,0.14110000431537628,0.33709999918937683
675842,sa3003158,Emilker Guzman,-0.013597668221850791,1.0,0.0,1.0
694395,sa3014508,Dylan MacLean,-0.013600970209320147,1.0,0.12039999663829803,0.4343999922275543
806281,sa3020486,Blaze Pontes,-0.013611255725883524,1.0,0.13300000131130219,0.375
808003,sa3020995,Rafael Gonzalez,-0.013614202574633453,1.0,0.11180000007152557,0.4747999906539917
687723,sa3014801,Levi Thomas,-0.013616251545807409,1.0,0.10670000314712524,0.49869999289512634
689096,sa3020744,Daniel Blair,-0.013618437290048871,1.0,0.04089999943971634,0.8079000115394592
812159,sa3021566,Reudis Diaz,-0.013637321668332907,1.0,0.16599999368190765,0.2199999988079071
800471,sa3019520,Franyer Herrera,-0.013642315147208171,1.0,0.17229999601840973,0.19030000269412994
801252,sa3018345,Alfredo Romero,-0.01365723211724795,1.0,0.15629999339580536,0.2653000056743622
695051,sa3023080,Blake Pivaroff,-0.013658236491537405,1.0,0.08349999785423279,0.6075000166893005
805315,sa3020337,Michael Walsh,-0.013659904878206343,1.0,0.0,1.0
676686,sa3005361,Dante Mendoza,-0.013671299677262647,1.0,0.0,1.0
666672,sa3006955,Jojanse Torres,-0.013679861270339821,1.0,0.0,1.0
684284,sa3010249,Huei-Sheng Lin,-0.013680936804282834,1.0,0.11860000342130661,0.4426000118255615
666818,21997,Luis Frías,-0.013708271056668882,13.0,0.0,13.0
687991,sa3011626,Jared Johnson,-0.01373724031928919,1.0,0.0,1.0
672558,sa3002985,Cleiverth Perez,-0.013745435359293397,1.0,0.014399999752640724,0.9323999881744385
680578,sa3005706,Daury Cabrera,-0.013763109687790558,1.0,0.10090000182390213,0.5259000062942505
676292,sa3017499,Hunter Breault,-0.013773167863590306,1.0,0.0,1.0
684874,sa3008729,Hugo Villalobos,-0.013775151061549843,1.0,0.0877000018954277,0.5877000093460083
665661,18475,Shea Spitzbarth,-0.013784110710251835,1.0,0.0,1.0
810980,sa3022316,Brayhans Barreto,-0.013787977943531166,1.0,0.029600000008940697,0.8605999946594238
702266,sa3020677,Dylan Lesko,-0.013797897938467293,1.0,0.16979999840259552,0.20180000364780426
803039,sa3022861,JJ Sanchez,-0.013829131479446657,1.0,0.0,1.0
692262,sa3015440,Roque Gutierrez,-0.013829910653152757,1.0,0.07980000227689743,0.6248000264167786
701686,sa3021983,Kyle Larsen,-0.01383271064184526,1.0,0.16140000522136688,0.24140000343322754
688516,sa3010669,Nick Roth,-0.013856380379734032,1.0,0.0,1.0
815076,sa3023663,Kamdyn Perry,-0.013856760549874931,1.0,0.13670000433921814,0.357699990272522
809499,sa3022862,Tyler Morgan,-0.01386084015021465,1.0,0.07699999958276749,0.6380000114440918
800484,sa3019632,Eminen Flores,-0.01386369501041937,1.0,0.14180000126361847,0.33379998803138733
809814,sa3021028,Francis Texido,-0.013867170628803674,1.0,0.17399999499320984,0.18199999630451202
678883,sa3006386,Yeuris Jimenez,-0.013873270741453595,1.0,0.0,1.0
663629,26364,Ethan Small,-0.013877210716847733,8.0,0.0,8.0
701975,sa3017549,Brendan Collins,-0.013877394217187474,1.0,0.0,1.0
827664,sa3024856,Silvano Hechavarria,-0.013878651210298427,1.0,0.1754000037908554,0.1754000037908554
800423,sa3018855,Jorger Petri,-0.013879975506750245,1.0,0.17190000414848328,0.19189999997615814
687392,sa3011141,Nick Paciorek,-0.013886028693500531,1.0,0.0,1.0
687839,sa3020175,C.J. Mayhue,-0.013898103372959145,1.0,0.04529999941587448,0.7872999906539917
702448,sa3020960,C.J. Widger,-0.013900964866676387,1.0,0.0,1.0
690544,27753,Bailey Horn,-0.01390323493384228,8.0,0.0,8.0
823892,sa3024791,Adrian Heredia,-0.013907839939802897,1.0,0.1754000037908554,0.1754000037908554
703330,sa3018810,David Rodriguez,-0.01390935446467848,1.0,0.17159999907016754,0.19359999895095825
687344,sa3010819,Kevin Milam,-0.013913858214244672,1.0,0.0,1.0
676342,sa3005285,Karlos Morales,-0.013914481031528356,1.0,0.0,1.0
681324,sa3020468,Chazz Martinez,-0.013917693452722247,1.0,0.0,1.0
672382,sa3002928,Luis Moreno,-0.013917985215328877,1.0,0.0,1.0
695026,sa3014520,Jeremy Wu-Yelland,-0.01395470531074064,1.0,0.0,1.0
699129,sa3016033,Dikember Sanchez,-0.013965345961754333,1.0,0.0,1.0
801919,sa3023178,Kannon Handy,-0.013972866773987448,1.0,0.08860000222921371,0.5835999846458435
801870,sa3022410,Xavier Meachem,-0.013987579014820443,1.0,0.013899999670684338,0.9348999857902527
808632,sa3020823,Tanner Shears,-0.013988669141525198,1.0,0.0,1.0
815292,sa3023285,Luis Martinez-Gomez,-0.014000074555305234,1.0,0.12839999794960022,0.39640000462532043
801317,sa3023642,Alex Makarewich,-0.014007237164236314,1.0,0.1501999944448471,0.29420000314712524
687366,sa3014928,Mac Lardner,-0.014014112377365365,1.0,0.0,1.0
802996,sa3020332,Rob Hensey,-0.014019453624453311,1.0,0.09600000083446503,0.5490000247955322
686607,sa3017540,Justin Fall,-0.014019455726250591,1.0,0.0,1.0
814305,33026,Yunior Tur,-0.01404172698675445,1.0,0.13089999556541443,0.3849000036716461
689476,sa3011811,Jace Beck,-0.014045568810754373,1.0,0.02930000051856041,0.8622999787330627
808020,sa3022315,Sann Omosako,-0.014047147830391207,1.0,0.1678999960422516,0.21089999377727509
675653,sa3005121,James Marinan,-0.014052597785308284,1.0,0.08349999785423279,0.6075000166893005
691703,sa3015102,Luis Montas,-0.014057711933911145,1.0,0.0,1.0
691715,sa3016459,Jorge Rodriguez,-0.014073714124986899,1.0,0.1257999986410141,0.40880000591278076
800450,sa3019065,Ledwin Taveras,-0.014089244694561529,1.0,0.1754000037908554,0.1754000037908554
694544,sa3022903,Austin Amaral,-0.014100852531365655,1.0,0.06560000032186508,0.6916000247001648
805128,sa3019300,Edinzo Marquez,-0.014140334185629747,1.0,0.1754000037908554,0.1754000037908554
803177,sa3020333,Will Geerdes,-0.014147139186416862,1.0,0.0,1.0
814280,sa3022798,Landon Tomkins,-0.014147729889787521,1.0,0.0,1.0
650347,20399,Luís Madero,-0.014158924262169692,1.0,0.0,1.0
688904,sa3020562,Wyatt Cheney,-0.014159835541688506,1.0,0.14890000224113464,0.29989999532699585
808876,sa3022493,Will Christophersen,-0.014172846119831812,1.0,0.0,1.0
695377,sa3017846,Jeff Hakanson,-0.01420265322621055,1.0,0.0,1.0
816397,sa3023823,Jose Guevara,-0.01423042634186737,1.0,0.1754000037908554,0.1754000037908554
803182,sa3020838,Jimmy Loper,-0.01426995551484081,1.0,0.0,1.0
670258,sa918871,Brady Schanuel,-0.014271952378260368,1.0,0.08950000256299973,0.5795000195503235
814541,sa3023183,Isaac Gallegos,-0.01427789145259035,1.0,0.0,1.0
671969,sa3020588,Adam Tulloch,-0.014283539224758543,1.0,0.0,1.0
690989,sa3014541,Ben Hernandez,-0.014287430183915647,1.0,0.0,1.0
703725,33027,Luis Gastelum,-0.014289034059337272,1.0,0.0,1.0
810982,sa3021808,Rayven Antonio,-0.014315647988385622,1.0,0.12540000677108765,0.41040000319480896
701329,sa3020904,Luis Rujano,-0.01431780658093632,1.0,0.12790000438690186,0.39890000224113464
694839,sa3023445,Ethan Chenault,-0.014329385792400867,1.0,0.0,1.0
808274,sa3021009,Elwis Mijares,-0.014332860132493247,1.0,0.16680000722408295,0.21580000221729279
805067,sa3019772,Jefferson Jean,-0.014339662082744776,1.0,0.16179999709129333,0.23980000615119934
690475,sa3015009,Jacinto Arredondo,-0.01434447405084936,1.0,0.0,1.0
683885,sa3009558,Bryan Sanchez,-0.014348492452385665,1.0,0.12530000507831573,0.41130000352859497
679923,sa3005457,Carlos Campos,-0.014377472981437395,1.0,0.04560000076889992,0.7856000065803528
680442,sa3014794,Mike Mokma,-0.014387910843204023,1.0,0.0,1.0
686809,sa3011783,Brock Jones,-0.014395148077051478,1.0,0.14350000023841858,0.3255000114440918
815320,sa3022801,Raymon Rosario,-0.014401159083064358,1.0,0.1754000037908554,0.1754000037908554
677017,sa3004364,Matt Merrill,-0.014406711791770041,1.0,0.0,1.0
827744,sa3024995,Tyler Bryant,-0.014410924612766107,1.0,0.0,1.0
699106,sa3016032,Reynardo Cruz,-0.014428718516212042,1.0,0.13840000331401825,0.34940001368522644
703105,sa3017644,Malik Barrington,-0.014431362644413978,1.0,0.0,1.0
807380,sa3021739,Joel Heredia,-0.014437886472804442,1.0,0.17229999601840973,0.19030000269412994
694365,sa3023251,Magdiel Cotto,-0.014459030373985455,1.0,0.0,1.0
689876,sa3015008,Dylan Hall,-0.014465347916132881,1.0,0.0,1.0
700943,sa3017145,Jack Aldrich,-0.014470959187911277,1.0,0.0,1.0
680628,sa3015925,Jesus Luna,-0.014472239328215359,1.0,0.0,1.0
660261,31839,Shintaro Fujinami,-0.014473281057178029,28.0,0.0,28.0
693647,sa3020861,Thomas Balboni Jr.,-0.014482657128039067,1.0,0.0,1.0
681022,sa3007236,Austin Lambright,-0.014482708570214673,1.0,0.0,1.0
821793,sa3024465,Miguel Flores,-0.014484289499453656,1.0,0.1754000037908554,0.1754000037908554
801219,sa3018870,Alfred Morillo,-0.014494413512384481,1.0,0.0,1.0
684846,sa3008726,Develson Aria,-0.014497334582087209,1.0,0.14419999718666077,0.3222000002861023
685777,sa3009527,Miguel Gomez,-0.014510276253919015,1.0,0.022600000724196434,0.8935999870300293
800466,sa3019273,Omar Victorino,-0.014533583149762887,1.0,0.16699999570846558,0.2150000035762787
680893,sa3022408,Hueston Morrill,-0.01453460888594529,1.0,0.0,1.0
682163,sa3007860,Jack Patterson,-0.014536252618301415,1.0,0.0,1.0
802998,sa3022525,Tommy Kane,-0.014542324637734397,1.0,0.01889999955892563,0.9108999967575073
698962,sa3016017,Ricardo Estrada,-0.014548619461177118,1.0,0.15600000321865082,0.2669999897480011
801754,sa3020480,Davison Palermo,-0.01455982958027653,1.0,0.0,1.0
808001,sa3022006,Yovannki Pascual,-0.01457902441494582,1.0,0.08820000290870667,0.5852000117301941
691348,sa3015212,Raúl Rangel,-0.014585323796206081,1.0,0.12890000641345978,0.3939000070095062
678353,sa3005685,Yohanse Morel,-0.01458850410153946,1.0,0.0,1.0
804663,sa3020840,Tyler Cleveland,-0.014609857464067405,1.0,0.0,1.0
691342,sa3015929,José  Ramírez,-0.014614051284532999,1.0,0.1754000037908554,0.1754000037908554
804904,sa3020662,Shane Gray,-0.014626484401311896,1.0,0.0,1.0
690716,sa3020390,Eli Ankeney,-0.014632693467082332,1.0,0.028200000524520874,0.8672000169754028
675783,sa3020250,Easton Sikorski,-0.014632924858559807,1.0,0.02930000051856041,0.8622999787330627
808359,sa3022025,Randry De Leon,-0.014633152120651948,1.0,0.17229999601840973,0.19030000269412994
686807,sa3011677,Victor Simeon,-0.014653241351988672,1.0,0.0,1.0
814106,sa3023047,Cade Denton,-0.014660020090597161,1.0,0.0,1.0
807001,sa3020983,Luis Reyes,-0.01466177738538167,1.0,0.1687999963760376,0.20679999887943268
676112,sa3017608,Cody Greenhill,-0.014669421191216265,1.0,0.0,1.0
808042,sa3022121,Jhon Medina,-0.014676486085594131,1.0,0.16699999570846558,0.2150000035762787
808062,sa3021510,Jostin Florentino,-0.014701746836551448,1.0,0.1615999937057495,0.24060000479221344
682251,sa3020829,Aidan Maldonado,-0.014714088856337798,1.0,0.0,1.0
702516,sa3024884,JP Wheat,-0.014727943724475957,1.0,0.1754000037908554,0.1754000037908554
805988,sa3020573,Hayden Nierman,-0.014742052901708286,1.0,0.0,1.0
693812,sa3016242,Marlon Franco,-0.01476344375655042,1.0,0.16459999978542328,0.22660000622272491
693803,sa3015993,Layonel Ovalles,-0.014780613616533605,1.0,0.0,1.0
703941,sa3018815,Melvin Pineda,-0.014790368968623359,1.0,0.1754000037908554,0.1754000037908554
801505,sa3023277,Paxton Thompson,-0.014808282737450787,1.0,0.0,1.0
687259,sa3022731,Luke Bell,-0.01481410539194389,1.0,0.0,1.0
656786,21324,Parker Mushinski,-0.014828341090178682,12.0,0.0,12.0
676435,sa3004588,Harold Cortijo,-0.01483705445044274,1.0,0.0,1.0
685299,27669,Tanner Gordon,-0.01485197822157981,34.85380172729492,1.6200000047683716,27.6200008392334
676670,sa3005202,Derek Molina,-0.01485777235859248,1.0,0.0,1.0
801463,sa3018349,Luifer Romero,-0.014863566274610563,1.0,0.15610000491142273,0.2660999894142151
689951,sa3016811,Jeferson Figueroa,-0.014868053629030499,1.0,0.03629999980330467,0.8292999863624573
808352,sa3022133,Brayan Narvaez,-0.014868176492151684,1.0,0.17229999601840973,0.19030000269412994
688776,sa3021468,Jackson Lancaster,-0.014883714345319928,1.0,0.0142000000923872,0.9332000017166138
687535,sa3023468,Dylan Simmons,-0.014884367474479939,1.0,0.0,1.0
690369,sa3011850,Brendan McGuigan,-0.01488580449667068,1.0,0.03180000185966492,0.8507999777793884
663353,sa3010774,Devon Roedahl,-0.014893377324477776,1.0,0.0,1.0
680754,sa3020466,Chris Williams Jr.,-0.014910272345734455,1.0,0.07320000231266022,0.6561999917030334
669285,sa3011525,Dan Hammer,-0.014920436296365748,1.0,0.0,1.0
702576,sa3020961,Mason McGwire,-0.014921854384009904,1.0,0.1492999941110611,0.29829999804496765
805114,sa3018372,Rolando Gutierrez,-0.014925067794022771,1.0,0.05530000105500221,0.7402999997138977
665993,sa920454,Cristhian Tortosa,-0.014931326773762316,1.0,0.025800000876188278,0.8787999749183655
694780,sa3023128,Adam Boucher,-0.014954246183639549,1.0,0.0,1.0
679973,sa3005866,Jesus Valles,-0.014956114431716383,1.0,0.04769999906420708,0.7756999731063843
821634,sa3024260,Luis Maracara,-0.014961580195899604,1.0,0.17190000414848328,0.19189999997615814
689598,sa3025063,Patrick Maybach,-0.01496433377516565,1.0,0.0,1.0
686402,sa3016842,Jonathan Petit,-0.014967115160463602,1.0,0.052799999713897705,0.751800000667572
802086,sa3019644,Ovis Portes,-0.014971569142683328,1.0,0.11699999868869781,0.44999998807907104
812162,sa3021817,Engert Garcia,-0.01499134924566495,1.0,0.12250000238418579,0.4244999885559082
808366,sa3021530,Jose Bello,-0.014999712483445081,1.0,0.15440000593662262,0.274399995803833
815803,sa3023139,Anthony Crespo,-0.015001278216189047,1.0,0.1754000037908554,0.1754000037908554
691477,sa3015360,Elvis Garcia,-0.015003652641014423,1.0,0.11490000039339066,0.45989999175071716
692645,sa3015455,Ruben Castillo,-0.015006665253619081,1.0,0.1096000000834465,0.4846000075340271
688011,sa3017492,Cam Wynne,-0.015019068564906972,1.0,0.02319999970495701,0.8912000060081482
821096,sa3023839,Reiver Camacho,-0.015025776554057624,1.0,0.17190000414848328,0.19189999997615814
676014,sa3003164,Matthew Peguero,-0.015037825057847875,1.0,0.05090000107884407,0.7609000205993652
672021,30128,Eric Cerantola,-0.015039858497614318,12.0,0.0,12.0
813828,sa3023104,Nolan Santos,-0.015047964726906168,1.0,0.0,1.0
669438,22288,Mason Englert,-0.015054346705704881,53.0,0.0,53.0
815183,sa3022343,Jonathan Jimenez,-0.015067381314137903,1.0,0.1754000037908554,0.1754000037908554
808260,sa3021780,Eric Prado,-0.015089465598606336,1.0,0.13600000739097595,0.3610000014305115
682154,sa3008102,Joel Condreay,-0.015097540080307056,1.0,0.0,1.0
696035,sa3016249,Jose G. Gonzalez,-0.015100553997485711,1.0,0.1632000058889389,0.23319999873638153
699215,sa3016712,Alberto Mota,-0.015114221964277075,1.0,0.0210999995470047,0.9010999798774719
689297,sa3020447,Brody Jessee,-0.015117823930486579,1.0,0.0,1.0
802373,sa3023417,Jonah Hurney,-0.015128575032041871,1.0,0.0,1.0
806241,sa3020976,Franyel Diaz,-0.015128836235966114,1.0,0.1687999963760376,0.20679999887943268
694843,sa3023040,Bayden Root,-0.015147271947999242,1.0,0.0,1.0
821626,sa3024462,Eric Veras,-0.015166407286471425,1.0,0.1754000037908554,0.1754000037908554
702785,sa3016751,Peniel Otano,-0.01516847196722897,1.0,0.0,1.0
823839,sa3024787,Manuel Davila,-0.015176376479329387,1.0,0.17139999568462372,0.19439999759197235
811230,sa3022327,Jharold Clemente,-0.015176634068223895,1.0,0.1662999987602234,0.218299999833107
688398,sa3022524,Cody Tucker,-0.015183326823788697,1.0,0.0,1.0
686825,sa3023523,Ryan Ammons,-0.015185669463543364,1.0,0.0,1.0
670238,sa3017192,Collin Sullivan,-0.015193148066541342,1.0,0.0,1.0
689181,sa3023034,Connor Fenlong,-0.015196992567500584,1.0,0.0,1.0
669228,sa917988,Nolan Martinez,-0.015228602517650028,1.0,0.04879999905824661,0.770799994468689
806332,sa3019961,Tyler Wehrle,-0.015231292895911616,1.0,0.04879999905824661,0.770799994468689
694060,sa3016245,Randy Lara,-0.015241658312624355,1.0,0.17190000414848328,0.19189999997615814
814226,sa3022221,Alexander Campos,-0.015248607395664793,1.0,0.16979999840259552,0.20180000364780426
821420,sa3024255,Pedro Tucent,-0.015252559393270223,1.0,0.1754000037908554,0.1754000037908554
658655,sa832333,Jesus Linarez,-0.015252666482486632,1.0,0.02319999970495701,0.8912000060081482
668826,sa3018176,A.J. Candelario,-0.0152585175732468,1.0,0.0,1.0
801941,sa3022872,Carson Jacobs,-0.01527705714669314,1.0,0.0,1.0
668977,sa3018238,Graham Hoffman,-0.015279447595562923,1.0,0.0,1.0
699086,sa3016030,Kikito Severino,-0.015304940637917713,1.0,0.10440000146627426,0.5094000101089478
805243,sa3021986,Zack Qin,-0.015323745719277967,1.0,0.07460000365972519,0.6496000289916992
814481,sa3023573,Carson Hobbs,-0.01532728600127615,1.0,0.012500000186264515,0.9415000081062317
823861,sa3023863,Orlando Suarez,-0.0153280304472533,1.0,0.1754000037908554,0.1754000037908554
687222,sa3020235,William Silva,-0.015335629302278737,1.0,0.0,1.0
686594,sa3010811,Garrett Farmer,-0.0153356474252716,1.0,0.0,1.0
801223,sa3022339,Jorge Herrera,-0.015342453006192724,1.0,0.17159999907016754,0.19359999895095825
821800,sa3024267,Gregory Sanchez,-0.015342960501791828,1.0,0.1754000037908554,0.1754000037908554
686571,sa3015368,Danny Denz,-0.01534427946679324,1.0,0.0860000029206276,0.5960000157356262
702118,sa3020328,Cade Halemanu,-0.015344533802439855,1.0,0.027400000020861626,0.871399998664856
812460,sa3022153,Alvin Nova,-0.015352017014332087,1.0,0.14880000054836273,0.30079999566078186
687046,sa3014800,Ty Madrigal,-0.015361541097778162,1.0,0.0,1.0
808250,sa3022218,Jose Urbina,-0.015375167338461454,1.0,0.1606999933719635,0.24469999969005585
805094,sa3018368,Luis Cesar,-0.015375385369572397,1.0,0.1687999963760376,0.20679999887943268
570632,11589,José Ureña,-0.015394473166208997,17.0,0.0,17.0
687070,sa3011750,Chris Mokma,-0.015399944182799517,1.0,0.0,1.0
800211,sa3018235,Marlon Perez,-0.0154029188655846,1.0,0.0,1.0
808537,sa3022031,Miguel Toscano,-0.015420302242966201,1.0,0.17229999601840973,0.19030000269412994
689487,sa3020108,Joe Joe Rodriguez,-0.015429446456021493,1.0,0.0,1.0
691055,sa3010267,Alex Nolan,-0.015437131674725808,1.0,0.0,1.0
800010,sa3019253,Jose Gomez,-0.015439380775574175,1.0,0.11469999700784683,0.46070000529289246
805400,sa3019504,Juan Nunez,-0.015453414277597936,1.0,0.11089999973773956,0.4788999855518341
690907,sa3017594,Michael Kirian,-0.015457211910970103,1.0,0.0,1.0
808374,sa3022135,Javier González,-0.015466317476577198,1.0,0.16699999570846558,0.2150000035762787
641712,19206,Dakota Hudson,-0.015487129381679815,6.0,0.0,6.0
682549,sa3007819,Jose Alcantara,-0.015494643370770247,1.0,0.0,1.0
808407,sa3022137,Deibi Rodriguez,-0.01550031757514121,1.0,0.17190000414848328,0.19189999997615814
805155,sa3023627,Adrian Herrera,-0.015500591869411131,1.0,0.11559999734163284,0.45660001039505005
807718,sa3023044,Jay Driver,-0.015510450174720093,1.0,0.0,1.0
673747,sa3011131,Edgar Sanchez,-0.015518658402346739,1.0,0.0,1.0
687797,sa3010003,Nate Jones,-0.015558717194283408,1.0,0.0,1.0
700673,sa3020747,Danny Wilkinson,-0.015560838299641264,1.0,0.0,1.0
692504,sa3015040,Rafael Ohashi,-0.015562829908097646,1.0,0.032499998807907104,0.8475000262260437
663724,sa1172846,Jake Gilbert,-0.015563800037063476,1.0,0.0,1.0
815580,sa3022881,Will Varmette,-0.015570496125192826,1.0,0.039799999445676804,0.8127999901771545
688944,sa3019954,Max Gieg,-0.015575330587232556,1.0,0.0,1.0
805078,sa3019086,Jeremy Gonzalez,-0.015582406605550284,1.0,0.16979999840259552,0.20180000364780426
807993,sa3022004,Nicolas Carreno,-0.015582629282562722,1.0,0.1754000037908554,0.1754000037908554
804975,sa3018900,Moises Brito,-0.015584954679138563,1.0,0.055399999022483826,0.7394000291824341
687770,sa3011571,Brock Bell,-0.015597232937598746,1.0,0.0,1.0
687561,sa3017814,Brannon Jordan,-0.01560357847877621,1.0,0.0,1.0
800239,sa3019431,Sabier Marte,-0.01560634096171268,1.0,0.13699999451637268,0.35600000619888306
682754,sa3008795,Teofilo Mendez,-0.015611419251000926,1.0,0.0,1.0
701619,sa3017506,Alfredo Ruiz,-0.015612784930038086,1.0,0.0,1.0
815945,sa3024530,Andres Cova,-0.015613894093447236,1.0,0.17190000414848328,0.19189999997615814
689461,sa1170930,Tanner Cooper,-0.015620803132028663,1.0,0.0,1.0
690273,sa3017466,Carson Carter,-0.01562129882303191,1.0,0.0,1.0
701861,sa3017938,Gabe Emmett,-0.015623394268641923,1.0,0.09070000052452087,0.5737000107765198
703895,sa3019251,Gerlin Rosario,-0.0156277499199782,1.0,0.02160000056028366,0.8985999822616577
801546,sa3022907,Zane Russell,-0.015628487287123228,1.0,0.0,1.0
800485,sa3019165,Wande Torres,-0.015640029423658525,1.0,0.1704999953508377,0.19850000739097595
802680,sa3022859,Tyler Bradt,-0.0156505004001351,1.0,0.0,1.0
701865,sa3017012,Jesus Rivero,-0.01565993993641271,1.0,0.12530000507831573,0.41130000352859497
804974,sa3019563,Juan Mercedes,-0.015659963284957168,1.0,0.0,1.0
823718,sa3024100,Esteban Luna,-0.01566167743920617,1.0,0.1754000037908554,0.1754000037908554
692816,sa3018797,Giomar Diaz,-0.015663532472819444,1.0,0.0,1.0
692624,sa3015284,Alex Martinez,-0.01566361735696982,1.0,0.0,1.0
687355,sa3024915,Connor Housley,-0.01566708825308353,1.0,0.0,1.0
800187,sa3018320,Luis Torres,-0.015670075999664263,1.0,0.031199999153614044,0.8532000184059143
690342,sa3022415,Cam Tullar,-0.015683416701422377,1.0,0.03020000085234642,0.8582000136375427
820981,sa3024240,Dioris De La Rosa,-0.015684657976432134,1.0,0.17190000414848328,0.19189999997615814
806709,sa3024516,Deivy Paulino,-0.015684937673324975,1.0,0.17159999907016754,0.19359999895095825
809232,sa3022954,Matthew Bollenbacher,-0.015687181644104327,1.0,0.0,1.0
695589,sa3017391,Ocean Gabonia,-0.015698992893846957,1.0,0.0,1.0
658649,sa873302,Gilberto Chu,-0.015704067703679814,1.0,0.0,1.0
692623,sa3015156,Leonard Garcia,-0.015712516389093108,1.0,0.027400000020861626,0.871399998664856
678283,sa3008426,Niklas Rimmel,-0.015722034163864355,1.0,0.0,1.0
688016,sa3015148,Johzan Oquendo,-0.0157267121656759,1.0,0.0,1.0
808588,sa3021541,Norbis Diaz,-0.015732773505525318,1.0,0.17159999907016754,0.19359999895095825
702119,sa3020450,Hunter Hayes,-0.015742887640721025,1.0,0.0,1.0
703211,sa3017474,Ruben Ramirez,-0.01575400135373897,1.0,0.0,1.0
680724,sa3017718,Tyler Ras,-0.015759699230960367,1.0,0.0,1.0
805431,sa3019597,Jose Serrano,-0.015777193854110878,1.0,0.17260000109672546,0.18860000371932983
703938,sa3018310,Pedro Marquez,-0.015798498902574464,1.0,0.13279999792575836,0.3758000135421753
685379,sa3010808,Juan De Los Santos,-0.01579977467701381,1.0,0.0,1.0
700292,sa3016783,Yondrei Rojas,-0.01581890817579029,1.0,0.0,1.0
671116,sa3017490,Jack Owen,-0.015820461817277233,1.0,0.0,1.0
678426,sa3005688,Alan Mundo,-0.015826472611296733,1.0,0.0,1.0
677323,sa3017778,Dennis Boatman,-0.015832452771403098,1.0,0.0,1.0
815938,sa3024529,Yermain Ruiz,-0.015841583173733804,1.0,0.1754000037908554,0.1754000037908554
692651,sa3015964,Franck De La Rosa,-0.01584291571088762,1.0,0.06750000268220901,0.6825000047683716
814482,sa3023009,Peyton Stumbo,-0.015859054568012298,1.0,0.053700000047683716,0.7476999759674072
681012,sa3014859,Trevor Holloway,-0.015871190905620915,1.0,0.0,1.0
687444,sa3010312,Serafino Brito,-0.01587508003152902,1.0,0.0,1.0
808394,sa3021533,Jerson Alejandro,-0.015878095770148582,1.0,0.17229999601840973,0.19030000269412994
687885,sa3017465,Alex Garbrick,-0.015883454505763166,1.0,0.0,1.0
687824,sa1170345,Shea Barry,-0.015887307298218585,1.0,0.13490000367164612,0.3659000098705292
606930,12323,Jacob Barnes,-0.015889269815676694,50.0,0.0,50.0
699628,sa3023003,Braden Carmichael,-0.015891877502465408,1.0,0.0,1.0
800576,sa3019168,Andy Basora,-0.01589547104448579,1.0,0.1632000058889389,0.23319999873638153
703863,sa3019250,Josbel Garcia,-0.015917860759212775,1.0,0.12049999833106995,0.4334999918937683
687295,sa3023094,Xander Hamilton,-0.015919681992525508,1.0,0.0,1.0
800061,sa3020531,Caleb Franzen,-0.015936469714836674,1.0,0.0,1.0
699041,sa3016025,Juan Soto,-0.01594055509679375,1.0,0.1460999995470047,0.31310001015663147
669366,sa3023309,Trey Dillard,-0.015944899938435095,1.0,0.021199999377131462,0.9002000093460083
815069,sa3024982,Andrew Landry,-0.01597396927806142,1.0,0.12370000034570694,0.4187000095844269
800075,sa3019054,Noelin Cuevas,-0.01597494506841276,1.0,0.15139999985694885,0.28839999437332153
807822,sa3021752,Jorge Minyety,-0.015994873991649308,1.0,0.0,1.0
687341,sa3010000,Evan Johnson,-0.015997526919476573,1.0,0.0,1.0
701374,sa3020959,Zack Showalter,-0.01600162417398551,1.0,0.0,1.0
821023,sa3023833,Marlon De La Cruz,-0.016003902558231753,1.0,0.1754000037908554,0.1754000037908554
680618,sa3006408,Heribert Garcia,-0.016006667212801726,1.0,0.1096000000834465,0.4846000075340271
681860,sa3009988,Destin Dotson,-0.0160151133246968,1.0,0.0,1.0
680109,sa3010651,Davis Schwab,-0.016017217842046308,1.0,0.0,1.0
695996,sa3015336,Juan Mendez,-0.016018741015773427,1.0,0.0,1.0
678840,sa3006135,Benony Robles,-0.01603208031344875,1.0,0.0,1.0
683148,sa3019457,Cooper Benson,-0.016037281108756386,1.0,0.0,1.0
815218,sa3024072,Alexander Fuentes,-0.01603810779838174,1.0,0.17229999601840973,0.19030000269412994
702882,sa3018301,Eybersson Polanco,-0.016038449532206074,1.0,0.1704999953508377,0.19850000739097595
807009,sa3021992,Marwys Cabrera,-0.01604058852065467,1.0,0.1754000037908554,0.1754000037908554
821021,sa3024085,Marcos Pimentel,-0.016045563398887037,1.0,0.1754000037908554,0.1754000037908554
677614,sa3005073,Sadrac Franco,-0.016046412254749877,1.0,0.0674000009894371,0.6833999752998352
687280,sa3020807,Geoffrey Gilbert,-0.016057353992586485,1.0,0.0,1.0
808130,sa3021772,Manuel Osorio,-0.01606055661824568,1.0,0.17190000414848328,0.19189999997615814
800442,sa3018857,Mauricio Estrella,-0.016060733512905174,1.0,0.07980000227689743,0.6248000264167786
701868,sa3020478,Marcus Olivarez,-0.016064027441364207,1.0,0.0,1.0
666472,sa916947,Jhonatan Munoz,-0.016074338644146927,1.0,0.028200000524520874,0.8672000169754028
806277,sa3020236,Matt Hickey,-0.016085327320746814,1.0,0.0,1.0
684848,sa3018283,Armando Vasquez,-0.01610563664797639,1.0,0.0,1.0
807995,sa3020993,Eduar Gonzalez,-0.016106045121384475,1.0,0.17229999601840973,0.19030000269412994
814837,sa3023423,Jacob Cravey,-0.016116549436255068,1.0,0.15000000596046448,0.29499998688697815
802084,sa3018887,Xiomer Guacache,-0.01612603745150994,1.0,0.17190000414848328,0.19189999997615814
821052,sa3024244,Madinson Frias,-0.016132246760782003,1.0,0.1754000037908554,0.1754000037908554
808224,sa3021520,Leuris Portorreal,-0.016132558820090518,1.0,0.16930000483989716,0.20430000126361847
683181,sa3011638,Josh Wolf,-0.016133461670580534,1.0,0.019300000742077827,0.9093000292778015
814088,sa3023380,Austin Strickland,-0.0161471313196501,1.0,0.0,1.0
805724,sa3020571,Jared Beck,-0.016151471520310885,1.0,0.0,1.0
694833,sa3023379,Rio Britton,-0.01615915054468852,1.0,0.02250000089406967,0.8945000171661377
673659,sa3003113,Jose Moreno,-0.016160337397741135,1.0,0.09229999780654907,0.5662999749183655
668996,sa3008645,Tyler Gillies,-0.01616952688855988,1.0,0.0,1.0
691440,sa3015932,Nelvis Ochoa,-0.016173560488435722,1.0,0.16599999368190765,0.2199999988079071
691602,sa3015938,Stiven Cruz,-0.016176480178461447,1.0,0.09229999780654907,0.5662999749183655
684045,sa3009740,Miguel Padilla,-0.016192297217716468,1.0,0.10490000247955322,0.5069000124931335
821646,sa3024262,Luis Espinoza,-0.016196784390124636,1.0,0.17190000414848328,0.19189999997615814
823868,sa3024278,Wifrailyn Jaquez,-0.016200936286244458,1.0,0.1754000037908554,0.1754000037908554
699326,sa3016512,Wilson Betemit Jr.,-0.01620940997501977,1.0,0.1754000037908554,0.1754000037908554
688501,sa3021467,Cole Stupp,-0.016212892113376016,1.0,0.07020000368356705,0.670199990272522
695349,sa3017819,Hayes Heinecke,-0.01621851950268389,1.0,0.03139999881386757,0.852400004863739
814288,sa3022050,Franly Urena,-0.016244037973237722,1.0,0.1023000031709671,0.5192999839782715
674221,sa3002811,Franklin De La Paz,-0.016246780683402493,1.0,0.0,1.0
681730,sa3005889,Luis Amoroso,-0.016261521894946705,1.0,0.0,1.0
814129,sa3022240,Simon Leandro,-0.016265366435922114,1.0,0.12439999729394913,0.4153999984264374
808659,sa3021797,Jorge Luna,-0.016271696336030827,1.0,0.1687999963760376,0.20679999887943268
815702,sa3023484,Harrison Durow,-0.016277606202190452,1.0,0.0,1.0
681626,sa3005464,Moises Diaz,-0.016280329877980212,1.0,0.0,1.0
802967,sa3022873,Benny Thompson,-0.016285802848255263,1.0,0.0,1.0
670815,sa3014969,James Acuna,-0.016311383902496458,1.0,0.04879999905824661,0.770799994468689
700421,sa3016784,Gabriel Rodriguez,-0.01631254932292859,1.0,0.15790000557899475,0.2578999996185303
692830,sa3015970,Ronny Chalas,-0.016321302736901657,1.0,0.032999999821186066,0.8450000286102295
800317,sa3019741,Braian Salazar,-0.016323584835235345,1.0,0.08259999752044678,0.6115999817848206
674380,sa3003139,Jose Miguel Gonzalez,-0.016324995424831297,1.0,0.058400001376867294,0.7253999710083008
682897,sa3008362,Steven Pérez,-0.016349800018146714,1.0,0.0,1.0
689703,sa3020109,Quinton Martinez,-0.01636103101859942,1.0,0.026100000366568565,0.8770999908447266
676355,sa3018108,Carlos Lomeli,-0.01636473467251979,1.0,0.02930000051856041,0.8622999787330627
805046,sa3019626,Franklin Gil,-0.016365111154313123,1.0,0.15039999783039093,0.29339998960494995
685729,sa3009524,Jorge Ramos,-0.016378119054232705,1.0,0.0,1.0
805044,sa3019084,Dawil Almonte,-0.01637965287476661,1.0,0.0,1.0
682718,sa3008683,Kevin Rodriguez,-0.016390372448364127,1.0,0.0,1.0
821060,sa3024087,Melvin Rodriguez,-0.016398009081793292,1.0,0.1632000058889389,0.23319999873638153
691423,sa3015420,Kenny Pinto,-0.016405077244557864,1.0,0.1754000037908554,0.1754000037908554
802979,sa3022666,Josh Mollerus,-0.016411036977182488,1.0,0.0,1.0
821253,sa3024254,Enderson Mercado,-0.016425916430106755,1.0,0.1632000058889389,0.23319999873638153
692854,sa3016486,Isaias Uribe,-0.016427330075156035,1.0,0.1535000056028366,0.2784999907016754
684084,sa3009623,Sergio Umana,-0.01642812229639825,1.0,0.0,1.0
805133,sa3019435,Pierce Banks,-0.016432951355748567,1.0,0.0,1.0
700274,sa3015312,Javier Chacon,-0.01643795087428671,1.0,0.0828000009059906,0.61080002784729
809223,sa3021551,Tzu-Chen Sha,-0.016446067061676093,1.0,0.1460999995470047,0.31310001015663147
684485,sa3008724,Benjamin Arias,-0.016460770895901252,1.0,0.0,1.0
686463,sa3022936,Thomas Schultz,-0.016470075611856955,1.0,0.0,1.0
700359,sa3016064,Luis A. Rodriguez,-0.01647156276041134,1.0,0.0,1.0
800498,sa3018866,Jeral Vizcaino,-0.016489276022972465,1.0,0.051600001752376556,0.7576000094413757
670251,sa3015116,John Wilson,-0.01649730309974079,1.0,0.0,1.0
810856,sa3022261,Eduardo Robles,-0.01649842435190444,1.0,0.1678999960422516,0.21089999377727509
678979,sa3005697,Luis Barroso,-0.016510656879537625,1.0,0.03189999982714653,0.8499000072479248
680653,sa3007608,Denny Roman,-0.016523150674730792,1.0,0.0,1.0
681886,sa3010129,Julian Smith,-0.01652824016980442,1.0,0.0,1.0
687902,sa3023096,Breck Eichelberger,-0.016533879143288972,1.0,0.07980000227689743,0.6248000264167786
808697,sa3021022,Hamlet Garcia,-0.01654966037509021,1.0,0.16459999978542328,0.22660000622272491
672662,sa3003013,Joan Valdez,-0.016568833594600825,1.0,0.021900000050663948,0.8968999981880188
821802,sa3024586,Franyerson Reyes,-0.016581257432872334,1.0,0.17190000414848328,0.19189999997615814
700728,sa3016619,Luis Arejula,-0.01658639869987588,1.0,0.0,1.0
687560,sa3017364,Bryant Salgado,-0.016602362365068426,1.0,0.0,1.0
802243,sa3018626,Jaiker Garcia,-0.016603188499097914,1.0,0.17190000414848328,0.19189999997615814
800091,sa3018822,Maxwel Hernandez,-0.016604865362482454,1.0,0.15950000286102295,0.25049999356269836
823368,sa3024272,Angel Bello,-0.016605156692165158,1.0,0.1662999987602234,0.218299999833107
807852,sa3022002,Anderson Beltre,-0.016615185734188943,1.0,0.1687999963760376,0.20679999887943268
810977,sa3024521,Andrew Bolívar,-0.016647123350908212,1.0,0.1687999963760376,0.20679999887943268
689433,sa3023665,Derrick Edington,-0.0166581784671729,1.0,0.0,1.0
702847,sa3017149,Amilcar Chirinos,-0.01667980417969623,1.0,0.0,1.0
808280,sa3021524,Kevin Velasco,-0.016686224256885998,1.0,0.15559999644756317,0.2685999870300293
814086,sa3022194,Jefferson Moran,-0.016692884526448428,1.0,0.16599999368190765,0.2199999988079071
807002,sa3021738,Jeter Martinez,-0.01669756447816417,1.0,0.16930000483989716,0.20430000126361847
682015,sa3008360,Saul Gonzalez,-0.01669861777232002,1.0,0.0,1.0
666132,sa3010777,Zack Hess,-0.016698989542982497,1.0,0.0,1.0
808071,sa3021002,Santiago Peraza,-0.016703932253856184,1.0,0.1754000037908554,0.1754000037908554
692068,sa3015125,Erubiel Armenta,-0.016706740350518706,1.0,0.0,1.0
700281,sa3016518,Jonathan Salazar,-0.016708287231171064,1.0,0.16459999978542328,0.22660000622272491
703831,sa3019249,Smil Guzman,-0.016720118083842314,1.0,0.1754000037908554,0.1754000037908554
693443,sa3019912,Jason Franks,-0.016720142959426573,1.0,0.0,1.0
680752,sa3020379,Nick Pogue,-0.016721618636019984,1.0,0.0,1.0
676997,sa3011192,Keegan Collett,-0.016729668255211827,1.0,0.0,1.0
800453,sa3019161,Edgar Leon,-0.016736772678747625,1.0,0.17190000414848328,0.19189999997615814
800511,sa3019276,Rodolfo Toledano,-0.016750250781256266,1.0,0.1754000037908554,0.1754000037908554
693702,sa3016234,Junior Cerda,-0.016763935929247638,1.0,0.0,1.0
680580,sa3008487,Wilkelma Castillo,-0.01677143359430853,1.0,0.07980000227689743,0.6248000264167786
820941,sa3024080,Stharlin Torres,-0.016789993079167877,1.0,0.16539999842643738,0.2223999947309494
802409,sa3020866,Jake Madden,-0.016806143112738443,1.0,0.0,1.0
678286,sa3006354,Hugo Beltran,-0.016818486540505634,1.0,0.0,1.0
665981,sa917912,Abel Adames,-0.016820443556796613,1.0,0.02319999970495701,0.8912000060081482
801461,sa3019432,Leam Mendez,-0.016828753306815304,1.0,0.0,1.0
682254,29770,Mason Montgomery,-0.016847025627116468,60.0,0.0,60.0
672765,sa3003026,Santiago Florez,-0.016848664863623432,1.0,0.0,1.0
680801,sa3016938,Jake Schrand,-0.01689691152626074,1.0,0.032999999821186066,0.8450000286102295
682660,sa3009586,Diomede Sierra,-0.016914692007662574,1.0,0.0,1.0
816396,sa3023822,Moises Meza,-0.01691575498760256,1.0,0.16279999911785126,0.23479999601840973
684711,sa3009750,Yonael Dominguez,-0.016922599287358005,1.0,0.07980000227689743,0.6248000264167786
678488,sa3006123,Bryan Lucas,-0.016939321167017334,1.0,0.0,1.0
543518,12056,Scott McGough,-0.016944542230003287,16.0,0.0,16.0
682640,sa3009991,Osiel Rodriguez,-0.016944879867540417,1.0,0.0,1.0
672611,sa3002996,Delvin Capellan,-0.016949463107666853,1.0,0.0,1.0
815919,sa3023818,Branneli Franco,-0.016973017181859253,1.0,0.1754000037908554,0.1754000037908554
695995,sa3016009,Tomas Cleto,-0.016977765954514296,1.0,0.08460000157356262,0.6025999784469604
679648,sa1169857,Jake Stevenson,-0.016990642289222743,1.0,0.0,1.0
683138,sa3008585,Fernando Lozano,-0.016991778120888958,1.0,0.05860000103712082,0.7246000170707703
669796,22318,Jose E. Hernandez,-0.017008521866151365,8.0,0.0,8.0
823214,sa3024097,Rubender Pena,-0.01701215871927995,1.0,0.16539999842643738,0.2223999947309494
805696,sa3019660,Albert Polanco,-0.017016680090554334,1.0,0.17190000414848328,0.19189999997615814
806278,sa3020485,Nathan Landry,-0.017031569397787768,1.0,0.0,1.0
703193,sa3018809,Accimias Morales,-0.017042761809934744,1.0,0.15119999647140503,0.2892000079154968
681839,sa3007935,Leury Tejada,-0.017055555889133885,1.0,0.04740000143647194,0.777400016784668
811595,sa3022419,Dariel Polanco,-0.017056991597533332,1.0,0.17190000414848328,0.19189999997615814
670905,sa3004579,Wellington Diaz,-0.01705852756902981,1.0,0.0,1.0
695985,sa3015288,Nate Tellier,-0.017067058755831435,1.0,0.0,1.0
808713,sa3021023,Oswaldo Aponte,-0.017069402460027396,1.0,0.17190000414848328,0.19189999997615814
800089,sa3018317,Luis Bermudez,-0.01708699073699753,1.0,0.1526000052690506,0.2825999855995178
678758,sa3006495,Alfred Vega,-0.01709248367117878,1.0,0.0,1.0
805374,sa3020454,Tanner Jacobson,-0.017104507068047514,1.0,0.0,1.0
805817,sa3019661,Anthony Garcia,-0.0171076938000401,1.0,0.05950000137090683,0.7204999923706055
695398,sa3016797,Maceo Campbell,-0.017108848163043328,1.0,0.0,1.0
803427,sa3018361,Felix Castro,-0.017111106708816333,1.0,0.14180000126361847,0.33379998803138733
688601,sa3017764,Kobe Robinson,-0.017120471334951152,1.0,0.0,1.0
687225,sa3020257,Billy Seidl,-0.017133453271028,1.0,0.0,1.0
678973,sa3007842,Eiker Huizi,-0.01713675515838982,1.0,0.0,1.0
679903,sa3018109,Zach Pettway,-0.017162505456623397,1.0,0.0,1.0
694475,sa3023372,Cade Austin,-0.017164473116544607,1.0,0.02930000051856041,0.8622999787330627
681391,sa3008332,Holden Laws,-0.017164729652466633,1.0,0.0,1.0
677743,sa3004993,Mark Simon,-0.01716708013528271,1.0,0.0,1.0
668970,25427,Gavin Hollowell,-0.017170322678820214,6.0,0.0,6.0
811598,sa3022420,Kleiber Olmedo,-0.01717511384240557,1.0,0.07320000231266022,0.6561999917030334
820947,sa3024541,Maximo Gonzalez,-0.01718353005457621,1.0,0.1754000037908554,0.1754000037908554
670033,sa918090,Cole Duensing,-0.017206763385700687,1.0,0.0,1.0
683248,sa1172730,Neraldo Catalina,-0.017213684797654425,1.0,0.0,1.0
694771,sa3015011,Thomas Girard,-0.01722777565803596,1.0,0.0,1.0
689303,sa3017611,Ian Foggo,-0.017235315407783842,1.0,0.0,1.0
681776,sa3008477,Jean Correa,-0.01723989098816488,1.0,0.0,1.0
687198,sa3011399,Allan Hernandez,-0.017246510234498805,1.0,0.0,1.0
692859,sa3016487,Wilkerman Munoz,-0.017248064941274434,1.0,0.164000004529953,0.2290000021457672
808110,sa3022124,Renil Ramos,-0.01726462636103799,1.0,0.1754000037908554,0.1754000037908554
693750,sa3015362,Yerlin Rodriguez,-0.017265124661586646,1.0,0.0,1.0
694492,sa3022733,Hayden Durke,-0.017267820982202458,1.0,0.0,1.0
806951,sa3024068,Samuel Perez,-0.0172792702332229,1.0,0.16459999978542328,0.22660000622272491
692229,sa3022732,Carlos Rey,-0.017279339964804456,1.0,0.0,1.0
669343,sa3020734,Julian Bosnic,-0.01728222065011478,1.0,0.0,1.0
808111,sa3022125,Kendal Meza,-0.017304036316868106,1.0,0.17229999601840973,0.19030000269412994
806522,sa3022108,Irving Cota,-0.017316801947897364,1.0,0.03840000182390213,0.8194000124931335
820936,sa3024235,Wenderlyn King,-0.017351456301756118,1.0,0.15469999611377716,0.2727000117301941
807988,sa3020992,Donny Troconis,-0.01735722677391305,1.0,0.15950000286102295,0.25049999356269836
690593,sa3023266,Anthony Arguelles,-0.017359964961271006,1.0,0.0,1.0
698942,sa3016013,Deivy Cruz,-0.017371050368471593,1.0,0.0,1.0
807819,sa3021999,Joel Garcia,-0.017379982020470967,1.0,0.1687999963760376,0.20679999887943268
688087,sa3021466,Nathan Karaffa,-0.017388585044409738,1.0,0.0,1.0
699160,sa3017317,Kevin Briceno,-0.017394092720926572,1.0,0.16189999878406525,0.23890000581741333
683575,sa3009234,Roger Rodriguez,-0.017404394643762717,1.0,0.1535000056028366,0.2784999907016754
805874,sa3019960,Aneudis Mejia,-0.017406141148271343,1.0,0.11580000072717667,0.45579999685287476
813865,sa3023649,Hudson Leach,-0.017408589474758453,1.0,0.012799999676644802,0.9398000240325928
815015,sa3024522,Julio Polanco,-0.017423713994504274,1.0,0.17190000414848328,0.19189999997615814
805291,sa3040586,Vince Reilly,-0.01743134104328918,1.0,0.0,1.0
808508,sa3021016,Lewis Sifontes,-0.017451120708738683,1.0,0.17190000414848328,0.19189999997615814
677322,sa3020377,Elijah Birdsong,-0.017456885312627714,1.0,0.0,1.0
808262,sa3022130,Francisco Morao,-0.017459671838185597,1.0,0.16699999570846558,0.2150000035762787
803291,sa3022950,Christian Oppor,-0.01748095844113157,1.0,0.16459999978542328,0.22660000622272491
808350,sa3021789,Joshua Quezada,-0.017483786215288795,1.0,0.15119999647140503,0.2892000079154968
647217,sa3008159,R.J. Freure,-0.017486945813291542,1.0,0.0,1.0
702210,sa3017789,Daniel Guerrero,-0.017489634194375638,1.0,0.15600000321865082,0.2669999897480011
800107,sa3018825,Wandy Abreu,-0.017500646677480868,1.0,0.16599999368190765,0.2199999988079071
804627,sa3019184,Wilmer Blanco,-0.017504846130390727,1.0,0.1687999963760376,0.20679999887943268
677674,sa3004871,Estarlin Rodriguez,-0.01750782628616095,1.0,0.0,1.0
821621,sa3023849,Jose Silvestre,-0.017523532957955654,1.0,0.17139999568462372,0.19439999759197235
656952,sa3008430,Andrew Shaps,-0.017540570882620177,1.0,0.0,1.0
692288,sa3023037,Donye Evans,-0.017545651271362643,1.0,0.027400000020861626,0.871399998664856
686672,sa3020254,Mark Adamiak,-0.017558609449426655,1.0,0.0,1.0
699391,sa3017785,Zhiorman Imbriano,-0.01755896273078983,1.0,0.16459999978542328,0.22660000622272491
671129,sa3017747,Tyler Ahearn,-0.017591844687811647,1.0,0.0,1.0
821821,sa3024783,Edelvis Perez,-0.017597143467497054,1.0,0.17190000414848328,0.19189999997615814
701183,sa3019642,Drew Irvine,-0.017599134419694438,1.0,0.0,1.0
677124,sa3005196,Sergio Morillo,-0.017609758789243285,1.0,0.0,1.0
692845,sa3015157,Franklin Sanchez,-0.017623884741070673,1.0,0.0,1.0
807830,sa3022001,Michell Chirinos,-0.017624446079439447,1.0,0.16699999570846558,0.2150000035762787
678736,sa3006068,Miguel Rondon,-0.017626518606447483,1.0,0.1573999971151352,0.2603999972343445
808026,sa3022388,Alison Zacarias,-0.017635840777906673,1.0,0.17159999907016754,0.19359999895095825
691774,sa3019239,Irv Carter,-0.017637771571493727,1.0,0.0,1.0
821798,sa3024585,Santiago Rojas,-0.017637843233454933,1.0,0.17190000414848328,0.19189999997615814
702111,sa3017147,Adam Smith,-0.017646671277004814,1.0,0.0,1.0
808052,sa3020999,Johan Moreno,-0.01766253758128584,1.0,0.09489999711513519,0.5539000034332275
808018,sa3022120,Jeison Calvo,-0.017674497423195327,1.0,0.1678999960422516,0.21089999377727509
624418,16377,Ryan Castellani,-0.01767962722076255,1.0,0.0,1.0
702884,sa3017472,Vitico Valdez,-0.01769152365065555,1.0,0.1535000056028366,0.2784999907016754
681640,sa3005881,Freddery Paulino,-0.017691952985146163,1.0,0.15950000286102295,0.25049999356269836
692652,sa3014931,Diego Granado,-0.01769697718449297,1.0,0.028200000524520874,0.8672000169754028
812363,sa3021567,Marlon Nieves,-0.0177333395511662,1.0,0.1754000037908554,0.1754000037908554
674455,sa3007468,Yeury Gervacio,-0.017733784054062698,1.0,0.0,1.0
680780,sa3020318,Mason Ronan,-0.017734152919787496,1.0,0.0,1.0
682974,sa3008559,Gabriel Jaramillo,-0.017758857133420892,1.0,0.0,1.0
689117,sa1170357,Matthew Swain,-0.01776750304060767,1.0,0.0,1.0
687422,sa3014977,Chris Mauloni,-0.01777627194683912,1.0,0.0,1.0
690583,sa3014806,Troy Stainbrook,-0.017781954374025587,1.0,0.0,1.0
683928,sa3009735,Sergio Sanchez,-0.01781209083487345,1.0,0.0,1.0
663464,sa3007712,Colin Schmid,-0.01784790408249905,1.0,0.0,1.0
696095,sa3015363,Angel Hernandez,-0.017865600994747405,1.0,0.0,1.0
677590,sa3006352,Delvis Alegre,-0.017871491894195735,1.0,0.0,1.0
807816,sa3021494,Angel Anazco,-0.017876223456672283,1.0,0.02070000022649765,0.9027000069618225
815184,sa3022360,Christian Rodriguez,-0.01787668949695851,1.0,0.09109999984502792,0.5720999836921692
800512,sa3019383,Gabriel Torres,-0.017878417526042682,1.0,0.1678999960422516,0.21089999377727509
815065,sa3023231,Hunter Mann,-0.017887627436465176,1.0,0.0,1.0
689166,sa3017845,Adam Scoggins,-0.017898166550789834,1.0,0.0,1.0
808063,sa3022418,Maikel Miralles,-0.0179031715820722,1.0,0.08820000290870667,0.5852000117301941
815125,sa3022913,Noah Ruen,-0.01791173225446866,1.0,0.0,1.0
807410,sa3023254,Chay Yeager,-0.01791298162932466,1.0,0.0,1.0
673358,sa3002617,Pedro González,-0.017915085319599792,1.0,0.0,1.0
806892,sa3021737,Emannoel Madeira,-0.017923128457974318,1.0,0.16930000483989716,0.20430000126361847
802993,sa3022860,Joan Gonzalez,-0.017928485576411638,1.0,0.0,1.0
699695,sa3015501,Gleiner Diaz,-0.017928883891093976,1.0,0.0,1.0
814700,sa3023284,Zac Addkison,-0.017932081203757225,1.0,0.05810000002384186,0.7271000146865845
691995,sa3011862,Michael Valera,-0.017935580150262746,1.0,0.0,1.0
800509,sa3018150,Jacob Coats,-0.017946447885195924,1.0,0.0,1.0
814164,sa3023182,Johnathan Rogers,-0.01795549208887656,1.0,0.1678999960422516,0.21089999377727509
695761,sa3020609,Kenya Huggins,-0.017960513118637146,1.0,0.0,1.0
678852,sa3006385,Joseph Hernandez,-0.017962130365230967,1.0,0.0,1.0
700072,sa3015504,Yaqui Rivera,-0.017962290251555952,1.0,0.0,1.0
695366,sa3017368,Holt Jones,-0.01796597015574629,1.0,0.0,1.0
692017,sa3015401,Reinier Parra,-0.017979414597988633,1.0,0.0,1.0
802399,sa3021984,Juan Cota,-0.017979604706340916,1.0,0.16979999840259552,0.20180000364780426
806776,sa3021988,Brandon Herbold,-0.01798181908447848,1.0,0.15950000286102295,0.25049999356269836
687088,sa3011763,Anthony Tomczak,-0.017985853401029418,1.0,0.0,1.0
681450,sa3006414,Angel Cuenca,-0.017989791993434583,1.0,0.0,1.0
808246,sa3021779,Keuri Almonte,-0.018002890434841153,1.0,0.16979999840259552,0.20180000364780426
642121,15256,Cole Sulser,-0.018004536797599748,28.0,0.0,28.0
816290,sa3024217,Christopher Hernandez,-0.01800557603276575,1.0,0.16599999368190765,0.2199999988079071
820854,sa3024227,Hanfermin Vargas,-0.018008328438931995,1.0,0.1754000037908554,0.1754000037908554
803252,sa3019718,Eliseo Mota,-0.018029618494369938,1.0,0.14139999449253082,0.3353999853134155
801738,sa3018350,Josue Arias,-0.018029797172514003,1.0,0.1687999963760376,0.20679999887943268
808218,sa3021006,Luis Carias,-0.018033776810440386,1.0,0.1754000037908554,0.1754000037908554
701569,sa3017937,Aaron Holiday,-0.018038996748759438,1.0,0.04879999905824661,0.770799994468689
680601,sa3006406,Augusto Calderon,-0.018044750069201723,1.0,0.02370000071823597,0.888700008392334
695274,sa3015075,Tanner Propst,-0.018049791956589286,1.0,0.0,1.0
692838,sa3016230,Jaydenn Estanista,-0.018060748945983807,1.0,0.0,1.0
808846,sa3022908,Devin Kirby,-0.01808720635064544,1.0,0.0,1.0
687258,sa3017273,Johnny Ray,-0.018088409002476175,1.0,0.0,1.0
815454,sa3023576,Chris Kean,-0.018090542622676686,1.0,0.02810000069439411,0.8680999875068665
800173,sa3018829,Manuel Cazorla,-0.018101388417575918,1.0,0.15119999647140503,0.2892000079154968
692248,sa3017888,Adam Shoemaker,-0.018106245359254484,1.0,0.07320000231266022,0.6561999917030334
689185,sa3017197,Everhett Hazelwood,-0.018116203525685493,1.0,0.0,1.0
694504,sa3022943,Luke Savage,-0.01812573918430981,1.0,0.0,1.0
820898,sa3023829,Fabian Soto,-0.01812671588266955,1.0,0.1754000037908554,0.1754000037908554
691259,sa3014705,Brayan Medina,-0.01812770586270904,1.0,0.1712000072002411,0.19519999623298645
667669,sa3011232,Keegan James,-0.01814423064223159,1.0,0.0,1.0
808720,sa3022219,Jordany Chirinos,-0.01815104178647934,1.0,0.16110000014305115,0.24310000240802765
806288,sa3020487,Stefan Raeth,-0.01816484645254287,1.0,0.0,1.0
823858,sa3024275,Jaitoine Kelly,-0.01816637620980228,1.0,0.17190000414848328,0.19189999997615814
693754,sa3015988,Luis Osorio,-0.01817277659091289,1.0,0.16539999842643738,0.2223999947309494
641745,15734,Brad Keller,-0.018176350946576283,57.0,0.0,57.0
806634,sa3020821,Garrett Apker,-0.01818578855096363,1.0,0.016300000250339508,0.92330002784729
802085,sa3019581,Geury Rodriguez,-0.018192767827056585,1.0,0.13840000331401825,0.34940001368522644
805064,sa3019294,Frank Moreno,-0.018211741291838363,1.0,0.1404000073671341,0.34040001034736633
806102,sa3021987,Jose Varela,-0.018213714870148584,1.0,0.15950000286102295,0.25049999356269836
823864,sa3024277,Carlos Rodriguez,-0.018215486062104578,1.0,0.15109999477863312,0.29010000824928284
692653,sa3015456,Franyelson Rodriguez,-0.018220020204388447,1.0,0.0,1.0
696098,sa3015483,Jose Romero,-0.01823404414220686,1.0,0.0,1.0
800462,sa3018860,Jesús  Palacios,-0.01823899976204907,1.0,0.1460999995470047,0.31310001015663147
692842,sa3015217,Yunior Thibo,-0.01826050330250132,1.0,0.0,1.0
696059,sa3015481,Johan Simon,-0.018285132728197026,1.0,0.12530000507831573,0.41130000352859497
692755,sa3015667,Grabiel Salazar,-0.01830061918198791,1.0,0.02370000071823597,0.888700008392334
699283,sa3016846,Cleiber Maldonado,-0.01830785700607804,1.0,0.02810000069439411,0.8680999875068665
675530,sa3004769,Yoilan Quinonez,-0.01831011757382362,1.0,0.0,1.0
823714,sa3024469,Cesar Aquino,-0.018315620042722653,1.0,0.1460999995470047,0.31310001015663147
800321,sa3018326,Raimy Rodriguez,-0.018320359388417983,1.0,0.13490000367164612,0.3659000098705292
692037,sa3016465,Adrian Quintana,-0.018376120582275723,1.0,0.0,1.0
802104,sa3019503,Alvaro Pineda,-0.018379487775410732,1.0,0.164000004529953,0.2290000021457672
683637,sa3009238,Brailin Rodriguez,-0.018381938227329062,1.0,0.0,1.0
683497,sa3009477,Wilker Reyes,-0.018385325830989657,1.0,0.0,1.0
806913,sa3021486,Dawel Serda,-0.018391754991690382,1.0,0.1632000058889389,0.23319999873638153
815276,sa3022372,Sebastian Estiven,-0.01839694991662336,1.0,0.16699999570846558,0.2150000035762787
685473,sa3009521,Reibyn Corona,-0.018398280516765626,1.0,0.0,1.0
681646,sa3008264,Oriel Castro,-0.018399354517591896,1.0,0.04749999940395355,0.7764999866485596
821589,sa3023848,Keiber Armas,-0.01841244672096889,1.0,0.1526000052690506,0.2825999855995178
808005,sa3021505,Walvin Mena,-0.018414664042702464,1.0,0.1712000072002411,0.19519999623298645
813707,sa3022957,Merrick Baldo,-0.01842054804475352,1.0,0.0,1.0
811616,sa3022042,Mauricio Colmenares,-0.018420834453574463,1.0,0.1573999971151352,0.2603999972343445
808300,sa3022020,Gabriel Colmenarez,-0.018426656916128745,1.0,0.16599999368190765,0.2199999988079071
677678,sa3005432,Alex Valdez,-0.01843795845586166,1.0,0.0,1.0
806239,sa3019776,Jesus Colina,-0.018459042307668348,1.0,0.15790000557899475,0.2578999996185303
821825,sa3024590,Jose De La Rosa,-0.018462764064326478,1.0,0.1754000037908554,0.1754000037908554
692480,sa3015349,Cesar Ayala,-0.01846864033346568,1.0,0.17190000414848328,0.19189999997615814
703935,sa3019129,Eligio Paredes,-0.018475342852143237,1.0,0.0,1.0
808313,sa3021010,Jesus Tillero,-0.018476231947251457,1.0,0.15119999647140503,0.2892000079154968
808349,sa3021788,Cristian Hernandez,-0.018479742892513487,1.0,0.16979999840259552,0.20180000364780426
694832,sa3023175,Cody Adcock,-0.018504369659225355,1.0,0.0,1.0
689123,sa3018095,Palmer Wenzel,-0.018519758014692148,1.0,0.0,1.0
808163,sa3022128,Kelvin Rosario,-0.018523402324406097,1.0,0.1460999995470047,0.31310001015663147
800262,sa3018324,Jeffrey German,-0.01852432919604107,1.0,0.14980000257492065,0.29580000042915344
806430,sa3019819,Jonh Henriquez,-0.01852444753611745,1.0,0.0,1.0
820966,sa3023693,Estarlin Francisco,-0.018528470050546954,1.0,0.1754000037908554,0.1754000037908554
694040,sa3015085,Julio Dilone,-0.018535797566292832,1.0,0.0,1.0
678672,sa3006127,Carlos Guarate,-0.01854089146280429,1.0,0.021900000050663948,0.8968999981880188
800798,sa3023480,Thomas Bruss,-0.018545443941788302,1.0,0.0,1.0
801841,sa3022736,Shane Telfer,-0.018561209857848062,1.0,0.0,1.0
663745,sa3008597,Joe DeMers,-0.018571202597530676,1.0,0.0,1.0
694383,sa3023275,Grayson Moore,-0.018573546058329445,1.0,0.0,1.0
800618,sa3023596,Paul Wilson,-0.018578847767252073,1.0,0.1632000058889389,0.23319999873638153
678219,sa3007036,Yerry Landinez,-0.01858289380865135,1.0,0.03400000184774399,0.8399999737739563
685734,sa3009636,Victor Lopez,-0.01859808188539655,1.0,0.0,1.0
696037,sa3016011,Brayan Palencia,-0.018606018155268505,1.0,0.03669999912381172,0.8277000188827515
681799,24930,Ethan Roberts,-0.018608023466710522,28.0,0.0,28.0
690218,sa3011795,Benjamin Dum,-0.018614006806221238,1.0,0.0,1.0
679026,sa3007963,Erick Pinales,-0.018632138465563525,1.0,0.0,1.0
700353,sa3016284,Andres Silvera,-0.018668682531664333,1.0,0.13490000367164612,0.3659000098705292
691619,sa3015426,Miguel Segura,-0.01866997277958647,1.0,0.14139999449253082,0.3353999853134155
669323,sa918752,Malcolm Van Buren,-0.01869011320116518,1.0,0.0,1.0
683466,sa3009475,Nyan Hernandez,-0.018693146765545964,1.0,0.15610000491142273,0.2660999894142151
691495,sa3016739,Luis Polanco,-0.018703968269723547,1.0,0.0,1.0
685073,sa3018267,Logan Lyle,-0.018709145244999052,1.0,0.02630000002682209,0.8762999773025513
680663,sa3008373,Jose Santamaria,-0.018710112665483114,1.0,0.0,1.0
687760,sa3018239,Jackson Leath,-0.018718233544857424,1.0,0.0,1.0
702102,sa3020595,Alex Rao,-0.018723743928820667,1.0,0.0,1.0
805398,sa3019755,Jonaiker Castellar,-0.01873800112260746,1.0,0.1535000056028366,0.2784999907016754
800580,sa3019169,Yimi Presinal,-0.018745397520113175,1.0,0.0,1.0
802093,sa3018890,Antonio Florido,-0.018746133983099007,1.0,0.1754000037908554,0.1754000037908554
672710,22810,Roansy Contreras,-0.01874651883715331,18.0,0.0,18.0
800857,sa3020596,Josh Bortka,-0.018750422252773367,1.0,0.0,1.0
807818,sa3022267,Mervin Fell,-0.018755917636627237,1.0,0.13699999451637268,0.35600000619888306
694041,sa3015996,Anyelo Ovando,-0.018760237954464045,1.0,0.0,1.0
678014,sa3020465,Austin Becker,-0.018761030100454813,1.0,0.0,1.0
802984,sa3020331,Livan Reinoso,-0.018766712634612805,1.0,0.0,1.0
696038,sa3014873,Hunter Peck,-0.018768302880728407,1.0,0.0,1.0
699715,sa3017144,Daniel Mejia,-0.0187716991515711,1.0,0.16599999368190765,0.2199999988079071
815190,sa3022389,Deybi Salcedo,-0.018774280895056616,1.0,0.1573999971151352,0.2603999972343445
674001,sa3016904,Luke Boyd,-0.01877434628287789,1.0,0.0,1.0
800499,sa3019166,Edwin Moreno,-0.018778831792625045,1.0,0.15950000286102295,0.25049999356269836
701557,sa3023081,Carlos Lequerica,-0.01878531251191836,1.0,0.0,1.0
699059,sa3016026,Maximo Martinez,-0.018787095117312472,1.0,0.16459999978542328,0.22660000622272491
805774,sa3019699,Gregori Louis,-0.018805639039996696,1.0,0.0,1.0
683596,sa3008708,Wilgenis Alvarado,-0.018806903889418743,1.0,0.0,1.0
691428,sa3011422,Wandi Montout,-0.0188287315428919,1.0,0.0,1.0
807841,sa3021497,Darwin Rodriguez,-0.018832731996752446,1.0,0.12999999523162842,0.3889999985694885
703921,sa3019370,Chalniel Arias,-0.01883390947211042,1.0,0.12530000507831573,0.41130000352859497
679014,sa3005451,Oliver Mateo,-0.01884100430805269,1.0,0.0,1.0
695871,sa3022905,Jesús Broca,-0.01884404074505686,1.0,0.0,1.0
665984,sa917807,Edison Suriel,-0.018871078741796544,1.0,0.0,1.0
678617,sa3006374,Cristofer Mezquita,-0.01887493565491313,1.0,0.13699999451637268,0.35600000619888306
687857,sa3010627,Sam Ryan,-0.018892659148239278,1.0,0.0,1.0
808292,sa3024204,Wilmer Lugo,-0.018892663696648052,1.0,0.1573999971151352,0.2603999972343445
690232,sa3014867,Bailey Reid,-0.018893220053888278,1.0,0.0,1.0
669380,sa3011130,Chris Lincoln,-0.01890209616275853,1.0,0.0,1.0
800226,sa3019717,Xavier Ruiz,-0.018909695682318723,1.0,0.0,1.0
809702,sa3021553,Joel Canizalez,-0.01893104678213118,1.0,0.10019999742507935,0.52920001745224
800154,sa3019261,Marcos Herrera,-0.018941258208843525,1.0,0.1460999995470047,0.31310001015663147
675989,23265,Cody Bolton,-0.01894952952175125,35.0,0.0,35.0
800073,sa3018820,Bryan Bautista,-0.018949859499067287,1.0,0.1535000056028366,0.2784999907016754
685086,sa3023404,Jack White,-0.01895595125095587,1.0,0.0,1.0
806706,sa3021481,Ismael Cabral,-0.018965302200483113,1.0,0.17229999601840973,0.19030000269412994
808167,sa3023083,Alexander De Los Santos,-0.01897275928640566,1.0,0.1678999960422516,0.21089999377727509
694042,sa3015997,Ulices Campos,-0.018984818711361057,1.0,0.0,1.0
681759,sa3008580,Royman Blanco,-0.018991562976143208,1.0,0.02370000071823597,0.888700008392334
688730,sa3020741,Marques Johnson,-0.019004379574053362,1.0,0.01600000075995922,0.925000011920929
687672,sa3009640,Yovanny Cabrera,-0.01901219187009199,1.0,0.0,1.0
687437,sa3010574,Spencer Mraz,-0.019021440937120087,1.0,0.0,1.0
800247,sa3020967,Wilmer Ramirez,-0.0190376184804264,1.0,0.16110000014305115,0.24310000240802765
801540,sa3020403,Bubba Hall,-0.019041221725855696,1.0,0.0,1.0
683617,sa3009484,Yaifer Perdomo,-0.01904782187301055,1.0,0.0,1.0
676620,sa3004211,Blake Weiman,-0.019055570009999873,13.0,0.0,13.0
681583,sa3008334,Alexuan Vega,-0.01907013150009485,1.0,0.0,1.0
702212,sa3017321,Jordarlin Mendoza,-0.019091775918311835,1.0,0.13490000367164612,0.3659000098705292
808268,sa3021781,Juan Rasquin,-0.019105287546279496,1.0,0.1615999937057495,0.24060000479221344
800064,sa3019709,Eliazar De Los Santos,-0.01912060567290354,1.0,0.1573999971151352,0.2603999972343445
689583,sa3015385,Adrian Rodriguez,-0.019134754987188647,1.0,0.0,1.0
676902,sa3017067,Harry Rutkowski,-0.019156151689623955,1.0,0.0,1.0
673448,sa3002809,Nelfri Contreras,-0.01916344206801311,1.0,0.0,1.0
801743,sa3018882,Adolfo Oviedo,-0.019171479137253544,1.0,0.1460999995470047,0.31310001015663147
695950,sa3015335,Nicolo Pinazzi,-0.019179538890175953,1.0,0.046799998730421066,0.7797999978065491
679645,sa3014920,Sam Thoresen,-0.01918571079103372,1.0,0.0,1.0
693709,sa3015218,Christopher Vasquez,-0.019186792591860014,1.0,0.07109999656677246,0.666100025177002
808107,sa3022012,Greudis De Los Santos,-0.019238406367383713,1.0,0.16459999978542328,0.22660000622272491
805681,sa3019598,Edinson Salgado,-0.01925510925962853,1.0,0.16189999878406525,0.23890000581741333
808851,sa3021549,Lucas Gordillo,-0.01926006189061108,1.0,0.0,1.0
815855,sa3024528,Darian Rivero,-0.019268909478046117,1.0,0.17229999601840973,0.19030000269412994
669162,sa3004644,Rickey Ramirez,-0.019275450933399906,1.0,0.0,1.0
683676,sa3009242,Aneudy Cortorreal,-0.0192875420792105,1.0,0.0,1.0
814252,sa3021041,Sandy Ozuna,-0.019328342591372245,1.0,0.1460999995470047,0.31310001015663147
692669,sa3016595,Steven Sanchez,-0.019329363687144212,1.0,0.0,1.0
809699,sa3021643,Argenis Aparicio,-0.019341746709849714,1.0,0.14139999449253082,0.3353999853134155
691315,sa3011574,Yehizon Sanchez,-0.019342082465094092,1.0,0.0,1.0
806948,sa3020982,Luis Aguilar,-0.01936328501548943,1.0,0.13300000131130219,0.375
806379,sa3019796,Yeimison Arias,-0.01938589283108828,1.0,0.1460999995470047,0.31310001015663147
800308,sa3019151,Inmer Lobo,-0.01939220000954087,1.0,0.0,1.0
806625,sa3023615,Victor Garcia,-0.019393439823161055,1.0,0.05420000106096268,0.745199978351593
666690,sa916705,Angello Infante,-0.019398436922895636,1.0,0.0,1.0
683474,sa3009605,Soenni Martinez,-0.0194015165120117,1.0,0.0,1.0
683084,sa3020620,Mack Anglin,-0.01940544368824136,1.0,0.013700000010430813,0.935699999332428
808010,sa3022325,Joan Ogando,-0.019411946174110576,1.0,0.05979999899864197,0.7188000082969666
699120,sa3015495,Luis Viloria,-0.0194234473432897,1.0,0.0,1.0
664771,sa3008274,Joey Matulovich,-0.019430221608178783,1.0,0.0,1.0
676506,sa3004465,Gio Arriera,-0.019431084614450637,1.0,0.0,1.0
807835,sa3021755,Jonawel Valdez,-0.019434163919333333,1.0,0.1518000066280365,0.28679999709129333
813829,sa3023226,Zane Barnhart,-0.019437817275379354,1.0,0.0,1.0
802743,sa3018355,Rodolfo Garrido,-0.019471925544233777,1.0,0.15950000286102295,0.25049999356269836
684328,sa3008723,Frander Veras,-0.01948238599904462,1.0,0.0,1.0
571656,14814,Buck Farmer,-0.019484062953247568,40.0,0.0,40.0
692410,sa3016475,Samuel Mejia,-0.019493391422467202,1.0,0.0,1.0
682932,sa3009596,Pablo Mujica,-0.01949373875505536,1.0,0.02419999986886978,0.8862000107765198
815318,sa3022914,Josh Harlow,-0.019495283645247666,1.0,0.0,1.0
805144,sa3018375,Riskiel Tineo,-0.019498592970432316,1.0,0.0,1.0
693747,sa3015987,Carlos Lopez,-0.019499038565668435,1.0,0.15929999947547913,0.25130000710487366
807401,sa3020985,Yannelbinson Lugo,-0.019502930391806016,1.0,0.16459999978542328,0.22660000622272491
678581,sa3006369,Karlo Seijas,-0.019520724439163546,1.0,0.06069999933242798,0.7146999835968018
682451,sa3007496,Enrique Santana,-0.019522914617307673,1.0,0.0,1.0
682931,sa3009219,Juan Martinez,-0.019529479777599338,1.0,0.027499999850988388,0.8705000281333923
683613,sa3008710,Audry Lugo,-0.01953628954671372,1.0,0.0,1.0
808222,sa3021519,Jesus Flores,-0.01953868433777384,1.0,0.041600000113248825,0.8046000003814697
683874,sa3020801,Elliot Johnstone,-0.019539247068552604,1.0,0.0,1.0
677804,sa3005433,Eric Mendez,-0.01954232496352838,1.0,0.0,1.0
683517,sa3009229,Jorge Garcia,-0.019547897758966728,1.0,0.027499999850988388,0.8705000281333923
696001,sa3014872,Miguel Guerrero,-0.019549100518814994,1.0,0.0,1.0
676263,30249,Jack Dreyer,-0.019552006105428767,35.0,0.0,35.0
703102,sa3018807,Anfernny Reyes,-0.019557601559737257,1.0,0.0,1.0
681385,sa3007610,Christian Tripp,-0.01956227945089051,1.0,0.0,1.0
682247,sa3011238,Ted Stuka,-0.019566591412617844,1.0,0.0,1.0
686460,sa3011099,Natanael Garabitos,-0.0195692383973017,1.0,0.0,1.0
681043,sa3011134,Jake Sweeney,-0.019599167697575828,1.0,0.038100000470876694,0.8210999965667725
666463,sa917804,Yeremin Lara,-0.019607236117667938,1.0,0.0,1.0
700189,sa3017897,Trevor Tietz,-0.019613395260033903,1.0,0.0,1.0
677656,sa3004869,Ernesto Jaquez,-0.019639727941806046,1.0,0.0,1.0
808487,sa3021791,Jose Romero,-0.019659690930776394,1.0,0.13699999451637268,0.35600000619888306
680863,sa3017843,Sean Mullen,-0.019662961404908863,1.0,0.025800000876188278,0.8787999749183655
703242,sa3019123,Anyer Laureano,-0.019714287036175674,1.0,0.0,1.0
703937,sa3019053,Yafrerlyn Vasquez,-0.019715495551012544,1.0,0.15950000286102295,0.25049999356269836
801787,sa3019487,Evelio Hernandez,-0.01975532027605922,1.0,0.12530000507831573,0.41130000352859497
678370,sa3006483,Bryan Peña,-0.019755758338129717,1.0,0.0,1.0
800207,sa3019373,Manuel Perez,-0.019784205289568767,1.0,0.14229999482631683,0.3312999904155731
806817,sa3022179,Yeferson Silva,-0.019792969536163583,1.0,0.15039999783039093,0.29339998960494995
821097,sa3024559,Maikel Rodriguez,-0.019810846803332317,1.0,0.1632000058889389,0.23319999873638153
804694,sa3019745,Kleyderve Andrade,-0.019813399815120748,1.0,0.0,1.0
805264,sa3019849,Ethan Hammerberg,-0.019818664256699477,1.0,0.0,1.0
695250,sa3017753,Josh Swales,-0.019827422556650494,1.0,0.0,1.0
805084,sa3019298,Vince Sanchez,-0.019832745005279796,1.0,0.1525000035762787,0.28349998593330383
681284,sa3018111,Riggs Threadgill,-0.019856972230228344,1.0,0.0,1.0
810049,sa3022146,Ezequiel Jimenez,-0.019863581324447505,1.0,0.1526000052690506,0.2825999855995178
805741,sa3019719,Leodarlyn Colon,-0.01986413863792886,1.0,0.16249999403953552,0.23649999499320984
802099,sa3019288,Luis Valdez,-0.01988311169188388,1.0,0.10320000350475311,0.5152000188827515
660789,sa873218,Julio Frias,-0.019889350493323313,1.0,0.0,1.0
807765,sa3021492,Julio Rosario,-0.01989040882330831,1.0,0.0,1.0
670921,sa921578,Enmanuel Solano,-0.01989107393352811,1.0,0.0,1.0
686627,sa3010375,Jefferson Lopez,-0.019897968804749932,1.0,0.0,1.0
808531,sa3022030,Rudit Pina,-0.019899298215468233,1.0,0.1687999963760376,0.20679999887943268
680770,sa3020317,Chance Huff,-0.019927052449240278,1.0,0.0,1.0
702060,sa3023005,Seth Chavez,-0.01994420610232026,1.0,0.0,1.0
699060,sa3016027,Dailoui Abad,-0.019957910784463302,1.0,0.0,1.0
811236,sa3022303,Yoelvin Chirino,-0.0199598083393118,1.0,0.1535000056028366,0.2784999907016754
624647,16408,Victor González,-0.01996406102098683,12.0,0.0,12.0
800479,sa3019659,Alfonso Perez,-0.019968455570035112,1.0,0.1632000058889389,0.23319999873638153
683677,sa3009488,Johan Montero,-0.019974048419651072,1.0,0.0,1.0
678556,sa3020947,Liam Doolan,-0.020004576220247892,1.0,0.0,1.0
677541,sa3004802,Michele Vassalotti,-0.020015038163215648,1.0,0.0,1.0
810047,sa3024520,Oscar Romero,-0.02001633121224684,1.0,0.15469999611377716,0.2727000117301941
678775,sa3006132,Luis Cepeda,-0.020017381956237968,1.0,0.1096000000834465,0.4846000075340271
800236,sa3019062,Josmar Acevedo,-0.020021809444070632,1.0,0.15839999914169312,0.25540000200271606
808891,sa3021803,Luimy Munoz,-0.020030625723237327,1.0,0.12890000641345978,0.3939000070095062
691309,sa3018286,Albert Rivas,-0.020047734799946433,1.0,0.0,1.0
659392,sa3006757,Will McAffer,-0.020050119529556047,1.0,0.0,1.0
680727,sa3018177,Steve Hajjar,-0.020078380001336448,1.0,0.04610000178217888,0.7831000089645386
699054,sa3016259,Austin Aldeano,-0.020100238698102544,1.0,0.14980000257492065,0.29580000042915344
802088,sa3019175,Henson Leal,-0.02010851089394851,1.0,0.0,1.0
702905,sa3018303,Reynaldo Yean,-0.02010971135580825,1.0,0.0,1.0
682896,sa3008266,Reyson Santos,-0.020121379985464954,1.0,0.0,1.0
702860,sa3016816,Elvis Novas,-0.02012307522273702,1.0,0.0,1.0
702907,sa3018805,Daniel Nunez,-0.020124703662254943,1.0,0.15469999611377716,0.2727000117301941
663577,sa3007458,Liam Jenkins,-0.020132211089115302,1.0,0.0,1.0
806672,sa3021479,Alix Hernandez,-0.020140266946458627,1.0,0.038600001484155655,0.8185999989509583
680612,sa3005460,Osvaldo De La Rosa,-0.020142838036865573,1.0,0.024399999529123306,0.8853999972343445
700356,sa3018041,Greiber Mendez,-0.020145074108880365,1.0,0.0,1.0
821142,sa3024091,Fabian Gallardo,-0.020153813158199984,1.0,0.1460999995470047,0.31310001015663147
676502,sa3019949,Roman Phansalkar,-0.020158879530356253,1.0,0.0,1.0
803246,sa3018356,Rolando Casihis,-0.020174404779874557,1.0,0.1460999995470047,0.31310001015663147
800897,sa3018237,Bowen Plagge,-0.02017971200463426,1.0,0.0,1.0
699121,sa3015496,Fernando Guanare,-0.020189187432007597,1.0,0.0,1.0
701107,sa3017899,Blake Seigler,-0.020234839651221654,1.0,0.0,1.0
681405,sa3024979,Elijah Pleasants,-0.0202450304263731,1.0,0.03669999912381172,0.8277000188827515
806866,sa3021484,Marco Corcho,-0.020251428584097987,1.0,0.0,1.0
805781,sa3019652,Francisco Mercado,-0.020265316814565934,1.0,0.15469999611377716,0.2727000117301941
687687,sa3011366,Brayner Sánchez,-0.020285550418758156,1.0,0.0,1.0
808485,sa3022028,Bayant Melo,-0.020295860068683884,1.0,0.1754000037908554,0.1754000037908554
686339,sa3009788,Wilmer Ortega,-0.020300300043488848,1.0,0.0,1.0
701121,31884,Logan VanWey,-0.02030497004063489,46.0,0.0,46.0
678888,sa3008164,Miguel Vinicio,-0.020306205002881626,1.0,0.0,1.0
684059,sa3011624,Deretd Parra,-0.020307010860794342,1.0,0.0,1.0
807763,sa3021491,Damian Jimenez,-0.020311661863259643,1.0,0.14579999446868896,0.3147999942302704
805987,sa3025114,Justin Showalter,-0.020326135410077082,1.0,0.0,1.0
678268,sa3006066,Miguel Suero,-0.020339669957360595,1.0,0.0,1.0
806666,sa3020344,Juanmi Vasquez,-0.02035590444737603,1.0,0.053300000727176666,0.7493000030517578
687525,sa3011535,Bobby Ay,-0.02035655606629361,1.0,0.0,1.0
699703,sa3018296,Saul Teran,-0.020358361810704936,1.0,0.0,1.0
701769,sa3016070,Leoni De La Cruz,-0.02036734998826417,1.0,0.0,1.0
699226,sa3015497,Lisandro Almonte,-0.020378800622121985,1.0,0.0,1.0
826466,sa3024615,Winyer Chourio,-0.02040572779378504,1.0,0.1459999978542328,0.3140000104904175
815111,sa3023088,Keegan Zinn,-0.020416390188405353,1.0,0.14980000257492065,0.29580000042915344
814134,sa3021573,Diego Palmero,-0.02041867968884015,1.0,0.1687999963760376,0.20679999887943268
805684,sa3019567,Cristofer Gomez,-0.020422343698424696,1.0,0.0,1.0
679566,sa3006502,Wardquelin Vasquez,-0.020424678987936665,1.0,0.0,1.0
815969,sa3024531,Bernardo Rivera,-0.020449508243627772,1.0,0.14159999787807465,0.3346000015735626
681051,sa3005877,Dionys Rodriguez,-0.02045207810445759,1.0,0.0,1.0
676322,sa3005258,Junior Mieses,-0.020464286291486864,1.0,0.0,1.0
808065,sa3021511,Joelvis Perez,-0.02046452944894164,1.0,0.1678999960422516,0.21089999377727509
808155,sa3022182,Pedro Peralta,-0.020471739071842934,1.0,0.16599999368190765,0.2199999988079071
690995,sa3023173,Timmy Manning,-0.020476570235722684,1.0,0.0,1.0
814715,sa3022207,Jose Martinez,-0.020481845236846097,1.0,0.11699999868869781,0.44999998807907104
692349,sa3016471,Rolfi Jimenez,-0.020485229522955204,1.0,0.13840000331401825,0.34940001368522644
685481,sa3017389,Moises Rodriguez,-0.020489834925023483,1.0,0.0,1.0
807959,sa3022118,Francis Marte,-0.020498202605411315,1.0,0.14139999449253082,0.3353999853134155
689110,sa3020955,Caswell Smith,-0.020517188925215413,1.0,0.0,1.0
679029,sa3005849,Samuel Vásquez,-0.0205358480014443,1.0,0.0,1.0
678378,sa3006615,Danny Moreno,-0.020536976968731996,1.0,0.0,1.0
687393,sa3023095,Doug Kirkland,-0.020540054838275423,1.0,0.0,1.0
807961,sa3021760,Freilyn Guzman,-0.02055225694618473,1.0,0.15950000286102295,0.25049999356269836
800086,sa3019055,Emmanuel Martinez,-0.020558954607196124,1.0,0.0877000018954277,0.5877000093460083
678364,sa3006585,Hendry Nunez,-0.020560469401456026,1.0,0.0,1.0
800461,sa3019164,Luis Gonzalez,-0.02057226244092139,1.0,0.09749999642372131,0.5414999723434448
669199,19222,Lake Bachar,-0.02058319882820926,60.0,0.0,60.0
702238,sa3017987,Malik Binns,-0.020583834817282872,1.0,0.0,1.0
802073,sa3019393,Aneuris Rodriguez,-0.020594829414199513,1.0,0.13529999554157257,0.364300012588501
702390,sa3016624,Ronny Oliver,-0.020603489168425256,1.0,0.15950000286102295,0.25049999356269836
802106,sa3018892,Wander Ventura,-0.02061034529886524,1.0,0.13699999451637268,0.35600000619888306
675132,sa3008549,Yamil Castillo,-0.020612461561643043,1.0,0.0,1.0
691327,sa3015418,César Álvarez,-0.020629585120474362,1.0,0.0,1.0
675654,sa3005025,Sam Keating,-0.020641882320824086,1.0,0.0,1.0
695368,sa3020263,Austin Temple,-0.020650980536976917,1.0,0.0,1.0
804448,sa3020335,Cristofher Carrasco,-0.020668449432638226,1.0,0.051600001752376556,0.7576000094413757
694936,sa3015012,Connor Pellerin,-0.020669427256005127,1.0,0.0,1.0
676370,sa3011133,Chad Bryant,-0.020687505382378273,1.0,0.0,1.0
690284,sa3019610,Shane Gustafson,-0.020702997907064997,1.0,0.0,1.0
808035,sa3021767,Daury Vasquez,-0.020726870673453943,1.0,0.1501999944448471,0.29420000314712524
692549,sa3016589,Luis Tejeda,-0.020741974543032324,1.0,0.0,1.0
807629,sa3022180,Darcy Longstaff,-0.02076901517933105,1.0,0.15119999647140503,0.2892000079154968
687984,sa3020559,Brady Hill,-0.020783391817438112,1.0,0.0,1.0
804583,sa3020973,Garrett Ramsey,-0.020804554465852686,1.0,0.0,1.0
809459,sa3022955,Morris Austin,-0.020821532683610384,1.0,0.021900000050663948,0.8968999981880188
806466,sa3019820,Braulio Salas,-0.020829365635020764,1.0,0.13490000367164612,0.3659000098705292
692223,sa3023658,Mason Miller,-0.020835605066771096,1.0,0.0,1.0
683124,sa3008571,Fernando Olguin,-0.020847741278159478,1.0,0.0,1.0
700326,sa3016616,Jonney Rosario,-0.020851382903723573,1.0,0.0,1.0
694947,sa3021471,Jesus Rios,-0.02085606796874887,1.0,0.0,1.0
808664,sa3021543,Juan Archbold,-0.020856180044990274,1.0,0.156700000166893,0.263700008392334
805647,sa3020455,Christian Ciuffetelli,-0.02085717021137476,1.0,0.0,1.0
692507,sa3017137,Nathanael Perez Gonzalez,-0.020857540579446634,1.0,0.0,1.0
684957,sa3009753,Miguel Alfonseca,-0.02086479449223436,1.0,0.0,1.0
803045,sa3023252,Chase Hopewell,-0.020870571664901392,1.0,0.0,1.0
686790,26448,Trevor McDonald,-0.020873992699264893,38.0,0.0,38.0
681221,sa3020467,Javier Ramos,-0.020874996441031052,1.0,0.0,1.0
691767,sa3014476,Nick Bitsko,-0.02087734704970657,1.0,0.1096000000834465,0.4846000075340271
699330,sa3016270,Ismael Michel,-0.02087911725459288,1.0,0.0,1.0
681553,sa3023030,Connery Peters,-0.02087986926295468,1.0,0.0,1.0
815291,sa3022958,Tom Reisinger,-0.020893108437670584,1.0,0.10700000077486038,0.4970000088214874
692822,sa3016484,Olmandi Diaz,-0.020900887308858394,1.0,0.13840000331401825,0.34940001368522644
685769,sa3009525,Luis Almonte,-0.020903146677559572,1.0,0.0,1.0
686653,sa3010662,Danny Cody,-0.020905604919000634,1.0,0.0,1.0
800536,sa3019070,Adonis Villavicencio,-0.02095031547152822,1.0,0.0,1.0
683388,sa3010795,Kelvin LaRoche,-0.020956985273757438,1.0,0.0,1.0
687202,sa3020604,Mark McLaughlin,-0.02096112421858428,1.0,0.0,1.0
682743,sa3008137,Victor Villanueva,-0.020993366378018644,1.0,0.0,1.0
683476,sa3015329,Miguel Gil,-0.020996192798368004,1.0,0.0,1.0
808385,sa3022027,Johander Rubio,-0.02099992168028877,1.0,0.1678999960422516,0.21089999377727509
687664,sa3011595,Jose Jimenez,-0.02102188109906253,1.0,0.0,1.0
682803,sa3009212,Luis Talavera,-0.021038715991718384,1.0,0.0,1.0
691583,sa3016458,Enderjer Sifontes,-0.02104735571666604,1.0,0.07159999758005142,0.6636000275611877
686246,sa3014861,Levi Prater,-0.021068948915154206,1.0,0.0,1.0
663453,sa3007586,Hazahel Quijada,-0.02107388437164099,1.0,0.0,1.0
687993,sa3020832,Matt Wyatt,-0.021077062102629364,1.0,0.0,1.0
808523,sa3021792,Edward Cedano,-0.021080238752773404,1.0,0.16599999368190765,0.2199999988079071
687643,sa3010666,Kumar Nambiar,-0.0210840413937594,1.0,0.020899999886751175,0.9018999934196472
703461,sa3018812,Luis Hernandez,-0.021089840379272397,1.0,0.0,1.0
695231,sa3020564,Patrick Pridgen,-0.021111403754177242,1.0,0.033900000154972076,0.8409000039100647
677316,sa3008387,Damon Casetta-Stubbs,-0.021112695762516395,1.0,0.0,1.0
703395,sa3017900,Dayan Reinoso,-0.021128182388355787,1.0,0.0,1.0
677802,sa3005219,Wilber Perez,-0.021142188975232127,1.0,0.0,1.0
808053,sa3021768,Miguel Cruz,-0.021146765878958133,1.0,0.16110000014305115,0.24310000240802765
683446,sa3009472,Jhan Zambrano,-0.021148578618495867,1.0,0.0,1.0
683015,sa3008445,Tomas Reyes,-0.021154966427889166,1.0,0.0,1.0
698968,sa3016254,Samir Chires,-0.021169810194377508,1.0,0.15950000286102295,0.25049999356269836
806710,sa3021735,Starlin Savinon,-0.02118257796621227,1.0,0.13860000669956207,0.34860000014305115
805056,sa3019293,Diego Dugarte,-0.02119563838718412,1.0,0.1535000056028366,0.2784999907016754
699395,sa3016049,Adrian Martinez,-0.0211982021001409,1.0,0.1526000052690506,0.2825999855995178
687096,sa3023125,Dalton Fowler,-0.021204266886471992,1.0,0.02319999970495701,0.8912000060081482
807207,sa3021993,Jose Pinto,-0.021212208296335237,1.0,0.15039999783039093,0.29339998960494995
683652,sa3011859,Ezequiel Ventura,-0.021223159049506356,1.0,0.0,1.0
668707,sa3005116,Marlin Willis,-0.021223703866596545,1.0,0.0,1.0
680735,24604,Austin Cox,-0.02122566074607926,9.0,0.0,9.0
692400,sa3015619,Francis Reynoso,-0.021226847139116153,1.0,0.0,1.0
683406,sa3009469,Elvis Jerez,-0.021233235173219817,1.0,0.0,1.0
702207,sa3017208,Ben Miller,-0.021246229147586043,1.0,0.0,1.0
800416,sa3019157,Wilson Esterlin,-0.021268495173944916,1.0,0.0,1.0
804673,sa3023210,Colson Lawrence,-0.021268948932190227,1.0,0.0,1.0
692409,sa3015950,Manuel De La Rosa,-0.02127746272188754,1.0,0.0,1.0
687037,sa3010664,Edward Baram,-0.021290733076788686,1.0,0.0,1.0
683650,sa3009615,Julio Ortiz,-0.021306928935150696,1.0,0.0,1.0
807986,sa3021503,Janderson Linares,-0.021309546675526522,1.0,0.13300000131130219,0.375
802242,sa3019177,Jordy Arias,-0.021313489315553383,1.0,0.15230000019073486,0.2842999994754791
683587,sa3008707,Orlando Gil,-0.021314804483516057,1.0,0.10260000079870224,0.5175999999046326
800447,sa3018858,Yuliangel De La Cruz,-0.021317372038392096,1.0,0.16539999842643738,0.2223999947309494
800245,sa3019263,Edwin Gonzalez,-0.021318375124259305,1.0,0.13300000131130219,0.375
809701,sa3021805,Luis Avila,-0.02131877340268145,1.0,0.0,1.0
696010,sa3016010,David Tiburcio,-0.02132208635549264,1.0,0.027400000020861626,0.871399998664856
806628,sa3020631,Alex Bustamante,-0.021346560732593934,1.0,0.0,1.0
805453,sa3019491,Eddy Alberto,-0.021352047915993246,1.0,0.0,1.0
805731,sa3020339,Zach Veen,-0.02135362940743197,1.0,0.0,1.0
687199,sa3020900,Christian Ruebeck,-0.021359954756379185,1.0,0.0,1.0
802068,sa3018351,Kendeglys Virguez,-0.021380624584164756,1.0,0.0,1.0
679004,sa3006390,Robert Cruz,-0.021390171520027375,1.0,0.12999999523162842,0.3889999985694885
693739,sa3015986,Alexander Alberto,-0.021398787224442505,1.0,0.0,1.0
806536,sa3019885,Alexis Liebano,-0.02141084737280256,1.0,0.0,1.0
814377,sa3022241,Leudy Tirado,-0.02142364739368272,1.0,0.14139999449253082,0.3353999853134155
682936,sa3009220,Samuel Valerio,-0.02142953664739578,1.0,0.0,1.0
701179,sa3016621,Gerson Calzadilla,-0.021432854355199496,1.0,0.0,1.0
805096,sa3018908,Eiver Espinoza,-0.021437368255534432,1.0,0.09229999780654907,0.5662999749183655
811632,sa3022377,Jesus Carrera,-0.021444251244742394,1.0,0.11959999799728394,0.4375999867916107
683423,sa3008699,Jesus Cruz,-0.02144759370887924,1.0,0.0,1.0
805079,sa3019295,Jesus Mendez,-0.021458721712721337,1.0,0.0,1.0
684083,sa3009504,Jorge Gonzalez,-0.021467266719522725,1.0,0.0,1.0
687456,sa3017721,Harrison Beethe,-0.021471788087169263,1.0,0.0,1.0
700235,sa3016815,Jose Chavez,-0.021492543578220093,1.0,0.0,1.0
693806,sa3016496,Felix Cabrera,-0.021497465594171126,1.0,0.0,1.0
680922,sa3018790,Jack DeGroat,-0.021513790696988007,1.0,0.0,1.0
686406,sa3010251,Harif Frias,-0.021515140076176137,1.0,0.0,1.0
693772,sa3019240,Henry Montilla,-0.0215531776609373,1.0,0.13490000367164612,0.3659000098705292
808068,sa3021512,Joshawn Lampson,-0.021556428870328572,1.0,0.1525000035762787,0.28349998593330383
683674,sa3010656,Julian Valdez,-0.021591767788049263,1.0,0.0,1.0
687916,sa3020738,Jack Jasiak,-0.021591879535468886,1.0,0.04390000179409981,0.7939000129699707
685813,sa3020320,Jaren Zinn,-0.021604538029312288,1.0,0.0,1.0
679756,sa3006402,Martin Santana,-0.021608098610740912,1.0,0.0,1.0
807953,sa3021499,Paul Chacon,-0.02162248437602704,1.0,0.1460999995470047,0.31310001015663147
685824,sa3011855,Ángel Vargas,-0.021641005992880033,1.0,0.0,1.0
669417,sa3020442,Wesley Scott,-0.021658318624342286,1.0,0.0,1.0
807260,sa3021489,Luis Morellis,-0.02166799340046135,1.0,0.12530000507831573,0.41130000352859497
690158,sa3015279,Juan Mateo,-0.021668873114642846,1.0,0.0,1.0
692595,sa3015957,Daniel Gonzalez,-0.021674554253412255,1.0,0.0,1.0
681462,sa3020557,Graham Firoved,-0.02168312148009701,1.0,0.0,1.0
811600,sa3022369,Abraham Parra,-0.02169656739135573,1.0,0.14980000257492065,0.29580000042915344
808252,sa3021523,Wuilliams Rodriguez,-0.021709204981071446,1.0,0.12530000507831573,0.41130000352859497
690446,sa3020326,Dylan Nedved,-0.021744383991282347,1.0,0.0,1.0
815799,sa3023108,Roman Camacho,-0.021748805030056877,1.0,0.14980000257492065,0.29580000042915344
691566,sa3015425,Waylin Santana,-0.021759423963330055,1.0,0.032099999487400055,0.8490999937057495
808373,sa3021790,Jose Rengel,-0.021796613848518255,1.0,0.12530000507831573,0.41130000352859497
702901,sa3017618,Alejandro Gomez,-0.02183057494578181,1.0,0.0,1.0
800477,sa3019066,Miguel Mesa,-0.02183923560633638,1.0,0.15950000286102295,0.25049999356269836
695244,sa3017421,Jared Wetherbee,-0.021841851130659347,1.0,0.0,1.0
684169,sa3009326,Joel Ibarra,-0.021846597231077323,1.0,0.0,1.0
800045,sa3019534,Anthony Cruz,-0.021846848897904145,1.0,0.1096000000834465,0.4846000075340271
678914,sa3005448,Carlos De Los Santos,-0.02184835798225516,1.0,0.0,1.0
702048,sa3017320,Shane Connolly,-0.021850087821041298,1.0,0.0,1.0
821063,sa3024556,Angel Beltran,-0.021867021252347886,1.0,0.15629999339580536,0.2653000056743622
805415,sa3020892,Miguel Fulgencio,-0.021880639544337336,1.0,0.0,1.0
804876,sa3018899,Camilo Hernandez,-0.0219129233707549,1.0,0.0,1.0
805615,sa3019566,Yeri Perez,-0.02191622457752097,1.0,0.13699999451637268,0.35600000619888306
695972,sa3015403,Jeison Pena,-0.021941883684046367,1.0,0.0,1.0
681631,sa3005709,Jose Diaz,-0.021942252862585585,1.0,0.0,1.0
701951,sa3017013,Abel Mercedes,-0.021956025318063732,1.0,0.0,1.0
816264,sa3023821,Merlin Bido,-0.0219563101534335,1.0,0.1460999995470047,0.31310001015663147
805998,sa3020820,Ben Ethridge,-0.021963006120592075,1.0,0.0,1.0
700289,sa3016519,Eliander Alcalde,-0.021967596275327402,1.0,0.0,1.0
682952,sa3008693,Maycold Leon,-0.021968639124438787,1.0,0.0,1.0
683426,sa3009225,Heisell Baro,-0.021970846201898733,1.0,0.0,1.0
802015,sa3018883,Adrian Acosta,-0.021977439125167118,1.0,0.15600000321865082,0.2669999897480011
814388,sa3023138,Hayden Snelsire,-0.02199380194945371,1.0,0.03959999978542328,0.8136000037193298
807832,sa3021754,Ronny Lopez,-0.02199675004149241,1.0,0.13490000367164612,0.3659000098705292
681320,sa3017917,Nate Lavender,-0.02200099935860241,24.0,0.0,24.0
669379,sa3010648,Mason Denaburg,-0.022027417959378976,1.0,0.0,1.0
815311,sa3022743,Brendan Morse,-0.022033909737464975,1.0,0.13300000131130219,0.375
814716,sa3023540,Robert Wegielnik,-0.022048069220170805,1.0,0.0,1.0
678918,sa3006901,Darling Florentino,-0.022056502662562014,1.0,0.0,1.0
812163,sa3022152,Jonathan Russell,-0.0220769137717272,1.0,0.1460999995470047,0.31310001015663147
700365,sa3016287,Yendy Gomez,-0.022081780551138578,1.0,0.0,1.0
809821,sa3023045,Blake Whiting,-0.0220988344087483,1.0,0.0,1.0
683634,sa3009782,Johan Otanez,-0.02210725915114554,1.0,0.0,1.0
680583,sa3006508,Josias De Los Santos,-0.022130613228715543,1.0,0.0,1.0
805121,sa3019489,Jonathan Batista,-0.02213271232919909,1.0,0.12530000507831573,0.41130000352859497
800455,sa3019381,Cesar Jimenez,-0.022146487696285296,1.0,0.11249999701976776,0.4715000092983246
693759,sa3015989,Euri Montero,-0.022154904609549678,1.0,0.0,1.0
815779,sa3023232,Cole Hillier,-0.022155600115892182,1.0,0.0,1.0
805238,sa3019192,Cesar Espinal,-0.02216317015789232,1.0,0.13580000400543213,0.3617999851703644
700247,sa3017821,Jose Pena Jr.,-0.022166776943066974,1.0,0.0,1.0
681060,sa3023467,Sam Knowlton,-0.0221711692311134,1.0,0.0,1.0
695344,sa3015041,Brett Lockwood,-0.02218115934741799,1.0,0.0,1.0
677351,sa3017303,Ian Villers,-0.022183004177247733,1.0,0.024900000542402267,0.8828999996185303
701545,sa3017369,Marshall Hunt,-0.022191097370885714,1.0,0.0,1.0
696086,sa3017278,Eduardo Soriano,-0.02219928119079667,1.0,0.10530000180006027,0.505299985408783
805120,sa3018910,Joseilyn Gonzalez,-0.022203057235016466,1.0,0.0,1.0
688701,sa3020561,Reese Sharp,-0.022211252447693345,1.0,0.0,1.0
806780,sa3021736,Stijn Van Der Schaaf,-0.022232548124456346,1.0,0.1460999995470047,0.31310001015663147
801386,sa3019172,Cristian Rueda,-0.02228886652013467,1.0,0.12530000507831573,0.41130000352859497
684041,sa3009503,Diorys Guerrero,-0.02230910673329593,1.0,0.0,1.0
805205,sa3019627,Ben Serunkuma,-0.02231241887241203,1.0,0.0,1.0
695003,sa3016003,Randel Clemente,-0.022314527402985267,1.0,0.0,1.0
800146,sa3019058,Moises Lira,-0.022321665129574217,1.0,0.1460999995470047,0.31310001015663147
698934,sa3016710,Jhoniel Serrano,-0.022328923360145202,1.0,0.038100000470876694,0.8210999965667725
800277,sa3019643,Yordy Herrera,-0.02233156791920265,1.0,0.0,1.0
691870,sa3011812,Luis Vizcaino,-0.022343328757383322,1.0,0.0,1.0
702913,sa3017014,Bryan Perez,-0.02234553498186956,1.0,0.0,1.0
804587,sa3020877,Seth Nightingale,-0.02235424400603807,1.0,0.0,1.0
800072,sa3018819,Andinson Ferrer,-0.022363576839394547,1.0,0.0,1.0
805381,sa3019490,Yensy Bello,-0.022378694143526653,1.0,0.0,1.0
687671,sa3011436,Darlin Alcántara,-0.022396801677030898,1.0,0.0,1.0
681732,sa3006521,Wuardo Fernandez,-0.02239753832798776,1.0,0.0,1.0
684126,sa3009253,Alejandro Lugo,-0.022400126402915367,1.0,0.029600000008940697,0.8605999946594238
682849,sa3008265,Robin Vazquez,-0.022403668391321397,1.0,0.0,1.0
806593,sa3020084,Felipe Bello,-0.022413605253992105,1.0,0.0,1.0
683384,sa3009936,Edgar Isea,-0.022416707740575373,1.0,0.0,1.0
691634,sa3021980,Joseph Yabbour,-0.02241987668566121,1.0,0.0,1.0
699011,sa3016022,Luigi Hernandez,-0.022420749563212525,1.0,0.032499998807907104,0.8475000262260437
680093,sa3017984,Luke Anderson,-0.022423758186150423,1.0,0.0,1.0
678622,sa3011658,Josh Gessner,-0.0224397873677259,1.0,0.0,1.0
681457,sa3008131,Yoniel Ramirez,-0.022445857240699914,1.0,0.0,1.0
691707,sa3015429,Jeremy Peguero,-0.022452357016289764,1.0,0.0,1.0
691829,sa3011736,Jiorgeny Casimiri,-0.02245677394376464,1.0,0.0,1.0
692663,sa3016594,Jean Munoz,-0.02245747333057715,1.0,0.038100000470876694,0.8210999965667725
694392,sa3017874,Matt Mikulski,-0.022470439967520434,1.0,0.0,1.0
681353,sa3011529,Daniel Nunan,-0.022493437150714647,1.0,0.0,1.0
679587,sa3005856,Ludwin Jimenez,-0.022497483784504637,1.0,0.0,1.0
800168,sa3018319,Nixon Encarnacion,-0.022509339989245012,1.0,0.1678999960422516,0.21089999377727509
703685,sa3020963,Henry Martinez,-0.022540324169349014,1.0,0.07320000231266022,0.6561999917030334
800439,sa3019380,Omar Gonzalez,-0.022553968637061852,1.0,0.13490000367164612,0.3659000098705292
682624,sa3011136,Sandy Gaston,-0.022557692208117684,1.0,0.0,1.0
691473,sa3011441,Issac Solano,-0.02256431065199837,1.0,0.0,1.0
687512,sa3011751,Montana Semmel,-0.022565919091271668,1.0,0.0,1.0
682693,sa3008680,Reimy Beltre,-0.022570885218130356,1.0,0.133200004696846,0.3741999864578247
802742,sa3019179,Jordy Luciano,-0.02257338307726228,1.0,0.0,1.0
680887,sa3008374,Eduar Segovia,-0.02257460982540846,1.0,0.0,1.0
806296,sa3022416,Justin Sanchez,-0.02261043410661161,1.0,0.008200000040233135,0.9611999988555908
682810,sa3010370,Horacio Andujar,-0.022614459389557924,1.0,0.0,1.0
687572,sa3018144,Jakob Brustoski,-0.022639221771888023,1.0,0.0,1.0
682284,sa3008044,Gregoris Chalas,-0.02265270802485728,1.0,0.0,1.0
702886,sa3018007,Brawny Reyes,-0.022659818791463452,1.0,0.0,1.0
694064,sa3016500,Yohemy Nolasco,-0.02266363819329362,1.0,0.0,1.0
685762,sa3008733,Joel Benitez,-0.02268580636830056,1.0,0.0,1.0
807578,sa3021743,Jeremy Martinez,-0.022693525401425142,1.0,0.1316000074148178,0.3815999925136566
808895,sa3021025,Miguel Valdez,-0.022719584299726533,1.0,0.0,1.0
692569,sa3016223,Francis Hernandez,-0.02272708198844099,1.0,0.024399999529123306,0.8853999972343445
683167,sa3014533,Jimmy Lewis,-0.022736129094116434,1.0,0.0,1.0
670184,sa918899,Pedro Alfonseca,-0.022784851473858305,1.0,0.0,1.0
691081,sa3010325,Enmanuel Acosta,-0.022798090785393226,1.0,0.0,1.0
823877,sa3024471,Joseph Herrera,-0.02280933696041637,1.0,0.13300000131130219,0.375
805076,sa3018906,Estarlin Escalante,-0.02281906105866197,1.0,0.0,1.0
688029,sa3011730,Blake Loubier,-0.022824598891002537,1.0,0.0,1.0
693783,sa3015219,Luis Sánchez,-0.0228306305168687,1.0,0.0,1.0
691004,sa3023376,Aaron Nixon,-0.02285015910321898,1.0,0.0,1.0
803373,sa3019182,Anderson Guevara,-0.0228673381805945,1.0,0.12110000103712082,0.4311000108718872
683510,sa3009993,Henry Gomez,-0.022877343988066044,1.0,0.0,1.0
668871,sa3016935,Zach Cable,-0.022883391838096973,1.0,0.0,1.0
808658,sa3021796,Nicolas De La Cruz,-0.022891473505699454,1.0,0.1460999995470047,0.31310001015663147
679326,sa3007230,Charlie Cerny,-0.02289258112789738,1.0,0.0,1.0
688837,sa3020446,Chandler Arnold,-0.022898543116118077,1.0,0.02539999969303608,0.8804000020027161
674457,sa3003143,Fabricio Reina,-0.022918440753603324,1.0,0.0,1.0
702856,sa3020398,T.J. Czyz,-0.022927140998327673,1.0,0.0,1.0
800350,sa3019271,Freilyn Silverio,-0.02296258626604456,1.0,0.1460999995470047,0.31310001015663147
821417,sa3023847,Victor Espiritu,-0.022966102818887446,1.0,0.11320000141859055,0.4681999981403351
682735,sa3015147,Gabriel Hernandez,-0.022969663361925116,1.0,0.0,1.0
699697,sa3018295,Juan Pinto,-0.02298053447955071,1.0,0.1526000052690506,0.2825999855995178
691123,sa3010675,Fran Castro,-0.022983017535317608,1.0,0.0,1.0
692329,sa3016211,Darlin Pinales,-0.022990881684709148,1.0,0.0,1.0
805041,sa3018901,Wander Severino,-0.022997480138028305,1.0,0.12110000103712082,0.4311000108718872
680984,sa3006641,Alexis Cedano,-0.02300899407289054,1.0,0.0,1.0
686288,sa3023405,Shane Marshall,-0.02301413821908859,1.0,0.0,1.0
677650,sa3005812,Yeury Tatiz,-0.023036645019738435,1.0,0.0,1.0
684609,sa3021465,Michael Brewer,-0.02305150909842836,1.0,0.0,1.0
693796,sa3015992,Anthony Mendez,-0.023111052769447783,1.0,0.0,1.0
702321,sa3017279,Matthew McMillan,-0.0231253859975052,1.0,0.0,1.0
703142,sa3017620,Andy Rodriguez,-0.02313244373347956,1.0,0.0,1.0
694999,sa3019428,Hayder Ortiz,-0.02316654575401547,1.0,0.0,1.0
683439,sa3008701,Junior Montero,-0.023174264482985936,1.0,0.0,1.0
678673,sa3005691,Anthony Escobar,-0.023181246983732685,1.0,0.0,1.0
692844,sa3015461,Brayan Restituyo,-0.023208351901203555,1.0,0.0,1.0
808348,sa3021787,Denny Lima,-0.023218013335584438,1.0,0.1096000000834465,0.4846000075340271
681173,sa3023169,Garrett Brown,-0.02322338181494253,1.0,0.0,1.0
702320,sa3017658,Matt Sparling,-0.02322387150105267,1.0,0.0,1.0
807966,sa3020991,Anderson Cardenas,-0.023238719827605763,1.0,0.1096000000834465,0.4846000075340271
801261,sa3018346,José Fernández,-0.023258563312649853,1.0,0.0,1.0
821131,sa3024090,Ayendy Bravo,-0.023259451561700232,1.0,0.12530000507831573,0.41130000352859497
692372,sa3015281,Ettore Giulianelli,-0.02329221742579141,1.0,0.0,1.0
702396,sa3016072,Junior William,-0.023307181161033957,1.0,0.0,1.0
806699,sa3021734,Jhon Nunez,-0.023329182322050782,1.0,0.12770000100135803,0.39969998598098755
692829,sa3015459,Ignacio Briceno,-0.023335622722469855,1.0,0.04179999977350235,0.8037999868392944
801413,sa3022796,Jake Fitzgibbons,-0.023345443677390686,1.0,0.0,1.0
694261,sa3015160,Angel Gonzalez,-0.023365317776479544,1.0,0.0,1.0
692487,sa3015154,Kelvin Perez,-0.023368270141459178,1.0,0.0,1.0
687558,sa3017463,Preston Price,-0.023369617176783902,1.0,0.0,1.0
691582,sa3017136,Jean Reyes,-0.02337967628394916,1.0,0.0,1.0
808501,sa3021538,Whilmer Guerra,-0.023424861104495615,1.0,0.15039999783039093,0.29339998960494995
806640,sa3023598,Daniel Keaney,-0.023436156905880506,1.0,0.1096000000834465,0.4846000075340271
807791,sa3021749,Erick Reynoso,-0.023442948695873347,1.0,0.1573999971151352,0.2603999972343445
691546,sa3015423,Carlos Martinez,-0.023448239221211892,1.0,0.0,1.0
687684,sa3011464,Gregori Montano,-0.023465130289397906,1.0,0.0,1.0
691083,sa3011372,Julio Bonilla,-0.023477616663762003,1.0,0.0,1.0
808489,sa3021537,Adan Moreno,-0.02348133503200642,1.0,0.0,1.0
702751,sa3016295,Jose Geraldo,-0.023481940855542113,1.0,0.0,1.0
688757,sa3020809,John Lynch,-0.023538467578636896,1.0,0.0,1.0
694784,sa3023443,Gabe Starks,-0.023541772213765064,1.0,0.0,1.0
684133,sa3010248,Yoljeldriz Diaz,-0.023553771382089878,1.0,0.0,1.0
702417,sa3016715,Natanael Polanco,-0.02358192852635899,1.0,0.0,1.0
700296,sa3016279,Keiner Leon,-0.02358805023906887,1.0,0.0,1.0
806882,sa3021485,Jesus Lopez,-0.023605910045951285,1.0,0.13699999451637268,0.35600000619888306
808045,sa3021507,Ramon Henriquez,-0.02362097975694652,1.0,0.0,1.0
804613,sa3019289,Luis Victorino,-0.02362798795054261,1.0,0.12890000641345978,0.3939000070095062
695227,sa3015308,Angel Alfonseca,-0.02362979521389239,1.0,0.0,1.0
696511,sa3022649,Chris Barraza,-0.023654766627398432,1.0,0.0,1.0
690603,sa3020607,Kristófer Bow,-0.02366403055600272,1.0,0.0,1.0
681723,sa3007905,Adenys Bautista,-0.023673982627451816,1.0,0.0,1.0
692619,sa3017102,Dawry Segura,-0.023679614257748064,1.0,0.0,1.0
800408,sa3019272,Jholbran Herder,-0.023696968117623687,1.0,0.1096000000834465,0.4846000075340271
800353,sa3018847,Jhonly Taveras,-0.023731124831804888,1.0,0.1687999963760376,0.20679999887943268
672458,sa3002957,Andy Santana,-0.023750114670369617,1.0,0.0,1.0
694038,sa3017859,Eris Rodríguez,-0.023754520413965828,1.0,0.0,1.0
800216,sa3018833,Rafelin Nivar,-0.02376810540675519,1.0,0.0,1.0
680936,sa3007476,Yomil Maysonet,-0.023770882872384873,1.0,0.0,1.0
800144,sa3019259,Derek Corro,-0.023781362707891624,1.0,0.0430000014603138,0.7979999780654907
820880,sa3023619,Jonalbert Rumbol,-0.023797884477868934,1.0,0.0,1.0
693737,sa3015985,Miguel Mora,-0.023814663301498576,1.0,0.03180000185966492,0.8507999777793884
805012,sa3020974,Nick Bautista III,-0.023834313813114363,1.0,0.0,1.0
671358,sa3002921,Juan Manuel Abril,-0.023867636189647098,1.0,0.0,1.0
692452,sa3015305,Franklin Marquez,-0.023877019637856434,1.0,0.0,1.0
805985,sa3019757,Jeison Sanchez,-0.02395683362847699,1.0,0.1307000070810318,0.385699987411499
805843,sa3019696,Fraynel Nova,-0.02398351910203152,1.0,0.06260000169277191,0.7056000232696533
695252,sa3020948,Eric Foggo,-0.024020781576530176,1.0,0.0,1.0
700277,sa3016277,Scarlyn Lebron,-0.02403460713310047,1.0,0.0,1.0
806103,sa3022106,Sunayro Martina,-0.024043026923182442,1.0,0.1143999993801117,0.46239998936653137
665955,sa917836,Ever Moya,-0.024070572446679525,1.0,0.0,1.0
699201,sa3018293,Eward Rodriguez,-0.02408254574797937,1.0,0.1128000020980835,0.4697999954223633
814354,sa3023302,Yanzel Correa,-0.02408641908025308,1.0,0.0,1.0
807833,sa3022116,Jose Vasquez,-0.024106623188792864,1.0,0.1143999993801117,0.46239998936653137
691371,sa3016457,Nathanael Cruz,-0.024111071978000647,1.0,0.0,1.0
686700,sa3018206,Madison Jeffrey,-0.024136637818977447,1.0,0.0,1.0
699063,sa3015493,Pedro Santillan,-0.024166900508034623,1.0,0.0,1.0
691103,sa3014509,Koen Moreno,-0.02416917213918843,1.0,0.0,1.0
688419,sa1170297,Matt Stil,-0.02417868797028022,1.0,0.04390000179409981,0.7939000129699707
703110,sa3017210,Aaron Cohn,-0.02418714334592978,1.0,0.0,1.0
689982,sa3010836,Jose Ulloa,-0.024222365868516324,1.0,0.0,1.0
683478,sa3011137,Nolberto Henriquez,-0.02422309148276439,1.0,0.0,1.0
808511,sa3021017,Dylan Wilson,-0.024251445460701817,1.0,0.1460999995470047,0.31310001015663147
695360,sa3016005,Emerson Talavera,-0.02427874370952381,1.0,0.0,1.0
800304,sa3019150,Osbriel Mogollon,-0.024283757984139794,1.0,0.0,1.0
800093,sa3018823,Arlison Rodriguez,-0.024335724523075145,1.0,0.08320000022649765,0.6092000007629395
666766,sa3002911,Stiward Aquino,-0.024371065693651377,1.0,0.0,1.0
688636,sa3020944,Adam Stone,-0.024405618779311605,1.0,0.0,1.0
800480,sa3019067,Gerson Balbino,-0.02443034024249027,1.0,0.10769999772310257,0.4936999976634979
800420,sa3018854,Alvaro Gamez,-0.024441374320338004,1.0,0.10119999945163727,0.5242000222206116
800228,sa3019535,Denis Reguillo,-0.02444320474621404,1.0,0.0,1.0
805122,sa3019701,Eudry Alcantara,-0.024447564839142125,1.0,0.1316000074148178,0.3815999925136566
698903,sa3018292,Jose Chavez,-0.024450418126668413,1.0,0.11699999868869781,0.44999998807907104
663673,sa3010114,Tyson Messer,-0.024461924337289064,1.0,0.0,1.0
815051,sa3023214,Danny Carrion,-0.0244720832626224,1.0,0.0,1.0
703300,sa3017731,Jean Calderon,-0.024511665018249085,1.0,0.0,1.0
702914,sa3017209,Alex McKenney,-0.024525477806896366,1.0,0.0,1.0
701563,sa3021727,Connor Butler,-0.02457242007483764,1.0,0.0,1.0
814386,sa3023452,Ben Petschke,-0.024687805623797996,1.0,0.0,1.0
702876,sa3017692,Jorge Geraldo,-0.02469005822810645,1.0,0.1096000000834465,0.4846000075340271
800315,sa3018842,Edwar Chirinos,-0.024701460004889098,1.0,0.09399999678134918,0.5580000281333923
808070,sa3021001,Luis Vasquez,-0.02472459864420185,1.0,0.10249999910593033,0.5184999704360962
678298,sa3006816,Adrian Del Moral,-0.024732406269714013,1.0,0.0,1.0
807979,sa3022119,Eliezer Pena,-0.024747124723408766,1.0,0.10530000180006027,0.505299985408783
702418,sa3017790,Juan Reynoso,-0.02475417156855665,1.0,0.0,1.0
693820,sa3017919,Kamron Fields,-0.024760073895466406,1.0,0.02319999970495701,0.8912000060081482
700310,sa3019555,Dilan Figueredo,-0.024814522494818386,1.0,0.0,1.0
664123,18384,Scott Effross,-0.02482054735344761,24.0,0.0,24.0
703145,sa3019122,Khristian Guevara,-0.0248500867763886,1.0,0.0877000018954277,0.5877000093460083
808097,sa3022123,Bladimir Pichardo,-0.02485161093371655,1.0,0.1111999973654747,0.4772000014781952
677669,sa3004833,Manny Ramirez,-0.024864129139847604,1.0,0.0,1.0
667725,22092,Kyle Tyler,-0.02488452992447577,43.0,0.0,43.0
821098,sa3024560,Stiven Rogers,-0.024887430761087185,1.0,0.1143999993801117,0.46239998936653137
807823,sa3022231,Jank Pichardo,-0.024910323813390187,1.0,0.11320000141859055,0.4681999981403351
671987,sa3014852,Logan Hofmann,-0.024923504705723066,1.0,0.0,1.0
802017,sa3019075,Amauri Otero,-0.0249476814053505,1.0,0.11959999799728394,0.4375999867916107
702736,sa3018300,Jesael Cabrera,-0.02500232916047368,1.0,0.1096000000834465,0.4846000075340271
692163,sa3017999,Dominic Hambley,-0.02503025547794286,1.0,0.0,1.0
676082,sa3007219,Gabriel Rodriguez,-0.025055376939350282,1.0,0.0,1.0
808102,sa3022011,Carlos Mateo,-0.025061153701584155,1.0,0.14980000257492065,0.29580000042915344
699304,sa3018294,Juan Arnaud,-0.025092888567805036,1.0,0.0,1.0
663762,sa3007771,Dallas Woolfolk,-0.025094155461378942,1.0,0.0,1.0
808674,sa3021020,Fabian Ysalla,-0.025108397535591243,1.0,0.09749999642372131,0.5414999723434448
700168,sa3016274,Claudio Galva,-0.02518311214371512,1.0,0.07320000231266022,0.6561999917030334
804971,sa3018364,Julio Zapata,-0.025214457172894084,1.0,0.06260000169277191,0.7056000232696533
692047,sa3016207,Joaquin Tejada,-0.02521741502370225,1.0,0.0,1.0
803424,sa3018360,Juan Sanchez,-0.02522473100458856,1.0,0.0,1.0
681903,sa3017811,Jonathan Edwards,-0.025233620740559924,1.0,0.0,1.0
685480,sa3011243,Eduard Monroy,-0.025234971766919467,1.0,0.0,1.0
813186,sa3022910,Zack Austin,-0.02527697867383331,1.0,0.0,1.0
805083,sa3019297,Wilson Lopez,-0.025297600092422875,1.0,0.0,1.0
803425,sa3019080,David Bracho,-0.025304505621369072,1.0,0.11720000207424164,0.44920000433921814
672950,sa3005257,Henry Valencio,-0.02532495400928588,1.0,0.0,1.0
811594,sa3021812,Bernard Jose,-0.025328455683354716,1.0,0.0,1.0
805505,sa3023568,Justin Militello,-0.02539377593725745,1.0,0.13699999451637268,0.35600000619888306
693791,sa3017200,Juan Abreu,-0.02543424841230345,1.0,0.0,1.0
678399,sa3005739,Yefri Carrillo,-0.025466971476446585,1.0,0.1096000000834465,0.4846000075340271
692176,sa3023612,Noah Takacs,-0.025470780612736173,1.0,0.0,1.0
695946,sa3015479,Junior Flores,-0.025484052995862014,1.0,0.0,1.0
800189,sa3018831,Joneiker Arellano,-0.025535547795162372,1.0,0.09749999642372131,0.5414999723434448
691335,sa3016199,Randy Berigüete,-0.02556138055220543,1.0,0.0,1.0
688913,sa3017641,Jhonny Felix,-0.02563979572404372,1.0,0.03139999881386757,0.852400004863739
679626,sa3023534,Jordan Powell,-0.02566294454537914,1.0,0.0,1.0
823221,sa3024269,Jermayne Verdu,-0.025680418568716504,1.0,0.08950000256299973,0.5795000195503235
803126,sa3019739,Enrique Coronel,-0.02568193835538123,1.0,0.051600001752376556,0.7576000094413757
691841,sa3016741,Gerardo Abrego,-0.025690069613573036,1.0,0.07980000227689743,0.6248000264167786
692823,sa3015458,Abel Brito,-0.025706509080715863,1.0,0.0,1.0
702786,sa3016774,Starlyn Pichardo,-0.02589220061970278,1.0,0.0,1.0
805989,sa3020266,Ryan Chasse,-0.025909156196790673,1.0,0.0,1.0
680714,sa3019236,Owen Sharts,-0.025938554552817683,1.0,0.0,1.0
699010,sa3015490,Jose Garces,-0.02597922023957691,1.0,0.13699999451637268,0.35600000619888306
703040,sa3023415,Jesse Wainscott,-0.02599314852629303,1.0,0.0,1.0
678957,sa3006635,Rael Santos,-0.026001249135784273,1.0,0.0,1.0
658530,sa873722,Franklin Pérez,-0.026029546314384318,1.0,0.0,1.0
805962,sa3020572,Quinn Gudaitis,-0.02603661945622209,1.0,0.0,1.0
690312,sa3022322,Drew Garrett,-0.026089237866446877,1.0,0.0,1.0
807963,sa3020990,Wilfred Alvarado,-0.02609111121976411,1.0,0.0,1.0
700956,sa3020449,Tyler Hoffman,-0.026128814882928713,1.0,0.0,1.0
805769,sa3019651,Jose Leandro,-0.02613868870808108,1.0,0.08349999785423279,0.6075000166893005
811592,sa3021034,Alexander Agramonte,-0.026154192147288546,1.0,0.08889999985694885,0.5819000005722046
701180,sa3017691,Christian Edwards,-0.0261592994919478,1.0,0.0,1.0
684124,sa3009745,Gustavo Del Pozo,-0.026173078910637873,1.0,0.0,1.0
815766,sa3024076,Carlos Canales,-0.026218015640287896,1.0,0.1143999993801117,0.46239998936653137
700317,sa3016615,Juan Rodriguez,-0.026272850266048045,1.0,0.0,1.0
702605,sa3020397,Seth Keller,-0.026336960919335847,1.0,0.0,1.0
810978,sa3021807,Johan Rodriguez,-0.02640628247827678,1.0,0.10119999945163727,0.5242000222206116
690455,sa3023035,German Fajardo,-0.02644394187098051,1.0,0.0,1.0
684486,sa3016771,Jaison Brete,-0.02644871416214698,1.0,0.038100000470876694,0.8210999965667725
811139,sa3021030,Sandro Santana,-0.02645357807672693,1.0,0.07320000231266022,0.6561999917030334
702904,sa3017767,Cesar De Jesus,-0.02648163026990792,1.0,0.0,1.0
802963,sa3020629,Mathew Peters,-0.02659014015409067,1.0,0.0,1.0
802240,sa3019176,Luis Tejeda,-0.02662554061286891,1.0,0.04610000178217888,0.7831000089645386
663801,sa3006802,Clark Cota,-0.026631392389499058,1.0,0.0,1.0
537996,sa3022175,Angel Camacho,-0.026638412824450355,1.0,0.04879999905824661,0.770799994468689
808515,sa3022169,Cristobal Abreu,-0.026777663050053246,1.0,0.12530000507831573,0.41130000352859497
683846,sa3008716,Reny Artiles,-0.026797617808768687,1.0,0.0,1.0
699696,sa3016799,Roiber Talavera,-0.026803411627086646,1.0,0.09229999780654907,0.5662999749183655
703724,sa3019049,Luis A. Reyes,-0.02683191707539287,1.0,0.0,1.0
691334,sa3015347,Harol Arias,-0.026881070262965465,1.0,0.0,1.0
800065,sa3019254,Eliecer Bata,-0.0268887865498339,1.0,0.05909999832510948,0.722100019454956
702445,sa3019658,Luis Germán,-0.026955050807416375,1.0,0.0,1.0
695345,sa3023447,Hunter Furtado,-0.02698009812272323,1.0,0.0,1.0
691008,31873,Max Rajcic,-0.02702435840806339,10.0,0.0,10.0
692357,sa3015361,Lisander De La Cruz,-0.02704155811662746,1.0,0.0364999994635582,0.828499972820282
811597,sa3022041,Johan Minaya,-0.02706429750740655,1.0,0.10459999740123749,0.5085999965667725
805399,sa3019523,David Landeta,-0.027098388121072396,1.0,0.06560000032186508,0.6916000247001648
808333,sa3021526,Dariel Francia,-0.027144840960766053,1.0,0.05490000173449516,0.7419000267982483
806675,sa3020492,Abraham Gaitan,-0.027150299926778487,1.0,0.10530000180006027,0.505299985408783
808135,sa3021773,Bryan Monte De Oca,-0.027151489834407766,1.0,0.10320000350475311,0.5152000188827515
800527,sa3019579,Callum Wallace,-0.027183874082074986,1.0,0.0,1.0
808712,sa3022036,Carlos Gonzalez,-0.027198014508666137,1.0,0.0877000018954277,0.5877000093460083
666246,sa917183,David Sanchez,-0.027225515083231476,1.0,0.0,1.0
702932,sa3017015,Victor Pena,-0.027272985188498352,1.0,0.0,1.0
702738,sa3019246,Darling Solano,-0.027333385391870222,1.0,0.09749999642372131,0.5414999723434448
699289,sa3016268,Jhonny Gomez,-0.027467397765964574,1.0,0.07509999722242355,0.6470999717712402
701308,sa3023004,Ernie Day,-0.027539089622110463,1.0,0.0,1.0
800043,sa3019371,Lester Nin,-0.02759611582761723,1.0,0.06750000268220901,0.6825000047683716
691759,sa3011785,Alejandro Méndez,-0.027612616904140366,1.0,0.0,1.0
801526,sa3018880,Rayner Urbaez,-0.027626271030155046,1.0,0.0,1.0
804447,sa3020867,Branden Noriega,-0.027695555247166402,1.0,0.0,1.0
691484,sa3016202,Jemir Leal,-0.02771780302202136,1.0,0.06750000268220901,0.6825000047683716
800105,sa3019257,Biembenido  Brito,-0.027876101209739962,1.0,0.039799999445676804,0.8127999901771545
669230,sa917964,Skylar Szynski,-0.027926956724032028,1.0,0.0,1.0
692351,sa3016472,Jorge Martinez,-0.027959911976814713,1.0,0.0,1.0
807829,sa3021495,Luis Jerez,-0.027960889824274717,1.0,0.06260000169277191,0.7056000232696533
800225,sa3019375,Alexis Torres,-0.02799196752926238,1.0,0.04879999905824661,0.770799994468689
702782,sa3019430,Eider Machuca,-0.028004261828158787,1.0,0.1096000000834465,0.4846000075340271
700368,sa3017614,Cristian Jimenez,-0.028013535379549325,1.0,0.0,1.0
807947,sa3021498,Roberto Medina,-0.028014838990630543,1.0,0.09229999780654907,0.5662999749183655
814544,sa3022242,Joangel Gonzalez,-0.028089200158805786,1.0,0.04610000178217888,0.7831000089645386
800365,sa3018329,Andrés Parra,-0.028115841652325838,1.0,0.05490000173449516,0.7419000267982483
814260,sa3021043,Luis Espinoza,-0.02820090502242359,1.0,0.06260000169277191,0.7056000232696533
800454,sa3018334,Ezequiel Bonilla,-0.02820709618333493,1.0,0.08910000324249268,0.5810999870300293
800359,sa3018849,Jose Felipe Torres,-0.028313122434305664,1.0,0.06750000268220901,0.6825000047683716
677961,27481,Cole Wilcox,-0.02832438921521146,15.0,0.0,15.0
814548,sa3022317,Leonardo Rossell,-0.028330565481565612,1.0,0.06750000268220901,0.6825000047683716
686802,sa3015096,Michael Limoncelli,-0.028362408996568892,1.0,0.0,1.0
691912,sa3019045,Gilberto Alcala,-0.028439501074451423,1.0,0.04390000179409981,0.7939000129699707
700166,sa3016612,Redinson Gomez,-0.028489391274310813,1.0,0.0,1.0
691846,sa3016581,Miguel Pozo,-0.028509804949891623,1.0,0.0,1.0
807996,sa3022005,Miguel Cordero,-0.028590188102839836,1.0,0.05490000173449516,0.7419000267982483
679883,24452,Luinder Avila,-0.028594934297627495,18.0,0.0,18.0
691260,sa3015301,Cristopher Cruz,-0.02862112842132484,1.0,0.09749999642372131,0.5414999723434448
800490,sa3019275,Henry Tejada,-0.028648048089184946,1.0,0.06750000268220901,0.6825000047683716
800538,sa3018340,Leonardo Lugo,-0.028686290017433193,1.0,0.09749999642372131,0.5414999723434448
687688,sa3009830,Luis Vega,-0.028692736585404468,1.0,0.051600001752376556,0.7576000094413757
800122,sa3019372,Ramon Cuevas,-0.028902836615998212,1.0,0.04879999905824661,0.770799994468689
691853,sa3016462,Geralmi Santana,-0.028948510665636317,1.0,0.0,1.0
702873,sa3019247,Hansel Rosario,-0.02896863947218761,1.0,0.10530000180006027,0.505299985408783
701159,sa3023042,Tyler Kennedy,-0.029017339687591667,1.0,0.0,1.0
703855,sa3019127,Leomar Rosario,-0.029023259056849653,1.0,0.0877000018954277,0.5877000093460083
699329,sa3016046,Weskendry Espinosa,-0.029026178574476546,1.0,0.0,1.0
808154,sa3022127,Davidxon Lara,-0.029041388906453074,1.0,0.0,1.0
808016,sa3021765,Eudy Liriano,-0.029116918464779876,1.0,0.08349999785423279,0.6075000166893005
808409,sa3021535,Frainer Mejias,-0.02914364430090003,1.0,0.0364999994635582,0.828499972820282
700735,sa3016620,Kevison Hernandez,-0.029199923000321426,1.0,0.07320000231266022,0.6561999917030334
811601,sa3022277,Jimmy Reyes,-0.029214983595987343,1.0,0.10459999740123749,0.5085999965667725
814787,sa3022233,Cristopher Presinal,-0.02923240799672499,1.0,0.10530000180006027,0.505299985408783
805059,sa3019187,Melvyn Amador,-0.02924150480002753,1.0,0.0877000018954277,0.5877000093460083
805173,sa3019537,Marco Patino,-0.02924219142013446,1.0,0.07980000227689743,0.6248000264167786
680620,sa3006575,Frederic Garcia,-0.029252467382227667,1.0,0.0,1.0
683508,sa3009723,Jason Bonilla,-0.029254346589454854,1.0,0.0877000018954277,0.5877000093460083
689237,sa3023001,Will Stevens,-0.02926955686155187,1.0,0.0,1.0
814133,sa3021572,Frenny Grant,-0.029278552020943278,1.0,0.038100000470876694,0.8210999965667725
693811,sa3015474,Jesus Valdez,-0.029347607963923966,1.0,0.0,1.0
702848,sa3018803,Ankeily Feliz,-0.029361050274410314,1.0,0.04879999905824661,0.770799994468689
702375,sa3016527,Jheremy Vicente,-0.02937976141156906,1.0,0.09139999747276306,0.5703999996185303
815135,sa3022358,Luis Castillo,-0.029414490697624293,1.0,0.06019999831914902,0.717199981212616
678495,23974,Randy Rodríguez,-0.02949152531133244,56.0,0.0,56.0
800012,sa3018816,Adilson Peralta,-0.02952295133265739,1.0,0.0,1.0
811138,sa3022148,Jairon Digon,-0.02972489060631134,1.0,0.053300000727176666,0.7493000030517578
800014,sa3018311,Michael Saturria,-0.02977580560558569,1.0,0.0,1.0
703082,sa3018304,Brayan Cabello,-0.029828189802269568,1.0,0.0,1.0
800099,sa3020965,Edwin Cervantes,-0.029865556848169654,1.0,0.04610000178217888,0.7831000089645386
671109,27590,Jake Eder,-0.029873212963396407,11.0,0.0,11.0
801268,sa3018347,Mauricio Maican,-0.029879922979643918,1.0,0.0877000018954277,0.5877000093460083
689564,sa3015278,Alexander Johnson,-0.0298919388072444,1.0,0.0,1.0
806779,sa3021483,Shawndrick Oduber,-0.029994859109075164,1.0,0.0,1.0
701029,sa3019117,Guillermo Arvizu,-0.030001314929034708,1.0,0.0,1.0
800573,sa3018342,Victor Cabreja,-0.030044165147205017,1.0,0.0,1.0
701625,sa3016623,Anthony Perez,-0.030067659453001962,1.0,0.051600001752376556,0.7576000094413757
685721,sa3011880,Luis Alcala,-0.030079440509384145,1.0,0.04190000146627426,0.8029000163078308
800427,sa3019158,Jose Meneses,-0.0301046027605825,1.0,0.07980000227689743,0.6248000264167786
695990,sa3016008,Kenyi Perez,-0.03017510319581456,1.0,0.0,1.0
692385,sa3015444,Alexander Beltre,-0.03028503261906923,1.0,0.0,1.0
702100,sa3016290,Juan Severino,-0.03034526237691811,1.0,0.06750000268220901,0.6825000047683716
703616,sa3018813,Miguel Olivares,-0.030376628764917694,1.0,0.0,1.0
678671,sa3006376,Luis Gomez,-0.03038062602158273,1.0,0.0,1.0
702374,sa3017823,Yenfri Sosa,-0.03047190332088562,1.0,0.0,1.0
698985,sa3017104,Doimil Perez,-0.030490547012180628,1.0,0.0,1.0
806927,sa3020981,Luis De La Cruz,-0.030510364712716717,1.0,0.0,1.0
676083,23301,Janson Junk,-0.030514925608064264,30.17340087890625,1.6200000047683716,22.6200008392334
807842,sa3021757,Eddy Peralta,-0.030559540068937907,1.0,0.0,1.0
814227,sa3021820,Jordan Valenzuela,-0.030605498645034323,1.0,0.06260000169277191,0.7056000232696533
808057,sa3022007,Alexis De La Cruz,-0.030636847796148614,1.0,0.05490000173449516,0.7419000267982483
800437,sa3018333,Jarlen De La Paz,-0.030662203829371595,1.0,0.07980000227689743,0.6248000264167786
808259,sa3022018,Jesus Garcia,-0.030709906179209396,1.0,0.04610000178217888,0.7831000089645386
800218,sa3019262,Felipe De Los Santos,-0.030710038788993702,1.0,0.04179999977350235,0.8037999868392944
811233,sa3021033,Anel Cabrera,-0.030760199692884075,1.0,0.0,1.0
683456,sa3009473,Jose Gonzalez,-0.030764798720802473,1.0,0.0,1.0
801220,sa3018871,Elian Serrata,-0.030769037237876863,1.0,0.0,1.0
691928,sa3016206,Patricio Ress,-0.030784548978832444,1.0,0.04749999940395355,0.7764999866485596
680604,26117,Blas Castaño,-0.030864382516416638,30.233999252319336,1.6200000047683716,22.6200008392334
692581,sa3016591,Diego Navarro,-0.030892310457568375,1.0,0.05490000173449516,0.7419000267982483
703535,sa3019754,Marcelo Valladares,-0.030893491937484134,1.0,0.05490000173449516,0.7419000267982483
691545,sa3015422,Jean Herrera,-0.030913104310695494,1.0,0.0,1.0
800220,sa3019061,Johandry Milano,-0.03093247073084129,1.0,0.0,1.0
700022,sa3015503,Carlos Hinestroza,-0.031066851785469134,1.0,0.039799999445676804,0.8127999901771545
692818,sa3015967,Pedro Almanzar,-0.03109683437330865,1.0,0.0,1.0
700294,sa3016057,Jose Aguirre,-0.03112442458890779,1.0,0.0,1.0
692646,sa3015962,Pedro Rodriguez,-0.031124544358057817,1.0,0.0,1.0
691573,sa3015330,Sandi Charle,-0.031146690560123508,1.0,0.0,1.0
700345,sa3016063,Deyer Zapata,-0.031174640899239048,1.0,0.0,1.0
700714,sa3016067,Yokelvin Reyes,-0.03119375838739993,1.0,0.0,1.0
682737,sa3009715,Luis Nunez,-0.03121953170357431,1.0,0.0,1.0
693760,sa3015468,Luis Garcia,-0.031227760518897047,1.0,0.0,1.0
807982,sa3021763,Keywill Cedeno,-0.03127155707526928,1.0,0.0,1.0
808087,sa3022009,Junior Sanchez,-0.03127736433494013,1.0,0.0,1.0
807826,sa3022115,Reilin Ramirez,-0.03130868646417644,1.0,0.0,1.0
806918,sa3020980,Franderly Morel,-0.03132285363814897,1.0,0.0,1.0
805469,sa3019565,Anthony Bello,-0.0313468049835293,1.0,0.0,1.0
800241,sa3019143,Keninson Diaz,-0.03136047303348864,1.0,0.0,1.0
703923,sa3019128,Alexis Paulino,-0.03136981182591018,1.0,0.04439999908208847,0.7914000153541565
807400,sa3022112,Yency De Jesus,-0.03137036247207374,1.0,0.058400001376867294,0.7253999710083008
700316,sa3016281,Jesus A. Rodriguez,-0.031441030775494885,1.0,0.0,1.0
681810,24937,Austin Warren,-0.03145939479370587,10.0,0.0,10.0
800425,sa3018331,Maikel Hernandez,-0.031466553367066566,1.0,0.0,1.0
692654,sa3016593,Carlos Sarmiento,-0.03146885283888555,1.0,0.0,1.0
691258,sa3014706,Kristian Cardozo,-0.03155048663813953,1.0,0.0,1.0
664351,25839,Luis Contreras,-0.031656337111543364,54.0,0.0,54.0
692656,sa3015965,Javier Fuenmayor,-0.03169075110313058,1.0,0.0,1.0
808276,sa3021782,Jhomber Jimenez,-0.03173455523622336,1.0,0.06260000169277191,0.7056000232696533
805738,sa3019835,Wilme Mora,-0.03173787954188566,1.0,0.06750000268220901,0.6825000047683716
801742,sa3018881,Yoerys Hernandez,-0.03178976685987263,1.0,0.0,1.0
699288,sa3016041,Luis Martinez,-0.03179403607262712,1.0,0.04390000179409981,0.7939000129699707
682731,sa3009206,Abdiel Medina,-0.03182119717693198,1.0,0.0,1.0
800579,sa3019387,Enger Sanchez,-0.03183763532590458,1.0,0.0,1.0
805711,sa3019616,Jose Linares,-0.031882357889917445,1.0,0.0,1.0
683990,sa3009738,Osiris Santana,-0.031910763665905825,1.0,0.0,1.0
800574,sa3018343,Mado Villegas,-0.03191922479387689,1.0,0.0,1.0
800392,sa3019156,Cristhofer Gonzalez,-0.03194496697762138,1.0,0.0,1.0
698987,sa3016503,Gustavo Rivas,-0.03194822963659331,1.0,0.0,1.0
703851,sa3018309,Dioni Baez,-0.03196418517964639,1.0,0.0,1.0
677315,sa3008356,Jayson Schroeder,-0.031975665340992804,1.0,0.0,1.0
808346,sa3022023,Carlos Molina,-0.03198472801154043,1.0,0.0,1.0
683565,sa3009610,David Morillo,-0.03200962241492283,1.0,0.0,1.0
802075,sa3019394,Donal Montas,-0.03202642059777071,1.0,0.0,1.0
814813,sa3022262,Juan Duran,-0.032032219853062295,1.0,0.0,1.0
699018,sa3015491,Jesus Clode,-0.03203765766123128,1.0,0.0,1.0
691358,sa3011377,Isaac Rudecindo,-0.032039231430972155,1.0,0.0,1.0
691488,sa3016812,Emilio Castillo,-0.032039832796050924,1.0,0.0,1.0
691917,sa3015435,Rafael Mendez,-0.03205397267602889,1.0,0.0,1.0
692566,sa3016222,Simon Pacheco,-0.03212852401236185,1.0,0.0,1.0
681617,sa3006516,Kevin Garcia,-0.03218252972954193,1.0,0.0,1.0
699109,sa3017986,Cristian Galindo,-0.03219826727808857,1.0,0.0,1.0
805066,sa3018904,Wanmer Ramirez,-0.03220669362057106,1.0,0.0,1.0
698981,sa3015486,Jose Rojas,-0.03222747260783767,1.0,0.0,1.0
680857,sa3006821,Darlin Noboa,-0.03229185942263319,1.0,0.0,1.0
801251,sa3019279,Brandison Polanco,-0.032348871040564275,1.0,0.0,1.0
691914,sa3016582,Diego Chiquillo,-0.032363608169208205,1.0,0.0,1.0
800278,sa3018839,Pitterson Rosa,-0.0323873829130583,1.0,0.0,1.0
802092,sa3018353,Luis Ramirez,-0.032403509267407274,1.0,0.0,1.0
800158,sa3019059,Carlos Meza,-0.0324324474778182,1.0,0.0,1.0
691851,sa3015941,Donys Garcia,-0.03246867663101313,1.0,0.0,1.0
801231,sa3018344,Gemil Santa,-0.032483024348551895,1.0,0.04179999977350235,0.8037999868392944
808214,sa3021778,Anderson Jerez,-0.03249000328669445,1.0,0.07320000231266022,0.6561999917030334
683602,sa3008709,Felix Polanco,-0.03249234649669554,1.0,0.0,1.0
800413,sa3018853,Juan Oramas,-0.032499713959448444,1.0,0.0,1.0
807798,sa3021997,Manuel Heredia,-0.03251021878431653,1.0,0.0,1.0
808668,sa3022203,Moises Amezquita,-0.03255236094932625,1.0,0.0,1.0
805136,sa3019301,Roger Jorge,-0.03255882237362049,1.0,0.06260000169277191,0.7056000232696533
702931,sa3017693,Yonfi Rodriguez,-0.032593133408740364,1.0,0.04390000179409981,0.7939000129699707
699383,sa3016047,Welington Quintero,-0.03260089698148573,1.0,0.0,1.0
801266,sa3018875,Santiago Ramirez,-0.032601261018266756,1.0,0.0,1.0
692857,sa3015977,Omar Yanez,-0.03262009394547248,1.0,0.0,1.0
800242,sa3019144,Jhosep Chirinos,-0.032623957759648485,1.0,0.0,1.0
692834,sa3015460,Francisco Lucumi,-0.032626253458231766,1.0,0.0,1.0
691310,sa3011375,Wilny Moron,-0.03264701881095992,1.0,0.0,1.0
805432,sa3019505,Onias Jimenez,-0.03267587007890568,1.0,0.0,1.0
692543,sa3016219,Victor Basora,-0.03270761921803047,1.0,0.0,1.0
807206,sa3021488,Josnier Parra,-0.03278125187975177,1.0,0.0,1.0
800581,sa3019072,Santiago Quintero,-0.03278728853820383,1.0,0.0,1.0
800383,sa3018851,Domingo Geronimo,-0.03279151269669968,1.0,0.0,1.0
806110,sa3019758,Ricardo Quintana,-0.03279199483386646,1.0,0.0,1.0
700730,sa3016069,Brayan Diaz,-0.03279380594085145,1.0,0.0,1.0
815110,sa3022329,Jhemiangel Tovar,-0.03280321977934677,1.0,0.0,1.0
811637,sa3021815,Wilmis Paulino,-0.03280901391675343,1.0,0.0,1.0
802089,sa3018888,Franklyn Moreta,-0.03282748111217108,1.0,0.0,1.0
800148,sa3019486,Marco Vega,-0.032834238071251014,1.0,0.0,1.0
702890,sa3017617,Adrian Ogando,-0.03283503636516706,1.0,0.0,1.0
700307,sa3019115,Miguel Hernandez,-0.03286223944943469,1.0,0.0,1.0
800279,sa3019146,Abrahan Tejada,-0.03290423829936724,1.0,0.0,1.0
800070,sa3018316,Jose S. Mendoza,-0.0329497320561342,1.0,0.0,1.0
692392,sa3015445,Miguel Martinez,-0.03296332156557445,1.0,0.0,1.0
808362,sa3021529,Jesus Lopez,-0.032981105062089865,1.0,0.0,1.0
702894,sa3019121,Angel Tello,-0.0329837610536047,1.0,0.0,1.0
699389,sa3017143,Gabriel Agrazal,-0.03298520841087018,1.0,0.0,1.0
805777,sa3019672,Wuilliams Rodriguez,-0.03302694787791733,1.0,0.0,1.0
801746,sa3019391,Marcos  Fortunato,-0.033037091058014174,1.0,0.0,1.0
676680,23443,Tom Cosgrove,-0.03304004745080451,40.0,0.0,40.0
682972,sa3008437,Yonaiker Garcia,-0.0330500030226535,1.0,0.0,1.0
800361,sa3018850,Peter Bonilla,-0.03306448091800412,1.0,0.0,1.0
691921,sa3016796,Keneth Quintanilla,-0.03309983086309795,1.0,0.0,1.0
700165,sa3016611,Rony Cruz,-0.03322480341410727,1.0,0.0,1.0
692860,sa3016488,Victor Fransua,-0.033246516608098145,1.0,0.0,1.0
815194,sa3022344,Jeiki Beltran,-0.033250452764763065,1.0,0.05490000173449516,0.7419000267982483
700343,sa3016520,Nixon Parra,-0.03325290763447396,1.0,0.0,1.0
700161,sa3016514,Aneudis George,-0.033253873244621465,1.0,0.0,1.0
687692,sa3010578,Jairo Vásquez,-0.033255560288835126,1.0,0.0,1.0
696147,29754,Sam Bachman,-0.03327754340874162,17.0,0.0,17.0
805097,sa3019189,Angel Hernandez,-0.03328945269914533,1.0,0.0,1.0
805009,sa3019292,Yoan Valdez,-0.03329777532335305,1.0,0.0,1.0
808358,sa3021013,Snarlyn Evangelista,-0.03330115099857991,1.0,0.0,1.0
700348,sa3016948,Kinn Omosako,-0.03339449352045877,1.0,0.0,1.0
674444,23165,Steven Cruz,-0.033398007133077834,48.0,0.0,48.0
683724,sa3009493,Miguel Cordones,-0.03342307391452231,1.0,0.0,1.0
810079,sa3022040,Cristian Diaz,-0.03344767138533786,1.0,0.0,1.0
813979,sa3022046,Kevin Tejada,-0.033467689052479654,1.0,0.0,1.0
692363,sa3016586,Ismael Mota,-0.03348553476544448,1.0,0.0,1.0
800217,sa3019139,Darlyn De La Cruz,-0.033493009276351224,1.0,0.0,1.0
804872,sa3019462,Ricardo Gomez,-0.03349746887858757,1.0,0.0,1.0
680192,sa3015146,Luis Diaz,-0.03351302125879491,1.0,0.0,1.0
805047,sa3018902,Abel Mendez,-0.03354918844361078,1.0,0.05490000173449516,0.7419000267982483
703620,sa3018032,Alvaro Benua,-0.03356835832618933,1.0,0.0,1.0
801269,sa3018876,Adrian Santana,-0.03359205261325115,1.0,0.04390000179409981,0.7939000129699707
807654,sa3020988,Angel Cruz,-0.03360139402600833,1.0,0.0,1.0
814031,sa3022047,Saul Siri,-0.0336621932703595,1.0,0.05490000173449516,0.7419000267982483
800101,sa3019133,Melvin Javier,-0.033664933688699133,1.0,0.035100001841783524,0.835099995136261
800172,sa3019138,Keider Herrera,-0.03368312118616585,1.0,0.0,1.0
702887,sa3019120,Michael Peres,-0.033743746354121126,1.0,0.0,1.0
682652,sa3009459,Fernando Ortega,-0.033747603397900304,1.0,0.0,1.0
800077,sa3019502,Wilton Rondon,-0.033756280460347975,1.0,0.0,1.0
678602,sa3017098,Victor Soteldo,-0.03375941384801299,1.0,0.0,1.0
800071,sa3019256,Ronny Robles,-0.03376989961983022,1.0,0.0,1.0
800366,sa3019155,Yoryi Simarra,-0.03378652875304386,1.0,0.0,1.0
692426,sa3015951,Edwin Zamudio,-0.0337901472285599,1.0,0.0,1.0
808319,sa3021011,Luis Guevara,-0.03380244026971768,1.0,0.0,1.0
808678,sa3021544,Fermin Magallanes,-0.033802562050639445,1.0,0.0,1.0
703397,sa3018811,Santiago Sojo,-0.03380460751416835,1.0,0.0,1.0
800128,sa3019258,Lisnerkin Lantigua,-0.033870940723260086,1.0,0.0,1.0
807262,sa3021994,Deiver Oliveros,-0.03388944169458289,1.0,0.0,1.0
800435,sa3019063,Diego Dominguez,-0.03390414389466163,1.0,0.0,1.0
804628,sa3021477,Claudio Gatier,-0.03391559308130655,1.0,0.0,1.0
800501,sa3019069,Oscar Moreta,-0.033919084633548424,1.0,0.0,1.0
698959,sa3015485,Jan Caraballo,-0.033934386701206715,1.0,0.0,1.0
692849,sa3015462,Fraimin Marte,-0.03393932774376719,1.0,0.0,1.0
800545,sa3019385,Diego Hernandez,-0.033951015452188704,1.0,0.0,1.0
811636,sa3021814,Odarlin Cruz,-0.033987398950939114,1.0,0.0,1.0
804972,sa3019083,Richy Valdez,-0.03401233822105245,1.0,0.0,1.0
811227,sa3022149,Miguel Gomez,-0.03404316877857045,1.0,0.058400001376867294,0.7253999710083008
800152,sa3019260,Nelfri Payano,-0.03404550622296935,1.0,0.0,1.0
683499,sa3008704,Lisander Brito,-0.03407329395551596,1.0,0.0,1.0
806684,sa3020601,Lluveres Severino,-0.034090787793920455,1.0,0.0,1.0
700347,sa3017898,Jogly Garcia,-0.03410593899918023,1.0,0.0,1.0
703406,sa3017979,Josue Carmona,-0.03411449119871224,1.0,0.0,1.0
808700,sa3022144,Frandy Rodriguez,-0.03414002738139823,1.0,0.0,1.0
808347,sa3022132,Frank Martinez,-0.03415110971846691,1.0,0.0,1.0
808055,sa3021509,Luis Beltrán,-0.034155566410084284,1.0,0.0,1.0
809330,sa3022038,Brailyn Paulino,-0.034183045832553244,1.0,0.04610000178217888,0.7831000089645386
800058,sa3018818,Luis Flores,-0.03420193922155792,1.0,0.0,1.0
696088,sa3016252,Dianye Florentino,-0.0342820229200209,1.0,0.0,1.0
699693,sa3016051,Carlos Millan,-0.03429755725170436,1.0,0.0,1.0
699022,sa3016711,Samuel Fabian,-0.03431706294072671,1.0,0.0,1.0
700719,sa3017765,Dairon De Jesus,-0.03433307978399715,1.0,0.0,1.0
703846,sa3019126,Renaldito Florian,-0.03433669266542796,1.0,0.0,1.0
675496,sa3018282,Omar Munoz,-0.03438208705192533,1.0,0.0,1.0
800318,sa3019267,Ranwell Smith,-0.034425072351229956,1.0,0.0,1.0
699032,sa3015777,Christian Avendano,-0.03443261697769848,1.0,0.0,1.0
805318,sa3019647,Eduardo Tovar,-0.03446347496644279,1.0,0.0,1.0
683019,sa3009598,Orlando Barrios,-0.03446684667436619,1.0,0.0,1.0
800274,sa3021475,Abel Fuerte,-0.034492005270207175,1.0,0.0,1.0
808390,sa3022136,Juan Henriquez,-0.0345034431860045,1.0,0.0,1.0
808215,sa3021005,Eduardo Fernandez,-0.03450585114254345,1.0,0.0,1.0
814219,sa3022049,Jose Regalado,-0.034531711124420154,1.0,0.0,1.0
691916,sa3015434,Roelmy Garcia,-0.034533165596430195,1.0,0.039799999445676804,0.8127999901771545
802071,sa3019392,Erick Padilla,-0.03455713267954985,1.0,0.0,1.0
805070,sa3019085,Juan Ozuna,-0.03457169588069813,1.0,0.0,1.0
703101,sa3017619,Dencer Geraldo,-0.034715405414005356,1.0,0.0,1.0
805013,sa3019613,Jeferson Lopez,-0.03472009579370648,1.0,0.0,1.0
805742,sa3019648,Andres Jimenez,-0.0347529478752187,1.0,0.0,1.0
811324,sa3021564,Jeffrey Familia,-0.034773043187696015,1.0,0.0,1.0
804969,sa3018363,Diovel Mariano,-0.034808061960596354,1.0,0.0,1.0
699074,sa3016605,Michael Vilchez,-0.03485173712875822,1.0,0.0,1.0
692660,sa3016228,Luis Joseph,-0.03488855364228872,1.0,0.0,1.0
684232,sa3009995,Albert Breton,-0.03495832992581935,1.0,0.0,1.0
814268,sa3021577,Kevin Camacho,-0.03496374251925665,1.0,0.0,1.0
814130,sa3022048,Enrique Carta,-0.034975652340295114,1.0,0.0,1.0
700334,sa3017875,Edinson Valdespina,-0.03501883903135473,1.0,0.0,1.0
805849,sa3019673,Danery Tejada,-0.03502172619891889,1.0,0.0,1.0
800486,sa3018862,Ronal Herrera,-0.03503255161163074,1.0,0.0,1.0
692565,sa3016590,Cesar Ruiz,-0.03504012887746793,1.0,0.0,1.0
698926,sa3016814,Luis Baldiris,-0.035089322328020596,1.0,0.0,1.0
814275,sa3022157,Michael Valverde,-0.03511624002323183,1.0,0.0,1.0
703325,sa3018035,Ricardito Lorenzo,-0.035141881002855826,1.0,0.0,1.0
681402,24737,Gus Varland,-0.03515411317268402,48.0,0.0,48.0
808701,sa3022170,Jeyson Mejia,-0.03518926101367042,1.0,0.0,1.0
699159,sa3016508,Jean Carlos Reyes,-0.03520321007779576,1.0,0.0,1.0
814258,sa3021042,Alejandro Ramirez,-0.03520706094129205,1.0,0.0,1.0
802744,sa3019180,Irving Vazquez,-0.035211389259846924,1.0,0.0,1.0
815437,sa3022397,Engel Silvestre,-0.03522497431386099,1.0,0.0,1.0
807762,sa3021748,Breilin Arredondo,-0.03525058955172698,1.0,0.0,1.0
698988,sa3017613,Genderson Zapata,-0.03525672169497103,1.0,0.0,1.0
800445,sa3019159,Elías Moscoso,-0.03525816458882114,1.0,0.0,1.0
814374,sa3022278,Francisco Frias,-0.0352680268159451,1.0,0.0,1.0
805757,sa3019649,Brayan Suarez,-0.03527054751828215,1.0,0.0,1.0
800467,sa3019548,Raudy Gomez,-0.035279086047180046,1.0,0.0,1.0
802090,sa3018889,Rodarni Salvador,-0.035315997912747046,1.0,0.0,1.0
811198,sa3021032,Jesus Poline,-0.03531611699079865,1.0,0.0,1.0
805623,sa3019539,Ilmerson Colon,-0.03531972487607144,1.0,0.0,1.0
802737,sa3018893,Luis Aguilar,-0.03532585817845551,1.0,0.0,1.0
800457,sa3019162,Moises Palma,-0.03533355205469486,1.0,0.0,1.0
699075,sa3016506,Jhonny Jimenez,-0.03541746595515919,1.0,0.0,1.0
814127,sa3021038,Luis De Aza,-0.03542287604163426,1.0,0.0,1.0
801735,sa3019389,Bryant Landaeta,-0.03542371690618239,1.0,0.0,1.0
678977,sa3007725,Martin Herrera,-0.03543802050460212,1.0,0.0,1.0
660604,19524,Alan Rangel,-0.035440085328968696,22.0,0.0,22.0
805983,sa3019756,Elvin Jimenez,-0.03548285717592275,1.0,0.0,1.0
800341,sa3018845,Roman Perez,-0.035489589725222266,1.0,0.0,1.0
693755,sa3016238,Yon Landaeta,-0.03561193945206901,1.0,0.0,1.0
800013,sa3019132,Ramon Sanchez,-0.03561674611138997,1.0,0.0,1.0
800381,sa3019733,Carlos Gomez,-0.03563429330804331,1.0,0.0,1.0
800493,sa3018865,Danny Hilario,-0.03564474740049318,1.0,0.0,1.0
802070,sa3018885,David Dominguez,-0.035710117557924706,1.0,0.0,1.0
807403,sa3021742,Jecsua Liborius,-0.03572934219269017,1.0,0.0,1.0
815435,sa3022391,Carlos Brito,-0.0357367922659519,1.0,0.0,1.0
692483,sa3015448,Sergio Caruci,-0.03575961884347929,1.0,0.0,1.0
700324,sa3019116,Krisspy Valdez,-0.03578148635270706,1.0,0.0,1.0
814032,sa3021571,Ruver Flores,-0.03580455339863802,1.0,0.0,1.0
805324,sa3019193,Johan Palacios,-0.0358504485547159,1.0,0.0,1.0
806698,sa3021480,Frederic Frias,-0.035924924521263675,1.0,0.0,1.0
800300,sa3018325,Frelianderson Seijas,-0.03593333356449277,1.0,0.0,1.0
692451,sa3015633,Andy Luis,-0.03601015489428548,1.0,0.0,1.0
800535,sa3018339,Wermer Pineda,-0.036027137189053836,1.0,0.0,1.0
800464,sa3019519,Genderson Almonte,-0.03602929869209071,1.0,0.0,1.0
803366,sa3019079,Maicor Serrano,-0.036029420095223336,1.0,0.0,1.0
703085,sa3018806,Jilber Canas,-0.03606112377378198,1.0,0.0,1.0
803374,sa3019183,Chariel Radney,-0.03608154092601698,1.0,0.0,1.0
691507,sa3011466,Joldanny Genao,-0.03610759793507097,1.0,0.0,1.0
692066,sa3016467,Jesus Silverio,-0.0361641563218409,1.0,0.0,1.0
807825,sa3021753,Luis Garcia,-0.036217347863382425,1.0,0.0,1.0
808088,sa3021771,Bernard Mack,-0.0362524040708215,1.0,0.0,1.0
808213,sa3021777,Lenin Mendez,-0.036291063348107014,1.0,0.0,1.0
691925,sa3015945,Eliecer Romero,-0.0363761736562994,1.0,0.0,1.0
805451,sa3019481,Enyer Burgos,-0.036430184830561714,1.0,0.0,1.0
808211,sa3021518,Misael Lopez,-0.03649139749120596,1.0,0.0,1.0
683627,26952,Anthony Molina,-0.03652214975693735,22.0,0.0,22.0
703723,sa3018306,Ali Ascanio,-0.03654275999335644,1.0,0.0,1.0
684225,sa3010805,Felipito Santos,-0.03656040170738413,1.0,0.0,1.0
699279,sa3016040,Oscar Paredes,-0.03657935897566048,1.0,0.0,1.0
702891,sa3018804,Joldelanio De Los Santos,-0.036593881857163696,1.0,0.0,1.0
801270,sa3018877,Darwin Rodriguez,-0.03659510838301215,1.0,0.0,1.0
802069,sa3018884,Ruben De La Cruz,-0.036626157259568214,1.0,0.0,1.0
702392,sa3016292,Tomy Sanchez,-0.03663599625273338,1.0,0.0,1.0
800270,sa3018838,Justin Caceres,-0.03665243298123377,1.0,0.0,1.0
811622,sa3022043,Ledwin Gonzalez,-0.03672393928063606,1.0,0.0,1.0
814404,sa3021827,Cristofer Soriano,-0.036767247559537086,1.0,0.0,1.0
692391,sa3015947,Antoni Cuello,-0.03679680604827657,1.0,0.0,1.0
811596,sa3021035,Darlin Mendez,-0.03685013732045683,1.0,0.0,1.0
690953,27756,Mick Abel,-0.03687134673451056,18.0,0.0,18.0
700299,sa3016058,Edwin Rodriguez,-0.036889241108413476,1.0,0.0,1.0
811623,sa3021813,Raudy Rivera,-0.03689811430171119,1.0,0.0,1.0
800400,sa3018852,Willian Colmenares,-0.03694033124702256,1.0,0.0,1.0
806708,sa3021482,Jordi Infante,-0.03696239691164694,1.0,0.0,1.0
804968,sa3019185,Wellington Guzman,-0.03697450996077938,1.0,0.0,1.0
808335,sa3021786,Saul Sanchez,-0.03697726570205051,1.0,0.0,1.0
807813,sa3021750,Yansel Marine,-0.036981826452575375,1.0,0.0,1.0
804967,sa3019463,Rancel Duarte,-0.037024754054576524,1.0,0.0,1.0
814257,sa3021822,Yoralbert Cadiz,-0.03713782587204741,1.0,0.0,1.0
640454,19315,Matt Krook,-0.03714446459347143,14.0,0.0,14.0
699233,sa3019242,Victor Brea,-0.03717007642616353,1.0,0.0,1.0
800127,sa3019578,Jorge Guerra,-0.03718434343186252,1.0,0.0,1.0
699079,sa3016606,Sebastian Javier,-0.03720508170931192,1.0,0.0,1.0
806240,sa3019802,Carlos Brito,-0.037223662899000545,1.0,0.0,1.0
800560,sa3020968,Wali Pierre,-0.03722402209558695,1.0,0.0,1.0
808682,sa3021021,Brandon Smith,-0.03722701917074818,1.0,0.0,1.0
800301,sa3019266,Hader Blanco,-0.03725543175295334,1.0,0.0,1.0
808221,sa3021007,Oliver Eusebio,-0.03726525844204394,1.0,0.0,1.0
805095,sa3019398,Rodolfo De La Cruz,-0.03730082284859822,1.0,0.0,1.0
808230,sa3022129,Enyerber Rivero,-0.03730972743956177,1.0,0.0,1.0
800582,sa3018868,Johandry Fuente,-0.03737205390216676,1.0,0.0,1.0
686701,29863,Ryan Bergert,-0.037395241157360905,26.233999252319336,1.6200000047683716,18.6200008392334
800249,sa3019145,Dermis Ordonez,-0.037452107630425724,1.0,0.0,1.0
802078,sa3019433,Neiver Acosta,-0.03753095625889651,1.0,0.0,1.0
702397,sa3016293,Pedro Figueroa,-0.037590409976606405,1.0,0.0,1.0
702395,sa3016801,Henrison Mota,-0.037606200255301085,1.0,0.0,1.0
802101,sa3018354,Wagner Castillo,-0.037648608762429876,1.0,0.0,1.0
702441,sa3016529,Wilfredo Cordero,-0.03769781278799617,1.0,0.0,1.0
703600,sa3018031,Yoryi Jimenez,-0.037700244006564416,1.0,0.0,1.0
801387,sa3019281,Jonas Uzcategui,-0.03777342779433686,1.0,0.0,1.0
808139,sa3021774,Rafael Suero,-0.03778803968796647,1.0,0.0,1.0
802064,sa3019479,Jose Ramirez,-0.03783463121657276,1.0,0.0,1.0
800459,sa3019163,Yorvi Pirela,-0.037839024387260056,1.0,0.0,1.0
800052,sa3018817,Jair Jimenez,-0.03786229572115398,1.0,0.0,1.0
805336,sa3019194,Julio Ramirez,-0.037894989940838876,1.0,0.0,1.0
807576,sa3020986,Daury Zapata,-0.03798934795431299,1.0,0.0,1.0
691413,sa3015930,Victor Garcia,-0.03802730145156662,1.0,0.0,1.0
660730,20962,Elvin Rodríguez,-0.03806759423587526,34.0,0.0,34.0
805110,sa3018370,Ricardo Montero,-0.03814282733357758,1.0,0.0,1.0
800221,sa3019140,John Sosa,-0.038199566200032176,1.0,0.0,1.0
800340,sa3018844,Jhonny Martinez,-0.038199807309633876,1.0,0.0,1.0
801524,sa3018879,Hayrol Done,-0.038311833516119505,1.0,0.0,1.0
699384,sa3016048,David Olivo,-0.038382441760562665,1.0,0.0,1.0
805105,sa3019399,Willian Campos,-0.038382558269239614,1.0,0.0,1.0
802094,sa3020970,Eriberto Vasquez,-0.03850137402236195,1.0,0.0,1.0
702900,sa3018302,Wuillians Herrera,-0.038667293341805145,1.0,0.0,1.0
805091,sa3018907,Denison Sanchez,-0.03873391334942406,1.0,0.0,1.0
664991,21623,Grant Wolfram,-0.038752340908813174,18.0,0.0,18.0
682851,sa3009718,Cesari Moreno,-0.03878438174954486,1.0,0.0,1.0
695283,sa3016911,Junior Pina,-0.03882468096561162,1.0,0.0,1.0
805864,sa3019703,Charbel Gonzalez,-0.038876099366614104,1.0,0.0,1.0
700284,sa3019243,Runelvis Toribio,-0.038890088455141684,1.0,0.0,1.0
802241,sa3019645,Federik Jimenez,-0.0389026406570747,1.0,0.0,1.0
808295,sa3022019,Oliver Camilo,-0.03890694674995016,1.0,0.0,1.0
800355,sa3018848,Luciano Romero,-0.039025306296146596,1.0,0.0,1.0
808629,sa3022032,Connor Prins,-0.039052296212171926,1.0,0.0,1.0
802096,sa3019480,Jose Ojeda,-0.03908459677896619,1.0,0.0,1.0
802387,sa3022380,Francisco Pazos,-0.039088231292746224,1.0,0.0,1.0
808095,sa3022010,Jarol Baéz,-0.03927725646914071,1.0,0.0,1.0
699004,sa3016747,Sulivan Ribeiro,-0.03928717588343966,1.0,0.0,1.0
800394,sa3019379,Adrián Delgado,-0.03935361081118259,1.0,0.0,1.0
805113,sa3019191,Landany Alfonseca,-0.03948992323818338,1.0,0.0,1.0
695973,sa3017656,Eduardo Zapata,-0.039493988592912824,1.0,0.0,1.0
803368,sa3018357,Fraylin Suriel,-0.0395077243553154,1.0,0.0,1.0
808680,sa3021799,Jhoan Lorenzo,-0.039574497598175905,1.0,0.0,1.0
684148,sa3011340,Daniele Di Monte,-0.03968747648816189,1.0,0.0,1.0
805106,sa3019190,Juan Ortega,-0.03971124194520392,1.0,0.0,1.0
811625,sa3022151,Stanly Alcantara,-0.03994322762785454,1.0,0.0,1.0
808556,sa3022140,Kelvin Carmona,-0.040125842044120355,1.0,0.0,1.0
800483,sa3019274,Ismael Laureano,-0.04034169330319853,1.0,0.0,1.0
571946,10197,Shelby Miller,-0.04041008797068328,56.0,0.0,56.0
608371,13470,Lucas Sims,-0.040465487452959935,58.0,0.0,58.0
805093,sa3019299,Jhon Cabral,-0.04060125786452769,1.0,0.0,1.0
808061,sa3021000,Estarlin Cruz,-0.040680177561898345,1.0,0.0,1.0
668877,sa3017270,Ray Gaither,-0.040715632589863555,8.0,0.0,8.0
656232,19866,Brandon Bielak,-0.04075827108262918,12.0,0.0,12.0
702269,sa3019366,Tommy Ventimiglia,-0.04091598518459164,1.0,0.0,1.0
814475,sa3022051,Brahian Rijo,-0.04105376137533499,1.0,0.0,1.0
700291,sa3019244,Cesar Rojas,-0.04130884753625936,1.0,0.0,1.0
685116,27910,Austin Kitchen,-0.04157163581037747,8.0,0.0,8.0
693777,sa3015471,Yonatan Pineda,-0.04174058362742339,1.0,0.0,1.0
547184,12791,Michael Kelly,-0.042314532454804515,17.0,0.0,17.0
692827,sa3016485,Dielmon Urena,-0.042606797214703625,1.0,0.0,1.0
687209,31610,Zach Maxwell,-0.04295967562208585,32.0,0.0,32.0
681517,24763,Kyle Leahy,-0.04337711046821939,56.0,0.0,56.0
663687,21520,Hogan Harris,-0.044095668559411494,61.99319839477539,1.6200000047683716,54.619998931884766
800243,sa3018837,Jovi Gálvez,-0.045477335690168624,1.0,0.0,1.0
669422,22284,Matt Sauer,-0.04575403631921789,20.0,0.0,20.0
592741,10855,Chasen Shreve,-0.046238576194777115,13.0,0.0,13.0
689690,29628,Alek Jacob,-0.046526712591749064,53.0,0.0,53.0
519008,3237,T.J. McFarland,-0.047122066161277704,60.0,0.0,60.0
694795,33785,Josh Ekness,-0.04715394245171761,12.0,0.0,12.0
691251,27967,Andry Lara,-0.048127398876505294,21.0,0.0,21.0
685107,27453,Anthony Veneziano,-0.048266628598624496,58.0,0.0,58.0
671131,26215,Jackson Rutledge,-0.04872099991870358,40.0,0.0,40.0
680951,30142,Doug Nikhazy,-0.04978660199553431,26.0,0.0,26.0
606149,14986,Giovanny Gallegos,-0.050888149860490034,16.0,0.0,16.0
682607,sa3008074,Antonio Jimenez,-0.0510772876691383,11.0,0.0,11.0
694363,27472,Jared Shuster,-0.05393886297568355,40.0,0.0,40.0
687287,29564,Patrick Monteverde,-0.05455430790131005,24.0,0.0,24.0
650895,17496,Diego Castillo,-0.05516174212722771,46.0,0.0,46.0
687074,26030,Tyler Owens,-0.05545553382893437,32.0,0.0,32.0
641401,21205,Connor Brogdon,-0.05682424298837669,22.0,0.0,22.0
678013,sa3008329,Lenny Torres Jr.,-0.057175383523419734,8.0,0.0,8.0
621363,19403,Colin Poche,-0.057657097297663606,56.0,0.0,56.0
623433,18337,Nick Anderson,-0.05911146254650086,35.0,0.0,35.0
678821,24203,Luis Peralta,-0.05950735585992684,62.0,0.0,62.0
688642,31552,Zach Agnos,-0.05994600086331426,31.0,0.0,31.0
596271,11121,Casey Lawrence,-0.061516194757710405,13.0,0.0,13.0
694335,29629,Matt Svanson,-0.061803906987665976,22.0,0.0,22.0
672715,22815,Luis Patiño,-0.06284201374942977,12.0,0.0,12.0
676969,23592,Brett de Geus,-0.06306562039298752,28.0,0.0,28.0
674285,23135,Eduardo Salazar,-0.06336774268980841,52.0,0.0,52.0
675540,25595,Xzavion Curry,-0.06354121914724091,18.0,0.0,18.0
656412,19874,Alex Faedo,-0.06354232324443085,41.0,0.0,41.0
686608,sa3010374,Jacob Wallace,-0.06443064144850526,10.0,0.0,10.0
663804,21549,Jackson Kowar,-0.06444714684860836,34.0,0.0,34.0
694350,27783,Zach Brzykcy,-0.06637147608190512,28.0,0.0,28.0
669674,25379,Sam Long,-0.06642480017214802,56.0,0.0,56.0
680755,24609,Braydon Fisher,-0.06761228433130897,18.0,0.0,18.0
676046,sa3017130,Griff McGarry,-0.06761264951506288,16.0,0.0,16.0
679358,27626,Eric Orze,-0.06763673818764529,48.0,0.0,48.0
683568,26907,Jairo Iriarte,-0.06840840831943719,51.93600082397461,6.480000019073486,21.479999542236328
680897,29833,Nick Nastrini,-0.06892623472598924,89.07710266113281,14.579999923706055,24.579999923706055
686751,26020,Seth Johnson,-0.0696614088725607,20.0,0.0,20.0
681896,sa3015298,Anthony Hoopii-Tuionetoa,-0.07055738901016692,12.0,0.0,12.0
663541,sa3007008,Tanner Dodson,-0.0713313102294226,9.0,0.0,9.0
687362,26171,Connor Gillispie,-0.07283256549891433,71.7020034790039,4.860000133514404,48.86000061035156
543766,8110,Bryan Shaw,-0.07320573992050125,11.0,0.0,11.0
676092,23307,Collin Snider,-0.0739670804637575,65.0,0.0,65.0
675848,23237,Juan Mejia,-0.0742794312136382,21.0,0.0,21.0
683155,26257,Joey Estes,-0.07524208319750447,117.06950378417969,19.440000534057617,29.440000534057617
669391,22273,Owen White,-0.0754527585913358,17.0,0.0,17.0
692285,31184,Luis Guerrero,-0.07621163969188055,52.0,0.0,52.0
681097,sa3016795,Andrew Moore,-0.0795622510516922,28.0,0.0,28.0
670871,19588,Guillo Zuñiga,-0.07974683699192948,15.0,0.0,15.0
683522,sa3017036,Michael Arias,-0.0798807112283045,12.0,0.0,12.0
519326,7836,Hunter Strickland,-0.0799991577330916,21.0,0.0,21.0
682989,31533,Victor Mederos,-0.08068776777242113,15.0,0.0,15.0
681168,24710,Luis Curvelo,-0.08147416900788258,22.0,0.0,22.0
664139,17871,Ian Gibaut,-0.08161708811878875,46.0,0.0,46.0
519293,8048,Will Smith,-0.0825322573426042,25.0,0.0,25.0
702352,30226,Spencer Bivens,-0.0838262999637514,53.0,0.0,53.0
688297,31261,Chris Roycroft,-0.08599862721952481,54.0,0.0,54.0
682610,25311,Roddery Muñoz,-0.08856885347080135,24.0,0.0,24.0
656240,16427,Scott Blewett,-0.08864721429426033,39.0,0.0,39.0
571670,13394,Dylan Floro,-0.08906745239674493,44.0,0.0,44.0
656257,16631,Jeff Brigham,-0.09102055211591012,20.0,0.0,20.0
687134,26419,Bradley Blalock,-0.09105880420049094,51.222801208496094,4.860000133514404,28.860000610351562
642232,16502,Ryan Yarbrough,-0.09350752227524771,44.0,0.0,44.0
665660,21662,Elvis Alvarado,-0.09479078806625806,20.0,0.0,20.0
680880,30002,Grant Holman,-0.09537088523624078,48.0,0.0,48.0
621199,13528,Matt Bowman,-0.09555240649765664,39.0,0.0,39.0
680684,31318,Gunnar Hoglund,-0.09643758186283867,71.16999816894531,8.100000381469727,33.099998474121094
699134,29107,Bradgley Rodriguez,-0.09944565514324684,26.0,0.0,26.0
669081,sa3015035,Jack Dashwood,-0.09952672359688428,42.0,0.0,42.0
669169,22224,Jonathan Heasley,-0.09998210366473828,21.0,0.0,21.0
642376,sa828460,Jefry Yan,-0.1029812895714981,33.0,0.0,33.0
690155,31870,Matt Pushard,-0.10470951520163911,22.0,0.0,22.0
666277,21863,George Soriano,-0.10498018729606362,53.0,0.0,53.0
676106,27470,Emerson Hancock,-0.10633251697822026,67.53500366210938,9.720000267028809,23.719999313354492
680743,sa3017385,Ryan Cusick,-0.10766582602679782,13.0,0.0,13.0
608718,13942,Brent Suter,-0.11030815685800564,64.0,0.0,64.0
702795,29521,Ryan Loutos,-0.1113226322941679,32.0,0.0,32.0
701552,29542,Andre Granillo,-0.11232376420481448,14.0,0.0,14.0
595928,16128,John Curtiss,-0.11315903894185542,24.0,0.0,24.0
657612,16814,Tim Hill,-0.11431386058170351,57.0,0.0,57.0
669371,27570,Cole Henry,-0.11441292012870236,38.0,0.0,38.0
672782,22872,Yoendrys Gómez,-0.11598516569454817,46.0,0.0,46.0
453268,7115,Daniel Bard,-0.11888997803844475,30.0,0.0,30.0
686993,27694,Justin Sterner,-0.12027355616060584,58.0,0.0,58.0
676508,30085,Ben Casparius,-0.12052434696464823,47.0,0.0,47.0
666171,25420,Ryan Zeferjahn,-0.12105200038559062,61.0,0.0,61.0
694361,27787,Will Klein,-0.12152962912496434,22.0,0.0,22.0
643256,15288,Adam Cimber,-0.12346606642000679,24.0,0.0,24.0
700669,29519,Gordon Graceffo,-0.12550943566234168,57.140499114990234,1.6200000047683716,49.619998931884766
608717,13761,Chris Stratton,-0.12559156178231146,54.0,0.0,54.0
676604,20379,Tyler Zuber,-0.1291350363359813,30.0,0.0,30.0
642546,17464,Jonathan Hernández,-0.13631971822113056,46.0,0.0,46.0
554431,10058,Tyler Matzek,-0.1378289901230725,38.0,0.0,38.0
687847,26353,Marc Church,-0.13899216258237543,61.0,0.0,61.0
678215,23811,Luarbert Arias,-0.1436219185345598,33.0,0.0,33.0
643290,19268,Justin Dunn,-0.1442341816066703,18.0,0.0,18.0
669395,22276,Dylan Coleman,-0.14630265183527122,19.0,0.0,19.0
669308,22253,Sean Reynolds,-0.14638546169723768,48.0,0.0,48.0
687570,31857,Connor Prielipp,-0.15422758827760746,22.0,0.0,22.0
663432,17610,Tanner Rainey,-0.15888939524854187,32.0,0.0,32.0
687377,26247,Orlando Ribalta,-0.15945959297206858,50.0,0.0,50.0
675650,23223,Michael Mercado,-0.1643766942677415,30.0,0.0,30.0
670810,22461,Logan Gillaspie,-0.16981274355833664,46.0,0.0,46.0
680702,24591,Joey Gerber,-0.17218781054973475,22.0,0.0,22.0
682171,25174,Penn Murfee,-0.17680015169376678,60.0,0.0,60.0
686294,26128,Amos Willingham,-0.1819493982470053,37.0,0.0,37.0
666711,21951,Joel Peguero,-0.1895154926554209,34.0,0.0,34.0
621051,20353,Steven Wilson,-0.19514567769350932,32.0,0.0,32.0
668820,22175,Max Kranick,-0.1957717009557014,51.0,0.0,51.0
656848,20827,Michael Petersen,-0.21017107350363132,44.0,0.0,44.0
668984,25921,Casey Legumina,-0.21119388037854273,41.0,0.0,41.0
686826,27477,Bryce Jarvis,-0.27168652320429454,48.0,0.0,48.0
682825,25620,Luis Mey,-0.2775211235947378,34.0,0.0,34.0
687145,30008,Evan Justice,-0.28356109944889857,42.0,0.0,42.0
668716,27908,Noah Murdock,-0.29211212550066545,59.0,0.0,59.0
