mlbam,fgid,name,war,ip,gs,g
543037,13125,Gerrit Cole,2.211416242296086,74.98059844970703,11.851900100708008,11.851900100708008
594798,10954,Jacob deGrom,2.018937727327091,76.10199737548828,11.851900100708008,11.851900100708008
453286,3137,Max Scherzer,1.8523073351778339,72.06269836425781,11.399999618530273,11.399999618530273
434378,8700,Justin Verlander,1.7895174499850288,68.0656967163086,10.800000190734863,10.800000190734863
669456,19427,Shane Bieber,1.6789654245125607,74.60559844970703,11.851900100708008,11.851900100708008
458681,2520,Lance Lynn,1.6100593883923957,70.9990005493164,11.851900100708008,11.851900100708008
544931,10131,Stephen Strasburg,1.5968226211101488,74.21499633789062,11.851900100708008,11.851900100708008
477132,2036,Clayton Kershaw,1.5135600500738107,74.78919982910156,11.851900100708008,11.851900100708008
571578,9323,Patrick Corbin,1.4676626311449898,71.0792007446289,11.851900100708008,11.851900100708008
621111,19374,Walker Buehler,1.4673867006851447,69.16850280761719,11.399999618530273,11.399999618530273
450203,4676,Charlie Morton,1.4320348416896505,68.55879974365234,11.399999618530273,11.399999618530273
446372,2429,Corey Kluber,1.4240357427732062,68.01229858398438,11.399999618530273,11.399999618530273
572020,11828,James Paxton,1.4121156753271016,65.17790222167969,11.399999618530273,11.399999618530273
545333,12703,Trevor Bauer,1.3880792390035233,73.98609924316406,11.851900100708008,11.851900100708008
605182,12808,Mike Clevinger,1.382146751449043,69.09490203857422,11.399999618530273,11.399999618530273
605483,13543,Blake Snell,1.3787483957705153,60.539398193359375,10.800000190734863,10.800000190734863
656427,17479,Jack Flaherty,1.3163611361950653,71.03140258789062,11.851900100708008,11.851900100708008
608566,15038,Germán Márquez,1.2968348093352424,69.14779663085938,11.399999618530273,11.399999618530273
605400,16149,Aaron Nola,1.29343582558123,73.42479705810547,11.851900100708008,11.851900100708008
622491,15689,Luis Castillo,1.290866518488499,70.37259674072266,11.851900100708008,11.851900100708008
501985,10021,Mike Minor,1.2245391735422086,74.26090240478516,11.851900100708008,11.851900100708008
506433,13074,Yu Darvish,1.219763244104392,68.51599884033203,11.399999618530273,11.399999618530273
621121,14120,Lance McCullers Jr.,1.2027221505860037,55.84379959106445,9.600000381469727,9.600000381469727
502043,10123,Kyle Gibson,1.198391512181198,65.30999755859375,11.399999618530273,11.399999618530273
608337,15474,Lucas Giolito,1.178586651582006,68.15769958496094,11.399999618530273,11.399999618530273
592351,14916,Jon Gray,1.16973906191681,68.71990203857422,11.399999618530273,11.399999618530273
543243,12768,Sonny Gray,1.1618532572633102,64.9386978149414,11.399999618530273,11.399999618530273
471911,6632,Carlos Carrasco,1.15389681671354,60.4275016784668,10.199999809265137,10.199999809265137
593423,14309,Frankie Montas,1.1255268009526473,65.29859924316406,10.800000190734863,10.800000190734863
425844,1943,Zack Greinke,1.109172682158764,74.7645034790039,11.851900100708008,11.851900100708008
608331,13743,Max Fried,1.1079985198499236,65.10269927978516,11.399999618530273,11.399999618530273
571760,15423,Andrew Heaney,1.1067626305946097,62.07099914550781,10.800000190734863,10.800000190734863
621244,14168,José Berríos,1.1001187017391068,73.51380157470703,11.851900100708008,11.851900100708008
663978,20099,Chris Paddack,1.0971594621613001,64.25350189208984,10.800000190734863,10.800000190734863
554430,10310,Zack Wheeler,1.0958979473781896,70.12770080566406,11.399999618530273,11.399999618530273
547943,14444,Hyun Jin Ryu,1.0918867065293094,68.8823013305664,11.399999618530273,11.399999618530273
666200,19959,Jesús Luzardo,1.0790607338341935,54.951900482177734,9.0,10.851900100708008
607192,14374,Tyler Glasnow,1.0732480155582849,53.53150177001953,9.600000381469727,9.600000381469727
571510,15440,Matthew Boyd,1.056178857820733,67.59770202636719,11.399999618530273,11.399999618530273
605540,16162,Brandon Woodruff,1.0531328278340115,67.7511978149414,11.399999618530273,11.399999618530273
647336,18383,Michael Soroka,0.9985961749529955,70.07219696044922,11.399999618530273,11.399999618530273
659275,17186,Dinelson Lamet,0.9467072311105732,53.400699615478516,9.600000381469727,9.600000381469727
605164,12917,Dylan Bundy,0.93748531628295,65.80020141601562,11.399999618530273,11.399999618530273
593958,13164,Eduardo Rodriguez,0.9133741730980711,64.0988998413086,10.800000190734863,10.800000190734863
572971,9434,Dallas Keuchel,0.9041255302093287,70.20149993896484,11.399999618530273,11.399999618530273
660271,19755,Shohei Ohtani,0.8993640444437923,40.61360168457031,7.199999809265137,7.199999809265137
605397,12970,Joe Musgrove,0.8785328381679415,67.31739807128906,11.399999618530273,11.399999618530273
656605,17594,Mitch Keller,0.8570392228605775,56.80080032348633,10.199999809265137,10.199999809265137
543294,12049,Kyle Hendricks,0.8418272016534801,67.46700286865234,11.399999618530273,11.399999618530273
547888,15764,Masahiro Tanaka,0.8404620482380457,63.10960006713867,10.800000190734863,10.800000190734863
573186,13431,Marcus Stroman,0.8251265321277993,54.9541015625,9.600000381469727,9.600000381469727
543135,9132,Nathan Eovaldi,0.8218786800377561,59.443199157714844,10.800000190734863,10.800000190734863
572070,9784,Garrett Richards,0.8199763954078321,51.52000045776367,9.600000381469727,9.600000381469727
628711,14765,Julio Urías,0.8147321210351202,59.3306999206543,10.199999809265137,13.163000106811523
657624,16794,Josh James,0.8008271517655484,50.10210037231445,7.800000190734863,14.466699600219727
592662,11486,Robbie Ray,0.8001481780534612,64.52050018310547,11.399999618530273,11.399999618530273
605135,12304,Chris Bassitt,0.7867465521399427,58.03340148925781,9.0,16.407400131225586
664353,18413,José Urquidy,0.7834045547244287,50.16999816894531,9.0,9.0
594835,15467,Marco Gonzales,0.7789219648192045,71.57820129394531,11.851900100708008,11.851900100708008
668678,19291,Zac Gallen,0.7783432112659943,62.04990005493164,10.800000190734863,10.800000190734863
543606,6397,Jake Odorizzi,0.7510730300658973,60.500701904296875,10.800000190734863,10.800000190734863
641154,17085,Pablo López,0.7297952884894491,58.21110153198242,10.199999809265137,10.199999809265137
656302,18525,Dylan Cease,0.729492483197473,50.16600036621094,9.0,9.0
502171,6562,Alex Cobb,0.722545448908063,68.36920166015625,11.399999618530273,11.399999618530273
628317,18498,Kenta Maeda,0.7153022358942576,63.154598236083984,10.800000190734863,13.762999534606934
527048,6902,Martín Pérez,0.7111220133274677,66.43479919433594,11.399999618530273,11.399999618530273
448179,4806,Rich Hill,0.7071400298887951,52.063201904296875,9.600000381469727,9.600000381469727
543101,13050,Anthony DeSclafani,0.6812560294634015,53.263301849365234,9.600000381469727,9.600000381469727
571945,9803,Miles Mikolas,0.6781370825789375,59.38629913330078,10.199999809265137,10.199999809265137
592332,14107,Kevin Gausman,0.660126134531644,54.10350036621094,9.600000381469727,9.600000381469727
458676,7882,Josh Lindblom,0.6591760145766742,62.220001220703125,10.199999809265137,10.199999809265137
596133,16918,Luke Weaver,0.6509092164415697,53.1338996887207,9.600000381469727,9.600000381469727
518516,5524,Madison Bumgarner,0.6503030472480212,73.74870300292969,11.851900100708008,11.851900100708008
605513,16207,Spencer Turnbull,0.6495238988540024,54.15589904785156,9.0,13.814800262451172
622072,13781,Alex Wood,0.645831114720834,53.85049819946289,9.600000381469727,9.600000381469727
630023,16401,Yonny Chirinos,0.6351059789026215,54.70479965209961,9.0,12.703700065612793
579328,20633,Yusei Kikuchi,0.6333147985330043,64.2301025390625,11.399999618530273,11.399999618530273
608723,15047,Austin Voth,0.6285899119784486,48.82320022583008,8.399999618530273,10.251899719238281
518633,3542,Danny Duffy,0.6262963915209613,68.2291030883789,11.399999618530273,11.399999618530273
664192,19320,Joey Lucchesi,0.6220009597475884,61.504600524902344,10.800000190734863,10.800000190734863
641745,15734,Brad Keller,0.6168959958716925,64.84870147705078,10.800000190734863,10.800000190734863
456501,6893,Johnny Cueto,0.6106966441835733,63.78219985961914,10.800000190734863,10.800000190734863
457918,7410,J.A. Happ,0.6102340978096353,56.64419937133789,10.199999809265137,10.199999809265137
452657,4930,Jon Lester,0.6040105799618529,66.20040130615234,11.399999618530273,11.399999618530273
625643,16400,Reynaldo López,0.601478520671396,58.98529815673828,10.199999809265137,10.199999809265137
640455,15873,Sean Manaea,0.6011575711878088,51.694801330566406,9.0,9.0
543475,7593,Jordan Lyles,0.6007056743739259,54.04439926147461,9.600000381469727,11.451899528503418
605288,12718,Adrian Houser,0.5962896235986007,52.940101623535156,9.600000381469727,11.451899528503418
489119,8779,Wade Miley,0.5956944925908072,54.43920135498047,10.199999809265137,10.199999809265137
430935,4972,Cole Hamels,0.5933420571698849,50.76490020751953,9.0,9.0
656288,19867,Griffin Canning,0.5928090411147544,39.957698822021484,7.199999809265137,7.199999809265137
656713,20186,Brendan McKay,0.5926893474998606,37.396400451660156,6.599999904632568,8.451899528503418
605242,13218,Michael Fulmer,0.5903548193532877,44.90230178833008,7.800000190734863,7.800000190734863
596001,13619,Jakob Junis,0.5783641776737981,59.284698486328125,10.199999809265137,10.199999809265137
640462,19343,A.J. Puk,0.5768792874249579,32.631900787353516,5.400000095367432,7.2519001960754395
607644,16269,John Means,0.5743973157947537,63.08150100708008,10.800000190734863,10.800000190734863
519144,2717,Rick Porcello,0.5681856856593436,66.5510025024414,11.399999618530273,11.399999618530273
669160,19716,Dustin May,0.5673030105814904,43.10540008544922,6.599999904632568,12.155599594116211
571927,13361,Steven Matz,0.559332786605486,59.84640121459961,10.800000190734863,10.800000190734863
548389,13273,Ross Stripling,0.5582828861864785,41.90769958496094,6.599999904632568,13.26669979095459
623352,14212,Josh Hader,0.5498044155975386,27.777799606323242,0.0,27.777799606323242
607536,16256,Kyle Freeland,0.5491011409096168,57.1348991394043,10.199999809265137,10.199999809265137
669203,19361,Corbin Burnes,0.5432082878636171,50.21689987182617,7.800000190734863,14.466699600219727
474463,8223,Brett Anderson,0.5332629239699136,54.061100006103516,9.600000381469727,9.600000381469727
543699,8753,Tanner Roark,0.5171667163671857,63.664798736572266,10.800000190734863,10.800000190734863
607074,16137,Carlos Rodón,0.5166626172903115,47.50749969482422,7.199999809265137,13.866700172424316
650644,19479,Aaron Civale,0.512120615961723,51.42060089111328,9.0,9.0
533167,4776,Matt Shoemaker,0.5116032409516971,50.467201232910156,9.0,9.0
592761,14875,Caleb Smith,0.5042104529751007,66.42430114746094,11.399999618530273,11.399999618530273
521230,3548,Liam Hendriks,0.48161105798398834,25.925899505615234,0.0,25.925899505615234
453562,4153,Jake Arrieta,0.4810090268522299,62.080501556396484,10.800000190734863,10.800000190734863
642232,16502,Ryan Yarbrough,0.4785260470355161,51.78850173950195,9.0,9.0
593372,11682,Carlos Martinez,0.4764245078786506,54.10200119018555,8.399999618530273,13.955599784851074
500779,11423,Jose Quintana,0.471887587422444,40.11880111694336,7.199999809265137,7.199999809265137
547942,27458,Kwang Hyun Kim,0.46919108011938837,40.6067008972168,4.199999809265137,20.86669921875
543901,10160,Ryan Weber,0.46831358592990835,49.99409866333008,9.0,9.0
663903,25377,Brady Singer,0.46607249785150084,47.880001068115234,8.399999618530273,8.399999618530273
656756,16511,Jordan Montgomery,0.4586533744106668,49.26459884643555,8.399999618530273,11.36299991607666
608665,15514,Kendall Graveman,0.4582440058430023,47.266700744628906,8.399999618530273,8.399999618530273
456701,8362,Homer Bailey,0.45491124976816666,52.46189880371094,9.600000381469727,9.600000381469727
592314,10811,Mike Foltynewicz,0.4496736786388769,62.40909957885742,10.800000190734863,10.800000190734863
641771,14975,Chad Kuhl,0.4415935574097659,47.42219924926758,7.199999809265137,14.607399940490723
425794,2233,Adam Wainwright,0.4361860411045902,57.874000549316406,10.199999809265137,10.199999809265137
664285,17295,Framber Valdez,0.43544741505831935,27.07110023498535,3.5999999046325684,11.007399559020996
571666,7754,Mike Fiers,0.43435459621568023,67.08779907226562,11.399999618530273,11.399999618530273
543022,4338,Tyler Chatwood,0.4323331284100544,58.37459945678711,10.199999809265137,13.163000106811523
461829,7448,Gio Gonzalez,0.429193489300553,47.97589874267578,8.399999618530273,10.251899719238281
641712,19206,Dakota Hudson,0.4283257511717451,62.697601318359375,10.800000190734863,10.800000190734863
592866,16977,Trevor Williams,0.4246999016553115,66.21499633789062,11.399999618530273,11.399999618530273
645261,18684,Sandy Alcantara,0.416925942203276,69.6677017211914,11.399999618530273,11.399999618530273
642547,18679,Freddy Peralta,0.4135163199002458,35.9650993347168,3.5999999046325684,19.896299362182617
621242,14710,Edwin Díaz,0.4107142033342982,24.074100494384766,0.0,24.074100494384766
663878,20160,Nate Pearson,0.4097885060452174,41.040000915527344,7.199999809265137,7.199999809265137
656954,17285,Justus Sheffield,0.4089060559608401,51.51029968261719,9.0,9.0
596057,13475,Daniel Norris,0.3976893907736684,43.96989822387695,8.399999618530273,8.399999618530273
600917,14524,José Leclerc,0.39593555017845206,24.444400787353516,0.0,24.444400787353516
434671,3284,Aníbal Sánchez,0.38273177209895803,60.34379959106445,10.800000190734863,10.800000190734863
547973,10233,Aroldis Chapman,0.3809226323760379,20.370399475097656,0.0,20.370399475097656
592826,11189,Vince Velasquez,0.3764369998540791,52.971500396728516,9.600000381469727,12.562999725341797
643338,15552,Chad Green,0.37609911855035655,22.222200393676758,0.0,22.222200393676758
543557,4869,Mike Montgomery,0.37549305928979737,52.095401763916016,9.600000381469727,9.600000381469727
642528,19753,Jonathan Loáisiga,0.36544968956402385,26.894399642944336,3.5999999046325684,11.007399559020996
643290,19268,Justin Dunn,0.3648465355613173,38.40019989013672,7.199999809265137,7.199999809265137
657140,19665,Kyle Wright,0.3646170136042979,37.067501068115234,6.0,9.703700065612793
664180,18076,Matt Hall,0.3623940670780003,31.804399490356445,4.800000190734863,9.244400024414062
571704,12910,Ken Giles,0.3563469523242657,24.074100494384766,0.0,24.074100494384766
623433,18337,Nick Anderson,0.35119698300224433,24.074100494384766,0.0,24.074100494384766
519151,7005,Ryan Pressly,0.35054821993912316,24.074100494384766,0.0,24.074100494384766
598264,12863,Matt Barnes,0.3426828738076965,25.185199737548828,0.0,25.185199737548828
656794,16943,Sean Newcomb,0.3411633200484008,44.71979904174805,6.599999904632568,15.118499755859375
663423,17948,Trent Thornton,0.3376851464716774,35.924800872802734,4.800000190734863,15.17039966583252
656546,17432,Jeff Hoffman,0.3288015610394637,49.1968994140625,8.399999618530273,12.103699684143066
573124,13449,Taylor Rogers,0.3273261877617247,24.074100494384766,0.0,24.074100494384766
669022,22201,MacKenzie Gore,0.3235082428471658,30.780000686645508,5.400000095367432,5.400000095367432
592836,11836,Taijuan Walker,0.3179768250673449,46.63869857788086,8.399999618530273,8.399999618530273
650895,17496,Diego Castillo,0.31792246613110364,22.222200393676758,0.0,22.222200393676758
570632,11589,José Ureña,0.31638233697004453,52.902198791503906,9.0,10.851900100708008
643230,15291,Steven Brault,0.31310975161202936,55.7958984375,9.0,15.66670036315918
621142,14719,Ty Buttrey,0.309645736839313,24.074100494384766,0.0,24.074100494384766
518876,11156,Merrill Kelly,0.3082494175905332,52.432701110839844,8.399999618530273,12.844400405883789
592454,11384,Tommy Kahnle,0.3057405445664739,25.185199737548828,0.0,25.185199737548828
502188,3254,Jeff Samardzija,0.3021767783102045,70.77649688720703,11.851900100708008,11.851900100708008
621107,13774,Zach Eflin,0.29599357874296045,54.030601501464844,9.600000381469727,9.600000381469727
489446,9073,Kirby Yates,0.294152862415778,23.33329963684082,0.0,23.33329963684082
592879,10836,Asher Wojciechowski,0.29121708492122367,50.664398193359375,9.0,9.0
622608,15488,Antonio Senzatela,0.2908571588888983,52.31990051269531,9.600000381469727,9.600000381469727
527054,6797,Julio Teheran,0.2904993658395943,66.34010314941406,11.399999618530273,11.399999618530273
476454,6216,Dellin Betances,0.2897589263700116,20.370399475097656,0.0,20.370399475097656
542881,12880,Tyler Anderson,0.28953957836076366,33.47019958496094,5.400000095367432,9.103699684143066
532077,13764,Roberto Osuna,0.2895122035867058,21.111099243164062,0.0,21.111099243164062
542882,12022,Matt Andriese,0.2828308115776807,29.613399505615234,4.199999809265137,10.866700172424316
607481,16258,Aaron Bummer,0.28266808782240815,24.074100494384766,0.0,24.074100494384766
467100,1994,Iván Nova,0.28226941915408854,55.68190002441406,9.600000381469727,9.600000381469727
502624,6895,Chase Anderson,0.2790675222366809,52.14179992675781,9.600000381469727,9.600000381469727
656849,20302,David Peterson,0.27688174930384857,23.940000534057617,4.199999809265137,4.199999809265137
613534,13801,Austin Adams,0.2720482796710072,19.259300231933594,0.0,19.259300231933594
657277,17995,Logan Webb,0.268212790845861,28.61829948425293,4.800000190734863,6.651899814605713
502154,3240,Zack Britton,0.26750866219812686,24.074100494384766,0.0,24.074100494384766
608648,13758,Tyler Duffey,0.2644564805991757,24.074100494384766,0.0,24.074100494384766
668676,19979,Zach Plesac,0.2637730676153601,47.324798583984375,8.399999618530273,8.399999618530273
592767,11760,Drew Smyly,0.2636342232271845,44.892799377441406,8.399999618530273,8.399999618530273
641941,14771,Emilio Pagán,0.2616985840929959,24.074100494384766,0.0,24.074100494384766
641816,16358,Tyler Mahle,0.2584172203394376,25.927600860595703,2.4000000953674316,15.36299991607666
501789,3192,Will Harris,0.25235620677610116,22.96299934387207,0.0,22.96299934387207
641778,19316,Eric Lauer,0.25010052197191707,35.92649841308594,6.0,9.703700065612793
571710,10430,Mychal Givens,0.2478614568849703,24.074100494384766,0.0,24.074100494384766
608379,14078,Michael Wacha,0.24217709014429067,56.799400329589844,10.199999809265137,12.051899909973145
601713,15454,Nick Pivetta,0.24097533401115462,25.803600311279297,1.2000000476837158,20.459299087524414
518617,5003,Jake Diekman,0.24085977421340393,23.33329963684082,0.0,23.33329963684082
605177,12988,Andrew Chafin,0.23589784378148815,24.814800262451172,0.0,24.814800262451172
595014,12572,Blake Treinen,0.23346190424777558,22.96299934387207,0.0,22.96299934387207
455119,11847,Chris Martin,0.23206712187438086,19.259300231933594,0.0,19.259300231933594
607625,12447,Seth Lugo,0.22273564621529518,24.074100494384766,0.0,24.074100494384766
675921,23252,Spencer Howard,0.22245599583708422,23.940000534057617,4.199999809265137,4.199999809265137
621237,17780,José Alvarado,0.22215919004198084,22.222200393676758,0.0,22.222200393676758
519293,8048,Will Smith,0.22192902766757974,21.48150062561035,0.0,21.48150062561035
628452,17130,Raisel Iglesias,0.22192583324653675,24.074100494384766,0.0,24.074100494384766
622065,18333,Alex Young,0.22165312838236945,39.5806999206543,4.800000190734863,17.76300048828125
518886,6655,Craig Kimbrel,0.220690279525648,24.074100494384766,0.0,24.074100494384766
523260,9761,Joe Kelly,0.21895741884294995,24.074100494384766,0.0,24.074100494384766
657141,17585,Jordan Yamamoto,0.2153234848545778,33.453800201416016,6.0,6.0
543272,9111,Brad Hand,0.2146804360117899,24.074100494384766,0.0,24.074100494384766
663465,18694,Kolby Allard,0.21238502079875154,16.336700439453125,2.4000000953674316,5.36299991607666
606160,12760,Rafael Montero,0.21158180608382313,21.111099243164062,0.0,21.111099243164062
675916,20151,James Karinchak,0.21155398877235332,21.111099243164062,0.0,21.111099243164062
501381,5372,Michael Pineda,0.20896717458935485,17.000499725341797,3.0,3.0
543118,8823,Oliver Drake,0.20794570488034791,20.370399475097656,0.0,20.370399475097656
665152,19350,Dean Kremer,0.2073454713867939,27.360000610351562,4.800000190734863,4.800000190734863
592426,11752,Luke Jackson,0.20627481215670224,21.48150062561035,0.0,21.48150062561035
519141,11426,Drew Pomeranz,0.20576238139338474,21.48150062561035,0.0,21.48150062561035
656685,17369,Brett Martin,0.20537413014363964,17.777799606323242,0.0,17.777799606323242
608349,15010,Corey Knebel,0.20527801627390665,18.51849937438965,0.0,18.51849937438965
677976,23798,Randy Dobnak,0.20339520498829458,25.748300552368164,3.0,12.259300231933594
666159,20369,Matt Manning,0.20317027978877736,27.360000610351562,4.800000190734863,4.800000190734863
606149,14986,Giovanny Gallegos,0.2027933012083907,22.222200393676758,0.0,22.222200393676758
592773,15947,Ryne Stanek,0.1994094174595803,24.074100494384766,0.0,24.074100494384766
669373,22267,Tarik Skubal,0.1977462308604628,17.100000381469727,3.0,3.0
605347,14527,Jorge López,0.19710912664663457,31.4153995513916,4.800000190734863,10.355600357055664
453281,5221,Wade LeBlanc,0.1948779919237183,46.279598236083984,8.399999618530273,8.399999618530273
643493,15290,Austin Pruitt,0.19399576518807132,25.8085994720459,2.4000000953674316,14.622200012207031
641302,17735,Tyler Alexander,0.19368006185062198,24.927200317382812,1.7999999523162842,16.61479949951172
621219,13834,Alec Mills,0.1933575582597788,35.9557991027832,5.400000095367432,10.955599784851074
519443,11428,Brandon Workman,0.19132071949705723,25.185199737548828,0.0,25.185199737548828
605200,13183,Zach Davies,0.19071487077347563,60.01499938964844,10.800000190734863,10.800000190734863
545064,12774,Jairo Díaz,0.18898179341195132,24.074100494384766,0.0,24.074100494384766
445276,3096,Kenley Jansen,0.18827276012999508,23.33329963684082,0.0,23.33329963684082
669060,19990,Bryse Wilson,0.18807594693556148,18.9143009185791,1.2000000476837158,13.422200202941895
605309,14696,Keone Kela,0.18697911180997984,18.51849937438965,0.0,18.51849937438965
621366,16350,Ryan Borucki,0.18612569062586876,25.76569938659668,3.5999999046325684,9.155599594116211
622694,16933,Elieser Hernández,0.18340125228720505,31.638999938964844,4.800000190734863,10.355600357055664
641729,15761,Joe Jiménez,0.18339607650119824,24.074100494384766,0.0,24.074100494384766
465657,6941,Joakim Soria,0.1829501914192816,22.96299934387207,0.0,22.96299934387207
663776,19447,Patrick Sandoval,0.17723879350304655,14.701000213623047,2.4000000953674316,4.2519001960754395
643327,14862,Zack Godley,0.1697578462996568,35.030799865722656,6.0,7.851900100708008
543507,6398,Trevor May,0.16903975623982814,22.222200393676758,0.0,22.222200393676758
607200,17425,Erick Fedde,0.16852928056729904,25.167600631713867,3.5999999046325684,9.155599594116211
664126,17998,Pete Fairbanks,0.16690214287836264,18.51849937438965,0.0,18.51849937438965
640464,15502,Kohl Stewart,0.16645486479175098,28.13319969177246,4.199999809265137,8.644399642944336
453343,4264,Mark Melancon,0.16424107695823312,24.074100494384766,0.0,24.074100494384766
657024,16587,Erik Swanson,0.16318625141456627,25.48889923095703,0.6000000238418579,22.822200775146484
666215,19586,Forrest Whitley,0.16138896968310015,20.520000457763672,3.5999999046325684,3.5999999046325684
543548,7608,Tommy Milone,0.1609791873146398,38.6693000793457,6.599999904632568,8.451899528503418
623364,16390,Brad Wieck,0.15976361730572836,19.629600524902344,0.0,19.629600524902344
608371,13470,Lucas Sims,0.1588168157429489,18.137300491333008,0.6000000238418579,15.414799690246582
593576,11804,Héctor Neris,0.1563932432287813,22.222200393676758,0.0,22.222200393676758
656945,17586,Tanner Scott,0.15623613030355096,12.963000297546387,0.0,12.963000297546387
448281,1581,Sean Doolittle,0.1550209010234501,22.222200393676758,0.0,22.222200393676758
657612,16814,Tim Hill,0.1538435988096422,17.777799606323242,0.0,17.777799606323242
502748,5401,Brad Peacock,0.15360264093169623,16.66670036315918,0.0,16.66670036315918
542947,7803,Richard Bleier,0.1535071366695798,24.074100494384766,0.0,24.074100494384766
502706,4141,Derek Holland,0.15283265266264992,43.083099365234375,6.0,16.370399475097656
607237,14375,Amir Garrett,0.15177659217295333,25.185199737548828,0.0,25.185199737548828
542914,7982,Anthony Bass,0.15097357528992533,24.074100494384766,0.0,24.074100494384766
605240,16159,Jace Fry,0.14734549856214138,20.370399475097656,0.0,20.370399475097656
592135,13360,Cam Bedrosian,0.14731309081681193,22.222200393676758,0.0,22.222200393676758
606965,12763,Chris Devenski,0.14696304267044363,22.96299934387207,0.0,22.96299934387207
663531,18555,Logan Allen,0.14603964794757754,33.648399353027344,4.800000190734863,11.466699600219727
664062,19388,Tony Gonsolin,0.14183209283764162,20.399499893188477,3.0,6.703700065612793
595897,16074,Nick Burdi,0.14002109513122998,15.92590045928955,0.0,15.92590045928955
468504,2608,Jhoulys Chacín,0.13930068672742638,20.826799392700195,3.5999999046325684,5.451900005340576
615698,19312,Cal Quantrill,0.13919347942496318,25.07979965209961,2.4000000953674316,14.251899719238281
605498,18300,Andrew Suárez,0.13907310088960287,23.976600646972656,3.5999999046325684,7.303699970245361
572362,10354,Robbie Erlin,0.13846788590138268,16.146099090576172,2.4000000953674316,5.36299991607666
552640,12828,Andrew Kittredge,0.1379186808122362,12.963000297546387,0.0,12.963000297546387
660813,20367,Brusdar Graterol,0.13712773180488425,16.66670036315918,0.0,16.66670036315918
453192,6785,Andrew Miller,0.13648234720222477,20.370399475097656,0.0,20.370399475097656
642152,15043,Lou Trivino III,0.13432071405360516,21.111099243164062,0.0,21.111099243164062
670950,19309,Trevor Richards,0.1339532868128303,24.618999481201172,3.0,11.148099899291992
641627,15046,Trevor Gott,0.13349830044512057,20.370399475097656,0.0,20.370399475097656
623184,13911,Scott Oberg,0.13172498776159414,21.111099243164062,0.0,21.111099243164062
605151,12918,Archie Bradley,0.1281872054772987,24.074100494384766,0.0,24.074100494384766
656464,19876,Kevin Ginkel,0.1269735952727159,22.222200393676758,0.0,22.222200393676758
621381,13799,Matt Strahm,0.12651614234031297,20.370399475097656,0.0,20.370399475097656
663432,17610,Tanner Rainey,0.12620034886149892,22.222200393676758,0.0,22.222200393676758
493603,1247,Adam Ottavino,0.12530217662958104,25.185199737548828,0.0,25.185199737548828
608032,14542,Carlos Estévez,0.1221605560503323,20.370399475097656,0.0,20.370399475097656
643316,15832,Paul Fry,0.11905651637849703,18.51849937438965,0.0,18.51849937438965
657571,19349,Caleb Ferguson,0.11847640792125887,14.07409954071045,0.0,14.07409954071045
458677,4301,Justin Wilson,0.11836763009435565,22.222200393676758,0.0,22.222200393676758
605501,15859,Stephen Tarpley,0.11603684929344531,16.66670036315918,0.0,16.66670036315918
570663,11801,Hansel Robles,0.1145104337476513,24.074100494384766,0.0,24.074100494384766
580792,13685,Nick Goody,0.11423212391323662,25.185199737548828,0.0,25.185199737548828
663567,17969,Peter Lambert,0.11386895290073303,19.363000869750977,3.5999999046325684,3.5999999046325684
643478,17035,Joe Palumbo,0.11327432327787242,8.810199737548828,0.6000000238418579,6.155600070953369
641793,15823,Zack Littell,0.11252986515172293,16.66670036315918,0.0,16.66670036315918
640451,15507,Hunter Harvey,0.11241461684570637,21.111099243164062,0.0,21.111099243164062
517008,6661,Alex Colomé,0.11219778067092946,24.074100494384766,0.0,24.074100494384766
663734,18699,Nick Neidert,0.11034335866767082,22.37190055847168,3.5999999046325684,5.451900005340576
445926,5448,Jesse Chavez,0.10782223568657473,19.259300231933594,0.0,19.259300231933594
605130,14993,Scott Barlow,0.10674360037347848,24.074100494384766,0.0,24.074100494384766
489334,7274,Craig Stammen,0.1066939522070956,24.074100494384766,0.0,24.074100494384766
543483,3950,Matt Magill,0.1056737690953081,22.222200393676758,0.0,22.222200393676758
521655,5257,Wilmer Font,0.10517983275915312,12.222200393676758,0.0,12.222200393676758
608718,13942,Brent Suter,0.10448885918105116,26.31060028076172,0.6000000238418579,23.562999725341797
453385,3551,Clayton Richard,0.10365295586105033,13.493900299072266,2.4000000953674316,2.4000000953674316
596043,16980,Daniel Mengden,0.10320744520440545,24.103200912475586,3.5999999046325684,7.303699970245361
596112,13594,Robert Stephenson,0.10173114616606377,18.51849937438965,0.0,18.51849937438965
598287,12800,Noé Ramirez,0.10121220680094858,16.66670036315918,0.0,16.66670036315918
642546,17464,Jonathan Hernández,0.100724180831801,16.66670036315918,0.0,16.66670036315918
519393,8004,Marcus Walden,0.1005165593318834,21.111099243164062,0.0,21.111099243164062
650556,16609,Bryan Abreu,0.09986047011022794,21.48150062561035,0.0,21.48150062561035
685493,27460,Shun Yamaguchi,0.09803494715027006,20.82740020751953,0.6000000238418579,18.007400512695312
607560,12680,Ryne Harper,0.09664249305108746,12.963000297546387,0.0,12.963000297546387
605155,12997,Colten Brewer,0.09638815800654381,22.482200622558594,1.7999999523162842,14.022199630737305
518489,5615,Ryan Brasier,0.09602873165325707,17.777799606323242,0.0,17.777799606323242
516969,6033,Kelvin Herrera,0.0959888380343538,17.777799606323242,0.0,17.777799606323242
475054,9866,Chaz Roe,0.09565850244870412,24.074100494384766,0.0,24.074100494384766
642545,18356,Jaime Barria,0.09385157445382007,22.95870018005371,3.5999999046325684,7.303699970245361
596295,16561,Austin Gomber,0.09316899027258971,18.61680030822754,1.2000000476837158,13.051899909973145
453329,3543,Clay Buchholz,0.09266861185943877,20.112600326538086,3.5999999046325684,3.5999999046325684
650633,19853,Michael King,0.09123076944382773,15.815600395202637,1.7999999523162842,7.355599880218506
534910,13287,Jesse Hahn,0.09118835304308455,17.878700256347656,1.2000000476837158,12.311100006103516
543208,12778,Sam Gaviglio,0.08890610831986205,20.370399475097656,0.0,20.370399475097656
656186,16507,Dan Altavilla,0.08889817151857002,18.51849937438965,0.0,18.51849937438965
657031,17359,Josh Taylor,0.08888155490605484,12.963000297546387,0.0,12.963000297546387
626929,15906,Lewis Thorpe,0.08883967911336878,7.407400131225586,0.0,7.407400131225586
592858,14646,Rowan Wick,0.08805083204512673,24.074100494384766,0.0,24.074100494384766
424144,1514,Oliver Pérez,0.08773495614476322,23.33329963684082,0.0,23.33329963684082
623485,15139,Ashton Goudeau,0.08743762946326211,14.247400283813477,1.2000000476837158,8.607399940490723
670970,20039,Adrian Morejon,0.08685737091572604,7.01800012588501,0.6000000238418579,4.303699970245361
453178,6986,Ian Kennedy,0.08637235551980299,24.074100494384766,0.0,24.074100494384766
642003,15232,Cody Reed,0.0843308141987423,11.111100196838379,0.0,11.111100196838379
669214,19199,Conner Menez,0.08415348859640355,18.22249984741211,1.7999999523162842,9.948100090026855
592165,13527,Brandon Brennan,0.08369804591833115,22.222200393676758,0.0,22.222200393676758
571656,14814,Buck Farmer,0.08362528315176468,24.074100494384766,0.0,24.074100494384766
608717,13761,Chris Stratton,0.08305904538785287,24.415700912475586,1.2000000476837158,18.977800369262695
502239,6249,Trevor Cahill,0.08289005368403618,17.351699829101562,0.6000000238418579,14.674099922180176
605447,16122,Jordan Romano,0.08206198152354027,22.222200393676758,0.0,22.222200393676758
503285,3321,Darren O'Day,0.08156533641355045,16.66670036315918,0.0,16.66670036315918
612434,15684,Miguel Castro,0.08063007113538627,21.111099243164062,0.0,21.111099243164062
592717,11490,Aaron Sanchez,0.08044247901509181,15.143799781799316,1.7999999523162842,7.355599880218506
547179,14843,Michael Lorenzen,0.0803569914957291,24.074100494384766,0.0,24.074100494384766
663554,20492,Casey Mize,0.08019389247736933,13.680000305175781,2.4000000953674316,2.4000000953674316
594987,11209,Casey Sadler,0.08017159183840351,15.92590045928955,0.0,15.92590045928955
593140,11903,Michael Feliz,0.07984174985711973,20.370399475097656,0.0,20.370399475097656
592346,14663,Chi Chi González,0.07929925324013438,13.603599548339844,1.7999999523162842,5.503699779510498
593833,15855,Wander Suero,0.07861386319282324,20.370399475097656,0.0,20.370399475097656
543339,7146,Daniel Hudson,0.07847236637944899,24.074100494384766,0.0,24.074100494384766
605254,16164,Daniel Gossett,0.07815774469021403,10.418600082397461,1.2000000476837158,4.90369987487793
572888,10756,Shane Greene,0.07814151372095576,24.074100494384766,0.0,24.074100494384766
594577,15451,Mike Mayers,0.07656676898357036,16.66670036315918,0.0,16.66670036315918
664141,17578,JT Brubaker,0.07629694791124218,8.691900253295898,1.2000000476837158,3.0518999099731445
571670,13394,Dylan Floro,0.07609749903564622,16.66670036315918,0.0,16.66670036315918
605359,12297,Evan Marshall,0.07579098675056237,19.259300231933594,0.0,19.259300231933594
542585,6399,José Cisnero,0.07432349283177461,24.074100494384766,0.0,24.074100494384766
656970,19487,Devin Smeltzer,0.07328001931648603,14.895899772644043,1.2000000476837158,9.348099708557129
543867,5530,Nik Turley,0.07312499975740389,9.259300231933594,0.0,9.259300231933594
607391,14151,Chris Mazza,0.07280968405917869,12.111900329589844,1.7999999523162842,3.651900053024292
592473,10843,Adam Kolarek,0.07195566684066743,10.370400428771973,0.0,10.370400428771973
570240,13403,Félix Peña,0.07138739902504983,12.222200393676758,0.0,12.222200393676758
607231,13684,John Gant,0.07136069157635011,23.33329963684082,0.0,23.33329963684082
444468,2391,Héctor Rondón,0.07078804358959835,22.222200393676758,0.0,22.222200393676758
594965,16110,Daniel Ponce de Leon,0.07069566441035545,31.590299606323242,2.4000000953674316,20.918500900268555
669211,19362,Keegan Akin,0.06927602950773226,17.100000381469727,3.0,3.0
445213,9939,Brandon Kintzler,0.06784168777486953,24.074100494384766,0.0,24.074100494384766
476594,6576,Robert Stock,0.06723585804225764,10.370400428771973,0.0,10.370400428771973
501625,5358,Jose Alvarez,0.06708309297544296,22.96299934387207,0.0,22.96299934387207
467008,4070,Pedro Strop,0.06640951599643646,22.222200393676758,0.0,22.222200393676758
660761,19911,José Suarez,0.06504219769430358,6.436500072479248,1.2000000476837158,1.2000000476837158
641743,20387,Anthony Kay,0.06491897208535405,20.703699111938477,3.0,6.703700065612793
453265,3132,Tony Watson,0.06388430331938712,23.33329963684082,0.0,23.33329963684082
450306,8044,Jason Vargas,0.06332953993572953,19.349199295043945,3.5999999046325684,3.5999999046325684
544727,5114,Jeurys Familia,0.06326899925529592,22.222200393676758,0.0,22.222200393676758
450172,3990,Edinson Volquez,0.06281111337482077,12.222200393676758,0.0,12.222200393676758
664350,19680,Sixto Sánchez,0.06256887733947407,6.840000152587891,1.2000000476837158,1.2000000476837158
596027,14672,Dillon Maples,0.061370311181053766,7.407400131225586,0.0,7.407400131225586
592254,15463,José De León,0.06101195076633706,12.395600318908691,1.2000000476837158,6.7555999755859375
502085,8241,David Robertson,0.06077760698721158,5.555600166320801,0.0,5.555600166320801
593144,13549,Richard Rodríguez,0.060550319373967126,24.814800262451172,0.0,24.814800262451172
641312,19453,Shaun Anderson,0.06044768205671272,14.814800262451172,0.0,14.814800262451172
640470,17859,Adbert Alzolay,0.06007982968030378,9.316399574279785,1.2000000476837158,3.79259991645813
570257,11487,Joely Rodríguez,0.05936772185059612,14.07409954071045,0.0,14.07409954071045
621294,15100,Ben Heller,0.058708350861882794,14.07409954071045,0.0,14.07409954071045
643532,19671,Sterling Sharp,0.05864160710094371,12.963000297546387,0.0,12.963000297546387
605143,14244,Ray Black,0.05827425952397669,8.518500328063965,0.0,8.518500328063965
592222,12890,Alex Claudio,0.058051756788312106,20.370399475097656,0.0,20.370399475097656
542888,12857,Shawn Armstrong,0.05749161103661546,15.5556001663208,0.0,15.5556001663208
642121,15256,Cole Sulser,0.05617381935211374,6.6666998863220215,0.0,6.6666998863220215
656222,17192,Jalen Beeks,0.05562473778071293,14.45359992980957,0.6000000238418579,11.711099624633789
656547,16588,Jonathan Holder,0.05553781077642682,17.777799606323242,0.0,17.777799606323242
624133,17277,Ranger Suarez,0.055283391050404,12.963000297546387,0.0,12.963000297546387
592833,14832,Bobby Wahl,0.05522753779128367,10.370400428771973,0.0,10.370400428771973
502026,9490,Jeremy Jeffress,0.05438778476687919,20.370399475097656,0.0,20.370399475097656
607352,13194,Joe Biagini,0.05418746156937749,20.370399475097656,0.0,20.370399475097656
656322,17264,Sam Coonrod,0.053778903702573634,18.51849937438965,0.0,18.51849937438965
520980,5420,Pedro Báez,0.05315345931204515,24.074100494384766,0.0,24.074100494384766
664948,18152,Anthony Misiewicz,0.05286443850322548,11.111100196838379,0.0,11.111100196838379
594986,11753,Kyle Ryan,0.05230469275874902,23.33329963684082,0.0,23.33329963684082
488768,8782,Andrew Cashner,0.05218757114682013,19.39109992980957,1.7999999523162842,11.059300422668457
571901,10343,Aaron Loup,0.05175777401501519,14.814800262451172,0.0,14.814800262451172
500610,8410,Deolis Guerra,0.051617213588094936,8.518500328063965,0.0,8.518500328063965
664054,18088,Cody Stashak,0.051326833366531203,14.814800262451172,0.0,14.814800262451172
641656,19261,Ian Hamilton,0.05104751192996349,8.518500328063965,0.0,8.518500328063965
605218,13607,Carl Edwards Jr.,0.05014591801851581,14.07409954071045,0.0,14.07409954071045
641851,15071,Kyle McGowin,0.04999654134639367,6.6666998863220215,0.0,6.6666998863220215
624586,14605,James Hoyt,0.049248267727622905,10.370400428771973,0.0,10.370400428771973
605388,12580,Adam Morgan,0.049082370863907064,22.222200393676758,0.0,22.222200393676758
665620,20276,Deivi García,0.048958658838842296,6.840000152587891,1.2000000476837158,1.2000000476837158
488984,1157,Tommy Hunter,0.047714161487421886,16.66670036315918,0.0,16.66670036315918
621052,15015,Alex Reyes,0.04704789840100891,11.555500030517578,0.6000000238418579,8.748100280761719
642701,17878,Dennis Santana,0.04634627183077991,7.123700141906738,0.6000000238418579,4.303699970245361
606273,12673,Roenis Elías,0.04599324508014102,15.5556001663208,0.0,15.5556001663208
592233,16058,Stefan Crichton,0.0459096196935536,14.814800262451172,0.0,14.814800262451172
518774,11713,Matt Harvey,0.044712122548677256,17.376300811767578,3.0,3.0
676606,20395,Nick Margevicius,0.04443229800354207,9.738300323486328,1.7999999523162842,1.7999999523162842
519455,4505,Jordan Zimmermann,0.04408133672861985,9.694600105285645,1.7999999523162842,1.7999999523162842
622772,15690,Jimmy Cordero,0.04324005521249256,14.07409954071045,0.0,14.07409954071045
642558,17030,Ariel Jurado,0.042364013338495494,5.156700134277344,0.6000000238418579,2.451900005340576
592390,11632,Heath Hembree,0.041324596039719226,22.222200393676758,0.0,22.222200393676758
605280,13649,Clay Holmes,0.04070397712611944,12.963000297546387,0.0,12.963000297546387
607455,14706,Anthony Banda,0.03999308419889558,6.6666998863220215,0.0,6.6666998863220215
605538,12804,Matt Wisler,0.03973550326738265,12.963000297546387,0.0,12.963000297546387
664045,18361,Thomas Eshelman,0.03939882783984466,11.929100036621094,1.7999999523162842,3.651900053024292
605525,14506,J.B. Wendelken,0.038930349313840054,12.963000297546387,0.0,12.963000297546387
621261,13677,Corey Oswalt,0.03888285243919179,12.225099563598633,1.2000000476837158,6.7555999755859375
473879,11710,Sam Dyson,0.03876417653123171,9.259300231933594,0.0,9.259300231933594
664139,17871,Ian Gibaut,0.0385371720058999,9.259300231933594,0.0,9.259300231933594
608716,18806,Drew Steckenrider,0.03759140550258237,8.148099899291992,0.0,8.148099899291992
606625,14966,Reyes Moronta,0.03741417682729156,9.259300231933594,0.0,9.259300231933594
571948,13346,Hoby Milner,0.03737646229428485,4.444399833679199,0.0,4.444399833679199
592811,13533,Andrew Triggs,0.0371897452686894,5.925899982452393,0.0,5.925899982452393
501925,3281,Joe Smith,0.03676265058219608,5.555600166320801,0.0,5.555600166320801
641541,19546,Jon Duplantier,0.03576465903194259,10.7701997756958,0.6000000238418579,8.007399559020996
518397,10591,Scott Alexander,0.033989978496058205,4.444399833679199,0.0,4.444399833679199
518858,4696,Nate Jones,0.03288912872237346,9.259300231933594,0.0,9.259300231933594
621112,14739,Paul Blackburn,0.03269417058672242,7.792799949645996,0.6000000238418579,5.044400215148926
596071,18790,Dillon Peters,0.032308893169697595,6.218400001525879,0.6000000238418579,3.562999963760376
621368,18325,Taylor Hearn,0.03224512305203121,4.444399833679199,0.0,4.444399833679199
605446,14509,Dereck Rodríguez,0.0322448941923357,25.854799270629883,3.0,12.259300231933594
656232,19866,Brandon Bielak,0.03223025134637754,3.4200000762939453,0.6000000238418579,0.6000000238418579
650382,19848,Darwinzon Hernández,0.032154058443980005,10.370400428771973,0.0,10.370400428771973
621345,18655,A.J. Minter,0.03198799171289695,7.407400131225586,0.0,7.407400131225586
664854,18138,Ryan Helsley,0.0316947413578859,22.222200393676758,0.0,22.222200393676758
502028,1345,Blake Wood,0.030751924258421395,9.259300231933594,0.0,9.259300231933594
656887,17034,Sean Reid-Foley,0.030438698421214105,10.370400428771973,0.0,10.370400428771973
542960,6627,Brad Brach,0.030214222813565415,11.851900100708008,0.0,11.851900100708008
594795,11203,Grant Dayton,0.03004234710993802,5.555600166320801,0.0,5.555600166320801
605488,17677,Jeffrey Springs,0.02968754904744026,8.148099899291992,0.0,8.148099899291992
656977,17470,Chad Sobotka,0.029556701667712043,10.370400428771973,0.0,10.370400428771973
650671,19200,José Quijada,0.028939385259790285,10.0,0.0,10.0
676845,sa3004222,Sam Delaplane,0.028642206359832414,3.703700065612793,0.0,3.703700065612793
664199,17611,Taylor Clarke,0.028238336851188588,22.756399154663086,2.4000000953674316,12.399999618530273
664714,19942,Ljay Newsome,0.027481345996199984,6.840000152587891,1.2000000476837158,1.2000000476837158
519242,10603,Chris Sale,0.027395329247880962,1.0,0.1754000037908554,0.1754000037908554
621097,18318,Jacob Waguespack,0.027391212328303025,6.6666998863220215,0.0,6.6666998863220215
605228,11530,José Fernández,0.026997463506497753,1.0,0.1754000037908554,0.1754000037908554
622103,16306,Gerardo Reyes,0.026968567104222775,9.259300231933594,0.0,9.259300231933594
584171,19341,Hector Velázquez,0.026955614703644992,8.148099899291992,0.0,8.148099899291992
620454,17169,José Castillo,0.026775759780233457,3.703700065612793,0.0,3.703700065612793
640448,15009,Kyle Finnegan,0.02609389574277589,4.444399833679199,0.0,4.444399833679199
672335,19614,Cionel Pérez,0.02553908312377784,4.444399833679199,0.0,4.444399833679199
571858,14101,Branden Kline,0.025468669773373875,9.259300231933594,0.0,9.259300231933594
664918,18890,Kyle Keller,0.025059671223306858,3.703700065612793,0.0,3.703700065612793
681911,25007,Alex Vesia,0.024850839357278533,10.370400428771973,0.0,10.370400428771973
660853,18403,Enyel De Los Santos,0.024754024877239343,12.336600303649902,1.2000000476837158,6.7555999755859375
572703,14288,Luke Bard,0.024610866632066644,8.518500328063965,0.0,8.518500328063965
502381,4090,Luke Gregerson,0.02447913847988646,9.259300231933594,0.0,9.259300231933594
664299,17606,Cristian Javier,0.02395571588372662,6.382999897003174,0.6000000238418579,3.562999963760376
572096,10745,Trevor Rosenthal,0.023613485863405136,16.66670036315918,0.0,16.66670036315918
606131,14682,Luis Perdomo,0.023550583868705614,5.555600166320801,0.0,5.555600166320801
607219,13690,Sal Romano,0.023319086784516465,6.6666998863220215,0.0,6.6666998863220215
670280,19569,David Bednar,0.023055838101473762,7.407400131225586,0.0,7.407400131225586
433589,4020,Yusmeiro Petit,0.022577272411261166,26.66670036315918,0.0,26.66670036315918
607067,12317,Colin Rea,0.022504675095683834,16.926700592041016,1.7999999523162842,8.466699600219727
488748,9456,Ryan Buchter,0.02239428799703999,14.814800262451172,0.0,14.814800262451172
596035,19311,Reggie McClain,0.022209572199318916,11.111100196838379,0.0,11.111100196838379
607229,13696,Robert Gsellman,0.02194419753235227,14.814800262451172,0.0,14.814800262451172
621249,14677,Duane Underwood Jr.,0.021898989294250142,9.259300231933594,0.0,9.259300231933594
453284,5224,Blake Parker,0.021722335536068955,9.259300231933594,0.0,9.259300231933594
663992,19337,Richard Lovelady,0.021449578968651184,3.703700065612793,0.0,3.703700065612793
622663,15890,Luis Severino,0.02137211415510828,1.0,0.1754000037908554,0.1754000037908554
458924,7175,Jonny Venters,0.021307744031116373,9.259300231933594,0.0,9.259300231933594
518566,11964,Taylor Cole,0.020990540800994016,3.703700065612793,0.0,3.703700065612793
673633,19756,Yoshihisa Hirano,0.020663114330643287,20.0,0.0,20.0
657053,16929,Touki Toussaint,0.02064583254254818,6.6666998863220215,0.0,6.6666998863220215
621199,13528,Matt Bowman,0.020618690003793214,5.555600166320801,0.0,5.555600166320801
641838,15240,Kevin McCarthy,0.01996448509859119,22.222200393676758,0.0,22.222200393676758
657240,16703,Julian Merryweather,0.019716932634641703,2.9630000591278076,0.0,2.9630000591278076
641871,15264,Keynan Middleton,0.019379284537468688,18.51849937438965,0.0,18.51849937438965
621295,15594,Nick Wittgren,0.019210104424708014,24.074100494384766,0.0,24.074100494384766
667498,19191,Robert Dugger,0.018337307126281382,20.803199768066406,2.4000000953674316,9.80739974975586
592789,11762,Noah Syndergaard,0.018136886378051418,1.0,0.1754000037908554,0.1754000037908554
664129,19558,Geoff Hartlieb,0.018128111432231593,3.703700065612793,0.0,3.703700065612793
608652,15101,Luke Farrell,0.017945705369970793,7.407400131225586,0.0,7.407400131225586
570666,13345,Luis Cessa,0.017945564551071862,11.111100196838379,0.0,11.111100196838379
607555,18306,Taylor Guilbeau,0.017786200575523613,6.6666998863220215,0.0,6.6666998863220215
606930,12323,Jacob Barnes,0.01750671068222289,11.111100196838379,0.0,11.111100196838379
553878,12076,Felipe Vázquez,0.017376644244212456,1.0,0.0,1.0
641482,17874,Nestor Cortes,0.017352077743691807,9.259300231933594,0.0,9.259300231933594
456034,3184,David Price,0.01729082823444075,1.0,0.1754000037908554,0.1754000037908554
622250,18323,Josh Sborz,0.017264138037894183,3.703700065612793,0.0,3.703700065612793
656550,16944,Grant Holmes,0.0171924279086487,3.703700065612793,0.0,3.703700065612793
676103,23310,Damon Jones,0.016720547141142635,2.9630000591278076,0.0,2.9630000591278076
669424,19541,Jimmy Lambert,0.01668028324466234,4.444399833679199,0.0,4.444399833679199
572140,10190,Tyler Skaggs,0.016208251725873743,1.0,0.1754000037908554,0.1754000037908554
446321,2859,Ross Detwiler,0.015959584549025574,12.132499694824219,1.2000000476837158,6.7555999755859375
596720,11604,Dovydas Neverauskas,0.015801170602260793,13.703700065612793,0.0,13.703700065612793
407845,494,Fernando Rodney,0.01574911680437354,9.259300231933594,0.0,9.259300231933594
592791,11674,Jameson Taillon,0.015430245454469454,1.0,0.1754000037908554,0.1754000037908554
605482,16106,Cy Sneed,0.015410058948404748,4.444399833679199,0.0,4.444399833679199
641726,19345,Daulton Jefferies,0.015196876902523793,1.8518999814987183,0.0,1.8518999814987183
656730,17722,Trevor Megill,0.015166654307350341,2.592600107192993,0.0,2.592600107192993
543542,12833,Alex Meyer,0.015037559106391613,1.0,0.1754000037908554,0.1754000037908554
606944,17664,Cody Carroll,0.014901780188415491,12.222200393676758,0.0,12.222200393676758
622253,17796,Dillon Tate,0.014720448482574935,4.444399833679199,0.0,4.444399833679199
641703,16466,Brent Honeywell,0.01459917650878452,1.0,0.1754000037908554,0.1754000037908554
665093,18256,Zac Grotz,0.014569664257492735,1.8518999814987183,0.0,1.8518999814987183
660494,17679,Rogelio Armenteros,0.01413799880277598,1.8518999814987183,0.0,1.8518999814987183
673258,20100,Michel Baez,0.013840388459702221,4.814799785614014,0.0,4.814799785614014
502042,6345,Chris Archer,0.01380632474696493,1.0,0.1754000037908554,0.1754000037908554
623465,17734,Evan Phillips,0.013748626595506415,2.9630000591278076,0.0,2.9630000591278076
663770,21087,Demarcus Evans,0.013609203976528839,4.444399833679199,0.0,4.444399833679199
594736,12799,Cody Anderson,0.013549965569449629,4.444399833679199,0.0,4.444399833679199
572125,13397,Sam Selman,0.013398006271260721,1.8518999814987183,0.0,1.8518999814987183
595918,11467,A.J. Cole,0.013276858495251126,7.407400131225586,0.0,7.407400131225586
605195,13182,Kyle Crick,0.013247642020513681,24.074100494384766,0.0,24.074100494384766
656257,16631,Jeff Brigham,0.012815876005949505,14.07409954071045,0.0,14.07409954071045
641540,19409,Dane Dunning,0.012445100181624856,1.0,0.1754000037908554,0.1754000037908554
644364,15915,Víctor Arano,0.012402521994910745,7.7778000831604,0.0,7.7778000831604
472610,6984,Luis García,0.011927826221456737,1.8518999814987183,0.0,1.8518999814987183
534812,12360,Kevin Quackenbush,0.011915699786694793,3.703700065612793,0.0,3.703700065612793
656629,17282,Michael Kopech,0.011847652626557792,1.0,0.1754000037908554,0.1754000037908554
607572,16265,Sam Howard,0.011832462768553815,4.444399833679199,0.0,4.444399833679199
657044,16647,Ryan Thompson,0.011755983271383273,9.629599571228027,0.0,9.629599571228027
656492,16432,Foster Griffin,0.011751926052267507,3.4200000762939453,0.6000000238418579,0.6000000238418579
502593,10534,Jake Petricka,0.011690267702860456,2.9630000591278076,0.0,2.9630000591278076
571561,12555,Tony Cingrani,0.01162024151252531,9.259300231933594,0.0,9.259300231933594
656686,19884,Corbin Martin,0.011476979688088432,1.0,0.1754000037908554,0.1754000037908554
666204,21170,Dany Jiménez,0.011414875910434186,6.6666998863220215,0.0,6.6666998863220215
593334,17149,Domingo Germán,0.011243061314503493,1.0,0.16529999673366547,0.2232999950647354
663969,20629,Tyler Phillips,0.011240652147060931,1.0,0.17229999601840973,0.19030000269412994
491624,9013,César Valdez,0.011207841312757934,1.8518999814987183,0.0,1.8518999814987183
676051,23293,Codi Heuer,0.011206814636305806,4.444399833679199,0.0,4.444399833679199
667465,22052,Aaron Fletcher,0.011120776353365178,2.9630000591278076,0.0,2.9630000591278076
681401,sa3006701,Josh Green,0.011071779986868315,1.0,0.1754000037908554,0.1754000037908554
621363,19403,Colin Poche,0.010995849238340155,1.0,0.0,1.0
658648,18864,Pedro Avila,0.010772298249959003,1.0,0.1754000037908554,0.1754000037908554
641927,21224,Bailey Ober,0.010659259526596205,1.0,0.17190000414848328,0.19189999997615814
282332,404,CC Sabathia,0.010585396865084584,1.0,0.17389999330043793,0.18289999663829803
622864,15885,Fernando Romero,0.010426668208369171,1.8518999814987183,0.0,1.8518999814987183
665665,19754,Reiver Sanmartin,0.010309059103078335,1.0,0.1754000037908554,0.1754000037908554
665759,20368,Ramón Rosso,0.010286101416040557,6.6666998863220215,0.0,6.6666998863220215
623992,sa659598,Shao-Ching Chiang,0.010283210838122293,9.259300231933594,0.0,9.259300231933594
656271,17968,Brock Burke,0.010175027289379484,1.0,0.1754000037908554,0.1754000037908554
663546,21481,Sean Hjelle,0.010164056271124048,1.0,0.1754000037908554,0.1754000037908554
622795,14391,Yohander Méndez,0.010148255085112315,1.8518999814987183,0.0,1.8518999814987183
669952,19225,Mitch White,0.01011912095255402,1.0,0.17000000178813934,0.20100000500679016
621056,15091,Hunter Wood,0.01008925935077118,4.814799785614014,0.0,4.814799785614014
662253,20373,Andrés Muñoz,0.010078339477021596,1.0,0.0,1.0
669345,sa3008024,Brett Conine,0.010063764331594118,1.0,0.15399999916553497,0.2759999930858612
622088,16233,Tejay Antone,0.010049507552133173,1.0,0.17399999499320984,0.18199999630451202
641386,20198,Ben Bowden,0.009972464118104974,4.444399833679199,0.0,4.444399833679199
570649,11855,Yordano Ventura,0.009926584179157852,1.0,0.1754000037908554,0.1754000037908554
607185,sa598302,Clayton Blackburn,0.009799143847509403,1.0,0.17350000143051147,0.18449999392032623
663959,20237,Tyler Ivey,0.00973991537340053,1.0,0.16439999639987946,0.227400004863739
475479,6316,David Phelps,0.009630474255781176,22.222200393676758,0.0,22.222200393676758
642203,19266,Taylor Widener,0.009591917533998661,1.8518999814987183,0.0,1.8518999814987183
621191,sa658314,Michael Peoples,0.00957670510118605,1.0,0.17090000212192535,0.19689999520778656
630263,16668,James Bourque,0.009475057190341035,4.444399833679199,0.0,4.444399833679199
669302,22250,Logan Gilbert,0.009457497676873827,1.0,0.1754000037908554,0.1754000037908554
447744,1953,Raul Valdes,0.009401936111810354,1.0,0.1754000037908554,0.1754000037908554
627894,15166,Luiz Gohara,0.009254626161650651,1.0,0.035599999129772186,0.8325999975204468
622503,17732,Nabil Crismatt,0.009185042820553562,1.0,0.16580000519752502,0.2207999974489212
592288,15849,Kent Emanuel,0.009133644051620224,1.0,0.1096000000834465,0.4846000075340271
434180,4422,Kameron Loe,0.009103772458879214,1.0,0.1754000037908554,0.1754000037908554
661395,21029,Jhoan Duran,0.009067842084632755,1.0,0.17389999330043793,0.18289999663829803
664196,18029,Tanner Anderson,0.009022094723192665,1.0,0.1754000037908554,0.1754000037908554
518852,11157,Eric Jokisch,0.009001947270220302,1.0,0.17110000550746918,0.19609999656677246
656876,25385,Drew Rasmussen,0.008977985810317288,1.0,0.16910000145435333,0.20509999990463257
664028,17877,Brett Kennedy,0.008847008623250937,1.0,0.1754000037908554,0.1754000037908554
641576,19561,Bernardo Flores Jr.,0.00884086285960724,1.8518999814987183,0.0,1.8518999814987183
642100,17170,Gabe Speier,0.008838520839128894,8.518500328063965,0.0,8.518500328063965
453344,9346,Brandon Morrow,0.008734222565172495,1.0,0.0,1.0
676840,20339,Matt Peacock,0.008722534593000849,1.0,0.1737000048160553,0.18369999527931213
650893,17490,Génesis Cabrera,0.008717882216231031,11.851900100708008,0.0,11.851900100708008
661403,21032,Emmanuel Clase,0.008696708005416701,1.0,0.007499999832361937,0.9645000100135803
518418,5362,Phillippe Aumont,0.00867651246235388,1.0,0.1754000037908554,0.1754000037908554
502578,11243,Aaron Barrett,0.008654563940712127,10.370400428771973,0.0,10.370400428771973
622554,19249,Seranthony Domínguez,0.008647366579013771,1.0,0.0,1.0
667463,22051,John King,0.008640495541307832,1.0,0.1754000037908554,0.1754000037908554
504379,7731,Juan Nicasio,0.008626236991440007,1.8518999814987183,0.0,1.8518999814987183
642233,15538,Eric Yardley,0.008591509927356035,3.703700065612793,0.0,3.703700065612793
651002,sa828326,Steven Fuentes,0.008500276096897155,1.0,0.13120000064373016,0.3831999897956848
641907,19712,Patrick Murphy,0.008430660873331015,1.0,0.1754000037908554,0.1754000037908554
666888,sa909930,Yaisel Sierra,0.008378296184263171,1.0,0.12530000507831573,0.41130000352859497
660600,20447,Enoli Paredes,0.00837191526793061,1.8518999814987183,0.0,1.8518999814987183
666129,21844,Braxton Garrett,0.008364311794938992,1.0,0.1754000037908554,0.1754000037908554
642104,sa738639,Cole Stapler,0.008247214981643752,1.0,0.16820000112056732,0.20919999480247498
592464,11618,Mike Kickham,0.00822095861679254,1.0,0.13740000128746033,0.35440000891685486
571735,9756,David Hale,0.008217573082709125,4.444399833679199,0.0,4.444399833679199
657756,19695,Connor Seabold,0.008174932012123524,1.0,0.1712000072002411,0.19519999623298645
657746,21390,Joe Ryan,0.008139854245800413,1.0,0.1720999926328659,0.19110000133514404
669947,19205,Jesse Scholtens,0.008084924517782411,1.0,0.1687999963760376,0.20679999887943268
452293,3521,Jonathan Albaladejo,0.008046473913426997,1.0,0.1712000072002411,0.19519999623298645
602929,sa599472,Markus Solbach,0.007971720088995299,1.0,0.17229999601840973,0.19030000269412994
519076,10547,Jimmy Nelson,0.00796289460837965,1.0,0.09560000151395798,0.550599992275238
452027,7853,Andrew Albers,0.007924660039581668,1.0,0.1340000033378601,0.3700000047683716
499107,5980,Francisley Bueno,0.007921300013872071,1.0,0.1754000037908554,0.1754000037908554
663855,19618,Jordan Hicks,0.007895847602558547,1.0,0.0,1.0
502190,10130,Mike Leake,0.007857635418348113,1.0,0.1754000037908554,0.1754000037908554
608344,19244,Cole Irvin,0.007817041067334966,7.407400131225586,0.0,7.407400131225586
666120,19951,Ian Anderson,0.007698820544483492,1.0,0.1754000037908554,0.1754000037908554
645307,17581,Ricardo Sánchez,0.007667361201079062,1.0,0.1754000037908554,0.1754000037908554
641506,sa737857,Adrian De Horta,0.007624452592404822,1.0,0.13279999792575836,0.3758000135421753
682171,25174,Penn Murfee,0.00760737406756095,1.0,0.14650000631809235,0.31150001287460327
554234,11592,Williams Pérez,0.007572566526116844,1.0,0.1754000037908554,0.1754000037908554
543521,7531,Collin McHugh,0.007559381061013904,1.0,0.09629999846220016,0.5472999811172485
605452,12972,Joe Ross,0.007532692534020261,1.0,0.12250000238418579,0.4244999885559082
642073,15118,James Sherfy,0.007518539926622091,3.703700065612793,0.0,3.703700065612793
456051,3292,Hector Noesí,0.007460157981889472,1.0,0.11630000174045563,0.45329999923706055
543219,12781,Sean Gilmartin,0.00744380822780866,1.0,0.1754000037908554,0.1754000037908554
657376,19899,Clarke Schmidt,0.007379441748115771,1.0,0.17329999804496765,0.18529999256134033
621098,18332,Eric Hanhold,0.007353260257282189,7.407400131225586,0.0,7.407400131225586
489400,9154,Ryan Verdugo,0.00732515900542567,1.0,0.14890000224113464,0.29989999532699585
571798,sa503067,David Hurlbut,0.007314132473596277,1.0,0.17329999804496765,0.18529999256134033
543155,8077,Stephen Fife,0.00730148267889291,1.0,0.16949999332427979,0.20350000262260437
457453,5556,Jair Jurrjens,0.007279736260431059,1.0,0.17190000414848328,0.19189999997615814
676596,20418,Josh Fleming,0.007267318822982886,1.0,0.16699999570846558,0.2150000035762787
641334,sa737933,Matt Ball,0.007213807666593269,1.0,0.15889999270439148,0.25290000438690186
663559,20070,Bailey Falter,0.007192102934003096,1.0,0.1754000037908554,0.1754000037908554
598271,14272,Brian Johnson,0.007176069888226836,15.220600128173828,2.4000000953674316,4.992599964141846
592229,14825,Dylan Covey,0.0071591467487643915,1.0,0.14650000631809235,0.31150001287460327
571982,sa501496,James Needy,0.007081805616671039,1.0,0.1754000037908554,0.1754000037908554
623381,17281,Thomas Pannone,0.0070311977701286495,8.518500328063965,0.0,8.518500328063965
608638,13767,JT Chargois,0.007005148667216285,1.0,0.0,1.0
600887,18792,Miguel Del Pozo,0.006972699501517069,1.0,0.0,1.0
676477,20191,Garrett Whitlock,0.006883033015653961,1.0,0.1754000037908554,0.1754000037908554
669920,19666,Jason Alexander,0.0068451459373310986,1.0,0.15790000557899475,0.2578999996185303
605276,16130,David Hess,0.006835236900528327,2.9630000591278076,0.0,2.9630000591278076
592712,13483,Connor Sadzeck,0.006791134032832253,1.0,0.0,1.0
592102,12183,Cody Allen,0.006770604038180906,2.9630000591278076,0.0,2.9630000591278076
670057,19480,Ryan Hartman,0.006769676823054099,1.0,0.16509999334812164,0.2240999937057495
519403,8036,Thad Weber,0.006756245335902102,1.0,0.1518000066280365,0.28679999709129333
656798,17775,Jacob Nix,0.006735859344728093,1.0,0.1754000037908554,0.1754000037908554
425492,1852,Ryan Madson,0.006682025439742432,1.0,0.0,1.0
656323,sa829187,Matt Cooper,0.006558047901531272,1.0,0.1754000037908554,0.1754000037908554
457422,5518,Tim Dillard,0.006543977277953847,1.0,0.1573999971151352,0.2603999972343445
664208,18064,Phil Maton,0.006531198303165989,14.07409954071045,0.0,14.07409954071045
594056,13058,Reymin Guduan,0.006520387532934396,1.0,0.0,1.0
621389,14361,Ty Blach,0.006509031503056036,1.0,0.12999999523162842,0.3889999985694885
669432,22286,Trevor Rogers,0.006491805655164826,1.0,0.1754000037908554,0.1754000037908554
605479,13629,Josh D. Smith,0.00647895082192911,1.8518999814987183,0.0,1.8518999814987183
641447,19805,Daniel Castano,0.006469902277332784,1.0,0.11110000312328339,0.4781000018119812
434622,3374,Ubaldo Jiménez,0.006467100462858991,1.0,0.15369999408721924,0.2777000069618225
669270,19995,Joel Kuhnel,0.006456464235372059,3.703700065612793,0.0,3.703700065612793
622259,17793,Trey Wingenter,0.00642781961728139,1.0,0.004600000102072954,0.978600025177002
665795,21690,Edward Cabrera,0.006417573983995978,1.0,0.1754000037908554,0.1754000037908554
605260,13616,Taylor Guerrieri,0.006411825539160161,1.0,0.0,1.0
672715,22815,Luis Patiño,0.00637112951799724,1.0,0.17350000143051147,0.18449999392032623
605350,sa526820,Matt Lujan,0.006330918692754559,1.0,0.16539999842643738,0.2223999947309494
650347,20399,Luís Madero,0.006271129089803884,1.0,0.17229999601840973,0.19030000269412994
622251,18335,Josh Staumont,0.006270480884771397,14.814800262451172,0.0,14.814800262451172
656353,19871,Tucker Davidson,0.006261522199545184,1.0,0.1754000037908554,0.1754000037908554
656814,16942,Luis Ortiz,0.006253980261503589,1.0,0.1754000037908554,0.1754000037908554
642607,15821,Dario Agrazal,0.00621580391420335,1.0,0.17069999873638153,0.19769999384880066
669725,sa873276,Thomas Jankins,0.006205447574266386,1.0,0.17249999940395355,0.18950000405311584
502179,8246,Paolo Espino,0.006190150464937735,1.0,0.05979999899864197,0.7188000082969666
623167,13896,Chris Flexen,0.006189689339481034,1.0,0.05559999868273735,0.7386000156402588
665751,sa868984,Yadier Álvarez,0.006178566155376278,1.0,0.1754000037908554,0.1754000037908554
571074,sa506249,Luis Diaz,0.006111986669525772,1.0,0.11699999868869781,0.44999998807907104
665417,sa827380,Kyle Kubat,0.006084157225038269,1.0,0.1754000037908554,0.1754000037908554
595881,16981,Tyler Beede,0.006081159258005475,1.0,0.1688999980688095,0.20589999854564667
456713,1246,Matt Bush,0.006079628546546553,1.0,0.0,1.0
592492,sa549258,Randy LeBlanc,0.0060525117037931245,1.0,0.1754000037908554,0.1754000037908554
433587,4772,Félix Hernández,0.0060355118573300025,1.0,0.1754000037908554,0.1754000037908554
664843,sa856543,Jerry Keel,0.0060338422848516616,1.0,0.17139999568462372,0.19439999759197235
670766,20038,Darren McCaughan,0.006029650609682914,1.0,0.1754000037908554,0.1754000037908554
502158,3241,Josh Roenicke,0.006016942297762549,1.0,0.1737000048160553,0.18369999527931213
602928,14532,Felix Jorge,0.005948683847309922,1.0,0.1754000037908554,0.1754000037908554
571917,12106,Parker Markel,0.005911705176403776,1.0,0.0,1.0
627500,15524,Jen-Ho Tseng,0.005899560397318835,1.0,0.1754000037908554,0.1754000037908554
667356,sa917784,Bryan Mata,0.005897685452423129,1.0,0.1754000037908554,0.1754000037908554
572058,sa502048,Nate Reed,0.005884175223825181,1.0,0.1632000058889389,0.23319999873638153
670061,sa874105,Duncan Robinson,0.005880459872315818,1.0,0.1754000037908554,0.1754000037908554
669925,sa918488,Kyle Young,0.005858665420984665,1.0,0.1754000037908554,0.1754000037908554
664337,21111,Miguel Yajure,0.005834640705306124,1.0,0.16859999299049377,0.20759999752044678
523989,3862,Rubby De La Rosa,0.005824793211430957,1.0,0.0,1.0
676886,20205,Jeremy Beasley,0.005812545653832114,1.0,0.17399999499320984,0.18199999630451202
680686,24580,Josiah Gray,0.005812400445318549,1.0,0.17399999499320984,0.18199999630451202
543056,13293,Danny Coulombe,0.005810988786039636,1.0,0.0,1.0
543193,12545,Drew Gagnon,0.005790744732254387,1.0,0.0,1.0
595263,11071,Mickey Jannis,0.005781742143940265,1.0,0.17190000414848328,0.19189999997615814
676265,20277,Cory Abbott,0.005779294123122362,1.0,0.1754000037908554,0.1754000037908554
680702,24591,Joey Gerber,0.005758055395749625,4.444399833679199,0.0,4.444399833679199
642659,19516,Raynel Espinal,0.00575788672598634,1.0,0.15950000286102295,0.25049999356269836
624647,16408,Victor González,0.005754323939619845,1.0,0.1274999976158142,0.40049999952316284
571503,sa503763,Ryan Bollinger,0.005746001100609197,1.0,0.1754000037908554,0.1754000037908554
668941,19574,JoJo Romero,0.005740884882803279,1.0,0.1754000037908554,0.1754000037908554
547348,5177,C.C. Lee,0.005705150164150568,1.0,0.0,1.0
663325,sa3007710,Kevin Smith,0.005687742235840722,1.0,0.1754000037908554,0.1754000037908554
534631,8796,Elih Villanueva,0.005674218124121827,1.0,0.16979999840259552,0.20180000364780426
677421,sa3004680,Hayden Deal,0.00565416604634772,1.0,0.17389999330043793,0.18289999663829803
592865,14899,Taylor Williams,0.00565189960268254,8.148099899291992,0.0,8.148099899291992
676755,20385,Isaac Mattson,0.005641732025157904,1.0,0.0,1.0
641835,15042,Tim Mayza,0.005626396176731685,1.0,0.0,1.0
532936,sa691863,Mario Sanchez,0.005620612615835478,1.0,0.1678999960422516,0.21089999377727509
493159,13046,Tsuyoshi Wada,0.005617586621746552,1.0,0.17000000178813934,0.20100000500679016
669420,sa3007926,Tim Cate,0.005602595942086364,1.0,0.1754000037908554,0.1754000037908554
663804,21549,Jackson Kowar,0.005570301003657628,1.0,0.1754000037908554,0.1754000037908554
448802,8137,Jaime García,0.005561881330090242,1.0,0.13210000097751617,0.3790999948978424
459439,7553,Jarrett Grube,0.0055591629897871735,1.0,0.1754000037908554,0.1754000037908554
664098,sa875717,Nathan Bates,0.005509852971653261,1.0,0.07959999889135361,0.6255999803543091
663485,21461,Cole Sands,0.005504279513503882,1.0,0.1754000037908554,0.1754000037908554
663556,21483,Shane McClanahan,0.0054945866833215565,1.0,0.17229999601840973,0.19030000269412994
643559,sa738620,John Straka,0.005472506867903057,1.0,0.1704999953508377,0.19850000739097595
628333,16017,Odrisamer Despaigne,0.005452175554167484,1.0,0.1754000037908554,0.1754000037908554
641780,sa737643,David Ledbetter,0.005445747101231613,1.0,0.1754000037908554,0.1754000037908554
605138,19243,Wes Benjamin,0.005429855597109733,3.703700065612793,0.0,3.703700065612793
435221,4662,Brandon McCarthy,0.005423470945590745,1.0,0.1754000037908554,0.1754000037908554
680765,sa3007234,Joey Murray,0.005415908633253514,1.0,0.17260000109672546,0.18860000371932983
543607,10174,Edgar Olmos,0.00540273724830643,1.0,0.07930000126361847,0.6273000240325928
642092,19826,Riley Smith,0.005398255809623124,1.0,0.1754000037908554,0.1754000037908554
600355,sa829625,Tyler Herb,0.005396195651321344,1.0,0.17069999873638153,0.19769999384880066
606167,13188,Adalberto Mejía,0.005363437446773337,1.0,0.0,1.0
597113,12578,DJ Johnson,0.005362243841329567,1.0,0.0,1.0
675989,23265,Cody Bolton,0.005356838478061688,1.0,0.1754000037908554,0.1754000037908554
669145,20370,Bruce Zimmermann,0.0053252050641026515,1.0,0.17399999499320984,0.18199999630451202
624526,sa738512,Garrett Williams,0.005316343639503445,1.0,0.16089999675750732,0.24390000104904175
621169,sa829043,Tyler Eppler,0.005313564119909381,1.0,0.17139999568462372,0.19439999759197235
607751,sa598974,Matt Tomshaw,0.0053097386786459975,1.0,0.15839999914169312,0.25540000200271606
593163,sa550615,Carlos Navas,0.00530474447924674,2.592600107192993,0.0,2.592600107192993
665733,20383,Antonio Santos,0.0052921159016271644,1.0,0.1754000037908554,0.1754000037908554
571577,10706,Scott Copeland,0.005287529432850737,1.0,0.0,1.0
572744,9412,Hiram Burgos,0.005274501319544442,1.0,0.16750000417232513,0.21250000596046448
476595,8337,Lucas Luetge,0.00522937934112393,1.8518999814987183,0.0,1.8518999814987183
660587,sa872530,Leo Crawford,0.005189792227552989,1.0,0.1688999980688095,0.20589999854564667
661269,19278,Vladimir Gutierrez,0.005187265500497265,1.0,0.1754000037908554,0.1754000037908554
663474,18000,Triston McKenzie,0.005170068164842881,1.0,0.1754000037908554,0.1754000037908554
681815,sa3008630,Tim Brennan,0.005168340174385624,1.0,0.1754000037908554,0.1754000037908554
676599,sa3004744,Jason Bahr,0.005164780417405753,1.0,0.1754000037908554,0.1754000037908554
675912,20243,Zac Lowther,0.005147504865951441,1.0,0.1754000037908554,0.1754000037908554
665240,sa876861,Yoanys Quiala,0.005142137686672293,1.0,0.17350000143051147,0.18449999392032623
573062,10218,Aaron Northcraft,0.005120237101653697,1.0,0.0,1.0
642564,17303,Francis Martes,0.005110671698307017,1.0,0.05700000002980232,0.7319999933242798
641709,sa918377,Brian Howard,0.005109278968249671,1.0,0.1754000037908554,0.1754000037908554
541640,10314,Erasmo Ramírez,0.005104090158922563,3.3285999298095703,0.6000000238418579,0.6000000238418579
596106,sa597834,Kyle Smith,0.0051001144173754955,1.0,0.15719999372959137,0.2612000107765198
669205,sa3005187,Lincoln Henzman,0.005074845990878761,1.0,0.1754000037908554,0.1754000037908554
475857,8855,Ryan Cook,0.005051309180727776,1.8518999814987183,0.0,1.8518999814987183
519043,1890,Matt Moore,0.005041317853855459,1.0,0.1754000037908554,0.1754000037908554
663399,18347,Brandon Waddell,0.004976244692500572,1.0,0.1298000067472458,0.3898000121116638
607320,13688,Ryan Merritt,0.0049680078167029145,1.0,0.16699999570846558,0.2150000035762787
450729,9425,Doug Fister,0.004963584057118562,1.0,0.1754000037908554,0.1754000037908554
605476,13172,Carson Smith,0.00496000135136955,1.0,0.0,1.0
407793,1507,John Lackey,0.004948881516167173,1.0,0.17440000176429749,0.18039999902248383
451075,8893,David Martinez,0.0049340389289399345,1.0,0.17249999940395355,0.18950000405311584
607348,sa580380,Tim Shibuya,0.004901885598161841,1.0,0.1298000067472458,0.3898000121116638
646140,sa706969,Jaron Long,0.004891705131038859,1.0,0.1574999988079071,0.25949999690055847
641682,19535,Ryan Hendrix,0.004882268661105067,1.8518999814987183,0.0,1.8518999814987183
607188,13699,Jake Faria,0.00486895285099365,1.8518999814987183,0.0,1.8518999814987183
607601,sa602555,Jordan Kipper,0.004864695617793303,1.0,0.0738999992609024,0.652899980545044
488957,sa393410,Carlos Hernandez,0.004863511771285784,1.0,0.17329999804496765,0.18529999256134033
571772,sa501640,Hector Hernandez,0.004850126271161067,1.0,0.10350000113248825,0.5134999752044678
489448,9683,Mike Zagurski,0.004849309806242063,1.0,0.0,1.0
664092,19583,Sean Poppen,0.004846964129893286,1.0,0.0,1.0
534947,10968,Tim Adleman,0.004846695831475134,1.0,0.15109999477863312,0.29010000824928284
572403,13424,Drew VerHagen,0.004818168911869406,1.0,0.05950000137090683,0.7204999923706055
607087,12020,Scott Snodgress,0.004806587239438098,1.0,0.09000000357627869,0.5770000219345093
657043,sa829545,Dylan Thompson,0.004802230071744556,1.0,0.16949999332427979,0.20350000262260437
112526,375,Bartolo Colon,0.004791830383234085,1.0,0.16699999570846558,0.2150000035762787
543258,7303,Preston Guilmet,0.004770120755442174,1.0,0.0,1.0
621079,15106,Collin Wiles,0.00476446675364142,1.0,0.16930000483989716,0.20430000126361847
594135,sa550539,Wirkin Estevez,0.004754062760407521,1.0,0.17299999296665192,0.18700000643730164
595798,10819,R.J. Alaniz,0.004752323688637116,1.0,0.0,1.0
656731,21318,Tylor Megill,0.004743093833394844,1.0,0.1437000036239624,0.3246999979019165
657798,sa829207,T.J. Weir,0.004736983919999624,1.0,0.1754000037908554,0.1754000037908554
605469,16166,Chandler Shepherd,0.004730171468202032,1.0,0.11089999973773956,0.4788999855518341
643377,20253,Griffin Jax,0.00471758702604169,1.0,0.1754000037908554,0.1754000037908554
605521,18251,Art Warren,0.004702090267504246,5.555600166320801,0.0,5.555600166320801
640444,19800,Wil Crowe,0.004693542328706183,1.0,0.1754000037908554,0.1754000037908554
641646,sa738176,Joe Gunkel,0.004651870973391143,1.0,0.1581999957561493,0.25619998574256897
670090,20010,Wyatt Mills,0.004648802633315622,1.0,0.0,1.0
669942,sa919112,Chad Donato,0.0046074920148069885,1.0,0.16179999709129333,0.23980000615119934
667445,sa3005114,Marshall Kasowski,0.0046062929161977606,1.8518999814987183,0.0,1.8518999814987183
641620,sa872724,Brandon Gold,0.0045889682634740634,1.0,0.1754000037908554,0.1754000037908554
605121,16201,Justin Anderson,0.004563588505024668,1.0,0.0,1.0
444857,6283,Scott Feldman,0.0045420420240045506,1.0,0.1754000037908554,0.1754000037908554
670095,sa918378,Reid Anderson,0.004494577127495516,1.0,0.1754000037908554,0.1754000037908554
656266,20491,J.B. Bukauskas,0.004494341651538226,1.0,0.16279999911785126,0.23479999601840973
457429,5525,Boone Logan,0.004472863425219705,1.0,0.0,1.0
467094,1478,Félix Doubront,0.0044726209719847245,1.0,0.14300000667572021,0.328000009059906
670651,sa921212,Anthony Shew,0.004456035675857318,1.0,0.17020000517368317,0.20020000636577606
670443,sa874072,Jack Anderson,0.0044432450399570665,1.0,0.0,1.0
605795,11776,Angel Sánchez,0.00442467573704685,1.0,0.0,1.0
518782,10065,Johnny Hellweg,0.004420862367956953,1.0,0.0,1.0
607692,sa602806,Travis Radke,0.004394839685701917,1.0,0.0,1.0
666156,sa917951,Reggie Lawson,0.0043361172268059,1.0,0.1754000037908554,0.1754000037908554
502083,2895,Zach McAllister,0.004323424694137859,1.0,0.0,1.0
657272,20323,Erich Uelmen,0.004309869021029466,1.0,0.1754000037908554,0.1754000037908554
656345,sa827476,Andro Cutura,0.004283585802802377,1.0,0.15950000286102295,0.25049999356269836
501992,12638,Nate Karns,0.004242221986487751,1.0,0.1316000074148178,0.3815999925136566
622066,sa738376,Tyler Alexander,0.004209334061658351,1.0,0.14790000021457672,0.30489999055862427
543141,sa455162,Bryan Evans,0.004189967290318899,1.0,0.1754000037908554,0.1754000037908554
621394,sa658600,Colton Turner,0.004189590982338207,1.0,0.10809999704360962,0.4921000003814697
663982,sa3004857,David Parkinson,0.004182457422738308,1.0,0.1754000037908554,0.1754000037908554
543343,12874,Danny Hultzen,0.00418228002957632,1.0,0.0,1.0
545346,11468,Zach Lee,0.0041670540509278296,1.0,0.11699999868869781,0.44999998807907104
621141,13804,Walker Lockett,0.004165010865280554,1.8518999814987183,0.0,1.8518999814987183
518553,6483,Steve Cishek,0.0041546795843320685,23.33329963684082,0.0,23.33329963684082
664236,sa875610,Matthew Kent,0.004151187932291456,1.0,0.16949999332427979,0.20350000262260437
431148,4897,Scott Kazmir,0.004150317997409055,1.0,0.1754000037908554,0.1754000037908554
475416,2038,Justin Masterson,0.004144861705406536,1.0,0.13019999861717224,0.3882000148296356
663378,21065,Thomas Szapucki,0.0041419633384477544,1.0,0.17139999568462372,0.19439999759197235
594029,sa550590,Bryan Rodriguez,0.0041372777118626036,1.0,0.1662999987602234,0.218299999833107
657006,17312,Justin Steele,0.004126092423064939,1.0,0.1754000037908554,0.1754000037908554
605156,12272,Aaron Brooks,0.004085857550378791,1.0,0.13120000064373016,0.3831999897956848
502211,11137,Mike Bolsinger,0.004079128468047635,1.0,0.10890000313520432,0.4878999888896942
452676,4961,Mitch Talbot,0.004075465509040386,1.0,0.17229999601840973,0.19030000269412994
670369,sa918696,Christian Torres,0.004068965644605639,1.0,0.14110000431537628,0.33709999918937683
674681,23191,Michael Plassmeyer,0.004044283572680004,1.0,0.17299999296665192,0.18700000643730164
641959,sa829444,Jake Paulson,0.004043738426780471,1.0,0.16249999403953552,0.23649999499320984
681869,24977,Shawn Dubin,0.004042111546605266,1.0,0.16369999945163727,0.23070000112056732
670422,sa918556,Trevor Bettencourt,0.004017160836661078,1.0,0.0,1.0
605194,13654,Jharel Cotton,0.0040167323094095755,3.703700065612793,0.0,3.703700065612793
641988,sa621533,Alex Powers,0.004014872365454885,1.0,0.019099999219179153,0.910099983215332
657680,sa829486,Brendan McCurry,0.003999920371393245,1.0,0.021400000900030136,0.899399995803833
680543,sa3006766,Jake Lee,0.003988823520702846,1.0,0.15950000286102295,0.25049999356269836
676961,19736,Caleb Boushley,0.003983939303414461,1.0,0.13300000131130219,0.375
624522,19795,Keegan Thompson,0.003957127637667834,1.0,0.1754000037908554,0.1754000037908554
670161,20018,Parker Dunshee,0.00393654372234659,1.0,0.17399999499320984,0.18199999630451202
677161,20349,Zack Kelly,0.003932164554765113,1.0,0.15109999477863312,0.29010000824928284
660781,sa872881,Domingo Robles,0.003931825919958649,1.0,0.1754000037908554,0.1754000037908554
593969,13150,Jayson Aquino,0.003892339658626541,1.0,0.14910000562667847,0.29910001158714294
643197,sa738925,Isaac Anderson,0.0038858353759174645,1.0,0.14880000054836273,0.30079999566078186
592361,sa548475,Evan Grills,0.003838288531733904,1.0,0.10119999945163727,0.5242000222206116
506693,5669,Henderson Alvarez,0.0038202714358130923,1.0,0.1754000037908554,0.1754000037908554
451596,8173,Yovani Gallardo,0.003808802506106934,1.0,0.16750000417232513,0.21250000596046448
628240,sa560990,Josh Lowey,0.0038055862192718564,1.0,0.1754000037908554,0.1754000037908554
594811,sa549271,Derek Eitel,0.0037912792442096714,1.0,0.1535000056028366,0.2784999907016754
657229,sa827415,Eric Karch,0.003785880579892523,1.0,0.050200000405311584,0.76419997215271
501320,sa503583,Jose A. Flores,0.003782219214253549,1.0,0.1469999998807907,0.3089999854564667
607374,12385,Nick Tropeano,0.0037814552581672623,1.0,0.06419999897480011,0.698199987411499
621086,19675,James Marvel,0.0037736980781234285,1.0,0.1754000037908554,0.1754000037908554
429901,1773,Sergio Mitre,0.003771119961131335,1.0,0.17350000143051147,0.18449999392032623
592411,sa549147,Ben Holmes,0.003765346051320356,1.0,0.1754000037908554,0.1754000037908554
657697,16754,Vinny Nittoli,0.003765195318700918,1.0,0.05530000105500221,0.7402999997138977
570714,14099,César Vargas,0.0037551159053308353,1.0,0.1754000037908554,0.1754000037908554
641409,sa738901,Zack Brown,0.0037514181275483836,2.9630000591278076,0.0,2.9630000591278076
606190,sa598143,Jorgan Cavanerio,0.0037432087696820746,1.0,0.15960000455379486,0.24959999322891235
543424,8493,John Lamb,0.0037240066905249924,1.0,0.1754000037908554,0.1754000037908554
657424,17381,Matt Gage,0.003720880360186944,1.0,0.17399999499320984,0.18199999630451202
605356,sa603121,Tyler Mapes,0.003719173739435465,1.0,0.1754000037908554,0.1754000037908554
661440,20080,Mauricio Llovera,0.003710653793503561,1.0,0.16979999840259552,0.20180000364780426
657228,16958,Jake Jewell,0.0037088935622812628,1.0,0.0,1.0
656786,21324,Parker Mushinski,0.0036864997499161173,1.0,0.16769999265670776,0.21170000731945038
647315,20185,Zach Pop,0.00368436728867692,1.0,0.0,1.0
676754,sa3004106,Addison Russ,0.0036657824520604744,1.0,0.0,1.0
543518,12056,Scott McGough,0.003646855211560858,1.0,0.0,1.0
676084,sa915571,Noah Bremer,0.00364123585839509,1.0,0.16840000450611115,0.20839999616146088
285079,1245,R.A. Dickey,0.0036321225656762387,1.0,0.1754000037908554,0.1754000037908554
666924,sa3003927,J.C. Cloney,0.0036203829174815405,1.0,0.1551000028848648,0.2711000144481659
641462,sa918605,Corbin Clouse,0.003617981412549819,1.0,0.03229999914765358,0.8482999801635742
434669,3126,Luis Mendoza,0.003617783702857862,1.0,0.1754000037908554,0.1754000037908554
664161,19705,Matt Swarmer,0.003613450962838131,1.0,0.17260000109672546,0.18860000371932983
668879,sa918614,Vince Arobio,0.003612434726944539,1.0,0.02019999921321869,0.9052000045776367
475115,7872,Tyson Ross,0.0036094390645727975,1.0,0.1754000037908554,0.1754000037908554
657117,16309,Austen Williams,0.003598962595870606,1.8518999814987183,0.0,1.8518999814987183
571521,9794,Rex Brothers,0.0035986577956386,1.0,0.0,1.0
676424,20312,Alec Bettinger,0.003594073795714021,1.0,0.1754000037908554,0.1754000037908554
656522,sa829393,Zach Hedges,0.0035925938180460647,1.0,0.1428000032901764,0.3287999927997589
643414,15378,Kyle Lloyd,0.0035832924399670507,1.0,0.1754000037908554,0.1754000037908554
642048,17888,Tayler Saucedo,0.0035822955585155082,1.0,0.09860000014305115,0.5365999937057495
650496,20617,J.C. Mejía,0.003581941702827918,1.0,0.1754000037908554,0.1754000037908554
664700,sa876284,Daniel Tillo,0.0035562366279744233,1.0,0.16670000553131104,0.2167000025510788
446099,9059,John Axford,0.003551942707918209,1.0,0.00930000003427267,0.9563000202178955
543001,12699,Ryan Carpenter,0.0035170499640038663,1.0,0.1754000037908554,0.1754000037908554
670986,sa923839,Jose Bravo,0.003515258891514818,1.0,0.14560000598430634,0.3156000077724457
641490,15033,Kyle Crockett,0.003511032671160399,1.0,0.0,1.0
661383,21025,Oliver Ortega,0.0035046225492574223,1.0,0.16680000722408295,0.21580000221729279
664074,17920,Cody Ponce,0.003490203584123959,1.8518999814987183,0.0,1.8518999814987183
640454,19315,Matt Krook,0.00347808095363352,1.0,0.1518000066280365,0.28679999709129333
681806,24933,Andrew Wantz,0.0034687635675480742,1.0,0.1623000055551529,0.23729999363422394
571736,sa501327,Brooks Hall,0.003454230677796647,1.0,0.13819999992847443,0.35019999742507935
681792,sa3006826,Adam Scott,0.0034459334960576684,1.0,0.1754000037908554,0.1754000037908554
660623,20468,Huascar Ynoa,0.003439612248686831,1.0,0.0,1.0
429722,3200,Ervin Santana,0.0034113345376561837,17.10689926147461,3.0,3.0
451132,6620,Cory Burns,0.003403382329294514,1.0,0.0,1.0
682163,sa3007860,Jack Patterson,0.003384933313881193,1.0,0.10419999808073044,0.510200023651123
627218,sa747285,Emerson Martinez,0.0033730183133691893,1.0,0.1454000025987625,0.3163999915122986
606467,sa597847,Richelson Peña,0.003367744108774008,1.0,0.1597999930381775,0.24879999458789825
676282,23335,Joey Cantillo,0.003351334815649502,1.0,0.1754000037908554,0.1754000037908554
656674,sa829372,Kolton Mahoney,0.003346540913659743,1.0,0.13330000638961792,0.3732999861240387
671790,20041,Ronald Bolaños,0.003327135895845333,5.23799991607666,0.6000000238418579,2.451900005340576
543351,7432,Jay Jackson,0.0033235694607563486,1.0,0.0,1.0
656592,sa915688,Tyler Johnson,0.0033167993934415385,1.0,0.0,1.0
668766,sa3004197,Dylan File,0.003311047648498106,1.0,0.1754000037908554,0.1754000037908554
666720,21955,Yerry Rodríguez,0.003306156512523799,1.0,0.1754000037908554,0.1754000037908554
663460,21455,Kris Bubic,0.003269432330623309,1.0,0.1754000037908554,0.1754000037908554
670625,sa920718,Steven Moyers,0.0032637435250548706,1.0,0.1728000044822693,0.18780000507831573
621399,15968,Brady Feigl,0.0032629444094559278,1.0,0.015399999916553497,0.9273999929428101
592697,sa553380,Austin Ross,0.003261296710786155,1.0,0.1737000048160553,0.18369999527931213
676050,23292,Packy Naughton,0.003234825949905879,1.0,0.1754000037908554,0.1754000037908554
670154,sa874212,Nolan Blackwood,0.003230294126519738,2.9630000591278076,0.0,2.9630000591278076
663678,sa3008312,Colton Eastman,0.003228141168511753,1.0,0.1662999987602234,0.218299999833107
664242,sa875280,Reid Love,0.003209357391719095,1.0,0.08259999752044678,0.6115999817848206
677415,sa873684,Kit Scheetz,0.003201710312384078,1.0,0.0,1.0
670955,20539,Edwin Uceta,0.0031891303775723745,1.0,0.17260000109672546,0.18860000371932983
608335,19456,Kyle Funkhouser,0.0031463618821138436,1.0,0.1754000037908554,0.1754000037908554
641325,sa829504,Tyler Badamo,0.0031456995020536487,1.0,0.1754000037908554,0.1754000037908554
656725,16317,Alex McRae,0.003138200564112136,1.0,0.041600000113248825,0.8046000003814697
456043,7507,Jonathan Sánchez,0.0031161260406865295,1.0,0.17190000414848328,0.19189999997615814
656864,sa828963,Josh Prevost,0.0031096513413138723,1.0,0.1754000037908554,0.1754000037908554
592448,sa549495,Tyler Jones,0.003096385202638126,1.0,0.0,1.0
622234,sa658297,Shane Broyles,0.003082972478033827,1.0,0.0,1.0
592831,14655,Konner Wade,0.0030745480945691545,1.0,0.16599999368190765,0.2199999988079071
663738,21537,Daniel Lynch IV,0.0030728667472895046,1.0,0.1754000037908554,0.1754000037908554
639238,sa732750,Edgar Arredondo,0.0030705090387158304,1.0,0.1737000048160553,0.18369999527931213
665661,18475,Shea Spitzbarth,0.0030684478711031937,1.0,0.0,1.0
622247,sa658929,Jon Harris,0.003063704506401907,1.0,0.16769999265670776,0.21170000731945038
592295,sa708443,James Farris,0.003048943415398839,1.0,0.0,1.0
643361,15369,Kevin Herget,0.0030263859444524823,1.0,0.1460999995470047,0.31310001015663147
680573,24494,Simeon Woods Richardson,0.0030180976391542746,1.0,0.1754000037908554,0.1754000037908554
542953,8490,Buddy Boshers,0.00300552113745194,1.0,0.008799999952316284,0.9588000178337097
663884,sa3008224,Nolan Kingham,0.002999358508661236,1.0,0.1754000037908554,0.1754000037908554
642578,17860,José Rodríguez,0.002993027703093408,1.0,0.017899999395012856,0.9158999919891357
681810,24937,Austin Warren,0.002965258089489043,1.0,0.0,1.0
600944,17418,David Paulino,0.0029578111167346596,1.0,0.0,1.0
643320,16513,Nick Gardewine,0.0029507082236571777,1.0,0.0,1.0
592716,13339,Adrian Sampson,0.0029459901360558457,1.0,0.11020000278949738,0.4821999967098236
680704,20517,Nick Sandlin,0.0029301875827480407,1.0,0.0,1.0
445060,3830,Ricky Nolasco,0.002928095665635805,1.0,0.1754000037908554,0.1754000037908554
502046,2929,Jeff Locke,0.0029276701224133675,1.0,0.1754000037908554,0.1754000037908554
656557,19879,Tanner Houck,0.0029195527923987974,1.0,0.14749999344348907,0.30649998784065247
621051,20353,Steven Wilson,0.002912525340466501,1.0,0.0,1.0
657664,sa827466,Lucas Long,0.002910090515152752,1.0,0.07980000227689743,0.6248000264167786
571882,13133,Derek Law,0.0029037926549684173,1.0,0.011599999852478504,0.9455999732017517
677182,sa915665,Simon Mathews,0.0028674840264005116,1.0,0.06069999933242798,0.7146999835968018
623354,17811,Daniel Zamora,0.002860429014191765,3.703700065612793,0.0,3.703700065612793
660064,sa526832,Kyle Regnault,0.0028563806279089366,1.0,0.0,1.0
669735,22310,Chris Rodriguez,0.002855760743392303,1.0,0.1754000037908554,0.1754000037908554
606162,15655,Yefry Ramírez,0.0028385866034680053,1.0,0.02329999953508377,0.8902999758720398
676561,sa915726,Jeffrey Passantino,0.0028264297000945245,1.0,0.10400000214576721,0.5109999775886536
644677,sa739833,Tyler Spurlin,0.0028151182392645775,1.0,0.03370000049471855,0.84170001745224
592145,11437,Jesse Biddle,0.0028113009614760616,1.0,0.0,1.0
622766,18815,Miguel Díaz,0.0027821072246847476,1.0,0.0,1.0
621352,sa657948,Kyle Twomey,0.002780967532401456,1.0,0.16529999673366547,0.2232999950647354
607755,19482,Andrew Vasquez,0.002771014603990783,1.0,0.0,1.0
592455,sa709032,Jake Kalish,0.0027647659441344826,1.0,0.1362999975681305,0.35929998755455017
592244,11261,Logan Darnell,0.0027625942957034116,1.0,0.1632000058889389,0.23319999873638153
664942,18186,James Naile,0.002762335459587701,1.0,0.17110000550746918,0.19609999656677246
643263,sa708470,Mike Connolly,0.002758347904128905,1.0,0.1428000032901764,0.3287999927997589
571539,13276,Matt Carasiti,0.0027554620526659334,1.0,0.07859999686479568,0.6305999755859375
547874,13048,Hisashi Iwakuma,0.002744299534642817,1.0,0.1754000037908554,0.1754000037908554
649144,19845,Alex Wells,0.002725847385904261,1.0,0.1754000037908554,0.1754000037908554
669114,sa917985,Jace Vines,0.0027160972289530607,1.0,0.1678999960422516,0.21089999377727509
621114,17536,Ryan Burr,0.002698998698791428,1.0,0.017899999395012856,0.9158999919891357
650518,sa828724,Alejandro Requena,0.002697925634268345,1.0,0.1720999926328659,0.19110000133514404
433579,6329,John Danks,0.0026757346488443553,1.0,0.1754000037908554,0.1754000037908554
673140,sa964182,Elian Leyva,0.002664229608779628,1.0,0.1574999988079071,0.25949999690055847
657508,20206,Mike Baumann,0.0026641524033431657,1.0,0.1720999926328659,0.19110000133514404
570488,15605,Phillips Valdez,0.0026632208220470606,1.8518999814987183,0.0,1.8518999814987183
642135,sa738268,Sam Tewes,0.002656729466655222,1.0,0.1754000037908554,0.1754000037908554
450665,9417,Kris Medlen,0.002655813955614429,1.0,0.1754000037908554,0.1754000037908554
622446,17018,Jefry Rodriguez,0.0026485158176796017,11.925000190734863,1.7999999523162842,3.651900053024292
503566,2826,Fabio Castillo,0.0026443525356466845,1.0,0.0,1.0
663876,sa3007838,Nick Bush,0.002637771537937403,1.0,0.17399999499320984,0.18199999630451202
670288,20060,Jake Fishman,0.002625042766572832,1.0,0.0,1.0
665600,sa879559,Jasseel De La Cruz,0.00262204746347048,1.0,0.17399999499320984,0.18199999630451202
595234,13572,Justin Haley,0.0026189332156945663,1.0,0.0,1.0
571676,11346,Seth Frankoff,0.0026143059492538677,1.0,0.0,1.0
681991,sa3006988,Bryce Hensley,0.0026100467056269705,1.0,0.1225999966263771,0.4235999882221222
670169,sa918356,DJ Myers,0.0026077411129762284,1.0,0.1509000062942505,0.29089999198913574
664879,sa875823,Evan Manarino,0.0025973440695723723,1.0,0.16820000112056732,0.20919999480247498
681867,24975,Cooper Criswell,0.0025955472183929414,1.0,0.1688999980688095,0.20589999854564667
669330,20000,Tyler Wells,0.0025921836199369838,1.0,0.17350000143051147,0.18449999392032623
677369,sa3004494,Austin Warner,0.0025919939412118913,1.0,0.17399999499320984,0.18199999630451202
622218,sa658262,Jordan Guerrero,0.0025721401710567817,1.0,0.13699999451637268,0.35600000619888306
650828,17355,Edgar Santana,0.0025416122405258882,1.0,0.0,1.0
664851,sa875229,Kyle Friedrichs,0.0025410389531258944,1.0,0.1737000048160553,0.18369999527931213
453214,8185,Steven Wright,0.002540236408020108,1.0,0.1754000037908554,0.1754000037908554
596842,sa550449,Dylan Unsworth,0.0025394990846033805,1.0,0.156700000166893,0.263700008392334
621383,16990,Tanner Banks,0.002538596771254956,1.0,0.1597999930381775,0.24879999458789825
606996,19646,Kyle Hart,0.002524187371031851,14.988100051879883,1.2000000476837158,9.348099708557129
663986,19932,Trevor Stephan,0.0025223944320093067,1.0,0.17350000143051147,0.18449999392032623
657442,sa829168,Seth Varner,0.0025166022317475783,1.0,0.16089999675750732,0.24390000104904175
643340,sa738690,Nick Green,0.002495810494115134,1.0,0.17110000550746918,0.19609999656677246
676710,20531,Kutter Crawford,0.0024816339493855854,1.0,0.1754000037908554,0.1754000037908554
622400,sa736667,Michael Santos,0.0024658724187620164,1.0,0.10119999945163727,0.5242000222206116
572371,sa503722,Tyler Higgins,0.002462120475518398,1.0,0.03669999912381172,0.8277000188827515
642629,17304,Emmanuel Ramirez,0.0024478096028498933,1.0,0.1656000018119812,0.2215999960899353
656212,19865,Charlie Barnes,0.002441208464451121,1.0,0.17399999499320984,0.18199999630451202
594992,11012,Kevin Shackelford,0.0024410160021276833,1.0,0.0,1.0
572082,sa549091,Andrew Robinson,0.002431051910151573,1.0,0.0,1.0
656793,20153,Nick Nelson,0.002418572894551994,1.0,0.17329999804496765,0.18529999256134033
600965,15458,Ricardo Rodríguez,0.0024145277622743583,1.0,0.0,1.0
543017,10510,Hunter Cervenka,0.0023809735743369974,1.0,0.0,1.0
573127,9419,Zac Rosscup,0.0023723726797723606,1.0,0.0,1.0
606335,sa597101,Ivan Pineyro,0.0023616896627861946,1.0,0.17159999907016754,0.19359999895095825
596058,sa599500,Garrett Nuss,0.0023566843217473483,1.0,0.007899999618530273,0.9628999829292297
665049,sa876067,Josh DeGraaf,0.0023508995562755365,1.0,0.1695999950170517,0.20260000228881836
518444,338,Blake Beavan,0.002332342135588393,1.0,0.1720999926328659,0.19110000133514404
657511,sa829242,Dustin Beggs,0.002330793045407834,1.0,0.17399999499320984,0.18199999630451202
502051,2951,Josh Ravin,0.0023193479966556086,1.0,0.0,1.0
662144,19593,Brian Keller,0.0023034642684344156,1.0,0.1754000037908554,0.1754000037908554
670329,20023,Rico Garcia,0.0023033143334856144,1.8518999814987183,0.0,1.8518999814987183
594840,11449,Matt Grace,0.0022940657761816637,3.703700065612793,0.0,3.703700065612793
607265,sa599717,Greg Ross,0.002290938568148149,1.0,0.17110000550746918,0.19609999656677246
547176,14467,Daniel Camarena,0.002279210994589652,1.0,0.16599999368190765,0.2199999988079071
592408,sa548553,Neil Holland,0.0022779232562367534,1.0,0.0,1.0
502032,9492,Bud Norris,0.002264838787217537,1.0,0.0,1.0
595001,10946,Josh A. Smith,0.0022612276313260815,1.0,0.041600000113248825,0.8046000003814697
605448,sa598926,Bradley Roney,0.002241877521799623,1.0,0.0,1.0
434538,3201,Francisco Liriano,0.002241427764202513,1.0,0.0,1.0
669459,20515,Kyle Nelson,0.0022352410657739616,1.0,0.01510000042617321,0.929099977016449
489295,3599,Brian Schlitter,0.002223490135235518,1.0,0.0,1.0
656206,sa829808,Jeff Bain,0.002223159549086109,1.0,0.17399999499320984,0.18199999630451202
606141,sa739684,Scarlyn Reyes,0.00221742688601788,1.0,0.12039999663829803,0.4343999922275543
657766,16850,Locke St. John,0.002215532622552093,1.0,0.0,1.0
680742,24607,Jonathan Bowlan,0.0022126331961980585,1.0,0.17110000550746918,0.19609999656677246
622093,sa832338,Brett Ash,0.002204434589124,1.0,0.15440000593662262,0.274399995803833
446264,2412,Barry Enright,0.0021958619768239593,1.0,0.15839999914169312,0.25540000200271606
519259,8739,Daniel Schlereth,0.002195826500733121,1.0,0.0,1.0
621289,15066,Jaime Schultz,0.002186539828533497,1.0,0.0,1.0
641384,15979,Akeem Bostick,0.002164493497918569,1.0,0.1526000052690506,0.2825999855995178
656416,sa3007455,Brady Feigl,0.0021548072383706157,1.0,0.17260000109672546,0.18860000371932983
682130,sa3007491,Tyler Carr,0.0021533893908444565,1.0,0.019500000402331352,0.9085000157356262
643588,sa738610,Tyler Viza,0.0021524179943605806,1.0,0.16949999332427979,0.20350000262260437
544928,11334,Tyler Lyons,0.0021443901318657583,1.8518999814987183,0.0,1.8518999814987183
519096,7385,Dan Otero,0.0021426192044626835,1.0,0.0,1.0
666364,21866,Jordan Balazovic,0.0021394392476818094,1.0,0.17350000143051147,0.18449999392032623
642007,sa739006,Arturo Reyes,0.002138989334644109,1.0,0.1680999994277954,0.210099995136261
657714,sa829664,Jon Perrin,0.0021351577668149648,1.0,0.1754000037908554,0.1754000037908554
592330,10887,Perci Garner,0.0021286260510423862,1.0,0.0,1.0
675919,20333,Nick Raquet,0.002123247605627862,1.0,0.1754000037908554,0.1754000037908554
607968,12499,Drew Rucinski,0.002120901535368498,1.0,0.0,1.0
595995,sa827457,Andrew Istler,0.002118303460181509,1.0,0.0,1.0
658791,17508,Wei-Chieh Huang,0.002103021050127748,1.0,0.0,1.0
605463,13652,Tayler Scott,0.0020925131775486223,1.0,0.013500000350177288,0.9365000128746033
543184,7942,Christian Friedrich,0.0020845989948161223,1.0,0.17399999499320984,0.18199999630451202
434628,4538,Jason Hammel,0.0020827753191946254,1.0,0.14139999449253082,0.3353999853134155
519296,sa549462,Forrest Snow,0.0020773531491332527,1.0,0.1687999963760376,0.20679999887943268
458690,9901,Chris Volstad,0.002076803178798895,1.0,0.016100000590085983,0.9240999817848206
544365,5365,Manny Banuelos,0.002076636034933419,1.0,0.11999999731779099,0.4359999895095825
657566,16768,Montana DuRapau,0.002073092515824774,1.0,0.027000000700354576,0.8730000257492065
662121,sa875849,Dalton Sawyer,0.0020693142643315745,1.0,0.16599999368190765,0.2199999988079071
592147,sa549945,Mark Blackmar,0.0020674389944706586,1.0,0.16459999978542328,0.22660000622272491
542866,7411,Austin Adams,0.0020619107639628003,1.0,0.0,1.0
658431,19903,Adonis Medina,0.0020341433338730685,1.0,0.17389999330043793,0.18289999663829803
621094,14711,Jamie Callahan,0.0020094874978131548,1.0,0.0,1.0
673818,sa3003122,Yoel De Leon,0.002007331712402892,1.0,0.1573999971151352,0.2603999972343445
676669,sa913072,Rollie Lacy,0.0019887208105141673,1.0,0.16349999606609344,0.23149999976158142
642834,21241,Jonathan Bermúdez,0.0019615007224737385,1.0,0.1339000016450882,0.3709000051021576
669912,19179,Kirby Snead,0.001957776931612805,1.0,0.0,1.0
663489,sa875247,Will Stewart,0.0019434870476074148,1.0,0.1720999926328659,0.19110000133514404
623439,14016,Ryan Garton,0.0019360211657210948,1.0,0.0,1.0
664701,18114,Ben Taylor,0.001922792419243926,1.0,0.0,1.0
676610,sa3004347,Denny Brady,0.0019072604706533653,1.0,0.15389999747276306,0.2768999934196472
621241,sa738607,Max Beatty,0.001876307671194771,1.0,0.14000000059604645,0.34200000762939453
493117,14443,Kyuji Fujikawa,0.0018629180476492195,1.0,0.0,1.0
621076,18331,James Kaprielian,0.0018557321385508727,1.8518999814987183,0.0,1.8518999814987183
668683,19981,Jeremy Walker,0.00185185218903369,1.0,0.0,1.0
641872,sa738636,Jordan Milbrath,0.0018421245242638867,1.0,0.023900000378489494,0.8878999948501587
657079,sa875869,Ivan Vieitez,0.001841901129775979,1.0,0.13750000298023224,0.35350000858306885
668862,sa3008629,Luke Heimlich,0.0018415369751069413,1.0,0.1754000037908554,0.1754000037908554
543408,6570,Tom Koehler,0.001840046312488647,1.0,0.14749999344348907,0.30649998784065247
657209,16687,Dean Deetz,0.0018294509727390046,1.0,0.0,1.0
605301,14338,Williams Jerez,0.0018043364083284233,1.0,0.0,1.0
656981,20476,Peter Solomon,0.0017851965231619272,1.0,0.1754000037908554,0.1754000037908554
664645,sa872243,Casey Delgado,0.0017813648645998805,1.0,0.16840000450611115,0.20839999616146088
592271,sa829160,Thomas Dorminy,0.0017774593311195726,1.0,0.07370000332593918,0.6536999940872192
543266,7422,Bradin Hagens,0.0017695444429910168,1.0,0.1143999993801117,0.46239998936653137
543261,8007,Jason Gurka,0.0017609553694953885,1.0,0.0,1.0
593151,sa658168,Logan Taylor,0.0017503260272361079,1.0,0.09369999915361404,0.5597000122070312
595191,12664,Jerad Eickhoff,0.0017482837186814956,1.0,0.16040000319480896,0.24639999866485596
677651,23735,Luis Garcia,0.0017452726792854456,1.0,0.16419999301433563,0.2282000035047531
474521,10481,Shawn Tolleson,0.001729101325400822,1.0,0.0,1.0
571951,11479,Bryan Mitchell,0.001727611373272275,1.0,0.13609999418258667,0.36010000109672546
625974,sa701852,Sam Lewis,0.0017218753399266878,1.0,0.12950000166893005,0.39149999618530273
623489,sa659420,Keaton Steele,0.0017218642385191476,1.0,0.1281999945640564,0.39719998836517334
471174,sa393198,Luis Vasquez,0.00171367174847137,1.0,0.024700000882148743,0.8837000131607056
663398,sa857567,Luke Leftwich,0.0017103637433077195,1.0,0.030899999663233757,0.8549000024795532
571800,10732,Drew Hutchison,0.0017044159789404271,1.0,0.09260000288486481,0.5645999908447266
572193,10291,Ryan Tepera,0.0016994279128118624,12.963000297546387,0.0,12.963000297546387
543286,sa454866,Shawn Haviland,0.001694476211483146,1.0,0.1639000028371811,0.22990000247955322
683232,25376,Nick Mears,0.0016926354803765281,1.0,0.0,1.0
670041,sa918047,Austin McGeorge,0.0016912148304073396,1.0,0.1177000030875206,0.44670000672340393
500765,11543,Dayan Díaz,0.0016809367643522903,1.0,0.035999998450279236,0.8309999704360962
592612,11528,Josh Osich,0.0016780596019779618,6.6666998863220215,0.0,6.6666998863220215
542946,9069,Jeremy Bleich,0.001672128555021549,1.0,0.0,1.0
448842,3920,Frankie De La Cruz,0.0016700846153027923,1.0,0.1678999960422516,0.21089999377727509
676816,sa3004018,Austin Hutchison,0.001662339452716104,1.0,0.17260000109672546,0.18860000371932983
642239,15094,Rob Zastryzny,0.0016585211724942826,1.0,0.0,1.0
543278,6499,Blaine Hardy,0.0016347196367334643,1.0,0.0,1.0
676438,sa3006810,Michael Baird,0.0016314334467077494,1.0,0.13650000095367432,0.35850000381469727
570810,11266,Lisalverto Bonilla,0.0016227566513415707,1.0,0.09889999777078629,0.5349000096321106
650690,sa828727,Carlos Luna,0.0016185148865490392,1.0,0.1754000037908554,0.1754000037908554
605428,16165,Max Povse,0.001612126809835938,1.0,0.0,1.0
664194,sa875190,Blake Bass,0.0016113128600229213,1.0,0.04179999977350235,0.8037999868392944
519166,7677,Neil Ramírez,0.0015978830029265935,1.0,0.007000000216066837,0.9670000076293945
676614,20462,Bryan Sammons,0.0015972762982312105,1.0,0.17399999499320984,0.18199999630451202
573204,10078,Caleb Thielbar,0.0015847313330300773,1.0,0.0,1.0
643615,19269,T.J. Zeuch,0.0015818180290379834,1.8518999814987183,0.0,1.8518999814987183
621290,14545,Dakota Bacus,0.0015780548963191562,1.0,0.0,1.0
595145,sa550261,James Buckelew,0.0015748054384166039,1.0,0.043699998408555984,0.794700026512146
571638,sa503397,James Dykstra,0.0015724897748433146,1.0,0.0,1.0
664895,sa875355,Tyler Davis,0.0015711738754039296,1.0,0.12860000133514404,0.39559999108314514
664182,sa827432,Preston Morrison,0.0015690494856789635,1.0,0.021800000220537186,0.8978000283241272
656805,16468,Trevor Oaks,0.001565160768654642,1.0,0.11559999734163284,0.45660001039505005
473646,6527,Josh Zeid,0.00155979600050188,1.0,0.12999999523162842,0.3889999985694885
681795,sa3007906,Ryan Conroy,0.001555194159716845,1.0,0.16699999570846558,0.2150000035762787
657252,sa829632,Brady Puckett,0.0015443426735078014,1.0,0.1737000048160553,0.18369999527931213
571474,sa577014,DJ Baxendale,0.001521664156930655,1.0,0.08160000294446945,0.616599977016449
606303,14332,Joel Payamps,0.0015207921937547301,1.8518999814987183,0.0,1.8518999814987183
680692,24584,Jonathan Stiever,0.0015207379660528199,1.0,0.1754000037908554,0.1754000037908554
664944,19529,Cam Vieaux,0.0015113213596028743,1.0,0.1754000037908554,0.1754000037908554
641571,17466,Heath Fillmyer,0.0015082726696692076,1.0,0.094200000166893,0.557200014591217
462110,sa471754,Robert Zárate,0.0015065938707832655,1.0,0.0729999989271164,0.6570000052452087
669064,19582,Brandon Bailey,0.001505004440126156,3.703700065612793,0.0,3.703700065612793
575070,11896,Enderson Franco,0.0015045028815732116,1.0,0.0,1.0
641427,15239,Alan Busenitz,0.0014990804117785577,1.0,0.0,1.0
456696,4259,David Hernandez,0.0014968374663136053,1.0,0.0,1.0
641739,15792,Rob Kaminsky,0.0014952828669835506,1.0,0.0,1.0
622382,16348,Gabriel Moya,0.0014935175728766424,1.0,0.033900000154972076,0.8409000039100647
641534,sa737910,Jake Drehoff,0.0014831376190422396,1.0,0.09719999879598618,0.5432000160217285
472551,4994,Fernando Abad,0.001471704528373383,1.0,0.0,1.0
642565,sa737454,Alexander Guillen,0.0014643866228583613,1.8518999814987183,0.0,1.8518999814987183
659925,sa3001062,Dustin Crenshaw,0.0014495217726476833,1.0,0.1754000037908554,0.1754000037908554
683231,sa3008654,Shumpei Yoshikawa,0.0014427856300113766,1.0,0.17389999330043793,0.18289999663829803
642496,sa736761,Emilio Vargas,0.001438237999174724,1.0,0.1754000037908554,0.1754000037908554
543594,11341,Sean Nolin,0.0014381097014561223,1.0,0.1754000037908554,0.1754000037908554
547177,sa602699,Phil Pfeifer,0.0014339485689353938,1.0,0.1492999941110611,0.29829999804496765
571616,14844,Matt Dermody,0.0014278661307909678,1.0,0.0,1.0
617125,sa3008604,Yasutomo Kubo,0.0014243783510472752,1.0,0.17260000109672546,0.18860000371932983
664076,17897,Garrett Cleavinger,0.001423473223511512,2.9630000591278076,0.0,2.9630000591278076
656395,sa829247,Brannon Easterling,0.00141506651460371,1.0,0.16529999673366547,0.2232999950647354
501817,3555,Tony Barnette,0.001414647081775005,1.0,0.0,1.0
605335,16135,Brandon Leibrandt,0.001414341432429129,1.0,0.11959999799728394,0.4375999867916107
677742,sa873686,Tyler Zombro,0.0014082654944421549,1.0,0.04809999838471413,0.7741000056266785
641401,21205,Connor Brogdon,0.0013983792967013123,1.0,0.0,1.0
641855,sa738318,Ian McKinney,0.0013970776186693638,1.0,0.1754000037908554,0.1754000037908554
543054,10304,Jarred Cosart,0.001393883595720442,1.0,0.1704999953508377,0.19850000739097595
666205,20167,Kyle Muller,0.0013699550091805911,1.0,0.1754000037908554,0.1754000037908554
621047,sa659274,Grayson Long,0.0013662612436573039,1.0,0.1754000037908554,0.1754000037908554
681865,sa3007247,Brad Wilson,0.0013563981084624632,1.0,0.0,1.0
669746,sa918150,Tommy Eveld,0.0013555334837003208,1.0,0.0,1.0
670343,sa913084,Matt Milburn,0.001346534110256709,1.0,0.17399999499320984,0.18199999630451202
456068,7024,Miguel González,0.0013462853908515497,1.0,0.1754000037908554,0.1754000037908554
456379,6324,Al Alburquerque,0.0013446083117602762,1.0,0.0,1.0
622063,sa875060,Jack Wynkoop,0.0013443972736139388,1.0,0.1754000037908554,0.1754000037908554
502522,8580,Justin Miller,0.0013401403465122441,1.0,0.0,1.0
657812,sa829658,Keegan Yuhl,0.0013298878367926446,1.0,0.13860000669956207,0.34860000014305115
650911,20778,Cristopher Sánchez,0.001325749416513795,1.0,0.13439999520778656,0.3684000074863434
622505,15028,Victor Alcántara,0.0013214941364344788,1.0,0.0,1.0
656641,21306,Jacob Latz,0.0013191165180020097,1.0,0.1754000037908554,0.1754000037908554
425856,3886,Gavin Floyd,0.0012965523795902848,1.0,0.0,1.0
663989,21093,Nick Vespi,0.0012943450291261359,1.0,0.16140000522136688,0.24140000343322754
541652,5766,Bruce Rondón,0.0012921943198846997,1.0,0.0,1.0
676621,sa3004097,Holden Capps,0.0012911618990483018,1.0,0.0,1.0
446899,7293,Brad Ziegler,0.0012898840694658459,1.0,0.0,1.0
607259,12730,Nick Martinez,0.0012891725286376865,1.0,0.15700000524520874,0.2619999945163727
676620,sa3004211,Blake Weiman,0.001284339454169859,1.0,0.0,1.0
643294,sa738219,Andrew Edwards,0.0012838310260025125,1.0,0.10119999945163727,0.5242000222206116
474599,8162,Neil Wagner,0.0012817883311449622,1.0,0.019999999552965164,0.906000018119812
663941,21584,Tristan Beck,0.001247058635559477,1.0,0.1754000037908554,0.1754000037908554
592139,sa549763,Joel Bender,0.001232132608047581,1.0,0.0,1.0
592306,sa549950,Conor Fisk,0.001221378696377215,1.0,0.14300000667572021,0.328000009059906
621259,17748,Brody Koerner,0.0012189687442422366,1.0,0.16699999570846558,0.2150000035762787
605154,12777,John Brebbia,0.0012095429973562751,1.0,0.0,1.0
592310,sa526875,Kaleb Fleck,0.001193855695688808,1.0,0.0,1.0
595988,sa602623,Heath Holder,0.001193664508208594,1.0,0.11490000039339066,0.45989999175071716
621245,sa658513,Brock Dykxhoorn,0.0011853391678457602,1.0,0.1688999980688095,0.20589999854564667
643458,sa738394,Jordan Mills,0.0011847832450496793,1.0,0.0,1.0
612792,sa657701,Jesús Castillo,0.0011838689566701628,1.0,0.12250000238418579,0.4244999885559082
528748,21183,Humberto Castellanos,0.0011699297815737568,1.0,0.0,1.0
592815,13485,Sam Tuivailala,0.0011650692189804595,9.259300231933594,0.0,9.259300231933594
656354,17117,Austin Davis,0.0011621959850417912,1.0,0.0,1.0
672866,sa3002796,Jose E. Martinez,0.0011562016922518116,1.0,0.15389999747276306,0.2768999934196472
656892,sa828800,John Richy,0.0011515892870737404,1.0,0.11699999868869781,0.44999998807907104
571446,14823,Mark Appel,0.0011482993117948022,1.0,0.17139999568462372,0.19439999759197235
669946,sa918264,Brandon Lawson,0.001142434105475427,1.0,0.1754000037908554,0.1754000037908554
602083,14139,Miguel Almonte,0.001133743182960128,1.0,0.0,1.0
621074,19454,Michael Rucker,0.0011228580222172187,1.8518999814987183,0.0,1.8518999814987183
650977,sa827957,Samir Vivas,0.0011099917830477669,1.0,0.0,1.0
669212,20203,Eli Morgan,0.0011089212032313596,1.0,0.17399999499320984,0.18199999630451202
670036,19330,Matt Festa,0.0011058700667859968,1.0,0.0,1.0
592769,15949,D.J. Snelten,0.001089917925343168,1.0,0.0,1.0
474029,9080,Zach Putnam,0.0010879398599135017,1.0,0.0,1.0
543391,9174,Casey Kelly,0.0010776559639991273,1.0,0.1137000024318695,0.4657000005245209
671066,sa977821,Parker Curry,0.0010743605117819466,1.0,0.15000000596046448,0.29499998688697815
670720,sa920248,Jackson Zarubin,0.0010709054617944554,1.0,0.0,1.0
642109,sa738473,Jake Stinnett,0.0010645485264059644,1.0,0.0843999981880188,0.6033999919891357
456387,6336,Ryan Feierabend,0.0010622685633847775,1.0,0.12389999628067017,0.4178999960422516
621385,13780,Daniel Stumpf,0.0010430085436287388,1.0,0.0,1.0
641772,sa3002715,Joe Kuzia,0.0010419017569278095,1.0,0.0,1.0
476451,4371,Jeremy Hellickson,0.001020087244515571,1.0,0.1665000021457672,0.2175000011920929
547001,18769,Cody Poteet,0.000991690889422266,1.0,0.1754000037908554,0.1754000037908554
490063,3340,Matt Garza,0.0009910892174806744,1.0,0.17139999568462372,0.19439999759197235
657022,sa828707,Trey Supak,0.00099098418827031,1.0,0.1754000037908554,0.1754000037908554
600526,14957,José Torres,0.0009907985281091955,1.0,0.0,1.0
642575,sa736656,Gerson Moreno,0.000980729192603846,1.0,0.16979999840259552,0.20180000364780426
657607,sa829717,Spencer Herrmann,0.000980082648681631,1.0,0.09489999711513519,0.5539000034332275
646242,20298,Jhonathan Díaz,0.000980025462349654,1.0,0.1754000037908554,0.1754000037908554
407296,305,Carlos Zambrano,0.0009762499257540845,1.0,0.1754000037908554,0.1754000037908554
594951,10976,Ryan O'Rourke,0.0009737352369315012,1.0,0.0,1.0
675627,23221,Michael Grove,0.0009681863264006261,1.0,0.1754000037908554,0.1754000037908554
676751,sa3004349,Jordan Barrett,0.0009662655446248407,1.0,0.1754000037908554,0.1754000037908554
502009,3815,Mat Latos,0.0009628011994574836,1.0,0.1754000037908554,0.1754000037908554
656457,17964,Tyler Gilbert,0.0009569663299991789,1.0,0.0,1.0
641522,sa737782,Cody Dickson,0.0009492707268911496,1.0,0.1264999955892563,0.40549999475479126
668605,sa917121,Matt Solter,0.000923593549941557,1.0,0.1754000037908554,0.1754000037908554
685338,sa3008626,Justin Vernia,0.0009061839423075901,1.0,0.1671999990940094,0.2142000049352646
607215,16155,Eric Skoglund,0.0009029837997245912,1.0,0.13369999825954437,0.3716999888420105
679793,sa3006765,Colten Schmidt,0.0009016557293537529,1.0,0.17399999499320984,0.18199999630451202
607729,sa602907,David Sosebee,0.0008973342497243303,1.0,0.0,1.0
664121,sa857614,Seth McGarry,0.00087270670021728,1.0,0.10209999978542328,0.5200999975204468
543359,8073,Dan Jennings,0.00086509229364872,1.0,0.0,1.0
593679,12938,Gabriel Ynoa,0.0008589139221701794,1.0,0.10189999639987946,0.5209000110626221
525734,sa507276,Gabriel Arias,0.0008479391942040027,1.0,0.15559999644756317,0.2685999870300293
543456,9178,Kyle Lobstein,0.0008417260439229155,1.0,0.0,1.0
592499,16731,Artie Lewicki,0.0008295496272360126,1.0,0.060499999672174454,0.715499997138977
670642,sa919819,Steven Bruce,0.0008276614001220678,1.0,0.17329999804496765,0.18529999256134033
623449,sa658959,Rafael Pineda,0.0008207621315983059,1.0,0.13300000131130219,0.375
621102,sa876296,Lucas Humpal,0.0008174097085494956,1.0,0.15929999947547913,0.25130000710487366
545343,13259,Louis Head,0.0008140625792545622,1.0,0.04490000009536743,0.7889000177383423
448855,5702,Junior Guerra,0.0008043322333309635,24.074100494384766,0.0,24.074100494384766
641949,sa3003988,John Parke,0.0008016935742184736,1.0,0.1754000037908554,0.1754000037908554
667297,19178,Tommy Nance,0.0007994032727348711,1.0,0.0,1.0
621348,16279,Sam Clay,0.0007982948479903743,1.0,0.016300000250339508,0.92330002784729
663658,21513,Thaddeus Ward,0.0007960763785688188,1.0,0.1754000037908554,0.1754000037908554
607609,16266,A.J. Ladwig,0.0007873359662684588,1.0,0.17249999940395355,0.18950000405311584
657558,sa829567,Dominic DeMasi,0.0007839194709304107,1.0,0.12160000205039978,0.428600013256073
642584,17861,Franklyn Kilome,0.0007647105542981554,1.0,0.1754000037908554,0.1754000037908554
519301,11457,Sammy Solís,0.000761994092384892,1.0,0.0,1.0
641714,sa738685,Reid Humphreys,0.0007554516810332659,1.0,0.0,1.0
571939,sa502768,Trey McNutt,0.0007510893090746464,1.0,0.0,1.0
682418,sa3007624,Tommy Parsons,0.000749112477754374,1.0,0.1754000037908554,0.1754000037908554
621386,sa578007,Christian Jones,0.0007465762231127816,1.0,0.0,1.0
641455,sa737545,Andrew Church,0.0007460529954634201,1.0,0.1665000021457672,0.2175000011920929
543242,12042,J.R. Graham,0.0007444865652104326,1.0,0.0,1.0
518435,10148,Manny Barreda,0.0007159122503612447,1.0,0.1720999926328659,0.19110000133514404
676830,sa913150,Collin Kober,0.0007088985310089103,1.0,0.0,1.0
666674,20589,Edwar Colina,0.0007038646127557735,1.0,0.1573999971151352,0.2603999972343445
460024,6943,Luke Hochevar,0.0006996225731425909,1.0,0.0,1.0
670102,20548,Bowden Francis,0.0006970613807657495,1.0,0.17419999837875366,0.18119999766349792
604596,sa594882,Alex Delgado,0.0006920392547955495,1.0,0.1754000037908554,0.1754000037908554
658530,sa873722,Franklin Pérez,0.0006916514058495776,1.0,0.1754000037908554,0.1754000037908554
641582,19647,Matt Foster,0.0006736072597160265,1.0,0.0,1.0
598718,sa556821,Terance Marin,0.0006725980006992982,1.0,0.17329999804496765,0.18529999256134033
543964,12876,Tony Zych,0.0006615493218156956,1.0,0.0,1.0
667376,20074,Miguel Sánchez,0.0006480741235977709,1.0,0.07320000231266022,0.6561999917030334
670377,sa915725,Evan Miller,0.0006456398295090274,1.0,0.0,1.0
592438,sa549740,Chase Johnson,0.0006340463951104327,1.0,0.06809999793767929,0.6801000237464905
607162,13674,Onelki Garcia,0.0006298574613173726,1.0,0.009800000116229057,0.9538000226020813
660825,20997,Eduard Bazardo,0.0006267314367366406,1.0,0.0,1.0
600870,sa597095,Kevin Canelon,0.0006237508507541947,1.0,0.0828000009059906,0.61080002784729
496073,sa509281,Daniel Rodriguez,0.0006204337179502352,1.0,0.1754000037908554,0.1754000037908554
663390,sa856254,Ryan Mason,0.0006111897434391686,1.0,0.0,1.0
572383,9646,Brian Moran,0.0006037960233733477,1.0,0.0,1.0
669135,22218,Mac Sceroler,0.0005993997520787222,1.0,0.16539999842643738,0.2223999947309494
488787,8270,Casey Coleman,0.0005980860256661165,1.0,0.1412000060081482,0.3361999988555908
676358,sa3004341,Evan Kruczynski,0.0005915840000204665,1.0,0.1728000044822693,0.18780000507831573
661536,sa873314,Melvin Adón,0.0005795002537800106,1.0,0.0,1.0
592745,sa550088,John Simms,0.0005664661348439462,1.0,0.1096000000834465,0.4846000075340271
543859,10315,Michael Tonkin,0.0005659943377056163,1.0,0.0,1.0
544759,5028,Bo Schultz,0.0005480178174503883,1.0,0.0,1.0
594815,11506,Jeff Ferrell,0.0005471405944522983,1.0,0.0,1.0
606983,17695,Koda Glover,0.0005416009339842932,1.0,0.0,1.0
596816,12963,Roberto Gómez,0.0005346659627492164,1.0,0.0,1.0
543639,sa603091,David Peterson,0.0005213024478032598,1.0,0.0,1.0
656032,sa828462,Daniel Álvarez,0.0005177374952584715,1.0,0.0,1.0
649963,sa830370,Bo Takahashi,0.000506102557388147,1.0,0.1754000037908554,0.1754000037908554
400141,110,Horacio Ramirez,0.00046661622966057516,1.0,0.024399999529123306,0.8853999972343445
673603,sa3003109,Luis Romero,0.000466298466091639,1.0,0.017899999395012856,0.9158999919891357
457754,1483,Jon Edwards,0.000460640566110157,1.0,0.0,1.0
656877,sa829005,Lane Ratliff,0.0004524953162232145,1.0,0.12530000507831573,0.41130000352859497
656991,sa827385,David Speer,0.00044590654252687275,1.0,0.06949999928474426,0.6735000014305115
656420,16610,J.P. Feyereisen,0.0004345097871342827,12.963000297546387,0.0,12.963000297546387
644428,15570,Troy Scribner,0.00043102243468889293,1.0,0.1754000037908554,0.1754000037908554
642582,sa737001,Werner Leal,0.00043088692579264383,1.0,0.0,1.0
543347,sa550211,Kyle Hunter,0.0004228199176036907,1.0,0.0843999981880188,0.6033999919891357
622492,15964,Keury Mella,0.0004189813881248486,1.0,0.0,1.0
460069,3403,Ricky Romero,0.00041385487180047487,1.0,0.09210000187158585,0.5670999884605408
657786,17126,Jerry Vasto,0.00041258532762335665,1.0,0.0,1.0
641149,14764,Wes Parsons,0.0003995650461857664,1.0,0.0,1.0
573668,10341,Juan Minaya,0.0003995266538922112,1.0,0.0,1.0
666214,19962,Joey Wentz,0.0003979553793845461,1.0,0.1754000037908554,0.1754000037908554
518452,10587,Chad Bettis,0.00039633174470191633,1.0,0.03669999912381172,0.8277000188827515
452718,6230,Kyle Kendrick,0.00039434657904840705,1.0,0.1754000037908554,0.1754000037908554
657794,sa829586,Corey Walter,0.00039285511937357635,1.0,0.11980000138282776,0.4368000030517578
676634,sa3004747,Aaron Phillips,0.0003862722876382057,1.0,0.16930000483989716,0.20430000126361847
667677,sa874155,Zac Houston,0.0003729777644180921,1.0,0.014700000174343586,0.9307000041007996
455359,sa328299,Orlando Lara,0.0003728336143069416,1.0,0.1754000037908554,0.1754000037908554
606334,sa597045,Junior Rincon,0.00037240729467527545,1.0,0.09319999814033508,0.5622000098228455
667725,22092,Kyle Tyler,0.000366708214966558,1.0,0.16210000216960907,0.23810000717639923
626943,sa914407,Jon Kennedy,0.00036651507841284185,1.0,0.0,1.0
595285,sa550202,Ricky Knapp,0.00036180305348280613,1.0,0.16949999332427979,0.20350000262260437
514923,sa503950,Omar Bencomo,0.00036178183904436256,1.0,0.1678999960422516,0.21089999377727509
621574,sa659074,Matt Withrow,0.00034075245612856053,1.0,0.1453000009059906,0.3172999918460846
572827,10803,Jake Dunning,0.0003340164272563655,1.0,0.03350000083446503,0.8424999713897705
673360,sa3002749,West Tunnell,0.00033297408015849647,1.0,0.0,1.0
668338,19976,Tyson Miller,0.0003170066323146413,1.0,0.1754000037908554,0.1754000037908554
601715,sa597959,Tom Robson,0.0003121171605228102,1.0,0.0,1.0
606995,12316,Justin Hancock,0.00031139157697688755,1.0,0.0,1.0
595296,sa550044,Chris Lee,0.00030354592162001057,1.0,0.0,1.0
607170,sa598911,Brady Dragmire,0.0003003974540303705,1.0,0.0649000033736229,0.6948999762535095
656329,sa829216,Jean Cosme,0.000297477513474154,1.0,0.019999999552965164,0.906000018119812
430588,2173,Fernando Nieve,0.000295421869101687,1.0,0.0,1.0
621103,sa657954,Teddy Stankiewicz,0.000292163299842806,1.0,0.17389999330043793,0.18289999663829803
543698,10620,Donn Roach,0.0002908210441315399,1.0,0.0,1.0
656696,sa827491,Kevin McAvoy,0.00028684162752112515,1.0,0.15389999747276306,0.2768999934196472
592161,sa548235,J.R. Bradley,0.00027239166312742165,1.0,0.020500000566244125,0.9035000205039978
547185,sa548162,Peter Tago,0.0002673738206923653,1.0,0.0,1.0
644425,sa739743,Jake Sanchez,0.0002622386312852639,1.0,0.0,1.0
543409,8505,Michael Kohn,0.000260859366587354,1.0,0.0,1.0
663394,sa3005422,Jacob Condra-Bogan,0.00025994152067085254,1.0,0.020899999886751175,0.9018999934196472
460059,5203,Mike Pelfrey,0.0002593639204550471,1.0,0.14669999480247498,0.310699999332428
469686,5164,Alfredo Aceves,0.00025672584965387587,1.0,0.17159999907016754,0.19359999895095825
670174,22387,Josh Winckowski,0.00024865459646171277,1.0,0.17399999499320984,0.18199999630451202
571973,sa658181,Alex Muren,0.00023443412575781134,1.0,0.0,1.0
664107,sa874113,Alex Winkelman,0.00022560541294040933,1.0,0.09399999678134918,0.5580000281333923
607673,sa599520,Bennett Parry,0.00022472991903014122,1.0,0.1754000037908554,0.1754000037908554
665290,sa877529,Brad Kuntz,0.00021894124574762776,1.0,0.1460999995470047,0.31310001015663147
665096,sa875871,Ryan Brinley,0.00021857494219341424,1.0,0.0,1.0
664085,sa875234,Grant Borne,0.00021756151981248815,1.0,0.1615999937057495,0.24060000479221344
664351,25839,Luis Contreras,0.0002151129037475416,1.0,0.08179999887943268,0.6158000230789185
668684,19518,Tanner Tully,0.00020780401539528505,1.0,0.1754000037908554,0.1754000037908554
656671,21310,Josh Maciejewski,0.0002014795203655282,1.0,0.16949999332427979,0.20350000262260437
623430,13974,Ryan Dull,0.000200094661051276,1.0,0.0,1.0
664219,sa827144,Corey Taylor,0.0001973090686646631,1.0,0.06260000169277191,0.7056000232696533
681811,sa3007479,Edgar Gonzalez,0.0001911172606115924,1.0,0.17180000245571136,0.19280000030994415
606135,sa597233,Yender Cáramo,0.00018605736401571904,1.0,0.14470000565052032,0.3197000026702881
571871,10066,Ian Krol,0.0001819758389518448,1.0,0.0,1.0
675923,sa3004740,Ryan Lillie,0.00018190335636290546,1.0,0.17399999499320984,0.18199999630451202
592279,15853,Jesen Therrien,0.00017798990351035283,1.0,0.0,1.0
444444,8369,Mitch Atkins,0.0001766371797687087,1.0,0.1754000037908554,0.1754000037908554
605384,sa598328,Mark Montgomery,0.00017293042201615288,1.0,0.0,1.0
611093,15051,Silvino Bracho,0.00016846075790418141,1.0,0.0,1.0
621153,sa658530,Kevin McCanna,0.00015843146549521236,1.0,0.11559999734163284,0.45660001039505005
656083,sa828505,Harol González,0.0001578818170701293,1.0,0.17249999940395355,0.18950000405311584
592670,sa526353,Jimmy Reyes,0.00013686246607357933,1.0,0.07819999754428864,0.6322000026702881
545404,8851,Brandon Beachy,0.00013499326593632686,1.0,0.1754000037908554,0.1754000037908554
656375,sa829346,Caleb Dirks,0.00012764238071375254,1.0,0.041600000113248825,0.8046000003814697
429985,1783,Chad Gaudin,0.00012718001842177903,1.0,0.0,1.0
664202,18421,Tyler Cyr,0.0001269801368858012,1.0,0.0,1.0
607412,sa577832,Matt Crouse,0.00012295037396986872,1.0,0.16820000112056732,0.20919999480247498
669020,22200,Ryan Rolison,0.00012284510558689058,1.0,0.1754000037908554,0.1754000037908554
656210,sa829237,Brandon Barker,0.00011636735294178526,1.0,0.0877000018954277,0.5877000093460083
544836,4001,Enny Romero,0.00011444873519266024,1.0,0.0,1.0
451783,6200,Dustin Molleken,0.00010892774167155418,1.0,0.0,1.0
650605,sa828523,Abdiel Saldana,0.00010566280711060694,1.0,0.1632000058889389,0.23319999873638153
682845,sa3008237,Rito Lugo,0.00010280094225494237,1.0,0.1412000060081482,0.3361999988555908
656726,sa829124,Sam McWilliams,8.702537038613822e-05,1.0,0.16329999268054962,0.23229999840259552
676890,sa3004022,Scott Boches,7.480249712533813e-05,1.0,0.029600000008940697,0.8605999946594238
657097,19274,Jacob Webb,7.317044065098494e-05,1.0,0.0,1.0
664641,17526,Aríel Miranda,7.269774547318588e-05,1.0,0.1754000037908554,0.1754000037908554
666220,sa885669,Jose Morban,6.609859125520121e-05,1.0,0.15469999611377716,0.2727000117301941
668869,sa873974,Tyler Thomas,6.547378264636392e-05,1.0,0.1754000037908554,0.1754000037908554
660875,19277,Jesús Reyes,6.0430515503902846e-05,1.0,0.0,1.0
606208,sa597249,Luis Lugo,5.829304975453318e-05,1.0,0.164000004529953,0.2290000021457672
594580,14874,Sam Moll,3.282634183606836e-05,1.0,0.0,1.0
656657,20231,Zach Logue,3.24467956149204e-05,1.0,0.16580000519752502,0.2207999974489212
641790,sa876096,Conor Lillis-White,2.4671227030663185e-05,1.0,0.0,1.0
656986,21345,Bennett Sousa,1.727266949634056e-05,1.0,0.0,1.0
622797,18313,Pedro Payano,-1.1249269170343634e-06,1.0,0.1274999976158142,0.40049999952316284
622101,sa658377,David Hill,-1.4394294880266294e-06,1.0,0.1754000037908554,0.1754000037908554
621127,sa658286,Andrew Sopko,-3.6174707091943628e-06,1.0,0.1737000048160553,0.18369999527931213
458530,8422,Erik Davis,-4.080226341138813e-06,1.0,0.0,1.0
681929,sa3007251,Scott Sunitsch,-7.04486342276774e-06,1.0,0.1728000044822693,0.18780000507831573
592280,14808,Ryan Eades,-7.308504581595126e-06,1.0,0.0,1.0
593468,sa547829,Claudio Custodio,-1.1825506126646049e-05,1.0,0.09160000085830688,0.569599986076355
462480,711,Rhiner Cruz,-2.029767987658728e-05,1.0,0.0,1.0
519344,11716,Nick Tepesch,-2.1849175035979255e-05,1.0,0.1754000037908554,0.1754000037908554
680694,24586,Kyle Bradish,-4.253480557903707e-05,1.0,0.16459999978542328,0.22660000622272491
451775,7558,Fernando Rodriguez Jr.,-4.6689690448452114e-05,1.0,0.0,1.0
571687,sa598115,Ian Gardeck,-5.9384238436649195e-05,1.0,0.0,1.0
670616,sa919526,Tyler Warmoth,-6.0374068983037275e-05,1.0,0.019600000232458115,0.9075999855995178
657093,17489,Spenser Watkins,-7.391037875796437e-05,1.0,0.1712000072002411,0.19519999623298645
501955,2692,Joba Chamberlain,-7.922231851906949e-05,1.0,0.0,1.0
462382,3656,Jim Johnson,-8.246026133448286e-05,1.0,0.003700000001117587,0.982699990272522
665014,sa876206,Quintin Torres-Costa,-8.503580192854547e-05,1.0,0.08470000326633453,0.6017000079154968
593417,12790,Raúl Alcántara,-8.935833376398639e-05,1.0,0.1096000000834465,0.4846000075340271
656564,sa709509,Chris Huffman,-9.40096196068117e-05,1.0,0.15629999339580536,0.2653000056743622
620396,19246,Miguel Aguilar,-0.00010077148847601608,1.0,0.0,1.0
605232,16208,Brandon Finnegan,-0.00010443424052284132,1.0,0.1754000037908554,0.1754000037908554
665032,sa876116,Adam Bray,-0.00010848226606279606,1.0,0.10209999978542328,0.5200999975204468
605507,16094,Zach Thompson,-0.00011248535367329641,1.0,0.0,1.0
676617,20348,Riley O'Brien,-0.00012162869231104045,1.0,0.16910000145435333,0.20509999990463257
501563,9243,Simon Castro,-0.0001240216398166044,1.0,0.0,1.0
641538,sa738963,Frank Duncan,-0.00012458773032574596,1.0,0.16110000014305115,0.24310000240802765
543803,10330,Giovanni Soto,-0.00013046502653840935,1.0,0.0,1.0
657610,17002,Trevor Hildenberger,-0.00014661584716085,1.0,0.0,1.0
663753,21541,Reiss Knehr,-0.00014928018704518653,1.0,0.16189999878406525,0.23890000581741333
621395,sa658229,Brian Holmes,-0.00015092383632177146,1.0,0.11249999701976776,0.4715000092983246
606315,sa597112,Kelvis Valerio,-0.00016616042347776836,1.0,0.12929999828338623,0.392300009727478
501697,5830,Jhan Mariñez,-0.00016727695045951025,1.0,0.0,1.0
661149,sa872742,Cristian Castillo,-0.00017271850634032534,1.0,0.1754000037908554,0.1754000037908554
595966,sa602627,John Gorman,-0.00017336039394105622,1.0,0.01860000006854534,0.9125999808311462
678692,24094,Ronny Henriquez,-0.00017566121410169451,1.0,0.17180000245571136,0.19280000030994415
641980,sa738366,Matt Pierpont,-0.00017627206881133827,1.0,0.0,1.0
668954,sa917970,Curtis Taylor,-0.00020449153762383543,1.0,0.04610000178217888,0.7831000089645386
435043,3840,Zach Duke,-0.00020709754577794308,9.259300231933594,0.0,9.259300231933594
621593,19789,Anthony Castro,-0.00020857521160301385,1.0,0.15950000286102295,0.25049999356269836
502304,3959,David Carpenter,-0.00022129470953548242,1.0,0.0,1.0
664955,sa875683,Dustin Hurlbutt,-0.00022510861302020105,1.0,0.1754000037908554,0.1754000037908554
612797,sa657825,Erick Leal,-0.00022591091169520898,1.0,0.17319999635219574,0.18619999289512634
665097,sa875866,Jacob Bodner,-0.00024012370508793006,1.0,0.0,1.0
657042,sa827462,Andrew Thome,-0.00024337577938597372,1.0,0.0,1.0
502212,9559,Austin Bibens-Dirkx,-0.0002491644905728609,1.0,0.13259999454021454,0.3765999972820282
572831,10796,Josh Edgin,-0.0002566232118868135,1.0,0.0,1.0
594747,sa549287,Logan Bawcom,-0.00026299311915568835,1.0,0.16580000519752502,0.2207999974489212
656661,sa709715,José López,-0.0002690474110931571,1.0,0.16509999334812164,0.2240999937057495
675871,sa3002591,Romario Gil,-0.0002727466550870722,1.0,0.15119999647140503,0.2892000079154968
543819,7397,Zach Stewart,-0.0002817373685094601,1.0,0.11699999868869781,0.44999998807907104
656450,sa828693,Joe Gatto,-0.00028408101399607713,1.0,0.0,1.0
664682,18105,Ryan Meisinger,-0.0003186441984567139,1.0,0.00279999990016222,0.9868000149726868
669468,sa3004701,Aaron Leasher,-0.0003300186948091884,1.0,0.16539999842643738,0.2223999947309494
656412,19874,Alex Faedo,-0.0003303645636495338,1.8518999814987183,0.0,1.8518999814987183
621129,19686,Kyle Cody,-0.0003358554984118942,1.0,0.1754000037908554,0.1754000037908554
593574,sa550522,Luis González,-0.00034294459534431256,1.0,0.02019999921321869,0.9052000045776367
682077,sa3006834,Gabe Mosser,-0.00035092844449772294,1.0,0.16910000145435333,0.20509999990463257
642524,sa737568,Derian González,-0.0003532603245535425,1.0,0.03229999914765358,0.8482999801635742
680768,sa3007609,Daniel Bies,-0.00035898342964559325,1.0,0.12300000339746475,0.421999990940094
664871,19285,Kyle Dowdy,-0.00036053858426262416,1.0,0.023499999195337296,0.8895000219345093
676898,sa3004355,Zach Draper,-0.0003613285323043197,1.0,0.14259999990463257,0.3296000063419342
621209,13849,Jon Moscot,-0.000361821251983619,1.0,0.1754000037908554,0.1754000037908554
676719,sa3004102,Gavin Wallace,-0.0003621865115413668,1.0,0.13910000026226044,0.34610000252723694
664922,sa875680,Grant Watson,-0.0003653714089709776,1.0,0.1662999987602234,0.218299999833107
518560,8037,Paul Clemens,-0.0003758521528271882,1.0,0.1665000021457672,0.2175000011920929
681517,24763,Kyle Leahy,-0.0003775923833506574,1.0,0.17180000245571136,0.19280000030994415
407890,1259,Colby Lewis,-0.0003810490297157305,1.0,0.1754000037908554,0.1754000037908554
596049,13606,Shawn Morimando,-0.00038219143344444975,1.0,0.0,1.0
596082,16209,Jake Reed,-0.0003847599595068389,1.0,0.017899999395012856,0.9158999919891357
621343,sa658605,Matt Tenuta,-0.000401600719591878,1.0,0.02669999934732914,0.8747000098228455
595411,12249,Ryan Sherriff,-0.0004368223682399517,1.8518999814987183,0.0,1.8518999814987183
462985,5088,Franklin Morales,-0.000447605152895588,1.0,0.0,1.0
429440,1727,Édgar González,-0.00045109912415488033,1.0,0.17389999330043793,0.18289999663829803
622333,sa657123,Eduar Lopez,-0.00045684213129429846,1.0,0.17229999601840973,0.19030000269412994
670350,sa918658,Steven Ridings,-0.00046198851235096063,1.0,0.1404000073671341,0.34040001034736633
656407,sa875700,Matt Esparza,-0.0004728352403090213,1.0,0.12809999287128448,0.39809998869895935
641899,sa738670,Ryan Moseley,-0.00047605963780016466,1.0,0.017000000923871994,0.9200000166893005
518445,10297,Chad Bell,-0.00048494916661556546,1.0,0.0,1.0
623437,15145,Justin Topa,-0.00048540558076408467,1.0,0.0,1.0
666673,sa917401,Melvi Acosta,-0.0004893052915891356,1.0,0.1152999997138977,0.45829999446868896
677366,sa3004717,Austin Hamilton,-0.0004957978925549404,1.0,0.1387999951839447,0.34779998660087585
607309,12675,Phil Klein,-0.000502120690337973,1.0,0.08789999783039093,0.586899995803833
660874,sa876538,Michael Gibbons,-0.000509275069684325,1.0,0.1754000037908554,0.1754000037908554
670062,22362,Julian Garcia,-0.0005111782207345011,1.0,0.17389999330043793,0.18289999663829803
640463,15158,Braden Shipley,-0.0005265096883366783,1.0,0.0,1.0
621346,sa918095,Ty Culbreth,-0.0005317181134771525,1.0,0.17329999804496765,0.18529999256134033
595939,16125,Chris Ellis,-0.0005389175234459917,1.0,0.0,1.0
656311,sa827463,Brian Clark,-0.0005536315311706797,1.0,0.0,1.0
608323,sa737808,Sean Brady,-0.0005595823316893825,1.0,0.1754000037908554,0.1754000037908554
518432,sa389775,Travis Banwart,-0.0005743471253987543,1.0,0.1754000037908554,0.1754000037908554
489150,3166,Clayton Mortensen,-0.0005772258425366753,1.0,0.0,1.0
680723,24602,Drew Rom,-0.0005772834559891779,1.0,0.16249999403953552,0.23649999499320984
663574,19926,Tony Santillan,-0.0005829469818019685,3.4200000762939453,0.6000000238418579,0.6000000238418579
624427,15492,Stephen Gonsalves,-0.000584019963085988,1.0,0.0877000018954277,0.5877000093460083
543677,14460,Matt Ramsey,-0.0005882236712707346,1.0,0.0,1.0
641672,19264,Thomas Hatch,-0.0006011701969467748,1.8518999814987183,0.0,1.8518999814987183
682034,sa3007811,Trent Fennell,-0.0006013158283023923,1.0,0.05469999834895134,0.7426999807357788
681928,sa3006770,Noah Zavolas,-0.0006209910676660099,1.0,0.1754000037908554,0.1754000037908554
621397,14741,Tyler Olson,-0.0006223451293933297,1.0,0.0,1.0
457786,6577,Anthony Vasquez,-0.0006249856537747834,1.0,0.13979999721050262,0.34279999136924744
605444,sa602629,Austin Robichaux,-0.000625424880473462,1.0,0.16529999673366547,0.2232999950647354
641420,19159,Zack Burdi,-0.0006280153884393966,1.0,0.0,1.0
660431,18592,Hector Perez,-0.0006305984356542232,1.0,0.17260000109672546,0.18860000371932983
430613,2203,Ronald Belisario,-0.0006322435699871985,1.0,0.0,1.0
663752,25388,Cody Morris,-0.0006361261683734579,1.0,0.1737000048160553,0.18369999527931213
641483,sa738313,Cale Coshow,-0.0006384298900522624,1.0,0.0,1.0
670375,sa918493,Cameron Roegner,-0.0006526071141813366,1.0,0.1581999957561493,0.25619998574256897
656235,sa829601,Cameron Bishop,-0.0006543348959037712,1.0,0.17229999601840973,0.19030000269412994
667700,sa918459,Joe Navilhon,-0.0006564757370189178,1.0,0.04349999874830246,0.7954999804496765
613317,16618,Kyle Bird,-0.0006578874922025593,1.0,0.0,1.0
670105,sa918491,Adam Atkins,-0.0006629515171195474,1.0,0.0,1.0
643550,15301,Layne Somsen,-0.0006716866635266242,1.0,0.0,1.0
656578,21298,Andre Jackson,-0.000686062929257157,1.0,0.1754000037908554,0.1754000037908554
502327,4026,Héctor Santiago,-0.0006997602208766271,1.0,0.048900000751018524,0.7699000239372253
676568,23391,Ricky Vanasco,-0.000705717101635975,1.0,0.1754000037908554,0.1754000037908554
668948,20555,Kirk McCarty,-0.0007075124022401945,1.0,0.1754000037908554,0.1754000037908554
595345,13580,Steven Okert,-0.0007202851737416155,1.0,0.0,1.0
622693,sa657710,Harold Arauz,-0.0007219918663014648,1.0,0.1662999987602234,0.218299999833107
663386,sa875780,Travis Herrin,-0.0007246078933297333,1.0,0.15539999306201935,0.2694000005722046
676744,sa915801,Tyler Stevens,-0.0007293166144877754,1.0,0.0,1.0
670990,19444,Yohan Ramírez,-0.0007308948678161983,6.6666998863220215,0.0,6.6666998863220215
673316,19609,Luke Barker,-0.0007345621307569372,1.0,0.021400000900030136,0.899399995803833
543746,9286,Rob Scahill,-0.0007354570134801902,1.0,0.0,1.0
642371,sa737032,Junior Garcia,-0.0007372847447180604,1.0,0.0,1.0
543532,9149,Tim Melville,-0.0007440859381352971,1.0,0.1754000037908554,0.1754000037908554
656762,sa828705,Andrew Morales,-0.0007467986287836516,1.0,0.0,1.0
641805,sa737826,Thaddius Lowry,-0.000747224708910472,1.0,0.12330000102519989,0.4203000068664551
474668,2540,Eric Surkamp,-0.000751221917931417,1.0,0.1754000037908554,0.1754000037908554
608650,13932,Dietrich Enns,-0.0007600698229217822,1.0,0.1023000031709671,0.5192999839782715
621106,sa658131,Zach Jemiola,-0.0007670514430406305,1.0,0.17329999804496765,0.18529999256134033
623442,sa526011,Michael Dimock,-0.000767807228969123,1.0,0.0,1.0
553859,sa504858,Miller Díaz,-0.0007719394804075771,1.0,0.0,1.0
620978,sa656021,Liarvis Breto,-0.0007728769312366768,1.0,0.0,1.0
680570,24492,Grayson Rodriguez,-0.0007879493511408023,1.0,0.1754000037908554,0.1754000037908554
641887,sa708969,Evan Mitchell,-0.0007908912581685671,1.0,0.14650000631809235,0.31150001287460327
573185,9460,Dan Straily,-0.0007912041365902567,1.0,0.1225999966263771,0.4235999882221222
623434,14033,Mike Hauschild,-0.0008001759536864795,1.0,0.04910000041127205,0.76910001039505
621591,sa656043,Alfred Gutierrez,-0.0008014665641175434,1.0,0.17399999499320984,0.18199999630451202
596026,sa599745,Johnny Magliozzi,-0.0008204526724835526,1.0,0.08049999922513962,0.6215000152587891
668560,sa919234,Yeizo Campos,-0.0008282917492970829,1.0,0.04820000007748604,0.7731999754905701
670175,sa918889,Clark Beeker,-0.0008363457099954103,1.0,0.1695999950170517,0.20260000228881836
642060,19357,Cody Sedlock,-0.0008410471934041467,1.0,0.1632000058889389,0.23319999873638153
607030,19550,Adam McCreery,-0.0008450565204985939,1.0,0.0,1.0
658792,16904,Aaron Wilkerson,-0.0008459111937050605,1.0,0.0,1.0
656529,18548,Sam Hentges,-0.0008478464805245562,1.0,0.1754000037908554,0.1754000037908554
666622,21896,Brailyn Marquez,-0.0008538052390262408,1.0,0.1754000037908554,0.1754000037908554
663326,sa875057,Ryan Clark,-0.000878140610668694,1.0,0.0,1.0
607343,sa580429,Matt Flemer,-0.0008846777288988722,1.0,0.16699999570846558,0.2150000035762787
677960,23796,Ryan Weathers,-0.000888587975286021,1.0,0.1754000037908554,0.1754000037908554
675850,sa3005351,Christian Pedrol,-0.0008931767673549313,1.0,0.1421000063419342,0.3321000039577484
670527,sa913143,Ross Vance,-0.000897594452115699,1.0,0.051100000739097595,0.7601000070571899
623471,sa659283,Justin Dillon,-0.0009059744659263399,1.0,0.16539999842643738,0.2223999947309494
572044,10387,Brooks Pounders,-0.0009221454211280823,1.0,0.0,1.0
518716,7396,Dillon Gee,-0.0009246758336628214,1.0,0.05649999901652336,0.734499990940094
592468,11694,Nick Kingham,-0.0009275686540157001,1.0,0.05209999904036522,0.7551000118255615
585691,sa542987,Luis Niebla,-0.0009303610636323246,1.0,0.14980000257492065,0.29580000042915344
434672,4544,Chris Smith,-0.0009328319163369181,1.0,0.1469999998807907,0.3089999854564667
668757,sa918295,Matt Dennis,-0.0009387036564529234,1.0,0.1606999933719635,0.24469999969005585
665894,sa916950,Luis Rijo,-0.0009399418013442468,1.0,0.1754000037908554,0.1754000037908554
669375,sa3006806,Taylor Varnell,-0.0009430204686481554,1.0,0.1754000037908554,0.1754000037908554
663894,sa3008225,Ryley Gilliam,-0.0009456932310622277,1.0,0.0,1.0
620445,17821,José Mujica,-0.0009565276185764943,1.0,0.17260000109672546,0.18860000371932983
444935,1351,Nick Hagadone,-0.0009570725392687988,1.0,0.0,1.0
681930,sa3006771,Shelby Lackey,-0.0009641229816019503,1.0,0.1754000037908554,0.1754000037908554
681942,sa3007733,Aiden McIntyre,-0.0009688041154955226,1.0,0.1678999960422516,0.21089999377727509
623447,sa659293,D.J. Brown,-0.0009698206157330395,1.0,0.0860000029206276,0.5960000157356262
502130,4080,Dan Runzler,-0.000971803768879145,1.0,0.0,1.0
676220,19766,Seth Elledge,-0.000976370825085181,1.0,0.04039999842643738,0.8104000091552734
543652,12751,Tyler Pill,-0.000982775520979026,1.0,0.13019999861717224,0.3882000148296356
607473,12452,Chasen Bradford,-0.000983800485138771,1.0,0.0,1.0
664116,sa857605,Zack Erwin,-0.0009904449901692145,1.0,0.0,1.0
656077,sa828972,Félix Paulino,-0.0009958162486567754,1.0,0.1687999963760376,0.20679999887943268
669199,19222,Lake Bachar,-0.0010085839671579552,1.0,0.16699999570846558,0.2150000035762787
592806,sa621668,Andrew Thurman,-0.0010171312777187951,1.0,0.08910000324249268,0.5810999870300293
572406,sa503437,Sam Wolff,-0.0010194479867600397,1.0,0.0,1.0
663391,sa918190,Spencer Jones,-0.0010235352607281718,1.0,0.1754000037908554,0.1754000037908554
656640,sa829565,Turner Larkins,-0.0010282218092118368,1.0,0.1518000066280365,0.28679999709129333
663741,sa915636,Evan Steele,-0.0010310291887786573,1.0,0.1754000037908554,0.1754000037908554
663372,21446,Ryan Feltner,-0.0010360675973918351,1.0,0.1754000037908554,0.1754000037908554
643329,14776,Brad Goldberg,-0.0010369141931194069,1.0,0.0,1.0
515808,sa504069,Gabriel Garcia,-0.0010383797419476234,1.0,0.1754000037908554,0.1754000037908554
477003,4424,Jonathon Niese,-0.0010414861167520805,1.0,0.15389999747276306,0.2768999934196472
661837,sa3004573,Dominic LoBrutto,-0.0010621821365811726,1.0,0.007199999876320362,0.9661999940872192
543935,9239,Alex Wilson,-0.0010630197718830296,1.0,0.0,1.0
594902,14932,Ben Lively,-0.0010700107960309843,1.0,0.0,1.0
660593,20526,Denyi Reyes,-0.0010705487853064632,1.0,0.1754000037908554,0.1754000037908554
643494,sa738686,A.J. Puckett,-0.0010839051363858616,1.0,0.1754000037908554,0.1754000037908554
666005,sa917861,Andres Sotillet,-0.0010847676708574763,1.0,0.07020000368356705,0.670199990272522
596883,sa551335,Andy Beltre,-0.0010873115966255086,1.0,0.0,1.0
543506,4878,Brandon Maurer,-0.001089457394664475,1.0,0.0,1.0
592481,sa549657,Jared Lakind,-0.0010958906322477023,1.0,0.0,1.0
669618,22296,Joe Barlow,-0.00109646174661102,1.0,0.0,1.0
516685,sa506311,Nelson Gonzalez,-0.001097820902698403,1.0,0.10019999742507935,0.52920001745224
642008,15267,Jacob Rhame,-0.001098492925346259,1.0,0.0,1.0
670428,sa918535,Tyler Erwin,-0.001103927548045658,1.0,0.0,1.0
596271,11121,Casey Lawrence,-0.0011093616051468603,1.0,0.0,1.0
641733,sa3004190,Connor Johnstone,-0.0011094790529291992,1.0,0.09350000321865082,0.5605000257492065
622506,sa657917,Marcos Molina,-0.001115509041792146,1.0,0.17319999635219574,0.18619999289512634
642067,19495,Mike Shawaryn,-0.001128739147786567,2.592600107192993,0.0,2.592600107192993
643410,15551,Mark Leiter Jr.,-0.0011340481946791317,1.0,0.0,1.0
542439,sa506313,Raul Fernandez,-0.001139859722449459,1.0,0.0,1.0
656181,sa828687,Spencer Adams,-0.0011486262519204442,1.0,0.15469999611377716,0.2727000117301941
670124,20132,Adam Oller,-0.0011514686183744178,1.0,0.1754000037908554,0.1754000037908554
534737,11350,Pat Dean,-0.0011636463328539262,1.0,0.11299999803304672,0.4690000116825104
500882,sa503616,Nestor Molina,-0.0011636555726684383,1.0,0.1754000037908554,0.1754000037908554
676879,23550,Aaron Ashby,-0.0011715460326129604,1.0,0.17389999330043793,0.18289999663829803
681902,sa3007613,Brad Case,-0.0011773585571627282,1.0,0.1754000037908554,0.1754000037908554
674461,sa3003145,Manuel Santiago,-0.0011774487678217326,1.0,0.15139999985694885,0.28839999437332153
643261,sa738368,Austin Coley,-0.0011803299557712785,1.0,0.09880000352859497,0.5357999801635742
607080,sa599194,Joel Seddon,-0.0011946371837699174,1.0,0.1111999973654747,0.4772000014781952
607951,14996,Jairo Labourt,-0.001194857808488701,1.0,0.0,1.0
657651,sa829792,Karch Kowalczyk,-0.0011973037257137645,1.0,0.0,1.0
669105,20209,Zach Muckenhirn,-0.0012060683955356173,1.0,0.0,1.0
663336,sa3006759,Aaron Shortridge,-0.0012092783514425498,1.0,0.1754000037908554,0.1754000037908554
657514,16835,Brennan Bernardino,-0.0012129703211080636,1.0,0.030899999663233757,0.8549000024795532
673820,23091,Robinson Piña,-0.0012233586663736075,1.0,0.16750000417232513,0.21250000596046448
502373,sa327830,Andrew Barbosa,-0.001238220947304894,1.0,0.06750000268220901,0.6825000047683716
607414,sa598064,Jeff Johnson,-0.001248508605674778,1.0,0.0,1.0
543942,8532,Rob Wooten,-0.0012488311430156954,1.0,0.0,1.0
681915,sa3007732,Ethan DeCaster,-0.001250603559753003,1.0,0.0,1.0
605396,12264,Colton Murray,-0.0012528011340031543,1.0,0.0,1.0
596111,sa875031,Jordan Stephens,-0.0012579809496051086,1.0,0.1453000009059906,0.3172999918460846
681935,sa3008072,Tommy Wilson,-0.001261654846247397,1.0,0.1754000037908554,0.1754000037908554
642083,15231,Aaron Slegers,-0.0012625541513762322,1.0,0.0,1.0
595219,sa549882,David Garner,-0.001276046688627802,1.0,0.0,1.0
594985,10983,Ben Rowen,-0.0012767472185968491,1.0,0.0,1.0
489265,9817,Sergio Romo,-0.0012776712310065092,24.814800262451172,0.0,24.814800262451172
669018,sa856262,Patrick Ruotolo,-0.0012848594323007839,1.0,0.0,1.0
642231,15157,Jimmy Yacabonis,-0.0012852696513886014,1.0,0.03280000016093254,0.84579998254776
676873,sa3004482,Patrick Dayton,-0.0012858104040352203,1.0,0.0,1.0
595316,sa550079,Jake McCasland,-0.001293539623563569,1.0,0.1395999938249588,0.34360000491142273
656349,sa3008127,Brett Daniels,-0.0012958311180160957,1.0,0.14890000224113464,0.29989999532699585
642601,sa737037,Oscar De La Cruz,-0.0013060672272135368,1.0,0.12139999866485596,0.4293999969959259
681402,24737,Gus Varland,-0.0013118443319393605,1.0,0.16699999570846558,0.2150000035762787
656536,sa915793,Brigham Hill,-0.0013163485440423801,1.0,0.1754000037908554,0.1754000037908554
466948,3220,Jean Machi,-0.0013241994603033684,1.0,0.0,1.0
425840,1797,Neal Cotts,-0.0013291786295734275,1.0,0.0,1.0
500872,9119,Gregory Infante,-0.001337752026026679,1.0,0.0,1.0
682081,sa3006991,Perry DellaValle,-0.0013423898951842362,1.0,0.1737000048160553,0.18369999527931213
491708,8992,Arquimedes Caminero,-0.0013478347410696668,1.0,0.0,1.0
552668,sa501975,Kraig Sitton,-0.0013514292849662215,1.0,0.03189999982714653,0.8499000072479248
517059,5744,Jose De Paula,-0.0013571753622919262,1.0,0.0,1.0
621248,17682,Ralph Garza Jr.,-0.0013585636434924,1.0,0.0,1.0
461872,7466,Anthony Swarzak,-0.0013626901475065514,1.0,0.0,1.0
670151,sa874187,Wyatt Short,-0.0013647956673486096,1.0,0.0,1.0
607665,sa546796,Dennis O'Grady,-0.001383823856797935,1.0,0.1754000037908554,0.1754000037908554
516714,14239,Dario Alvarez,-0.0013838510830807452,1.0,0.0,1.0
501645,sa455628,Leuris Gomez,-0.0013846402553832071,1.0,0.1754000037908554,0.1754000037908554
641438,15258,Shane Carle,-0.0013847725978197846,1.0,0.0,1.0
646241,18554,Enmanuel De Jesus,-0.001390917785616224,1.0,0.1754000037908554,0.1754000037908554
545332,13322,Jake Barrett,-0.0013916566020758616,1.0,0.0,1.0
664123,18384,Scott Effross,-0.0013930663854531144,1.0,0.0284000001847744,0.8664000034332275
669259,sa918327,Christian James,-0.0014164518934603372,1.0,0.1704999953508377,0.19850000739097595
664137,sa857606,Jacob Evans,-0.001422722787702514,1.0,0.04740000143647194,0.777400016784668
608707,sa621664,Joe Rogers,-0.0014368035225293704,1.0,0.06419999897480011,0.698199987411499
493247,4891,Peter Moylan,-0.0014414357559331301,1.0,0.0,1.0
608601,15006,Luis Santos,-0.0014437062382106924,1.0,0.017500000074505806,0.9175000190734863
674042,sa3008025,Paul Richan,-0.0014509790249964806,1.0,0.1754000037908554,0.1754000037908554
673858,23095,Jake Wong,-0.0014551730215959112,1.0,0.1754000037908554,0.1754000037908554
643222,sa579787,Alex Blackford,-0.001466307182584526,1.0,0.16949999332427979,0.20350000262260437
489292,sa454441,Cody Satterwhite,-0.0014838461273990382,1.0,0.0,1.0
676607,sa873263,Hunter Schryver,-0.0014865626304798665,1.0,0.0,1.0
606127,sa657482,Jose Rafael De Paula,-0.0014910337070277446,1.0,0.0,1.0
592593,11754,Justin Nicolino,-0.001493837772473242,1.0,0.11949999630451202,0.43849998712539673
661333,sa884740,Anthony Marzi,-0.0014972115046058105,1.0,0.1525000035762787,0.28349998593330383
678906,24282,Kai-Wei Teng,-0.0015124395812003853,1.0,0.17260000109672546,0.18860000371932983
643605,sa738202,Matt Whitehouse,-0.0015138099949567484,1.0,0.08529999852180481,0.5993000268936157
462956,3777,Felipe Paulino,-0.0015159355991571496,1.0,0.0,1.0
519381,7108,Pat Venditte,-0.0015409624455968163,1.0,0.0,1.0
591611,sa546553,Johan Belisario,-0.0015416558254199297,1.0,0.14720000326633453,0.30820000171661377
642028,18510,Josh Rogers,-0.0015437135777069183,1.0,0.0,1.0
670384,sa918623,Greg Belton,-0.001545231626355356,1.0,0.035599999129772186,0.8325999975204468
667373,22036,Angel Rondón,-0.0015472083871921369,1.0,0.1754000037908554,0.1754000037908554
572086,13393,Brady Rodgers,-0.0015605816256933844,1.0,0.0,1.0
680940,sa3007235,Robert Broom,-0.0015816208256160898,1.0,0.0,1.0
624418,16377,Ryan Castellani,-0.0015838171190454258,15.531900405883789,2.4000000953674316,4.2519001960754395
616623,sa652170,Edwin Fierro,-0.0015887080610299522,1.0,0.0,1.0
517448,7655,Wilfredo Boscan,-0.001593205075087755,1.0,0.03440000116825104,0.8384000062942505
678061,23809,Ray Kerr,-0.0015937475567304059,1.0,0.11490000039339066,0.45989999175071716
279571,1837,Matt Belisle,-0.0016171981778596199,1.0,0.0,1.0
429719,1841,Edwin Jackson,-0.0016207280953505008,1.0,0.14319999516010284,0.3271999955177307
659070,sa837103,Ben Bracewell,-0.0016215352774637637,1.0,0.01860000006854534,0.9125999808311462
608698,sa621679,Stephen Perakslis,-0.001622856818208826,1.0,0.0,1.0
607373,sa599283,Sean Donatello,-0.0016282126670161213,1.0,0.0,1.0
676641,23420,Beau Sulser,-0.0016334091818770975,1.0,0.09229999780654907,0.5662999749183655
455009,4759,Jonathan Broxton,-0.0016404636122393766,1.0,0.0,1.0
493157,9227,Koji Uehara,-0.0016689342233336532,1.0,0.0,1.0
543334,9121,TJ House,-0.001673217543754506,1.0,0.0,1.0
644391,sa739706,Scott Harkin,-0.0016744676106658747,1.0,0.16820000112056732,0.20919999480247498
545362,sa503159,Josh Turley,-0.0016762413372408815,1.0,0.16249999403953552,0.23649999499320984
596140,sa599160,Cole Wiper,-0.0016836336082024506,1.0,0.0,1.0
463669,sa508060,Jorge Castillo,-0.0016844277644878748,1.0,0.17249999940395355,0.18950000405311584
656831,sa829078,Matt Pearce,-0.0016867930348477586,1.0,0.1754000037908554,0.1754000037908554
571993,sa658577,Chris Nunn,-0.0016929772676856642,1.0,0.0,1.0
656913,21333,Seth Romero,-0.0016982363259771074,1.0,0.1754000037908554,0.1754000037908554
670552,sa919377,Bryan Valdez,-0.001701290745366084,1.0,0.16419999301433563,0.2282000035047531
459932,559,Hector Ambriz,-0.001701539123090441,1.0,0.1754000037908554,0.1754000037908554
605541,12586,Mike Wright Jr.,-0.0017069056967155085,1.0,0.0,1.0
519240,6612,Marc Rzepczynski,-0.0017081333485182116,1.0,0.0,1.0
683065,sa3008514,Jake Haberer,-0.0017105035708744987,1.0,0.0,1.0
677076,23631,Clayton Andrews,-0.0017115004091485615,1.0,0.0,1.0
676709,20177,Ty Tice,-0.0017169222595501063,1.0,0.0,1.0
596331,12253,Nefi Ogando,-0.0017237382162341532,1.0,0.0,1.0
664142,sa875665,Elliot Ashbeck,-0.0017286572883419388,1.0,0.10670000314712524,0.49869999289512634
676680,23443,Tom Cosgrove,-0.001744623683535633,1.0,0.1754000037908554,0.1754000037908554
571911,13395,Damien Magnifico,-0.001745314594509791,1.0,0.0,1.0
668880,sa3004455,Fred Schlichtholz,-0.0017458820818720704,1.0,0.024399999529123306,0.8853999972343445
664027,sa3004320,Vincenzo Aiello,-0.0017462378798624807,1.0,0.0,1.0
664990,sa875762,Jordan Humphreys,-0.0017477239630913168,1.0,0.1754000037908554,0.1754000037908554
666928,sa857696,Nathan Bannister,-0.0017708911971658914,1.0,0.16769999265670776,0.21170000731945038
599998,12277,Leonel Campos,-0.001773931656236125,1.0,0.0,1.0
453311,5705,Tim Lincecum,-0.0017744343439279546,1.0,0.1754000037908554,0.1754000037908554
592094,11861,Jason Adam,-0.001781035191143045,3.703700065612793,0.0,3.703700065612793
545363,10185,Jacob Turner,-0.0017836570949019861,1.0,0.04190000146627426,0.8029000163078308
594311,14665,Jandel Gustave,-0.001799283857954595,1.0,0.0,1.0
606140,sa597434,Aliangel Lopez,-0.0018066576919313934,1.0,0.11670000106096268,0.45170000195503235
458220,5280,Esmerling Vasquez,-0.0018112764896989716,1.0,0.1599999964237213,0.24799999594688416
621091,sa875770,Heath Slatton,-0.001817514407397341,1.0,0.09040000289678574,0.5753999948501587
543508,12537,Cory Mazzoni,-0.0018210787549443668,1.0,0.0,1.0
445995,3319,Arturo Lopez,-0.0018212050606535486,1.0,0.1754000037908554,0.1754000037908554
646717,sa833631,Gustavo Armas,-0.0018244541445105917,1.0,0.08190000057220459,0.6148999929428101
663385,20190,Chad Smith,-0.0018261156883895722,1.0,0.0,1.0
607222,sa599273,Tanner Chleborad,-0.0018310193426328124,1.0,0.0,1.0
677023,sa3007597,Carson Teel,-0.001832168255463593,1.0,0.14910000562667847,0.29910001158714294
510554,sa508496,Andres Ivan Meza,-0.0018350231361370234,1.0,0.17350000143051147,0.18449999392032623
642400,sa736624,Jhoan Quijada,-0.0018379441115601472,1.0,0.13930000364780426,0.34529998898506165
542664,sa506381,Aroni Nina,-0.0018385203874310872,1.0,0.0,1.0
517414,5985,Randall Delgado,-0.0018386685202433307,1.0,0.0,1.0
592630,sa658287,Ronald Peña,-0.0018424942381198301,1.0,0.0,1.0
667712,sa3006956,Austin Hansen,-0.00184964382379495,1.0,0.15459999442100525,0.2736000120639801
518927,7501,Tommy Layne,-0.0018499924017609756,1.0,0.0,1.0
594760,14934,Aaron Blair,-0.0018656572552586217,1.0,0.1754000037908554,0.1754000037908554
663735,sa3006801,Matt Frisbee,-0.0018720768396339135,1.0,0.1688999980688095,0.20589999854564667
658062,sa830119,Travis Hissong,-0.001876416220291617,1.0,0.02370000071823597,0.888700008392334
488776,9096,Jaye Chapman,-0.001877558197028482,1.0,0.00419999985024333,0.9801999926567078
644443,sa739569,Luis Ysla,-0.0018795810331852635,1.0,0.1632000058889389,0.23319999873638153
666619,21894,Gregory Santos,-0.0018872654722396568,1.0,0.1754000037908554,0.1754000037908554
669805,sa920272,Alexander Vizcaíno,-0.0018918738595384843,1.0,0.1754000037908554,0.1754000037908554
678394,23920,Brayan Bello,-0.0018965677051952757,1.0,0.1754000037908554,0.1754000037908554
663542,19924,Bryan Hudson,-0.0018972448906790444,1.0,0.16979999840259552,0.20180000364780426
598286,12575,Nick Ramirez,-0.0018986182195839477,10.370400428771973,0.0,10.370400428771973
595121,sa550217,Nick Baker,-0.0018991469284255027,1.0,0.08630000054836273,0.5942999720573425
621068,sa874967,Riley Ferrell,-0.0019001088924952643,1.0,0.0,1.0
665920,sa920823,Adams Cuevas,-0.0019003377457497592,1.0,0.0,1.0
518468,9654,Michael Blazek,-0.001901407617669475,1.0,0.0,1.0
656828,sa3002777,Jacob Patterson,-0.0019024701924231617,1.0,0.01600000075995922,0.925000011920929
622459,sa657885,Cristian Alvarado,-0.0019060186216483855,1.0,0.0,1.0
518944,sa390254,Mitch Lively,-0.0019084418905364838,1.0,0.1526000052690506,0.2825999855995178
600986,14510,Thyago Vieira,-0.001912581395549265,1.0,0.0,1.0
594943,11294,Zach Neal,-0.0019161031419399166,1.0,0.0,1.0
519263,11432,A.J. Schugel,-0.001917936624558023,1.0,0.0,1.0
543766,8110,Bryan Shaw,-0.0019211493453393375,1.0,0.0,1.0
628709,sa737451,Ofreidy Gómez,-0.0019211839840732772,1.0,0.16599999368190765,0.2199999988079071
430589,2170,Chad Qualls,-0.0019240625082165078,1.0,0.0,1.0
545357,12831,Matt Purke,-0.0019313998410615486,1.0,0.0,1.0
624421,sa187614,David Berg,-0.001931833474020444,1.0,0.0,1.0
658130,sa829919,Shane McCain,-0.0019382979514416777,1.0,0.0,1.0
641425,sa874215,Thomas Burrows,-0.001940702577977814,1.0,0.0,1.0
622747,sa657658,Eduardo Vera,-0.001942168584367371,1.0,0.16820000112056732,0.20919999480247498
448159,4279,Manny Parra,-0.0019538071670206015,1.0,0.0,1.0
621256,sa658941,Joe Shaw,-0.001960159340802804,1.0,0.05559999868273735,0.7386000156402588
594772,10962,Jake Buchanan,-0.0019638433856500395,1.0,0.0,1.0
596052,sa829290,Benton Moss,-0.0019669916466818543,1.0,0.0,1.0
592869,12691,Tyler Wilson,-0.0019880192459374828,1.0,0.06859999895095825,0.6776000261306763
665121,sa876337,Chris Powell,-0.0019895470616288265,1.0,0.0,1.0
669153,sa918255,Andrew Brown,-0.0019928511813246566,1.0,0.1687999963760376,0.20679999887943268
608355,sa653446,Yuhei Nakaushiro,-0.001992920497910983,1.0,0.0,1.0
676511,sa915740,Shane McCarthy,-0.0019999507672130677,1.0,0.1754000037908554,0.1754000037908554
682519,sa3007274,JJ Santa Cruz,-0.0020001129229198613,1.0,0.0,1.0
543328,sa503702,David Holman,-0.002001470420711813,1.0,0.12890000641345978,0.3939000070095062
543903,3993,Allen Webster,-0.002002086898619473,1.0,0.0,1.0
594582,sa608348,Yoanner Negrin,-0.0020040264898059687,1.0,0.1754000037908554,0.1754000037908554
605179,sa598307,Adam Choplick,-0.0020063714623457293,1.0,0.0,1.0
408241,1051,Jake Peavy,-0.0020078841985418667,1.0,0.1606999933719635,0.24469999969005585
681892,24993,Kody Funderburk,-0.002009740160952638,1.0,0.15950000286102295,0.25049999356269836
592093,sa824737,Ruddy Acosta,-0.002010241095665305,1.0,0.1754000037908554,0.1754000037908554
657771,sa829233,Sam Street,-0.002014339840551321,1.0,0.0,1.0
657528,sa829423,Tyler Bray,-0.0020164694808363784,1.0,0.0,1.0
622097,14371,Jake Thompson,-0.0020202430445244914,1.0,0.0,1.0
680430,24486,Nick Allgeyer,-0.00202472468448898,1.0,0.17389999330043793,0.18289999663829803
573667,sa505234,Todd Van Steensel,-0.0020271494098951202,1.0,0.053199999034404755,0.7501999735832214
592594,sa550155,Trey Nielsen,-0.0020294263589279733,1.0,0.03579999879002571,0.8317999839782715
623923,sa657837,Wil Browning,-0.0020315421277677203,1.0,0.0,1.0
407822,2047,Jorge De La Rosa,-0.002032383641128191,1.0,0.0,1.0
642664,sa737042,Wendolyn Bautista,-0.0020333311408322263,1.0,0.1347000002861023,0.3666999936103821
451470,sa198885,Mauricio Lara,-0.0020346829797571464,1.0,0.17229999601840973,0.19030000269412994
672629,22754,Gerardo Carrillo,-0.002039771595811302,1.0,0.1720999926328659,0.19110000133514404
675652,sa3005334,Matt Tabor,-0.002046116832259905,1.0,0.1754000037908554,0.1754000037908554
673380,23055,Dedniel Núñez,-0.0020577515664471045,1.0,0.17260000109672546,0.18860000371932983
669294,22248,Paul Campbell,-0.0020664855193510655,1.0,0.16369999945163727,0.23070000112056732
666022,sa883710,Jhonatan German,-0.0020669408261003164,1.0,0.0,1.0
670103,22370,Raymond Burgos,-0.0020679502244691506,1.0,0.1754000037908554,0.1754000037908554
665150,sa876264,Matt Walker,-0.002071588273108771,1.0,0.094200000166893,0.557200014591217
682446,sa3007270,Tyler Palm,-0.0020750615496161933,1.0,0.15880000591278076,0.25380000472068787
657530,sa708442,Joe Broussard,-0.0020824424825920626,1.0,0.02879999950528145,0.864799976348877
467785,5843,Radhames Liz,-0.002082864473207222,1.0,0.0,1.0
664102,sa875282,Adam Hofacket,-0.002083482967928204,1.0,0.017400000244379044,0.91839998960495
657660,sa3008577,Justin Lewis,-0.002085092021381888,1.0,0.17249999940395355,0.18950000405311584
670426,20030,Phillip Diehl,-0.0020863125287746507,14.07409954071045,0.0,14.07409954071045
663380,sa875227,Karsen Lindell,-0.0020914391767744983,1.0,0.12229999899864197,0.4253000020980835
642381,sa736925,Dedgar Jimenez,-0.0020926837399233935,1.0,0.14069999754428864,0.33869999647140503
547007,14165,Rob Whalen,-0.0020946449739773255,1.0,0.0,1.0
677360,sa3004492,Danny Sexton,-0.0020978583128831935,1.0,0.0,1.0
595926,sa598099,Jason Creasy,-0.0021094359800031626,1.0,0.0,1.0
552676,sa658305,Aaron West,-0.0021188924191626046,1.0,0.04699999839067459,0.7789999842643738
658744,sa835895,Alexander Vargas,-0.0021191798233980057,1.0,0.16369999945163727,0.23070000112056732
594848,sa549808,Casey Harman,-0.0021245797729567448,1.0,0.1754000037908554,0.1754000037908554
672848,sa3003041,Noe Toribio,-0.0021310446455173092,1.0,0.1656000018119812,0.2215999960899353
605304,12520,Erik Johnson,-0.0021342779280143034,1.0,0.1754000037908554,0.1754000037908554
477581,5157,Walter Silva,-0.00213873084487066,1.0,0.1754000037908554,0.1754000037908554
572998,11686,Josh Lucas,-0.002149242058356862,1.0,0.0,1.0
446185,3677,Logan Ondrusek,-0.0021610425218171816,1.0,0.0,1.0
663687,21520,Hogan Harris,-0.0021690426007928234,1.0,0.17000000178813934,0.20100000500679016
641587,sa737842,Trevor Frank,-0.0021691467329281533,1.0,0.0,1.0
607452,sa598476,Corey Baker,-0.0021764823188437526,1.0,0.0,1.0
674372,sa975541,Osvaldo Hernandez,-0.00217884532998505,1.0,0.16949999332427979,0.20350000262260437
624519,sa738442,Logan Shore,-0.0021828146643771864,1.0,0.16140000522136688,0.24140000343322754
650593,sa828141,Carlos Hiraldo,-0.0021877075764819287,1.0,0.08980000019073486,0.5777999758720398
674342,sa3004823,Jakob Hernandez,-0.0021996996428406087,1.0,0.01720000058412552,0.9192000031471252
670689,sa920102,Max Duval,-0.002209907635951722,1.0,0.15950000286102295,0.25049999356269836
657611,16840,Cam Hill,-0.002216701283854759,12.222200393676758,0.0,12.222200393676758
686830,sa3010256,Avery Weems,-0.0022226206864718783,1.0,0.1754000037908554,0.1754000037908554
682158,sa3007265,Cody Tyler,-0.0022240343682902574,1.0,0.0,1.0
676637,20541,Phoenix Sanders,-0.0022269481829434675,1.0,0.017500000074505806,0.9175000190734863
656904,sa829022,Jared Robinson,-0.002230327063466432,1.0,0.0,1.0
595919,sa597802,Kevin Comer,-0.0022366483419762476,1.0,0.01679999940097332,0.920799970626831
680802,24621,Ryan Weiss,-0.0022594241839320123,1.0,0.1754000037908554,0.1754000037908554
543031,8536,Tyler Cloyd,-0.0022629016536536333,1.0,0.0,1.0
607114,sa3002775,Matt Wivinis,-0.002263870526238234,1.0,0.0,1.0
607588,sa602658,Jordan Johnson,-0.0022649107378409053,1.0,0.1754000037908554,0.1754000037908554
676601,sa874231,Logan Salow,-0.002271781545777738,1.0,0.026799999177455902,0.8737999796867371
623451,14420,Jackson Stephens,-0.002274828312484224,1.0,0.0,1.0
678316,23875,Omar Cruz,-0.002286303805086592,1.0,0.1754000037908554,0.1754000037908554
606207,sa597109,Jose Valdespina,-0.002292565577364034,1.0,0.0,1.0
650537,sa920635,Chase Hodson,-0.002305562998050683,1.0,0.0,1.0
518865,1975,Josh Judy,-0.0023165775250020776,1.0,0.0,1.0
592547,11596,Deck McGuire,-0.0023172438635540166,1.0,0.044599998742341995,0.7906000018119812
643353,sa738173,Greg Harris,-0.0023188675410681894,1.0,0.0,1.0
665420,sa878421,Leovanny Rodriguez,-0.0023191815310496227,1.0,0.0,1.0
430580,2155,Alfredo Simon,-0.0023249483925819,1.0,0.1535000056028366,0.2784999907016754
573074,sa503562,R.C. Orlan,-0.002331263582434213,1.0,0.0,1.0
657246,sa915630,Ryan Nutof,-0.002337133458224997,1.0,0.0,1.0
643354,15306,Donnie Hart,-0.002339854431910033,1.0,0.0,1.0
641666,sa857676,Drew Harrington,-0.0023542133999061715,1.0,0.15600000321865082,0.2669999897480011
595441,12240,Matt Tracy,-0.002355883387082595,1.0,0.0,1.0
585132,sa795710,Raul Carrillo,-0.002358559631655386,1.0,0.1754000037908554,0.1754000037908554
676732,sa3002734,Blake Battenfield,-0.0023616350639487083,1.0,0.1754000037908554,0.1754000037908554
676194,20565,Jackson Tetreault,-0.0023627561546740944,1.0,0.1754000037908554,0.1754000037908554
447714,5746,Eric O'Flaherty,-0.002381721266341838,1.0,0.0,1.0
676603,sa3005145,Taylor Braley,-0.0024006707255797024,1.0,0.13979999721050262,0.34279999136924744
676600,sa3005028,Ethan Lindow,-0.0024019081907897563,1.0,0.15539999306201935,0.2694000005722046
664115,sa875732,Casey Bloomquist,-0.002402828069935704,1.0,0.04610000178217888,0.7831000089645386
663472,sa3007713,Jack Perkins,-0.0024028565930057613,1.0,0.16670000553131104,0.2167000025510788
543726,6819,Robbie Ross Jr.,-0.002406639037056388,1.0,0.0,1.0
676737,sa3004471,Billy Lescher,-0.002408435871697469,1.0,0.06469999998807907,0.6956999897956848
649443,sa802747,Misael Siverio,-0.0024116573608533,1.0,0.1754000037908554,0.1754000037908554
643466,16532,Harrison Musgrave,-0.002412301962743275,1.0,0.0,1.0
543169,12027,Brian Flynn,-0.0024155971274229786,1.0,0.011900000274181366,0.9438999891281128
553973,sa505053,Carlos Alvarado,-0.0024179635243632845,1.0,0.0,1.0
663436,21448,Davis Martin,-0.0024297114661275664,1.0,0.1754000037908554,0.1754000037908554
546276,10337,Edwin Escobar,-0.0024387682457985135,1.0,0.051899999380111694,0.7559000253677368
622415,sa657689,Anthony Vizcaya,-0.002440862235951215,1.0,0.03180000185966492,0.8507999777793884
665026,sa876131,Drew Hasler,-0.002442441253205625,1.0,0.025299999862909317,0.8812999725341797
501957,5279,Chris Tillman,-0.0024482146330059417,1.0,0.1754000037908554,0.1754000037908554
455376,8846,Arcenio Leon,-0.002454340439918723,1.0,0.0,1.0
675971,20334,Kyle Dohy,-0.0024606443390586792,1.0,0.0,1.0
676699,sa3004215,Seth Nordlin,-0.00246715387453899,1.0,0.17260000109672546,0.18860000371932983
676966,sa3004228,Chris Castellanos,-0.002478496800199569,1.0,0.0,1.0
666668,sa917194,Hector Yan,-0.0024856788987961797,1.0,0.16539999842643738,0.2223999947309494
657001,sa3007835,Mitch Stallings,-0.002486480689637644,1.0,0.16979999840259552,0.20180000364780426
656061,17485,Albert Abreu,-0.0024958700782195917,1.0,0.1703999936580658,0.19939999282360077
543074,sa454968,Malcom Culver,-0.0024991411825989467,1.0,0.0,1.0
667657,sa874139,Grant Dyer,-0.0025018187415749267,1.0,0.0,1.0
449173,7541,Lucas Harrell,-0.0025069435463383125,1.0,0.0,1.0
594867,11769,Myles Jaye,-0.0025089227693724852,1.0,0.0738999992609024,0.652899980545044
518961,5722,Josh Lueke,-0.0025139719020867562,1.0,0.0,1.0
592422,14914,Jason Hursh,-0.0025141219174566287,1.0,0.0,1.0
572713,sa501977,Ryan Beckman,-0.0025223738268260933,1.0,0.0,1.0
622217,13818,Chris O'Grady,-0.0025275733704401004,1.0,0.0,1.0
578910,sa529273,Logan Duran,-0.0025286946256101355,1.0,0.15469999611377716,0.2727000117301941
592296,sa550022,John Fasola,-0.0025346153806864477,1.0,0.0,1.0
676942,sa3004024,Graham Spraker,-0.002538672284990549,1.0,0.16019999980926514,0.24719999730587006
669276,19996,Dylan Lee,-0.0025437753047637137,1.0,0.0,1.0
622780,17759,Angel Perdomo,-0.0025519472394937353,1.0,0.0,1.0
621200,sa738389,Dillon McNamara,-0.002552187211954152,1.0,0.0,1.0
543144,8501,Danny Farquhar,-0.002553716022481896,1.0,0.0,1.0
676684,19769,Will Vest,-0.00255434013666659,1.0,0.0,1.0
501989,10257,Andy Oliver,-0.0025543908089471256,1.0,0.04390000179409981,0.7939000129699707
457711,9137,Sean O'Sullivan,-0.0025551311822081288,1.0,0.1671999990940094,0.2142000049352646
664044,sa3002582,Mitchell Aker,-0.002559374570978644,1.0,0.15160000324249268,0.28760001063346863
664152,sa875703,Scooter Hightower,-0.002561657141396383,1.0,0.17159999907016754,0.19359999895095825
644413,sa748442,Francys Peguero,-0.002563382442351789,1.0,0.1678999960422516,0.21089999377727509
607075,sa621594,Nick Routt,-0.0025663557958784202,1.0,0.08609999716281891,0.5950999855995178
669189,sa3008500,Levi Kelly,-0.0025770248581496115,1.0,0.1754000037908554,0.1754000037908554
543937,sa526575,Kyle Winkler,-0.0025792100627482287,1.0,0.014600000344216824,0.9315999746322632
672911,20042,Jesus Cruz,-0.0025830330736873255,1.0,0.0,1.0
488927,sa326150,Danny Gutierrez,-0.0025857172741488854,1.0,0.1754000037908554,0.1754000037908554
664157,18581,Travis Bergen,-0.0025991248937020307,1.0,0.0,1.0
518693,6832,Sam Freeman,-0.002605192923246733,3.703700065612793,0.0,3.703700065612793
430634,1886,Sean Burnett,-0.0026078800373638897,1.0,0.0,1.0
657213,sa829342,Luke Eubank,-0.002611037159084627,1.0,0.0,1.0
607457,13713,Kyle Barraclough,-0.002633852712464773,1.0,0.0,1.0
548357,10925,Christian Bergman,-0.002635503391638472,1.0,0.1421000063419342,0.3321000039577484
572089,13398,Paco Rodríguez,-0.0026359570493391144,1.0,0.0,1.0
595892,sa738235,Sam Bragg,-0.0026449385865694574,1.0,0.08789999783039093,0.586899995803833
500724,8302,JC Ramírez,-0.002658281065361833,1.0,0.0,1.0
592347,sa599217,Carlos Gonzalez,-0.0026659154743335707,1.0,0.0,1.0
596101,16132,Justin Shafer,-0.0026677941142991854,1.0,0.0,1.0
459987,3357,Cesár Ramos,-0.0026681304390774084,1.0,0.07370000332593918,0.6536999940872192
677867,sa3005259,Max Herrmann,-0.0026722412553438256,1.0,0.15649999678134918,0.2644999921321869
660508,sa872808,Norwith Gudiño,-0.0026751913325050447,1.0,0.1111999973654747,0.4772000014781952
543734,9895,Chris Rusin,-0.0026842592332072396,1.8518999814987183,0.0,1.8518999814987183
621082,19785,Jake Lemoine,-0.002694845093748679,1.0,0.0,1.0
664721,sa875720,Austin Mason,-0.0027035073498395475,1.0,0.03610000014305115,0.8300999999046326
460044,4697,Cesar Carrillo,-0.0027040470250427402,1.0,0.16349999606609344,0.23149999976158142
276351,521,Jason Grilli,-0.0027088613969246857,1.0,0.0,1.0
445177,7371,Deunte Heath,-0.0027291876836370373,1.0,0.0,1.0
623406,14200,Shae Simmons,-0.002735764468532187,1.0,0.0,1.0
612672,13071,Wei-Yin Chen,-0.0027363652889239778,1.0,0.0,1.0
666721,21956,Max Castillo,-0.0027379561780621524,1.0,0.1754000037908554,0.1754000037908554
663455,21453,Konnor Pilkington,-0.002740463599710076,1.0,0.1754000037908554,0.1754000037908554
592527,10835,Michael Mariot,-0.0027414760668955135,1.0,0.0,1.0
650656,sa837845,Luis Pena,-0.0027417239572764085,1.0,0.0,1.0
676111,sa3004661,Shawn Semple,-0.002745129666744381,1.0,0.14959999918937683,0.29660001397132874
656638,19883,Alex Lange,-0.002745256384731626,1.0,0.15209999680519104,0.2851000130176544
542316,sa506176,Braulio Lara,-0.002745644415454635,1.0,0.0,1.0
664951,sa857658,Jason Richman,-0.002751811594827453,1.0,0.0,1.0
600011,sa739598,Daniel McGrath,-0.0027549280914333707,1.0,0.1509000062942505,0.29089999198913574
572718,sa503777,Tim Berry,-0.0027574621319912717,1.0,0.0,1.0
457435,5535,Phil Coke,-0.002764176759892261,1.0,0.0,1.0
572166,sa502049,John Stilson,-0.002772437436778045,1.0,0.0,1.0
606935,sa599309,Christian Binford,-0.002775598899387041,1.0,0.1437000036239624,0.3246999979019165
664869,18213,P.J. Conlon,-0.0027775541687219993,1.0,0.12960000336170197,0.3905999958515167
669443,sa3008599,Aaron Hernandez,-0.0027782050112548223,1.0,0.16459999978542328,0.22660000622272491
571893,10637,Adam Liberatore,-0.0027915423912315204,1.0,0.0,1.0
661526,sa3006798,Eli Lingos,-0.0028020046978974355,1.0,0.1273999959230423,0.40139999985694885
516769,8476,Jenrry Mejia,-0.0028047410608348575,1.0,0.0,1.0
682670,sa3008135,Cooper Casad,-0.0028074371839448037,1.0,0.0,1.0
407878,1726,Jose Valverde,-0.0028181333325766026,1.0,0.0,1.0
630241,sa709586,Trent Szkutnik,-0.0028205174251146247,1.0,0.05209999904036522,0.7551000118255615
544150,6175,Albert Suárez,-0.0028228602816770336,1.0,0.0,1.0
623360,sa659063,Tyler Watson,-0.0028288203432622963,1.0,0.0,1.0
680735,24604,Austin Cox,-0.0028325596020422708,1.0,0.17399999499320984,0.18199999630451202
572395,sa503433,Brad Schreiber,-0.0028418152779700026,1.0,0.0,1.0
641440,sa829365,Tyler Carpenter,-0.0028560884057004456,1.0,0.1665000021457672,0.2175000011920929
595307,12235,Seth Maness,-0.002857699187504528,1.0,0.0,1.0
663319,sa875197,Craig Brooks,-0.002858446904828669,1.0,0.0,1.0
656727,sa828664,Kodi Medeiros,-0.002860960114220371,1.0,0.12330000102519989,0.4203000068664551
642530,sa737048,Luis Reyes,-0.0028780194923000418,1.0,0.10400000214576721,0.5109999775886536
663868,sa3007837,Matt Mercer,-0.002884502764837371,1.0,0.17389999330043793,0.18289999663829803
608691,sa621016,Mason Melotakis,-0.0028871988058787614,1.0,0.0,1.0
656290,19868,Drew Carlton,-0.002888042183458831,1.0,0.0,1.0
643518,sa737921,Jose Samayoa,-0.0029093281342173634,1.0,0.1754000037908554,0.1754000037908554
631226,sa737329,Juliandry Higuera,-0.002916643561981353,1.0,0.026100000366568565,0.8770999908447266
524349,sa395471,Andury Acevedo,-0.002931126978555575,1.0,0.0,1.0
682967,25348,Devin Sweet,-0.0029454638030712407,1.0,0.13910000026226044,0.34610000252723694
670159,sa918324,Carson LaRue,-0.002947135496638481,1.0,0.1703999936580658,0.19939999282360077
573009,14857,Joe Mantiply,-0.002950305332347657,1.0,0.0,1.0
434442,8245,J.P. Howell,-0.002953655418914078,1.0,0.0,1.0
489189,4004,Josh Outman,-0.002970672746456842,1.0,0.17159999907016754,0.19359999895095825
518883,10529,Dean Kiekhefer,-0.0029759635747706125,1.0,0.0,1.0
669084,22207,DL Hall,-0.0029796115352022506,1.0,0.17139999568462372,0.19439999759197235
664150,sa875794,David Owen,-0.0029869418202918166,1.0,0.0,1.0
663558,20422,Jovani Morán,-0.0029997062258665624,1.0,0.0,1.0
640453,sa738697,Connor Jones,-0.0030014823654168354,1.0,0.0,1.0
641995,16470,Roel Ramírez,-0.003002360125219051,1.0,0.06960000097751617,0.6725999712944031
451131,sa290174,Tyler Herron,-0.003009508900130825,1.0,0.1754000037908554,0.1754000037908554
593604,11812,Alberto Baldonado,-0.003010642862127777,1.0,0.0,1.0
664225,sa875211,Tommy Bergjans,-0.003024697643374291,1.0,0.16040000319480896,0.24639999866485596
667913,sa527925,Jon Sintes,-0.0030326291585407324,1.0,0.1754000037908554,0.1754000037908554
667378,sa917999,Dauris Valdez,-0.0030332051915423737,1.0,0.0,1.0
607725,sa598797,Seth Simmons,-0.0030393720209868943,1.0,0.1404000073671341,0.34040001034736633
605255,16218,Brett Graves,-0.0030464727406564734,1.0,0.0,1.0
664849,18439,Danny Young,-0.0030484538768064903,1.0,0.0,1.0
592125,sa548357,Robbie Aviles,-0.0030529544427226607,1.0,0.0,1.0
606469,sa605481,Edison Frias,-0.003064535580815216,1.0,0.07069999724626541,0.6676999926567078
543234,sa455370,Rayan González,-0.0030645572942403143,1.0,0.0,1.0
573064,9674,Vidal Nuño,-0.0030767460670631046,1.0,0.0,1.0
474699,6435,Vance Worley,-0.003092175722755272,1.0,0.12809999287128448,0.39809998869895935
544255,sa455890,Enrique Lechuga,-0.0030935618435319547,1.0,0.17260000109672546,0.18860000371932983
623474,17556,Jimmy Herget,-0.0031022576188782197,1.0,0.0,1.0
669935,22343,A.J. Alexy,-0.00310715794509873,1.0,0.1754000037908554,0.1754000037908554
622246,sa875183,Bubba Derby,-0.0031096456069734254,1.0,0.15950000286102295,0.25049999356269836
670912,22487,Johan Oviedo,-0.003113560508932837,1.0,0.17399999499320984,0.18199999630451202
642667,sa737475,Anyelo Gómez,-0.003119238367476631,1.0,0.0,1.0
682056,sa3007999,Tyler Jones,-0.0031300920208987898,1.0,0.11389999836683273,0.4648999869823456
665319,sa880382,Brady Bowen,-0.0031320776214501383,1.0,0.0,1.0
670583,sa873279,Jim McDade,-0.0031519430899598325,1.0,0.14229999482631683,0.3312999904155731
622556,sa684104,Elniery García,-0.003155980411660796,1.0,0.131400004029274,0.3824000060558319
605376,sa577706,Kyle McMyne,-0.003166885255965567,1.0,0.019500000402331352,0.9085000157356262
676661,23426,Max Lazar,-0.0031703913895043847,1.0,0.15039999783039093,0.29339998960494995
515052,11663,Mayckol Guaipe,-0.0031794178289789826,1.0,0.0,1.0
613548,sa657697,Pedro Fernandez,-0.003182510549926403,1.0,0.13300000131130219,0.375
621194,sa658514,Nick Pasquale,-0.003182725728217784,1.0,0.0,1.0
670335,sa918944,Sean Isaac,-0.00318601240447465,1.0,0.10300000011920929,0.515999972820282
430912,4732,Matt Cain,-0.003190799851393038,1.0,0.16840000450611115,0.20839999616146088
641641,sa737866,Taylor Grover,-0.003204156770414275,1.0,0.0,1.0
661832,sa875346,Danny Dopico,-0.0032139734011398745,1.0,0.0,1.0
682035,sa3006990,Bryan Menendez,-0.0032178669104800306,1.0,0.016699999570846558,0.9217000007629395
605302,sa738439,Jason Jester,-0.003221598703563768,1.0,0.0,1.0
500279,sa503650,Jonathan Vargas,-0.003223314811053405,1.0,0.1754000037908554,0.1754000037908554
682051,25097,Garrett Hill,-0.0032296022421521267,1.0,0.1754000037908554,0.1754000037908554
663809,sa875209,Ian Oxnevad,-0.003229922123699465,1.0,0.1678999960422516,0.21089999377727509
642520,19835,Gerson Garabito,-0.0032302784945749366,1.0,0.1754000037908554,0.1754000037908554
664144,sa875297,Jon Olczak,-0.0032394437336815615,1.0,0.0,1.0
656701,sa915622,Kade McClure,-0.003246200075515068,1.0,0.1754000037908554,0.1754000037908554
456071,5057,Yohan Flande,-0.003247995687069204,1.0,0.0,1.0
518790,10302,Chris Heston,-0.003250518277256337,1.0,0.094200000166893,0.557200014591217
622256,17792,Patrick Weigel,-0.003251023966797922,1.8518999814987183,0.0,1.8518999814987183
605184,sa827389,Trey Cochran-Gill,-0.003252018164755878,1.0,0.0333000011742115,0.8432999849319458
674478,sa977116,Luis Payan,-0.0032527268999029456,1.0,0.14419999718666077,0.3222000002861023
543496,sa455420,Jarret Martin,-0.003257304214547928,1.0,0.0,1.0
571863,13420,Matt Koch,-0.0032605014203808125,1.0,0.0,1.0
434137,6166,Logan Kensing,-0.003261731330132334,1.0,0.0,1.0
661527,21045,Seth Martinez,-0.003262882743425325,1.0,0.0,1.0
636520,sa731235,Kyle Schepel,-0.0032664651553016358,1.0,0.0,1.0
593977,sa550714,Johendí Jiminian,-0.0032705830817382716,1.0,0.14110000431537628,0.33709999918937683
663996,sa875301,Nicholas Economos,-0.0032810784220298453,1.0,0.16930000483989716,0.20430000126361847
664785,sa872726,Tom Hackimer,-0.003290047414031827,1.0,0.0,1.0
605489,sa599215,Scott Squier,-0.0032952263909043697,1.0,0.0,1.0
571946,10197,Shelby Miller,-0.0032957385945536826,9.323699951171875,1.2000000476837158,4.163000106811523
643256,15288,Adam Cimber,-0.0032957524087698755,20.370399475097656,0.0,20.370399475097656
643477,sa738460,Travis Ott,-0.0033004254546620945,1.0,0.0333000011742115,0.8432999849319458
489180,sa550026,William Oliver,-0.003301996089261806,1.0,0.1754000037908554,0.1754000037908554
675963,sa3007721,Josh Roberson,-0.003306907696097563,1.0,0.1754000037908554,0.1754000037908554
595235,12232,Cody Hall,-0.003307852093656204,1.0,0.0,1.0
642590,sa736833,Francisco Rios,-0.0033120895127571955,1.0,0.025100000202655792,0.882099986076355
621594,sa656048,Eudis Idrogo,-0.003314161145577265,1.0,0.12950000166893005,0.39149999618530273
677424,sa3004606,Trevor Charpie,-0.0033142674583774134,1.0,0.0,1.0
670701,sa920466,Colton Thomson,-0.003314566649689248,1.0,0.0,1.0
606716,sa597557,Luis Mateo,-0.00331579807167362,1.0,0.15950000286102295,0.25049999356269836
650668,20739,Humberto Mejía,-0.0033187989031195427,1.0,0.16599999368190765,0.2199999988079071
650959,17583,Marcos Diplán,-0.0033203928635295076,1.0,0.09120000153779984,0.5712000131607056
676987,sa3004713,Tim Naughton,-0.0033220713031795975,1.0,0.0,1.0
543380,13119,Taylor Jungmann,-0.003324945685582352,1.0,0.0,1.0
642041,sa873262,Zac Ryan,-0.0033266507089569526,1.0,0.0,1.0
666697,sa917821,Luis Ramirez,-0.0033284970192711473,1.0,0.05389999970793724,0.7469000220298767
676528,sa3004743,Tyler Jackson,-0.0033335539136071634,1.0,0.1103999987244606,0.4814000129699707
502087,11240,Kevin Chapman,-0.0033351848426693663,1.0,0.0,1.0
593577,sa547827,Miguel Nunez,-0.0033355230466007614,1.0,0.05350000038743019,0.7484999895095825
595260,sa550364,Dusty Isaacs,-0.003336552342452113,1.0,0.0,1.0
502695,sa554616,Ryan Kussmaul,-0.003336980849338931,1.0,0.15950000286102295,0.25049999356269836
606294,sa597430,Oriel L Caicedo,-0.0033408911923676525,1.0,0.14470000565052032,0.3197000026702881
643239,sa738946,Parker Bugg,-0.003341067567219632,1.0,0.0,1.0
664687,sa3007959,Durbin Feltman,-0.0033415531893982394,1.0,0.0,1.0
458730,9926,Bobby Parnell,-0.003344194362722701,1.0,0.0,1.0
682448,sa3007818,Jackson Rees,-0.0033451783720825704,1.0,0.0,1.0
594959,sa548326,Blake Perry,-0.0033525825982041115,1.0,0.0,1.0
670164,sa915635,Jesse Stallings,-0.0033603536619043325,1.0,0.0,1.0
664830,sa875272,Logan Sendelbach,-0.003370417279309827,1.0,0.0560000017285347,0.7369999885559082
665059,sa857554,Mike Wallace,-0.003371132528787733,1.0,0.14790000021457672,0.30489999055862427
642758,17092,Domingo Acevedo,-0.003372509205631828,1.0,0.0,1.0
457768,10234,Bryan Morris,-0.003372590971122381,1.0,0.0,1.0
444436,7474,Ryan Webb,-0.0033783822992950645,1.0,0.0,1.0
670046,20009,Kenny Rosenberg,-0.003383852074690951,1.0,0.15839999914169312,0.25540000200271606
593333,sa550547,Esmerling De La Rosa,-0.003390964246152235,1.0,0.07540000230073929,0.6453999876976013
621032,sa827154,Kenny Koplove,-0.0033997584549349566,1.0,0.0,1.0
676662,sa3004213,Alex Manasa,-0.0034002077978269717,1.0,0.1754000037908554,0.1754000037908554
665067,sa876023,Jack Charleston,-0.0034024192579921175,1.0,0.0,1.0
672865,sa3003045,Alfredo Garcia,-0.0034026748557896246,1.0,0.1754000037908554,0.1754000037908554
670456,19548,JD Hammer,-0.0034049628867663406,1.0,0.0,1.0
681808,24935,Chris Vallimont,-0.003411523627561709,1.0,0.1754000037908554,0.1754000037908554
676298,sa3005162,Frank Rubio,-0.003416823598548622,1.0,0.0,1.0
677012,sa3004362,Jonathan Cheshire,-0.003418093180299725,1.0,0.0,1.0
676083,23301,Janson Junk,-0.003428474223897105,1.0,0.15649999678134918,0.2644999921321869
592874,sa549785,Tom Windle,-0.003434673928732386,1.0,0.0,1.0
453380,sa392227,Roy Merritt,-0.0034357785787791115,1.0,0.1754000037908554,0.1754000037908554
669740,sa917950,Travis MacGregor,-0.003436180650595301,1.0,0.1754000037908554,0.1754000037908554
642681,sa795280,Erasmo Pinales,-0.0034476992081690127,1.0,0.0,1.0
493200,18719,Seunghwan Oh,-0.0034607022944972464,1.0,0.0,1.0
607316,sa598434,Tyson Perez,-0.003462258648356295,1.0,0.035100001841783524,0.835099995136261
642420,sa830278,Randy Valladares,-0.00346543361618684,1.0,0.0,1.0
680701,24590,John Rooney,-0.003466850998948695,1.0,0.1754000037908554,0.1754000037908554
664275,sa872824,Pedro Vasquez,-0.0034688636288288184,1.0,0.17190000414848328,0.19189999997615814
656818,18376,Connor Overton,-0.0034705512823964956,1.0,0.0,1.0
623204,sa658128,Daniel Minor,-0.003482904544399571,1.0,0.1754000037908554,0.1754000037908554
663686,sa3007958,Cody Deason,-0.0034859393334312296,1.0,0.16369999945163727,0.23070000112056732
665053,sa876058,Nick Fanti,-0.0034930122951290186,1.0,0.1754000037908554,0.1754000037908554
657710,sa829657,Adam Parks,-0.003506631092073237,1.0,0.0,1.0
572064,sa501947,Jorge Reyes,-0.0035187423880550144,1.0,0.16699999570846558,0.2150000035762787
663793,sa875017,Dakota Chalmers,-0.0035226407760191097,1.0,0.1754000037908554,0.1754000037908554
670081,sa918353,Scott Engler,-0.0035237023296258163,1.0,0.048900000751018524,0.7699000239372253
674370,23150,Osvaldo Bido,-0.003539423948213046,1.0,0.1754000037908554,0.1754000037908554
606226,sa597505,Angel Ventura,-0.003548131353884644,1.0,0.05950000137090683,0.7204999923706055
667236,sa3007464,Kyle Glogoski,-0.0035517930509256375,1.0,0.16110000014305115,0.24310000240802765
657518,sa829631,Matt Blackham,-0.0035548108300158562,1.0,0.0,1.0
605528,13128,Jason Wheeler,-0.0035551639603852467,1.0,0.0,1.0
607216,13707,Joey Krehbiel,-0.0035648583902644073,1.0,0.0,1.0
672391,20061,Kaleb Ort,-0.0035664103387628267,1.0,0.0,1.0
276542,1437,Joaquín Benoit,-0.0035696622337364663,1.0,0.0,1.0
573244,8421,Adam Wilk,-0.003580848609721541,1.0,0.08879999816417694,0.5827999711036682
668203,sa3007718,Layne Henderson,-0.003583981138139073,1.0,0.0,1.0
665335,sa827396,Jacob Dorris,-0.0035913409618514433,1.0,0.0,1.0
650654,sa828598,Cristopher Molina,-0.003591605167298062,1.0,0.16910000145435333,0.20509999990463257
593619,12178,Domingo Tapia,-0.0035931851036540823,1.0,0.018200000748038292,0.9142000079154968
670866,sa921224,Ryan Atkinson,-0.003597602541473577,1.0,0.0,1.0
465701,sa294505,Marlon Arias,-0.003604086240742469,1.0,0.1754000037908554,0.1754000037908554
606945,sa578783,Lindsey Caughel,-0.0036095281999496067,1.0,0.09539999812841415,0.5514000058174133
668881,22182,Hunter Greene,-0.003617018825084528,1.0,0.1754000037908554,0.1754000037908554
462515,6697,Miguel Socolovich,-0.0036241610038552086,1.0,0.0,1.0
572283,10636,Madison Younginer IV,-0.0036255289795408367,1.0,0.0,1.0
666130,sa917925,Jay Groome,-0.003631015826444835,1.0,0.1754000037908554,0.1754000037908554
664875,17639,Justin Lawrence,-0.0036331786800917697,1.0,0.0,1.0
649228,sa3001059,Jorge Martinez,-0.003633620210327161,1.0,0.17389999330043793,0.18289999663829803
642229,15179,Daniel Wright,-0.003638506748859995,1.0,0.08330000191926956,0.608299970626831
623913,14382,Wei-Chung Wang,-0.0036454326881781517,1.0,0.0,1.0
668672,sa873691,Brett Adcock,-0.0036474670229948696,1.0,0.16840000450611115,0.20839999616146088
656458,21290,Lucas Gilbreath,-0.0036486527454691084,1.0,0.1754000037908554,0.1754000037908554
621402,sa658332,Shane Dawson,-0.0036494142726384506,1.0,0.15950000286102295,0.25049999356269836
670908,sa3002917,Rafael Kelly,-0.0036559408798279075,1.0,0.16110000014305115,0.24310000240802765
642857,sa737676,Yapson Gomez,-0.003663276432476563,1.0,0.0,1.0
605891,sa597316,Luis Rico,-0.0036700894694000246,1.0,0.0,1.0
657248,21366,Glenn Otto Jr.,-0.0036704301561684308,1.0,0.16840000450611115,0.20839999616146088
519085,3855,Brett Oberholtzer,-0.0036737448783045966,1.0,0.010400000028312206,0.9513999819755554
677316,sa3008387,Damon Casetta-Stubbs,-0.0036743130255684655,1.0,0.17069999873638153,0.19769999384880066
669944,sa918587,Kevin Hill,-0.0036743727932519944,1.0,0.0,1.0
595873,sa920186,Brady Anderson,-0.003675689650112623,1.0,0.14259999990463257,0.3296000063419342
664935,sa875342,Domenic Mazza,-0.0036842648735385536,1.0,0.15790000557899475,0.2578999996185303
664573,sa874248,Oddy Nunez,-0.0036844693158754847,1.0,0.1754000037908554,0.1754000037908554
621592,19642,Eduardo Jiménez,-0.0036943795003333293,1.0,0.0,1.0
625971,sa701548,Willy Ortiz,-0.0036993502085216727,1.0,0.1096000000834465,0.4846000075340271
668687,20329,Andre Scrubb,-0.0037097918819224947,1.0,0.03370000049471855,0.84170001745224
642380,sa828710,Jhenderson Hurtado,-0.0037161899934034914,1.0,0.10509999841451645,0.5060999989509583
642669,sa736868,Yeison Medina,-0.0037170907403586487,1.0,0.0,1.0
606931,sa598103,Evan Beal,-0.0037236591177332175,1.0,0.0,1.0
645521,sa743088,Troy Neiman,-0.003726245851226514,1.0,0.0,1.0
514981,6238,Diego Moreno,-0.003734744405052161,1.0,0.0,1.0
542289,9266,Daniel Corcino,-0.0037422669712777706,1.0,0.0,1.0
664245,sa918792,Trevor Simms,-0.0037507374287092956,1.0,0.07530000060796738,0.6463000178337097
640441,sa737438,Trey Ball,-0.0037511200630473834,1.0,0.02319999970495701,0.8912000060081482
592120,14812,Barrett Astin,-0.003757381538409349,1.0,0.0,1.0
452061,99,Zach Phillips,-0.0037576209439796645,1.0,0.0,1.0
430673,7986,Ramon E Ramirez,-0.0037596685376086007,1.0,0.0,1.0
596074,17987,Bobby Poyner,-0.0037623808371621994,1.0,0.029999999329447746,0.859000027179718
517062,sa508100,Juan Pablo Oramas,-0.00376921660370278,1.0,0.1754000037908554,0.1754000037908554
665842,sa917830,Orlandy Navarro,-0.0037768266091766163,1.0,0.13300000131130219,0.375
572687,sa503277,Tristan Archer,-0.0037801529207642697,1.0,0.03420000150799751,0.8392000198364258
621173,sa658002,Dylan Baker,-0.0037839258020601623,1.0,0.0,1.0
656241,sa830501,Colby Blueberg,-0.0037871409592255814,1.0,0.0,1.0
550339,sa508063,Irwin Delgado,-0.003788958678158706,1.0,0.16949999332427979,0.20350000262260437
407924,8725,Manny Acosta,-0.003799187792170479,1.0,0.0,1.0
657585,16866,Reed Garrett,-0.003799957624654557,1.0,0.0,1.0
669789,sa919895,Willy Collado,-0.003801333889086166,1.0,0.0,1.0
608096,sa578922,Beck Wheeler,-0.0038021026687397857,1.0,0.03579999879002571,0.8317999839782715
677420,sa3004801,Walter Borkovich,-0.003805705131274189,1.0,0.09740000218153,0.5424000024795532
671288,sa3004648,Seth Corry,-0.003807997137569071,1.0,0.17399999499320984,0.18199999630451202
595231,sa550008,Ben Griset,-0.0038154447867828722,1.0,0.06260000169277191,0.7056000232696533
674944,20045,Sean Guenther,-0.003816193036115901,1.0,0.055799998342990875,0.7378000020980835
681564,sa3006825,Alex Royalty,-0.0038237517750568627,1.0,0.17399999499320984,0.18199999630451202
444836,6248,Aaron Laffey,-0.0038265860936386137,1.0,0.0,1.0
571751,sa502697,Jordan Harrison,-0.0038266480730920613,1.0,0.0,1.0
456149,sa508712,Alejandro Astorga,-0.003831155901770189,1.0,0.1704999953508377,0.19850000739097595
623402,13946,Tim Peterson,-0.003831389091605964,1.0,0.0,1.0
656738,18854,Ben Meyer,-0.003834192886906157,1.0,0.0,1.0
669724,22304,Brenan Hanifee,-0.003839201730003004,1.0,0.17229999601840973,0.19030000269412994
664172,sa875972,Keegan Long,-0.0038416001800111368,1.0,0.0,1.0
664904,sa875299,Josh Roeder,-0.003843448275574636,1.0,0.12460000067949295,0.4146000146865845
669169,22224,Jonathan Heasley,-0.0038443589157521204,1.0,0.16699999570846558,0.2150000035762787
650608,sa828365,Gabriel Valdez,-0.003851253860796464,1.0,0.08529999852180481,0.5993000268936157
656744,sa827467,Jared Miller,-0.003856861280619222,1.0,0.0,1.0
656196,sa829470,Argenis Angulo,-0.0038627185406380953,1.0,0.015399999916553497,0.9273999929428101
676860,sa3004599,Joe Cavallaro,-0.0038660308017467045,1.0,0.1096000000834465,0.4846000075340271
656377,sa829656,Bryan Dobzanski,-0.003868578811680555,1.0,0.01860000006854534,0.9125999808311462
656543,sa829024,Gage Hinsz,-0.0038702670981343615,1.0,0.1737000048160553,0.18369999527931213
572025,sa501449,Miguel Pena,-0.0038744679361922456,1.0,0.14249999821186066,0.3305000066757202
605495,sa599334,Wyatt Strahan,-0.0038772723718752166,1.0,0.02250000089406967,0.8945000171661377
621377,sa657974,Tyler Pike,-0.0038846781822057712,1.0,0.0364999994635582,0.828499972820282
663533,sa876164,Tyler Watson,-0.003892454198170889,1.0,0.16609999537467957,0.2190999984741211
453222,888,Scott Carroll,-0.0039040011278437398,1.0,0.0,1.0
681464,24750,Frank German,-0.003912810838372452,1.0,0.17329999804496765,0.18529999256134033
592614,15627,Dillon Overton,-0.00391329675531586,1.0,0.06539999693632126,0.6923999786376953
664584,19940,Jhon Romero,-0.0039144418748403974,1.0,0.0,1.0
623982,sa659458,Kurt Spomer,-0.003916356374523317,1.0,0.0,1.0
670841,sa920921,Jayson McKinley,-0.003917790469326721,1.0,0.0,1.0
593374,sa550675,Fernando Baez,-0.003928304942582783,1.0,0.06650000065565109,0.6875
666502,sa3005060,Marcelo Martinez,-0.0039315801066826155,1.0,0.15770000219345093,0.25870001316070557
605328,sa577012,Mitch Lambson,-0.003932908206739761,1.0,0.1754000037908554,0.1754000037908554
676891,sa3004602,Alex FaGalde,-0.003944284354523261,1.0,0.17389999330043793,0.18289999663829803
680758,sa3008227,Michael Byrne,-0.003947480948430703,1.0,0.08630000054836273,0.5942999720573425
664063,sa875772,Stephan Meyer,-0.003947842975025072,1.0,0.17299999296665192,0.18700000643730164
502462,4858,Ryan Kelly,-0.003956200011782477,1.0,0.0,1.0
657661,sa829666,Zach Lewis,-0.003960254749076629,1.0,0.15790000557899475,0.2578999996185303
642840,16459,Joe Harvey,-0.003960959364223878,1.0,0.0,1.0
593582,12962,Abel De Los Santos,-0.003962990164964127,1.0,0.0,1.0
622075,15068,Yency Almonte,-0.0039736728748931815,14.07409954071045,0.0,14.07409954071045
628708,14416,Yunior Marte,-0.003981743519548352,1.0,0.0,1.0
572119,10029,Patrick Schuster,-0.0039841006056288795,1.0,0.0,1.0
518833,7560,Colt Hynes,-0.004002847873507221,1.0,0.0,1.0
477569,4971,Fernando Salas,-0.0040094154286423505,1.0,0.0,1.0
624575,sa659907,Joshua Torres,-0.004013973632016714,1.0,0.014600000344216824,0.9315999746322632
668600,sa919042,Sergio Pacheco,-0.004015931067605947,1.0,0.1356000006198883,0.3625999987125397
602718,sa596959,Daury Torrez,-0.004018346219142543,1.0,0.06700000166893005,0.6850000023841858
670366,sa918846,Mark Zimmerman,-0.004019393243740963,1.0,0.1754000037908554,0.1754000037908554
554374,15603,Ariel Hernández,-0.004024053562974455,1.0,0.0,1.0
670921,sa921578,Enmanuel Solano,-0.004028923172021613,1.0,0.1687999963760376,0.20679999887943268
542609,3895,Enrique Burgos,-0.004031922991267721,1.0,0.0,1.0
592340,11712,Erik Goeddel,-0.004034581718286287,1.0,0.0,1.0
457567,9832,Carlos Fisher,-0.004035189352066636,1.0,0.0,1.0
572102,10039,Keyvius Sampson,-0.004043696452340912,1.0,0.04019999876618385,0.8112000226974487
675977,sa3004584,Drew Strotman,-0.004061068246616582,1.0,0.1754000037908554,0.1754000037908554
627262,14449,Chris Smith,-0.004072098440440257,1.0,0.0,1.0
571035,13331,William Cuevas,-0.004077855444359473,1.0,0.02070000022649765,0.9027000069618225
622490,14399,Robinson Leyer,-0.004086303355046799,1.0,0.01769999973475933,0.916700005531311
622353,sa657843,Ramon Santos,-0.004087375268273829,1.0,0.04179999977350235,0.8037999868392944
663393,sa875616,Justin Donatella,-0.004087971634908247,1.0,0.14839999377727509,0.30239999294281006
605441,15007,Yacksel Ríos,-0.004088469799372974,1.0,0.0,1.0
572952,sa503669,Jake Johansen,-0.004093911328000348,1.0,0.0,1.0
593580,sa550679,Dario Beltre,-0.004095128242412623,1.0,0.0,1.0
681838,sa3006830,Dallas Litscher,-0.004108882736710744,1.0,0.16979999840259552,0.20180000364780426
622576,sa657740,Juan Martinez,-0.0041136981855943566,1.0,0.041200000792741776,0.8062000274658203
676644,sa874197,Stephen Villines,-0.004119745036134964,1.0,0.0,1.0
642508,sa737066,Jesus Zambrano,-0.00412057899559381,1.0,0.017000000923871994,0.9200000166893005
433586,2873,Santiago Casilla,-0.004121058989226168,1.0,0.0,1.0
592242,sa548492,Jacob Dahlstrand,-0.004126713102458688,1.0,0.11509999632835388,0.45910000801086426
641329,19804,Bryan Baker,-0.004131024443354204,1.0,0.0,1.0
656889,sa827471,Jeremy Rhoades,-0.00413493730911905,1.0,0.0,1.0
670220,sa919034,Kevin Malisheski,-0.004135010789016036,1.0,0.1678999960422516,0.21089999377727509
571439,13401,R.J. Alvarez,-0.004135358209996096,1.0,0.0,1.0
681994,sa3007254,Ryan Tapani,-0.004141358625645925,1.0,0.12139999866485596,0.4293999969959259
676191,sa3004944,John Swanda,-0.004142076799928927,1.0,0.1754000037908554,0.1754000037908554
592130,11388,Danny Barnes,-0.004146296054994162,1.0,0.0,1.0
460701,4089,James Russell,-0.004151113936490496,1.0,0.0,1.0
456167,11132,A.J. Griffin,-0.004152242042556443,1.0,0.16329999268054962,0.23229999840259552
621350,14353,Caleb Frare,-0.004153694311152216,1.0,0.0,1.0
664165,sa945471,Cameron Mingo,-0.0041645128669196094,1.0,0.15469999611377716,0.2727000117301941
606234,sa597196,Carlos Diaz,-0.004166044826838343,1.0,0.0,1.0
621058,17553,Andrew Moore,-0.004171887718284528,1.0,0.1754000037908554,0.1754000037908554
642196,sa737935,Jonah Wesely,-0.004172298954562975,1.0,0.0,1.0
669728,sa915807,Dakota Mekkes,-0.004176513682612478,1.0,0.0,1.0
643297,15928,Cody Ege,-0.00417793478094123,1.0,0.0,1.0
669209,sa918392,Will Hibbs,-0.004180739302352809,1.0,0.0,1.0
591693,16086,Edubray Ramos,-0.004186681227242441,1.0,0.0,1.0
592189,sa548243,Yordy Cabrera,-0.004188054931068931,1.0,0.0649000033736229,0.6948999762535095
621048,sa659265,Nolan Long,-0.004191308927789365,1.0,0.019999999552965164,0.906000018119812
670119,sa918420,Connor Grey,-0.0042038524947610794,1.0,0.07649999856948853,0.640500009059906
642012,sa840024,Nolan Riggs,-0.004204873547626395,1.0,0.0,1.0
471822,3397,Jumbo Diaz,-0.004205087927874266,1.0,0.0,1.0
606981,sa875269,Darin Gillies,-0.0042051325261302334,1.0,0.018200000748038292,0.9142000079154968
660717,sa873220,Wennington Romero,-0.004209243118534381,1.0,0.1754000037908554,0.1754000037908554
669690,sa3008261,Blake Rivera,-0.0042145407905832075,1.0,0.17319999635219574,0.18619999289512634
677205,sa3004233,Durin O'Linger,-0.004215913767616859,1.0,0.0957999974489212,0.5497999787330627
678713,sa3005692,Efrain Contreras,-0.0042203815368248515,1.0,0.17249999940395355,0.18950000405311584
656809,sa829049,Emilio Ogando,-0.00425267632307846,1.0,0.03720000013709068,0.8252000212669373
641974,sa3008595,Alex Phillips,-0.004256646503351862,1.0,0.01769999973475933,0.916700005531311
676804,sa3004475,Jake Dahlberg,-0.004257159455648924,1.0,0.17329999804496765,0.18529999256134033
669910,sa918371,Jake Winston,-0.0042605681663812405,1.0,0.09279999881982803,0.5637999773025513
493256,sa328310,Alessandro Maestri,-0.00426204759936351,1.0,0.1754000037908554,0.1754000037908554
621333,sa3004441,Ivan Pelaez,-0.004268457818462101,1.0,0.05490000173449516,0.7419000267982483
595237,sa549980,Ryan Halstead,-0.00427974150716535,1.0,0.08609999716281891,0.5950999855995178
667515,sa3003994,Evan Guillory,-0.00429188801493224,1.0,0.17090000212192535,0.19689999520778656
663745,sa3008597,Joe DeMers,-0.004293911037945894,1.0,0.15209999680519104,0.2851000130176544
487675,4168,Edward Paredes,-0.0042996258717507485,1.0,0.0,1.0
668820,22175,Max Kranick,-0.004305419432635349,1.0,0.1754000037908554,0.1754000037908554
657670,16877,Greg Mahle,-0.0043082813860440055,1.0,0.0,1.0
676775,23499,Keaton Winn,-0.004316096968398165,1.0,0.16539999842643738,0.2223999947309494
670125,sa918447,Jonathan Hennigan,-0.004327027584424706,1.0,0.0,1.0
571787,7725,David Holmberg,-0.00433309694220782,1.0,0.08720000088214874,0.5902000069618225
595413,sa550328,Kenneth Sigman,-0.0043401181577388285,1.0,0.16529999673366547,0.2232999950647354
641732,sa709717,Michael Johnson,-0.004342637934980027,1.0,0.03370000049471855,0.84170001745224
346798,739,Kyle Lohse,-0.004344871141896957,1.0,0.1754000037908554,0.1754000037908554
621088,sa658824,Bryan Bonnell,-0.004347940968719976,1.0,0.016100000590085983,0.9240999817848206
670065,sa918196,Trevor Lane,-0.004348105571226938,1.0,0.0,1.0
605333,12562,Jack Leathersich,-0.004350392344067846,1.0,0.0,1.0
656927,sa3007456,Ricky Salinas,-0.0043613802026849745,1.0,0.1754000037908554,0.1754000037908554
519294,10285,Josh Smoker,-0.00436380864343303,1.0,0.0,1.0
595337,sa550244,El'Hajj Muhammad,-0.004364399976743908,1.0,0.0,1.0
665939,sa917324,Elio Serrano,-0.0043799869832775755,1.0,0.15950000286102295,0.25049999356269836
677691,sa3005352,Jose Olague,-0.00438319127139303,1.0,0.1754000037908554,0.1754000037908554
642063,sa857572,Austin Sexton,-0.004385814856041594,1.0,0.018799999728798866,0.9118000268936157
665134,sa857686,Tate Scioneaux,-0.0043860016288669096,1.0,0.0,1.0
641889,sa738506,Dalton Moats,-0.004393165048891001,1.0,0.035100001841783524,0.835099995136261
621154,sa658278,Luc Rennie,-0.004393347783280667,1.0,0.17260000109672546,0.18860000371932983
676401,sa3004664,Ryan Dease,-0.004396445531571909,1.0,0.17249999940395355,0.18950000405311584
607226,sa599231,Justin Kamplain,-0.004399815275462609,1.0,0.0,1.0
670299,sa918774,Matt Smith,-0.004401751592396447,1.0,0.1662999987602234,0.218299999833107
664846,sa875206,Andre Davis,-0.004402850910274334,1.0,0.17180000245571136,0.19280000030994415
595389,sa550321,David Roseboom,-0.004410302468628877,1.0,0.0,1.0
622370,sa659746,Greyfer Eregua,-0.004415352456548799,1.0,0.1460999995470047,0.31310001015663147
664999,sa875625,Anthony McIver,-0.004419447735301259,1.0,0.0,1.0
642511,sa828154,Arnaldo Hernandez,-0.004420233429021758,1.0,0.17260000109672546,0.18860000371932983
643325,15542,Chad Girodo,-0.004427077645110235,1.0,0.0,1.0
608327,sa829277,Matthew Crownover,-0.004438590791384163,1.0,0.1704999953508377,0.19850000739097595
276520,978,Bronson Arroyo,-0.004440159810158864,1.0,0.1754000037908554,0.1754000037908554
519246,sa389212,Andres Santiago,-0.004447126976424237,1.0,0.12349999696016312,0.4194999933242798
657663,sa829197,Gabriel Llanes,-0.004447343822887562,1.0,0.17389999330043793,0.18289999663829803
661563,21052,Luis Gil,-0.004448384885025031,1.0,0.1754000037908554,0.1754000037908554
642226,16452,Matt Wotherspoon,-0.004459695442570655,1.0,0.0,1.0
592238,11366,Brandon Cumpton,-0.004459769243183539,1.0,0.0,1.0
666563,sa919323,Jeff Singer,-0.004462502627295711,1.0,0.0,1.0
664101,sa876290,Blake Rogers,-0.004471485820059028,1.0,0.02810000069439411,0.8680999875068665
642637,sa737486,Adonis Uceta,-0.00447741221540759,1.0,0.020899999886751175,0.9018999934196472
464416,6955,Yohan Pino,-0.004484568986590179,1.0,0.04839999973773956,0.7724000215530396
453249,6865,Jeff Manship,-0.0044955144558535,1.0,0.0,1.0
660422,17505,Jorge Guzmán,-0.004497381470121251,1.0,0.17399999499320984,0.18199999630451202
643400,16537,Dusten Knight,-0.004506520539966425,1.0,0.023499999195337296,0.8895000219345093
681588,sa3005462,Luis Nova,-0.004512033715216276,1.0,0.15320000052452087,0.2802000045776367
682175,25178,Joe Jacques,-0.004514552222009246,1.0,0.038600001484155655,0.8185999989509583
621331,sa657940,Colin Rodgers,-0.004519269496992134,1.0,0.13860000669956207,0.34860000014305115
444446,6883,Collin Balester,-0.00452112144063934,1.0,0.0,1.0
593442,sa550551,Jhondaniel Medina,-0.0045281869558870995,1.0,0.027400000020861626,0.871399998664856
657708,sa829516,Cody Palmquist,-0.004535598447475279,1.0,0.0,1.0
542587,12854,Elvis Araujo,-0.004538799191051096,1.0,0.0,1.0
650493,sa828216,Henry Martinez,-0.004547509421433921,1.0,0.0,1.0
641632,16455,Conner Greene,-0.004548031732879977,1.0,0.14180000126361847,0.33379998803138733
425626,1701,Chris Capuano,-0.004550376872426142,1.0,0.0,1.0
676969,23592,Brett de Geus,-0.004571093707331722,1.0,0.0,1.0
664962,sa875679,Tyler Brashears,-0.004578529589289357,1.0,0.14419999718666077,0.3222000002861023
477557,6688,Francisco Rodriguez,-0.004584132445910829,1.0,0.1754000037908554,0.1754000037908554
682114,sa3007490,C.J. Carter,-0.004587455780437311,1.0,0.0,1.0
663568,21487,Stephen Kolek,-0.004608110008270176,1.0,0.17260000109672546,0.18860000371932983
678298,sa3006816,Adrian Del Moral,-0.004616864578541355,1.0,0.1754000037908554,0.1754000037908554
491703,18,Neftalí Feliz,-0.004618052300225576,1.0,0.0,1.0
599644,sa971745,Josh Tols,-0.004618462573418749,1.0,0.0,1.0
150274,1122,Joe Nathan,-0.004628869622642377,1.0,0.0,1.0
458678,9894,Mike Broadway,-0.004638311899587222,1.0,0.0,1.0
658140,sa830629,Wilmer Rios,-0.004640514950974526,1.0,0.13600000739097595,0.3610000014305115
663587,sa876081,Fitz Stadler,-0.004646869613727713,1.0,0.1542000025510788,0.2752000093460083
665105,sa875845,Cameron Gann,-0.004647942781821372,1.0,0.0,1.0
670294,sa918815,Pat Krall,-0.004649686015423298,1.0,0.032499998807907104,0.8475000262260437
489294,10267,Tanner Scheppers,-0.004650204036031251,1.0,0.0,1.0
661535,sa877307,Pedro Echemendia,-0.004670313499029672,1.0,0.05050000175833702,0.762499988079071
592127,11440,Johnny Barbato,-0.004670771127093566,1.0,0.0,1.0
641900,sa738902,Scott Moss,-0.004674065876185493,3.703700065612793,0.0,3.703700065612793
285064,1011,Ryan Vogelsong,-0.004675464650525196,1.0,0.14419999718666077,0.3222000002861023
666796,sa917752,Jaison Vilera,-0.004683277376045262,1.0,0.17069999873638153,0.19769999384880066
641380,sa737851,Buddy Borden,-0.004703997310103455,1.0,0.0,1.0
446861,5106,Guillermo Moscoso,-0.00471104541672107,1.0,0.17190000414848328,0.19189999997615814
663383,sa875233,Gray Fenter,-0.004716898651366484,1.0,0.1656000018119812,0.2215999960899353
623412,sa658572,Geoff Broussard,-0.004719685813529231,1.0,0.0,1.0
677553,sa3004803,Brendan Feldmann,-0.004722117065621782,1.0,0.0,1.0
592511,sa550166,Corey Littrell,-0.004727353227463288,1.0,0.0,1.0
592741,10855,Chasen Shreve,-0.0047295753393839955,1.0,0.0,1.0
665968,sa917387,Juan Mota,-0.0047333998523595155,1.0,0.1754000037908554,0.1754000037908554
650813,17345,Luis Escobar,-0.004739641532608885,1.0,0.0,1.0
622344,sa659945,Luis Cedeno,-0.004748073968824611,1.0,0.05350000038743019,0.7484999895095825
670283,sa918925,Brayden Bouchey,-0.004751550919480042,1.0,0.0,1.0
605470,sa598757,Grant Sides,-0.0047577721535758625,1.0,0.0,1.0
600968,14508,Randy Rosario,-0.0047667264788270915,5.555600166320801,0.0,5.555600166320801
572934,sa502193,Austin House,-0.004768140027527566,1.0,0.0,1.0
681084,24698,Tanner Andrews,-0.004770012424898517,1.0,0.16699999570846558,0.2150000035762787
446399,2660,Brett Cecil,-0.004772703318579178,1.0,0.0,1.0
657436,sa829177,Chris Pike,-0.004778513325337111,1.0,0.16670000553131104,0.2167000025510788
650810,sa828246,José Taveras,-0.0047794205850168235,1.0,0.1599999964237213,0.24799999594688416
476589,9029,Adam Warren,-0.004779560226663588,1.0,0.0,1.0
668945,sa918176,Nick Hartman,-0.00478169531162033,1.0,0.0,1.0
669922,sa918336,Tyler Keele,-0.004786550799608888,1.0,0.13609999418258667,0.36010000109672546
571727,sa502935,Scott Griggs,-0.004787187064973685,1.0,0.0,1.0
457117,5178,Ernesto Frieri,-0.004787484996496309,1.0,0.0,1.0
680789,sa3007965,Caleb Sampen,-0.004795096063781485,1.0,0.17389999330043793,0.18289999663829803
542924,8504,Jeff Beliveau,-0.0047951082871815435,1.0,0.0,1.0
605435,sa602703,Adam Ravenelle,-0.004797131638603342,1.0,0.0,1.0
607057,sa602696,Joe Pistorese,-0.00479890776249033,1.0,0.0,1.0
672711,sa3002607,Niomar Gomez,-0.00479972365025439,1.0,0.1754000037908554,0.1754000037908554
669854,19407,Ronel Blanco,-0.00480205286383785,1.0,0.012799999676644802,0.9398000240325928
624179,sa659558,Mark Peterson,-0.004804249517379862,1.0,0.0,1.0
621054,sa657857,Shane Watson,-0.004805020269986551,1.0,0.12530000507831573,0.41130000352859497
679344,sa3008502,Kyle Arjona,-0.00480585614612048,1.0,0.031099999323487282,0.8540999889373779
599683,13211,Warwick Saupold,-0.0048063720480929365,1.0,0.0,1.0
593633,sa548111,Victor Payano,-0.00480714015574295,1.0,0.0,1.0
571621,sa501219,Zack Dodson,-0.004808149070278205,1.0,0.1754000037908554,0.1754000037908554
600921,14681,Andrés Machado,-0.004821081663328114,1.0,0.0,1.0
668754,20494,Braden Bristo,-0.00482170178908514,1.0,0.0,1.0
668995,sa918085,Remey Reed,-0.004854263577214308,1.0,0.1754000037908554,0.1754000037908554
666933,sa3004576,Cameron Ming,-0.004857560339952661,1.0,0.0,1.0
543881,9904,Pedro Villarreal,-0.004857717579924467,1.0,0.0,1.0
656047,sa828356,Carlos Hernandez,-0.004858628961058992,1.0,0.0,1.0
679892,sa3006145,Emilio Marquez,-0.004859541104912746,1.0,0.13609999418258667,0.36010000109672546
629496,16419,Chih-Wei Hu,-0.004860826160729661,1.0,0.0,1.0
660831,sa873296,Resly Linares,-0.004870564540332898,1.0,0.1754000037908554,0.1754000037908554
594891,sa549903,Aaron Kurcz,-0.004870914580381515,1.0,0.0,1.0
678775,sa3006132,Luis Cepeda,-0.00487359317412023,1.0,0.1754000037908554,0.1754000037908554
661548,sa871772,Abdallah Aris,-0.0048875790292717694,1.0,0.0,1.0
521055,5529,Maikel Cleto,-0.0048904679138664225,1.0,0.0,1.0
623183,sa658011,Zach Lovvorn,-0.0049019862459087574,1.0,0.11140000075101852,0.4763999879360199
605327,sa577799,Will Lamb,-0.004912055055014906,1.0,0.050700001418590546,0.7616999745368958
657428,sa829157,Matt Hockenberry,-0.004913925865742761,1.0,0.0,1.0
678870,sa3006069,Jesus Gonzalez,-0.004915728304129774,1.0,0.14419999718666077,0.3222000002861023
477550,sa377670,Oscar Rivera,-0.004917742963826407,1.0,0.1754000037908554,0.1754000037908554
642059,sa829156,Kelly Secrest,-0.004918649181442327,1.0,0.0,1.0
592336,sa549733,Daniel Gibson,-0.0049212398210008316,1.0,0.0,1.0
666745,25386,Jhony Brito,-0.004922858277020411,1.0,0.13609999418258667,0.36010000109672546
667518,sa918629,Eric Carter,-0.004936935893089388,1.0,0.0,1.0
677720,sa3004927,Tom Colletti,-0.004937533051306516,1.0,0.0,1.0
667427,19493,Zach Jackson,-0.0049528854930409455,1.0,0.0,1.0
470451,sa226410,Victor Espinosa,-0.004955661379037861,1.0,0.16459999978542328,0.22660000622272491
673862,sa3008037,Ethan Evanko,-0.004962186712205149,1.0,0.1404999941587448,0.3395000100135803
628010,sa737092,Yonardo Herdenez,-0.004962872121488392,1.0,0.03350000083446503,0.8424999713897705
667050,sa918674,Grant Gavin,-0.004966341321711826,1.0,0.0,1.0
622230,sa856275,Andrew Lee,-0.004967323758768901,1.0,0.15000000596046448,0.29499998688697815
665321,sa857571,Andrew Schwaab,-0.004973919889399889,1.0,0.0,1.0
643441,sa738242,Brett McKinney,-0.00498612973398234,1.0,0.0,1.0
607895,sa598187,Fernando Perez,-0.004986737333301388,1.0,0.0,1.0
543716,11928,David Rollins,-0.0049870378361970506,1.0,0.0,1.0
607608,sa599473,David Kubiak,-0.004987330453313865,1.0,0.1754000037908554,0.1754000037908554
670167,20020,John Schreiber,-0.004988194213747502,11.111100196838379,0.0,11.111100196838379
669655,sa918386,Matt Frawley,-0.004991119353321942,1.0,0.0,1.0
663767,21544,Chase Shugart,-0.004993013634342584,1.0,0.1754000037908554,0.1754000037908554
629500,sa739056,Williams Ramirez,-0.004993536030264042,1.0,0.052799999713897705,0.751800000667572
572750,13453,Eddie Butler,-0.004994041114817291,1.0,0.0,1.0
665135,sa3006760,Shea Murray,-0.004997021725889956,1.0,0.0,1.0
450308,4235,Jered Weaver,-0.00500945721142452,1.0,0.1754000037908554,0.1754000037908554
675914,sa3004657,Tony Dibrell,-0.005011345045913304,1.0,0.17260000109672546,0.18860000371932983
677015,sa915601,Christian Taugner,-0.005022697636259024,1.0,0.15860000252723694,0.25459998846054077
660749,sa871482,Wladimir Pinto,-0.005039641862181869,1.0,0.0,1.0
650618,sa828421,Franco Terrero,-0.005042567445916675,1.0,0.0,1.0
487019,sa508195,Manuel Flores,-0.0050448162948303985,1.0,0.1754000037908554,0.1754000037908554
592170,11502,Parker Bridwell,-0.005045370048217204,1.0,0.04390000179409981,0.7939000129699707
676344,sa3005016,Marcel Rentería,-0.0050503075129704695,1.0,0.0,1.0
641962,19820,CD Pelham,-0.005052254118756035,1.0,0.0,1.0
543050,sa454928,Clayton Cook,-0.00505482130918026,1.0,0.0,1.0
476123,10265,Justin Marks,-0.005062580599997571,1.0,0.0,1.0
669674,25379,Sam Long,-0.005071838204571822,1.0,0.1460999995470047,0.31310001015663147
664784,sa876117,Steven Klimek,-0.00507343686418603,1.0,0.0210999995470047,0.9010999798774719
663893,21574,Brendon Little,-0.005075551145935876,1.0,0.1754000037908554,0.1754000037908554
608381,sa657871,Walker Weickel,-0.005080250627599795,1.0,0.01860000006854534,0.9125999808311462
628715,sa739267,Marc Magliaro,-0.005090295803562476,1.0,0.0,1.0
542362,sa506317,Jefri Hernandez,-0.005111157946961104,1.0,0.0,1.0
676341,sa3004663,Alex Eubanks,-0.005111366164215675,1.0,0.14090000092983246,0.3379000127315521
571432,sa658401,Hunter Adkins,-0.005112040902758244,1.0,0.10189999639987946,0.5209000110626221
518898,sa502700,Stephen Kohlscheen,-0.005112384630218745,1.0,0.0,1.0
676795,sa3004671,Justin Hoyt,-0.005115273090818452,1.0,0.0,1.0
663910,sa875153,Jordan Guerrero,-0.005115333583074771,1.0,0.0,1.0
622810,sa658075,Dailyn Martinez,-0.005116586865113613,1.0,0.018200000748038292,0.9142000079154968
668968,22192,Hans Crouse,-0.0051227281145710644,1.0,0.1754000037908554,0.1754000037908554
489002,4053,Steve Johnson,-0.005124567074785893,1.0,0.0,1.0
664079,17952,Tyler Jay,-0.0051312732459145236,1.0,0.004600000102072954,0.978600025177002
605300,sa579619,Chris Jensen,-0.005133132665146171,1.0,0.133200004696846,0.3741999864578247
659259,sa841347,Jason Zgardowski,-0.0051347573920544325,1.0,0.0,1.0
677362,sa3004493,Nick Kuzia,-0.0051372889116102225,1.0,0.0,1.0
663623,21504,Jake Irvin,-0.005140300203654907,1.0,0.1754000037908554,0.1754000037908554
605169,12803,Carter Capps,-0.005143903031122273,1.0,0.0,1.0
642557,sa737056,Daniel Gonzalez,-0.005148410243640529,1.0,0.1754000037908554,0.1754000037908554
606939,sa598306,Aaron Brown,-0.005149231959538812,1.0,0.0,1.0
676570,sa3006966,Brooks Wilson,-0.005151472582007486,1.0,0.14190000295639038,0.3328999876976013
668390,22113,Cole Winn,-0.005154998296696214,1.0,0.1754000037908554,0.1754000037908554
678353,sa3005685,Yohanse Morel,-0.005157708523560708,1.0,0.1662999987602234,0.218299999833107
681825,sa3006829,Kevin Magee,-0.005158905583348512,1.0,0.1754000037908554,0.1754000037908554
673253,sa3003080,Malky Mena,-0.005163504128481471,1.0,0.1460999995470047,0.31310001015663147
595947,sa709552,Joe Filomeno,-0.005164005442245226,1.0,0.0,1.0
681484,sa3007477,Chase Cohen,-0.00516686717986447,1.0,0.15950000286102295,0.25049999356269836
503444,12825,Joel De La Cruz,-0.005168678297963115,1.0,0.12880000472068787,0.39480000734329224
570883,sa506892,Juan Paniagua,-0.0051760292246811,1.0,0.0,1.0
454968,sa202000,Jose Oyervides,-0.005189679485102531,1.0,0.1754000037908554,0.1754000037908554
592433,11378,Tyrell Jenkins,-0.0052122431691065995,1.0,0.13490000367164612,0.3659000098705292
502253,5350,Alex Sanabia,-0.005215878019896875,1.0,0.1754000037908554,0.1754000037908554
642119,sa829651,Cody Stull,-0.005216007003019389,1.0,0.0,1.0
682029,sa3006707,Connor Curlis,-0.005226716753186601,1.0,0.1662999987602234,0.218299999833107
665141,sa876303,Andy Cox,-0.005227497025445393,1.0,0.0,1.0
634412,sa728948,Emmanuel Torres,-0.0052295807860966385,1.0,0.13600000739097595,0.3610000014305115
676597,sa3004345,Charlie Neuweiler,-0.005232683355362517,1.0,0.1754000037908554,0.1754000037908554
430661,8600,Dustin McGowan,-0.005236442302420771,1.0,0.0,1.0
657744,sa829753,Keith Rogalla,-0.00523809019811381,1.0,0.1639000028371811,0.22990000247955322
641585,21212,J.P. France,-0.0052468546353986205,1.0,0.16699999570846558,0.2150000035762787
656936,sa873651,Zach Schellenger,-0.005249693034366523,1.0,0.0,1.0
607225,sa599323,Jordan Foley,-0.005253026840498359,1.0,0.035100001841783524,0.835099995136261
656473,sa828794,Brian Gonzalez,-0.0052592986564364945,1.0,0.03139999881386757,0.852400004863739
621050,sa658525,Josh Graham,-0.005270843734596543,1.0,0.020899999886751175,0.9018999934196472
641394,17783,Jake Brentz,-0.005271804330017453,1.0,0.0,1.0
664991,21623,Grant Wolfram,-0.005272891433030983,1.0,0.12950000166893005,0.39149999618530273
656885,sa875266,James Reeves,-0.00528397768319418,1.0,0.0,1.0
607617,sa602584,Zech Lemond,-0.005290066938622202,1.0,0.0,1.0
623490,sa659004,Brad Markey,-0.005293440396366536,1.0,0.1446000039577484,0.3206000030040741
665959,sa916829,Abdiel Mendoza,-0.005294320103021807,1.0,0.12319999933242798,0.4212000072002411
658369,sa830644,Malvin Pena,-0.005314443668060504,1.0,0.1754000037908554,0.1754000037908554
572958,sa502134,Zack Jones,-0.005314885049836151,1.0,0.0,1.0
591973,sa546467,Kender Villegas,-0.005318165159199138,1.0,0.07190000265836716,0.661899983882904
472906,sa203945,Pablo Ortega,-0.005319963855517834,1.0,0.07980000227689743,0.6248000264167786
592848,15444,Zack Weiss,-0.005334055196750615,1.0,0.0,1.0
660302,sa873148,Dalbert Siri,-0.005335090535279502,1.0,0.0,1.0
682038,sa3007781,Miguel Figueroa,-0.005335677487004242,1.0,0.0,1.0
657101,sa828791,Nick Wells,-0.005335688849536401,1.0,0.10719999670982361,0.49619999527931213
646081,sa747275,Rodrigo Benoit,-0.0053383166272442184,1.0,0.0,1.0
667686,sa917893,Angel Acevedo,-0.005339081699507668,1.0,0.13189999759197235,0.3799000084400177
666627,sa917740,Faustino Carrera,-0.005347508780270084,1.0,0.17389999330043793,0.18289999663829803
656382,21281,Tommy Doyle,-0.0053475324689616615,1.0,0.0,1.0
502162,3243,Angel Castro,-0.005348365436261161,1.0,0.0,1.0
676115,sa3004338,Randy Bell,-0.005349404940698029,1.0,0.1606999933719635,0.24469999969005585
643452,sa739012,Sal Mendez,-0.0053514003850520285,1.0,0.15600000321865082,0.2669999897480011
592705,14867,Nick Rumbelow,-0.005351414707551822,1.0,0.0,1.0
641461,sa737901,Trevor Clifton,-0.005358707499601595,1.0,0.1687999963760376,0.20679999887943268
664069,20175,Ben Braymer,-0.005360513217191414,12.111900329589844,1.7999999523162842,3.651900053024292
670376,sa918495,Alejandro Mateo,-0.005360705300016261,1.0,0.0,1.0
650504,sa828552,Breiling Eusebio,-0.005370770709170783,1.0,0.1754000037908554,0.1754000037908554
675922,sa915633,Brian Shaffer,-0.005380873820194024,1.0,0.08889999985694885,0.5819000005722046
656644,sa3004193,Colton Laws,-0.005384529325243554,1.0,0.1687999963760376,0.20679999887943268
642620,sa737234,Olbis Parra,-0.005397987390605445,1.0,0.0,1.0
686586,sa3010661,Zak Baayoun,-0.005404315279969071,1.0,0.1754000037908554,0.1754000037908554
407908,2332,Joel Peralta,-0.0054069695950996,1.0,0.0,1.0
657123,sa829137,Ryan Williams,-0.005412458152934787,1.0,0.0,1.0
676720,23465,Tommy Romero,-0.005417442921701595,1.0,0.16670000553131104,0.2167000025510788
621089,sa658593,José Mesa Jr.,-0.0054182402023259055,1.0,0.07980000227689743,0.6248000264167786
681555,sa3007243,Andrew Politi,-0.005418575706800599,1.0,0.0828000009059906,0.61080002784729
592362,sa548289,Matthew Grimes,-0.005421449394889172,1.0,0.09539999812841415,0.5514000058174133
657644,sa829634,Alex Klonowski,-0.005427070138089255,1.0,0.1518000066280365,0.28679999709129333
641814,sa828804,Michael Mader,-0.005434373270761196,1.0,0.0,1.0
621165,sa738692,Lukas Schiraldi,-0.005437409484887097,1.0,0.0,1.0
451661,5070,Josh Fields,-0.005439701334820844,1.0,0.0,1.0
667755,22100,José Soriano,-0.005445602513307765,1.0,0.1712000072002411,0.19519999623298645
548337,12905,Logan Verrett,-0.005445782789331232,1.0,0.0,1.0
605524,sa827336,Colin Welmon,-0.005463496584096647,1.0,0.1754000037908554,0.1754000037908554
519267,7525,Evan Scribner,-0.005475043481114253,1.0,0.0,1.0
622465,sa659658,Francisco Jimenez,-0.00547901586258974,1.0,0.0,1.0
523848,11571,José Domínguez,-0.005488569687394968,1.0,0.0,1.0
649143,sa877857,Lachlan Wells,-0.005494153999617412,1.0,0.17159999907016754,0.19359999895095825
518764,8728,Donovan Hand,-0.005495410937361207,1.0,0.0,1.0
592533,12182,Cody Martin,-0.005500736959593292,1.0,0.0,1.0
664910,sa875283,Logan Cozart,-0.005505872098878069,1.0,0.02329999953508377,0.8902999758720398
622169,sa657211,Angel Duno,-0.0055065107207882035,1.0,0.0,1.0
542279,sa455650,Javier Solano,-0.0055137382095761705,1.0,0.17389999330043793,0.18289999663829803
593594,sa548115,Octavio Acosta,-0.005518932995341674,1.0,0.17229999601840973,0.19030000269412994
572728,8461,Michael Brady,-0.005527367860151394,1.0,0.0,1.0
516589,3507,André Rienzo,-0.005528076920920036,1.0,0.0,1.0
665896,21761,José Marte,-0.005529991915838796,1.0,0.17329999804496765,0.18529999256134033
519168,11424,Anthony Ranaudo,-0.0055305073246804,1.0,0.14020000398159027,0.34119999408721924
682615,sa3008134,John O'Reilly,-0.0055351232803664795,1.0,0.0,1.0
425426,2074,Chien-Ming Wang,-0.00553542290120074,1.0,0.0,1.0
595255,sa550295,Mitch Horacek,-0.005536617193816504,1.0,0.0,1.0
571572,4920,Joe Colón J,-0.005541529685690006,1.0,0.0,1.0
650356,sa828518,Dilmer Mejia,-0.005542054575607137,1.0,0.14790000021457672,0.30489999055862427
660604,19524,Alan Rangel,-0.005552711935458023,1.0,0.16979999840259552,0.20180000364780426
620982,16318,Ricardo Pinto,-0.005553532235264544,1.0,0.0,1.0
643442,sa738934,Blake McKnight,-0.005553594223282787,1.0,0.03139999881386757,0.852400004863739
680572,24493,Adam Kloffenstein,-0.005557029993345159,1.0,0.1754000037908554,0.1754000037908554
661309,21023,Adrián Martinez,-0.005560603132886071,1.0,0.09070000052452087,0.5737000107765198
514669,10258,Rafael Martín,-0.005561914875852905,1.0,0.0,1.0
582494,13042,Robby Scott,-0.005569618335229947,1.0,0.0,1.0
554037,sa505270,Gabriel Perez,-0.005580319991235131,1.0,0.1754000037908554,0.1754000037908554
621258,sa857700,Reilly Hovis,-0.005583517978602007,1.0,0.0,1.0
658724,sa833270,Mitchell Osnowitz,-0.00558732194294273,1.0,0.0,1.0
542884,7119,Dustin Antolin,-0.005597002153788422,1.0,0.0,1.0
681585,sa3007478,Matt Willrodt,-0.0056083659502087855,1.0,0.0,1.0
592458,sa549073,Jon Keller,-0.005628136280227202,1.0,0.0,1.0
663929,sa876287,Riley Thompson,-0.005628862726709445,1.0,0.1754000037908554,0.1754000037908554
676091,sa3004585,Ryan Wilson,-0.005636000213976018,1.0,0.1754000037908554,0.1754000037908554
667595,sa919332,Kevin Lenik,-0.005636676234811743,1.0,0.0,1.0
448614,7624,Carlos Torres,-0.005646073169237543,1.0,0.0,1.0
657259,sa829132,Max Schuh,-0.005662487919154017,1.0,0.0,1.0
656746,sa829294,McKenzie Mills,-0.0056642435950330465,1.0,0.12330000102519989,0.4203000068664551
664048,sa857699,Kyle Wilcox,-0.005669715990377116,1.0,0.0,1.0
663321,19281,Nick Hernandez,-0.00568618983650391,1.0,0.0,1.0
449097,5975,Jonathan Papelbon,-0.005686834862332305,1.0,0.0,1.0
643502,sa738309,Dylan Rheault,-0.005690030165259351,1.0,0.0,1.0
644577,sa740138,Carlos Felix,-0.005691045804345415,1.0,0.10790000110864639,0.492900013923645
640017,sa748874,Jose Disla,-0.005696982070584916,1.0,0.0877000018954277,0.5877000093460083
672773,20632,Elvis Luciano,-0.005699611398443074,1.0,0.0,1.0
570702,11743,Carlos Ramírez,-0.005713310608528479,1.0,0.0,1.0
516937,sa455794,Charle Rosario,-0.0057196460811669535,1.0,0.1754000037908554,0.1754000037908554
607359,12361,Spencer Patton,-0.005725634113929007,1.0,0.0,1.0
641754,sa857590,Jeff Kinley,-0.005726241947832972,1.0,0.0,1.0
663307,sa857583,Michael Murray,-0.005738205902549784,1.0,0.16769999265670776,0.21170000731945038
664346,sa871477,Carlos Guzman,-0.005739555054792095,1.0,0.1754000037908554,0.1754000037908554
669416,sa3005117,Blayne Enlow,-0.005750601816225006,1.0,0.1737000048160553,0.18369999527931213
664852,18140,Jay Flaa,-0.005758966804154339,1.0,0.049300000071525574,0.7682999968528748
669476,sa915852,Jake Walters,-0.0057600647158328605,1.0,0.17139999568462372,0.19439999759197235
542432,10171,José Ramírez,-0.005773553684397889,1.0,0.0,1.0
683053,sa3008478,Tom Sutera,-0.005784569955268495,1.0,0.13860000669956207,0.34860000014305115
516910,3547,Carlos Frías,-0.005785109293479448,1.0,0.0,1.0
666818,21997,Luis Frías,-0.00579408786249143,1.0,0.1754000037908554,0.1754000037908554
673257,sa3003083,Victor Santos,-0.005795717482072708,1.0,0.1444000005722046,0.321399986743927
670196,sa918959,Jean Casanova,-0.005796689807386321,1.0,0.1754000037908554,0.1754000037908554
663318,sa875769,Logan Boyd,-0.00579797491706178,1.0,0.1754000037908554,0.1754000037908554
664082,sa857604,Michael Boyle,-0.0058037378663171315,1.0,0.019999999552965164,0.906000018119812
669248,sa918532,Hunter Smith,-0.0058048071385174635,1.0,0.05350000038743019,0.7484999895095825
667231,sa919219,Randy Pondler,-0.0058048831576206225,1.0,0.0,1.0
408061,1642,Francisco Rodríguez,-0.0058050436564473645,1.0,0.0,1.0
664158,sa857600,Matt Eckelman,-0.005805618666154501,1.0,0.016499999910593033,0.9225000143051147
621403,sa874754,Nathan Kirby,-0.005812135044904293,1.0,0.13600000739097595,0.3610000014305115
519322,6983,Drew Storen,-0.005819950797182489,1.0,0.0,1.0
656803,16440,James Norwood,-0.0058229747102393715,3.703700065612793,0.0,3.703700065612793
606959,14962,Rookie Davis,-0.005824234866924975,1.0,0.049300000071525574,0.7682999968528748
656365,sa915735,Tommy DeJuneas,-0.005827731705276568,1.0,0.0,1.0
547977,sa553503,Reinier Roibal,-0.005838042288885082,1.0,0.17159999907016754,0.19359999895095825
543331,9037,J.J. Hoover,-0.005841246770741209,1.0,0.0,1.0
681085,sa3007932,Calvin Coker,-0.005852732161761287,1.0,0.0,1.0
448167,5172,Brandon Mann,-0.0058598049260016934,1.0,0.0,1.0
664365,sa875873,Franklyn Soriano,-0.00586554690139954,1.0,0.0681999996304512,0.6791999936103821
605226,12982,Andrew Faulkner,-0.005865587298518161,1.0,0.0,1.0
621014,sa918195,Andrew Vinson,-0.005866739943219243,1.0,0.1754000037908554,0.1754000037908554
677945,sa3008589,Ethan Hankins,-0.005872268437547689,1.0,0.1728000044822693,0.18780000507831573
669461,22294,Matthew Liberatore,-0.005874093357910609,1.0,0.17319999635219574,0.18619999289512634
622350,sa657275,Frederis Parra,-0.005881352649955853,1.0,0.17069999873638153,0.19769999384880066
591672,17133,Osmer Morales,-0.00588490036614587,1.0,0.0,1.0
669130,sa915643,Mike Kaelin,-0.005897377891925946,1.0,0.12530000507831573,0.41130000352859497
599093,sa599061,Luis Heredia,-0.005903346223758736,1.0,0.0,1.0
570145,sa550236,Ismael Guillón,-0.005903908142884523,1.0,0.0,1.0
622703,15688,Ronald Herrera,-0.0059043649764608085,1.0,0.0,1.0
663434,sa877362,Wes Helsabeck,-0.005909230960315918,1.0,0.0,1.0
450212,4682,Pat Neshek,-0.005915085921947769,1.0,0.0,1.0
674069,sa915858,Oliver Jaskie,-0.005915291518257102,1.0,0.14350000023841858,0.3255000114440918
666672,sa3006955,Jojanse Torres,-0.0059183991791454975,1.0,0.13750000298023224,0.35350000858306885
642068,19682,Jordan Sheffield,-0.005918757900849297,1.0,0.03020000085234642,0.8582000136375427
502004,9486,George Kontos,-0.00592931004170011,1.0,0.0,1.0
608741,sa603017,Ranfi Casimiro,-0.005930076329699966,1.0,0.0,1.0
656924,19891,Ryder Ryan,-0.005934587251131462,1.0,0.053199999034404755,0.7501999735832214
676470,sa3006965,Robbie Welhaf,-0.005938281078706646,1.0,0.15839999914169312,0.25540000200271606
669436,sa3004736,Jacob Heatherly,-0.005942031996883331,1.0,0.1754000037908554,0.1754000037908554
681882,24986,Colin Selby,-0.005951245895584462,1.0,0.1754000037908554,0.1754000037908554
665229,sa876811,Griffin Glaude,-0.0059704189834297325,1.0,0.0,1.0
676664,23429,JP Sears,-0.005973438243530267,1.0,0.14229999482631683,0.3312999904155731
517629,5200,Kelvin Marte,-0.00597631042742528,1.0,0.0,1.0
449104,6653,Jim Henderson,-0.005996986213626997,1.0,0.0,1.0
641663,sa738945,Conor Harber,-0.006001425229774395,1.0,0.1754000037908554,0.1754000037908554
667291,sa919542,Carlos Sierra,-0.006010676150239649,1.0,0.0,1.0
672578,22713,Carlos Hernández,-0.006016046987483311,1.0,0.1754000037908554,0.1754000037908554
676705,sa3004217,Orlando Razo,-0.006027272245469947,1.0,0.1754000037908554,0.1754000037908554
675983,sa3004770,Garrett Schilling,-0.006044598862907825,1.0,0.1754000037908554,0.1754000037908554
657205,16684,Zac Curtis,-0.006050816561995788,1.0,0.0,1.0
669875,sa917880,Jeronimo Castro,-0.0060547070807834705,1.0,0.1754000037908554,0.1754000037908554
592203,sa548277,Ralston Cash,-0.0060556905107073955,1.0,0.0,1.0
623477,sa658316,Will LaMarche,-0.0060559903307608,1.0,0.0,1.0
547862,sa592948,David Reyes,-0.006058320892474737,1.0,0.13740000128746033,0.35440000891685486
622384,sa737077,Rafael Pujols,-0.00607302112408647,1.0,0.0,1.0
666802,sa917887,Joel Cesar,-0.006092988248189578,1.0,0.021400000900030136,0.899399995803833
595032,10982,Chase Whitley,-0.006094916101871117,1.0,0.0,1.0
571440,sa503692,Jeff Ames,-0.006106481777472679,1.0,0.03020000085234642,0.8582000136375427
665018,sa876201,Hector Lujan,-0.00610751700416105,1.0,0.0,1.0
673933,sa3006695,David Lebron,-0.006110427139701185,1.0,0.1678999960422516,0.21089999377727509
657050,sa3007803,Trenton Toplikar,-0.006112976709286382,1.0,0.16210000216960907,0.23810000717639923
620145,sa739879,Estarlin Arias,-0.006115149217257976,1.0,0.0,1.0
672078,sa968102,Eric Pardinho,-0.006123415327146843,1.0,0.1590999960899353,0.25209999084472656
429400,2134,Adam Loewen,-0.006124418832555791,1.0,0.0,1.0
656693,sa829581,Chris Mathewson,-0.006124987792038177,1.0,0.13860000669956207,0.34860000014305115
543883,7555,Nick Vincent,-0.006129025731986277,7.407400131225586,0.0,7.407400131225586
665645,21656,Kervin Castro,-0.006139355107200422,1.0,0.1754000037908554,0.1754000037908554
641818,sa3002745,Jon Malmin,-0.0061496431303976785,1.0,0.039500001817941666,0.8144999742507935
642140,sa738349,Cory Thompson,-0.006163042273197389,1.0,0.0,1.0
664147,sa857684,Ryan Perez,-0.0061703019538741,1.0,0.1526000052690506,0.2825999855995178
547184,12791,Michael Kelly,-0.006171079391269923,1.0,0.10300000011920929,0.515999972820282
605222,12756,Jake Esch,-0.006173686038793177,1.0,0.0,1.0
660788,sa877526,Jesus Vargas,-0.006176360323853513,1.0,0.15719999372959137,0.2612000107765198
607171,sa599381,Chaz Hebert,-0.006176800911810541,1.0,0.1754000037908554,0.1754000037908554
659267,sa872825,Roniel Raudes,-0.006189870658990139,1.0,0.1754000037908554,0.1754000037908554
668987,sa918249,Brandon White,-0.006202129772928072,1.0,0.0,1.0
681673,sa3008335,Kohl Franklin,-0.006208275154004479,1.0,0.1754000037908554,0.1754000037908554
643357,sa738501,Ben Hecht,-0.006211096813943229,1.0,0.01679999940097332,0.920799970626831
592138,sa549801,Kirby Bellow,-0.006226128899479735,1.0,0.0,1.0
607294,sa599246,Josh Martin,-0.006233877968444462,1.0,0.0,1.0
665871,21741,Javier Assad,-0.006237330935015368,1.0,0.1754000037908554,0.1754000037908554
639373,19256,Gerson Bautista,-0.006255702422851088,5.555600166320801,0.0,5.555600166320801
501822,3299,Chris Hatcher,-0.006258201252050451,1.0,0.0,1.0
642207,15816,Devin Williams,-0.0062743706448774765,4.444399833679199,0.0,4.444399833679199
647188,sa829881,Andrew Case,-0.006275181359310767,1.0,0.0,1.0
672730,22828,Juan Then,-0.00627817248892196,1.0,0.16529999673366547,0.2232999950647354
657096,sa876362,Braden Webb,-0.006283334524623036,1.0,0.17350000143051147,0.18449999392032623
631229,sa737091,Dalton Rodriguez,-0.0062888586142839,1.0,0.0,1.0
543357,13313,Jordan Jankowski,-0.006305022757587062,1.0,0.0,1.0
673389,sa3003104,Ismael Aquino,-0.0063083259540591035,1.0,0.026100000366568565,0.8770999908447266
657572,sa829707,Justin Ferrell,-0.006315331119757994,1.0,0.011099999770522118,0.9480999708175659
656004,16634,Carlos Sanabria,-0.006315912311773567,1.0,0.0,1.0
682193,sa3007268,Grant Townsend,-0.006316966690955406,1.0,0.17139999568462372,0.19439999759197235
606291,12975,Mauricio Cabrera,-0.006320535962474811,1.0,0.0,1.0
621406,sa920319,Sean Stutzman,-0.006322353940373149,1.0,0.0,1.0
571476,13418,Chris Beck,-0.006329802900562353,1.0,0.0,1.0
650804,sa828548,Jose Nin,-0.006331015239361394,1.0,0.0,1.0
663359,sa875002,Justin Maese,-0.006335196713958571,1.0,0.12530000507831573,0.41130000352859497
425657,1663,Javier López,-0.006337250270737721,1.0,0.0,1.0
445197,9948,Mike Dunn,-0.006337752070409415,1.0,0.0,1.0
596064,13143,Henry Owens,-0.006350100942410998,1.0,0.1754000037908554,0.1754000037908554
461833,7450,Phil Hughes,-0.006352359397901267,1.0,0.03700000047683716,0.8259999752044678
673822,sa3003124,Marcos Tineo,-0.006360774451333009,1.0,0.1492999941110611,0.29829999804496765
641852,sa875253,Thomas McIlraith,-0.006364018793687718,1.0,0.0,1.0
545348,14241,Austin Maddox,-0.006364507322759304,1.0,0.0,1.0
676875,sa3004709,Franklin Van Gurp,-0.006367275447284515,1.0,0.0,1.0
621404,sa875198,Ryan Lawlor,-0.006387581747324884,1.0,0.0,1.0
673277,sa3003090,Jose Alberto Rivera,-0.006391771571132329,1.0,0.15559999644756317,0.2685999870300293
664087,sa875267,Logan Longwith,-0.006393804441438506,1.0,0.1754000037908554,0.1754000037908554
669085,sa3005397,Alex Scherff,-0.00639946047202733,1.0,0.1754000037908554,0.1754000037908554
670044,sa918099,Ben Sheckler,-0.006410193198529912,1.0,0.08810000121593475,0.5860999822616577
670104,sa918482,Colin McKee,-0.006411788345099381,1.0,0.0,1.0
664105,sa875751,Matt Portland,-0.006421474315516374,1.0,0.16820000112056732,0.20919999480247498
607070,sa602813,Mark Reyes,-0.006421797719396385,1.0,0.16419999301433563,0.2282000035047531
642225,sa737853,Stephen Woods Jr.,-0.006425820066454621,1.0,0.15950000286102295,0.25049999356269836
592889,sa549734,Ernesto Zaragoza,-0.006426771127807846,1.0,0.1526000052690506,0.2825999855995178
681871,20408,Eli Villalobos,-0.006431469188004657,1.0,0.1460999995470047,0.31310001015663147
676079,sa3004206,Andrew Beckwith,-0.006433764782972888,1.0,0.0,1.0
591701,13530,Alejandro Chacin,-0.006443938790462139,1.0,0.0,1.0
656517,sa876115,Chandler Hawkins,-0.0064583848107637384,1.0,0.0,1.0
543779,8180,Kevin Siegrist,-0.006474948775785228,1.0,0.0,1.0
592872,11394,Alex Wimmers,-0.0064764601217980255,1.0,0.0,1.0
547921,sa795086,Tiago Da Silva,-0.006490720791128744,1.0,0.11819999665021896,0.4442000091075897
663535,sa874796,Juan Hillman,-0.00649831038538268,1.0,0.1754000037908554,0.1754000037908554
572066,sa501564,Danny Reynolds,-0.006512784965364366,1.0,0.0,1.0
670449,sa918513,Connor Eller,-0.00651648226641155,1.0,0.12489999830722809,0.41290000081062317
607706,13736,Michael Roth,-0.006527518232387995,1.0,0.0,1.0
670332,sa918665,Sam Held,-0.006527988287357756,1.0,0.11159999668598175,0.475600004196167
571639,sa659070,Jonathan Dziedzic,-0.006530864960697886,1.0,0.09749999642372131,0.5414999723434448
445968,5508,Dana Eveland,-0.006536793724668168,1.0,0.0,1.0
666658,sa917323,Jose Chacin,-0.006539727227987291,1.0,0.14229999482631683,0.3312999904155731
628345,21197,Darien Núñez,-0.006541078270915191,1.0,0.0,1.0
666142,21846,Cole Ragans,-0.0065567534809533095,1.0,0.1754000037908554,0.1754000037908554
670031,sa917997,Sam Perez,-0.0065598040378253295,1.0,0.1712000072002411,0.19519999623298645
657793,sa829031,Connor Walsh,-0.006584276156180777,1.0,0.0,1.0
573589,14093,Michael Ynoa,-0.006595775622941247,1.0,0.0,1.0
663652,sa875558,Jake Simon,-0.006604361863596176,1.0,0.016300000250339508,0.92330002784729
670086,sa918361,Devan Watts,-0.006607745620619733,1.0,0.0,1.0
676252,sa3008523,Zach Haake,-0.006609579677512439,1.0,0.1754000037908554,0.1754000037908554
669454,sa918087,Zack Trageton,-0.006619178808613771,1.0,0.16609999537467957,0.2190999984741211
621078,14707,Brady Lail,-0.0066222081948438425,1.0,0.0,1.0
606574,sa598120,Yimmi Brasoban,-0.006622338541222357,1.0,0.0,1.0
677865,23779,Justin Bruihl,-0.006623731822066225,1.0,0.0,1.0
571473,9309,Buddy Baumann,-0.0066273472680843885,1.0,0.0,1.0
642660,sa737233,Algenis Martinez,-0.006627963981375516,1.0,0.0,1.0
612272,14077,Raudel Lazo,-0.006631154906827275,1.0,0.0,1.0
468396,10261,Alexi Ogando,-0.006644214522120277,1.0,0.0,1.0
605430,sa598816,James Pugliese,-0.00664619416445699,1.0,0.0,1.0
676660,23425,Jared Solomon,-0.006652879962875122,1.0,0.1754000037908554,0.1754000037908554
683014,sa3008434,Richard Guasch,-0.006657684736497485,1.0,0.1525000035762787,0.28349998593330383
647306,sa3008096,Ben Onyshko,-0.0066642347878178645,1.0,0.020899999886751175,0.9018999934196472
670378,sa918496,Burris Warner,-0.006670197229918018,1.0,0.05490000173449516,0.7419000267982483
643539,sa738717,Caleb Simpson,-0.006674928687557982,1.0,0.0,1.0
676736,sa3004470,Will Latcham,-0.006690697867606184,1.0,0.0,1.0
663464,sa3007712,Colin Schmid,-0.006695528926247544,1.0,0.1754000037908554,0.1754000037908554
681548,sa3008040,Yusniel Padron-Artiles,-0.006701038854123049,1.0,0.15680000185966492,0.262800008058548
573016,14860,Kyle Martin,-0.006703003192517203,1.0,0.0,1.0
657753,sa709582,Craig Schlitter,-0.0067138253044511575,1.0,0.06960000097751617,0.6725999712944031
542674,5876,Gonzalez Germen,-0.006715890165673355,1.0,0.0,1.0
670059,22361,Colin Holderman,-0.006727998457051192,1.0,0.17299999296665192,0.18700000643730164
657681,16793,Kyle McGrath,-0.006734001880697836,1.0,0.0,1.0
642142,sa707780,Jeff Thompson,-0.006735372319926408,1.0,0.0,1.0
451584,7441,Wade Davis,-0.006739750505875746,24.074100494384766,0.0,24.074100494384766
656594,sa3004571,Kyle Johnston,-0.006739920261815832,1.0,0.17260000109672546,0.18860000371932983
642563,sa736742,Raffi Vizcaíno,-0.0067402582278940385,1.0,0.0,1.0
678750,sa3006380,Deivy Florido,-0.006751211765153888,1.0,0.12280000001192093,0.4228000044822693
519437,7161,Chris Withrow,-0.0067593593794744765,1.0,0.0,1.0
656919,sa915693,Matt Ruppenthal,-0.006770646664837391,1.0,0.1535000056028366,0.2784999907016754
672839,22913,Francisco Morales,-0.006774361209851522,1.0,0.15119999647140503,0.2892000079154968
594857,12220,Keith Hessler,-0.00677637347163174,1.0,0.0,1.0
665813,sa917835,Eris Filpo,-0.006809232642569163,1.0,0.156700000166893,0.263700008392334
663704,21527,James McArthur,-0.0068158812049814175,1.0,0.14259999990463257,0.3296000063419342
467031,sa530473,Wirfin Obispo,-0.006817539980912916,1.0,0.0,1.0
620986,sa656038,Jefferson Medina,-0.006821854017239768,1.0,0.019600000232458115,0.9075999855995178
543280,sa549768,Bryan Harper,-0.006824984280879501,1.0,0.0,1.0
518603,4955,Justin De Fratus,-0.006832792357644734,1.0,0.0,1.0
664127,sa875205,Cory Taylor,-0.006839101806453304,1.0,0.0,1.0
643394,sa738247,Sebastian Kessay,-0.006841223375148658,1.0,0.1460999995470047,0.31310001015663147
455605,3685,J.D. Martin,-0.006843923441401654,1.0,0.1754000037908554,0.1754000037908554
681963,sa3006986,Conner Loeprich,-0.006851892254738753,1.0,0.10369999706745148,0.5127000212669373
641457,sa857562,Bailey Clark,-0.006859673624188658,1.0,0.0,1.0
671795,sa945470,Alsis Herrera,-0.006862046618518089,1.0,0.0,1.0
673662,sa3004006,Robinson Ortiz,-0.006871995747960273,1.0,0.17350000143051147,0.18449999392032623
642566,sa737380,Darwin Ramos,-0.006873166979895188,1.0,0.019300000742077827,0.9093000292778015
640485,sa735860,Alexis Rivero,-0.006876058930915236,1.0,0.11020000278949738,0.4821999967098236
445994,sa3000055,Alexis Candelario,-0.0068962038415963664,1.0,0.17190000414848328,0.19189999997615814
623211,6107,Huascar Brazobán,-0.0069024448903510826,1.0,0.0,1.0
622009,sa657149,Jaime Lugo,-0.006902886474357002,1.0,0.1340000033378601,0.3700000047683716
681943,sa3007614,Will Kobos,-0.006928302556278973,1.0,0.1754000037908554,0.1754000037908554
641551,sa919409,Jake Elliott,-0.0069306829570130405,1.0,0.06840000301599503,0.6783999800682068
641489,sa875843,Marcus Crescentini,-0.006935250168981294,1.0,0.0,1.0
650204,19580,Norge Ruiz,-0.006942482021962418,1.0,0.0,1.0
676800,sa3004772,Nate Harris,-0.006949702246724129,1.0,0.04960000142455101,0.7666000127792358
670946,sa921581,Matt Pobereyko,-0.006951801846231119,1.0,0.0,1.0
656906,sa3008221,Parker Joe Robinson,-0.006955436478030448,1.0,0.0,1.0
656265,sa3004192,Maverik Buffo,-0.006959301567005838,1.0,0.0794999971985817,0.6265000104904175
592753,15639,Dan Slania,-0.006972752488524149,1.0,0.0,1.0
666450,sa917392,Joshua Javier,-0.006974071498785082,1.0,0.1754000037908554,0.1754000037908554
469134,6317,Esmil Rogers,-0.0069812569056195576,1.0,0.0,1.0
430641,2237,Blaine Boyer,-0.006984137465311377,1.0,0.0,1.0
682419,sa3006776,Wyatt Burns,-0.006987337678773867,1.0,0.0,1.0
688585,sa1172135,Andy Fisher,-0.006988930278959173,1.0,0.07349999994039536,0.6545000076293945
663601,sa3007204,Sean Wymer,-0.006995613133350519,1.0,0.1728000044822693,0.18780000507831573
641501,15126,Tyler Danish,-0.0069970523941392864,1.0,0.0,1.0
670436,sa918550,Mike Ellenbest,-0.00699877664066294,1.0,0.030400000512599945,0.8574000000953674
663417,sa857564,Drake Owenby,-0.007010616793413416,1.0,0.15950000286102295,0.25049999356269836
681473,sa3007851,Tyler McKay,-0.0070109609132748395,1.0,0.15950000286102295,0.25049999356269836
624420,sa737534,Ian Clarkin,-0.007017246430426307,1.0,0.0,1.0
663684,sa3007587,Adam Wolf,-0.007022841397917318,1.0,0.1754000037908554,0.1754000037908554
593340,sa547815,Joan Gregorio,-0.007024379916157855,1.0,0.0,1.0
664301,sa874818,Wandisson Charles,-0.007027168501626301,1.0,0.0,1.0
666081,sa883461,Adam Quintana,-0.007027644783259905,1.0,0.11490000039339066,0.45989999175071716
660765,sa871769,Jesus Rodriguez,-0.007038283955537559,1.0,0.1754000037908554,0.1754000037908554
641660,sa874149,Brett Hanewich,-0.007045179227610216,1.0,0.0,1.0
592169,17237,Austin Brice,-0.0070472347421033765,14.07409954071045,0.0,14.07409954071045
663473,sa875613,Andrew Jordan,-0.007053119037407774,1.0,0.1754000037908554,0.1754000037908554
664173,sa913153,Jared Carkuff,-0.0070552013304403215,1.0,0.0,1.0
656513,sa857665,Brock Hartson,-0.0070580563019579795,1.0,0.16509999334812164,0.2240999937057495
452743,sa294706,Jason Urquidez,-0.007074023770836856,1.0,0.0,1.0
656561,sa827196,Nick Howard,-0.0070780519185372585,1.0,0.0,1.0
657581,sa829731,Will Gaddis,-0.007080047864349499,1.0,0.1754000037908554,0.1754000037908554
656234,21267,Jake Bird,-0.007080569706974712,1.0,0.09749999642372131,0.5414999723434448
643225,sa738534,Matt Blandino,-0.007084305234809948,1.0,0.1712000072002411,0.19519999623298645
664155,sa875199,Nate Griep,-0.0070917353320830295,1.0,0.0,1.0
430599,4849,Joe Blanton,-0.0071037835862218235,1.0,0.0,1.0
664964,sa875810,Jacob Shortslef,-0.007136140659516814,1.0,0.0,1.0
676778,sa3004220,Josh Advocate,-0.007144031370721457,1.0,0.06880000233650208,0.676800012588501
682023,sa3007485,Josh Dye,-0.007151637826681204,1.0,0.0,1.0
592781,12165,Matt Stites,-0.007161181075723764,1.0,0.0,1.0
680689,24581,Lyon Richardson,-0.007170319636416819,1.0,0.1754000037908554,0.1754000037908554
663541,sa3007008,Tanner Dodson,-0.007173091932581358,1.0,0.1316000074148178,0.3815999925136566
622161,16344,Eduardo Paredes,-0.007182124059499452,1.0,0.0,1.0
663998,sa875160,Chase Ingram,-0.007189648855224452,1.0,0.16609999537467957,0.2190999984741211
667523,sa3004453,Wyatt Marks,-0.007195254820042574,1.0,0.1754000037908554,0.1754000037908554
514390,sa508092,Marco Tovar,-0.007221637738978047,1.0,0.1712000072002411,0.19519999623298645
660720,sa873150,Diego Cordero,-0.0072488666005195495,1.0,0.1754000037908554,0.1754000037908554
679721,sa3006819,Joey Pulido,-0.007255902490767741,1.0,0.0,1.0
676337,sa3006808,Connor Higgins,-0.007258770881437443,1.0,0.0,1.0
571584,10075,Caleb Cotham,-0.0072631867254503895,1.0,0.0,1.0
643388,sa738905,Tyler Kane,-0.0072692222841257885,1.0,0.1754000037908554,0.1754000037908554
666690,sa916705,Angello Infante,-0.0072695865225856325,1.0,0.15770000219345093,0.25870001316070557
676687,sa3005031,Jackson Stoeckinger,-0.00727120389635688,1.0,0.12720000743865967,0.40220001339912415
664356,sa873731,Wuilder Rodriguez,-0.007271305179811919,1.0,0.1542000025510788,0.2752000093460083
660789,sa873218,Julio Frias,-0.007279616087430653,1.0,0.1754000037908554,0.1754000037908554
623454,15130,Drew Anderson,-0.007290037869684135,1.8518999814987183,0.0,1.8518999814987183
605464,sa577722,Derek Self,-0.007292945436217791,1.0,0.01679999940097332,0.920799970626831
628367,sa737019,Miguel Urena,-0.007298695822788818,1.0,0.0,1.0
623395,17233,Brian Ellington,-0.007299609545059064,1.0,0.0,1.0
502272,3926,Casey Fien,-0.007304007081133112,1.0,0.0,1.0
681989,sa3010567,Dalton Roach,-0.007305537254373038,1.0,0.1754000037908554,0.1754000037908554
656613,sa876113,Sean Keselica,-0.007313879256578157,1.0,0.0,1.0
656545,sa828698,Grant Hockin,-0.007314178318046334,1.0,0.1754000037908554,0.1754000037908554
660906,21018,Francisco Pérez,-0.007336371024788952,1.0,0.17110000550746918,0.19609999656677246
668697,sa3008023,Reid Schaller,-0.007354345177445314,1.0,0.1754000037908554,0.1754000037908554
672582,22717,Angel Zerpa,-0.007364231307421898,1.0,0.17260000109672546,0.18860000371932983
656619,sa3007200,Chance Kirby,-0.007370463187379685,1.0,0.16580000519752502,0.2207999974489212
622727,sa657308,Jose Paulino,-0.007372875444318094,1.0,0.10769999772310257,0.4936999976634979
644403,sa830305,Luis Martinez,-0.007394915371063732,1.0,0.0,1.0
677552,sa3004749,Clay Chandler,-0.007412659563299703,1.0,0.1754000037908554,0.1754000037908554
531589,sa509937,Luis Mendez,-0.007426309991665278,1.0,0.1704999953508377,0.19850000739097595
678759,sa3006496,Luis Villar,-0.007433032416505749,1.0,0.16930000483989716,0.20430000126361847
656219,sa829390,Landon Beck,-0.007434221295568505,1.0,0.0,1.0
668677,sa918013,Tyler Mondile,-0.007440880935896972,1.0,0.1754000037908554,0.1754000037908554
666168,21850,Mason Thompson,-0.007448546475847442,1.0,0.16680000722408295,0.21580000221729279
624514,sa918258,Ryan Olson,-0.007458714263371004,1.0,0.0,1.0
663943,sa3004987,Nick Kennedy,-0.007459497832653975,1.0,0.0,1.0
682052,25098,Jacob Lopez,-0.007459556053579258,1.0,0.1754000037908554,0.1754000037908554
650869,sa206642,Rodolfo Martinez,-0.00745993324450895,1.0,0.0,1.0
641388,sa737945,Ty Boyles,-0.007465476441894199,1.0,0.0,1.0
656947,sa3003991,Donnie Sellers,-0.007471138481818578,1.0,0.15399999916553497,0.2759999930858612
475243,9884,Travis Wood,-0.007478933664113427,1.0,0.12139999866485596,0.4293999969959259
658655,sa832333,Jesus Linarez,-0.0074881132188396975,1.0,0.058400001376867294,0.7253999710083008
465629,3970,Edward Mujica,-0.007488547961206339,1.0,0.0,1.0
608167,14699,Jonathan Aro,-0.007489649350722181,1.0,0.0,1.0
670179,sa918908,Justin Kelly,-0.007498295612380679,1.0,0.0,1.0
519186,8887,Matt Reynolds,-0.00749992251502711,1.0,0.0,1.0
643282,sa738347,Matthew DeRosier,-0.007500278354169255,1.0,0.16609999537467957,0.2190999984741211
642159,sa737825,Josh Uhen,-0.007502485075592389,1.0,0.0,1.0
678672,sa3006127,Carlos Guarate,-0.007502856147992777,1.0,0.16859999299049377,0.20759999752044678
676130,23313,José Buttó,-0.0075079865881215666,1.0,0.17260000109672546,0.18860000371932983
452666,9975,Tom Wilhelmsen,-0.007512817093692873,1.0,0.0,1.0
673267,sa3003084,Hector Soto,-0.0075207607198392555,1.0,0.10490000247955322,0.5069000124931335
670940,sa3004647,Juan Pablo Lopez,-0.007530503862257082,1.0,0.12370000034570694,0.4187000095844269
455377,sa325738,Rolando Valdez,-0.0075311884424183245,1.0,0.16670000553131104,0.2167000025510788
502011,10500,Preston Claiborne,-0.007532093900254042,1.0,0.0,1.0
400072,sa208507,Juan Antonio Pena,-0.007538627529052231,1.0,0.13490000367164612,0.3659000098705292
518464,sa526934,Seth Blair,-0.007562885007526188,1.0,0.07020000368356705,0.670199990272522
689562,sa3010670,Robert Klinchock,-0.007564114057240579,1.0,0.1509000062942505,0.29089999198913574
661426,sa873207,Freicer Perez,-0.007566965932867764,1.0,0.1754000037908554,0.1754000037908554
678368,23899,Valente Bellozo,-0.0075670714615877765,1.0,0.12880000472068787,0.39480000734329224
678616,sa3006697,C.J. Eldred,-0.007567335719570761,1.0,0.06840000301599503,0.6783999800682068
665142,sa876250,Adam Lau,-0.0075729010909753244,1.0,0.017899999395012856,0.9158999919891357
592779,16727,Brock Stewart,-0.007582317746089155,1.0,0.0,1.0
668665,19545,Stephen Nogosek,-0.007594147547345804,1.0,0.0,1.0
616617,sa655012,Adrian Gusman,-0.007609104053802156,1.0,0.018200000748038292,0.9142000079154968
670267,sa918672,Will Kincanon,-0.007611777192014463,1.0,0.0,1.0
672851,22925,Joan Adon,-0.007617027023269705,1.0,0.17389999330043793,0.18289999663829803
656326,sa829472,Gary Cornish,-0.007617456949018101,1.0,0.1687999963760376,0.20679999887943268
573166,9812,Murphy Smith,-0.007623722840041531,1.0,0.0,1.0
622426,sa658087,Adrian Almeida,-0.0076240272825365005,1.0,0.0,1.0
658305,19276,Edgar García,-0.007632143886761807,2.9630000591278076,0.0,2.9630000591278076
677910,sa3005232,Zach Prendergast,-0.007645947704338051,1.0,0.05979999899864197,0.7188000082969666
641662,sa738344,Alec Hansen,-0.0076558324666460825,1.0,0.02070000022649765,0.9027000069618225
641850,15215,Kevin McGowan,-0.007659827784894214,1.0,0.0,1.0
675195,sa3002818,Juan Mercedes,-0.007668912396146199,1.0,0.13040000200271606,0.3874000012874603
680739,24606,Josh Winder,-0.007669061708034953,1.0,0.1754000037908554,0.1754000037908554
670035,sa918033,Dan Dallas,-0.007672196180549001,1.0,0.02250000089406967,0.8945000171661377
650142,sa830462,Hansel Rodriguez,-0.00767750586491164,1.0,0.0,1.0
668834,22176,Easton McGee,-0.007696990061347664,1.0,0.17229999601840973,0.19030000269412994
573137,sa503435,Gerardo Sanchez,-0.00770351932533965,1.0,0.0,1.0
572143,12784,Burch Smith,-0.00770533216579001,5.555600166320801,0.0,5.555600166320801
657560,sa621650,Joey DeNato,-0.007706100433952939,1.0,0.0,1.0
642417,sa737194,Ivan Andueza,-0.007709523632520939,1.0,0.1632000058889389,0.23319999873638153
662165,sa3007585,Austin Schulfer,-0.007716446709141522,1.0,0.13910000026226044,0.34610000252723694
621066,sa657957,Mitch Brown,-0.0077230910239493855,1.0,0.0,1.0
518567,7312,Josh Collmenter,-0.007744781285422018,1.0,0.0,1.0
650574,sa829140,Mike Franco,-0.007744789893976449,1.0,0.0,1.0
594105,sa547921,Aldo Montes,-0.007751263239008187,1.0,0.13490000367164612,0.3659000098705292
642571,17313,Merandy Gonzalez,-0.007757351504378471,1.0,0.03720000013709068,0.8252000212669373
675651,sa3004812,Steven Jennings,-0.00777093300761635,1.0,0.1754000037908554,0.1754000037908554
605272,sa621510,Tucker Healy,-0.007777238734417026,1.0,0.0,1.0
682125,sa3006836,Tyler Joyner,-0.007779494309214385,1.0,0.0,1.0
650738,17942,Adonis Rosa,-0.007783621312769938,1.0,0.0,1.0
673686,sa3005318,Hunter Haworth,-0.007791501879559709,1.0,0.12349999696016312,0.4194999933242798
663649,sa874732,Nolan Watson,-0.007792127733770069,1.0,0.1754000037908554,0.1754000037908554
669210,sa873675,Mitchell Jordan,-0.007803839800479191,1.0,0.1680999994277954,0.210099995136261
664039,sa875765,Geno Encina,-0.00781012830056742,1.0,0.12210000306367874,0.4260999858379364
457732,1368,Andrew Bailey,-0.00781379006431504,1.0,0.0,1.0
642050,sa738140,Alex Schick,-0.007817483747791018,1.0,0.0,1.0
687341,sa3010000,Evan Johnson,-0.007835404966714641,1.0,0.1656000018119812,0.2215999960899353
669622,19742,Anthony Bender,-0.00784097668946384,1.0,0.0,1.0
656307,sa3008034,Clayton Chatham,-0.007843041740055758,1.0,0.16369999945163727,0.23070000112056732
664042,18600,Travis Lakins,-0.007848134832517943,5.555600166320801,0.0,5.555600166320801
669711,20375,Greg Weissert,-0.007852200274626814,1.0,0.0,1.0
682454,sa3007625,Carter Love,-0.007857724754671676,1.0,0.1754000037908554,0.1754000037908554
676771,sa873266,Hunter Martin,-0.00785791007362546,1.0,0.0,1.0
606256,sa597019,Jorge Ortega,-0.007861280044168343,1.0,0.16859999299049377,0.20759999752044678
650980,sa828297,Samuel Zazueta,-0.00786308884456642,1.0,0.09749999642372131,0.5414999723434448
450275,7416,Mark Lowe,-0.007874447338514102,1.0,0.0,1.0
607517,sa602390,Jake Ehret,-0.007877018091595332,1.0,0.0,1.0
616405,sa652174,Mario Meza,-0.007879597099448557,1.0,0.0,1.0
656187,sa3007454,Luis Alvarado,-0.007892556569298749,1.0,0.15770000219345093,0.25870001316070557
621455,sa659266,Sean McLaughlin,-0.007896542639830625,1.0,0.0,1.0
592341,12166,David Goforth,-0.007903404776225136,1.0,0.0,1.0
488786,9720,Louis Coleman,-0.007920090964863605,1.0,0.0,1.0
448609,8280,Tony Sipp,-0.007922687519925746,7.407400131225586,0.0,7.407400131225586
676175,sa3003167,Dionis Zamora,-0.00792601766301176,1.0,0.1754000037908554,0.1754000037908554
502195,9195,Vic Black,-0.007928832324906532,1.0,0.0,1.0
514919,sa504880,Jesus Pirela,-0.007934334878299502,1.0,0.0,1.0
606227,sa597725,Yoel Espinal,-0.007939334203454222,1.0,0.0,1.0
676666,sa3005029,Matt Turner,-0.007939470184115014,1.0,0.1754000037908554,0.1754000037908554
572308,14470,José A. Váldez,-0.007952687016799787,1.0,0.0,1.0
665880,sa917803,Deivi Diaz,-0.007959361413281085,1.0,0.1476999968290329,0.30570000410079956
453526,sa273164,Jesse Estrada,-0.007962882161776133,1.0,0.15320000052452087,0.2802000045776367
663463,sa875701,Jio Orozco,-0.007975915828149424,1.0,0.1704999953508377,0.19850000739097595
669306,sa872713,J.D. Busfield,-0.007979709771441905,1.0,0.12559999525547028,0.40959998965263367
623362,sa548554,Estevan Gonzalez,-0.007984402023444907,1.0,0.10909999907016754,0.4871000051498413
527055,5498,Arodys Vizcaíno,-0.007986112857018265,9.259300231933594,0.0,9.259300231933594
656356,sa829015,Weston Davis,-0.007986782886992436,1.0,0.1754000037908554,0.1754000037908554
624430,sa829121,Tommy Thorpe,-0.00800545874991418,1.0,0.0,1.0
664971,sa875749,Austin Sodders,-0.008012647595413072,1.0,0.08749999850988388,0.5885000228881836
676949,sa3007806,Miller Hogan,-0.00801584194776949,1.0,0.1378999948501587,0.35190001130104065
465038,sa509749,Alejandro Soto,-0.008018096413939782,1.0,0.10000000149011612,0.5299999713897705
468539,sa282907,Edgar Alberto Garcia,-0.00802535726074547,1.0,0.14000000059604645,0.34200000762939453
661415,sa877525,Jhon De Jesus,-0.00802673937209777,1.0,0.1754000037908554,0.1754000037908554
673164,sa3003058,Leonardo Rodriguez,-0.00803107200237157,1.0,0.1728000044822693,0.18780000507831573
664590,sa872546,Jorge Tavarez,-0.008037446618915003,1.0,0.0,1.0
660674,sa872514,Alberto Guerrero,-0.008037714248181754,1.0,0.17260000109672546,0.18860000371932983
656031,sa830035,Edgardo Sandoval,-0.008048687779250944,1.0,0.11089999973773956,0.4788999855518341
672442,22622,Yovanny Cruz,-0.008051019784548537,1.0,0.16210000216960907,0.23810000717639923
667421,sa3008532,Blaine Knight,-0.008052885570197975,1.0,0.17389999330043793,0.18289999663829803
629842,sa733543,Henry Garcia,-0.008060215217241469,1.0,0.17389999330043793,0.18289999663829803
672810,sa3003037,Jairo Solis,-0.008062927519394605,1.0,0.16930000483989716,0.20430000126361847
584991,sa542183,Angel Araiza,-0.008063549880796104,1.0,0.1535000056028366,0.2784999907016754
621123,sa876065,Matt Custred,-0.008064878249948709,1.0,0.0,1.0
680762,sa3005415,Carlos Sano,-0.008069210162529459,1.0,0.009100000374019146,0.957099974155426
660827,sa873299,Randy Acevedo,-0.008070459061797729,1.0,0.1754000037908554,0.1754000037908554
660801,sa873294,Jasier Herrera,-0.00808448492824521,1.0,0.16609999537467957,0.2190999984741211
676206,23324,Freddy Tarnok,-0.008092402612344118,1.0,0.1754000037908554,0.1754000037908554
622743,sa659903,Miguel Rosario,-0.008092947555752867,1.0,0.0,1.0
621143,sa659000,Jackson McClelland,-0.008104560824005914,1.0,0.0,1.0
676763,sa3005146,Adam Stauffer,-0.008106710979132958,1.0,0.15299999713897705,0.2809999883174896
621281,13796,Tyler Wagner,-0.008143710816626019,1.0,0.0,1.0
610143,sa659315,Alberto Tirado,-0.008147042274108335,1.0,0.0,1.0
642767,sa737055,Jose Almonte,-0.008154014010023596,1.0,0.0,1.0
675842,sa3003158,Emilker Guzman,-0.00815653667525551,1.0,0.16699999570846558,0.2150000035762787
623149,13892,Paul Sewald,-0.008156676041103327,6.6666998863220215,0.0,6.6666998863220215
664870,sa827479,Ryan Riga,-0.008159412640208271,1.0,0.017400000244379044,0.91839998960495
657770,16873,Eric Stout,-0.008160083614416313,1.0,0.0,1.0
670193,sa918939,Garrison Bryant,-0.008169231896297122,1.0,0.1647000014781952,0.2257000058889389
670949,sa922004,Evan Piechota,-0.008182304716305313,1.0,0.1307000070810318,0.385699987411499
650674,sa833402,Manuel Rodriguez,-0.008196937272623507,1.0,0.12319999933242798,0.4212000072002411
660730,20962,Elvin Rodríguez,-0.00819763488164158,1.0,0.17389999330043793,0.18289999663829803
683039,sa3008462,Kevin Folman,-0.008204888368893874,1.0,0.15389999747276306,0.2768999934196472
605518,sa834330,Michael Velasquez,-0.008208689936115073,1.0,0.14399999380111694,0.3230000138282776
672598,sa3002788,Alemao Hernandez,-0.008212672094704783,1.0,0.17299999296665192,0.18700000643730164
676377,sa915861,Wills Montgomerie,-0.008221106846569562,1.0,0.11810000240802765,0.44510000944137573
674761,sa3002817,Carlos Montilla,-0.00822189438553314,1.0,0.1754000037908554,0.1754000037908554
644427,sa837843,Sven Schüller,-0.008223595671735102,1.0,0.0,1.0
676435,sa3004588,Harold Cortijo,-0.008230415057079896,1.0,0.1754000037908554,0.1754000037908554
607363,sa526880,Patrick Johnson,-0.008257541567645625,1.0,0.1754000037908554,0.1754000037908554
672548,sa3002979,Edisson Gonzalez,-0.00826105872751742,1.0,0.16930000483989716,0.20430000126361847
643617,15285,Zac Reininger,-0.008265485633405976,1.0,0.012500000186264515,0.9415000081062317
670160,sa918326,Derek Heffel,-0.00826706615298697,1.0,0.0877000018954277,0.5877000093460083
453172,9325,Jared Hughes,-0.008268872342010567,9.259300231933594,0.0,9.259300231933594
641728,sa738369,Bud Jeter,-0.008274361371867392,1.0,0.0,1.0
657092,sa829420,Zach Warren,-0.008275304107500056,1.0,0.0,1.0
657081,sa829176,Paul Voelker,-0.008289702342561727,1.0,0.039500001817941666,0.8144999742507935
544993,8402,Steve Geltz,-0.008290283530607867,1.0,0.0,1.0
605238,sa829473,Parker French,-0.008298446047629214,1.0,0.11890000104904175,0.4408999979496002
612551,sa3001052,Derrick Miramontes,-0.008299041748903698,1.0,0.05420000106096268,0.745199978351593
674555,sa3002816,Kelvin Nunez,-0.008314874921525429,1.0,0.1444000005722046,0.321399986743927
592329,12143,Jason García,-0.008333767494956703,1.0,0.0,1.0
592804,10688,Tyler Thornburg,-0.008335803396127271,3.703700065612793,0.0,3.703700065612793
661408,sa873758,Luis Perez,-0.00834217696891806,1.0,0.05979999899864197,0.7188000082969666
641789,sa737818,Dan Lietz,-0.008343987180254376,1.0,0.0272000003606081,0.8722000122070312
643232,sa738328,Matt Brill,-0.008361174807904664,1.0,0.0,1.0
665622,21649,Luis Medina,-0.00836945891160715,1.0,0.1754000037908554,0.1754000037908554
664928,sa873983,Boomer Biegalski,-0.008392599423915384,1.0,0.0,1.0
663975,21092,Nick Duron,-0.00839678773680391,1.0,0.0,1.0
572208,10044,Ashur Tolliver,-0.008405438649196193,1.0,0.0,1.0
680048,sa3005371,Aldo Ramirez,-0.008408596535579264,1.0,0.1728000044822693,0.18780000507831573
681837,sa3006705,Ben Morrison,-0.00840894353386073,1.0,0.0,1.0
624354,sa659790,Ryne Slack,-0.008413249749770617,1.0,0.02319999970495701,0.8912000060081482
660440,sa877574,Odalvi Javier,-0.008413703440500726,1.0,0.1754000037908554,0.1754000037908554
621135,sa873637,Reece Karalus,-0.008416366824350697,1.0,0.04320000112056732,0.7972000241279602
595902,sa919018,Justin Camp,-0.008417563979330526,1.0,0.0,1.0
677743,sa3004993,Mark Simon,-0.008417753004325224,1.0,0.13490000367164612,0.3659000098705292
681579,sa3008333,Nick Thwaits,-0.008430688110155706,1.0,0.1754000037908554,0.1754000037908554
672795,sa3003036,Samuel Reyes,-0.008443385395171137,1.0,0.055799998342990875,0.7378000020980835
676150,sa3005420,Connor Strain,-0.008447261135106552,1.0,0.0,1.0
670722,sa921422,William Ouellette,-0.008458091978553933,1.0,0.02329999953508377,0.8902999758720398
669732,sa873281,Brandon Miller,-0.008470616612862652,1.0,0.15530000627040863,0.2703000009059906
435400,5861,Jason Motte,-0.008473328830309438,1.0,0.0,1.0
643511,15541,Tyler Rogers,-0.008473900785106405,24.074100494384766,0.0,24.074100494384766
691094,25804,Randy Wynne,-0.008506425029651396,1.0,0.10930000245571136,0.486299991607666
641990,sa738270,Daniel Procopio,-0.008513777610727356,1.0,0.0,1.0
640465,sa738415,Robert Tyler,-0.008514685570836416,1.0,0.0,1.0
691195,sa3011223,Frank Valentino,-0.008539471826250165,1.0,0.17229999601840973,0.19030000269412994
667746,sa917763,Edwuin Bencomo,-0.008544336111454918,1.0,0.09700000286102295,0.5440000295639038
666208,21859,Alex Speas,-0.00856024948045823,1.0,0.1754000037908554,0.1754000037908554
663612,sa3008161,Ryan Shetter,-0.008563612799546658,1.0,0.05909999832510948,0.722100019454956
459372,sa200086,Jonathan Castellanos,-0.008568504251923357,1.0,0.1404000073671341,0.34040001034736633
672529,sa3002971,Yefri Del Rosario,-0.008576893774081489,1.0,0.1754000037908554,0.1754000037908554
676451,sa3005358,Max Gamboa,-0.008579978723989029,1.0,0.0,1.0
672611,sa3002996,Delvin Capellan,-0.008591234098648462,1.0,0.1754000037908554,0.1754000037908554
622524,sa659446,Yankory Pimentel,-0.008597392242881656,1.0,0.0,1.0
663597,sa876313,Adam Hill,-0.008601871482072839,1.0,0.17110000550746918,0.19609999656677246
642236,sa875398,Joe Zanghi,-0.008610911645963866,1.0,0.04019999876618385,0.8112000226974487
665045,sa875831,Corey Copping,-0.008611188365640343,1.0,0.0,1.0
676711,sa3005408,Nick Gallagher,-0.008630625127402985,1.0,0.10559999942779541,0.503600001335144
679587,sa3005856,Ludwin Jimenez,-0.008635547344078395,1.0,0.15950000286102295,0.25049999356269836
681794,sa3008669,Hugh Smith,-0.00864714496732717,1.0,0.1754000037908554,0.1754000037908554
669791,sa922562,Miguel Jerez,-0.008668059929841746,1.0,0.10559999942779541,0.503600001335144
608591,sa602272,Alejandro Arteaga,-0.008678439409655129,1.0,0.0997999981045723,0.5307999849319458
453646,4138,Carlos Villanueva,-0.008683275986779522,1.0,0.0,1.0
676817,sa915714,Paul Balestrieri,-0.008684538154730368,1.0,0.16179999709129333,0.23980000615119934
596095,sa602422,Jared Ruxer,-0.008688130576284873,1.0,0.0,1.0
621263,sa657941,Ryan McNeil,-0.008688587860798128,1.0,0.0,1.0
663819,sa875768,Kyle Wilson,-0.00868909759389145,1.0,0.16820000112056732,0.20919999480247498
667681,sa918031,Daniel Brown,-0.00869869256607407,1.0,0.02250000089406967,0.8945000171661377
451085,2646,Brian Matusz,-0.008728213345234402,1.0,0.05959999933838844,0.7196000218391418
485632,sa509788,Miguel Ruiz,-0.008729482177883875,1.0,0.16930000483989716,0.20430000126361847
682098,sa3007488,Travis Perry,-0.008741567351556349,1.0,0.15790000557899475,0.2578999996185303
622365,sa657700,Anfernee Benitez,-0.008745515636297321,1.0,0.025299999862909317,0.8812999725341797
615695,sa658192,Ryan Kellogg,-0.008752776058962877,1.0,0.1274999976158142,0.40049999952316284
595393,sa549956,Nolan Sanburn,-0.008754345459697764,1.0,0.14319999516010284,0.3271999955177307
663958,sa875696,Ryne Inman,-0.008757792105059285,1.0,0.1754000037908554,0.1754000037908554
554230,sa510464,Amilcar Gaxiola,-0.008764279587358318,1.0,0.16699999570846558,0.2150000035762787
665854,21728,Luis Oviedo,-0.008767189850329522,1.0,0.1754000037908554,0.1754000037908554
605894,14697,Severino González,-0.008781265529899763,1.0,0.0,1.0
656297,sa3008259,Derek Casey,-0.00879301498651054,1.0,0.17389999330043793,0.18289999663829803
571479,10657,Andrew Bellatti,-0.008793540503265432,1.0,0.0,1.0
622098,17755,Drew Smith,-0.008805495236670312,6.6666998863220215,0.0,6.6666998863220215
646358,sa830500,Leandro Linares,-0.008813881438438823,1.0,0.024399999529123306,0.8853999972343445
621133,sa827345,Trey Killian,-0.008830944778964693,1.0,0.1754000037908554,0.1754000037908554
670134,sa918467,Domenick Carlini,-0.008832798660536618,1.0,0.17329999804496765,0.18529999256134033
672614,sa3002998,Naswell Paulino,-0.008844163274470398,1.0,0.1378999948501587,0.35190001130104065
572990,13427,Pat Light,-0.008845936950873627,1.0,0.0,1.0
670897,sa944989,Daison Acosta,-0.008846260094131022,1.0,0.17299999296665192,0.18700000643730164
669335,sa918097,Will Gilbert,-0.008854415136199287,1.0,0.0,1.0
679304,sa3007473,Reid Birlingmair,-0.008855431872263264,1.0,0.1704999953508377,0.19850000739097595
622338,sa658076,Jesús Liranzo,-0.008864785582791744,1.0,0.0,1.0
664066,sa875329,LJ Brewster,-0.008869891308867337,1.0,0.14110000431537628,0.33709999918937683
688010,25512,Nate Fisher,-0.008883819431471358,1.0,0.1404000073671341,0.34040001034736633
670547,sa947763,Miguel Medrano,-0.008888305064281038,1.0,0.1754000037908554,0.1754000037908554
676339,sa3006964,Sean Rackoski,-0.008890633718888704,1.0,0.0,1.0
658647,sa873529,Tomás Alastre,-0.008891116537624557,1.0,0.1754000037908554,0.1754000037908554
656213,sa829618,Brad Bass,-0.00889421600229014,1.0,0.1428000032901764,0.3287999927997589
657203,sa829689,Will Carter,-0.008894962753780461,1.0,0.019500000402331352,0.9085000157356262
660756,sa873729,Eury Ramos,-0.008901413666135899,1.0,0.1754000037908554,0.1754000037908554
664114,sa3006804,Cole Uvila,-0.008913345710091884,1.0,0.0,1.0
621132,sa657950,Kieran Lovegrove,-0.00891542436290616,1.0,0.0,1.0
635903,18820,Chris Rowley,-0.008920703921880234,1.0,0.0,1.0
667340,sa918630,Erik Espinal,-0.008926742292082878,1.0,0.06390000134706497,0.6998999714851379
680725,sa3007776,Jackson Goddard,-0.00893170542905687,1.0,0.16539999842643738,0.2223999947309494
660764,sa873292,Sandro Cabrera,-0.008939833377231686,1.0,0.01489999983459711,0.9298999905586243
666277,21863,George Soriano,-0.008951612045149578,1.0,0.1703999936580658,0.19939999282360077
667339,sa916727,Johan Dominguez,-0.008956233802781783,1.0,0.156700000166893,0.263700008392334
425532,1137,Jerome Williams,-0.00898355782589311,1.0,0.0,1.0
666910,sa3010117,Dan Metzdorf,-0.009003191450860811,1.0,0.1754000037908554,0.1754000037908554
664055,sa827490,Michael Matuella,-0.009005075118407807,1.0,0.0,1.0
619854,sa654744,Carlos Bustamante,-0.009008683967606089,1.0,0.0,1.0
656880,sa828694,Cody Reed,-0.009009351953407222,1.0,0.047200001776218414,0.7781999707221985
665098,sa875865,Xavier Altamirano,-0.009023842551474384,1.0,0.1728000044822693,0.18780000507831573
448178,6475,Kevin Jepsen,-0.009035175673197973,1.0,0.0,1.0
668594,sa917753,Willy Taveras,-0.009055419229906582,1.0,0.1509000062942505,0.29089999198913574
682176,sa3008427,Charlie Ruegger,-0.00906095707821643,1.0,0.1453000009059906,0.3172999918460846
680668,sa3006152,Abismael Villaman,-0.009064209094282516,1.0,0.15950000286102295,0.25049999356269836
531565,sa514279,Miguel Mejia,-0.009077412651354545,1.0,0.0,1.0
605191,sa599832,Joshua Corrales,-0.009084419507229729,1.0,0.016499999910593033,0.9225000143051147
682503,sa3007272,Felix Minjarez,-0.00911112397060299,1.0,0.07609999924898148,0.6420999765396118
519008,3237,T.J. McFarland,-0.009112267562966235,16.66670036315918,0.0,16.66670036315918
664124,sa875261,Travis Eckert,-0.009139000615353237,1.0,0.16040000319480896,0.24639999866485596
678215,23811,Luarbert Arias,-0.009139869245511764,1.0,0.1606999933719635,0.24469999969005585
650841,sa828277,Diomar Lopez,-0.009154063150612282,1.0,0.0,1.0
670871,19588,Guillo Zuñiga,-0.00915988635427656,1.0,0.0828000009059906,0.61080002784729
676934,sa915671,Parker Rigler,-0.009163019122046237,1.0,0.1754000037908554,0.1754000037908554
622774,14733,José Manuel Fernández,-0.009179887524592492,1.0,0.0,1.0
542413,sa512503,Felipe Gonzalez,-0.00918508902172132,1.0,0.0,1.0
682489,sa3008619,Joe Record,-0.009194516786187702,1.0,0.0,1.0
669803,sa923379,Jeffri Ocando,-0.009205225169847894,1.0,0.1754000037908554,0.1754000037908554
650817,sa828169,Yeudy Garcia,-0.009213562336832749,1.0,0.04280000180006027,0.798799991607666
671162,25873,Connor Thomas,-0.00921803076204048,1.0,0.11180000007152557,0.4747999906539917
456027,8268,Ross Ohlendorf,-0.009221054534400105,1.0,0.0,1.0
542266,10386,Carlos Contreras,-0.009222868462153214,1.0,0.0,1.0
571057,13144,Frank Garces,-0.009232256918317172,1.0,0.00930000003427267,0.9563000202178955
669054,sa918262,Matthew Gorst,-0.009242180236589419,1.0,0.049800001084804535,0.7657999992370605
670810,22461,Logan Gillaspie,-0.009248758380226357,1.0,0.1476999968290329,0.30570000410079956
547749,4079,Junichi Tazawa,-0.00924904168375401,1.0,0.0,1.0
666766,sa3002911,Stiward Aquino,-0.009259504182977607,1.0,0.1754000037908554,0.1754000037908554
669301,sa874229,Blake Quinn,-0.009270719911162599,1.0,0.02419999986886978,0.8862000107765198
682055,sa3007998,Leudeny Pineda,-0.009275473926072487,1.0,0.1485999971628189,0.30160000920295715
650515,sa828553,Juan Pena,-0.009277490708059059,1.0,0.021400000900030136,0.899399995803833
605436,sa829315,Corey Ray,-0.009278263729922243,1.0,0.0,1.0
621337,sa877875,Chase Johnson-Mullins,-0.009280821786792308,1.0,0.0,1.0
657122,sa828702,Ronnie Williams,-0.009297256251062863,1.0,0.0,1.0
678868,24248,Eddy Yean,-0.009297308682260919,1.0,0.1754000037908554,0.1754000037908554
650510,sa828333,Erick Julio,-0.009311411112583528,1.0,0.0,1.0
682097,sa3008000,Connor Mitchell,-0.009311927410706935,1.0,0.0,1.0
642130,16418,Blake Taylor,-0.009315653635538955,13.33329963684082,0.0,13.33329963684082
608328,15036,Chase De Jong,-0.009335149273907899,1.0,0.0,1.0
656237,sa828880,Blake Bivens,-0.009344653056429413,1.0,0.06750000268220901,0.6825000047683716
542909,sa455494,Jose Barajas,-0.009346382957664746,1.0,0.1615999937057495,0.24060000479221344
682915,sa3009778,Luis De La Rosa,-0.009366575215883799,1.0,0.17229999601840973,0.19030000269412994
660603,sa877527,Yosmer Solorzano,-0.009373377436696091,1.0,0.14790000021457672,0.30489999055862427
572021,13323,James Pazos,-0.00939046400933112,17.777799606323242,0.0,17.777799606323242
656025,sa828536,Jean Ruiz,-0.009400767172152446,1.0,0.164000004529953,0.2290000021457672
660787,21420,Yerry De los Santos,-0.009410653332977316,1.0,0.0,1.0
650851,sa971762,Tom de Blok,-0.009419431280586657,1.0,0.1737000048160553,0.18369999527931213
663716,sa3007461,Andrew Cabezas,-0.009422178850804094,1.0,0.17389999330043793,0.18289999663829803
642853,sa737281,Enrique De Los Rios,-0.009423728344464258,1.0,0.06469999998807907,0.6956999897956848
669425,sa918200,Matt Anderson,-0.00944571268514072,1.0,0.13979999721050262,0.34279999136924744
670341,sa918916,Patrick McGuff,-0.009449406792005349,1.0,0.1754000037908554,0.1754000037908554
673215,sa3003065,Juan Diaz,-0.009453758690627348,1.0,0.1754000037908554,0.1754000037908554
676361,sa3006809,Jack Labosky,-0.009456990151170326,1.0,0.02370000071823597,0.888700008392334
408233,sa195168,Francisco Campos,-0.009464487725433067,1.0,0.16599999368190765,0.2199999988079071
650689,sa828823,Nelson Hernandez,-0.009474150804085044,1.0,0.17399999499320984,0.18199999630451202
595165,sa550830,Harrison Cooney,-0.009483416331121501,1.0,0.0,1.0
449079,5960,Wesley Wright,-0.00948447422008712,1.0,0.0,1.0
656328,sa828802,Jake Cosart,-0.009491284322475528,1.0,0.0,1.0
674685,sa3004009,Cole Bartlett,-0.009494905087337881,1.0,0.0,1.0
653857,sa824922,Jorge Rivera,-0.009502182040433434,1.0,0.15950000286102295,0.25049999356269836
647179,sa3008020,Michael Brettell,-0.009511314030109765,1.0,0.16750000417232513,0.21250000596046448
673271,sa3003088,Rosmer Inojosa,-0.009513263025184364,1.0,0.15469999611377716,0.2727000117301941
680974,sa3006974,Zach Spears,-0.009526084778362457,1.0,0.1754000037908554,0.1754000037908554
621356,sa827492,Jordan Minch,-0.009533958846647622,1.0,0.0,1.0
679525,27451,Alec Marsh,-0.009555959717406028,1.0,0.1754000037908554,0.1754000037908554
663717,sa3009924,Dylan King,-0.009557285570937955,1.0,0.10840000212192535,0.4903999865055084
543195,6911,Eddie Gamboa,-0.009563435362232722,1.0,0.0,1.0
670050,22358,Stephen Ridings,-0.00956366173398851,1.0,0.16930000483989716,0.20430000126361847
608037,sa598569,Samil De Los Santos,-0.009571608637041444,1.0,0.0,1.0
677365,sa3004368,Tanner Duncan,-0.009579614021683792,1.0,0.0,1.0
585671,sa543294,Juan Ramon Noriega,-0.009587184734391916,1.0,0.0,1.0
663576,sa876135,Connor Bennett,-0.00960432176561554,1.0,0.0,1.0
660894,sa872820,Elio Silva,-0.009607747600602347,1.0,0.1728000044822693,0.18780000507831573
680844,sa3006153,Michel Gelabert,-0.009610587815734963,1.0,0.15860000252723694,0.25459998846054077
669907,sa918177,Walker Sheller,-0.009624149109040537,1.0,0.0,1.0
672710,22810,Roansy Contreras,-0.009630899727174031,1.0,0.1754000037908554,0.1754000037908554
681841,sa3006768,Alan Strong,-0.009634631086747038,1.0,0.1678999960422516,0.21089999377727509
542669,10307,Roman Mendez,-0.009637298288253804,1.0,0.0,1.0
670087,19192,Brandyn Sittinger,-0.009650345273681278,1.0,0.0,1.0
675653,sa3005121,James Marinan,-0.00965779448005495,1.0,0.1754000037908554,0.1754000037908554
642651,sa737469,Nattino Diplan,-0.009671720179289202,1.0,0.0,1.0
573670,sa503963,Robinson Lopez,-0.009691156977366848,1.0,0.1754000037908554,0.1754000037908554
676968,sa3004229,Matt Gunter,-0.009716554641288002,1.0,0.17139999568462372,0.19439999759197235
673904,20227,Jake Walsh,-0.009730436391772944,1.0,0.1460999995470047,0.31310001015663147
663869,sa3006953,Chris Holba,-0.009733303499239695,1.0,0.1687999963760376,0.20679999887943268
592821,sa549653,Tyler Vail,-0.009777292687069412,1.0,0.1754000037908554,0.1754000037908554
592570,12185,Akeel Morris,-0.009797698119673973,1.0,0.0,1.0
663674,sa3007460,Mason Fox,-0.009803722633854949,1.0,0.0,1.0
663428,sa875307,Bret Helton,-0.0098081715303069,1.0,0.02250000089406967,0.8945000171661377
681347,24728,Mike Burrows,-0.009813639204852233,1.0,0.1754000037908554,0.1754000037908554
676957,sa3004485,Taylor Ahearn,-0.009817236736361028,1.0,0.09160000085830688,0.569599986076355
664197,sa875673,Austin Orewiler,-0.009822646343945935,1.0,0.17399999499320984,0.18199999630451202
573188,6780,Tyler Sturdevant,-0.009823396284986312,1.0,0.0,1.0
650400,sa827076,Erling Moreno,-0.009827563960965615,1.0,0.1460999995470047,0.31310001015663147
676092,23307,Collin Snider,-0.009834722437228606,1.0,0.016699999570846558,0.9217000007629395
600470,sa599917,Hector Silvestre,-0.009844087070836368,1.0,0.12039999663829803,0.4343999922275543
672570,sa3002988,Nathanael Perez Lopez,-0.009847057602155589,1.0,0.1754000037908554,0.1754000037908554
661099,sa861440,Alvaro Seijas,-0.009847072129843598,1.0,0.1754000037908554,0.1754000037908554
663940,sa875632,Chris Comito,-0.00985019952425644,1.0,0.1492999941110611,0.29829999804496765
663471,sa3010112,Cullen Dana,-0.009852499723445585,1.0,0.16050000488758087,0.24549999833106995
622430,sa688946,Nicolas Debora,-0.009869155707058475,1.0,0.1290999948978424,0.39309999346733093
572943,sa502106,Jeff Ibarra,-0.009872682458180803,1.0,0.0,1.0
677185,sa3004120,Matt Hardy,-0.009873254964970811,1.0,0.06390000134706497,0.6998999714851379
678358,sa3006482,Jose Salvador,-0.00989541247301755,1.0,0.1754000037908554,0.1754000037908554
650797,sa827249,Luis Carrasco,-0.009905648773742117,1.0,0.0,1.0
622273,sa659749,Victor Diaz,-0.00991088294439524,1.0,0.1444000005722046,0.321399986743927
672841,22915,Carlos Vargas,-0.009915363938988942,1.0,0.1754000037908554,0.1754000037908554
642549,sa739256,Angel German,-0.009919851598990215,1.0,0.0,1.0
595465,12237,Dan Winkler,-0.00992197527931198,11.111100196838379,0.0,11.111100196838379
676938,sa3004358,Cole Watts,-0.00992208271029854,1.0,0.1460999995470047,0.31310001015663147
682893,sa3008305,Chandler Raiden,-0.00992547431833244,1.0,0.018400000408291817,0.9133999943733215
608476,sa657808,Osman Gutierrez,-0.009948328168969385,1.0,0.1754000037908554,0.1754000037908554
681718,sa3006171,Emmy Morel,-0.009963859839978583,1.0,0.1754000037908554,0.1754000037908554
608734,sa602917,Kelvin Vasquez,-0.00997580734254213,1.0,0.025299999862909317,0.8812999725341797
664019,sa918643,Mike O'Reilly,-0.00997806316009989,1.0,0.0,1.0
669180,sa917989,Braeden Ogle,-0.009979557117421586,1.0,0.046300001442432404,0.7822999954223633
677520,sa3004683,Tad Ratliff,-0.009988011511095707,1.0,0.0,1.0
606198,sa596949,Anderson Polanco,-0.009996772663599144,1.0,0.07540000230073929,0.6453999876976013
674375,sa3002812,Dayeison Arias,-0.010011083372192977,1.0,0.0,1.0
675965,sa3008483,Griffin Roberts,-0.010024534219733459,1.0,0.17020000517368317,0.20020000636577606
677222,sa3004121,Austin Krzeminski,-0.010035450241654928,1.0,0.027000000700354576,0.8730000257492065
677995,sa3005312,Scott Kuzminsky,-0.01004169648364462,1.0,0.0,1.0
669483,sa916571,Marcos Machado,-0.010048838486825482,1.0,0.1573999971151352,0.2603999972343445
429780,2141,Chris Narveson,-0.01005317663308251,1.0,0.0,1.0
668530,sa916725,Freisis Adames,-0.010054921135168664,1.0,0.1460999995470047,0.31310001015663147
670048,sa918110,Tai Tiedemann,-0.010056422068086813,1.0,0.050200000405311584,0.76419997215271
605368,sa827446,Mason McCullough,-0.010075848617463298,1.0,0.0,1.0
678488,sa3006123,Bryan Lucas,-0.010086249857178113,1.0,0.16539999842643738,0.2223999947309494
641849,sa873280,Aaron McGarity,-0.010086920183107943,1.0,0.0,1.0
670550,22449,Nivaldo Rodriguez,-0.01009952144465008,1.8518999814987183,0.0,1.8518999814987183
595928,16128,John Curtiss,-0.01009993363969798,3.703700065612793,0.0,3.703700065612793
660826,sa872819,Lupe Chavez,-0.010107853054385675,1.0,0.15539999306201935,0.2694000005722046
662112,sa918756,Jordan Jess,-0.010108794108455397,1.0,0.0,1.0
676789,sa3004108,Josh Mitchell,-0.010115718324365332,1.0,0.028200000524520874,0.8672000169754028
687150,sa3010377,Scott Politz,-0.010118090237945675,1.0,0.1728000044822693,0.18780000507831573
669358,22264,Shane Baz,-0.010119334365375175,1.0,0.1754000037908554,0.1754000037908554
491707,sa328589,Arturo Barradas,-0.010121340640224142,1.0,0.0,1.0
649226,sa828746,Hector Guance,-0.010129379720962034,1.0,0.17229999601840973,0.19030000269412994
544726,sa504951,Oscar Verdugo,-0.010130034151072791,1.0,0.16699999570846558,0.2150000035762787
573046,13442,Mike Morin,-0.010131961030404459,1.8518999814987183,0.0,1.8518999814987183
651003,sa828481,Angel Guillen,-0.010137299815173242,1.0,0.04670000076293945,0.7807000279426575
641548,sa918000,Mark Ecker,-0.010146258244203015,1.0,0.0,1.0
670155,sa918300,Robby Sexton,-0.010158366126155692,1.0,0.0,1.0
669297,sa918600,Jared Oliver,-0.010160480962145968,1.0,0.0,1.0
670079,sa918348,Tyler Beardsley,-0.010169755914976547,1.0,0.17319999635219574,0.18619999289512634
680618,sa3006408,Heribert Garcia,-0.010170467630065797,1.0,0.15790000557899475,0.2578999996185303
676546,sa3008454,Michael Gomez,-0.010172037811977092,1.0,0.0,1.0
680767,24614,Victor Vodnik,-0.010176134849337388,1.0,0.07530000060796738,0.6463000178337097
672662,sa3003013,Joan Valdez,-0.01017658761439864,1.0,0.17190000414848328,0.19189999997615814
656262,sa3007802,Logan Browning,-0.010180056806887666,1.0,0.0,1.0
623985,sa659414,Manuel Chavez,-0.010191159449684463,1.0,0.0,1.0
469191,sa455989,Carlos Teller,-0.010191452783135312,1.0,0.1460999995470047,0.31310001015663147
432934,3196,Chris Young,-0.010192941636641124,1.0,0.03889999911189079,0.8169000148773193
584176,sa541874,Andres Avila,-0.01020128239416268,1.0,0.0,1.0
621117,sa659272,Mitchell Traver,-0.010204499643942296,1.0,0.1754000037908554,0.1754000037908554
444520,4363,Craig Breslow,-0.010208231615097684,1.0,0.0,1.0
465033,sa262058,Salvador Valdez,-0.010209423063761226,1.0,0.07509999722242355,0.6470999717712402
641886,sa3007801,Andrew Mitchell,-0.010219422803731027,1.0,0.025599999353289604,0.8795999884605408
663340,sa3007711,Parker Kelly,-0.01025386664192856,1.0,0.13860000669956207,0.34860000014305115
656240,16427,Scott Blewett,-0.010255374641748341,1.8518999814987183,0.0,1.8518999814987183
686678,25480,Chase Solesky,-0.010275777872504025,1.0,0.1728000044822693,0.18780000507831573
677652,sa3005346,Jeferson Garcia,-0.010291472371339688,1.0,0.15610000491142273,0.2660999894142151
550340,sa508101,Marco Quevedo,-0.010300102233980419,1.0,0.15039999783039093,0.29339998960494995
676254,20423,Ryan Walker,-0.010310658884761537,1.0,0.0,1.0
656647,sa3007834,Taylor Lehman,-0.010311891799113624,1.0,0.14959999918937683,0.29660001397132874
682200,sa3008043,Austin Drury,-0.010320754449926474,1.0,0.0,1.0
666003,sa917900,Carlos Gonzalez,-0.010330115273003935,1.0,0.1662999987602234,0.218299999833107
670437,sa918634,Lucas Jacobsen,-0.01034916387094759,1.0,0.0,1.0
608678,13763,Dominic Leone,-0.01037253126063788,11.111100196838379,0.0,11.111100196838379
444556,sa295625,Santiago Gutierrez,-0.010377585057976625,1.0,0.07209999859333038,0.6610999703407288
641241,sa737570,Hector Galvan,-0.01039624903048106,1.0,0.16509999334812164,0.2240999937057495
663617,sa3007205,Frankie Bartow,-0.010415080791542583,1.0,0.0,1.0
628318,19757,Kazuhisa Makita,-0.010417680156987108,2.0,0.0,2.0
683425,sa3009992,Hyun-il Choi,-0.010437508286936202,1.0,0.1662999987602234,0.218299999833107
665806,sa918024,Winston Nicacio,-0.010454456843133633,1.0,0.13680000603199005,0.35679998993873596
676962,23590,Ben Brown,-0.010464112603792578,1.0,0.1096000000834465,0.4846000075340271
668997,sa918213,Michael Koval,-0.010464164256519167,1.0,0.0,1.0
665048,18615,Hobie Harris,-0.010476472388613753,1.0,0.0,1.0
666808,21992,Camilo Doval,-0.010495115968260844,1.0,0.0,1.0
681022,sa3007236,Austin Lambright,-0.010503954635797822,1.0,0.0,1.0
670078,sa918347,Ben Krauth,-0.01050520276313358,1.0,0.0,1.0
664933,sa875356,Matt Bower,-0.010506406017091529,1.0,0.025100000202655792,0.882099986076355
682201,sa3007817,Austin Ross,-0.010506930673311128,1.0,0.0,1.0
624648,sa739645,Willian Soto,-0.010508839598735125,1.0,0.10790000110864639,0.492900013923645
664168,sa875020,Breckin Williams,-0.010510463680753738,1.0,0.0,1.0
677614,sa3005073,Sadrac Franco,-0.01051170659755743,1.0,0.1754000037908554,0.1754000037908554
622379,20638,Luis F. Castillo,-0.01052260953674105,1.0,0.0,1.0
676707,sa3004771,John Russell,-0.010526949298604933,1.0,0.0,1.0
434564,8742,Zack Segovia,-0.010548145218468592,1.0,0.0,1.0
606478,17697,Pedro Araújo,-0.010553885542724366,1.0,0.0,1.0
667927,sa914205,Wes Torrez,-0.010559092934258813,1.0,0.15109999477863312,0.29010000824928284
681890,sa3007249,Troy Watson,-0.010576173825125173,1.0,0.1671999990940094,0.2142000049352646
672782,22872,Yoendrys Gómez,-0.01058039297026411,1.0,0.1754000037908554,0.1754000037908554
642396,sa737083,Manuel Rondon,-0.010581829003652,1.0,0.0,1.0
662141,sa3003993,Adam Reuss,-0.01058499344567647,1.0,0.15119999647140503,0.2892000079154968
667679,sa3008314,Jacob Billingsley,-0.010590541360571947,1.0,0.009600000455975533,0.9545999765396118
676285,sa3007220,Leif Strom,-0.010603232779916575,1.0,0.14329999685287476,0.3262999951839447
643319,sa738904,Justin Garcia,-0.01060897907999991,1.0,0.0,1.0
657100,sa829809,Keith Weisenberg,-0.010609060577332427,1.0,0.1525000035762787,0.28349998593330383
514720,sa393279,Marco Antonio Duarte,-0.010618527364449253,1.0,0.11699999868869781,0.44999998807907104
681819,sa3006828,Tyler Smith,-0.010618899727258478,1.0,0.0,1.0
642141,sa738914,Jake Thompson,-0.010634510645151819,1.0,0.0,1.0
645179,sa740428,Luis Ivan Rodriguez,-0.010646469818434225,1.0,0.0,1.0
474039,1330,Pedro Beato,-0.010670328512352893,1.0,0.0,1.0
677644,sa3006100,Brayan Perez,-0.010692246128193108,1.0,0.10679999738931656,0.49779999256134033
542098,sa508761,Luis De La O,-0.010695084277433573,1.0,0.0,1.0
669422,22284,Matt Sauer,-0.01069724608597904,1.0,0.1754000037908554,0.1754000037908554
622783,17754,Sandy Báez,-0.010697462765176845,1.0,0.0,1.0
669853,sa3002914,Gabriel Noguera,-0.010701074856260425,1.0,0.15950000286102295,0.25049999356269836
671305,22533,Michel Otañez,-0.010703380858318422,1.0,0.1754000037908554,0.1754000037908554
666929,sa3008498,Matt Hartman,-0.010712227430971326,1.0,0.15559999644756317,0.2685999870300293
682135,sa3007492,Justin McGregor,-0.010719432275075387,1.0,0.17299999296665192,0.18700000643730164
665001,18454,Trevor Kelley,-0.010725776375694055,1.0,0.0,1.0
663683,sa875796,Ike Schlabach,-0.010730637727761227,1.0,0.07109999656677246,0.666100025177002
650327,sa857589,Billy Strode,-0.010745975490630548,1.0,0.0,1.0
676618,sa3004467,John Curtis,-0.010750532274318958,1.0,0.10019999742507935,0.52920001745224
625559,sa837791,Jose Geraldo,-0.010751164407737712,1.0,0.1754000037908554,0.1754000037908554
676441,sa3007595,Sean Thompson,-0.010756388376716665,1.0,0.1754000037908554,0.1754000037908554
664974,sa875652,Ethan Clark,-0.010770137882354494,1.0,0.0,1.0
655889,20794,Manuel Rodríguez,-0.010772288686638648,1.0,0.0,1.0
501886,sa328208,Derrick Loop,-0.010772695144888584,1.0,0.0,1.0
664071,sa3004321,Connor Law,-0.010790545874185042,1.0,0.0,1.0
676642,sa3004667,Chad Whitmer,-0.010801988661217106,1.0,0.0,1.0
664294,21101,Dauri Moreta,-0.010807569421973695,1.0,0.0,1.0
602513,sa601493,Gonzalo Sanudo,-0.010809229191031956,1.0,0.0,1.0
678408,sa3006486,Teodoro Ortega,-0.010813364418625938,1.0,0.1460999995470047,0.31310001015663147
680622,sa3006699,Carlos Gomez,-0.010827561974312026,1.0,0.13420000672340393,0.3691999912261963
665563,sa917865,Manuel Silva,-0.010841434145818174,1.0,0.14820000529289246,0.30320000648498535
660689,sa873319,Angel Padron,-0.010848284779157873,1.0,0.09139999747276306,0.5703999996185303
650378,sa828239,Ofelky Peralta,-0.010855437368363054,1.0,0.17249999940395355,0.18950000405311584
670056,19231,Caleb Baragar,-0.010865391845792728,1.8518999814987183,0.0,1.8518999814987183
681259,sa3006823,Aaron Pinto,-0.010881004821716894,1.0,0.01720000058412552,0.9192000031471252
641499,sa738284,Ty Damron,-0.010892887354236234,1.0,0.0,1.0
676912,sa3004773,Peter Lannoo,-0.010897245595645696,1.0,0.0,1.0
671128,sa3007214,Conner Nurse,-0.01092792758892953,1.0,0.1728000044822693,0.18780000507831573
594742,13560,Alec Asher,-0.01093852906176124,1.0,0.0,1.0
665859,sa918026,Wilkel Hernandez,-0.0109458450009281,1.0,0.1754000037908554,0.1754000037908554
663566,sa3007805,Peyton Culbertson,-0.010966140221698882,1.0,0.1340000033378601,0.3700000047683716
668964,22191,Tobias Myers,-0.010971048144848883,1.0,0.16040000319480896,0.24639999866485596
679922,24458,Carlos Duran,-0.01097651346121309,1.0,0.1754000037908554,0.1754000037908554
677952,23793,Braxton Ashcraft,-0.010980688926470826,1.0,0.1754000037908554,0.1754000037908554
681659,sa3006074,Jorge Rodriguez,-0.010986035749940304,1.0,0.1356000006198883,0.3625999987125397
658427,sa833561,Jonny Drozd,-0.01098629641480415,1.0,0.0,1.0
641861,sa737630,Casey Meisner,-0.010989902277718082,1.0,0.16120000183582306,0.24220000207424164
591732,sa546533,Ignacio Marrujo,-0.010997567391868862,1.0,0.15950000286102295,0.25049999356269836
665182,sa876243,Billy Layne Jr.,-0.01099793941059095,1.0,0.11649999767541885,0.45249998569488525
667386,sa917366,Sergio Cubilete,-0.010999489949068526,1.0,0.15209999680519104,0.2851000130176544
679893,sa3007606,Manuel Urias,-0.011001793768167123,1.0,0.1754000037908554,0.1754000037908554
682019,sa3007617,Daiveyon Whittle,-0.011008061570142487,1.0,0.1632000058889389,0.23319999873638153
672553,sa3002982,Ignacio Feliz,-0.011014862413988687,1.0,0.17260000109672546,0.18860000371932983
671186,sa923902,Rafael Gomez,-0.011023955115927858,1.0,0.16539999842643738,0.2223999947309494
668587,sa916706,Dennis Herrera,-0.01102981231577578,1.0,0.1728000044822693,0.18780000507831573
608368,sa659047,Clate Schmidt,-0.011032062777649692,1.0,0.07280000299215317,0.657800018787384
656451,sa829790,John Gavin,-0.011048591632322823,1.0,0.1062999963760376,0.5002999901771545
572177,sa503356,Nick Struck,-0.01105723722347632,1.0,0.0,1.0
670537,sa919545,Aron McRee,-0.011064938307055556,1.0,0.0,1.0
458006,4300,Matt Albers,-0.011089528123962814,9.259300231933594,0.0,9.259300231933594
663657,sa875052,Garrett Davila,-0.011090881428646974,1.0,0.16279999911785126,0.23479999601840973
425564,2091,Francisco Del Rosario,-0.011100342405674807,1.0,0.1103999987244606,0.4814000129699707
660522,sa873291,Carlos Suniaga,-0.011125471023035365,1.0,0.0,1.0
671885,sa948674,Vinny Santarsiero,-0.011127854184151045,1.0,0.0,1.0
679820,sa3008068,Zach Neff,-0.011128198542748659,1.0,0.02019999921321869,0.9052000045776367
672456,22630,Keider Montero,-0.0111381004886393,1.0,0.1754000037908554,0.1754000037908554
516414,10240,Ariel Peña,-0.011146878287639907,1.0,0.0,1.0
495646,sa509129,Manuel Baez,-0.011168604928936399,1.0,0.0,1.0
670401,sa918618,Tyree Thompson,-0.011172813564052943,1.0,0.1754000037908554,0.1754000037908554
682512,sa3006844,Matt Leon,-0.01117380744231756,1.0,0.12189999967813492,0.4268999993801117
496005,sa509258,Jorge Ibarra,-0.011174488433086232,1.0,0.0,1.0
663467,sa875998,Jason Bilous,-0.011187142419476466,1.0,0.15070000290870667,0.29170000553131104
457580,sa302341,Anthony Carter,-0.011196816083199918,1.0,0.0,1.0
681616,sa3006515,Israiky Berroa,-0.011200862993420206,1.0,0.17159999907016754,0.19359999895095825
621116,sa918286,Brian Trieglaff,-0.011203134091247466,1.0,0.0,1.0
650960,17480,Daniel Duarte,-0.011229409820779223,1.0,0.0,1.0
663882,sa3008480,Blakely Brown,-0.011231265378587135,1.0,0.1678999960422516,0.21089999377727509
669739,sa918312,Justin Valdespina,-0.011241473370652937,1.0,0.12960000336170197,0.3905999958515167
622739,sa657629,Ariel Gracia,-0.011259448399969297,1.0,0.06260000169277191,0.7056000232696533
472421,sa491795,Heriberto Ruelas,-0.01126939566261615,1.0,0.0,1.0
641594,sa872723,Danny Garcia,-0.01127271115038763,1.0,0.0,1.0
672385,sa3002781,Gabe Morales,-0.011273013381943446,1.0,0.15189999341964722,0.2858999967575073
664747,21132,Alexis Díaz,-0.011289662048807329,1.0,0.08810000121593475,0.5860999822616577
686774,sa3010310,Cooper Bradford,-0.011297234912317768,1.0,0.1754000037908554,0.1754000037908554
665817,sa921661,Martin Buitimea,-0.011311693300381299,1.0,0.1754000037908554,0.1754000037908554
676785,sa3004704,Bryce Conley,-0.01131972555253487,1.0,0.164900004863739,0.2249000072479248
663988,sa875686,Alec Kisena,-0.011362177290670104,1.0,0.09260000288486481,0.5645999908447266
607565,sa602673,Alex Hermeling,-0.01137681750484031,1.0,0.0,1.0
663856,sa875726,Mack Lemieux,-0.01138292036732258,1.0,0.0,1.0
669943,sa919009,Brian McAfee,-0.01139848579638473,1.0,0.09910000115633011,0.5340999960899353
657493,sa829449,Jess Amedee,-0.01140286847992981,1.0,0.0,1.0
673358,sa3002617,Pedro González,-0.01140573327997455,1.0,0.13420000672340393,0.3691999912261963
677013,sa3004676,Rio Gomez,-0.011407261303119417,1.0,0.0,1.0
676964,sa3004486,Ryan Valdes,-0.011415622882925648,1.0,0.0,1.0
599481,sa597220,Helmis Rodriguez,-0.011440295636932735,1.0,0.09960000216960907,0.5315999984741211
676506,sa3004465,Gio Arriera,-0.011446939179932048,1.0,0.1754000037908554,0.1754000037908554
608334,18311,Carson Fulmer,-0.011450476721819525,16.74920082092285,1.2000000476837158,11.57040023803711
681751,24914,Lazaro Estrada,-0.011450990231473128,1.0,0.1678999960422516,0.21089999377727509
661268,sa863882,Hector Mendoza,-0.01147786411372227,1.0,0.0,1.0
672487,sa3002965,Helcris Olivárez,-0.011478305161855908,1.0,0.1754000037908554,0.1754000037908554
680583,sa3006508,Josias De Los Santos,-0.011480580418486718,1.0,0.1656000018119812,0.2215999960899353
675196,sa3002819,Jesus Ozoria,-0.011508806405344066,1.0,0.1623000055551529,0.23729999363422394
518609,sa390604,Ramon Delgado,-0.011520931273355389,1.0,0.09769999980926514,0.5407000184059143
647217,sa3008159,R.J. Freure,-0.011522087199835223,1.0,0.15950000286102295,0.25049999356269836
671345,19531,Jason Foley,-0.011524955982581592,1.0,0.0,1.0
674290,sa3003134,Jose Conopoima,-0.011527621161209334,1.0,0.1460999995470047,0.31310001015663147
675960,sa915638,Alex Troop,-0.01152791399981541,1.0,0.04050000011920929,0.809499979019165
621330,sa827436,Alex Robinson,-0.011527997503025784,1.0,0.0,1.0
676047,sa3004702,Osvaldo Berrios,-0.011528464878549135,1.0,0.1492999941110611,0.29829999804496765
670285,sa918811,Michael Danielak,-0.011539336164972337,1.0,0.0,1.0
465583,sa202910,Juan Sandoval,-0.011541195097197365,1.0,0.0,1.0
670101,sa918431,Lane Hobbs,-0.011546057690786468,1.0,0.06530000269412994,0.6933000087738037
681799,24930,Ethan Roberts,-0.011574541813320802,1.0,0.0,1.0
666765,sa917566,Orlando Noriega,-0.011580339336895328,1.0,0.1728000044822693,0.18780000507831573
669395,22276,Dylan Coleman,-0.011582355102207852,1.0,0.037700001150369644,0.822700023651123
641715,sa829173,Brian Hunter,-0.011589135356106813,1.0,0.0,1.0
676690,sa3006967,Riley Cabral,-0.011591438002408416,1.0,0.0,1.0
662959,sa873497,Jhonleider Salinas,-0.011597843875561814,1.0,0.09560000151395798,0.550599992275238
592398,12515,Taylor Hill,-0.011602871230107175,1.0,0.0,1.0
679338,sa3008165,Bryan Warzek,-0.011603088501980384,1.0,0.1137000024318695,0.4657000005245209
673307,sa3003091,Diarlin Jimenez,-0.011619082506045621,1.0,0.1754000037908554,0.1754000037908554
672552,22690,Jack O'Loughlin,-0.01162945106025372,1.0,0.17260000109672546,0.18860000371932983
663823,sa918926,Troy Bacon,-0.011638810844666213,1.0,0.02930000051856041,0.8622999787330627
677155,sa3002824,Brady Muller,-0.011659654059508882,1.0,0.1754000037908554,0.1754000037908554
641464,sa918276,Trey Cobb,-0.01166223396910689,1.0,0.0,1.0
543158,sa526385,David Fischer,-0.011663745332835292,1.0,0.16050000488758087,0.24549999833106995
683843,sa3009499,Homer Cruz,-0.01167101772090698,1.0,0.1704999953508377,0.19850000739097595
550014,sa509404,Adrian Garza,-0.011675033929563702,1.0,0.17389999330043793,0.18289999663829803
656763,sa829020,Spencer Moran,-0.011701927418914595,1.0,0.1754000037908554,0.1754000037908554
670579,sa919827,Aaron Fossas,-0.011711679858033234,1.0,0.08489999920129776,0.6008999943733215
678578,sa3005439,Elian Ferreira,-0.011715967491642254,1.0,0.1754000037908554,0.1754000037908554
572788,10770,Tyler Cravy,-0.011717061791980616,1.0,0.03720000013709068,0.8252000212669373
657138,sa829165,Stetson Woods,-0.01172304449816645,1.0,0.11349999904632568,0.46650001406669617
667423,sa3008325,Kacey Murphy,-0.011739729761875017,1.0,0.1754000037908554,0.1754000037908554
664156,sa875600,Tommy Peterson,-0.01174403683314314,1.0,0.0,1.0
676670,sa3005202,Derek Molina,-0.011748511644381066,1.0,0.0,1.0
594027,11691,Tyron Guerrero,-0.01174924146491309,7.407400131225586,0.0,7.407400131225586
681617,sa3006516,Kevin Garcia,-0.011770110133882081,1.0,0.17260000109672546,0.18860000371932983
491083,sa502234,Mario Gonzalez,-0.011770207544485748,1.0,0.09749999642372131,0.5414999723434448
663700,sa3008557,Andrew Miller,-0.011773114212722723,1.0,0.1754000037908554,0.1754000037908554
657776,sa709017,Michael Theofanopoulos,-0.011775677282652447,1.0,0.0,1.0
678979,sa3005697,Luis Barroso,-0.011797925470673614,1.0,0.13860000669956207,0.34860000014305115
676517,sa3007472,Tanner Chock,-0.011798692531395965,1.0,0.09109999984502792,0.5720999836921692
660619,sa873145,Felipe Tejada,-0.011814318528183366,1.0,0.12790000438690186,0.39890000224113464
683015,sa3008445,Tomas Reyes,-0.01181596051995446,1.0,0.1754000037908554,0.1754000037908554
676838,sa3004479,Zack Mozingo,-0.011821656157276202,1.0,0.058400001376867294,0.7253999710083008
679973,sa3005866,Jesus Valles,-0.011829596111650282,1.0,0.16979999840259552,0.20180000364780426
673388,sa3003103,Nelvin Correa,-0.011838202284280088,1.0,0.15530000627040863,0.2703000009059906
656586,sa3006693,Cobi Johnson,-0.01186544507081795,1.0,0.15770000219345093,0.25870001316070557
474284,2413,Cory Rasmus,-0.011865897927389239,1.0,0.016699999570846558,0.9217000007629395
455374,8844,Antonio Bastardo,-0.01186911977060765,1.0,0.0,1.0
685107,27453,Anthony Veneziano,-0.01188230741074684,1.0,0.16930000483989716,0.20430000126361847
676910,23563,Matt Seelinger,-0.011898723230568025,1.0,0.0,1.0
670620,sa913096,Joseph Camacho,-0.011908157021184019,1.0,0.0,1.0
673231,sa3003066,Tahnaj Thomas,-0.011941647512310714,1.0,0.1754000037908554,0.1754000037908554
676611,sa3004014,Max Roberts,-0.011946494604509604,1.0,0.17159999907016754,0.19359999895095825
553968,sa505062,Endrys Briceno,-0.011955512359924618,1.0,0.08160000294446945,0.616599977016449
663603,sa3006951,Solomon Bates,-0.011959216457968555,1.0,0.0,1.0
621334,sa856272,Evan Hill,-0.011986615129133698,1.0,0.0,1.0
452168,sa254802,Sergio Valenzuela,-0.012008233254300501,1.0,0.0,1.0
663792,sa875595,Jacob Schlesener,-0.012008942278859487,1.0,0.13420000672340393,0.3691999912261963
678660,sa3007724,Victor Vargas,-0.012063867206546097,1.0,0.16089999675750732,0.24390000104904175
664373,sa883009,Orleny Quiroz,-0.012068813215068048,1.0,0.0,1.0
682110,sa3007815,Kris Jackson,-0.012074486543149953,1.0,0.0,1.0
673163,sa3003057,Cesar Angomas,-0.012080139384995319,1.0,0.1754000037908554,0.1754000037908554
666015,sa917805,Francisco Villegas,-0.012089600166751953,1.0,0.06880000233650208,0.676800012588501
681501,sa3007240,Chavez Fernander,-0.012092098556621621,1.0,0.1632000058889389,0.23319999873638153
666472,sa916947,Jhonatan Munoz,-0.012094869044910089,1.0,0.1754000037908554,0.1754000037908554
670772,sa3005119,Henry Omana,-0.012095200031536807,1.0,0.13860000669956207,0.34860000014305115
673395,sa3003106,Carlos Romero,-0.01210062993211401,1.0,0.17190000414848328,0.19189999997615814
576968,sa510341,Jose Pena,-0.012104210001076738,1.0,0.0,1.0
656422,sa829399,Cre Finfrock,-0.01210569773385281,1.0,0.0,1.0
641360,18519,Phil Bickford,-0.012111679855977331,1.0,0.0,1.0
656608,sa829194,Alec Kenilvort,-0.012133027187814742,1.0,0.0,1.0
676312,sa3010123,Justin Friedman,-0.01215520969027223,1.0,0.13300000131130219,0.375
685401,sa3010306,Logan Gragg,-0.012160804957288504,1.0,0.13019999861717224,0.3882000148296356
681154,sa3008069,Keylan Killgore,-0.012162125770948091,1.0,0.0,1.0
629978,sa857654,Jesse Adams,-0.012195750294007086,1.0,0.053199999034404755,0.7501999735832214
456150,sa328993,Marco Carrillo,-0.012200147241169846,1.0,0.1754000037908554,0.1754000037908554
660995,sa869604,Nathanael Santiago,-0.012201250240080846,1.0,0.0,1.0
664006,sa3004637,Joey Marciano,-0.012215492261536913,1.0,0.0,1.0
681596,sa3006156,Braham Rosario,-0.012220184158678765,1.0,0.17260000109672546,0.18860000371932983
668716,27908,Noah Murdock,-0.012233932803928664,1.0,0.15039999783039093,0.29339998960494995
676395,23363,Robert Garcia,-0.012266068112788112,1.0,0.0,1.0
663880,sa3005302,Peyton Remy,-0.012269606223891344,1.0,0.14820000529289246,0.30320000648498535
669183,sa3011129,Grant Gambrell,-0.012287123561733783,1.0,0.17190000414848328,0.19189999997615814
607469,sa602380,Brandon Bonilla,-0.012292669459348517,1.0,0.1143999993801117,0.46239998936653137
676766,23493,Nick Snyder,-0.012295002032613151,1.0,0.0,1.0
672558,sa3002985,Cleiverth Perez,-0.012344998240401708,1.0,0.17190000414848328,0.19189999997615814
666007,sa917869,Deyni Olivero,-0.012364998938348745,1.0,0.1492999941110611,0.29829999804496765
621213,sa829414,Justin Brantley,-0.012380084243687018,1.0,0.11670000106096268,0.45170000195503235
682016,25075,William Woods,-0.0123877958261841,1.0,0.12790000438690186,0.39890000224113464
608746,sa603201,Cesilio Pimentel,-0.01238941232520939,1.0,0.15209999680519104,0.2851000130176544
681857,24968,Reese Olson,-0.012392078697559367,1.0,0.14790000021457672,0.30489999055862427
679647,sa3008129,Jackson Rose,-0.012394400015144488,1.0,0.16349999606609344,0.23149999976158142
592091,11387,A.J. Achter,-0.01241152340003022,1.0,0.0,1.0
641416,sa738180,Hever Bueno,-0.012414818044960448,1.0,0.0,1.0
656764,sa3009920,Jason Morgan,-0.012415632807194545,1.0,0.1754000037908554,0.1754000037908554
656620,19881,Gabe Klobosits,-0.012431007077681333,1.0,0.0,1.0
678286,sa3006354,Hugo Beltran,-0.012443674367174015,1.0,0.13539999723434448,0.36340001225471497
658667,sa873429,Cristofer Melendez,-0.012448503044188658,1.0,0.0,1.0
666800,sa917879,Leonel Aponte,-0.012452339690415199,1.0,0.15790000557899475,0.2578999996185303
591708,sa546503,Alex Romero,-0.012455716978654927,1.0,0.09000000357627869,0.5770000219345093
664885,sa875407,Heath Bowers,-0.012458837270665647,1.0,0.012500000186264515,0.9415000081062317
681609,sa3006159,Andres Diaz,-0.01246223216304906,1.0,0.1754000037908554,0.1754000037908554
667454,sa3007208,Tanner Lawson,-0.012467924770593787,1.0,0.0,1.0
677916,sa3005379,Gerardo Gutierrez,-0.012480498715441147,1.0,0.08349999785423279,0.6075000166893005
656278,sa876039,Brendan Butler,-0.012497166323325586,1.0,0.021900000050663948,0.8968999981880188
672398,sa3002680,Jonas De La Cruz,-0.012506485839973255,1.0,0.1754000037908554,0.1754000037908554
656544,sa915685,Colton Hock,-0.012508890807502124,1.0,0.0,1.0
670617,sa919820,Enrique Oquendo,-0.012513220893574525,1.0,0.04259999841451645,0.7996000051498413
666683,sa917756,Briam Campusano,-0.012514200825641322,1.0,0.032999999821186066,0.8450000286102295
644381,sa739539,Joaquin De La Cruz,-0.01251786127192963,1.0,0.1096000000834465,0.4846000075340271
660435,sa877342,Chester Pimentel,-0.012520932684930685,1.0,0.0,1.0
664703,sa875411,Blake Smith,-0.012547506418694216,1.0,0.0,1.0
656001,sa832779,Moises Gomez,-0.012550040287021638,1.0,0.0,1.0
678641,sa3006490,Edgar Martinez,-0.012553179252770826,1.0,0.1573999971151352,0.2603999972343445
500391,sa508781,Erubiel Gonzalez,-0.012559701353955562,1.0,0.0,1.0
644367,sa827972,Julio Benitez,-0.012565441773044188,1.0,0.1754000037908554,0.1754000037908554
457915,7407,Javy Guerra,-0.012567466443970625,8.148099899291992,0.0,8.148099899291992
676706,sa3004592,Carson Lance,-0.012573780503824171,1.0,0.15960000455379486,0.24959999322891235
484132,sa328570,Thomas Melgarejo,-0.012587105189900884,1.0,0.0,1.0
673387,sa3003102,Jose Montilla,-0.012601465467794476,1.0,0.0,1.0
666512,sa917974,Jose Gomez,-0.012606006476345674,1.0,0.1754000037908554,0.1754000037908554
682523,sa3007862,Tyler Mitzel,-0.01261088904343819,1.0,0.02879999950528145,0.864799976348877
670442,sa918589,Austin Moore,-0.012611858568669549,1.0,0.0,1.0
676534,20116,Calvin Faucher,-0.012619206304587006,1.0,0.0,1.0
676320,sa3003168,Raul Hernandez,-0.012624477363840009,1.0,0.1728000044822693,0.18780000507831573
641697,sa913187,Chad Hockin,-0.012633478729451484,1.0,0.0,1.0
664110,sa875655,Brandon Quintero,-0.012645522611385563,1.0,0.0,1.0
660546,20218,Yennsy Díaz,-0.012647936491218505,1.8518999814987183,0.0,1.8518999814987183
656804,sa3006796,Andrés Núñez,-0.012653235269882058,1.0,0.0,1.0
681839,sa3007935,Leury Tejada,-0.012662535048185642,1.0,0.12610000371932983,0.40709999203681946
642399,sa737256,Kevin Escorcia,-0.012669310094730631,1.0,0.0,1.0
459429,7550,Jake McGee,-0.01267549575686083,8.518500328063965,0.0,8.518500328063965
656958,sa3006945,Cason Sherrod,-0.012685457340312262,1.0,0.0,1.0
678843,sa3005694,Luis Devers,-0.012703561117773267,1.0,0.1754000037908554,0.1754000037908554
675650,23223,Michael Mercado,-0.012711543589695999,1.0,0.1754000037908554,0.1754000037908554
674460,sa3003144,Carlos Naveda,-0.012722952421953752,1.0,0.15950000286102295,0.25049999356269836
672712,sa3003021,Luis Palacios,-0.012731818763093941,1.0,0.13490000367164612,0.3659000098705292
613552,sa737362,Jose Veras,-0.012734652373425578,1.0,0.0,1.0
660810,sa872815,Andriu Marin,-0.012735733838081692,1.0,0.1754000037908554,0.1754000037908554
670873,sa945728,Lisandro Santos,-0.012739610081014811,1.0,0.16859999299049377,0.20759999752044678
674468,sa3007840,Anderson Munoz,-0.012748707720154684,1.0,0.11819999665021896,0.4442000091075897
480517,sa509457,Eder Llamas,-0.01274910030508697,1.0,0.0,1.0
672860,22932,Prelander Berroa,-0.012749564444627257,1.0,0.16750000417232513,0.21250000596046448
682121,sa3007263,Jared Tobey,-0.012759230720299122,1.0,0.03629999980330467,0.8292999863624573
668546,sa917739,Melvin Jimenez,-0.01276182742712205,1.0,0.022600000724196434,0.8935999870300293
677915,sa3007598,Dario Gardea,-0.012762658240235389,1.0,0.16459999978542328,0.22660000622272491
641566,sa829337,Steven Farnworth,-0.012764147427299328,1.0,0.0,1.0
623466,sa658967,Ryan Castellanos,-0.01276944908454318,1.0,0.1754000037908554,0.1754000037908554
670416,sa918537,Zach Matson,-0.012769457708190712,1.0,0.0,1.0
678404,sa3006485,Jenrry Gonzalez,-0.01276978507597956,1.0,0.14190000295639038,0.3328999876976013
622401,sa683316,Luis Pino,-0.012776805968031102,1.0,0.07069999724626541,0.6676999926567078
669804,22323,Angel De Jesus,-0.012791470523766498,1.0,0.0,1.0
660776,sa872562,Roger Santana,-0.01279359063599489,1.0,0.1754000037908554,0.1754000037908554
666636,sa917564,Carlos Carreno,-0.012816788420953221,1.0,0.1754000037908554,0.1754000037908554
676799,sa3006812,Devon Perez,-0.012826619264047549,1.0,0.060499999672174454,0.715499997138977
668966,sa913036,Dan Jagiello,-0.012831610073653002,1.0,0.0,1.0
594792,11509,Brandon Cunniff,-0.012832042577799123,1.0,0.0,1.0
660610,sa916092,Carlos De Leon,-0.012841927146193128,1.0,0.09629999846220016,0.5472999811172485
640438,sa735868,Anjul Hernandez,-0.012844783661334331,1.0,0.15880000591278076,0.25380000472068787
676219,sa3004945,Jerryell Rivera,-0.012845181057691439,1.0,0.17159999907016754,0.19359999895095825
642551,sa737195,Argenis Blanco,-0.012863151331744871,1.0,0.1662999987602234,0.218299999833107
672836,sa3003039,Angel Macuare,-0.012865214167205387,1.0,0.15469999611377716,0.2727000117301941
642609,sa828412,Joan Baez,-0.012869194000870932,1.0,0.0,1.0
678582,sa3007841,Orceli Gomez,-0.012872822436359373,1.0,0.1754000037908554,0.1754000037908554
673743,sa3003117,Rodolfo Fajardo,-0.012884426167682844,1.0,0.1615999937057495,0.24060000479221344
678899,sa3006544,Brayan Castillo,-0.012888797680349348,1.0,0.1754000037908554,0.1754000037908554
667658,sa3004641,Moises Ceja,-0.01289186673729089,1.0,0.0,1.0
680391,sa3005405,Francisco Gomez,-0.012918082085384312,1.0,0.11959999799728394,0.4375999867916107
682229,sa3006994,Alex Camacho,-0.012918266067074021,1.0,0.0,1.0
616571,sa651344,Rogelio Martinez,-0.012923888698965932,1.0,0.08820000290870667,0.5852000117301941
666654,sa920544,Kelvin Gonzalez,-0.01294358514333423,1.0,0.0,1.0
663595,sa3008612,Josh Hiatt,-0.012944238822928635,1.0,0.12319999933242798,0.4212000072002411
670393,sa918551,Dylan Bice,-0.012946965405919702,1.0,0.02419999986886978,0.8862000107765198
641618,sa738640,Pat Goetze,-0.01296628424822075,1.0,0.0,1.0
670145,sa918261,Tim Viehoff,-0.012970633412497518,1.0,0.11320000141859055,0.4681999981403351
621057,19784,Justin Garza,-0.012979863717975033,1.0,0.16089999675750732,0.24390000104904175
660712,sa872813,Jose Bermudez,-0.012981797532852698,1.0,0.1704999953508377,0.19850000739097595
672785,sa3004004,Diego Cordero,-0.012982596635937383,1.0,0.094200000166893,0.557200014591217
664012,sa875058,Tyler Mark,-0.012996528637443891,1.0,0.0,1.0
595893,sa597825,Bryan Brickhouse,-0.013008261316451879,1.0,0.0,1.0
676362,sa3009985,Gabriel Ponce,-0.013009124870708854,1.0,0.16539999842643738,0.2223999947309494
677039,sa3006969,Preston White,-0.01301881852413257,1.0,0.02319999970495701,0.8912000060081482
643369,sa738994,Hayden Howard,-0.013021500504716678,1.0,0.0,1.0
676727,sa3004103,Cutter Dyals,-0.013024514087844009,1.0,0.0,1.0
672651,sa3003009,Rodolfo Sanchez,-0.013027662552610227,1.0,0.1754000037908554,0.1754000037908554
668908,sa3005213,Justin Bullock,-0.013029607238995435,1.0,0.13860000669956207,0.34860000014305115
656899,sa829639,Mariano Rivera,-0.013041679153577835,1.0,0.0,1.0
665789,sa943755,Kenny Hernandez,-0.013073005211261791,1.0,0.025800000876188278,0.8787999749183655
540988,sa509262,Demetrio Gutierrez,-0.013078380779472095,1.0,0.016499999910593033,0.9225000143051147
656747,sa829147,Micah Miniard,-0.013079363960768736,1.0,0.10580000281333923,0.5027999877929688
665915,sa917061,Anderson Amarista,-0.01309541746226394,1.0,0.1754000037908554,0.1754000037908554
592232,sa550161,Jonathon Crawford,-0.013109166827094579,1.0,0.1754000037908554,0.1754000037908554
601978,sa598648,Fabian Cota,-0.013140509763700393,1.0,0.0,1.0
676571,23394,PJ Poulin,-0.013140899341696897,1.0,0.0,1.0
663501,sa875615,RJ Peace,-0.01314699879959649,1.0,0.09809999912977219,0.5390999913215637
655127,sa826043,Sergio Sierra,-0.013148034841642047,1.0,0.15039999783039093,0.29339998960494995
665909,sa916960,Pedro Barrios,-0.013158035307907823,1.0,0.1754000037908554,0.1754000037908554
666845,sa917815,Jhonneyver Gutierrez,-0.013158195473822652,1.0,0.16089999675750732,0.24390000104904175
665878,sa917460,Janser Lara,-0.013183941169452297,1.0,0.1356000006198883,0.3625999987125397
660547,sa872848,Filyer Sanchez,-0.013189666562796323,1.0,0.09399999678134918,0.5580000281333923
672755,sa3002794,Aldry Acosta,-0.013208418032271069,1.0,0.1460999995470047,0.31310001015663147
664585,sa887660,Jefry Valdez,-0.0132116065681848,1.0,0.0272000003606081,0.8722000122070312
680651,sa3005634,Julio Puello,-0.013213233454536821,1.0,0.1754000037908554,0.1754000037908554
675654,sa3005025,Sam Keating,-0.013213771250105807,1.0,0.14949999749660492,0.29750001430511475
672633,sa3003002,Hector Acosta,-0.013216197253390958,1.0,0.1687999963760376,0.20679999887943268
665107,sa875842,Brennan Leitao,-0.013217192372271928,1.0,0.03020000085234642,0.8582000136375427
670137,sa918472,Kaleb Fontenot,-0.013223855816414404,1.0,0.0,1.0
670590,sa920458,Kyle Halbohn,-0.013224554948842211,1.0,0.056699998676776886,0.7336999773979187
674485,sa977562,Mario Morales,-0.013229120740222946,1.0,0.0,1.0
681945,sa3006772,Simon Rosenblum-Larson,-0.013230106289507576,1.0,0.03889999911189079,0.8169000148773193
682932,sa3009596,Pablo Mujica,-0.013247446356216946,1.0,0.16110000014305115,0.24310000240802765
669140,sa917977,Austin Franklin,-0.01325453094672829,1.0,0.17319999635219574,0.18619999289512634
643368,sa737628,Carter Hope,-0.013267243346499081,1.0,0.07090000063180923,0.6668999791145325
670075,sa918341,Ben Wright,-0.013271385405312613,1.0,0.0,1.0
676363,sa3005099,Ryley Widell,-0.013272971823972513,1.0,0.1754000037908554,0.1754000037908554
681982,20546,Grant Anderson,-0.0132743658251573,1.0,0.0,1.0
641983,sa857617,Jared Poche,-0.013301688417772836,1.0,0.07320000231266022,0.6561999917030334
678631,sa3006586,Daniel Vitriago,-0.013315334314092169,1.0,0.13950000703334808,0.34450000524520874
677145,sa3003935,Kyle Von Ruden,-0.013317851607783246,1.0,0.1754000037908554,0.1754000037908554
667425,sa874234,James Teague,-0.013324587903894562,1.0,0.0,1.0
676019,sa3005098,Oscar Rojas,-0.013330493988861197,1.0,0.17139999568462372,0.19439999759197235
668986,sa3004087,Matt Shannon,-0.013331995751682636,1.0,0.0,1.0
650387,sa832269,Hildemaro Requena,-0.013339110837675177,1.0,0.04089999943971634,0.8079000115394592
655321,sa828533,Andres Torres,-0.013343285762647587,1.0,0.1754000037908554,0.1754000037908554
678397,sa3005823,Jesus Gomez,-0.013353471083659686,1.0,0.17260000109672546,0.18860000371932983
682445,25241,Domingo Gonzalez,-0.013367872645978504,1.0,0.11469999700784683,0.46070000529289246
661156,sa872809,Luis Amaya,-0.013368943201591144,1.0,0.0,1.0
664307,sa872465,Ricardo Smith,-0.013368952741011863,1.0,0.16349999606609344,0.23149999976158142
657116,sa3008443,Zach Willeman,-0.013369648792136077,1.0,0.11699999868869781,0.44999998807907104
676781,sa3007723,Tyler Gray,-0.01337291989649377,1.0,0.0658000037074089,0.6908000111579895
657632,sa829437,Connor Kaden,-0.013379088628361398,1.0,0.03530000150203705,0.8342999815940857
664033,sa875789,Logan Lombana,-0.013381315414651469,1.0,0.0,1.0
681592,sa3007244,Edgar Escobar,-0.013383018142525351,1.0,0.0,1.0
664776,21620,Jake Cousins,-0.01338986548141207,1.0,0.0,1.0
607654,sa601196,Craig Missigman,-0.01339175677458215,1.0,0.02319999970495701,0.8912000060081482
682111,sa3007858,Joey Gonzalez,-0.013392503562885696,1.0,0.0,1.0
676791,sa3004705,Greg Jacknewitz,-0.013396840881788361,1.0,0.12680000066757202,0.40380001068115234
669228,sa917988,Nolan Martinez,-0.013396873313457352,1.0,0.16979999840259552,0.20180000364780426
477584,sa508197,Tomas Solis,-0.013401423669690354,1.0,0.10329999774694443,0.5142999887466431
676406,sa3005328,Bryce Hutchinson,-0.013410231623535183,1.0,0.10400000214576721,0.5109999775886536
657047,sa3006946,Reagan Todd,-0.01341358684177858,1.0,0.0,1.0
663627,sa3007459,Clay Helvey,-0.013413756512628059,1.0,0.04390000179409981,0.7939000129699707
627697,sa739649,Sam Holland,-0.013429590943233911,1.0,0.0,1.0
650548,sa827250,Ken Figueroa,-0.01345260880011965,1.0,0.16930000483989716,0.20430000126361847
663737,sa875255,Jaret Hellinger,-0.013452905464038356,1.0,0.0,1.0
676010,sa3004797,Wilmer Mejia,-0.013453557516145761,1.0,0.16599999368190765,0.2199999988079071
477360,sa185590,Gaudencio Aguirre,-0.013456210650216885,1.0,0.0,1.0
600914,sa597845,Ulises Joaquin,-0.013458167184316108,1.0,0.0,1.0
664754,sa876808,Ryan Cook,-0.013479906541040254,1.0,0.025800000876188278,0.8787999749183655
664744,21131,Jose Espada,-0.01348033087202733,1.0,0.04230000078678131,0.8012999892234802
570620,sa508208,Ivan Zavala,-0.013480682933823625,1.0,0.01140000019222498,0.946399986743927
665963,sa918121,Henry Henry,-0.0134922962073488,1.0,0.0,1.0
682610,25311,Roddery Muñoz,-0.01350071605859323,1.0,0.1754000037908554,0.1754000037908554
663632,sa3008453,Troy Miller,-0.013502093338944556,1.0,0.17389999330043793,0.18289999663829803
682002,sa3007856,Blake Workman,-0.013521002794402461,1.0,0.0,1.0
665004,sa3001064,Guillermo Trujillo,-0.013533510932963816,1.0,0.09749999642372131,0.5414999723434448
663999,sa875202,Travis Neubeck,-0.01353434544050834,1.0,0.0,1.0
691055,sa3010267,Alex Nolan,-0.0135408512024473,1.0,0.1460999995470047,0.31310001015663147
448660,sa501508,Mark Serrano,-0.013542064312675114,1.0,0.0,1.0
660694,sa872526,Jurgen Jimenez,-0.013557695850217651,1.0,0.16439999639987946,0.227400004863739
663416,sa856185,Joey Strain,-0.013560362504495932,1.0,0.021400000900030136,0.899399995803833
672648,sa3004333,Roither Hernandez,-0.013565510312403968,1.0,0.1754000037908554,0.1754000037908554
676945,sa915777,Nick Brown,-0.013568578029241258,1.0,0.10320000350475311,0.5152000188827515
676622,sa3004864,Kyle Zurak,-0.013573116179064376,1.0,0.0,1.0
434718,8258,Huston Street,-0.013576045075727072,1.0,0.0,1.0
679595,sa3006399,Alan Perdomo,-0.013583108031432685,1.0,0.1754000037908554,0.1754000037908554
447763,sa287103,Jesus Adrian Castillo,-0.013583254760805385,1.0,0.0,1.0
466457,sa328973,Edgar Osuna,-0.013590008930180504,1.0,0.12790000438690186,0.39890000224113464
681925,sa3006769,Kyler Stout,-0.013592955992657911,1.0,0.0,1.0
664324,sa873694,Luis Moncada,-0.01359770001443886,1.0,0.1678999960422516,0.21089999377727509
672467,sa3002961,Jose Rodulfo,-0.013616746621953066,1.0,0.13249999284744263,0.3774999976158142
670382,sa918503,Nick Gruener,-0.01362267919680144,1.0,0.058400001376867294,0.7253999710083008
672950,sa3005257,Henry Valencio,-0.013626951735325759,1.0,0.1526000052690506,0.2825999855995178
678501,sa3006368,Mauricio Rodriguez,-0.013629505430634896,1.0,0.1754000037908554,0.1754000037908554
473240,sa294474,Jose Pina,-0.013645489304908867,1.0,0.0,1.0
674267,sa977183,Carlos Chavez,-0.013649422407131476,1.0,0.09960000216960907,0.5315999984741211
679200,sa3005702,Cruz Noriega,-0.013651533048271075,1.0,0.13300000131130219,0.375
621355,sa827486,Alex Katz,-0.013669598865944663,1.0,0.0,1.0
656937,sa829573,Tyler Schimpf,-0.013673579560742005,1.0,0.022099999710917473,0.8960999846458435
642585,20666,Félix Bautista,-0.01367533461080133,1.0,0.0,1.0
670951,sa922462,Angel Rodriguez,-0.013692743035213725,1.0,0.0877000018954277,0.5877000093460083
644429,20582,Anderson Severino,-0.013703231671682609,1.0,0.0,1.0
683856,sa3009621,Ronaldo Guzman,-0.013709830069132461,1.0,0.16979999840259552,0.20180000364780426
677741,sa3005075,Yasel Santana,-0.013718063229668322,1.0,0.13930000364780426,0.34529998898506165
669998,sa924538,Edgar Martinez,-0.013719477523513256,1.0,0.17020000517368317,0.20020000636577606
668601,sa923371,Antonio Canizales,-0.013728522173520363,1.0,0.1754000037908554,0.1754000037908554
681922,sa3007250,Jake Zebron,-0.013745177012201508,1.0,0.1632000058889389,0.23319999873638153
650500,sa828538,Felix Tati,-0.013749962247672344,1.0,0.0,1.0
667705,sa918502,Marc Huberman,-0.013750259412222412,1.0,0.0,1.0
664010,sa3004085,Adam Bleday,-0.013762437978931886,1.0,0.0,1.0
642644,sa737036,Jose Santiago,-0.013765949877206541,1.0,0.14350000023841858,0.3255000114440918
677038,sa3004489,Marcus Reyes,-0.013775059873855789,1.0,0.0,1.0
682849,sa3008265,Robin Vazquez,-0.013777097530060317,1.0,0.16249999403953552,0.23649999499320984
667472,22054,Dane Myers,-0.013777626664937547,1.0,0.1428000032901764,0.3287999927997589
676374,sa3005265,Cole Bellinger,-0.013782169392062744,1.0,0.17260000109672546,0.18860000371932983
677860,sa3005178,Korey Anderson,-0.01378648920142493,1.0,0.0,1.0
660667,sa873309,Carlos Herrera,-0.01380112403909766,1.0,0.1754000037908554,0.1754000037908554
678977,sa3007725,Martin Herrera,-0.013804387943998691,1.0,0.1754000037908554,0.1754000037908554
670577,sa919825,Brandon Agar,-0.013826599066415424,1.0,0.1754000037908554,0.1754000037908554
621364,sa875618,Will Headean,-0.013832178726412223,1.0,0.0,1.0
657058,sa829068,Matt Trowbridge,-0.01383532309776183,1.0,0.0,1.0
605492,sa599258,Craig Stem,-0.013847653116224875,1.0,0.0,1.0
596104,sa924537,Dakota Smith,-0.013848828272641103,1.0,0.10419999808073044,0.510200023651123
674379,sa3002813,Daritzon Feliz,-0.013850024419225523,1.0,0.16459999978542328,0.22660000622272491
681993,sa3007909,Carlos Vega,-0.013855881798757094,1.0,0.10419999808073044,0.510200023651123
622662,sa657895,Rafael Ordaz,-0.013860860474222324,1.0,0.09749999642372131,0.5414999723434448
681404,sa3009987,Brian Eichhorn,-0.013862575723488244,1.0,0.1526000052690506,0.2825999855995178
675134,sa3003153,Carlos M Francisco,-0.013883666253181125,1.0,0.15119999647140503,0.2892000079154968
650645,sa873711,Dustin Hunt,-0.0138996798545424,1.0,0.0,1.0
665631,sa880047,Alexander Martinez,-0.013912709499415612,1.0,0.0,1.0
668714,sa3008326,Chris Machamer,-0.013929533108943183,1.0,0.1754000037908554,0.1754000037908554
666597,sa914202,Raymar Navarro,-0.013934855098222697,1.0,0.058400001376867294,0.7253999710083008
677981,sa3005261,Kevin Marnon,-0.013954890541953875,1.0,0.04019999876618385,0.8112000226974487
671785,sa944591,Junior Tejada,-0.01395723946937987,1.0,0.1460999995470047,0.31310001015663147
677678,sa3005432,Alex Valdez,-0.013961037877275768,1.0,0.17299999296665192,0.18700000643730164
666707,sa917670,Francis Ventura,-0.013965331242924886,1.0,0.14720000326633453,0.30820000171661377
660798,sa873153,Juan De Paula,-0.013965872043981687,1.0,0.16189999878406525,0.23890000581741333
683123,sa3008565,Alex Demchak,-0.013976577172897806,1.0,0.0,1.0
466463,sa528296,Pedro Rodriguez,-0.013977335237373732,1.0,0.0,1.0
679066,sa3006557,Valentin Linarez,-0.01397764403595407,1.0,0.1754000037908554,0.1754000037908554
684240,sa3009509,Jesus Lugo,-0.013983585708906678,1.0,0.1662999987602234,0.218299999833107
670135,sa918468,Jacob Howell,-0.013999715769015202,1.0,0.0,1.0
672556,sa3002984,Joseph Salazar,-0.014001285974239566,1.0,0.1712000072002411,0.19519999623298645
678295,sa3006113,Israel Puello,-0.014015374322828757,1.0,0.1754000037908554,0.1754000037908554
680970,sa3006640,Andrew Pérez,-0.014020015054099767,1.0,0.0,1.0
680415,sa3007774,Zach Daniels,-0.014023309356327113,1.0,0.0763000026345253,0.6413000226020813
641445,sa829574,James Carter,-0.014028868527288012,1.0,0.0,1.0
668574,sa919499,Yeison Cespedes,-0.014032841629230334,1.0,0.05350000038743019,0.7484999895095825
665084,sa875896,Reed Hayes,-0.014048343753859157,1.0,0.0,1.0
676833,sa3004478,Billy Oxford,-0.01405139292403263,1.0,0.0,1.0
676334,sa3004463,Robbie Hitt,-0.014069340187286178,1.0,0.0,1.0
672778,sa3003031,Jose Natera,-0.014090061943995662,1.0,0.10419999808073044,0.510200023651123
641350,sa3004698,Cody Beckman,-0.014098172208310635,1.0,0.0,1.0
681450,sa3006414,Angel Cuenca,-0.01410418755123822,1.0,0.1754000037908554,0.1754000037908554
664090,sa876046,Jorge Pantoja,-0.014105330687060437,1.0,0.0,1.0
608220,sa600293,Ronald Dominguez,-0.014108313266428736,1.0,0.0877000018954277,0.5877000093460083
674285,23135,Eduardo Salazar,-0.014110835320071338,1.0,0.12210000306367874,0.4260999858379364
664709,sa876105,Tyler Peyton,-0.014124403098960828,1.0,0.0,1.0
669799,sa917812,Alfonso Hernández,-0.014133633449236252,1.0,0.03909999877214432,0.816100001335144
649442,sa828812,Carlos Acevedo,-0.014135823354048505,1.0,0.0,1.0
682118,sa3006835,Miguel Ausua,-0.014144367019583893,1.0,0.10320000350475311,0.5152000188827515
518715,7947,Cory Gearrin,-0.014147611383913078,3.703700065612793,0.0,3.703700065612793
650736,sa828512,Daniel Ramos,-0.014167369474001563,1.0,0.0,1.0
672415,sa3002939,Raymells Rosa,-0.014171358482152313,1.0,0.0,1.0
573612,sa503482,Alejandro Barraza,-0.014177575667192535,1.0,0.0,1.0
670326,sa918681,Dalton Erb,-0.014187935559349576,1.0,0.043699998408555984,0.794700026512146
662964,sa868960,Francisco Haro,-0.014199362625439195,1.0,0.0,1.0
607099,sa603117,Mick VanVossen,-0.014203800687157939,1.0,0.0,1.0
678736,sa3006068,Miguel Rondon,-0.014209935419488277,1.0,0.15039999783039093,0.29339998960494995
672382,sa3002928,Luis Moreno,-0.014218926135165694,1.0,0.09440000355243683,0.5564000010490417
677669,sa3004833,Manny Ramirez,-0.014226938062713732,1.0,0.1404999941587448,0.3395000100135803
681803,sa3007611,Trey Riley,-0.014242233128287447,1.0,0.16189999878406525,0.23890000581741333
660800,sa873333,Alvaro Galindo,-0.014245021775265857,1.0,0.1615999937057495,0.24060000479221344
655309,sa830138,Ivan Medina,-0.01424921892373698,1.0,0.0,1.0
674220,sa974592,Adrian Alcantara,-0.014253899245983352,1.0,0.16930000483989716,0.20430000126361847
668525,sa917327,Jheyson Caraballo,-0.014260431940336061,1.0,0.1754000037908554,0.1754000037908554
641978,sa915680,Matt Pidich,-0.014261124034807006,1.0,0.0,1.0
658742,sa835215,Diogenes Almengo,-0.014261139922956571,1.0,0.0,1.0
621179,sa829433,Alex Palsha,-0.014267484051374466,1.0,0.0,1.0
629498,20643,Johan Quezada,-0.014273750008691138,1.0,0.0,1.0
641392,sa738576,Jake Bray,-0.014274631060266644,1.0,0.02250000089406967,0.8945000171661377
477452,sa202758,Rudy Gonzalez,-0.014294148219710904,1.0,0.03139999881386757,0.852400004863739
491646,9033,Jeanmar Gómez,-0.014299670811341198,7.407400131225586,0.0,7.407400131225586
666656,sa917461,Christopher Marte,-0.014307949154953684,1.0,0.16949999332427979,0.20350000262260437
684893,sa3009516,Jesus Chavez,-0.014308399232959373,1.0,0.1754000037908554,0.1754000037908554
640466,sa735869,Michael Suarez,-0.01432699662697935,1.0,0.12530000507831573,0.41130000352859497
681019,sa3006546,Yorlenis Noa,-0.014328158371282814,1.0,0.13860000669956207,0.34860000014305115
608341,sa658504,Blake Hickman,-0.014336809538951802,1.0,0.1006999984383583,0.5267000198364258
593607,sa548642,Tony Cordova,-0.01433707987501899,1.0,0.0,1.0
676360,sa3007221,Eli Kraus,-0.014342481102836334,1.0,0.0,1.0
681185,sa3006619,Yoelvin Silven,-0.014373071336524212,1.0,0.0649000033736229,0.6948999762535095
669731,sa918112,Kyle Weatherly,-0.014380402042078896,1.0,0.0,1.0
623470,15136,Jake Newberry,-0.014385932925546383,3.703700065612793,0.0,3.703700065612793
642375,sa737197,Jose Carlos Medina,-0.014395298546803319,1.0,0.1160999983549118,0.45410001277923584
660427,sa877346,Adrian Rodriguez,-0.014398929859153656,1.0,0.09529999643564224,0.552299976348877
672432,sa3002947,Jol Concepcion,-0.014400665648768135,1.0,0.1754000037908554,0.1754000037908554
671068,sa977917,Christian Stolo,-0.014402197967095843,1.0,0.08749999850988388,0.5885000228881836
678255,sa3007991,Anderson Paulino,-0.01440369331866293,1.0,0.16249999403953552,0.23649999499320984
664338,sa877017,Jose Gonzalez,-0.0144052240418572,1.0,0.16329999268054962,0.23229999840259552
681875,sa3007809,Theo McDowell,-0.014408248252617531,1.0,0.1535000056028366,0.2784999907016754
665072,sa875997,Ben Yokley,-0.014412935561389851,1.0,0.025100000202655792,0.882099986076355
631219,sa737093,Wilfri Aleton,-0.0144144267915936,1.0,0.14229999482631683,0.3312999904155731
679560,sa3006398,Braunny Munoz,-0.014426203669510494,1.0,0.17229999601840973,0.19030000269412994
676742,23479,Cam Sanders,-0.014429303891390285,1.0,0.1737000048160553,0.18369999527931213
670033,sa918090,Cole Duensing,-0.014451493615588765,1.0,0.1671999990940094,0.2142000049352646
675840,sa3003156,Edward Vasquez,-0.01445260949316011,1.0,0.1754000037908554,0.1754000037908554
682926,sa3008406,Jorge Bautista,-0.014456718319260143,1.0,0.17260000109672546,0.18860000371932983
657509,sa829590,Nestor Bautista,-0.01445996288936257,1.0,0.0,1.0
670331,sa918958,Robbie Gordon,-0.01446516049184312,1.0,0.0,1.0
681817,sa3008172,Zach Mort,-0.014467782882816242,1.0,0.13680000603199005,0.35679998993873596
672554,sa3002983,Luis D. Garcia,-0.014470481474825537,1.0,0.16930000483989716,0.20430000126361847
663832,sa875357,Ryan McKay,-0.014492927797474062,1.0,0.0,1.0
683020,sa3008438,Gustavo Rodriguez,-0.014502725133736238,1.0,0.1754000037908554,0.1754000037908554
524788,sa507037,Antonio Guzman,-0.014512376676867715,1.0,0.06459999829530716,0.6966000199317932
681644,sa3006417,Inohan Paniagua,-0.014529727141426252,1.0,0.1687999963760376,0.20679999887943268
640638,sa735851,Adrian Navas,-0.01454187997883127,1.0,0.0,1.0
660719,sa873542,Jeifry Nunez,-0.014552569229583952,1.0,0.039799999445676804,0.8127999901771545
664972,sa875697,Nate Bertness,-0.014553362319301898,1.0,0.05490000173449516,0.7419000267982483
572955,13435,Pierce Johnson,-0.014565673865058483,14.814800262451172,0.0,14.814800262451172
670404,sa918539,Skylar Arias,-0.014567371967879562,1.0,0.021199999377131462,0.9002000093460083
673325,sa3004005,Ramon Perez,-0.014570234053614725,1.0,0.09669999778270721,0.5457000136375427
614179,14552,José Ruiz,-0.014579225766086132,6.6666998863220215,0.0,6.6666998863220215
658368,sa830645,Yonathan Ramirez,-0.014579294580331623,1.0,0.15039999783039093,0.29339998960494995
642856,sa737569,Fabian Anguamea,-0.014593098616888135,1.0,0.025100000202655792,0.882099986076355
674061,sa3007720,Will Tribucher,-0.014595035568082124,1.0,0.0,1.0
660850,sa873226,Juan Robles,-0.014596576873220746,1.0,0.0,1.0
670724,sa921352,John Valek,-0.014603553770020048,1.0,0.156700000166893,0.263700008392334
624646,sa739579,Lenix Osuna,-0.014609588691302884,1.0,0.0,1.0
675530,sa3004769,Yoilan Quinonez,-0.01461546412781891,1.0,0.15469999611377716,0.2727000117301941
679001,sa3005365,Braulio Torres-Perez,-0.014615874859162742,1.0,0.0,1.0
621267,sa857669,Marc Brakeman,-0.014619626068143132,1.0,0.0,1.0
643358,sa3009919,Sam Hellinger,-0.014627590412568794,1.0,0.0,1.0
659168,sa841386,Jesus Camargo,-0.014630341812289057,1.0,0.0,1.0
573109,8350,AJ Ramos,-0.014631959194105494,3.703700065612793,0.0,3.703700065612793
678226,20271,Daysbel Hernández,-0.01463334660235594,1.0,0.0,1.0
679033,sa3005452,Juan Zapata,-0.014637829556621214,1.0,0.1687999963760376,0.20679999887943268
670287,sa873708,David Ellingson,-0.014642367041080606,1.0,0.0,1.0
674384,23162,Eduarniel Núñez,-0.01465691354942948,1.0,0.15469999611377716,0.2727000117301941
673869,sa3005311,AJ Franks,-0.014667966232957111,1.0,0.0,1.0
656777,sa829279,Garrett Mundell,-0.014668114688614498,1.0,0.0,1.0
622742,sa508072,Rafael Cordova,-0.01467081545634357,1.0,0.0,1.0
673272,sa3004456,Felipe Castaneda,-0.014700442515268974,1.0,0.16140000522136688,0.24140000343322754
674760,sa3004090,Jesus Balaguer,-0.014702783822691152,1.0,0.0,1.0
542672,sa506924,Marco Camarena,-0.01470593659940593,1.0,0.0,1.0
670039,sa918044,Tyler Buffett,-0.01472197881054723,1.0,0.0,1.0
663795,21546,Justin Hagenman,-0.014747813051248953,1.0,0.02370000071823597,0.888700008392334
670344,sa918844,Jonathon Mulford,-0.014752207859035945,1.0,0.1754000037908554,0.1754000037908554
657265,21367,Peter Strzelecki,-0.014756285687122075,1.0,0.0,1.0
676802,sa3004351,Bryan Blanton,-0.014758925190961003,1.0,0.0,1.0
673270,sa3003087,Wilson Garcia,-0.01477961284192037,1.0,0.1754000037908554,0.1754000037908554
681740,sa3005891,Benito Garcia,-0.014814006987061867,1.0,0.16300000250339508,0.23399999737739563
678922,sa3006501,Jeisson Cabrera,-0.014819865042741485,1.0,0.14350000023841858,0.3255000114440918
680983,24681,Kelvin Cáceres,-0.014827563286642802,1.0,0.15469999611377716,0.2727000117301941
678959,sa3005450,Edinson Lopez,-0.014828059951849014,1.0,0.1573999971151352,0.2603999972343445
622809,sa657633,Juan Perez,-0.014838232259669723,1.0,0.08370000123977661,0.6067000031471252
676818,sa3004477,Drew Crosby,-0.014839613293220547,1.0,0.0,1.0
592853,sa549578,Andre Wheeler,-0.014840398006838364,1.0,0.0,1.0
676779,sa915721,Brendan King,-0.014851617704141437,1.0,0.027499999850988388,0.8705000281333923
670905,sa3004579,Wellington Diaz,-0.014853408510724043,1.0,0.09390000253915787,0.558899998664856
656312,sa830371,Cody Clark,-0.014862305646239056,1.0,0.0,1.0
674455,sa3007468,Yeury Gervacio,-0.01486256017806759,1.0,0.1754000037908554,0.1754000037908554
661518,sa977122,Jordan Aboites,-0.014866056506520902,1.0,0.0,1.0
664375,sa887275,Ezequiel Zabaleta,-0.01487036058076372,1.0,0.0,1.0
477418,sa509282,Rafael Diaz,-0.014894404269127762,1.0,0.0,1.0
681835,sa3008375,Jose Quezada,-0.014894994797967149,1.0,0.0,1.0
629493,sa737089,Eduardo Del Rosario,-0.014909120376250244,1.0,0.0,1.0
681626,sa3005464,Moises Diaz,-0.014910230389700104,1.0,0.1754000037908554,0.1754000037908554
681881,sa3007481,Bryce Nightengale,-0.014913796398662988,1.0,0.1526000052690506,0.2825999855995178
669286,sa918191,Cody Dube,-0.014922508477559285,1.0,0.053199999034404755,0.7501999735832214
669287,sa918265,Joe Galindo,-0.01492859464212691,1.0,0.0,1.0
669378,sa3004988,Dalton Higgins,-0.014934742950630148,1.0,0.0,1.0
667904,sa913975,Jose Isidro Marquez,-0.014951874901720754,1.0,0.0,1.0
674030,sa3005214,Sean Barry,-0.014953155206688822,1.0,0.0,1.0
674381,sa3002814,Moises Lugo,-0.014957951823717716,1.0,0.025800000876188278,0.8787999749183655
682128,sa3007911,Colton Harlow,-0.014976331519735674,1.0,0.0,1.0
681711,sa3005887,Cristian Pacheco,-0.014990457239985938,1.0,0.17260000109672546,0.18860000371932983
678037,sa3005353,Kelvin Sanchez,-0.014998343994853884,1.0,0.13300000131130219,0.375
622661,sa657790,Dallas Martinez,-0.015002761495750333,1.0,0.1573999971151352,0.2603999972343445
664117,sa873958,Christian Morris,-0.015007670455255084,1.0,0.02889999933540821,0.8639000058174133
678296,sa3005435,Luis Angel Rodriguez,-0.015017261102967262,1.0,0.1678999960422516,0.21089999377727509
672579,sa3002992,Rovaldis Cabrera,-0.015017944964801256,1.0,0.0877000018954277,0.5877000093460083
679052,sa3008486,Joelvis Del Rosario,-0.015034007540051589,1.0,0.17229999601840973,0.19030000269412994
678424,sa3006122,Josan Méndez,-0.01503978603932912,1.0,0.13860000669956207,0.34860000014305115
511648,sa509479,Antonio Garzon,-0.015040839373683248,1.0,0.0,1.0
667918,sa914150,Erick Casillas,-0.015051338111172458,1.0,0.0,1.0
681493,sa3007852,Eddy Demurias,-0.015051796889655857,1.0,0.0,1.0
681641,sa3006163,Sonny Vargas,-0.015054596859722559,1.0,0.13300000131130219,0.375
676697,sa3004591,Brody Rodning,-0.015064684729360636,1.0,0.0,1.0
664284,sa872567,Carlos Espinal,-0.01506737424516057,1.0,0.0,1.0
666510,sa897261,Ulises Lopez,-0.015075332405589188,1.0,0.0,1.0
660608,sa873163,Luis Alecis,-0.015079938111081818,1.0,0.14810000360012054,0.30410000681877136
682246,sa3007937,Cody Smith,-0.015096585804923185,1.0,0.0,1.0
605175,sa600253,Michael Cederoth,-0.015097076351567684,1.0,0.0,1.0
642759,18341,Julian Fernández,-0.015101609876022283,1.0,0.0,1.0
656820,21327,Nicholas Padilla,-0.015105197994260099,1.0,0.0,1.0
676746,sa3004104,Tim Hardy,-0.015110070999553051,1.0,0.0,1.0
673659,sa3003113,Jose Moreno,-0.015117854334317934,1.0,0.1754000037908554,0.1754000037908554
642850,sa738171,Joey Wagman,-0.015139542816672177,1.0,0.0,1.0
681733,sa3006174,Carlos Perez,-0.0151405725261293,1.0,0.15790000557899475,0.2578999996185303
672765,sa3003026,Santiago Florez,-0.015155973411621589,1.0,0.1754000037908554,0.1754000037908554
681912,sa3007854,Erik Cha,-0.01516503502447279,1.0,0.0,1.0
672551,sa3002981,Didier Vargas,-0.015170238197258927,1.0,0.15469999611377716,0.2727000117301941
678840,sa3006135,Benony Robles,-0.015178512399341043,1.0,0.1754000037908554,0.1754000037908554
674477,sa977115,Juan Francisco Mendez,-0.015187544705542056,1.0,0.0364999994635582,0.828499972820282
635869,sa920281,Devon Carr,-0.01518767148394531,1.0,0.0,1.0
670865,sa921351,Jose Castro,-0.015190427706472685,1.0,0.07980000227689743,0.6248000264167786
682607,sa3008074,Antonio Jimenez,-0.015196067222294465,1.0,0.1728000044822693,0.18780000507831573
660795,sa872826,Edilson Batista,-0.015202715357839859,1.0,0.1712000072002411,0.19519999623298645
676925,sa3004711,Matthew Hammonds,-0.015204656987698115,1.0,0.020899999886751175,0.9018999934196472
477513,sa184899,Hector Navarro,-0.015207898388305625,1.0,0.03139999881386757,0.852400004863739
542278,sa456031,Fredy Quintero,-0.015214445359343494,1.0,0.0364999994635582,0.828499972820282
664723,sa875308,Jared Lyons,-0.015217164445162109,1.0,0.0,1.0
681190,24719,Randy Vásquez,-0.015230391481440859,1.0,0.1754000037908554,0.1754000037908554
670440,sa918632,Nathan Thompson,-0.015230502367695953,1.0,0.08879999816417694,0.5827999711036682
672535,sa3007466,Chi-Feng Lee,-0.015237365200287366,1.0,0.14159999787807465,0.3346000015735626
678809,sa3005446,Arlinthon De Dios,-0.01524199927477192,1.0,0.1754000037908554,0.1754000037908554
681181,sa3006975,Victor Rodriguez,-0.015242137330850277,1.0,0.16539999842643738,0.2223999947309494
664193,sa875302,Andrew Tomasovich,-0.015242618921485387,1.0,0.0,1.0
672246,sa3002923,Alejandro Mejia,-0.015252785593027247,1.0,0.04610000178217888,0.7831000089645386
673111,22982,José Lopez,-0.015269285514614124,1.0,0.1754000037908554,0.1754000037908554
670345,sa856279,Kenny Oakley,-0.015279303544190893,1.0,0.0,1.0
676994,sa3004487,Drew Fischer,-0.015288044677879361,1.0,0.0,1.0
676792,sa3004748,Joshua Payne,-0.015293998371057067,1.0,0.0,1.0
645417,sa740804,Edgar Gomez,-0.015303352726711312,1.0,0.1177000030875206,0.44670000672340393
656683,sa829246,Mac Marshall,-0.015308809641153855,1.0,0.0,1.0
622092,14169,Kyle Zimmer,-0.015316845305038945,4.444399833679199,0.0,4.444399833679199
676806,sa3004476,Aaron Ford,-0.015332834017554349,1.0,0.0,1.0
621185,sa658199,Julio Felix,-0.015332979038811471,1.0,0.0,1.0
679359,sa3006545,Alexis Ramirez,-0.015347690473593948,1.0,0.1678999960422516,0.21089999377727509
671358,sa3002921,Juan Manuel Abril,-0.015350587665824237,1.0,0.1754000037908554,0.1754000037908554
672930,sa3004652,Sandel De La Cruz,-0.015351321206370899,1.0,0.0812000036239624,0.6182000041007996
660751,sa873328,Gregori Vasquez,-0.015362635878142183,1.0,0.13279999792575836,0.3758000135421753
678673,sa3005691,Anthony Escobar,-0.01537964746563481,1.0,0.15039999783039093,0.29339998960494995
676031,sa3004205,Connor Mayes,-0.015395187022669716,1.0,0.16930000483989716,0.20430000126361847
656654,sa829839,Taylor Lewis,-0.015399405616408308,1.0,0.0,1.0
676808,sa3004595,Lukas Young,-0.015423132837533923,1.0,0.0,1.0
477462,sa509455,Esteban Haro,-0.015425032109159176,1.0,0.0,1.0
660722,sa873321,Cesar Rosado,-0.015433295942733294,1.0,0.0,1.0
656895,sa829402,Willie Rios,-0.01544768630206577,1.0,0.16459999978542328,0.22660000622272491
682151,sa915634,Aaron Soto,-0.015447870552583527,1.0,0.12890000641345978,0.3939000070095062
666151,sa917928,Kevin Gowdy,-0.015451352820419886,1.0,0.15950000286102295,0.25049999356269836
673249,sa3003078,Christofer Dominguez,-0.015452365159585108,1.0,0.1526000052690506,0.2825999855995178
669421,sa3007896,Dominic Pipkin,-0.015458268347463696,1.0,0.1460999995470047,0.31310001015663147
502515,sa328471,Raul Barron,-0.01546492054336457,1.0,0.0,1.0
656848,20827,Michael Petersen,-0.015467468244860847,1.0,0.0,1.0
681166,sa3007238,Victor Azor,-0.015479644728423536,1.0,0.17159999907016754,0.19359999895095825
676398,sa3004703,Keenan Bartlett,-0.015504795104157488,1.0,0.0,1.0
642213,sa3008258,Ryan Williamson,-0.015509766330805804,1.0,0.056699998676776886,0.7336999773979187
678297,sa3005819,Emmanuel Quinones,-0.015515578424673585,1.0,0.1754000037908554,0.1754000037908554
681856,sa3007730,Thomas Ponticelli,-0.015525928446412736,1.0,0.1460999995470047,0.31310001015663147
664945,sa875773,Kyle Miller,-0.01553177024793973,1.0,0.0,1.0
598465,sa596974,Yunior Montero,-0.01553724691867616,1.0,0.0,1.0
676686,sa3005361,Dante Mendoza,-0.015549798620747061,1.0,0.1754000037908554,0.1754000037908554
657671,sa829226,Greg Maisto,-0.015550846055543495,1.0,0.049300000071525574,0.7682999968528748
532893,sa509785,Ivan Salas,-0.015564139084453334,1.0,0.0,1.0
622723,sa657277,Elias Torres,-0.015567230538013191,1.0,0.0,1.0
676930,sa3005217,Brandon Withers,-0.015574776431036668,1.0,0.0,1.0
642522,sa739468,Robert Corniel,-0.015577191906342271,1.0,0.0,1.0
501480,sa504008,Alejandro Martinez,-0.015580688062932514,1.0,0.039799999445676804,0.8127999901771545
660447,sa873298,Marlon Constante,-0.015590528378964727,1.0,0.0,1.0
670246,sa918814,Nate Webb,-0.015606526048073825,1.0,0.17260000109672546,0.18860000371932983
667547,sa919408,Adam Panayotovich,-0.015609212251795977,1.0,0.1518000066280365,0.28679999709129333
655992,sa830240,Israel Cruz,-0.015613462806694234,1.0,0.0,1.0
682027,25078,Cam Alldred,-0.015621129974936128,1.0,0.0,1.0
681908,sa3006983,Boby Johnson,-0.015621497721041601,1.0,0.0,1.0
682791,sa3009463,Gabriel Jackson,-0.015622777250432552,1.0,0.1754000037908554,0.1754000037908554
647282,sa3008663,Brandon Marklund,-0.015635952166285806,1.0,0.0,1.0
674810,sa978399,Victor Castaneda,-0.015642136817682707,1.0,0.024399999529123306,0.8853999972343445
669123,sa918321,Kyle Simonds,-0.015643852825880645,1.0,0.0,1.0
615701,sa738330,Travis Seabrooke,-0.015644923671554768,1.0,0.0,1.0
653203,sa824772,Ruben Molina,-0.015645386276418233,1.0,0.0,1.0
681958,sa3007252,Devin Conn,-0.015660697501511375,1.0,0.0,1.0
677181,sa3004231,Luke Lind,-0.01566425861241074,1.0,0.0,1.0
680961,sa3007728,Chris Gau,-0.015666809571665836,1.0,0.09369999915361404,0.5597000122070312
641998,sa738700,Andy Ravel,-0.01569108747276065,1.0,0.023900000378489494,0.8878999948501587
593771,sa210450,Oscar Hurtado,-0.015692592419762827,1.0,0.0,1.0
489223,sa454556,Edwin Quirarte,-0.015709377762559852,1.0,0.0,1.0
686317,sa3009638,Edgar Manzo,-0.015710223868307116,1.0,0.1754000037908554,0.1754000037908554
669788,sa917239,Jose Antonio Hernandez,-0.01572370435476896,1.0,0.1428000032901764,0.3287999927997589
657241,sa918296,Michael Mertz,-0.015734753660649567,1.0,0.0,1.0
665144,sa876259,Jordan Desguin,-0.015754921723193337,1.0,0.0,1.0
650706,sa828241,Nelson Leon,-0.015759265021704133,1.0,0.0,1.0
679215,sa3006395,Estalin Ortiz,-0.01576036499615782,1.0,0.1632000058889389,0.23319999873638153
600472,sa597318,Gilberto Mendez,-0.015762570205984178,1.0,0.0,1.0
473659,sa325916,Daniel Guerrero,-0.015777706472374576,1.0,0.0877000018954277,0.5877000093460083
677226,sa3004491,Wes Robertson,-0.015783522847258792,1.0,0.0,1.0
681741,sa3005892,Cesar Loaiza,-0.015784571312762136,1.0,0.17260000109672546,0.18860000371932983
673394,sa3005332,Gabriel Yanez,-0.01579932268160718,1.0,0.11840000003576279,0.44339999556541443
667600,sa919549,Grant Zawadzki,-0.015803768247542573,1.0,0.0,1.0
670467,sa918536,Joe Serrapica,-0.015810513026473873,1.0,0.0,1.0
665073,sa875995,Armando Ruiz,-0.015829685760237133,1.0,0.0,1.0
656479,sa829061,Marvin Gorgas,-0.01582998625023967,1.0,0.0,1.0
679346,24363,Edgar Navarro,-0.015852949699089125,1.0,0.056699998676776886,0.7336999773979187
682520,sa3007275,Jerry D'Andrea,-0.0158542492136435,1.0,0.0,1.0
678041,sa3005359,Brendan Nail,-0.015862260180591392,1.0,0.0,1.0
678562,sa3007227,Frank Lopez,-0.015869472128541198,1.0,0.14880000054836273,0.30079999566078186
656301,sa829217,Garrett Cave,-0.015877015316326855,1.0,0.09539999812841415,0.5514000058174133
682131,sa3006837,Austin Conway,-0.01588502124886122,1.0,0.0,1.0
642556,sa737483,Argenis Rodriguez,-0.015885516456575714,1.0,0.0674000009894371,0.6833999752998352
674380,sa3003139,Jose Miguel Gonzalez,-0.01588830670029798,1.0,0.1754000037908554,0.1754000037908554
524628,sa456134,Esmelvin Jimenez,-0.01589441305442508,1.0,0.0,1.0
668944,sa918008,Mikey York,-0.0158975377442443,1.0,0.04879999905824661,0.770799994468689
682010,25071,Lane Ramsey,-0.015898915305850227,1.0,0.0,1.0
677541,sa3004802,Michele Vassalotti,-0.015899572102320132,1.0,0.1754000037908554,0.1754000037908554
676820,sa3004672,Devin Hemmerich,-0.015905015348464356,1.0,0.0,1.0
682564,sa3008027,Kevin Biondic,-0.01590657493202574,1.0,0.1615999937057495,0.24060000479221344
500604,sa509783,Ismael Castillo,-0.015916434359717402,1.0,0.0,1.0
676689,23449,Ricky Karcher,-0.015933694672870004,1.0,0.1754000037908554,0.1754000037908554
663924,sa3006954,Trey Cumbie,-0.015943458695340817,1.0,0.01979999989271164,0.9067999720573425
685475,sa3008627,Ryan Fritze,-0.015944380744625175,1.0,0.024700000882148743,0.8837000131607056
641868,sa3008158,Brendan Meyer,-0.015971718892239466,1.0,0.02669999934732914,0.8747000098228455
669162,sa3004644,Rickey Ramirez,-0.015985701607269448,1.0,0.0,1.0
463599,sa509260,Juan Delgadillo,-0.01598744241558132,1.0,0.0,1.0
664771,sa3008274,Joey Matulovich,-0.01599655867261683,1.0,0.09210000187158585,0.5670999884605408
642472,sa737023,Adonis De La Cruz,-0.015998528511495958,1.0,0.0,1.0
621139,21189,Brooks Kriske,-0.01600475487109659,3.703700065612793,0.0,3.703700065612793
477609,sa509285,Fernando Villalobos,-0.016006316884147057,1.0,0.0,1.0
673264,sa3002801,Elias Espino,-0.016010864397172263,1.0,0.02669999934732914,0.8747000098228455
680028,sa3005369,Edgar Acosta,-0.016015449506975827,1.0,0.0,1.0
665030,sa876120,Winston Lavendier,-0.01602038817847639,1.0,0.0,1.0
682897,sa3008362,Steven Pérez,-0.016033395242517214,1.0,0.1754000037908554,0.1754000037908554
664475,sa871316,Edgar Torres,-0.0160379003955537,1.0,0.01489999983459711,0.9298999905586243
672435,sa3002949,Juan Mejia,-0.016052537100874655,1.0,0.0,1.0
673912,sa3006763,J.T. Hintzen,-0.016055418157161123,1.0,0.0,1.0
650349,sa828470,Yeison Santana,-0.016058970617206576,1.0,0.03400000184774399,0.8399999737739563
679004,sa3006390,Robert Cruz,-0.016061286013821896,1.0,0.1754000037908554,0.1754000037908554
668595,sa917688,Christian Fernandez,-0.01606159119005639,1.0,0.17229999601840973,0.19030000269412994
679758,sa3005456,Leonardo Pestana,-0.016061871237495202,1.0,0.1754000037908554,0.1754000037908554
664032,sa876242,Alex Webb,-0.01606232689752201,1.0,0.0,1.0
667363,sa917771,Carlos Ocampo,-0.01607998381406986,1.0,0.17229999601840973,0.19030000269412994
674481,sa977180,Daniel Flores,-0.01608500000360989,1.0,0.038100000470876694,0.8210999965667725
669624,sa3010649,Michael Bienlien,-0.016086273460621775,1.0,0.0,1.0
678403,sa3005824,Jairo Lopez,-0.016096653441581867,1.0,0.12110000103712082,0.4311000108718872
674498,sa977665,Luis Castillo,-0.016107711396211224,1.0,0.0,1.0
667912,sa914047,Carlos Zuniga,-0.016107857261994606,1.0,0.0,1.0
573352,sa509287,Jose Lopez Cruz,-0.01612254400366525,1.0,0.0,1.0
687873,sa1170287,Adrian Mardueno,-0.01612643284861474,1.0,0.16930000483989716,0.20430000126361847
663977,sa3007590,Jake Higginbotham,-0.016128460027753574,1.0,0.0,1.0
681007,sa1170342,Jack Cushing,-0.01613035327321129,1.0,0.14980000257492065,0.29580000042915344
672541,sa3002975,Carlos Sanchez,-0.016132845908280943,1.0,0.1754000037908554,0.1754000037908554
677315,sa3008356,Jayson Schroeder,-0.016142333897994167,1.0,0.14470000565052032,0.3197000026702881
456493,sa294348,Felipe Arredondo,-0.016148453537855444,1.0,0.03700000047683716,0.8259999752044678
684154,sa3009937,Willy Gaston,-0.016159144422770732,1.0,0.13300000131130219,0.375
681969,sa3007483,J.T. Salter,-0.01616162458150699,1.0,0.0,1.0
666207,21858,Riley Pint,-0.016166895472561862,1.0,0.07980000227689743,0.6248000264167786
680604,26117,Blas Castaño,-0.01617440025494141,1.0,0.16120000183582306,0.24220000207424164
477479,sa593936,Jose Manuel Lopez,-0.016174506453057354,1.0,0.0,1.0
674632,sa3007218,Andy Toelken,-0.016179067835204574,1.0,0.0,1.0
674500,sa977264,Daniel Diaz,-0.016182884337193885,1.0,0.0,1.0
676404,sa873948,Dalton Lehnen,-0.01618423481658033,1.0,0.0,1.0
666463,sa917804,Yeremin Lara,-0.016190883480546443,1.0,0.15469999611377716,0.2727000117301941
680638,sa3005461,Kelvin Moncion,-0.01619387131202088,1.0,0.14319999516010284,0.3271999955177307
676086,sa915846,Ryan Selmer,-0.016195910740054935,1.0,0.0,1.0
667320,sa918494,Rayniel Adames,-0.01622024029808373,1.0,0.1632000058889389,0.23319999873638153
672644,sa3003007,Adan Frias,-0.01624611331473736,1.0,0.15950000286102295,0.25049999356269836
660864,sa873563,Ronny Agustin,-0.01627185685030985,1.0,0.0,1.0
570664,sa506933,Carlos Vazquez,-0.01627527620138968,1.0,0.0,1.0
592834,sa550369,Philip Walby,-0.016275874547395288,1.0,0.0,1.0
681627,sa3006161,Luis Ramos,-0.016285293651161072,1.0,0.17190000414848328,0.19189999997615814
656325,sa876169,Max Cordy,-0.016285363892798947,1.0,0.0,1.0
680624,sa3006509,Andy Hernandez,-0.016296108372595954,1.0,0.1754000037908554,0.1754000037908554
681968,sa3007482,Cam Baird,-0.016310008220798023,1.0,0.0,1.0
674268,sa977111,Chris Rocha,-0.0163188743053378,1.0,0.025100000202655792,0.882099986076355
663506,sa3006950,Yaya Chentouf,-0.01633179258753553,1.0,0.0,1.0
676726,sa3006811,Chris Muller,-0.01634097910642542,1.0,0.025100000202655792,0.882099986076355
671781,sa946165,Christian Mejias,-0.016345558957965658,1.0,0.10440000146627426,0.5094000101089478
678862,sa3006500,Kelvin Feliz,-0.016345599276847304,1.0,0.1754000037908554,0.1754000037908554
616615,sa652485,Juan Rodriguez,-0.016346991340856744,1.0,0.0,1.0
676146,sa3006963,Erin Baldwin,-0.016349506749957176,1.0,0.06599999964237213,0.6899999976158142
680647,sa3005872,Luis Ortiz,-0.0163643327023405,1.0,0.16279999911785126,0.23479999601840973
616572,sa651343,Marco Ramirez,-0.016374238033063048,1.0,0.0,1.0
678693,sa3007961,Harold Galindo,-0.016380723099586072,1.0,0.14399999380111694,0.3230000138282776
663577,sa3007458,Liam Jenkins,-0.016384794893195994,1.0,0.1662999987602234,0.218299999833107
682289,sa3006591,Christian Sumoza,-0.016407421939988724,1.0,0.1754000037908554,0.1754000037908554
656774,sa829006,Jeremiah Muhammad,-0.016411806664423084,1.0,0.0,1.0
613547,sa657780,Elvis Diaz,-0.016418093293085318,1.0,0.0,1.0
676702,23455,Hunter Stratton,-0.016419564654164755,1.0,0.058400001376867294,0.7253999710083008
670900,sa924083,Rafael Carvajal,-0.016440128767733313,1.0,0.07020000368356705,0.670199990272522
656008,20802,Aneurys Zabala,-0.01644601834330954,1.0,0.0,1.0
676007,sa3002821,Juan Gomez,-0.016456420188411803,1.0,0.16539999842643738,0.2223999947309494
667722,sa3002779,J.B. Olson,-0.01646111847167893,1.0,0.0,1.0
663523,sa3007714,Nick Sprengel,-0.016472618265950117,1.0,0.0,1.0
553831,sa509482,Edwin Salas,-0.016477173995758217,1.0,0.023499999195337296,0.8895000219345093
672559,sa3002986,Ricardo Silva,-0.016478889314806084,1.0,0.10530000180006027,0.505299985408783
667355,sa917483,Joan Martinez,-0.01648489359115726,1.0,0.0,1.0
678281,sa3007600,Donny Breek,-0.016488611409235365,1.0,0.1615999937057495,0.24060000479221344
680691,sa3007775,Justin Jarvis,-0.016498728417220384,1.0,0.15559999644756317,0.2685999870300293
682046,sa3007812,Christian Vann,-0.016500482633944876,1.0,0.0,1.0
621298,sa829385,Zeke McGranahan,-0.016503865028272068,1.0,0.0,1.0
660506,sa872807,Jesus Tona,-0.016506784692799054,1.0,0.0,1.0
678789,sa3006817,Julio Robaina,-0.016510137631732733,1.0,0.042100001126527786,0.8021000027656555
477396,sa504429,Federico Castaneda,-0.016534404528176665,1.0,0.0,1.0
622319,sa656847,Jesus Garcia,-0.01653499003204268,1.0,0.0,1.0
616622,sa652171,Misael Verduzco,-0.01654697643272216,1.0,0.0,1.0
664140,sa918362,Mike Bunal,-0.01655415205761758,1.0,0.0,1.0
663299,sa873278,Chad Martin,-0.016558342749405906,1.0,0.0,1.0
663835,sa3007462,Cole Aker,-0.016570039964427716,1.0,0.09700000286102295,0.5440000295639038
676012,sa3005026,Gerald Ogando,-0.016570708433645935,1.0,0.16580000519752502,0.2207999974489212
679011,sa3007807,Rafi Gonell,-0.016585489307160077,1.0,0.10790000110864639,0.492900013923645
608367,sa658930,C.J. Saylor,-0.01658617893526696,1.0,0.0,1.0
660640,sa873320,Wander Cabrera,-0.01658856223035919,1.0,0.09600000083446503,0.5490000247955322
669290,sa3004921,Spencer Kulman,-0.01658861384257661,1.0,0.0,1.0
595194,sa925010,Bobby Eveld,-0.016603095026562376,1.0,0.0,1.0
472444,sa244124,Ruben Vicente,-0.016617153622758108,1.0,0.0,1.0
678758,sa3006495,Alfred Vega,-0.01662351056627539,1.0,0.15539999306201935,0.2694000005722046
658649,sa873302,Gilberto Chu,-0.016628339384323627,1.0,0.0763000026345253,0.6413000226020813
663930,sa874790,Austin Smith,-0.01663039591105605,1.0,0.0,1.0
663499,sa875306,Juan Echevarria,-0.016633168979219376,1.0,0.0,1.0
650600,sa828144,Hansel Paulino,-0.01664888219119007,1.0,0.0,1.0
668573,sa918014,Ray Castro,-0.016653145820600866,1.0,0.1639000028371811,0.22990000247955322
553883,11681,Jose Campos,-0.01667716397190855,1.0,0.0,1.0
678738,sa3005444,Juan Sanchez,-0.016680216245187625,1.0,0.1526000052690506,0.2825999855995178
650910,sa827251,Orlando Romero,-0.01669227773588976,1.0,0.0,1.0
670354,sa918715,Sam Sheehan,-0.016731178239499052,1.0,0.0,1.0
641423,sa738474,Scott Burke,-0.016746096011322327,1.0,0.024399999529123306,0.8853999972343445
641389,sa738730,Geoffrey Bramblett,-0.016749230475887056,1.0,0.11559999734163284,0.45660001039505005
690319,sa3010143,Jeremiah Burke,-0.01675890826790212,1.0,0.15950000286102295,0.25049999356269836
641806,sa918646,Ryan Luna,-0.01677008028955539,1.0,0.0,1.0
681970,sa3009861,Nic Laio,-0.016784658210232957,1.0,0.0,1.0
668559,sa917475,Johsson Arias,-0.01678484642239103,1.0,0.1460999995470047,0.31310001015663147
682614,sa3008245,Allen Montgomery,-0.016796265409499463,1.0,0.0,1.0
677630,sa3004865,Martin Anderson,-0.01681218471663116,1.0,0.08959999680519104,0.5785999894142151
641562,sa737934,Steven Farinaro,-0.016827539488397526,1.0,0.10999999940395355,0.4830000102519989
630028,sa737357,Deivy Mendez,-0.016831627728611926,1.0,0.0,1.0
663305,sa918579,Colton Davis,-0.01684118988275924,1.0,0.0,1.0
670588,sa920101,Matthew Wynne,-0.01684306287461463,1.0,0.0,1.0
667332,sa916964,Wellington Caceres,-0.016843886287273988,1.0,0.1615999937057495,0.24060000479221344
674052,sa3008614,Bryan Pall,-0.016846763147348905,1.0,0.0,1.0
676741,sa3004473,John Ghyzel,-0.016851385219786026,1.0,0.0,1.0
660586,sa873156,Darwin Feliz,-0.01685156314416732,1.0,0.1193000003695488,0.439300000667572
661525,sa3007457,Trevor Horn,-0.01686812896269664,1.0,0.05260000005364418,0.7526000142097473
674495,sa977123,Sergio Alvarado,-0.016876439268734406,1.0,0.0,1.0
674245,sa3004860,Jhordany Mezquita,-0.01688866089713305,1.0,0.14790000021457672,0.30489999055862427
681823,sa3008173,Ben Madison,-0.016907054689744468,1.0,0.0,1.0
622011,sa656388,Yair Lozoya,-0.01691369257121851,1.0,0.0,1.0
656109,sa828416,Sandy Lugo,-0.016918656664320943,1.0,0.0,1.0
678288,sa3006110,Jeremy Molero,-0.016932511138178962,1.0,0.1526000052690506,0.2825999855995178
634323,sa729217,Jorge Quinones,-0.0169393132932443,1.0,0.04390000179409981,0.7939000129699707
674476,sa977114,Jonathan Partida,-0.016983687607925076,1.0,0.0,1.0
682595,sa3008103,Robbie Baker,-0.017004331787769857,1.0,0.0,1.0
676055,sa3004092,Max Green,-0.017024231606768702,1.0,0.0,1.0
680578,sa3005706,Daury Cabrera,-0.017037693570366805,1.0,0.15369999408721924,0.2777000069618225
660429,sa871449,Daniel Gonzalez,-0.01704399597560031,1.0,0.10700000077486038,0.4970000088214874
684113,sa3009744,Jeffry Reynoso,-0.017049505047501766,1.0,0.15950000286102295,0.25049999356269836
672859,sa3002795,Edward Cuello,-0.01707147888970683,1.0,0.0,1.0
678667,sa3006492,Santos Moreno,-0.017083950796195957,1.0,0.1316000074148178,0.3815999925136566
666711,21951,Joel Peguero,-0.017116620834070426,1.0,0.0,1.0
675527,sa3005070,Brayan De Paula,-0.01711748295386023,1.0,0.09790000319480896,0.539900004863739
667524,sa3006762,Logan Stoelke,-0.017153636661617695,1.0,0.0,1.0
668805,sa918273,Matt Cleveland,-0.01715538442433765,1.0,0.1754000037908554,0.1754000037908554
677005,sa3002752,Michael Agis,-0.017165085847270892,1.0,0.0,1.0
672638,sa3003005,Emanuel Vizcaino,-0.01717905070724326,1.0,0.14159999787807465,0.3346000015735626
678783,sa3006133,Robert Colina,-0.017179815856328474,1.0,0.1421000063419342,0.3321000039577484
666661,21924,Juan Morillo,-0.017191434660039164,1.0,0.07959999889135361,0.6255999803543091
643344,sa738927,Cameron Griffin,-0.017198432431163153,1.0,0.0,1.0
683551,sa3009231,Abismael Paulino,-0.017204775113611584,1.0,0.1662999987602234,0.218299999833107
669734,sa918421,Dakody Clemmer,-0.017214548789833424,1.0,0.0,1.0
664184,sa857607,Ronnie Glenn,-0.01722086963182621,1.0,0.02930000051856041,0.8622999787330627
668562,sa947297,Adoni Kery,-0.017224038325256603,1.0,0.09510000050067902,0.5530999898910522
673245,sa3003075,Wender Oberto,-0.01725098993879587,1.0,0.13490000367164612,0.3659000098705292
681533,sa3007242,Jake Miednik,-0.017263176566763166,1.0,0.0,1.0
656678,sa829063,Erik Manoah Jr.,-0.017288580998859625,1.0,0.0,1.0
676874,sa3004354,Dylan Stock,-0.017293899061778327,1.0,0.028200000524520874,0.8672000169754028
685829,sa3008641,Irvin Machuca,-0.01730084475798398,1.0,0.021900000050663948,0.8968999981880188
676604,20379,Tyler Zuber,-0.017314532773449527,12.963000297546387,0.0,12.963000297546387
674167,sa3002668,Evan Sanders,-0.01731520507439094,1.0,0.12890000641345978,0.3939000070095062
666803,sa917415,Oliver Garcia,-0.01732144182590026,1.0,0.0,1.0
670485,sa919027,Joel Inoa,-0.01733943921679868,1.0,0.0,1.0
663936,sa3007716,Maddux Conger,-0.017356966811497208,1.0,0.08669999986886978,0.5927000045776367
608576,sa737443,Gerardo Navarro,-0.017358387258879497,1.0,0.0,1.0
503085,sa393318,Francisco Gil,-0.017363322975655522,1.0,0.0,1.0
666637,sa917047,Omar Conoropo,-0.01737762085817829,1.0,0.09399999678134918,0.5580000281333923
510552,sa509713,Ozzie Mendez,-0.017381258332333786,1.0,0.0,1.0
677615,sa3005431,Jean Carlos Lucas,-0.01740717705803253,1.0,0.11699999868869781,0.44999998807907104
682049,sa3007258,Kellen Rholl,-0.017415043318888018,1.0,0.0,1.0
677717,sa3004873,Livan Sanchez,-0.017434635596541136,1.0,0.11699999868869781,0.44999998807907104
622054,sa829019,Scott Williams,-0.017445821995628687,1.0,0.0,1.0
667673,sa874233,Vance Tatum,-0.01744895992351383,1.0,0.0,1.0
670372,sa918489,Aaron Quillen,-0.017454653038071827,1.0,0.0,1.0
663613,sa3008668,Kyle Marman,-0.017457046899534322,1.0,0.0,1.0
673314,sa3003096,Rafael Monsion,-0.017459741049853914,1.0,0.1460999995470047,0.31310001015663147
584291,sa542044,Rodolfo Aguilar,-0.017463910484498715,1.0,0.0,1.0
681657,sa3005882,Elian Pena,-0.01746959202532744,1.0,0.1535000056028366,0.2784999907016754
678680,sa3005834,Yordin Mateo,-0.01749376102816735,1.0,0.15950000286102295,0.25049999356269836
660714,sa872871,Xavier Javier,-0.017504391818638065,1.0,0.15440000593662262,0.274399995803833
676753,sa3005032,Tanner Allison,-0.017509011492532877,1.0,0.00860000029206276,0.9595999717712402
680641,sa3006411,Carlos Mola,-0.017522120685436744,1.0,0.1395999938249588,0.34360000491142273
677604,sa3005430,Damian Mendoza,-0.017523103161268774,1.0,0.0877000018954277,0.5877000093460083
655988,sa828540,Jhon Peluffo,-0.017548646227144513,1.0,0.0,1.0
665646,sa916839,Jorge Labrador,-0.017550519949263852,1.0,0.0,1.0
682143,sa3007620,Michael Costanzo,-0.017552126737772733,1.0,0.03610000014305115,0.8300999999046326
666248,sa3001065,Alexis Portillo,-0.017555217132935556,1.0,0.07320000231266022,0.6561999917030334
666634,sa917563,Jose Valenzuela,-0.01755704567133806,1.0,0.11699999868869781,0.44999998807907104
668870,sa856184,Gabe Friese,-0.017578980878539763,1.0,0.0,1.0
676717,sa3004830,Josh Reagan,-0.017586519898519844,1.0,0.0,1.0
676645,sa3004668,Josh Keaton,-0.017590326619061656,1.0,0.0,1.0
675976,sa3005194,Mark Washington,-0.017591475837272975,1.0,0.0,1.0
665996,sa917882,Oddanier Mosqueda,-0.017606586431188308,1.0,0.0,1.0
641853,19814,David McKay,-0.017611177898596987,16.66670036315918,0.0,16.66670036315918
656000,sa827956,Luis Rosario,-0.01761975113177877,1.0,0.05490000173449516,0.7419000267982483
670333,sa872728,Nick Highberger,-0.01763672670494822,1.0,0.0,1.0
606929,sa919333,Ty Barkell,-0.017640390163909683,1.0,0.0,1.0
677590,sa3006352,Delvis Alegre,-0.017642674166381937,1.0,0.15070000290870667,0.29170000553131104
571328,sa504961,Jovany Lopez,-0.01765863022896794,1.0,0.0,1.0
676856,sa3004224,Slater Lee,-0.017671286594487974,1.0,0.0,1.0
501593,2882,Luis Avilán,-0.017680257104383257,10.370400428771973,0.0,10.370400428771973
661538,sa3007709,Brian Rapp,-0.01768556196145797,1.0,0.058400001376867294,0.7253999710083008
624509,sa873677,John Kilichowski,-0.01770768275436226,1.0,0.04600000008940697,0.7839999794960022
642657,20667,Cristofer Ogando,-0.017715966683123842,1.0,0.0,1.0
681895,24995,Evan Sisk,-0.01772680765217169,1.0,0.0,1.0
671111,25589,Sammy Peralta,-0.017744305873683808,1.0,0.0843999981880188,0.6033999919891357
601718,sa918298,Bryan Saucedo,-0.01775770392724945,1.0,0.1754000037908554,0.1754000037908554
667383,sa916715,Albinson Volquez,-0.017761804626523242,1.0,0.0,1.0
675851,sa3004962,Benjamin Rodriguez,-0.01777493187627718,1.0,0.1687999963760376,0.20679999887943268
677801,sa3005126,Jeison Pena,-0.0178025285650756,1.0,0.1526000052690506,0.2825999855995178
666786,sa916728,Henry Medina,-0.017805012927832802,1.0,0.14159999787807465,0.3346000015735626
657121,sa829599,Hunter Williams,-0.01780666427792457,1.0,0.0,1.0
664823,sa874819,David Gutierrez,-0.017819066435743512,1.0,0.0,1.0
678292,sa3006111,Andrew Budier,-0.01784699546210404,1.0,0.11540000140666962,0.45739999413490295
672410,sa3002937,Andres German,-0.01784773428432484,1.0,0.13439999520778656,0.3684000074863434
665535,sa879199,Brian Pirela,-0.017848480242161773,1.0,0.17229999601840973,0.19030000269412994
644396,sa740812,Luis Ledo,-0.017858136108915502,1.0,0.0,1.0
602993,sa597029,Eduardo Rivera,-0.017896581544613155,1.0,0.0,1.0
682552,sa3007863,Gustavo Andujar,-0.017909138769488187,1.0,0.1754000037908554,0.1754000037908554
678581,sa3006369,Karlo Seijas,-0.01791543521180031,1.0,0.08649999648332596,0.593500018119812
681744,sa3005470,Junior Santos,-0.017915600828953448,1.0,0.1754000037908554,0.1754000037908554
664072,sa875585,Jake Shull,-0.017917076458647294,1.0,0.0,1.0
681407,sa3007966,Blake Whitney,-0.017921190336197775,1.0,0.0,1.0
598215,sa599058,Adonys Cardona,-0.017933331580858122,1.0,0.0,1.0
681059,sa3006413,Leony Rosario,-0.01793346166662227,1.0,0.17159999907016754,0.19359999895095825
656006,sa917335,Jasiel Alvino,-0.01793503732963142,1.0,0.04089999943971634,0.8079000115394592
650875,sa828384,Franyel Casadilla,-0.017941398881037803,1.0,0.11890000104904175,0.4408999979496002
668553,sa918485,Alfredo Tavarez,-0.01795497155090053,1.0,0.14180000126361847,0.33379998803138733
622786,16300,Jesus Tinoco,-0.017955947942831153,2.9630000591278076,0.0,2.9630000591278076
671737,22543,Taj Bradley,-0.017957576807446193,1.0,0.17229999601840973,0.19030000269412994
642513,sa736965,Julio Pinto,-0.017966640094446328,1.0,0.0,1.0
670546,sa856277,Levi MaVorhis,-0.017975310033986426,1.0,0.038100000470876694,0.8210999965667725
676981,sa3002823,Hayden Roberts,-0.017977832821249786,1.0,0.0,1.0
645799,sa744295,Isaac Jimenez,-0.01799291772100026,1.0,0.0,1.0
642043,sa737688,Carlos Salazar,-0.01800367382319108,1.0,0.0,1.0
648097,sa3001058,Marco Antonio Rivas,-0.01801053159715846,1.0,0.0,1.0
676221,sa3004462,Jorge Benitez,-0.01802412439480743,1.0,0.09749999642372131,0.5414999723434448
672374,sa3002925,Franklin Dacosta,-0.018055066448870085,1.0,0.1460999995470047,0.31310001015663147
641761,sa856181,Max Knutson,-0.018055084852940103,1.0,0.0,1.0
660441,sa877507,Bladimir Matos,-0.018058613324531587,1.0,0.0,1.0
675870,sa3002587,Andrew Gutierrez,-0.018077887688011073,1.0,0.0,1.0
663338,sa3008021,Chandler Day,-0.01807991203135613,1.0,0.0,1.0
642606,sa736701,Luis Jimenez,-0.01808536037231045,1.0,0.0,1.0
678921,sa3005696,Raúl Alcantara,-0.018093416363643037,1.0,0.14839999377727509,0.30239999294281006
607773,sa602567,Chase Williams,-0.018095801696766712,1.0,0.0,1.0
623491,sa659041,Benny Suarez,-0.018096398502695635,1.0,0.0,1.0
674501,sa977185,Roby Romero,-0.018097296708612123,1.0,0.0,1.0
656839,sa3008628,Jorge Perez,-0.01810774861399058,1.0,0.0,1.0
667321,sa921734,Maikel Aguiar,-0.018113948544455617,1.0,0.0,1.0
668598,sa658209,Jorge Cespedes,-0.018119276089859877,1.0,0.10679999738931656,0.49779999256134033
653252,sa824742,Sasagi Sanchez,-0.018134765817170457,1.0,0.0,1.0
554189,sa504950,Roberto Espinosa,-0.018135967494658626,1.0,0.0,1.0
663648,sa875330,Justin Marsden,-0.018150007461576453,1.0,0.028599999845027924,0.8655999898910522
666522,sa917665,Pedro Zorrilla,-0.018150101819495112,1.0,0.09070000052452087,0.5737000107765198
676921,sa915647,Joe Mockbee,-0.018158950393996266,1.0,0.0,1.0
672603,sa3002606,Jesus Toledo,-0.018161900494202948,1.0,0.09749999642372131,0.5414999723434448
676878,sa3004601,David Smith,-0.018169107580334534,1.0,0.0,1.0
674332,sa3004459,Austin Gardner,-0.018182118408077628,1.0,0.058400001376867294,0.7253999710083008
680619,sa3006409,Jesus Gomez,-0.018188070412176446,1.0,0.1754000037908554,0.1754000037908554
681796,sa3007907,Francisco Justo,-0.018188351211203574,1.0,0.15950000286102295,0.25049999356269836
667596,sa919826,Edgar Martinez,-0.01819309592095919,1.0,0.12530000507831573,0.41130000352859497
660669,sa873548,Miguel Lara,-0.018205641886659733,1.0,0.07320000231266022,0.6561999917030334
602345,sa592949,Linder Castro,-0.018210761658464896,1.0,0.0,1.0
672376,sa3002678,Luis Pacheco,-0.01821181883748148,1.0,0.15039999783039093,0.29339998960494995
623526,sa657897,Yelmison Peralta,-0.018217480201017298,1.0,0.0,1.0
670441,sa918612,Mike Morrison,-0.018225233187323168,1.0,0.0,1.0
664308,sa875857,Reimin Ramos,-0.018240018422165608,1.0,0.0,1.0
672380,sa3002926,Marco Jimenez,-0.0182468865773543,1.0,0.16249999403953552,0.23649999499320984
579629,sa544302,Hugo Gutierrez,-0.018247482189390377,1.0,0.0,1.0
678782,sa3005841,Luilly Ovalle,-0.01825349000342533,1.0,0.13699999451637268,0.35600000619888306
673234,sa3003068,Maiker Manuel,-0.01825513727381004,1.0,0.14229999482631683,0.3312999904155731
677640,sa3004866,Eudi Asencio,-0.0182631032084613,1.0,0.1096000000834465,0.4846000075340271
641375,sa738484,A.J. Bogucki,-0.018268086305254973,1.0,0.0,1.0
681931,sa3008488,Nick Starr,-0.01827432817877829,1.0,0.0,1.0
682093,sa3006992,Eric Hepple,-0.018316138379113604,1.0,0.0,1.0
670412,sa918521,Tyler Hallead,-0.018321958918425037,1.0,0.0,1.0
668155,sa914411,Alberto Leyva,-0.018328676127604065,1.0,0.0,1.0
657034,sa829674,Jonathan Teaney,-0.0183317213179596,1.0,0.0,1.0
650840,sa829379,Jaimito Lebron,-0.018361686249794475,1.0,0.02250000089406967,0.8945000171661377
676014,sa3003164,Matthew Peguero,-0.018370136588898713,1.0,0.1754000037908554,0.1754000037908554
605591,sa595954,Axel Rios,-0.01838658895930341,1.0,0.0,1.0
678683,sa3006377,David Marcano,-0.018390457639647657,1.0,0.1754000037908554,0.1754000037908554
665050,sa876066,Colton Cross,-0.01841226753803117,1.0,0.0,1.0
681739,sa3005890,Joshua Cornielly,-0.018419020337124017,1.0,0.13179999589920044,0.3808000087738037
621053,19481,Tyler Ferguson,-0.018420018300290688,1.0,0.0,1.0
573654,sa504009,Julian Arballo,-0.018437158009697977,1.0,0.024900000542402267,0.8828999996185303
676089,sa3004337,Alex Mauricio,-0.018443696658250797,1.0,0.0,1.0
681144,sa3006767,Ethan Larrison,-0.018454794555893172,1.0,0.0,1.0
681600,sa3006976,Wilmer Fenelon,-0.01846194457120891,1.0,0.1662999987602234,0.218299999833107
681923,sa3008071,Zach Wolf,-0.018471650228900568,1.0,0.0,1.0
667334,sa917404,Cristian Castro,-0.018474858818992704,1.0,0.14890000224113464,0.29989999532699585
670325,sa918741,Matt De La Rosa,-0.018489295152020194,1.0,0.0,1.0
681124,sa3005425,Christian Prado,-0.018494778489684883,1.0,0.0,1.0
674361,sa977184,Gabe Aguilar,-0.018513133573736993,1.0,0.0,1.0
658070,sa829868,Erbert Gonzalez,-0.018531292740837625,1.0,0.0,1.0
680991,sa3006512,Jhoan Cruz,-0.01854014900454638,1.0,0.1460999995470047,0.31310001015663147
678824,sa3006384,Adolfo Bauza,-0.01854170709336604,1.0,0.1754000037908554,0.1754000037908554
642617,sa737459,Salvador Justo,-0.018566935384109907,1.0,0.0,1.0
665525,sa879105,Noel De Jesus,-0.018582220457605794,1.0,0.0,1.0
680584,sa3006072,Dionicio Jimenez,-0.018595663965977925,1.0,0.17159999907016754,0.19359999895095825
676790,sa3004221,Kevin Hamann,-0.018609523360704146,1.0,0.0,1.0
678268,sa3006066,Miguel Suero,-0.018614200555602898,1.0,0.0,1.0
676770,sa3004670,Bryar Johnson,-0.01864434710137046,1.0,0.14229999482631683,0.3312999904155731
524728,sa509041,Rene Coss,-0.01865039815156329,1.0,0.0,1.0
670749,sa921448,Wilfred Salaman,-0.01865703778505235,1.0,0.0843999981880188,0.6033999919891357
576028,sa509483,Jose Meraz,-0.018658762312640888,1.0,0.0,1.0
501170,sa509467,Adrian Ramirez,-0.01866606139083626,1.0,0.0,1.0
514668,sa508091,Alfonso Sanchez,-0.01870751083576893,1.0,0.04320000112056732,0.7972000241279602
642216,21238,Allan Winans,-0.018707858957887423,1.0,0.0,1.0
677022,sa3004365,Justin Watts,-0.018743186076893705,1.0,0.0,1.0
681655,sa3005711,Anderson Mercedes,-0.01874508370665305,1.0,0.12950000166893005,0.39149999618530273
650306,sa828591,Luis Mora,-0.018790418773749585,1.0,0.0,1.0
685698,sa3008636,Edgar Martinez,-0.018794033464779248,1.0,0.056699998676776886,0.7336999773979187
682907,sa3008390,Dario Peralta,-0.01880142271403865,1.0,0.1535000056028366,0.2784999907016754
667910,sa914049,Juan Macias,-0.018811668126221617,1.0,0.1281999945640564,0.39719998836517334
670157,sa918319,Ruben Garcia,-0.018819771390919685,1.0,0.0,1.0
681917,sa3006984,Mike LoPresti,-0.018830741733588043,1.0,0.0,1.0
670304,sa915599,Conner O'Neil,-0.01883896427959826,1.0,0.0,1.0
650994,sa828600,Juan Nunez,-0.01884153287822243,1.0,0.0,1.0
547374,sa509795,Vanny Valenzuela,-0.01887637370410243,1.0,0.0,1.0
672375,sa3002598,Casey Brown,-0.018886689140567153,1.0,0.0,1.0
678821,24203,Luis Peralta,-0.0188900999297711,1.0,0.13860000669956207,0.34860000014305115
676647,sa3006696,Trey Turner,-0.018890857976032918,1.0,0.0,1.0
657533,sa829509,Mike Burke,-0.018891584018215665,1.0,0.0,1.0
670359,sa918821,John Timmins,-0.018897160430034813,1.0,0.0,1.0
664252,sa870202,Tony Guerra,-0.018898900260435825,1.0,0.0,1.0
682067,sa3007910,Connor Coward,-0.01889949699713778,1.0,0.0,1.0
665769,sa917357,Miguel De Los Santos,-0.018900149146964404,1.0,0.13680000603199005,0.35679998993873596
656052,sa830637,Marcos Lantigua,-0.01890836119716884,1.0,0.0,1.0
676944,sa915723,Jeremy McKinney,-0.018923815361818645,1.0,0.0,1.0
679402,sa3007603,Abel Moya,-0.01893118105009269,1.0,0.1316000074148178,0.3815999925136566
664905,sa875295,Taylor Henry,-0.01893810807110694,1.0,0.0,1.0
665143,sa876263,Ryan Colegate,-0.018958243795957758,1.0,0.0,1.0
675979,sa3004796,Jamal Wade,-0.018965259225825405,1.0,0.0,1.0
642173,sa738995,Chris Viall,-0.01897977638757404,1.0,0.0,1.0
676739,sa3005340,Nathan Witt,-0.0189874576804187,1.0,0.03889999911189079,0.8169000148773193
664336,sa881864,Fredy Medina,-0.018992416929111702,1.0,0.13860000669956207,0.34860000014305115
669747,sa918454,Tyler Fallwell,-0.019015347932299784,1.0,0.0,1.0
678725,sa3006494,Franny Cobos,-0.01903733869562742,1.0,0.08529999852180481,0.5993000268936157
664998,sa875691,Max Almonte,-0.019037741650653583,1.0,0.0,1.0
669872,sa919202,Frandy Torres,-0.019043844407137956,1.0,0.0,1.0
674347,sa3002688,Wilberson Liendo,-0.01906117154079003,1.0,0.1460999995470047,0.31310001015663147
657896,sa829111,Yosshel Hurtado,-0.019062166960686182,1.0,0.0,1.0
676745,sa3004474,Bryce Howe,-0.019070514479623983,1.0,0.0,1.0
679807,sa3006504,Jherson Pereira,-0.019074825526318485,1.0,0.10700000077486038,0.4970000088214874
650704,sa827961,Carlos Hernandez,-0.019094465594040804,1.0,0.0,1.0
680653,sa3007608,Denny Roman,-0.019102911871315107,1.0,0.0,1.0
682551,sa3007627,Ronaldo Alesandro,-0.01912473387796471,1.0,0.10320000350475311,0.5152000188827515
681894,sa3006981,Kyle Hinton,-0.019133796437031246,1.0,0.0,1.0
676836,sa3004596,Jared Finkel,-0.0191598222369194,1.0,0.0,1.0
670096,sa918385,Dillon Drabble,-0.019190666737075517,1.0,0.0,1.0
663820,sa3005207,Alex Valverde,-0.019193211226564314,1.0,0.0,1.0
622493,sa657746,Jose Morel,-0.01921854862806373,1.0,0.03739999979734421,0.824400007724762
680026,sa549571,Angel Landazuri,-0.019220079766081397,1.0,0.049800001084804535,0.7657999992370605
669124,sa918122,Dylan Prohoroff,-0.019230335151390863,1.0,0.0,1.0
670082,sa918354,Trent Johnson,-0.019241052276495,1.0,0.0,1.0
665702,sa880807,Fernando Irazoqui,-0.019242837353199788,1.0,0.0,1.0
672643,sa3003006,Brayan Herrera,-0.019245895194804522,1.0,0.0,1.0
666716,sa945004,Wanderson Linares,-0.01925155844515069,1.0,0.16459999978542328,0.22660000622272491
669993,sa928287,Raul Brito,-0.019263102756428795,1.0,0.0,1.0
668797,sa918219,Tyler Benninghoff,-0.019274081942498664,1.0,0.1632000058889389,0.23319999873638153
674499,sa977262,Luis De Luna,-0.019278320530419214,1.0,0.0,1.0
640480,sa735885,Oswaldo Castillo,-0.01928368247609259,1.0,0.0,1.0
680024,sa3005382,Jose Frutos,-0.019301418885386615,1.0,0.0,1.0
673377,sa3002806,Wilmy De Jesus,-0.01931887095516095,1.0,0.1615999937057495,0.24060000479221344
678861,sa3006137,Luis Baez,-0.019330218239570613,1.0,0.1573999971151352,0.2603999972343445
665815,sa917190,Wilfry Cruz,-0.019343236410033993,1.0,0.10719999670982361,0.49619999527931213
670080,sa918349,Phil Morse,-0.01934612965558641,1.0,0.0,1.0
681676,24862,Ryan Fernandez,-0.01934754539670414,1.0,0.04179999977350235,0.8037999868392944
676190,sa3002602,Carlos Morales,-0.01934866365491719,1.0,0.0,1.0
676752,sa3004105,Tyler Day,-0.01936550020455231,1.0,0.0,1.0
676928,sa3004924,Jake Steffens,-0.019374441215416306,1.0,0.0,1.0
678478,sa3005826,Jorge Juan,-0.01938217898303611,1.0,0.14229999482631683,0.3312999904155731
666649,sa917979,Yeffersson Yannuzzi,-0.019411108201090817,1.0,0.1096000000834465,0.4846000075340271
673238,sa3003070,Alejandro Chavez,-0.01942101486529474,1.0,0.1573999971151352,0.2603999972343445
677020,23617,Josh Walker,-0.019423155938817525,1.0,0.07599999755620956,0.6430000066757202
448306,7059,James Shields,-0.019429003144089754,10.471799850463867,1.7999999523162842,1.7999999523162842
673250,sa3003079,Ramon Guzman,-0.01943338817494274,1.0,0.1395999938249588,0.34360000491142273
681709,sa3006170,Rigoberto Borbolla,-0.019448332631465236,1.0,0.12860000133514404,0.39559999108314514
678598,sa3006372,Edwin Rojas,-0.01947356212664892,1.0,0.16539999842643738,0.2223999947309494
660442,sa877674,Kelvin Rodriguez,-0.019478298773387165,1.0,0.0,1.0
642241,sa915604,James Ziemba,-0.0194802397062694,1.0,0.0,1.0
672405,sa3002934,Leonardo Taveras,-0.01948580244580306,1.0,0.0,1.0
668996,sa3008645,Tyler Gillies,-0.019489879497442946,1.0,0.0,1.0
623207,sa658198,Taylor Hawkins,-0.019490866069374564,1.0,0.06750000268220901,0.6825000047683716
668707,sa3005116,Marlin Willis,-0.01950390569732273,1.0,0.13809999823570251,0.35109999775886536
676760,23488,Ron Marinaccio,-0.019504729926515058,1.0,0.0,1.0
656722,sa918461,Pearson McMahan,-0.019511854359779732,1.0,0.0,1.0
457764,sa291749,Matt Nevarez,-0.019527023211103844,1.0,0.0,1.0
682179,sa3006838,Ted Cillis,-0.019534021989035182,1.0,0.0,1.0
553868,sa504948,Norman Elenes,-0.019537744505326003,1.0,0.0,1.0
668579,sa917136,Wilfredo Pereira,-0.019548263827750358,1.0,0.02979999966919422,0.8597999811172485
681826,sa3006979,Alex DuBord,-0.019555318000813372,1.0,0.11810000240802765,0.44510000944137573
663419,sa857574,Will Stillman,-0.019556808855927272,1.0,0.0,1.0
682747,sa3008175,Normand Mendoza,-0.019561136934280885,1.0,0.0,1.0
660450,sa873332,Manuel Dominguez,-0.01958781147105778,1.0,0.07980000227689743,0.6248000264167786
662107,sa3004826,Brian Glowicki,-0.019593765905390335,1.0,0.0,1.0
665570,sa886971,Juan Florentino,-0.0195980814253068,1.0,0.0,1.0
666625,sa917886,Yunior Perez,-0.0196129529877197,1.0,0.10530000180006027,0.505299985408783
678888,sa3008164,Miguel Vinicio,-0.019614601545185573,1.0,0.15469999611377716,0.2727000117301941
666781,sa917337,Luis Pasen,-0.019616707553101916,1.0,0.0,1.0
663718,sa875566,Wesley Rodriguez,-0.019626292181678412,1.0,0.0,1.0
682274,25215,Yaramil Hiraldo,-0.019640888510478707,1.0,0.0,1.0
682120,25139,Tim Herrin,-0.019645715870535378,1.0,0.0,1.0
670225,sa918739,Johnny Morell,-0.019668140549033365,1.0,0.16249999403953552,0.23649999499320984
681980,sa3007484,Will Gardner,-0.01967315604977069,1.0,0.0,1.0
677650,sa3005812,Yeury Tatiz,-0.01967482937603251,1.0,0.13840000331401825,0.34940001368522644
672659,sa3003011,Daniel Santana,-0.01968038168191501,1.0,0.15070000290870667,0.29170000553131104
678957,sa3006635,Rael Santos,-0.019683509472905373,1.0,0.1460999995470047,0.31310001015663147
679363,sa3006397,Luis Rodriguez,-0.01968478494105005,1.0,0.16769999265670776,0.21170000731945038
666100,sa883761,Orlando Pascual,-0.019697138395374403,1.0,0.0,1.0
660022,sa873724,Hector Figueroa,-0.019703060246423706,1.0,0.0,1.0
678364,sa3006585,Hendry Nunez,-0.019708620236558547,1.0,0.1395999938249588,0.34360000491142273
676520,sa3005410,Manuel Alvarez,-0.01971031172343118,1.0,0.0,1.0
667640,sa919881,Yordi Rosario,-0.019710693274865857,1.0,0.0,1.0
669031,sa913053,Andrew Gist,-0.019744202247312017,1.0,0.0,1.0
626997,sa733608,Nicolas Heredia,-0.019744347151580254,1.0,0.0,1.0
641986,sa918291,John Pomeroy,-0.019751986141256308,1.0,0.0,1.0
676624,sa3004665,Jimmy Murphy,-0.019758057218542065,1.0,0.0,1.0
678653,sa3006375,Alexis Carmona,-0.01975936186749214,1.0,0.156700000166893,0.263700008392334
650962,sa828485,Ismel Lopez,-0.01976311332341802,1.0,0.0,1.0
676822,sa3004706,Blake Pflughaupt,-0.01977697841370563,1.0,0.06880000233650208,0.676800012588501
650879,sa828546,Junior Gonzalez,-0.0197841514244629,1.0,0.13349999487400055,0.3725000023841858
672666,sa3003015,Adolfo Ramirez,-0.019790488044565152,1.0,0.025299999862909317,0.8812999725341797
665863,sa916948,Edward Paredes,-0.019796664691770067,1.0,0.16110000014305115,0.24310000240802765
666019,sa3002909,Pedro Espinola,-0.019798411140518002,1.0,0.0,1.0
656342,sa3007833,Keegan Curtis,-0.019816183248884636,1.0,0.0,1.0
596294,sa505523,Javier Reynoso,-0.019833408316794025,1.0,0.0,1.0
681725,sa3006173,Kleiber Bordones,-0.01985407877825715,1.0,0.16930000483989716,0.20430000126361847
678371,sa3006358,Ivan Armstrong,-0.01985928028668852,1.0,0.1460999995470047,0.31310001015663147
681939,sa3008337,Chris Allen,-0.0198653314834663,1.0,0.09229999780654907,0.5662999749183655
665021,sa876163,Kory Groves,-0.019869608036097077,1.0,0.0,1.0
669143,sa999479,Patrick Duester,-0.019874507798257602,1.0,0.0,1.0
606247,sa599357,Yordys Alejo,-0.019891925162794297,1.0,0.0,1.0
670120,sa918422,Yelin Rodriguez,-0.019896687154402414,1.0,0.0,1.0
624511,sa3008048,Andy McGuire,-0.019902356768159945,1.0,0.0,1.0
681726,sa3005469,Moises Ruiz,-0.019906667858022524,1.0,0.16459999978542328,0.22660000622272491
666067,sa883131,Austin Glorius,-0.019965631548434202,1.0,0.0,1.0
669744,sa918328,Chris Hall,-0.01999511354359235,1.0,0.0,1.0
667903,sa914287,Carlos Pech,-0.01999778514638131,1.0,0.0,1.0
607754,sa599414,Elroy Urbina,-0.01999927481789252,1.0,0.0,1.0
660574,sa873450,Jose Appleton,-0.0200014789593418,1.0,0.1573999971151352,0.2603999972343445
502371,sa328152,Fabian Williamson,-0.02001770317541641,1.0,0.021199999377131462,0.9002000093460083
678490,sa3005827,Santiago Elizondo,-0.02002414922178036,1.0,0.13860000669956207,0.34860000014305115
672606,sa3002789,Ricardo Hernandez,-0.020025774883306927,1.0,0.0,1.0
665712,sa881080,Juan Lopez,-0.020041999861746238,1.0,0.0,1.0
679885,24453,Justin Martinez,-0.020047482843917292,1.0,0.14419999718666077,0.3222000002861023
666669,sa917126,Elkin Alcala,-0.020052274730835776,1.0,0.0,1.0
668958,sa3008066,Mark Potter,-0.020061192791193855,1.0,0.0,1.0
650397,sa3004825,Jim Voyles,-0.020070728989511115,1.0,0.0,1.0
665873,sa917885,Alfredo Silva,-0.020073049502210023,1.0,0.1316000074148178,0.3815999925136566
543045,14457,Adam Conley,-0.020087259711861233,20.370399475097656,0.0,20.370399475097656
681704,sa3005885,Juan Geraldo,-0.020138631742674672,1.0,0.0877000018954277,0.5877000093460083
664358,sa873434,Moises Nova,-0.02016013512081521,1.0,0.0,1.0
676810,sa3004017,Abraham Almonte,-0.0201765700220496,1.0,0.0,1.0
682117,sa3007859,J.T. Perez,-0.02020930833917112,1.0,0.0,1.0
676663,sa3005071,Dakota Bennett,-0.020234178887677375,1.0,0.09749999642372131,0.5414999723434448
660420,sa877615,Carlos Machorro,-0.02025515159594145,1.0,0.0,1.0
672413,sa3002938,Francis Pena,-0.020269560884299098,1.0,0.0,1.0
641429,sa738733,Alec Byrd,-0.02027225886787249,1.0,0.0,1.0
679326,sa3007230,Charlie Cerny,-0.020300507613549585,1.0,0.0,1.0
674457,sa3003143,Fabricio Reina,-0.020302207007563515,1.0,0.1526000052690506,0.2825999855995178
673742,sa3002618,Luciano De La Cruz,-0.020321173242986604,1.0,0.11860000342130661,0.4426000118255615
674333,sa3007217,Daniel James,-0.02034214970074504,1.0,0.0,1.0
678757,sa3006131,Yonson Guerrero,-0.020357678744729112,1.0,0.13650000095367432,0.35850000381469727
681797,sa3007245,Christian Cosby,-0.02035946610777545,1.0,0.058400001376867294,0.7253999710083008
674497,sa977188,Daniel Brito,-0.02038013939588133,1.0,0.0,1.0
664357,sa873154,Jose Alejandro,-0.020381192394674657,1.0,0.0,1.0
629976,sa857543,Jeff Burke,-0.02038192924838182,1.0,0.0,1.0
666657,sa917747,Yerelmy Garcia,-0.020398000686357973,1.0,0.0,1.0
679963,sa3006558,Edinso Aleman,-0.020399358795422626,1.0,0.1492999941110611,0.29829999804496765
676615,sa3004746,Connor Ryan,-0.02040350071850084,1.0,0.0,1.0
622675,sa657752,Luis Aquino,-0.020418383944711047,1.0,0.0,1.0
660871,sa877827,Miguel Aguilar,-0.020422369392272276,1.0,0.0,1.0
680652,sa3007903,Rainiery Rodriguez,-0.020437581139333996,1.0,0.12530000507831573,0.41130000352859497
672573,sa3002991,Juan Cruz,-0.020478315358921594,1.0,0.12890000641345978,0.3939000070095062
650844,sa829767,Mayky Perez,-0.020486076349750287,1.0,0.0,1.0
608753,sa603264,Braulio Ortiz,-0.02049381414760143,1.0,0.0,1.0
656103,sa828835,Ismael Cabrera,-0.020552125441035303,1.0,0.0,1.0
676696,sa3005017,Nate Peden,-0.02056836671478424,1.0,0.1096000000834465,0.4846000075340271
660743,sa872876,Edinxon Arias,-0.02059148529539003,1.0,0.17159999907016754,0.19359999895095825
663990,sa875993,Matthias Dietz,-0.020601455975901115,1.0,0.06419999897480011,0.698199987411499
660822,sa873188,Robinson Martínez,-0.020618629677109996,1.0,0.0,1.0
473218,sa509757,Martin Sotelo,-0.020632142677505974,1.0,0.0,1.0
678612,sa3005441,Jorge Remon,-0.02064037149344723,1.0,0.1573999971151352,0.2603999972343445
665984,sa917807,Edison Suriel,-0.020663497656206016,1.0,0.0,1.0
664319,sa871767,Jose Vasquez,-0.020689256945649714,1.0,0.0,1.0
669202,sa918152,Pete Bayer,-0.020721896777362133,1.0,0.0,1.0
666009,sa918039,Aldor Rodriguez,-0.020737052807155376,1.0,0.13490000367164612,0.3659000098705292
680791,sa3010368,Jeremy Randolph,-0.020762084310087418,1.0,0.09399999678134918,0.5580000281333923
678370,sa3006483,Bryan Peña,-0.02077214065999169,1.0,0.09229999780654907,0.5662999749183655
670705,sa920187,Garrett Kelly,-0.020773139365731948,1.0,0.0,1.0
676880,sa3004991,Mitch Stophel,-0.02081559169606638,1.0,0.0,1.0
622232,sa875814,Michael Silva,-0.020822127688179166,1.0,0.0,1.0
661391,sa875838,Edwar Ramirez,-0.020832550650058162,1.0,0.14180000126361847,0.33379998803138733
680660,sa3007847,Oscar Valenzuela,-0.020863363171804514,1.0,0.12839999794960022,0.39640000462532043
653540,sa824739,Francisco Moreno,-0.020877230608597853,1.0,0.07159999758005142,0.6636000275611877
664330,sa875839,Jose Mora,-0.020887002886818242,1.0,0.0,1.0
643778,14974,Tyler Webb,-0.020897025375833062,15.5556001663208,0.0,15.5556001663208
682430,sa3008133,Jordan Scott,-0.02091508896604011,1.0,0.03319999948143959,0.8442000150680542
676503,sa3004963,Kyle Goodbrand,-0.0209421598945338,1.0,0.0,1.0
650501,sa828214,Cesar Ventura,-0.02094262469778135,1.0,0.032099999487400055,0.8490999937057495
677573,sa3005683,Heitor Tokar,-0.020947952609404307,1.0,0.0877000018954277,0.5877000093460083
495561,sa393077,Oswaldo Martínez,-0.020950559077356212,1.0,0.014700000174343586,0.9307000041007996
666090,sa883144,Saul Castellanos,-0.02095129583195803,1.0,0.13860000669956207,0.34860000014305115
670310,sa918673,Andrew Deramo,-0.020972239060561206,1.0,0.03139999881386757,0.852400004863739
691171,sa3011349,Manuel Veloz,-0.021030159917099944,1.0,0.04610000178217888,0.7831000089645386
678756,sa3006381,Victor Munoz,-0.02104317963868526,1.0,0.16249999403953552,0.23649999499320984
677802,sa3005219,Wilber Perez,-0.021063363565346948,1.0,0.024399999529123306,0.8853999972343445
682875,sa3008405,Yeyson Velez,-0.02107806634839787,1.0,0.09459999948740005,0.5555999875068665
495647,sa509419,Luis Angel Daniel,-0.021079386265529895,1.0,0.0,1.0
679353,sa3006396,Wanly Perez,-0.021094024527002955,1.0,0.10119999945163727,0.5242000222206116
664368,sa874249,Jonathan Guzman,-0.021113427874594807,1.0,0.0,1.0
682542,sa3007739,Wes Noble,-0.02112470773437724,1.0,0.11699999868869781,0.44999998807907104
680395,sa3007964,Riley McCauley,-0.021138395928852492,1.0,0.0,1.0
672485,sa3002964,Mike Garcia,-0.021143588065001242,1.0,0.11999999731779099,0.4359999895095825
679029,sa3005849,Samuel Vásquez,-0.021150058826804482,1.0,0.14159999787807465,0.3346000015735626
681454,sa3006620,Abrahan Hiraldo,-0.021161426936779037,1.0,0.1460999995470047,0.31310001015663147
677863,sa3005179,Alberto Franco,-0.021163353497289834,1.0,0.0,1.0
673362,sa3003098,Carlos Paula,-0.021165524883472623,1.0,0.09929999709129333,0.53329998254776
672671,sa3003018,Geremy Galindez,-0.021180827552678357,1.0,0.0,1.0
679623,sa3010126,Matt Martin,-0.02118432675474669,1.0,0.04610000178217888,0.7831000089645386
660671,sa873466,Yorvin Pantoja,-0.021190749749074544,1.0,0.0,1.0
677160,sa3004716,Danny Hrbek,-0.02119099305171779,1.0,0.0,1.0
666678,sa917174,Pedro Garcia,-0.021199026954871057,1.0,0.13699999451637268,0.35600000619888306
650555,sa828561,Felix Viloria,-0.02124450151139602,1.0,0.0,1.0
664786,sa872718,Matt Clancy,-0.02126440899640123,1.0,0.0,1.0
681640,sa3005881,Freddery Paulino,-0.0212723560591869,1.0,0.13860000669956207,0.34860000014305115
642544,sa737446,Luis Araujo,-0.02129961746220702,1.0,0.0,1.0
658741,sa836384,Jose Moreno,-0.021307419486696524,1.0,0.007199999876320362,0.9661999940872192
677123,sa3004117,Brandon Marsonek,-0.021330508104460064,1.0,0.03790000081062317,0.8219000101089478
679028,sa3006393,Endry Manrique,-0.02133486779493106,1.0,0.1590999960899353,0.25209999084472656
666647,sa917346,Jose Oca,-0.02138380559356519,1.0,0.06750000268220901,0.6825000047683716
672693,sa3002791,Martin Carrasco,-0.021397799220971955,1.0,0.0,1.0
664153,sa918342,Nick Jobst,-0.021408825856352953,1.0,0.0,1.0
657208,sa829580,Kida De La Cruz,-0.0214213048341157,1.0,0.0,1.0
678595,sa3006371,Carlos Velez,-0.021427128303935374,1.0,0.13300000131130219,0.375
655989,sa830623,Oscar Marcelino,-0.021427533774445937,1.0,0.0,1.0
657216,sa829287,Devon Fisher,-0.021436602481826723,1.0,0.0,1.0
663498,sa875758,Sam Pastrone,-0.02144189449611588,1.0,0.12540000677108765,0.41040000319480896
658788,sa872457,Mailon Arroyo,-0.02144554919799865,1.0,0.0,1.0
676877,sa3004600,Kory Behenna,-0.021496752895302586,1.0,0.0,1.0
676839,sa3004480,Malik Jones,-0.021501419222364447,1.0,0.09459999948740005,0.5555999875068665
660540,sa873458,Jesus Tejada,-0.021551567466048773,1.0,0.0,1.0
665623,sa917876,Alex Mejias,-0.02157192614198403,1.0,0.10300000011920929,0.515999972820282
666746,sa914044,Rogelio Bernal,-0.021578598730686085,1.0,0.0,1.0
670317,sa918854,Ryan Boelter,-0.021590781799737776,1.0,0.0,1.0
676322,sa3005258,Junior Mieses,-0.0216394263027576,1.0,0.13189999759197235,0.3799000084400177
683388,sa3010795,Kelvin LaRoche,-0.021661359803537943,1.0,0.1428000032901764,0.3287999927997589
656119,sa830143,Yan De La Cruz,-0.02166502772767888,1.0,0.0,1.0
661255,17181,Yoan López,-0.021665276801356017,20.370399475097656,0.0,20.370399475097656
663899,sa3008162,Rodney Hutchison,-0.02166958846627033,1.0,0.0,1.0
672612,sa3002997,Yonathan Matos,-0.02167865489051328,1.0,0.11699999868869781,0.44999998807907104
518875,7773,Shawn Kelley,-0.021693078574212557,9.259300231933594,0.0,9.259300231933594
666644,sa917816,Maiker Manzanillo,-0.021700962484664313,1.0,0.0,1.0
672354,sa3006694,Wen-Hua Sung,-0.021710256484465038,1.0,0.0,1.0
678712,sa3005443,Mario Garcia,-0.021711236332864307,1.0,0.0828000009059906,0.61080002784729
458584,36,Xavier Cedeño,-0.021711514390539362,9.259300231933594,0.0,9.259300231933594
676846,sa3004223,Mitchel Stalsberg,-0.021756280028235864,1.0,0.0,1.0
660799,sa873152,Fabian Blanco,-0.02178260290259794,1.0,0.0,1.0
672392,sa3002930,Yunior Hinojosa,-0.02180921230152059,1.0,0.0,1.0
667752,sa916729,Jenri Montas,-0.0218244975146693,1.0,0.0,1.0
671760,sa944733,Mario Jimenez,-0.02182943309572489,1.0,0.01679999940097332,0.920799970626831
641845,sa857612,Andrew McDonald,-0.021909419430467078,1.0,0.0,1.0
675866,sa3002590,Jesus Alcantar,-0.021937911929640744,1.0,0.0,1.0
672547,sa3002978,Ferrol Heredia,-0.021971157107384034,1.0,0.1428000032901764,0.3287999927997589
672897,sa3003052,Wilmer Jimenez,-0.021972410112698303,1.0,0.0,1.0
638119,sa749438,Pedro Silverio,-0.021975064697720478,1.0,0.0,1.0
665530,sa879441,Carlos Pena,-0.02199654043357273,1.0,0.0,1.0
666565,sa917791,Stanly Sabino,-0.02201685660782102,1.0,0.09399999678134918,0.5580000281333923
668531,sa917606,Moises Nolasco,-0.022044566403443006,1.0,0.01810000091791153,0.9150999784469604
661399,sa876537,Gregorio Sequera,-0.022090042322285616,1.0,0.0,1.0
592107,sa548382,Tony Amezcua,-0.022112751548240682,1.0,0.0,1.0
665411,sa202991,Aaron Myers,-0.02214554544505341,1.0,0.0,1.0
677054,sa3004678,Chris Hunt,-0.022174337367716502,1.0,0.0,1.0
666020,sa919537,Kai-Wei Lin,-0.022176536026545263,1.0,0.0,1.0
664291,sa877605,Fauris Guerrero,-0.022206827616706046,1.0,0.0,1.0
674505,sa977187,Refugio Marin,-0.02225429946833131,1.0,0.0,1.0
673177,sa3004653,Petru Balan,-0.022261428896783723,1.0,0.0,1.0
650599,sa828367,Salvador Montano,-0.022261655872347883,1.0,0.0,1.0
670819,sa3004827,Casey Ryan,-0.022270628773960383,1.0,0.0,1.0
667039,sa918745,Lucas Williams,-0.022299258896712446,1.0,0.0,1.0
513569,sa545115,Benjamin Sandoval,-0.022309195001938176,1.0,0.02669999934732914,0.8747000098228455
672352,sa3004330,Manny Guzman,-0.02234142657037103,1.0,0.0,1.0
666842,sa659946,Juan Torres,-0.022341532960046047,1.0,0.0,1.0
681604,sa3006158,Pedro King,-0.022344264329114825,1.0,0.15469999611377716,0.2727000117301941
666772,sa917472,Edgar Escalona,-0.022367810206123495,1.0,0.1356000006198883,0.3625999987125397
684877,sa3009751,Angel Brito,-0.022414948633042203,1.0,0.13819999992847443,0.35019999742507935
672637,sa3003004,Diogenes Rodriguez,-0.02242198508684992,1.0,0.13860000669956207,0.34860000014305115
681595,sa3006155,Francisco Hodge,-0.02247514778495736,1.0,0.09399999678134918,0.5580000281333923
672736,sa3003023,Juan Gonzalez,-0.02248788446020717,1.0,0.0,1.0
673239,sa3003071,Raul De Los Reyes,-0.0224935831587222,1.0,0.0,1.0
678878,sa3005695,Eudi Asencio,-0.022493983026070738,1.0,0.1316000074148178,0.3815999925136566
672412,sa3004331,Anton Kuznetsov,-0.022552142542231417,1.0,0.0,1.0
664712,sa875401,Jesus Ortiz,-0.022559566758575567,1.0,0.0,1.0
680592,sa3006405,Enmanuel Almonte,-0.022565450102004423,1.0,0.1460999995470047,0.31310001015663147
682064,sa3007857,Steffon Moore,-0.022586071695132413,1.0,0.024700000882148743,0.8837000131607056
676638,sa3004666,Jacob Belinda,-0.022589087592227615,1.0,0.0,1.0
657021,sa829686,Andrew Summerville,-0.022590163785241688,1.0,0.0,1.0
670269,sa918725,Jordan Scheftz,-0.02261591963811848,1.0,0.0,1.0
655313,sa829746,Eugenio Palma,-0.022620214948907685,1.0,0.0,1.0
646301,sa751022,Jeferson Mejia,-0.022639493214935216,1.0,0.0,1.0
675188,sa3002572,Hector Villalobos,-0.02265358750558438,1.0,0.0,1.0
678412,sa3006362,Oscar Abreu,-0.022656025564012958,1.0,0.11699999868869781,0.44999998807907104
669251,sa3007719,Tanner Myatt,-0.02270301964493482,1.0,0.08489999920129776,0.6008999943733215
669323,sa918752,Malcolm Van Buren,-0.0227057401812685,1.0,0.1454000025987625,0.3163999915122986
664847,sa875203,Cody Mobley,-0.022741256668120508,1.0,0.04390000179409981,0.7939000129699707
477361,sa447339,Rodolfo Aguirre,-0.02274565550107244,1.0,0.0,1.0
668943,22187,Ryan Miller,-0.022788793010917772,1.0,0.0,1.0
657074,sa3006797,Jayce Vancena,-0.022800355495849797,1.0,0.0,1.0
663927,sa875004,Drew Finley,-0.022801276513168142,1.0,0.0,1.0
656973,sa829209,Caleb Smith,-0.022805001601835934,1.0,0.0,1.0
656362,sa828795,Austin DeCarr,-0.02283667272503608,1.0,0.0,1.0
678804,sa3006383,José Cruz,-0.022838728044543996,1.0,0.10119999945163727,0.5242000222206116
682032,sa3007969,Nathan Alexander,-0.022868839413234202,1.0,0.0,1.0
518748,11720,Justin Grimm,-0.022869418845605657,11.111100196838379,0.0,11.111100196838379
658551,18496,Junior Fernández,-0.022877750995007218,9.259300231933594,0.0,9.259300231933594
642503,sa739207,Ronald Sanchez,-0.022947110175849918,1.0,0.0,1.0
682506,sa3008291,Cayden Hatcher,-0.02298771191369276,1.0,0.07980000227689743,0.6248000264167786
679026,sa3007963,Erick Pinales,-0.02299993287303794,1.0,0.14300000667572021,0.328000009059906
681770,sa3005895,Carlos De Avila,-0.023091936266324078,1.0,0.04580000042915344,0.7847999930381775
681028,sa3006514,Stiven Montilla,-0.02309770602678903,1.0,0.15600000321865082,0.2669999897480011
673309,sa3002804,Jose Garcia,-0.023129366963421473,1.0,0.03790000081062317,0.8219000101089478
659392,sa3006757,Will McAffer,-0.023184113534769173,1.0,0.0,1.0
660682,sa872841,Gilmael Troya,-0.023186106798773233,1.0,0.0,1.0
625480,sa696311,Carlos Polanco,-0.023222558043274905,1.0,0.0,1.0
672407,sa3002935,Luis De Jesus,-0.023254597813967093,1.0,0.13459999859333038,0.3675999939441681
608420,sa657711,Dewin Perez,-0.023287351523770174,1.0,0.0,1.0
650335,sa828472,Jose Martinez,-0.023319869867456676,1.0,0.0,1.0
656051,sa828711,Jorge Martinez,-0.023357512007329554,1.0,0.0,1.0
658071,sa830622,Randy Alcantara,-0.02338284155411766,1.0,0.0,1.0
672854,sa3003043,Francis Del Orbe,-0.02341146229006708,1.0,0.04179999977350235,0.8037999868392944
683026,sa3008451,Kevin Hernandez,-0.02341532454667288,1.0,0.11020000278949738,0.4821999967098236
672436,sa3002950,Jose Gomez,-0.023425608198525502,1.0,0.10119999945163727,0.5242000222206116
672409,sa3002936,Walner Polanco,-0.02343314990985596,1.0,0.1444000005722046,0.321399986743927
676868,sa3005034,Derrik Watson,-0.023434542685690594,1.0,0.0,1.0
676861,sa3003933,Riley Echols,-0.02346206662945769,1.0,0.0,1.0
681727,sa3006420,Jhon Vergara,-0.023477864019408247,1.0,0.133200004696846,0.3741999864578247
650669,sa828493,Jeremy Ovalle,-0.02349909416988297,1.0,0.0,1.0
673884,sa3003126,Liu Fuenmayor,-0.02351069991624385,1.0,0.0,1.0
554340,12095,Yimi García,-0.023540907356885826,20.370399475097656,0.0,20.370399475097656
660808,sa873186,Oscar Tovar,-0.023541825865452715,1.0,0.0,1.0
675556,sa3004091,Sal Biasi,-0.02354514923768418,1.0,0.0,1.0
670988,sa922474,Manuel Daza,-0.0235837891257644,1.0,0.0,1.0
678694,sa3006378,Misael Garcia,-0.023590101416675644,1.0,0.14159999787807465,0.3346000015735626
668033,sa917470,Jairon Peguero,-0.02359681650807468,1.0,0.0,1.0
672790,sa3002611,Yeremi Garcia,-0.023621735117607807,1.0,0.13300000131130219,0.375
679010,sa3007843,Giovahniey German,-0.02367364478320835,1.0,0.1460999995470047,0.31310001015663147
673243,sa3003073,Luis De Paula,-0.023752260718396513,1.0,0.0,1.0
673448,sa3002809,Nelfri Contreras,-0.023753897980311335,1.0,0.035100001841783524,0.835099995136261
680627,sa3008372,Franyer Hernandez,-0.023795842765021034,1.0,0.08349999785423279,0.6075000166893005
676090,sa3005295,Harrison Francis,-0.023802957530061068,1.0,0.0,1.0
669356,sa3004645,Nelson Galindez,-0.02381472907468877,1.0,0.11699999868869781,0.44999998807907104
678710,sa3005837,Emmanuel Duran,-0.023861248469042372,1.0,0.0877000018954277,0.5877000093460083
681643,sa3006164,Freddy Pacheco,-0.023880337899909072,1.0,0.0,1.0
672783,sa3003032,Brayan Salaya,-0.02389870367320606,1.0,0.12110000103712082,0.4311000108718872
680605,sa3007607,Octavio Cordova,-0.023899200094802328,1.0,0.06719999760389328,0.6841999888420105
680593,sa3005459,Junior Almonte,-0.023917821124650608,1.0,0.09610000252723694,0.5480999946594238
461325,5640,Tyler Clippard,-0.02392895594015587,20.370399475097656,0.0,20.370399475097656
682741,sa3008136,Fraicy Breton,-0.02397656792240319,1.0,0.07349999994039536,0.6545000076293945
661400,sa873448,Alejandro De La Rosa,-0.02398758686898099,1.0,0.0,1.0
679401,sa3005453,Miguel Lar,-0.023993548627831044,1.0,0.12890000641345978,0.3939000070095062
667347,sa916713,Alger Hodgson,-0.0240695605446536,1.0,0.11699999868869781,0.44999998807907104
672454,sa3002954,Keiber Arredondo,-0.024123792338454107,1.0,0.06750000268220901,0.6825000047683716
681906,sa3006982,Justin Garcia,-0.024140423634355642,1.0,0.0,1.0
667543,sa916837,Marco Gonzalez,-0.02414397640735883,1.0,0.0,1.0
676982,sa3004114,Michael McCormick,-0.024170308351600032,1.0,0.0,1.0
666768,sa917899,Anderson Pilar,-0.024198441764691585,1.0,0.0,1.0
670147,sa918275,Jeremy Gwinn,-0.024239900778312205,1.0,0.09749999642372131,0.5414999723434448
642760,sa737242,Denis Diaz,-0.024243683227949078,1.0,0.0,1.0
672789,sa3003034,Leudy Martinez,-0.024294971310140138,1.0,0.12530000507831573,0.41130000352859497
676740,sa3004472,Jared Johnson,-0.024379448853472308,1.0,0.0,1.0
672742,sa3002610,Michael Montero,-0.02438301530210528,1.0,0.05490000173449516,0.7419000267982483
666847,sa917792,Jose Roca,-0.02439349617696797,1.0,0.0,1.0
666051,sa882196,Luis Valdez,-0.024413972822364675,1.0,0.0,1.0
669796,22318,Jose E. Hernandez,-0.024435989714930106,1.0,0.0,1.0
677645,sa3006101,Daniel Cruz,-0.024493349253235812,1.0,0.0,1.0
650864,sa828545,Deiyerbert Bolivar,-0.024528354075259603,1.0,0.0,1.0
663387,sa876106,Braxton Lorenzini,-0.024604907269304664,1.0,0.0,1.0
665955,sa917836,Ever Moya,-0.024607169162792857,1.0,0.0,1.0
673241,sa3003072,Juan Vazquez,-0.024637717725943753,1.0,0.05959999933838844,0.7196000218391418
666806,sa917800,Feliberto Bonilla,-0.024639384315815017,1.0,0.11879999935626984,0.44179999828338623
641390,sa3004567,Jared Brasher,-0.02464440326323573,1.0,0.0,1.0
681966,sa3006987,Marcus Evey,-0.02465311663520878,1.0,0.0,1.0
680587,sa3007902,Daneuris Lagrange,-0.024666789529933487,1.0,0.058400001376867294,0.7253999710083008
677660,sa3005218,Alejandro Made,-0.024669994090030456,1.0,0.0,1.0
669996,sa925074,Claudio Galva,-0.02469983265218439,1.0,0.0,1.0
660863,sa872882,Argenis Romano,-0.024709435391714718,1.0,0.0,1.0
665690,sa919870,Jonaiker Villalobos,-0.024712695832797144,1.0,0.0,1.0
670913,sa924295,Juan Paredes,-0.02479537041068503,1.0,0.0,1.0
665999,sa916836,Miguel Figueroa,-0.024814601903848828,1.0,0.0,1.0
666016,sa919907,Jose Albertos,-0.02481587299783091,1.0,0.0,1.0
668589,sa916951,Carlos D. Rodriguez,-0.024871411547440155,1.0,0.0,1.0
674465,sa3003146,Emilio Alfonzo,-0.024872754409961336,1.0,0.14159999787807465,0.3346000015735626
674221,sa3002811,Franklin De La Paz,-0.02487990955150321,1.0,0.0,1.0
655310,sa830006,Alfredo Colorado,-0.0248991954583316,1.0,0.0,1.0
677716,sa3005203,Argenis Bravo,-0.02493300470584332,1.0,0.0763000026345253,0.6413000226020813
682059,sa3009933,Derrick Adams,-0.02495830557784913,1.0,0.0,1.0
671232,sa925013,Rafael Gomez,-0.025014145885754045,1.0,0.0,1.0
673005,sa3003053,Ramon Pineda,-0.025024486236344734,1.0,0.0,1.0
676515,sa3005216,Cam Robinson,-0.02503920869732543,1.0,0.0868000015616417,0.5917999744415283
674446,sa3003141,Jose Parra,-0.025045586231557834,1.0,0.0,1.0
678897,sa3006139,Bryan Torres,-0.02505956158523287,1.0,0.10119999945163727,0.5242000222206116
681776,sa3008477,Jean Correa,-0.025065568573006857,1.0,0.04610000178217888,0.7831000089645386
669994,sa919971,Fernando Calderon,-0.025106079083748782,1.0,0.038100000470876694,0.8210999965667725
674059,sa3008226,Alec Rennard,-0.02518225865071841,1.0,0.0,1.0
641383,sa918194,Alex Bostic,-0.025234841596985545,1.0,0.0,1.0
675962,sa3004741,Riley Ottesen,-0.025257586805063837,1.0,0.0,1.0
642570,sa737567,Will Changarotty,-0.025265113822965368,1.0,0.0,1.0
667329,sa948350,Francis Beriguete,-0.025287589620458715,1.0,0.08349999785423279,0.6075000166893005
667349,sa917751,Jose Jimenez,-0.025321224485129728,1.0,0.0,1.0
677676,sa3004872,Diosmerky Taveras,-0.025325590996570925,1.0,0.0877000018954277,0.5877000093460083
668547,sa919030,Enmanuel Marcano,-0.025367711041451385,1.0,0.0,1.0
650975,sa828486,Sergio Suarez,-0.025378084709991033,1.0,0.0,1.0
660701,sa873180,Miguel Hernandez,-0.025382011198973917,1.0,0.038100000470876694,0.8210999965667725
678258,sa3006541,Jerson Ramirez,-0.025496189506568952,1.0,0.0,1.0
679844,sa3006505,Adrian Aybar,-0.02550186745612672,1.0,0.0877000018954277,0.5877000093460083
680611,sa3006618,Xavier Concepcion,-0.025530839075172035,1.0,0.0,1.0
656565,sa829012,Grayson Huffman,-0.025591417240315113,1.0,0.0,1.0
650492,sa828539,Domingo Jimenez,-0.025621224933693777,1.0,0.0,1.0
672794,sa3003035,Nicolas Medina,-0.02564425554241311,1.0,0.0,1.0
665624,sa917766,Luis Ojeda,-0.02566007848212687,1.0,0.08529999852180481,0.5993000268936157
519326,7836,Hunter Strickland,-0.025680905717738622,14.814800262451172,0.0,14.814800262451172
682031,sa3006989,Mike Pascoe,-0.0256950245244331,1.0,0.0,1.0
642098,15200,Glenn Sparkman,-0.025695935628267472,22.387800216674805,2.4000000953674316,11.659299850463867
666790,sa917877,Victor Isturiz,-0.025724074035040838,1.0,0.06159999966621399,0.7106000185012817
663972,sa3007589,Jacob Stevens,-0.02572527297728804,1.0,0.0,1.0
665753,sa881441,Keinter Olivares,-0.025778410864897752,1.0,0.0,1.0
681938,sa3006985,Angel Reyes,-0.025784069115811357,1.0,0.0,1.0
672616,sa3002999,Jendersson Caraballo,-0.025801849305789902,1.0,0.09749999642372131,0.5414999723434448
670902,sa3002916,Jervic Chavez,-0.02581594456992648,1.0,0.0,1.0
672875,sa3003048,Anyelo Luna,-0.025818122196385258,1.0,0.05490000173449516,0.7419000267982483
656184,sa828659,Brady Aiken,-0.025830614411316573,1.0,0.0,1.0
663366,18873,Beau Burrows,-0.025852682632761494,7.407400131225586,0.0,7.407400131225586
682154,sa3008102,Joel Condreay,-0.025899629568987143,1.0,0.0,1.0
681663,sa3005883,Yoelvis Guedez,-0.026029680771242694,1.0,0.0,1.0
641765,sa737691,Chris Kohler,-0.0260370354071697,1.0,0.0,1.0
660769,sa871629,Riger Fernandez,-0.02604870124430506,1.0,0.07819999754428864,0.6322000026702881
683412,sa3010132,Woo Young Jin,-0.026072446503353153,1.0,0.04879999905824661,0.770799994468689
681630,sa3008171,Francisco Fermin,-0.026192996661031153,1.0,0.03629999980330467,0.8292999863624573
674503,sa977121,Alejandro Chavarria,-0.026200159857651693,1.0,0.0,1.0
678987,sa3005699,Elbis Afanador,-0.026206361670139653,1.0,0.08349999785423279,0.6075000166893005
681651,sa3006166,Bryam Pena,-0.026240578133925753,1.0,0.13490000367164612,0.3659000098705292
678657,sa3005831,Carlos Leandro,-0.026293638252661695,1.0,0.1526000052690506,0.2825999855995178
676858,sa3004021,Thomas St. Clair,-0.02635012508559849,1.0,0.0,1.0
672530,sa3002605,Fernando Sanchez,-0.026360046727088807,1.0,0.07320000231266022,0.6561999917030334
675525,sa3004204,Anderson Bido,-0.026505732551132005,1.0,0.0,1.0
679883,24452,Luinder Avila,-0.026539147079067408,1.0,0.0877000018954277,0.5877000093460083
670528,sa919324,Fernando Gallegos,-0.026561751043630247,1.0,0.0,1.0
681168,24710,Luis Curvelo,-0.026564978648625642,1.0,0.0,1.0
665895,sa917594,Ivan Fortunato,-0.026575954037239682,1.0,0.0,1.0
673233,sa3003067,Bryan Lara,-0.02657690959687167,1.0,0.04089999943971634,0.8079000115394592
672372,sa3002677,Ezequiel De La Cruz,-0.026583756658946665,1.0,0.0,1.0
676526,sa3007722,Austin Anderson,-0.0265965975207919,1.0,0.0,1.0
677868,sa3005209,Francis Peguero,-0.02661434535040701,1.0,0.0,1.0
678310,sa3006114,Pedro Moreno,-0.02670935529359045,1.0,0.0,1.0
673265,sa3002802,Cristhopher Marte,-0.026722439475507648,1.0,0.0,1.0
677019,sa3004677,Andy Rohloff,-0.026756630084846536,1.0,0.0,1.0
679598,sa3006818,Raidel Orta,-0.026782272969456233,1.0,0.0,1.0
659417,sa3007895,Jake Sims,-0.02687923084191932,1.0,0.0,1.0
675848,23237,Juan Mejia,-0.026903402889634925,1.0,0.0,1.0
670328,sa918731,Juan Gámez,-0.026912933133710015,1.0,0.0,1.0
681742,sa3005893,Miguel Pozo,-0.026918435659672134,1.0,0.09749999642372131,0.5414999723434448
672597,sa3002994,Leandro Mendez,-0.02692125707563318,1.0,0.0,1.0
666692,sa917794,Carlos Sanchez,-0.026928124671175335,1.0,0.0,1.0
673178,sa3005682,Jose Palacio,-0.026952018890727503,1.0,0.04879999905824661,0.770799994468689
669797,sa919033,Carlos Alejo,-0.02700552740859923,1.0,0.0,1.0
672667,sa3003016,Tulio Santa Maria,-0.027043667735961768,1.0,0.0,1.0
668570,sa917158,Adrian Martinez,-0.02709794054138029,1.0,0.0,1.0
677672,sa3005036,Fausto Segura,-0.027133274655723228,1.0,0.0,1.0
664800,sa875901,Joel Pinto,-0.02716179409299281,1.0,0.0,1.0
682106,sa3007261,Austin Briggs,-0.027174133544498973,1.0,0.0,1.0
672870,sa3003046,Osiris German,-0.027175261647809486,1.0,0.0,1.0
664318,sa874250,Starlin Cordero,-0.027205876793374256,1.0,0.0,1.0
678726,sa3006542,Yoelvis Reyes,-0.027213187325207874,1.0,0.04390000179409981,0.7939000129699707
673276,sa3003089,Elias Herrera,-0.027237240288575014,1.0,0.0,1.0
664298,sa873182,Boris Sanchez,-0.027244599045225366,1.0,0.0,1.0
675133,sa3003152,Jhonfran Escalona,-0.0272574247330424,1.0,0.04879999905824661,0.770799994468689
679749,sa3006503,Roaldo Carvajal,-0.02731788382900815,1.0,0.10119999945163727,0.5242000222206116
670172,sa918380,Michael Messier,-0.02734898591553418,1.0,0.0,1.0
666684,sa917500,Miguel Ramirez,-0.027421855305727244,1.0,0.0,1.0
676798,sa3007224,Jack Maynard,-0.027452766201870038,1.0,0.0,1.0
667391,sa917565,Jose Zorrilla,-0.02746562830114829,1.0,0.0,1.0
672873,sa3003047,Jose Marcano,-0.027466447644020148,1.0,0.0,1.0
672388,sa3002929,Antonio Pujols,-0.02746968281756118,1.0,0.0,1.0
673356,sa3003097,Williams Valencia,-0.027571583539615058,1.0,0.1096000000834465,0.4846000075340271
678856,sa3006499,Rolfy Vargas,-0.027582738082098587,1.0,0.0877000018954277,0.5877000093460083
672601,sa3005283,Gerson Pinales,-0.027639095250070914,1.0,0.12890000641345978,0.3939000070095062
656389,sa918933,Sidney Duprey,-0.027643049339220346,1.0,0.0,1.0
676005,sa3002820,Reinaldo De Paula,-0.02771662516990704,1.0,0.0,1.0
660896,19459,Jorge Alcala,-0.027722351900976844,6.6666998863220215,0.0,6.6666998863220215
571329,sa504962,Jesus Barraza,-0.027736044862633924,1.0,0.0,1.0
677666,sa3006102,Emerson Ortiz,-0.027818860305145066,1.0,0.0,1.0
672827,sa3003038,Diego Blanco,-0.027819584327396625,1.0,0.0,1.0
687860,sa3010579,Cody Davenport,-0.027829217759414777,1.0,0.0,1.0
665590,sa879814,Jordis Ramos,-0.02787397162285185,1.0,0.07739999890327454,0.6363999843597412
666664,sa917906,Christopher Bonilla,-0.02789366775656885,1.0,0.0,1.0
661419,sa872537,Edward Escoboza,-0.02794007006098052,1.0,0.0,1.0
678766,sa3006382,Richi Vasquez,-0.027945062305737577,1.0,0.04610000178217888,0.7831000089645386
672470,sa3004795,Enrique Castillo,-0.027959764715418695,1.0,0.0,1.0
641578,sa738440,Jordan Floyd,-0.028006389667565766,1.0,0.0,1.0
665958,sa947269,Darel Torres,-0.02805125230619713,1.0,0.0,1.0
661420,sa872872,Julio Guante,-0.028058302383866564,1.0,0.0,1.0
503449,7738,Wily Peralta,-0.028067027508250627,9.259300231933594,0.0,9.259300231933594
671850,sa946446,Erick Heredia,-0.028116647625005924,1.0,0.04179999977350235,0.8037999868392944
664276,sa917471,Kenlly Montas,-0.028175938221286327,1.0,0.0,1.0
673364,sa3003099,Ariel Mojica,-0.02817776748168446,1.0,0.0,1.0
625733,sa737352,Jhonny Mateo,-0.028222836109700344,1.0,0.0,1.0
670910,sa3004198,Luis Nin,-0.028225772306362917,1.0,0.0,1.0
675855,sa3003161,Dannysmel Tavarez,-0.028253083313736965,1.0,0.1152999997138977,0.45829999446868896
664592,sa873174,Adalberto Pena,-0.028280178086560876,1.0,0.04809999838471413,0.7741000056266785
678366,sa3006356,Allan Beltre,-0.028309509336313005,1.0,0.04839999973773956,0.7724000215530396
657543,sa3007583,Dazon Cole,-0.028318091516553817,1.0,0.0364999994635582,0.828499972820282
642397,19677,Gregory Soto,-0.028355704854236774,18.51849937438965,0.0,18.51849937438965
672477,sa3002963,Maximo Cortes,-0.028377095451525853,1.0,0.0,1.0
667639,sa917469,Wilman Madera,-0.028432295077426232,1.0,0.0,1.0
664711,sa1169765,Karan Patel,-0.028466916543885914,1.0,0.0,1.0
668372,sa3007465,Justin Montgomery,-0.028481819818820586,1.0,0.0,1.0
672491,sa3002966,Wikelman Ramirez,-0.028498135413709328,1.0,0.042100001126527786,0.8021000027656555
674289,sa3003133,Manuel Cachutt,-0.028516284589953006,1.0,0.0,1.0
677658,sa3005123,Jose Larez,-0.02853120097821951,1.0,0.0,1.0
672245,sa3002675,Yeison Sanchez,-0.028550161430534175,1.0,0.0,1.0
667380,sa917393,Jhonny Valdez,-0.02858378143176986,1.0,0.0,1.0
677080,sa3004715,Elian Rodriguez,-0.02858835411801313,1.0,0.09749999642372131,0.5414999723434448
681646,sa3008264,Oriel Castro,-0.028640122823280698,1.0,0.13490000367164612,0.3659000098705292
678834,sa3007602,Chih-Ting Wang,-0.02866506486660224,1.0,0.0,1.0
672605,sa3002995,Donato Auguste,-0.028720442188577153,1.0,0.0,1.0
667317,sa917759,Aneudy Acosta,-0.028748937019720797,1.0,0.0,1.0
660866,sa873209,Dember Vizcaino,-0.028794177356420536,1.0,0.0,1.0
678274,sa3006481,Yandy Vega,-0.028826792850468134,1.0,0.0,1.0
660512,sa873337,Jose Diaz,-0.028853367650855888,1.0,0.0,1.0
682028,sa3007257,Rigo Fernandez,-0.028856437204871112,1.0,0.0,1.0
682048,sa3006708,Landon Whitson,-0.028900218017459713,1.0,0.0,1.0
676951,sa3004113,Greg Minier,-0.028906972369522096,1.0,0.0,1.0
673745,sa3003118,Rafael Prensa,-0.028907990806482615,1.0,0.0,1.0
666687,sa916828,Marcelo Hernandez,-0.028931653835058233,1.0,0.0,1.0
682888,sa3009720,Cal Maduro,-0.02896294527715869,1.0,0.0,1.0
665625,21652,Elvis Peguero,-0.02900004022689486,1.0,0.04610000178217888,0.7831000089645386
678030,sa3005326,Drew Weston,-0.02902709650168717,1.0,0.0,1.0
672872,sa3002682,Anderson Parra,-0.029107406051710964,1.0,0.0,1.0
664856,18135,Chance Adams,-0.029124530347008685,7.407400131225586,0.0,7.407400131225586
660845,sa873339,Domingo Pena,-0.029147781349489154,1.0,0.0,1.0
664328,sa3002906,Saul De La Cruz,-0.02919431316345819,1.0,0.0,1.0
678827,sa3006498,Yeison Santos,-0.029205913681685174,1.0,0.0,1.0
665905,sa917769,Yeudry Manzanillo,-0.029378816532226452,1.0,0.0,1.0
673881,sa3003125,Aneudis Beard,-0.0294156528835925,1.0,0.0,1.0
666302,sa918215,Jake Polancic,-0.029417264717160205,1.0,0.0,1.0
679532,sa3006071,Francisco Benitez,-0.029431357756370055,1.0,0.15039999783039093,0.29339998960494995
679664,sa3005858,Willy Basil,-0.0294357558027335,1.0,0.0,1.0
673206,sa3003064,Eliezer Rodriguez,-0.02944845392028562,1.0,0.0,1.0
679931,sa3006616,Yordy Guaba,-0.029462077121102107,1.0,0.0,1.0
672774,sa3003030,Ronny Garcia,-0.02946734033120019,1.0,0.038100000470876694,0.8210999965667725
660790,sa872513,Juan Borges,-0.029481382000562998,1.0,0.0,1.0
690140,sa3010004,Vladimir Nunez,-0.029486017675264632,1.0,0.0,1.0
687460,sa1170425,Zack Phillips,-0.029486503994016533,1.0,0.0,1.0
672455,sa3002955,Ronald Burgos,-0.029541545142633244,1.0,0.0,1.0
650830,sa830158,Eumir Sepulveda,-0.029566530556224213,1.0,0.12530000507831573,0.41130000352859497
662008,sa3004633,Jesse Lepore,-0.029583057317564904,1.0,0.0,1.0
665981,sa917912,Abel Adames,-0.02960159390895299,1.0,0.0,1.0
665190,sa875300,Yeudy Colon,-0.02961944117841908,1.0,0.0,1.0
673035,sa3003054,Andry Cuevas,-0.029631067631759055,1.0,0.0,1.0
672397,sa3002931,Carlos Caminero,-0.029647466579239258,1.0,0.0,1.0
663801,sa3006802,Clark Cota,-0.029661585573731858,1.0,0.0,1.0
660589,sa875867,Jeffry Nino,-0.029710397204057916,1.0,0.0,1.0
663765,18674,Jake Woodford,-0.029753809183431932,5.555600166320801,0.0,5.555600166320801
525768,3164,Tim Collins,-0.029785624360452585,8.148099899291992,0.0,8.148099899291992
681983,sa3006773,Nick Johnson,-0.029873631844320937,1.0,0.0,1.0
688000,sa1170802,Patrick Smith,-0.029875456512855995,1.0,0.0,1.0
677804,sa3005433,Eric Mendez,-0.02996761436640532,1.0,0.0,1.0
672474,sa3002681,Antonio Cardenas,-0.030000726972457974,1.0,0.0,1.0
681622,sa3006160,Victor Mendez,-0.03000129178860528,1.0,0.0,1.0
681753,sa3006177,Adrian Hernandez,-0.030012259879336534,1.0,0.0,1.0
674287,sa3003132,Frainger Aranguren,-0.03002889870051316,1.0,0.0,1.0
670543,sa919498,Jesus Ceballos,-0.03003868564385491,1.0,0.0,1.0
673259,sa3002799,Luis Eusebio,-0.03005572593269137,1.0,0.0,1.0
665952,sa917748,Luis Alcantara,-0.030085055663855293,1.0,0.0,1.0
679800,sa3005863,Luis Tena,-0.03010546420012055,1.0,0.02630000002682209,0.8762999773025513
672418,sa3002941,Roy Garcia,-0.030168594117857314,1.0,0.07980000227689743,0.6248000264167786
678498,sa3005828,Felix Ramires,-0.03022337767261746,1.0,0.0,1.0
656064,sa828234,Edwin Martinez,-0.03025197352909273,1.0,0.04390000179409981,0.7939000129699707
672543,sa3002977,Jefferson Escorcha,-0.03040532601669981,1.0,0.0,1.0
673185,sa3003062,Luis C. Garcia,-0.03044981234031791,1.0,0.0,1.0
665980,sa916841,Willian Suarez,-0.03046187645153703,1.0,0.03370000049471855,0.84170001745224
659264,sa872827,Luis Colmenares,-0.030468867939253037,1.0,0.0,1.0
666862,sa921282,Adriam Castillo,-0.030477800630791058,1.0,0.0,1.0
672540,sa3002974,Kelvin De Los Santos,-0.030480765290130364,1.0,0.0,1.0
679932,sa3006147,Starlyn Reynoso,-0.03051819300253944,1.0,0.051600001752376556,0.7576000094413757
678590,sa3006067,Gregori Segovia,-0.03059440501918901,1.0,0.0,1.0
663833,sa3004449,Dylan Cyphert,-0.030599097867351214,1.0,0.0,1.0
665765,sa921459,Geraldo Sanchez,-0.030694881967115253,1.0,0.0,1.0
678496,sa3006124,Jesus Leon,-0.030731458683786583,1.0,0.0,1.0
644372,sa919554,Francis Cespedes,-0.030768948383469625,1.0,0.0,1.0
678650,sa3005442,Brailin Gonzalez,-0.03077962269631404,1.0,0.0,1.0
673446,sa3003107,Abrahan Lopez,-0.030799746137784946,1.0,0.0,1.0
661556,sa873426,Fernando Caro,-0.030814296144814395,1.0,0.0,1.0
681650,sa3006576,Sebastian Tabata,-0.03086500902333099,1.0,0.0,1.0
660496,sa873541,Juan Castillo,-0.030878661482314006,1.0,0.0,1.0
681749,sa3005894,Yosmel Naranjo,-0.03090985113565064,1.0,0.0,1.0
676001,sa3002690,Victor Martinez,-0.03092528990017815,1.0,0.0,1.0
678409,sa3005687,Bryan Caceres,-0.03102637519579157,1.0,0.0,1.0
674444,23165,Steven Cruz,-0.031040761274332255,1.0,0.0,1.0
667358,sa917891,Marvin Mateo,-0.03105990289620591,1.0,0.0,1.0
673308,sa3003092,Braulio Nunez,-0.031115474433392992,1.0,0.04390000179409981,0.7939000129699707
679365,sa3005854,Joandris Tolentino,-0.031126000331414154,1.0,0.0,1.0
666785,sa917637,Harold Chirino,-0.03114070184122128,1.0,0.0,1.0
669883,sa919883,Luis Silva,-0.031171281644311016,1.0,0.0,1.0
679002,sa3006587,Felix Alonzo,-0.03127898053970521,1.0,0.0,1.0
678251,sa3005815,Luis Candelo,-0.03128059916794852,1.0,0.0,1.0
660562,sa871486,Emilio Ferrebus,-0.031280885766225376,1.0,0.0,1.0
660692,sa872834,Wander Feliz,-0.03132580881642547,1.0,0.0,1.0
673205,sa3003063,Victor Medina,-0.031362975989602526,1.0,0.0,1.0
684328,sa3008723,Frander Veras,-0.031381331693633246,1.0,0.0,1.0
678615,sa3006489,Leoner Colina,-0.031417063559898845,1.0,0.0,1.0
673175,sa3003060,Francisco Gracia,-0.03145455781156481,1.0,0.0,1.0
681661,sa3005467,Irvin Villarroel,-0.03146127609947339,1.0,0.0,1.0
672353,sa3005188,Michell Miliano,-0.03146748325103226,1.0,0.0,1.0
677674,sa3004871,Estarlin Rodriguez,-0.031495465921270616,1.0,0.0,1.0
645309,sa833636,Luis Silva,-0.0315585586103031,1.0,0.0,1.0
661561,sa917111,Bryan Herrera,-0.031562643746241535,1.0,0.0,1.0
670258,sa918871,Brady Schanuel,-0.03156757722620794,1.0,0.0,1.0
672241,sa3002674,Aldemar Rivas,-0.03158399868716127,1.0,0.0,1.0
678791,sa3006497,Jose Ballista,-0.03162021279689734,1.0,0.0,1.0
678920,sa3006389,Luis Marine,-0.03165214958951749,1.0,0.0,1.0
665978,sa919025,Anderson Reynoso,-0.031652446549207645,1.0,0.0,1.0
673010,sa3006098,Alexis Araujo,-0.031663420767673006,1.0,0.0,1.0
665526,sa879106,Anthony Trompiz,-0.03168082374448659,1.0,0.0,1.0
674311,sa3004152,Brady Cox,-0.03181068977725469,1.0,0.0,1.0
667541,sa917467,Dauris Cordero,-0.031813964656666846,1.0,0.0,1.0
674345,sa3003135,Jender De Jesus,-0.03185613057525943,1.0,0.0,1.0
670747,sa921223,Garrettson Harris,-0.03191373117145081,1.0,0.0,1.0
678600,sa3006488,Adrian Solano,-0.032025884738298,1.0,0.0,1.0
672771,sa3003028,Pablo Santana,-0.03215795240499301,1.0,0.0,1.0
660655,sa873203,Daniel Guzman,-0.03216417558237033,1.0,0.0,1.0
671355,sa3002920,Manuel Manzanillo,-0.03219097039065276,1.0,0.0,1.0
666604,sa917972,Willians Vasquez,-0.03220047059799877,1.0,0.0,1.0
642517,sa739158,Ismael Maldonado,-0.03226085021867182,1.0,0.009600000455975533,0.9545999765396118
673268,sa3003085,Janick Lopez,-0.032315602755167115,1.0,0.06750000268220901,0.6825000047683716
656058,sa828562,Victor Mueses,-0.03231954679900786,1.0,0.0,1.0
679465,sa3006574,Thowar Martinez,-0.0323719973420241,1.0,0.0,1.0
665763,sa917760,Francis Jones,-0.03241975844771114,1.0,0.0,1.0
678230,sa3006104,Argenis Liriano,-0.032474702079021145,1.0,0.0,1.0
672538,sa3002972,Luis Alvarez,-0.03257646464606308,1.0,0.0,1.0
665938,sa920636,Kilber Santana,-0.03258684088870451,1.0,0.0,1.0
677715,sa3005074,Galvi Agramonte,-0.03261107692571297,1.0,0.0,1.0
674450,sa3003142,Hector Rodriguez,-0.03262684971251595,1.0,0.0,1.0
672426,sa3002944,Nelson Prada,-0.032749394555252644,1.0,0.0,1.0
680882,sa3005875,Nicoly Pina,-0.032777526473308866,1.0,0.0,1.0
673663,sa3003115,Miguel Pena,-0.032781020902361964,1.0,0.0,1.0
657583,sa829025,Luis Gamez,-0.03279757811808753,1.0,0.031099999323487282,0.8540999889373779
671187,sa3002919,Jose Romero,-0.03282540969896637,1.0,0.0,1.0
641341,15203,Tyler Bashlor,-0.03285377977303665,3.703700065612793,0.0,3.703700065612793
679005,sa3005848,Yon Castro,-0.032900400070589114,1.0,0.0,1.0
672636,sa3003003,Austin Morales,-0.03290611925815915,1.0,0.0,1.0
680650,sa3006511,Gustavo Polanco,-0.03295575982231787,1.0,0.0,1.0
661569,sa873336,Josue Gerardo,-0.033025080900529184,1.0,0.0,1.0
673246,sa3003076,Brian Abreu,-0.033056889193021924,1.0,0.0,1.0
674374,sa3002619,Alejandro Vallejo,-0.03308023100320485,1.0,0.038600001484155655,0.8185999989509583
672165,sa3004002,Blair Lakso,-0.03320221741614811,1.0,0.0,1.0
680044,sa3006148,Marcos Reyes,-0.033217967161770265,1.0,0.0,1.0
669873,sa920824,Luis Trinidad,-0.03327057897190108,1.0,0.0,1.0
672443,sa3002952,Jonathan Bruzual,-0.03329073466533334,1.0,0.04490000009536743,0.7889000177383423
671185,sa924306,Jose Alberro,-0.03331590122014665,1.0,0.0,1.0
673821,sa3002687,Oliver Rosario,-0.03334064198776321,1.0,0.0,1.0
666642,sa918159,Jahir Varela,-0.033427874464962204,1.0,0.0,1.0
672371,sa3002924,Raibel Custodio,-0.033428633057913694,1.0,0.0,1.0
670544,sa3006632,Andres Falcon,-0.03344887200804325,1.0,0.0,1.0
672665,sa3003014,Abel Estevez,-0.03345192519081487,1.0,0.0,1.0
658125,sa830580,Antonio Herrera,-0.03345925009813912,1.0,0.0,1.0
664977,20344,Blake Cederlind,-0.03366217278601037,5.555600166320801,0.0,5.555600166320801
662171,sa877306,Christophers Santana,-0.033731372300634735,1.0,0.0,1.0
672494,sa3002968,Erick Perez,-0.03374486089412616,1.0,0.0,1.0
679463,sa3007605,Darrien Williams,-0.033811759517370546,1.0,0.0,1.0
650884,sa828529,Enrique Perez,-0.03382094027460576,1.0,0.0,1.0
672738,sa3003024,Allinson Benitez,-0.03382541169396142,1.0,0.0,1.0
672856,sa3003044,Julio Rosario,-0.033894681045170766,1.0,0.0,1.0
665825,sa917897,Jesus E. Sanchez,-0.033908545612187944,1.0,0.0,1.0
672883,sa3003050,Luis Arrieta,-0.033923541229798584,1.0,0.0,1.0
678585,sa3006555,Robinson Montero,-0.03398867120031342,1.0,0.0,1.0
681459,sa3006702,Jose Ramirez,-0.034052479377697266,1.0,0.04179999977350235,0.8037999868392944
665993,sa920454,Cristhian Tortosa,-0.03406994965034799,1.0,0.0,1.0
679923,sa3005457,Carlos Campos,-0.034102034468910344,1.0,0.0,1.0
665613,sa879803,Bairon De La Rosa,-0.034106697195375686,1.0,0.0,1.0
666523,sa917388,Wuilson Meza,-0.03414344444103728,1.0,0.0,1.0
462136,1118,Marco Estrada,-0.034191156851335225,20.234899520874023,3.5999999046325684,3.5999999046325684
660872,sa873719,Jose De Leon,-0.034221048275800116,1.0,0.0,1.0
672777,sa3005144,Dalvin Rosario,-0.03426548355935377,1.0,0.0,1.0
679943,sa3007232,Jose Ramirez,-0.034389047471493454,1.0,0.0,1.0
660570,sa871630,Angel Rodriguez,-0.03439858327163486,1.0,0.0,1.0
681771,sa3005896,Edmar Gonzalez,-0.034436309413601096,1.0,0.0,1.0
681631,sa3005709,Jose Diaz,-0.03443877561276555,1.0,0.0,1.0
677128,sa3004366,Wilton Sanchez,-0.034453779514367365,1.0,0.0,1.0
664570,sa879447,Omar Ventura,-0.03451013590367967,1.0,0.0,1.0
680666,sa3005873,Javier Vasquez,-0.034564032568121475,1.0,0.0,1.0
678361,sa3006118,Zamil Castillo,-0.034641331520620725,1.0,0.0,1.0
678406,sa3006121,Jose Amaya,-0.03467318419531124,1.0,0.0,1.0
677535,sa3004774,Stephen Greenlees,-0.0346772584524849,1.0,0.0,1.0
672843,sa3003040,Rodard Avelino,-0.034762467664374075,1.0,0.0,1.0
678235,sa3005813,Shuruendy Valeriano,-0.03476922517476207,1.0,0.0,1.0
650519,sa828578,Nelson Acosta,-0.03480602722673567,1.0,0.0,1.0
674101,sa3003128,Marcos Correa,-0.034808247141905405,1.0,0.0,1.0
681654,sa3006167,Raulin Celedonio,-0.034935260073656126,1.0,0.0,1.0
660697,sa872507,Deyvis Julian,-0.034964644709731235,1.0,0.0,1.0
672458,sa3002957,Andy Santana,-0.03498804238590609,1.0,0.0,1.0
678813,sa3005842,Jesus Rosillo,-0.03504236051121197,1.0,0.0,1.0
680018,sa3007808,Martin Rodriguez,-0.0350794690313818,1.0,0.0,1.0
675237,sa3002689,Daniel De La Cruz,-0.03509736879341406,1.0,0.0,1.0
679740,sa3005705,Johan Lopez,-0.035098519408129566,1.0,0.0,1.0
681738,sa3006421,Jeffrey Colon,-0.03520476479730265,1.0,0.0,1.0
668602,sa917049,Yoel Diaz,-0.03554843358161526,1.0,0.0,1.0
665195,sa876535,Emmanuel Estevez,-0.0355782260303384,1.0,0.0,1.0
666603,sa916714,Ciriaco Javier,-0.03577937583514963,1.0,0.0,1.0
672450,sa3002953,Kleiber Carreno,-0.03583327310053321,1.0,0.0,1.0
672414,sa3003930,Larimel Soriano,-0.035911937595123185,1.0,0.0,1.0
679403,sa3007604,Robinson Parra,-0.03591682605305908,1.0,0.0,1.0
674655,sa3003151,Angel Ozuna,-0.035937884911858745,1.0,0.0,1.0
665532,sa880945,Carlos Cortes,-0.036057446261513484,1.0,0.0,1.0
665734,21163,Angel Felipe,-0.03609264133482079,1.0,0.0,1.0
593974,14295,Wandy Peralta,-0.0361442782429046,15.5556001663208,0.0,15.5556001663208
675846,sa3004010,Israel Lantigua,-0.03676469133099059,1.0,0.0,1.0
665784,sa917672,Miguel Paulino,-0.03696533892617668,1.0,0.0,1.0
667594,sa916985,Cristopher Batista,-0.03705518009924169,1.0,0.0,1.0
681721,sa3005888,Daniel De Leon,-0.037082385436772766,1.0,0.0,1.0
675849,sa3003160,Reinardo Mota,-0.03712661475082166,1.0,0.0,1.0
681601,sa3006157,Oswal Torres,-0.037143585585523,1.0,0.0,1.0
675890,sa3003162,Fernando Melo,-0.03725627351166301,1.0,0.0,1.0
665933,sa917480,Ronald Parra,-0.037691915588142666,1.0,0.0,1.0
680616,sa3005707,Hector De Los Santos,-0.038243878998398054,1.0,0.0,1.0
684327,sa3009748,Cristopher Valdez,-0.03864176369860549,1.0,0.04179999977350235,0.8037999868392944
667319,sa916724,Daniel Acosta,-0.038692351321643455,1.0,0.0,1.0
677692,sa3006103,Henry Torres,-0.0389798576391956,1.0,0.0,1.0
679366,sa3005704,Jesus Rondon,-0.03910047860280432,1.0,0.0,1.0
659416,sa918940,Austin Shields,-0.039221089700108965,1.0,0.0,1.0
681689,sa3005884,Antonio Villalba,-0.03979413705269081,1.0,0.0,1.0
672787,sa3003033,Jose Martinez,-0.039962013395981176,1.0,0.0,1.0
592665,10586,Addison Reed,-0.04011902179540033,9.259300231933594,0.0,9.259300231933594
460283,7841,Jerry Blevins,-0.041095448745655024,9.259300231933594,0.0,9.259300231933594
676924,sa3005018,Liam McCall,-0.041206952012036946,1.0,0.0,1.0
672403,sa3002932,Dauris Lopez,-0.041368822655703776,1.0,0.0,1.0
656548,20631,Jordan Holloway,-0.04248589255241178,3.703700065612793,0.0,3.703700065612793
650530,19457,Bryan Garcia,-0.042792066438807785,20.370399475097656,0.0,20.370399475097656
453268,7115,Daniel Bard,-0.043102507828125775,11.851900100708008,0.0,11.851900100708008
592644,15846,Adam Plutko,-0.04415764812789663,28.888599395751953,2.4000000953674316,17.95560073852539
488846,4064,Brian Duensing,-0.04856734301855226,7.407400131225586,0.0,7.407400131225586
458708,9388,Josh Tomlin,-0.05362890849677752,12.963000297546387,0.0,12.963000297546387
641755,18297,Tyler Kinley,-0.05367149637124553,15.5556001663208,0.0,15.5556001663208
676831,19731,Kodi Whitley,-0.05605357731461191,12.963000297546387,0.0,12.963000297546387
665621,20430,Rony García,-0.06211603064869773,11.111100196838379,0.0,11.111100196838379
606424,18282,Jarlín García,-0.07136979736454528,19.259300231933594,0.0,19.259300231933594
607179,13190,Jordan Weems,-0.07478368377119811,10.370400428771973,0.0,10.370400428771973
502202,10133,Brad Boxberger,-0.07942923475553985,18.51849937438965,0.0,18.51849937438965
518813,7196,Greg Holland,-0.11972152653870706,20.370399475097656,0.0,20.370399475097656
517593,5867,Danny Salazar,-0.1225229229923982,25.265499114990234,3.0,10.407400131225586
