Name,Team,G,PA,AB,H,1B,2B,3B,HR,R,RBI,BB,IBB,SO,HBP,SF,SH,GDP,SB,CS,AVG,BB%,K%,BB/K,OBP,SLG,wOBA,OPS,ISO,Spd,BABIP,UBR,wSB,wRC,wRAA,wRC+,BsR,Fld,Off,Def,WAR,ADP,InterSD,InterSK,IntraSD,Vol,Skew,Dim,FPTS,FPTS/G,SPTS,SPTS/G,P10,P20,P30,P40,P50,P60,P70,P80,P90,TT10,TT20,TT30,TT40,TT50,TT60,TT70,TT80,TT90,NameASCII,PlayerId,MLBAMID
"Bobby Witt Jr.","KCR",44,190,171,49,30,11,1,7,28,25,16,2,33,2,1,0,,11,3,0.288606,0.0827571,0.171444,0.482707,0.351391,0.499733,0.3642,0.851124,0.211127,6.7374,0.316655,0.481479,0.677757,29.9826,7.34626,132.037,1.15924,2.68272,8.265790343284607,4.719293594360352,2.00482,3.0999999046325684,,,,,,,273.3,6.211363636,273.3,6.211363636,,,,,,,,,,,,,,,,,,,"Bobby Witt Jr.","25764",677951
"Pete Crow-Armstrong","CHC",51,222,198,51,30,9,2,10,32,30,17,1,56,4,1,1,,12,3,0.258342,0.0773391,0.251281,0.30778,0.326631,0.473206,0.344309,0.799837,0.214864,7.42778,0.310239,0.350208,0.749833,31.3892,4.99129,118.713,1.10004,5.02746,6.137242555618286,5.8191229701042175,1.94283,32.939998626708984,,,,,,,296.5,5.81372549,296.5,5.81372549,,,,,,,,,,,,,,,,,,,"Pete Crow-Armstrong","27769",691718
"Yordan Alvarez","HOU",46,198,166,50,28,9,0,12,31,31,28,6,34,3,1,0,,1,0,0.300386,0.141069,0.173462,0.813255,0.406671,0.575157,0.411726,0.981828,0.274771,2.47976,0.313659,-0.323975,-0.259172,38.8099,15.2628,168.72,-0.583147,-0.0180154,15.273972749710083,-4.704435331746936,1.78763,33.38999938964844,,,,,,,347.8,7.560869565,347.8,7.560869565,,,,,,,,,,,,,,,,,,,"Yordan Alvarez","19556",670541
"Julio Rodríguez","SEA",51,220,199,53,34,9,0,10,30,30,16,1,47,3,1,0,,8,2,0.268622,0.0723905,0.214149,0.338038,0.32974,0.464037,0.342845,0.793777,0.195415,5.17907,0.305271,0.159198,0.392504,30.8712,4.68944,126.916,0.551703,1.24181,7.457514107227325,1.8306965827941895,1.73784,9.489999771118164,,,,,,,284.5,5.578431372,284.5,5.578431372,,,,,,,,,,,,,,,,,,,"Julio Rodriguez","23697",677594
"Junior Caminero","TBR",53,228,205,56,32,10,0,14,31,38,21,2,42,1,1,0,,2,1,0.273611,0.0898558,0.185492,0.484419,0.341139,0.526403,0.369087,0.867541,0.252792,3.26179,0.281357,-0.0323369,-0.192717,36.8914,9.72168,137.606,-0.225054,-1.48852,9.787401765584946,-0.9453094601631165,1.72266,16.479999542236328,,,,,,,336.2,6.343396226,336.2,6.343396226,,,,,,,,,,,,,,,,,,,"Junior Caminero","28163",691406
"Shohei Ohtani","LAD",51,219,184,52,27,9,2,14,39,35,31,6,52,2,1,1,,6,1,0.280743,0.140985,0.237363,0.593963,0.386489,0.568585,0.399615,0.955075,0.287843,6.05538,0.317425,0.0273573,0.335783,40.8962,14.7762,154.386,0.363141,0,14.848617315292358,-5.483333110809326,1.67245,1.2699999809265137,,,,,,,383.9,7.52745098,383.9,7.52745098,,,,,,,,,,,,,,,,,,,"Shohei Ohtani","19755",660271
"Kevin McGonigle","DET",51,222,192,51,34,11,1,6,31,23,27,0,31,1,1,1,,4,1,0.267174,0.121612,0.137727,0.882989,0.359845,0.424698,0.346681,0.784544,0.157524,5.23365,0.291085,0.146882,0.00174776,31.8839,5.4294,122.678,0.14863,0.243983,6.027776941657066,2.1169767677783966,1.63021,999,,,,,,,276.4,5.419607843,276.4,5.419607843,,,,,,,,,,,,,,,,,,,"Kevin McGonigle","33572",805808
"Elly De La Cruz","CIN",52,226,200,53,32,10,2,9,33,29,22,1,60,1,1,1,,12,3,0.26469,0.0983623,0.265574,0.370376,0.33989,0.47184,0.350184,0.811729,0.207149,7.28927,0.331795,0.580272,0.804455,33.0462,6.15944,116.073,1.38473,0.690536,5.791435956954956,2.854887545108795,1.62079,8.449999809265137,,,,,,,305.2,5.869230769,305.2,5.869230769,,,,,,,,,,,,,,,,,,,"Elly De La Cruz","26668",682829
"Gunnar Henderson","BAL",51,220,195,50,30,10,2,9,30,27,21,1,48,2,1,0,,6,2,0.254967,0.0954216,0.217448,0.438824,0.333101,0.452813,0.340793,0.785913,0.197846,5.92555,0.294279,0.468943,0.210491,30.5052,4.32347,120.312,0.679434,-0.438197,5.890724837779999,1.9173589646816254,1.58778,12.510000228881836,,,,,,,284.8,5.584313725,284.8,5.584313725,,,,,,,,,,,,,,,,,,,"Gunnar Henderson","26289",683002
"Francisco Lindor","NYM",51,222,196,50,31,9,1,9,31,28,21,0,40,4,1,0,,6,2,0.25434,0.0940521,0.180165,0.522033,0.335172,0.444595,0.340564,0.779767,0.190254,5.83811,0.277553,-0.146199,0.310996,30.7818,4.32732,117.696,0.164797,1.26813,4.938492268323898,3.484641194343567,1.58619,25.350000381469727,,,,,,,281.2,5.51372549,281.2,5.51372549,,,,,,,,,,,,,,,,,,,"Francisco Lindor","12916",596019
"José Ramírez","CLE",49,211,186,50,30,11,1,8,30,28,22,5,26,1,1,0,,12,2,0.266786,0.105247,0.122464,0.859407,0.346726,0.468076,0.34598,0.814802,0.20129,5.91779,0.269196,-0.000788804,1.06123,30.1947,5.04211,123.652,1.06044,0.698524,6.890282869338989,1.0034618973731995,1.56517,6.28000020980835,,,,,,,293,5.979591836,293,5.979591836,,,,,,,,,,,,,,,,,,,"Jose Ramirez","13510",608070
"Fernando Tatis Jr.","SDP",52,226,198,55,35,10,1,8,33,27,24,1,44,2,2,1,,10,3,0.275642,0.105707,0.196238,0.538667,0.35773,0.4591,0.355153,0.81683,0.183458,5.59224,0.315657,0.17738,0.496597,34.0405,7.08684,127.87,0.673977,2.00548,8.333925426006317,-0.3861875534057617,1.55181,14.010000228881836,,,,,,,308.5,5.932692307,308.5,5.932692307,,,,,,,,,,,,,,,,,,,"Fernando Tatis Jr.","19709",665487
"Cal Raleigh","SEA",47,187,161,34,18,6,0,10,23,27,23,2,54,2,1,0,,2,1,0.214068,0.122361,0.28655,0.427013,0.315396,0.446825,0.328631,0.762221,0.232758,2.9053,0.24442,-0.375387,-0.129419,24.1033,1.8332,117.039,-0.504806,1.26789,3.2136250138282776,3.492584466934204,1.54505,18.729999542236328,,,,,,,216.8,4.612765957,216.8,4.612765957,,,,,,,,,,,,,,,,,,,"Cal Raleigh","21534",663728
"Corbin Carroll","ARI",49,211,182,46,25,9,4,8,32,27,23,1,46,3,1,1,,9,2,0.254286,0.110313,0.216932,0.508514,0.34582,0.483044,0.357023,0.828865,0.228759,7.88238,0.295046,0.763766,0.824303,32.0074,6.91658,124.473,1.58807,1.66628,7.8494967222213745,-0.5584162473678589,1.43368,14.100000381469727,,,,,,,289.2,5.902040816,289.2,5.902040816,,,,,,,,,,,,,,,,,,,"Corbin Carroll","25878",682998
"Wyatt Langford","TEX",48,205,181,47,28,9,1,9,29,27,21,1,46,2,1,0,,6,2,0.260655,0.103064,0.225251,0.457549,0.341553,0.469165,0.351273,0.810719,0.20851,5.70136,0.302179,0.156468,0.305334,30.2359,5.78314,127.555,0.461801,1.62244,7.064628064632416,-0.4442216157913208,1.4148,37.75,,,,,,,273.4,5.695833333,273.4,5.695833333,,,,,,,,,,,,,,,,,,,"Wyatt Langford","33333",694671
"Dillon Dingler","DET",47,187,170,43,26,9,1,7,22,26,12,0,44,4,1,0,,0,0,0.25177,0.0647984,0.234331,0.276526,0.313398,0.44004,0.327485,0.753438,0.18827,3.03427,0.296361,0.0572593,-0.253352,23.9294,1.65928,109.338,-0.196093,1.48628,1.841795101761818,3.7109732627868652,1.41288,254.6199951171875,,,,,,,216.4,4.604255319,216.4,4.604255319,,,,,,,,,,,,,,,,,,,"Dillon Dingler","27464",693307
"Mookie Betts","LAD",50,217,191,51,32,10,1,8,30,29,23,1,26,1,1,0,,2,1,0.265052,0.105598,0.119533,0.883418,0.345845,0.450404,0.346498,0.796249,0.185352,4.18678,0.268708,-0.0581727,-0.157568,31.1136,5.27142,118.913,-0.21574,-0.193995,4.768021509051323,2.047671854496002,1.40628,60.58000183105469,,,,,,,277.5,5.55,277.5,5.55,,,,,,,,,,,,,,,,,,,"Mookie Betts","13611",605141
"Gabriel Moreno","ARI",40,160,140,40,28,8,0,4,19,20,17,0,26,1,2,0,,2,1,0.287207,0.104751,0.162357,0.645188,0.365075,0.428934,0.34936,0.794009,0.141727,3.4135,0.325465,0.0833401,-0.211713,23.2714,4.25067,119.355,-0.128373,1.62199,3.625637635588646,4.435571789741516,1.40508,181.22000122070312,,,,,,,199.8,4.995,199.8,4.995,,,,,,,,,,,,,,,,,,,"Gabriel Moreno","22664",672515
"Ronald Acuña Jr.","ATL",49,212,177,48,30,8,1,9,35,25,31,1,45,3,1,1,,10,3,0.272804,0.144583,0.211801,0.682634,0.385399,0.478128,0.376302,0.863528,0.205324,5.99781,0.316603,0.381397,0.506945,35.5766,10.2902,137.853,0.888342,-1.39394,10.64846807718277,-4.002275824546814,1.37371,5.260000228881836,,,,,,,317.9,6.487755102,317.9,6.487755102,,,,,,,,,,,,,,,,,,,"Ronald Acuna Jr.","18401",660670
"Geraldo Perdomo","ARI",50,215,181,47,32,8,2,4,29,22,29,0,28,2,2,2,,8,3,0.257513,0.132995,0.128744,1.03301,0.363418,0.394249,0.338859,0.757667,0.136736,5.92514,0.280903,0.0939641,0.10626,29.5322,3.89592,112.343,0.200224,0.71512,3.426744282245636,3.0216017365455627,1.36334,76.7699966430664,,,,,,,254.2,5.084,254.2,5.084,,,,,,,,,,,,,,,,,,,"Geraldo Perdomo","22799",672695
"Jeremy Peña","HOU",48,207,188,52,35,9,1,7,28,23,12,0,37,4,1,1,,5,1,0.274365,0.0602576,0.179867,0.335012,0.329522,0.432521,0.332839,0.762043,0.158156,5.04691,0.309354,0.233181,0.236788,27.3492,2.73177,113.9,0.469968,-0.0770792,3.8231143057346344,2.137735664844513,1.35294,122.9800033569336,,,,,,,255.5,5.322916666,255.5,5.322916666,,,,,,,,,,,,,,,,,,,"Jeremy Pena","21636",665161
"William Contreras","MIL",50,200,176,48,32,9,0,6,25,26,22,1,35,1,1,0,,1,1,0.271174,0.109217,0.173505,0.629474,0.353375,0.429915,0.342618,0.78329,0.158741,3.25916,0.304702,-0.188428,-0.277714,28.1029,4.2376,116.563,-0.466142,0.426467,3.564556062221527,3.301467388868332,1.33878,56.560001373291016,,,,,,,243.4,4.868,243.4,4.868,,,,,,,,,,,,,,,,,,,"William Contreras","20503",661388
"Ketel Marte","ARI",49,213,188,51,30,10,1,9,30,28,21,1,33,2,1,0,,2,0,0.269734,0.0973537,0.156469,0.622191,0.346301,0.477606,0.355234,0.823908,0.207872,4.58855,0.284354,-0.0208373,-0.0779194,32.0463,6.68271,123.278,-0.0987567,0.071535,5.921674817800522,0.11243009567260742,1.31379,32.63999938964844,,,,,,,289.7,5.912244897,289.7,5.912244897,,,,,,,,,,,,,,,,,,,"Ketel Marte","13613",606466
"James Wood","WSN",51,220,186,48,27,11,1,10,34,29,31,3,64,1,1,1,,6,2,0.26069,0.140274,0.289071,0.485257,0.36786,0.493486,0.37014,0.861346,0.232796,4.95801,0.335826,0.0953326,0.140696,35.7378,9.55601,134.221,0.236029,-0.378786,9.372158870100975,-3.6831068098545074,1.30146,37.790000915527344,,,,,,,316.2,6.2,316.2,6.2,,,,,,,,,,,,,,,,,,,"James Wood","29518",695578
"Vladimir Guerrero Jr.","TOR",51,222,193,55,36,11,0,8,30,30,25,3,30,2,2,0,,2,1,0.286175,0.113271,0.133713,0.847121,0.371789,0.472047,0.364513,0.843836,0.185872,3.0647,0.299311,-0.14346,-0.251671,35.0964,8.64187,135.94,-0.395131,-0.0204084,8.921955704689026,-4.036303332075477,1.2998,18.049999237060547,,,,,,,304.1,5.962745098,304.1,5.962745098,,,,,,,,,,,,,,,,,,,"Vladimir Guerrero Jr.","19611",665489
"Nick Kurtz","ATH",49,212,179,46,25,9,0,12,32,33,31,3,63,1,1,0,,2,1,0.256364,0.145434,0.296856,0.489916,0.368133,0.50466,0.374165,0.872793,0.248296,3.91748,0.325954,-0.00374142,-0.14601,35.2087,9.92229,139.163,-0.149752,-0.605626,9.55452911555767,-4.397293031215668,1.29181,19.8700008392334,,,,,,,314.5,6.418367346,314.5,6.418367346,,,,,,,,,,,,,,,,,,,"Nick Kurtz","35110",701762
"JJ Wetherholt","STL",49,212,185,47,34,7,0,6,29,22,21,1,35,4,1,1,,5,1,0.255919,0.099759,0.163693,0.609426,0.344735,0.395068,0.329044,0.739803,0.139148,4.92348,0.284741,0.0819818,0.313015,27.4389,2.15255,108.869,0.394997,2.35879,2.6817496716976166,3.150458037853241,1.29119,999,,,,,,,236.6,4.828571428,236.6,4.828571428,,,,,,,,,,,,,,,,,,,"JJ Wetherholt","34985",802139
"Michael Harris II","ATL",49,210,198,55,36,10,1,8,26,29,9,0,41,2,1,1,,5,1,0.278737,0.0421819,0.193197,0.218337,0.312833,0.466457,0.335565,0.77929,0.18772,5.25721,0.311672,0.130527,0.239622,28.248,3.2395,110.648,0.370149,1.93007,3.085412919521332,2.5467358827590942,1.26322,99.06999969482422,,,,,,,259.6,5.297959183,259.6,5.297959183,,,,,,,,,,,,,,,,,,,"Michael Harris II","25931",671739
"Freddie Freeman","LAD",52,224,196,56,35,13,1,8,30,30,24,2,40,3,2,0,,3,1,0.288632,0.107414,0.176565,0.608352,0.371563,0.478136,0.367884,0.849699,0.189504,4.04872,0.325041,-0.28213,-0.0672571,36.0021,9.32637,133.195,-0.349387,0.211774,8.680046826601028,-3.8048927783966064,1.23262,67.87999725341797,,,,,,,320.1,6.15576923,320.1,6.15576923,,,,,,,,,,,,,,,,,,,"Freddie Freeman","5361",518692
"Isaac Paredes","HOU",48,209,179,44,27,8,0,8,24,28,23,0,34,5,1,0,,0,0,0.243902,0.109418,0.163875,0.667693,0.344571,0.431923,0.342609,0.776494,0.188021,2.04383,0.256911,-0.111617,-0.355224,29.3022,4.4172,120.689,-0.466841,-0.372912,4.578482210636139,-0.043899714946746826,1.21648,243.60000610351562,,,,,,,249.8,5.204166666,249.8,5.204166666,,,,,,,,,,,,,,,,,,,"Isaac Paredes","20036",670623
"Riley Greene","DET",51,220,194,52,31,11,1,9,28,30,23,1,59,1,2,0,,1,1,0.265507,0.103125,0.268283,0.384389,0.344011,0.465091,0.350073,0.809102,0.199583,3.44586,0.333503,0.00512048,-0.304226,32.1598,5.97804,125.035,-0.299105,0.477117,6.124045580625534,-2.009302318096161,1.21335,78.4800033569336,,,,,,,290.5,5.696078431,290.5,5.696078431,,,,,,,,,,,,,,,,,,,"Riley Greene","25976",682985
"Jackson Merrill","SDP",51,219,201,52,32,10,1,8,27,28,15,1,47,1,1,1,,6,1,0.257248,0.0667202,0.213975,0.311814,0.309308,0.439795,0.323738,0.749103,0.182547,5.50625,0.296344,0.400309,0.254073,27.3997,1.27966,106.89,0.654383,1.56133,2.4894255995750427,2.2779935002326965,1.20631,70.79000091552734,,,,,,,256.7,5.033333333,256.7,5.033333333,,,,,,,,,,,,,,,,,,,"Jackson Merrill","29490",701538
"Ben Rice","NYY",51,219,191,48,25,9,1,12,32,32,24,1,50,3,1,0,,1,0,0.251192,0.108227,0.226144,0.478573,0.340005,0.503394,0.361991,0.843399,0.252202,4.19161,0.273302,-0.138601,-0.212261,34.1415,8.06915,134.721,-0.350862,-0.113229,8.520178854465485,-4.446562327444553,1.20579,53.189998626708984,,,,,,,305.3,5.986274509,305.3,5.986274509,,,,,,,,,,,,,,,,,,,"Ben Rice","29576",700250
"CJ Abrams","WSN",51,220,198,52,31,10,1,9,30,30,16,1,44,5,2,0,,10,2,0.261403,0.0707457,0.199817,0.354053,0.327378,0.460484,0.340851,0.787862,0.199081,6.39854,0.292518,0.226233,0.679552,30.5156,4.33381,114.66,0.905784,-2.36179,4.819717824459076,-0.16981053352355957,1.19611,65,,,,,,,288.9,5.664705882,288.9,5.664705882,,,,,,,,,,,,,,,,,,,"CJ Abrams","25768",682928
"Ceddanne Rafaela","BOS",51,219,204,53,34,12,1,6,27,26,10,0,46,3,1,1,,7,3,0.260949,0.0453913,0.209455,0.216712,0.303133,0.422132,0.315446,0.725265,0.161183,6.01917,0.307564,0.311057,0.0975056,25.8431,-0.194612,96.9562,0.408563,3.40659,-0.368081659078598,4.18745893239975,1.17902,125.02999877929688,,,,,,,233.6,4.580392156,233.6,4.580392156,,,,,,,,,,,,,,,,,,,"Ceddanne Rafaela","24262",678882
"Dansby Swanson","CHC",52,226,203,48,30,8,1,8,29,28,20,0,56,1,2,1,,6,1,0.23464,0.089966,0.245299,0.36676,0.305841,0.399652,0.30956,0.705493,0.165013,5.87719,0.283104,0.280215,0.46537,25.6718,-1.28185,95.5066,0.745585,2.31483,-0.48938852548599243,4.739828824996948,1.17697,152.30999755859375,,,,,,,241.5,4.644230769,241.5,4.644230769,,,,,,,,,,,,,,,,,,,"Dansby Swanson","18314",621020
"Zach Neto","LAA",50,215,190,46,26,10,1,9,30,25,18,1,58,5,1,1,,8,3,0.240098,0.0827074,0.270483,0.305776,0.319943,0.436815,0.329411,0.756758,0.196717,5.94277,0.297427,0.111968,0.00532783,27.8828,2.24647,109.733,0.117296,-0.96327,2.562456674873829,1.3432114720344543,1.17556,32.29999923706055,,,,,,,262.7,5.254,262.7,5.254,,,,,,,,,,,,,,,,,,,"Zach Neto","31347",687263
"Otto Lopez","MIA",48,206,189,54,38,10,2,4,25,22,13,0,30,2,2,1,,7,2,0.285112,0.0632646,0.144312,0.438388,0.333356,0.420902,0.329485,0.754258,0.135789,6.04183,0.317154,0.201828,0.288586,26.7086,2.16319,105.731,0.490415,0.710282,1.9248480200767517,2.918614983558655,1.17044,229.16000366210938,,,,,,,244.1,5.085416666,244.1,5.085416666,,,,,,,,,,,,,,,,,,,"Otto Lopez","19608",672640
"Corey Seager","TEX",40,173,150,37,22,7,0,8,23,23,20,3,36,1,1,0,,1,0,0.249245,0.114731,0.207677,0.55245,0.340288,0.457412,0.342993,0.7977,0.208168,2.58264,0.273704,-0.279187,-0.135478,24.2662,3.70368,121.801,-0.414665,0.148424,3.978297770023346,1.3317571580410004,1.16365,95.08999633789062,,,,,,,217.6,5.44,217.6,5.44,,,,,,,,,,,,,,,,,,,"Corey Seager","13624",608369
"Pete Alonso","BAL",51,222,194,50,28,10,0,11,30,33,22,2,51,4,2,0,,1,0,0.256953,0.100409,0.230104,0.436361,0.343407,0.489226,0.358195,0.832633,0.232273,2.98175,0.288844,-0.421607,-0.20566,33.9581,7.50362,132.405,-0.627267,-0.262324,7.773418962955475,-4.392725169658661,1.14722,24.440000534057617,,,,,,,298.3,5.849019607,298.3,5.849019607,,,,,,,,,,,,,,,,,,,"Pete Alonso","19251",624413
"Brice Turang","MIL",49,212,187,49,33,9,1,6,28,24,22,1,47,1,1,1,,8,2,0.25958,0.105179,0.221711,0.474394,0.33812,0.408094,0.328339,0.746214,0.148514,5.74447,0.316874,0.155114,0.574542,27.3176,2.0312,107.027,0.729655,1.08595,2.5416430234909058,1.8442851305007935,1.14456,48.18000030517578,,,,,,,254.2,5.187755102,254.2,5.187755102,,,,,,,,,,,,,,,,,,,"Brice Turang","22186",668930
"Juan Soto","NYM",31,133,106,29,17,4,0,7,21,20,25,2,22,1,1,0,,4,1,0.274423,0.189974,0.1638,1.15979,0.413826,0.531523,0.404275,0.945349,0.257099,4.86774,0.280162,-0.114099,0.0817021,25.2686,9.45047,160.245,-0.0323973,-0.854864,9.684974670410156,-2.736037254333496,1.14233,4.650000095367432,,,,,,,216.6,6.987096774,216.6,6.987096774,,,,,,,,,,,,,,,,,,,"Juan Soto","20123",665742
"Drake Baldwin","ATL",49,202,177,48,31,7,0,9,27,27,20,1,39,2,1,0,,1,0,0.268289,0.0994152,0.193721,0.513189,0.348583,0.466234,0.354413,0.814817,0.197945,2.8392,0.295828,-0.0995608,-0.263907,30.1895,6.18928,123.235,-0.363468,-0.472035,5.322711527347565,-0.3803679943084717,1.14161,78.62999725341797,,,,,,,264.6,5.4,264.6,5.4,,,,,,,,,,,,,,,,,,,"Drake Baldwin","31539",686948
"Alejandro Kirk","TOR",32,126,111,29,21,5,0,4,13,15,13,1,16,1,1,0,,0,0,0.263867,0.103826,0.127059,0.81715,0.344159,0.404441,0.329793,0.7486,0.140574,1.60279,0.27907,-0.334262,-0.164111,16.3618,1.35407,111.812,-0.498373,1.21863,1.2387535274028778,3.4760353565216064,1.1383,160.25,,,,,,,145.5,4.546875,145.5,4.546875,,,,,,,,,,,,,,,,,,,"Alejandro Kirk","22581",672386
"Mike Trout","LAA",43,186,153,36,21,7,0,8,26,22,29,3,52,2,1,0,,2,0,0.236837,0.157419,0.280034,0.562142,0.365325,0.446899,0.352709,0.812225,0.210063,3.85039,0.297913,-0.195731,-0.0052997,27.5314,5.44058,125.923,-0.20103,-0.648097,5.410766512155533,-0.8689306527376175,1.13224,178.44000244140625,,,,,,,240.9,5.602325581,240.9,5.602325581,,,,,,,,,,,,,,,,,,,"Mike Trout","10155",545361
"Matt Olson","ATL",53,229,199,51,28,11,0,11,31,33,27,1,56,2,2,0,,1,0,0.254656,0.115898,0.24435,0.47431,0.344792,0.485422,0.357818,0.830214,0.230766,2.46893,0.294792,-0.270131,-0.235382,34.8856,7.65409,125.509,-0.505513,1.14498,6.577742695808411,-2.9383546113967896,1.12272,48.0099983215332,,,,,,,310.8,5.864150943,310.8,5.864150943,,,,,,,,,,,,,,,,,,,"Matt Olson","14344",621566
"Jacob Wilson","ATH",50,217,201,57,41,11,1,5,26,25,11,0,19,2,1,1,,2,1,0.285603,0.0524346,0.0885364,0.592238,0.329536,0.418345,0.327288,0.747882,0.132742,3.92476,0.294838,0.00354859,-0.101255,27.733,1.89088,106.587,-0.0977067,0.0277461,1.5703823119401932,1.6860794238746166,1.116,196.44000244140625,,,,,,,242.8,4.856,242.8,4.856,,,,,,,,,,,,,,,,,,,"Jacob Wilson","33266",805779
"Willson Contreras","BOS",51,221,189,49,29,10,1,9,28,31,22,1,56,8,1,0,,2,1,0.258988,0.100926,0.251856,0.400728,0.358404,0.470331,0.361453,0.828736,0.211343,3.60998,0.315206,-0.242882,-0.307837,34.3703,8.04961,128.928,-0.550719,0.257459,6.910532772541046,-3.808127075433731,1.11494,168.1999969482422,,,,,,,295.7,5.798039215,295.7,5.798039215,,,,,,,,,,,,,,,,,,,"Willson Contreras","11609",575929
"Kyle Tucker","LAD",50,217,185,47,29,9,1,9,30,30,28,1,35,1,2,0,,5,1,0.256184,0.131017,0.162755,0.804998,0.356815,0.454458,0.35367,0.811273,0.198274,5.23333,0.271912,0.0130269,0.364881,32.3757,6.53354,123.703,0.377908,-0.360232,6.623786926269531,-2.6852322220802307,1.11459,13.130000114440918,,,,,,,288.3,5.766,288.3,5.766,,,,,,,,,,,,,,,,,,,"Kyle Tucker","18345",663656
"Byron Buxton","MIN",37,160,144,36,19,7,1,9,24,22,12,1,43,3,1,0,,4,0,0.250651,0.0757698,0.265285,0.285617,0.31811,0.505858,0.351115,0.823969,0.255208,6.41992,0.288065,0.181872,0.407453,23.5854,4.49454,125.243,0.589326,0.0333203,5.311842620372772,-0.04846983402967453,1.11416,73.4800033569336,,,,,,,220.8,5.967567567,220.8,5.967567567,,,,,,,,,,,,,,,,,,,"Byron Buxton","14161",621439
"Miguel Vargas","CHW",51,221,191,46,26,11,1,8,30,27,26,0,40,3,2,0,,4,1,0.240147,0.116943,0.179707,0.650743,0.33672,0.430603,0.336762,0.767323,0.190455,4.68796,0.261637,0.0023313,0.0231833,29.9447,3.62403,115.779,0.0255145,-1.40244,4.095333522185683,-1.037473201751709,1.11042,303.0899963378906,,,,,,,271.2,5.317647058,271.2,5.317647058,,,,,,,,,,,,,,,,,,,"Miguel Vargas","20178",678246
"Nico Hoerner","CHC",52,224,203,55,41,10,1,3,25,22,16,0,20,3,2,0,,8,2,0.272852,0.0698908,0.0906208,0.771245,0.33199,0.37722,0.314731,0.70921,0.104368,5.36713,0.289021,0.277572,0.504838,26.3465,-0.329299,98.9599,0.78241,2.25463,0.49950194358825684,3.104633152484894,1.10376,101.93000030517578,,,,,,,234.5,4.509615384,234.5,4.509615384,,,,,,,,,,,,,,,,,,,"Nico Hoerner","21479",663538
"Bryce Harper","PHI",51,222,190,50,29,11,1,10,30,31,29,2,48,1,2,0,,3,1,0.264637,0.131203,0.215818,0.607935,0.363486,0.485505,0.365559,0.848991,0.220868,4.07169,0.301706,0.0418747,-0.19374,35.2848,8.8303,129.558,-0.151865,-0.160655,7.821493849158287,-4.176550030708313,1.10177,47.900001525878906,,,,,,,314.5,6.166666666,314.5,6.166666666,,,,,,,,,,,,,,,,,,,"Bryce Harper","11579",547180
"Andy Pages","LAD",48,208,188,49,30,10,1,8,27,29,14,0,44,3,2,0,,4,2,0.258922,0.0686157,0.211682,0.324144,0.318945,0.450367,0.333764,0.769312,0.191445,4.64256,0.294314,0.134488,-0.211526,27.6309,2.90022,110.409,-0.0770382,0.81521,2.5478967279195786,1.5568765997886658,1.10068,133.4199981689453,,,,,,,249.3,5.19375,249.3,5.19375,,,,,,,,,,,,,,,,,,,"Andy Pages","24816",681624
"Alex Bregman","CHC",52,224,194,48,31,9,0,7,27,26,25,1,34,3,2,0,,1,0,0.247462,0.110941,0.150338,0.737943,0.339791,0.405836,0.329354,0.745627,0.158374,2.93559,0.265593,-0.182864,-0.311682,29.003,2.32719,108.726,-0.494546,0.666763,1.8790386021137238,1.4667630791664124,1.07757,119.16999816894531,,,,,,,252.6,4.857692307,252.6,4.857692307,,,,,,,,,,,,,,,,,,,"Alex Bregman","17678",608324
"Jazz Chisholm Jr.","NYY",45,196,173,40,25,6,1,9,25,26,19,1,54,1,1,0,,12,3,0.233339,0.0987559,0.277263,0.356182,0.313327,0.431436,0.323833,0.744763,0.198097,6.16955,0.283352,0.243416,0.862802,24.5,1.15868,108.204,1.10622,-0.0670906,2.982789635658264,0.49957603961229324,1.06286,19.520000457763672,,,,,,,233.1,5.18,233.1,5.18,,,,,,,,,,,,,,,,,,,"Jazz Chisholm Jr.","20454",665862
"Munetaka Murakami","CHW",50,216,180,42,23,6,0,12,31,30,33,3,69,2,1,0,,3,1,0.232318,0.151432,0.321064,0.471659,0.35353,0.468587,0.355355,0.822117,0.236269,3.27498,0.298593,-0.0482538,-0.404571,32.5616,6.80696,128.699,-0.452825,-0.143356,6.790329962968826,-4.039188802242279,1.06211,999,,,,,,,293.3,5.866,293.3,5.866,,,,,,,,,,,,,,,,,,,"Munetaka Murakami","37120",808959
"Matt Chapman","SFG",47,203,176,42,25,10,1,7,24,24,23,1,49,3,1,0,,2,1,0.238027,0.112126,0.239733,0.467712,0.331546,0.415636,0.32878,0.747182,0.177609,3.76401,0.288201,-0.01863,-0.236126,26.1894,2.01449,108.934,-0.254756,1.10791,1.9475325047969818,1.832913875579834,1.05241,163.6199951171875,,,,,,,238.7,5.078723404,238.7,5.078723404,,,,,,,,,,,,,,,,,,,"Matt Chapman","16505",656305
"Adley Rutschman","BAL",39,157,137,35,22,8,0,5,19,19,18,0,24,1,1,0,,0,0,0.253741,0.112564,0.152667,0.737315,0.340206,0.422279,0.334902,0.762485,0.168538,2.48492,0.273522,-0.108336,-0.225079,21.0304,2.33698,116.218,-0.333415,0.774661,2.6374573409557343,1.698889434337616,1.05165,148.92999267578125,,,,,,,186.2,4.774358974,186.2,4.774358974,,,,,,,,,,,,,,,,,,,"Adley Rutschman","26288",668939
"Bo Bichette","NYM",50,215,198,55,39,10,0,6,25,26,14,0,37,1,2,0,,1,1,0.277756,0.0652861,0.170128,0.383747,0.32657,0.421016,0.326575,0.747586,0.14326,3.20948,0.31282,0.0395985,-0.296738,27.3875,1.75124,108.354,-0.257139,1.15269,1.9266695082187653,1.4471375048160553,1.05164,92.86000061035156,,,,,,,239.5,4.79,239.5,4.79,,,,,,,,,,,,,,,,,,,"Bo Bichette","19612",666182
"Trent Grisham","NYY",47,203,172,38,22,7,1,8,28,24,27,0,44,1,1,1,,3,1,0.220652,0.133135,0.217784,0.611315,0.328999,0.41546,0.329011,0.744459,0.194808,4.46372,0.244624,-0.121305,-0.0215765,26.2274,2.05249,111.803,-0.142881,-0.357607,2.6531417816877365,0.3673931360244751,1.04138,253.82000732421875,,,,,,,228.9,4.870212765,228.9,4.870212765,,,,,,,,,,,,,,,,,,,"Trent Grisham","18564",663757
"Trea Turner","PHI",49,213,195,52,36,9,1,6,30,22,14,0,42,2,1,1,,8,1,0.267354,0.0660194,0.198342,0.332856,0.320393,0.421001,0.323901,0.741393,0.153646,6.28563,0.310838,0.454276,0.809642,26.6344,1.27085,101.737,1.26392,-0.659686,1.713159203529358,1.6222581267356873,1.0402,26.780000686645508,,,,,,,244.8,4.995918367,244.8,4.995918367,,,,,,,,,,,,,,,,,,,"Trea Turner","16252",607208
"Luis Arraez","SFG",52,226,209,65,50,11,2,2,26,21,12,1,10,2,2,2,,4,1,0.310906,0.0539045,0.0434139,1.24164,0.350599,0.412818,0.333402,0.763417,0.101911,4.90383,0.31534,0.131753,-0.0230913,30.0481,3.09446,112.021,0.108661,-1.19086,3.41251303255558,-0.5158591866493225,1.03973,280.04998779296875,,,,,,,263.9,5.075,263.9,5.075,,,,,,,,,,,,,,,,,,,"Luis Arraez","18568",650333
"Yandy Díaz","TBR",52,226,199,58,40,10,0,7,29,27,22,1,33,3,1,1,,1,0,0.290903,0.0980811,0.147517,0.664879,0.367954,0.453894,0.358951,0.821848,0.162992,2.94146,0.317389,-0.266005,-0.327277,34.6513,7.7646,130.562,-0.593282,-0.0189026,7.459065318107605,-5.289736095815897,1.03755,138.63999938964844,,,,,,,297.5,5.721153846,297.5,5.721153846,,,,,,,,,,,,,,,,,,,"Yandy Diaz","16578",650490
"Manny Machado","SDP",51,219,196,49,30,9,0,10,27,31,20,1,45,1,2,0,,3,1,0.2501,0.0931769,0.204428,0.455794,0.320354,0.447384,0.331584,0.767738,0.197284,3.17861,0.274271,-0.185828,-0.153812,28.7954,2.67536,112.13,-0.33964,0.246646,2.891104817390442,0.02997957170009613,1.01913,37.52000045776367,,,,,,,264.4,5.184313725,264.4,5.184313725,,,,,,,,,,,,,,,,,,,"Manny Machado","11493",592518
"Xavier Edwards","MIA",49,211,186,53,41,7,2,2,24,19,21,1,29,1,2,1,,9,2,0.283682,0.099739,0.13719,0.727014,0.356011,0.377725,0.325911,0.733737,0.0940429,6.24231,0.323887,0.243842,0.536661,26.6915,1.6006,103.344,0.780502,0.750397,1.63614821434021,1.5028663277626038,1.01274,182.42999267578125,,,,,,,238.8,4.873469387,238.8,4.873469387,,,,,,,,,,,,,,,,,,,"Xavier Edwards","22266",669364
"Xander Bogaerts","SDP",49,210,186,47,34,8,0,5,23,22,20,1,38,2,2,0,,6,1,0.253681,0.0949477,0.180348,0.526468,0.328985,0.377139,0.313393,0.706124,0.123458,4.44244,0.292716,0.112053,0.425035,24.472,-0.536512,99.9813,0.537088,0.304119,0.5323255159892142,2.5541189312934875,1.00513,237.1999969482422,,,,,,,222,4.530612244,222,4.530612244,,,,,,,,,,,,,,,,,,,"Xander Bogaerts","12161",593428
"Aaron Judge","NYY",22,96,77,21,11,4,0,6,16,16,17,3,24,1,1,0,,1,0,0.276819,0.175697,0.255599,0.687394,0.409279,0.576105,0.412218,0.985385,0.299286,3.88431,0.318959,-0.146023,-0.0525596,18.8155,7.42273,169.625,-0.198583,0.217677,7.574543133378029,-1.1739892065525055,0.995354,1.850000023841858,,,,,,,164.5,7.477272727,164.5,7.477272727,,,,,,,,,,,,,,,,,,,"Aaron Judge","15640",592450
"Kazuma Okamoto","TOR",47,204,181,43,25,9,0,10,24,30,19,1,48,3,1,0,,1,0,0.239566,0.0910284,0.236241,0.385321,0.317705,0.445785,0.330848,0.76349,0.206219,2.09161,0.27153,-0.162392,-0.288894,26.6371,2.36443,112.545,-0.451286,-0.278976,2.532673418521881,-0.058142825961112976,0.989003,999,,,,,,,247.8,5.272340425,247.8,5.272340425,,,,,,,,,,,,,,,,,,,"Kazuma Okamoto","37123",672960
"Masyn Winn","STL",50,215,194,48,34,9,1,4,24,22,16,0,41,2,2,1,,4,1,0.249411,0.0767823,0.188758,0.406778,0.313621,0.367757,0.302619,0.681379,0.118346,4.90256,0.293744,0.314027,-0.0233161,23.1402,-2.42407,91.2213,0.290711,2.46851,-1.9976885616779327,4.768506288528442,0.988511,364.7799987792969,,,,,,,203,4.06,203,4.06,,,,,,,,,,,,,,,,,,,"Masyn Winn","27479",691026
"Gleyber Torres","DET",49,213,184,47,33,8,0,5,27,22,26,0,38,1,1,1,,1,1,0.257966,0.121277,0.179791,0.674545,0.351645,0.39459,0.332365,0.746235,0.136624,2.95091,0.296888,-0.301275,-0.318528,28.0964,2.73277,112.73,-0.619803,-0.794743,2.544175624847412,-0.4266878664493561,0.98598,261.510009765625,,,,,,,229.5,4.683673469,229.5,4.683673469,,,,,,,,,,,,,,,,,,,"Gleyber Torres","16997",650402
"Jackson Chourio","MIL",50,215,197,53,32,12,1,8,30,29,14,1,46,1,1,1,,7,2,0.269049,0.0659892,0.215435,0.306306,0.320251,0.461598,0.336909,0.781849,0.192549,5.51305,0.311411,0.312037,0.301996,29.1097,3.54544,112.751,0.614033,1.02572,3.937850296497345,-1.2409483194351196,0.981017,19.3799991607666,,,,,,,268.2,5.364,268.2,5.364,,,,,,,,,,,,,,,,,,,"Jackson Chourio","28806",694192
"Iván Herrera","STL",50,209,179,47,32,8,0,6,27,24,22,1,39,6,1,0,,3,1,0.262029,0.106519,0.187439,0.568288,0.361453,0.417503,0.344942,0.778956,0.155474,4.14346,0.301245,-0.0613521,-0.031246,29.7597,4.82262,119.486,-0.0925981,-0.313622,4.862367458641529,-1.9386219382286072,0.976791,178.42999267578125,,,,,,,250.7,5.014,250.7,5.014,,,,,,,,,,,,,,,,,,,"Ivan Herrera","20599",671056
"Brayan Rocchio","CLE",46,200,179,45,30,9,1,4,22,21,15,0,33,3,1,1,,6,2,0.249158,0.0766207,0.167475,0.457506,0.316678,0.379772,0.308662,0.69645,0.130614,5.14005,0.284087,-0.0203059,-0.0529571,22.5365,-1.27821,97.7188,-0.0732629,0.867494,-0.6056404784321785,3.0100863575935364,0.967971,999,,,,,,,202.2,4.395652173,202.2,4.395652173,,,,,,,,,,,,,,,,,,,"Brayan Rocchio","23690",677587
"Max Muncy","LAD",38,166,139,32,18,6,0,8,23,23,23,1,40,2,1,0,,1,0,0.231528,0.141318,0.24391,0.579384,0.348206,0.454052,0.350253,0.802258,0.222524,3.47825,0.263727,-0.230701,-0.131329,24.2579,4.52897,121.421,-0.36203,-0.338855,3.947329342365265,0.20281201601028442,0.966832,234.3699951171875,,,,,,,209.7,5.518421052,209.7,5.518421052,,,,,,,,,,,,,,,,,,,"Max Muncy","13301",571970
"Colson Montgomery","CHW",51,219,195,42,24,8,1,10,25,31,18,1,66,4,1,0,,1,0,0.216488,0.0837519,0.304094,0.275414,0.293999,0.418675,0.309826,0.712674,0.202187,3.17048,0.267612,-0.101041,-0.254576,24.8466,-1.19105,97.0604,-0.355617,0.58715,-1.1056713163852692,2.7430142760276794,0.957801,254.75,,,,,,,231,4.529411764,231,4.529411764,,,,,,,,,,,,,,,,,,,"Colson Montgomery","29712",695657
"Ryan Jeffers","MIN",39,158,137,34,21,7,0,5,19,20,17,0,31,3,1,0,,1,0,0.251826,0.105959,0.198452,0.533928,0.343225,0.431066,0.340575,0.774291,0.17924,3.20579,0.286637,-0.155451,-0.193649,21.8524,3.07322,117.919,-0.3491,-0.942046,2.9483828842639923,0.7101139426231384,0.945885,298.05999755859375,,,,,,,182.6,4.682051282,182.6,4.682051282,,,,,,,,,,,,,,,,,,,"Ryan Jeffers","24618",680777
"Taylor Ward","BAL",50,215,183,45,29,9,0,7,27,24,28,0,49,2,1,0,,2,1,0.245195,0.129392,0.22658,0.571063,0.349355,0.413231,0.338331,0.762585,0.168035,3.39885,0.294481,-0.278423,-0.303599,29.44,3.80364,118.601,-0.582022,-0.178791,4.090944170951843,-2.485272616147995,0.942385,148.42999267578125,,,,,,,251.9,5.038,251.9,5.038,,,,,,,,,,,,,,,,,,,"Taylor Ward","17548",621493
"Randy Arozarena","SEA",50,215,185,46,29,10,0,7,28,25,21,0,53,7,1,0,,8,3,0.246251,0.0987737,0.247474,0.399128,0.343907,0.414362,0.336233,0.758268,0.168111,5.25505,0.305922,-0.181991,0.26588,29.0736,3.43733,122.321,0.0838886,-1.74224,5.6914182007312775,-4.146867275238037,0.936188,89.37999725341797,,,,,,,258.2,5.164,258.2,5.164,,,,,,,,,,,,,,,,,,,"Randy Arozarena","19290",668227
"Caleb Durbin","BOS",46,200,178,45,30,11,1,4,24,22,14,0,24,5,1,1,,8,2,0.255189,0.0709401,0.118141,0.600472,0.327286,0.396741,0.320666,0.724027,0.141552,5.57648,0.271227,0.133752,0.296258,24.441,0.66745,100.584,0.43001,0.603145,0.5660389810800552,1.3330828547477722,0.915488,219.8300018310547,,,,,,,215.8,4.691304347,215.8,4.691304347,,,,,,,,,,,,,,,,,,,"Caleb Durbin","29646",702332
"Wilyer Abreu","BOS",47,204,181,44,26,10,1,8,25,27,21,1,47,1,2,0,,3,1,0.245995,0.102812,0.23047,0.446095,0.325616,0.43904,0.331771,0.764656,0.193045,4.40465,0.287636,-0.0156136,-0.166409,26.8634,2.52387,108.301,-0.182023,2.13868,1.797773838043213,-0.08508777618408203,0.9138,199.89999389648438,,,,,,,244.2,5.19574468,244.2,5.19574468,,,,,,,,,,,,,,,,,,,"Wilyer Abreu","23772",677800
"Willy Adames","SFG",51,219,195,45,26,10,0,8,26,26,21,0,57,1,1,0,,3,1,0.229827,0.0960492,0.257882,0.372454,0.307473,0.41383,0.315539,0.721303,0.184003,4.00059,0.277192,-0.0191012,-0.0943571,25.9412,-0.178772,100.091,-0.113458,-0.455855,-0.08931774459779263,1.8941449522972107,0.90596,133.92999267578125,,,,,,,230.1,4.511764705,230.1,4.511764705,,,,,,,,,,,,,,,,,,,"Willy Adames","15986",642715
"Maikel Garcia","KCR",38,163,147,39,27,8,1,3,20,17,14,0,25,0,1,1,,6,2,0.269304,0.0853514,0.150923,0.565531,0.332089,0.398687,0.322385,0.730776,0.129383,5.74882,0.30464,0.170027,0.174527,20.1339,0.770315,102.979,0.344554,1.56189,0.9098211526870728,2.1425954699516296,0.898305,63.150001525878906,,,,,,,176.3,4.639473684,176.3,4.639473684,,,,,,,,,,,,,,,,,,,"Maikel Garcia","22715",672580
"Kyle Schwarber","PHI",52,224,187,43,22,6,0,14,33,32,34,2,68,3,1,1,,2,1,0.228181,0.149354,0.303379,0.492303,0.351111,0.494107,0.364077,0.845217,0.265926,3.34958,0.268874,-0.483352,-0.219261,35.3787,8.65147,128.568,-0.702613,-0.00225354,7.083077788352966,-5.56398202246055,0.893799,24.690000534057617,,,,,,,314.8,6.053846153,314.8,6.053846153,,,,,,,,,,,,,,,,,,,"Kyle Schwarber","16478",656941
"Jonathan Aranda","TBR",51,219,189,51,34,9,0,7,27,28,24,1,54,4,2,0,,0,0,0.267902,0.108281,0.245759,0.440597,0.357028,0.429581,0.345382,0.786609,0.161679,1.87875,0.334586,-0.510817,-0.36218,31.1512,5.11351,121.133,-0.872997,0.667634,4.519168019294739,-3.5252674221992493,0.892568,195.60000610351562,,,,,,,272.5,5.343137254,272.5,5.343137254,,,,,,,,,,,,,,,,,,,"Jonathan Aranda","21837",666018
"Steven Kwan","CLE",46,198,173,47,36,8,1,2,24,16,20,0,19,2,1,1,,5,1,0.271074,0.103248,0.0947149,1.0901,0.350766,0.369277,0.322492,0.720043,0.0982025,5.0405,0.29033,0.170348,0.0902866,24.501,0.953901,107.33,0.260635,0.191165,1.9519868791103363,-0.25821810960769653,0.887784,169.60000610351562,,,,,,,210.6,4.578260869,210.6,4.578260869,,,,,,,,,,,,,,,,,,,"Steven Kwan","24610",680757
"Patrick Bailey","CLE",32,127,115,25,17,5,1,3,13,13,10,0,34,1,1,1,,1,0,0.219317,0.0793689,0.26417,0.300447,0.28368,0.340903,0.277905,0.624583,0.121585,3.83758,0.282261,-0.131602,-0.0575102,11.177,-3.99106,76.345,-0.189112,2.21379,-3.705141931772232,4.70144510269165,0.885125,747.8900146484375,,,,,,,108.3,3.384375,108.3,3.384375,,,,,,,,,,,,,,,,,,,"Patrick Bailey","27478",672275
"J.P. Crawford","SEA",47,202,172,40,28,8,0,4,23,18,25,0,39,2,1,1,,2,1,0.233988,0.125319,0.19595,0.639545,0.336717,0.357234,0.313352,0.693951,0.123246,3.00904,0.277065,-0.0222133,-0.281393,23.4784,-0.521556,106.421,-0.303606,-0.666602,1.20651113986969,0.3148791193962097,0.884078,748.5399780273438,,,,,,,194.8,4.144680851,194.8,4.144680851,,,,,,,,,,,,,,,,,,,"J.P. Crawford","15491",641487
"Travis Bazzana","CLE",47,202,174,41,26,9,1,5,25,21,23,0,51,3,1,0,,6,2,0.233604,0.115328,0.251112,0.459268,0.330451,0.379662,0.316641,0.710113,0.146058,5.91134,0.299287,0.120189,0.169081,24.0982,0.015938,103.263,0.28927,0.0920461,1.059419721364975,0.42908312380313873,0.883248,999,,,,,,,218.2,4.642553191,218.2,4.642553191,,,,,,,,,,,,,,,,,,,"Travis Bazzana","34967",683953
"Seiya Suzuki","CHC",48,205,180,46,28,9,1,9,27,28,23,1,52,1,1,0,,2,1,0.257944,0.110832,0.25537,0.434007,0.343604,0.462645,0.349579,0.806249,0.204701,3.77807,0.313999,-0.174727,-0.277642,29.9538,5.50103,122.233,-0.452369,0.11428,5.09118178486824,-3.1523862406611443,0.873394,113.43000030517578,,,,,,,267,5.5625,267,5.5625,,,,,,,,,,,,,,,,,,,"Seiya Suzuki","30116",673548
"Chase Meidroth","CHW",47,202,176,45,34,8,0,3,24,18,21,0,37,3,1,1,,3,1,0.255724,0.105169,0.183547,0.572984,0.342445,0.3586,0.316182,0.701046,0.102877,3.77132,0.304482,-0.058155,-0.161526,23.9973,-0.0592383,101.477,-0.219681,0.485236,0.1285192221403122,1.25761216878891,0.872087,646.8699951171875,,,,,,,202.3,4.304255319,202.3,4.304255319,,,,,,,,,,,,,,,,,,,"Chase Meidroth","31580",805367
"Tyler Soderstrom","ATH",48,208,184,47,27,10,1,9,26,30,20,1,44,2,1,0,,1,1,0.253791,0.0979066,0.210727,0.464615,0.332672,0.463709,0.344063,0.79638,0.209918,3.33064,0.284292,-0.0556894,-0.2575,29.3653,4.63463,118.244,-0.313189,-0.835227,4.108228951692581,-3.0768938660621643,0.856616,82.8499984741211,,,,,,,263.6,5.491666666,263.6,5.491666666,,,,,,,,,,,,,,,,,,,"Tyler Soderstrom","27467",691016
"Ernie Clement","TOR",47,202,190,53,37,11,1,4,22,21,8,0,20,1,1,1,,2,1,0.2784,0.0400861,0.0978374,0.409722,0.310524,0.405534,0.312073,0.716058,0.127134,4.10375,0.292605,0.135552,-0.165806,23.2693,-0.730653,99.4979,-0.0302534,0.443143,-0.1483349520713091,1.3919087946414948,0.855913,337.67999267578125,,,,,,,210,4.468085106,210,4.468085106,,,,,,,,,,,,,,,,,,,"Ernie Clement","20352",676391
"Andrés Giménez","TOR",45,192,175,43,30,8,1,4,20,21,10,0,34,5,1,1,,7,1,0.244813,0.0511695,0.17833,0.286937,0.302468,0.371169,0.297567,0.673638,0.126356,5.51716,0.280151,-0.0231418,0.5009,19.9485,-2.96053,89.4172,0.477758,1.39701,-1.8980412185192108,3.458116292953491,0.854826,412.2200012207031,,,,,,,187.8,4.173333333,187.8,4.173333333,,,,,,,,,,,,,,,,,,,"Andres Gimenez","19950",665926
"Bryson Stott","PHI",46,199,179,46,31,8,2,4,23,22,17,0,34,1,1,1,,8,1,0.255539,0.0871761,0.172785,0.504536,0.323606,0.394158,0.316486,0.717764,0.138619,6.2503,0.292319,0.153934,0.752566,23.7179,-0.00933778,96.7847,0.9065,1.07817,0.12856429815292358,1.8224596977233887,0.854551,181.44000244140625,,,,,,,217.2,4.72173913,217.2,4.72173913,,,,,,,,,,,,,,,,,,,"Bryson Stott","26294",681082
"Chase DeLauter","CLE",41,175,156,43,28,9,0,5,20,22,17,0,27,0,1,0,,2,1,0.272627,0.0982202,0.151792,0.64707,0.343985,0.437477,0.342326,0.781462,0.164851,3.53651,0.297385,0.0340557,-0.182987,24.5358,3.66451,121.113,-0.148931,0.0943731,4.169229656457901,-2.0401948988437653,0.850541,999,,,,,,,209.9,5.119512195,209.9,5.119512195,,,,,,,,,,,,,,,,,,,"Chase DeLauter","32127",800050
"Brandon Nimmo","TEX",47,203,180,46,29,9,1,6,24,23,19,0,45,3,1,0,,2,1,0.254822,0.0919047,0.221004,0.415851,0.333232,0.421979,0.331561,0.755211,0.167157,4.61198,0.304643,-0.0232709,-0.0507756,26.6471,2.47222,113.856,-0.0740465,0.319198,3.2085479497909546,-2.0891351401805878,0.848646,145.4600067138672,,,,,,,232.8,4.953191489,232.8,4.953191489,,,,,,,,,,,,,,,,,,,"Brandon Nimmo","12927",607043
"Josh Naylor","SEA",47,202,182,49,33,9,0,6,23,26,16,1,28,2,1,0,,7,2,0.267401,0.0814855,0.140987,0.577965,0.332044,0.423618,0.329233,0.755662,0.156217,4.33162,0.284593,-0.268591,0.484974,26.0739,2.07394,117.457,0.216384,0.365657,4.321995422244072,-3.2821827232837677,0.835255,67.45999908447266,,,,,,,236.6,5.034042553,236.6,5.034042553,,,,,,,,,,,,,,,,,,,"Josh Naylor","18839",647304
"Daulton Varsho","TOR",45,192,174,41,23,9,1,7,23,24,15,1,44,2,1,0,,3,1,0.232643,0.0784934,0.227248,0.345409,0.297602,0.423642,0.312533,0.721244,0.190999,5.19434,0.266194,0.0448232,0.0820702,22.2833,-0.625753,99.8173,0.126893,0.507664,0.08586803078651428,1.194701075553894,0.826489,192.2100067138672,,,,,,,207.1,4.602222222,207.1,4.602222222,,,,,,,,,,,,,,,,,,,"Daulton Varsho","19918",662139
"Cole Young","SEA",42,183,163,40,28,7,1,4,21,20,16,0,31,3,1,1,,2,1,0.247533,0.085179,0.170905,0.4984,0.321236,0.38589,0.313168,0.707126,0.138356,4.20022,0.279375,0.0335873,-0.300925,21.3166,-0.501489,106.293,-0.267338,-0.225336,1.0781491696834564,0.4289848208427429,0.816284,704.2899780273438,,,,,,,182.6,4.347619047,182.6,4.347619047,,,,,,,,,,,,,,,,,,,"Cole Young","31680",702284
"Michael Busch","CHC",49,210,181,45,27,9,1,8,26,28,24,1,51,3,1,0,,1,0,0.246179,0.114754,0.240833,0.47649,0.343251,0.441715,0.343506,0.784966,0.195535,3.92731,0.294217,-0.291714,-0.182259,29.6003,4.59178,118.177,-0.473974,0.675889,4.16129469871521,-3.07411128282547,0.802438,106.45999908447266,,,,,,,260.9,5.324489795,260.9,5.324489795,,,,,,,,,,,,,,,,,,,"Michael Busch","26319",683737
"Austin Wells","NYY",37,145,129,27,16,5,0,6,16,17,14,0,37,1,1,0,,1,0,0.212002,0.0943999,0.251706,0.37504,0.292798,0.387348,0.298999,0.680146,0.175346,3.539,0.24761,-0.0539792,-0.0374696,15.2326,-2.0669,90.9464,-0.0914488,-0.130525,-1.626277133822441,2.602808654308319,0.799354,246.13999938964844,,,,,,,140,3.783783783,140,3.783783783,,,,,,,,,,,,,,,,,,,"Austin Wells","27562",669224
"Ian Happ","CHC",51,219,188,44,25,10,1,8,28,26,28,1,58,2,1,0,,2,1,0.232752,0.127447,0.263671,0.483357,0.336447,0.416335,0.331421,0.752782,0.183582,3.97921,0.291284,-0.0895118,-0.159603,28.7663,2.64631,110.106,-0.249115,0.560107,2.442624419927597,-1.823226273059845,0.785779,184.86000061035156,,,,,,,259.3,5.084313725,259.3,5.084313725,,,,,,,,,,,,,,,,,,,"Ian Happ","17919",664023
"Carter Jensen","KCR",43,177,158,38,23,8,1,6,21,20,17,0,48,1,1,1,,1,0,0.239956,0.0940803,0.271729,0.346228,0.313004,0.409826,0.316373,0.72283,0.16987,4.21365,0.305302,0.0229146,-0.0401137,21.0534,-0.0244747,98.8009,-0.0171992,0.319039,-0.2648741714656353,1.0224341452121735,0.77297,999,,,,,,,196,4.558139534,196,4.558139534,,,,,,,,,,,,,,,,,,,"Carter Jensen","29478",695600
"Tommy Edman","LAD",43,187,170,43,29,8,1,5,23,22,12,0,35,3,1,1,,4,1,0.256167,0.0668184,0.185329,0.360539,0.314986,0.406638,0.316722,0.721624,0.150471,5.61405,0.293232,0.0874269,0.194676,22.2567,0.0269359,99.0272,0.282103,0.836812,0.061590343713760376,1.4034790992736816,0.763836,730.1199951171875,,,,,,,196.5,4.569767441,196.5,4.569767441,,,,,,,,,,,,,,,,,,,"Tommy Edman","19470",669242
"Rafael Devers","SFG",52,224,195,48,27,11,0,10,29,30,26,3,57,2,1,0,,0,0,0.246253,0.116141,0.254372,0.456579,0.338233,0.460839,0.343621,0.799073,0.214587,2.47975,0.293635,-0.191211,-0.28384,31.5946,4.91888,118.845,-0.475051,0.0551558,4.651059538125992,-4.461510568857193,0.757582,61.619998931884766,,,,,,,283.7,5.45576923,283.7,5.45576923,,,,,,,,,,,,,,,,,,,"Rafael Devers","17350",646240
"Sam Antonacci","CHW",43,188,160,42,30,7,1,3,26,19,16,0,31,8,1,2,,8,2,0.261059,0.0871979,0.164519,0.530019,0.357237,0.379869,0.331506,0.737106,0.11881,6.68425,0.304934,0.0451786,0.387008,24.6365,2.27809,112.126,0.432186,-0.661942,3.0889536142349243,-2.367960810661316,0.753014,999,,,,,,,211,4.906976744,211,4.906976744,,,,,,,,,,,,,,,,,,,"Sam Antonacci","35101",803011
"Luke Keaschall","MIN",41,179,155,40,29,8,1,3,22,18,18,0,29,4,2,0,,7,2,0.261915,0.0986795,0.159621,0.618213,0.351091,0.37767,0.326453,0.728761,0.115755,5.34816,0.30132,0.119855,0.273384,22.7082,1.43549,108.105,0.393239,-0.658011,2.0827659368515015,-1.050603449344635,0.751543,114.8499984741211,,,,,,,199.8,4.873170731,199.8,4.873170731,,,,,,,,,,,,,,,,,,,"Luke Keaschall","33321",807712
"Evan Carter","TEX",37,159,137,31,20,6,1,4,19,17,18,0,37,2,1,1,,7,2,0.228327,0.11393,0.232447,0.490131,0.327023,0.383051,0.316295,0.710074,0.154723,6.54464,0.279624,0.116714,0.459197,18.8633,-0.0320133,103.248,0.575911,-0.00576788,1.1772913336753845,0.5608987845480442,0.750827,280.4800109863281,,,,,,,165,4.459459459,165,4.459459459,,,,,,,,,,,,,,,,,,,"Evan Carter","27790",694497
"Austin Riley","ATL",49,212,191,46,29,9,1,8,25,27,17,0,59,3,1,0,,2,1,0.243375,0.0790894,0.279129,0.283344,0.312959,0.425678,0.322636,0.738636,0.182303,3.87885,0.306601,-0.020488,-0.126048,26.3355,1.04906,102.013,-0.146536,-0.635487,0.3724624812602997,0.12284606695175171,0.750124,59.36000061035156,,,,,,,234.6,4.787755102,234.6,4.787755102,,,,,,,,,,,,,,,,,,,"Austin Riley","18360",663586
"Oneil Cruz","PIT",34,149,130,31,18,6,1,7,21,19,16,1,47,1,1,0,,9,2,0.239998,0.109554,0.315652,0.34707,0.32856,0.444605,0.335361,0.773166,0.204607,6.59416,0.318978,0.0976919,0.812352,19.9989,2.2717,109.122,0.910044,-0.500703,2.558951735496521,-0.09993153810501099,0.739977,92.93000030517578,,,,,,,195,5.735294117,195,5.735294117,,,,,,,,,,,,,,,,,,,"Oneil Cruz","21711",665833
"Josh Jung","TEX",38,163,150,39,26,8,0,5,18,19,11,0,37,2,1,0,,1,0,0.262683,0.065472,0.225174,0.290762,0.316353,0.419629,0.321732,0.735982,0.156946,3.32422,0.315365,-0.233661,-0.191107,20.1383,0.687205,107.026,-0.424767,-0.0339622,0.9144600927829742,0.5493711233139038,0.739912,610.5,,,,,,,179.5,4.72368421,179.5,4.72368421,,,,,,,,,,,,,,,,,,,"Josh Jung","26299",673962
"Nick Gonzales","PIT",46,199,182,50,36,10,1,3,23,21,13,0,39,3,1,0,,2,1,0.27627,0.0643315,0.193586,0.332315,0.330808,0.400253,0.322331,0.731061,0.123983,4.12756,0.331761,0.0859637,-0.345367,24.6624,0.935187,100.42,-0.259403,0.229578,-0.1577933058142662,0.9575097411870956,0.737829,999,,,,,,,209.9,4.563043478,209.9,4.563043478,,,,,,,,,,,,,,,,,,,"Nick Gonzales","27490",693304
"Alec Burleson","STL",49,210,191,53,35,10,1,8,25,29,16,0,31,2,1,0,,2,0,0.27762,0.075863,0.148286,0.511598,0.336373,0.4537,0.343188,0.790073,0.176079,3.40067,0.295892,-0.213796,-0.121546,29.5462,4.5377,118.315,-0.335342,-0.0801091,4.335080176591873,-3.9301090016961098,0.733274,175.19000244140625,,,,,,,273.5,5.581632653,273.5,5.581632653,,,,,,,,,,,,,,,,,,,"Alec Burleson","27615",676475
"Cody Bellinger","NYY",28,121,108,28,18,5,1,4,16,17,12,0,19,1,1,0,,3,1,0.262955,0.0957297,0.153806,0.622407,0.335413,0.443711,0.339157,0.779124,0.180756,4.79659,0.280277,0.0565013,-0.0344792,16.6745,2.22514,118.853,0.0220221,1.30594,2.6915713604539633,0.0892707109451294,0.721331,80.98999786376953,,,,,,,148.5,5.303571428,148.5,5.303571428,,,,,,,,,,,,,,,,,,,"Cody Bellinger","15998",641355
"Francisco Alvarez","NYM",33,133,117,28,17,5,0,6,15,17,13,0,35,2,1,0,,0,0,0.238021,0.0951732,0.261291,0.364242,0.318673,0.437097,0.329476,0.75577,0.199077,2.44471,0.282146,-0.0478051,-0.140795,17.2197,1.39372,110.291,-0.1886,-1.13285,1.4721572995185852,0.9527955055236816,0.720809,165.25,,,,,,,155.7,4.718181818,155.7,4.718181818,,,,,,,,,,,,,,,,,,,"Francisco Alvarez","26121",682626
"Nolan Arenado","ARI",47,202,182,45,30,9,0,6,22,25,16,1,34,2,1,0,,1,0,0.249921,0.0781843,0.170518,0.458511,0.315205,0.405286,0.314737,0.720491,0.155365,2.96858,0.275762,-0.0915018,-0.153418,23.7046,-0.295314,96.2326,-0.24492,1.04765,-1.1669013053178787,1.7019718289375305,0.718547,638.0599975585938,,,,,,,208.4,4.434042553,208.4,4.434042553,,,,,,,,,,,,,,,,,,,"Nolan Arenado","9777",571448
"Jackson Holliday","BAL",40,172,150,37,25,6,1,5,21,18,19,0,39,1,1,0,,4,2,0.244922,0.10963,0.224454,0.48843,0.331524,0.391399,0.320111,0.722923,0.146477,4.91825,0.297187,-0.00127728,-0.131658,20.9515,0.496976,105.94,-0.132936,-0.823505,1.0576504468917847,-0.17736351490020752,0.711265,203.14999389648438,,,,,,,189.3,4.7325,189.3,4.7325,,,,,,,,,,,,,,,,,,,"Jackson Holliday","31781",702616
"Joe Mack","MIA",38,149,134,31,20,6,0,5,17,19,11,0,39,2,1,1,,1,0,0.227892,0.07465,0.264093,0.282666,0.292354,0.390893,0.299757,0.683247,0.163,3.38609,0.279276,-0.00158287,-0.108862,15.6801,-2.02381,85.8776,-0.110445,1.01856,-2.6598808467388153,3.922105312347412,0.707274,999,,,,,,,144.9,3.813157894,144.9,3.813157894,,,,,,,,,,,,,,,,,,,"Joe Mack","29780",691788
"Jung Hoo Lee","SFG",49,210,193,53,37,11,2,3,24,22,13,0,22,2,1,0,,3,1,0.27759,0.0633614,0.103897,0.609846,0.328899,0.409162,0.323523,0.738062,0.131572,5.15753,0.29671,0.219133,-0.16055,26.1971,1.18856,105.423,0.0585836,0.550783,1.441422414034605,-1.3992170095443726,0.696496,339.44000244140625,,,,,,,223.2,4.55510204,223.2,4.55510204,,,,,,,,,,,,,,,,,,,"Jung Hoo Lee","33824",808982
"Kody Clemens","MIN",38,165,150,35,19,7,2,7,20,22,11,0,39,2,1,0,,3,1,0.232215,0.0675142,0.234094,0.288406,0.29172,0.442767,0.316398,0.734487,0.210552,5.60783,0.2634,0.0489699,0.0212161,19.6168,-0.0195197,101.117,0.0701859,0.52463,0.28516077995300293,0.6882102489471436,0.695821,700.7000122070312,,,,,,,185.4,4.878947368,185.4,4.878947368,,,,,,,,,,,,,,,,,,,"Kody Clemens","20572",665019
"Brandon Lowe","PIT",43,186,166,40,23,8,0,8,24,24,16,0,49,1,2,0,,1,0,0.242162,0.0875798,0.263958,0.331794,0.312194,0.444226,0.328129,0.75642,0.202065,3.29199,0.289968,-0.0800598,-0.16017,23.8337,1.74287,104.292,-0.24023,-0.341016,0.7265537530183792,0.05975577235221863,0.691176,187.57000732421875,,,,,,,209.3,4.86744186,209.3,4.86744186,,,,,,,,,,,,,,,,,,,"Brandon Lowe","18882",664040
"Ozzie Albies","ATL",50,215,194,50,32,10,0,7,27,26,16,0,32,2,2,0,,3,1,0.25495,0.0731999,0.150686,0.485776,0.314608,0.417541,0.319292,0.732149,0.162591,3.93813,0.271065,0.0870082,-0.233552,26.0428,0.478543,99.78,-0.146543,-0.842425,-0.20388776436448097,-0.07575815916061401,0.679249,150.5,,,,,,,237.7,4.754,237.7,4.754,,,,,,,,,,,,,,,,,,,"Ozzie Albies","16556",645277
"Garrett Mitchell","MIL",39,168,147,36,22,8,1,4,20,20,18,0,53,1,1,1,,5,2,0.242763,0.107911,0.316592,0.340852,0.330135,0.398859,0.322274,0.728995,0.156097,5.86982,0.347974,0.107233,0.00217819,20.7876,0.780741,102.977,0.109411,-0.0836222,0.7167052403092384,0.5163778066635132,0.678786,691.1699829101562,,,,,,,182,4.666666666,182,4.666666666,,,,,,,,,,,,,,,,,,,"Garrett Mitchell","27555",669003
"Hunter Goodman","COL",47,190,174,43,23,9,1,11,25,29,14,1,54,2,1,0,,2,1,0.248968,0.0709669,0.283018,0.25075,0.308293,0.48962,0.341329,0.797913,0.240652,3.93218,0.295991,-0.116799,-0.251363,26.5116,3.82851,101.529,-0.368163,-1.17342,-0.01441127061843872,0.4051327705383301,0.67462,67.36000061035156,,,,,,,251,5.340425531,251,5.340425531,,,,,,,,,,,,,,,,,,,"Hunter Goodman","29715",696100
"Jose Altuve","HOU",46,200,180,46,31,8,0,7,25,22,17,1,38,2,1,0,,3,1,0.254142,0.0838284,0.188201,0.445419,0.321255,0.413497,0.321252,0.734752,0.159355,4.08852,0.286205,-0.111886,-0.142893,24.5784,0.763658,105.848,-0.25478,-1.50177,1.1099898517131805,-1.6221387386322021,0.672281,116.5199966430664,,,,,,,226.5,4.923913043,226.5,4.923913043,,,,,,,,,,,,,,,,,,,"Jose Altuve","5417",514888
"Sal Stewart","CIN",49,214,191,49,30,11,0,9,28,31,20,1,44,2,2,0,,5,1,0.257727,0.0915098,0.204236,0.448058,0.329861,0.45263,0.339464,0.782492,0.194903,4.08957,0.288363,-0.122156,0.162436,29.4474,3.97575,108.914,0.0402799,0.684892,2.355548210442066,-2.72714501619339,0.667363,161.8699951171875,,,,,,,272.6,5.563265306,272.6,5.563265306,,,,,,,,,,,,,,,,,,,"Sal Stewart","31505",701398
"Jarren Duran","BOS",47,202,182,43,26,10,2,6,25,23,16,0,51,2,2,1,,7,2,0.239117,0.0771186,0.254577,0.302928,0.304955,0.412395,0.312775,0.717349,0.173278,7.1778,0.299485,0.522967,0.521718,23.4392,-0.61734,95.1002,1.04468,1.54773,-0.11040270328521729,-0.6505684852600098,0.65441,64.04000091552734,,,,,,,217.3,4.623404255,217.3,4.623404255,,,,,,,,,,,,,,,,,,,"Jarren Duran","24617",680776
"Luis Robert Jr.","NYM",43,185,167,39,24,7,0,7,22,24,15,1,50,2,1,0,,8,2,0.232909,0.08248,0.269702,0.305819,0.302157,0.402093,0.307595,0.70425,0.169183,5.00287,0.288077,-0.191599,0.331756,20.7447,-1.34618,95.6786,0.140157,0.600155,-0.8332755863666534,1.1972230076789856,0.648357,105.63999938964844,,,,,,,198.1,4.606976744,198.1,4.606976744,,,,,,,,,,,,,,,,,,,"Luis Robert Jr.","20043",673357
"Jac Caglianone","KCR",45,192,174,44,27,8,1,8,24,25,15,0,46,2,1,0,,1,0,0.254813,0.0756085,0.24065,0.314185,0.319124,0.455578,0.335697,0.774703,0.200765,3.96306,0.298348,0.0670501,-0.142151,25.8972,2.98811,112.23,-0.075101,-0.687011,2.670415088534355,-3.189788818359375,0.644007,164.58999633789062,,,,,,,229.4,5.097777777,229.4,5.097777777,,,,,,,,,,,,,,,,,,,"Jac Caglianone","35041",695506
"Ezequiel Duran","TEX",42,182,168,42,28,9,1,5,21,21,11,0,43,2,2,0,,4,1,0.253159,0.0593849,0.233641,0.254171,0.302385,0.404766,0.308796,0.707151,0.151607,5.18955,0.309007,-0.0780424,0.102705,20.5306,-1.1435,98.0369,0.0246622,-0.165198,-0.392295740544796,0.23480239510536194,0.64314,999,,,,,,,189.8,4.519047619,189.8,4.519047619,,,,,,,,,,,,,,,,,,,"Ezequiel Duran","23733",677649
"Brendan Donovan","SEA",30,128,112,30,21,6,0,3,15,13,12,0,19,3,1,0,,1,1,0.264952,0.0947933,0.147519,0.642582,0.348328,0.396917,0.330818,0.745245,0.131964,3.41394,0.295234,-0.0390552,-0.229191,16.7573,1.48457,118.558,-0.268246,-0.238243,2.5092042088508606,-0.8434901684522629,0.633315,268.5799865722656,,,,,,,145.7,4.856666666,145.7,4.856666666,,,,,,,,,,,,,,,,,,,"Brendan Donovan","24679",680977
"Colt Keith","DET",40,172,155,40,27,8,1,5,21,20,14,0,35,1,1,0,,1,0,0.259586,0.0817935,0.20474,0.399499,0.324013,0.418404,0.324941,0.742417,0.158818,4.37005,0.304542,0.237976,-0.123418,21.6242,1.16966,107.57,0.114558,0.124143,1.6319583505392075,-1.617986522614956,0.623437,502.489990234375,,,,,,,191.8,4.795,191.8,4.795,,,,,,,,,,,,,,,,,,,"Colt Keith","27899",690993
"Nathan Lukes","TOR",35,151,136,37,27,7,0,3,17,16,12,0,23,2,1,1,,1,1,0.271289,0.0766604,0.15473,0.495447,0.333957,0.396913,0.322817,0.730871,0.125624,3.42797,0.305989,-0.0174864,-0.292318,18.769,0.769014,106.964,-0.309804,1.301,0.918638288974762,-0.1875826120376587,0.621493,999,,,,,,,160.8,4.594285714,160.8,4.594285714,,,,,,,,,,,,,,,,,,,"Nathan Lukes","18123",664770
"Lars Nootbaar","STL",39,170,146,36,23,7,1,5,21,18,22,1,35,1,1,0,,2,1,0.244784,0.128053,0.204885,0.625002,0.344436,0.403148,0.330804,0.747584,0.158364,3.9172,0.287218,0.108691,-0.263775,22.2545,1.96984,110.044,-0.155084,0.490927,1.922413632273674,-1.3340729773044586,0.621113,745.989990234375,,,,,,,198.6,5.092307692,198.6,5.092307692,,,,,,,,,,,,,,,,,,,"Lars Nootbaar","21454",663457
"Colt Emerson","SEA",45,195,174,38,25,7,1,4,21,20,15,1,51,3,1,1,,4,1,0.218972,0.0793623,0.259755,0.305528,0.291556,0.349582,0.284568,0.641137,0.130609,5.2417,0.279647,0.0351381,-0.0540282,18.1338,-5.04792,86.4175,-0.0188901,0.087584,-3.1044001560658216,2.140516258776188,0.607236,999,,,,,,,161.2,3.582222222,161.2,3.582222222,,,,,,,,,,,,,,,,,,,"Colt Emerson","33575",806068
"Christian Walker","HOU",48,209,186,43,24,8,0,10,25,29,18,1,53,3,1,0,,1,0,0.22893,0.0865254,0.254166,0.340429,0.306597,0.432029,0.320991,0.738626,0.203099,2.8077,0.265302,-0.186348,-0.213504,25.6386,0.753584,105.666,-0.399852,1.24215,0.981860488653183,-2.4893277883529663,0.603922,212.94000244140625,,,,,,,236.9,4.935416666,236.9,4.935416666,,,,,,,,,,,,,,,,,,,"Christian Walker","13419",572233
"Jasson Domínguez","NYY",44,189,171,43,28,8,0,6,24,22,16,0,44,1,1,0,,8,2,0.251746,0.0833345,0.23078,0.361099,0.317773,0.413004,0.320135,0.730778,0.161258,5.46538,0.30115,0.0120298,0.69573,23.0581,0.550427,105.634,0.707759,-0.5323,1.950439453125,-2.7573002576828003,0.602656,421.5400085449219,,,,,,,210,4.772727272,210,4.772727272,,,,,,,,,,,,,,,,,,,"Jasson Dominguez","28080",691176
"Carson Kelly","CHC",33,131,115,28,19,5,0,4,15,16,13,0,25,2,1,0,,0,0,0.241844,0.0999643,0.19032,0.525245,0.325426,0.382876,0.315555,0.708302,0.141032,2.83225,0.276537,-0.202341,-0.166424,15.4877,-0.104932,99.5106,-0.368765,0.387666,-0.44658101350069046,2.5293326675891876,0.602218,591.9099731445312,,,,,,,138.9,4.209090909,138.9,4.209090909,,,,,,,,,,,,,,,,,,,"Carson Kelly","13620",608348
"Henry Bolte","ATH",37,161,144,35,24,7,1,4,18,18,13,0,51,3,1,0,,8,2,0.244663,0.0779642,0.317581,0.245494,0.316742,0.377296,0.308282,0.694038,0.132633,6.22067,0.350559,0.0166909,0.463955,18.0945,-1.07866,93.3792,0.480646,0.398665,-0.7633114755153656,0.9403321743011475,0.601003,999,,,,,,,173.2,4.681081081,173.2,4.681081081,,,,,,,,,,,,,,,,,,,"Henry Bolte","31448",703607
"Zack Gelof","ATH",33,142,128,31,19,6,0,5,18,17,12,0,42,1,1,1,,4,1,0.239653,0.0828426,0.292135,0.283576,0.308444,0.418145,0.318012,0.726589,0.178492,5.40372,0.310257,0.0838669,0.277537,17.1198,0.16953,100.141,0.361404,0.345975,0.3847997672855854,0.4543078988790512,0.600525,999,,,,,,,153.8,4.66060606,153.8,4.66060606,,,,,,,,,,,,,,,,,,,"Zack Gelof","29766",680869
"Dominic Canzone","SEA",37,160,145,37,22,7,0,7,20,22,12,1,35,1,1,0,,1,1,0.25208,0.0771258,0.219477,0.351407,0.314417,0.454893,0.332178,0.76931,0.202813,3.30038,0.28274,-0.109594,-0.185189,21.1234,2.03256,119.503,-0.294783,-0.0847026,3.3538814187049866,-3.176369346678257,0.598549,477.1600036621094,,,,,,,186.4,5.037837837,186.4,5.037837837,,,,,,,,,,,,,,,,,,,"Dominic Canzone","26438",686527
"Joey Ortiz","MIL",39,168,151,37,25,8,1,3,19,18,13,0,30,1,1,1,,4,2,0.245817,0.0801208,0.176403,0.454193,0.310584,0.378043,0.304415,0.688627,0.132225,5.47248,0.282898,0.0931146,0.0132449,18.3544,-1.65246,91.0498,0.106359,1.24579,-1.7195463329553604,2.0791218876838684,0.590229,743.4400024414062,,,,,,,157.3,4.033333333,157.3,4.033333333,,,,,,,,,,,,,,,,,,,"Joey Ortiz","25493",687401
"Colton Cowser","BAL",34,147,128,29,18,5,0,5,17,17,15,0,45,2,1,0,,4,1,0.225598,0.105745,0.306329,0.345202,0.315857,0.388945,0.312251,0.704802,0.163347,4.66354,0.301067,0.0741213,0.149085,16.9443,-0.510179,100.478,0.223206,-0.137511,0.3049071654677391,0.2550817131996155,0.587563,251.72000122070312,,,,,,,151.7,4.461764705,151.7,4.461764705,,,,,,,,,,,,,,,,,,,"Colton Cowser","29591",681297
"Jeff McNeil","ATH",37,159,142,38,26,8,1,3,17,17,13,1,19,3,1,1,,1,0,0.265106,0.0789387,0.12009,0.657332,0.334224,0.395984,0.321937,0.730208,0.130878,3.70839,0.285088,-0.249292,-0.140956,19.5893,0.693946,102.868,-0.390248,-0.415793,0.14079394936561584,-0.08245933055877686,0.58052,440.5199890136719,,,,,,,177.8,4.805405405,177.8,4.805405405,,,,,,,,,,,,,,,,,,,"Jeff McNeil","15362",643446
"Bryan Reynolds","PIT",48,206,180,46,29,10,1,6,25,25,22,1,50,3,1,0,,2,1,0.254519,0.105793,0.243581,0.434321,0.342378,0.42231,0.335863,0.764688,0.167791,4.20082,0.316762,-0.000565305,-0.10217,27.7747,3.22932,109.457,-0.102735,-0.908463,2.2642646357417107,-3.247660517692566,0.5797,204.72000122070312,,,,,,,244.7,5.097916666,244.7,5.097916666,,,,,,,,,,,,,,,,,,,"Bryan Reynolds","19326",668804
"Dalton Rushing","LAD",32,126,110,26,15,5,0,5,16,16,13,0,35,2,1,0,,0,0,0.232546,0.0998707,0.277216,0.360263,0.322119,0.417476,0.32535,0.739595,0.184931,2.95626,0.290809,-0.00451844,-0.130182,15.9639,0.903229,104.79,-0.134701,-0.226619,0.6008826196193695,1.9650471955537796,0.578571,745.8300170898438,,,,,,,142.1,4.440625,142.1,4.440625,,,,,,,,,,,,,,,,,,,"Dalton Rushing","31382",687221
"J.T. Realmuto","PHI",41,164,147,36,24,7,1,4,18,18,12,0,38,3,1,0,,2,0,0.243461,0.0705033,0.229597,0.307074,0.309874,0.391457,0.308953,0.701331,0.147996,4.20819,0.295,-0.0741089,-0.00864591,18.4662,-1.00651,91.7542,-0.0827548,0.247874,-1.7200467437505722,3.33954057097435,0.573987,212.27000427246094,,,,,,,167,4.073170731,167,4.073170731,,,,,,,,,,,,,,,,,,,"J.T. Realmuto","11739",592663
"Brooks Lee","MIN",47,202,185,45,30,8,1,6,22,23,14,0,34,1,1,0,,3,1,0.244395,0.0679183,0.166699,0.407432,0.299084,0.397579,0.30477,0.696664,0.153184,4.27506,0.267161,-0.13695,-0.199174,22.0757,-1.92427,93.0367,-0.336123,-0.480989,-1.9737863838672638,0.40234482288360596,0.570521,542.5700073242188,,,,,,,200.2,4.259574468,200.2,4.259574468,,,,,,,,,,,,,,,,,,,"Brooks Lee","31595",686797
"Brandon Marsh","PHI",42,181,163,43,28,8,1,6,22,21,16,1,50,1,1,0,,4,1,0.26225,0.0859335,0.275671,0.311725,0.327883,0.424397,0.327799,0.75228,0.162147,5.11585,0.341845,0.118014,0.0342999,23.1969,1.65145,104.34,0.152314,0.266423,1.1058362424373627,-1.5411384999752045,0.552229,609.72998046875,,,,,,,218.9,5.211904761,218.9,5.211904761,,,,,,,,,,,,,,,,,,,"Brandon Marsh","20202",669016
"Jake Burger","TEX",49,212,195,47,27,9,0,10,24,31,13,0,55,3,1,0,,1,0,0.239742,0.062597,0.257321,0.243264,0.295698,0.443896,0.319853,0.739594,0.204154,2.54366,0.278364,-0.0490159,-0.21407,25.8562,0.569794,105.72,-0.263086,0.482017,1.1543379724025726,-3.3763164281845093,0.543689,236.72000122070312,,,,,,,238.2,4.861224489,238.2,4.861224489,,,,,,,,,,,,,,,,,,,"Jake Burger","22275",669394
"Nolan Schanuel","LAA",41,176,153,41,30,8,0,4,20,18,19,0,25,3,1,0,,1,0,0.268395,0.105456,0.139041,0.758455,0.355673,0.395478,0.334576,0.751151,0.127082,3.03651,0.295783,-0.243035,-0.177649,23.5787,2.57872,113.322,-0.420684,-0.0631827,2.32079017162323,-3.2775343507528305,0.541611,594.6599731445312,,,,,,,205.3,5.007317073,205.3,5.007317073,,,,,,,,,,,,,,,,,,,"Nolan Schanuel","33189",694384
"Will Smith","LAD",22,88,75,19,12,3,0,3,11,11,10,0,17,1,1,0,,0,0,0.253592,0.116666,0.190785,0.611506,0.35066,0.430308,0.343092,0.780968,0.176716,3.13836,0.284509,-0.15545,-0.124347,12.3557,1.89178,116.638,-0.279796,-0.0230469,1.4955063164234161,1.4852863773703575,0.535802,95.69000244140625,,,,,,,101.3,4.604545454,101.3,4.604545454,,,,,,,,,,,,,,,,,,,"Will Smith","19197",669257
"Joc Pederson","TEX",34,147,126,30,18,5,1,7,19,18,17,1,34,3,1,0,,1,0,0.238362,0.113122,0.233517,0.484428,0.336505,0.455655,0.344689,0.792161,0.217294,3.83334,0.26747,-0.0990648,-0.136451,20.8613,3.35533,122.98,-0.235516,0,3.7066362351179123,-3.674999952316284,0.535563,999,,,,,,,189.9,5.585294117,189.9,5.585294117,,,,,,,,,,,,,,,,,,,"Joc Pederson","11899",592626
"George Springer","TOR",38,165,145,36,23,6,0,6,22,20,17,0,32,2,1,0,,3,1,0.250333,0.103501,0.191731,0.539823,0.334622,0.42999,0.335482,0.764612,0.179657,4.81174,0.278319,0.0550138,0.125367,22.1687,2.5324,115.765,0.18038,-0.00442436,3.2139774709939957,-3.8649180219508708,0.531146,94.37999725341797,,,,,,,190.3,5.007894736,190.3,5.007894736,,,,,,,,,,,,,,,,,,,"George Springer","12856",543807
"Cooper Pratt","MIL",43,184,162,37,27,6,1,3,21,18,17,0,37,2,2,1,,7,2,0.23012,0.0943139,0.202435,0.465897,0.309913,0.338513,0.291166,0.648426,0.108393,5.94442,0.277867,0.0265091,0.419972,18.1582,-3.79369,82.2017,0.446481,0.749839,-3.537516325712204,2.724838674068451,0.525222,999,,,,,,,161.2,3.748837209,161.2,3.748837209,,,,,,,,,,,,,,,,,,,"Cooper Pratt","33530",806198
"Marcus Semien","NYM",40,172,154,36,24,6,1,5,20,19,15,0,32,1,1,0,,3,1,0.231093,0.0871597,0.185825,0.469042,0.30153,0.38092,0.301104,0.682449,0.149826,4.47381,0.256163,0.0809733,-0.00684101,18.3039,-2.15064,91.3435,0.0741323,0.71357,-1.7313735634088516,1.3269954919815063,0.525169,266.25,,,,,,,168.6,4.215,168.6,4.215,,,,,,,,,,,,,,,,,,,"Marcus Semien","12533",543760
"Jake Cronenworth","SDP",45,194,167,39,26,8,1,4,22,19,21,0,39,4,1,1,,2,1,0.231955,0.109451,0.20154,0.543071,0.330685,0.36366,0.312243,0.694345,0.131705,4.10147,0.276193,0.0367869,-0.164316,22.3879,-0.675517,99.2128,-0.127529,-0.94898,-0.31265462934970856,-0.8239798843860626,0.523144,738.2999877929688,,,,,,,193.9,4.308888888,193.9,4.308888888,,,,,,,,,,,,,,,,,,,"Jake Cronenworth","18036",630105
"Cedric Mullins","TBR",40,173,154,34,21,6,1,5,20,19,16,0,39,2,1,1,,8,2,0.219384,0.0893977,0.222616,0.401579,0.296334,0.37726,0.297975,0.673594,0.157876,5.82134,0.254663,-0.106247,0.388516,18.0478,-2.61255,88.1881,0.282269,0.4094,-2.10917267203331,1.0289984941482544,0.518769,321.5,,,,,,,170.1,4.2525,170.1,4.2525,,,,,,,,,,,,,,,,,,,"Cedric Mullins","17929",656775
"Ty France","SDP",45,196,176,45,30,8,0,6,21,24,12,0,39,7,1,0,,1,0,0.256535,0.0601131,0.199393,0.30148,0.32427,0.417721,0.325625,0.741992,0.161187,2.79734,0.294157,-0.137023,-0.243985,24.7848,1.44347,108.15,-0.381008,0.726339,1.558761715888977,-2.823660731315613,0.517832,999,,,,,,,214.5,4.766666666,214.5,4.766666666,,,,,,,,,,,,,,,,,,,"Ty France","17982",664034
"Spencer Horwitz","PIT",33,144,124,33,22,7,0,4,18,16,17,0,24,2,1,0,,1,0,0.26818,0.117094,0.16842,0.69525,0.361279,0.425779,0.347786,0.787058,0.157599,2.89142,0.30338,-0.135738,-0.19524,20.8373,3.65557,117.42,-0.330978,0.278113,2.720963031053543,-2.3309923708438873,0.515115,738.1500244140625,,,,,,,177.6,5.381818181,177.6,5.381818181,,,,,,,,,,,,,,,,,,,"Spencer Horwitz","26477",687462
"Teoscar Hernández","LAD",48,205,187,48,30,9,0,9,26,30,15,0,55,2,2,0,,2,1,0.255978,0.0713631,0.267908,0.266371,0.314209,0.447547,0.329899,0.761756,0.191569,3.68602,0.314044,-0.194393,-0.121833,26.6767,2.2239,107.827,-0.316225,-1.0386,1.6354855597019196,-3.271934747695923,0.510929,125.41999816894531,,,,,,,244.5,5.09375,244.5,5.09375,,,,,,,,,,,,,,,,,,,"Teoscar Hernandez","13066",606192
"Jacob Young","WSN",40,172,155,38,28,7,1,3,20,16,12,0,31,3,1,2,,8,2,0.244639,0.0691134,0.177978,0.388325,0.307319,0.347026,0.292387,0.654346,0.102388,6.01178,0.288136,0.256338,0.327022,17.0897,-3.3648,82.2948,0.583359,1.94845,-3.1094706654548645,2.561872661113739,0.510649,746.0700073242188,,,,,,,166.6,4.165,166.6,4.165,,,,,,,,,,,,,,,,,,,"Jacob Young","29931",696285
"Kyle Stowers","MIA",47,204,180,43,24,9,1,8,24,27,19,1,61,3,1,0,,1,0,0.237444,0.0935815,0.298538,0.313466,0.319188,0.443815,0.330922,0.763003,0.206371,4.11497,0.306248,0.103103,-0.222112,26.6493,2.37658,106.69,-0.119009,0.045051,1.536912940442562,-3.1856590397655964,0.504697,164.42999267578125,,,,,,,235.7,5.014893617,235.7,5.014893617,,,,,,,,,,,,,,,,,,,"Kyle Stowers","26151",669065
"Michael Massey","KCR",38,163,151,39,25,9,0,4,17,19,8,0,29,1,1,1,,1,0,0.255806,0.0511148,0.179513,0.284742,0.297431,0.403805,0.305713,0.701236,0.147999,3.24012,0.288134,-0.0174164,-0.125035,17.9354,-1.42818,91.3929,-0.142452,0.561208,-1.7756757736206055,0.9456220269203186,0.504693,999,,,,,,,160,4.210526315,160,4.210526315,,,,,,,,,,,,,,,,,,,"Michael Massey","27684",686681
"Coby Mayo","BAL",29,124,111,25,14,5,0,5,15,17,10,0,36,1,1,0,,1,0,0.22736,0.0845979,0.288866,0.292862,0.300583,0.428718,0.317296,0.7293,0.201357,4.03786,0.282051,0.0424481,-0.0931603,14.8027,0.0754179,103.983,-0.0507122,-0.16702,0.5241047330200672,0.029275894165039062,0.503957,459.1600036621094,,,,,,,125.4,4.324137931,125.4,4.324137931,,,,,,,,,,,,,,,,,,,"Coby Mayo","28312",691723
"Royce Lewis","MIN",44,190,172,41,25,8,0,7,22,24,16,0,43,1,1,0,,5,1,0.238254,0.0830103,0.226709,0.366154,0.30423,0.421383,0.315712,0.725612,0.183128,4.64688,0.272885,-0.0276904,0.334481,22.5081,-0.128212,100.641,0.306791,0.253803,0.44889919459819794,-2.289870113134384,0.501728,193.64999389648438,,,,,,,204.3,4.643181818,204.3,4.643181818,,,,,,,,,,,,,,,,,,,"Royce Lewis","20437",668904
"Yainer Diaz","HOU",31,122,115,30,20,5,0,4,13,16,5,0,21,1,1,0,,0,0,0.263302,0.0430684,0.170177,0.25308,0.297698,0.430342,0.314657,0.728039,0.16704,2.54077,0.285554,-0.0128672,-0.176226,14.2939,-0.186083,101.264,-0.189093,-0.575445,-0.009684130549430847,1.5992459654808044,0.499569,113.04000091552734,,,,,,,123.1,3.970967741,123.1,3.970967741,,,,,,,,,,,,,,,,,,,"Yainer Diaz","23003",673237
"Luis Campusano","SDP",31,126,111,28,18,5,0,4,15,15,13,0,26,1,1,0,,0,0,0.248594,0.100527,0.208427,0.482315,0.32847,0.411923,0.326511,0.740394,0.16333,2.7833,0.287637,0.00897142,-0.133428,15.9897,1.01635,108.742,-0.124456,-0.694718,1.2102717086672783,0.72194904088974,0.495497,999,,,,,,,139.9,4.512903225,139.9,4.512903225,,,,,,,,,,,,,,,,,,,"Luis Campusano","22217",669134
"José Caballero","NYY",38,163,144,33,22,6,0,4,19,16,14,0,40,3,1,1,,14,4,0.225617,0.0849487,0.244064,0.348059,0.304344,0.349903,0.293172,0.654247,0.124285,6.26586,0.283365,0.0278182,0.927154,16.3553,-3.0958,86.897,0.954972,-0.514705,-1.5425809621810913,0.5852945446968079,0.494454,200.02999877929688,,,,,,,162.2,4.268421052,162.2,4.268421052,,,,,,,,,,,,,,,,,,,"Jose Caballero","23401",676609
"Jordan Walker","STL",50,215,194,49,31,10,0,8,26,28,17,0,55,2,1,0,,5,2,0.252602,0.0783991,0.257387,0.304596,0.316526,0.42892,0.324842,0.745446,0.176318,4.38069,0.310831,0.066558,-0.0740663,27.0089,1.44468,106.062,-0.00750824,-1.36059,1.5728446575812995,-3.7272571325302124,0.489182,511.7200012207031,,,,,,,245.5,4.91,245.5,4.91,,,,,,,,,,,,,,,,,,,"Jordan Walker","27475",691023
"Luis García Jr.","WSN",43,186,174,47,30,9,1,8,23,27,10,0,29,0,1,0,,4,1,0.270874,0.0529005,0.159021,0.332663,0.309767,0.463032,0.332762,0.772798,0.192157,4.87499,0.286822,-0.022633,-0.0447943,24.5307,2.43987,109.259,-0.0674272,0.244975,2.018170028924942,-3.2311049848794937,0.488489,261.8500061035156,,,,,,,231,5.372093023,231,5.372093023,,,,,,,,,,,,,,,,,,,"Luis Garcia Jr.","20391",671277
"Dylan Crews","WSN",42,181,163,38,25,7,1,6,22,20,14,0,41,4,1,0,,6,2,0.235418,0.074694,0.227045,0.328984,0.306013,0.391774,0.307784,0.697786,0.156356,5.78559,0.278783,0.0854314,0.296152,20.2602,-1.28517,92.5775,0.381583,1.35806,-1.24911367893219,0.1393876075744629,0.483855,282.2200012207031,,,,,,,192,4.571428571,192,4.571428571,,,,,,,,,,,,,,,,,,,"Dylan Crews","33541",686611
"Samuel Basallo","BAL",31,129,117,28,16,5,0,6,15,18,11,1,32,1,1,0,,0,0,0.23992,0.0817556,0.249849,0.32722,0.306542,0.447607,0.325299,0.754148,0.207687,2.4703,0.275423,-0.0519797,-0.164197,16.3071,0.917545,109.545,-0.216176,-0.309722,1.2232271581888199,-0.7268514931201935,0.479098,160.94000244140625,,,,,,,146.7,4.732258064,146.7,4.732258064,,,,,,,,,,,,,,,,,,,"Samuel Basallo","28824",694212
"JJ Bleday","CIN",46,200,173,40,22,8,1,9,25,27,24,1,44,1,1,0,,2,1,0.231953,0.118891,0.221762,0.536121,0.325489,0.443715,0.334998,0.769205,0.211763,3.81684,0.256548,-0.0739946,-0.242938,26.7611,2.9876,105.931,-0.316932,-0.680767,1.1208855211734772,-2.887557029724121,0.478925,748.5800170898438,,,,,,,240.5,5.228260869,240.5,5.228260869,,,,,,,,,,,,,,,,,,,"JJ Bleday","26368",668709
"Heliot Ramos","SFG",51,219,199,51,34,9,1,7,26,26,16,1,53,3,1,0,,2,1,0.256865,0.0708238,0.243139,0.291289,0.318373,0.423585,0.32348,0.741958,0.166719,4.32765,0.313499,-0.0432091,-0.243052,27.3539,1.23385,105.394,-0.286261,-0.789132,1.1505016684532166,-3.5724650025367737,0.47744,218.8000030517578,,,,,,,242.2,4.749019607,242.2,4.749019607,,,,,,,,,,,,,,,,,,,"Heliot Ramos","22515",671218
"Trevor Larnach","MIN",33,144,127,32,21,7,0,4,18,16,15,0,31,1,1,0,,1,1,0.25406,0.10568,0.217509,0.485866,0.3374,0.413511,0.330528,0.75091,0.159451,3.39643,0.303919,-0.0350058,-0.218842,18.818,1.63623,110.937,-0.253848,-0.26533,1.5875664353370667,-2.0401757657527924,0.47661,748.52001953125,,,,,,,157.2,4.763636363,157.2,4.763636363,,,,,,,,,,,,,,,,,,,"Trevor Larnach","21501",663616
"Ryan McMahon","NYY",34,147,130,27,17,5,0,5,16,16,15,0,47,1,1,0,,1,1,0.210563,0.104489,0.317401,0.329203,0.296852,0.371966,0.296254,0.668818,0.161403,2.93769,0.28223,0.0286244,-0.239369,15.0872,-2.41875,89.0391,-0.210744,1.00467,-2.091080456972122,1.5296649932861328,0.475438,732.8599853515625,,,,,,,129.8,3.817647058,129.8,3.817647058,,,,,,,,,,,,,,,,,,,"Ryan McMahon","15112",641857
"Alec Bohm","PHI",42,183,167,44,30,8,0,5,20,23,12,0,28,2,1,0,,1,0,0.26265,0.0672584,0.154139,0.436348,0.318751,0.408498,0.318573,0.727249,0.145848,2.83133,0.287543,-0.0826252,-0.199296,22.1197,0.301565,98.1787,-0.281921,-1.00643,-0.6871123313903809,-0.5974774062633514,0.473676,239.8699951171875,,,,,,,193.5,4.607142857,193.5,4.607142857,,,,,,,,,,,,,,,,,,,"Alec Bohm","21618",664761
"Isaac Collins","KCR",37,160,137,33,21,8,1,3,18,16,19,0,35,2,1,1,,4,2,0.240144,0.119931,0.216448,0.554086,0.34067,0.375961,0.320984,0.716631,0.135817,5.19841,0.298083,0.00623854,-0.124298,19.6681,0.577261,102.005,-0.118059,0.386973,0.2570425420999527,-1.330619990825653,0.471711,666.1699829101562,,,,,,,169.9,4.591891891,169.9,4.591891891,,,,,,,,,,,,,,,,,,,"Isaac Collins","25477",686555
"Lane Thomas","KCR",39,169,150,36,22,8,1,5,20,20,16,0,42,2,1,0,,5,2,0.238348,0.0942649,0.250167,0.376808,0.316916,0.408625,0.31922,0.725541,0.170278,5.16119,0.293984,0.0807538,-0.0108334,20.5496,0.367816,100.779,0.0699205,-1.19572,0.22402550280094147,-1.6373877823352814,0.470437,726.6699829101562,,,,,,,185.4,4.753846153,185.4,4.753846153,,,,,,,,,,,,,,,,,,,"Lane Thomas","16939",657041
"Jonah Heim","ATH",39,156,142,33,21,6,0,5,16,19,11,0,30,1,1,0,,1,0,0.231299,0.0721532,0.190768,0.378226,0.290018,0.387067,0.297134,0.677085,0.155768,2.56547,0.255215,-0.155162,-0.12006,16.0809,-2.44923,85.6321,-0.275222,-0.0505341,-2.884207844734192,1.9827992469072342,0.468052,999,,,,,,,145.1,3.72051282,145.1,3.72051282,,,,,,,,,,,,,,,,,,,"Jonah Heim","16930",641680
"Jakob Marsee","MIA",39,167,142,32,21,6,1,3,20,16,20,0,36,2,1,1,,9,3,0.223065,0.120272,0.21449,0.560737,0.327437,0.354734,0.308012,0.682171,0.131669,6.42049,0.27299,0.154615,0.219163,18.7523,-1.15676,91.3903,0.373778,-0.0653274,-1.3740781545639038,0.5317404642701149,0.46567,137.0800018310547,,,,,,,163.2,4.184615384,163.2,4.184615384,,,,,,,,,,,,,,,,,,,"Jakob Marsee","31370",805300
"Esmerlyn Valdez","PIT",36,156,138,34,19,7,0,7,19,23,14,0,46,2,1,0,,1,0,0.243069,0.0927683,0.298001,0.311302,0.322419,0.452783,0.337382,0.775202,0.209714,3.15279,0.309739,-0.0166852,-0.277766,21.1771,2.6317,110.471,-0.294451,-0.231481,1.6857200264930725,-2.16172793507576,0.465065,999,,,,,,,188.4,5.233333333,188.4,5.233333333,,,,,,,,,,,,,,,,,,,"Esmerlyn Valdez","29005",699013
"Lawrence Butler","ATH",40,173,153,36,22,8,1,6,21,20,17,0,44,1,1,1,,5,1,0.234851,0.0989981,0.257684,0.384184,0.311743,0.401866,0.313781,0.713609,0.167015,5.07367,0.291096,0.123458,0.156139,20.1758,-0.386794,97.2007,0.279597,0.150097,-0.2844744920730591,-1.2999024391174316,0.464679,157.22000122070312,,,,,,,194.6,4.865,194.6,4.865,,,,,,,,,,,,,,,,,,,"Lawrence Butler","22542",671732
"Matt McLain","CIN",35,150,131,30,19,6,0,5,18,16,15,0,41,2,1,1,,5,1,0.228213,0.102157,0.272178,0.375333,0.315165,0.384543,0.310897,0.699708,0.15633,5.26525,0.292928,-0.0179452,0.256133,17.1446,-0.685586,89.8361,0.238188,0.646923,-1.6097383350133896,1.283497393131256,0.460451,144.3000030517578,,,,,,,159.1,4.545714285,159.1,4.545714285,,,,,,,,,,,,,,,,,,,"Matt McLain","29695",680574
"Anthony Volpe","NYY",24,105,94,22,13,5,1,3,12,11,9,0,25,1,1,0,,4,1,0.229971,0.0835104,0.238137,0.350682,0.298257,0.3799,0.299087,0.678156,0.149928,5.78653,0.282421,0.131688,0.105973,11.0178,-1.4865,91.0074,0.237661,0.482914,-0.8642507642507553,1.5912470519542694,0.453958,641.989990234375,,,,,,,112.4,4.683333333,112.4,4.683333333,,,,,,,,,,,,,,,,,,,"Anthony Volpe","27647",683011
"Kyle Karros","COL",32,140,123,32,22,7,1,3,17,15,14,1,30,2,1,0,,1,0,0.262026,0.100629,0.217548,0.462557,0.343108,0.400122,0.328109,0.743231,0.138096,4.55568,0.324336,0.00597516,-0.057608,17.9466,1.31027,92.701,-0.0516329,0.69777,-1.2898350767791271,1.1476161479949951,0.446063,999,,,,,,,160.3,5.009375,160.3,5.009375,,,,,,,,,,,,,,,,,,,"Kyle Karros","33252",691720
"Ryan O'Hearn","PIT",43,188,168,45,30,8,0,6,23,24,17,1,38,2,1,0,,1,0,0.266344,0.0886063,0.200845,0.441168,0.337731,0.431998,0.336141,0.769729,0.165655,2.97181,0.306566,-0.240356,-0.208174,25.3482,2.9846,109.643,-0.44853,-0.213081,1.7504023015499115,-3.4846859127283096,0.443183,285.44000244140625,,,,,,,222.5,5.174418604,222.5,5.174418604,,,,,,,,,,,,,,,,,,,"Ryan O'Hearn","16442",656811
"Spencer Torkelson","DET",48,206,180,40,22,9,0,9,25,27,22,1,57,2,1,0,,1,0,0.224406,0.107146,0.278681,0.384477,0.315044,0.428777,0.324602,0.743821,0.204371,2.37404,0.272409,0.0203372,-0.233346,25.8924,1.34702,107.335,-0.213009,-0.837348,1.55130136013031,-4.550620019435883,0.442347,188.35000610351562,,,,,,,228.6,4.7625,228.6,4.7625,,,,,,,,,,,,,,,,,,,"Spencer Torkelson","27465",679529
"Justin Crawford","PHI",41,176,161,44,33,7,1,2,22,17,12,0,35,1,1,1,,8,2,0.271211,0.0665909,0.200223,0.332584,0.322995,0.371383,0.307747,0.694378,0.100172,6.31369,0.333197,0.00760352,0.50284,19.7419,-1.25801,90.9484,0.510444,-0.573267,-1.4278178811073303,0.05651646852493286,0.442238,999,,,,,,,178.8,4.360975609,178.8,4.360975609,,,,,,,,,,,,,,,,,,,"Justin Crawford","31791",702222
"Luis Torrens","NYM",22,86,78,18,12,4,0,2,9,9,6,0,19,1,0,0,,0,0,0.234983,0.0663779,0.216341,0.306821,0.293798,0.363875,0.291128,0.657673,0.128892,2.87392,0.283631,-0.0141105,-0.112473,8.45394,-1.76942,84.6814,-0.126583,0.920344,-1.7235013395547867,2.597041130065918,0.441371,999,,,,,,,74.2,3.372727272,74.2,3.372727272,,,,,,,,,,,,,,,,,,,"Luis Torrens","15905",620443
"Endy Rodríguez","PIT",28,109,97,23,15,5,0,3,13,12,11,0,24,1,1,0,,1,0,0.239095,0.0995487,0.221111,0.450221,0.318524,0.388156,0.313033,0.70668,0.149061,4.16206,0.28953,-0.038213,-0.110612,12.6791,-0.310528,94.2102,-0.148825,-0.120481,-0.9156994521617889,1.924272395670414,0.434101,999,,,,,,,112.4,4.014285714,112.4,4.014285714,,,,,,,,,,,,,,,,,,,"Endy Rodriguez","25332",682848
"Jake Bauers","MIL",31,135,116,27,16,5,0,6,18,19,17,1,38,1,1,0,,3,1,0.235892,0.128045,0.282637,0.453037,0.339201,0.446131,0.342174,0.785332,0.210239,5.01296,0.294223,-0.11756,0.143302,18.9296,2.81299,116.267,0.0257423,-0.786777,2.699013751000166,-2.8867770433425903,0.42706,999,,,,,,,163,5.258064516,163,5.258064516,,,,,,,,,,,,,,,,,,,"Jake Bauers","15194",641343
"Carson Benge","NYM",41,179,160,40,28,7,1,5,22,20,15,0,39,2,1,0,,5,1,0.252304,0.0843069,0.216039,0.39024,0.32336,0.397378,0.317818,0.720738,0.145073,5.6659,0.303371,0.0631182,0.19351,21.4572,0.18454,102.505,0.256628,-0.572777,0.8001091182231903,-2.4212340712547302,0.42446,999,,,,,,,194.7,4.748780487,194.7,4.748780487,,,,,,,,,,,,,,,,,,,"Carson Benge","35177",701807
"Dylan Beavers","BAL",30,131,113,28,18,6,1,3,16,14,15,0,29,1,1,1,,4,1,0.244942,0.113071,0.225983,0.500352,0.33435,0.393419,0.32301,0.727769,0.148476,5.09857,0.299917,0.0430228,-0.0292608,16.23,0.684597,107.954,0.013762,-0.405165,1.2255019256845117,-1.705627679824829,0.424059,505.0400085449219,,,,,,,147.9,4.93,147.9,4.93,,,,,,,,,,,,,,,,,,,"Dylan Beavers","31695",687637
"Jesús Sánchez","TOR",31,133,120,30,19,6,0,5,15,17,10,0,31,1,1,0,,2,1,0.251266,0.0771126,0.234339,0.329065,0.31422,0.427756,0.322625,0.741976,0.17649,4.36536,0.298722,-0.0274116,0.0034541,16.4733,0.655123,106.831,-0.0239575,-0.226163,1.034905418753624,-1.682027354836464,0.415422,617.4299926757812,,,,,,,146.4,4.722580645,146.4,4.722580645,,,,,,,,,,,,,,,,,,,"Jesus Sanchez","19913",660821
"Cam Smith","HOU",41,178,158,36,23,7,1,5,20,19,15,0,45,2,1,0,,3,1,0.229372,0.0850644,0.25349,0.335573,0.30354,0.380827,0.302679,0.684367,0.151455,4.89092,0.285338,0.13316,0.0894049,19.143,-1.99584,92.941,0.222564,0.788312,-1.2397086471319199,-1.0172434449195862,0.414018,341.8699951171875,,,,,,,170.5,4.158536585,170.5,4.158536585,,,,,,,,,,,,,,,,,,,"Cam Smith","35108",701358
"Tristan Peters","CHW",35,150,135,33,22,7,1,3,16,15,12,0,29,1,1,1,,2,1,0.241525,0.0792821,0.196893,0.402667,0.307215,0.371138,0.299977,0.678353,0.129613,4.73124,0.287405,0.0712247,-0.218595,15.8186,-2.0116,90.2154,-0.14737,-0.014917,-1.8569823652505875,0.5198051780462265,0.406648,999,,,,,,,144,4.114285714,144,4.114285714,,,,,,,,,,,,,,,,,,,"Tristan Peters","30063",671976
"Kyle Manzardo","CLE",41,178,156,35,21,7,1,7,20,22,18,0,47,2,1,0,,0,0,0.227583,0.101462,0.264498,0.383604,0.31489,0.420956,0.322149,0.735846,0.193372,3.08788,0.274003,-0.0547994,-0.171228,21.9458,0.806956,107.091,-0.226028,0.0536634,1.2429592460393906,-3.6296700201928616,0.400863,253.4600067138672,,,,,,,191.8,4.67804878,191.8,4.67804878,,,,,,,,,,,,,,,,,,,"Kyle Manzardo","29794",700932
"Ezequiel Tovar","COL",48,206,191,47,29,11,1,6,23,23,11,0,51,1,2,1,,3,1,0.244943,0.0534054,0.245438,0.217592,0.288102,0.402352,0.300255,0.690454,0.157408,4.63894,0.300883,0.136585,-0.117732,21.8227,-2.7227,74.0988,0.0188534,1.48344,-6.463887946680188,3.6917691230773926,0.398356,209.22999572753906,,,,,,,205.1,4.272916666,205.1,4.272916666,,,,,,,,,,,,,,,,,,,"Ezequiel Tovar","24064",678662
"Jo Adell","LAA",44,190,174,41,24,7,0,9,22,28,11,0,48,4,1,0,,2,1,0.236642,0.0559766,0.254185,0.22022,0.293027,0.441673,0.318057,0.7347,0.205031,3.62919,0.271474,-0.0327548,-0.151909,22.8696,0.233325,101.843,-0.184664,-1.07047,0.22410142421722412,-3.107048988342285,0.39609,120.33000183105469,,,,,,,206.5,4.693181818,206.5,4.693181818,,,,,,,,,,,,,,,,,,,"Jo Adell","20220",666176
"Alan Roden","MIN",30,131,115,29,20,6,0,3,15,14,12,0,23,3,1,0,,2,1,0.252314,0.0919648,0.172383,0.533492,0.335381,0.377065,0.317922,0.712446,0.124751,4.34828,0.291217,-0.000856202,-0.0329652,15.6913,0.145889,102.176,-0.0338214,0.26807,0.29770877957344055,-1.065108984708786,0.394935,999,,,,,,,139,4.633333333,139,4.633333333,,,,,,,,,,,,,,,,,,,"Alan Roden","31564",702176
"Vinnie Pasquantino","KCR",37,158,140,36,22,7,1,6,18,21,15,1,25,1,1,0,,1,0,0.253269,0.0950981,0.1569,0.606108,0.32901,0.435435,0.33174,0.764445,0.182166,3.29576,0.26845,-0.267414,-0.0933974,20.7656,1.94745,109.48,-0.360811,-0.221311,1.3873624503612518,-3.190292090177536,0.389474,77.0999984741211,,,,,,,193.9,5.24054054,193.9,5.24054054,,,,,,,,,,,,,,,,,,,"Vinnie Pasquantino","27676",686469
"Daniel Susac","SFG",23,90,83,19,14,3,0,2,8,10,5,0,23,1,1,0,,1,0,0.235863,0.0529083,0.258104,0.204989,0.284871,0.362709,0.285229,0.64758,0.126846,4.16847,0.299458,-0.015017,-0.0611233,8.39488,-2.27543,79.8488,-0.0761403,0.309874,-2.2686737701296806,2.0598736107349396,0.388679,999,,,,,,,70.8,3.078260869,70.8,3.078260869,,,,,,,,,,,,,,,,,,,"Daniel Susac","31441",691740
"Cole Carrigg","COL",41,176,159,40,27,7,2,4,23,20,12,0,41,2,1,1,,9,3,0.254202,0.0704257,0.233173,0.302033,0.314844,0.409578,0.316136,0.724422,0.155376,7.44084,0.314001,0.0426944,0.296107,20.9417,-0.058298,84.7048,0.338801,0.292813,-2.9364214539527893,1.0207452178001404,0.387048,999,,,,,,,185,4.512195121,185,4.512195121,,,,,,,,,,,,,,,,,,,"Cole Carrigg","33253",694249
"Tyler O'Neill","BAL",29,126,111,26,15,5,0,5,16,16,13,0,35,1,1,0,,1,0,0.230697,0.102972,0.280418,0.367209,0.317161,0.42301,0.323694,0.740171,0.192313,3.72202,0.28456,0.00954736,-0.0334322,15.7303,0.730367,108.429,-0.0238849,-0.396442,1.215129029005766,-1.9095593392848969,0.385745,477.6400146484375,,,,,,,140,4.827586206,140,4.827586206,,,,,,,,,,,,,,,,,,,"Tyler O'Neill","15711",641933
"Nick Fortes","TBR",26,102,93,23,16,4,0,2,11,11,5,0,16,2,1,1,,0,0,0.243586,0.049137,0.15337,0.320382,0.296104,0.364225,0.292447,0.66033,0.120639,2.83498,0.268625,0.0109059,-0.122159,10.166,-1.99568,84.3468,-0.111253,-0.414385,-1.9767732322216034,1.5802137851715088,0.382662,999,,,,,,,87.2,3.353846153,87.2,3.353846153,,,,,,,,,,,,,,,,,,,"Nick Fortes","21538",663743
"Victor Caratini","MIN",28,112,99,24,17,4,0,3,11,12,9,0,21,3,1,0,,0,0,0.243825,0.0820346,0.184732,0.444072,0.322146,0.370775,0.308672,0.692921,0.12695,1.81529,0.277673,-0.216977,-0.136401,12.6252,-0.715071,95.7487,-0.353378,-0.341986,-0.9091418385505676,0.3450506627559662,0.380992,681.02001953125,,,,,,,111.2,3.971428571,111.2,3.971428571,,,,,,,,,,,,,,,,,,,"Victor Caratini","14968",605170
"Ben Williamson","TBR",27,116,106,27,20,5,1,1,12,11,8,0,23,1,1,0,,3,1,0.25908,0.0715106,0.196149,0.364574,0.318398,0.356044,0.300471,0.674441,0.0969638,5.09357,0.317724,0.00269066,0.0906046,12.3501,-1.51784,89.9231,0.0932952,0.138097,-1.2761342599987984,0.8425725549459457,0.377766,999,,,,,,,104.7,3.877777777,104.7,3.877777777,,,,,,,,,,,,,,,,,,,"Ben Williamson","33197",810938
"Blaze Alexander","BAL",21,89,79,20,14,4,0,2,10,10,7,0,25,2,1,1,,2,1,0.24984,0.0786257,0.27696,0.283888,0.323573,0.381653,0.312928,0.705226,0.131813,5.17432,0.335608,0.0472347,-0.0669406,10.3744,-0.261912,100.948,-0.0197059,0.13894,0.07905953750014305,0.4415636956691742,0.376232,745.9099731445312,,,,,,,91.4,4.352380952,91.4,4.352380952,,,,,,,,,,,,,,,,,,,"Blaze Alexander","23789",677942
"Chandler Simpson","TBR",37,159,148,42,35,5,2,0,18,12,9,0,16,0,1,1,,13,4,0.285239,0.0539008,0.100793,0.534765,0.323057,0.345946,0.29737,0.669002,0.0607068,7.02495,0.315764,0.29306,0.858997,16.4863,-2.47591,87.7678,1.15206,0.792691,-1.1209230422973633,-0.8793764114379883,0.373846,180.19000244140625,,,,,,,153.6,4.151351351,153.6,4.151351351,,,,,,,,,,,,,,,,,,,"Chandler Simpson","31912",802415
"Sean Murphy","ATL",22,87,76,16,9,3,0,3,9,10,8,0,24,2,1,0,,0,0,0.214627,0.0979057,0.275692,0.355127,0.307502,0.395076,0.310269,0.702578,0.180449,2.04699,0.262883,-0.0238197,-0.104322,9.8876,-0.441321,93.7541,-0.128141,0.485403,-0.7859805226325989,1.4520694315433502,0.371725,746.0599975585938,,,,,,,80.5,3.659090909,80.5,3.659090909,,,,,,,,,,,,,,,,,,,"Sean Murphy","19352",669221
"A.J. Ewing","NYM",37,158,141,36,26,7,1,2,20,15,14,0,37,1,1,1,,9,2,0.256086,0.0894548,0.231467,0.386468,0.325909,0.369353,0.308804,0.695262,0.113267,6.73665,0.328243,0.0120455,0.567163,17.8263,-0.991883,96.4856,0.579208,-0.247654,-0.09514999389648438,-1.4172532260417938,0.367542,999,,,,,,,161.9,4.375675675,161.9,4.375675675,,,,,,,,,,,,,,,,,,,"A.J. Ewing","33656",805999
"Nick Loftin","KCR",23,98,86,21,14,5,0,2,11,11,10,0,15,1,1,0,,1,0,0.248568,0.0979623,0.148564,0.659396,0.331143,0.384485,0.318362,0.715629,0.135917,4.35742,0.275911,-0.00387962,-0.0664673,11.8725,0.145218,100.183,-0.0703469,-0.0805101,-0.04931217432022095,0.15668123215436935,0.36751,999,,,,,,,99.8,4.339130434,99.8,4.339130434,,,,,,,,,,,,,,,,,,,"Nick Loftin","27630",679845
"Paul Goldschmidt","NYY",31,133,120,31,20,6,0,5,16,17,11,1,31,1,1,0,,1,0,0.255749,0.0846161,0.231305,0.36582,0.322834,0.429906,0.327485,0.75274,0.174157,3.48426,0.303343,-0.171858,-0.0677612,17.0188,1.18012,110.742,-0.23962,0.065271,1.427637204527855,-2.576395645737648,0.365191,748.3599853515625,,,,,,,155.9,5.029032258,155.9,5.029032258,,,,,,,,,,,,,,,,,,,"Paul Goldschmidt","9218",502671
"Carlos Narváez","BOS",26,104,92,20,13,5,0,3,11,10,10,0,29,1,1,1,,1,0,0.218559,0.0920454,0.278729,0.330232,0.297646,0.35361,0.290212,0.651256,0.13505,2.65078,0.286535,-0.090168,-0.0963377,10.1932,-2.22721,79.4201,-0.186506,0.136553,-2.69135919213295,2.1735901832580566,0.361308,443.010009765625,,,,,,,97.6,3.753846153,97.6,3.753846153,,,,,,,,,,,,,,,,,,,"Carlos Narvaez","19722",665966
"Liam Hicks","MIA",38,161,139,36,27,5,0,4,18,18,17,0,21,3,1,0,,1,0,0.25869,0.103151,0.128603,0.802091,0.348952,0.3819,0.327149,0.730852,0.12321,3.5125,0.278358,-0.219103,-0.132251,20.5532,1.3844,104.171,-0.351354,-0.390109,0.4639270305633545,-2.1567755937576294,0.360955,748.5399780273438,,,,,,,176.6,4.647368421,176.6,4.647368421,,,,,,,,,,,,,,,,,,,"Liam Hicks","29844",689414
"Jake McCarthy","COL",38,163,148,41,28,7,2,3,21,18,10,0,28,3,1,1,,8,2,0.275478,0.0615645,0.171228,0.359547,0.330315,0.423116,0.329604,0.753431,0.147638,7.44304,0.317778,0.226808,0.5545,21.0858,1.72218,93.6993,0.781308,0.321032,-0.46276426315307617,-1.2902331948280334,0.358248,506.760009765625,,,,,,,190.1,5.002631578,190.1,5.002631578,,,,,,,,,,,,,,,,,,,"Jake McCarthy","21622",664983
"Tyler Stephenson","CIN",35,138,121,29,18,6,0,4,15,16,14,0,37,1,1,0,,0,0,0.238475,0.100296,0.271224,0.36979,0.320605,0.399163,0.31755,0.719768,0.160688,1.89658,0.30525,-0.081002,-0.252653,16.5113,0.112379,94.279,-0.333655,-0.444509,-1.290312647819519,1.8216944932937622,0.356917,294.75,,,,,,,141.4,4.04,141.4,4.04,,,,,,,,,,,,,,,,,,,"Tyler Stephenson","17988",663886
"Miguel Amaya","CHC",25,99,87,21,14,4,0,2,11,11,8,0,21,3,1,1,,0,0,0.23549,0.0792486,0.217121,0.364998,0.315312,0.370914,0.306384,0.686225,0.135423,2.64451,0.283819,-0.0986467,-0.125806,10.9666,-0.81515,93.3854,-0.224452,-0.305995,-1.0191125124692917,1.227338433265686,0.356375,745.969970703125,,,,,,,94,3.76,94,3.76,,,,,,,,,,,,,,,,,,,"Miguel Amaya","21693",665804
"Jose Trevino","CIN",22,87,81,19,14,4,0,2,9,9,5,0,14,1,1,1,,0,0,0.239974,0.0521471,0.157169,0.33179,0.283316,0.367602,0.285991,0.650918,0.127628,2.62964,0.263298,-0.0561661,-0.0962203,8.1969,-2.15349,73.2029,-0.152386,0.749951,-2.9806101322174072,2.4474818110466003,0.353884,999,,,,,,,73.8,3.354545454,73.8,3.354545454,,,,,,,,,,,,,,,,,,,"Jose Trevino","16725",624431
"Konnor Griffin","PIT",19,82,74,19,14,3,1,2,11,9,5,0,21,2,1,0,,5,1,0.2613,0.0642586,0.252559,0.25443,0.324186,0.396429,0.317892,0.720614,0.135129,6.9116,0.335846,0.046188,0.337914,9.90831,0.0901444,97.4551,0.384102,0.0359331,0.1293177604675293,0.6738960966467857,0.353191,999,,,,,,,93.3,4.910526315,93.3,4.910526315,,,,,,,,,,,,,,,,,,,"Konnor Griffin","35376",804606
"Josh Bell","MIN",42,183,162,40,26,8,0,6,20,23,18,0,37,1,1,0,,0,0,0.247102,0.0993597,0.201225,0.493775,0.326335,0.4163,0.326444,0.742635,0.169198,2.23855,0.281279,-0.338378,-0.321683,23.2891,1.47094,108.098,-0.66006,-0.0565172,1.0714317560195923,-4.146023336797953,0.35178,636.3300170898438,,,,,,,198.6,4.728571428,198.6,4.728571428,,,,,,,,,,,,,,,,,,,"Josh Bell","13145",605137
"Roman Anthony","BOS",18,76,65,16,11,3,0,2,10,8,10,0,19,1,0,0,,1,0,0.255657,0.135142,0.24825,0.544378,0.361475,0.416336,0.344689,0.777811,0.160679,4.68567,0.328442,0.0518622,-0.0785316,10.7924,1.73583,117.278,-0.0266694,0.331106,1.5067154373973608,-0.755313515663147,0.351589,50.75,,,,,,,87,4.833333333,87,4.833333333,,,,,,,,,,,,,,,,,,,"Roman Anthony","31812",701350
"Vaughn Grissom","LAA",32,140,126,32,22,6,0,3,16,16,11,0,25,2,1,0,,2,0,0.255844,0.0753556,0.178953,0.421092,0.321875,0.387035,0.313892,0.70891,0.131191,3.59263,0.293403,0.046982,-0.0575257,16.3359,-0.300461,98.9479,-0.0105437,-0.126291,-0.18206665851175785,-1.4267543703317642,0.342804,999,,,,,,,141.6,4.425,141.6,4.425,,,,,,,,,,,,,,,,,,,"Vaughn Grissom","26031",687093
"Kyle Isbel","KCR",28,119,108,26,18,5,1,2,13,11,7,0,24,1,1,2,,2,1,0.244413,0.0624845,0.200925,0.310984,0.298925,0.371842,0.295693,0.670766,0.127429,5.91313,0.293449,0.144107,0.0185648,12.1681,-2.01368,84.4298,0.162672,0.700812,-2.0011804401874542,1.1261202096939087,0.342552,999,,,,,,,101.6,3.628571428,101.6,3.628571428,,,,,,,,,,,,,,,,,,,"Kyle Isbel","21614",664728
"Luke Raley","SEA",32,140,124,28,17,5,0,6,16,17,10,0,44,5,1,1,,2,1,0.225109,0.0687075,0.31151,0.220563,0.304281,0.409207,0.313432,0.713488,0.184099,4.16483,0.294757,-0.0514199,-0.112363,16.2838,-0.352557,106.476,-0.163783,-0.727112,0.8919783681631088,-2.534673571586609,0.33937,748.25,,,,,,,149.7,4.678125,149.7,4.678125,,,,,,,,,,,,,,,,,,,"Luke Raley","19354",670042
"Esteury Ruiz","MIA",20,87,76,18,12,4,1,2,12,9,8,0,21,2,1,1,,9,2,0.240625,0.0865918,0.24406,0.354797,0.32511,0.388095,0.317075,0.713205,0.147469,7.5521,0.304068,0.0161529,0.851162,10.4011,0.037477,97.443,0.867315,0.154693,0.5970955193042755,-0.12339355051517487,0.334882,748.530029296875,,,,,,,102.4,5.12,102.4,5.12,,,,,,,,,,,,,,,,,,,"Esteury Ruiz","21780",665923
"Eduardo Valencia","DET",19,78,71,17,11,3,0,3,9,11,5,0,17,1,1,0,,0,0,0.24626,0.0661612,0.221745,0.298366,0.303135,0.431336,0.318568,0.734472,0.185076,2.49608,0.277835,-0.0101545,-0.0896055,9.36106,0.127315,103.142,-0.09976,-0.104426,0.18453726917505264,0.30452483147382736,0.33462,999,,,,,,,79.1,4.163157894,79.1,4.163157894,,,,,,,,,,,,,,,,,,,"Eduardo Valencia","24574",680664
"Willi Castro","COL",42,181,161,41,27,8,1,5,22,19,15,0,44,4,1,0,,5,2,0.253377,0.0820225,0.241693,0.339367,0.329825,0.40081,0.323028,0.730636,0.147434,5.43275,0.318473,0.0814242,-0.0701057,22.4969,0.951458,89.3079,0.0113185,-0.767592,-2.3377046026289463,-0.3668206036090851,0.322171,256.3399963378906,,,,,,,205.4,4.89047619,205.4,4.89047619,,,,,,,,,,,,,,,,,,,"Willi Castro","17338",650489
"Hunter Feduccia","TBR",29,113,99,22,15,4,1,2,12,10,12,0,30,1,1,1,,0,0,0.219521,0.106285,0.26705,0.397997,0.305072,0.34225,0.290761,0.647322,0.122729,3.6421,0.290292,-0.0698863,-0.106871,11.093,-2.36248,83.1751,-0.176758,-0.94926,-2.395232617855072,1.2575297355651855,0.321976,999,,,,,,,99.3,3.424137931,99.3,3.424137931,,,,,,,,,,,,,,,,,,,"Hunter Feduccia","23372",676439
"Christian Yelich","MIL",41,177,154,38,25,7,1,5,23,21,20,2,45,1,1,0,,5,1,0.248565,0.11347,0.254356,0.446109,0.3387,0.404461,0.326399,0.743161,0.155896,5.28805,0.314886,0.215463,0.229594,22.5356,1.41729,105.731,0.445057,-0.00258652,1.67926025390625,-4.26925340667367,0.321961,127.22000122070312,,,,,,,201.5,4.914634146,201.5,4.914634146,,,,,,,,,,,,,,,,,,,"Christian Yelich","11477",592885
"Austin Hedges","CLE",17,66,58,13,9,2,0,2,6,6,5,0,15,1,1,1,,1,0,0.220591,0.0825673,0.22642,0.364665,0.291602,0.335663,0.281003,0.627264,0.115072,3.09936,0.267416,-0.0508719,-0.0825757,5.93391,-1.89474,78.4979,-0.133448,0.497546,-1.7830132246017456,1.7814964652061462,0.321815,999,,,,,,,59.3,3.488235294,59.3,3.488235294,,,,,,,,,,,,,,,,,,,"Austin Hedges","12976",595978
"Brandon Valenzuela","TOR",26,104,94,20,13,4,0,3,10,11,9,0,27,0,1,0,,1,0,0.213011,0.0863515,0.263919,0.327189,0.283462,0.355963,0.283159,0.639425,0.142951,3.03684,0.264325,-0.0141081,-0.0903793,9.58489,-2.82028,79.4047,-0.104487,0.291701,-2.608135186135769,1.510373741388321,0.320085,999,,,,,,,86.7,3.334615384,86.7,3.334615384,,,,,,,,,,,,,,,,,,,"Brandon Valenzuela","23813",678218
"Andrew Vaughn","MIL",39,170,153,39,25,8,1,6,18,23,14,0,31,2,1,0,,0,0,0.256436,0.0818221,0.182877,0.447417,0.324707,0.430389,0.329932,0.755096,0.173952,2.24723,0.285937,-0.237404,-0.221949,22.1341,1.84941,108.091,-0.459353,-0.556155,1.2142057120800018,-3.6478212475776672,0.314741,272.2699890136719,,,,,,,198.7,5.094871794,198.7,5.094871794,,,,,,,,,,,,,,,,,,,"Andrew Vaughn","26197",683734
"Griffin Conine","MIA",38,165,146,34,21,6,0,6,19,21,16,0,52,2,1,0,,1,0,0.234686,0.0942273,0.316057,0.298134,0.313535,0.415889,0.320319,0.729424,0.181203,3.37091,0.314287,-0.0569691,-0.169497,20.1412,0.504866,99.6098,-0.226466,0.304897,-0.3046039715409279,-1.9525099396705627,0.314689,999,,,,,,,174.1,4.581578947,174.1,4.581578947,,,,,,,,,,,,,,,,,,,"Griffin Conine","21626",665052
"Ryan Kreidler","MIN",32,140,123,26,16,6,1,3,15,14,13,0,39,2,1,1,,4,1,0.210503,0.0961369,0.279736,0.34367,0.294629,0.343322,0.285906,0.637952,0.132819,5.71451,0.280234,0.0407049,-0.0358729,13.1654,-3.47097,79.9278,0.00483205,0.0521246,-3.2674672352150083,1.3525875769555569,0.311776,999,,,,,,,123.7,3.865625,123.7,3.865625,,,,,,,,,,,,,,,,,,,"Ryan Kreidler","25867",668952
"Jimmy Crooks","STL",22,88,79,18,12,3,0,2,9,10,7,0,25,1,1,0,,0,0,0.22958,0.0741899,0.283743,0.261469,0.295427,0.371233,0.294393,0.66666,0.141653,3.11616,0.300391,-0.00516399,-0.0786829,8.86528,-1.57479,85.7277,-0.0838469,-0.102307,-1.603227935731411,1.506026640534401,0.311618,999,,,,,,,73.3,3.331818181,73.3,3.331818181,,,,,,,,,,,,,,,,,,,"Jimmy Crooks","31354",699625
"Josh Lowe","LAA",33,144,131,31,20,6,1,5,16,16,11,1,40,1,1,1,,5,1,0.23891,0.0776672,0.27496,0.282467,0.30068,0.403339,0.306261,0.704019,0.164428,5.64445,0.304005,-0.0561092,0.479837,15.9786,-1.20314,93.6452,0.423728,0.0294741,-0.6462430953979492,-1.4509271290153265,0.309882,297.0899963378906,,,,,,,155.4,4.709090909,155.4,4.709090909,,,,,,,,,,,,,,,,,,,"Josh Lowe","19953",666139
"Tyler Heineman","LAA",23,92,81,17,13,3,1,1,9,8,7,0,18,2,1,2,,1,0,0.214811,0.072148,0.196655,0.366876,0.288904,0.306972,0.270293,0.595875,0.092161,4.91878,0.25914,-0.0758121,-0.0132186,7.51581,-3.4556,68.6499,-0.0890307,0.756382,-3.459594212472439,2.5557644963264465,0.307944,999,,,,,,,66.9,2.908695652,66.9,2.908695652,,,,,,,,,,,,,,,,,,,"Tyler Heineman","13897",623168
"TJ Rumfield","COL",43,186,165,45,30,9,1,5,21,22,17,0,32,3,1,0,,1,0,0.271323,0.0908372,0.171175,0.530667,0.346304,0.425092,0.339516,0.771397,0.15377,3.0177,0.307068,-0.130283,-0.269957,25.5467,3.45584,100.319,-0.40024,0.677346,-0.3284337446093559,-2.7333025336265564,0.301054,999,,,,,,,227.7,5.295348837,227.7,5.295348837,,,,,,,,,,,,,,,,,,,"TJ Rumfield","29805",681198
"Braden Montgomery","CHW",41,178,160,38,24,9,1,4,19,19,14,0,49,2,1,0,,2,1,0.239518,0.0806271,0.272812,0.295541,0.308108,0.384601,0.30524,0.692709,0.145083,4.70601,0.317386,0.0348661,-0.268956,19.5925,-1.63389,93.8734,-0.23409,-0.0578982,-1.508472591638565,-1.8997191302478313,0.299964,999,,,,,,,171.2,4.175609756,171.2,4.175609756,,,,,,,,,,,,,,,,,,,"Braden Montgomery","35423",695731
"Taylor Trammell","HOU",28,119,104,23,13,5,1,4,14,14,13,0,36,1,1,0,,3,1,0.217021,0.10819,0.300417,0.360135,0.309422,0.394428,0.311432,0.70385,0.177406,5.09045,0.284211,-0.0328401,0.0231554,13.6882,-0.493623,99.0239,-0.00968476,-0.649185,-0.14534281939268112,-1.1547405123710632,0.299462,999,,,,,,,127.5,4.553571428,127.5,4.553571428,,,,,,,,,,,,,,,,,,,"Taylor Trammell","19960",666211
"Daylen Lile","WSN",44,190,174,45,29,9,3,4,22,22,12,0,35,2,1,0,,5,2,0.256537,0.063909,0.181858,0.351423,0.310866,0.410301,0.314639,0.721167,0.153764,6.36197,0.296043,0.249897,-0.0943508,22.3427,-0.293637,97.1551,0.155546,-0.0828715,-0.5011129081249237,-2.741050563752651,0.29786,206.50999450683594,,,,,,,204.7,4.652272727,204.7,4.652272727,,,,,,,,,,,,,,,,,,,"Daylen Lile","29995",695734
"Mike Yastrzemski","ATL",33,142,124,28,17,6,1,5,18,16,16,0,34,1,1,1,,1,0,0.22829,0.111247,0.242202,0.459316,0.320872,0.402135,0.318625,0.723008,0.173846,3.97416,0.27535,0.00786884,-0.142637,17.1904,0.240214,99.3341,-0.134768,0.413215,-0.2498706355690956,-1.4451188147068024,0.297328,656.0999755859375,,,,,,,155.8,4.721212121,155.8,4.721212121,,,,,,,,,,,,,,,,,,,"Mike Yastrzemski","14854",573262
"Freddy Fermin","SDP",24,94,85,19,13,4,0,2,9,9,7,0,19,1,1,1,,0,0,0.226879,0.0737009,0.198092,0.372054,0.289654,0.342536,0.281055,0.63219,0.115657,2.36115,0.265866,0.0289903,-0.15275,8.47691,-2.70151,78.3847,-0.123759,0.516568,-2.587582863867283,2.349901258945465,0.295591,735.3099975585938,,,,,,,75.8,3.158333333,75.8,3.158333333,,,,,,,,,,,,,,,,,,,"Freddy Fermin","21840",666023
"Jordan Lawlar","ARI",24,105,94,22,14,5,1,2,12,11,9,0,28,2,1,0,,4,1,0.236547,0.0840073,0.266049,0.315759,0.311687,0.378001,0.30531,0.689688,0.141453,6.1914,0.310127,0.0478909,0.274926,11.5857,-0.959719,89.9371,0.322817,0.230511,-0.9644787311553955,0.4104492664337158,0.29108,261.6499938964844,,,,,,,106,4.416666666,106,4.416666666,,,,,,,,,,,,,,,,,,,"Jordan Lawlar","29976",691783
"Trevor Story","BOS",26,114,106,25,16,5,0,3,13,14,6,0,32,1,1,0,,4,1,0.241037,0.0547918,0.284373,0.192676,0.288007,0.393465,0.296932,0.681472,0.152428,5.28189,0.31244,0.045941,0.371319,11.7706,-1.81431,84.0902,0.41726,-0.769814,-1.7007173299789429,0.45240819454193115,0.286559,111.33000183105469,,,,,,,102.5,3.942307692,102.5,3.942307692,,,,,,,,,,,,,,,,,,,"Trevor Story","12564",596115
"Masataka Yoshida","BOS",31,135,122,33,23,7,0,3,15,15,11,0,17,2,1,0,,1,0,0.274038,0.0779276,0.123997,0.628463,0.340565,0.415704,0.332791,0.756269,0.141666,3.84378,0.293695,-0.110613,-0.031742,17.9169,1.78488,109.01,-0.142355,-0.00465524,1.281919851899147,-3.323328133672476,0.283612,748.3300170898438,,,,,,,152.2,4.909677419,152.2,4.909677419,,,,,,,,,,,,,,,,,,,"Masataka Yoshida","31837",807799
"Jared Young","NYM",30,131,115,28,17,5,0,5,15,17,12,0,30,2,1,0,,1,0,0.24075,0.0902257,0.229945,0.392379,0.321851,0.418367,0.325584,0.740218,0.177617,3.85413,0.282421,-0.0228454,-0.10873,16.5025,0.957064,107.692,-0.131575,-0.155991,1.0877921730279922,-2.552441105246544,0.281797,999,,,,,,,147.2,4.906666666,147.2,4.906666666,,,,,,,,,,,,,,,,,,,"Jared Young","20404",676724
"Henry Davis","PIT",24,94,83,18,11,3,0,3,10,11,8,0,23,2,1,0,,1,0,0.213662,0.083689,0.2418,0.346109,0.295748,0.368141,0.294864,0.663889,0.154478,4.06102,0.254343,-0.0653672,-0.0580885,9.56418,-1.65658,82.0763,-0.123456,0.00668947,-2.17423627525568,1.8469672622159123,0.280421,999,,,,,,,86.6,3.608333333,86.6,3.608333333,,,,,,,,,,,,,,,,,,,"Henry Davis","29617",680779
"Mauricio Dubón","ATL",47,203,189,49,34,10,1,4,22,22,11,0,26,1,1,1,,2,1,0.25854,0.0562184,0.130366,0.431235,0.302899,0.37876,0.29987,0.68166,0.12022,3.89473,0.281729,0.0322001,-0.185319,21.43,-2.74494,86.809,-0.153119,0.425793,-3.4048222303390503,-0.4325403869152069,0.280105,743.3800048828125,,,,,,,194.7,4.142553191,194.7,4.142553191,,,,,,,,,,,,,,,,,,,"Mauricio Dubon","16530",643289
"Brett Baty","NYM",25,110,98,24,16,4,0,3,13,13,10,0,28,1,1,0,,1,0,0.239335,0.0866271,0.254555,0.340308,0.309795,0.389379,0.308643,0.699174,0.150044,4.12309,0.296813,-0.00357616,-0.0309705,12.3866,-0.704303,96.3785,-0.0345466,-0.0515016,-0.5179631002247334,-0.3132300041615963,0.278078,292.9200134277344,,,,,,,111.1,4.444,111.1,4.444,,,,,,,,,,,,,,,,,,,"Brett Baty","26123",683146
"Nasim Nuñez","WSN",39,167,147,34,28,4,1,1,19,13,17,0,37,1,1,1,,15,3,0.229676,0.101858,0.222477,0.457837,0.311745,0.294617,0.27806,0.606361,0.0649407,7.06503,0.296507,0.00872991,1.43808,14.6915,-5.21754,72.7265,1.44681,0.736303,-4.0900115966796875,1.3824450969696045,0.27657,583.0999755859375,,,,,,,144.2,3.697435897,144.2,3.697435897,,,,,,,,,,,,,,,,,,,"Nasim Nunez","25979",683083
"Harry Ford","WSN",17,69,60,13,9,3,0,1,8,7,8,0,16,1,0,0,,1,0,0.222604,0.112728,0.238489,0.472674,0.322015,0.341165,0.30083,0.66318,0.118561,4.01682,0.281155,0,-0.0681752,7.34805,-0.8805,87.9333,-0.0681752,0.0423358,-1.0806382670998573,1.3918728455901146,0.276511,725.52001953125,,,,,,,59.8,3.517647058,59.8,3.517647058,,,,,,,,,,,,,,,,,,,"Harry Ford","29958",695670
"Ryan Waldschmidt","ARI",24,103,91,22,15,5,1,2,12,10,10,0,26,2,1,0,,3,1,0.238287,0.0934831,0.256343,0.36468,0.320801,0.356866,0.303367,0.677667,0.118578,5.64411,0.315398,0.0171759,0.0249526,11.1714,-1.10126,88.6394,0.0421285,0.987477,-1.3795843794941902,0.70121169090271,0.270925,999,,,,,,,110.1,4.5875,110.1,4.5875,,,,,,,,,,,,,,,,,,,"Ryan Waldschmidt","35061",814439
"Romy Gonzalez","BOS",24,105,97,25,16,5,1,3,12,13,6,0,27,1,1,0,,2,1,0.254014,0.0560442,0.256131,0.218811,0.302833,0.412693,0.311181,0.715526,0.158679,5.80615,0.321909,-0.0531031,-0.0876799,11.9981,-0.454748,93.9924,-0.140783,0.286059,-0.8738944977521896,-0.22320032119750977,0.267463,999,,,,,,,113.4,4.725,113.4,4.725,,,,,,,,,,,,,,,,,,,"Romy Gonzalez","21562",663853
"Salvador Perez","KCR",46,192,177,43,27,8,0,8,20,26,9,1,40,4,1,0,,0,0,0.243276,0.0467708,0.206719,0.226252,0.292197,0.425527,0.308994,0.717724,0.182252,1.91562,0.268713,-0.653275,-0.213683,21.6648,-1.17415,93.6732,-0.866958,-0.680473,-2.2829588055610657,-1.5065534114837646,0.266198,91.13999938964844,,,,,,,201.2,4.373913043,201.2,4.373913043,,,,,,,,,,,,,,,,,,,"Salvador Perez","7304",521692
"Heriberto Hernández","MIA",34,149,132,31,18,6,1,6,17,20,14,0,42,1,1,0,,3,1,0.233054,0.0973698,0.280142,0.347573,0.313149,0.428846,0.323815,0.741995,0.195792,4.53869,0.288775,-0.0803689,-0.0220751,18.605,0.877791,101.944,-0.102444,-0.181662,0.24902348965406418,-2.4636066257953644,0.266158,999,,,,,,,169,4.970588235,169,4.970588235,,,,,,,,,,,,,,,,,,,"Heriberto Hernandez","24878",681715
"Joshua Kuroda-Grauer","ATH",19,82,76,21,16,4,0,1,8,8,4,0,9,1,1,0,,2,1,0.276302,0.0486493,0.112751,0.431475,0.320865,0.365613,0.304526,0.686477,0.0893105,4.23373,0.305096,0.00294545,-0.0356236,8.92963,-0.795906,90.7691,-0.0326781,0.512034,-0.9124320074915886,0.6203677505254745,0.266143,999,,,,,,,78.6,4.136842105,78.6,4.136842105,,,,,,,,,,,,,,,,,,,"Joshua Kuroda-Grauer","35121",811965
"Oswald Peraza","LAA",39,167,153,34,23,6,1,4,17,16,10,0,46,3,1,0,,6,2,0.221302,0.059774,0.273404,0.218629,0.279447,0.350368,0.279242,0.629816,0.129066,5.48199,0.283525,0.0515416,0.422933,14.8517,-5.05731,74.8689,0.474475,0.48498,-4.428536236286163,1.049331545829773,0.262843,999,,,,,,,142.9,3.664102564,142.9,3.664102564,,,,,,,,,,,,,,,,,,,"Oswald Peraza","22823",672724
"Kerry Carpenter","DET",29,126,115,27,16,4,1,6,15,18,9,0,32,2,1,0,,0,0,0.239486,0.0678176,0.253761,0.26725,0.300296,0.447749,0.322731,0.748044,0.208263,3.72968,0.277606,-0.0483061,-0.18285,15.632,0.632066,106.035,-0.231156,-0.216002,0.6559224128723145,-2.612452730536461,0.257791,236.22000122070312,,,,,,,142.9,4.927586206,142.9,4.927586206,,,,,,,,,,,,,,,,,,,"Kerry Carpenter","25961",681481
"Javier Sanoja","MIA",24,105,97,25,17,6,1,2,11,11,6,0,10,0,1,1,,2,1,0.261427,0.0588858,0.093579,0.629263,0.306749,0.385825,0.303885,0.692574,0.124397,4.99632,0.276283,0.051617,-0.167188,11.4639,-1.08151,88.6341,-0.115571,0.325064,-1.5695540383458138,0.6849406361579895,0.257564,999,,,,,,,103.9,4.329166666,103.9,4.329166666,,,,,,,,,,,,,,,,,,,"Javier Sanoja","28253",691594
"David Hamilton","MIL",28,119,106,23,16,4,1,3,14,11,10,0,30,1,1,1,,10,2,0.220301,0.0866356,0.248639,0.34844,0.29164,0.344583,0.283902,0.636223,0.124283,7.25216,0.277942,0.0712531,0.879501,11.0214,-3.1501,77.3506,0.950754,0.490956,-2.322208821773529,0.9826222658157349,0.256447,743.3300170898438,,,,,,,114.7,4.096428571,114.7,4.096428571,,,,,,,,,,,,,,,,,,,"David Hamilton","27531",666152
"Eugenio Suárez","CIN",43,185,165,37,20,7,0,10,22,28,16,0,59,3,1,0,,1,0,0.225139,0.0873433,0.320948,0.272142,0.303513,0.452784,0.327345,0.756297,0.227644,2.52513,0.279792,-0.354963,-0.21635,23.6992,1.62377,100.82,-0.571314,-0.100546,-0.38663172721862793,-3.122151143848896,0.255305,97.91999816894531,,,,,,,215.4,5.009302325,215.4,5.009302325,,,,,,,,,,,,,,,,,,,"Eugenio Suarez","12552",553993
"Brady House","WSN",36,153,144,35,24,7,0,5,17,19,8,0,41,1,1,0,,1,1,0.245696,0.0498806,0.267333,0.186586,0.286734,0.395296,0.296931,0.68203,0.1496,3.79302,0.309668,-0.012863,-0.15891,15.8322,-2.4405,85.3292,-0.171773,0.067202,-2.905317261815071,0.4188995212316513,0.253697,710.1199951171875,,,,,,,145.4,4.038888888,145.4,4.038888888,,,,,,,,,,,,,,,,,,,"Brady House","29993",691781
"Sal Frelick","MIL",23,100,90,24,17,4,0,2,11,10,8,0,13,1,1,0,,3,1,0.263322,0.080972,0.127294,0.636102,0.328103,0.373562,0.311469,0.701665,0.11024,5.1063,0.289439,0.0978378,0.044267,11.5356,-0.412895,95.7609,0.142105,0.634219,-0.37437623739242554,-0.4074472188949585,0.251463,216.39999389648438,,,,,,,104.7,4.552173913,104.7,4.552173913,,,,,,,,,,,,,,,,,,,"Sal Frelick","29622",686217
"Josh Smith","TEX",19,82,71,17,12,3,0,2,9,7,8,0,16,2,1,0,,2,1,0.239541,0.0975601,0.192323,0.507273,0.327211,0.362716,0.308681,0.689927,0.123176,4.77566,0.283547,-0.00480976,-0.0206883,9.20478,-0.520757,97.9566,-0.025498,-0.357562,-0.22024377435445786,-0.23256197571754456,0.249847,428.9100036621094,,,,,,,82.7,4.352631578,82.7,4.352631578,,,,,,,,,,,,,,,,,,,"Josh Smith","26396",669701
"Keibert Ruiz","WSN",31,121,113,29,19,6,0,3,13,14,6,0,14,1,1,0,,1,0,0.251851,0.0472958,0.114665,0.412469,0.29355,0.395686,0.301091,0.689236,0.143835,2.87869,0.259989,-0.207426,-0.116204,12.9404,-1.52192,88.1071,-0.32363,-1.10339,-2.0774870812892914,1.2685208320617676,0.248175,720.3499755859375,,,,,,,117.9,3.803225806,117.9,3.803225806,,,,,,,,,,,,,,,,,,,"Keibert Ruiz","19610",660688
"Angel Martínez","CLE",33,144,132,31,20,7,1,4,16,16,8,0,31,2,1,1,,3,1,0.23684,0.0532034,0.212787,0.250031,0.28607,0.390536,0.295875,0.676606,0.153696,5.14879,0.27699,0.108865,0.00896805,14.7148,-2.41037,88.8329,0.117833,0.488457,-1.7562062069773674,-0.9559877514839172,0.245808,748.5800170898438,,,,,,,138.1,4.184848484,138.1,4.184848484,,,,,,,,,,,,,,,,,,,"Angel Martinez","26540",682657
"Andruw Monasterio","BOS",19,81,72,18,12,4,0,2,9,8,7,0,18,1,1,0,,2,1,0.251333,0.0893547,0.219675,0.406758,0.324067,0.388722,0.315735,0.712789,0.13739,4.61415,0.309103,-0.00361909,-0.120224,9.56961,-0.0530077,97.1568,-0.123843,-0.658945,-0.3919498473405838,-0.081784188747406,0.244595,999,,,,,,,84.2,4.431578947,84.2,4.431578947,,,,,,,,,,,,,,,,,,,"Andruw Monasterio","19455",655316
"Jake Mangum","PIT",21,92,85,24,18,4,0,1,10,8,4,0,15,1,1,0,,4,1,0.280253,0.0478598,0.169054,0.283104,0.321759,0.36849,0.305098,0.69025,0.0882377,5.81483,0.332482,0.0494984,0.188449,10.0588,-0.85031,88.9107,0.237947,0.588006,-0.9956162124872208,0.4244256019592285,0.244047,672.4199829101562,,,,,,,90.2,4.295238095,90.2,4.295238095,,,,,,,,,,,,,,,,,,,"Jake Mangum","26202",663968
"José Fermín","STL",21,89,77,19,13,4,0,2,10,9,9,0,11,1,1,1,,2,1,0.241596,0.102397,0.123266,0.830694,0.329578,0.36252,0.310307,0.692098,0.120924,3.96853,0.259987,-0.00364033,0.0125673,10.1107,-0.448473,96.3552,0.00892693,-0.189891,-0.38350695464760065,-0.10655784606933594,0.242586,999,,,,,,,90.8,4.323809523,90.8,4.323809523,,,,,,,,,,,,,,,,,,,"Jose Fermin","21746",665877
"Leody Taveras","BAL",19,82,74,18,12,3,1,2,9,9,7,0,18,0,1,1,,3,1,0.240363,0.0802729,0.219837,0.365148,0.302667,0.372887,0.298392,0.675553,0.132523,6.45537,0.29268,0.0338226,0.17291,8.60456,-1.2136,90.8467,0.206733,0.0512397,-0.6739334911108017,0.11667178198695183,0.242073,999,,,,,,,83.9,4.415789473,83.9,4.415789473,,,,,,,,,,,,,,,,,,,"Leody Taveras","18900",665750
"Bryce Eldridge","SFG",40,173,153,36,21,8,0,7,19,21,18,1,50,1,1,0,,0,0,0.237022,0.101621,0.291748,0.348317,0.3181,0.42251,0.322405,0.74061,0.185488,2.27353,0.305304,-0.132285,-0.211264,21.3833,0.820778,104.676,-0.34355,-0.140793,0.6369677484035492,-3.890793099999428,0.239278,999,,,,,,,194.6,4.865,194.6,4.865,,,,,,,,,,,,,,,,,,,"Bryce Eldridge","33390",805811
"Kyle Teel","CHW",14,58,51,12,9,2,0,1,7,6,6,0,15,1,0,0,,1,0,0.242399,0.105964,0.266827,0.397127,0.328353,0.374447,0.314167,0.7028,0.132048,3.8197,0.316869,-0.0138858,-0.0376628,6.76206,-0.111242,100.077,-0.0515486,-0.132226,-0.0463796048425138,0.36005815863609314,0.239008,266.8800048828125,,,,,,,54.3,3.878571428,54.3,3.878571428,,,,,,,,,,,,,,,,,,,"Kyle Teel","33549",691019
"Dane Myers","CIN",28,121,108,27,19,4,0,3,14,13,10,0,31,2,1,0,,4,1,0.248619,0.0845298,0.252294,0.335045,0.320445,0.375237,0.309661,0.695682,0.126618,4.91728,0.316911,-0.0169227,0.230686,13.7574,-0.676518,89.0104,0.213763,-0.586468,-1.4036967307329178,-0.1875484585762024,0.238197,999,,,,,,,123.8,4.421428571,123.8,4.421428571,,,,,,,,,,,,,,,,,,,"Dane Myers","22054",667472
"Jake Meyers","HOU",17,74,67,16,11,3,0,2,8,7,6,0,16,1,1,0,,2,1,0.235881,0.0781231,0.213969,0.365114,0.303086,0.356595,0.293772,0.65968,0.120713,4.63955,0.285302,0.0205865,-0.026397,7.46086,-1.36932,86.7512,-0.00581043,0.578632,-1.1522415191866457,0.8434464633464813,0.237219,738.1500244140625,,,,,,,72.1,4.24117647,72.1,4.24117647,,,,,,,,,,,,,,,,,,,"Jake Meyers","20308",676694
"Denzer Guzman","LAA",34,149,135,30,20,6,0,4,15,16,11,0,42,1,1,1,,2,1,0.22515,0.071533,0.282007,0.253656,0.286546,0.362981,0.287194,0.649527,0.137831,4.17438,0.293837,-0.00593511,-0.0827017,14.1842,-3.54307,80.3953,-0.0886368,-0.0843551,-3.4943112209439278,0.47999677807092667,0.233487,999,,,,,,,125,3.676470588,125,3.676470588,,,,,,,,,,,,,,,,,,,"Denzer Guzman","28816",694203
"Gavin Lux","TBR",19,81,70,17,12,4,0,1,8,7,9,0,19,0,1,0,,1,0,0.243078,0.1118,0.229285,0.487603,0.330704,0.350837,0.307029,0.681542,0.10776,3.45513,0.311416,0.0176786,-0.0844328,8.99913,-0.623491,94.4801,-0.0667542,-0.308393,-0.5872633680701256,-0.01981261372566223,0.231077,745.989990234375,,,,,,,75.1,3.952631578,75.1,3.952631578,,,,,,,,,,,,,,,,,,,"Gavin Lux","19955",666158
"Zach McKinstry","DET",28,121,108,25,17,5,1,2,13,11,11,0,24,1,1,1,,3,1,0.229783,0.0914011,0.196666,0.464754,0.305335,0.360755,0.29534,0.66609,0.130972,5.95901,0.273366,0.117941,-0.00228072,12.3673,-2.08719,86.9997,0.11566,0.119642,-1.7257888093590736,-0.36291974037885666,0.227804,510.30999755859375,,,,,,,109.9,3.925,109.9,3.925,,,,,,,,,,,,,,,,,,,"Zach McKinstry","19392",656716
"Blaze Jordan","STL",31,133,123,31,21,6,1,3,14,16,7,0,18,1,1,0,,1,0,0.248761,0.0535114,0.135688,0.394371,0.292897,0.38827,0.297752,0.681166,0.139508,3.59348,0.266061,0.0181636,-0.143582,13.8119,-2.02687,87.9706,-0.125418,0.435777,-2.068232461810112,-0.022555828094482422,0.226436,999,,,,,,,127.8,4.122580645,127.8,4.122580645,,,,,,,,,,,,,,,,,,,"Blaze Jordan","28199",691458
"Owen Caissie","MIA",31,133,118,28,17,6,0,5,15,17,12,0,44,1,1,0,,2,1,0.240366,0.0920362,0.334387,0.275239,0.314912,0.421715,0.321708,0.736628,0.18135,3.9091,0.336316,0.0331932,-0.124292,16.3745,0.556347,100.538,-0.091099,-0.350834,-0.004394747316837311,-2.133859097957611,0.221055,528.5,,,,,,,143.2,4.619354838,143.2,4.619354838,,,,,,,,,,,,,,,,,,,"Owen Caissie","27496",683357
"Sung-Mun Song","SDP",19,82,74,18,13,3,0,2,9,8,7,0,15,0,1,0,,2,0,0.240041,0.0841087,0.182841,0.46001,0.304797,0.355334,0.292018,0.66013,0.115293,5.18429,0.278627,-0.0188037,0.186937,8.10118,-1.62435,85.7058,0.168133,0.302896,-1.249429151415825,0.727895587682724,0.216322,999,,,,,,,79.1,4.163157894,79.1,4.163157894,,,,,,,,,,,,,,,,,,,"Sung-Mun Song","37122",823550
"Rhys Hoskins","CLE",32,139,119,25,14,6,0,5,15,16,17,0,40,2,1,0,,1,0,0.21342,0.124818,0.287787,0.433715,0.319552,0.398947,0.317993,0.718499,0.185527,2.81771,0.268623,-0.240533,-0.153484,16.7537,0.163721,104.203,-0.394017,-0.326015,0.28927186131477356,-3.1507067680358887,0.214404,737.989990234375,,,,,,,144.3,4.509375,144.3,4.509375,,,,,,,,,,,,,,,,,,,"Rhys Hoskins","16472",656555
"Edmundo Sosa","PHI",33,142,132,32,21,6,1,4,16,17,5,0,31,3,1,1,,2,0,0.241966,0.0368216,0.219112,0.168049,0.28384,0.391011,0.294461,0.674851,0.149045,5.13385,0.285127,0.128042,0.0277,14.3662,-2.54282,82.0755,0.155742,0.721724,-2.934809148311615,0.4272792637348175,0.213812,999,,,,,,,135.7,4.112121212,135.7,4.112121212,,,,,,,,,,,,,,,,,,,"Edmundo Sosa","17022",624641
"Taylor Walls","TBR",33,143,124,26,18,6,1,2,16,12,15,0,35,1,1,1,,6,2,0.210962,0.106985,0.247403,0.432431,0.298652,0.310292,0.27671,0.608945,0.0993305,6.2637,0.277993,0.0611477,0.382479,12.3747,-4.60637,73.4105,0.443627,-0.451033,-3.9810145497322083,0.9918678104877472,0.213349,999,,,,,,,117.3,3.554545454,117.3,3.554545454,,,,,,,,,,,,,,,,,,,"Taylor Walls","22458",670764
"Christian Vázquez","HOU",22,86,79,17,12,3,0,2,8,8,6,0,17,1,1,1,,0,0,0.219659,0.0676584,0.198173,0.341411,0.276442,0.327751,0.268605,0.604193,0.108092,2.57732,0.256505,-0.134333,-0.0900427,6.92074,-3.35437,69.2621,-0.224376,0.219778,-3.3193901032209396,1.9049633145332336,0.212807,999,,,,,,,64.7,2.94090909,64.7,2.94090909,,,,,,,,,,,,,,,,,,,"Christian Vazquez","9774",543877
"Jared Triolo","PIT",19,82,73,18,13,4,0,1,9,7,8,0,19,1,0,0,,2,1,0.242219,0.0979178,0.22582,0.433611,0.322284,0.346481,0.300488,0.668765,0.104262,5.01853,0.308024,-0.0101437,0.126319,8.74468,-1.07348,85.8322,0.116176,0.224704,-1.302231714129448,0.7154443264007568,0.21227,735.5399780273438,,,,,,,76.8,4.042105263,76.8,4.042105263,,,,,,,,,,,,,,,,,,,"Jared Triolo","25807",669707
"Mickey Moniak","COL",36,156,145,38,22,7,2,7,20,22,8,0,39,1,1,0,,2,1,0.261197,0.0517048,0.247252,0.209118,0.304461,0.4837,0.33721,0.788161,0.222503,5.56009,0.304473,-0.00550147,-0.117275,21.1554,2.61,98.7789,-0.122776,0.0304273,-0.3537012115120888,-2.619572537019849,0.211887,245.8300018310547,,,,,,,193.3,5.369444444,193.3,5.369444444,,,,,,,,,,,,,,,,,,,"Mickey Moniak","19956",666160
"Miguel Rojas","LAD",15,65,59,15,11,3,0,1,7,7,4,0,8,1,1,0,,1,0,0.259919,0.0640721,0.124816,0.513332,0.311847,0.374929,0.302571,0.686776,0.11501,3.33732,0.280259,-0.0233193,-0.0275079,7.04009,-0.740342,89.5767,-0.0508271,0.554083,-0.8777759671211243,0.8374166786670685,0.211265,999,,,,,,,60,4,60,4,,,,,,,,,,,,,,,,,,,"Miguel Rojas","7802",500743
"Drew Gilbert","SFG",25,110,97,23,15,5,1,2,11,11,9,0,20,2,1,0,,1,1,0.232554,0.0836704,0.182652,0.458087,0.309278,0.369743,0.30104,0.679021,0.137189,4.06982,0.267124,0.0238031,-0.211701,11.6812,-1.37883,90.4081,-0.187898,-0.182799,-1.465273678302765,-0.024465471506118774,0.210459,999,,,,,,,102.9,4.116,102.9,4.116,,,,,,,,,,,,,,,,,,,"Drew Gilbert","31545",687551
"Austin Martin","MIN",20,87,74,18,14,4,0,1,10,7,10,0,15,1,1,0,,3,1,0.245215,0.118452,0.175105,0.676462,0.345773,0.329597,0.309147,0.67537,0.0843825,4.82319,0.296938,0.0204471,-0.00573777,9.84159,-0.522022,96.0785,0.0147093,0.06644,-0.38355198595672846,-0.6533130556344986,0.210037,748.5599975585938,,,,,,,83.7,4.185,83.7,4.185,,,,,,,,,,,,,,,,,,,"Austin Martin","27462",668885
"Ha-Seong Kim","ATL",22,93,81,18,13,3,0,2,10,9,10,0,18,1,1,0,,3,1,0.22601,0.110282,0.191276,0.576556,0.31651,0.334779,0.294129,0.651289,0.108769,4.80906,0.267191,-0.00335957,0.150716,9.41832,-1.69658,82.975,0.147356,-0.202808,-1.7822179347276688,0.7971924096345901,0.207789,748.3800048828125,,,,,,,83.2,3.781818181,83.2,3.781818181,,,,,,,,,,,,,,,,,,,"Ha-Seong Kim","27506",673490
"Victor Mesa Jr.","TBR",23,100,90,21,14,4,0,3,11,12,8,0,22,1,1,0,,2,1,0.234641,0.0779935,0.216892,0.359596,0.297591,0.391206,0.302712,0.688797,0.156565,4.4209,0.271084,0.00917569,-0.0857017,10.7671,-1.11963,91.4802,-0.076526,0.443703,-1.0689418092370033,-0.4559881091117859,0.206876,999,,,,,,,95.4,4.147826086,95.4,4.147826086,,,,,,,,,,,,,,,,,,,"Victor Mesa Jr.","25999",683748
"Spencer Jones","NYY",18,77,69,16,9,3,0,3,10,11,6,0,29,1,0,0,,2,1,0.22928,0.0831939,0.373296,0.222863,0.297669,0.429165,0.315847,0.726834,0.199884,5.44665,0.331796,-0.00402169,0.0915198,9.12629,-0.0434997,102.654,0.0874981,-0.230877,0.3260272592306137,-1.0558773875236511,0.204859,999,,,,,,,79.5,4.416666666,79.5,4.416666666,,,,,,,,,,,,,,,,,,,"Spencer Jones","31532",682987
"Ryan Vilade","TBR",18,78,70,17,11,3,0,2,9,10,7,0,18,1,1,0,,1,0,0.242307,0.0829161,0.233839,0.354586,0.311422,0.396511,0.311443,0.707932,0.154204,4.75047,0.294423,0.000707853,-0.0516574,9.01519,-0.324415,97.5475,-0.0509495,0.225097,-0.2754114679992199,-0.5133285820484161,0.204053,999,,,,,,,78.6,4.366666666,78.6,4.366666666,,,,,,,,,,,,,,,,,,,"Ryan Vilade","22165",668723
"Drew Cavanaugh","SFG",22,85,74,16,12,3,0,2,9,8,9,0,26,2,1,0,,1,0,0.219246,0.100619,0.301749,0.333451,0.311563,0.327444,0.289927,0.639007,0.108198,3.78076,0.310222,-0.00369501,-0.0755894,8.32021,-1.84198,82.9861,-0.0792844,0.0823812,-1.8423203006386757,1.7490477785468102,0.203861,999,,,,,,,78,3.545454545,78,3.545454545,,,,,,,,,,,,,,,,,,,"Drew Cavanaugh","33380",701852
"Travis d'Arnaud","LAA",22,86,78,17,10,4,0,3,9,9,5,0,24,2,1,0,,0,0,0.212835,0.0634331,0.277034,0.228972,0.276186,0.365543,0.283168,0.641728,0.152708,2.78455,0.268628,-0.114539,-0.0883665,7.91781,-2.32893,77.5973,-0.202906,0.0382332,-2.452414870262146,1.6167826056480408,0.200275,999,,,,,,,78,3.545454545,78,3.545454545,,,,,,,,,,,,,,,,,,,"Travis d'Arnaud","7739",518595
"Jonny DeLuca","TBR",23,97,89,21,13,5,1,3,11,11,6,0,20,1,1,0,,4,1,0.237236,0.0654116,0.202692,0.322715,0.293729,0.387533,0.298418,0.681262,0.150297,5.94421,0.27581,0.0368299,0.163799,10.1715,-1.43228,88.4962,0.200629,0.0623302,-1.1074700206518173,-0.4044908508658409,0.199584,999,,,,,,,102.8,4.469565217,102.8,4.469565217,,,,,,,,,,,,,,,,,,,"Jonny DeLuca","26365",676356
"Gavin Sheets","SDP",41,177,158,37,23,8,0,6,19,22,17,0,36,2,1,0,,1,0,0.23343,0.0938317,0.205314,0.457017,0.310954,0.403801,0.314239,0.714755,0.170371,2.74537,0.263496,-0.198562,-0.151972,20.7869,-0.331382,100.546,-0.350534,-0.584123,-0.23288359493017197,-3.567456007003784,0.199254,684.8099975585938,,,,,,,187.7,4.57804878,187.7,4.57804878,,,,,,,,,,,,,,,,,,,"Gavin Sheets","19901",657757
"Connor Wong","BOS",27,106,95,23,16,5,0,2,12,11,8,0,26,2,1,1,,2,1,0.244931,0.0754834,0.246173,0.306627,0.312408,0.373197,0.304397,0.685605,0.128267,4.09682,0.312766,-0.0839571,-0.0966275,11.6304,-1.0488,89.2779,-0.180585,-1.19679,-1.512804552912712,0.882689356803894,0.1967,999,,,,,,,98.1,3.633333333,98.1,3.633333333,,,,,,,,,,,,,,,,,,,"Connor Wong","19896",657136
"Richie Palacios","TBR",23,97,85,19,14,4,1,2,11,9,11,0,19,1,1,0,,3,1,0.229255,0.108673,0.192786,0.563695,0.320756,0.339742,0.29815,0.660498,0.110487,5.64048,0.275021,0.00937863,0.0813743,10.1503,-1.45349,88.3097,0.090753,-0.161303,-1.2385523095726967,-0.33954334259033203,0.192879,999,,,,,,,96.4,4.191304347,96.4,4.191304347,,,,,,,,,,,,,,,,,,,"Richie Palacios","24589",680700
"Anthony Seigler","BOS",22,95,82,19,12,5,0,2,11,8,11,0,19,1,1,0,,3,1,0.230439,0.118754,0.20231,0.586993,0.326934,0.35829,0.308265,0.685223,0.127851,5.39987,0.279034,-0.00599286,0.132578,10.6825,-0.638242,91.9657,0.126585,-1.10974,-0.7647145837545395,-0.7702368199825287,0.188646,999,,,,,,,96.6,4.39090909,96.6,4.39090909,,,,,,,,,,,,,,,,,,,"Anthony Seigler","23802",678011
"Everson Pereira","CHW",22,95,85,19,12,3,0,4,12,11,7,0,30,1,1,0,,2,0,0.225259,0.0783859,0.318713,0.245945,0.295139,0.396626,0.303894,0.691765,0.171366,4.71511,0.299914,-0.0336089,-0.00154175,10.3455,-0.975238,92.9374,-0.0351507,-0.458762,-0.8186528384685516,-0.7303664684295654,0.18722,999,,,,,,,95.5,4.34090909,95.5,4.34090909,,,,,,,,,,,,,,,,,,,"Everson Pereira","23695",677592
"Victor Robles","SEA",16,71,64,16,12,3,0,1,8,6,5,0,15,2,0,1,,4,1,0.245601,0.0634592,0.210408,0.301601,0.309853,0.343088,0.292697,0.652941,0.0974869,5.82706,0.304187,0.00254053,0.212812,7.08156,-1.37297,92.0667,0.215353,0.330344,-0.4419153183698654,-0.2667243778705597,0.185258,727.5399780273438,,,,,,,69.5,4.34375,69.5,4.34375,,,,,,,,,,,,,,,,,,,"Victor Robles","18363",645302
"Gabriel Arias","CLE",15,65,60,14,9,3,0,2,7,7,4,0,21,1,0,0,,1,0,0.234416,0.0615595,0.322615,0.190814,0.288352,0.385619,0.294358,0.673971,0.151203,4.69317,0.324571,0.0258806,-0.0179941,6.58747,-1.17238,87.7784,0.00788652,0.264729,-0.9214701112359762,0.41719837486743927,0.184852,748.3800048828125,,,,,,,62.8,4.186666666,62.8,4.186666666,,,,,,,,,,,,,,,,,,,"Gabriel Arias","22563",672356
"Kyle Higashioka","TEX",13,52,47,10,7,2,0,2,5,6,4,0,13,0,0,0,,0,0,0.222783,0.0735361,0.25093,0.293054,0.283908,0.391021,0.295753,0.674928,0.168237,2.98255,0.263551,-0.0994222,-0.0514322,5.27493,-0.87002,88.9727,-0.150854,-0.228295,-0.8148882836103439,0.5717051476240158,0.182205,999,,,,,,,45.6,3.507692307,45.6,3.507692307,,,,,,,,,,,,,,,,,,,"Kyle Higashioka","5517",543309
"Christian Encarnacion-Strand","BAL",17,73,68,17,10,3,0,3,8,11,3,0,19,1,0,0,,0,0,0.243819,0.0467105,0.265608,0.175862,0.287381,0.436996,0.312221,0.724377,0.193177,3.34279,0.294221,0.0108748,-0.119224,8.47035,-0.256905,100.456,-0.10835,-0.275882,-0.06931424885988235,-0.7666231989860535,0.180646,999,,,,,,,76.1,4.476470588,76.1,4.476470588,,,,,,,,,,,,,,,,,,,"Christian Encarnacion-Strand","30011",687952
"TJ Friedl","CIN",28,119,103,24,17,4,1,3,13,11,12,0,22,2,1,1,,2,1,0.230003,0.0998695,0.187104,0.533766,0.321946,0.355888,0.305176,0.677834,0.125885,5.00422,0.267129,0.055079,0.0864934,13.0555,-1.09546,86.0152,0.141572,0.0425575,-1.8763803243637085,-0.21207210421562195,0.179956,265.1499938964844,,,,,,,119.9,4.282142857,119.9,4.282142857,,,,,,,,,,,,,,,,,,,"TJ Friedl","19522",670770
"Jorge Polanco","NYM",33,144,128,30,19,6,0,6,16,18,14,0,30,1,1,1,,1,0,0.236138,0.0989274,0.207999,0.475615,0.315304,0.416512,0.320725,0.731817,0.180374,2.65363,0.262787,-0.065206,-0.165134,17.671,0.489264,104.447,-0.23034,-0.0716134,0.5488374829292297,-3.4659033864736557,0.179841,209.42999267578125,,,,,,,160.7,4.869696969,160.7,4.869696969,,,,,,,,,,,,,,,,,,,"Jorge Polanco","13152",593871
"LaMonte Wade Jr.","HOU",21,92,77,17,11,3,0,2,11,9,13,0,22,1,1,0,,1,0,0.216159,0.145782,0.243754,0.598071,0.338315,0.354902,0.313158,0.693217,0.138744,3.54079,0.270545,-0.154754,-0.0603544,10.7179,-0.252916,100.223,-0.215108,-0.320451,-0.19110733270645142,-1.355636179447174,0.17681,999,,,,,,,89.6,4.266666666,89.6,4.266666666,,,,,,,,,,,,,,,,,,,"LaMonte Wade Jr.","18126",664774
"Ke'Bryan Hayes","CIN",32,138,126,29,21,5,1,3,14,13,9,0,27,1,1,0,,2,1,0.232242,0.068385,0.195795,0.349268,0.289401,0.344073,0.281106,0.633474,0.111831,4.76791,0.27341,0.0456434,0.0383092,12.4537,-3.9614,69.9402,0.0839526,1.71258,-4.947540566325188,2.204864263534546,0.176299,999,,,,,,,115.8,3.61875,115.8,3.61875,,,,,,,,,,,,,,,,,,,"Ke'Bryan Hayes","18577",663647
"James Outman","DET",20,85,75,15,9,3,1,3,10,9,8,0,30,1,1,0,,3,1,0.203244,0.0934759,0.350922,0.266372,0.288775,0.372774,0.292444,0.661549,0.16953,6.51408,0.288552,0.0272331,0.123037,8.43482,-1.65606,84.9875,0.15027,-0.192908,-1.334240883588791,0.044283390045166016,0.176085,999,,,,,,,81.5,4.075,81.5,4.075,,,,,,,,,,,,,,,,,,,"James Outman","24770",681546
"Luisangel Acuña","CHW",18,78,73,18,14,3,0,1,9,7,4,0,14,1,1,0,,5,1,0.253651,0.0556441,0.184831,0.301054,0.298421,0.335697,0.282228,0.634117,0.0820456,6.18197,0.30371,0.0502516,0.274683,7.15708,-2.18252,77.8816,0.324935,0.0896469,-1.699405312538147,0.6243691369891167,0.175027,395.510009765625,,,,,,,67.6,3.755555555,67.6,3.755555555,,,,,,,,,,,,,,,,,,,"Luisangel Acuna","26548",682668
"Andrew Benintendi","CHW",39,166,150,37,24,7,1,5,19,21,14,1,33,1,1,0,,1,0,0.247762,0.087135,0.198318,0.439369,0.314791,0.403749,0.314371,0.718539,0.155987,3.6342,0.284296,-0.0899079,-0.144262,19.5182,-0.293103,100.219,-0.23417,-0.0708808,-0.19173457100987434,-4.0261277705430984,0.174845,735.8099975585938,,,,,,,177.1,4.541025641,177.1,4.541025641,,,,,,,,,,,,,,,,,,,"Andrew Benintendi","17901",643217
"Ramón Urías","STL",17,72,65,16,10,3,0,2,8,8,5,0,16,1,1,0,,1,0,0.240202,0.0751992,0.216603,0.347175,0.307689,0.382367,0.305201,0.690056,0.142165,3.41893,0.285297,-0.040187,-0.0545141,7.94867,-0.66538,92.9453,-0.0947011,-0.0314225,-0.7143644094467163,0.07691086828708649,0.173804,999,,,,,,,72,4.235294117,72,4.235294117,,,,,,,,,,,,,,,,,,,"Ramon Urias","18795",602104
"Hao-Yu Lee","DET",12,53,48,12,8,2,0,1,6,6,4,0,12,1,0,0,,1,0,0.243607,0.0719703,0.218807,0.328921,0.305669,0.387296,0.304699,0.692965,0.143689,5.04311,0.292598,-0.0206111,-0.0138669,5.76676,-0.505953,93.5039,-0.034478,0.0604634,-0.43378932401537895,0.2485806569457054,0.171976,999,,,,,,,51.3,4.275,51.3,4.275,,,,,,,,,,,,,,,,,,,"Hao-Yu Lee","30080",701678
"Matt Shaw","CHC",14,61,54,13,8,2,0,2,7,7,5,0,12,1,0,0,,2,1,0.243932,0.0905832,0.190812,0.474725,0.32064,0.406744,0.320316,0.727384,0.162812,6.09455,0.277349,0.00505436,0.0846581,7.41028,0.185598,102.69,0.0897125,0.0991036,0.2878747582435608,-0.567563071846962,0.171619,336.67999267578125,,,,,,,62.4,4.457142857,62.4,4.457142857,,,,,,,,,,,,,,,,,,,"Matt Shaw","33322",807713
"Amed Rosario","NYY",17,75,70,18,13,3,0,2,8,9,3,0,15,1,1,0,,1,0,0.254791,0.0462303,0.201495,0.229437,0.292737,0.389288,0.297843,0.682025,0.134497,4.95462,0.297699,0.126051,0.0133989,7.75954,-1.13238,90.143,0.13945,-0.375876,-0.7194511145353317,-0.2592097297310829,0.171184,999,,,,,,,72.2,4.247058823,72.2,4.247058823,,,,,,,,,,,,,,,,,,,"Amed Rosario","15518",642708
"Carson Williams","TBR",17,74,66,14,8,2,1,2,9,8,6,0,25,1,0,0,,2,1,0.20494,0.0812566,0.341529,0.23792,0.275124,0.366919,0.282986,0.642043,0.161979,6.16752,0.285327,-0.00826456,-0.0301372,6.76857,-2.005,77.7717,-0.0384017,0.263551,-1.9495072327554226,1.0019772052764893,0.170741,724.5499877929688,,,,,,,64.7,3.805882352,64.7,3.805882352,,,,,,,,,,,,,,,,,,,"Carson Williams","30038",700246
"Gary Sánchez","MIL",14,57,49,11,6,2,0,3,7,8,7,0,14,1,0,0,,0,0,0.216501,0.113613,0.246926,0.460109,0.317933,0.414545,0.323231,0.732478,0.198044,2.51094,0.245965,-0.0590139,-0.074167,7.15526,0.311662,103.616,-0.133181,-0.260231,0.1191512793302536,-0.16023050248622894,0.170679,999,,,,,,,70.6,5.042857142,70.6,5.042857142,,,,,,,,,,,,,,,,,,,"Gary Sanchez","11442",596142
"Nathan Church","STL",26,114,105,26,19,4,1,2,13,12,7,0,18,1,1,1,,3,1,0.245126,0.0595589,0.161533,0.368709,0.298176,0.364347,0.2925,0.662523,0.119221,5.14966,0.274723,0.0103412,-0.00722974,11.3864,-2.22932,84.4635,0.00311142,-0.197456,-2.1539518292993307,0.11087726056575775,0.169743,999,,,,,,,103.6,3.984615384,103.6,3.984615384,,,,,,,,,,,,,,,,,,,"Nathan Church","31357",701675
"Donovan Walton","ATH",14,58,52,13,9,3,0,1,7,6,5,0,10,1,0,0,,0,0,0.245282,0.0874059,0.168,0.520273,0.319257,0.368787,0.305791,0.688043,0.123505,3.49523,0.280274,-0.0134306,-0.100462,6.43813,-0.508678,91.6479,-0.113893,0.0286431,-0.6824625954031944,0.2536431308835745,0.167778,999,,,,,,,56.9,4.064285714,56.9,4.064285714,,,,,,,,,,,,,,,,,,,"Donovan Walton","19314",622268
"Leo Jiménez","MIA",17,76,66,15,11,3,0,1,8,7,6,0,16,3,1,0,,1,0,0.233125,0.0834788,0.206086,0.405067,0.324626,0.345256,0.303505,0.669882,0.112131,3.58903,0.284045,-0.0271701,-0.101878,8.20084,-0.79914,88.3804,-0.129048,-0.0232669,-1.1953982263803482,0.34478865563869476,0.162876,999,,,,,,,65,3.823529411,65,3.823529411,,,,,,,,,,,,,,,,,,,"Leo Jimenez","23782",677870
"Ali Sánchez","NYY",11,45,41,9,7,2,0,1,4,5,3,0,11,0,0,0,,0,0,0.223577,0.0642592,0.248142,0.258962,0.280009,0.331596,0.272545,0.611605,0.108019,2.76283,0.281856,-0.0198456,-0.0626322,3.7366,-1.59855,72.5627,-0.0824778,0.198693,-1.5169395878911018,1.0736931264400482,0.161909,999,,,,,,,33.6,3.054545454,33.6,3.054545454,,,,,,,,,,,,,,,,,,,"Ali Sanchez","18551",645305
"Jesus Rodriguez","SFG",14,55,49,13,10,2,0,1,6,5,4,0,9,1,0,0,,1,1,0.264785,0.0793999,0.156258,0.508134,0.328702,0.368972,0.310358,0.697674,0.104187,4.75271,0.303584,0.0106567,-0.0405082,6.24352,-0.274574,96.6307,-0.0298515,-0.288841,-0.25379003025591373,0.15282565355300903,0.160005,999,,,,,,,53.1,3.792857142,53.1,3.792857142,,,,,,,,,,,,,,,,,,,"Jesus Rodriguez","26991",683679
"Davis Schneider","TOR",10,44,37,8,4,2,0,1,5,5,6,0,13,1,0,0,,1,0,0.20802,0.137979,0.290505,0.474964,0.325386,0.381448,0.316537,0.706834,0.173428,4.09343,0.270112,-0.0137742,-0.0203092,5.18158,-0.000222774,102.6,-0.0340834,0.0733787,0.09795353934168816,-0.09838055819272995,0.157535,999,,,,,,,45.9,4.59,45.9,4.59,,,,,,,,,,,,,,,,,,,"Davis Schneider","23565",676914
"Nathaniel Lowe","CIN",27,116,102,26,17,4,0,4,13,15,13,0,29,1,1,0,,0,0,0.251624,0.107606,0.245409,0.438475,0.334891,0.423173,0.33252,0.758064,0.171549,2.39039,0.306823,-0.130265,-0.176359,15.3767,1.50883,104.277,-0.306623,-0.100292,0.29816654324531555,-2.5532238706946373,0.155231,999,,,,,,,134.8,4.992592592,134.8,4.992592592,,,,,,,,,,,,,,,,,,,"Nathaniel Lowe","19566",663993
"Pedro Pagés","STL",12,47,43,10,6,2,0,1,4,5,3,0,12,0,0,0,,0,0,0.221595,0.0617105,0.260014,0.237335,0.27529,0.352316,0.276478,0.627605,0.130721,3.20084,0.277683,-0.0423255,-0.020634,4.06423,-1.52498,73.7631,-0.0629595,0.317343,-1.5582721084356308,1.2340092957019806,0.154024,748.2899780273438,,,,,,,37.2,3.1,37.2,3.1,,,,,,,,,,,,,,,,,,,"Pedro Pages","25782",686780
"Luis Urías","TOR",11,46,40,9,6,2,0,1,5,5,4,0,8,1,0,0,,0,0,0.23303,0.0948454,0.177524,0.534268,0.320645,0.377381,0.311629,0.698026,0.144351,3.17623,0.259277,-0.00547216,-0.0449682,5.27198,-0.182555,99.1893,-0.0504404,-0.287859,-0.09377475082874298,-0.09156274795532227,0.147082,999,,,,,,,40.6,3.69090909,40.6,3.69090909,,,,,,,,,,,,,,,,,,,"Luis Urias","16622",649966
"Wade Meckler","LAA",17,73,65,17,13,3,0,1,8,7,7,0,15,0,0,0,,1,0,0.263881,0.0985931,0.209469,0.470682,0.33861,0.360108,0.31275,0.698718,0.0962267,4.37054,0.331076,0.00687037,-0.0387345,8.50182,-0.225436,98.1549,-0.0318641,-0.362048,-0.1896609552204609,-0.983652800321579,0.146442,999,,,,,,,71.2,4.188235294,71.2,4.188235294,,,,,,,,,,,,,,,,,,,"Wade Meckler","31490",685133
"Brenton Doyle","COL",16,69,63,15,10,3,0,2,8,7,5,0,19,0,0,0,,3,1,0.240664,0.0666825,0.272597,0.244619,0.29413,0.388853,0.29946,0.682983,0.148188,6.30849,0.309082,0.0310471,0.213503,7.22993,-0.951874,73.5677,0.24455,0.913834,-1.9606710821390152,1.1592044085264206,0.145212,166.25,,,,,,,66.4,4.15,66.4,4.15,,,,,,,,,,,,,,,,,,,"Brenton Doyle","25479",686668
"Brice Matthews","HOU",14,58,52,11,7,2,0,2,7,7,5,0,19,1,0,0,,2,1,0.214261,0.086351,0.324608,0.266016,0.28966,0.373372,0.293164,0.663032,0.159111,6.26568,0.293186,0.00760702,0.0833122,5.84942,-1.10768,86.3283,0.0909192,0.0732812,-0.8411590456962585,0.18562686443328857,0.145106,740.969970703125,,,,,,,53.2,3.8,53.2,3.8,,,,,,,,,,,,,,,,,,,"Brice Matthews","33280",694728
"Spencer Steer","CIN",20,88,78,18,11,4,0,3,10,11,9,0,19,1,1,0,,1,0,0.236592,0.0967767,0.217124,0.445721,0.31942,0.412507,0.322308,0.731927,0.175915,4.00423,0.272038,-0.015558,0.00106209,10.8828,0.411091,97.4569,-0.0144959,-0.0932109,-0.28604895528405905,-1.171143040060997,0.142115,335.70001220703125,,,,,,,94.5,4.725,94.5,4.725,,,,,,,,,,,,,,,,,,,"Spencer Steer","26323",668715
"Marcelo Mayer","BOS",16,71,65,15,10,3,0,2,8,8,5,0,15,1,1,0,,1,0,0.236525,0.0720322,0.217011,0.331928,0.295902,0.371909,0.293998,0.667811,0.135383,4.08918,0.284071,0.0168429,-0.0464412,7.18696,-1.30359,82.0513,-0.0295983,-0.149324,-1.5229804143309593,0.37691041827201843,0.142006,589.5399780273438,,,,,,,66.4,4.15,66.4,4.15,,,,,,,,,,,,,,,,,,,"Marcelo Mayer","29668",691785
"Daniel Schneemann","CLE",21,90,80,17,11,4,0,2,9,9,8,0,25,0,1,0,,2,1,0.216239,0.0940241,0.275033,0.341865,0.292496,0.348046,0.285745,0.640542,0.131807,4.61638,0.282782,-0.0500856,0.00654281,8.4584,-2.24483,81.7933,-0.0435428,0.267695,-1.9531696252524853,0.13930030167102814,0.141591,999,,,,,,,70.6,3.361904761,70.6,3.361904761,,,,,,,,,,,,,,,,,,,"Daniel Schneemann","25180",682177
"Ildemaro Vargas","ARI",28,121,112,29,21,5,1,2,13,14,7,0,13,1,1,1,,1,0,0.261204,0.0579487,0.103304,0.560956,0.308773,0.37697,0.301147,0.685743,0.115766,4.30702,0.27794,0.0179024,-0.0861575,12.9389,-1.51557,87.1567,-0.0682551,0.605365,-1.9612453058362007,-0.5969502329826355,0.140736,999,,,,,,,115.3,4.117857142,115.3,4.117857142,,,,,,,,,,,,,,,,,,,"Ildemaro Vargas","13324",545121
"Bryan Torres","STL",15,63,55,15,11,2,0,1,7,6,7,0,11,0,0,1,,2,1,0.267054,0.109315,0.17676,0.618436,0.350082,0.369631,0.323146,0.719714,0.102577,4.98254,0.318556,-0.0112762,0.00210509,7.83987,0.33731,104.93,-0.00917109,-0.25743,0.367956823669374,-1.0324303805828094,0.1403,999,,,,,,,66.2,4.413333333,66.2,4.413333333,,,,,,,,,,,,,,,,,,,"Bryan Torres","21464",663494
"Max Kepler","ARI",33,144,128,31,19,7,0,4,16,17,13,1,29,1,1,0,,1,0,0.238395,0.0933379,0.197754,0.47199,0.314183,0.391995,0.310428,0.706178,0.1536,3.60601,0.273898,-0.117993,-0.0746474,16.4662,-0.715591,93.3549,-0.192641,0.177111,-1.3568689674139023,-1.9576108008623123,0.139551,999,,,,,,,147.4,4.466666666,147.4,4.466666666,,,,,,,,,,,,,,,,,,,"Max Kepler","12144",596146
"Tyler Tolbert","KCR",15,66,60,14,10,3,0,1,8,6,4,0,16,1,0,1,,6,1,0.237186,0.0613087,0.24314,0.252154,0.292817,0.340288,0.281787,0.633105,0.103102,7.86034,0.30704,-0.0344966,0.666909,6.03711,-1.87197,74.7664,0.632412,0.301632,-1.3233064413070679,0.3261695075780153,0.139423,999,,,,,,,60.1,4.006666666,60.1,4.006666666,,,,,,,,,,,,,,,,,,,"Tyler Tolbert","25779",686475
"Javier Báez","DET",27,117,110,26,18,5,0,3,13,13,4,0,27,1,1,0,,2,0,0.23986,0.0360698,0.227887,0.15828,0.27506,0.370832,0.282362,0.645891,0.130971,4.76867,0.289472,0.0680662,0.0534589,10.6714,-3.23764,77.9813,0.121525,-0.780343,-2.8796476647257805,0.07845348119735718,0.138983,740.6500244140625,,,,,,,97.1,3.596296296,97.1,3.596296296,,,,,,,,,,,,,,,,,,,"Javier Baez","12979",595879
"Jose Siri","LAA",14,60,54,11,7,2,0,2,7,7,4,0,20,1,0,0,,2,0,0.21137,0.0638393,0.340094,0.187711,0.270108,0.384193,0.286122,0.654301,0.172824,5.71916,0.286389,0.0216246,0.0353187,5.62187,-1.46903,79.6498,0.0569433,0.533955,-1.357126671820879,0.5830294117331505,0.137154,999,,,,,,,51,3.642857142,51,3.642857142,,,,,,,,,,,,,,,,,,,"Jose Siri","17452",642350
"Elias Díaz","TEX",18,70,65,15,10,3,0,2,7,7,4,0,17,1,0,0,,0,0,0.226025,0.0572979,0.237762,0.240988,0.275055,0.359211,0.278882,0.634266,0.133186,2.35799,0.274709,-0.100091,-0.0724617,6.23357,-2.15024,77.2483,-0.172552,-0.446918,-2.041754722595215,0.9280818998813629,0.13524,999,,,,,,,61.5,3.416666666,61.5,3.416666666,,,,,,,,,,,,,,,,,,,"Elias Diaz","11680",553869
"José Tena","WSN",19,80,73,18,12,4,1,2,9,8,6,0,21,0,0,0,,2,1,0.249371,0.0735386,0.261904,0.280784,0.307922,0.379811,0.303481,0.687733,0.13044,5.22636,0.326093,0.0157254,-0.027998,8.69633,-0.849108,89.7036,-0.0122726,-0.0656977,-1.0144618824124336,-0.27017296850681305,0.133972,999,,,,,,,82.9,4.363157894,82.9,4.363157894,,,,,,,,,,,,,,,,,,,"Jose Tena","23691",677588
"Tyler Locklear","ARI",23,98,88,22,14,5,0,3,12,12,8,0,25,2,1,0,,2,1,0.248215,0.0803986,0.250634,0.320782,0.323203,0.402006,0.31975,0.725209,0.153791,5.00008,0.312737,-0.0111874,0.0262229,11.9833,0.25608,99.5808,0.0150355,-0.12101,-0.03509747236967087,-1.8794981092214584,0.130496,999,,,,,,,108.9,4.734782608,108.9,4.734782608,,,,,,,,,,,,,,,,,,,"Tyler Locklear","31396",682988
"Jake Rogers","DET",9,34,30,6,4,1,0,1,4,4,3,0,10,0,0,0,,0,0,0.200855,0.0910171,0.292961,0.310679,0.279027,0.353235,0.280493,0.632262,0.15238,4.11834,0.258793,-0.00477643,-0.0225543,3.06695,-0.997926,75.2527,-0.0273307,0.290369,-1.0330970082432032,0.9570357501506805,0.126408,999,,,,,,,24.9,2.766666666,24.9,2.766666666,,,,,,,,,,,,,,,,,,,"Jake Rogers","19452",668670
"Carlos Cortes","ATH",25,107,96,24,15,5,0,3,12,12,9,0,20,1,1,0,,0,0,0.245159,0.085428,0.190267,0.448991,0.314273,0.406087,0.316357,0.72036,0.160928,3.04179,0.277791,-0.0645711,-0.132377,12.7659,-0.0162303,98.9906,-0.196948,0.0261944,-0.3233783096075058,-2.290472451597452,0.123707,999,,,,,,,111.1,4.444,111.1,4.444,,,,,,,,,,,,,,,,,,,"Carlos Cortes","21842",666126
"Jacob Gonzalez","PIT",31,133,121,28,18,6,0,3,13,15,9,0,24,2,1,1,,2,1,0.229811,0.0675257,0.183684,0.367619,0.289743,0.355257,0.285991,0.644999,0.125445,4.42366,0.264988,0.0137407,0.0247312,12.527,-3.29112,76.1505,0.038472,-0.389415,-3.8083655573427677,0.7065730094909668,0.123369,999,,,,,,,115.4,3.722580645,115.4,3.722580645,,,,,,,,,,,,,,,,,,,"Jacob Gonzalez","33225",694378
"Mitch Garver","SEA",13,53,46,9,6,1,0,2,6,6,6,0,16,1,0,0,,0,0,0.197643,0.11783,0.301612,0.390667,0.30017,0.350299,0.292061,0.65047,0.152657,3.45432,0.25786,-0.083822,-0.0273223,5.23338,-1.04713,91.6247,-0.111144,-0.546134,-0.6266078948974609,0.2963046431541443,0.123266,999,,,,,,,47.1,3.623076923,47.1,3.623076923,,,,,,,,,,,,,,,,,,,"Mitch Garver","15161",641598
"Colby Thomas","ATH",26,112,103,24,14,5,0,4,13,15,6,0,33,2,1,0,,2,1,0.233194,0.0545101,0.297091,0.18348,0.286515,0.410374,0.303563,0.696889,0.17718,4.66055,0.301367,0.0192574,-0.101157,12.1589,-1.179,90.0999,-0.0818998,0.223468,-1.37588682025671,-1.4098649471998215,0.123179,748.5900268554688,,,,,,,108.5,4.173076923,108.5,4.173076923,,,,,,,,,,,,,,,,,,,"Colby Thomas","31855",687515
"Samad Taylor","SDP",20,86,77,19,14,3,1,2,11,8,7,0,21,1,1,1,,4,1,0.246147,0.086662,0.246348,0.351787,0.31577,0.359747,0.301258,0.675517,0.1136,6.55827,0.318987,-0.00703476,0.239618,9.21105,-1.07023,91.8767,0.232584,-0.154538,-0.6190402209758759,-0.9795376807451248,0.122511,999,,,,,,,91.4,4.57,91.4,4.57,,,,,,,,,,,,,,,,,,,"Samad Taylor","22274",669392
"Austin Hays","CHW",19,83,76,19,12,4,0,3,10,10,5,0,21,1,1,0,,1,0,0.246031,0.0653144,0.252232,0.258945,0.300705,0.415119,0.310419,0.715825,0.169088,4.7445,0.302929,-0.00397434,-0.0398183,9.49251,-0.413131,97.4723,-0.0437927,-0.0905966,-0.28915516659617424,-1.4910596311092377,0.120748,572.469970703125,,,,,,,90.1,4.742105263,90.1,4.742105263,,,,,,,,,,,,,,,,,,,"Austin Hays","19363",669720
"Matt Wallner","MIN",9,39,34,8,4,2,0,2,5,5,4,0,13,1,0,0,,0,0,0.223177,0.098811,0.321122,0.307705,0.31974,0.43365,0.330143,0.753389,0.210473,4.06105,0.29446,-0.0184954,-0.0439474,5.06573,0.42938,110.669,-0.0624428,-0.112592,0.4223035126924515,-0.6278693377971649,0.120151,340.5899963378906,,,,,,,50.4,5.6,50.4,5.6,,,,,,,,,,,,,,,,,,,"Matt Wallner","26466",670242
"Jake Fraley","TBR",17,74,65,16,11,3,0,2,8,7,7,0,16,1,0,0,,2,1,0.239313,0.0941461,0.214751,0.438396,0.318186,0.372939,0.307067,0.691125,0.133627,4.69928,0.288271,-0.0329512,0.0983894,8.20739,-0.566172,94.5069,0.0654383,-0.123401,-0.40683845430612564,-1.0485555678606033,0.119253,999,,,,,,,77.1,4.535294117,77.1,4.535294117,,,,,,,,,,,,,,,,,,,"Jake Fraley","19260",641584
"Jorbit Vivas","WSN",21,92,80,19,14,3,0,1,10,8,9,0,13,2,1,0,,1,1,0.234049,0.0953498,0.142245,0.670319,0.32169,0.331637,0.295888,0.653328,0.0975882,4.34207,0.263625,0.00475037,-0.128932,9.3746,-1.53447,84.6329,-0.124182,0.0794305,-1.8335990607738495,0.01399841159582138,0.11748,999,,,,,,,76.6,3.647619047,76.6,3.647619047,,,,,,,,,,,,,,,,,,,"Jorbit Vivas","23917",678391
"J.C. Escarra","NYY",5,21,19,4,3,1,0,0,2,2,2,0,4,0,0,0,,0,0,0.232312,0.0854659,0.179104,0.477185,0.304116,0.368561,0.29843,0.672677,0.136249,3.83981,0.265826,-0.00310994,-0.0220112,2.22717,-0.313376,90.5512,-0.0251211,0.00579622,-0.2603588365018368,0.4224628717638552,0.115716,999,,,,,,,12.3,2.46,12.3,2.46,,,,,,,,,,,,,,,,,,,"J.C. Escarra","20084",641555
"Cam Cauley","TEX",26,112,102,22,14,5,1,3,13,11,8,0,32,1,1,0,,4,1,0.217991,0.0702125,0.286997,0.244646,0.276058,0.361866,0.280656,0.637924,0.143875,6.73411,0.28825,0.0142364,0.206002,10.0782,-3.25967,78.4814,0.220238,-0.741164,-2.5923280864953995,-0.27449753880500793,0.11496,999,,,,,,,101.4,3.9,101.4,3.9,,,,,,,,,,,,,,,,,,,"Cam Cauley","29710",695508
"Nicky Lopez","TEX",21,89,79,20,16,3,1,0,8,7,7,0,14,1,1,1,,2,1,0.24568,0.0756432,0.153163,0.493873,0.310201,0.307638,0.280174,0.617839,0.0619579,4.45808,0.289591,0.0819802,-0.125053,7.94395,-2.61521,78.1466,-0.0430731,-0.125734,-2.3043257370591164,0.25759899616241455,0.113602,999,,,,,,,72.4,3.447619047,72.4,3.447619047,,,,,,,,,,,,,,,,,,,"Nicky Lopez","19339",670032
"Victor Scott II","STL",19,84,74,16,12,3,0,1,9,7,7,0,19,1,1,1,,5,1,0.216013,0.0803333,0.223182,0.359945,0.291102,0.307483,0.271481,0.598585,0.0914706,6.33009,0.27132,0.0505295,0.446128,6.93361,-3.0698,70.4256,0.496658,0.606065,-2.520050585269928,0.9060646295547485,0.113258,391.1300048828125,,,,,,,64.4,3.389473684,64.4,3.389473684,,,,,,,,,,,,,,,,,,,"Victor Scott II","31349",687363
"Giancarlo Stanton","NYY",14,58,52,12,7,2,0,3,7,9,5,0,18,0,0,0,,0,0,0.226752,0.0919059,0.309647,0.296808,0.300641,0.455672,0.325487,0.756313,0.22892,1.81807,0.273438,-0.10839,-0.0521095,7.36988,0.42307,109.353,-0.1605,0,0.4762286841869354,-1.4583333730697632,0.111684,251.4600067138672,,,,,,,64.2,4.585714285,64.2,4.585714285,,,,,,,,,,,,,,,,,,,"Giancarlo Stanton","4949",519317
"Max Clark","DET",8,34,30,7,5,1,0,1,4,3,3,0,7,0,0,0,,1,0,0.242172,0.0956013,0.189921,0.503375,0.319228,0.366346,0.304577,0.685574,0.124174,4.8528,0.284674,-0.00588889,0.0140918,3.75753,-0.333375,93.4189,0.00820292,0,-0.25562342535704374,0.12268518656492233,0.110926,999,,,,,,,32.4,4.05,32.4,4.05,,,,,,,,,,,,,,,,,,,"Max Clark","sa3022683",703601
"Alika Williams","ATH",11,49,45,11,8,2,0,1,5,5,3,0,10,1,0,0,,0,0,0.243397,0.0589143,0.212233,0.277592,0.295023,0.356431,0.288429,0.651454,0.113034,3.72515,0.296663,-0.0158296,-0.0767708,4.7181,-1.11722,79.5826,-0.0926004,0.236451,-1.2601276189088821,0.5947845280170441,0.109998,999,,,,,,,43.8,3.981818181,43.8,3.981818181,,,,,,,,,,,,,,,,,,,"Alika Williams","27604",675961
"Nick Allen","HOU",16,67,61,14,11,3,0,1,7,5,5,0,14,1,1,1,,1,1,0.23039,0.0755252,0.202058,0.37378,0.293186,0.30837,0.271489,0.601556,0.0779798,4.29361,0.284126,-0.000390975,-0.0475496,5.5645,-2.46293,71.2664,-0.0479406,0.631622,-2.3082491010427475,0.9847087860107422,0.10993,999,,,,,,,52.6,3.2875,52.6,3.2875,,,,,,,,,,,,,,,,,,,"Nick Allen","22277",669397
"Michael Conforto","CHC",25,107,93,21,12,5,0,4,12,12,12,0,28,1,1,0,,0,0,0.223264,0.110146,0.263817,0.41751,0.31785,0.391491,0.313811,0.709341,0.168227,2.93117,0.277807,-0.025184,-0.0961219,12.5443,-0.237826,98.3459,-0.121306,-0.289621,-0.3369031324982643,-2.0729547142982483,0.109484,999,,,,,,,115.7,4.628,115.7,4.628,,,,,,,,,,,,,,,,,,,"Michael Conforto","16376",624424
"Alex Call","LAD",8,33,28,7,5,1,0,1,4,4,4,0,6,1,0,0,,0,0,0.238309,0.123457,0.183031,0.674513,0.344129,0.367729,0.321189,0.711857,0.12942,3.92429,0.277355,-0.00439495,-0.0413236,4.01327,0.123054,102.01,-0.0457185,0.0920746,0.034031763672828674,-0.024592027068138123,0.108635,999,,,,,,,38.5,4.8125,38.5,4.8125,,,,,,,,,,,,,,,,,,,"Alex Call","19296",669743
"Edouard Julien","COL",28,119,102,24,17,4,1,3,14,11,16,0,33,1,1,0,,2,1,0.240049,0.130813,0.273745,0.477864,0.343969,0.370014,0.3209,0.713983,0.129965,4.22778,0.325308,-0.0706078,-0.150113,14.6026,0.420772,87.8868,-0.220721,-0.622521,-1.9724181294441223,-0.8351753205060959,0.107902,746.0499877929688,,,,,,,129.9,4.639285714,129.9,4.639285714,,,,,,,,,,,,,,,,,,,"Edouard Julien","27534",666397
"Jeremiah Jackson","BAL",11,46,43,11,7,2,0,1,5,6,2,0,10,0,0,0,,1,0,0.244772,0.042104,0.214718,0.19609,0.280828,0.401287,0.296259,0.682116,0.156516,4.01151,0.28256,-0.00735998,-0.0470901,4.70105,-0.753481,89.3638,-0.05445,-0.11388,-0.6229688003659248,0.049699895083904266,0.107753,999,,,,,,,41.7,3.79090909,41.7,3.79090909,,,,,,,,,,,,,,,,,,,"Jeremiah Jackson","22239",669236
"Christian Moore","LAA",14,62,55,12,8,2,0,1,6,6,6,0,20,0,0,0,,1,0,0.223898,0.0934132,0.316818,0.294848,0.300837,0.359288,0.29319,0.660125,0.13539,5.27425,0.315186,-0.00272413,-0.0407723,6.19254,-1.17108,84.5619,-0.0434964,0.0190893,-1.1575029641389847,0.010910321027040482,0.107683,748.3499755859375,,,,,,,47.3,3.378571428,47.3,3.378571428,,,,,,,,,,,,,,,,,,,"Christian Moore","34979",695681
"Ryan Mountcastle","BAL",13,55,51,13,8,3,0,2,6,7,3,0,13,0,0,0,,0,0,0.256581,0.0615444,0.244866,0.251339,0.306083,0.425857,0.318582,0.731941,0.169277,3.26991,0.311196,0.0158752,-0.0240743,6.63632,0.0908793,104.877,-0.00819902,0.0110742,0.3046353943645954,-1.215777580626309,0.106673,748.0900268554688,,,,,,,58.3,4.484615384,58.3,4.484615384,,,,,,,,,,,,,,,,,,,"Ryan Mountcastle","18373",663624
"Petey Halpin","CLE",17,74,68,15,10,3,1,1,8,7,5,0,20,1,1,0,,2,0,0.222833,0.0668613,0.26852,0.248999,0.279088,0.347647,0.27718,0.626735,0.124814,6.19041,0.290734,0.00392453,0.110892,6.46311,-2.36706,75.8408,0.114816,0.135649,-1.9756980687379837,0.36836545169353485,0.10557,999,,,,,,,61.6,3.623529411,61.6,3.623529411,,,,,,,,,,,,,,,,,,,"Petey Halpin","27931",690984
"Jahmai Jones","BOS",12,52,45,11,6,3,0,2,6,6,5,0,13,1,0,0,,1,0,0.235836,0.10333,0.254925,0.405335,0.327849,0.408,0.324686,0.735849,0.172164,5.28041,0.297906,-0.000614541,-0.0545178,6.57165,0.345246,103.377,-0.0551324,0.0578776,0.15093160048127174,-0.9776162505149841,0.105534,999,,,,,,,64,5.333333333,64,5.333333333,,,,,,,,,,,,,,,,,,,"Jahmai Jones","18872",663330
"Brian Serven","ATH",17,68,61,12,9,2,0,1,6,6,6,0,21,1,0,0,,0,0,0.204144,0.0826873,0.303779,0.272196,0.279682,0.307675,0.265781,0.587356,0.10353,2.73902,0.283727,-0.028983,-0.0512286,5.31938,-2.81037,63.8438,-0.0802115,0.210768,-2.96067276597023,1.544101357460022,0.10487,999,,,,,,,42.4,2.494117647,42.4,2.494117647,,,,,,,,,,,,,,,,,,,"Brian Serven","19422",661531
"Matt Vierling","DET",23,98,89,21,14,4,1,2,11,10,8,0,20,1,1,0,,1,1,0.238193,0.076286,0.207148,0.368269,0.299838,0.373826,0.296591,0.673663,0.135633,4.94263,0.283174,0.0601991,-0.073524,10.1338,-1.59347,87.8691,-0.0133249,-0.317221,-1.407418210990727,-1.0778693556785583,0.104662,999,,,,,,,90.8,3.947826086,90.8,3.947826086,,,,,,,,,,,,,,,,,,,"Matt Vierling","21558",663837
"Drew Romo","CHW",21,85,78,16,11,3,0,2,8,8,5,0,21,1,1,0,,1,0,0.20618,0.0610316,0.249516,0.2446,0.262524,0.332457,0.26392,0.594981,0.126277,3.63972,0.252576,-0.00274866,-0.0655858,6.47516,-3.61646,65.1586,-0.0683345,-0.327612,-3.513878747820854,1.327480137348175,0.103784,999,,,,,,,59,2.809523809,59,2.809523809,,,,,,,,,,,,,,,,,,,"Drew Romo","27763",691011
"Connor Norby","MIA",16,69,62,15,9,3,0,2,8,7,5,0,19,1,0,0,,1,1,0.237311,0.0785129,0.276711,0.283736,0.306339,0.38533,0.305612,0.691669,0.14802,4.42699,0.309316,-0.0316932,-0.0132054,7.57273,-0.60907,89.7879,-0.0448985,0.159615,-0.8968865238130093,-0.3147675693035126,0.103626,728.1400146484375,,,,,,,66.6,4.1625,66.6,4.1625,,,,,,,,,,,,,,,,,,,"Connor Norby","29592",681393
"Alejandro Osuna","TEX",12,54,47,12,9,2,0,1,6,5,5,0,10,1,0,0,,2,1,0.250167,0.0876797,0.189538,0.462596,0.330857,0.357525,0.309093,0.688382,0.107358,4.83697,0.30056,0.00922368,-0.0325871,6.0668,-0.324267,98.2431,-0.0233635,-0.270799,-0.1333944145590067,-0.7624655365943909,0.103528,999,,,,,,,54.4,4.533333333,54.4,4.533333333,,,,,,,,,,,,,,,,,,,"Alejandro Osuna","27915",696030
"Edgar Quero","CHW",20,78,70,17,13,3,0,1,7,8,6,0,15,1,1,0,,0,0,0.237643,0.0824372,0.195029,0.422692,0.308345,0.335704,0.289587,0.64405,0.0980611,1.8053,0.281841,-0.0778694,-0.123253,7.60531,-1.71004,82.9954,-0.201123,-0.581566,-1.7533893883228302,0.9462117552757263,0.103011,475.1000061035156,,,,,,,64.3,3.215,64.3,3.215,,,,,,,,,,,,,,,,,,,"Edgar Quero","28022",700337
"Jim Jarvis","ATL",20,86,79,19,14,4,0,1,10,8,5,0,15,1,1,0,,2,1,0.239351,0.0630326,0.174818,0.360562,0.29705,0.331431,0.28025,0.628481,0.0920804,5.64053,0.284931,0.0106071,0.0168824,7.74023,-2.54105,73.7062,0.0274895,0.0602472,-2.7290791273117065,0.9352472238242626,0.102716,999,,,,,,,67.4,3.37,67.4,3.37,,,,,,,,,,,,,,,,,,,"Jim Jarvis","33492",805347
"Marcell Ozuna","PIT",29,124,107,25,16,4,0,5,13,14,15,0,31,1,1,0,,0,0,0.235121,0.119675,0.253144,0.472754,0.330337,0.407043,0.325677,0.73738,0.171922,1.34143,0.28561,-0.162376,-0.173916,15.6433,0.916015,102.654,-0.336293,0,0.06232982873916626,-3.0916666984558105,0.100519,377.510009765625,,,,,,,139.6,4.813793103,139.6,4.813793103,,,,,,,,,,,,,,,,,,,"Marcell Ozuna","10324",542303
"Parker Meadows","DET",7,30,27,6,4,1,0,1,3,3,3,0,7,0,0,0,,1,0,0.22773,0.0907334,0.246928,0.367448,0.302196,0.373708,0.298491,0.675904,0.145978,6.76581,0.286522,0.0253888,0.0488943,3.10959,-0.43586,89.1898,0.0742832,0.106324,-0.3013010323047638,0.21265119314193726,0.0988293,745.6900024414062,,,,,,,29.8,4.257142857,29.8,4.257142857,,,,,,,,,,,,,,,,,,,"Parker Meadows","23800",678009
"Kaelen Culpepper","MIN",7,32,29,7,5,1,0,1,3,3,2,0,7,0,0,0,,1,0,0.233728,0.0721008,0.207442,0.34757,0.29749,0.369809,0.295338,0.667299,0.136081,4.77017,0.273015,0,0.0168755,3.2668,-0.55137,86.4824,0.0168755,0,-0.48889842815697193,0.3108024597167969,0.0980547,999,,,,,,,30.4,4.342857142,30.4,4.342857142,,,,,,,,,,,,,,,,,,,"Kaelen Culpepper","sa3025360",701785
"Tristan Gray","MIN",20,85,78,17,11,4,0,2,9,10,5,0,25,1,1,0,,0,0,0.219095,0.0616888,0.293486,0.210193,0.272832,0.365591,0.279526,0.638423,0.146496,3.74977,0.286479,-0.026199,-0.0708058,7.54711,-2.54378,75.494,-0.0970047,-0.278154,-2.5202787667512894,0.44977813959121704,0.0969519,999,,,,,,,65.6,3.28,65.6,3.28,,,,,,,,,,,,,,,,,,,"Tristan Gray","19877",656484
"Luis Lara","MIL",25,110,96,22,16,5,1,1,11,10,11,0,22,1,1,0,,4,1,0.232663,0.0983387,0.202999,0.484429,0.317127,0.323709,0.290215,0.640836,0.0910459,5.6755,0.290529,-0.000490909,0.0493306,10.7184,-2.34157,81.5667,0.0488397,0.6152,-2.4059556275606155,-0.22646671533584595,0.0946114,999,,,,,,,97.6,3.904,97.6,3.904,,,,,,,,,,,,,,,,,,,"Luis Lara","30675",800325
"Logan O'Hoppe","TEX",15,60,54,12,8,2,0,2,6,7,4,0,16,1,0,0,,0,0,0.22347,0.0716759,0.267005,0.268444,0.286783,0.375637,0.292145,0.66242,0.152168,2.77006,0.274249,-0.117961,-0.0782544,5.93162,-1.18192,86.4656,-0.196216,-0.560319,-1.1396801173686981,0.6063472628593445,0.0936071,246.50999450683594,,,,,,,52.8,3.52,52.8,3.52,,,,,,,,,,,,,,,,,,,"Logan O'Hoppe","24729",681351
"Jesse Winker",,9,37,31,8,5,1,0,1,4,4,5,0,8,1,0,0,,1,0,0.24083,0.138001,0.222753,0.619524,0.355483,0.393519,0.334528,0.749001,0.152689,4.5737,0.294128,-0.127524,-0.0270762,4.99047,0.544514,112.057,-0.1546,-0.0716705,0.3813386708498001,-0.7383371666073799,0.0929379,999,,,,,,,46,5.111111111,46,5.111111111,,,,,,,,,,,,,,,,,,,"Jesse Winker","13590",608385
"Luis Rengifo","SDP",19,82,74,18,13,3,0,2,8,9,6,0,14,1,1,0,,2,1,0.246799,0.0734098,0.16645,0.441031,0.306715,0.36283,0.296613,0.669545,0.11603,4.47405,0.279949,0.0665142,-0.0594862,8.40555,-1.31999,88.7749,0.00702803,-0.061679,-1.1061707315966487,-0.6366789638996124,0.0925023,644.9299926757812,,,,,,,76.3,4.015789473,76.3,4.015789473,,,,,,,,,,,,,,,,,,,"Luis Rengifo","19858",650859
"Isiah Kiner-Falefa","BOS",10,45,41,11,8,2,0,0,5,4,3,0,7,1,0,0,,2,0,0.259861,0.0566874,0.154262,0.367474,0.30914,0.34241,0.290664,0.65155,0.0825494,5.24338,0.300932,0.0443393,0.067517,4.42965,-0.947698,79.7343,0.111856,-0.105258,-0.9560439735651016,0.24273597449064255,0.0912082,746.1500244140625,,,,,,,42.2,4.22,42.2,4.22,,,,,,,,,,,,,,,,,,,"Isiah Kiner-Falefa","16512",643396
"Jorge Soler","LAA",40,172,150,32,18,7,0,7,19,22,18,0,51,2,1,0,,0,0,0.215232,0.103589,0.296494,0.349381,0.30513,0.40018,0.310805,0.70531,0.184948,2.08042,0.272197,-0.311112,-0.213134,19.6552,-0.799309,96.8032,-0.524246,-0.137929,-1.1650248765945435,-4.072033733129501,0.0910771,634.8099975585938,,,,,,,175.3,4.3825,175.3,4.3825,,,,,,,,,,,,,,,,,,,"Jorge Soler","14221",624585
"Max Schuemann","NYY",13,56,48,11,7,2,0,1,7,5,6,0,13,1,0,0,,2,1,0.219415,0.111772,0.227015,0.492358,0.322351,0.328555,0.297094,0.650907,0.109141,5.56852,0.277203,0.00608128,0.0519491,5.78562,-0.88332,89.6222,0.0580304,-0.309645,-0.6201776005327702,-0.49297861754894257,0.0899481,999,,,,,,,50.8,3.907692307,50.8,3.907692307,,,,,,,,,,,,,,,,,,,"Max Schuemann","24488",680474
"Derek Hill","PHI",15,66,61,14,9,2,0,2,8,7,4,0,21,1,0,1,,3,1,0.232523,0.0643972,0.3128,0.205873,0.288428,0.380394,0.293959,0.668822,0.147871,6.30124,0.316294,0.0112356,0.113838,6.69266,-1.21641,81.7403,0.125074,0.228088,-1.3475357592105865,0.07268640398979187,0.0896707,999,,,,,,,59.9,3.993333333,59.9,3.993333333,,,,,,,,,,,,,,,,,,,"Derek Hill","16947",656537
"Starling Marte","KCR",17,76,68,18,13,3,0,1,8,7,5,0,17,2,1,0,,2,1,0.266171,0.0634311,0.219721,0.28869,0.326005,0.38147,0.313647,0.707475,0.115299,4.81862,0.32985,-0.0493195,0.0442356,8.82246,-0.177526,96.9065,-0.00508396,0.0127409,-0.2779132262803614,-1.5821665227413177,0.0851104,999,,,,,,,72.9,4.288235294,72.9,4.288235294,,,,,,,,,,,,,,,,,,,"Starling Marte","9241",516782
"James McCann","ARI",12,48,45,11,7,2,0,1,5,6,2,0,12,1,0,0,,0,0,0.245852,0.0481389,0.256712,0.187521,0.290164,0.384376,0.295749,0.67454,0.138524,2.77143,0.309483,-0.0737053,-0.0365995,4.92293,-0.812124,83.5521,-0.110305,-0.121318,-1.0721776708960533,0.8192686140537262,0.083916,999,,,,,,,40.8,3.4,40.8,3.4,,,,,,,,,,,,,,,,,,,"James McCann","12859",543510
"Lourdes Gurriel Jr.","ARI",38,165,152,39,26,8,1,5,17,20,10,0,27,2,1,0,,2,1,0.257588,0.0583682,0.165024,0.353694,0.307284,0.405076,0.311228,0.71236,0.147488,3.92176,0.284999,-0.0223289,-0.0775073,18.9255,-0.710817,93.8893,-0.0998363,-0.0279235,-1.3233815804123878,-3.2340962439775467,0.0814732,689.0700073242188,,,,,,,179.3,4.718421052,179.3,4.718421052,,,,,,,,,,,,,,,,,,,"Lourdes Gurriel Jr.","19238",666971
"Grant McCray","SFG",21,91,82,18,12,3,1,2,11,9,7,0,27,1,1,0,,3,1,0.220825,0.0817263,0.293389,0.278559,0.289575,0.354831,0.285557,0.644405,0.134005,6.72774,0.299282,-0.00187009,0.223671,8.55027,-2.28675,80.068,0.221801,-0.0346676,-1.9807648062705994,-0.1763342320919037,0.0812702,999,,,,,,,78.9,3.757142857,78.9,3.757142857,,,,,,,,,,,,,,,,,,,"Grant McCray","25690",687529
"Harrison Bader","SFG",9,37,34,8,5,1,0,1,4,4,2,0,9,1,0,0,,1,0,0.235182,0.0605781,0.249524,0.242774,0.291304,0.380822,0.295728,0.672126,0.14564,4.60284,0.288588,-0.00267608,-0.0139761,3.81573,-0.630225,86.8603,-0.0166522,0.057262,-0.612339286133647,0.19059530273079872,0.0803037,554.3099975585938,,,,,,,34,3.777777777,34,3.777777777,,,,,,,,,,,,,,,,,,,"Harrison Bader","18030",664056
"Joey Loperfido","HOU",9,38,34,8,5,2,0,1,4,4,3,0,11,1,0,0,,1,0,0.23602,0.074662,0.275061,0.271437,0.302611,0.379406,0.300082,0.682017,0.143386,5.0555,0.309783,0.00333653,-0.0158515,4.03894,-0.509934,91.1362,-0.012515,0.179325,-0.40763030480593443,-0.1657368242740631,0.080202,746.02001953125,,,,,,,39.9,4.433333333,39.9,4.433333333,,,,,,,,,,,,,,,,,,,"Joey Loperfido","29630",694388
"Troy Johnston","COL",32,140,126,34,23,7,1,3,15,16,10,0,26,2,1,0,,3,1,0.267178,0.0724675,0.185875,0.389872,0.330093,0.404932,0.323346,0.735025,0.137754,4.85469,0.313616,-0.0502484,-0.0414305,17.4069,0.77062,89.5198,-0.0916788,0.143984,-1.8695317283272743,-1.9089479744434357,0.0774119,748.4099731445312,,,,,,,157.5,4.921875,157.5,4.921875,,,,,,,,,,,,,,,,,,,"Troy Johnston","26143",687859
"Curtis Mead","BOS",5,21,19,5,3,1,0,1,3,3,2,0,4,0,0,0,,0,0,0.255084,0.0857756,0.194726,0.440494,0.33221,0.421003,0.331614,0.753212,0.165919,4.38502,0.293992,0.000502444,-0.0125781,2.80858,0.261414,108.192,-0.0120756,-0.0670043,0.19240043498575687,-0.19431911408901215,0.0772646,999,,,,,,,27.3,5.46,27.3,5.46,,,,,,,,,,,,,,,,,,,"Curtis Mead","23986",678554
"Denzel Clarke","ATH",8,33,29,6,4,1,0,1,4,3,2,0,11,1,0,0,,1,0,0.220887,0.07529,0.335599,0.224345,0.291063,0.350567,0.285613,0.64163,0.12968,6.68398,0.325408,0.00603529,0.0756948,3.0708,-0.819418,77.6256,0.0817301,0.220544,-0.7712272480130196,0.33721109479665756,0.0742998,728.3300170898438,,,,,,,27.8,3.475,27.8,3.475,,,,,,,,,,,,,,,,,,,"Denzel Clarke","29858",672016
"Max Muncy","ATH",6,26,23,5,3,1,0,1,3,3,2,0,8,0,0,0,,0,0,0.237464,0.069367,0.298153,0.232656,0.302399,0.396421,0.306469,0.698821,0.158957,4.38004,0.317261,-0.000300179,-0.0367471,2.84689,-0.209703,92.1191,-0.0370473,-0.00255917,-0.2731020748615265,0.0891075034160167,0.0742972,672.719970703125,,,,,,,23.3,3.883333333,23.3,3.883333333,,,,,,,,,,,,,,,,,,,"Max Muncy","29779",691777
"Yoán Moncada","LAA",10,44,38,9,5,2,0,1,5,5,4,0,13,1,0,0,,0,0,0.225662,0.100084,0.299303,0.334391,0.311839,0.382772,0.307714,0.694611,0.15711,3.90519,0.303207,-0.026816,-0.034973,4.87022,-0.311584,94.6548,-0.0617889,-0.189223,-0.33321233093738556,-0.491846963763237,0.0739323,746.1500244140625,,,,,,,42.6,4.26,42.6,4.26,,,,,,,,,,,,,,,,,,,"Yoan Moncada","17232",660162
"Rafael Marchán","PHI",8,31,28,6,4,1,0,1,3,3,2,0,5,1,0,0,,0,0,0.209591,0.0696608,0.159907,0.435633,0.277131,0.317124,0.267221,0.594255,0.107533,2.61953,0.232855,-0.0189531,-0.0307841,2.48396,-1.25629,63.8836,-0.0497372,0.327284,-1.4271829314529896,0.9407097101211548,0.0722497,999,,,,,,,26.9,3.3625,26.9,3.3625,,,,,,,,,,,,,,,,,,,"Rafael Marchan","21646",665561
"Josh Rojas","KCR",11,46,41,10,7,2,0,1,5,4,4,0,9,0,0,0,,1,0,0.241585,0.089869,0.204053,0.440421,0.311753,0.360813,0.299078,0.672567,0.119228,4.62617,0.292871,-0.0331724,0.01928,4.80578,-0.648752,86.7822,-0.0138924,-0.150675,-0.7204044945538044,-0.21610728651285172,0.0709267,999,,,,,,,44.1,4.009090909,44.1,4.009090909,,,,,,,,,,,,,,,,,,,"Josh Rojas","19734",668942
"Tyrone Taylor","NYM",10,44,40,9,6,2,0,1,5,5,2,0,10,1,0,0,,1,0,0.23378,0.0522688,0.219806,0.237795,0.2868,0.399712,0.29916,0.686512,0.165933,5.51057,0.274227,0.0372989,0.00275126,4.56838,-0.613432,90.0452,0.0400502,0.102902,-0.4859473221004009,-0.2324373945593834,0.0705974,999,,,,,,,36.5,3.65,36.5,3.65,,,,,,,,,,,,,,,,,,,"Tyrone Taylor","13675",621438
"Gustavo Campero","LAA",4,15,13,3,2,1,0,0,2,2,1,0,3,0,0,0,,0,0,0.240456,0.0701026,0.184354,0.380261,0.308912,0.379044,0.304435,0.687956,0.138588,4.97631,0.274394,0,0.0133707,1.60152,-0.143933,92.376,0.0133707,0,-0.11703425366431475,0.28626543283462524,0.070236,999,,,,,,,9.7,2.425,9.7,2.425,,,,,,,,,,,,,,,,,,,"Gustavo Campero","22707",672569
"Joey Bart","ATL",7,28,24,6,4,1,0,1,3,3,2,0,8,1,0,0,,0,0,0.230703,0.0892282,0.291427,0.306177,0.316517,0.364636,0.305236,0.681153,0.133933,2.34698,0.30966,-0.028736,-0.0440719,3.04839,-0.25432,90.3926,-0.0728079,-0.22053,-0.3963605463504791,0.3211367279291153,0.0690647,999,,,,,,,30.9,4.414285714,30.9,4.414285714,,,,,,,,,,,,,,,,,,,"Joey Bart","21524",663698
"Andrés Chaparro","WSN",11,48,43,10,6,2,0,2,6,6,4,0,11,1,0,0,,0,0,0.236479,0.0854888,0.234584,0.364428,0.308288,0.42247,0.319015,0.730758,0.185991,3.03384,0.274642,-0.0238723,-0.0356115,5.82364,0.0963822,100.078,-0.0594838,0.167456,-0.05495063913986087,-0.8385629802942276,0.0679403,999,,,,,,,52.6,4.781818181,52.6,4.781818181,,,,,,,,,,,,,,,,,,,"Andres Chaparro","21797",665953
"Jorge Mateo","ATL",8,35,32,7,5,2,0,1,5,3,2,0,10,0,0,0,,2,0,0.226637,0.058673,0.271712,0.215938,0.274194,0.364428,0.280147,0.638622,0.137791,7.57615,0.292944,0.0375499,0.239626,3.13499,-1.0331,73.637,0.277176,0.0255618,-0.8432959020137787,0.36722850054502487,0.067105,999,,,,,,,32.2,4.025,32.2,4.025,,,,,,,,,,,,,,,,,,,"Jorge Mateo","17273",622761
"Myles Straw","TOR",16,69,62,14,11,3,0,1,8,6,5,0,12,0,1,1,,2,0,0.233228,0.0776998,0.176639,0.439878,0.294182,0.318114,0.274689,0.612297,0.0848866,5.92856,0.277397,0.0564654,0.187471,5.84977,-2.33203,73.5186,0.243936,0.520929,-1.8792641907930374,0.0792626142501831,0.0663204,999,,,,,,,53.3,3.33125,53.3,3.33125,,,,,,,,,,,,,,,,,,,"Myles Straw","17620",664702
"Ben Malgeri","DET",8,34,31,7,5,2,0,1,4,4,3,0,9,1,0,0,,0,0,0.239764,0.0764508,0.271005,0.282101,0.307415,0.374173,0.301165,0.681588,0.134409,5.06083,0.317153,-0.00298194,-0.0503608,3.66246,-0.428437,91.0476,-0.0533427,0.138351,-0.4122305288910866,-0.16427211463451385,0.0659571,999,,,,,,,35.4,4.425,35.4,4.425,,,,,,,,,,,,,,,,,,,"Ben Malgeri","29577",701162
"Justin Foscue","TEX",11,49,44,10,6,2,0,2,6,6,4,0,10,1,0,0,,0,0,0.230849,0.0861262,0.194485,0.442843,0.306544,0.394673,0.309282,0.701217,0.163824,3.37397,0.259783,-0.00519986,-0.0416365,5.54674,-0.288581,98.3741,-0.0468364,0.0138911,-0.1398104764521122,-0.9611088708043098,0.0658385,999,,,,,,,51.6,4.69090909,51.6,4.69090909,,,,,,,,,,,,,,,,,,,"Justin Foscue","27501",679822
"Mark Vientos","NYM",13,57,52,13,8,2,0,3,6,8,4,0,15,1,0,0,,0,0,0.239911,0.0674481,0.255858,0.263615,0.297268,0.433903,0.317359,0.731171,0.193991,2.63859,0.282518,-0.0634232,-0.0573695,6.85602,0.0378506,102.199,-0.120793,-0.159759,0.032103076577186584,-1.2639254331588745,0.0638374,652.5700073242188,,,,,,,69.8,5.369230769,69.8,5.369230769,,,,,,,,,,,,,,,,,,,"Mark Vientos","22184",668901
"Christian Koss","SFG",9,40,36,9,6,2,0,1,4,4,2,0,9,1,0,0,,1,0,0.24199,0.0500979,0.216079,0.231851,0.290132,0.351874,0.284284,0.642007,0.109884,4.98553,0.296472,0.00734813,-0.00624722,3.68608,-1.03775,79.2177,0.00110091,0.137229,-0.9999500376870856,0.32889530062675476,0.0627194,999,,,,,,,40.5,4.5,40.5,4.5,,,,,,,,,,,,,,,,,,,"Christian Koss","27653",683766
"Yohel Pozo","BAL",4,17,16,4,3,1,0,0,2,2,0,0,2,0,0,0,,0,0,0.25997,0.0292089,0.126273,0.231315,0.282952,0.403087,0.297235,0.68604,0.143117,2.52024,0.272445,-0.0136768,-0.0220853,1.73251,-0.262293,90.0424,-0.0357621,-0.125704,-0.23041199520230293,0.20145650207996368,0.0613564,999,,,,,,,9.3,2.325,9.3,2.325,,,,,,,,,,,,,,,,,,,"Yohel Pozo","18848",650968
"George Lombard Jr.","NYY",6,28,24,5,3,1,0,0,3,2,3,0,7,0,0,0,,1,0,0.21154,0.1043,0.267098,0.390493,0.302064,0.320624,0.282646,0.622687,0.109083,4.54148,0.282656,-0.00490909,0.00909466,2.56475,-0.769724,79.5823,0.00418557,0,-0.6629820317029953,0.2666666805744171,0.0612218,999,,,,,,,17.8,2.966666666,17.8,2.966666666,,,,,,,,,,,,,,,,,,,"George Lombard Jr.","sa3023233",806146
"Nolan Gorman","STL",11,47,41,9,5,1,0,2,5,6,5,0,15,0,0,0,,0,0,0.211103,0.106975,0.327696,0.326446,0.296578,0.392168,0.301811,0.688745,0.181065,2.87476,0.278023,-0.0809065,-0.0542825,4.99988,-0.557569,90.6814,-0.135189,0.0301019,-0.663263589143753,-0.2532314211130142,0.0609101,653.1400146484375,,,,,,,46.1,4.19090909,46.1,4.19090909,,,,,,,,,,,,,,,,,,,"Nolan Gorman","22263",669357
"Graham Pauley","MIA",16,69,62,13,8,3,0,2,7,8,6,0,15,1,0,0,,1,0,0.217713,0.0821051,0.219821,0.373509,0.287675,0.363291,0.287676,0.650966,0.145578,4.45714,0.25755,-0.0120829,-0.0147362,6.5734,-1.6084,77.8097,-0.0268191,0.221276,-1.8781402818858624,0.22127638384699821,0.0584902,999,,,,,,,61.2,3.825,61.2,3.825,,,,,,,,,,,,,,,,,,,"Graham Pauley","31363",688363
"Danny Jansen","TEX",5,21,18,4,2,1,0,1,2,2,2,0,5,0,0,0,,0,0,0.203833,0.108166,0.246913,0.438074,0.303524,0.376653,0.303162,0.680176,0.17282,2.79127,0.23994,-0.0243543,-0.0269391,2.30903,-0.231518,94.1213,-0.0512934,-0.106634,-0.19764935225248337,0.31003284454345703,0.0583374,999,,,,,,,22.7,4.54,22.7,4.54,,,,,,,,,,,,,,,,,,,"Danny Jansen","16535",643376
"Eli White","ATL",8,33,30,7,5,1,0,1,4,4,2,0,8,0,0,0,,1,0,0.237098,0.0638115,0.258184,0.247155,0.293866,0.38068,0.296084,0.674547,0.143583,6.24465,0.29742,-0.00658455,0.0942282,3.34821,-0.542009,84.2807,0.0876437,0.232939,-0.5359131768345833,-0.017061233520507812,0.0516167,999,,,,,,,29.4,3.675,29.4,3.675,,,,,,,,,,,,,,,,,,,"Eli White","19346",642201
"Zach Dezenzo","HOU",13,56,51,12,8,3,0,1,7,6,5,0,17,0,0,0,,1,0,0.231571,0.0817208,0.308023,0.265307,0.299854,0.371423,0.29744,0.671277,0.139852,4.17329,0.317846,0.0108928,0.00760116,5.81926,-0.870259,89.3002,0.018494,-0.215168,-0.6829135958105326,-0.8330687284469604,0.0497348,999,,,,,,,51.2,3.938461538,51.2,3.938461538,,,,,,,,,,,,,,,,,,,"Zach Dezenzo","31562",701305
"Luke Maile","KCR",4,15,13,3,2,1,0,0,1,1,1,0,4,0,0,0,,0,0,0.225016,0.0984736,0.272554,0.361299,0.312572,0.347216,0.297075,0.659788,0.122201,3.38275,0.299766,-0.0071291,0.00146682,1.51404,-0.23141,85.3902,-0.00566229,-0.0333248,-0.2555551310069859,0.25294066593050957,0.0490489,999,,,,,,,9.7,2.425,9.7,2.425,,,,,,,,,,,,,,,,,,,"Luke Maile","13355",571912
"Jonatan Clase","TOR",7,30,27,6,4,1,0,1,3,3,2,0,8,0,0,0,,2,0,0.223737,0.0839142,0.276894,0.303055,0.293373,0.365239,0.291485,0.658612,0.141502,6.47663,0.292586,0.00817405,0.104736,2.94042,-0.605026,85.1905,0.11291,0.067243,-0.40162283182144165,-0.18630637228488922,0.0482114,999,,,,,,,28.7,4.1,28.7,4.1,,,,,,,,,,,,,,,,,,,"Jonatan Clase","26599",682729
"Nick Sogard","BOS",7,29,25,6,4,1,0,0,3,3,3,0,6,0,0,0,,1,0,0.239226,0.106754,0.206975,0.51578,0.325239,0.33489,0.298512,0.660129,0.0956638,4.48844,0.299342,-0.0204962,-0.0129866,2.97918,-0.417036,85.1882,-0.0334829,-0.13628,-0.526435736566782,-0.0174526646733284,0.0481384,999,,,,,,,22.4,3.2,22.4,3.2,,,,,,,,,,,,,,,,,,,"Nick Sogard","25483",686765
"Thomas Saggese","STL",5,23,21,5,4,1,0,0,3,2,1,0,6,0,0,0,,0,0,0.240361,0.0629801,0.259489,0.242709,0.29462,0.361892,0.290407,0.656512,0.121531,4.45783,0.310407,0.00253425,-0.0286642,2.28415,-0.494573,83.0656,-0.02613,0.0518467,-0.5059558432549238,0.18518003448843956,0.0443922,999,,,,,,,12.9,2.58,12.9,2.58,,,,,,,,,,,,,,,,,,,"Thomas Saggese","27883",695336
"Jon Berti",,6,28,25,6,5,1,0,0,3,3,2,0,6,0,0,0,,1,0,0.249948,0.0740014,0.201397,0.36744,0.312147,0.348265,0.294704,0.660412,0.0983167,5.52689,0.304125,0.031658,0.0759694,2.83855,-0.49592,84.9319,0.107627,-0.310644,-0.3947239816188812,-0.12731093168258667,0.0439235,999,,,,,,,19.4,3.233333333,19.4,3.233333333,,,,,,,,,,,,,,,,,,,"Jon Berti","12037",542932
"Randal Grichuk","CHW",10,45,42,10,6,2,0,2,5,6,3,0,10,0,0,0,,0,0,0.239192,0.056801,0.219107,0.259239,0.287759,0.425297,0.307485,0.713056,0.186104,3.24763,0.270803,0.016334,-0.055547,5.04563,-0.331717,95.4333,-0.039213,-0.0190991,-0.2798553369939327,-0.9103027675300837,0.0428643,999,,,,,,,47.6,4.76,47.6,4.76,,,,,,,,,,,,,,,,,,,"Randal Grichuk","10243",545341
"Miguel Andujar","SDP",14,61,56,15,10,3,0,1,6,7,3,0,9,0,0,0,,0,0,0.266279,0.0536453,0.151094,0.355047,0.310197,0.411295,0.313436,0.721492,0.145016,3.57528,0.293581,-0.0286752,-0.0691461,7.07181,-0.152874,100.01,-0.0978212,-0.036793,-0.09707841550698504,-1.4534596614539623,0.0427775,722.9099731445312,,,,,,,55.1,3.935714285,55.1,3.935714285,,,,,,,,,,,,,,,,,,,"Miguel Andujar","15878",609280
"Drew Millas","WSN",4,15,13,3,2,1,0,0,1,1,1,0,3,0,0,0,,0,0,0.228265,0.0814914,0.19456,0.41885,0.296354,0.337031,0.282234,0.633385,0.108765,4.84842,0.271775,-0.00085113,-0.00600184,1.33763,-0.407818,75.5138,-0.00685297,-0.0103284,-0.44266311870887876,0.2759370729327202,0.0396392,999,,,,,,,9.7,2.425,9.7,2.425,,,,,,,,,,,,,,,,,,,"Drew Millas","25643",686452
"Yohendrick Piñango","TOR",17,76,69,16,10,3,0,2,8,8,6,0,18,0,0,0,,1,0,0.232933,0.0787485,0.236844,0.332491,0.296616,0.370475,0.294316,0.667091,0.137542,3.39763,0.286221,0.00441667,-0.051366,7.63766,-1.36232,87.1579,-0.0469494,-0.243814,-1.1795589663088322,-1.1516843438148499,0.0373429,999,,,,,,,68,4,68,4,,,,,,,,,,,,,,,,,,,"Yohendrick Pinango","26664",682818
"Jacob Melton","TBR",7,31,28,6,4,1,0,1,3,3,2,0,9,0,0,0,,2,0,0.217137,0.0775987,0.283889,0.273342,0.282025,0.360213,0.283814,0.642238,0.143075,6.29608,0.282975,0.006875,0.131182,2.85918,-0.820053,78.3473,0.138057,0.101161,-0.6426210552453995,-0.09405534714460373,0.0371997,727.5700073242188,,,,,,,27.7,3.957142857,27.7,3.957142857,,,,,,,,,,,,,,,,,,,"Jacob Melton","31661",689200
"Rodolfo Durán","SDP",4,15,14,3,2,1,0,0,2,2,1,0,4,0,0,0,,0,0,0.213472,0.059974,0.24685,0.242957,0.26735,0.362862,0.276442,0.630212,0.14939,3.83748,0.256559,0.0013948,-0.00417665,1.29273,-0.48565,75.3041,-0.00278186,0.0730898,-0.4506183441262692,0.36475641280412674,0.037169,999,,,,,,,8.7,2.175,8.7,2.175,,,,,,,,,,,,,,,,,,,"Rodolfo Duran","20958",660710
"Blake Perkins","MIL",6,28,25,5,4,1,0,0,3,3,3,0,7,0,0,0,,1,0,0.215423,0.103902,0.264429,0.39293,0.301271,0.328066,0.284275,0.629337,0.112643,5.54327,0.285322,0.00826008,0.0241213,2.60172,-0.732746,77.5993,0.0323813,0.0816758,-0.729272797703743,0.18167579919099808,0.0367793,999,,,,,,,16.8,2.8,16.8,2.8,,,,,,,,,,,,,,,,,,,"Blake Perkins","19921",663368
"Ryan Ritter","COL",4,16,14,4,2,1,0,0,2,2,1,0,4,0,0,0,,0,0,0.248496,0.0743409,0.260077,0.285841,0.318277,0.394853,0.314901,0.71313,0.146357,5.38551,0.321815,0.000801695,-0.00557614,1.88773,-0.0213601,83.8798,-0.00477445,0.0722557,-0.31858226051554084,0.1458667814731598,0.0353319,999,,,,,,,14.3,3.575,14.3,3.575,,,,,,,,,,,,,,,,,,,"Ryan Ritter","31500",690022
"Raynel Delgado","HOU",4,18,16,4,3,1,0,0,2,2,1,0,4,0,0,0,,1,0,0.239584,0.0751035,0.229887,0.326697,0.303868,0.335115,0.285581,0.638983,0.0955311,5.62134,0.305151,-0.000998043,0.0272186,1.68928,-0.451364,81.0589,0.0262206,-0.0140867,-0.3711105789989233,0.0661602420732379,0.0341805,999,,,,,,,14.2,3.55,14.2,3.55,,,,,,,,,,,,,,,,,,,"Raynel Delgado","22272",669384
"Shay Whitcomb","HOU",3,13,12,3,2,1,0,1,2,2,1,0,4,0,0,0,,0,0,0.22206,0.0657283,0.304809,0.215638,0.279717,0.395941,0.29465,0.675658,0.173881,4.87559,0.283282,-0.00210922,0.014254,1.36612,-0.239367,87.3613,0.0121448,0.0385029,-0.18669783044606447,0.03850291110575199,0.0337984,999,,,,,,,20.1,6.7,20.1,6.7,,,,,,,,,,,,,,,,,,,"Shay Whitcomb","27789",694376
"Enrique Hernández","LAD",20,86,79,18,12,4,0,2,10,10,6,0,20,0,1,0,,0,0,0.227478,0.0700059,0.232753,0.300774,0.283628,0.372599,0.288598,0.656227,0.145121,2.75902,0.272043,0.0434591,-0.118342,8.32467,-1.95661,80.245,-0.074883,-0.387047,-2.145940601825714,-0.3287140987813473,0.0336932,999,,,,,,,70.2,3.51,70.2,3.51,,,,,,,,,,,,,,,,,,,"Enrique Hernandez","10472",571771
"Tyler Freeman","COL",24,103,91,24,18,4,0,1,12,10,7,0,13,4,1,1,,3,1,0.26541,0.0670648,0.122938,0.545518,0.34205,0.365041,0.318187,0.707091,0.0996314,5.3506,0.294131,-0.00178596,-0.0718537,12.4101,0.137379,86.0749,-0.0736397,-0.183678,-1.8162817507982254,-1.2060542404651642,0.0332892,745.8599853515625,,,,,,,100.3,4.179166666,100.3,4.179166666,,,,,,,,,,,,,,,,,,,"Tyler Freeman","22532",671289
"Alex Freeland","LAD",3,14,12,3,2,1,0,0,2,1,1,0,4,0,0,0,,0,0,0.222412,0.105661,0.277136,0.381261,0.311006,0.360153,0.299986,0.671159,0.137741,4.71134,0.291729,0.000443816,0.00448664,1.47924,-0.187992,87.8504,0.00493045,0.00564315,-0.20162013079971075,0.07230981811881065,0.0330381,999,,,,,,,10.7,3.566666666,10.7,3.566666666,,,,,,,,,,,,,,,,,,,"Alex Freeland","31665",690976
"Ronny Mauricio","NYM",3,11,11,3,2,0,0,0,1,1,1,0,3,0,0,0,,0,0,0.238793,0.0546429,0.248637,0.21977,0.284251,0.394743,0.294324,0.678994,0.155951,4.75069,0.287887,-0.00051812,0.00974523,1.15729,-0.20634,86.8153,0.00922711,0.0399996,-0.17410416901111603,0.11361072584986687,0.0316114,999,,,,,,,8.8,2.933333333,8.8,2.933333333,,,,,,,,,,,,,,,,,,,"Ronny Mauricio","23698",677595
"Wenceel Pérez","DET",5,23,21,5,3,1,0,1,3,3,2,0,5,0,0,0,,1,0,0.228591,0.0809923,0.203858,0.397297,0.295235,0.383018,0.298577,0.678253,0.154427,5.67886,0.263363,0.0289079,0.00143305,2.39359,-0.33368,89.2495,0.0303409,-0.0082795,-0.256972873583436,-0.2536498727276921,0.0311681,748.5399780273438,,,,,,,27.2,5.44,27.2,5.44,,,,,,,,,,,,,,,,,,,"Wenceel Perez","22857",672761
"Alex Jackson","MIN",2,8,8,2,1,0,0,0,1,1,1,0,3,0,0,0,,0,0,0.215828,0.0610483,0.311345,0.196079,0.275288,0.388087,0.2903,0.663375,0.172259,3.73319,0.283067,-0.00174771,-0.00460583,0.819151,-0.178249,82.9815,-0.00635355,0.00841791,-0.17269178293645382,0.17199816089123487,0.0290263,999,,,,,,,6.2,3.1,6.2,3.1,,,,,,,,,,,,,,,,,,,"Alex Jackson","17276",656577
"Moisés Ballesteros","CHC",6,25,23,6,4,1,0,1,3,3,2,0,5,0,0,0,,0,0,0.258618,0.0852305,0.179539,0.474718,0.324791,0.398699,0.317679,0.72349,0.140081,2.82544,0.29441,-0.00416406,-0.0358875,3.05623,0.0234457,100.929,-0.0400516,0.000179048,-0.011331602931022644,-0.5414875792921521,0.0278883,594.3599853515625,,,,,,,28.9,4.816666666,28.9,4.816666666,,,,,,,,,,,,,,,,,,,"Moises Ballesteros","28820",694208
"John Rave","KCR",5,23,20,5,3,1,0,1,3,2,2,0,6,0,0,0,,1,0,0.234376,0.0934319,0.253875,0.368024,0.309644,0.386531,0.307399,0.696176,0.152155,6.11394,0.29822,-0.00257316,0.0231903,2.55743,-0.169833,92.5647,0.0206171,-0.0228635,-0.17809602804481983,-0.36638206243515015,0.0277358,999,,,,,,,28.2,5.64,28.2,5.64,,,,,,,,,,,,,,,,,,,"John Rave","26284",670231
"Tommy Troy","ARI",8,34,31,7,5,1,0,1,4,3,3,0,8,0,0,0,,1,0,0.235003,0.0803892,0.231027,0.347965,0.303084,0.350549,0.291606,0.653633,0.115546,5.19441,0.295049,-0.00404638,0.00895278,3.39617,-0.694727,80.785,0.0049064,0.0222332,-0.7966393968090415,-0.05137786827981472,0.0272595,999,,,,,,,31.4,3.925,31.4,3.925,,,,,,,,,,,,,,,,,,,"Tommy Troy","33279",694371
"Darell Hernaiz","ATH",2,9,8,2,2,0,0,0,1,1,1,0,1,0,0,0,,0,0,0.253542,0.0826819,0.150005,0.551194,0.319385,0.35073,0.299836,0.670115,0.0971879,4.37753,0.290433,-0.00281252,-0.00239701,0.985029,-0.126461,87.5098,-0.00520954,0.00921566,-0.14125292003154755,0.07588232960551977,0.0271729,999,,,,,,,6.2,3.1,6.2,3.1,,,,,,,,,,,,,,,,,,,"Darell Hernaiz","26224",687231
"Jett Williams","MIL",4,16,14,3,2,1,0,0,2,2,2,0,4,0,0,0,,1,0,0.216183,0.0947969,0.260663,0.363677,0.296288,0.348663,0.288074,0.644951,0.13248,5.81982,0.277798,-0.000981818,0.01715,1.568,-0.377108,80.1367,0.0161682,0,-0.3778025172650814,0.10833333432674408,0.0265198,999,,,,,,,13.6,3.4,13.6,3.4,,,,,,,,,,,,,,,,,,,"Jett Williams","sa3020134",702518
"Weston Wilson","SEA",4,16,14,3,2,1,0,1,2,2,1,0,5,0,0,0,,0,0,0.206129,0.092126,0.300015,0.307071,0.2838,0.355728,0.283712,0.639529,0.1496,4.90647,0.268724,-0.00586593,0.00744151,1.48225,-0.426835,85.8229,0.00157558,-0.0401348,-0.26364899205509573,-0.04831378906965256,0.0264278,999,,,,,,,18.1,4.525,18.1,4.525,,,,,,,,,,,,,,,,,,,"Weston Wilson","19358",642215
"Agustín Ramírez","MIA",6,25,22,5,3,1,0,1,3,3,2,0,5,0,0,0,,1,0,0.240753,0.0764393,0.204832,0.373181,0.30584,0.412562,0.313159,0.718402,0.171809,4.94196,0.273917,-0.0156546,0.0286053,2.86233,-0.0675378,94.8277,0.0129508,-0.0705214,-0.14157500676810741,-0.40586088597774506,0.0261014,86.8499984741211,,,,,,,26.2,4.366666666,26.2,4.366666666,,,,,,,,,,,,,,,,,,,"Agustin Ramirez","26546",682663
"Jhonny Pereda","SEA",2,6,6,1,1,0,0,0,1,1,1,0,1,0,0,0,,0,0,0.24289,0.0923384,0.225317,0.409816,0.316996,0.337597,0.294557,0.654593,0.0947071,2.59608,0.306653,-0.00432416,-0.00622024,0.636049,-0.112001,93.3597,-0.0105444,-0.0321086,-0.05922092031687498,0.09057656675577164,0.0252157,999,,,,,,,2.6,1.3,2.6,1.3,,,,,,,,,,,,,,,,,,,"Jhonny Pereda","19802",640902
"Nate Eaton","BOS",5,24,22,5,3,1,0,1,3,3,2,0,6,0,0,0,,1,0,0.23511,0.0659959,0.246942,0.267253,0.294518,0.371769,0.293884,0.666287,0.136659,6.1994,0.296508,0.000471429,0.0537141,2.39345,-0.436732,81.9719,0.0541856,0.0659412,-0.44581111520528793,-0.15473785996437073,0.0251809,999,,,,,,,26.2,5.24,26.2,5.24,,,,,,,,,,,,,,,,,,,"Nate Eaton","25055",681987
"Rafael Flores Jr.","PIT",2,8,8,2,1,0,0,0,1,1,1,0,2,0,0,0,,0,0,0.242258,0.084954,0.276699,0.307026,0.31073,0.382024,0.30647,0.692754,0.139766,3.1468,0.318835,-0.00172478,-0.00616043,0.928981,-0.06842,89.8273,-0.00788521,-0.10876,-0.1113455630838871,0.05482000857591629,0.0248544,999,,,,,,,6.2,3.1,6.2,3.1,,,,,,,,,,,,,,,,,,,"Rafael Flores Jr.","31991",804668
"Cody Freeman","TEX",5,21,19,5,3,1,0,1,2,2,1,0,3,0,0,0,,0,0,0.2425,0.0556381,0.1558,0.357113,0.287626,0.378667,0.291594,0.666293,0.136167,3.8297,0.264044,-0.00244671,-0.01943,2.07595,-0.424899,86.0829,-0.0218767,-0.0555059,-0.3629437256604433,-0.14717256277799606,0.0243342,999,,,,,,,24.3,4.86,24.3,4.86,,,,,,,,,,,,,,,,,,,"Cody Freeman","25629",683227
"Tim Tawa","ARI",28,119,107,24,15,5,0,3,13,13,9,0,29,1,1,1,,2,1,0.221831,0.0795132,0.242292,0.328171,0.28832,0.366462,0.289021,0.654782,0.144632,4.46146,0.269855,-0.0155,-0.141183,11.5238,-2.65803,79.0587,-0.156683,0.173271,-3.18501378595829,-0.4483335167169571,0.0241858,748.489990234375,,,,,,,101.1,3.610714285,101.1,3.610714285,,,,,,,,,,,,,,,,,,,"Tim Tawa","29571",694374
"Bo Naylor","CLE",2,6,5,1,1,0,0,0,1,1,1,0,2,0,0,0,,0,0,0.208841,0.102765,0.246164,0.417464,0.293131,0.379479,0.296853,0.672611,0.170638,3.6013,0.246511,-0.000319559,-0.00684563,0.635523,-0.0984131,89.5125,-0.00716519,-0.0129968,-0.08259277418255806,0.1073735523968935,0.0240596,574.2899780273438,,,,,,,3.6,1.8,3.6,1.8,,,,,,,,,,,,,,,,,,,"Bo Naylor","21865",666310
"Tyler Austin","CHC",5,23,21,5,3,1,0,1,3,3,2,0,5,0,0,0,,0,0,0.245449,0.0793007,0.227378,0.348762,0.309033,0.430508,0.318677,0.739541,0.185058,3.37717,0.283838,-0.0343636,-0.020265,2.8191,0.0403746,101.595,-0.0546286,0,-0.009421635419130325,-0.5166666507720947,0.0235772,999,,,,,,,25.3,5.06,25.3,5.06,,,,,,,,,,,,,,,,,,,"Tyler Austin","11850",592122
"Mickey Gasper","BOS",2,7,6,1,1,0,0,0,1,1,1,0,1,0,0,0,,0,0,0.243319,0.101837,0.180554,0.564026,0.331006,0.36818,0.313033,0.699186,0.124861,3.97652,0.284411,-0.00277051,-0.00434811,0.757722,-0.0185566,95.2795,-0.00711861,-0.0509477,-0.04302771016955376,0.07636715471744537,0.0235398,999,,,,,,,2.6,1.3,2.6,1.3,,,,,,,,,,,,,,,,,,,"Mickey Gasper","24759",681508
"Joshua Báez","STL",4,16,15,3,2,1,0,1,2,2,1,0,5,0,0,0,,1,0,0.222976,0.0652032,0.29451,0.221396,0.282357,0.400116,0.296315,0.682473,0.17714,5.6873,0.281448,0,0.0296516,1.67716,-0.267946,87.0111,0.0296516,0,-0.22797121666371822,-0.07500000298023224,0.0231233,999,,,,,,,19,4.75,19,4.75,,,,,,,,,,,,,,,,,,,"Joshua Baez","sa3017022",695491
"Jace Jung","DET",2,7,6,1,1,0,0,0,1,1,1,0,2,0,0,0,,0,0,0.2232,0.11945,0.249114,0.479498,0.31917,0.381612,0.311775,0.700782,0.158412,3.25018,0.275123,0.000533425,-0.00970186,0.791611,-0.0265687,98.4211,-0.00916844,0.0266514,-0.021827392280101776,0.0021143127232789993,0.0228823,999,,,,,,,2.6,1.3,2.6,1.3,,,,,,,,,,,,,,,,,,,"Jace Jung","31437",690291
"Brandon Lockridge","MIL",3,14,13,3,2,1,0,0,2,1,1,0,4,0,0,0,,1,0,0.244503,0.0831301,0.265551,0.313047,0.312887,0.335505,0.291219,0.648392,0.0910016,6.41076,0.333812,-0.000727405,0.0715197,1.3797,-0.287531,82.2369,0.0707923,0.0497555,-0.23119250684976578,-0.00024451687932014465,0.0226843,999,,,,,,,11.6,3.866666666,11.6,3.866666666,,,,,,,,,,,,,,,,,,,"Brandon Lockridge","21496",663604
"Jonah Cox","SFG",4,19,17,4,3,1,0,0,2,2,1,0,5,0,0,0,,1,0,0.233554,0.0586099,0.262636,0.22316,0.28541,0.334615,0.27473,0.620024,0.101061,8.22855,0.313098,-0.000490909,0.101756,1.58999,-0.632992,72.8368,0.101265,0.064196,-0.5144577473402023,0.13086267560720444,0.0226409,999,,,,,,,13.2,3.3,13.2,3.3,,,,,,,,,,,,,,,,,,,"Jonah Cox","33270",813841
"Cooper Ingle","CLE",3,13,11,3,2,1,0,0,1,1,2,0,3,0,0,0,,0,0,0.228931,0.122376,0.219308,0.558012,0.327118,0.362216,0.309686,0.689334,0.133286,2.26684,0.281485,-0.00150356,-0.0260312,1.50864,-0.0739067,98.4302,-0.0275347,-0.0234131,-0.05187896080315113,-0.1999562717974186,0.0225937,999,,,,,,,14.7,4.9,14.7,4.9,,,,,,,,,,,,,,,,,,,"Cooper Ingle","33708",694876
"Walker Jenkins","MIN",2,7,6,1,1,0,0,0,1,1,1,0,1,0,0,0,,0,0,0.242752,0.0913988,0.206222,0.443206,0.318834,0.367923,0.306041,0.686758,0.125172,4.92146,0.294255,-0.000981482,0.00217949,0.759662,-0.0585184,93.92,0.00119801,0,-0.047549790469929576,0.024537036195397377,0.0225477,999,,,,,,,2.6,1.3,2.6,1.3,,,,,,,,,,,,,,,,,,,"Walker Jenkins","sa3022894",805805
"Reese McGuire",,3,11,10,2,2,0,0,0,1,1,1,0,2,0,0,0,,0,0,0.220491,0.0594957,0.229425,0.259325,0.274954,0.333249,0.270541,0.608204,0.112758,2.91577,0.268009,-0.0106242,-0.00559955,0.872334,-0.39794,68.4743,-0.0162238,0.00983852,-0.4166136533021927,0.21817185077816248,0.0219001,999,,,,,,,4.2,1.4,4.2,1.4,,,,,,,,,,,,,,,,,,,"Reese McGuire","15674",624512
"Blake Dunn","CIN",4,17,15,4,3,1,0,0,2,2,1,0,4,0,0,0,,1,0,0.243418,0.0824478,0.264565,0.311635,0.322766,0.353366,0.304058,0.676132,0.109948,5.8432,0.324844,0.000968194,0.0364368,1.81269,-0.168441,85.2689,0.037405,-0.00261649,-0.26018470898270607,-0.07900537410750985,0.0204484,999,,,,,,,15.2,3.8,15.2,3.8,,,,,,,,,,,,,,,,,,,"Blake Dunn","29487",694362
"Osleivis Basabe","SFG",3,14,13,3,2,1,0,0,1,1,1,0,2,0,0,0,,0,0,0.243489,0.0532691,0.168946,0.315302,0.289741,0.351251,0.283358,0.640992,0.107761,4.68479,0.281707,0.00147273,-0.00953819,1.29045,-0.376784,78.5989,-0.00806546,0.00855273,-0.3718979973345995,0.1085527278482914,0.0194494,999,,,,,,,9.7,3.233333333,9.7,3.233333333,,,,,,,,,,,,,,,,,,,"Osleivis Basabe","23985",678545
"Tanner Murray","CHW",3,14,13,3,2,1,0,0,1,1,1,0,3,0,0,0,,0,0,0.234172,0.0509474,0.228807,0.222666,0.279241,0.355636,0.278956,0.634877,0.121464,3.36022,0.286623,-0.000184615,-0.0164793,1.26345,-0.434658,75.6079,-0.0166639,0.0876234,-0.4225620720535517,0.10459873825311661,0.0194037,999,,,,,,,9.7,3.233333333,9.7,3.233333333,,,,,,,,,,,,,,,,,,,"Tanner Murray","28848",695020
"Mike Tauchman","NYM",4,16,14,3,2,1,0,0,2,1,2,0,4,0,0,0,,0,0,0.232035,0.122999,0.232938,0.528034,0.333905,0.354046,0.311134,0.687951,0.122011,3.3449,0.29194,-0.0298727,-0.017235,1.83875,-0.0703331,98.0418,-0.0471077,-0.00825974,-0.08522821590304375,-0.24545108992606401,0.0193172,999,,,,,,,11.7,2.925,11.7,2.925,,,,,,,,,,,,,,,,,,,"Mike Tauchman","15274",643565
"Nelson Velázquez","STL",15,65,59,13,8,2,0,3,8,8,6,0,18,1,0,0,,1,0,0.218597,0.0876274,0.273237,0.320702,0.292322,0.398518,0.302568,0.69084,0.179921,3.7556,0.263677,0.0491596,-0.059788,7.03995,-0.740477,91.1871,-0.0106283,-0.0617564,-0.7098129894584417,-1.228423073887825,0.0188545,748.5599975585938,,,,,,,70.7,4.713333333,70.7,4.713333333,,,,,,,,,,,,,,,,,,,"Nelson Velazquez","23359",676369
"Lenyn Sosa","TOR",10,44,41,10,7,2,0,1,4,5,2,0,10,0,0,0,,0,0,0.240769,0.038286,0.225691,0.169639,0.273635,0.389743,0.288167,0.663378,0.148974,2.90457,0.28289,0.000268765,-0.0588367,4.18048,-1.00133,82.8851,-0.0585679,-0.190632,-0.9276403822004795,-0.44418127834796906,0.0185005,487.05999755859375,,,,,,,36.2,3.62,36.2,3.62,,,,,,,,,,,,,,,,,,,"Lenyn Sosa","22896",672820
"Austin Wynns","TEX",4,15,14,3,2,1,0,0,1,1,1,0,4,0,0,0,,0,0,0.206633,0.0667849,0.268737,0.248514,0.264405,0.324992,0.262394,0.589397,0.118359,2.67394,0.263754,-0.0085024,-0.0119556,1.12259,-0.655791,65.7903,-0.020458,0.0329172,-0.6166359335184097,0.32458386942744255,0.0184268,999,,,,,,,8.7,2.175,8.7,2.175,,,,,,,,,,,,,,,,,,,"Austin Wynns","15271",642851
"Will Wagner","SDP",6,26,22,5,4,1,0,0,3,2,3,0,5,0,0,0,,0,0,0.244598,0.107215,0.17904,0.598834,0.331315,0.349652,0.306465,0.680968,0.105054,3.32143,0.289824,-0.00432999,-0.037775,2.84681,-0.209787,95.3543,-0.042105,0.00821905,-0.18690072000026703,-0.48344762809574604,0.0166432,999,,,,,,,17.9,2.983333333,17.9,2.983333333,,,,,,,,,,,,,,,,,,,"Will Wagner","29634",695238
"Garrett Stubbs","PHI",4,15,13,3,2,0,0,0,2,1,1,0,3,0,0,0,,0,0,0.220522,0.0776895,0.23704,0.327748,0.293123,0.329057,0.278493,0.622181,0.108535,4.74683,0.276528,-0.00683178,-0.0163648,1.29317,-0.452281,71.4116,-0.0231966,-0.0206517,-0.5320185869932175,0.2656137626618147,0.0163317,999,,,,,,,6.8,1.7,6.8,1.7,,,,,,,,,,,,,,,,,,,"Garrett Stubbs","18067",596117
"Kahlil Watson","CLE",6,25,22,5,3,1,0,1,3,3,2,0,8,0,0,0,,1,0,0.217309,0.0771809,0.323171,0.238824,0.285175,0.372634,0.290139,0.657809,0.155325,5.81973,0.299895,0.00245283,0.0235665,2.41412,-0.529266,84.8464,0.0260193,-0.0594513,-0.41106543131172657,-0.32426609843969345,0.014959,999,,,,,,,26.2,4.366666666,26.2,4.366666666,,,,,,,,,,,,,,,,,,,"Kahlil Watson","29905",696135
"Rob Refsnyder","SEA",11,46,40,9,6,2,0,1,5,5,4,0,13,1,0,0,,0,0,0.214851,0.0921769,0.284404,0.324106,0.299102,0.359876,0.293087,0.658978,0.145024,3.22637,0.27712,-0.0252241,-0.036034,4.58323,-0.871301,92.3378,-0.0612581,-0.0363658,-0.47081534937024117,-1.0178472511470318,0.0149486,999,,,,,,,40.6,3.69090909,40.6,3.69090909,,,,,,,,,,,,,,,,,,,"Rob Refsnyder","13770",608701
"Chadwick Tromp","BAL",5,21,19,4,3,1,0,0,2,2,1,0,5,0,0,0,,0,0,0.204522,0.0616917,0.253395,0.24346,0.255503,0.314405,0.253258,0.569909,0.109883,2.92127,0.255678,-0.00489047,-0.00969443,1.41889,-1.07461,59.4818,-0.0145849,-0.0672059,-1.004645224660635,0.34174470603466034,0.0145782,999,,,,,,,9.3,1.86,9.3,1.86,,,,,,,,,,,,,,,,,,,"Chadwick Tromp","16953",644433
"Leo Rivas","SEA",1,5,4,1,1,0,0,0,1,0,1,0,1,0,0,0,,0,0,0.20428,0.139106,0.264821,0.525283,0.324579,0.290586,0.286793,0.615166,0.0863062,5.90458,0.280427,0.000396596,0.0111439,0.434945,-0.110508,87.964,0.0115405,-0.00203255,-0.052793403156101704,0.030683504650369287,0.0143457,999,,,,,,,4.6,4.6,4.6,4.6,,,,,,,,,,,,,,,,,,,"Leo Rivas","21009",660844
"Gabriel Gonzalez","MIN",2,7,6,2,1,0,0,0,1,1,0,0,1,0,0,0,,0,0,0.257547,0.0611493,0.186595,0.327711,0.312295,0.395904,0.311321,0.708199,0.138357,3.91565,0.300522,-0.000513455,-0.00895983,0.78908,-0.0291003,97.5891,-0.00947328,-0.00324514,-0.028802975080907345,-0.076856245752424,0.0141689,999,,,,,,,5.2,2.6,5.2,2.6,,,,,,,,,,,,,,,,,,,"Gabriel Gonzalez","28833",694224
"Thairo Estrada",,2,9,9,2,1,0,0,0,1,1,0,0,2,0,0,0,,0,0,0.241995,0.0470054,0.201549,0.233221,0.28663,0.371258,0.289165,0.657888,0.129263,4.10065,0.282072,0.0009908261,-0.00393136,0.904257,-0.207233,81.1591,-0.00294053,-0.0039633,-0.21231703064404428,0.029370032250881195,0.0137353,999,,,,,,,2.2,1.1,2.2,1.1,,,,,,,,,,,,,,,,,,,"Thairo Estrada","16426",642731
"Gabriel Rincones Jr.","PHI",26,115,101,22,13,5,0,3,13,13,10,0,31,2,1,0,,3,1,0.214682,0.0916116,0.269663,0.339726,0.295618,0.365177,0.292534,0.660795,0.150495,4.65047,0.270653,-0.00426983,0.00442569,11.4068,-2.22958,80.7887,0.000155862,0.309923,-2.6711486024432816,-0.9169292747974396,0.0136776,999,,,,,,,103.8,3.992307692,103.8,3.992307692,,,,,,,,,,,,,,,,,,,"Gabriel Rincones Jr.","31958",687282
"Pedro Ramírez","CHC",15,65,60,15,11,3,0,1,7,7,4,0,12,1,0,0,,2,1,0.257123,0.0665917,0.187598,0.35497,0.312331,0.365632,0.299238,0.677962,0.108509,5.5189,0.306551,0.00490909,0.0320328,6.86349,-0.916939,88.6129,0.0369419,0.109521,-0.8664667308330536,-1.1238123625516891,0.0135783,999,,,,,,,58.1,3.873333333,58.1,3.873333333,,,,,,,,,,,,,,,,,,,"Pedro Ramirez","29218",699393
"Charles McAdoo","TOR",2,7,6,1,1,0,0,0,1,1,0,0,2,0,0,0,,0,0,0.226549,0.0723168,0.283826,0.254793,0.287254,0.373292,0.290724,0.660546,0.146744,5.32167,0.294837,-0.000490741,0.00912483,0.674318,-0.143863,84.6615,0.00863409,-0.0217907,-0.11434535961598158,0.00274629145860672,0.0135667,999,,,,,,,-0.4,-0.2,-0.4,-0.2,,,,,,,,,,,,,,,,,,,"Charles McAdoo","33323",807727
"Brian Navarreto","MIA",3,13,12,2,2,0,0,0,1,1,1,0,3,0,0,0,,0,0,0.208763,0.0569322,0.244533,0.23282,0.261572,0.317431,0.257723,0.579002,0.108668,3.93547,0.26158,-0.00425038,-0.00452419,0.896817,-0.599284,57.8055,-0.00877456,0.104952,-0.6524775456637144,0.35032203793525696,0.0135286,999,,,,,,,2.2,0.733333333,2.2,0.733333333,,,,,,,,,,,,,,,,,,,"Brian Navarreto","16398",640459
"Rikuu Nishida","CHW",2,10,8,2,2,0,0,0,1,1,1,0,2,0,0,0,,0,0,0.241187,0.0970273,0.170271,0.569841,0.326758,0.284913,0.283252,0.611671,0.0437257,5.57435,0.295458,-0.000982143,0.00415197,0.875419,-0.256654,78.5932,0.00316983,0.0552638,-0.2343102607410401,0.021313153207302094,0.0128322,999,,,,,,,6.2,3.1,6.2,3.1,,,,,,,,,,,,,,,,,,,"Rikuu Nishida","33795",807747
"Jhostynxon Garcia","PIT",8,37,34,8,5,1,0,1,4,4,2,0,10,0,0,0,,0,0,0.233758,0.0617473,0.267201,0.231089,0.288505,0.378551,0.29317,0.667056,0.144793,4.7191,0.297001,0.00196296,-0.0214443,3.66905,-0.694577,80.9446,-0.0194813,-0.10857,-0.8673596493899822,-0.20671789348125458,0.01189,999,,,,,,,29.1,3.6375,29.1,3.6375,,,,,,,,,,,,,,,,,,,"Jhostynxon Garcia","28142",691373
"Bryan Lavastida","ATH",2,6,6,1,1,0,0,0,1,1,0,0,1,0,0,0,,0,0,0.215556,0.0741933,0.217904,0.340487,0.281084,0.328137,0.27206,0.609222,0.112581,5.10444,0.260337,-0.00211765,0.00486893,0.531284,-0.23088,68.2076,0.00275129,-0.00105882,-0.23469986347481608,0.12394117645453662,0.0117767,999,,,,,,,-0.4,-0.2,-0.4,-0.2,,,,,,,,,,,,,,,,,,,"Bryan Lavastida","24765",681526
"Brewer Hicklen","ATL",2,7,6,1,1,0,0,0,1,1,1,0,2,0,0,0,,0,0,0.221221,0.0829006,0.329531,0.251572,0.29949,0.388273,0.303041,0.687763,0.167052,6.55389,0.306695,-0.00197442,0.0290543,0.756962,-0.0766553,88.9263,0.0270799,0.0208847,-0.0670500248670578,-0.05411533638834953,0.0107899,999,,,,,,,2.6,1.3,2.6,1.3,,,,,,,,,,,,,,,,,,,"Brewer Hicklen","20450",676551
"Juan Brito","CLE",1,4,4,1,1,0,0,0,0,0,0,0,1,0,0,0,,0,0,0.223374,0.0987029,0.209015,0.472229,0.307195,0.354592,0.295225,0.661787,0.131219,3.89187,0.268336,-0.0000376316,-0.00797265,0.457469,-0.077693,88.3811,-0.00801028,-0.00830128,-0.06894297990947962,0.007748103700578213,0.0100702,999,,,,,,,1.6,1.6,1.6,1.6,,,,,,,,,,,,,,,,,,,"Juan Brito","26693",682877
"Ryan Ward","LAD",2,7,6,1,1,0,0,0,1,1,1,0,2,0,0,0,,0,0,0.224768,0.0771822,0.258234,0.298884,0.287032,0.420464,0.306385,0.707496,0.195696,4.4572,0.262146,-0.00106057,-0.00455907,0.775946,-0.0576716,92.1237,-0.00561964,0.0340856,-0.07257054187357426,-0.05758107826113701,0.0098789,999,,,,,,,2.6,1.3,2.6,1.3,,,,,,,,,,,,,,,,,,,"Ryan Ward","27449",669899
"Michael Helman","TEX",2,7,6,1,1,0,0,0,1,1,0,0,2,0,0,0,,0,0,0.211204,0.0587591,0.238938,0.245918,0.268564,0.354611,0.27456,0.623175,0.143407,5.60933,0.253341,-0.00114382,0.0110951,0.595281,-0.238337,74.245,0.00995127,0.0180143,-0.20044145826250315,0.04301426559686661,0.00938998,999,,,,,,,-0.4,-0.2,-0.4,-0.2,,,,,,,,,,,,,,,,,,,"Michael Helman","24605",680737
"Héctor Rodríguez","CIN",3,12,11,3,2,0,0,0,1,1,1,0,2,0,0,0,,0,0,0.245896,0.0564974,0.200928,0.281182,0.292172,0.423476,0.309195,0.715648,0.17758,4.37552,0.272705,-0.000982143,-0.00548456,1.34428,-0.0708145,88.6993,-0.00646671,0,-0.1695304112508893,-0.12731482088565826,0.00907396,999,,,,,,,8.8,2.933333333,8.8,2.933333333,,,,,,,,,,,,,,,,,,,"Hector Rodriguez","sa3015828",699302
"Nick Yorke","PIT",2,7,6,2,1,0,0,0,1,1,0,0,2,0,0,0,,0,0,0.248934,0.0698657,0.219522,0.318263,0.30657,0.357416,0.294506,0.663986,0.108482,4.55275,0.308547,0.00103546,-0.00395548,0.695393,-0.122788,81.8371,-0.00292002,-0.00494891,-0.1544515802524984,0.019588126800954342,0.00897391,999,,,,,,,5.2,2.6,5.2,2.6,,,,,,,,,,,,,,,,,,,"Nick Yorke","27504",694377
"Ryan Bliss","SEA",1,5,4,1,1,0,0,0,1,0,0,0,1,0,0,0,,0,0,0.216139,0.0731271,0.266549,0.274348,0.281152,0.331286,0.273421,0.612438,0.115147,6.07971,0.283671,-0.0000290411,-0.000235824,0.385274,-0.160179,78.6714,-0.000264865,0.0224044,-0.11426941727404483,0.0387624055147171,0.00893216,999,,,,,,,1.6,1.6,1.6,1.6,,,,,,,,,,,,,,,,,,,"Ryan Bliss","29547",669208
"César Prieto","STL",2,7,6,2,1,0,0,0,1,1,0,0,1,0,0,0,,0,0,0.25349,0.0477296,0.150627,0.316873,0.297058,0.368627,0.292272,0.665685,0.115137,3.9606,0.284679,-0.0010705,-0.0189634,0.695833,-0.137784,84.3112,-0.0200339,-0.0375912,-0.15339409187436104,0.004075504839420319,0.00793572,999,,,,,,,5.2,2.6,5.2,2.6,,,,,,,,,,,,,,,,,,,"Cesar Prieto","30163",693409
"Max Anderson","DET",1,2,2,1,0,0,0,0,0,0,0,0,0,0,0,0,,0,0,0.260419,0.0532795,0.155912,0.341728,0.305501,0.398819,0.307605,0.70432,0.1384,3.54461,0.287201,0,-0.00198112,0.256126,-0.0166005,95.5235,-0.00198112,0,-0.01394500327296555,0.008179012686014175,0.00770903,999,,,,,,,3.6,3.6,3.6,3.6,,,,,,,,,,,,,,,,,,,"Max Anderson","sa3022567",801194
"David Fry","CLE",15,65,57,12,7,2,0,2,7,7,6,0,18,1,0,0,,0,0,0.209634,0.09587,0.27742,0.345578,0.295383,0.365965,0.292911,0.661349,0.156332,3.08805,0.264278,-0.0321278,-0.0390611,6.47253,-1.24145,86.773,-0.0711889,-0.0270588,-1.0710499212145805,-1.1745896767824888,0.00683767,999,,,,,,,55.8,3.72,55.8,3.72,,,,,,,,,,,,,,,,,,,"David Fry","24934",681807
"Jeferson Quero","MIL",1,2,2,0,0,0,0,0,0,0,0,0,0,0,0,0,,0,0,0.226872,0.0720839,0.210808,0.341941,0.288741,0.366525,0.289684,0.655266,0.139653,3.29033,0.262137,0,-0.00107425,0.207585,-0.0464702,81.2116,-0.00107425,0.00433689,-0.04974689905066043,0.04600355913862586,0.00669012,999,,,,,,,-2,-2,-2,-2,,,,,,,,,,,,,,,,,,,"Jeferson Quero","28272",691620
"Edwin Arroyo","CIN",34,145,134,34,25,6,1,2,14,13,7,0,29,2,1,1,,2,1,0.251093,0.0502128,0.202755,0.247652,0.296065,0.345927,0.284621,0.641991,0.0948342,4.6006,0.307336,-0.0200049,-0.212852,13.5111,-3.75299,72.2881,-0.232857,-0.0881122,-5.11128556728363,0.4635852873325348,0.00666531,999,,,,,,,126.3,3.714705882,126.3,3.714705882,,,,,,,,,,,,,,,,,,,"Edwin Arroyo","29957",695490
"Oliver Dunn","TBR",1,5,4,1,1,0,0,0,1,0,0,0,2,0,0,0,,0,0,0.208399,0.0881091,0.330001,0.266997,0.286611,0.333907,0.277921,0.620519,0.125509,5.87401,0.303497,-0.00000873016,0.00535812,0.417161,-0.148876,74.2523,0.00534939,0.0163368,-0.13746885117143393,0.03331209532916546,0.00665352,999,,,,,,,1.6,1.6,1.6,1.6,,,,,,,,,,,,,,,,,,,"Oliver Dunn","26295",686554
"Wilmer Flores",,6,28,25,6,4,1,0,1,3,3,2,0,5,0,0,0,,0,0,0.233439,0.0849996,0.183795,0.462469,0.307024,0.394682,0.309098,0.701706,0.161243,2.43958,0.25442,-0.097942,-0.0322702,3.16541,-0.169065,94.736,-0.130212,-0.00519389,-0.30570797622203827,-0.5885272063314915,0.00618908,999,,,,,,,26.9,4.483333333,26.9,4.483333333,,,,,,,,,,,,,,,,,,,"Wilmer Flores","5827",527038
"Hyeseong Kim","LAD",1,5,4,1,1,0,0,0,1,0,0,0,1,0,0,0,,0,0,0.244007,0.0588907,0.258998,0.227379,0.293649,0.340435,0.281512,0.634084,0.0964279,6.62127,0.321065,-0.000135,0.0252518,0.423165,-0.13258,75.5127,0.0251168,0.00306934,-0.11364958994090557,0.019736005924642086,0.00586148,740.77001953125,,,,,,,1.6,1.6,1.6,1.6,,,,,,,,,,,,,,,,,,,"Hyeseong Kim","35322",808975
"Adael Amador","COL",2,9,8,2,1,0,0,0,1,1,1,0,2,0,0,0,,0,0,0.238263,0.0975968,0.164549,0.593118,0.317303,0.360794,0.303066,0.678098,0.122531,4.98334,0.269714,-0.00883333,0.00375205,0.990783,-0.100124,75.9763,-0.00508128,-0.000981482,-0.27231819927692413,0.031734569231048226,0.00580467,999,,,,,,,6.2,3.1,6.2,3.1,,,,,,,,,,,,,,,,,,,"Adael Amador","27962",691182
"Heston Kjerstad","BAL",2,9,8,2,1,0,0,0,1,1,1,0,2,0,0,0,,0,0,0.237635,0.0593968,0.257517,0.230652,0.292816,0.393482,0.299184,0.686298,0.155848,3.56236,0.293082,-0.00196296,-0.00777387,0.961946,-0.128961,91.397,-0.00973684,-0.00490741,-0.10170494113117456,-0.16848764615133405,0.00578176,999,,,,,,,6.2,3.1,6.2,3.1,,,,,,,,,,,,,,,,,,,"Heston Kjerstad","31166",677008
"Will Benson","CIN",1,5,4,1,1,0,0,0,1,1,1,0,1,0,0,0,,0,0,0.219407,0.113009,0.304374,0.371284,0.313295,0.401066,0.314003,0.714362,0.18166,5.78045,0.29016,-0.00418668,-0.000583672,0.556241,-0.00979519,91.9099,-0.00477035,0.0040487,-0.05146523239091039,-0.04687723005190492,0.00569733,999,,,,,,,4.6,4.6,4.6,4.6,,,,,,,,,,,,,,,,,,,"Will Benson","21853",666181
"Joey Wiemer","WSN",6,25,22,5,3,1,0,1,3,3,2,0,8,0,0,0,,0,0,0.210625,0.0902025,0.301834,0.298848,0.289735,0.347198,0.28394,0.636933,0.136573,4.67134,0.285146,-0.00115828,0.0052049,2.33391,-0.666086,76.6531,0.00404662,0.11609,-0.7101508341729641,-0.0556691512465477,0.00539734,999,,,,,,,24.3,4.05,24.3,4.05,,,,,,,,,,,,,,,,,,,"Joey Wiemer","27690",686894
"Oswaldo Cabrera","NYY",1,2,2,0,0,0,0,0,0,0,0,0,1,0,0,0,,0,0,0.231587,0.0774161,0.214873,0.360288,0.295568,0.359722,0.290387,0.65529,0.128135,4.35719,0.275687,-0.000585195,-0.00136519,0.228376,-0.049496,84.9615,-0.00195039,0.000446336,-0.04290008288808167,0.008779670053627342,0.00499089,999,,,,,,,-2,-2,-2,-2,,,,,,,,,,,,,,,,,,,"Oswaldo Cabrera","21707",665828
"Otto Kemp","PHI",2,9,8,2,1,0,0,0,1,1,1,0,3,0,0,0,,0,0,0.225611,0.0672095,0.28011,0.239939,0.30316,0.378906,0.302263,0.682066,0.153294,5.00356,0.292626,-0.0030473,-0.00974288,0.984819,-0.106088,87.2863,-0.0127902,-0.0617285,-0.1542163109406829,-0.09444458037614822,0.00498579,999,,,,,,,6.2,3.1,6.2,3.1,,,,,,,,,,,,,,,,,,,"Otto Kemp","31792",805249
"Dustin Harris","SDP",1,5,4,1,1,0,0,0,1,0,0,0,1,0,0,0,,0,0,0.239451,0.0836389,0.224258,0.372958,0.310548,0.366187,0.299838,0.676735,0.126736,6.12114,0.29463,-0.000508052,0.0121514,0.492521,-0.0632236,90.9285,0.0116434,-0.013298,-0.03976356331259012,-0.06329802144318819,0.00493403,999,,,,,,,1.6,1.6,1.6,1.6,,,,,,,,,,,,,,,,,,,"Dustin Harris","25705",687957
"Kristian Campbell","BOS",1,2,2,0,0,0,0,0,0,0,0,0,1,0,0,0,,0,0,0.232384,0.104597,0.284432,0.367738,0.322795,0.357036,0.305693,0.679832,0.124652,3.74199,0.316491,0,-0.00199018,0.262106,-0.0209127,90.1785,-0.00199018,0.0176786,-0.02922927215695381,-0.007784392684698105,0.00485405,746.1400146484375,,,,,,,-2,-2,-2,-2,,,,,,,,,,,,,,,,,,,"Kristian Campbell","33644",692225
"Zach Cole","HOU",2,7,6,1,1,0,0,0,1,1,1,0,3,0,0,0,,0,0,0.202236,0.078979,0.400405,0.197248,0.275142,0.37251,0.284077,0.647652,0.170274,6.02618,0.314088,-0.000163051,0.00313899,0.625258,-0.177485,80.0135,0.00297594,0.000686294,-0.15424638986587524,-0.039437160827219486,0.00477535,743.5999755859375,,,,,,,2.6,1.3,2.6,1.3,,,,,,,,,,,,,,,,,,,"Zach Cole","31583",805904
"RJ Schreck","TOR",1,2,2,0,0,0,0,0,0,0,0,0,1,0,0,0,,0,0,0.217171,0.115121,0.238643,0.482396,0.318633,0.374272,0.307987,0.692905,0.1571,3.99418,0.26188,0,-0.00127972,0.256835,-0.0158918,96.6584,-0.00127972,0,-0.010210466687567532,-0.024537036195397377,0.00477083,999,,,,,,,-2,-2,-2,-2,,,,,,,,,,,,,,,,,,,"RJ Schreck","sa3022602",702302
"Carlos Pérez","DET",1,2,2,0,0,0,0,0,0,0,0,0,0,0,0,0,,0,0,0.209894,0.0755212,0.213895,0.353076,0.276992,0.373085,0.28536,0.650077,0.163191,2.95957,0.2344,-0.00424,-0.00182301,0.196399,-0.052951,80.0647,-0.00606301,0.00318,-0.05477485526353121,0.044075063429772854,0.00448836,999,,,,,,,-2,-2,-2,-2,,,,,,,,,,,,,,,,,,,"Carlos Perez","10642",542208
"Tatem Levins","TBR",1,2,2,0,0,0,0,0,0,0,0,0,1,0,0,0,,0,0,0.203783,0.0946859,0.278045,0.340541,0.285185,0.322393,0.273453,0.607578,0.11861,3.3609,0.26777,-0.00105769,-0.00165315,0.182828,-0.0759312,71.1472,-0.00271084,0,-0.07587279239669442,0.04243827238678932,0.00447921,999,,,,,,,-2,-2,-2,-2,,,,,,,,,,,,,,,,,,,"Tatem Levins","sa3020278",694420
"Patrick Wisdom","SEA",1,2,2,0,0,0,0,0,0,0,0,0,1,0,0,0,,0,0,0.18932,0.085996,0.368117,0.23361,0.265505,0.400911,0.288681,0.666416,0.211591,3.95611,0.24755,-0.0015515,-0.00100646,0.22098,-0.0517472,89.2762,-0.00255795,-0.0152834,-0.031217945273965597,-0.007104347459971905,0.00440841,999,,,,,,,-2,-2,-2,-2,,,,,,,,,,,,,,,,,,,"Patrick Wisdom","13602",621550
"Logan Porter","LAA",1,2,2,0,0,0,0,0,0,0,0,0,1,0,0,0,,0,0,0.203176,0.1057,0.287993,0.367023,0.295472,0.308883,0.275679,0.604355,0.105707,3.03568,0.276723,-0.00106294,-0.00189705,0.179961,-0.0693894,72.3933,-0.00296,-0.0052018,-0.07041686051525176,0.03569326223805547,0.0043962,999,,,,,,,-2,-2,-2,-2,,,,,,,,,,,,,,,,,,,"Logan Porter","20626",682515
"Johnathan Rodríguez","PIT",1,2,2,1,0,0,0,0,0,0,0,0,1,0,0,0,,0,0,0.253329,0.0880524,0.270187,0.325894,0.322152,0.414444,0.322879,0.736596,0.161115,2.91384,0.323811,-0.000541913,-0.00376768,0.284493,0.0117659,100.786,-0.00430959,-0.0053203,-0.0021250671707093716,-0.02985733700916171,0.00430644,999,,,,,,,3.6,3.6,3.6,3.6,,,,,,,,,,,,,,,,,,,"Johnathan Rodriguez","22530",671286
"Kameron Misner","PHI",1,5,4,1,1,0,0,0,1,0,0,0,1,0,0,0,,0,0,0.211185,0.100296,0.317621,0.315773,0.294486,0.354934,0.28953,0.64942,0.143748,6.16956,0.296427,-0.00262215,0.0110006,0.445113,-0.10034,78.7827,0.00837847,0.0175406,-0.1096306499093771,0.0011825375258922577,0.00410307,999,,,,,,,1.6,1.6,1.6,1.6,,,,,,,,,,,,,,,,,,,"Kameron Misner","26374",670224
"Alek Thomas","LAD",1,2,2,1,0,0,0,0,0,0,0,0,1,0,0,0,,0,0,0.23526,0.0528152,0.229451,0.230181,0.281743,0.380863,0.289925,0.662607,0.145604,5.17411,0.283678,0.00479974,0.000184922,0.227502,-0.0503708,81.1311,0.00498466,0.00392458,-0.04847928648814559,0.01225791173055768,0.00401911,746.030029296875,,,,,,,3.6,3.6,3.6,3.6,,,,,,,,,,,,,,,,,,,"Alek Thomas","23792",677950
"Blake Hunt","SDP",1,2,2,0,0,0,0,0,0,0,0,0,1,0,0,0,,0,0,0.212531,0.06631,0.267671,0.24773,0.274898,0.348681,0.276343,0.623579,0.13615,3.68273,0.269571,-0.000529412,-0.00122215,0.184504,-0.0695511,75.2375,-0.00175156,-0.00693002,-0.06590075045824051,0.03473664494231343,0.00387258,999,,,,,,,-2,-2,-2,-2,,,,,,,,,,,,,,,,,,,"Blake Hunt","23209",675448
"José Barrero","BAL",1,5,4,1,1,0,0,0,0,0,0,0,1,0,0,0,,0,0,0.200254,0.0681921,0.309578,0.220274,0.266409,0.346891,0.270452,0.6133,0.146637,5.21696,0.263073,-0.000981482,0.00283075,0.374246,-0.171207,71.4299,0.00184927,-0.00785185,-0.15086171589791775,0.0248641986399889,0.00381333,999,,,,,,,1.6,1.6,1.6,1.6,,,,,,,,,,,,,,,,,,,"Jose Barrero","23378",676480
"Joey Meneses","ATH",1,2,2,1,0,0,0,0,0,0,0,0,0,0,0,0,,0,0,0.259266,0.0636427,0.189104,0.336549,0.311533,0.400012,0.31143,0.711545,0.140746,2.39813,0.300356,-0.00113001,-0.00241473,0.268196,-0.00967654,95.5666,-0.00354475,-0.00791865,-0.01561693660914898,-0.032918646931648254,0.00352945,999,,,,,,,3.6,3.6,3.6,3.6,,,,,,,,,,,,,,,,,,,"Joey Meneses","14366",608841
"Luis Vázquez","BAL",1,2,2,0,0,0,0,0,0,0,0,0,1,0,0,0,,0,0,0.223815,0.0563148,0.257426,0.218761,0.275393,0.350338,0.276331,0.625732,0.126523,4.94322,0.281361,0,-0.000228701,0.198042,-0.0746846,75.5155,-0.000228701,0.00981481,-0.06566517610917799,0.01799382735043764,0.00346059,999,,,,,,,-2,-2,-2,-2,,,,,,,,,,,,,,,,,,,"Luis Vazquez","23442",676679
"Nolan Jones","CHW",1,2,2,0,0,0,0,0,0,0,0,0,1,0,0,0,,0,0,0.227159,0.105884,0.286778,0.369219,0.315357,0.371361,0.304713,0.686719,0.144203,4.55558,0.302962,-0.00196429,-0.000432685,0.260216,-0.0228019,93.5068,-0.00239697,-0.00491071,-0.020405470859259367,-0.03037367668002844,0.00345848,999,,,,,,,-2,-2,-2,-2,,,,,,,,,,,,,,,,,,,"Nolan Jones","20529",666134
"Collin Price","HOU",1,2,2,0,0,0,0,0,0,0,0,0,1,0,0,0,,0,0,0.194845,0.080263,0.34074,0.235555,0.26768,0.342588,0.271336,0.610268,0.147743,3.89182,0.269942,-0.000530612,-0.0010224,0.16933,-0.0753158,71.16,-0.00155301,-0.0119259,-0.07069367135409266,0.028197545558214188,0.00338415,999,,,,,,,-2,-2,-2,-2,,,,,,,,,,,,,,,,,,,"Collin Price","31415",805672
"Ralphy Velazquez","CLE",5,20,18,4,3,1,0,1,2,2,1,0,5,0,0,0,,0,0,0.233003,0.0723987,0.235064,0.307995,0.294752,0.384322,0.298205,0.679074,0.151319,3.3528,0.281313,-0.0029434,-0.0203415,2.10748,-0.300747,90.452,-0.0232849,0,-0.24861103296279907,-0.4413580298423767,0.00328368,999,,,,,,,19.7,3.94,19.7,3.94,,,,,,,,,,,,,,,,,,,"Ralphy Velazquez","sa3023013",806252
"Gage Workman","DET",1,2,2,0,0,0,0,0,0,0,0,0,1,0,0,0,,0,0,0.219214,0.0765556,0.346755,0.220777,0.282871,0.383727,0.291783,0.666598,0.164514,6.56207,0.315293,-0.000988162,0.000574019,0.226741,-0.0459858,84.5283,-0.000414143,-0.0166663,-0.041763304616324604,-0.008487315848469734,0.0031991,999,,,,,,,-2,-2,-2,-2,,,,,,,,,,,,,,,,,,,"Gage Workman","27573",669398
"Rudy Martin Jr.","TOR",1,2,2,0,0,0,0,0,0,0,0,0,1,0,0,0,,0,0,0.221533,0.0820795,0.27337,0.300251,0.291101,0.327694,0.277341,0.618796,0.106161,5.73941,0.294674,-0.000981482,0.00700531,0.199919,-0.0728078,75.362,0.00602383,0,-0.059822960291057825,0.008179012686014175,0.00305784,999,,,,,,,-2,-2,-2,-2,,,,,,,,,,,,,,,,,,,"Rudy Martin Jr.","sa829374",657675
"Drew Waters","KCR",1,2,2,0,0,0,0,0,0,0,0,0,1,0,0,0,,0,0,0.23805,0.0679191,0.273113,0.248685,0.295145,0.376286,0.295542,0.671431,0.138236,5.34203,0.312753,0,0.00102695,0.233721,-0.0390058,84.3245,0.00102695,-0.0196296,-0.0408668729942292,-0.011450616642832756,0.00298955,999,,,,,,,-2,-2,-2,-2,,,,,,,,,,,,,,,,,,,"Drew Waters","20505",671221
"Brett Harris","BOS",1,2,2,0,0,0,0,0,0,0,0,0,0,0,0,0,,0,0,0.232837,0.0902526,0.205221,0.439782,0.316305,0.356234,0.301851,0.672539,0.123397,4.13673,0.278139,-0.000601505,-0.00203624,0.254702,-0.0283166,87.5089,-0.00263775,0.0230525,-0.03728074999526143,-0.01938580349087715,0.0028616,999,,,,,,,-2,-2,-2,-2,,,,,,,,,,,,,,,,,,,"Brett Harris","29788",695391
"Eliezer Alfonzo","LAD",3,11,10,2,2,0,0,0,1,1,1,0,1,0,0,0,,0,0,0.232163,0.0530335,0.127463,0.41607,0.276423,0.324706,0.265726,0.601129,0.0925434,2.31571,0.252748,-0.00212507,-0.0174097,0.830679,-0.439595,64.9704,-0.0195347,-0.0680609,-0.47326950542628765,0.14027241617441177,0.00272627,999,,,,,,,4.2,1.4,4.2,1.4,,,,,,,,,,,,,,,,,,,"Eliezer Alfonzo","22741",672613
"Chad Wallach","ATH",2,6,6,1,1,0,0,0,1,1,0,0,2,0,0,0,,0,0,0.199174,0.0660985,0.296636,0.222827,0.259711,0.32998,0.261862,0.589691,0.130806,3.53331,0.259908,-0.0116471,-0.00479377,0.478353,-0.283811,61.1206,-0.0164408,-0.00741176,-0.3068231865763664,0.117588235065341,0.00245733,999,,,,,,,-0.4,-0.2,-0.4,-0.2,,,,,,,,,,,,,,,,,,,"Chad Wallach","17161",595453
"Mark Canha",,2,7,6,1,1,0,0,0,1,1,1,0,1,0,0,0,,0,0,0.235144,0.0919948,0.211996,0.433947,0.320895,0.35206,0.302201,0.672955,0.116917,3.5852,0.285771,-0.0128415,-0.00526963,0.752195,-0.0814222,90.038,-0.0181111,-0.0405,-0.10114112682640553,-0.11550000309944153,0.0022486,999,,,,,,,2.6,1.3,2.6,1.3,,,,,,,,,,,,,,,,,,,"Mark Canha","11445",592192
"Nelson Rada","LAA",1,5,4,1,1,0,0,0,0,0,0,0,1,0,0,0,,0,0,0.233615,0.0888053,0.22683,0.391506,0.309481,0.305539,0.279633,0.615019,0.0719232,5.5844,0.303217,-0.000981482,0.00855194,0.40835,-0.137103,75.1409,0.00757046,0,-0.1253050989471376,-0.0163580235093832,0.00222512,999,,,,,,,1.6,1.6,1.6,1.6,,,,,,,,,,,,,,,,,,,"Nelson Rada","sa3018421",703185
"Matthew Lugo","KCR",1,2,2,0,0,0,0,0,0,0,0,0,1,0,0,0,,0,0,0.232694,0.0558895,0.276214,0.202341,0.282491,0.389944,0.293559,0.672434,0.15725,5.15541,0.298363,0,0.000022295,0.230039,-0.0426882,82.9467,0.000022295,0.00883333,-0.04555388252083503,-0.01570370327681303,0.00208319,999,,,,,,,-2,-2,-2,-2,,,,,,,,,,,,,,,,,,,"Matthew Lugo","25980",683090
"Mario Camilletti","CHW",1,2,2,0,0,0,0,0,0,0,0,0,1,0,0,0,,0,0,0.215464,0.109916,0.2533,0.433936,0.306784,0.298008,0.277484,0.604792,0.082544,3.87652,0.287606,-0.000982143,-0.00167946,0.207737,-0.0752809,74.5846,-0.0026616,0,-0.07314913021400571,0.00848765391856432,0.00205106,999,,,,,,,-2,-2,-2,-2,,,,,,,,,,,,,,,,,,,"Mario Camilletti","sa3020192",680519
"Korey Lee","CHW",3,11,10,2,1,0,0,0,1,1,1,0,3,0,0,0,,0,0,0.210669,0.0559033,0.283324,0.197312,0.260546,0.349456,0.268275,0.610002,0.138787,4.75279,0.268855,0.00528846,0.00462409,0.86852,-0.425278,68.1851,0.00991255,-0.0349038,-0.39345240872353315,0.1772875115275383,0.0018699,999,,,,,,,4.2,1.4,4.2,1.4,,,,,,,,,,,,,,,,,,,"Korey Lee","25543",686676
"Kevin Alcántara","CHC",2,9,8,2,1,0,0,0,1,1,1,0,3,0,0,0,,0,0,0.228158,0.0751903,0.322622,0.23306,0.289474,0.36588,0.289657,0.655354,0.137722,4.05637,0.317889,-0.000965074,-0.00802018,0.907983,-0.203507,82.2148,-0.00898525,-0.00792478,-0.21055896673351526,-0.0745914475992322,0.00185613,999,,,,,,,6.2,3.1,6.2,3.1,,,,,,,,,,,,,,,,,,,"Kevin Alcantara","25971",682634
"Tsung-Che Cheng","BOS",1,2,2,0,0,0,0,0,0,0,0,0,1,0,0,0,,0,0,0.215685,0.0886189,0.255945,0.346242,0.289165,0.311449,0.271041,0.600614,0.0957639,5.74264,0.287478,-0.00000211538,-0.0020646,0.19532,-0.0876981,66.098,-0.00206672,0.00360071,-0.09609124856069684,0.029063667869195342,0.00181118,999,,,,,,,-2,-2,-2,-2,,,,,,,,,,,,,,,,,,,"Tsung-Che Cheng","28344",691907
"Connor Joe","SEA",2,7,6,1,1,0,0,0,1,1,1,0,2,0,0,0,,0,0,0.210029,0.105469,0.255151,0.413361,0.302962,0.330607,0.286676,0.633569,0.120578,4.44136,0.273401,-0.00407047,-0.00829517,0.651767,-0.166413,87.8829,-0.0123656,-0.0139517,-0.10951696988195181,-0.12027885299175978,0.00158366,999,,,,,,,2.6,1.3,2.6,1.3,,,,,,,,,,,,,,,,,,,"Connor Joe","16572",656582
"Will Brennan","SFG",1,2,2,1,0,0,0,0,0,0,0,0,0,0,0,0,,0,0,0.265096,0.0468647,0.131455,0.356508,0.304712,0.374529,0.298238,0.679241,0.109433,4.00884,0.292808,-0.000592159,-0.00332943,0.243233,-0.0346398,88.5365,-0.00392159,-0.00154334,-0.03640272095799446,-0.026543341344222426,0.00130971,999,,,,,,,3.6,3.6,3.6,3.6,,,,,,,,,,,,,,,,,,,"Will Brennan","25660",686823
"Trei Cruz","DET",2,9,8,2,1,0,0,0,1,1,1,0,2,0,0,0,,0,0,0.214924,0.10859,0.254184,0.427208,0.302892,0.328278,0.284356,0.63117,0.113354,4.68639,0.280318,-0.00158465,-0.0131583,0.851783,-0.239124,79.3666,-0.0147429,-0.062905,-0.23532009590417147,-0.07926305942237377,0.00128136,999,,,,,,,6.2,3.1,6.2,3.1,,,,,,,,,,,,,,,,,,,"Trei Cruz","27569",669360
"Willie MacIver","TOR",1,2,2,0,0,0,0,0,0,0,0,0,1,0,0,0,,0,0,0.211107,0.0720888,0.281121,0.256433,0.277755,0.331087,0.271843,0.608842,0.11998,4.42321,0.279848,0,-0.000692726,0.173446,-0.0759044,71.5407,-0.000692726,-0.00742,-0.0702327941544354,0.033475063275545835,0.0012555,999,,,,,,,-2,-2,-2,-2,,,,,,,,,,,,,,,,,,,"Willie MacIver","24641",680862
"Bryce Johnson","SDP",1,2,2,0,0,0,0,0,0,0,0,0,1,0,0,0,,0,0,0.221125,0.0820289,0.28237,0.290501,0.295737,0.308699,0.274134,0.604436,0.0875737,6.03747,0.309236,-0.0000945,0.00693851,0.197621,-0.0802515,73.7622,0.00684401,-0.00456798,-0.06749913049861789,0.0037653562612831593,0.00122985,999,,,,,,,-2,-2,-2,-2,,,,,,,,,,,,,,,,,,,"Bryce Johnson","20002",669369
"Pavin Smith","ARI",1,2,2,0,0,0,0,0,0,0,0,0,1,0,0,0,,0,0,0.227471,0.120634,0.251248,0.480137,0.321987,0.371678,0.309183,0.693665,0.144206,3.82703,0.286815,-0.00271875,-0.0018369,0.259056,-0.0136705,92.5236,-0.00455565,0.00343354,-0.025347386952489614,-0.03746152087114751,0.00118119,999,,,,,,,-2,-2,-2,-2,,,,,,,,,,,,,,,,,,,"Pavin Smith","19892",656976
"Payton Henry","PHI",1,2,2,0,0,0,0,0,0,0,0,0,1,0,0,0,,0,0,0.214167,0.0551043,0.274588,0.20068,0.266342,0.32904,0.264427,0.595382,0.114873,2.8588,0.275993,-0.00106,-0.00205158,0.160853,-0.0884967,62.0177,-0.00311158,0.00106,-0.09968551737256348,0.04195506346877664,0.00108125,999,,,,,,,-2,-2,-2,-2,,,,,,,,,,,,,,,,,,,"Payton Henry","22164",668721
"Seaver King","WSN",2,9,8,2,1,0,0,0,1,1,0,0,2,0,0,0,,0,0,0.232875,0.0533028,0.217024,0.245608,0.280702,0.335911,0.273041,0.616613,0.103036,4.93624,0.286085,0,0.00227557,0.767726,-0.32318,69.3744,0.00227557,0,-0.33839993132278323,0.049074072390794754,0.000863094,999,,,,,,,3.2,1.6,3.2,1.6,,,,,,,,,,,,,,,,,,,"Seaver King","sa3025414",814409
"Kemp Alderman","MIA",1,2,2,1,0,0,0,0,0,0,0,0,1,0,0,0,,0,0,0.241018,0.0542922,0.277762,0.195463,0.287482,0.399131,0.298216,0.686613,0.158113,4.53341,0.305347,0,-0.000494799,0.238688,-0.0340384,84.8486,-0.000494799,0,-0.04263043269747868,-0.024537036195397377,0.000739309,999,,,,,,,3.6,3.6,3.6,3.6,,,,,,,,,,,,,,,,,,,"Kemp Alderman","sa3022562",694580
"Andrew Pintar","MIA",1,2,2,0,0,0,0,0,0,0,0,0,1,0,0,0,,0,0,0.226047,0.0713852,0.259097,0.275516,0.286857,0.333563,0.276765,0.62042,0.107517,5.49704,0.295551,0,0.0032732,0.198849,-0.0738781,70.5228,0.0032732,0,-0.07870214828290045,0.008179012686014175,0.000399106,999,,,,,,,-2,-2,-2,-2,,,,,,,,,,,,,,,,,,,"Andrew Pintar","sa3020715",801464
"Bryce Teodosio","LAA",2,9,8,2,1,0,0,0,1,1,0,0,3,0,0,0,,0,0,0.21432,0.0533471,0.317968,0.167775,0.266991,0.31323,0.258882,0.580221,0.0989101,7.26655,0.308928,0.000141783,0.0412603,0.662542,-0.428365,60.7204,0.0414021,0.0873849,-0.3785082958638668,0.054668840020895004,0.000342943,999,,,,,,,3.2,1.6,3.2,1.6,,,,,,,,,,,,,,,,,,,"Bryce Teodosio","29524",669326
"Rece Hinds","MIA",2,7,6,1,1,0,0,0,1,1,0,0,2,0,0,0,,0,0,0.22645,0.0595418,0.332591,0.179024,0.278757,0.403915,0.295937,0.682672,0.177466,5.86615,0.310005,0.000532271,0.00258673,0.703364,-0.114816,83.3263,0.003119,-0.0434928,-0.13598843896761537,-0.08438784629106522,0.000304458,999,,,,,,,-0.4,-0.2,-0.4,-0.2,,,,,,,,,,,,,,,,,,,"Rece Hinds","27493",677956
"Maximo Acosta","MIA",1,5,4,1,1,0,0,0,0,0,0,0,1,0,0,0,,0,0,0.221098,0.0674002,0.249136,0.270536,0.279207,0.342163,0.275722,0.621369,0.121064,5.53343,0.277895,0.000981482,0.00767251,0.393822,-0.151632,69.826,0.00865399,-0.0206111,-0.15917213633656502,0.0121049415320158,0.000187798,999,,,,,,,1.6,1.6,1.6,1.6,,,,,,,,,,,,,,,,,,,"Maximo Acosta","27963",691185
"Christian Cairo","PHI",4,16,14,3,2,1,0,0,2,1,2,0,4,0,0,0,,1,0,0.211019,0.108199,0.219112,0.493807,0.30628,0.285738,0.273152,0.592018,0.0747195,5.38188,0.271133,-0.00294444,0.0190498,1.34496,-0.564126,67.8444,0.0161053,0,-0.6098614502698183,0.08996913582086563,0.000134452,999,,,,,,,13.6,3.4,13.6,3.4,,,,,,,,,,,,,,,,,,,"Christian Cairo","sa3010028",686551
"Jorge Barrosa","ARI",6,27,25,5,4,1,0,0,3,2,2,0,7,0,0,0,,0,0,0.219308,0.0840107,0.238068,0.352885,0.289305,0.332671,0.277735,0.621976,0.113363,4.56362,0.280581,0.00162225,-0.0337866,2.4078,-0.864918,71.5215,-0.0321643,0.187797,-0.982537254691124,0.08964849263429642,0.0000637412,999,,,,,,,11.9,1.983333333,11.9,1.983333333,,,,,,,,,,,,,,,,,,,"Jorge Barrosa","23968",678489
"Chad Stevens","COL",2,7,6,1,1,0,0,0,1,1,1,0,2,0,0,0,,0,0,0.237148,0.0758912,0.29464,0.257572,0.303088,0.371244,0.298484,0.674332,0.134095,5.4332,0.325306,-0.000497001,-0.00206163,0.717556,-0.100624,72.9161,-0.00255863,-0.019284,-0.22851733630523086,0.00525299459695816,0.0000116611,999,,,,,,,2.6,1.3,2.6,1.3,,,,,,,,,,,,,,,,,,,"Chad Stevens","29614",677060
"Hayden Senger","NYM",1,2,2,0,0,0,0,0,0,0,0,0,1,0,0,0,,0,0,0.195089,0.0532552,0.309517,0.172059,0.250635,0.295377,0.244829,0.546012,0.100287,3.70835,0.269972,-0.000551536,-0.00241596,0.127574,-0.121776,53.7606,-0.00296749,0.00970981,-0.12053590337745845,0.05060487613081932,-0.0000443907,999,,,,,,,-2,-2,-2,-2,,,,,,,,,,,,,,,,,,,"Hayden Senger","21489",663584
"Jack Brannigan","PIT",1,2,2,0,0,0,0,0,0,0,0,0,1,0,0,0,,0,0,0.207935,0.076783,0.316878,0.242311,0.279592,0.336135,0.275052,0.615726,0.128199,5.279,0.289866,0,0.00163452,0.195666,-0.0770608,68.8447,0.00163452,-0.0146378,-0.08500757743604481,0.009899243712425232,-0.000065751,999,,,,,,,-2,-2,-2,-2,,,,,,,,,,,,,,,,,,,"Jack Brannigan","31471",687394
"Tyler Black","MIL",1,2,2,0,0,0,0,0,0,0,0,0,1,0,0,0,,0,0,0.225427,0.111241,0.251067,0.443071,0.321881,0.361411,0.306104,0.683292,0.135984,6.55759,0.291199,-0.00000923077,0.00392745,0.258117,-0.0197556,92.1775,0.00391822,0,-0.01824639504775405,-0.05833333358168602,-0.0000724921,999,,,,,,,-2,-2,-2,-2,,,,,,,,,,,,,,,,,,,"Tyler Black","29949",672012
"BJ Murray","CHC",1,5,4,1,1,0,0,0,1,0,0,0,1,0,0,0,,0,0,0.224559,0.0984016,0.251877,0.390674,0.305761,0.365169,0.298614,0.67093,0.14061,5.03501,0.282519,-0.000981818,-0.00125039,0.48789,-0.0678552,88.1966,-0.00223221,0,-0.06912095262669027,-0.0833333358168602,-0.0000734931,999,,,,,,,1.6,1.6,1.6,1.6,,,,,,,,,,,,,,,,,,,"BJ Murray","sa3017287",681230
"Sam Haggerty","CIN",1,2,2,0,0,0,0,0,0,0,0,0,1,0,0,0,,0,0,0.234146,0.0830844,0.237694,0.349544,0.306222,0.346449,0.291164,0.652671,0.112303,6.91899,0.300538,-0.0000865385,0.00929742,0.234104,-0.0489142,76.6576,0.00921089,0.00398134,-0.05815316643565893,-0.021481624338775873,-0.000239788,999,,,,,,,-2,-2,-2,-2,,,,,,,,,,,,,,,,,,,"Sam Haggerty","18054",664059
"Zack Short","NYM",1,2,2,0,0,0,0,0,0,0,0,0,1,0,0,0,,0,0,0.181489,0.118639,0.302074,0.392749,0.286162,0.294191,0.266871,0.580353,0.112702,3.44377,0.248834,-0.000985554,-0.00287832,0.180472,-0.0922547,68.4812,-0.00386387,0.00168845,-0.0915167205967009,0.009867457789368927,-0.000728882,999,,,,,,,-2,-2,-2,-2,,,,,,,,,,,,,,,,,,,"Zack Short","19562",670097
"Junior Perez","CHW",2,10,9,2,1,0,0,0,1,1,1,0,3,0,0,0,,0,0,0.199561,0.0850392,0.343926,0.24726,0.271339,0.353513,0.275959,0.624851,0.153951,5.69868,0.281783,0.000460727,0.00852438,0.819197,-0.312877,73.5252,0.00898511,0.00447414,-0.284717820584774,-0.06342709111049771,-0.000869326,999,,,,,,,5.2,2.6,5.2,2.6,,,,,,,,,,,,,,,,,,,"Junior Perez","23989",678577
"MJ Melendez","NYM",3,14,12,3,1,1,0,1,2,2,1,0,4,0,0,0,,0,0,0.212247,0.0888239,0.303405,0.292757,0.289013,0.392977,0.299073,0.68199,0.18073,4.39075,0.272594,-0.0058618,-0.0241577,1.44168,-0.194678,89.9875,-0.0300195,-0.0456091,-0.1970867346972227,-0.2582634277641773,-0.000871015,999,,,,,,,20.1,6.7,20.1,6.7,,,,,,,,,,,,,,,,,,,"MJ Melendez","22197",669004
"Robert Hassell III","PIT",1,2,2,0,0,0,0,0,0,0,0,0,1,0,0,0,,0,0,0.231059,0.0732875,0.244339,0.299942,0.290562,0.335041,0.278384,0.625603,0.103982,4.13571,0.29434,0,0.00131272,0.201855,-0.0708718,71.0701,0.00131272,0.0166852,-0.07914047176018357,-0.007851850241422653,-0.00127057,999,,,,,,,-2,-2,-2,-2,,,,,,,,,,,,,,,,,,,"Robert Hassell III","27482",690987
"Nick Morabito","NYM",1,2,2,0,0,0,0,0,0,0,0,0,1,0,0,0,,0,0,0.232574,0.0758108,0.262744,0.288535,0.299754,0.324374,0.280935,0.624128,0.0918002,5.96452,0.311353,0,0.00406952,0.206593,-0.0661334,77.8741,0.00406952,-0.00560788,-0.057462053373456,-0.030144914519041777,-0.00133289,999,,,,,,,-2,-2,-2,-2,,,,,,,,,,,,,,,,,,,"Nick Morabito","32119",703492
"Justin Turner",,6,28,25,6,4,1,0,1,3,3,3,0,6,0,0,0,,0,0,0.242955,0.0910006,0.199834,0.45538,0.321683,0.367735,0.307665,0.689418,0.12478,3.14519,0.28788,-0.119707,-0.0298708,3.13286,-0.201608,93.7598,-0.149578,0.00577099,-0.357616662979126,-0.6108956821262836,-0.00134128,999,,,,,,,29.9,4.983333333,29.9,4.983333333,,,,,,,,,,,,,,,,,,,"Justin Turner","5235",457759
"Riley Adams","WSN",1,4,4,1,0,0,0,0,0,0,0,0,1,0,0,0,,0,0,0.210004,0.0750043,0.321773,0.233097,0.28216,0.360177,0.284877,0.642337,0.150173,2.94056,0.285339,-0.00106,-0.00399899,0.391157,-0.107544,77.2789,-0.00505899,-0.02014,-0.12060022726655006,0.06165012717247009,-0.00151151,999,,,,,,,1.6,1.6,1.6,1.6,,,,,,,,,,,,,,,,,,,"Riley Adams","19864",656180
"James Triantos","CHC",3,14,13,3,2,1,0,0,2,1,1,0,2,0,0,0,,1,0,0.245221,0.050624,0.152177,0.332666,0.288758,0.34043,0.278897,0.629189,0.0952095,5.96151,0.278795,0.000981818,0.0251515,1.2398,-0.427431,75.0285,0.0261333,-0.0228824,-0.3983985185623169,-0.07288243249058723,-0.00163152,999,,,,,,,11.6,3.866666666,11.6,3.866666666,,,,,,,,,,,,,,,,,,,"James Triantos","29795",701649
"Will Banfield","CIN",1,2,2,0,0,0,0,0,0,0,0,0,1,0,0,0,,0,0,0.210783,0.0433915,0.267589,0.162157,0.249995,0.326836,0.254033,0.576831,0.116054,2.52745,0.267898,-0.00105769,-0.00191306,0.148608,-0.110152,51.8597,-0.00297075,-0.00211538,-0.12999118654988706,0.040322887478396297,-0.00164967,999,,,,,,,-2,-2,-2,-2,,,,,,,,,,,,,,,,,,,"Will Banfield","23790",677943
"Jared Serna","MIA",1,2,2,0,0,0,0,0,0,0,0,0,0,0,0,0,,0,0,0.220118,0.0674036,0.172665,0.390373,0.279118,0.3189,0.267271,0.598019,0.0987824,4.46024,0.253471,0,0.000449028,0.181216,-0.0915111,64.1821,0.000449028,0,-0.09915938580525108,0.008179012686014175,-0.00167489,999,,,,,,,-2,-2,-2,-2,,,,,,,,,,,,,,,,,,,"Jared Serna","sa3015579",691858
"Eric Wagaman","NYM",6,25,23,6,4,1,0,1,3,3,2,0,5,0,0,0,,0,0,0.23924,0.0701314,0.214557,0.326866,0.295407,0.382287,0.297951,0.677694,0.143047,3.88553,0.282605,-0.0119447,-0.0314727,2.62016,-0.379835,89.2381,-0.0434174,0.00189817,-0.3726321719586849,-0.4643055507913232,-0.00181271,748.2100219726562,,,,,,,28.9,4.816666666,28.9,4.816666666,,,,,,,,,,,,,,,,,,,"Eric Wagaman","23395",676572
"Tim Elko","CHW",2,7,7,2,1,0,0,0,1,1,0,0,2,0,0,0,,0,0,0.229281,0.0529037,0.326723,0.161922,0.274749,0.386877,0.288711,0.661625,0.157596,3.11167,0.309179,-0.00196429,-0.00536471,0.68813,-0.160925,82.387,-0.00732899,0.00491071,-0.15387383801862597,-0.12240410642698407,-0.00218988,999,,,,,,,4.2,2.1,4.2,2.1,,,,,,,,,,,,,,,,,,,"Tim Elko","31522",671284
"Mason McCoy","SDP",1,2,2,0,0,0,0,0,0,0,0,0,1,0,0,0,,0,0,0.201119,0.0686084,0.297911,0.230298,0.261065,0.301153,0.25171,0.562219,0.100034,5.29819,0.276743,0,0.00401481,0.155189,-0.122684,58.7867,0.00401481,-0.0108,-0.11276060109958053,0.014200001023709774,-0.00230095,999,,,,,,,-2,-2,-2,-2,,,,,,,,,,,,,,,,,,,"Mason McCoy","22232",669200
"Andrew McCutchen","ATL",1,2,2,0,0,0,0,0,0,0,0,0,1,0,0,0,,0,0,0.221398,0.117492,0.252277,0.465725,0.318095,0.353807,0.301059,0.671902,0.132409,2.74971,0.278536,-0.00432805,-0.00347762,0.248571,-0.0293016,87.6029,-0.00780567,0,-0.04293214017525315,-0.05833333358168602,-0.00257518,999,,,,,,,-2,-2,-2,-2,,,,,,,,,,,,,,,,,,,"Andrew McCutchen","9847",457705
"LuJames Groover","ARI",2,9,8,2,1,0,0,0,1,1,1,0,2,0,0,0,,0,0,0.249211,0.0812282,0.190306,0.42683,0.317938,0.361817,0.302215,0.679755,0.112606,2.53125,0.296793,0.000490741,-0.014661,0.984458,-0.106449,87.8699,-0.0141703,0.0030575,-0.14910390973091125,-0.17688076896592975,-0.00285345,999,,,,,,,6.2,3.1,6.2,3.1,,,,,,,,,,,,,,,,,,,"LuJames Groover","33552",694410
"Ivan Johnson","CIN",7,29,26,5,3,1,0,1,3,3,2,0,9,0,0,0,,1,0,0.210663,0.0852373,0.319736,0.266587,0.286271,0.352519,0.284327,0.63879,0.141856,5.44403,0.292049,-0.00445475,0.0362926,2.65112,-0.745104,72.0914,0.0318379,0.113111,-0.9346643052995205,-0.022691868245601654,-0.00305373,999,,,,,,,22.2,3.171428571,22.2,3.171428571,,,,,,,,,,,,,,,,,,,"Ivan Johnson","27593",671155
"Kristian Robinson","ARI",1,2,2,0,0,0,0,0,0,0,0,0,1,0,0,0,,0,0,0.209322,0.0916947,0.342896,0.267412,0.287728,0.328331,0.27626,0.61606,0.11901,6.00893,0.311815,0,0.00170376,0.19791,-0.0748171,70.5361,0.00170376,0,-0.0802345487754792,-0.024537036195397377,-0.00307307,999,,,,,,,-2,-2,-2,-2,,,,,,,,,,,,,,,,,,,"Kristian Robinson","sa3006884",677565
"DaShawn Keirsey Jr.","ATL",1,2,2,0,0,0,0,0,0,0,0,0,1,0,0,0,,0,0,0.221541,0.0555789,0.282784,0.196542,0.270379,0.32572,0.263702,0.5961,0.10418,6.48896,0.297948,-0.000964286,0.00862669,0.177881,-0.0999918,62.6544,0.0076624,-0.0173571,-0.0981542831286788,-0.009023808874189854,-0.00317461,999,,,,,,,-2,-2,-2,-2,,,,,,,,,,,,,,,,,,,"DaShawn Keirsey Jr.","24496",680577
"Christian Franklin","WSN",2,9,8,2,1,0,0,0,1,1,1,0,2,0,0,0,,0,0,0.21898,0.1056,0.263259,0.401128,0.308819,0.324647,0.287374,0.633466,0.105667,4.80115,0.291394,-0.00196296,0.000149423,0.874204,-0.216703,78.9464,-0.00181354,0,-0.23601157392840832,-0.09814814478158951,-0.00368225,999,,,,,,,6.2,3.1,6.2,3.1,,,,,,,,,,,,,,,,,,,"Christian Franklin","sa3017510",681047
"Tyler Callihan","PIT",6,27,25,5,4,1,0,1,3,3,2,0,8,0,0,0,,1,0,0.220987,0.0743551,0.287514,0.258614,0.283867,0.348221,0.279844,0.632088,0.127235,5.88723,0.298593,0.0031113,0.0213175,2.45479,-0.81793,72.0449,0.0244288,-0.0553559,-0.9084776919335127,-0.02263980731368065,-0.00381196,999,,,,,,,23.2,3.866666666,23.2,3.866666666,,,,,,,,,,,,,,,,,,,"Tyler Callihan","27497",682997
"Aaron Zavala","TEX",1,5,4,1,1,0,0,0,0,0,0,0,1,0,0,0,,0,0,0.205408,0.0888983,0.31343,0.28363,0.282806,0.318681,0.270556,0.601486,0.113273,4.0486,0.289949,-0.000981818,-0.00231163,0.381701,-0.174044,71.4625,-0.00329345,0,-0.1587086571380496,-0.05000000074505806,-0.00425911,999,,,,,,,1.6,1.6,1.6,1.6,,,,,,,,,,,,,,,,,,,"Aaron Zavala","sa3017665",701648
"Yohandy Morales","WSN",3,14,12,3,2,1,0,0,1,2,1,0,4,0,0,0,,0,0,0.239634,0.0701016,0.273664,0.25616,0.298272,0.391739,0.301806,0.690012,0.152105,3.37354,0.305988,-0.000981482,-0.0101055,1.47213,-0.164231,88.5847,-0.011087,0,-0.2015602933242917,-0.2944444417953491,-0.00499265,999,,,,,,,10.7,3.566666666,10.7,3.566666666,,,,,,,,,,,,,,,,,,,"Yohandy Morales","sa3022672",691002
"Justin Dean","CHC",2,9,8,2,1,0,0,0,1,1,1,0,3,0,0,0,,0,0,0.207777,0.0921839,0.319257,0.288745,0.288183,0.300705,0.267694,0.588888,0.0929281,7.1914,0.305729,-0.00260883,0.0232354,0.741742,-0.369748,67.547,0.0206266,0.0273141,-0.34718818217515945,-0.006019195541739464,-0.00504361,999,,,,,,,6.2,3.1,6.2,3.1,,,,,,,,,,,,,,,,,,,"Justin Dean","25005",681909
"Sterlin Thompson","COL",3,14,12,3,2,1,0,0,2,2,1,0,3,0,0,0,,0,0,0.247143,0.0776724,0.237766,0.326675,0.320242,0.390229,0.31466,0.71047,0.143085,4.87796,0.308324,-0.00203635,-0.0112834,1.61537,-0.0209913,83.7191,-0.0133198,-0.0316704,-0.2849805327132344,-0.2116086706519127,-0.00505191,999,,,,,,,10.7,3.566666666,10.7,3.566666666,,,,,,,,,,,,,,,,,,,"Sterlin Thompson","31443",694514
"Billy Cook","PIT",3,11,10,2,2,0,0,0,1,1,1,0,3,0,0,0,,0,0,0.224704,0.0676586,0.282506,0.239495,0.284669,0.355828,0.282628,0.640498,0.131124,5.94931,0.297152,-0.0033093,0.021882,1.04869,-0.314944,73.9048,0.0185727,-0.0212244,-0.3442776445299387,-0.07847746089100838,-0.00511534,999,,,,,,,4.2,1.4,4.2,1.4,,,,,,,,,,,,,,,,,,,"Billy Cook","29573",695257
"Zac Veen","COL",5,21,19,5,3,1,0,1,2,2,1,0,5,0,0,0,,1,0,0.244985,0.0690003,0.234056,0.294802,0.301578,0.402551,0.308034,0.704128,0.157566,5.55181,0.296559,-0.00196296,0.0181394,2.31229,-0.142247,79.2937,0.0161764,0,-0.5020751263946295,-0.22083333134651184,-0.00534996,743.6599731445312,,,,,,,26.2,5.24,26.2,5.24,,,,,,,,,,,,,,,,,,,"Zac Veen","27770",691728
"Felix Reyes","PHI",2,7,7,2,1,0,0,0,1,1,0,0,1,0,0,0,,0,0,0.24467,0.0329,0.195738,0.168082,0.271974,0.394089,0.288693,0.666063,0.14942,4.25418,0.276789,-0.00147222,-0.00371837,0.663003,-0.155177,78.2233,-0.00519059,-0.0183882,-0.18687140149995685,-0.09199929609894753,-0.00562582,999,,,,,,,4.2,2.1,4.2,2.1,,,,,,,,,,,,,,,,,,,"Felix Reyes","28763",694025
"Kyler Fedko","MIN",3,14,12,3,2,1,0,0,1,1,1,0,4,0,0,0,,0,0,0.211141,0.0935839,0.258775,0.361642,0.290319,0.347726,0.28493,0.638044,0.136585,4.96487,0.26481,-0.00147222,0.00617385,1.28408,-0.352284,79.2495,0.00470162,-0.117851,-0.32804100727662444,-0.23235706239938736,-0.00705262,999,,,,,,,10.7,3.566666666,10.7,3.566666666,,,,,,,,,,,,,,,,,,,"Kyler Fedko","29930",693459
"Gavin Cross","KCR",2,9,8,2,1,0,0,0,1,1,0,0,3,0,0,0,,0,0,0.22243,0.0538973,0.273185,0.197292,0.269128,0.361075,0.275823,0.630203,0.138645,6.12817,0.285034,-0.000981482,0.0144859,0.788397,-0.302509,70.6218,0.0135044,0,-0.30055700801312923,-0.09814814478158951,-0.00724708,999,,,,,,,3.2,1.6,3.2,1.6,,,,,,,,,,,,,,,,,,,"Gavin Cross","sa3019985",688457
"Tommy Pham","PHI",3,14,12,3,2,0,0,0,2,1,1,0,3,0,0,0,,0,0,0.22787,0.0963882,0.249228,0.386747,0.30554,0.35677,0.294879,0.66231,0.1289,4.24626,0.286506,-0.0186014,-0.00367924,1.39494,-0.24142,82.3547,-0.0222806,-0.0626813,-0.31670720502734184,-0.20990347862243652,-0.00809554,999,,,,,,,7.8,2.6,7.8,2.6,,,,,,,,,,,,,,,,,,,"Tommy Pham","2967",502054
"Noelvi Marte","CIN",29,126,116,29,19,5,0,4,14,15,7,0,28,1,1,0,,4,1,0.246441,0.0590322,0.220908,0.267226,0.295783,0.40634,0.306192,0.702124,0.1599,5.01545,0.287876,0.0369483,0.0369051,13.9426,-1.05739,86.6938,0.0738534,-0.875747,-1.9613772630691528,-2.225283920764923,-0.00926355,147.7100067138672,,,,,,,127.3,4.389655172,127.3,4.389655172,,,,,,,,,,,,,,,,,,,"Noelvi Marte","26517",682622
"Trey Lipscomb","WSN",3,11,11,2,2,0,0,0,1,1,1,0,3,0,0,0,,0,0,0.231158,0.0494011,0.224593,0.219958,0.272207,0.352535,0.274165,0.624742,0.121377,4.23147,0.279041,-0.00785185,0.000189316,0.970092,-0.393541,70.1248,-0.00766254,-0.0834259,-0.42307245871052146,-0.04253086820244789,-0.00945937,999,,,,,,,3.2,1.066666666,3.2,1.066666666,,,,,,,,,,,,,,,,,,,"Trey Lipscomb","31567",702358
"Sebastián Rivero","LAA",4,17,16,3,2,1,0,0,1,2,1,0,4,0,0,0,,0,0,0.209448,0.0469719,0.222213,0.211383,0.25405,0.307029,0.249446,0.561079,0.0975809,3.01781,0.257592,-0.00604467,-0.0206553,1.08333,-0.911474,54.1633,-0.0267,-0.126732,-0.9227134753018618,0.20042875409126282,-0.0101968,999,,,,,,,6.7,1.675,6.7,1.675,,,,,,,,,,,,,,,,,,,"Sebastian Rivero","21735",665861
"Braxton Fulford","COL",6,24,21,5,3,1,0,1,3,3,2,0,7,0,0,0,,0,0,0.226314,0.076869,0.2868,0.268023,0.299775,0.371653,0.29763,0.671429,0.145339,5.15239,0.30026,0.00335995,0.00336679,2.49141,-0.368328,72.346,0.00672674,0.0201193,-0.799675942864269,-0.020775726065039635,-0.0103728,999,,,,,,,25.3,4.216666666,25.3,4.216666666,,,,,,,,,,,,,,,,,,,"Braxton Fulford","29704",690924
"Andrew Velazquez","KCR",5,21,19,4,3,1,0,0,2,2,1,0,6,0,0,0,,1,0,0.21107,0.0568106,0.297049,0.19125,0.259463,0.314301,0.25507,0.573764,0.103231,5.72043,0.289241,-0.00545983,0.0995258,1.42699,-1.02755,56.1995,0.0940659,-0.0562902,-0.9594735875725746,0.11546909809112549,-0.0109244,999,,,,,,,11.2,2.24,11.2,2.24,,,,,,,,,,,,,,,,,,,"Andrew Velazquez","14196",623205
"Adam Frazier","LAA",9,39,35,8,6,2,0,1,4,3,3,0,8,1,0,0,,1,0,0.228801,0.0713538,0.202238,0.352821,0.293699,0.327428,0.277926,0.621127,0.0986271,4.13016,0.277937,-0.00328996,-0.0563137,3.41706,-1.21929,73.9541,-0.0596036,-0.196099,-1.242963831871748,-0.26971058547496796,-0.0123666,999,,,,,,,38.9,4.322222222,38.9,4.322222222,,,,,,,,,,,,,,,,,,,"Adam Frazier","15223",624428
"Jordan Beck","COL",8,34,31,8,5,2,0,1,4,4,3,0,9,0,0,0,,1,0,0.241192,0.0758174,0.271915,0.278827,0.301063,0.40086,0.307242,0.701924,0.159669,5.71477,0.310058,0.0113319,0.0134078,3.83177,-0.259127,78.7652,0.0247397,-0.020989,-0.8610605765134096,-0.38904453441500664,-0.0135049,232.9199981689453,,,,,,,39.9,4.9875,39.9,4.9875,,,,,,,,,,,,,,,,,,,"Jordan Beck","31431",687597
"Abimelec Ortiz","WSN",13,55,50,11,7,2,0,2,6,7,4,0,14,1,0,0,,0,0,0.226551,0.0789277,0.251022,0.314425,0.294829,0.401904,0.304161,0.696733,0.175353,3.55961,0.270211,-0.0034169,-0.0929907,5.9935,-0.551942,90.1576,-0.0964076,0.0354049,-0.7533193826675415,-1.1750889457762241,-0.0143327,999,,,,,,,51.2,3.938461538,51.2,3.938461538,,,,,,,,,,,,,,,,,,,"Abimelec Ortiz","29539",694673
"Charlie Condon","COL",8,34,31,7,5,1,0,1,4,4,3,0,10,1,0,0,,0,0,0.241151,0.0817994,0.287191,0.284825,0.313901,0.419569,0.321195,0.733471,0.178418,4.72526,0.311641,0,-0.0222532,4.22049,0.129586,88.0836,-0.0222532,0,-0.5193403735756874,-0.7606481313705444,-0.0165345,999,,,,,,,32.5,4.0625,32.5,4.0625,,,,,,,,,,,,,,,,,,,"Charlie Condon","sa3025257",809707
"Sean Keys","TOR",7,30,26,5,3,1,0,1,3,3,3,0,8,0,0,0,,0,0,0.200469,0.0943482,0.281941,0.334638,0.287709,0.354767,0.285402,0.642476,0.154299,3.79501,0.253902,0.00196296,-0.0172602,2.79357,-0.751879,80.9637,-0.0152972,-0.0354121,-0.6766829527914524,-0.5506898015737534,-0.0166166,999,,,,,,,23.3,3.328571428,23.3,3.328571428,,,,,,,,,,,,,,,,,,,"Sean Keys","35094",815873
"Brett Sullivan","COL",14,54,50,12,8,3,0,1,6,6,4,0,9,0,0,0,,0,0,0.233862,0.0649845,0.166871,0.389429,0.287407,0.369224,0.288626,0.656631,0.135362,4.66421,0.263412,-0.00179407,-0.0665139,5.25054,-1.23256,66.3324,-0.068308,-0.40177,-2.2939962297677994,0.6615015268325806,-0.0223929,999,,,,,,,47.3,3.378571428,47.3,3.378571428,,,,,,,,,,,,,,,,,,,"Brett Sullivan","18217",664954
"Jose Fernandez","ARI",4,16,15,4,3,1,0,0,2,2,1,0,4,0,0,0,,0,0,0.237973,0.0418682,0.24013,0.174356,0.273551,0.351248,0.274354,0.624799,0.113275,5.32629,0.299038,0.000981482,0.00087759,1.3606,-0.54849,69.2636,0.00185907,-0.0985834,-0.5964791744481772,-0.15583648905158043,-0.0234291,999,,,,,,,13.3,3.325,13.3,3.325,,,,,,,,,,,,,,,,,,,"Jose Fernandez","28020",699912
"Dominic Smith","ATL",19,82,73,18,13,3,0,2,9,10,6,0,15,1,1,0,,0,0,0.249457,0.0789531,0.185411,0.425827,0.315386,0.385116,0.308577,0.700502,0.135659,3.41573,0.284555,-0.118519,-0.0627989,9.19789,-0.527652,92.6236,-0.181318,0.00638269,-0.9128400236368179,-2.0019505135715012,-0.0263113,999,,,,,,,76.3,4.015789473,76.3,4.015789473,,,,,,,,,,,,,,,,,,,"Dominic Smith","15653",642086
"Bryan De La Cruz","PHI",13,57,53,13,9,2,0,2,6,7,4,0,15,0,0,0,,0,0,0.24103,0.0622229,0.26915,0.231183,0.290679,0.387195,0.297074,0.677874,0.146165,2.85001,0.303587,-0.035548,-0.0285865,5.91418,-0.903986,83.8208,-0.0641346,-0.384522,-1.188982330262661,-0.9652323722839355,-0.0296765,999,,,,,,,56.4,4.338461538,56.4,4.338461538,,,,,,,,,,,,,,,,,,,"Bryan De La Cruz","19600",650559
"Deyvison De Los Santos","MIA",8,37,34,8,6,1,0,1,4,4,2,0,9,0,0,0,,1,0,0.238637,0.0529038,0.239596,0.220804,0.284454,0.379547,0.290311,0.664,0.14091,4.15732,0.287218,0.0024537,-0.0148226,3.58411,-0.779519,79.5693,-0.0123689,0.0975167,-0.9214442577213049,-0.6385944336652756,-0.0373777,999,,,,,,,31,3.875,31,3.875,,,,,,,,,,,,,,,,,,,"Deyvison De Los Santos","27969",691277
"Victor Bericoto","SFG",15,63,59,14,10,2,0,2,6,7,4,0,15,0,0,0,,0,0,0.243864,0.0564848,0.241983,0.233424,0.288747,0.380301,0.293249,0.669048,0.136437,3.43506,0.299309,-0.00414987,-0.12724,6.31238,-1.19017,85.2046,-0.13139,-0.238065,-1.2632795125246048,-1.1630649715662003,-0.0383221,999,,,,,,,56,3.733333333,56,3.733333333,,,,,,,,,,,,,,,,,,,"Victor Bericoto","26468",682674
"Adrian Del Castillo","ARI",11,45,41,9,6,2,0,1,5,5,4,0,13,0,0,0,,0,0,0.223981,0.0792246,0.282128,0.28081,0.288965,0.372962,0.291379,0.661927,0.148981,3.13571,0.290086,-0.0190036,-0.034758,4.44232,-0.918704,80.6335,-0.0537616,-0.00754986,-1.1124488972127438,-0.760018982924521,-0.0411793,999,,,,,,,36.6,3.327272727,36.6,3.327272727,,,,,,,,,,,,,,,,,,,"Adrian Del Castillo","29554",680728
"Lucas Spence","HOU",11,49,44,9,6,2,0,1,5,4,4,0,15,1,0,0,,1,0,0.202002,0.0850505,0.301468,0.282121,0.281802,0.309956,0.267535,0.591758,0.107953,5.51322,0.284431,0.0014717,0.0130126,3.9221,-1.96468,68.5183,0.0144843,-0.397614,-1.801607510074973,-0.3815646767616272,-0.0423176,999,,,,,,,38.5,3.5,38.5,3.5,,,,,,,,,,,,,,,,,,,"Lucas Spence","35126",828599
"Jase Bowen","SDP",13,56,51,11,7,2,0,1,6,6,3,0,18,1,0,0,,2,1,0.210863,0.0593837,0.317514,0.187027,0.265608,0.341242,0.267852,0.60685,0.130379,6.07918,0.290966,0.00267545,0.0799113,4.45763,-2.21131,69.5672,0.0825867,-0.0204548,-1.9869244322180748,-0.48712150752544403,-0.0662321,999,,,,,,,38.8,2.984615384,38.8,2.984615384,,,,,,,,,,,,,,,,,,,"Jase Bowen","26047",687749
"Tommy White","ATH",22,93,87,22,15,4,0,2,9,11,4,0,16,1,1,0,,0,0,0.247866,0.0472672,0.175871,0.268761,0.289128,0.371058,0.290128,0.660185,0.123191,2.61095,0.280882,0.00932727,-0.160466,9.11543,-1.99947,80.763,-0.151138,-0.155198,-2.2464298605918884,-1.755198448896408,-0.0676893,999,,,,,,,81.6,3.709090909,81.6,3.709090909,,,,,,,,,,,,,,,,,,,"Tommy White","35107",695720