Name,Team,W,L,QS,ERA,G,GS,SV,HLD,BS,IP,TBF,H,R,ER,HR,BB,IBB,HBP,SO,K/9,BB/9,K/BB,HR/9,K%,BB%,K-BB%,AVG,WHIP,BABIP,LOB%,GB%,HR/FB,FIP,WAR,RA9-WAR,ADP,InterSD,InterSK,IntraSD,Vol,Skew,Dim,FPTS,FPTS/IP,SPTS,SPTS/IP,P10,P20,P30,P40,P50,P60,P70,P80,P90,TT10,TT20,TT30,TT40,TT50,TT60,TT70,TT80,TT90,NameASCII,PlayerId,MLBAMID
"Tarik Skubal","DET",5,2,7,2.729,11,11,0,0,,65,258,52,22,20,6,12,,2,79,10.9857,1.70903,6.42806,0.865237,0.308175,0.0479421,0.26023248210549355,0.213223,0.986208,0.289583,0.768892,,,2.59684,2.03714,1.98195,7.019999980926514,,,,,,,388.00000000000006,5.96923076923077,363,5.584615384615384,,,,,,,,,,,,,,,,,,,"Tarik Skubal","22267",669373
"Paul Skenes","PIT",5,3,7,2.84582,11,11,0,0,,61,245,49,21,19,6,16,,3,73,10.812,2.31863,4.6631,0.82686,0.297535,0.0638063,0.23372909426689148,0.214074,1.05748,0.289783,0.766753,,,2.80521,1.83736,1.8958,9.649999618530273,,,,,,,339.20000000000005,5.560655737704919,316,5.180327868852459,,,,,,,,,,,,,,,,,,,"Paul Skenes","33677",694973
"Cristopher Sánchez","PHI",5,3,7,3.04012,11,11,0,0,,66,270,59,25,22,6,15,,2,68,9.19291,2.09139,4.3956,0.77117,0.250452,0.0569778,0.19347375258803368,0.234713,1.12743,0.299072,0.749367,,,2.97575,1.82781,1.79988,24.75,,,,,,,346.20000000000005,5.245454545454546,337,5.106060606060606,,,,,,,,,,,,,,,,,,,"Cristopher Sanchez","20778",650911
"Chris Sale","ATL",5,2,6,3.02762,10,10,0,0,,58,234,48,21,19,6,15,,4,70,10.9677,2.2923,4.78458,0.870264,0.299579,0.0626134,0.2369655892252922,0.222009,1.08675,0.302305,0.757333,,,2.88951,1.60494,1.65232,39.36000061035156,,,,,,,313.6,5.406896551724138,295,5.086206896551724,,,,,,,,,,,,,,,,,,,"Chris Sale","10603",519242
"Zack Wheeler","PHI",4,3,6,3.2726,10,10,0,0,,61,248,51,24,22,7,16,,2,69,10.2314,2.3154,4.41885,1.02592,0.279126,0.0631673,0.21595922857522964,0.222135,1.09572,0.287062,0.74733,,,3.21271,1.56254,1.56445,110.48999786376953,,,,,,,316.70000000000005,5.191803278688526,298,4.885245901639344,,,,,,,,,,,,,,,,,,,"Zack Wheeler","10310",554430
"Dylan Cease","TOR",4,3,7,3.29131,11,11,0,0,,61,253,47,24,22,6,24,,2,78,11.5074,3.55143,3.24023,0.934823,0.307058,0.0947643,0.2122936248779297,0.209273,1.17746,0.287906,0.755761,,,3.17247,1.54195,1.43687,74.7699966430664,,,,,,,333.4000000000001,5.465573770491805,305,5,,,,,,,,,,,,,,,,,,,"Dylan Cease","18525",656302
"Jacob Misiorowski","MIL",4,3,6,3.15929,10,10,0,0,,57,234,42,22,20,6,21,,4,78,12.168,3.35443,3.62745,0.955744,0.330748,0.091179,0.23956865817308426,0.200579,1.10401,0.28573,0.755737,,,3.11157,1.47602,1.44004,114.13999938964844,,,,,,,319.79999999999995,5.610526315789473,288,5.052631578947368,,,,,,,,,,,,,,,,,,,"Jacob Misiorowski","31623",694819
"Jesús Luzardo","PHI",4,3,6,3.53199,11,11,0,0,,62,256,53,26,24,7,20,,2,71,10.3399,2.84777,3.63088,1.03631,0.277181,0.07634,0.20084111392498016,0.226926,1.17614,0.294936,0.737833,,,3.37778,1.46201,1.40996,70.58999633789062,,,,,,,310.8999999999999,5.014516129032256,295,4.758064516129032,,,,,,,,,,,,,,,,,,,"Jesus Luzardo","19959",666200
"Logan Webb","SFG",4,3,6,3.36856,10,10,0,0,,64,265,61,26,24,5,16,,2,57,8.04905,2.20793,3.64552,0.717592,0.214514,0.0588432,0.15567059814929962,0.247937,1.20983,0.303415,0.72716,,,3.19468,1.41652,1.39084,57.189998626708984,,,,,,,313.5,4.8984375,315,4.921875,,,,,,,,,,,,,,,,,,,"Logan Webb","17995",657277
"Yoshinobu Yamamoto","LAD",4,3,5,3.45972,9,9,0,0,,56,230,48,24,22,6,15,,2,59,9.35548,2.43758,3.83803,0.978356,0.254712,0.0663655,0.18834693729877472,0.225641,1.12361,0.282795,0.724546,,,3.34923,1.37819,1.17122,26.639999389648438,,,,,,,282.80000000000007,5.050000000000002,269,4.803571428571429,,,,,,,,,,,,,,,,,,,"Yoshinobu Yamamoto","33825",808967
"Ranger Suarez","BOS",4,3,6,3.45823,10,10,0,0,,59,250,57,25,23,5,17,,2,56,8.479,2.64564,3.2049,0.822014,0.223811,0.0698342,0.15397732704877853,0.24591,1.24977,0.302964,0.740143,,,3.3805,1.34534,1.36954,183.97999572753906,,,,,,,281.90000000000003,4.777966101694916,285,4.830508474576271,,,,,,,,,,,,,,,,,,,"Ranger Suarez","17277",624133
"Hunter Greene","CIN",3,3,5,3.83421,10,10,0,0,,58,237,46,26,25,8,19,,4,68,10.6371,2.97009,3.58142,1.2385,0.286992,0.0801338,0.20685859769582748,0.215323,1.13083,0.276378,0.717087,,,3.73205,1.32922,1.2164,444.32000732421875,,,,,,,278.20000000000005,4.796551724137932,253,4.362068965517241,,,,,,,,,,,,,,,,,,,"Hunter Greene","22182",668881
"Jacob deGrom","TEX",4,3,6,3.42074,10,10,0,0,,55,221,45,22,21,7,13,,1,63,10.3699,2.08195,4.98088,1.23237,0.284626,0.0571439,0.22748259454965591,0.2192,1.06405,0.277233,0.748267,,,3.33308,1.28028,1.28045,50.0099983215332,,,,,,,287.9,5.234545454545454,268,4.872727272727273,,,,,,,,,,,,,,,,,,,"Jacob deGrom","10954",594798
"Max Fried","NYY",4,3,6,3.29063,10,10,0,0,,58,242,52,23,21,5,18,,2,54,8.35007,2.70748,3.08408,0.760179,0.223371,0.0724271,0.15094377100467682,0.233902,1.19343,0.288221,0.736922,,,3.36455,1.25154,1.33727,50.04999923706055,,,,,,,280.50000000000006,4.836206896551725,273,4.706896551724138,,,,,,,,,,,,,,,,,,,"Max Fried","13743",608331
"Chase Burns","CIN",3,3,5,3.84058,12,9,0,0,,52,217,45,24,22,7,17,,1,61,10.5123,3.01542,3.48619,1.21171,0.279775,0.0802524,0.19952280819416046,0.228018,1.20737,0.292383,0.732452,,,3.57151,1.21882,0.938007,109.72000122070312,,,,,,,249.70000000000005,4.801923076923078,237,4.5576923076923075,,,,,,,,,,,,,,,,,,,"Chase Burns","35333",695505
"Cam Schlittler","NYY",4,3,6,3.48871,10,10,0,0,,54,223,46,23,21,6,16,,2,60,9.95302,2.72111,3.6577,1.03702,0.267491,0.0731309,0.19436007738113403,0.225918,1.15771,0.288546,0.738945,,,3.44025,1.15238,1.0697,116.62999725341797,,,,,,,272.20000000000005,5.040740740740741,258,4.777777777777778,,,,,,,,,,,,,,,,,,,"Cam Schlittler","32095",693645
"Sonny Gray","BOS",4,3,5,3.86299,10,10,0,0,,60,252,58,28,26,7,16,,2,60,8.97583,2.48038,3.61873,1.0781,0.236211,0.0652745,0.17093640565872192,0.250134,1.25475,0.307201,0.725293,,,3.59529,1.13456,1.12155,138.08999633789062,,,,,,,273.09999999999997,4.551666666666666,275,4.583333333333333,,,,,,,,,,,,,,,,,,,"Sonny Gray","12768",543243
"Hunter Brown","HOU",4,3,6,3.47489,10,10,0,0,,57,240,49,24,22,6,22,,3,63,9.86946,3.41098,2.89344,0.925185,0.261147,0.090255,0.17089224606752396,0.225472,1.23045,0.290525,0.745273,,,3.52149,1.12685,1.21495,36.189998626708984,,,,,,,271.5999999999999,4.764912280701753,258,4.526315789473684,,,,,,,,,,,,,,,,,,,"Hunter Brown","25880",686613
"Logan Gilbert","SEA",4,3,6,3.4471,10,10,0,0,,58,238,50,24,22,8,14,,2,64,9.81513,2.15506,4.55446,1.16365,0.267891,0.0588196,0.20907166600227356,0.225717,1.09617,0.282421,0.744488,,,3.43557,1.12125,1.086,37.150001525878906,,,,,,,280.80000000000007,4.841379310344829,266,4.586206896551724,,,,,,,,,,,,,,,,,,,"Logan Gilbert","22250",669302
"Drew Rasmussen","TBR",4,3,6,3.54091,10,10,0,0,,55,228,50,24,22,6,13,,2,53,8.54598,2.10738,4.05526,1.03763,0.231136,0.0569965,0.17413915693759918,0.236861,1.14244,0.286296,0.728379,,,3.53003,1.11617,1.09819,132.36000061035156,,,,,,,264.2,4.803636363636364,258,4.6909090909090905,,,,,,,,,,,,,,,,,,,"Drew Rasmussen","25385",656876
"Braxton Ashcraft","PIT",3,3,6,3.66966,10,10,0,0,,54,227,51,24,22,6,15,,2,54,8.91639,2.54346,3.50561,1.02029,0.236357,0.0674224,0.16893437504768372,0.244567,1.22737,0.301348,0.733671,,,3.58785,1.1054,1.07865,239.36000061035156,,,,,,,250.20000000000002,4.633333333333334,249,4.611111111111111,,,,,,,,,,,,,,,,,,,"Braxton Ashcraft","23793",677952
"Joe Ryan","MIN",3,3,5,3.75596,10,10,0,0,,53,218,47,24,22,8,12,,3,59,9.91003,2.08785,4.74652,1.27814,0.268845,0.0566406,0.21220483258366585,0.229991,1.10918,0.285961,0.724482,,,3.59873,1.0596,0.965342,78.52999877929688,,,,,,,244.60000000000008,4.615094339622643,234,4.415094339622642,,,,,,,,,,,,,,,,,,,"Joe Ryan","21390",657746
"Bryan Woo","SEA",4,3,5,3.49689,9,9,0,0,,53,215,46,22,21,7,12,,2,53,9.03122,1.95553,4.6183,1.11477,0.24721,0.0535284,0.19368186965584755,0.228608,1.0865,0.278648,0.728949,,,3.48378,1.03415,0.983982,34.77000045776367,,,,,,,250.50000000000003,4.7264150943396235,238,4.490566037735849,,,,,,,,,,,,,,,,,,,"Bryan Woo","30279",693433
"Mason Miller","SDP",1,0,0,1.96259,23,0,11,1,,23,88,12,5,5,2,8,,1,39,15.3256,3.32687,4.6066,0.606999,0.436888,0.0948396,0.34204863011837006,0.154464,0.909551,0.273884,0.822824,,,1.7879,1.03304,1.1119,27.860000610351562,,,,,,,224.40000000000003,9.756521739130436,199,8.652173913043478,,,,,,,,,,,,,,,,,,,"Mason Miller","31757",695243
"MacKenzie Gore","TEX",3,3,5,3.94628,10,10,0,0,,56,237,49,27,25,7,21,,3,63,10.1524,3.38615,2.99822,1.10486,0.266755,0.088971,0.17778348177671432,0.230553,1.25338,0.295406,0.720138,,,3.72232,1.00562,0.805014,164.82000732421875,,,,,,,254.90000000000006,4.551785714285716,243,4.339285714285714,,,,,,,,,,,,,,,,,,,"MacKenzie Gore","22201",669022
"Shane McClanahan","TBR",4,3,5,3.57124,9,9,0,0,,51,211,45,22,20,6,16,,1,51,9.11926,2.85873,3.18996,1.02432,0.242783,0.0761082,0.16667429357767105,0.233347,1.21085,0.288585,0.742037,,,3.59979,1.00523,1.04659,182.99000549316406,,,,,,,237.60000000000002,4.658823529411765,228,4.470588235294118,,,,,,,,,,,,,,,,,,,"Shane McClanahan","21483",663556
"Kevin Gausman","TOR",4,3,5,3.91825,10,10,0,0,,58,245,55,27,25,8,17,,1,58,8.89188,2.64358,3.36358,1.1992,0.234452,0.0697031,0.16474880278110504,0.242483,1.2402,0.292316,0.730602,,,3.79832,0.999923,0.913543,112.94999694824219,,,,,,,249.80000000000007,4.306896551724139,248,4.275862068965517,,,,,,,,,,,,,,,,,,,"Kevin Gausman","14107",592332
"Blake Snell","LAD",3,2,5,3.58741,9,9,0,0,,46,197,37,20,19,5,21,,1,58,11.1756,4.08903,2.73308,1.01213,0.293637,0.107438,0.18619922548532486,0.215089,1.26108,0.289703,0.74993,,,3.52248,0.998274,0.929315,178.41000366210938,,,,,,,232.70000000000005,5.058695652173914,215,4.673913043478261,,,,,,,,,,,,,,,,,,,"Blake Snell","13543",605483
"Sandy Alcantara","MIA",3,4,5,4.1938,10,10,0,0,,63,267,62,32,29,7,18,,3,51,7.33912,2.54088,2.88842,1.04327,0.192747,0.0667312,0.12601622194051743,0.252511,1.26859,0.292607,0.689528,,,3.96033,0.996918,0.812428,144.57000732421875,,,,,,,257.90000000000003,4.093650793650794,263,4.174603174603175,,,,,,,,,,,,,,,,,,,"Sandy Alcantara","18684",645261
"Reid Detmers","LAA",3,3,5,3.99061,10,10,0,0,,53,224,47,26,24,7,18,,2,60,10.1342,3.10391,3.26499,1.1496,0.268745,0.0823113,0.18643417209386826,0.230401,1.22069,0.293653,0.711431,,,3.68433,0.996021,0.777855,350.4599914550781,,,,,,,243.90000000000003,4.601886792452831,234,4.415094339622642,,,,,,,,,,,,,,,,,,,"Reid Detmers","27468",672282
"Nathan Eovaldi","TEX",4,3,5,3.79997,10,10,0,0,,58,242,53,27,25,8,15,,3,58,8.96915,2.32084,3.86462,1.21592,0.240734,0.0622918,0.17844216153025627,0.238562,1.1737,0.28838,0.725048,,,3.77522,0.981324,0.935363,132.50999450683594,,,,,,,255.00000000000006,4.396551724137932,248,4.275862068965517,,,,,,,,,,,,,,,,,,,"Nathan Eovaldi","9132",543135
"George Kirby","SEA",4,3,5,3.71748,10,10,0,0,,55,228,53,25,23,7,11,,2,52,8.52403,1.79269,4.7549,1.10013,0.229668,0.0483013,0.18136655539274216,0.244258,1.14875,0.293567,0.715912,,,3.51352,0.970678,0.776075,64.58000183105469,,,,,,,248.09999999999997,4.51090909090909,249,4.527272727272727,,,,,,,,,,,,,,,,,,,"George Kirby","25436",669923
"Gerrit Cole","NYY",4,3,5,3.9569,10,10,0,0,,61,255,56,29,27,9,16,,2,62,9.03179,2.40988,3.74782,1.34818,0.241034,0.0643131,0.17672062665224075,0.235085,1.17595,0.279859,0.725706,,,3.95066,0.968861,0.884323,232.89999389648438,,,,,,,265.10000000000014,4.345901639344264,258,4.229508196721311,,,,,,,,,,,,,,,,,,,"Gerrit Cole","13125",543037
"Nolan McLean","NYM",4,3,6,3.60703,10,10,0,0,,54,230,47,24,22,5,21,,4,58,9.62883,3.4663,2.77784,0.910446,0.252704,0.0909715,0.1617330014705658,0.230201,1.25225,0.295082,0.73288,,,3.6859,0.963633,0.924968,87.29000091552734,,,,,,,256.90000000000003,4.757407407407408,246,4.555555555555555,,,,,,,,,,,,,,,,,,,"Nolan McLean","33703",690997
"José Soriano","LAA",3,4,5,3.8919,10,10,0,0,,57,246,52,27,25,5,26,,3,57,8.91024,4.05007,2.20002,0.778889,0.229971,0.104532,0.1254398673772812,0.238393,1.35616,0.300828,0.714275,,,3.7665,0.956444,0.935845,321.80999755859375,,,,,,,252.09999999999997,4.422807017543859,247,4.333333333333333,,,,,,,,,,,,,,,,,,,"Jose Soriano","22100",667755
"Foster Griffin","WSN",3,3,5,4.03727,10,10,0,0,,56,236,55,27,25,7,15,,3,52,8.36259,2.37224,3.52518,1.17808,0.220096,0.0624354,0.15766095742583275,0.251064,1.24397,0.298606,0.712501,,,3.90334,0.948245,0.850204,999,,,,,,,235.30000000000007,4.201785714285715,239,4.267857142857143,,,,,,,,,,,,,,,,,,,"Foster Griffin","16432",656492
"Framber Valdez","DET",4,3,6,3.80113,10,10,0,0,,60,256,58,28,25,5,21,,4,52,7.79754,3.11879,2.50018,0.813859,0.203922,0.0815628,0.12235872447490692,0.248963,1.3035,0.300152,0.71492,,,3.76704,0.939063,0.970663,81.13999938964844,,,,,,,260.7,4.345,264,4.4,,,,,,,,,,,,,,,,,,,"Framber Valdez","17295",664285
"Casey Mize","DET",3,3,5,3.83588,10,10,0,0,,51,213,49,23,22,6,14,,2,47,8.38507,2.44492,3.42958,1.09071,0.22141,0.064559,0.15685132145881653,0.246449,1.23413,0.294929,0.725904,,,3.72954,0.9268,0.907511,289.6499938964844,,,,,,,222.20000000000002,4.35686274509804,223,4.372549019607843,,,,,,,,,,,,,,,,,,,"Casey Mize","20492",663554
"Gavin Williams","CLE",3,3,6,3.65046,10,10,0,0,,57,237,49,25,23,7,21,,2,64,10.1656,3.32529,3.05706,1.15274,0.268889,0.0879569,0.18093260377645493,0.227641,1.23392,0.289929,0.752521,,,3.72559,0.905552,1.04494,144.74000549316406,,,,,,,267.29999999999995,4.689473684210525,253,4.43859649122807,,,,,,,,,,,,,,,,,,,"Gavin Williams","30122",668909
"Cade Cavalli","WSN",3,3,5,3.79391,10,10,0,0,,49,208,45,23,21,5,16,,4,48,8.80979,2.98737,2.94901,0.903802,0.231596,0.0785336,0.15306267142295837,0.241495,1.25281,0.300099,0.712554,,,3.69756,0.904528,0.808382,305.2200012207031,,,,,,,220.10000000000002,4.491836734693878,216,4.408163265306122,,,,,,,,,,,,,,,,,,,"Cade Cavalli","27473",676917
"Jared Jones","PIT",3,3,4,3.85373,11,8,0,0,,46,195,42,21,20,6,16,,2,48,9.33642,3.10452,3.00737,1.09589,0.245872,0.0817566,0.16411543637514114,0.236192,1.24998,0.293071,0.728392,,,3.78016,0.903339,0.849081,714.77001953125,,,,,,,199.40000000000003,4.334782608695653,194,4.217391304347826,,,,,,,,,,,,,,,,,,,"Jared Jones","27863",683003
"Kyle Bradish","BAL",3,3,5,3.88227,10,10,0,0,,53,225,48,25,23,6,20,,2,54,9.08803,3.40099,2.67217,0.996822,0.23742,0.0888492,0.14857114851474762,0.238453,1.29283,0.296042,0.724472,,,3.77847,0.89072,0.809698,72.95999908447266,,,,,,,235.60000000000002,4.445283018867925,229,4.320754716981132,,,,,,,,,,,,,,,,,,,"Kyle Bradish","24586",680694
"Matthew Boyd","CHC",4,3,5,3.90859,10,10,0,0,,55,230,52,26,24,7,16,,3,50,8.14935,2.65855,3.06534,1.14787,0.215228,0.0702133,0.14501434564590454,0.243936,1.23761,0.287919,0.724536,,,3.99048,0.8851,0.83579,212.75999450683594,,,,,,,228.7,4.158181818181818,227,4.127272727272727,,,,,,,,,,,,,,,,,,,"Matthew Boyd","15440",571510
"Dustin May","STL",4,4,5,3.92531,16,10,0,0,,61,259,56,29,27,7,21,,4,57,8.43056,3.12614,2.69679,0.971883,0.221126,0.0819958,0.1391298845410347,0.238456,1.25912,0.289242,0.709901,,,3.87768,0.867329,0.814045,414.6700134277344,,,,,,,258.70000000000005,4.240983606557378,253,4.147540983606557,,,,,,,,,,,,,,,,,,,"Dustin May","19716",669160
"Aaron Nola","PHI",3,4,5,4.42487,10,10,0,0,,56,238,55,30,28,9,16,,1,56,8.92146,2.554,3.49314,1.45974,0.234005,0.06699,0.16701523214578629,0.249164,1.26214,0.294316,0.705176,,,4.16431,0.859007,0.600016,205.52999877929688,,,,,,,221.7000000000001,3.958928571428573,224,4,,,,,,,,,,,,,,,,,,,"Aaron Nola","16149",605400
"Michael King","SDP",3,3,5,3.9461,10,10,0,0,,57,245,53,27,25,7,22,,3,57,8.9043,3.52055,2.52923,1.15264,0.230778,0.0912441,0.13953367620706558,0.239852,1.31245,0.291236,0.739072,,,4.13415,0.858764,0.815155,129.55999755859375,,,,,,,236.89999999999992,4.156140350877192,233,4.087719298245614,,,,,,,,,,,,,,,,,,,"Michael King","19853",650633
"Parker Messick","CLE",3,3,5,3.8009,9,9,0,0,,52,221,49,24,22,6,17,,2,50,8.67724,2.90168,2.99042,1.07485,0.227541,0.0760898,0.15145082026720047,0.244434,1.26929,0.296557,0.735121,,,3.82433,0.855116,0.82587,294.17999267578125,,,,,,,226.6,4.357692307692307,225,4.326923076923077,,,,,,,,,,,,,,,,,,,"Parker Messick","31986",800048
"Taj Bradley","MIN",3,3,5,4.1582,10,10,0,0,,56,239,52,28,26,8,21,,2,58,9.33849,3.41845,2.73179,1.21605,0.243446,0.0891161,0.15433039516210556,0.237827,1.29661,0.291437,0.720069,,,4.01301,0.827014,0.746466,492.4599914550781,,,,,,,227.80000000000013,4.067857142857145,223,3.982142857142857,,,,,,,,,,,,,,,,,,,"Taj Bradley","22543",671737
"Freddy Peralta","NYM",4,3,5,4.04291,10,10,0,0,,54,232,48,26,24,7,21,,2,57,9.40011,3.52252,2.66858,1.21352,0.24576,0.0920942,0.15366607904434204,0.229622,1.26713,0.281227,0.724506,,,4.08189,0.824813,0.711163,56.36000061035156,,,,,,,233.7,4.3277777777777775,224,4.148148148148148,,,,,,,,,,,,,,,,,,,"Freddy Peralta","18679",642547
"Jhoan Duran","PHI",2,1,0,2.38204,22,0,10,0,,22,89,17,7,6,1,6,,1,28,11.5108,2.60359,4.42111,0.47803,0.31908,0.0721719,0.24690786749124527,0.205987,1.04433,0.300818,0.774496,,,2.27077,0.824029,0.759443,41.84000015258789,,,,,,,191.3,8.695454545454545,182,8.272727272727273,,,,,,,,,,,,,,,,,,,"Jhoan Duran","21029",661395
"Payton Tolle","BOS",3,3,5,3.97104,9,9,0,0,,46,195,43,22,21,6,14,,2,49,9.45635,2.79153,3.38752,1.23785,0.250802,0.0740371,0.1767648681998253,0.238647,1.22652,0.293722,0.725823,,,3.84517,0.81322,0.803689,673,,,,,,,204.8,4.452173913043478,202,4.391304347826087,,,,,,,,,,,,,,,,,,,"Payton Tolle","35466",801139
"Eury Pérez","MIA",3,3,4,4.06665,9,9,0,0,,46,192,39,22,21,6,17,,2,50,9.91378,3.32408,2.98241,1.22253,0.26173,0.0877579,0.17397254705429077,0.22579,1.22569,0.281968,0.713512,,,3.92051,0.813094,0.731172,78.6500015258789,,,,,,,208.20000000000002,4.526086956521739,195,4.239130434782608,,,,,,,,,,,,,,,,,,,"Eury Perez","27768",691587
"Shota Imanaga","CHC",4,3,5,4.07518,10,10,0,0,,59,245,56,29,27,10,14,,2,55,8.43362,2.08185,4.05103,1.54799,0.225764,0.05573,0.1700337715446949,0.2439,1.18036,0.279307,0.736734,,,4.25019,0.812903,0.779573,157.92999267578125,,,,,,,230.00000000000003,3.898305084745763,227,3.847457627118644,,,,,,,,,,,,,,,,,,,"Shota Imanaga","33829",684007
"Trevor Rogers","BAL",3,3,5,4.11466,10,10,0,0,,52,223,52,26,24,6,17,,2,44,7.58763,2.87404,2.64005,1.07354,0.197765,0.0749093,0.12285531312227249,0.251976,1.30547,0.293723,0.711996,,,4.02242,0.809951,0.641036,146.07000732421875,,,,,,,206.8,3.976923076923077,213,4.096153846153846,,,,,,,,,,,,,,,,,,,"Trevor Rogers","22286",669432
"Andrew Abbott","CIN",3,3,5,4.54087,10,10,0,0,,55,236,55,30,28,8,20,,1,48,7.97215,3.28317,2.42818,1.36076,0.204732,0.084315,0.12041720002889633,0.253084,1.36216,0.291395,0.712583,,,4.46097,0.8048,0.619692,221.92999267578125,,,,,,,198.60000000000002,3.6109090909090913,204,3.709090909090909,,,,,,,,,,,,,,,,,,,"Andrew Abbott","29911",671096
"Davis Martin","CHW",3,3,5,4.10679,9,9,0,0,,52,221,51,26,24,6,17,,3,44,7.54826,2.98183,2.53142,1.04391,0.196604,0.0776654,0.11893846839666367,0.251145,1.30723,0.293372,0.709885,,,4.08039,0.792897,0.69686,999,,,,,,,206.4,3.9692307692307693,210,4.038461538461538,,,,,,,,,,,,,,,,,,,"Davis Martin","21448",663436
"Christian Scott","NYM",3,2,5,3.987,9,9,0,0,,45,188,39,21,20,6,15,,3,47,9.46177,3.09983,3.05235,1.15823,0.25029,0.0819991,0.16829102486371994,0.232427,1.22736,0.288015,0.714863,,,3.88488,0.767569,0.664231,748.5700073242188,,,,,,,197.79999999999998,4.395555555555555,187,4.155555555555556,,,,,,,,,,,,,,,,,,,"Christian Scott","30107",681035
"Logan Henderson","MIL",3,3,4,3.87263,10,8,0,0,,41,169,35,19,18,6,12,,1,44,9.80856,2.6813,3.65814,1.33017,0.262835,0.0718493,0.19098536670207977,0.227254,1.16508,0.279021,0.732014,,,3.84346,0.763388,0.610847,413.3999938964844,,,,,,,187.60000000000002,4.5756097560975615,176,4.2926829268292686,,,,,,,,,,,,,,,,,,,"Logan Henderson","31475",701656
"Kyle Harrison","MIL",3,2,5,3.96671,9,9,0,0,,47,197,41,22,21,7,17,,2,52,9.97617,3.18855,3.12875,1.26624,0.263689,0.0842793,0.1794096678495407,0.230558,1.22982,0.288366,0.730272,,,3.9405,0.756367,0.76369,446.55999755859375,,,,,,,202.10000000000005,4.300000000000001,191,4.0638297872340425,,,,,,,,,,,,,,,,,,,"Kyle Harrison","27758",690986
"Michael Wacha","KCR",3,4,5,4.45428,10,10,0,0,,59,255,61,32,29,8,18,,2,48,7.24904,2.70077,2.68406,1.22977,0.188234,0.0701302,0.11810335516929626,0.258148,1.3185,0.293633,0.696787,,,4.27693,0.755541,0.61522,609.2899780273438,,,,,,,215.60000000000005,3.6542372881355942,227,3.847457627118644,,,,,,,,,,,,,,,,,,,"Michael Wacha","14078",608379
"Justin Wrobleski","LAD",3,3,4,4.34433,12,8,0,0,,54,230,54,28,26,7,16,,2,46,7.67672,2.65899,2.88709,1.24109,0.200961,0.0696069,0.13135431706905365,0.255245,1.2936,0.294638,0.70107,,,4.19806,0.743605,0.562041,650.3499755859375,,,,,,,211.1,3.909259259259259,217,4.018518518518518,,,,,,,,,,,,,,,,,,,"Justin Wrobleski","31204",680736
"Landen Roupp","SFG",3,3,5,3.79256,9,9,0,0,,49,210,45,22,21,5,20,,2,47,8.74962,3.78701,2.31043,0.842414,0.225559,0.0976264,0.12793249636888504,0.240204,1.34645,0.298456,0.729855,,,3.75139,0.738532,0.827358,690.0999755859375,,,,,,,212.10000000000002,4.328571428571429,208,4.244897959183674,,,,,,,,,,,,,,,,,,,"Landen Roupp","30076",694738
"Nick Martinez","TBR",3,4,5,4.33601,10,10,0,0,,58,247,61,30,28,7,15,,2,40,6.29471,2.28346,2.75665,1.16273,0.16353,0.059322,0.10420814156532288,0.26506,1.31072,0.293688,0.700552,,,4.25798,0.736832,0.673032,738.3400268554688,,,,,,,213.50000000000003,3.681034482758621,228,3.9310344827586206,,,,,,,,,,,,,,,,,,,"Nick Martinez","12730",607259
"David Peterson","CHC",3,3,5,3.79886,12,9,0,0,,56,239,52,26,24,5,22,,2,48,7.70294,3.60422,2.1372,0.86631,0.199695,0.0934376,0.10625715553760529,0.243335,1.33552,0.290189,0.728191,,,3.97915,0.732544,0.82006,452.0400085449219,,,,,,,241.70000000000005,4.316071428571429,239,4.267857142857143,,,,,,,,,,,,,,,,,,,"David Peterson","20302",656849
"Brandon Pfaadt","ARI",3,4,4,4.37484,17,10,0,0,,62,262,64,32,30,8,15,,3,52,7.62395,2.25217,3.38516,1.18611,0.199064,0.058805,0.14025938510894775,0.263273,1.2921,0.305552,0.692252,,,4.02303,0.728224,0.642199,588.5999755859375,,,,,,,243.99999999999997,3.9354838709677415,256,4.129032258064516,,,,,,,,,,,,,,,,,,,"Brandon Pfaadt","27782",694297
"Mitch Keller","PIT",3,4,5,4.32035,10,10,0,0,,56,242,57,29,27,7,18,,3,48,7.62097,2.8867,2.64003,1.14399,0.196683,0.0745003,0.12218275666236877,0.258328,1.33399,0.300544,0.705325,,,4.21749,0.717815,0.696584,518.6300048828125,,,,,,,213.10000000000008,3.805357142857144,222,3.9642857142857144,,,,,,,,,,,,,,,,,,,"Mitch Keller","17594",656605
"Griffin Jax","TBR",3,2,4,3.73372,8,8,0,0,,35,146,31,16,14,4,12,,1,40,10.2511,3.03637,3.37608,1.05321,0.271923,0.0805439,0.1913789063692093,0.230656,1.21816,0.298044,0.727996,,,3.46333,0.70842,0.621175,149.2100067138672,,,,,,,170.20000000000002,4.862857142857143,164,4.685714285714286,,,,,,,,,,,,,,,,,,,"Griffin Jax","20253",643377
"Shane Baz","BAL",3,3,5,4.24322,10,10,0,0,,54,230,51,27,25,7,20,,2,50,8.42052,3.27635,2.57009,1.14249,0.218907,0.0851747,0.13373231142759323,0.245573,1.31347,0.293365,0.708268,,,4.11225,0.699684,0.665728,186.92999267578125,,,,,,,214.9,3.97962962962963,213,3.9444444444444446,,,,,,,,,,,,,,,,,,,"Shane Baz","22264",669358
"Sean Burke","CHW",3,3,4,4.29278,9,9,0,0,,53,229,49,27,25,8,21,,3,54,9.04086,3.58655,2.52077,1.28626,0.23372,0.0927179,0.14100240170955658,0.240489,1.32443,0.289712,0.720647,,,4.30218,0.699486,0.659661,748.5599975585938,,,,,,,202.40000000000006,3.8188679245283033,197,3.7169811320754715,,,,,,,,,,,,,,,,,,,"Sean Burke","29878",680732
"Emmet Sheehan","LAD",3,2,4,4.1755,12,8,0,0,,42,176,36,21,19,6,14,,2,47,10.1101,3.07494,3.28789,1.36144,0.268197,0.0815712,0.18662557005882263,0.229144,1.21014,0.285118,0.711412,,,4.02481,0.697001,0.506896,111.20999908447266,,,,,,,189.4,4.5095238095238095,178,4.238095238095238,,,,,,,,,,,,,,,,,,,"Emmet Sheehan","29839",686218
"Grant Taylor","CHW",2,1,0,3.1099,26,0,6,3,,26,108,21,10,9,2,9,,0,32,11.15,3.21862,3.4642,0.777212,0.299502,0.0864564,0.21304593980312347,0.215897,1.17008,0.297835,0.755463,,,2.87449,0.689357,0.606249,506.67999267578125,,,,,,,192.2,7.392307692307692,183,7.038461538461538,,,,,,,,,,,,,,,,,,,"Grant Taylor","33927",691799
"Bailey Ober","MIN",3,4,5,4.41003,10,10,0,0,,56,237,56,30,27,9,14,,2,48,7.69047,2.22421,3.45761,1.48289,0.201955,0.0584088,0.14354615658521652,0.253138,1.24619,0.284991,0.708492,,,4.39607,0.682446,0.54636,494.3399963378906,,,,,,,206.10000000000005,3.6803571428571438,211,3.767857142857143,,,,,,,,,,,,,,,,,,,"Bailey Ober","21224",641927
"Nick Lodolo","CIN",2,3,4,4.47021,9,9,0,0,,47,202,46,25,24,7,15,,5,46,8.72588,2.84048,3.07197,1.27329,0.227493,0.0740544,0.1534389704465866,0.251165,1.27856,0.301688,0.686338,,,4.2935,0.666732,0.590815,127.94999694824219,,,,,,,174.10000000000005,3.7042553191489374,176,3.74468085106383,,,,,,,,,,,,,,,,,,,"Nick Lodolo","26378",666157
"Brady Singer","CIN",3,4,4,4.7152,10,10,0,0,,53,229,54,30,28,8,18,,3,48,8.19175,2.98277,2.74636,1.40414,0.210432,0.0766222,0.13380979001522064,0.258086,1.34564,0.299697,0.691418,,,4.50423,0.66175,0.493641,388.25,,,,,,,186.40000000000006,3.5169811320754727,194,3.660377358490566,,,,,,,,,,,,,,,,,,,"Brady Singer","25377",663903
"Max Meyer","MIA",2,2,4,3.89747,7,7,0,0,,39,166,36,18,17,5,14,,2,40,9.16993,3.21317,2.85386,1.09547,0.239808,0.0840295,0.15577847510576248,0.240588,1.28182,0.297073,0.730411,,,3.86879,0.660638,0.687497,281.45001220703125,,,,,,,165.50000000000003,4.2435897435897445,162,4.153846153846154,,,,,,,,,,,,,,,,,,,"Max Meyer","27474",676974
"Tyler Glasnow","LAD",2,1,3,3.65923,5,5,0,0,,29,121,24,13,12,4,11,,1,35,10.8362,3.33288,3.2513,1.11975,0.290396,0.0893168,0.20107927173376083,0.217588,1.1879,0.285366,0.735952,,,3.4851,0.656038,0.543854,113.73999786376953,,,,,,,137.00000000000003,4.724137931034484,127,4.379310344827586,,,,,,,,,,,,,,,,,,,"Tyler Glasnow","14374",607192
"Tanner Bibee","CLE",3,4,5,4.16842,10,10,0,0,,57,243,56,29,26,8,17,,2,51,8.0576,2.68306,3.00313,1.29342,0.210669,0.0701498,0.14051949232816696,0.250071,1.27674,0.290467,0.721923,,,4.19652,0.653098,0.625372,188.6300048828125,,,,,,,222.79999999999998,3.908771929824561,226,3.9649122807017543,,,,,,,,,,,,,,,,,,,"Tanner Bibee","30134",676440
"Eduardo Rodriguez","ARI",3,3,5,4.39205,10,10,0,0,,57,249,60,30,28,8,21,,1,47,7.36,3.27301,2.2487,1.18867,0.187471,0.0833686,0.10410218685865402,0.262621,1.40925,0.301341,0.72069,,,4.33367,0.644014,0.63,738.219970703125,,,,,,,195.39999999999998,3.428070175438596,209,3.6666666666666665,,,,,,,,,,,,,,,,,,,"Eduardo Rodriguez","13164",593958
"Reynaldo López","ATL",3,3,4,4.05405,13,8,0,0,,47,201,44,23,21,6,18,,1,47,8.89515,3.38083,2.63106,1.15159,0.231571,0.0880145,0.14355678111314774,0.240178,1.30444,0.291129,0.727321,,,3.99913,0.640837,0.649005,302.9100036621094,,,,,,,196.6,4.182978723404255,194,4.127659574468085,,,,,,,,,,,,,,,,,,,"Reynaldo Lopez","16400",625643
"Kumar Rocker","TEX",3,3,4,4.29149,12,9,0,0,,49,211,48,25,23,6,17,,2,45,8.22247,3.12207,2.63366,1.16267,0.213393,0.0810253,0.1323678269982338,0.251652,1.32753,0.298336,0.707445,,,4.11563,0.639357,0.553282,720.72998046875,,,,,,,197,4.020408163265306,200,4.081632653061225,,,,,,,,,,,,,,,,,,,"Kumar Rocker","31843",677958
"Kyle Leahy","STL",3,3,4,4.244,17,9,0,0,,57,244,56,29,27,7,20,,2,49,7.73695,3.18228,2.43126,1.06968,0.200147,0.0823224,0.11782459914684296,0.252412,1.33835,0.296251,0.705609,,,4.11677,0.634559,0.534265,733.6699829101562,,,,,,,222.09999999999994,3.8964912280701745,226,3.9649122807017543,,,,,,,,,,,,,,,,,,,"Kyle Leahy","24763",681517
"Gage Jump","ATH",3,3,4,4.20472,9,9,0,0,,49,209,46,25,23,6,18,,2,47,8.71141,3.30841,2.63311,1.1745,0.225569,0.0856664,0.13990285247564316,0.246655,1.32293,0.297267,0.717028,,,4.12418,0.631626,0.66188,999,,,,,,,203.20000000000002,4.146938775510204,201,4.1020408163265305,,,,,,,,,,,,,,,,,,,"Gage Jump","35418",695611
"Michael Soroka","ARI",3,2,3,3.95425,11,7,0,0,,43,183,40,20,19,5,14,,3,42,8.77372,2.94616,2.97802,1.00658,0.230439,0.0773801,0.15305907279253006,0.242067,1.25398,0.297229,0.710001,,,3.82132,0.628705,0.636945,710.3599853515625,,,,,,,185.7,4.31860465116279,183,4.255813953488372,,,,,,,,,,,,,,,,,,,"Michael Soroka","18383",647336
"Trey Yesavage","TOR",2,2,4,4.19819,9,9,0,0,,46,197,40,23,21,6,21,,1,49,9.56282,4.18995,2.28232,1.1536,0.246643,0.108067,0.13857614248991013,0.227402,1.33274,0.281769,0.719299,,,4.13451,0.627189,0.558132,194.2899932861328,,,,,,,194.60000000000002,4.230434782608696,184,4,,,,,,,,,,,,,,,,,,,"Trey Yesavage","35456",702056
"Cade Smith","CLE",2,1,0,2.85236,22,0,11,1,,22,91,17,8,7,2,7,,1,30,11.8566,2.72004,4.35897,0.763469,0.325642,0.0747061,0.2509358525276184,0.206234,1.06414,0.295387,0.760684,,,2.63102,0.624415,0.541013,39.90999984741211,,,,,,,189,8.590909090909092,179,8.136363636363637,,,,,,,,,,,,,,,,,,,"Cade Smith","27867",671922
"Andre Pallante","STL",3,3,4,4.23126,9,9,0,0,,50,218,52,26,24,5,18,,2,37,6.56854,3.25036,2.02086,0.863249,0.168584,0.0834218,0.08516229689121246,0.262899,1.39412,0.301944,0.699301,,,4.0972,0.621015,0.496099,999,,,,,,,187.3,3.7460000000000004,199,3.98,,,,,,,,,,,,,,,,,,,"Andre Pallante","26108",669467
"Michael McGreevy","STL",3,4,5,4.18603,13,10,0,0,,58,246,61,29,27,7,14,,1,40,6.30439,2.24469,2.80858,1.13479,0.164624,0.0586149,0.10600950196385384,0.265845,1.30862,0.295502,0.709233,,,4.16009,0.620844,0.528247,715.3800048828125,,,,,,,219.50000000000003,3.78448275862069,234,4.0344827586206895,,,,,,,,,,,,,,,,,,,"Michael McGreevy","29869",700241
"Will Warren","NYY",3,3,5,4.30389,12,10,0,0,,53,228,51,28,25,7,19,,2,52,8.77001,3.25515,2.6942,1.23905,0.226999,0.0842547,0.14274393022060394,0.244909,1.31494,0.293358,0.709667,,,4.15188,0.619854,0.57165,285.04998779296875,,,,,,,214.50000000000003,4.047169811320755,215,4.056603773584905,,,,,,,,,,,,,,,,,,,"Will Warren","30182",701542
"Janson Junk","MIA",2,3,3,4.48914,11,8,0,0,,47,201,51,25,24,7,11,,1,35,6.60717,2.11897,3.11811,1.26563,0.171948,0.0551449,0.116802878677845,0.268382,1.30961,0.298482,0.691985,,,4.2709,0.611773,0.483402,999,,,,,,,163.10000000000005,3.4702127659574478,178,3.7872340425531914,,,,,,,,,,,,,,,,,,,"Janson Junk","23301",676083
"Shane Drohan","MIL",3,3,4,3.98219,11,8,0,0,,46,197,42,22,20,6,17,,2,44,8.63721,3.37634,2.55816,1.1438,0.225721,0.0882357,0.1374850794672966,0.237729,1.28684,0.285494,0.729096,,,4.09249,0.609412,0.592618,999,,,,,,,188.40000000000003,4.095652173913044,183,3.9782608695652173,,,,,,,,,,,,,,,,,,,"Shane Drohan","27814",675660
"Jake Bennett","BOS",3,3,4,4.27057,13,9,0,0,,49,208,51,25,23,6,13,,2,36,6.60371,2.43368,2.71347,1.07703,0.171306,0.0631317,0.10817427188158035,0.267162,1.33035,0.30195,0.701111,,,4.14539,0.607522,0.577499,999,,,,,,,183.20000000000002,3.738775510204082,194,3.9591836734693877,,,,,,,,,,,,,,,,,,,"Jake Bennett","31959",687562
"Kyle Freeland","COL",2,4,4,5.09272,10,10,0,0,,52,227,61,32,29,9,13,,2,40,6.89814,2.24755,3.06919,1.49645,0.174932,0.0569963,0.11793601140379906,0.285846,1.41913,0.317618,0.683073,,,4.60971,0.595343,0.477446,999,,,,,,,150.50000000000003,2.8942307692307696,178,3.423076923076923,,,,,,,,,,,,,,,,,,,"Kyle Freeland","16256",607536
"Bryce Miller","SEA",3,3,4,4.01092,13,8,0,0,,49,205,45,24,22,7,13,,2,47,8.54576,2.45274,3.48417,1.2924,0.228013,0.0654426,0.16257023066282272,0.238236,1.1917,0.280484,0.716916,,,3.99581,0.585365,0.490464,341.6000061035156,,,,,,,208.5,4.255102040816326,203,4.142857142857143,,,,,,,,,,,,,,,,,,,"Bryce Miller","29837",682243
"Bubba Chandler","PIT",3,3,4,4.31163,12,8,0,0,,47,207,44,25,23,6,22,,3,44,8.35331,4.08024,2.04726,1.05469,0.213072,0.104077,0.10899537801742554,0.243168,1.38808,0.292122,0.711319,,,4.31315,0.580719,0.528323,150.00999450683594,,,,,,,172.6,3.6723404255319148,170,3.617021276595745,,,,,,,,,,,,,,,,,,,"Bubba Chandler","29868",696149
"Bryce Elder","ATL",3,3,5,4.54001,10,10,0,0,,55,238,56,30,28,7,19,,2,47,7.65295,3.06201,2.49932,1.2088,0.196733,0.0787144,0.11801833659410477,0.259375,1.36404,0.300244,0.695111,,,4.28016,0.579059,0.492458,740.5499877929688,,,,,,,206.29999999999998,3.7509090909090905,215,3.909090909090909,,,,,,,,,,,,,,,,,,,"Bryce Elder","27779",693821
"Shohei Ohtani","LAD",2,1,2,3.23791,4,4,0,0,,23,96,18,9,8,3,8,,1,27,10.4604,3.03674,3.44462,0.96438,0.284606,0.0826235,0.20198285579681396,0.211506,1.11731,0.278231,0.750544,,,3.36749,0.576558,0.576314,1.2699999809265137,,,,,,,113.50000000000001,4.934782608695653,103,4.478260869565218,,,,,,,,,,,,,,,,,,,"Shohei Ohtani","19755",660271
"Jack Flaherty","DET",2,3,3,4.15145,7,7,0,0,,38,164,35,19,18,5,15,,2,43,10.0329,3.57509,2.80633,1.20481,0.259142,0.0923419,0.16679973155260086,0.234931,1.30194,0.296213,0.720619,,,3.97288,0.570893,0.480855,209,,,,,,,163.7,4.307894736842105,160,4.2105263157894735,,,,,,,,,,,,,,,,,,,"Jack Flaherty","17479",656427
"Connor Prielipp","MIN",2,2,4,3.9729,11,8,0,0,,41,176,39,20,18,5,15,,2,40,8.83811,3.36634,2.62544,1.06385,0.22877,0.0871358,0.1416338011622429,0.24609,1.32378,0.301379,0.729221,,,3.98216,0.568191,0.594143,999,,,,,,,169.50000000000003,4.134146341463415,169,4.121951219512195,,,,,,,,,,,,,,,,,,,"Connor Prielipp","31857",687570
"Trevor Megill","MIL",2,1,0,2.99027,21,0,7,2,,21,88,17,8,7,2,7,,1,27,11.3909,3.08538,3.6919,0.821923,0.308125,0.0834597,0.22466535866260529,0.210879,1.13046,0.29281,0.769487,,,2.8834,0.567953,0.489445,137.6999969482422,,,,,,,159.60000000000002,7.600000000000001,152,7.238095238095238,,,,,,,,,,,,,,,,,,,"Trevor Megill","17722",656730
"Aroldis Chapman","BOS",2,1,0,2.96567,21,0,11,1,,21,88,16,8,7,2,10,,1,29,12.4681,4.24435,2.93757,0.69704,0.331577,0.112875,0.21870247274637222,0.200424,1.2087,0.297823,0.772567,,,2.84686,0.567389,0.546981,64.55000305175781,,,,,,,173.20000000000002,8.247619047619049,163,7.761904761904762,,,,,,,,,,,,,,,,,,,"Aroldis Chapman","10233",547973
"Sean Manaea","NYM",2,3,4,4.40191,8,8,0,0,,47,198,44,25,23,7,16,,3,45,8.77438,3.0181,2.90726,1.32603,0.229209,0.0788402,0.15036846697330475,0.244681,1.2769,0.291368,0.698871,,,4.29131,0.564902,0.374601,423.3599853515625,,,,,,,180.30000000000004,3.8361702127659583,177,3.765957446808511,,,,,,,,,,,,,,,,,,,"Sean Manaea","15873",640455
"Roki Sasaki","LAD",3,3,3,4.51461,14,8,0,0,,46,199,44,25,23,7,17,,3,48,9.3974,3.3971,2.7663,1.40743,0.242713,0.0877394,0.15497403591871262,0.247216,1.33334,0.299881,0.709009,,,4.3606,0.563241,0.353906,289.7200012207031,,,,,,,175.90000000000006,3.8239130434782624,175,3.8043478260869565,,,,,,,,,,,,,,,,,,,"Roki Sasaki","35323",808963
"Zebby Matthews","MIN",3,3,4,4.43158,8,8,0,0,,45,194,47,24,22,7,13,,1,41,8.22198,2.51201,3.27306,1.3676,0.21357,0.065251,0.14831948280334473,0.25955,1.31008,0.302417,0.708873,,,4.17418,0.562454,0.449368,488.6400146484375,,,,,,,164.7,3.6599999999999997,174,3.8666666666666667,,,,,,,,,,,,,,,,,,,"Zebby Matthews","31827",805673
"Noah Cameron","KCR",3,3,4,4.34201,9,9,0,0,,50,214,50,26,24,7,17,,2,43,7.77599,2.99157,2.5993,1.25213,0.201215,0.077411,0.1238037571310997,0.255762,1.33725,0.295901,0.714238,,,4.28553,0.561182,0.630696,298,,,,,,,182.89999999999998,3.6579999999999995,188,3.76,,,,,,,,,,,,,,,,,,,"Noah Cameron","30184",702070
"Seth Lugo","KCR",3,4,5,4.4857,10,10,0,0,,58,252,60,31,29,8,19,,2,48,7.41417,2.97974,2.48819,1.27888,0.189879,0.0763121,0.11356688290834427,0.262065,1.37006,0.299091,0.7107,,,4.43126,0.556049,0.649781,493.1000061035156,,,,,,,207.80000000000007,3.5827586206896562,219,3.7758620689655173,,,,,,,,,,,,,,,,,,,"Seth Lugo","12447",607625
"Patrick Sandoval","BOS",2,2,3,4.15958,14,6,0,0,,40,174,40,20,19,4,17,,2,36,8.2015,3.74398,2.19058,0.951974,0.209277,0.095535,0.11374226212501526,0.253846,1.40575,0.306726,0.718527,,,4.02838,0.554798,0.497174,999,,,,,,,157.8,3.9450000000000003,163,4.075,,,,,,,,,,,,,,,,,,,"Patrick Sandoval","19447",663776
"Jack Perkins","ATH",3,3,4,4.40198,13,9,0,0,,54,231,49,28,26,7,23,,4,55,9.30703,3.93067,2.3678,1.23039,0.239552,0.101171,0.13838110864162445,0.23881,1.34531,0.293065,0.708961,,,4.35565,0.554113,0.580481,999,,,,,,,215.1,3.9833333333333334,208,3.8518518518518516,,,,,,,,,,,,,,,,,,,"Jack Perkins","31468",678022
"Joey Cantillo","CLE",2,3,4,3.96505,11,8,0,0,,43,186,39,21,19,5,19,,1,46,9.5722,4.04335,2.36739,1.06765,0.246744,0.104226,0.14251798391342163,0.234504,1.34899,0.294253,0.736589,,,3.94592,0.549873,0.560405,270.80999755859375,,,,,,,187.29999999999998,4.355813953488371,182,4.232558139534884,,,,,,,,,,,,,,,,,,,"Joey Cantillo","23335",676282
"Tyler Mahle","SFG",3,3,5,4.10081,9,9,0,0,,48,205,46,24,22,6,17,,1,41,7.699,3.23202,2.3821,1.12345,0.200349,0.0841058,0.11624298244714737,0.246141,1.31663,0.286163,0.720754,,,4.1606,0.54142,0.55097,322.7200012207031,,,,,,,189.80000000000004,3.9541666666666675,190,3.9583333333333335,,,,,,,,,,,,,,,,,,,"Tyler Mahle","16358",641816
"Shane Bieber","TOR",3,3,4,4.23169,11,8,0,0,,48,204,48,24,23,7,14,,1,41,7.77499,2.65616,2.92715,1.26753,0.202532,0.0691906,0.13334106653928757,0.254765,1.30055,0.293903,0.716401,,,4.1698,0.530121,0.511496,474.0400085449219,,,,,,,181.3,3.7770833333333336,186,3.875,,,,,,,,,,,,,,,,,,,"Shane Bieber","19427",669456
"Clay Holmes","NYM",2,2,3,3.8454,8,6,0,0,,34,148,34,16,15,3,13,,2,29,7.62947,3.39164,2.24949,0.755861,0.196184,0.0872127,0.1089717224240303,0.254238,1.36619,0.305895,0.719658,,,3.79499,0.529574,0.463699,330.6300048828125,,,,,,,139.3,4.097058823529412,144,4.235294117647059,,,,,,,,,,,,,,,,,,,"Clay Holmes","13649",605280
"Josh Hader","HOU",2,1,0,3.10164,21,0,11,1,,21,85,14,8,7,2,9,,1,30,12.8107,3.67448,3.48641,1.05261,0.348121,0.099851,0.24827053397893906,0.1893,1.0985,0.27223,0.777266,,,3.11128,0.529257,0.488557,124.38999938964844,,,,,,,183.4,8.733333333333334,168,8,,,,,,,,,,,,,,,,,,,"Josh Hader","14212",623352
"Edwin Díaz","LAD",2,1,0,3.24026,21,0,9,2,,21,85,15,8,7,2,8,,1,29,12.4705,3.49801,3.56502,0.933942,0.337769,0.0947452,0.24302376061677933,0.20074,1.12003,0.291367,0.748318,,,3.06428,0.522597,0.500363,33,,,,,,,175.8,8.371428571428572,163,7.761904761904762,,,,,,,,,,,,,,,,,,,"Edwin Diaz","14710",621242
"Ryan Weathers","NYY",2,2,3,3.96754,10,6,0,0,,38,162,35,18,17,5,12,,1,40,9.32288,2.92048,3.19224,1.21743,0.245835,0.07701,0.16882456839084625,0.236984,1.23703,0.290082,0.723247,,,3.88584,0.519936,0.404004,232.55999755859375,,,,,,,169.7,4.46578947368421,166,4.368421052631579,,,,,,,,,,,,,,,,,,,"Ryan Weathers","23796",677960
"David Bednar","NYY",2,1,0,3.18092,22,0,11,1,,22,90,17,8,8,2,7,,1,27,10.8755,3.01281,3.60977,0.87197,0.293859,0.0814066,0.21245263516902924,0.212469,1.12937,0.286587,0.749606,,,3.06925,0.506264,0.5434,64.05999755859375,,,,,,,183,8.318181818181818,173,7.863636363636363,,,,,,,,,,,,,,,,,,,"David Bednar","19569",670280
"Robbie Ray","SFG",3,4,5,4.29966,10,10,0,0,,58,249,54,30,27,8,25,,2,55,8.6677,3.8627,2.24394,1.25509,0.222212,0.0990275,0.12318480759859085,0.24114,1.36338,0.28675,0.726322,,,4.37636,0.505243,0.568741,166.44000244140625,,,,,,,219.40000000000006,3.7827586206896564,215,3.706896551724138,,,,,,,,,,,,,,,,,,,"Robbie Ray","11486",592662
"Adrian Morejon","SDP",2,1,0,3.15434,22,0,1,5,,22,92,19,9,8,2,7,,1,24,9.50673,2.86481,3.31845,0.69545,0.256714,0.0773595,0.17935428023338318,0.225337,1.1665,0.293068,0.739399,,,3.05355,0.494526,0.350699,735.8499755859375,,,,,,,137.8,6.2636363636363654,133,6.045454545454546,,,,,,,,,,,,,,,,,,,"Adrian Morejon","20039",670970
"Merrill Kelly","ARI",3,4,5,4.52027,10,10,0,0,,58,254,61,32,29,9,20,,1,47,7.24836,3.02014,2.4,1.33742,0.185661,0.0773587,0.1083025187253952,0.262197,1.3786,0.295771,0.714121,,,4.51032,0.489172,0.496196,284.17999267578125,,,,,,,190.90000000000006,3.2913793103448286,204,3.5172413793103448,,,,,,,,,,,,,,,,,,,"Merrill Kelly","11156",518876
"Ian Seymour","TBR",2,3,3,4.27186,12,7,0,0,,43,181,39,22,20,7,14,,2,43,9.08028,2.99454,3.03228,1.37839,0.238317,0.0785932,0.15972351282835007,0.238304,1.2485,0.284474,0.712608,,,4.25485,0.488676,0.429566,521.1400146484375,,,,,,,168.70000000000002,3.9232558139534888,162,3.7674418604651163,,,,,,,,,,,,,,,,,,,"Ian Seymour","27932",693855
"Edward Cabrera","CHC",2,3,4,4.24799,8,8,0,0,,43,181,38,22,20,6,17,,2,44,9.2219,3.68824,2.50035,1.23517,0.240346,0.0961246,0.14422102272510529,0.235442,1.30571,0.287012,0.713212,,,4.21872,0.487919,0.479543,174.72000122070312,,,,,,,176.59999999999997,4.106976744186046,168,3.9069767441860463,,,,,,,,,,,,,,,,,,,"Edward Cabrera","21690",665795
"Tanner Scott","LAD",1,1,0,3.18643,21,0,4,4,,21,88,17,8,8,2,7,,1,26,10.9088,3.03519,3.59412,0.936732,0.295144,0.0821186,0.21302519738674164,0.214532,1.13711,0.288438,0.7586,,,3.1737,0.483783,0.46523,712.8099975585938,,,,,,,150.60000000000002,7.171428571428573,143,6.809523809523809,,,,,,,,,,,,,,,,,,,"Tanner Scott","17586",656945
"J.T. Ginn","ATH",2,3,3,4.51816,11,8,0,0,,45,195,44,24,23,6,18,,3,42,8.49368,3.67855,2.30898,1.17461,0.216862,0.093921,0.1229405403137207,0.252213,1.38685,0.302296,0.699495,,,4.33983,0.480906,0.431541,748.3499755859375,,,,,,,165.79999999999998,3.684444444444444,168,3.7333333333333334,,,,,,,,,,,,,,,,,,,"J.T. Ginn","27889",669372
"Carlos Rodón","NYY",2,2,3,4.02307,6,6,0,0,,32,138,28,16,14,4,13,,1,34,9.58936,3.63725,2.63643,1.13587,0.24993,0.0947988,0.15513160079717636,0.228513,1.27677,0.28413,0.721832,,,3.95262,0.478499,0.381779,202.3000030517578,,,,,,,140.8,4.4,134,4.1875,,,,,,,,,,,,,,,,,,,"Carlos Rodon","16137",607074
"Garrett Whitlock","BOS",2,1,0,3.28256,22,0,1,5,,22,91,19,9,8,2,6,,1,25,10.017,2.33472,4.29044,0.903366,0.271164,0.063202,0.2079620659351349,0.229558,1.13399,0.298176,0.742848,,,3.07268,0.477095,0.446775,624.97998046875,,,,,,,142.8,6.490909090909091,138,6.2727272727272725,,,,,,,,,,,,,,,,,,,"Garrett Whitlock","20191",676477
"Anthony Kay","CHW",2,3,4,4.50291,8,8,0,0,,44,194,45,24,22,6,17,,4,36,7.38715,3.48678,2.11862,1.19315,0.18791,0.0886945,0.09921517223119736,0.261965,1.40855,0.301759,0.707304,,,4.60174,0.471546,0.38954,717.8599853515625,,,,,,,143.8,3.2681818181818185,151,3.4318181818181817,,,,,,,,,,,,,,,,,,,"Anthony Kay","20387",641743
"Ben Brown","CHC",2,1,2,3.75649,9,4,0,0,,27,114,24,12,11,3,9,,1,29,9.45728,3.03871,3.11227,0.951369,0.250328,0.0804326,0.1698954999446869,0.234304,1.23331,0.296291,0.719266,,,3.50736,0.467233,0.392347,733.6500244140625,,,,,,,128.5,4.7592592592592595,124,4.592592592592593,,,,,,,,,,,,,,,,,,,"Ben Brown","23590",676962
"Grayson Rodriguez","LAA",2,3,4,4.4676,8,8,0,0,,41,175,40,22,20,6,15,,2,40,8.73442,3.28828,2.65623,1.2813,0.225469,0.0848831,0.140585757791996,0.250065,1.33836,0.29899,0.703541,,,4.25955,0.459326,0.411817,397.1099853515625,,,,,,,154.60000000000002,3.770731707317074,156,3.8048780487804876,,,,,,,,,,,,,,,,,,,"Grayson Rodriguez","24492",680570
"Tatsuya Imai","HOU",2,2,3,4.26739,7,7,0,0,,37,159,33,19,17,5,17,,2,40,9.77417,4.16406,2.34727,1.2262,0.251443,0.107121,0.14432137459516525,0.235592,1.3611,0.294141,0.723999,,,4.2259,0.456621,0.427324,999,,,,,,,149.5,4.04054054054054,143,3.864864864864865,,,,,,,,,,,,,,,,,,,"Tatsuya Imai","37124",837227
"Kris Bubic","KCR",2,2,2,3.9322,7,5,0,0,,29,125,28,14,13,3,11,,1,29,8.93662,3.50481,2.54981,0.925048,0.231261,0.0906974,0.14056403934955597,0.24619,1.343,0.306306,0.724883,,,3.72097,0.455914,0.397136,190.69000244140625,,,,,,,126.90000000000002,4.375862068965518,128,4.413793103448276,,,,,,,,,,,,,,,,,,,"Kris Bubic","21455",663460
"Matthew Liberatore","STL",3,3,4,4.43908,9,9,0,0,,45,193,44,24,22,6,15,,2,40,7.9799,3.11111,2.56497,1.27038,0.206025,0.0803226,0.12570278346538544,0.253341,1.338,0.29461,0.706246,,,4.33138,0.449532,0.385705,410.2300109863281,,,,,,,173.79999999999998,3.862222222222222,176,3.911111111111111,,,,,,,,,,,,,,,,,,,"Matthew Liberatore","22294",669461
"Devin Williams","NYM",2,1,0,3.24502,21,0,9,1,,21,87,15,8,8,2,9,,1,27,11.6322,4.0682,2.85931,0.792398,0.311626,0.108987,0.20263925939798355,0.197008,1.17246,0.277805,0.74306,,,3.14116,0.447913,0.445537,59.470001220703125,,,,,,,164.8,7.847619047619048,152,7.238095238095238,,,,,,,,,,,,,,,,,,,"Devin Williams","15816",642207
"Troy Melton","DET",2,2,3,4.1317,11,6,0,0,,39,166,38,19,18,5,13,,1,35,8.08938,2.89974,2.7897,1.20695,0.211097,0.0756704,0.13542699813842773,0.249264,1.29589,0.292198,0.720633,,,4.11012,0.446751,0.449388,743.22998046875,,,,,,,156.3,4.007692307692308,158,4.051282051282051,,,,,,,,,,,,,,,,,,,"Troy Melton","31807",675512
"Yusei Kikuchi","LAA",2,2,3,4.19395,6,6,0,0,,31,132,30,15,14,4,12,,1,31,9.20866,3.40997,2.70051,1.27442,0.237856,0.0880783,0.14977798610925674,0.248825,1.34751,0.30316,0.733882,,,4.13082,0.443537,0.476027,506.57000732421875,,,,,,,125.19999999999999,4.038709677419354,126,4.064516129032258,,,,,,,,,,,,,,,,,,,"Yusei Kikuchi","20633",579328
"Louis Varland","TOR",1,1,0,3.14207,22,0,10,1,,22,90,19,8,8,2,6,,1,24,9.82174,2.4997,3.92917,0.907431,0.265711,0.0676253,0.19808587431907654,0.227881,1.14322,0.293442,0.760214,,,3.1654,0.442667,0.550163,999,,,,,,,169.8,7.718181818181819,165,7.5,,,,,,,,,,,,,,,,,,,"Louis Varland","27691",686973
"Brandon Sproat","MIL",2,3,4,4.47788,9,9,0,0,,44,190,41,24,22,6,19,,3,41,8.39551,3.86637,2.17142,1.2237,0.215075,0.099048,0.11602683365345001,0.245768,1.37266,0.291537,0.704731,,,4.51172,0.440671,0.366955,528.2000122070312,,,,,,,161.20000000000002,3.663636363636364,158,3.590909090909091,,,,,,,,,,,,,,,,,,,"Brandon Sproat","33850",687075
"Brayan Bello","BOS",3,3,3,4.34553,14,7,0,0,,45,194,46,23,22,5,16,,2,37,7.42216,3.14835,2.35748,1.04918,0.190644,0.0808678,0.10977613180875778,0.260111,1.37034,0.303118,0.700946,,,4.18292,0.434593,0.410834,421.4100036621094,,,,,,,171.9,3.8200000000000003,180,4,,,,,,,,,,,,,,,,,,,"Brayan Bello","23920",678394
"Brandon Young","BAL",2,3,3,4.39628,11,7,0,0,,41,178,42,22,20,6,13,,1,35,7.6195,2.908,2.62018,1.2565,0.196823,0.075118,0.12170487642288208,0.258065,1.34358,0.296776,0.710744,,,4.27272,0.432486,0.420954,999,,,,,,,148.40000000000003,3.619512195121952,155,3.7804878048780486,,,,,,,,,,,,,,,,,,,"Brandon Young","27819",687064
"Luis Castillo","SEA",3,3,3,4.04395,13,7,0,0,,45,192,43,22,20,7,13,,2,42,8.25104,2.65116,3.11224,1.31038,0.217061,0.0697443,0.1473168134689331,0.245177,1.24795,0.285824,0.729611,,,4.17425,0.422474,0.405491,171.0500030517578,,,,,,,174.09999999999997,3.868888888888888,173,3.8444444444444446,,,,,,,,,,,,,,,,,,,"Luis Castillo","15689",622491
"Michael Lorenzen","COL",2,4,3,5.09833,14,9,0,0,,52,232,58,32,30,8,19,,2,40,6.81346,3.31415,2.05587,1.42258,0.170841,0.0830993,0.08774188160896301,0.274729,1.47297,0.304782,0.689609,,,4.88094,0.422068,0.485569,999,,,,,,,152.59999999999997,2.934615384615384,173,3.326923076923077,,,,,,,,,,,,,,,,,,,"Michael Lorenzen","14843",547179
"Nick Pivetta","SDP",2,1,2,3.87092,4,4,0,0,,24,101,21,11,10,4,8,,1,27,10.0062,2.86305,3.49495,1.35245,0.267977,0.0766755,0.1913011074066162,0.225547,1.17603,0.278421,0.738135,,,3.8752,0.422017,0.38217,96.01000213623047,,,,,,,100.80000000000004,4.200000000000002,95,3.9583333333333335,,,,,,,,,,,,,,,,,,,"Nick Pivetta","15454",601713
"Andrés Muñoz","SEA",2,1,0,2.90972,20,0,10,1,,20,83,14,7,7,2,8,,1,27,12.1079,3.65648,3.31134,0.765376,0.328645,0.0992484,0.22939658910036087,0.194517,1.11283,0.282251,0.76321,,,2.90816,0.415629,0.47667,41.189998626708984,,,,,,,168,8.4,155,7.75,,,,,,,,,,,,,,,,,,,"Andres Munoz","20373",662253
"Jack Leiter","TEX",2,2,3,4.36166,6,6,0,0,,35,149,31,18,17,5,15,,1,34,8.80311,3.77465,2.33217,1.26377,0.228353,0.0979145,0.1304384395480156,0.234216,1.31464,0.279176,0.708568,,,4.36232,0.414945,0.386995,230.7100067138672,,,,,,,136.9,3.9114285714285715,130,3.7142857142857144,,,,,,,,,,,,,,,,,,,"Jack Leiter","30146",683004
"Peter Lambert","HOU",3,4,3,4.60987,13,8,0,0,,54,235,53,29,28,8,22,,3,49,8.2201,3.70646,2.21778,1.356,0.209028,0.0942511,0.1147766262292862,0.251876,1.39645,0.293116,0.715335,,,4.62278,0.404682,0.371144,999,,,,,,,186.40000000000003,3.4518518518518526,189,3.5,,,,,,,,,,,,,,,,,,,"Peter Lambert","17969",663567
"Carmen Mlodzinski","PIT",2,2,1,3.8114,22,3,0,4,,35,148,34,16,15,3,12,,1,30,7.6657,3.06294,2.50273,0.902679,0.199424,0.0796828,0.11974146962165833,0.250907,1.31779,0.297983,0.72898,,,3.83597,0.402224,0.431828,745.6199951171875,,,,,,,170.70000000000002,4.877142857142857,173,4.942857142857143,,,,,,,,,,,,,,,,,,,"Carmen Mlodzinski","27572",669387
"Abner Uribe","MIL",1,1,0,3.18182,22,0,2,4,,22,94,17,9,8,2,10,,1,26,10.3042,4.02301,2.56133,0.736257,0.273371,0.10673,0.16664085537195206,0.20953,1.22081,0.280578,0.753527,,,3.36859,0.400151,0.387439,167.27999877929688,,,,,,,139,6.318181818181818,129,5.863636363636363,,,,,,,,,,,,,,,,,,,"Abner Uribe","25327",682842
"Raisel Iglesias","ATL",1,1,0,3.48475,22,0,10,1,,22,90,19,9,9,3,6,,1,24,9.90895,2.37295,4.17579,1.09139,0.26838,0.0642705,0.2041093111038208,0.226351,1.1258,0.286427,0.739848,,,3.36471,0.392717,0.431741,100.62000274658203,,,,,,,157.5,7.159090909090909,152,6.909090909090909,,,,,,,,,,,,,,,,,,,"Raisel Iglesias","17130",628452
"Grant Holmes","ATL",2,3,3,4.48254,11,8,0,0,,47,204,46,25,23,7,20,,2,44,8.36969,3.77674,2.21611,1.26256,0.213326,0.0962615,0.11706498265266418,0.251518,1.39975,0.297123,0.715832,,,4.46123,0.388918,0.479201,369.45001220703125,,,,,,,164.10000000000005,3.4914893617021288,166,3.5319148936170213,,,,,,,,,,,,,,,,,,,"Grant Holmes","16944",656550
"Zac Thornton","NYM",2,2,3,4.34982,7,7,0,0,,36,156,37,19,18,5,12,,2,28,7.06168,2.90613,2.42992,1.12812,0.18285,0.0752495,0.10760092735290527,0.256613,1.32902,0.292539,0.697637,,,4.28106,0.388633,0.303347,999,,,,,,,122.70000000000003,3.408333333333334,129,3.5833333333333335,,,,,,,,,,,,,,,,,,,"Zac Thornton","33891",804267
"Zack Littell","WSN",2,4,4,4.88817,9,9,0,0,,52,224,57,30,28,9,13,,2,37,6.45135,2.29576,2.81012,1.62274,0.16599,0.0590688,0.1069214828312397,0.27262,1.35247,0.293165,0.697925,,,4.89935,0.381111,0.296339,709.4099731445312,,,,,,,154.90000000000003,2.9788461538461544,172,3.3076923076923075,,,,,,,,,,,,,,,,,,,"Zack Littell","15823",641793
"Jeremiah Estrada","SDP",1,1,0,3.36069,21,0,0,5,,21,86,16,8,8,2,9,,1,28,12.1874,4.05137,3.00821,1.04015,0.324,0.107705,0.2162947878241539,0.203028,1.20125,0.285019,0.766968,,,3.34381,0.376737,0.359572,623.5800170898438,,,,,,,135.20000000000002,6.438095238095239,125,5.9523809523809526,,,,,,,,,,,,,,,,,,,"Jeremiah Estrada","22210",669093
"Garrett Cleavinger","TBR",2,1,0,3.42619,22,0,1,5,,22,90,17,9,8,2,9,,2,28,11.5071,3.63146,3.16872,0.996567,0.307791,0.0971342,0.210657000541687,0.207997,1.16884,0.285821,0.745301,,,3.41533,0.370834,0.395564,505.4800109863281,,,,,,,142,6.454545454545454,132,6,,,,,,,,,,,,,,,,,,,"Garrett Cleavinger","17897",664076
"Fernando Cruz","NYY",2,1,0,3.55687,22,0,1,5,,22,93,17,9,9,2,11,,1,29,11.8623,4.66586,2.54235,0.931973,0.307056,0.120776,0.18627959489822388,0.210432,1.30252,0.295305,0.755825,,,3.51895,0.369833,0.358509,999,,,,,,,141,6.409090909090909,131,5.954545454545454,,,,,,,,,,,,,,,,,,,"Fernando Cruz","7048",518585
"Joe Musgrove","SDP",1,1,2,3.94882,4,4,0,0,,24,102,23,12,11,3,7,,2,23,8.48255,2.47167,3.43192,1.228,0.223467,0.0651144,0.15835262089967728,0.246275,1.23009,0.292433,0.727914,,,4.01252,0.369476,0.278901,385.6199951171875,,,,,,,99.90000000000002,4.1625000000000005,100,4.166666666666667,,,,,,,,,,,,,,,,,,,"Joe Musgrove","12970",605397
"Ryan Feltner","COL",2,4,3,5.46405,12,8,0,0,,46,206,51,30,28,7,19,,2,37,7.31289,3.80159,1.92364,1.44048,0.181631,0.0944207,0.0872107446193695,0.274197,1.52339,0.309241,0.669441,,,4.94014,0.368132,0.184047,999,,,,,,,132.70000000000007,2.884782608695654,150,3.260869565217391,,,,,,,,,,,,,,,,,,,"Ryan Feltner","21446",663372
"Gregory Soto","PIT",1,1,0,3.69972,22,0,7,2,,22,92,19,10,9,2,9,,2,25,10.2412,3.85814,2.65443,0.83313,0.266006,0.100212,0.1657942309975624,0.231721,1.3015,0.307646,0.729155,,,3.5706,0.367495,0.300327,728.4099731445312,,,,,,,148.8,6.7636363636363654,144,6.545454545454546,,,,,,,,,,,,,,,,,,,"Gregory Soto","19677",642397
"Robert Gasser","MIL",2,2,2,4.30447,11,5,0,0,,31,131,30,16,15,5,9,,2,29,8.57766,2.67002,3.21258,1.38462,0.225104,0.0700695,0.15503471344709396,0.246958,1.25078,0.290315,0.709799,,,4.31496,0.363924,0.273207,748.5800170898438,,,,,,,114.89999999999998,3.706451612903225,115,3.7096774193548385,,,,,,,,,,,,,,,,,,,"Robert Gasser","29812",688107
"Bryan Baker","TBR",1,1,0,3.66451,22,0,11,1,,22,94,19,10,9,3,8,,1,25,10.0356,3.27399,3.06526,1.04885,0.265986,0.0867743,0.17921193689107895,0.224163,1.21609,0.286227,0.736607,,,3.56458,0.3635,0.272382,999,,,,,,,158.5,7.204545454545454,153,6.954545454545454,,,,,,,,,,,,,,,,,,,"Bryan Baker","19804",641329
"Dean Kremer","BAL",3,3,3,4.55794,13,7,0,0,,46,198,47,25,23,8,15,,1,41,8.046,2.85725,2.81599,1.48932,0.208367,0.0739941,0.1343727633357048,0.255484,1.32557,0.291931,0.712479,,,4.50695,0.361303,0.338229,999,,,,,,,153.8,3.3434782608695657,160,3.4782608695652173,,,,,,,,,,,,,,,,,,,"Dean Kremer","19350",665152
"Slade Cecconi","CLE",2,3,4,4.55621,9,9,0,0,,48,205,50,26,24,8,13,,2,39,7.33811,2.50072,2.93441,1.41131,0.1902,0.0648171,0.12538254261016846,0.262212,1.31957,0.294906,0.703107,,,4.45965,0.360985,0.369633,584.5599975585938,,,,,,,159.80000000000007,3.329166666666668,169,3.5208333333333335,,,,,,,,,,,,,,,,,,,"Slade Cecconi","27500",677944
"Spencer Miles","TOR",2,2,1,3.63352,19,3,0,0,,34,142,31,15,14,4,11,,1,33,8.71005,2.99276,2.91037,0.986415,0.229279,0.07878,0.15049906820058823,0.239614,1.26013,0.292787,0.741536,,,3.64828,0.358275,0.358423,999,,,,,,,151.80000000000004,4.464705882352942,148,4.352941176470588,,,,,,,,,,,,,,,,,,,"Spencer Miles","31621",693686
"Carson Whisenhunt","SFG",2,3,3,4.41194,11,7,0,0,,40,174,40,21,20,5,16,,1,32,7.24016,3.51335,2.06076,1.13024,0.18457,0.0895643,0.0950058251619339,0.256815,1.39993,0.294559,0.708878,,,4.41594,0.357122,0.318037,999,,,,,,,143.5,3.5875,148,3.7,,,,,,,,,,,,,,,,,,,"Carson Whisenhunt","31676",687931
"Braxton Garrett","MIA",1,1,2,3.96883,7,4,0,0,,22,95,22,11,10,2,7,,2,20,7.99274,2.82106,2.83324,1.0088,0.20876,0.0736825,0.13507773727178574,0.250591,1.28318,0.298871,0.712719,,,3.94368,0.354964,0.297228,604.1099853515625,,,,,,,94.00000000000001,4.272727272727273,97,4.409090909090909,,,,,,,,,,,,,,,,,,,"Braxton Garrett","21844",666129
"Dylan Lee","ATL",1,1,0,3.15129,21,0,1,6,,21,87,18,8,7,3,6,,0,25,10.7376,2.42859,4.42133,1.09656,0.292328,0.0661177,0.22621075063943863,0.22058,1.1076,0.28832,0.777828,,,3.15738,0.353867,0.398433,999,,,,,,,132.7,6.319047619047619,127,6.0476190476190474,,,,,,,,,,,,,,,,,,,"Dylan Lee","19996",669276
"Martín Pérez","ATL",2,3,4,4.47379,8,8,0,0,,40,178,42,22,20,5,16,,1,32,7.12413,3.59726,1.98043,1.16079,0.179529,0.0906512,0.0888776034116745,0.263277,1.44615,0.3004,0.717212,,,4.50653,0.346776,0.340174,999,,,,,,,138.3,3.4575000000000005,148,3.7,,,,,,,,,,,,,,,,,,,"Martin Perez","6902",527048
"Emerson Hancock","SEA",2,3,3,4.21297,15,7,0,0,,44,190,44,23,21,6,14,,2,39,7.85529,2.73749,2.86952,1.26268,0.204678,0.0713282,0.13334974646568298,0.250381,1.28328,0.289507,0.714288,,,4.24938,0.346213,0.281418,733.4199829101562,,,,,,,167.4,3.8045454545454547,172,3.909090909090909,,,,,,,,,,,,,,,,,,,"Emerson Hancock","27470",676106
"Gabriel Hughes","COL",2,2,2,4.72896,16,5,0,0,,35,154,38,20,18,4,12,,1,27,6.92828,3.05589,2.26719,1.14976,0.175448,0.0773857,0.09806235879659653,0.272862,1.43389,0.310497,0.690061,,,4.36204,0.343865,0.298152,999,,,,,,,126.00000000000001,3.6000000000000005,138,3.942857142857143,,,,,,,,,,,,,,,,,,,"Gabriel Hughes","31614",687312
"Pete Fairbanks","MIA",1,1,0,3.73551,20,0,9,1,,20,84,17,9,8,2,8,,1,23,10.1557,3.39399,2.99226,1.06399,0.268833,0.0898426,0.17899011820554733,0.223777,1.22151,0.287394,0.730875,,,3.66191,0.340802,0.271089,111.45999908447266,,,,,,,147.2,7.359999999999999,142,7.1,,,,,,,,,,,,,,,,,,,"Pete Fairbanks","17998",664126
"Jeff Hoffman","TOR",2,1,0,3.15364,21,0,1,5,,21,85,16,8,7,2,7,,1,26,11.5515,3.2437,3.56121,0.998752,0.312338,0.0877054,0.22463231533765793,0.206212,1.11993,0.283367,0.767106,,,3.26383,0.336525,0.369038,99.63999938964844,,,,,,,142.20000000000002,6.771428571428572,132,6.285714285714286,,,,,,,,,,,,,,,,,,,"Jeff Hoffman","17432",656546
"Walker Buehler","SDP",2,3,3,4.66737,11,8,0,0,,44,194,45,25,23,6,18,,2,39,7.87792,3.73282,2.11045,1.29288,0.199506,0.0945326,0.10497349500656128,0.256243,1.4192,0.296732,0.704627,,,4.62932,0.334527,0.29238,740.9299926757812,,,,,,,152.8,3.472727272727273,160,3.6363636363636362,,,,,,,,,,,,,,,,,,,"Walker Buehler","19374",621111
"Chris Bassitt","BAL",2,3,3,4.44975,9,6,0,0,,38,164,39,20,19,5,14,,3,32,7.57547,3.22755,2.34713,1.17731,0.193176,0.0823032,0.11087289452552795,0.262061,1.38647,0.304116,0.707749,,,4.43205,0.33448,0.295515,359.3599853515625,,,,,,,131.29999999999998,3.4552631578947364,138,3.6315789473684212,,,,,,,,,,,,,,,,,,,"Chris Bassitt","12304",605135
"Orion Kerkering","PHI",2,1,0,3.68789,21,0,0,4,,21,90,18,9,9,2,9,,1,23,9.94225,3.9002,2.54917,0.903853,0.259747,0.101895,0.15785183012485504,0.227333,1.28648,0.295449,0.734735,,,3.70657,0.332537,0.345361,999,,,,,,,116.00000000000001,5.523809523809525,111,5.285714285714286,,,,,,,,,,,,,,,,,,,"Orion Kerkering","31776",689147
"Connelly Early","WSN",1,1,2,4.08315,4,4,0,0,,22,95,20,11,10,3,8,,2,23,9.11255,3.35485,2.71623,1.12042,0.236787,0.0871747,0.1496122106909752,0.241015,1.29415,0.296691,0.715143,,,4.0623,0.322538,0.291015,266.4800109863281,,,,,,,89.9,4.086363636363637,87,3.9545454545454546,,,,,,,,,,,,,,,,,,,"Connelly Early","33666",813349
"Jake Irvin","WSN",2,3,3,4.60987,10,7,0,0,,40,172,40,22,20,6,14,,2,33,7.49506,3.09963,2.41805,1.38893,0.193495,0.0800213,0.11347400397062302,0.256719,1.34749,0.290649,0.70176,,,4.64011,0.319345,0.327602,999,,,,,,,136.2,3.405,140,3.5,,,,,,,,,,,,,,,,,,,"Jake Irvin","21504",663623
"Tyler Phillips","MIA",2,3,3,4.62984,12,7,0,0,,46,204,49,26,24,6,19,,2,33,6.49537,3.64431,1.78233,1.12338,0.163496,0.0917313,0.07176418602466583,0.267364,1.46729,0.299827,0.703724,,,4.61128,0.31889,0.364403,999,,,,,,,142.20000000000002,3.0913043478260875,155,3.369565217391304,,,,,,,,,,,,,,,,,,,"Tyler Phillips","20629",663969
"Tomoyuki Sugano","COL",2,4,3,5.42662,9,9,0,0,,49,216,60,32,29,9,12,,2,30,5.52684,2.26181,2.44355,1.68314,0.138513,0.056685,0.08182753995060921,0.298017,1.48737,0.313475,0.685177,,,5.17039,0.313926,0.291882,999,,,,,,,113.90000000000003,2.324489795918368,146,2.979591836734694,,,,,,,,,,,,,,,,,,,"Tomoyuki Sugano","35321",608372
"Walbert Ureña","LAA",2,3,4,4.68582,8,8,0,0,,45,199,44,25,23,5,24,,3,36,7.31833,4.76837,1.53477,0.989214,0.181811,0.118462,0.06334926933050156,0.257236,1.52699,0.300416,0.699527,,,4.70027,0.311408,0.366046,999,,,,,,,148.1,3.291111111111111,151,3.3555555555555556,,,,,,,,,,,,,,,,,,,"Walbert Urena","29357",700712
"Andrew Alvarez","WSN",1,1,2,4.03325,9,4,0,0,,25,109,25,12,11,2,11,,1,21,7.35276,3.77059,1.95003,0.882033,0.188385,0.0966062,0.09177874028682709,0.253224,1.4,0.298401,0.720902,,,4.13734,0.311138,0.268123,999,,,,,,,101.4,4.056,105,4.2,,,,,,,,,,,,,,,,,,,"Andrew Alvarez","29914",674841
"Jacob Latz","TEX",1,1,0,3.8228,22,0,9,1,,22,93,19,10,9,2,9,,1,23,9.44762,3.79781,2.48765,1.02232,0.247253,0.0993923,0.14786101132631302,0.225829,1.27986,0.282411,0.73094,,,3.8273,0.30954,0.249069,730.9299926757812,,,,,,,153.8,6.990909090909091,149,6.7727272727272725,,,,,,,,,,,,,,,,,,,"Jacob Latz","21306",656641
"Shane Smith","CHW",1,2,3,4.33085,6,6,0,0,,28,120,25,14,13,4,12,,2,26,8.45909,3.82457,2.21177,1.13588,0.218834,0.0989407,0.11989373713731766,0.238785,1.32954,0.28594,0.702026,,,4.39083,0.309106,0.375344,245.5399932861328,,,,,,,103.00000000000006,3.6785714285714306,98,3.5,,,,,,,,,,,,,,,,,,,"Shane Smith","31687",681343
"Jacob Lopez","ATH",2,3,2,4.63896,14,6,0,0,,38,168,36,21,20,6,17,,2,38,8.9057,4.09553,2.17449,1.36183,0.226693,0.104251,0.1224418580532074,0.243825,1.39502,0.29056,0.7105,,,4.62774,0.306092,0.247133,409.239990234375,,,,,,,132.79999999999998,3.494736842105263,131,3.4473684210526314,,,,,,,,,,,,,,,,,,,"Jacob Lopez","25098",682052
"Jordan Montgomery","TEX",2,2,2,4.15911,13,4,0,0,,33,140,34,16,15,4,10,,1,26,7.03018,2.64154,2.6614,1.185,0.183063,0.0687844,0.11427813768386841,0.259782,1.317,0.294623,0.721529,,,4.24076,0.303318,0.318775,999,,,,,,,125.60000000000005,3.8060606060606075,132,4,,,,,,,,,,,,,,,,,,,"Jordan Montgomery","16511",656756
"Jeffrey Springs","ATH",2,3,3,4.97066,8,8,0,0,,43,188,45,26,24,8,15,,1,37,7.69553,3.11137,2.47335,1.66687,0.195904,0.079206,0.1166984960436821,0.261664,1.39117,0.291102,0.70511,,,4.91499,0.293166,0.192868,722.25,,,,,,,128.79999999999998,2.995348837209302,137,3.186046511627907,,,,,,,,,,,,,,,,,,,"Jeffrey Springs","17677",605488
"Mason Montgomery","PIT",1,1,0,3.59011,21,0,3,3,,21,89,18,9,8,2,9,,1,25,10.6735,3.80581,2.80454,0.967718,0.280129,0.0998844,0.18024508655071259,0.223703,1.26668,0.297063,0.746813,,,3.52023,0.291498,0.342934,748.4400024414062,,,,,,,131,6.238095238095238,126,6,,,,,,,,,,,,,,,,,,,"Mason Montgomery","29770",682254
"José Alvarado","PHI",1,1,0,3.3455,20,0,0,4,,20,84,16,8,7,2,8,,1,24,10.8165,3.52143,3.07163,0.856274,0.287167,0.09349,0.19367684423923492,0.220993,1.21558,0.299693,0.74862,,,3.30822,0.290148,0.287224,746.0700073242188,,,,,,,118.80000000000001,5.94,111,5.55,,,,,,,,,,,,,,,,,,,"Jose Alvarado","17780",621237
"Andrew Painter","PHI",2,2,2,4.96184,6,6,0,0,,32,140,33,19,18,5,12,,1,27,7.52003,3.41431,2.2025,1.49381,0.191504,0.0869483,0.10455568134784698,0.260456,1.40975,0.292569,0.692192,,,4.8176,0.286117,0.163612,999,,,,,,,104.50000000000001,3.2656250000000004,110,3.4375,,,,,,,,,,,,,,,,,,,"Andrew Painter","30091",691725
"Evan Phillips","LAD",1,1,0,3.76805,20,0,0,6,,20,85,18,9,9,3,6,,1,22,9.91304,2.82545,3.50849,1.24274,0.26496,0.0755197,0.18944019824266434,0.228924,1.18479,0.285727,0.737379,,,3.76065,0.278766,0.205572,999,,,,,,,111.3,5.5649999999999995,108,5.4,,,,,,,,,,,,,,,,,,,"Evan Phillips","17734",623465
"Luke Weaver","NYM",1,1,0,3.74811,22,0,2,4,,22,92,20,10,9,3,7,,1,24,9.78993,2.92596,3.34589,1.14387,0.258515,0.0772636,0.18125149607658386,0.233504,1.22287,0.293044,0.73916,,,3.67558,0.278634,0.194191,733.510009765625,,,,,,,123.9,5.631818181818182,121,5.5,,,,,,,,,,,,,,,,,,,"Luke Weaver","16918",596133
"Noah Schultz","CHW",2,3,3,4.6892,7,7,0,0,,34,148,33,19,17,4,16,,3,30,7.98507,4.26306,1.87308,1.19059,0.201069,0.107347,0.09372244030237198,0.2535,1.45122,0.297974,0.700881,,,4.72406,0.278574,0.255338,999,,,,,,,119.60000000000004,3.5176470588235307,121,3.5588235294117645,,,,,,,,,,,,,,,,,,,"Noah Schultz","32056",702273
"Colin Rea","CHC",2,3,2,4.68885,10,6,0,0,,40,173,42,22,21,6,13,,2,31,6.91195,2.90532,2.37906,1.37958,0.177317,0.0745324,0.10278499126434326,0.26288,1.36348,0.292148,0.697119,,,4.68387,0.27395,0.190817,748.260009765625,,,,,,,130,3.25,139,3.475,,,,,,,,,,,,,,,,,,,"Colin Rea","12317",607067
"Alex Vesia","LAD",1,1,0,3.53571,20,0,0,5,,20,84,15,8,8,2,10,,1,26,11.7326,4.44102,2.64187,1.05463,0.308613,0.116816,0.19179651886224747,0.201484,1.23748,0.275908,0.758684,,,3.61992,0.272674,0.27188,743.4199829101562,,,,,,,123.4,6.17,113,5.65,,,,,,,,,,,,,,,,,,,"Alex Vesia","25007",681911
"Max Scherzer","TOR",2,3,3,4.70979,11,7,0,0,,40,173,39,23,21,8,13,,2,38,8.50784,2.85891,2.97591,1.70708,0.220991,0.0742602,0.14673123508691788,0.248964,1.29322,0.282338,0.711962,,,4.76219,0.272044,0.236977,546.9299926757812,,,,,,,127.19999999999999,3.1799999999999997,127,3.175,,,,,,,,,,,,,,,,,,,"Max Scherzer","3137",453286
"Brent Headrick","NYY",1,1,0,3.6068,21,0,0,5,,21,87,18,9,8,2,7,,1,23,9.85544,2.88315,3.41829,1.06199,0.26288,0.0769038,0.18597570061683655,0.225667,1.18003,0.285651,0.735599,,,3.52191,0.271825,0.241533,999,,,,,,,126.00000000000001,6.000000000000001,121,5.761904761904762,,,,,,,,,,,,,,,,,,,"Brent Headrick","27702",687396
"Mason Englert","TBR",1,2,2,4.45653,11,4,0,0,,30,126,30,16,15,5,8,,1,26,7.82841,2.53237,3.09134,1.38238,0.204055,0.0660085,0.13804616779088974,0.255749,1.28953,0.292802,0.702708,,,4.32906,0.270294,0.181264,999,,,,,,,107.5,3.5833333333333335,110,3.6666666666666665,,,,,,,,,,,,,,,,,,,"Mason Englert","22288",669438
"Sean Newcomb","CHW",1,1,0,3.73331,22,0,2,4,,22,93,20,10,9,2,9,,1,21,8.68477,3.56573,2.43562,0.848944,0.225244,0.092479,0.13276489078998566,0.241823,1.32129,0.300328,0.731349,,,3.78192,0.270236,0.255892,999,,,,,,,124.20000000000002,5.645454545454546,122,5.545454545454546,,,,,,,,,,,,,,,,,,,"Sean Newcomb","16943",656794
"Kade Anderson","SEA",1,1,1,3.17994,5,2,0,0,,15,60,12,6,5,2,4,,1,17,10.3072,2.44289,4.21928,1.025,0.280199,0.0664093,0.21378975361585617,0.222853,1.11343,0.289033,0.762737,,,3.22683,0.265584,0.233216,999,,,,,,,74.2,4.946666666666667,68,4.533333333333333,,,,,,,,,,,,,,,,,,,"Kade Anderson","sa3026056",807739
"Luis Severino","ATH",1,2,2,4.58006,4,4,0,0,,24,105,24,13,12,3,9,,1,21,7.85683,3.23075,2.43189,1.24067,0.201958,0.0830458,0.1189122349023819,0.255931,1.35824,0.297696,0.693933,,,4.41031,0.262692,0.251199,642.52001953125,,,,,,,90.30000000000001,3.7625000000000006,93,3.875,,,,,,,,,,,,,,,,,,,"Luis Severino","15890",622663
"Aaron Ashby","MIL",2,1,0,3.53704,23,0,1,5,,23,98,19,10,9,2,11,,1,26,10.2985,4.46463,2.30669,0.765348,0.26597,0.115304,0.15066641569137573,0.225525,1.34266,0.30166,0.745491,,,3.57193,0.26155,0.270409,999,,,,,,,137.20000000000002,5.965217391304349,130,5.6521739130434785,,,,,,,,,,,,,,,,,,,"Aaron Ashby","23550",676879
"Kendry Rojas","MIN",2,2,2,4.32836,16,4,0,0,,32,139,30,17,15,4,15,,2,29,8.34487,4.14566,2.01291,1.01866,0.21159,0.105116,0.10647401958703995,0.24809,1.42129,0.299268,0.713041,,,4.25626,0.253703,0.26982,999,,,,,,,116.60000000000002,3.6437500000000007,115,3.59375,,,,,,,,,,,,,,,,,,,"Kendry Rojas","29423",696070
"Hunter Dobbins","STL",2,2,2,4.42145,17,4,0,0,,36,157,38,19,18,5,12,,2,27,6.72047,2.91375,2.30647,1.15423,0.172895,0.0749607,0.09793389588594437,0.262313,1.3597,0.295253,0.700413,,,4.39246,0.253408,0.169181,999,,,,,,,118.10000000000004,3.280555555555557,127,3.5277777777777777,,,,,,,,,,,,,,,,,,,"Hunter Dobbins","30240",690928
"Ronel Blanco","HOU",2,3,2,4.4631,13,6,0,0,,42,181,39,22,21,7,18,,1,42,8.91922,3.93827,2.26476,1.46671,0.229094,0.101156,0.1279379054903984,0.239626,1.36346,0.281531,0.729994,,,4.63223,0.252734,0.285929,999,,,,,,,150.3,3.5785714285714287,146,3.4761904761904763,,,,,,,,,,,,,,,,,,,"Ronel Blanco","19407",669854
"Ryan Johnson","LAA",2,2,1,4.61097,11,4,0,0,,28,122,29,16,14,4,9,,1,25,7.92115,3.00012,2.64028,1.39916,0.203846,0.0772065,0.12664000689983368,0.259619,1.3594,0.298499,0.70544,,,4.4668,0.250271,0.127477,999,,,,,,,102.60000000000005,3.664285714285716,108,3.857142857142857,,,,,,,,,,,,,,,,,,,"Ryan Johnson","35325",696270
"Griffin Canning","SDP",2,3,2,4.57898,12,6,0,0,,39,171,38,22,20,6,17,,1,37,8.41808,3.81404,2.20713,1.40929,0.214937,0.0973831,0.11755427718162537,0.248934,1.39271,0.290082,0.71737,,,4.65285,0.249621,0.169493,999,,,,,,,136,3.4871794871794872,137,3.5128205128205128,,,,,,,,,,,,,,,,,,,"Griffin Canning","19867",656288
"Tanner Gordon","COL",1,3,1,5.2423,17,4,0,0,,36,157,42,23,21,7,8,,1,28,6.90303,2.08392,3.31252,1.68624,0.176589,0.0533096,0.12327941879630089,0.282708,1.38603,0.309054,0.676702,,,4.79075,0.248139,0.212056,999,,,,,,,100.10000000000004,2.780555555555557,118,3.2777777777777777,,,,,,,,,,,,,,,,,,,"Tanner Gordon","27669",685299
"Keider Montero","DET",2,2,1,4.25462,20,3,0,1,,34,146,34,17,16,5,10,,1,28,7.3106,2.68259,2.7252,1.21154,0.189601,0.0695732,0.12002784758806229,0.256408,1.30888,0.292524,0.711855,,,4.26118,0.24692,0.244164,999,,,,,,,128.70000000000002,3.785294117647059,132,3.8823529411764706,,,,,,,,,,,,,,,,,,,"Keider Montero","22630",672456
"José A. Ferrer","SEA",1,1,0,3.44118,22,0,1,4,,22,90,20,9,8,2,7,,1,20,8.36151,2.80469,2.98126,0.713853,0.222136,0.0745109,0.14762524515390396,0.239423,1.22393,0.297278,0.722789,,,3.39868,0.246377,0.288363,999,,,,,,,123.20000000000002,5.6000000000000005,121,5.5,,,,,,,,,,,,,,,,,,,"Jose A. Ferrer","24017",678606
"Robert Suarez","ATL",1,1,0,3.42402,14,0,1,3,,14,58,12,6,5,1,4,,0,14,9.0563,2.6674,3.39518,0.900579,0.243385,0.0716855,0.17169976234436035,0.231325,1.17719,0.289019,0.736883,,,3.3782,0.24506,0.216416,214.39999389648438,,,,,,,93.10000000000002,6.650000000000001,90,6.428571428571429,,,,,,,,,,,,,,,,,,,"Robert Suarez","30115",663158
"Hayden Wesneski","HOU",2,2,2,4.30233,16,4,0,0,,35,149,33,18,17,5,12,,2,32,8.36976,3.00251,2.78759,1.32199,0.218771,0.0784802,0.14029037207365036,0.246301,1.28739,0.288634,0.712353,,,4.29483,0.244938,0.248004,999,,,,,,,133.7,3.82,132,3.7714285714285714,,,,,,,,,,,,,,,,,,,"Hayden Wesneski","27581",669713
"Randy Dobnak","KCR",2,3,3,4.93792,12,7,0,0,,46,207,53,27,25,5,18,,3,29,5.58217,3.47818,1.60491,1.02437,0.138558,0.0863341,0.05222417414188385,0.283109,1.52817,0.311605,0.681325,,,4.67979,0.243794,0.211322,999,,,,,,,136.10000000000002,2.9586956521739136,160,3.4782608695652173,,,,,,,,,,,,,,,,,,,"Randy Dobnak","23798",677976
"Steven Okert","HOU",1,1,0,3.66283,20,0,1,4,,20,84,17,9,8,3,7,,1,23,10.0716,3.05182,3.3002,1.24039,0.26973,0.0817315,0.18799881637096405,0.219551,1.16393,0.274802,0.748523,,,3.83901,0.242293,0.233182,999,,,,,,,109.89999999999999,5.494999999999999,104,5.2,,,,,,,,,,,,,,,,,,,"Steven Okert","13580",595345
"Joe Boyle","TBR",1,1,1,4.16888,9,3,0,0,,23,99,19,11,11,2,13,,1,25,9.94431,5.10317,1.94865,0.963661,0.252732,0.129696,0.12303632497787476,0.224864,1.41011,0.290075,0.720486,,,4.15964,0.240713,0.279789,713.1400146484375,,,,,,,104.20000000000002,4.530434782608697,97,4.217391304347826,,,,,,,,,,,,,,,,,,,"Joe Boyle","29608",671212
"Chad Patrick","MIL",2,2,1,4.23864,22,2,0,4,,32,134,29,16,15,5,11,,1,30,8.59965,3.04018,2.82866,1.31196,0.225135,0.0795904,0.1455441564321518,0.241393,1.27187,0.284767,0.715511,,,4.21777,0.239859,0.197736,288.6499938964844,,,,,,,139.9,4.371875,135,4.21875,,,,,,,,,,,,,,,,,,,"Chad Patrick","30113",694477
"Rhett Lowder","CIN",1,2,1,4.66463,9,4,0,0,,25,107,25,14,13,3,9,,1,20,7.4026,3.35097,2.20909,1.21332,0.189714,0.0858788,0.10383547842502594,0.258435,1.38443,0.296486,0.689142,,,4.475,0.239246,0.144423,552.219970703125,,,,,,,93.1,3.7239999999999998,96,3.84,,,,,,,,,,,,,,,,,,,"Rhett Lowder","33876",695076
"Cristian Javier","HOU",2,3,2,4.6276,16,6,0,0,,40,172,36,22,20,6,18,,2,38,8.71659,4.19044,2.08011,1.41154,0.222878,0.107147,0.115730881690979,0.235431,1.36899,0.275295,0.711991,,,4.73653,0.236288,0.210633,470.2799987792969,,,,,,,144.6,3.6149999999999998,138,3.45,,,,,,,,,,,,,,,,,,,"Cristian Javier","17606",664299
"Luinder Avila","KCR",2,3,3,4.73812,10,7,0,0,,38,171,39,22,20,4,19,,2,32,7.50446,4.51189,1.66326,1.05199,0.187123,0.112504,0.07461944967508316,0.257412,1.50563,0.300734,0.697519,,,4.62497,0.235224,0.25313,999,,,,,,,131.6,3.4631578947368418,139,3.6578947368421053,,,,,,,,,,,,,,,,,,,"Luinder Avila","24452",679883
"Logan Allen","CLE",2,2,2,4.23246,13,4,0,0,,29,127,29,15,14,4,11,,1,26,7.93812,3.39878,2.33558,1.17769,0.202809,0.0868345,0.1159740462899208,0.254823,1.37997,0.298392,0.727061,,,4.29355,0.234705,0.236134,999,,,,,,,106.00000000000003,3.6551724137931045,109,3.7586206896551726,,,,,,,,,,,,,,,,,,,"Logan Allen","27589",671106
"Juan Morillo","ARI",1,1,0,3.6855,21,0,3,4,,21,89,19,9,8,2,10,,1,21,9.27476,4.335,2.13951,0.762351,0.237421,0.11097,0.126450777053833,0.239002,1.39315,0.306388,0.74271,,,3.7303,0.233167,0.354297,999,,,,,,,121.4,5.780952380952381,119,5.666666666666667,,,,,,,,,,,,,,,,,,,"Juan Morillo","21924",666661
"JP Sears","SDP",2,3,3,4.73326,13,7,0,0,,43,185,43,24,23,8,13,,2,37,7.65247,2.79424,2.73866,1.62469,0.198795,0.0725885,0.12620659172534943,0.253934,1.30436,0.282109,0.702768,,,4.84552,0.23279,0.167978,999,,,,,,,137,3.186046511627907,140,3.255813953488372,,,,,,,,,,,,,,,,,,,"JP Sears","23429",676664
"Peyton Gray","TEX",1,1,0,3.93689,21,0,1,5,,21,87,19,10,9,3,7,,1,21,9.1808,3.08127,2.97955,1.11692,0.241607,0.0810886,0.1605186089873314,0.236336,1.24883,0.2907,0.720978,,,3.84268,0.230575,0.129297,999,,,,,,,112.1,5.338095238095238,109,5.190476190476191,,,,,,,,,,,,,,,,,,,"Peyton Gray","25310",682608
"Justin Slaten","BOS",2,1,0,3.80845,22,0,0,6,,22,91,20,10,9,3,7,,1,22,9.31388,2.89707,3.21493,1.07264,0.246451,0.0766583,0.1697927862405777,0.237696,1.2374,0.295206,0.727444,,,3.63196,0.22884,0.261013,999,,,,,,,117.9,5.359090909090909,115,5.2272727272727275,,,,,,,,,,,,,,,,,,,"Justin Slaten","25648",686580
"Daniel Palencia","CHC",1,1,0,3.67738,17,0,8,2,,17,70,14,7,7,2,7,,1,19,10.1606,3.72892,2.72482,0.993108,0.26755,0.0981902,0.16936028003692627,0.222467,1.24947,0.288223,0.736604,,,3.68308,0.226695,0.302196,91.05999755859375,,,,,,,126.80000000000001,7.458823529411766,121,7.117647058823529,,,,,,,,,,,,,,,,,,,"Daniel Palencia","27914",694037
"Emilio Pagán","CIN",1,1,0,4.3011,22,0,9,1,,22,93,19,11,11,4,8,,1,24,9.63941,3.18509,3.02641,1.50851,0.25434,0.0840402,0.1703001707792282,0.230537,1.23486,0.276205,0.721892,,,4.31584,0.218563,0.19745,111.94000244140625,,,,,,,134.20000000000002,6.1000000000000005,128,5.818181818181818,,,,,,,,,,,,,,,,,,,"Emilio Pagan","14771",641941
"Jakob Junis","TEX",1,1,0,3.96643,21,0,1,4,,21,89,21,10,9,2,5,,1,18,7.69103,2.23759,3.4372,1.03622,0.204559,0.0595133,0.14504552632570267,0.248163,1.21004,0.291374,0.699578,,,3.80759,0.217776,0.154766,999,,,,,,,115.20000000000002,5.485714285714287,118,5.619047619047619,,,,,,,,,,,,,,,,,,,"Jakob Junis","13619",596001
"Yennier Cano","BAL",1,1,0,3.48788,20,0,1,5,,20,86,19,9,8,2,7,,1,18,8.15329,2.9441,2.76937,0.777678,0.214529,0.077465,0.13706392794847488,0.246286,1.2777,0.301386,0.738265,,,3.51075,0.217205,0.183938,999,,,,,,,111,5.55,111,5.55,,,,,,,,,,,,,,,,,,,"Yennier Cano","25911",666974
"Bryan Abreu","HOU",1,1,0,3.49754,20,0,0,5,,20,85,15,8,8,2,10,,1,26,11.8243,4.56514,2.59012,0.988311,0.309016,0.119306,0.18971046805381775,0.207396,1.27173,0.289359,0.760537,,,3.60601,0.216479,0.321131,181.6999969482422,,,,,,,123.4,6.17,113,5.65,,,,,,,,,,,,,,,,,,,"Bryan Abreu","16609",650556
"Erik Miller","SFG",1,1,0,3.39116,21,0,7,3,,21,93,17,9,8,2,13,,1,25,10.6248,5.28423,2.01066,0.697337,0.271715,0.135137,0.1365780085325241,0.215012,1.3867,0.293447,0.762313,,,3.63405,0.213763,0.293083,999,,,,,,,141.60000000000002,6.742857142857144,134,6.380952380952381,,,,,,,,,,,,,,,,,,,"Erik Miller","26252",669062
"Jonathan Bowlan","PHI",1,1,0,3.86912,21,0,0,5,,21,87,19,10,9,3,7,,1,21,9.21377,2.89647,3.18103,1.14794,0.242857,0.0763453,0.16651137918233871,0.240666,1.24889,0.296032,0.729655,,,3.8105,0.213625,0.170838,999,,,,,,,107.1,5.1,104,4.9523809523809526,,,,,,,,,,,,,,,,,,,"Jonathan Bowlan","24607",680742
"Tyler Rogers","TOR",1,1,0,3.75078,24,0,0,5,,24,100,24,11,10,2,6,,1,15,5.91998,2.31012,2.56263,0.803172,0.155017,0.0604914,0.09452551230788231,0.260618,1.28614,0.293538,0.715577,,,3.83386,0.213187,0.226669,743.280029296875,,,,,,,119.60000000000002,4.983333333333334,123,5.125,,,,,,,,,,,,,,,,,,,"Tyler Rogers","15541",643511
"Zac Gallen","ARI",1,2,2,4.45572,4,4,0,0,,24,103,24,13,12,3,8,,1,20,7.47438,2.92293,2.55715,1.25356,0.192434,0.0752534,0.11718082427978516,0.25882,1.3482,0.296251,0.70495,,,4.34383,0.212622,0.228897,222.69000244140625,,,,,,,91.30000000000001,3.804166666666667,94,3.9166666666666665,,,,,,,,,,,,,,,,,,,"Zac Gallen","19291",668678
"Brooks Raley","NYM",1,1,0,3.79486,20,0,1,5,,20,86,18,9,9,2,8,,2,20,8.90627,3.41469,2.60822,0.841506,0.233572,0.0895522,0.14401965588331223,0.230399,1.25019,0.28827,0.70906,,,3.71801,0.211567,0.159039,999,,,,,,,111.60000000000001,5.58,109,5.45,,,,,,,,,,,,,,,,,,,"Brooks Raley","10061",548384
"Andrew Morris","MIN",1,1,0,3.83027,21,0,1,4,,21,89,21,10,9,2,6,,1,19,7.95239,2.5419,3.12853,0.98962,0.208757,0.066727,0.14203036576509476,0.250441,1.26269,0.29799,0.721843,,,3.72763,0.209441,0.176661,999,,,,,,,114.20000000000002,5.438095238095239,117,5.571428571428571,,,,,,,,,,,,,,,,,,,"Andrew Morris","31891",702193
"Jonathan Loáisiga","ARI",1,1,0,3.54623,20,0,2,4,,20,84,20,9,8,2,6,,1,17,7.4908,2.61892,2.86026,0.784635,0.196574,0.0687257,0.1278477907180786,0.254518,1.28411,0.303754,0.735268,,,3.57487,0.194241,0.213772,999,,,,,,,110.4,5.5200000000000005,113,5.65,,,,,,,,,,,,,,,,,,,"Jonathan Loaisiga","19753",642528
"Adrian Houser","SFG",2,2,2,4.44042,13,4,0,0,,32,141,34,17,16,4,11,,2,23,6.36995,3.06569,2.07782,1.08048,0.162474,0.0781947,0.08427976071834564,0.266887,1.39959,0.299015,0.701046,,,4.41999,0.194231,0.158268,743.219970703125,,,,,,,106.20000000000002,3.3187500000000005,115,3.59375,,,,,,,,,,,,,,,,,,,"Adrian Houser","12718",605288
"Kevin Kelly","TBR",1,1,0,3.70151,21,0,1,6,,21,87,20,9,9,2,5,,2,18,7.88137,2.11665,3.72351,0.969574,0.211005,0.0566683,0.1543370597064495,0.246771,1.18246,0.294035,0.711532,,,3.69317,0.190866,0.27084,999,,,,,,,122.80000000000001,5.847619047619048,123,5.857142857142857,,,,,,,,,,,,,,,,,,,"Kevin Kelly","25679",687330
"Michael Petersen","MIA",1,1,0,3.99325,21,0,1,4,,21,89,19,10,9,3,8,,1,21,9.35748,3.65951,2.55703,1.17211,0.241688,0.0945191,0.1471688523888588,0.238254,1.32262,0.293779,0.740118,,,4.0951,0.190364,0.186912,999,,,,,,,105.1,5.004761904761905,102,4.857142857142857,,,,,,,,,,,,,,,,,,,"Michael Petersen","20827",656848
"Riley O'Brien","STL",1,1,0,3.65418,22,0,9,2,,22,93,19,10,9,2,10,,2,23,9.4442,4.08208,2.31358,0.744174,0.243677,0.105325,0.13835196197032928,0.235152,1.33248,0.305583,0.730586,,,3.79206,0.188745,0.231793,264.0400085449219,,,,,,,151.8,6.9,147,6.681818181818182,,,,,,,,,,,,,,,,,,,"Riley O'Brien","20348",676617
"Justin Verlander","DET",1,1,2,4.6262,4,4,0,0,,20,86,20,11,10,3,7,,1,16,7.42569,3.00562,2.47061,1.40054,0.190635,0.0771613,0.11347389221191406,0.255684,1.34511,0.287671,0.702415,,,4.6026,0.188454,0.154509,658.8499755859375,,,,,,,67.1,3.3549999999999995,69,3.45,,,,,,,,,,,,,,,,,,,"Justin Verlander","8700",434378
"Kirby Yates","LAA",1,1,0,3.73401,20,0,2,4,,20,85,16,9,8,2,9,,1,24,10.9602,4.09136,2.67885,1.01768,0.287339,0.107262,0.1800771728157997,0.2161,1.25663,0.289413,0.736276,,,3.72444,0.187143,0.214037,269.42999267578125,,,,,,,125.80000000000001,6.290000000000001,118,5.9,,,,,,,,,,,,,,,,,,,"Kirby Yates","9073",489446
"Mitch Bratt","ARI",1,1,1,4.31763,8,3,0,0,,19,83,20,10,9,3,6,,1,16,7.6142,2.6792,2.84197,1.26756,0.197263,0.0694106,0.1278523951768875,0.260466,1.32617,0.299701,0.715775,,,4.2692,0.186529,0.194514,999,,,,,,,62.69999999999999,3.2999999999999994,67,3.526315789473684,,,,,,,,,,,,,,,,,,,"Mitch Bratt","30003",683352
"Jordan Romano","COL",1,1,0,4.82589,20,0,3,3,,20,86,20,11,11,3,8,,1,21,9.51079,3.82248,2.48812,1.23789,0.240103,0.0964995,0.14360304176807404,0.256035,1.42733,0.317851,0.68867,,,4.24032,0.184764,0.125408,688.9600219726562,,,,,,,101.1,5.055,103,5.15,,,,,,,,,,,,,,,,,,,"Jordan Romano","16122",605447
"Drew Anderson","DET",1,1,0,3.80399,21,0,0,4,,21,90,19,10,9,3,8,,1,25,10.3757,3.23607,3.20628,1.09565,0.27324,0.0852201,0.18801947683095932,0.230706,1.23799,0.298736,0.729169,,,3.62156,0.183306,0.108493,999,,,,,,,108.1,5.147619047619047,105,5,,,,,,,,,,,,,,,,,,,"Drew Anderson","15130",623454
"Kevin Ginkel","ARI",1,1,0,3.83095,20,0,1,4,,20,83,18,9,8,2,7,,1,20,9.09155,3.14824,2.88782,0.910583,0.237951,0.0823982,0.15555275976657867,0.242329,1.28606,0.30342,0.720699,,,3.54984,0.180532,0.174873,556.52001953125,,,,,,,113.60000000000001,5.680000000000001,111,5.55,,,,,,,,,,,,,,,,,,,"Kevin Ginkel","19876",656464
"Brock Stewart","LAD",1,1,0,3.88748,19,0,0,4,,19,82,17,9,8,2,8,,1,22,10.4156,3.65497,2.84972,1.11948,0.273302,0.0959049,0.177397221326828,0.226082,1.26096,0.292247,0.729716,,,3.7722,0.179613,0.0872706,999,,,,,,,104.8,5.515789473684211,102,5.368421052631579,,,,,,,,,,,,,,,,,,,"Brock Stewart","16727",592779
"AJ Smith-Shawver","ATL",1,1,1,4.13067,9,3,0,0,,19,81,17,9,9,2,8,,1,20,9.53238,3.65133,2.61066,1.17787,0.246244,0.0943225,0.1519211307168007,0.240151,1.3339,0.298061,0.729492,,,4.0013,0.17911,0.229218,999,,,,,,,84.8,4.463157894736842,82,4.315789473684211,,,,,,,,,,,,,,,,,,,"AJ Smith-Shawver","29960",700363
"Ryan Gusto","MIA",1,1,1,4.39421,12,3,0,0,,23,98,23,12,11,3,8,,1,19,7.63144,3.17745,2.40175,1.19717,0.195627,0.081452,0.11417509615421295,0.257587,1.36791,0.298029,0.710878,,,4.32688,0.175134,0.11676,999,,,,,,,84.50000000000001,3.6739130434782616,87,3.782608695652174,,,,,,,,,,,,,,,,,,,"Ryan Gusto","26440",687473
"Miles Mikolas","WSN",2,3,3,5.25335,7,7,0,0,,39,171,45,25,23,7,9,,1,24,5.5491,2.15454,2.57553,1.66908,0.1415,0.0549399,0.08655963093042374,0.283862,1.40039,0.2967,0.675252,,,5.08961,0.174899,-0.0109461,999,,,,,,,103.50000000000003,2.6538461538461546,122,3.128205128205128,,,,,,,,,,,,,,,,,,,"Miles Mikolas","9803",571945
"Bradgley Rodriguez","SDP",1,1,0,3.76894,20,0,0,4,,20,85,17,9,8,2,8,,1,19,8.71902,3.80611,2.29079,0.814717,0.227822,0.0994511,0.12837086617946625,0.230997,1.2958,0.287687,0.718673,,,3.76951,0.174026,0.135265,999,,,,,,,106.2,5.3100000000000005,101,5.05,,,,,,,,,,,,,,,,,,,"Bradgley Rodriguez","29107",699134
"Colin Holderman","CLE",1,1,0,3.7325,20,0,0,6,,20,85,18,9,8,2,8,,1,20,9.08129,3.69758,2.45601,0.81029,0.235059,0.0957076,0.1393510028719902,0.238643,1.32059,0.302131,0.727685,,,3.70359,0.173569,0.172991,999,,,,,,,113.60000000000001,5.680000000000001,111,5.55,,,,,,,,,,,,,,,,,,,"Colin Holderman","22361",670059
"Sam Hentges","SFG",1,1,0,3.45729,19,0,0,4,,19,82,17,8,7,1,9,,1,19,9.07497,3.98508,2.27724,0.608977,0.236314,0.103772,0.13254152983427048,0.230278,1.31037,0.297196,0.732514,,,3.47081,0.173258,0.147001,999,,,,,,,108.09999999999998,5.689473684210525,106,5.578947368421052,,,,,,,,,,,,,,,,,,,"Sam Hentges","18548",656529
"Jameson Taillon","CHC",1,2,2,4.96531,5,5,0,0,,29,126,31,17,16,6,8,,1,24,7.3195,2.50193,2.92554,1.76221,0.189387,0.0647358,0.124651238322258,0.26281,1.32635,0.286097,0.696519,,,4.94421,0.168549,0.13772,504.4700012207031,,,,,,,81.20000000000002,2.8000000000000007,88,3.0344827586206895,,,,,,,,,,,,,,,,,,,"Jameson Taillon","11674",592791
"Keaton Winn","SFG",1,1,0,3.93151,21,1,1,4,,23,97,22,11,10,2,8,,1,20,7.85019,3.10163,2.53099,0.875458,0.20392,0.0805691,0.12335075438022614,0.251474,1.31832,0.301961,0.71214,,,3.84606,0.164289,0.12135,999,,,,,,,122.40000000000002,5.321739130434784,123,5.3478260869565215,,,,,,,,,,,,,,,,,,,"Keaton Winn","23499",676775
"Garrett Crochet","BOS",0,0,1,3.11194,1,1,0,0,,6,26,5,2,2,1,2,,0,8,11.022,2.50747,4.39567,0.944676,0.300013,0.0682519,0.2317606434226036,0.223265,1.11967,0.301991,0.764052,,,2.96974,0.162651,0.199952,12.239999771118164,,,,,,,29.10000000000001,4.850000000000001,27,4.5,,,,,,,,,,,,,,,,,,,"Garrett Crochet","27463",676979
"Didier Fuentes","ATL",1,1,0,3.7467,20,0,0,4,,20,84,18,9,8,2,7,,1,21,9.66079,2.95282,3.27171,1.06755,0.256416,0.0783735,0.17804206162691116,0.23407,1.21728,0.295603,0.729781,,,3.66723,0.160675,0.133305,600.4400024414062,,,,,,,110.60000000000001,5.53,108,5.4,,,,,,,,,,,,,,,,,,,"Didier Fuentes","30661",800311
"Tyler Wells","BAL",1,1,0,4.09457,21,0,3,3,,21,87,19,10,10,3,5,,1,20,8.59807,2.31067,3.72104,1.40624,0.229982,0.0618058,0.1681758612394333,0.23748,1.17435,0.276622,0.716952,,,4.1004,0.159927,0.148943,748.469970703125,,,,,,,118.1,5.623809523809523,115,5.476190476190476,,,,,,,,,,,,,,,,,,,"Tyler Wells","20000",669330
"Michael Grove","TBR",1,1,0,4.07019,13,1,0,0,,18,76,17,9,8,2,6,,1,18,9.0997,2.89909,3.13881,1.07462,0.238861,0.0760992,0.1627616509795189,0.243633,1.26314,0.300742,0.705222,,,3.75117,0.158025,0.0844947,999,,,,,,,79.40000000000002,4.411111111111112,79,4.388888888888889,,,,,,,,,,,,,,,,,,,"Michael Grove","23221",675627
"Ryne Nelson","ARI",1,1,1,4.481,3,3,0,0,,18,76,18,10,9,3,5,,1,14,7.27851,2.53988,2.86569,1.38367,0.189458,0.0661126,0.12334545701742172,0.261066,1.31284,0.293734,0.707386,,,4.45337,0.155983,0.147344,251.42999267578125,,,,,,,59.500000000000014,3.3055555555555562,61,3.388888888888889,,,,,,,,,,,,,,,,,,,"Ryne Nelson","26253",669194
"Corbin Burnes","ARI",1,1,1,3.94715,2,2,0,0,,9,39,9,4,4,1,3,,0,9,8.88455,2.96239,2.99912,0.951,0.232084,0.0773841,0.1546999216079712,0.24947,1.29813,0.309286,0.714243,,,3.61714,0.154321,0.175108,738.0999755859375,,,,,,,39.90000000000001,4.4333333333333345,41,4.555555555555555,,,,,,,,,,,,,,,,,,,"Corbin Burnes","19361",669203
"Spencer Arrighetti","HOU",1,2,2,4.64069,7,4,0,0,,24,107,22,14,13,4,12,,2,25,9.29818,4.51119,2.06114,1.31914,0.235102,0.114064,0.12103773653507233,0.239307,1.41218,0.290982,0.710104,,,4.71241,0.154196,0.199663,728.3099975585938,,,,,,,79.20000000000003,3.300000000000001,76,3.1666666666666665,,,,,,,,,,,,,,,,,,,"Spencer Arrighetti","29921",681293
"Bryan Hudson","CHW",1,1,0,4.06429,21,0,1,4,,21,91,20,10,10,2,9,,1,20,8.63132,3.75165,2.30067,0.95075,0.222727,0.0968096,0.1259177178144455,0.243057,1.34932,0.298306,0.714601,,,3.97334,0.150209,0.147759,999,,,,,,,109.80000000000001,5.2285714285714295,110,5.238095238095238,,,,,,,,,,,,,,,,,,,"Bryan Hudson","19924",663542
"Juan Mejia","COL",1,1,0,4.57324,21,0,2,3,,21,91,20,11,10,2,10,,2,21,9.03609,4.42714,2.04107,1.06511,0.227391,0.111408,0.11598317325115204,0.24892,1.44912,0.308055,0.701481,,,4.34977,0.149568,0.224048,748.510009765625,,,,,,,106.80000000000001,5.085714285714286,107,5.095238095238095,,,,,,,,,,,,,,,,,,,"Juan Mejia","23237",675848
"Jacob Webb","CHC",1,1,0,4.01952,21,0,2,4,,21,89,18,10,9,3,8,,1,21,9.17163,3.50337,2.61794,1.19295,0.241063,0.0920811,0.14898188412189484,0.228897,1.25952,0.278345,0.723589,,,4.07113,0.147736,0.149475,999,,,,,,,112.7,5.366666666666667,107,5.095238095238095,,,,,,,,,,,,,,,,,,,"Jacob Webb","19274",657097
"Mike Burrows","HOU",1,1,2,4.55052,9,4,0,0,,25,106,24,13,13,4,9,,1,23,8.31713,3.16678,2.62636,1.48507,0.214728,0.0817587,0.13296937942504883,0.249235,1.32681,0.286945,0.713264,,,4.58242,0.147391,0.195671,237.9499969482422,,,,,,,89.4,3.576,89,3.56,,,,,,,,,,,,,,,,,,,"Mike Burrows","24728",681347
"Lance McCullers Jr.",,1,1,1,4.39464,3,3,0,0,,14,60,13,7,7,2,7,,1,13,8.85726,4.65707,1.9019,1.13788,0.223845,0.117696,0.10614931583404541,0.24008,1.43498,0.291791,0.719985,,,4.50937,0.146894,0.185077,999,,,,,,,47.20000000000003,3.3714285714285737,46,3.2857142857142856,,,,,,,,,,,,,,,,,,,"Lance McCullers Jr.","14120",621121
"Andrew Kittredge","BAL",1,1,0,3.90374,21,0,4,3,,21,87,20,10,9,3,6,,0,20,8.53207,2.49262,3.42293,1.22708,0.225054,0.065749,0.15930502861738205,0.249884,1.25479,0.297473,0.737568,,,3.88379,0.141564,0.160938,745.8499755859375,,,,,,,120.5,5.738095238095238,120,5.714285714285714,,,,,,,,,,,,,,,,,,,"Andrew Kittredge","12828",552640
"Tyler Holton","DET",1,1,0,3.71891,20,0,1,5,,20,84,19,9,8,2,5,,1,17,7.40616,2.31578,3.19813,1.03571,0.198135,0.0619532,0.1361813247203827,0.241578,1.1894,0.279763,0.719104,,,3.84466,0.139786,0.191592,999,,,,,,,115,5.75,115,5.75,,,,,,,,,,,,,,,,,,,"Tyler Holton","26231",663947
"Owen Murphy","ATL",1,1,1,4.39126,9,2,0,0,,19,80,18,10,9,3,7,,1,18,8.57634,3.48569,2.46044,1.371,0.221638,0.0900806,0.13155736774206161,0.243679,1.32983,0.286029,0.72462,,,4.47892,0.139641,0.180312,999,,,,,,,68.89999999999999,3.6263157894736837,68,3.5789473684210527,,,,,,,,,,,,,,,,,,,"Owen Murphy","31761",702566
"Gabe Speier","SEA",1,1,0,3.57404,20,0,0,4,,20,83,17,9,8,2,7,,1,22,9.89915,2.96396,3.33984,1.03595,0.264224,0.0791128,0.18511159718036652,0.227296,1.18671,0.290282,0.736808,,,3.57833,0.139319,0.0921043,999,,,,,,,115.2,5.76,110,5.5,,,,,,,,,,,,,,,,,,,"Gabe Speier","17170",642100
"Erick Fedde","CHW",2,3,3,5.31335,7,7,0,0,,38,168,41,24,22,6,15,,1,27,6.51756,3.59827,1.81131,1.52844,0.162375,0.0896455,0.07272984832525253,0.273327,1.50143,0.297089,0.684105,,,5.15752,0.13851,0.0249974,999,,,,,,,106.79999999999998,2.810526315789473,118,3.1052631578947367,,,,,,,,,,,,,,,,,,,"Erick Fedde","17425",607200
"Jose Quintana","COL",1,1,1,5.25067,3,3,0,0,,17,76,19,10,10,2,7,,1,11,5.80467,3.75369,1.54639,1.27803,0.142276,0.0920051,0.0502709224820137,0.285126,1.57913,0.310176,0.689244,,,5.03863,0.138262,0.196875,999,,,,,,,49.80000000000002,2.9294117647058835,57,3.3529411764705883,,,,,,,,,,,,,,,,,,,"Jose Quintana","11423",500779
"Brandyn Garcia","ARI",1,1,0,3.81754,20,0,3,4,,20,87,19,9,9,2,9,,2,20,8.7192,3.85713,2.26054,0.712582,0.22484,0.0994629,0.12537699192762375,0.244365,1.35049,0.309293,0.715239,,,3.80978,0.137869,0.252768,999,,,,,,,112,5.6,112,5.6,,,,,,,,,,,,,,,,,,,"Brandyn Garcia","33568",805299
"Caleb Ferguson","CIN",1,1,0,4.46808,21,0,1,5,,21,93,21,12,11,2,9,,1,20,8.44885,3.85464,2.19186,1.02038,0.216366,0.0987134,0.11765274405479431,0.249772,1.38774,0.303344,0.690193,,,4.19858,0.137809,-0.0271657,999,,,,,,,111.20000000000002,5.295238095238096,114,5.428571428571429,,,,,,,,,,,,,,,,,,,"Caleb Ferguson","19349",657571
"Tyron Guerrero","BOS",1,1,0,3.88708,21,0,0,5,,21,90,20,10,9,2,8,,1,20,8.56508,3.27541,2.61496,0.951,0.223073,0.0853064,0.13776682317256927,0.248078,1.31973,0.304111,0.725267,,,3.82021,0.137745,0.161965,999,,,,,,,111.80000000000001,5.323809523809524,112,5.333333333333333,,,,,,,,,,,,,,,,,,,"Tyron Guerrero","11691",594027
"Cody Bradford","TEX",1,1,1,4.06419,16,2,0,0,,24,100,23,11,11,4,6,,1,22,8.23936,2.30582,3.57328,1.371,0.217516,0.0608727,0.15664281323552132,0.247089,1.22421,0.286219,0.733443,,,4.13268,0.136954,0.18338,999,,,,,,,91.60000000000004,3.816666666666668,91,3.7916666666666665,,,,,,,,,,,,,,,,,,,"Cody Bradford","27597",674003
"Chad Dallas","TOR",1,1,1,4.292,18,2,0,1,,25,109,25,13,12,4,8,,1,22,7.69172,2.94687,2.61013,1.256,0.198553,0.0760702,0.12248310446739197,0.254091,1.32584,0.29261,0.718086,,,4.3396,0.135837,0.0645786,999,,,,,,,91.80000000000001,3.6720000000000006,94,3.76,,,,,,,,,,,,,,,,,,,"Chad Dallas","30158",689149
"JoJo Romero","STL",1,1,0,3.66581,18,0,2,4,,18,78,17,8,7,2,7,,1,18,8.8637,3.5998,2.46228,0.906713,0.230491,0.0936087,0.13688205927610397,0.237206,1.30508,0.294628,0.739588,,,3.82127,0.135103,0.202149,479.0799865722656,,,,,,,102.40000000000002,5.68888888888889,102,5.666666666666667,,,,,,,,,,,,,,,,,,,"JoJo Romero","19574",668941
"Caleb Thielbar","CHC",1,1,0,4.03078,20,0,1,4,,20,86,18,10,9,3,7,,0,23,10.0275,3.28069,3.05651,1.30019,0.2648,0.0866348,0.17816509306430817,0.22822,1.23836,0.28377,0.727973,,,3.89542,0.135072,0.0470191,999,,,,,,,110.3,5.515,107,5.35,,,,,,,,,,,,,,,,,,,"Caleb Thielbar","10078",573204
"Calvin Faucher","MIA",1,1,0,3.87775,20,0,1,5,,20,89,19,10,9,2,10,,1,20,9.07087,4.62766,1.96014,0.762181,0.228498,0.116572,0.11192583292722702,0.240322,1.43906,0.304867,0.734801,,,3.88209,0.13398,0.0914762,999,,,,,,,106,5.3,106,5.3,,,,,,,,,,,,,,,,,,,"Calvin Faucher","20116",676534
"Brian Keller","PHI",1,1,1,4.34624,8,2,0,0,,18,77,18,9,9,3,6,,1,16,7.9024,2.90898,2.71655,1.376,0.205726,0.0757304,0.1299951821565628,0.251342,1.30434,0.288322,0.721553,,,4.43472,0.130246,0.174957,999,,,,,,,60.500000000000014,3.361111111111112,62,3.4444444444444446,,,,,,,,,,,,,,,,,,,"Brian Keller","19593",662144
"Javier Assad","CHC",2,2,1,4.46831,15,4,0,0,,32,139,33,17,16,5,12,,1,25,6.96566,3.22848,2.15756,1.2877,0.178701,0.0828252,0.0958753228187561,0.258221,1.37441,0.289291,0.713125,,,4.61471,0.130001,0.192579,999,,,,,,,100.50000000000001,3.1406250000000004,106,3.3125,,,,,,,,,,,,,,,,,,,"Javier Assad","21741",665871
"Randy Vásquez","SDP",2,3,1,4.74965,21,4,0,1,,39,169,40,22,20,6,13,,2,28,6.38901,3.10183,2.05976,1.32653,0.163416,0.0793375,0.08407852053642273,0.263388,1.38291,0.288805,0.691924,,,4.81237,0.129498,0.0293956,721.1699829101562,,,,,,,125.80000000000001,3.2256410256410257,132,3.3846153846153846,,,,,,,,,,,,,,,,,,,"Randy Vasquez","24719",681190
"Tommy Nance","MIN",1,1,0,4.26579,21,0,1,5,,21,90,21,11,10,2,8,,1,20,8.86903,3.42224,2.59159,0.980149,0.225171,0.0868854,0.13828562200069427,0.261467,1.41407,0.323446,0.711859,,,3.8222,0.129232,0.0222928,999,,,,,,,114.20000000000002,5.438095238095239,117,5.571428571428571,,,,,,,,,,,,,,,,,,,"Tommy Nance","19178",667297
"David Sandlin","CHW",1,2,1,4.89258,7,3,0,0,,22,97,23,13,12,4,9,,1,18,7.46984,3.63391,2.05559,1.46159,0.188643,0.0917706,0.09687235951423645,0.261839,1.44265,0.294591,0.704281,,,4.85732,0.127427,0.0918527,999,,,,,,,59.80000000000001,2.7181818181818187,64,2.909090909090909,,,,,,,,,,,,,,,,,,,"David Sandlin","31743",689818
"Tim Mayza","PHI",1,1,0,3.728,19,0,0,4,,19,82,19,9,8,2,6,,1,18,8.39759,2.78704,3.01308,1.02918,0.219639,0.0728951,0.14674364775419235,0.25092,1.29025,0.302822,0.741811,,,3.75096,0.125805,0.101429,999,,,,,,,97.6,5.136842105263158,100,5.2631578947368425,,,,,,,,,,,,,,,,,,,"Tim Mayza","15042",641835
"Huascar Brazobán","NYM",1,1,0,3.92655,20,0,0,4,,20,86,18,9,9,2,9,,1,20,8.84208,4.13751,2.13705,0.852768,0.227788,0.10659,0.12119831889867783,0.235217,1.35466,0.293374,0.72004,,,3.90151,0.125072,0.130059,999,,,,,,,102.60000000000001,5.130000000000001,100,5,,,,,,,,,,,,,,,,,,,"Huascar Brazoban","6107",623211
"Grant Wolfram","BAL",1,1,0,3.87041,20,0,1,4,,20,86,19,9,9,2,8,,1,20,8.83407,3.63424,2.43079,0.936197,0.227166,0.0934534,0.1337122544646263,0.245759,1.35109,0.304543,0.733803,,,3.89796,0.123955,0.150015,999,,,,,,,108,5.4,108,5.4,,,,,,,,,,,,,,,,,,,"Grant Wolfram","21623",664991
"Jordan Hicks","CHW",1,1,0,4.18504,21,0,1,4,,21,91,19,10,10,2,10,,1,21,8.94157,4.45585,2.00671,0.804018,0.227234,0.113237,0.11399657279253006,0.241825,1.4171,0.305024,0.704672,,,3.96254,0.123754,0.122129,999,,,,,,,111.4,5.3047619047619055,109,5.190476190476191,,,,,,,,,,,,,,,,,,,"Jordan Hicks","19618",663855
"Eduard Bazardo","SEA",1,1,0,3.72877,20,0,0,5,,20,85,18,9,8,2,7,,1,21,9.10172,3.01388,3.01994,1.07297,0.240915,0.0797747,0.1611398383975029,0.231266,1.21947,0.284052,0.73298,,,3.75521,0.122926,0.112775,999,,,,,,,114.60000000000001,5.73,112,5.6,,,,,,,,,,,,,,,,,,,"Eduard Bazardo","20997",660825
"Jovani Morán","BOS",1,1,0,3.80468,19,0,0,4,,19,83,17,9,8,2,9,,1,22,10.3195,4.08881,2.52385,0.881167,0.267386,0.105944,0.16144201904535294,0.228889,1.32503,0.301929,0.728923,,,3.54176,0.121424,0.099093,999,,,,,,,101.8,5.3578947368421055,99,5.2105263157894735,,,,,,,,,,,,,,,,,,,"Jovani Moran","20422",663558
"Coleman Crow","MIL",1,1,1,4.24788,6,2,0,0,,13,54,12,6,6,2,4,,1,11,7.56391,2.84358,2.66,1.21752,0.197197,0.0741342,0.12306274473667145,0.252305,1.2973,0.290365,0.709934,,,4.30464,0.12121,0.104093,999,,,,,,,47.39999999999999,3.6461538461538456,46,3.5384615384615383,,,,,,,,,,,,,,,,,,,"Coleman Crow","27926",689441
"A.J. Minter","NYM",1,1,0,3.63443,19,0,0,4,,19,79,17,8,8,2,6,,1,20,9.41077,2.72626,3.4519,1.13626,0.251123,0.0727491,0.17837375402450562,0.230957,1.18709,0.285317,0.741919,,,3.66635,0.1186,0.141706,999,,,,,,,106.8,5.621052631578947,104,5.473684210526316,,,,,,,,,,,,,,,,,,,"A.J. Minter","18655",621345
"Dylan Smith","SFG",1,1,0,4.17894,20,0,2,5,,20,88,20,10,9,2,8,,1,19,8.24546,3.73842,2.2056,0.986814,0.211038,0.0956828,0.1153552457690239,0.249472,1.38292,0.300747,0.714479,,,4.09139,0.116637,0.0478337,999,,,,,,,112.4,5.62,115,5.75,,,,,,,,,,,,,,,,,,,"Dylan Smith","30145",681916
"Tejay Antone","CIN",1,1,0,4.75509,21,0,1,4,,21,92,21,12,11,3,8,,2,19,8.26272,3.4591,2.38869,1.22381,0.210856,0.0882729,0.12258343398571014,0.256501,1.3828,0.303845,0.67945,,,4.42564,0.116407,-0.0283306,999,,,,,,,92.9,4.423809523809524,95,4.523809523809524,,,,,,,,,,,,,,,,,,,"Tejay Antone","16233",622088
"Hunter Gaddis","CLE",1,1,0,3.98654,21,0,1,5,,21,90,20,10,9,3,7,,1,20,8.66987,3.0017,2.88832,1.1891,0.227034,0.0786042,0.14842990785837173,0.239996,1.25961,0.287323,0.728137,,,4.05354,0.115766,0.137059,999,,,,,,,107.5,5.119047619047619,107,5.095238095238095,,,,,,,,,,,,,,,,,,,"Hunter Gaddis","25636",683769
"Cam Booser","TBR",1,1,0,4.00803,20,0,0,4,,20,84,17,9,9,3,8,,1,22,10.1622,3.59971,2.82307,1.30125,0.264534,0.0937046,0.170829676091671,0.231443,1.2886,0.289986,0.743509,,,4.0176,0.115562,0.131063,999,,,,,,,99.89999999999999,4.994999999999999,94,4.7,,,,,,,,,,,,,,,,,,,"Cam Booser","16061",592155
"Alan Rangel","PHI",1,1,1,4.90593,7,2,0,0,,17,72,17,10,9,3,6,,1,14,7.58987,3.23397,2.34693,1.49834,0.19416,0.0827294,0.11143027245998383,0.25692,1.37485,0.288507,0.690202,,,4.75963,0.11503,0.000249495,999,,,,,,,51.7,3.0411764705882356,53,3.1176470588235294,,,,,,,,,,,,,,,,,,,"Alan Rangel","19524",660604
"Quinn Mathews","STL",1,1,1,3.88775,9,2,0,0,,17,72,15,8,7,2,8,,1,16,8.91118,4.51258,1.97474,0.985,0.227748,0.115331,0.11241773515939713,0.236122,1.39856,0.291748,0.74488,,,4.19594,0.11255,0.175327,999,,,,,,,67.20000000000002,3.9529411764705893,64,3.764705882352941,,,,,,,,,,,,,,,,,,,"Quinn Mathews","sa3023407",687273
"Spencer Schwellenbach","ATL",0,0,1,3.65095,1,1,0,0,,6,27,6,3,3,1,2,,0,6,8.81559,2.20025,4.00664,1.095,0.236646,0.0590635,0.17758256942033768,0.244676,1.18768,0.298335,0.733761,,,3.58493,0.112162,0.081196,743.1900024414062,,,,,,,22.500000000000007,3.7500000000000013,23,3.8333333333333335,,,,,,,,,,,,,,,,,,,"Spencer Schwellenbach","31846",680885
"Sean Sullivan","COL",1,1,1,5.53445,3,3,0,0,,16,72,18,11,10,3,5,,1,12,6.34257,2.94897,2.15077,1.66699,0.159628,0.0742188,0.08540879935026169,0.279475,1.4544,0.299687,0.665703,,,5.2578,0.111721,0.0487775,999,,,,,,,40.7,2.54375,47,2.9375,,,,,,,,,,,,,,,,,,,"Sean Sullivan","33502",807743
"Bennett Sousa","HOU",1,1,0,3.73989,19,0,0,4,,19,81,17,9,8,2,8,,1,21,9.88419,3.61145,2.7369,1.08323,0.260103,0.0950357,0.16506747901439667,0.226536,1.26055,0.287014,0.742371,,,3.76563,0.108565,0.0812235,999,,,,,,,102.8,5.410526315789474,100,5.2631578947368425,,,,,,,,,,,,,,,,,,,"Bennett Sousa","21345",656986
"Mason Barnett","ATH",1,2,1,4.92998,17,3,0,0,,32,140,32,19,17,5,14,,2,27,7.63252,4.04509,1.88686,1.33521,0.191775,0.101637,0.09013781696557999,0.258449,1.46348,0.295744,0.695128,,,4.8382,0.106651,0.142461,999,,,,,,,98.10000000000001,3.0656250000000003,101,3.15625,,,,,,,,,,,,,,,,,,,"Mason Barnett","31741",686930
"Clayton Beeter","WSN",1,1,0,4.11443,21,0,10,1,,21,91,18,10,10,2,11,,1,24,10.3017,4.89828,2.10313,1.06481,0.262511,0.124819,0.13769178092479706,0.225142,1.39305,0.291366,0.730494,,,4.12938,0.10637,0.191119,307.1400146484375,,,,,,,150,7.142857142857143,145,6.904761904761905,,,,,,,,,,,,,,,,,,,"Clayton Beeter","27494",690925
"Franco Aleman","CLE",1,1,0,3.89157,19,0,0,4,,19,80,16,9,8,2,8,,1,21,10.1782,3.76065,2.70651,1.04117,0.264282,0.0976467,0.16663487255573273,0.231553,1.29719,0.299358,0.730121,,,3.79672,0.105171,0.0560579,999,,,,,,,105.4,5.5473684210526315,100,5.2631578947368425,,,,,,,,,,,,,,,,,,,"Franco Aleman","30195",680916
"José Suarez","ATH",1,1,0,4.02304,20,0,1,4,,20,85,19,10,9,2,7,,1,19,8.74168,3.27369,2.67028,1.11367,0.227451,0.0851787,0.14227253943681717,0.243547,1.30487,0.295169,0.725292,,,3.99405,0.104983,0.0890985,999,,,,,,,109,5.45,109,5.45,,,,,,,,,,,,,,,,,,,"Jose Suarez","19911",660761
"Mason Fluharty","TOR",1,1,0,3.90843,20,0,1,4,,20,85,17,9,9,2,8,,1,22,9.835,3.74148,2.62864,1.12551,0.256083,0.0974205,0.15866264700889587,0.229629,1.28939,0.28939,0.735085,,,3.93761,0.104569,0.145988,999,,,,,,,117.2,5.86,112,5.6,,,,,,,,,,,,,,,,,,,"Mason Fluharty","31553",689254
"Spencer Strider","ATL",0,0,1,4.07655,1,1,0,0,,6,25,5,3,3,1,2,,0,7,10.8144,3.43212,3.15094,1.2649,0.28416,0.0901825,0.19397705793380737,0.228317,1.25003,0.295682,0.722757,,,3.80531,0.104551,0.081007,124.86000061035156,,,,,,,27.10000000000001,4.516666666666668,25,4.166666666666667,,,,,,,,,,,,,,,,,,,"Spencer Strider","27498",675911
"Ethan Pecko","HOU",1,1,1,4.17939,5,2,0,0,,12,52,12,6,6,2,4,,0,10,7.79739,3.17115,2.45885,1.195,0.203048,0.0825784,0.120469830930233,0.251541,1.32833,0.292693,0.722568,,,4.26365,0.104357,0.154602,999,,,,,,,41.000000000000014,3.416666666666668,42,3.5,,,,,,,,,,,,,,,,,,,"Ethan Pecko","sa3022997",814490
"Germán Márquez","SDP",2,3,2,5.2158,13,5,0,0,,35,155,38,22,20,6,13,,1,27,6.95198,3.39122,2.04999,1.56266,0.175702,0.0857087,0.08999339491128922,0.267568,1.44199,0.293765,0.681826,,,5.06792,0.102252,-0.0711056,743.3200073242188,,,,,,,98.39999999999999,2.8114285714285714,109,3.1142857142857143,,,,,,,,,,,,,,,,,,,"German Marquez","15038",608566
"Eduardo Rivera","BOS",1,1,1,4.39796,16,2,0,0,,23,100,21,12,11,3,12,,1,21,8.35097,4.65744,1.79304,1.03664,0.209945,0.117089,0.09285572916269302,0.246279,1.46605,0.296734,0.715932,,,4.45564,0.101809,0.105603,999,,,,,,,81.70000000000002,3.552173913043479,79,3.4347826086956523,,,,,,,,,,,,,,,,,,,"Eduardo Rivera","31280",700842
"Enyel De Los Santos","HOU",1,1,0,3.97077,20,0,0,4,,20,82,18,9,9,3,7,,1,19,8.92678,3.01232,2.96342,1.27826,0.235671,0.0795267,0.15614458918571472,0.235001,1.23643,0.281033,0.733173,,,4.08699,0.101755,0.160661,999,,,,,,,94.3,4.715,91,4.55,,,,,,,,,,,,,,,,,,,"Enyel De Los Santos","18403",660853
"Erik Sabrowski","CLE",1,1,0,3.70126,19,0,0,5,,19,84,14,9,8,2,12,,1,26,12.1607,5.48185,2.21836,1.01366,0.311241,0.140302,0.1709388941526413,0.203123,1.35997,0.285846,0.761406,,,3.80542,0.100613,0.0656239,999,,,,,,,112.6,5.9263157894736835,102,5.368421052631579,,,,,,,,,,,,,,,,,,,"Erik Sabrowski","24978",681870
"Steven Matz","TBR",1,1,0,4.30383,19,1,0,3,,23,99,24,12,11,3,7,,1,21,7.95593,2.61329,3.04441,1.33178,0.207267,0.0680813,0.13918622583150864,0.257404,1.30541,0.297817,0.717109,,,4.23022,0.100203,0.0853901,712.989990234375,,,,,,,100.9,4.386956521739131,106,4.608695652173913,,,,,,,,,,,,,,,,,,,"Steven Matz","13361",571927
"Tyler Alexander","TEX",1,1,0,4.35629,20,1,0,4,,22,95,22,12,11,3,6,,1,19,7.4973,2.44423,3.06735,1.24339,0.196223,0.0639715,0.13225137442350388,0.254063,1.27212,0.290662,0.694999,,,4.16118,0.0988056,-0.018643,999,,,,,,,101.7,4.622727272727273,104,4.7272727272727275,,,,,,,,,,,,,,,,,,,"Tyler Alexander","17735",641302
"Lucas Giolito","SDP",1,1,1,4.75392,3,3,0,0,,17,76,17,10,9,3,8,,1,15,7.83002,3.99823,1.95837,1.50638,0.198936,0.101582,0.09735363721847534,0.248176,1.41144,0.279673,0.716803,,,4.97381,0.0986236,0.0432376,728.47998046875,,,,,,,47.7,2.8058823529411767,49,2.8823529411764706,,,,,,,,,,,,,,,,,,,"Lucas Giolito","15474",608337
"Jackson Kent","WSN",1,1,0,3.82901,6,1,0,0,,11,46,10,5,5,1,4,,0,10,8.00904,2.98652,2.68173,1.129,0.20995,0.0782892,0.1316612884402275,0.245023,1.27992,0.288237,0.74083,,,4.06831,0.096439,0.0959482,999,,,,,,,51.10000000000001,4.645454545454546,50,4.545454545454546,,,,,,,,,,,,,,,,,,,"Jackson Kent","sa3035282",800600
"JR Ritchie","ATL",1,1,1,4.59222,9,2,0,0,,19,83,18,10,10,2,8,,1,17,7.99031,4.01725,1.989,1.17772,0.203488,0.102307,0.10118111968040466,0.251261,1.41347,0.295459,0.699506,,,4.57709,0.0960197,0.149531,999,,,,,,,76.2,4.010526315789474,76,4,,,,,,,,,,,,,,,,,,,"JR Ritchie","31760",702275
"Seranthony Domínguez","CHW",1,1,0,4.07896,20,0,1,3,,20,86,17,10,9,3,10,,1,23,10.3712,4.62178,2.24398,1.14798,0.266961,0.118968,0.14799340814352036,0.222892,1.35147,0.286505,0.733813,,,4.13468,0.0952198,0.0505004,194.19000244140625,,,,,,,96.89999999999999,4.845,91,4.55,,,,,,,,,,,,,,,,,,,"Seranthony Dominguez","19249",622554
"Kodai Senga","NYM",1,1,1,4.09725,11,2,0,0,,18,78,16,9,8,2,9,,1,19,9.45672,4.276,2.21158,1.20731,0.242583,0.109688,0.1328955814242363,0.231541,1.35896,0.284803,0.738571,,,4.29485,0.0952065,0.0870505,223.52000427246094,,,,,,,75.00000000000003,4.166666666666668,72,4,,,,,,,,,,,,,,,,,,,"Kodai Senga","31838",673540
"Yohan Ramírez","PIT",1,1,0,4.09891,21,0,1,5,,21,90,18,10,9,2,10,,3,22,9.48689,4.32882,2.19156,0.853397,0.241721,0.110296,0.1314251720905304,0.239103,1.37233,0.308855,0.707626,,,4.13291,0.0940293,0.170463,999,,,,,,,114.00000000000001,5.428571428571429,109,5.190476190476191,,,,,,,,,,,,,,,,,,,"Yohan Ramirez","19444",670990
"Jonathan Cannon","CHW",1,2,1,4.85793,10,2,0,0,,20,88,21,12,11,3,7,,1,15,6.8373,3.30108,2.07123,1.36888,0.173386,0.0837117,0.08967480808496475,0.264574,1.41557,0.293779,0.692947,,,4.82005,0.0918917,0.0347502,999,,,,,,,62.49999999999999,3.1249999999999996,67,3.35,,,,,,,,,,,,,,,,,,,"Jonathan Cannon","31730",686563
"Ryan Zeferjahn","LAA",1,1,0,4.17772,21,0,4,3,,21,90,17,10,10,2,12,,2,25,11.0276,5.03447,2.19042,1.06928,0.28187,0.128683,0.15318678319454193,0.217261,1.36055,0.291174,0.718717,,,4.182,0.091476,0.202158,999,,,,,,,126.60000000000001,6.028571428571429,119,5.666666666666667,,,,,,,,,,,,,,,,,,,"Ryan Zeferjahn","25420",666171
"Hurston Waldrep","ATL",1,1,1,4.3765,7,2,0,0,,14,61,14,7,7,2,7,,1,13,8.1368,4.22275,1.9269,1.03555,0.206201,0.107012,0.09918917715549469,0.250769,1.43945,0.300072,0.71209,,,4.34345,0.090972,0.0583186,999,,,,,,,44.60000000000003,3.1857142857142877,46,3.2857142857142856,,,,,,,,,,,,,,,,,,,"Hurston Waldrep","33527",694462
"Luis Medina","ATH",1,1,0,4.44623,21,1,1,5,,24,103,22,13,12,3,11,,2,23,8.98075,4.28575,2.09549,1.02846,0.228329,0.108962,0.11936711519956589,0.241118,1.39922,0.297776,0.698483,,,4.22606,0.0896518,0.0553317,999,,,,,,,115.50000000000001,4.812500000000001,113,4.708333333333333,,,,,,,,,,,,,,,,,,,"Luis Medina","21649",665622
"José Urquidy","CHW",1,1,1,4.53136,6,2,0,0,,13,55,14,7,6,2,4,,0,9,6.59792,2.49492,2.64454,1.38987,0.170949,0.0646423,0.1063070297241211,0.26375,1.32515,0.289565,0.706208,,,4.59676,0.088817,0.0712579,999,,,,,,,41.199999999999996,3.169230769230769,45,3.4615384615384617,,,,,,,,,,,,,,,,,,,"Jose Urquidy","18413",664353
"Chase Silseth","TEX",1,1,0,4.0562,20,0,0,4,,20,88,18,10,9,2,10,,1,22,9.62147,4.20664,2.28721,1.05523,0.247403,0.108168,0.1392352357506752,0.232999,1.35571,0.293604,0.72771,,,4.02165,0.0887948,0.0519148,999,,,,,,,103.60000000000001,5.180000000000001,101,5.05,,,,,,,,,,,,,,,,,,,"Chase Silseth","30074",681217
"Camilo Doval","NYY",1,1,0,3.83903,18,0,0,3,,18,78,15,9,8,2,9,,1,20,9.92133,4.24986,2.33451,0.87967,0.258743,0.110834,0.14790894836187363,0.222084,1.30159,0.288681,0.718038,,,3.75347,0.0883712,0.0190722,663.6500244140625,,,,,,,91.60000000000002,5.08888888888889,86,4.777777777777778,,,,,,,,,,,,,,,,,,,"Camilo Doval","21992",666808
"Kohl Drake","ARI",1,1,1,4.52449,9,2,0,0,,18,79,18,10,9,3,7,,1,15,7.74971,3.45153,2.2453,1.25963,0.197121,0.0877925,0.10932795703411102,0.260133,1.40778,0.30115,0.71413,,,4.49941,0.0872443,0.0889196,999,,,,,,,55.500000000000014,3.083333333333334,57,3.1666666666666665,,,,,,,,,,,,,,,,,,,"Kohl Drake","32070",684442
"Tyler Kinley","ATL",1,1,0,4.3602,21,0,0,5,,21,89,19,11,10,3,9,,1,23,9.84344,3.95452,2.48916,1.30917,0.253461,0.101826,0.151635080575943,0.233483,1.33573,0.288818,0.718729,,,4.24168,0.0871254,0.0229589,999,,,,,,,105.1,5.004761904761905,102,4.857142857142857,,,,,,,,,,,,,,,,,,,"Tyler Kinley","18297",641755
"Dylan Dodd","ATL",1,1,0,3.85249,19,0,0,4,,19,79,18,9,8,2,5,,1,18,8.48795,2.54449,3.33581,1.17037,0.223606,0.0670319,0.1565740406513214,0.248799,1.25414,0.297171,0.736849,,,3.85384,0.0834379,0.0763291,999,,,,,,,103.2,5.431578947368421,103,5.421052631578948,,,,,,,,,,,,,,,,,,,"Dylan Dodd","29928",689266
"Kenley Jansen","DET",1,1,0,4.37263,20,0,8,1,,20,84,17,10,10,3,9,,1,21,9.45667,3.95028,2.39392,1.33459,0.244295,0.102048,0.14224723726511002,0.228429,1.31533,0.276048,0.716025,,,4.32923,0.0820859,0.091835,133.02000427246094,,,,,,,122.89999999999999,6.145,117,5.85,,,,,,,,,,,,,,,,,,,"Kenley Jansen","3096",445276
"Blade Tidwell","SFG",1,1,0,4.22148,7,1,0,0,,12,52,12,6,6,1,5,,1,11,7.98635,3.66914,2.17663,1.06512,0.204428,0.0939198,0.11050858348608017,0.249099,1.37542,0.295006,0.716828,,,4.24088,0.0820571,0.0693259,999,,,,,,,49.30000000000001,4.108333333333334,51,4.25,,,,,,,,,,,,,,,,,,,"Blade Tidwell","31701",694918
"Hagen Smith","CHW",1,1,0,3.92793,6,1,0,0,,11,48,9,5,5,1,6,,1,12,9.97102,5.26605,1.89345,1.022,0.252599,0.133406,0.11919252574443817,0.224886,1.42734,0.288734,0.751927,,,4.29275,0.0811921,0.0979486,999,,,,,,,48.70000000000001,4.427272727272729,45,4.090909090909091,,,,,,,,,,,,,,,,,,,"Hagen Smith","sa3025544",696146
"Carson Seymour","SFG",1,1,1,4.21023,9,2,0,0,,16,71,17,8,8,2,6,,1,13,6.98529,3.42968,2.03672,0.965698,0.17825,0.0875183,0.09073175489902496,0.26115,1.40343,0.301861,0.712583,,,4.27063,0.0796035,0.157262,999,,,,,,,54.60000000000001,3.4125000000000005,59,3.6875,,,,,,,,,,,,,,,,,,,"Carson Seymour","30084",693313
"Daniel Lynch IV","KCR",1,1,0,4.2069,21,0,3,4,,21,90,21,11,10,3,7,,1,17,7.21824,2.92139,2.47083,1.08083,0.186284,0.0753934,0.1108904480934143,0.260221,1.34909,0.299978,0.713911,,,4.17212,0.0784837,0.0734193,999,,,,,,,104.9,4.995238095238095,107,5.095238095238095,,,,,,,,,,,,,,,,,,,"Daniel Lynch IV","21537",663738
"Brock Burke","CIN",1,1,0,4.40497,21,0,0,4,,21,90,20,11,10,3,9,,1,19,8.29958,3.86259,2.14871,1.15948,0.211506,0.0984339,0.11307206749916077,0.250164,1.40279,0.297365,0.714667,,,4.34456,0.0774171,0.0703755,999,,,,,,,90.5,4.309523809523809,90,4.285714285714286,,,,,,,,,,,,,,,,,,,"Brock Burke","17968",656271
"Aaron Civale","CHC",1,1,0,4.23588,14,1,0,0,,19,80,18,10,9,3,5,,1,17,8.02274,2.53455,3.16535,1.43881,0.212097,0.067006,0.1450911909341812,0.242135,1.22125,0.2756,0.715518,,,4.37186,0.0761096,0.0595382,748.5800170898438,,,,,,,72.89999999999999,3.8368421052631576,72,3.789473684210526,,,,,,,,,,,,,,,,,,,"Aaron Civale","19479",650644
"Tobias Myers","NYM",1,1,0,4.42161,17,1,0,1,,21,91,22,11,10,3,6,,1,17,7.39024,2.70489,2.73218,1.34553,0.191005,0.0699095,0.12109557539224625,0.257408,1.32115,0.290921,0.710924,,,4.41334,0.0753917,0.00847979,999,,,,,,,78.3,3.7285714285714286,83,3.9523809523809526,,,,,,,,,,,,,,,,,,,"Tobias Myers","22191",668964
"Luis Morales","ATH",1,2,1,4.7724,19,2,0,1,,28,123,28,16,15,4,12,,1,25,8.04076,3.98185,2.01935,1.36566,0.203747,0.100897,0.10284984111785889,0.251491,1.4247,0.290331,0.703916,,,4.73296,0.0749375,-0.0258729,735.3200073242188,,,,,,,100.20000000000006,3.5785714285714305,103,3.6785714285714284,,,,,,,,,,,,,,,,,,,"Luis Morales","32227",806960
"Brennan Bernardino","COL",1,1,0,4.28369,18,0,0,3,,18,77,18,9,8,2,7,,1,15,7.82363,3.68802,2.12136,0.924129,0.198219,0.0934394,0.10477961599826813,0.260183,1.42583,0.311394,0.710588,,,4.14712,0.0739397,0.114252,999,,,,,,,79.80000000000003,4.4333333333333345,82,4.555555555555555,,,,,,,,,,,,,,,,,,,"Brennan Bernardino","16835",657514
"Cade Povich","BAL",1,1,0,4.29858,8,1,0,0,,12,52,12,6,6,2,4,,0,11,8.51447,3.27316,2.6013,1.27536,0.220078,0.0846032,0.13547518104314804,0.249121,1.33648,0.29501,0.720362,,,4.24122,0.0734326,0.089702,999,,,,,,,43.000000000000014,3.5833333333333344,44,3.6666666666666665,,,,,,,,,,,,,,,,,,,"Cade Povich","30055",700249
"Will Klein","LAD",1,1,0,4.12769,18,0,0,4,,18,79,16,9,8,2,10,,1,19,9.69907,4.87568,1.98927,0.905747,0.246521,0.123925,0.1225961297750473,0.230623,1.4135,0.296391,0.71877,,,4.03718,0.0734134,0.0366432,999,,,,,,,88.00000000000003,4.88888888888889,85,4.722222222222222,,,,,,,,,,,,,,,,,,,"Will Klein","27787",694361
"Jimmy Herget","COL",1,1,0,4.89394,22,0,1,4,,22,96,23,13,12,3,8,,1,20,8.23505,3.36287,2.44882,1.42185,0.208824,0.0852753,0.12354851514101028,0.261686,1.40588,0.304452,0.693761,,,4.64509,0.0730816,0.0293162,999,,,,,,,100.10000000000001,4.550000000000001,105,4.7727272727272725,,,,,,,,,,,,,,,,,,,"Jimmy Herget","17556",623474
"Jordan Wicks","CHC",1,1,0,4.06543,8,1,0,0,,13,54,13,6,6,2,4,,0,11,7.59895,2.81293,2.70143,1.13059,0.197746,0.0732005,0.1245456114411354,0.254573,1.31144,0.295639,0.722592,,,4.09199,0.0719396,-0.00354849,999,,,,,,,47.8,3.6769230769230767,49,3.769230769230769,,,,,,,,,,,,,,,,,,,"Jordan Wicks","30094",696136
"Hunter Barco","PIT",1,1,0,4.32478,12,1,0,0,,16,72,16,9,8,2,7,,1,15,8.2528,4.05779,2.03382,1.08232,0.209036,0.10278,0.1062556654214859,0.250412,1.41578,0.299942,0.7168,,,4.43934,0.0711937,0.0139677,999,,,,,,,58.20000000000001,3.6375000000000006,60,3.75,,,,,,,,,,,,,,,,,,,"Hunter Barco","33174",682995
"Manuel Rodríguez","TBR",1,1,0,3.73958,16,0,0,2,,16,69,15,7,7,2,6,,1,15,8.54846,3.27255,2.61217,0.922,0.223493,0.0855584,0.13793495297431946,0.244101,1.29996,0.299574,0.73127,,,3.78391,0.0705365,0.0692475,999,,,,,,,71.80000000000001,4.487500000000001,71,4.4375,,,,,,,,,,,,,,,,,,,"Manuel Rodriguez","20794",655889
"Hogan Harris","ATH",1,1,0,4.10392,21,0,7,2,,21,93,19,11,10,3,11,,1,23,9.64496,4.4619,2.16163,1.11169,0.246951,0.114243,0.1327081248164177,0.233519,1.38084,0.293473,0.735233,,,4.22047,0.0697862,0.079359,618.1699829101562,,,,,,,122.1,5.814285714285714,119,5.666666666666667,,,,,,,,,,,,,,,,,,,"Hogan Harris","21520",663687
"Caleb Kilian","SFG",1,1,0,4.13948,21,0,3,4,,21,91,21,11,10,2,8,,1,19,8.05162,3.35087,2.40284,0.979802,0.207425,0.086325,0.12110050022602081,0.251913,1.35295,0.301727,0.710232,,,3.99648,0.0676363,-0.016692,999,,,,,,,118.20000000000002,5.628571428571429,121,5.761904761904762,,,,,,,,,,,,,,,,,,,"Caleb Kilian","26213",668873
"Mitch Spence","KCR",1,1,1,4.8094,7,2,0,0,,14,62,16,8,8,2,5,,1,10,6.58362,2.96276,2.22212,1.26907,0.167241,0.0752616,0.09197908639907837,0.272814,1.42013,0.30385,0.688541,,,4.60534,0.0675475,0.0704351,999,,,,,,,39.4,2.814285714285714,46,3.2857142857142856,,,,,,,,,,,,,,,,,,,"Mitch Spence","27707",687765
"Alex Lange","KCR",1,1,0,4.21368,20,0,5,3,,20,90,18,10,9,2,11,,2,21,9.53595,4.94522,1.92832,0.853909,0.240098,0.124512,0.11558617651462555,0.236344,1.44451,0.303944,0.714462,,,4.10194,0.0665666,0.147878,999,,,,,,,116.60000000000001,5.83,114,5.7,,,,,,,,,,,,,,,,,,,"Alex Lange","19883",656638
"Brady Basso","ATH",1,1,0,4.09392,20,0,0,4,,20,84,20,10,9,3,6,,1,17,7.72622,2.84047,2.72004,1.14551,0.201002,0.0738966,0.12710535526275635,0.254653,1.31497,0.296762,0.722487,,,4.08698,0.0645923,0.0681211,999,,,,,,,88.1,4.404999999999999,90,4.5,,,,,,,,,,,,,,,,,,,"Brady Basso","25582",669620
"Sam Moll","CIN",1,1,0,4.44281,20,0,0,4,,20,86,18,11,10,2,10,,1,20,9.21368,4.49106,2.05156,1.07395,0.234114,0.114115,0.11999870091676712,0.237923,1.40264,0.295415,0.701189,,,4.33804,0.0645331,0.00570141,999,,,,,,,99.60000000000001,4.98,97,4.85,,,,,,,,,,,,,,,,,,,"Sam Moll","14874",594580
"John King","MIA",1,1,0,3.93182,19,0,0,4,,19,82,20,9,8,2,6,,1,14,6.56361,2.8604,2.29465,0.876915,0.16833,0.0733577,0.09497222304344177,0.269711,1.38889,0.309636,0.727587,,,4.00184,0.0634583,0.0926319,999,,,,,,,87,4.578947368421052,92,4.842105263157895,,,,,,,,,,,,,,,,,,,"John King","22051",667463
"Cal Quantrill","TEX",1,1,1,4.87621,13,2,0,0,,20,87,21,12,11,3,6,,1,15,6.87401,2.89307,2.37603,1.34669,0.176475,0.0742731,0.10220187902450562,0.261088,1.35194,0.290377,0.671801,,,4.67059,0.0630743,-0.0293479,999,,,,,,,65.5,3.275,70,3.5,,,,,,,,,,,,,,,,,,,"Cal Quantrill","19312",615698
"Dennis Santana",,1,1,0,4.17283,13,0,0,0,,13,57,12,7,6,2,5,,1,12,8.37335,3.50401,2.38965,1.09995,0.217292,0.0909303,0.1263612061738968,0.239559,1.31063,0.28608,0.71085,,,4.14546,0.0629201,-0.00869744,150.50999450683594,,,,,,,46.39999999999999,3.5692307692307685,45,3.4615384615384617,,,,,,,,,,,,,,,,,,,"Dennis Santana","17878",642701
"Stephen Kolek","KCR",0,0,0,4.54213,1,1,0,0,,6,25,6,3,3,1,2,,0,4,6.16495,2.73549,2.25369,1.0134,0.157799,0.0700182,0.08778116852045059,0.273672,1.39251,0.306904,0.683854,,,4.29336,0.0626823,0.0874789,999,,,,,,,18.500000000000007,3.0833333333333344,19,3.1666666666666665,,,,,,,,,,,,,,,,,,,"Stephen Kolek","21487",663568
"Trevor Williams","WSN",1,1,0,4.58566,17,1,0,1,,21,92,23,12,11,3,6,,1,17,7.29432,2.56824,2.8402,1.34453,0.186616,0.0657052,0.12091093510389328,0.268061,1.36396,0.303283,0.704261,,,4.38888,0.0626561,-0.0150117,999,,,,,,,75.7,3.604761904761905,83,3.9523809523809526,,,,,,,,,,,,,,,,,,,"Trevor Williams","16977",592866
"Chase Petty","CIN",1,2,1,5.20203,16,2,0,0,,23,100,24,14,13,4,9,,1,17,6.69438,3.67904,1.8196,1.39358,0.16808,0.0923717,0.07570811361074448,0.266872,1.46808,0.294548,0.67449,,,5.00322,0.0623773,-0.0131037,999,,,,,,,62.600000000000016,2.7217391304347833,67,2.9130434782608696,,,,,,,,,,,,,,,,,,,"Chase Petty","30170",695534
"Jose Cabrera","ARI",1,1,1,4.95786,2,2,0,0,,11,49,12,7,6,2,4,,1,8,6.22765,3.50055,1.77905,1.26279,0.156022,0.0876995,0.06832227855920792,0.274595,1.48044,0.302669,0.689537,,,4.93014,0.0615899,0.00662505,999,,,,,,,26.600000000000005,2.4181818181818184,30,2.727272727272727,,,,,,,,,,,,,,,,,,,"Jose Cabrera","30412",703615
"Patrick Corbin","TOR",1,1,1,4.95107,6,2,0,0,,13,58,15,8,7,2,4,,1,11,7.40888,2.86926,2.58216,1.41324,0.187761,0.0727146,0.11504637449979782,0.273685,1.42101,0.310195,0.687391,,,4.57583,0.0611169,-0.0148665,999,,,,,,,39.599999999999994,3.0461538461538455,46,3.5384615384615383,,,,,,,,,,,,,,,,,,,"Patrick Corbin","9323",571578
"Clarke Schmidt","NYY",0,0,0,3.7085,5,1,0,0,,8,32,7,3,3,1,3,,0,8,9.36108,3.01299,3.10691,1.192,0.247057,0.0795186,0.16753827035427094,0.232221,1.2234,0.284914,0.750419,,,3.9015,0.0610063,0.103598,999,,,,,,,35.7,4.4625,34,4.25,,,,,,,,,,,,,,,,,,,"Clarke Schmidt","19899",657376
"Dax Fulton","MIA",1,2,1,4.4541,19,2,0,1,,26,114,25,14,13,3,13,,1,21,7.55411,4.6371,1.62906,0.988899,0.188147,0.115494,0.07265269011259079,0.254406,1.50516,0.299143,0.715523,,,4.56943,0.0598683,0.0714089,999,,,,,,,94.5,3.6346153846153846,95,3.6538461538461537,,,,,,,,,,,,,,,,,,,"Dax Fulton","27757",690978
"George Klassen","LAA",1,1,1,4.63513,7,2,0,0,,13,57,13,7,7,2,6,,1,12,8.1119,4.23437,1.91573,1.16775,0.205402,0.107219,0.09818343073129654,0.251296,1.44204,0.296921,0.700648,,,4.55951,0.0589194,0.0962869,999,,,,,,,40.8,3.1384615384615384,42,3.230769230769231,,,,,,,,,,,,,,,,,,,"George Klassen","33464",691946
"Colton Gordon","MIL",1,1,0,4.50082,10,1,0,0,,14,62,15,8,7,2,4,,1,12,7.57045,2.49564,3.03347,1.55328,0.196731,0.0648536,0.13187768310308456,0.259909,1.30392,0.290866,0.719427,,,4.64829,0.0587977,0.0638835,999,,,,,,,49,3.5,53,3.7857142857142856,,,,,,,,,,,,,,,,,,,"Colton Gordon","31312",676467
"Drew Sommers","DET",1,1,0,3.94794,19,0,0,4,,19,83,18,9,8,2,8,,1,18,8.52307,3.72472,2.28824,0.873242,0.219658,0.095994,0.1236635148525238,0.246737,1.35885,0.304376,0.719055,,,3.92107,0.0581484,0.0787332,999,,,,,,,94.2,4.957894736842105,94,4.947368421052632,,,,,,,,,,,,,,,,,,,"Drew Sommers","32026",805427
"Jack Anderson","MIN",1,1,0,4.34592,18,1,0,2,,21,89,22,11,10,3,6,,0,17,7.517,2.59136,2.90079,1.26522,0.194399,0.0670158,0.12738314270973206,0.261075,1.32877,0.298996,0.712599,,,4.19589,0.0575064,-0.00316247,999,,,,,,,85.3,4.061904761904762,90,4.285714285714286,,,,,,,,,,,,,,,,,,,"Jack Anderson","30086",681252
"Steven Cruz","KCR",1,1,0,4.51198,21,0,3,4,,21,91,19,11,10,3,9,,1,22,9.33446,3.97835,2.34631,1.24745,0.23951,0.102079,0.13743048906326294,0.240924,1.36779,0.295171,0.703276,,,4.30078,0.0571721,0.0603616,999,,,,,,,114.1,5.433333333333333,111,5.285714285714286,,,,,,,,,,,,,,,,,,,"Steven Cruz","23165",674444
"José Fermin","LAA",1,1,0,4.22773,19,0,0,4,,19,84,17,10,9,2,10,,1,21,9.67266,4.4808,2.15869,1.06104,0.247761,0.114774,0.1329873576760292,0.230003,1.37011,0.290171,0.714845,,,4.12931,0.0570767,0.0117648,999,,,,,,,96.8,5.094736842105263,94,4.947368421052632,,,,,,,,,,,,,,,,,,,"Jose Fermin","33908",820862
"Trey Gibson","BAL",1,1,1,4.60052,6,2,0,0,,13,57,13,7,7,2,6,,1,12,8.02539,3.9175,2.0486,1.17333,0.203826,0.0994955,0.10433094948530197,0.254288,1.42158,0.299633,0.698324,,,4.50958,0.0566112,0.0835459,999,,,,,,,40.8,3.1384615384615384,42,3.230769230769231,,,,,,,,,,,,,,,,,,,"Trey Gibson","33794",694346
"Ryan Sloan","SEA",0,0,0,3.53165,4,1,0,0,,7,29,6,3,3,1,2,,0,6,8.32437,2.23779,3.71991,1.036,0.223081,0.0599695,0.16311148181557655,0.242485,1.18405,0.291138,0.737915,,,3.62199,0.0560628,0.0792996,999,,,,,,,29.9,4.271428571428571,28,4,,,,,,,,,,,,,,,,,,,"Ryan Sloan","sa3067131",815549
"Danny Coulombe",,0,0,0,4.05292,10,0,0,0,,10,44,10,5,5,1,5,,0,9,7.70215,4.07631,1.88949,0.861827,0.195456,0.103444,0.09201247245073318,0.247694,1.41655,0.295311,0.724309,,,4.1072,0.0558588,0.0363292,999,,,,,,,38.7,3.87,40,4,,,,,,,,,,,,,,,,,,,"Danny Coulombe","13293",543056
"Jonah Tong","NYM",0,0,0,3.95592,4,1,0,0,,6,26,5,3,3,1,3,,0,7,9.94904,4.01124,2.48029,1.07158,0.257611,0.103863,0.15374794602394104,0.229448,1.32186,0.29186,0.730805,,,3.8644,0.0558056,0.0717682,722.8099975585938,,,,,,,24.10000000000001,4.016666666666668,22,3.6666666666666665,,,,,,,,,,,,,,,,,,,"Jonah Tong","32157",804636
"Pierce Johnson","CIN",1,1,0,4.63204,20,0,0,4,,20,87,20,11,10,3,8,,0,21,9.49546,3.74733,2.53393,1.41973,0.241531,0.0953189,0.14621208608150482,0.249503,1.39641,0.302851,0.715902,,,4.37097,0.055472,0.00926923,999,,,,,,,93.1,4.654999999999999,95,4.75,,,,,,,,,,,,,,,,,,,"Pierce Johnson","13435",572955
"Johan Oviedo","BOS",1,1,0,4.23509,10,1,0,0,,12,53,11,6,6,2,5,,1,12,8.9584,3.73483,2.39861,1.14545,0.231161,0.0963728,0.13478820025920868,0.242838,1.34386,0.296623,0.715944,,,4.21618,0.0545531,0.106141,536.780029296875,,,,,,,41.600000000000016,3.466666666666668,40,3.3333333333333335,,,,,,,,,,,,,,,,,,,"Johan Oviedo","22487",670912
"Edgardo Henriquez","LAD",1,1,0,4.11286,15,0,0,1,,15,63,13,7,7,2,7,,1,16,9.53898,4.35358,2.19107,0.95626,0.245145,0.111884,0.1332610622048378,0.233136,1.36173,0.296837,0.71428,,,4.04357,0.0545099,0.0428111,999,,,,,,,64.60000000000001,4.3066666666666675,61,4.066666666666666,,,,,,,,,,,,,,,,,,,"Edgardo Henriquez","26944",683618
"Taylor Rogers","MIN",1,1,0,4.22998,19,0,0,4,,19,83,18,10,9,2,9,,1,19,8.85975,4.04866,2.18832,1.05471,0.225112,0.10287,0.12224223464727402,0.245118,1.39593,0.300532,0.720545,,,4.20434,0.0544755,0.00619055,415.510009765625,,,,,,,93.2,4.905263157894737,93,4.894736842105263,,,,,,,,,,,,,,,,,,,"Taylor Rogers","13449",573124
"Ryne Stanek","STL",1,1,0,4.29042,20,0,1,4,,20,88,18,10,10,3,10,,1,21,9.50565,4.68613,2.02846,1.12866,0.241136,0.118876,0.1222599670290947,0.232881,1.41271,0.289421,0.725977,,,4.27647,0.0544308,0.0394797,745.9000244140625,,,,,,,94.3,4.715,91,4.55,,,,,,,,,,,,,,,,,,,"Ryne Stanek","15947",592773
"Tim Herrin","CLE",1,1,0,4.0804,20,0,0,5,,20,88,18,10,9,2,10,,1,21,9.15173,4.48798,2.03917,0.887128,0.233107,0.114315,0.11879196763038635,0.235947,1.39313,0.297472,0.71814,,,4.07114,0.0523421,0.0370138,999,,,,,,,105.60000000000001,5.28,103,5.15,,,,,,,,,,,,,,,,,,,"Tim Herrin","25139",682120
"Antonio Senzatela","COL",1,2,0,5.08985,21,1,4,3,,24,107,28,15,14,3,8,,1,17,6.22276,3.02763,2.05532,1.24885,0.154759,0.0752969,0.07946238666772842,0.289388,1.51995,0.320522,0.686054,,,4.66443,0.0520038,-0.0125168,999,,,,,,,106.90000000000002,4.4541666666666675,120,5,,,,,,,,,,,,,,,,,,,"Antonio Senzatela","15488",622608
"Justin Martinez","ARI",1,1,0,3.20373,12,0,2,0,,12,53,10,5,4,1,7,,1,16,11.3605,4.88662,2.32481,0.619,0.297013,0.127758,0.16925525665283203,0.21548,1.33113,0.30919,0.759406,,,3.25563,0.0511437,0.0355218,999,,,,,,,68.50000000000001,5.708333333333335,65,5.416666666666667,,,,,,,,,,,,,,,,,,,"Justin Martinez","24453",679885
"Karson Milbrandt","MIA",1,1,1,4.64591,6,2,0,0,,13,58,13,7,7,2,7,,1,11,7.57103,4.82216,1.57005,1.133,0.188481,0.120048,0.06843303143978119,0.252672,1.51626,0.293339,0.715881,,,4.81231,0.0508882,0.0733418,999,,,,,,,35.8,2.753846153846154,37,2.8461538461538463,,,,,,,,,,,,,,,,,,,"Karson Milbrandt","sa3020659",703596
"DJ Herz","WSN",0,0,0,3.78209,3,1,0,0,,6,24,5,3,2,1,2,,0,6,9.9486,4.02001,2.47477,1.157,0.258819,0.104583,0.15423577278852463,0.222983,1.29007,0.280508,0.754565,,,4.03593,0.0502663,0.108834,999,,,,,,,25.10000000000001,4.1833333333333345,23,3.8333333333333335,,,,,,,,,,,,,,,,,,,"DJ Herz","26389",687792
"Evan Sisk","PIT",1,1,0,3.60629,17,0,0,2,,17,73,15,7,7,1,7,,1,18,9.31512,3.91637,2.37851,0.773284,0.241404,0.101494,0.13991019874811172,0.235035,1.32191,0.301981,0.735964,,,3.70045,0.049697,0.0551081,999,,,,,,,94.5,5.5588235294117645,92,5.411764705882353,,,,,,,,,,,,,,,,,,,"Evan Sisk","24995",681895
"Austin Peterson","CLE",1,1,0,4.39797,7,1,0,0,,12,50,12,6,6,2,3,,0,9,7.125,2.42597,2.93697,1.323,0.185017,0.0629958,0.1220211312174797,0.26232,1.31065,0.295068,0.71057,,,4.36767,0.0495265,0.0677153,999,,,,,,,42.000000000000014,3.5000000000000013,43,3.5833333333333335,,,,,,,,,,,,,,,,,,,"Austin Peterson","sa3020868",804926
"Samy Natera Jr.","LAA",1,1,0,4.37504,20,0,1,4,,20,86,17,10,10,3,11,,1,23,10.3861,5.13351,2.02319,1.19932,0.262202,0.129598,0.1326042115688324,0.227364,1.42653,0.291692,0.72681,,,4.44115,0.049384,0.0730287,999,,,,,,,97.89999999999999,4.895,92,4.6,,,,,,,,,,,,,,,,,,,"Samy Natera Jr.","31936",696519
"Braydon Fisher","TOR",1,1,0,3.98532,19,0,0,4,,19,81,16,9,8,2,9,,1,21,9.96163,4.3325,2.29928,1.09661,0.255524,0.111132,0.14439157396554947,0.227038,1.34429,0.288125,0.736986,,,4.07304,0.0493623,0.0696826,999,,,,,,,102.4,5.389473684210526,97,5.105263157894737,,,,,,,,,,,,,,,,,,,"Braydon Fisher","24609",680755
"Orlando Ribalta","WSN",1,1,0,4.48227,20,0,1,4,,20,89,19,11,10,3,10,,1,19,8.50125,4.33203,1.96242,1.19557,0.214273,0.109188,0.10508482158184052,0.244289,1.43173,0.290632,0.7181,,,4.50109,0.0492453,-0.0404612,999,,,,,,,87.69999999999999,4.385,87,4.35,,,,,,,,,,,,,,,,,,,"Orlando Ribalta","26247",687377
"Victor Vodnik","COL",1,1,0,4.50662,18,0,1,3,,18,82,19,10,9,2,9,,1,16,7.96481,4.5913,1.73476,0.947247,0.198171,0.114236,0.08393584936857224,0.260416,1.53126,0.31249,0.714297,,,4.34188,0.0481827,0.0612722,496.760009765625,,,,,,,78.20000000000002,4.344444444444445,83,4.611111111111111,,,,,,,,,,,,,,,,,,,"Victor Vodnik","24614",680767
"Eric Lauer","LAD",1,1,1,5.29241,9,2,0,0,,19,83,21,12,11,4,7,,1,16,7.4308,3.1448,2.36288,1.81883,0.187431,0.0793229,0.10810782760381699,0.270092,1.43558,0.295309,0.697834,,,5.2365,0.0477101,0.0138424,720.5399780273438,,,,,,,44.79999999999999,2.3578947368421046,51,2.6842105263157894,,,,,,,,,,,,,,,,,,,"Eric Lauer","19316",641778
"Sawyer Gipson-Long","DET",0,0,0,4.0099,4,1,0,0,,6,27,6,3,3,1,2,,0,5,7.72264,2.65346,2.9104,1.099,0.201746,0.069319,0.13242702186107635,0.252592,1.28181,0.295457,0.719297,,,4.01853,0.0464248,0.0755238,999,,,,,,,20.500000000000007,3.416666666666668,21,3.5,,,,,,,,,,,,,,,,,,,"Sawyer Gipson-Long","26048",687830
"Jackson Jobe","DET",1,1,0,4.40817,8,1,0,0,,13,57,13,7,6,2,5,,1,11,7.68291,3.62737,2.11804,1.21,0.195737,0.0924142,0.10332274436950684,0.251601,1.38817,0.2906,0.718185,,,4.48762,0.0460245,0.0600262,999,,,,,,,41.8,3.215384615384615,43,3.3076923076923075,,,,,,,,,,,,,,,,,,,"Jackson Jobe","30203",695549
"Jack Dreyer","LAD",1,1,0,3.96857,17,0,0,3,,17,70,15,8,7,2,6,,0,18,9.52388,3.28956,2.89518,1.21591,0.251306,0.0868013,0.16450441628694534,0.229575,1.24248,0.282438,0.726055,,,3.9222,0.0459066,0.0202085,999,,,,,,,92.20000000000002,5.423529411764707,89,5.235294117647059,,,,,,,,,,,,,,,,,,,"Jack Dreyer","30249",676263
"Ty Madden","DET",1,1,0,4.4167,15,1,0,0,,18,77,17,9,9,2,7,,1,16,8.23149,3.62018,2.27378,1.17928,0.209956,0.0923378,0.11761797964572906,0.248946,1.37571,0.294074,0.708984,,,4.32147,0.0457086,-0.0233713,999,,,,,,,72.40000000000002,4.022222222222223,72,4,,,,,,,,,,,,,,,,,,,"Ty Madden","30140",680744
"Eric Orze","MIN",1,1,0,4.0422,16,0,0,1,,16,71,15,8,7,2,8,,1,16,8.53155,4.24459,2.00998,0.898031,0.217193,0.108057,0.10913577675819397,0.240605,1.39703,0.29503,0.724124,,,4.06612,0.0452734,0.0187165,999,,,,,,,63.80000000000001,3.9875000000000007,63,3.9375,,,,,,,,,,,,,,,,,,,"Eric Orze","27626",679358
"Greg Weissert","BOS",1,1,0,4.26487,20,0,0,4,,20,87,20,10,10,3,7,,1,19,8.30663,3.15639,2.63169,1.18558,0.215299,0.0818102,0.13348886370658875,0.250642,1.32595,0.2974,0.712978,,,4.16406,0.0443718,0.08072,999,,,,,,,89.1,4.455,91,4.55,,,,,,,,,,,,,,,,,,,"Greg Weissert","20375",669711
"Joe Whitman","SFG",0,0,0,3.84761,5,1,0,0,,8,33,8,4,3,1,3,,0,6,7.46314,3.0363,2.45798,0.988,0.194435,0.0791038,0.11533153057098389,0.251074,1.31303,0.293825,0.730705,,,4.01507,0.0442927,0.104509,999,,,,,,,29.100000000000005,3.6375000000000006,30,3.75,,,,,,,,,,,,,,,,,,,"Joe Whitman","sa3023131",802126
"George Soriano","STL",1,1,0,4.36824,20,0,1,5,,20,88,19,11,10,3,8,,1,19,8.53576,3.59596,2.37371,1.16539,0.220045,0.0927009,0.12734408676624298,0.244645,1.34211,0.293013,0.703377,,,4.26831,0.0440347,-0.0727089,999,,,,,,,97.69999999999999,4.885,97,4.85,,,,,,,,,,,,,,,,,,,"George Soriano","21863",666277
"Caden Dana","LAA",1,2,1,4.92695,7,3,0,0,,22,96,22,13,12,3,10,,1,18,7.64798,4.19209,1.82438,1.441,0.191429,0.104928,0.08650083839893341,0.257185,1.47622,0.291313,0.711885,,,5.02253,0.0436624,0.146245,999,,,,,,,71.7,3.2590909090909093,74,3.3636363636363638,,,,,,,,,,,,,,,,,,,"Caden Dana","31508",702674
"Brent Suter","LAA",1,1,0,4.02635,18,0,0,3,,18,78,19,9,8,2,5,,1,15,7.41279,2.55772,2.89821,1.14826,0.19268,0.0664826,0.12619774788618088,0.25924,1.31017,0.298826,0.728252,,,4.07216,0.0435368,0.0413477,999,,,,,,,83.20000000000002,4.622222222222224,88,4.888888888888889,,,,,,,,,,,,,,,,,,,"Brent Suter","13942",608718
"Matt Brash","SEA",1,1,0,3.1613,14,0,0,0,,14,58,11,5,5,1,6,,1,16,10.5965,3.79275,2.79389,0.673119,0.279133,0.0999087,0.17922483384609222,0.220355,1.24396,0.301438,0.754822,,,3.18287,0.0426187,0.0523562,733.280029296875,,,,,,,73.70000000000002,5.264285714285715,68,4.857142857142857,,,,,,,,,,,,,,,,,,,"Matt Brash","25756",666374
"Kade Morris","ATH",1,1,1,4.90652,10,2,0,0,,18,77,19,10,10,3,6,,1,12,6.01891,2.97054,2.0262,1.2935,0.152546,0.0752866,0.07725915312767029,0.274697,1.42335,0.299785,0.680928,,,4.85278,0.0410822,0.072013,999,,,,,,,49.90000000000001,2.772222222222223,54,3,,,,,,,,,,,,,,,,,,,"Kade Morris","33787",695034
"Eiberson Castellano","COL",1,1,0,5.0533,15,1,0,0,,20,91,22,12,11,3,9,,2,16,7.248,3.85114,1.88204,1.19364,0.179735,0.0955002,0.0842350423336029,0.276259,1.51835,0.318294,0.684003,,,4.82364,0.0402546,0.00529,999,,,,,,,52.89999999999999,2.6449999999999996,60,3,,,,,,,,,,,,,,,,,,,"Eiberson Castellano","28040",682769
"River Ryan","LAD",0,0,0,4.32588,1,1,0,0,,3,13,3,2,1,0,1,,0,3,7.66151,3.19575,2.39741,1.211,0.197672,0.0824524,0.11521953344345093,0.2575,1.35949,0.298427,0.716523,,,4.37408,0.0400413,-0.00911818,675.5399780273438,,,,,,,17.400000000000002,5.800000000000001,18,6,,,,,,,,,,,,,,,,,,,"River Ryan","29514",689981
"Ben Joyce","LAA",1,1,0,3.49809,18,0,3,2,,18,75,14,7,7,2,8,,1,21,10.6122,4.31474,2.45952,0.886,0.277452,0.112807,0.16464485228061676,0.219396,1.29414,0.29405,0.752801,,,3.6404,0.0398082,0.0676531,738.6500244140625,,,,,,,110.20000000000002,6.122222222222224,102,5.666666666666667,,,,,,,,,,,,,,,,,,,"Ben Joyce","31461",690829
"Matt Strahm","KCR",1,1,0,4.32031,18,0,0,3,,18,76,17,9,9,3,6,,1,18,9.05739,2.9967,3.02246,1.37368,0.237247,0.0784948,0.15875250846147537,0.241166,1.26333,0.288181,0.712445,,,4.23351,0.0397405,0.0525877,720.1400146484375,,,,,,,79.10000000000001,4.394444444444445,78,4.333333333333333,,,,,,,,,,,,,,,,,,,"Matt Strahm","13799",621381
"Anthony Bender","MIA",1,1,0,3.5061,15,0,0,0,,15,64,13,6,6,1,6,,1,16,9.46444,3.45069,2.74276,0.827278,0.248405,0.0905676,0.15783793479204178,0.231033,1.25865,0.296167,0.739104,,,3.53659,0.039625,0.0515993,999,,,,,,,75.9,5.0600000000000005,73,4.866666666666666,,,,,,,,,,,,,,,,,,,"Anthony Bender","19742",669622
"Anthony Nunez","BAL",1,1,0,4.1303,19,0,0,3,,19,80,17,9,9,2,8,,1,20,9.58428,3.9678,2.41551,1.0741,0.247644,0.102522,0.1451217383146286,0.235065,1.33331,0.295944,0.717208,,,4.04227,0.0390836,0.0615898,999,,,,,,,96.8,5.094736842105263,94,4.947368421052632,,,,,,,,,,,,,,,,,,,"Anthony Nunez","25796",689296
"Yuki Matsui","SDP",1,1,0,4.25926,19,0,0,4,,19,84,17,10,9,3,10,,1,21,9.57212,4.6304,2.06723,1.21582,0.243832,0.117951,0.12588102370500565,0.230108,1.39253,0.28388,0.733045,,,4.37709,0.0389925,-0.0235421,999,,,,,,,84.49999999999999,4.447368421052631,81,4.2631578947368425,,,,,,,,,,,,,,,,,,,"Yuki Matsui","33826",673513
"Khristian Curtis","PIT",1,1,0,4.49311,8,1,0,0,,13,58,13,7,7,2,6,,1,12,7.8407,4.18523,1.87342,1.189,0.198491,0.105951,0.09253986924886703,0.25001,1.435,0.291285,0.719203,,,4.61274,0.038779,0.0747646,999,,,,,,,40.8,3.1384615384615384,42,3.230769230769231,,,,,,,,,,,,,,,,,,,"Khristian Curtis","33865",694753
"Lucas Erceg","KCR",1,1,0,4.27482,19,0,0,4,,19,85,19,10,9,2,9,,1,17,8.00991,4.06052,1.97263,0.877457,0.203099,0.102959,0.10014037042856216,0.252516,1.42434,0.305496,0.705138,,,4.18164,0.0381855,0.0266532,490.70001220703125,,,,,,,86.6,4.557894736842105,89,4.684210526315789,,,,,,,,,,,,,,,,,,,"Lucas Erceg","19360",668674
"Jaden Hill","COL",1,1,0,4.64777,16,0,0,1,,16,69,15,9,8,2,7,,2,16,9.00481,4.06418,2.21566,1.0539,0.227837,0.102831,0.1250065118074417,0.252424,1.42075,0.313051,0.686648,,,4.28687,0.0366363,0.0230744,999,,,,,,,63.80000000000001,3.9875000000000007,63,3.9375,,,,,,,,,,,,,,,,,,,"Jaden Hill","30250",677955
"Hunter Harvey","CHC",1,0,0,3.33919,9,0,0,0,,9,36,7,3,3,1,2,,0,10,10.0247,2.58397,3.87958,0.967145,0.271626,0.0700142,0.2016114592552185,0.224284,1.13324,0.28953,0.742992,,,3.26329,0.0366344,0.0472628,748.530029296875,,,,,,,50.10000000000001,5.566666666666667,46,5.111111111111111,,,,,,,,,,,,,,,,,,,"Hunter Harvey","15507",640451
"Lake Bachar","MIA",1,1,0,4.20483,18,0,0,3,,18,79,17,9,9,3,8,,1,19,9.4859,3.73778,2.53785,1.29466,0.244808,0.0964628,0.14834491908550262,0.236771,1.32443,0.289676,0.730276,,,4.269,0.0360476,0.0410138,999,,,,,,,75.10000000000001,4.1722222222222225,74,4.111111111111111,,,,,,,,,,,,,,,,,,,"Lake Bachar","19222",669199
"Craig Yoho","MIL",1,1,0,4.11258,19,0,0,3,,19,83,17,10,9,2,9,,1,20,9.49944,4.05419,2.34312,1.09456,0.246235,0.105089,0.14114662259817123,0.231649,1.32114,0.290164,0.717232,,,4.16347,0.03567,-0.00245343,999,,,,,,,93.8,4.936842105263158,91,4.7894736842105265,,,,,,,,,,,,,,,,,,,"Craig Yoho","33248",684974
"Jason Foley","SFG",1,1,0,3.63122,18,0,0,2,,18,76,18,8,7,2,5,,1,15,7.36862,2.60573,2.82785,0.778719,0.193612,0.0684661,0.12514597922563553,0.253676,1.27916,0.301448,0.724373,,,3.57983,0.035394,0.0282366,999,,,,,,,81.80000000000003,4.544444444444446,84,4.666666666666667,,,,,,,,,,,,,,,,,,,"Jason Foley","19531",671345
"Gavin Stone","LAD",0,0,0,4.46634,1,1,0,0,,3,13,3,2,2,0,1,,0,3,7.72479,3.09606,2.49504,1.38,0.199733,0.0800519,0.11968091130256653,0.257916,1.35464,0.294928,0.720232,,,4.52298,0.035109,-0.009203,999,,,,,,,17.400000000000002,5.800000000000001,18,6,,,,,,,,,,,,,,,,,,,"Gavin Stone","27792",694813
"Bryan King","HOU",1,1,0,3.99057,18,0,0,3,,18,76,17,9,8,2,6,,1,17,8.30732,2.94528,2.82055,1.1677,0.217948,0.0772714,0.14067646116018295,0.244521,1.26464,0.290437,0.723731,,,4.15499,0.033924,0.0313895,748.469970703125,,,,,,,89.40000000000002,4.966666666666668,89,4.944444444444445,,,,,,,,,,,,,,,,,,,"Bryan King","25890",687911
"Blake Treinen","LAD",1,1,0,4.01283,14,0,0,0,,14,60,13,7,6,2,6,,1,15,9.73633,3.69453,2.63534,1.0477,0.251878,0.0955773,0.1563011333346367,0.238641,1.32548,0.302959,0.724483,,,3.84209,0.0337893,0.00437311,999,,,,,,,54.20000000000003,3.8714285714285737,53,3.7857142857142856,,,,,,,,,,,,,,,,,,,"Blake Treinen","12572",595014
"Luis Gastelum","STL",1,1,0,4.22912,18,0,0,4,,18,77,17,9,8,2,6,,1,17,8.58393,3.18504,2.69508,1.21297,0.222878,0.0826984,0.14018011838197708,0.247919,1.31479,0.296387,0.713514,,,4.16467,0.0337155,0.0197915,999,,,,,,,93.40000000000002,5.18888888888889,93,5.166666666666667,,,,,,,,,,,,,,,,,,,"Luis Gastelum","33027",703725
"Ty Johnson","TBR",0,0,0,4.25067,1,1,0,0,,3,13,3,2,1,0,1,,0,3,9.00804,3.53943,2.54506,1.317,0.233103,0.0915905,0.14151250571012497,0.237455,1.30648,0.284176,0.726645,,,4.3542,0.0336298,-0.00884673,999,,,,,,,17.400000000000002,5.800000000000001,18,6,,,,,,,,,,,,,,,,,,,"Ty Johnson","sa3023410",694494
"Grant Anderson","MIL",1,1,0,4.33509,20,0,0,4,,20,88,19,11,10,3,8,,1,20,8.88478,3.69067,2.40736,1.32562,0.229199,0.0952074,0.13399144262075424,0.24145,1.34105,0.287984,0.723629,,,4.40426,0.0336173,-0.0434684,999,,,,,,,90.69999999999999,4.534999999999999,90,4.5,,,,,,,,,,,,,,,,,,,"Grant Anderson","20546",681982
"Rico Garcia","BAL",1,1,0,4.32553,19,0,1,4,,19,83,18,10,9,3,8,,1,21,9.62523,3.71425,2.59143,1.43673,0.24843,0.0958661,0.15256407856941223,0.238631,1.33475,0.289362,0.734184,,,4.36901,0.0335908,-0.00949125,999,,,,,,,92.89999999999999,4.889473684210526,92,4.842105263157895,,,,,,,,,,,,,,,,,,,"Rico Garcia","20023",670329
"Kyle Finnegan","DET",1,1,0,4.27045,21,0,1,4,,21,90,20,11,10,3,9,,0,19,8.0914,3.8937,2.07808,1.10264,0.20668,0.0994576,0.10722284764051437,0.246988,1.39526,0.292121,0.719227,,,4.26175,0.03353,0.0172746,639.030029296875,,,,,,,98.5,4.690476190476191,98,4.666666666666667,,,,,,,,,,,,,,,,,,,"Kyle Finnegan","15009",640448
"Kody Funderburk","MIN",1,1,0,4.0171,18,0,0,3,,18,80,18,9,8,2,9,,1,16,8.06841,4.25712,1.89527,0.795252,0.204143,0.107712,0.09643141180276871,0.250467,1.43786,0.305679,0.723,,,4.08332,0.0334154,0.0363807,748.510009765625,,,,,,,75.80000000000003,4.211111111111112,78,4.333333333333333,,,,,,,,,,,,,,,,,,,"Kody Funderburk","24993",681892
"Hoby Milner","CHC",1,1,0,4.18714,19,0,0,3,,19,80,19,9,9,2,6,,1,14,6.83754,2.72854,2.50593,1.02479,0.176987,0.0706274,0.10635996609926224,0.261717,1.33272,0.29922,0.704458,,,4.14673,0.0328525,0.0619659,999,,,,,,,85.6,4.505263157894737,88,4.631578947368421,,,,,,,,,,,,,,,,,,,"Hoby Milner","13346",571948
"Jhony Brito","SDP",1,1,0,4.29132,11,1,0,0,,14,59,14,7,7,2,5,,0,11,7.14331,3.04534,2.34565,1.15821,0.184455,0.0786369,0.10581804066896439,0.256945,1.34884,0.292926,0.711335,,,4.30623,0.0327139,-0.0347549,999,,,,,,,49.6,3.542857142857143,51,3.642857142857143,,,,,,,,,,,,,,,,,,,"Jhony Brito","25386",666745
"Chris Martin","TEX",1,1,0,3.84404,13,0,0,0,,13,56,13,6,6,2,3,,0,12,8.05793,1.829,4.40565,1.15435,0.215014,0.0488042,0.16620999202132225,0.253313,1.19749,0.298472,0.720667,,,3.70338,0.0326064,0.016367,638.3599853515625,,,,,,,52.8,4.061538461538461,54,4.153846153846154,,,,,,,,,,,,,,,,,,,"Chris Martin","11847",455119
"Cionel Pérez","NYM",1,1,0,4.05326,18,0,0,3,,18,80,17,9,8,2,9,,1,17,8.37679,4.44804,1.88326,0.876675,0.213626,0.113435,0.10019179433584213,0.238857,1.4068,0.291921,0.719889,,,4.12359,0.0324315,0.0126372,999,,,,,,,80.40000000000002,4.466666666666668,80,4.444444444444445,,,,,,,,,,,,,,,,,,,"Cionel Perez","19614",672335
"Paul Blackburn","NYY",1,1,0,4.35791,20,0,0,4,,20,86,20,11,10,3,7,,1,17,7.56426,2.96333,2.55262,1.19229,0.194965,0.0763787,0.1185866966843605,0.255224,1.33672,0.29417,0.703875,,,4.24154,0.0323855,-0.0538971,999,,,,,,,85.1,4.255,87,4.35,,,,,,,,,,,,,,,,,,,"Paul Blackburn","14739",621112
"Eddy Yean","WSN",1,1,0,4.31203,19,0,1,4,,19,85,19,10,9,2,9,,1,15,6.86425,4.13811,1.65879,1.009,0.173132,0.104372,0.06875920295715332,0.258487,1.46742,0.296198,0.721782,,,4.56313,0.0319981,0.0100794,999,,,,,,,87.6,4.610526315789474,90,4.7368421052631575,,,,,,,,,,,,,,,,,,,"Eddy Yean","24248",678868
"Kyle Backhus","PHI",1,1,0,4.16981,16,0,0,1,,16,67,15,8,7,2,6,,1,15,8.66957,3.31972,2.61154,1.11941,0.224952,0.0861376,0.1388140469789505,0.24656,1.31603,0.298776,0.711948,,,4.122,0.0316877,0.0262016,999,,,,,,,67.80000000000001,4.237500000000001,67,4.1875,,,,,,,,,,,,,,,,,,,"Kyle Backhus","29615",679775
"Elmer Rodríguez","NYY",0,1,0,4.27009,6,1,0,0,,8,36,8,4,4,1,4,,0,7,7.80201,3.89412,2.00354,1.04576,0.199328,0.099488,0.09983982145786285,0.246577,1.38823,0.290215,0.709974,,,4.30783,0.0315907,0.0741716,748.5700073242188,,,,,,,28.100000000000005,3.5125000000000006,29,3.625,,,,,,,,,,,,,,,,,,,"Elmer Rodriguez","31811",695684
"Noah Murdock","PIT",1,1,0,4.08715,16,0,0,1,,16,73,16,8,7,1,9,,1,14,7.92616,4.89828,1.61815,0.78,0.198683,0.122784,0.07589912414550781,0.251046,1.50629,0.305565,0.728373,,,4.27651,0.0303297,0.0261825,999,,,,,,,66.5,4.15625,69,4.3125,,,,,,,,,,,,,,,,,,,"Noah Murdock","27908",668716
"John Klein","MIN",1,1,0,4.61685,9,1,0,0,,11,50,11,6,6,2,4,,1,10,7.81057,3.48265,2.24271,1.24113,0.19907,0.0887632,0.1103069856762886,0.255946,1.383,0.29736,0.696502,,,4.57046,0.0295828,-0.021079,999,,,,,,,33.2,3.0181818181818185,34,3.090909090909091,,,,,,,,,,,,,,,,,,,"John Klein","32155",804619
"Chris Murphy","CHW",1,1,0,4.32891,19,0,0,3,,19,83,18,10,9,2,9,,1,18,8.30219,4.39597,1.88859,1.04382,0.210299,0.111352,0.09894680231809616,0.244013,1.42327,0.293219,0.715588,,,4.43866,0.029564,0.00397481,999,,,,,,,87.2,4.589473684210526,87,4.578947368421052,,,,,,,,,,,,,,,,,,,"Chris Murphy","26214",669684
"Jared Koenig","MIL",1,1,0,3.78789,15,0,0,0,,15,63,13,7,6,2,6,,1,15,9.03313,3.53249,2.55716,0.977116,0.235226,0.0919873,0.14323847740888596,0.237325,1.30039,0.294598,0.734308,,,3.83783,0.0294509,0.0182544,748.489990234375,,,,,,,61.60000000000001,4.106666666666667,58,3.8666666666666667,,,,,,,,,,,,,,,,,,,"Jared Koenig","27517",657649
"Blake Wehunt","BOS",0,0,0,4.52747,1,1,0,0,,3,14,3,2,2,0,1,,0,3,7.3711,3.52622,2.09037,1.165,0.18813,0.0899985,0.09813160449266434,0.260395,1.41177,0.299986,0.706056,,,4.46376,0.0293469,-0.00140066,999,,,,,,,17.400000000000002,5.800000000000001,18,6,,,,,,,,,,,,,,,,,,,"Blake Wehunt","sa3023220",687762
"Kyle Hurt","LAD",1,1,0,4.16482,13,0,0,0,,13,56,11,7,6,2,7,,1,15,10.131,4.54493,2.22907,1.1007,0.259697,0.116505,0.1431921273469925,0.229412,1.37283,0.294108,0.723929,,,4.10325,0.0284819,-0.0114949,999,,,,,,,48.99999999999999,3.7692307692307687,45,3.4615384615384617,,,,,,,,,,,,,,,,,,,"Kyle Hurt","27514",669165
"Kyle Hart","SDP",1,1,0,4.13534,19,0,0,3,,19,80,18,9,9,2,6,,1,17,8.15237,3.05156,2.67154,1.19845,0.211196,0.079054,0.13214223831892014,0.251597,1.31822,0.296551,0.72409,,,4.2209,0.028266,0.0508502,999,,,,,,,94.2,4.957894736842105,94,4.947368421052632,,,,,,,,,,,,,,,,,,,"Kyle Hart","19646",606996
"Brandon Leibrandt","CIN",0,0,0,5.06275,4,1,0,0,,6,28,7,4,4,1,2,,0,5,6.45496,2.81072,2.29655,1.57876,0.164166,0.0714835,0.09268214553594589,0.273918,1.41457,0.295982,0.691561,,,4.99005,0.0278327,-0.01164,999,,,,,,,17.90000000000001,2.9833333333333347,21,3.5,,,,,,,,,,,,,,,,,,,"Brandon Leibrandt","16135",605335
"Kai-Wei Teng","HOU",1,1,0,4.47005,14,1,0,0,,16,70,15,9,8,2,7,,2,16,9.06821,3.98795,2.2739,1.16922,0.232707,0.102338,0.13036900758743286,0.240044,1.34839,0.294388,0.694934,,,4.4589,0.0257969,0.0791077,999,,,,,,,59.80000000000001,3.7375000000000007,59,3.6875,,,,,,,,,,,,,,,,,,,"Kai-Wei Teng","24282",678906
"Brycen Mautz","STL",1,1,0,4.48671,12,1,0,0,,16,71,16,9,8,2,7,,1,13,7.489,3.68358,2.03308,1.16274,0.190363,0.0936327,0.0967298224568367,0.255111,1.40472,0.294573,0.706313,,,4.5327,0.0253831,-0.0062141,999,,,,,,,54.20000000000001,3.3875000000000006,56,3.5,,,,,,,,,,,,,,,,,,,"Brycen Mautz","31910",802408
"Dedniel Núñez","NYM",1,1,0,3.80334,13,0,0,0,,13,56,12,6,6,2,6,,0,13,9.18259,3.79287,2.42102,1.088,0.238952,0.0986989,0.1402527168393135,0.231075,1.30255,0.284523,0.746138,,,4.01086,0.0251577,0.0113171,999,,,,,,,48.39999999999999,3.7230769230769223,47,3.6153846153846154,,,,,,,,,,,,,,,,,,,"Dedniel Nunez","23055",673380
"DL Hall","MIL",1,1,0,4.04087,16,0,0,1,,16,70,14,8,7,2,9,,1,17,9.37441,4.87552,1.92275,0.947786,0.237932,0.123746,0.11418638378381729,0.230524,1.41556,0.290698,0.732087,,,4.15684,0.0248704,0.0156042,999,,,,,,,65.4,4.0875,62,3.875,,,,,,,,,,,,,,,,,,,"DL Hall","22207",669084
"Drew Rom","MIL",1,1,0,3.97001,11,0,0,0,,11,48,10,5,5,1,4,,1,12,9.39561,3.4657,2.71102,1.12234,0.245917,0.09071,0.15520703047513962,0.23423,1.27589,0.290799,0.724104,,,3.96897,0.0248632,0.0174658,999,,,,,,,52.10000000000001,4.736363636363637,51,4.636363636363637,,,,,,,,,,,,,,,,,,,"Drew Rom","24602",680723
"Jesse Scholtens","TBR",0,0,0,4.71509,3,1,0,0,,6,25,6,3,3,1,2,,0,5,7.37757,2.83239,2.60472,1.46518,0.18901,0.0725646,0.11644570529460907,0.262936,1.36169,0.29479,0.702387,,,4.65189,0.0244083,-0.0226322,999,,,,,,,20.500000000000007,3.416666666666668,21,3.5,,,,,,,,,,,,,,,,,,,"Jesse Scholtens","19205",669947
"Jack Wenninger","NYM",0,0,0,4.46643,1,1,0,0,,3,13,3,2,1,0,1,,0,2,7.16902,3.8136,1.87985,1.17,0.181615,0.0966113,0.08500377833843231,0.257413,1.43178,0.29371,0.716155,,,4.61634,0.0240577,-0.0168694,999,,,,,,,15.400000000000002,5.133333333333334,16,5.333333333333333,,,,,,,,,,,,,,,,,,,"Jack Wenninger","sa3023282",811307
"Joey Estes","ATH",1,2,1,5.27468,12,2,0,0,,21,93,23,13,12,4,6,,1,15,6.30202,2.69419,2.33912,1.6863,0.160697,0.0686999,0.0919974073767662,0.270463,1.37915,0.287435,0.673286,,,5.2401,0.0240348,-0.00613127,999,,,,,,,55.400000000000006,2.6380952380952385,62,2.9523809523809526,,,,,,,,,,,,,,,,,,,"Joey Estes","26257",683155
"Tom Cosgrove","WSN",1,1,0,4.80489,20,0,1,5,,20,89,20,12,11,2,9,,2,17,7.71316,4.21745,1.82887,1.09418,0.192529,0.105272,0.08725671470165253,0.255775,1.46607,0.299841,0.685929,,,4.63098,0.0237686,-0.160978,999,,,,,,,97.4,4.87,100,5,,,,,,,,,,,,,,,,,,,"Tom Cosgrove","23443",676680
"A.J. Puk","ARI",0,0,0,3.6101,7,0,0,0,,7,27,6,3,3,1,2,,0,7,10.0897,3.35547,3.00693,0.947,0.266926,0.0887704,0.1781558096408844,0.229878,1.24107,0.299145,0.738132,,,3.50434,0.0237576,0.018174,748.5,,,,,,,31.900000000000013,4.557142857142859,30,4.285714285714286,,,,,,,,,,,,,,,,,,,"A.J. Puk","19343",640462
"Taylor Clarke","ARI",1,1,0,4.22065,19,0,0,4,,19,81,20,10,9,2,5,,1,14,6.60271,2.41648,2.73236,1.14494,0.170923,0.0625551,0.10836819559335709,0.267259,1.33171,0.300254,0.714223,,,4.23825,0.0233177,0.00832863,999,,,,,,,90,4.7368421052631575,95,5,,,,,,,,,,,,,,,,,,,"Taylor Clarke","17611",664199
"Brandon Eisert","PIT",1,1,0,3.97327,13,0,0,0,,13,56,12,6,6,2,5,,0,13,8.92406,3.21891,2.77239,1.06997,0.232416,0.0838324,0.14858321845531464,0.242408,1.29616,0.296841,0.723055,,,3.85633,0.0231534,0.0226746,999,,,,,,,51.39999999999999,3.953846153846153,50,3.8461538461538463,,,,,,,,,,,,,,,,,,,"Brandon Eisert","27668",685126
"CJ Van Eyk","TOR",1,1,0,4.68721,13,1,0,0,,15,67,16,9,8,2,5,,1,10,6.127,3.03312,2.02003,1.19179,0.155623,0.0770398,0.07858298718929291,0.269381,1.40651,0.296825,0.689278,,,4.68269,0.0229895,-0.0425487,999,,,,,,,46.800000000000004,3.12,51,3.4,,,,,,,,,,,,,,,,,,,"CJ Van Eyk","27568",669310
"Trenton Denholm","CLE",0,0,0,4.4021,5,1,0,0,,7,32,8,4,4,1,2,,0,6,6.68736,2.17256,3.0781,1.324,0.173897,0.056495,0.11740201339125633,0.266143,1.30269,0.295132,0.707576,,,4.39166,0.0227672,-0.015853,999,,,,,,,24.7,3.5285714285714285,28,4,,,,,,,,,,,,,,,,,,,"Trenton Denholm","sa3018139",671143
"Chuck King","PHI",0,0,0,4.6382,3,1,0,0,,6,24,6,3,3,1,2,,0,4,6.2248,2.97888,2.08965,1.332,0.159282,0.0762243,0.08305763453245163,0.268752,1.39774,0.293565,0.707769,,,4.76934,0.0227159,0.0112967,999,,,,,,,18.500000000000007,3.0833333333333344,19,3.1666666666666665,,,,,,,,,,,,,,,,,,,"Chuck King","sa3023436",666155
"Julian Aguiar","CIN",0,0,0,4.80463,5,1,0,0,,7,31,7,4,4,1,3,,0,6,7.17764,3.3985,2.112,1.451,0.182227,0.0862816,0.09594547003507614,0.2636,1.41658,0.294277,0.709431,,,4.91569,0.0223549,0.00412021,999,,,,,,,24.3,3.4714285714285715,25,3.5714285714285716,,,,,,,,,,,,,,,,,,,"Julian Aguiar","30031",687924
"Brandon Williamson","CIN",0,1,0,5.03228,9,1,0,0,,12,51,12,7,6,2,5,,1,10,7.58802,4.14521,1.83055,1.40479,0.189961,0.103773,0.08618827909231186,0.257126,1.46811,0.291667,0.692896,,,5.01241,0.0223471,-0.00570585,748.4500122070312,,,,,,,35.000000000000014,2.916666666666668,36,3,,,,,,,,,,,,,,,,,,,"Brandon Williamson","25463",682227
"Trevor Richards","CHW",1,1,0,4.6548,18,0,0,2,,18,76,17,10,9,3,7,,0,18,9.28027,3.54464,2.61812,1.4039,0.238268,0.0910074,0.1472606062889099,0.244512,1.35022,0.293803,0.700998,,,4.32424,0.0218481,-0.0247203,999,,,,,,,75.10000000000001,4.1722222222222225,74,4.111111111111111,,,,,,,,,,,,,,,,,,,"Trevor Richards","19309",670950
"Gerardo Carrillo","ARI",1,1,0,4.16505,16,0,0,1,,16,69,15,8,7,2,7,,1,15,8.42201,4.20336,2.00364,0.908356,0.213559,0.106586,0.10697346925735474,0.249269,1.42173,0.305651,0.717584,,,4.20584,0.021693,0.0218256,999,,,,,,,64.80000000000001,4.050000000000001,64,4,,,,,,,,,,,,,,,,,,,"Gerardo Carrillo","22754",672629
"Cole Sulser","TBR",1,1,0,4.04681,15,0,0,0,,15,62,14,7,7,2,5,,0,14,8.52423,3.05658,2.78882,1.18522,0.22283,0.0799015,0.14292891323566437,0.243813,1.28745,0.290575,0.725931,,,4.0163,0.0215874,0.0199234,999,,,,,,,63.00000000000001,4.2,62,4.133333333333334,,,,,,,,,,,,,,,,,,,"Cole Sulser","15256",642121
"Ryan Walker","SFG",1,1,0,3.7544,15,0,0,0,,15,64,14,7,6,1,6,,1,15,8.74602,3.36352,2.60026,0.856147,0.228489,0.0878717,0.14061764627695084,0.240957,1.29161,0.30001,0.722611,,,3.73395,0.0214728,0.012364,144.55999755859375,,,,,,,71.30000000000001,4.753333333333334,71,4.733333333333333,,,,,,,,,,,,,,,,,,,"Ryan Walker","20423",676254
"Thomas Pannone","MIL",0,0,0,4.31339,5,1,0,0,,8,33,8,4,4,1,2,,0,6,6.58938,2.51158,2.62361,1.375,0.171159,0.0652382,0.10592105239629745,0.261612,1.31445,0.287234,0.725453,,,4.59122,0.0206267,0.00609239,999,,,,,,,32.10000000000001,4.012500000000001,33,4.125,,,,,,,,,,,,,,,,,,,"Thomas Pannone","17281",623381
"Ryan Helsley","BAL",1,0,0,3.49916,7,0,0,0,,7,30,6,3,3,1,3,,0,9,10.8347,3.62399,2.98971,1.02211,0.286778,0.0959219,0.19085630029439926,0.21986,1.23196,0.291598,0.754672,,,3.45626,0.020616,0.0156276,85.58999633789062,,,,,,,32.90000000000001,4.700000000000002,31,4.428571428571429,,,,,,,,,,,,,,,,,,,"Ryan Helsley","18138",664854
"Jace Beck","CHC",0,0,0,4.66903,1,1,0,0,,3,14,3,2,2,0,2,,0,3,8.66667,4.65058,1.86357,1.272,0.217829,0.116888,0.10094070434570312,0.24508,1.46105,0.292122,0.716706,,,4.72406,0.0198197,-0.0128334,999,,,,,,,14.400000000000002,4.800000000000001,15,5,,,,,,,,,,,,,,,,,,,"Jace Beck","sa3011811",689476
"Graham Ashcraft","CIN",0,0,0,4.04618,7,0,0,0,,7,32,7,4,3,1,3,,0,7,8.7682,3.35124,2.6164,0.900965,0.227729,0.087039,0.1406901702284813,0.244496,1.31666,0.302809,0.704235,,,3.71018,0.0197685,-0.00741288,999,,,,,,,26.300000000000015,3.7571428571428593,27,3.857142857142857,,,,,,,,,,,,,,,,,,,"Graham Ashcraft","27552",668933
"Félix Bautista","BAL",0,0,0,3.08284,4,0,0,0,,4,16,3,1,1,0,2,,0,6,12.6714,4.1551,3.0496,0.872,0.339312,0.111265,0.22804788500070572,0.196248,1.17828,0.288684,0.772756,,,3.04704,0.0196786,0.0316325,999,,,,,,,27.8,6.95,26,6.5,,,,,,,,,,,,,,,,,,,"Felix Bautista","20666",642585
"Drew Thorpe","CHW",0,0,0,4.73236,1,1,0,0,,3,14,3,2,2,0,1,,0,2,6.89816,3.48415,1.97987,1.416,0.175211,0.0884962,0.08671446889638901,0.260701,1.41776,0.288263,0.713006,,,4.88578,0.0195065,-0.00863969,999,,,,,,,15.400000000000002,5.133333333333334,16,5.333333333333333,,,,,,,,,,,,,,,,,,,"Drew Thorpe","31967",689672
"Brandon White","MIA",0,0,0,4.72647,1,1,0,0,,3,13,3,2,2,0,1,,0,2,6.47994,2.88411,2.24677,1.396,0.165596,0.0737038,0.09189188480377197,0.265591,1.37762,0.290486,0.702013,,,4.78857,0.0193945,-0.00800813,999,,,,,,,15.400000000000002,5.133333333333334,16,5.333333333333333,,,,,,,,,,,,,,,,,,,"Brandon White","sa3020589",681449
"Brendan Beck","NYY",1,1,0,4.46454,9,1,0,0,,11,46,11,6,5,2,3,,0,9,7.5309,2.62328,2.8708,1.45794,0.196902,0.0685881,0.12831436842679977,0.250973,1.27659,0.281272,0.705673,,,4.51545,0.0193352,-0.0133373,999,,,,,,,37.20000000000001,3.3818181818181827,38,3.4545454545454546,,,,,,,,,,,,,,,,,,,"Brendan Beck","33043",694341
"Ben Lively","CLE",0,0,0,4.78399,4,1,0,0,,7,29,7,4,4,1,2,,0,5,7.29206,2.84093,2.56678,1.44,0.185137,0.0721279,0.11300880461931229,0.267018,1.38991,0.299469,0.705271,,,4.62899,0.0191986,-0.0158469,999,,,,,,,25.3,3.6142857142857143,26,3.7142857142857144,,,,,,,,,,,,,,,,,,,"Ben Lively","14932",594902
"Yoendrys Gómez","MIN",1,1,0,4.57252,22,0,8,1,,22,94,20,12,11,3,10,,1,21,8.92748,3.97056,2.24842,1.26695,0.226896,0.100914,0.12598229944705963,0.244382,1.38621,0.294135,0.705273,,,4.47007,0.0189697,-0.0321541,999,,,,,,,126.9,5.7681818181818185,124,5.636363636363637,,,,,,,,,,,,,,,,,,,"Yoendrys Gomez","22872",672782
"C.J. Culpepper","MIN",0,0,0,4.5034,3,1,0,0,,6,25,6,3,3,1,3,,0,4,6.94997,4.16551,1.66845,1.041,0.174265,0.104447,0.06981787830591202,0.260877,1.48394,0.299196,0.712033,,,4.62049,0.0189289,0.00701527,999,,,,,,,15.500000000000005,2.5833333333333344,16,2.6666666666666665,,,,,,,,,,,,,,,,,,,"C.J. Culpepper","sa3020563",690217
"Nestor German","BAL",0,0,0,4.67732,1,1,0,0,,3,13,3,2,2,0,1,,0,2,7.37964,3.30477,2.23303,1.422,0.188832,0.0845632,0.10426893085241318,0.260547,1.39447,0.293198,0.713791,,,4.72231,0.0184157,-0.0124779,999,,,,,,,15.400000000000002,5.133333333333334,16,5.333333333333333,,,,,,,,,,,,,,,,,,,"Nestor German","sa3023517",815148
"Nate Lavender","NYM",0,0,0,3.35836,7,0,0,0,,7,28,5,3,2,1,3,,0,8,10.5825,3.83771,2.7575,0.986,0.278909,0.101146,0.17776326090097427,0.215919,1.23406,0.284341,0.76688,,,3.60824,0.0183916,0.0134308,999,,,,,,,33.500000000000014,4.785714285714287,29,4.142857142857143,,,,,,,,,,,,,,,,,,,"Nate Lavender","sa3017917",681320
"Andrew Nardi","MIA",1,1,0,3.81295,9,0,0,0,,9,36,7,4,4,1,4,,0,10,10.8711,3.98355,2.729,1.14225,0.283102,0.103738,0.17936382442712784,0.224346,1.29046,0.294936,0.747457,,,3.8063,0.0181305,0.0189014,999,,,,,,,44.10000000000001,4.900000000000001,40,4.444444444444445,,,,,,,,,,,,,,,,,,,"Andrew Nardi","25942",677053
"Pete Hansen","STL",0,0,0,4.53363,1,1,0,0,,3,13,3,2,2,0,1,,0,2,5.96667,3.12661,1.90835,1.246,0.151819,0.0795551,0.07226397842168808,0.269106,1.41725,0.293434,0.713198,,,4.75726,0.0175585,-0.0139643,999,,,,,,,15.400000000000002,5.133333333333334,16,5.333333333333333,,,,,,,,,,,,,,,,,,,"Pete Hansen","sa3020798",677337
"Cade Gibson","MIA",1,1,0,4.14447,20,0,0,4,,20,86,20,10,9,2,8,,2,16,7.35405,3.62772,2.02718,0.9203,0.186839,0.0921672,0.09467232972383499,0.257049,1.39902,0.302416,0.71444,,,4.30136,0.0174932,0.0734626,999,,,,,,,89.4,4.470000000000001,92,4.6,,,,,,,,,,,,,,,,,,,"Cade Gibson","31815",806188
"Luis Gil","NYY",0,1,0,4.6751,7,1,0,0,,9,38,8,5,5,1,4,,0,9,9.04854,4.45484,2.03117,1.44849,0.229884,0.113178,0.11670585721731186,0.23509,1.3943,0.27768,0.713607,,,4.83543,0.0172055,-0.0142146,376.5,,,,,,,39.500000000000014,4.38888888888889,38,4.222222222222222,,,,,,,,,,,,,,,,,,,"Luis Gil","21052",661563
"Justin Steele","CHC",0,0,0,3.04873,4,0,0,0,,4,16,3,1,1,0,1,,0,4,9.98708,2.1708,4.60064,0.893,0.274316,0.0596255,0.21469007804989815,0.228629,1.10245,0.297885,0.759051,,,3.01494,0.0171524,0.0316262,605.5,,,,,,,26.8,6.7,25,6.25,,,,,,,,,,,,,,,,,,,"Justin Steele","17312",657006
"Ryan Thompson","ARI",1,1,0,3.94119,17,0,0,2,,17,73,18,8,7,2,5,,1,13,6.74394,2.76941,2.43516,0.883441,0.17483,0.0717943,0.10303600132465363,0.262649,1.33926,0.303049,0.718032,,,3.96273,0.0169344,0.0222947,748.4299926757812,,,,,,,70.40000000000002,4.141176470588237,75,4.411764705882353,,,,,,,,,,,,,,,,,,,"Ryan Thompson","16647",657044
"Jonathan Pintaro","NYM",1,1,0,4.10446,15,0,0,0,,15,65,14,7,7,2,6,,1,15,8.7919,3.74949,2.34483,1.06367,0.225634,0.0962263,0.12940775603055954,0.245149,1.35606,0.30005,0.72247,,,4.1844,0.0168998,0.0111266,999,,,,,,,59.00000000000001,3.933333333333334,58,3.8666666666666667,,,,,,,,,,,,,,,,,,,"Jonathan Pintaro","33980",702752
"John Schreiber","KCR",1,1,0,4.54304,20,0,1,4,,20,87,20,11,10,3,8,,1,17,7.84198,3.53376,2.21916,1.16798,0.200163,0.0901975,0.1099652647972107,0.254956,1.39101,0.298,0.698782,,,4.36587,0.0165933,-0.00656449,999,,,,,,,87.1,4.3549999999999995,89,4.45,,,,,,,,,,,,,,,,,,,"John Schreiber","20020",670167
"Will Vest","DET",0,0,0,3.37193,5,0,0,0,,5,22,5,2,2,0,2,,0,5,9.10234,2.94491,3.09087,0.728097,0.241732,0.0782084,0.16352390497922897,0.233828,1.21954,0.297892,0.731609,,,3.24172,0.016553,0.0159273,485.7300109863281,,,,,,,28,5.6,29,5.8,,,,,,,,,,,,,,,,,,,"Will Vest","19769",676684
"Ryan Fernandez","STL",1,1,0,4.01686,13,0,0,0,,13,58,12,6,6,2,6,,0,14,9.62173,4.11046,2.34079,1.02838,0.247698,0.105818,0.14187978208065033,0.234695,1.35664,0.296354,0.729158,,,3.90199,0.0164459,0.0144217,999,,,,,,,50.39999999999999,3.8769230769230765,49,3.769230769230769,,,,,,,,,,,,,,,,,,,"Ryan Fernandez","24862",681676
"Jason Adam","SDP",1,1,0,3.88267,14,0,0,0,,14,59,12,7,6,2,5,,1,13,8.53906,3.23388,2.6405,1.09039,0.225252,0.0853065,0.13994522392749786,0.23171,1.23498,0.2785,0.721021,,,4.08613,0.0161273,-0.00343459,999,,,,,,,55.800000000000026,3.9857142857142875,52,3.7142857142857144,,,,,,,,,,,,,,,,,,,"Jason Adam","11861",592094
"Yorman Gómez","CLE",1,1,0,4.45234,9,1,0,0,,11,48,11,6,5,2,4,,0,10,7.86142,3.51932,2.23379,1.25,0.200695,0.0898453,0.11085013300180435,0.254064,1.38686,0.294763,0.717138,,,4.46655,0.0156462,-0.0167518,999,,,,,,,36.20000000000001,3.290909090909092,37,3.3636363636363638,,,,,,,,,,,,,,,,,,,"Yorman Gomez","sa3015931",691414
"Brad Lord","WSN",1,1,0,4.09421,14,0,0,0,,14,59,13,7,6,2,5,,1,12,7.59374,2.97429,2.55313,1.03543,0.197678,0.0774257,0.1202520951628685,0.252648,1.31039,0.29621,0.70837,,,4.08703,0.0149453,0.00427641,999,,,,,,,51.2,3.6571428571428575,50,3.5714285714285716,,,,,,,,,,,,,,,,,,,"Brad Lord","31972",695418
"Mike Paredes","MIN",1,1,0,4.80367,7,1,0,0,,12,52,13,7,6,2,4,,1,8,6.24452,2.98552,2.09161,1.35314,0.158403,0.0757328,0.08267029374837875,0.270563,1.41429,0.295288,0.696398,,,4.81363,0.0145962,0.0818829,999,,,,,,,31.40000000000002,2.6166666666666685,35,2.9166666666666665,,,,,,,,,,,,,,,,,,,"Mike Paredes","30187",702474
"Bradley Blalock","MIA",1,1,0,4.87587,7,1,0,0,,12,51,13,7,6,2,5,,0,8,6.31913,3.56326,1.77341,1.316,0.159058,0.0896906,0.06936758011579514,0.270504,1.47301,0.297075,0.703162,,,4.90377,0.014303,0.0834673,999,,,,,,,31.40000000000002,2.6166666666666685,35,2.9166666666666665,,,,,,,,,,,,,,,,,,,"Bradley Blalock","26419",687134
"Sam Aldegheri","LAA",1,2,1,5.14465,13,2,0,0,,20,90,21,12,12,3,9,,1,15,6.73644,4.07147,1.65455,1.3911,0.167665,0.101336,0.06632911413908005,0.264212,1.4961,0.291789,0.687032,,,5.1639,0.0142732,-0.0135614,999,,,,,,,56.49999999999999,2.8249999999999997,61,3.05,,,,,,,,,,,,,,,,,,,"Sam Aldegheri","26443",691951
"Isaac Mattson","PIT",1,1,0,4.1455,14,0,0,0,,14,60,13,7,6,2,6,,1,13,8.49716,4.15424,2.04542,1.09766,0.21642,0.105807,0.1106126680970192,0.239605,1.3862,0.287398,0.732444,,,4.31768,0.014254,0.00811606,999,,,,,,,50.20000000000003,3.585714285714288,49,3.5,,,,,,,,,,,,,,,,,,,"Isaac Mattson","20385",676755
"Jake Bird","NYY",1,1,0,4.04538,11,0,0,0,,11,49,10,6,5,1,5,,1,12,9.40069,3.74709,2.5088,0.992422,0.243511,0.0970628,0.1464482918381691,0.234769,1.30314,0.296099,0.708977,,,3.99049,0.0139931,-0.0165188,999,,,,,,,49.10000000000001,4.463636363636365,48,4.363636363636363,,,,,,,,,,,,,,,,,,,"Jake Bird","21267",656234
"James Karinchak","ATL",1,1,0,4.30969,15,0,0,0,,15,67,13,8,7,2,8,,0,18,10.5821,4.93506,2.14426,1.23559,0.268153,0.125056,0.14309723675251007,0.224466,1.40256,0.287637,0.733057,,,4.28044,0.0139276,-0.00966006,999,,,,,,,64.60000000000001,4.3066666666666675,61,4.066666666666666,,,,,,,,,,,,,,,,,,,"James Karinchak","20151",675916
"Jake Bloss","TOR",0,0,0,4.72621,4,1,0,0,,6,27,7,4,3,1,2,,0,5,6.9801,3.19241,2.18646,1.398,0.17767,0.0812589,0.09641070663928986,0.26279,1.39839,0.292158,0.707317,,,4.75894,0.013858,-0.0288113,999,,,,,,,17.90000000000001,2.9833333333333347,21,3.5,,,,,,,,,,,,,,,,,,,"Jake Bloss","33168",814005
"Matt Festa","CLE",1,1,0,4.20167,17,0,0,3,,17,71,15,8,8,2,6,,1,17,9.06407,3.11393,2.91081,1.18759,0.236922,0.0813938,0.15552818775177002,0.240986,1.27113,0.293783,0.706045,,,4.04648,0.0138235,0.0135114,999,,,,,,,87.20000000000002,5.129411764705884,84,4.9411764705882355,,,,,,,,,,,,,,,,,,,"Matt Festa","19330",670036
"Julian Garcia","CIN",1,1,0,4.66477,17,0,0,1,,17,74,16,10,9,3,8,,1,19,9.82142,4.07657,2.40924,1.47876,0.250221,0.103859,0.14636177569627762,0.244075,1.39199,0.298922,0.715113,,,4.60487,0.0127703,-0.0325296,999,,,,,,,62.300000000000004,3.6647058823529415,61,3.588235294117647,,,,,,,,,,,,,,,,,,,"Julian Garcia","22362",670062
"Brendon Little","TOR",1,1,0,3.84855,17,0,0,2,,17,75,15,8,7,2,10,,1,19,10.0289,5.11857,1.95933,0.921057,0.25393,0.129601,0.12432922422885895,0.229263,1.43497,0.2982,0.747499,,,4.04131,0.0125788,0.014725,748.52001953125,,,,,,,75.20000000000002,4.423529411764707,72,4.235294117647059,,,,,,,,,,,,,,,,,,,"Brendon Little","21574",663893
"Robert Garcia","TEX",0,0,0,3.62903,5,0,0,0,,5,23,5,2,2,1,2,,0,6,9.80168,3.54729,2.76315,0.927949,0.257736,0.0932762,0.16445956379175186,0.227131,1.25656,0.291503,0.735573,,,3.55756,0.0125074,0.0159392,232.1199951171875,,,,,,,17.7,3.54,18,3.6,,,,,,,,,,,,,,,,,,,"Robert Garcia","23363",676395
"Paul Sewald","ARI",1,1,0,4.51813,19,0,1,4,,19,82,18,10,10,3,6,,1,20,9.4857,2.87141,3.3035,1.63037,0.248333,0.0751727,0.17316006869077682,0.241907,1.25737,0.286401,0.716271,,,4.45263,0.0122506,0.0121063,389.9100036621094,,,,,,,96.89999999999999,5.1,96,5.052631578947368,,,,,,,,,,,,,,,,,,,"Paul Sewald","13892",623149
"Tucker Davidson","PHI",0,0,0,4.97187,1,1,0,0,,3,13,3,2,2,0,1,,0,2,6.17737,4.38786,1.40783,1.277,0.15381,0.109253,0.0445571169257164,0.268849,1.54537,0.294856,0.706423,,,5.16503,0.0122311,-0.00568272,999,,,,,,,15.400000000000002,5.133333333333334,16,5.333333333333333,,,,,,,,,,,,,,,,,,,"Tucker Davidson","19871",656353
"Joe Mantiply","TOR",0,0,0,3.91848,7,0,0,0,,7,29,7,3,3,1,2,,0,6,7.63044,2.41155,3.16413,1.00068,0.199906,0.063179,0.1367272511124611,0.257458,1.28205,0.303003,0.71718,,,3.76617,0.0119378,0.0154797,999,,,,,,,27.3,3.9,28,4,,,,,,,,,,,,,,,,,,,"Joe Mantiply","14857",573009
"Mason Black","KCR",0,1,0,5.01327,8,1,0,0,,11,47,11,6,6,2,4,,1,8,7.23104,3.79813,1.90384,1.31197,0.181308,0.0952328,0.08607527613639832,0.264463,1.4648,0.299622,0.685969,,,4.86302,0.0118086,-0.0282813,999,,,,,,,29.200000000000003,2.6545454545454548,30,2.727272727272727,,,,,,,,,,,,,,,,,,,"Mason Black","30171",696131
"Wilber Dotel","PIT",1,2,0,4.44474,21,1,0,4,,23,101,23,12,11,3,9,,1,19,7.56145,3.55227,2.12863,1.16687,0.192731,0.0905426,0.10218880325555801,0.255393,1.39414,0.295492,0.709797,,,4.45249,0.0116979,0.0793921,999,,,,,,,97.50000000000001,4.239130434782609,100,4.3478260869565215,,,,,,,,,,,,,,,,,,,"Wilber Dotel","28901",696062
"David Morgan","SDP",1,1,0,4.01785,16,0,0,0,,16,69,14,8,7,2,7,,1,16,9.08837,3.9644,2.2925,1.01732,0.234771,0.102408,0.1323627457022667,0.23683,1.33716,0.294236,0.723027,,,4.105,0.0116634,-0.00393667,999,,,,,,,65.4,4.0875,62,3.875,,,,,,,,,,,,,,,,,,,"David Morgan","31616",688158
"Matt Svanson","STL",1,1,0,4.02521,17,0,0,2,,17,74,16,8,8,2,7,,1,16,8.1873,3.5174,2.32766,1.00885,0.211727,0.0909615,0.12076550722122192,0.245593,1.3347,0.294805,0.721164,,,4.10743,0.0115029,0.0139529,528.7999877929688,,,,,,,75.60000000000002,4.447058823529413,75,4.411764705882353,,,,,,,,,,,,,,,,,,,"Matt Svanson","29629",694335
"Cole Sands","MIN",1,1,0,4.11528,10,0,0,0,,10,44,10,5,5,1,3,,1,10,8.78308,2.95247,2.97483,1.14783,0.230182,0.0773766,0.1528053730726242,0.242495,1.26314,0.29337,0.708792,,,3.96664,0.0113531,0.00310281,735.4400024414062,,,,,,,43.7,4.37,45,4.5,,,,,,,,,,,,,,,,,,,"Cole Sands","21461",663485
"JT Brubaker","SFG",1,1,0,4.34615,19,0,0,3,,19,82,19,10,9,2,7,,1,15,7.27583,3.51949,2.0673,1.02499,0.184364,0.0891809,0.09518261253833771,0.258784,1.41311,0.300008,0.709729,,,4.27992,0.011263,-0.020266,999,,,,,,,84.6,4.4526315789473685,87,4.578947368421052,,,,,,,,,,,,,,,,,,,"JT Brubaker","17578",664141
"Yimi García","TOR",0,0,0,3.73445,7,0,0,0,,7,28,6,3,3,1,2,,0,7,9.97411,3.3292,2.99595,1.125,0.263429,0.0879282,0.17550042271614075,0.227462,1.23168,0.28832,0.742721,,,3.77333,0.0110894,0.0147992,999,,,,,,,31.900000000000013,4.557142857142859,30,4.285714285714286,,,,,,,,,,,,,,,,,,,"Yimi Garcia","12095",554340
"Will Dion","CLE",1,1,0,3.91384,14,0,0,0,,14,60,14,7,6,2,4,,0,13,8.20568,2.70759,3.03063,1.15132,0.214801,0.0708767,0.1439242959022522,0.249987,1.27993,0.295863,0.734481,,,3.93343,0.0110641,-0.0011852,999,,,,,,,56.60000000000003,4.042857142857145,58,4.142857142857143,,,,,,,,,,,,,,,,,,,"Will Dion","30061",702021
"Jason Alexander","HOU",0,1,0,4.58178,8,1,0,0,,11,46,11,6,5,2,4,,1,8,6.82496,3.04607,2.24058,1.32208,0.174056,0.0776833,0.09637219458818436,0.268105,1.40226,0.299385,0.709806,,,4.66954,0.0109378,-0.00917117,999,,,,,,,29.200000000000003,2.6545454545454548,30,2.727272727272727,,,,,,,,,,,,,,,,,,,"Jason Alexander","19666",669920
"Easton McGee","KCR",1,1,0,4.25818,16,0,0,1,,16,69,16,8,8,2,5,,1,13,7.19074,2.79916,2.56889,1.05485,0.186847,0.0727344,0.1141125038266182,0.257358,1.3168,0.296991,0.697654,,,4.13933,0.0108116,0.0282607,999,,,,,,,64.20000000000002,4.012500000000001,66,4.125,,,,,,,,,,,,,,,,,,,"Easton McGee","22176",668834
"Danny Young","ATL",1,1,0,4.25315,16,0,0,2,,16,70,14,8,8,1,8,,2,17,9.57257,4.65294,2.05732,0.840725,0.24207,0.117663,0.12440672516822815,0.242204,1.42224,0.314603,0.702631,,,4.16583,0.0106733,0.0201916,999,,,,,,,81.70000000000002,5.106250000000001,79,4.9375,,,,,,,,,,,,,,,,,,,"Danny Young","18439",664849
"Ryan Watson","BOS",1,1,0,4.47212,18,0,0,2,,18,78,19,10,9,2,6,,1,15,7.29377,3.22744,2.25993,1.17643,0.186807,0.0826605,0.10414615273475647,0.261912,1.38868,0.300612,0.706374,,,4.4043,0.0104536,-0.0131478,999,,,,,,,76.20000000000002,4.233333333333334,81,4.5,,,,,,,,,,,,,,,,,,,"Ryan Watson","27853",670245
"Paxton Schultz","WSN",1,1,0,4.42015,15,0,0,0,,15,66,15,8,7,2,6,,0,14,8.22351,3.39012,2.42573,1.27504,0.209686,0.0864422,0.12324335426092148,0.251989,1.37205,0.294922,0.717809,,,4.34664,0.0101369,-0.0108038,999,,,,,,,57.400000000000006,3.826666666666667,59,3.933333333333333,,,,,,,,,,,,,,,,,,,"Paxton Schultz","25501",687606
"Yerry De los Santos","NYY",0,0,0,4.03189,10,0,0,0,,10,43,10,5,4,1,4,,0,8,7.38161,3.43928,2.14626,0.929228,0.190389,0.0887071,0.10168185830116272,0.248233,1.34745,0.290716,0.71387,,,4.06917,0.0101363,-0.000902127,999,,,,,,,39.7,3.97,41,4.1,,,,,,,,,,,,,,,,,,,"Yerry De los Santos","21420",660787
"Joel Kuhnel","MIL",1,1,0,4.03625,10,0,0,0,,10,43,10,5,4,1,3,,1,7,6.50539,2.54381,2.55734,1.11047,0.169908,0.0664394,0.1034688726067543,0.261442,1.30482,0.293382,0.720641,,,4.30137,0.0100582,0.00195016,999,,,,,,,37.7,3.7700000000000005,39,3.9,,,,,,,,,,,,,,,,,,,"Joel Kuhnel","19995",669270
"Chase Shugart","PHI",1,1,0,4.57658,18,0,0,3,,18,77,17,10,9,3,7,,1,16,8.39692,3.53801,2.37335,1.41834,0.215196,0.090672,0.12452413141727448,0.250443,1.36726,0.291718,0.712901,,,4.62991,0.0100184,-0.0216563,999,,,,,,,72.10000000000001,4.005555555555556,71,3.9444444444444446,,,,,,,,,,,,,,,,,,,"Chase Shugart","21544",663767
"Taylor Rashi","MIN",0,0,0,3.97563,8,0,0,0,,8,34,7,4,3,1,3,,0,8,8.74895,3.84404,2.27597,0.994597,0.223784,0.0983244,0.12545950710773468,0.24477,1.37802,0.299897,0.734035,,,3.97935,0.00984322,0.00248223,999,,,,,,,35.7,4.4625,34,4.25,,,,,,,,,,,,,,,,,,,"Taylor Rashi","26344",688497
"Justin Bruihl","STL",1,1,0,4.15634,17,0,0,2,,17,72,16,8,8,2,7,,2,14,7.32886,3.56599,2.05521,0.821529,0.187302,0.091135,0.09616654366254807,0.255091,1.37798,0.302568,0.70052,,,4.1646,0.00947453,0.0344235,999,,,,,,,68.60000000000002,4.0352941176470605,68,4,,,,,,,,,,,,,,,,,,,"Justin Bruihl","23779",677865
"Daniel Duarte","NYM",1,1,0,3.913,18,0,0,2,,18,76,16,8,8,2,8,,1,17,8.62445,3.93333,2.19266,1.024,0.222128,0.101306,0.12082269042730331,0.239462,1.35387,0.291313,0.738301,,,4.12822,0.00935595,0.0253618,999,,,,,,,82.00000000000003,4.555555555555557,79,4.388888888888889,,,,,,,,,,,,,,,,,,,"Daniel Duarte","17480",650960
"Ricky Tiedemann","TOR",0,0,0,3.64048,5,0,0,0,,5,20,4,2,2,1,2,,0,5,10.4079,4.23414,2.45809,1.001,0.269676,0.109709,0.15996640175580978,0.224165,1.31562,0.293271,0.755485,,,3.79672,0.00922802,0.0150215,999,,,,,,,18.299999999999997,3.6599999999999993,16,3.2,,,,,,,,,,,,,,,,,,,"Ricky Tiedemann","sa3018096",694357
"Shawn Armstrong","CLE",1,1,0,4.01805,12,0,0,0,,12,50,11,6,5,1,4,,1,12,9.07817,3.43183,2.64529,1.1188,0.235165,0.0888994,0.14626510441303253,0.241419,1.31058,0.296354,0.728807,,,4.02861,0.00884884,-0.00140635,748.469970703125,,,,,,,56.90000000000001,4.741666666666668,56,4.666666666666667,,,,,,,,,,,,,,,,,,,"Shawn Armstrong","12857",542888
"Mason Molina","STL",0,0,0,4.68678,1,1,0,0,,3,14,3,2,2,0,1,,0,2,7.27719,4.08509,1.7814,1.391,0.183148,0.102811,0.0803370550274849,0.251622,1.43691,0.281446,0.720695,,,5.02635,0.0086961,-0.0139643,999,,,,,,,15.400000000000002,5.133333333333334,16,5.333333333333333,,,,,,,,,,,,,,,,,,,"Mason Molina","sa3025586",695766
"Casey Legumina","TBR",1,1,0,4.54945,20,0,0,5,,20,89,21,11,10,3,8,,1,17,7.61626,3.41969,2.22718,1.1704,0.193601,0.0869265,0.10667429119348526,0.260116,1.40028,0.302171,0.701356,,,4.45354,0.00865667,-0.0355066,999,,,,,,,83.5,4.175,88,4.4,,,,,,,,,,,,,,,,,,,"Casey Legumina","25921",668984
"Hunter Stratton","PIT",0,0,0,4.25309,9,0,0,0,,9,37,8,4,4,1,3,,1,7,7.85752,3.34948,2.34589,1.0785,0.201978,0.0860987,0.11587955057621002,0.253488,1.35856,0.29898,0.711287,,,4.21521,0.00852803,0.0202071,999,,,,,,,35.500000000000014,3.944444444444446,34,3.7777777777777777,,,,,,,,,,,,,,,,,,,"Hunter Stratton","23455",676702
"Justin Hagenman","NYM",0,0,0,3.7958,4,0,0,0,,4,16,4,2,2,1,1,,0,4,8.24624,2.18197,3.77926,1.237,0.219349,0.0580401,0.1613086201250553,0.243255,1.19007,0.285083,0.737744,,,3.90855,0.00837867,-0.0013715,999,,,,,,,11.9,2.975,12,3,,,,,,,,,,,,,,,,,,,"Justin Hagenman","21546",663795
"Nick Mears","KCR",1,1,0,4.48375,11,0,0,0,,11,47,10,6,5,1,5,,0,10,8.45471,3.96508,2.1323,1.03712,0.215031,0.100845,0.11418644338846207,0.247648,1.40703,0.298895,0.697997,,,4.12743,0.00823417,-0.00717353,999,,,,,,,48.10000000000001,4.372727272727274,47,4.2727272727272725,,,,,,,,,,,,,,,,,,,"Nick Mears","25376",683232
"Edwin Uceta","TBR",0,0,0,3.74105,4,0,0,0,,4,16,3,2,2,0,1,,0,4,10.3148,3.41747,3.01826,1.18,0.272433,0.0902616,0.18217173963785172,0.221135,1.21456,0.281711,0.746443,,,3.81682,0.00809235,0.00124132,572.6900024414062,,,,,,,26.8,6.7,25,6.25,,,,,,,,,,,,,,,,,,,"Edwin Uceta","20539",670955
"Brody Hopkins","TBR",0,0,0,4.9287,1,1,0,0,,3,14,3,2,2,0,2,,0,3,8.10373,5.67445,1.42811,1.201,0.197827,0.138524,0.05930338799953461,0.248085,1.58606,0.291749,0.712874,,,5.14291,0.0079262,-0.00888463,999,,,,,,,14.400000000000002,4.800000000000001,15,5,,,,,,,,,,,,,,,,,,,"Brody Hopkins","sa3023515",811315
"Brett Kerry","LAA",1,1,0,5.05053,14,1,0,0,,17,73,18,10,9,3,5,,1,12,6.44791,2.6391,2.44323,1.55144,0.165118,0.0675819,0.097536101937294,0.269164,1.37195,0.290599,0.678042,,,4.91162,0.00724092,-0.0323458,999,,,,,,,48.10000000000001,2.829411764705883,52,3.0588235294117645,,,,,,,,,,,,,,,,,,,"Brett Kerry","29826",695049
"Tanner Banks","PHI",0,0,0,4.19738,5,0,0,0,,5,19,4,2,2,1,1,,0,4,8.55006,2.89214,2.9563,1.29772,0.223355,0.0755521,0.1478029042482376,0.246616,1.28365,0.291369,0.719868,,,4.13823,0.00689282,0.0180512,999,,,,,,,19.299999999999997,3.8599999999999994,17,3.4,,,,,,,,,,,,,,,,,,,"Tanner Banks","16990",621383
"Matt Bowman","MIN",0,0,0,4.22193,7,0,0,0,,7,31,7,4,3,1,3,,0,6,7.5595,3.24088,2.33255,1.098,0.193772,0.0830732,0.11069905757904053,0.256502,1.36784,0.298547,0.71883,,,4.23359,0.00685238,-0.013178,999,,,,,,,24.3,3.4714285714285715,25,3.5714285714285716,,,,,,,,,,,,,,,,,,,"Matt Bowman","13528",621199
"Kutter Crawford","BOS",0,0,0,3.84666,3,0,0,0,,3,14,3,2,1,0,1,,0,4,9.5763,2.37095,4.03902,1.263,0.255897,0.0633562,0.19254089891910553,0.236085,1.17307,0.290453,0.734933,,,3.72116,0.00678877,-0.0117157,999,,,,,,,19.400000000000002,6.466666666666668,20,6.666666666666667,,,,,,,,,,,,,,,,,,,"Kutter Crawford","20531",676710
"Wandy Peralta","SDP",1,1,0,3.98708,18,0,0,2,,18,78,17,9,8,2,8,,1,14,7.16954,3.88174,1.84699,0.868415,0.183565,0.0993861,0.08417917042970657,0.247697,1.38647,0.289792,0.721439,,,4.22144,0.00671646,-0.00446612,999,,,,,,,73.40000000000002,4.077777777777779,73,4.055555555555555,,,,,,,,,,,,,,,,,,,"Wandy Peralta","14295",593974
"Jacob Waguespack","DET",1,1,0,4.54406,18,0,0,3,,18,81,19,10,9,2,8,,1,17,8.24767,3.73799,2.20645,1.13989,0.208154,0.094339,0.11381493508815765,0.258688,1.43417,0.308136,0.704686,,,4.31563,0.00666803,-0.040218,999,,,,,,,78.20000000000002,4.344444444444445,83,4.611111111111111,,,,,,,,,,,,,,,,,,,"Jacob Waguespack","18318",621097
"Cody Laweryson","MIN",1,1,0,4.47353,15,0,0,0,,15,65,15,8,7,2,5,,1,13,7.9578,3.28572,2.42194,1.21609,0.203681,0.0840982,0.11958251893520355,0.253979,1.36207,0.296565,0.70357,,,4.34475,0.00665706,-0.0104612,999,,,,,,,55.400000000000006,3.693333333333334,57,3.8,,,,,,,,,,,,,,,,,,,"Cody Laweryson","26429",689520
"Josh Walker","BAL",1,1,0,4.28399,14,0,0,0,,14,60,14,7,7,2,6,,1,13,8.33805,3.76326,2.21564,1.20767,0.212051,0.0957061,0.11634454131126404,0.252133,1.4036,0.298918,0.730373,,,4.38283,0.00645804,0.000250455,999,,,,,,,47.60000000000003,3.400000000000002,49,3.5,,,,,,,,,,,,,,,,,,,"Josh Walker","23617",677020
"Codi Heuer","CLE",1,1,0,4.04092,12,0,0,0,,12,53,12,6,5,1,5,,1,11,8.39432,3.63736,2.3078,1.06832,0.214468,0.0929317,0.12153632193803787,0.251842,1.38232,0.303414,0.73685,,,4.18204,0.00640583,-0.00134779,999,,,,,,,49.30000000000001,4.108333333333334,51,4.25,,,,,,,,,,,,,,,,,,,"Codi Heuer","23293",676051
"Luke Little","CHC",0,0,0,4.01323,6,0,0,0,,6,26,5,3,3,1,4,,1,7,9.80637,5.40129,1.81556,0.855362,0.248561,0.136906,0.11165499687194824,0.221871,1.41838,0.288902,0.725036,,,4.25318,0.00637829,0.0000594597,999,,,,,,,18.100000000000005,3.0166666666666675,16,2.6666666666666665,,,,,,,,,,,,,,,,,,,"Luke Little","28036",681432
"Nick Frasso","COL",0,1,0,4.72576,10,0,0,0,,10,43,10,6,5,1,4,,0,9,8.04891,3.97796,2.02337,1.182,0.202384,0.100023,0.1023610457777977,0.263685,1.47724,0.311649,0.706166,,,4.50705,0.00635452,-0.00521167,999,,,,,,,41.7,4.17,43,4.3,,,,,,,,,,,,,,,,,,,"Nick Frasso","sa3014492",693308
"Elvis Alvarado","ATH",1,1,0,4.33114,21,0,3,4,,21,91,19,11,10,3,10,,1,23,9.77269,4.24747,2.30083,1.30296,0.249534,0.108454,0.14107990264892578,0.237037,1.37778,0.293748,0.730141,,,4.41015,0.00618568,0.0728559,748.52001953125,,,,,,,113.1,5.385714285714285,110,5.238095238095238,,,,,,,,,,,,,,,,,,,"Elvis Alvarado","21662",665660
"Sammy Peralta","LAA",0,0,0,4.92876,6,0,0,0,,6,26,7,4,3,1,2,,0,5,7.4375,2.9272,2.54082,1.16394,0.186583,0.0734342,0.11314880102872849,0.281624,1.46292,0.326964,0.676971,,,4.30631,0.00595766,-0.0274375,999,,,,,,,17.90000000000001,2.9833333333333347,21,3.5,,,,,,,,,,,,,,,,,,,"Sammy Peralta","25589",671111
"Michael Rucker","SEA",1,1,0,3.88189,18,0,0,3,,18,75,16,8,8,2,7,,1,17,8.61849,3.35008,2.57262,1.095,0.224273,0.0871769,0.13709601759910583,0.2416,1.30408,0.291673,0.737324,,,4.01481,0.00582952,0.0593305,999,,,,,,,89.00000000000003,4.944444444444446,86,4.777777777777778,,,,,,,,,,,,,,,,,,,"Michael Rucker","19454",621074
"Joe Rock","CHW",1,1,0,4.35769,12,0,0,0,,12,53,12,6,6,1,5,,1,11,7.76154,3.51724,2.20672,1.05316,0.197124,0.089329,0.10779469460248947,0.259404,1.40977,0.30588,0.70916,,,4.24651,0.00567338,0.00366777,999,,,,,,,49.30000000000001,4.108333333333334,51,4.25,,,,,,,,,,,,,,,,,,,"Joe Rock","30016",697812
"Alex Hoppe","SEA",1,1,0,3.96274,17,0,0,2,,17,73,16,8,7,2,8,,1,16,8.70923,4.232,2.05795,0.94164,0.222396,0.108067,0.11432896554470062,0.241808,1.39968,0.297616,0.733315,,,4.05679,0.00559801,0.000688226,999,,,,,,,72.60000000000002,4.270588235294119,72,4.235294117647059,,,,,,,,,,,,,,,,,,,"Alex Hoppe","31880",695380
"Mason Adams","CHW",0,0,0,3.84197,3,0,0,0,,3,12,3,1,1,0,1,,0,2,7.46112,2.77853,2.68527,0.986,0.194893,0.0725785,0.12231454253196716,0.25525,1.30177,0.299294,0.727214,,,3.96557,0.00532025,0.0164452,999,,,,,,,15.400000000000002,5.133333333333334,16,5.333333333333333,,,,,,,,,,,,,,,,,,,"Mason Adams","sa3020388",690279
"Jefry Yan","NYM",0,0,0,3.67556,5,0,0,0,,5,23,4,2,2,1,3,,0,6,10.2541,5.34385,1.91886,0.907,0.260459,0.135737,0.1247226744890213,0.220251,1.41566,0.28943,0.761137,,,4.06932,0.00523535,0.0140694,999,,,,,,,17.299999999999997,3.4599999999999995,15,3,,,,,,,,,,,,,,,,,,,"Jefry Yan","sa828460",642376
"José Leclerc","SDP",0,0,0,4.04826,7,0,0,0,,7,31,6,4,3,1,3,,0,8,9.7344,4.12599,2.35929,1.238,0.252008,0.106815,0.14519284665584564,0.225465,1.31293,0.278881,0.742952,,,4.24086,0.00513892,-0.0170743,999,,,,,,,30.900000000000013,4.414285714285716,29,4.142857142857143,,,,,,,,,,,,,,,,,,,"Jose Leclerc","14524",600917
"Drey Jameson","ARI",1,1,0,4.14595,10,0,0,0,,10,43,10,5,5,1,4,,0,9,7.89292,3.82929,2.0612,0.949189,0.201185,0.0976057,0.10357923805713654,0.253739,1.4129,0.303178,0.722111,,,4.1297,0.00503484,0.00424258,999,,,,,,,41.7,4.17,43,4.3,,,,,,,,,,,,,,,,,,,"Drey Jameson","26260",686753
"Jordan Leasure","CHW",0,1,0,4.53375,7,0,0,0,,7,29,6,4,3,1,3,,0,8,9.96332,4.14344,2.4046,1.46092,0.256648,0.106732,0.14991583675146103,0.230921,1.34236,0.282213,0.716648,,,4.48797,0.00483501,-0.0128289,717.510009765625,,,,,,,30.900000000000013,4.414285714285716,29,4.142857142857143,,,,,,,,,,,,,,,,,,,"Jordan Leasure","29950",673929
"Nolan Hoffman","PHI",0,0,0,4.64519,7,0,0,0,,7,32,7,4,4,1,3,,1,7,8.13046,4.14155,1.96314,1.11671,0.205183,0.104518,0.10066542029380798,0.254695,1.44387,0.303238,0.695089,,,4.53765,0.00478986,-0.010926,999,,,,,,,23.300000000000015,3.3285714285714305,24,3.4285714285714284,,,,,,,,,,,,,,,,,,,"Nolan Hoffman","23381",676510
"Brooks Kriske","ATH",0,0,0,4.52044,7,0,0,0,,7,32,7,4,4,1,4,,0,8,9.75203,4.52891,2.15328,1.27851,0.24678,0.114606,0.13217338919639587,0.23936,1.42372,0.297109,0.718994,,,4.42465,0.00463852,-0.010234,999,,,,,,,25.300000000000015,3.6142857142857165,26,3.7142857142857144,,,,,,,,,,,,,,,,,,,"Brooks Kriske","21189",621139
"Cameron Weston","BAL",1,1,0,4.63955,12,1,0,0,,14,61,14,8,7,2,6,,1,12,7.84241,3.64439,2.15191,1.24777,0.199701,0.0928016,0.10689936578273773,0.255408,1.39721,0.296912,0.697327,,,4.60429,0.00462093,-0.0277657,999,,,,,,,45.6,3.257142857142857,47,3.357142857142857,,,,,,,,,,,,,,,,,,,"Cameron Weston","31696",687721
"Jake Cousins","LAD",0,0,0,4.04961,3,0,0,0,,3,14,3,2,1,0,2,,0,4,9.85753,4.53713,2.17264,1.098,0.252239,0.116098,0.13614067435264587,0.232559,1.3831,0.295429,0.740045,,,4.19313,0.0043032,-0.0140491,999,,,,,,,16.400000000000002,5.466666666666668,17,5.666666666666667,,,,,,,,,,,,,,,,,,,"Jake Cousins","21620",664776
"Craig Kimbrel","TBR",1,1,0,4.35428,18,0,0,4,,18,80,16,10,9,2,9,,1,20,9.86325,4.46683,2.20811,1.18986,0.25119,0.113758,0.137431763112545,0.232934,1.3812,0.292787,0.718924,,,4.32871,0.00415862,-0.0333195,999,,,,,,,93.00000000000003,5.166666666666668,90,5,,,,,,,,,,,,,,,,,,,"Craig Kimbrel","6655",518886
"Brenan Hanifee","DET",1,1,0,4.21273,18,0,0,2,,18,78,19,9,8,2,5,,1,12,6.22302,2.554,2.43657,0.995084,0.16023,0.0657604,0.09446967393159866,0.271175,1.3656,0.304719,0.706002,,,4.14196,0.00407562,0.00241752,999,,,,,,,73.20000000000002,4.066666666666667,78,4.333333333333333,,,,,,,,,,,,,,,,,,,"Brenan Hanifee","22304",669724
"Rob Zastryzny","MIL",0,0,0,3.997,5,0,0,0,,5,23,5,3,2,1,2,,0,5,8.40735,3.5436,2.37254,1.216,0.218312,0.0920161,0.12629595398902893,0.241423,1.32185,0.285758,0.744449,,,4.30175,0.00394322,-0.0141821,999,,,,,,,15.7,3.1399999999999997,16,3.2,,,,,,,,,,,,,,,,,,,"Rob Zastryzny","15094",642239
"Angel Chivilli","NYY",1,1,0,4.45531,17,0,0,2,,17,72,16,9,8,2,6,,1,16,8.56164,3.33169,2.56976,1.31058,0.221255,0.0860996,0.13515574485063553,0.245249,1.31959,0.289728,0.701832,,,4.38526,0.00378748,-0.0162152,999,,,,,,,78.60000000000002,4.623529411764707,78,4.588235294117647,,,,,,,,,,,,,,,,,,,"Angel Chivilli","26790",683409
"Angel Bastardo","BOS",0,0,0,4.22472,6,0,0,0,,6,27,6,3,3,1,3,,0,6,8.79014,4.09875,2.14459,1.078,0.224933,0.104884,0.12004897743463516,0.244881,1.39728,0.298967,0.724967,,,4.20118,0.00378316,0.00560504,999,,,,,,,19.500000000000007,3.2500000000000013,20,3.3333333333333335,,,,,,,,,,,,,,,,,,,"Angel Bastardo","sa3009716",682785
"Tristan Beck","SFG",0,1,0,4.21813,12,0,0,0,,12,51,12,6,6,1,4,,1,9,7.0893,2.95325,2.40051,1.10091,0.183564,0.076469,0.10709527134895325,0.255393,1.32818,0.29202,0.709483,,,4.25083,0.00376797,-0.00182828,999,,,,,,,48.30000000000001,4.025000000000001,50,4.166666666666667,,,,,,,,,,,,,,,,,,,"Tristan Beck","21584",663941
"Carlos Lagrange","NYY",0,0,0,3.75917,3,0,0,0,,3,14,3,2,1,0,2,,0,4,10.1364,4.11025,2.46614,1.105,0.262421,0.10641,0.15601147711277008,0.222495,1.29715,0.28385,0.751858,,,3.99654,0.00372194,-0.0156753,999,,,,,,,16.400000000000002,5.466666666666668,17,5.666666666666667,,,,,,,,,,,,,,,,,,,"Carlos Lagrange","sa3019390",801739
"Alec Gamboa","BOS",1,1,0,4.45244,16,0,0,1,,16,70,16,8,8,2,7,,1,12,6.83412,4.16945,1.63909,0.961676,0.170609,0.104088,0.06652174890041351,0.264289,1.50813,0.30383,0.71358,,,4.47212,0.0035985,0.0340616,999,,,,,,,56.20000000000001,3.5125000000000006,58,3.625,,,,,,,,,,,,,,,,,,,"Alec Gamboa","26227",687941
"Sam Bachman","LAA",1,1,0,4.39655,21,0,2,4,,21,92,20,11,10,2,11,,1,20,8.68004,4.51417,1.92284,1.02775,0.218639,0.113706,0.10493260622024536,0.24749,1.45317,0.30271,0.712899,,,4.36385,0.00338611,0.0469869,999,,,,,,,108.80000000000001,5.180952380952381,109,5.190476190476191,,,,,,,,,,,,,,,,,,,"Sam Bachman","29754",696147
"Bobby Miller","LAD",0,0,0,4.09146,3,0,0,0,,3,11,2,1,1,0,1,,0,3,8.9703,3.81134,2.35358,1.172,0.231827,0.0984998,0.13332752138376236,0.241771,1.3501,0.294341,0.735582,,,4.20937,0.00303948,0.0164832,999,,,,,,,20.000000000000004,6.666666666666668,18,6,,,,,,,,,,,,,,,,,,,"Bobby Miller","27483",676272
"Chayce McDermott","LAD",1,1,0,4.55402,9,0,0,0,,9,41,8,5,5,1,5,,0,10,9.30049,4.73065,1.966,1.33838,0.235444,0.119758,0.11568650603294373,0.235625,1.42457,0.284931,0.721652,,,4.69809,0.00279937,-0.0128189,999,,,,,,,38.500000000000014,4.2777777777777795,37,4.111111111111111,,,,,,,,,,,,,,,,,,,"Chayce McDermott","29866",694646
"Grant Holman","PHI",0,0,0,4.27113,4,0,0,0,,4,17,4,2,2,1,2,,0,3,7.95285,3.7485,2.12161,1.169,0.203676,0.0960009,0.1076754778623581,0.250744,1.38968,0.294073,0.726468,,,4.40303,0.00276015,0.00237777,999,,,,,,,6.9,1.725,7,1.75,,,,,,,,,,,,,,,,,,,"Grant Holman","30002",680880
"Jeff Criswell","COL",0,0,0,4.94986,7,0,0,0,,7,32,8,4,4,1,3,,0,7,8.28213,4.01456,2.06302,1.43616,0.206718,0.100202,0.1065167710185051,0.264062,1.49506,0.307469,0.710162,,,4.78099,0.00270163,0.00160246,999,,,,,,,23.700000000000014,3.3857142857142875,27,3.857142857142857,,,,,,,,,,,,,,,,,,,"Jeff Criswell","27608",676105
"Alex Cook","TBR",0,0,0,4.13452,5,0,0,0,,5,20,4,2,2,1,2,,0,5,8.59271,3.56925,2.40743,1.205,0.222266,0.092325,0.12994074821472168,0.242397,1.33216,0.289308,0.732022,,,4.24825,0.00267896,0.0167693,999,,,,,,,18.299999999999997,3.6599999999999993,16,3.2,,,,,,,,,,,,,,,,,,,"Alex Cook","sa3020879",702047
"Phil Maton","CHC",1,0,0,4.08695,10,0,0,0,,10,43,9,5,5,1,4,,1,10,9.27351,3.8499,2.40877,1.07392,0.241418,0.100225,0.14119330048561096,0.230078,1.28686,0.286265,0.709408,,,4.20257,0.0026623,0.000185499,743.3800048828125,,,,,,,43.300000000000004,4.33,42,4.2,,,,,,,,,,,,,,,,,,,"Phil Maton","18064",664208
"Ryan Weiss","HOU",0,0,0,4.32715,4,0,0,0,,4,17,4,2,2,1,2,,0,4,8.98549,3.67086,2.44779,1.26378,0.231416,0.0945408,0.13687510043382645,0.244315,1.34881,0.295119,0.717993,,,4.32717,0.00262227,0.000739878,725.9600219726562,,,,,,,8.9,2.225,9,2.25,,,,,,,,,,,,,,,,,,,"Ryan Weiss","24621",680802
"Enmanuel De Jesus","DET",1,1,0,3.97682,13,0,0,0,,13,57,13,6,6,2,5,,1,11,7.82032,3.63957,2.14869,1.033,0.200722,0.0934158,0.10730615258216858,0.247504,1.36404,0.291979,0.73532,,,4.2191,0.00258894,0.0159698,999,,,,,,,41.8,3.215384615384615,43,3.3076923076923075,,,,,,,,,,,,,,,,,,,"Enmanuel De Jesus","18554",646241
"Kolby Allard","PHI",0,0,0,4.2095,3,0,0,0,,3,14,3,2,2,0,1,,0,3,7.10094,2.66677,2.66275,1.32514,0.183943,0.0690802,0.11486279219388962,0.260076,1.32632,0.291904,0.732522,,,4.43261,0.00258573,-0.0131768,999,,,,,,,17.400000000000002,5.800000000000001,18,6,,,,,,,,,,,,,,,,,,,"Kolby Allard","18694",663465
"Max Kranick","WSN",1,1,0,4.87153,18,0,0,4,,18,80,20,11,10,3,6,,1,14,6.86343,3.04601,2.25325,1.35594,0.174445,0.0774191,0.09702561795711517,0.266964,1.40424,0.297217,0.687238,,,4.68105,0.00256486,-0.11871,999,,,,,,,67.30000000000001,3.7388888888888894,74,4.111111111111111,,,,,,,,,,,,,,,,,,,"Max Kranick","22175",668820
"Zach McCambley","CIN",1,1,0,4.49783,15,0,0,0,,15,67,14,8,8,2,8,,1,15,8.7315,4.51855,1.93237,1.13244,0.220385,0.114049,0.10633603483438492,0.244607,1.4375,0.29675,0.710743,,,4.53879,0.00256406,0.000722402,999,,,,,,,53.00000000000001,3.5333333333333337,52,3.466666666666667,,,,,,,,,,,,,,,,,,,"Zach McCambley","27666",685112
"Kervin Castro","NYY",1,1,0,4.27887,14,0,0,0,,14,61,13,7,7,2,6,,1,13,8.47995,3.979,2.13117,1.07892,0.217448,0.102032,0.11541572958230972,0.239943,1.36564,0.288371,0.709531,,,4.23609,0.0024082,-0.00130055,999,,,,,,,50.20000000000003,3.585714285714288,49,3.5,,,,,,,,,,,,,,,,,,,"Kervin Castro","21656",665645
"T.J. Brock","TOR",0,0,0,4.13612,5,0,0,0,,5,23,5,3,2,1,2,,0,5,9.08941,3.95136,2.30032,1.136,0.232993,0.101287,0.1317056119441986,0.23989,1.36159,0.293895,0.730928,,,4.19739,0.00231992,-0.0157887,999,,,,,,,15.7,3.1399999999999997,16,3.2,,,,,,,,,,,,,,,,,,,"T.J. Brock","sa3020079",697813
"Cooper Criswell","SEA",1,1,0,3.98941,11,0,0,0,,11,46,11,5,5,1,3,,1,9,7.61076,2.65994,2.86125,1.02095,0.198609,0.0694131,0.12919547408819199,0.25384,1.28432,0.29812,0.711575,,,3.98084,0.00227,0.00595451,999,,,,,,,46.50000000000001,4.2272727272727275,48,4.363636363636363,,,,,,,,,,,,,,,,,,,"Cooper Criswell","24975",681867
"Tyler Samaniego","BOS",1,1,0,4.18793,12,0,0,0,,12,50,11,6,5,1,5,,1,10,7.45153,3.72951,1.99799,0.93545,0.19012,0.0951557,0.09496453404426575,0.254221,1.40153,0.299277,0.714172,,,4.22062,0.00223493,0.0107317,999,,,,,,,49.90000000000001,4.158333333333334,49,4.083333333333333,,,,,,,,,,,,,,,,,,,"Tyler Samaniego","30081",701719
"Lou Trivino III","PHI",0,1,0,4.68696,9,0,0,0,,9,41,9,5,5,1,4,,1,8,8.26392,4.34568,1.90164,1.22153,0.206994,0.10885,0.09814373403787613,0.254905,1.47394,0.301807,0.709149,,,4.68133,0.00200373,-0.00969581,999,,,,,,,31.900000000000013,3.544444444444446,33,3.6666666666666665,,,,,,,,,,,,,,,,,,,"Lou Trivino III","15043",642152
"Jake Woodford","CHC",0,0,0,4.07045,4,0,0,0,,4,18,4,2,2,1,1,,0,3,6.83422,2.66777,2.56178,1.0951,0.179076,0.0699029,0.10917267203330994,0.251025,1.2737,0.284053,0.709573,,,4.21464,0.00196697,0.0000118692,999,,,,,,,9.9,2.475,10,2.5,,,,,,,,,,,,,,,,,,,"Jake Woodford","18674",663765
"Marco Gonzales","TEX",0,1,0,4.65213,7,1,0,0,,9,39,10,5,5,1,3,,0,6,5.99568,2.76019,2.1722,1.422,0.152799,0.0703432,0.08245614171028137,0.270595,1.39281,0.29098,0.716115,,,4.86951,0.00191849,-0.0111494,999,,,,,,,31.30000000000001,3.477777777777779,35,3.888888888888889,,,,,,,,,,,,,,,,,,,"Marco Gonzales","15467",594835
"Winston Santos","TEX",0,0,0,4.56479,3,0,0,0,,3,14,3,2,2,0,1,,0,3,7.82741,2.99361,2.61471,1.26063,0.203367,0.0777779,0.12558890879154205,0.251243,1.30322,0.291066,0.680942,,,4.43138,0.00163843,-0.0150673,999,,,,,,,17.400000000000002,5.800000000000001,18,6,,,,,,,,,,,,,,,,,,,"Winston Santos","28489",692437
"Matt Waldron","SDP",0,0,0,4.54994,5,0,0,0,,5,20,5,3,2,1,1,,0,4,7.67666,2.52102,3.04506,1.35596,0.200712,0.0659138,0.13479793071746826,0.256131,1.28344,0.292648,0.68681,,,4.35976,0.00130157,-0.0169646,999,,,,,,,16.7,3.34,17,3.4,,,,,,,,,,,,,,,,,,,"Matt Waldron","25550",663362
"Cade Winquest","STL",0,0,0,4.09733,5,0,0,0,,5,23,5,3,2,1,2,,0,4,7.48276,3.37873,2.21466,1.05,0.19239,0.0868709,0.10551891475915909,0.253555,1.3618,0.295607,0.723521,,,4.25743,0.00123845,-0.0159268,999,,,,,,,13.7,2.7399999999999998,14,2.8,,,,,,,,,,,,,,,,,,,"Cade Winquest","sa3020805",685464
"Aaron Rozek","MIN",0,0,0,4.05558,5,0,0,0,,5,20,5,2,2,1,1,,0,4,6.88883,2.49061,2.76592,1.17,0.179261,0.0648106,0.11445007473230362,0.25784,1.29293,0.29096,0.72535,,,4.25497,0.00119483,0.0166659,999,,,,,,,16.7,3.34,17,3.4,,,,,,,,,,,,,,,,,,,"Aaron Rozek","sa3015224",702065
"Daniel Espino","CLE",1,1,0,4.13693,15,0,0,2,,15,67,14,8,7,2,8,,0,18,10.3476,4.5763,2.26112,1.20359,0.262914,0.116276,0.14663832634687424,0.232449,1.40024,0.296926,0.743883,,,4.15868,0.00113121,-0.0184306,999,,,,,,,70,4.666666666666667,69,4.6,,,,,,,,,,,,,,,,,,,"Daniel Espino","25625",682982
"McCade Brown","COL",0,0,0,4.83912,3,0,0,0,,3,12,3,1,1,0,1,,0,3,8.9467,3.97234,2.25225,1.338,0.225851,0.100278,0.12557291984558105,0.255054,1.43675,0.306794,0.704274,,,4.55085,0.00108108,0.0201673,999,,,,,,,17.400000000000002,5.800000000000001,18,6,,,,,,,,,,,,,,,,,,,"McCade Brown","30004",685326
"Dylan Ross","NYM",0,0,0,4.03084,4,0,0,0,,4,19,4,2,2,0,2,,0,4,8.97736,5.10383,1.75895,0.948,0.22643,0.128731,0.09769962728023529,0.235849,1.46258,0.293295,0.741582,,,4.30923,0.000938453,-0.00142903,999,,,,,,,21.200000000000003,5.300000000000001,22,5.5,,,,,,,,,,,,,,,,,,,"Dylan Ross","sa3025659",697811
"Carlos Rodriguez","MIL",0,0,0,4.55588,8,0,0,0,,8,33,7,4,4,1,3,,0,7,8.12772,3.75121,2.16669,1.31738,0.20831,0.0961419,0.11216814070940018,0.245155,1.36361,0.284586,0.706208,,,4.62594,0.000849389,0.00149627,999,,,,,,,33.7,4.2125,32,4,,,,,,,,,,,,,,,,,,,"Carlos Rodriguez","30161",692230
"Chris Devenski","PIT",0,0,0,4.40098,6,0,0,0,,6,25,6,3,3,1,2,,0,5,7.59099,2.81884,2.69295,1.27499,0.196181,0.0728497,0.12333109974861145,0.25743,1.33159,0.295106,0.709314,,,4.29447,0.000826646,0.00346048,999,,,,,,,20.500000000000007,3.416666666666668,21,3.5,,,,,,,,,,,,,,,,,,,"Chris Devenski","12763",606965
"Richard Lovelady","WSN",0,0,0,4.5183,7,0,0,0,,7,32,7,4,4,1,3,,1,6,8.10339,3.90439,2.07546,1.01064,0.204228,0.0984014,0.10582640022039413,0.259748,1.44473,0.312105,0.698167,,,4.31922,0.000801942,-0.0133741,999,,,,,,,21.3,3.042857142857143,22,3.142857142857143,,,,,,,,,,,,,,,,,,,"Richard Lovelady","19337",663992
"Paul Gervase","LAD",1,1,0,4.6002,11,0,0,0,,11,47,9,6,5,2,6,,1,11,9.52888,4.87321,1.95536,1.2871,0.240687,0.123091,0.11759588122367859,0.234284,1.43135,0.287641,0.714814,,,4.65315,0.00074522,-0.0120336,999,,,,,,,34.400000000000006,3.127272727272728,30,2.727272727272727,,,,,,,,,,,,,,,,,,,"Paul Gervase","31571",801434
"Garrett Acton","MIN",0,0,0,4.37191,5,0,0,0,,5,23,5,3,3,1,2,,0,5,9.28979,4.06598,2.28476,1.29058,0.236741,0.103618,0.13312377780675888,0.239393,1.379,0.29056,0.726549,,,4.3699,0.000673909,-0.0135107,999,,,,,,,15.7,3.1399999999999997,16,3.2,,,,,,,,,,,,,,,,,,,"Garrett Acton","27583",670183
"Tony Santillan","CIN",1,1,0,4.80247,18,0,1,2,,18,80,17,11,10,3,8,,1,19,9.21869,4.16699,2.21231,1.46628,0.234031,0.105786,0.12824559211730957,0.243349,1.40229,0.290489,0.704618,,,4.72982,0.000630897,-0.0396054,718.1199951171875,,,,,,,76.10000000000001,4.227777777777778,75,4.166666666666667,,,,,,,,,,,,,,,,,,,"Tony Santillan","19926",663574
"Spencer Bivens","SFG",1,1,0,4.18792,17,0,0,2,,17,75,18,9,8,2,6,,1,13,6.77233,3.05832,2.21439,1.04192,0.173551,0.078374,0.09517693519592285,0.263042,1.37563,0.29973,0.716008,,,4.30362,0.00056118,-0.0202088,999,,,,,,,67.40000000000002,3.964705882352942,72,4.235294117647059,,,,,,,,,,,,,,,,,,,"Spencer Bivens","30226",702352
"Connor Thomas","ATH",0,0,0,4.57027,8,0,0,0,,8,35,9,4,4,1,3,,0,6,6.29203,2.95709,2.12778,1.14912,0.15997,0.0751818,0.08478845655918121,0.273721,1.42291,0.304823,0.699257,,,4.48806,0.000551308,0.00289407,999,,,,,,,26.500000000000007,3.312500000000001,30,3.75,,,,,,,,,,,,,,,,,,,"Connor Thomas","25873",671162
"Carlos Estévez","KCR",0,0,0,4.53166,4,0,0,0,,4,17,4,2,2,1,2,,0,3,7.93929,3.58096,2.21709,1.27394,0.204106,0.0920605,0.11204562336206436,0.244273,1.34663,0.28221,0.701666,,,4.49957,0.000475273,0.00276855,120.08999633789062,,,,,,,6.9,1.725,7,1.75,,,,,,,,,,,,,,,,,,,"Carlos Estevez","14542",608032
"PJ Poulin","WSN",1,1,0,4.32734,10,0,0,0,,10,46,10,5,5,1,5,,1,9,8.15899,4.30765,1.89407,1.06397,0.205771,0.10864,0.09713120013475418,0.248671,1.44237,0.296592,0.720825,,,4.42368,0.000413791,0.00312277,999,,,,,,,35.7,3.5700000000000003,37,3.7,,,,,,,,,,,,,,,,,,,"PJ Poulin","23394",676571
"Yaramil Hiraldo","BAL",0,0,0,4.53545,8,0,2,0,,8,34,7,4,4,1,3,,0,8,9.09344,3.64088,2.49759,1.48454,0.234734,0.0939843,0.14075014740228653,0.241047,1.34012,0.284788,0.719097,,,4.50243,0.00038669,0.000108787,999,,,,,,,45.7,5.7125,44,5.5,,,,,,,,,,,,,,,,,,,"Yaramil Hiraldo","25215",682274
"Joey Gerber","NYM",0,0,0,4.39366,8,0,0,0,,8,34,8,4,4,1,3,,0,7,8.23672,3.27246,2.51698,1.28,0.212207,0.0843103,0.12789692729711533,0.247667,1.33126,0.289659,0.710972,,,4.34517,0.000343398,-0.00245003,999,,,,,,,31.100000000000005,3.8875000000000006,32,4,,,,,,,,,,,,,,,,,,,"Joey Gerber","24591",680702
"Yariel Rodríguez","TOR",0,0,0,4.32673,9,0,0,0,,9,40,8,5,4,1,4,,1,9,9.12177,4.4191,2.06417,1.19598,0.232632,0.1127,0.11993219703435898,0.234215,1.38356,0.285116,0.72038,,,4.44807,0.000302909,-0.0154229,999,,,,,,,36.500000000000014,4.055555555555557,35,3.888888888888889,,,,,,,,,,,,,,,,,,,"Yariel Rodriguez","33838",684320
"Zak Kent","WSN",0,0,0,4.55578,7,0,0,0,,7,30,7,4,3,1,3,,0,6,7.93996,3.92881,2.02096,1.14447,0.200532,0.0992265,0.10130579769611359,0.253473,1.42977,0.297709,0.704164,,,4.441,0.000234339,-0.0132402,999,,,,,,,24.3,3.4714285714285715,25,3.5714285714285716,,,,,,,,,,,,,,,,,,,"Zak Kent","25703",687849
"Andrew Baker","COL",0,0,0,4.94417,6,0,0,0,,6,26,6,3,3,1,3,,0,6,8.49215,4.87665,1.74139,1.191,0.209944,0.120561,0.08938300609588623,0.261567,1.56464,0.314168,0.70777,,,4.69536,0.000222344,0.0130034,999,,,,,,,19.500000000000007,3.2500000000000013,20,3.3333333333333335,,,,,,,,,,,,,,,,,,,"Andrew Baker","sa3017196",687900
"Josh White","MIA",0,0,0,4.27147,7,0,0,0,,7,28,6,3,3,1,3,,0,7,9.045,4.23325,2.13666,1.13944,0.230956,0.108092,0.12286359071731567,0.237856,1.38061,0.290747,0.720248,,,4.31942,0.000133883,0.0180593,999,,,,,,,28.900000000000013,4.128571428571431,27,3.857142857142857,,,,,,,,,,,,,,,,,,,"Josh White","31738",687985
"Justin Sterner","ATH",1,1,0,4.63499,13,0,0,0,,13,57,13,7,7,2,5,,1,13,8.88362,3.23084,2.74963,1.48164,0.229824,0.0835836,0.14624032378196716,0.246638,1.31835,0.290254,0.702871,,,4.49108,0.000127934,-0.00593861,547.0499877929688,,,,,,,45.8,3.523076923076923,47,3.6153846153846154,,,,,,,,,,,,,,,,,,,"Justin Sterner","27694",686993
"Hancel Rincon","STL",0,0,0,4.15477,5,0,0,0,,5,20,5,2,2,1,2,,0,4,7.61549,3.07663,2.47527,1.214,0.197578,0.0798209,0.11775743216276169,0.250305,1.31746,0.288251,0.726554,,,4.3259,0.0000930744,0.0152,999,,,,,,,13.7,2.7399999999999998,14,2.8,,,,,,,,,,,,,,,,,,,"Hancel Rincon","sa3009629",684516
"Burch Smith","DET",0,0,0,4.37875,3,0,0,0,,3,11,3,1,1,0,1,,0,2,8.56833,3.49326,2.45282,1.2084,0.217975,0.0888671,0.12910784035921097,0.254281,1.39168,0.303912,0.71768,,,4.21425,0.0000792147,0.0159432,999,,,,,,,15.400000000000002,5.133333333333334,16,5.333333333333333,,,,,,,,,,,,,,,,,,,"Burch Smith","12784",572143
"Antwone Kelly","PIT",0,1,0,4.81141,10,1,0,0,,12,55,13,7,7,2,5,,0,9,6.67197,3.52431,1.89313,1.30869,0.167661,0.0885629,0.07909783720970154,0.266158,1.45437,0.295325,0.701924,,,4.80314,-0.0000901595,0.0707849,999,,,,,,,33.40000000000002,2.783333333333335,37,3.0833333333333335,,,,,,,,,,,,,,,,,,,"Antwone Kelly","29000",699008
"Duncan Davitt","CHW",0,1,0,4.44555,9,0,0,0,,9,38,9,5,4,1,3,,1,7,7.26668,2.78513,2.6091,1.24742,0.188074,0.072084,0.11599014699459076,0.258951,1.32618,0.294641,0.69845,,,4.39688,-0.000111979,-0.0123035,999,,,,,,,32.90000000000001,3.655555555555557,34,3.7777777777777777,,,,,,,,,,,,,,,,,,,"Duncan Davitt","31886",701474
"Riley Cornelio","WSN",1,1,0,4.67861,18,1,0,3,,20,91,20,12,11,3,10,,1,18,7.71262,4.35064,1.77275,1.22731,0.193135,0.108946,0.08418858796358109,0.254008,1.48018,0.293567,0.712122,,,4.70729,-0.000198366,-0.0447211,999,,,,,,,74.1,3.7049999999999996,76,3.8,,,,,,,,,,,,,,,,,,,"Riley Cornelio","31953",683000
"Emiliano Teodo","TEX",0,1,0,4.56366,9,0,0,0,,9,42,8,5,5,1,6,,1,9,8.76992,5.31702,1.6494,1.02291,0.218312,0.132358,0.08595377206802368,0.238823,1.5003,0.292569,0.708514,,,4.60386,-0.000283205,-0.0147791,999,,,,,,,30.50000000000001,3.38888888888889,29,3.2222222222222223,,,,,,,,,,,,,,,,,,,"Emiliano Teodo","27999",693713
"Ryan Rolison","CHC",1,1,0,4.27684,19,0,0,4,,19,84,19,10,9,2,8,,0,17,7.85161,3.80632,2.06278,1.11789,0.200418,0.0971588,0.10325873643159866,0.250863,1.40315,0.294082,0.721348,,,4.31619,-0.00029026,-0.00958469,999,,,,,,,92.6,4.873684210526315,95,5,,,,,,,,,,,,,,,,,,,"Ryan Rolison","22200",669020
"Ben Casparius","LAD",0,0,0,4.77134,6,0,0,0,,6,26,6,3,3,1,3,,0,6,8.53171,3.84904,2.21658,1.39584,0.217073,0.0979317,0.11914169043302536,0.248705,1.39609,0.291433,0.700243,,,4.64964,-0.000323241,0.00175234,999,,,,,,,19.500000000000007,3.2500000000000013,20,3.3333333333333335,,,,,,,,,,,,,,,,,,,"Ben Casparius","30085",676508
"Jaden Woods","CHW",0,0,0,4.13384,4,0,0,0,,4,16,3,2,2,0,2,,0,3,8.22184,4.47759,1.83622,1.095,0.208196,0.113383,0.09481296688318253,0.242909,1.42875,0.289289,0.74003,,,4.5269,-0.000325847,0.00138742,999,,,,,,,21.8,5.45,20,5,,,,,,,,,,,,,,,,,,,"Jaden Woods","sa3023064",692243
"Zack Kelly","BOS",0,0,0,4.42156,5,0,0,0,,5,24,5,3,3,1,3,,0,5,8.34899,4.30781,1.93811,1.06021,0.211632,0.109195,0.10243652760982513,0.246436,1.42616,0.29639,0.709249,,,4.40147,-0.000461231,-0.010057,999,,,,,,,12.7,2.54,13,2.6,,,,,,,,,,,,,,,,,,,"Zack Kelly","20349",677161
"Austin Warren","NYM",0,0,0,4.36511,5,0,0,0,,5,20,4,2,2,1,2,,0,4,8.53901,3.72902,2.28988,1.18756,0.21867,0.095494,0.123175710439682,0.244751,1.35915,0.292441,0.709781,,,4.36324,-0.000601192,0.0142698,999,,,,,,,16.299999999999997,3.2599999999999993,14,2.8,,,,,,,,,,,,,,,,,,,"Austin Warren","24937",681810
"Carter Baumler","TEX",0,0,0,4.77597,7,0,0,0,,7,32,7,4,4,1,4,,0,7,8.01598,4.5891,1.74674,1.12448,0.201931,0.115604,0.08632675558328629,0.243786,1.45038,0.286939,0.688064,,,4.61142,-0.000681151,-0.0148174,999,,,,,,,23.300000000000015,3.3285714285714305,24,3.4285714285714284,,,,,,,,,,,,,,,,,,,"Carter Baumler","30231",691945
"Mitch Farris","LAA",1,1,0,4.54547,16,0,0,1,,16,71,16,9,8,2,7,,1,16,8.82577,3.74316,2.35784,1.29399,0.22473,0.0953121,0.12941835820674896,0.248821,1.39046,0.297527,0.708934,,,4.35834,-0.000704756,-0.0290128,999,,,,,,,64.20000000000002,4.012500000000001,66,4.125,,,,,,,,,,,,,,,,,,,"Mitch Farris","33628",815083
"Tyler Ferguson","CHC",1,1,0,4.21649,16,0,0,1,,16,68,14,8,7,2,7,,1,16,8.8351,3.96585,2.22779,1.16488,0.229336,0.102943,0.1263931840658188,0.229882,1.30579,0.277386,0.71038,,,4.38031,-0.000853182,0.0112798,999,,,,,,,69.4,4.3375,66,4.125,,,,,,,,,,,,,,,,,,,"Tyler Ferguson","19481",621053
"Ron Marinaccio","PIT",1,1,0,4.88115,18,0,0,3,,18,81,18,11,10,2,8,,1,16,7.7911,3.87802,2.00904,1.19861,0.196237,0.0976772,0.09856025129556656,0.256887,1.43258,0.299437,0.679475,,,4.64587,-0.000902056,-0.0904576,999,,,,,,,78.80000000000003,4.377777777777779,81,4.5,,,,,,,,,,,,,,,,,,,"Ron Marinaccio","23488",676760
"Chase Solesky","TBR",0,0,0,4.68785,4,0,0,0,,4,19,5,2,2,1,1,,0,3,6.57929,2.98682,2.20278,1.35014,0.168039,0.076285,0.09175378829240799,0.264635,1.38631,0.291424,0.699187,,,4.69541,-0.00105971,0.00131886,999,,,,,,,7.300000000000001,1.8250000000000002,10,2.5,,,,,,,,,,,,,,,,,,,"Chase Solesky","25480",686678
"Yilber Díaz","DET",0,0,0,4.3811,4,0,0,0,,4,17,4,2,2,1,2,,0,4,8.67454,4.83956,1.79242,1.15456,0.216443,0.120755,0.095688596367836,0.244421,1.48381,0.294323,0.733746,,,4.59689,-0.00107976,0.000651311,999,,,,,,,8.9,2.225,9,2.25,,,,,,,,,,,,,,,,,,,"Yilber Diaz","29271",700270
"Connor Brogdon","CLE",0,0,0,4.52241,3,0,0,0,,3,11,3,1,1,0,1,,0,3,9.02696,3.4273,2.63384,1.48747,0.231251,0.0877998,0.14345096796751022,0.250123,1.36013,0.29633,0.725249,,,4.51802,-0.00123731,0.0153211,999,,,,,,,17.400000000000002,5.800000000000001,18,6,,,,,,,,,,,,,,,,,,,"Connor Brogdon","21205",641401
"AJ Blubaugh","HOU",1,1,0,4.3339,17,0,0,2,,17,73,16,9,8,2,7,,1,17,8.74838,3.89182,2.24789,1.29542,0.225163,0.100167,0.12499646097421646,0.239594,1.35481,0.28475,0.72445,,,4.43863,-0.00128123,-0.0121969,748.5399780273438,,,,,,,77.60000000000002,4.564705882352943,77,4.529411764705882,,,,,,,,,,,,,,,,,,,"AJ Blubaugh","31764",805123
"Mike Clevinger","PIT",0,0,0,4.368,5,0,0,0,,5,20,5,2,2,1,2,,0,4,7.53102,3.01597,2.49705,1.263,0.19447,0.0778799,0.11659006029367447,0.253259,1.328,0.289656,0.715322,,,4.40777,-0.00133271,0.0180144,748.0900268554688,,,,,,,13.7,2.7399999999999998,14,2.8,,,,,,,,,,,,,,,,,,,"Mike Clevinger","12808",605182
"Troy Watson","DET",0,0,0,4.40798,2,0,0,0,,2,9,2,1,1,0,1,,0,1,6.8245,3.21717,2.12128,1.192,0.1744,0.0822144,0.0921851098537445,0.261002,1.38986,0.293642,0.715809,,,4.49218,-0.00137605,0.00013331,999,,,,,,,8.600000000000001,4.300000000000001,9,4.5,,,,,,,,,,,,,,,,,,,"Troy Watson","sa3007249",681890
"Andrew Hoffmann","ARI",0,0,0,4.4073,5,0,0,0,,5,20,5,2,2,1,2,,0,4,7.8935,3.72377,2.11976,1.10838,0.200159,0.0944253,0.10573358833789825,0.257369,1.42375,0.303286,0.714028,,,4.329,-0.00140113,0.0173327,999,,,,,,,13.7,2.7399999999999998,14,2.8,,,,,,,,,,,,,,,,,,,"Andrew Hoffmann","29633",694851
"Hayden Harris","ATL",1,1,0,4.07335,11,0,0,0,,11,47,9,5,5,1,6,,1,11,9.70132,4.78641,2.02685,1.094,0.246308,0.121523,0.12478524446487427,0.232218,1.41198,0.292812,0.7444,,,4.29238,-0.00141598,0.0193419,999,,,,,,,46.70000000000001,4.245454545454546,43,3.909090909090909,,,,,,,,,,,,,,,,,,,"Hayden Harris","31913",802686
"Miguel Ullola","HOU",1,1,0,4.38864,16,0,0,1,,16,70,14,8,8,2,9,,1,18,9.86958,4.9482,1.99458,1.27641,0.250144,0.125412,0.12473215162754059,0.228612,1.41334,0.284267,0.729911,,,4.58011,-0.00148807,0.0152041,999,,,,,,,67.4,4.2125,64,4,,,,,,,,,,,,,,,,,,,"Miguel Ullola","29036",699044
"Yosver Zulueta","BAL",0,0,0,4.2452,3,0,0,0,,3,15,3,2,2,0,2,,0,3,7.95873,4.69656,1.69459,0.896,0.199237,0.117573,0.08166435360908508,0.255139,1.50644,0.307818,0.725271,,,4.37352,-0.00155117,-0.0151687,999,,,,,,,14.400000000000002,4.800000000000001,15,5,,,,,,,,,,,,,,,,,,,"Yosver Zulueta","27765",691172
"Carlos Vargas","SEA",0,0,0,3.94194,3,0,0,0,,3,14,3,2,1,0,1,,0,3,7.53732,3.52699,2.13704,0.965,0.195386,0.0914284,0.10395778715610504,0.252417,1.36236,0.29767,0.729098,,,4.15333,-0.00156296,-0.018885,999,,,,,,,17.400000000000002,5.800000000000001,18,6,,,,,,,,,,,,,,,,,,,"Carlos Vargas","22915",672841
"Gus Varland","WSN",1,1,0,4.68675,12,0,0,0,,12,55,12,7,6,2,5,,1,12,8.54293,3.94289,2.16667,1.27317,0.21532,0.0993785,0.11594158411026001,0.253925,1.43435,0.301754,0.70531,,,4.50525,-0.00173719,-0.0265996,999,,,,,,,39.000000000000014,3.2500000000000013,40,3.3333333333333335,,,,,,,,,,,,,,,,,,,"Gus Varland","24737",681402
"Ryan Ramsey","KCR",0,1,1,5.28276,2,2,0,0,,9,41,10,6,5,1,4,,1,6,6.23853,4.13307,1.50942,1.408,0.153468,0.101673,0.051794297993183136,0.272961,1.54926,0.296967,0.693295,,,5.3273,-0.00183851,-0.0119067,999,,,,,,,25.30000000000001,2.8111111111111122,29,3.2222222222222223,,,,,,,,,,,,,,,,,,,"Ryan Ramsey","sa3020605",687547
"Geoff Hartlieb","ATH",0,0,0,4.78654,6,0,0,0,,6,27,6,3,3,1,3,,0,5,7.52011,3.89246,1.93197,1.19518,0.189005,0.0978302,0.09117467701435089,0.262114,1.46882,0.302653,0.69649,,,4.56644,-0.00193418,0.00390132,999,,,,,,,17.500000000000007,2.916666666666668,18,3,,,,,,,,,,,,,,,,,,,"Geoff Hartlieb","19558",664129
"Prelander Berroa","CHW",0,0,0,4.32878,6,0,0,0,,6,27,6,3,3,1,3,,0,6,9.09278,4.96722,1.83056,1.2,0.228831,0.125006,0.1038249135017395,0.236106,1.45422,0.287148,0.73985,,,4.60282,-0.00193762,0.00213305,999,,,,,,,19.500000000000007,3.2500000000000013,20,3.3333333333333335,,,,,,,,,,,,,,,,,,,"Prelander Berroa","22932",672860
"Justin Lawrence","WSN",0,0,0,4.60013,4,0,0,0,,4,17,4,2,2,0,2,,0,4,9.66908,5.05145,1.91412,1.14433,0.241465,0.126149,0.11531583964824677,0.241465,1.47528,0.304539,0.709126,,,4.60595,-0.00199444,0.00112279,999,,,,,,,21.200000000000003,5.300000000000001,22,5.5,,,,,,,,,,,,,,,,,,,"Justin Lawrence","17639",664875
"Luke Murphy","LAA",0,0,0,4.33779,7,0,0,0,,7,28,6,3,3,1,3,,0,6,7.59784,3.56619,2.13052,1.2,0.194336,0.0912152,0.1031206026673317,0.253763,1.38564,0.293036,0.722107,,,4.49014,-0.00216515,0.0178175,999,,,,,,,26.9,3.8428571428571425,25,3.5714285714285716,,,,,,,,,,,,,,,,,,,"Luke Murphy","sa3017653",684665
"Tyler Gilbert","CHW",0,1,0,4.74539,11,0,0,0,,11,46,11,6,6,2,4,,0,9,7.86672,3.53327,2.22647,1.3289,0.200118,0.0898813,0.11023678630590439,0.256416,1.40174,0.295653,0.695419,,,4.57773,-0.00219728,-0.0115872,999,,,,,,,34.2,3.1090909090909093,35,3.1818181818181817,,,,,,,,,,,,,,,,,,,"Tyler Gilbert","17964",656457
"Wilkin Ramos","SFG",0,0,0,4.32398,3,0,0,0,,3,12,3,1,1,0,1,,0,2,6.9891,4.38505,1.59385,0.786889,0.175237,0.109946,0.0652911439538002,0.256488,1.47907,0.301168,0.703578,,,4.38672,-0.00237357,0.015435,999,,,,,,,15.400000000000002,5.133333333333334,16,5.333333333333333,,,,,,,,,,,,,,,,,,,"Wilkin Ramos","23988",678576
"Thomas Harrington","PIT",0,0,0,4.38766,5,0,0,0,,5,22,5,3,3,1,2,,0,4,7.51949,2.80319,2.68247,1.352,0.194924,0.0726657,0.12225788086652756,0.253507,1.30679,0.287401,0.717854,,,4.47187,-0.00238737,-0.0119319,999,,,,,,,13.7,2.7399999999999998,14,2.8,,,,,,,,,,,,,,,,,,,"Thomas Harrington","31989",802419
"Rolddy Muñoz","ATL",0,0,0,4.42695,3,0,0,0,,3,12,3,1,1,0,1,,0,2,8.31274,4.59052,1.81085,1.04849,0.207701,0.114698,0.09300295263528824,0.252738,1.48952,0.304367,0.719014,,,4.49158,-0.00245567,0.0164552,999,,,,,,,15.400000000000002,5.133333333333334,16,5.333333333333333,,,,,,,,,,,,,,,,,,,"Rolddy Munoz","27407",691548
"Seth Halvorsen","LAD",0,0,0,4.80804,5,0,0,0,,5,21,5,3,2,1,2,,0,4,8.30382,4.79613,1.73136,1.23701,0.206582,0.119318,0.08726426213979721,0.252574,1.51666,0.29854,0.708107,,,4.76525,-0.00248267,-0.0138412,712.510009765625,,,,,,,13.7,2.7399999999999998,14,2.8,,,,,,,,,,,,,,,,,,,"Seth Halvorsen","33294",678020
"Ricky Vanasco","DET",0,0,0,4.5789,4,0,0,0,,4,19,4,2,2,1,2,,0,4,8.65533,4.84437,1.78668,1.18229,0.216093,0.120947,0.09514617919921875,0.245089,1.487,0.294238,0.717499,,,4.63237,-0.00259163,0.000594437,999,,,,,,,8.9,2.225,9,2.25,,,,,,,,,,,,,,,,,,,"Ricky Vanasco","23391",676568
"Cameron Foster","BAL",0,1,0,4.56952,10,0,0,0,,10,43,10,5,5,1,4,,0,8,7.79124,3.85837,2.01931,1.28466,0.196307,0.0972151,0.09909234941005707,0.257743,1.44817,0.297505,0.721229,,,4.59757,-0.00275469,0.000142449,999,,,,,,,39.7,3.97,41,4.1,,,,,,,,,,,,,,,,,,,"Cameron Foster","31942",671382
"Hunter Bigge","TBR",0,0,0,4.52707,9,0,0,0,,9,39,8,5,4,1,5,,0,8,8.62251,4.8185,1.78946,1.18243,0.214734,0.119999,0.09473452717065811,0.244499,1.48791,0.292599,0.725347,,,4.59898,-0.00282783,-0.0122296,999,,,,,,,34.500000000000014,3.833333333333335,33,3.6666666666666665,,,,,,,,,,,,,,,,,,,"Hunter Bigge","26259",685801
"Jared Shuster","STL",0,0,0,4.66185,3,0,0,0,,3,12,3,1,1,0,1,,0,2,6.06811,3.51332,1.72717,1.08813,0.152991,0.0885786,0.064411960542202,0.26658,1.45425,0.295076,0.695242,,,4.58154,-0.00285671,0.0155272,999,,,,,,,15.400000000000002,5.133333333333334,16,5.333333333333333,,,,,,,,,,,,,,,,,,,"Jared Shuster","27472",694363
"Andrew Walters","CLE",0,0,0,4.23859,7,0,0,0,,7,31,6,4,3,1,4,,0,8,10.1955,4.62738,2.20329,1.185,0.259192,0.117639,0.14155328273773193,0.230324,1.39278,0.292897,0.73593,,,4.22335,-0.00293511,-0.0170037,999,,,,,,,27.900000000000013,3.9857142857142875,26,3.7142857142857144,,,,,,,,,,,,,,,,,,,"Andrew Walters","33834",689958
"Travis Adams","MIN",1,1,0,4.3951,20,0,0,4,,20,87,20,11,10,3,7,,1,17,7.79134,3.26989,2.38276,1.19431,0.199595,0.0837664,0.11582841724157333,0.255992,1.3714,0.297796,0.710594,,,4.30157,-0.00293921,-0.0341249,999,,,,,,,85.1,4.255,87,4.35,,,,,,,,,,,,,,,,,,,"Travis Adams","30180",701519
"Tayler Saucedo","LAA",1,1,0,4.43915,14,0,0,0,,14,63,14,8,7,2,7,,1,13,8.39983,4.12366,2.03698,1.05123,0.212595,0.104368,0.10822749882936478,0.254145,1.4372,0.307706,0.706372,,,4.37534,-0.003062,-0.0241403,999,,,,,,,44.60000000000003,3.1857142857142877,46,3.2857142857142856,,,,,,,,,,,,,,,,,,,"Tayler Saucedo","17888",642048
"Matt Gage","SFG",0,0,0,4.32398,7,0,0,0,,7,31,7,4,3,1,3,,0,6,7.55792,3.80442,1.98661,1.06491,0.191243,0.0962657,0.09497714787721634,0.257623,1.43691,0.300765,0.71928,,,4.33149,-0.00311147,-0.0169939,999,,,,,,,24.3,3.4714285714285715,25,3.5714285714285716,,,,,,,,,,,,,,,,,,,"Matt Gage","17381",657424
"Logan Gillaspie","SDP",0,0,0,4.45985,3,0,0,0,,3,14,3,2,2,0,1,,0,2,6.73144,3.26892,2.05922,1.262,0.172318,0.0836812,0.08863697946071625,0.261946,1.39387,0.292285,0.718216,,,4.65418,-0.00319954,-0.016168,999,,,,,,,15.400000000000002,5.133333333333334,16,5.333333333333333,,,,,,,,,,,,,,,,,,,"Logan Gillaspie","22461",670810
"Chase Lee","TOR",0,1,0,4.33031,10,0,0,0,,10,45,10,5,5,2,4,,1,10,8.41286,3.23336,2.60189,1.29413,0.217554,0.0836137,0.13394033908843994,0.249389,1.32691,0.294074,0.715975,,,4.35932,-0.00334711,-0.000404223,999,,,,,,,28.4,2.84,29,2.9,,,,,,,,,,,,,,,,,,,"Chase Lee","29574",695445
"Jose Franco","CIN",0,1,0,5.07911,8,0,0,0,,8,36,8,5,5,1,4,,0,7,8.09616,4.40882,1.83636,1.38787,0.202495,0.11027,0.09222489595413208,0.253943,1.48152,0.293712,0.688721,,,4.92757,-0.0034869,-0.0207706,999,,,,,,,28.100000000000005,3.5125000000000006,29,3.625,,,,,,,,,,,,,,,,,,,"Jose Franco","27014",683742
"Braden Nett","ATH",0,0,0,4.67334,3,0,0,0,,3,15,3,2,2,0,2,,0,3,8.29988,5.06417,1.63894,1.163,0.206198,0.125812,0.08038637042045593,0.250903,1.53188,0.298774,0.720271,,,4.7741,-0.00350955,-0.0127375,999,,,,,,,14.400000000000002,4.800000000000001,15,5,,,,,,,,,,,,,,,,,,,"Braden Nett","sa3020336",804556
"Wilian Bormie","TEX",0,0,0,4.4483,4,0,0,0,,4,18,4,2,2,1,2,,0,4,8.24827,4.6269,1.78268,1.182,0.207676,0.116497,0.09117946028709412,0.245287,1.45863,0.290126,0.727314,,,4.67101,-0.00356472,0.000422464,999,,,,,,,8.9,2.225,9,2.25,,,,,,,,,,,,,,,,,,,"Wilian Bormie","sa3020327",693781
"Steven Wilson","TBR",0,0,0,4.80501,3,0,0,0,,3,15,3,2,2,1,2,,0,3,8.60687,4.22312,2.03804,1.539,0.216699,0.106327,0.11037176102399826,0.241357,1.40933,0.27788,0.722404,,,4.97438,-0.00369959,-0.0140647,999,,,,,,,2.1000000000000023,0.7000000000000007,2,0.6666666666666666,,,,,,,,,,,,,,,,,,,"Steven Wilson","20353",621051
"Scott Barlow","KCR",0,0,0,4.68253,7,0,0,0,,7,29,6,4,3,1,3,,1,7,9.12271,4.7915,1.90394,1.17055,0.228018,0.119762,0.10825689882040024,0.244305,1.46715,0.29998,0.704858,,,4.63079,-0.00377732,-0.0098829,999,,,,,,,25.900000000000013,3.700000000000002,24,3.4285714285714284,,,,,,,,,,,,,,,,,,,"Scott Barlow","14993",605130
"Nate Pearson","KCR",1,1,0,4.73304,17,0,0,2,,17,76,17,10,9,2,9,,1,16,8.37552,4.65143,1.80063,1.1346,0.208476,0.115779,0.09269651770591736,0.253568,1.50452,0.303549,0.706423,,,4.59348,-0.00384287,-0.0327664,999,,,,,,,67.00000000000001,3.941176470588236,69,4.0588235294117645,,,,,,,,,,,,,,,,,,,"Nate Pearson","20160",663878
"Kade Strowd","ARI",0,0,0,4.22952,9,0,0,0,,9,39,9,5,4,1,4,,0,8,8.01646,4.53129,1.76914,0.912659,0.201547,0.113924,0.08762308210134506,0.25332,1.48337,0.305445,0.724803,,,4.3001,-0.00387176,-0.0112327,999,,,,,,,34.90000000000001,3.877777777777779,36,4,,,,,,,,,,,,,,,,,,,"Kade Strowd","26191",669704
"Reiver Sanmartin","SFG",1,1,0,4.19463,14,0,0,0,,14,61,15,7,7,2,5,,1,10,6.67791,2.94121,2.27046,1.02698,0.171634,0.0755943,0.09603969752788544,0.266689,1.38034,0.303596,0.712984,,,4.22716,-0.00390029,-0.00223166,999,,,,,,,42,3,46,3.2857142857142856,,,,,,,,,,,,,,,,,,,"Reiver Sanmartin","19754",665665
"Jack Ralston","MIA",0,0,0,4.47237,5,0,0,0,,5,23,5,3,3,1,3,,0,5,8.51051,5.05758,1.68272,1.135,0.212762,0.126439,0.08632281422615051,0.242298,1.4932,0.290488,0.728152,,,4.66118,-0.00424433,-0.0131547,999,,,,,,,12.7,2.54,13,2.6,,,,,,,,,,,,,,,,,,,"Jack Ralston","sa3011296",667652
"Logan VanWey","HOU",0,0,0,4.40157,8,0,0,0,,8,37,8,4,4,1,4,,1,8,8.66364,4.43204,1.95477,1.15452,0.219128,0.112099,0.1070290356874466,0.242916,1.42326,0.292797,0.71914,,,4.53564,-0.00424651,0.00142713,999,,,,,,,27.100000000000005,3.3875000000000006,28,3.5,,,,,,,,,,,,,,,,,,,"Logan VanWey","31884",701121
"Bryse Wilson","MIL",1,1,0,4.21533,17,0,0,2,,17,73,17,9,8,3,5,,1,13,6.94922,2.52293,2.75443,1.3394,0.18278,0.0663586,0.11642145365476608,0.250116,1.25474,0.277521,0.715718,,,4.48576,-0.00433603,-0.0119827,999,,,,,,,60.7,3.570588235294118,62,3.6470588235294117,,,,,,,,,,,,,,,,,,,"Bryse Wilson","19990",669060
"Nick Raquet","BAL",1,1,0,4.63716,13,0,0,0,,13,57,14,7,7,2,5,,1,11,7.23783,3.26003,2.22017,1.26061,0.183629,0.0827096,0.10091979056596756,0.26748,1.41963,0.30487,0.703714,,,4.60102,-0.00450865,-0.0153198,999,,,,,,,39.199999999999996,3.015384615384615,43,3.3076923076923075,,,,,,,,,,,,,,,,,,,"Nick Raquet","20333",675919
"Ryan Yarbrough","NYY",1,1,0,4.40222,17,0,0,2,,17,75,17,9,8,2,6,,1,14,7.1171,2.97484,2.39243,1.27075,0.183973,0.076898,0.10707524418830872,0.25162,1.30981,0.283145,0.702932,,,4.58324,-0.00450983,-0.0170571,999,,,,,,,72.00000000000001,4.23529411764706,74,4.352941176470588,,,,,,,,,,,,,,,,,,,"Ryan Yarbrough","16502",642232
"Josh Ekness","MIA",1,1,0,4.41544,12,0,0,0,,12,55,12,7,6,1,6,,1,12,8.63631,4.41956,1.95411,0.994462,0.218365,0.111747,0.10661882162094116,0.245377,1.42127,0.301271,0.70255,,,4.43741,-0.00456313,-0.0249593,999,,,,,,,48.30000000000001,4.025000000000001,50,4.166666666666667,,,,,,,,,,,,,,,,,,,"Josh Ekness","33785",694795
"Garrett Stallings","MIL",1,1,0,4.49522,13,0,0,0,,13,57,14,7,7,2,4,,0,10,6.86055,2.54131,2.69961,1.34798,0.178037,0.0659492,0.11208788305521011,0.262119,1.32331,0.291308,0.702977,,,4.46327,-0.00458066,-0.0128822,999,,,,,,,43.199999999999996,3.323076923076923,47,3.6153846153846154,,,,,,,,,,,,,,,,,,,"Garrett Stallings","27485",668831
"Landon Knack","LAD",0,1,0,5.01794,10,0,0,0,,10,43,10,6,6,2,4,,0,9,8.27099,3.43058,2.41096,1.61519,0.211445,0.0877015,0.12374337017536163,0.25253,1.37414,0.28709,0.68905,,,4.84744,-0.00458704,-0.0275919,999,,,,,,,29.4,2.94,30,3,,,,,,,,,,,,,,,,,,,"Landon Knack","27487",689017
"Connor Phillips","CIN",0,0,0,5.00553,6,0,0,0,,6,27,6,4,3,1,4,,0,7,9.63847,5.54569,1.73801,1.28137,0.237996,0.136936,0.10106028616428375,0.237676,1.52186,0.29389,0.697708,,,4.88652,-0.00459315,-0.0227107,999,,,,,,,18.500000000000007,3.0833333333333344,19,3.1666666666666665,,,,,,,,,,,,,,,,,,,"Connor Phillips","27649",683175
"Hayden Juenger","ATH",1,1,0,4.91774,17,0,0,2,,17,77,18,10,9,2,8,,1,14,7.24774,4.04427,1.7921,1.17744,0.180632,0.100794,0.0798385813832283,0.264699,1.49631,0.303441,0.691231,,,4.7089,-0.00493651,-0.033312,999,,,,,,,63.40000000000002,3.7294117647058833,68,4,,,,,,,,,,,,,,,,,,,"Hayden Juenger","29640",696522
"Seth Johnson","PHI",1,1,0,4.63499,17,0,0,2,,17,76,16,9,9,2,9,,1,16,8.48117,4.63177,1.83108,1.23877,0.211989,0.115772,0.0962165892124176,0.247764,1.48107,0.293833,0.716915,,,4.64848,-0.00505393,-0.00522778,999,,,,,,,69.60000000000002,4.094117647058825,69,4.0588235294117645,,,,,,,,,,,,,,,,,,,"Seth Johnson","26020",686751
"Antoine Kelly","CHC",0,0,0,4.31906,5,0,0,0,,5,21,5,2,2,0,3,,0,4,7.62976,5.09795,1.49663,0.963,0.189646,0.126715,0.06293083727359772,0.252059,1.53629,0.298259,0.731199,,,4.67265,-0.00524593,0.0156399,999,,,,,,,23,4.6,24,4.8,,,,,,,,,,,,,,,,,,,"Antoine Kelly","sa3011135",681520
"Kyle Nicolas","WSN",0,0,0,4.80191,7,0,0,0,,7,29,6,4,3,1,4,,0,7,9.01022,5.41538,1.66382,1.15835,0.223133,0.134109,0.08902408182621002,0.240669,1.5235,0.293706,0.704259,,,4.7505,-0.00525847,-0.0132607,999,,,,,,,25.900000000000013,3.700000000000002,24,3.4285714285714284,,,,,,,,,,,,,,,,,,,"Kyle Nicolas","27775",693312
"Dan Hammer","NYM",0,0,0,4.60684,3,0,0,0,,3,12,2,1,1,0,2,,0,2,8.0076,5.38425,1.48723,1.125,0.197347,0.132695,0.06465256214141846,0.246189,1.54717,0.290143,0.725767,,,4.91736,-0.00535445,0.0149103,999,,,,,,,15.000000000000004,5.000000000000001,13,4.333333333333333,,,,,,,,,,,,,,,,,,,"Dan Hammer","sa3011525",669285
"Beau Brieske","DET",1,1,0,4.73393,11,0,0,0,,11,50,11,7,6,2,5,,0,10,7.8119,3.88312,2.01176,1.32374,0.198088,0.0984648,0.09962281584739685,0.24998,1.41251,0.286642,0.699717,,,4.65777,-0.00552475,-0.0436522,999,,,,,,,33.2,3.0181818181818185,34,3.090909090909091,,,,,,,,,,,,,,,,,,,"Beau Brieske","26079",689225
"Anthony Molina","ATL",1,1,0,4.61251,12,0,0,0,,12,54,13,7,6,2,4,,0,9,6.6692,2.67147,2.49646,1.24622,0.170702,0.0683776,0.10232403129339218,0.270487,1.38358,0.302167,0.696094,,,4.39758,-0.00598732,-0.0258258,999,,,,,,,36.40000000000002,3.033333333333335,40,3.3333333333333335,,,,,,,,,,,,,,,,,,,"Anthony Molina","26952",683627
"Jared Southard","LAA",0,0,0,4.40693,9,0,0,0,,9,37,9,5,4,1,4,,1,7,6.94378,3.87818,1.79047,1.066,0.175059,0.0977727,0.07728666812181473,0.260948,1.45101,0.298637,0.71539,,,4.60055,-0.00611177,-0.0116262,999,,,,,,,29.900000000000013,3.3222222222222237,31,3.4444444444444446,,,,,,,,,,,,,,,,,,,"Jared Southard","sa3019951",683177
"Luis Curvelo","TEX",0,0,0,5.05701,5,0,0,0,,5,20,5,3,3,1,2,,0,4,7.5976,3.84498,1.97598,1.44724,0.192732,0.0975376,0.09519469738006592,0.252899,1.41221,0.285204,0.679912,,,4.96764,-0.00627352,-0.0150098,999,,,,,,,13.7,2.7399999999999998,14,2.8,,,,,,,,,,,,,,,,,,,"Luis Curvelo","24710",681168
"Alek Jacob","SDP",0,1,0,4.79042,9,0,0,0,,9,41,9,5,5,1,4,,1,8,8.09381,3.95908,2.04437,1.33987,0.20583,0.100681,0.10514815151691437,0.247774,1.39163,0.287459,0.691672,,,4.83072,-0.00629907,-0.0178805,999,,,,,,,31.900000000000013,3.544444444444446,33,3.6666666666666665,,,,,,,,,,,,,,,,,,,"Alek Jacob","29628",689690
"Eric Cerantola","SFG",0,0,0,4.69329,3,0,0,0,,3,15,3,2,2,0,2,,0,3,8.95814,5.35879,1.67167,1.14353,0.222282,0.13297,0.089312344789505,0.24005,1.51013,0.293015,0.708779,,,4.77287,-0.00633847,-0.0157204,999,,,,,,,14.400000000000002,4.800000000000001,15,5,,,,,,,,,,,,,,,,,,,"Eric Cerantola","30128",672021
"Ronan Kopp","LAD",0,0,0,4.70493,4,0,0,0,,4,17,3,2,2,0,3,,0,4,8.84389,6.54499,1.35125,1.165,0.21511,0.159194,0.05591641366481781,0.240875,1.64238,0.29239,0.738818,,,5.13371,-0.00658877,0.00133266,999,,,,,,,20.8,5.2,19,4.75,,,,,,,,,,,,,,,,,,,"Ronan Kopp","sa3017751",691947
"Ethan Roberts","CHC",1,1,0,4.56113,14,0,0,0,,14,63,14,8,7,2,7,,1,13,8.08849,4.13061,1.95818,1.20691,0.20448,0.104423,0.10005677491426468,0.251537,1.42973,0.296006,0.710239,,,4.66292,-0.00687521,-0.0305835,999,,,,,,,44.60000000000003,3.1857142857142877,46,3.2857142857142856,,,,,,,,,,,,,,,,,,,"Ethan Roberts","24930",681799
"Scott Blewett","ATH",1,1,0,4.44593,18,0,0,3,,18,78,18,10,9,2,7,,1,14,7.06732,3.40152,2.0777,1.15603,0.180247,0.0867535,0.09349387884140015,0.260181,1.40424,0.296238,0.710502,,,4.44511,-0.0069562,-0.0186652,999,,,,,,,77.80000000000003,4.322222222222224,80,4.444444444444445,,,,,,,,,,,,,,,,,,,"Scott Blewett","16427",656240
"Ryan Lambert","NYM",0,0,0,4.32302,9,0,0,0,,9,39,8,5,4,1,5,,0,10,9.72167,5.35264,1.81624,1.201,0.243582,0.134114,0.1094684898853302,0.22582,1.45044,0.280414,0.741314,,,4.61992,-0.00720668,-0.0187892,999,,,,,,,38.500000000000014,4.2777777777777795,37,4.111111111111111,,,,,,,,,,,,,,,,,,,"Ryan Lambert","sa3025613",822038
"Elieser Hernández","ATL",1,1,0,4.70476,14,0,0,0,,14,61,14,8,7,2,5,,0,12,7.93859,3.06115,2.59334,1.54701,0.203611,0.078513,0.12509778887033463,0.258136,1.36139,0.292651,0.712649,,,4.70765,-0.00746453,-0.0251296,999,,,,,,,51.6,3.685714285714286,53,3.7857142857142856,,,,,,,,,,,,,,,,,,,"Elieser Hernandez","16933",622694
"Joel Peguero","SFG",0,0,0,4.38634,7,0,0,0,,7,29,7,4,3,1,3,,0,5,6.70294,3.86205,1.73559,0.940366,0.169075,0.0974166,0.07165870070457458,0.260498,1.44915,0.29857,0.706471,,,4.44625,-0.00752637,-0.0168866,999,,,,,,,22.3,3.185714285714286,23,3.2857142857142856,,,,,,,,,,,,,,,,,,,"Joel Peguero","21951",666711
"Troy Taylor","SEA",0,0,0,4.25694,7,0,0,0,,7,32,7,4,3,1,4,,0,7,8.17984,4.49644,1.81918,1.1,0.206771,0.113661,0.09310933202505112,0.243936,1.43737,0.289898,0.730717,,,4.53457,-0.00762457,-0.0229142,999,,,,,,,23.300000000000015,3.3285714285714305,24,3.4285714285714284,,,,,,,,,,,,,,,,,,,"Troy Taylor","31883",700187
"Alex McFarlane","PHI",1,1,0,4.39612,12,0,0,0,,12,55,12,7,6,2,6,,1,11,7.92525,4.63556,1.70967,1.113,0.19963,0.116765,0.08286441117525101,0.248356,1.47045,0.292592,0.726402,,,4.6489,-0.00766142,-0.0226409,999,,,,,,,34.000000000000014,2.8333333333333344,35,2.9166666666666665,,,,,,,,,,,,,,,,,,,"Alex McFarlane","31773",686934
"William Kempner","MIA",0,1,0,4.56199,8,0,0,0,,8,35,7,4,4,1,4,,1,8,9.25972,4.7964,1.93056,1.14654,0.232524,0.120444,0.1120796799659729,0.239792,1.44094,0.296768,0.707032,,,4.62248,-0.00792236,0.00335302,999,,,,,,,29.700000000000006,3.712500000000001,28,3.5,,,,,,,,,,,,,,,,,,,"William Kempner","31615",687531
"Philip Abner","ARI",0,1,0,4.37666,11,0,0,0,,11,49,11,6,5,1,5,,1,10,8.01103,3.81862,2.09788,1.16498,0.203382,0.0969462,0.10643567889928818,0.256112,1.42261,0.301859,0.721921,,,4.44801,-0.00796938,-0.0103968,999,,,,,,,42.50000000000001,3.863636363636364,44,4,,,,,,,,,,,,,,,,,,,"Philip Abner","33821",691769
"Carson Palmquist","WSN",1,1,0,4.40322,17,0,0,2,,17,74,16,9,8,2,8,,1,16,8.61002,4.08022,2.11019,1.27935,0.219924,0.10422,0.11570395529270172,0.239632,1.36717,0.284265,0.719149,,,4.65405,-0.00812797,-0.0104563,999,,,,,,,72.60000000000002,4.270588235294119,72,4.235294117647059,,,,,,,,,,,,,,,,,,,"Carson Palmquist","31612",687223
"Stevie Emanuels","ATH",0,0,0,4.97538,4,0,0,0,,4,18,4,2,2,1,2,,0,4,8.69197,5.49,1.58324,1.316,0.213632,0.134933,0.07869821786880493,0.248688,1.57208,0.295963,0.718316,,,5.03551,-0.00814019,0.00259572,999,,,,,,,8.9,2.225,9,2.25,,,,,,,,,,,,,,,,,,,"Stevie Emanuels","sa3014698",669434
"Tyler Schweitzer","CHW",1,1,0,4.59617,14,0,0,0,,14,59,14,8,7,2,5,,0,9,6.2436,3.22592,1.93545,1.25136,0.158529,0.0819084,0.07662107795476913,0.266854,1.42357,0.293191,0.707759,,,4.6836,-0.0084546,-0.0258949,999,,,,,,,45.6,3.257142857142857,47,3.357142857142857,,,,,,,,,,,,,,,,,,,"Tyler Schweitzer","31920",805326
"Johan Moreno","SDP",0,0,0,4.79054,4,0,0,0,,4,18,4,2,2,1,2,,0,3,7.40565,4.51012,1.64201,1.354,0.185056,0.112701,0.07235467433929443,0.253136,1.48747,0.285953,0.719425,,,5.06973,-0.00850652,-0.000780736,999,,,,,,,6.9,1.725,7,1.75,,,,,,,,,,,,,,,,,,,"Johan Moreno","sa3020999",808052
"Gordon Graceffo","STL",1,1,0,4.46097,19,0,0,4,,19,84,20,10,10,2,7,,1,15,6.98405,3.31408,2.10739,1.08023,0.178333,0.0846228,0.0937102884054184,0.259701,1.39329,0.296632,0.698996,,,4.33118,-0.00850948,-0.0147707,999,,,,,,,86,4.526315789473684,91,4.7894736842105265,,,,,,,,,,,,,,,,,,,"Gordon Graceffo","29519",700669
"TJ Shook","COL",0,1,0,5.2175,9,0,0,0,,9,38,9,5,5,1,3,,1,7,7.21279,3.36603,2.14281,1.42987,0.180731,0.0843427,0.09638810902833939,0.275073,1.47165,0.309817,0.678728,,,4.90412,-0.00866065,0.00583872,999,,,,,,,32.90000000000001,3.655555555555557,34,3.7777777777777777,,,,,,,,,,,,,,,,,,,"TJ Shook","27567",669298
"Jayden Murray","CHC",0,0,0,4.44674,7,0,0,0,,7,29,6,4,3,1,3,,0,6,7.6132,3.91257,1.94583,1.20698,0.194571,0.0999938,0.09457715600728989,0.24607,1.38016,0.283471,0.710202,,,4.67768,-0.00870908,-0.0153719,999,,,,,,,26.9,3.8428571428571425,25,3.5714285714285716,,,,,,,,,,,,,,,,,,,"Jayden Murray","26482",681151
"Najer Victor","LAA",0,1,0,4.47846,10,0,0,0,,10,44,9,5,5,1,6,,0,10,8.84796,5.1053,1.73309,1.165,0.221297,0.127689,0.09360809624195099,0.241404,1.49211,0.292581,0.730258,,,4.66022,-0.00879509,0.00375968,999,,,,,,,40.300000000000004,4.03,39,3.9,,,,,,,,,,,,,,,,,,,"Najer Victor","sa3025330",695402
"Tommy Kahnle","BOS",0,1,0,4.69699,11,0,0,0,,11,48,11,6,6,1,6,,0,9,7.52092,4.57863,1.64261,1.141,0.187654,0.114241,0.07341282814741135,0.2539,1.50013,0.293865,0.706501,,,4.73217,-0.00923201,-0.00472639,748.510009765625,,,,,,,40.50000000000001,3.6818181818181825,42,3.8181818181818183,,,,,,,,,,,,,,,,,,,"Tommy Kahnle","11384",592454
"Luis Mey","CIN",1,1,0,5.01744,11,0,0,0,,11,51,10,7,6,1,8,,1,11,9.20004,6.07409,1.51464,1.15359,0.224182,0.14801,0.07617169618606567,0.245475,1.60592,0.303839,0.701166,,,5.03276,-0.00930211,-0.0321167,999,,,,,,,38.10000000000001,3.4636363636363643,37,3.3636363636363638,,,,,,,,,,,,,,,,,,,"Luis Mey","25620",682825
"Hunter Parks","CIN",0,0,0,5.08577,5,0,0,0,,5,22,5,3,3,1,3,,0,4,8.15323,5.5294,1.47452,1.35,0.198942,0.13492,0.06402236223220825,0.252435,1.59195,0.293814,0.714922,,,5.29117,-0.00936617,-0.00926821,999,,,,,,,10.7,2.1399999999999997,11,2.2,,,,,,,,,,,,,,,,,,,"Hunter Parks","sa3017640",688609
"Connor Seabold","KCR",0,1,0,5.01835,9,0,0,0,,9,41,10,5,5,1,3,,1,7,7.29356,3.28797,2.21825,1.27306,0.182784,0.0824001,0.10038420557975769,0.272452,1.45072,0.311332,0.679559,,,4.67728,-0.0099423,-0.00908273,999,,,,,,,30.30000000000001,3.366666666666668,34,3.7777777777777777,,,,,,,,,,,,,,,,,,,"Connor Seabold","19695",657756
"Max Lazar","PHI",1,1,0,4.74618,14,0,0,0,,14,63,15,8,8,2,5,,0,11,6.83756,3.06297,2.23233,1.37556,0.174879,0.0783395,0.09653989970684052,0.264928,1.39396,0.293946,0.697286,,,4.67897,-0.0105788,-0.0217283,999,,,,,,,47,3.357142857142857,51,3.642857142857143,,,,,,,,,,,,,,,,,,,"Max Lazar","23426",676661
"Tyler Zuber","MIA",1,1,0,4.52593,18,0,0,2,,18,77,17,10,9,3,7,,1,17,8.78798,3.76508,2.33407,1.35007,0.223302,0.0956703,0.127631276845932,0.250781,1.39834,0.298414,0.720096,,,4.50184,-0.0105875,-0.022421,999,,,,,,,70.10000000000001,3.894444444444445,69,3.8333333333333335,,,,,,,,,,,,,,,,,,,"Tyler Zuber","20379",676604
"Brandan Bidois","PIT",0,0,0,4.80949,8,0,0,0,,8,35,7,5,4,1,4,,0,8,8.911,4.99507,1.78396,1.35671,0.221726,0.124289,0.09743750095367432,0.242876,1.49402,0.289234,0.716333,,,4.88696,-0.0106151,-0.0250442,999,,,,,,,32.7,4.0875,31,3.875,,,,,,,,,,,,,,,,,,,"Brandan Bidois","28052",684049
"Zach Maxwell","CIN",0,1,0,5.07449,12,0,0,0,,12,55,11,7,7,2,8,,0,13,9.28042,5.52886,1.67854,1.38999,0.22851,0.136136,0.09237369894981384,0.242677,1.55356,0.292318,0.707147,,,4.98178,-0.0110401,-0.0167874,999,,,,,,,37.600000000000016,3.1333333333333346,36,3,,,,,,,,,,,,,,,,,,,"Zach Maxwell","31610",687209
"Bradley Hanner","NYY",0,0,0,4.40764,9,0,0,0,,9,38,8,5,4,1,4,,1,8,8.28492,4.12174,2.01005,1.333,0.209702,0.104326,0.10537522286176682,0.241756,1.39409,0.281078,0.732437,,,4.74688,-0.0110931,-0.0165342,999,,,,,,,34.500000000000014,3.833333333333335,33,3.6666666666666665,,,,,,,,,,,,,,,,,,,"Bradley Hanner","sa3010837",690440
"Valente Bellozo","COL",0,0,0,5.77738,5,0,0,0,,5,24,6,4,3,1,2,,0,3,5.9579,3.15149,1.8905,1.82883,0.147292,0.0779115,0.06938053667545319,0.288148,1.53199,0.302393,0.677644,,,5.60621,-0.0111264,-0.0290249,999,,,,,,,9.1,1.8199999999999998,12,2.4,,,,,,,,,,,,,,,,,,,"Valente Bellozo","23899",678368
"Blas Castaño","COL",0,1,0,5.75832,8,0,0,0,,8,36,10,5,5,1,3,,1,5,6.20881,3.3096,1.876,1.34001,0.150912,0.0804432,0.07046835869550705,0.302424,1.61093,0.334445,0.655285,,,5.04728,-0.0113574,-0.00970106,999,,,,,,,18.900000000000006,2.3625000000000007,25,3.125,,,,,,,,,,,,,,,,,,,"Blas Castano","26117",680604
"Cole Winn","TEX",1,1,0,4.55251,18,0,0,3,,18,78,17,10,9,2,8,,1,16,8.09732,3.92999,2.06039,1.18956,0.206999,0.100466,0.10653305053710938,0.243833,1.37849,0.286025,0.696857,,,4.48006,-0.0118439,-0.045522,999,,,,,,,81.40000000000002,4.522222222222223,81,4.5,,,,,,,,,,,,,,,,,,,"Cole Winn","22113",668390
"Andre Granillo","DET",0,1,0,4.94167,9,0,0,0,,9,41,9,5,5,1,4,,0,8,7.8517,4.40012,1.78443,1.36344,0.195805,0.10973,0.08607514947652817,0.252578,1.48003,0.289515,0.701777,,,4.92875,-0.0122579,-0.0133901,999,,,,,,,34.90000000000001,3.877777777777779,36,4,,,,,,,,,,,,,,,,,,,"Andre Granillo","29542",701552
"Lazaro Estrada","TOR",1,1,0,4.62833,14,0,0,0,,14,62,14,8,7,2,5,,1,13,7.86327,2.86173,2.74773,1.45211,0.203503,0.0740623,0.1294408068060875,0.253708,1.31455,0.288706,0.698229,,,4.55553,-0.0123418,-0.0306447,999,,,,,,,50.60000000000003,3.6142857142857165,52,3.7142857142857144,,,,,,,,,,,,,,,,,,,"Lazaro Estrada","24914",681751
"Marco Raya","MIN",1,1,0,4.57996,13,0,0,0,,13,58,13,7,7,2,6,,1,11,7.79274,4.14062,1.88202,1.0944,0.196299,0.104302,0.09199680387973785,0.254952,1.45237,0.299761,0.701717,,,4.5153,-0.0123873,-0.0110713,999,,,,,,,38.8,2.9846153846153842,40,3.076923076923077,,,,,,,,,,,,,,,,,,,"Marco Raya","30166",694397
"Garrett Hawkins","SDP",0,0,0,4.57221,9,0,0,0,,9,38,8,5,4,1,5,,0,8,8.21638,4.90453,1.67526,1.252,0.205867,0.122887,0.08298077434301376,0.244658,1.48655,0.286952,0.72917,,,4.85003,-0.0125737,-0.0175324,999,,,,,,,34.500000000000014,3.833333333333335,33,3.6666666666666665,,,,,,,,,,,,,,,,,,,"Garrett Hawkins","sa3017383",678184
"Robby Ahlstrom","TEX",1,1,0,4.58419,17,0,0,2,,17,74,16,9,8,2,8,,1,15,7.89901,4.38378,1.80187,1.16691,0.198524,0.110177,0.08834724128246307,0.249086,1.45687,0.2911,0.709478,,,4.62271,-0.0126656,-0.0143714,999,,,,,,,70.60000000000002,4.1529411764705895,70,4.117647058823529,,,,,,,,,,,,,,,,,,,"Robby Ahlstrom","30167",695239
"Adam Macko","TOR",1,1,0,4.40663,18,0,0,3,,18,77,17,9,9,2,7,,1,17,8.42158,3.79155,2.22114,1.21081,0.214846,0.0967275,0.11811833828687668,0.246135,1.3701,0.292424,0.710972,,,4.48872,-0.0129175,0.0232828,999,,,,,,,86.40000000000002,4.800000000000001,86,4.777777777777778,,,,,,,,,,,,,,,,,,,"Adam Macko","25590",671936
"Alimber Santa","HOU",1,1,0,4.36666,15,0,0,0,,15,66,14,8,7,2,8,,1,13,8.09838,4.76853,1.69829,1.02861,0.202744,0.119381,0.08336329460144043,0.247221,1.48495,0.295099,0.723623,,,4.52021,-0.0129984,-0.0126136,999,,,,,,,49.00000000000001,3.266666666666667,48,3.2,,,,,,,,,,,,,,,,,,,"Alimber Santa","28846",695001
"Albert Suárez","BAL",1,1,0,4.74073,18,0,0,2,,18,78,19,10,9,3,6,,0,14,7.36008,3.03331,2.42642,1.40884,0.186359,0.0768041,0.10955456644296646,0.270039,1.42441,0.304951,0.709356,,,4.59366,-0.0136645,-0.0305057,999,,,,,,,64.9,3.605555555555556,69,3.8333333333333335,,,,,,,,,,,,,,,,,,,"Albert Suarez","6175",544150
"Chris Roycroft","TBR",1,1,0,4.68968,15,0,0,0,,15,67,15,8,8,2,7,,1,12,7.24676,4.26774,1.69803,1.12771,0.180683,0.106407,0.07427585124969482,0.262847,1.50824,0.302559,0.70584,,,4.6953,-0.0136871,-0.0103321,999,,,,,,,47.400000000000006,3.1600000000000006,49,3.2666666666666666,,,,,,,,,,,,,,,,,,,"Chris Roycroft","31261",688297
"Wikelman González","CHW",1,1,0,4.51146,11,0,0,0,,11,50,10,6,6,2,6,,1,11,8.92682,5.07722,1.75821,1.234,0.223171,0.126931,0.09624052047729492,0.236625,1.46773,0.28497,0.730044,,,4.78568,-0.0137305,-0.0112174,999,,,,,,,31.800000000000004,2.890909090909091,30,2.727272727272727,,,,,,,,,,,,,,,,,,,"Wikelman Gonzalez","26641",682790
"Peter Strzelecki","STL",1,1,0,4.68882,15,0,0,0,,15,65,15,8,8,2,6,,1,12,7.41071,3.56616,2.07806,1.13696,0.186526,0.0897594,0.0967661589384079,0.263513,1.43656,0.304852,0.693582,,,4.50498,-0.0137408,-0.0166883,999,,,,,,,50.400000000000006,3.3600000000000003,52,3.466666666666667,,,,,,,,,,,,,,,,,,,"Peter Strzelecki","21367",657265
"Juan Burgos","ARI",1,1,0,4.72434,14,0,0,0,,14,61,15,8,7,2,6,,1,10,6.8551,4.00302,1.71248,1.11286,0.170888,0.0997899,0.0710984319448471,0.269778,1.50629,0.307552,0.703346,,,4.76104,-0.0137901,-0.0241194,999,,,,,,,39,2.7857142857142856,43,3.0714285714285716,,,,,,,,,,,,,,,,,,,"Juan Burgos","27271",686228
"Victor Mederos","ATL",1,1,0,4.65863,18,0,0,3,,18,80,19,10,9,2,7,,2,14,7.03615,3.57171,1.96997,1.15228,0.178458,0.0905894,0.08786854147911072,0.261297,1.41531,0.298014,0.691497,,,4.66005,-0.0141492,-0.0235316,999,,,,,,,72.20000000000002,4.011111111111112,77,4.277777777777778,,,,,,,,,,,,,,,,,,,"Victor Mederos","31533",682989
"Wyatt Mills","LAD",0,0,0,5.03572,8,0,0,0,,8,36,8,5,4,1,4,,1,7,8.17091,4.75637,1.71789,1.31316,0.203642,0.118542,0.08510006219148636,0.251701,1.49151,0.294745,0.689338,,,5.08711,-0.0150355,-0.0281774,999,,,,,,,25.100000000000005,3.1375000000000006,26,3.25,,,,,,,,,,,,,,,,,,,"Wyatt Mills","20010",670090
"Zach Brzykcy","MIA",1,1,0,4.74252,14,0,0,0,,14,61,13,8,7,2,7,,1,13,8.41831,4.57153,1.84147,1.20557,0.210719,0.11443,0.09628887474536896,0.247794,1.46932,0.294413,0.70335,,,4.65804,-0.0155358,-0.024089,999,,,,,,,47.20000000000003,3.3714285714285737,46,3.2857142857142856,,,,,,,,,,,,,,,,,,,"Zach Brzykcy","27783",694350
"Gavin Collyer","TEX",1,1,0,4.94887,11,0,0,0,,11,51,10,7,6,1,7,,1,11,8.93661,5.79777,1.54139,1.11992,0.219424,0.142355,0.07706892490386963,0.241021,1.55099,0.295798,0.695766,,,5.03048,-0.0159745,-0.0450268,999,,,,,,,41.10000000000001,3.736363636363637,40,3.6363636363636362,,,,,,,,,,,,,,,,,,,"Gavin Collyer","26349",686560
"Gavin Hollowell","CHC",1,1,0,4.66843,17,0,0,2,,17,73,15,9,9,2,9,,1,17,9.15409,4.75089,1.92681,1.15231,0.231373,0.120081,0.11129260063171387,0.237572,1.42926,0.291941,0.695304,,,4.54558,-0.0160805,-0.0152056,999,,,,,,,74.20000000000002,4.3647058823529425,71,4.176470588235294,,,,,,,,,,,,,,,,,,,"Gavin Hollowell","25427",668970
"Woo-Suk Go","MIN",0,1,0,5.03355,9,0,0,0,,9,41,10,6,5,1,4,,0,8,7.71174,4.30013,1.79337,1.26334,0.19067,0.106319,0.08435077965259552,0.265066,1.53062,0.306737,0.692699,,,4.78682,-0.0168218,-0.0420926,999,,,,,,,32.30000000000001,3.5888888888888903,36,4,,,,,,,,,,,,,,,,,,,"Woo-Suk Go","33827",808970
"Josh Simpson","SEA",1,1,0,4.40974,12,0,0,0,,12,53,11,6,6,2,6,,1,12,9.25742,4.58477,2.01917,1.20411,0.23494,0.116355,0.11858494579792023,0.238843,1.41902,0.293205,0.719978,,,4.50114,-0.0170652,-0.0110584,999,,,,,,,38.600000000000016,3.216666666666668,37,3.0833333333333335,,,,,,,,,,,,,,,,,,,"Josh Simpson","25957",681006
"Cole Henry","WSN",0,0,0,5.17193,9,0,0,0,,9,41,9,6,5,1,5,,1,9,8.46057,4.69256,1.80298,1.46984,0.210677,0.11685,0.09382735937833786,0.245851,1.46172,0.285519,0.684081,,,5.26475,-0.0176628,-0.0422981,736.2100219726562,,,,,,,30.900000000000013,3.433333333333335,32,3.5555555555555554,,,,,,,,,,,,,,,,,,,"Cole Henry","27570",669371
"Tyler Davis","CHW",1,1,0,4.8142,15,0,0,1,,15,68,15,9,8,2,8,,0,13,7.93746,4.88602,1.62453,1.18836,0.196866,0.121184,0.07568232715129852,0.24934,1.51773,0.291052,0.705925,,,4.77303,-0.0180286,-0.0579033,999,,,,,,,53.400000000000006,3.5600000000000005,55,3.6666666666666665,,,,,,,,,,,,,,,,,,,"Tyler Davis","34847",699823
"Eli Morgan","KCR",1,1,0,4.91802,14,0,0,0,,14,60,14,8,8,2,5,,1,12,7.82552,3.48147,2.24776,1.45998,0.198019,0.0880961,0.10992313921451569,0.259396,1.41486,0.295352,0.69731,,,4.76304,-0.0190355,-0.0199087,999,,,,,,,48.6,3.4714285714285715,50,3.5714285714285716,,,,,,,,,,,,,,,,,,,"Eli Morgan","20203",669212
"Zach Agnos","COL",1,1,0,5.27969,17,0,0,2,,17,76,19,11,10,3,7,,1,12,6.49006,3.54542,1.83055,1.40227,0.16185,0.0884161,0.07343386113643646,0.275122,1.49915,0.302334,0.679061,,,5.00785,-0.0191201,-0.0302768,743.47998046875,,,,,,,47.50000000000001,2.794117647058824,54,3.176470588235294,,,,,,,,,,,,,,,,,,,"Zach Agnos","31552",688642
"Trevor Martin","TBR",0,1,0,4.91127,10,0,0,0,,10,45,11,6,6,2,4,,1,8,7.39303,3.25573,2.27078,1.51534,0.187949,0.0827687,0.10518071055412292,0.263009,1.40087,0.294065,0.696652,,,4.91472,-0.0198254,-0.0266903,999,,,,,,,21.799999999999997,2.1799999999999997,25,2.5,,,,,,,,,,,,,,,,,,,"Trevor Martin","31878",694680
"Xzavion Curry","NYM",1,1,0,4.61817,12,0,0,0,,12,51,12,6,6,2,4,,0,8,6.12609,3.15235,1.94334,1.53482,0.15739,0.0809892,0.07640033215284348,0.253633,1.35079,0.268296,0.71995,,,5.10532,-0.0204168,-0.00353837,999,,,,,,,37.000000000000014,3.0833333333333344,38,3.1666666666666665,,,,,,,,,,,,,,,,,,,"Xzavion Curry","25595",675540
"Yovanny Cruz","NYY",1,1,0,4.65896,13,0,0,0,,13,59,12,7,7,2,7,,1,13,8.9579,4.56248,1.96338,1.25873,0.225753,0.114982,0.11077158153057098,0.240805,1.42143,0.290947,0.703175,,,4.77107,-0.0205901,-0.016319,999,,,,,,,42.39999999999999,3.261538461538461,41,3.1538461538461537,,,,,,,,,,,,,,,,,,,"Yovanny Cruz","22622",672442
"Joe La Sorsa","BOS",1,1,0,4.67418,14,0,0,0,,14,60,15,8,7,2,5,,1,10,6.3546,3.18142,1.99741,1.247,0.160595,0.0804016,0.0801934003829956,0.271547,1.43478,0.300488,0.703821,,,4.74267,-0.0220548,-0.0167515,999,,,,,,,42,3,46,3.2857142857142856,,,,,,,,,,,,,,,,,,,"Joe La Sorsa","25481",686747
"Austin Love","STL",0,1,0,4.8667,9,0,0,0,,9,42,9,5,5,1,5,,0,7,7.161,4.86021,1.47339,1.236,0.176797,0.119993,0.0568041056394577,0.25867,1.55253,0.293557,0.714776,,,5.06227,-0.0223654,-0.0163839,999,,,,,,,29.900000000000013,3.3222222222222237,31,3.4444444444444446,,,,,,,,,,,,,,,,,,,"Austin Love","sa3017609",676153
"Ben Peoples","TEX",1,1,0,4.386,16,0,0,1,,16,70,15,8,8,2,8,,1,13,7.54965,4.2354,1.78251,1.30102,0.192263,0.107861,0.08440235257148743,0.241464,1.39792,0.27398,0.729821,,,4.87913,-0.022896,0.0120381,999,,,,,,,57.80000000000001,3.6125000000000007,57,3.5625,,,,,,,,,,,,,,,,,,,"Ben Peoples","26406",687239
"Robinson Ortiz","SEA",1,1,0,4.15379,15,0,0,0,,15,67,14,8,7,2,8,,1,14,8.28691,4.90146,1.6907,1.037,0.208001,0.123026,0.08497447520494461,0.241853,1.47098,0.290284,0.74042,,,4.55535,-0.0238444,-0.0306685,999,,,,,,,51.00000000000001,3.4000000000000004,50,3.3333333333333335,,,,,,,,,,,,,,,,,,,"Robinson Ortiz","sa3004006",673662
"Cam Sanders","BAL",1,1,0,4.7363,16,0,0,1,,16,74,15,9,9,2,10,,1,17,9.53341,5.58755,1.70619,1.22683,0.235391,0.137963,0.09742794930934906,0.238892,1.52975,0.296115,0.717522,,,4.84926,-0.0270781,-0.0401796,999,,,,,,,59.80000000000001,3.7375000000000007,59,3.6875,,,,,,,,,,,,,,,,,,,"Cam Sanders","23479",676742
"Cole Wilcox","SEA",1,1,0,4.16812,18,0,0,4,,18,79,18,9,8,2,7,,1,15,7.44835,3.67886,2.02464,0.956418,0.190901,0.0942892,0.09661221504211426,0.251423,1.38217,0.295173,0.711434,,,4.22683,-0.0274955,-0.0147297,999,,,,,,,83.80000000000003,4.655555555555557,86,4.777777777777778,,,,,,,,,,,,,,,,,,,"Cole Wilcox","27481",677961
"Jose Cuas","KCR",1,1,0,4.91059,15,0,0,0,,15,68,15,9,8,2,8,,1,14,8.13739,4.7293,1.72064,1.12164,0.201215,0.116942,0.084272600710392,0.256466,1.51959,0.30536,0.691808,,,4.7734,-0.0277737,-0.0342139,999,,,,,,,48.400000000000006,3.226666666666667,50,3.3333333333333335,,,,,,,,,,,,,,,,,,,"Jose Cuas","17701",621016
"Yunior Tur","ATH",0,1,0,5.14771,11,0,0,0,,11,51,12,7,6,2,5,,1,10,7.62622,4.24617,1.79602,1.45964,0.189869,0.105717,0.08415276557207108,0.260638,1.49628,0.295193,0.693043,,,5.11983,-0.0290636,-0.0370053,999,,,,,,,27.600000000000005,2.5090909090909097,31,2.8181818181818183,,,,,,,,,,,,,,,,,,,"Yunior Tur","33026",814305
"Beck Way","KCR",1,1,0,5.25446,13,0,0,0,,13,59,14,8,8,2,7,,1,10,6.7939,4.66036,1.45781,1.14101,0.166608,0.114287,0.052321210503578186,0.267241,1.56309,0.303164,0.672178,,,5.10663,-0.0386359,-0.0355015,999,,,,,,,31.199999999999996,2.3999999999999995,35,2.6923076923076925,,,,,,,,,,,,,,,,,,,"Beck Way","27877",694360
"Tim Hill","NYY",1,1,0,4.39201,20,0,0,5,,20,88,23,11,10,2,6,,1,11,5.01205,2.6116,1.91915,1.03619,0.128038,0.0667158,0.06132206320762634,0.279056,1.4061,0.300818,0.700733,,,4.54421,-0.0446483,-0.0629299,999,,,,,,,84.60000000000001,4.23,95,4.75,,,,,,,,,,,,,,,,,,,"Tim Hill","16814",657612
"Trent Thornton","CHC",1,1,0,4.55732,21,0,2,5,,21,89,21,11,10,3,7,,1,16,6.82535,3.09537,2.20502,1.25325,0.175906,0.0797752,0.09613033384084702,0.256877,1.35195,0.287053,0.695731,,,4.56457,-0.0511144,0.000720189,999,,,,,,,101.9,4.852380952380953,104,4.9523809523809526,,,,,,,,,,,,,,,,,,,"Trent Thornton","17948",663423
"Nick Davila","SEA",1,1,0,4.59192,16,0,0,1,,16,69,17,9,8,2,6,,1,10,5.95279,3.29353,1.80742,1.10674,0.1509,0.083489,0.06741085648536682,0.267618,1.42719,0.29495,0.695915,,,4.63852,-0.0548718,-0.0672807,999,,,,,,,52.60000000000001,3.2875000000000005,57,3.5625,,,,,,,,,,,,,,,,,,,"Nick Davila","27741",689546