Name,Team,W,L,QS,ERA,G,GS,SV,HLD,BS,IP,TBF,H,R,ER,HR,BB,IBB,HBP,SO,K/9,BB/9,K/BB,HR/9,K%,BB%,K-BB%,AVG,WHIP,BABIP,LOB%,GB%,HR/FB,FIP,WAR,RA9-WAR,ADP,InterSD,InterSK,IntraSD,Vol,Skew,Dim,FPTS,FPTS/IP,SPTS,SPTS/IP,P10,P20,P30,P40,P50,P60,P70,P80,P90,TT10,TT20,TT30,TT40,TT50,TT60,TT70,TT80,TT90,NameASCII,PlayerId,MLBAMID
"Tarik Skubal","DET",5,2,8,2.65671,11,11,0,0,,64,253,51,21,19,6,11,,2,79,11.0749,1.53594,7.21053,0.827789,0.312805,0.0433817,0.26942287012934685,0.210741,0.95631,0.288367,0.767877,,,2.46194,2.1504,2.05928,7.019999980926514,,,,,,,386.20000000000005,6.034375000000001,361,5.640625,,,,,,,,,,,,,,,,,,,"Tarik Skubal","22267",669373
"Cristopher Sánchez","PHI",5,2,7,3.14152,11,11,0,0,,67,272,60,25,23,6,15,,2,68,9.21797,1.9879,4.63703,0.788207,0.250412,0.0540028,0.19640953466296196,0.233797,1.11812,0.297027,0.742042,,,2.95711,1.85628,1.85545,24.75,,,,,,,350.99999999999994,5.238805970149253,342,5.104477611940299,,,,,,,,,,,,,,,,,,,"Cristopher Sanchez","20778",650911
"Paul Skenes","PIT",5,2,7,2.78916,11,11,0,0,,59,239,47,20,18,5,15,,3,69,10.5068,2.25863,4.65182,0.804696,0.290068,0.0623559,0.22771254181861877,0.213798,1.04835,0.286306,0.770704,,,2.82219,1.75788,1.8626,9.649999618530273,,,,,,,336.90000000000003,5.710169491525424,314,5.322033898305085,,,,,,,,,,,,,,,,,,,"Paul Skenes","33677",694973
"Chris Sale","ATL",5,2,6,2.978,10,10,0,0,,57,231,48,20,19,5,14,,4,68,10.8524,2.24438,4.83538,0.813638,0.295451,0.061102,0.23434920608997345,0.227169,1.1032,0.310041,0.761328,,,2.84157,1.60848,1.69349,39.36000061035156,,,,,,,317.49999999999994,5.570175438596491,302,5.298245614035087,,,,,,,,,,,,,,,,,,,"Chris Sale","10603",519242
"Dylan Cease","TOR",4,2,7,3.28552,11,11,0,0,,60,248,47,24,22,6,24,,1,76,11.4589,3.57924,3.20149,0.880685,0.305956,0.095567,0.2103894278407097,0.209327,1.18028,0.289219,0.750973,,,3.10382,1.60605,1.40702,74.7699966430664,,,,,,,325,5.416666666666667,299,4.983333333333333,,,,,,,,,,,,,,,,,,,"Dylan Cease","18525",656302
"Logan Webb","SFG",5,3,6,3.28734,10,10,0,0,,63,262,60,25,23,5,14,,2,58,8.20104,1.99962,4.1013,0.685832,0.220119,0.0536706,0.1664486564695835,0.244286,1.17108,0.301246,0.727229,,,3.04381,1.54134,1.46265,57.189998626708984,,,,,,,316.70000000000005,5.026984126984128,318,5.0476190476190474,,,,,,,,,,,,,,,,,,,"Logan Webb","17995",657277
"Zack Wheeler","PHI",4,3,6,3.42329,10,10,0,0,,61,247,51,25,23,7,16,,2,67,9.97811,2.32021,4.30053,1.05204,0.271587,0.0631519,0.20843462646007538,0.224336,1.10742,0.286032,0.735329,,,3.29685,1.48473,1.43783,110.48999786376953,,,,,,,312.70000000000005,5.126229508196722,294,4.819672131147541,,,,,,,,,,,,,,,,,,,"Zack Wheeler","10310",554430
"Jacob Misiorowski","MIL",4,2,6,3.19849,10,10,0,0,,54,219,39,21,19,6,19,,4,74,12.347,3.15294,3.91602,0.953214,0.338395,0.086413,0.2519819810986519,0.19862,1.0706,0.285937,0.74194,,,3.02599,1.44732,1.33807,114.13999938964844,,,,,,,303.4,5.618518518518518,271,5.018518518518518,,,,,,,,,,,,,,,,,,,"Jacob Misiorowski","31623",694819
"Ranger Suarez","BOS",4,2,6,3.29599,10,10,0,0,,58,245,56,23,21,5,17,,1,54,8.41558,2.60231,3.23389,0.707069,0.221937,0.0686285,0.1533086970448494,0.24462,1.2431,0.303311,0.745764,,,3.20125,1.43928,1.50453,183.97999572753906,,,,,,,276.1,4.7603448275862075,279,4.810344827586207,,,,,,,,,,,,,,,,,,,"Ranger Suarez","17277",624133
"Yoshinobu Yamamoto","LAD",5,2,5,3.46202,9,9,0,0,,56,226,45,24,22,6,14,,2,59,9.40974,2.22627,4.22669,0.964611,0.26048,0.0616274,0.198852326720953,0.212508,1.04181,0.265793,0.699396,,,3.2382,1.43172,1.14998,26.639999389648438,,,,,,,293.6000000000001,5.242857142857145,272,4.857142857142857,,,,,,,,,,,,,,,,,,,"Yoshinobu Yamamoto","33825",808967
"Hunter Greene","CIN",4,3,6,3.67689,10,10,0,0,,56,228,42,25,23,7,18,,5,66,10.5652,2.82129,3.7448,1.06665,0.29071,0.0776303,0.21307972073554993,0.205496,1.06145,0.268148,0.689407,,,3.49727,1.43164,1.18025,444.32000732421875,,,,,,,282.1000000000001,5.037500000000001,252,4.5,,,,,,,,,,,,,,,,,,,"Hunter Greene","22182",668881
"Jesús Luzardo","PHI",4,3,6,3.74876,11,11,0,0,,61,255,54,28,26,7,19,,3,71,10.399,2.78614,3.73241,1.05083,0.277567,0.0743668,0.20320065319538116,0.22983,1.18563,0.298988,0.716987,,,3.36966,1.42859,1.11345,70.58999633789062,,,,,,,300.9000000000001,4.932786885245903,290,4.754098360655738,,,,,,,,,,,,,,,,,,,"Jesus Luzardo","19959",666200
"Max Fried","NYY",5,2,6,3.28674,10,10,0,0,,58,241,50,23,21,4,17,,2,53,8.18116,2.65405,3.08252,0.642169,0.220196,0.0714337,0.14876196533441544,0.227633,1.15979,0.281484,0.71973,,,3.20541,1.39659,1.37078,50.04999923706055,,,,,,,299.00000000000006,5.155172413793104,287,4.948275862068965,,,,,,,,,,,,,,,,,,,"Max Fried","13743",608331
"Chase Burns","CIN",3,3,4,3.91625,12,9,0,0,,49,206,44,23,21,6,16,,0,58,10.5812,2.89351,3.65688,1.15383,0.280586,0.0767282,0.20385755598545074,0.2302,1.21206,0.297245,0.715766,,,3.38949,1.26719,0.902888,109.72000122070312,,,,,,,242.4,4.946938775510204,235,4.795918367346939,,,,,,,,,,,,,,,,,,,"Chase Burns","35333",695505
"Cam Schlittler","NYY",4,2,6,3.48504,10,10,0,0,,52,214,44,22,20,6,15,,2,58,10.0761,2.59536,3.88235,0.98871,0.271857,0.0700237,0.2018330916762352,0.225792,1.14273,0.291458,0.729911,,,3.30197,1.22316,1.07334,116.62999725341797,,,,,,,261.6,5.0307692307692315,247,4.75,,,,,,,,,,,,,,,,,,,"Cam Schlittler","32095",693645
"Jacob deGrom","TEX",4,3,6,3.47626,10,10,0,0,,54,218,44,23,21,8,13,,0,60,10.0238,2.0948,4.7851,1.26342,0.276304,0.0577427,0.21856163069605827,0.217361,1.0564,0.269516,0.740301,,,3.43203,1.18158,1.09126,50.0099983215332,,,,,,,267.80000000000007,4.959259259259261,247,4.574074074074074,,,,,,,,,,,,,,,,,,,"Jacob deGrom","10954",594798
"Bryan Woo","SEA",4,2,5,3.37417,9,9,0,0,,53,213,44,22,20,6,11,,2,54,9.05127,1.84212,4.91351,1.01233,0.250887,0.0510606,0.19982625171542168,0.221457,1.03793,0.272564,0.716017,,,3.29855,1.17825,1.00331,34.77000045776367,,,,,,,273,5.150943396226415,256,4.830188679245283,,,,,,,,,,,,,,,,,,,"Bryan Woo","30279",693433
"Hunter Brown","HOU",4,2,6,3.28149,10,10,0,0,,56,235,46,22,21,5,21,,3,61,9.79942,3.41333,2.87093,0.844068,0.260481,0.0907305,0.1697503924369812,0.219857,1.20503,0.28445,0.753184,,,3.42356,1.16399,1.3596,36.189998626708984,,,,,,,283.30000000000007,5.058928571428573,265,4.732142857142857,,,,,,,,,,,,,,,,,,,"Hunter Brown","25880",686613
"Braxton Ashcraft","PIT",3,3,6,3.62236,10,10,0,0,,54,225,51,24,22,6,14,,3,54,9.05952,2.36877,3.82456,1.03478,0.240129,0.062786,0.17734278738498688,0.246429,1.21964,0.304921,0.738809,,,3.52345,1.14352,1.07521,239.36000061035156,,,,,,,250.20000000000002,4.633333333333334,249,4.611111111111111,,,,,,,,,,,,,,,,,,,"Braxton Ashcraft","23793",677952
"Shane McClanahan","TBR",4,3,5,3.32923,9,9,0,0,,50,206,43,20,18,5,15,,1,50,9.09557,2.69869,3.37037,0.904105,0.243981,0.07239,0.17159108072519302,0.227888,1.17019,0.284291,0.746062,,,3.36364,1.13483,1.20592,182.99000549316406,,,,,,,248.7,4.974,237,4.74,,,,,,,,,,,,,,,,,,,"Shane McClanahan","21483",663556
"Logan Gilbert","SEA",4,2,6,3.414,10,10,0,0,,57,230,48,23,21,7,14,,2,61,9.75222,2.14824,4.53963,1.14944,0.267038,0.0588236,0.2082141935825348,0.223372,1.08405,0.278887,0.74204,,,3.42265,1.13117,1.15494,37.150001525878906,,,,,,,284.8999999999999,4.998245614035087,268,4.701754385964913,,,,,,,,,,,,,,,,,,,"Logan Gilbert","22250",669302
"Mason Miller","SDP",1,0,0,1.79943,23,0,11,1,,23,87,12,5,5,1,8,,1,39,15.5627,3.12635,4.9779,0.569998,0.448896,0.0901778,0.3587184324860573,0.146983,0.858274,0.265871,0.832829,,,1.60316,1.0996,1.10347,27.860000610351562,,,,,,,236.7,10.291304347826086,212,9.217391304347826,,,,,,,,,,,,,,,,,,,"Mason Miller","31757",695243
"Kevin Gausman","TOR",4,3,5,3.80526,10,10,0,0,,57,241,54,26,24,7,16,,1,57,8.88602,2.56591,3.4631,1.14585,0.234818,0.0678057,0.1670125275850296,0.242481,1.23289,0.293649,0.733247,,,3.67811,1.0969,0.988126,112.94999694824219,,,,,,,258.29999999999995,4.53157894736842,257,4.508771929824562,,,,,,,,,,,,,,,,,,,"Kevin Gausman","14107",592332
"Sandy Alcantara","MIA",4,4,5,4.18369,10,10,0,0,,63,265,60,32,29,7,17,,3,51,7.22575,2.42483,2.9799,0.983945,0.191861,0.064385,0.12747575342655182,0.245191,1.21927,0.283795,0.669654,,,3.85741,1.0845,0.82487,144.57000732421875,,,,,,,266.1,4.223809523809524,266,4.222222222222222,,,,,,,,,,,,,,,,,,,"Sandy Alcantara","18684",645261
"Joe Ryan","MIN",3,3,5,3.79744,10,10,0,0,,53,214,46,24,22,7,12,,3,58,9.8858,2.01227,4.91275,1.27624,0.269595,0.0548766,0.21471865102648735,0.230707,1.09995,0.287119,0.711455,,,3.58353,1.07561,0.971602,78.52999877929688,,,,,,,257.5,4.8584905660377355,245,4.622641509433962,,,,,,,,,,,,,,,,,,,"Joe Ryan","21390",657746
"Drew Rasmussen","TBR",4,2,6,3.43378,10,10,0,0,,53,215,46,22,20,6,12,,2,48,8.22116,2.03258,4.04469,1.02954,0.224426,0.0554865,0.16893930360674858,0.230265,1.10216,0.274287,0.729772,,,3.56351,1.06393,1.18919,132.36000061035156,,,,,,,252.80000000000004,4.769811320754718,241,4.547169811320755,,,,,,,,,,,,,,,,,,,"Drew Rasmussen","25385",656876
"Reid Detmers","LAA",3,3,5,4.19606,10,10,0,0,,52,217,46,26,24,6,17,,2,60,10.3519,2.98034,3.4734,1.11407,0.274508,0.0790316,0.19547654688358307,0.231143,1.21288,0.298326,0.679224,,,3.54478,1.05918,0.709975,350.4599914550781,,,,,,,254.4,4.892307692307693,245,4.711538461538462,,,,,,,,,,,,,,,,,,,"Reid Detmers","27468",672282
"Sonny Gray","BOS",4,3,5,3.90665,10,10,0,0,,58,246,58,27,25,7,16,,2,58,8.90632,2.47258,3.60204,1.09932,0.233308,0.064771,0.16853663325309753,0.252754,1.26937,0.309014,0.726127,,,3.63756,1.05697,1.08024,138.08999633789062,,,,,,,254.3,4.38448275862069,261,4.5,,,,,,,,,,,,,,,,,,,"Sonny Gray","12768",543243
"Gerrit Cole","NYY",4,3,5,3.9395,10,10,0,0,,61,250,54,29,27,9,16,,2,60,8.94766,2.36908,3.77684,1.31671,0.241243,0.0638744,0.17736902832984924,0.231543,1.14982,0.275347,0.713266,,,3.89942,1.03821,0.917329,232.89999389648438,,,,,,,266.30000000000007,4.365573770491804,254,4.163934426229508,,,,,,,,,,,,,,,,,,,"Gerrit Cole","13125",543037
"MacKenzie Gore","TEX",3,3,5,4.14101,10,10,0,0,,55,233,49,28,25,6,20,,3,62,10.1323,3.34181,3.03197,1.05162,0.265484,0.0875617,0.1779225990176201,0.233945,1.26375,0.301542,0.694103,,,3.65464,1.02075,0.627153,164.82000732421875,,,,,,,260.79999999999995,4.741818181818181,252,4.581818181818182,,,,,,,,,,,,,,,,,,,"MacKenzie Gore","22201",669022
"Nick Martinez","TBR",4,4,5,3.95177,10,10,0,0,,58,244,59,28,25,6,14,,2,40,6.23484,2.1859,2.85229,0.898113,0.163754,0.0574115,0.10634281858801842,0.259313,1.26847,0.292745,0.700946,,,3.84784,1.0165,0.885811,738.3400268554688,,,,,,,234.00000000000003,4.03448275862069,244,4.206896551724138,,,,,,,,,,,,,,,,,,,"Nick Martinez","12730",607259
"George Kirby","SEA",4,3,5,3.80768,10,10,0,0,,54,224,52,25,23,6,11,,2,51,8.47718,1.757,4.8248,1.06181,0.228587,0.0473775,0.18120954558253288,0.245675,1.15109,0.295981,0.701096,,,3.44906,1.01632,0.731683,64.58000183105469,,,,,,,253.60000000000002,4.696296296296297,255,4.722222222222222,,,,,,,,,,,,,,,,,,,"George Kirby","25436",669923
"Dustin May","STL",4,3,5,3.76263,16,10,0,0,,61,255,53,28,26,6,20,,4,55,8.1534,2.99666,2.72083,0.828242,0.217114,0.0797968,0.1373169794678688,0.231138,1.20389,0.281189,0.697142,,,3.70813,0.988083,0.928393,414.6700134277344,,,,,,,277.80000000000007,4.554098360655739,265,4.344262295081967,,,,,,,,,,,,,,,,,,,"Dustin May","19716",669160
"Casey Mize","DET",3,3,5,3.75924,10,10,0,0,,48,204,47,22,20,5,13,,1,45,8.36551,2.45993,3.40072,0.998933,0.220924,0.0649641,0.15596037358045578,0.247015,1.23748,0.298025,0.724029,,,3.60601,0.965711,0.839957,289.6499938964844,,,,,,,219.50000000000006,4.572916666666668,223,4.645833333333333,,,,,,,,,,,,,,,,,,,"Casey Mize","20492",663554
"Blake Snell","LAD",3,2,5,3.59807,9,9,0,0,,43,183,34,19,17,5,20,,1,55,11.3866,4.09134,2.78309,0.992751,0.299195,0.107505,0.19169022142887115,0.211028,1.24713,0.286637,0.743644,,,3.43229,0.960283,0.818511,178.41000366210938,,,,,,,215.29999999999998,5.006976744186046,197,4.5813953488372094,,,,,,,,,,,,,,,,,,,"Blake Snell","13543",605483
"Andrew Abbott","CIN",2,3,5,4.36871,10,10,0,0,,53,230,53,28,26,7,19,,1,47,7.9129,3.17707,2.49062,1.17817,0.20382,0.0818349,0.12198510766029358,0.251377,1.34456,0.293298,0.703474,,,4.16066,0.945323,0.680972,221.92999267578125,,,,,,,202.3,3.816981132075472,208,3.9245283018867925,,,,,,,,,,,,,,,,,,,"Andrew Abbott","29911",671096
"Trevor Rogers","BAL",3,3,5,3.98097,10,10,0,0,,51,215,49,24,22,5,15,,1,43,7.65277,2.70922,2.82471,0.953677,0.200858,0.0711075,0.12975073605775833,0.247101,1.26598,0.291298,0.702545,,,3.77146,0.944292,0.78443,146.07000732421875,,,,,,,226.50000000000003,4.4411764705882355,228,4.470588235294118,,,,,,,,,,,,,,,,,,,"Trevor Rogers","22286",669432
"Framber Valdez","DET",4,3,5,3.86278,10,10,0,0,,61,259,57,28,26,6,21,,4,52,7.70679,3.12688,2.46469,0.835329,0.201592,0.0817923,0.11980019509792328,0.243181,1.28,0.291,0.707336,,,3.84228,0.929646,1.06461,81.13999938964844,,,,,,,258.4000000000001,4.236065573770493,256,4.19672131147541,,,,,,,,,,,,,,,,,,,"Framber Valdez","17295",664285
"Kyle Bradish","BAL",3,3,5,3.83379,10,10,0,0,,50,213,45,23,21,5,19,,2,51,9.05995,3.38426,2.67708,0.907757,0.237484,0.0887101,0.14877428859472275,0.23251,1.26609,0.290089,0.713915,,,3.63998,0.921297,0.825051,72.95999908447266,,,,,,,230.5,4.61,224,4.48,,,,,,,,,,,,,,,,,,,"Kyle Bradish","24586",680694
"Justin Wrobleski","LAD",3,3,4,4.30842,12,8,0,0,,55,232,54,29,26,7,15,,2,49,7.96182,2.40726,3.30741,1.13616,0.209762,0.0634219,0.1463405042886734,0.250817,1.24896,0.294682,0.679539,,,3.89425,0.919586,0.610184,650.3499755859375,,,,,,,227.49999999999997,4.136363636363636,231,4.2,,,,,,,,,,,,,,,,,,,"Justin Wrobleski","31204",680736
"Matthew Boyd","CHC",4,3,5,3.91799,10,10,0,0,,53,224,50,25,23,6,15,,3,48,8.13872,2.56432,3.17384,1.08575,0.215697,0.067961,0.14773616939783096,0.243461,1.2236,0.288997,0.711491,,,3.88015,0.917627,0.807452,212.75999450683594,,,,,,,230.40000000000003,4.3471698113207555,229,4.320754716981132,,,,,,,,,,,,,,,,,,,"Matthew Boyd","15440",571510
"José Soriano","LAA",3,4,5,4.19609,10,10,0,0,,56,243,50,28,26,5,26,,3,55,8.90055,4.10712,2.1671,0.775671,0.228827,0.105591,0.12323597818613052,0.234593,1.3489,0.295421,0.685637,,,3.80358,0.912187,0.764617,321.80999755859375,,,,,,,245.9000000000001,4.39107142857143,238,4.25,,,,,,,,,,,,,,,,,,,"Jose Soriano","22100",667755
"Jhoan Duran","PHI",3,1,0,2.21195,22,0,10,0,,22,89,17,6,5,1,6,,1,29,11.6124,2.36663,4.90672,0.362059,0.323698,0.0659705,0.2577279061079025,0.202759,1.0059,0.301119,0.777984,,,2.01766,0.912037,0.907375,41.84000015258789,,,,,,,193.3,8.786363636363637,184,8.363636363636363,,,,,,,,,,,,,,,,,,,"Jhoan Duran","21029",661395
"Nolan McLean","NYM",4,3,5,3.74727,10,10,0,0,,52,221,45,24,22,5,20,,5,56,9.67728,3.42938,2.82188,0.943079,0.25504,0.0903798,0.16466064006090164,0.230158,1.24113,0.295397,0.720522,,,3.75869,0.897546,0.808194,87.29000091552734,,,,,,,243.3,4.678846153846154,232,4.461538461538462,,,,,,,,,,,,,,,,,,,"Nolan McLean","33703",690997
"Davis Martin","CHW",3,3,5,3.9798,9,9,0,0,,50,211,48,24,22,5,16,,2,42,7.5313,2.88499,2.61051,0.902045,0.197305,0.0755811,0.12172432988882065,0.246329,1.27419,0.290833,0.699847,,,3.84847,0.88312,0.762393,999,,,,,,,213.7,4.274,215,4.3,,,,,,,,,,,,,,,,,,,"Davis Martin","21448",663436
"David Peterson","CHC",4,3,5,3.67866,12,9,0,0,,58,246,51,26,24,5,23,,2,50,7.81958,3.53584,2.21152,0.78187,0.20482,0.0926151,0.11220509558916092,0.231383,1.27387,0.278462,0.719975,,,3.8047,0.875935,0.954825,452.0400085449219,,,,,,,260.1,4.48448275862069,250,4.310344827586207,,,,,,,,,,,,,,,,,,,"David Peterson","20302",656849
"Parker Messick","CLE",3,3,5,3.72667,9,9,0,0,,49,206,45,22,20,6,16,,2,48,8.8116,2.86358,3.07713,1.06561,0.231988,0.0753911,0.15659725666046143,0.24101,1.24867,0.293881,0.737448,,,3.76932,0.866848,0.872866,294.17999267578125,,,,,,,213.8,4.363265306122449,209,4.26530612244898,,,,,,,,,,,,,,,,,,,"Parker Messick","31986",800048
"Gavin Williams","CLE",3,3,6,3.57546,10,10,0,0,,55,230,46,24,22,7,20,,2,62,10.1337,3.21558,3.15145,1.22085,0.269586,0.0855433,0.18404235690832138,0.222697,1.20042,0.280258,0.760608,,,3.79317,0.862747,1.0548,144.74000549316406,,,,,,,259.29999999999995,4.714545454545454,242,4.4,,,,,,,,,,,,,,,,,,,"Gavin Williams","30122",668909
"Michael Wacha","KCR",3,4,5,4.27967,10,10,0,0,,58,247,57,30,28,7,17,,2,47,7.19612,2.66637,2.69884,1.11871,0.188317,0.0697768,0.11853980273008347,0.251131,1.28009,0.287111,0.690032,,,4.11138,0.849759,0.744775,609.2899780273438,,,,,,,231.90000000000003,3.998275862068966,236,4.068965517241379,,,,,,,,,,,,,,,,,,,"Michael Wacha","14078",608379
"Foster Griffin","WSN",3,3,5,4.34714,10,10,0,0,,54,227,53,28,26,8,14,,3,51,8.53932,2.35943,3.61924,1.26719,0.224364,0.0619919,0.16237160563468933,0.254743,1.25821,0.303237,0.69098,,,3.99917,0.847498,0.611485,999,,,,,,,214.40000000000003,3.970370370370371,217,4.018518518518518,,,,,,,,,,,,,,,,,,,"Foster Griffin","16432",656492
"Shane Baz","BAL",3,3,5,4.05925,10,10,0,0,,52,222,48,26,24,6,18,,2,49,8.45187,3.14299,2.68911,0.991225,0.221633,0.0824186,0.13921435177326202,0.23868,1.26672,0.288879,0.697934,,,3.84266,0.834916,0.640393,186.92999267578125,,,,,,,224.2,4.311538461538461,220,4.230769230769231,,,,,,,,,,,,,,,,,,,"Shane Baz","22264",669358
"Michael King","SDP",3,3,5,3.8891,10,10,0,0,,55,237,51,26,24,7,22,,3,55,8.95391,3.56642,2.51061,1.11575,0.23188,0.0923601,0.13952042907476425,0.240374,1.31765,0.293785,0.741159,,,4.10372,0.831969,0.776272,129.55999755859375,,,,,,,223.29999999999998,4.06,219,3.981818181818182,,,,,,,,,,,,,,,,,,,"Michael King","19853",650633
"Cade Cavalli","WSN",3,3,5,4.0072,10,10,0,0,,46,196,43,22,21,5,16,,5,45,8.78164,3.0229,2.90504,0.87425,0.23093,0.0794931,0.15143722295761108,0.242171,1.25366,0.302048,0.688667,,,3.72735,0.826919,0.710167,305.2200012207031,,,,,,,194.10000000000002,4.219565217391305,192,4.173913043478261,,,,,,,,,,,,,,,,,,,"Cade Cavalli","27473",676917
"Freddy Peralta","NYM",4,3,5,4.10707,10,10,0,0,,53,223,45,26,24,7,21,,2,55,9.39969,3.50536,2.68152,1.2194,0.247184,0.0921807,0.15500344336032867,0.227241,1.25131,0.278007,0.711444,,,4.0803,0.823518,0.660162,56.36000061035156,,,,,,,230.10000000000002,4.341509433962265,215,4.056603773584905,,,,,,,,,,,,,,,,,,,"Freddy Peralta","18679",642547
"Payton Tolle","BOS",2,2,4,4.00083,9,9,0,0,,43,180,40,21,19,6,13,,2,47,9.72063,2.62356,3.70513,1.21568,0.258025,0.0696399,0.18838491290807724,0.238727,1.21114,0.297509,0.712254,,,3.70662,0.822863,0.700243,673,,,,,,,189.39999999999998,4.404651162790697,186,4.325581395348837,,,,,,,,,,,,,,,,,,,"Payton Tolle","35466",801139
"Taj Bradley","MIN",3,3,5,4.25696,10,10,0,0,,54,232,50,28,26,7,20,,1,56,9.22165,3.34153,2.75971,1.20968,0.239927,0.0869394,0.1529877558350563,0.238817,1.29692,0.291226,0.706017,,,3.99176,0.81686,0.624981,492.4599914550781,,,,,,,232.5,4.305555555555555,228,4.222222222222222,,,,,,,,,,,,,,,,,,,"Taj Bradley","22543",671737
"Landen Roupp","SFG",3,3,5,3.70565,9,9,0,0,,47,203,43,21,19,4,19,,2,47,8.88208,3.6899,2.40713,0.78972,0.229449,0.0953205,0.13412873446941376,0.238057,1.32851,0.298436,0.73069,,,3.60494,0.812276,0.826908,690.0999755859375,,,,,,,217.8,4.63404255319149,214,4.553191489361702,,,,,,,,,,,,,,,,,,,"Landen Roupp","30076",694738
"Brandon Pfaadt","ARI",4,3,4,4.30382,17,10,0,0,,62,262,63,32,30,8,15,,3,54,7.81623,2.1943,3.56206,1.14773,0.205343,0.0576474,0.14769598096609116,0.258681,1.26138,0.302975,0.684858,,,3.91767,0.798457,0.643173,588.5999755859375,,,,,,,250.59999999999997,4.041935483870967,260,4.193548387096774,,,,,,,,,,,,,,,,,,,"Brandon Pfaadt","27782",694297
"Kyle Leahy","STL",3,3,4,4.22009,17,9,0,0,,60,254,57,30,28,7,20,,2,52,7.90394,3.06781,2.57641,0.993725,0.205626,0.0798111,0.12581510841846466,0.247222,1.30225,0.293426,0.690595,,,3.93528,0.79256,0.628126,733.6699829101562,,,,,,,247.7,4.128333333333333,247,4.116666666666666,,,,,,,,,,,,,,,,,,,"Kyle Leahy","24763",681517
"Sean Burke","CHW",3,3,5,4.20654,9,9,0,0,,54,233,50,28,25,7,21,,3,56,9.23211,3.47825,2.65424,1.23016,0.239622,0.0902792,0.14934324473142624,0.239587,1.30707,0.292509,0.716165,,,4.15036,0.792081,0.611055,748.5599975585938,,,,,,,223.5,4.138888888888889,219,4.055555555555555,,,,,,,,,,,,,,,,,,,"Sean Burke","29878",680732
"Jared Jones","PIT",2,2,4,4.05613,11,8,0,0,,44,189,42,22,20,5,16,,2,43,8.80362,3.17225,2.77519,1.08816,0.229331,0.0826362,0.14669519662857056,0.243252,1.29332,0.296146,0.714781,,,3.91782,0.789821,0.713829,714.77001953125,,,,,,,186.90000000000003,4.247727272727274,187,4.25,,,,,,,,,,,,,,,,,,,"Jared Jones","27863",683003
"Aaron Nola","PHI",3,4,4,4.77271,10,10,0,0,,56,239,56,32,30,10,16,,1,56,9.02391,2.50827,3.59767,1.56492,0.23616,0.0656427,0.17051782459020615,0.251981,1.27297,0.296246,0.676573,,,4.26432,0.782483,0.392464,205.52999877929688,,,,,,,206.8000000000001,3.6928571428571444,211,3.767857142857143,,,,,,,,,,,,,,,,,,,"Aaron Nola","16149",605400
"Kyle Harrison","MIL",2,2,4,3.98104,9,9,0,0,,44,183,38,21,19,6,15,,3,50,10.1961,3.0541,3.33851,1.21405,0.270895,0.0811424,0.1897522360086441,0.228832,1.20554,0.290488,0.712843,,,3.78789,0.780352,0.667664,446.55999755859375,,,,,,,199,4.5227272727272725,188,4.2727272727272725,,,,,,,,,,,,,,,,,,,"Kyle Harrison","27758",690986
"Nathan Eovaldi","TEX",4,4,5,4.09051,10,10,0,0,,58,241,53,29,26,9,15,,2,57,8.76463,2.31622,3.78403,1.38721,0.234916,0.0620809,0.17283489182591438,0.238574,1.17472,0.280887,0.709849,,,4.06676,0.776816,0.715462,132.50999450683594,,,,,,,243.70000000000005,4.201724137931035,236,4.068965517241379,,,,,,,,,,,,,,,,,,,"Nathan Eovaldi","9132",543135
"Logan Henderson","MIL",3,3,4,3.89769,10,8,0,0,,38,157,33,18,16,5,11,,1,41,9.74569,2.56086,3.80563,1.27061,0.26242,0.0689557,0.19346404820680618,0.227582,1.15209,0.280668,0.71388,,,3.72247,0.75057,0.516332,413.3999938964844,,,,,,,179.89999999999998,4.734210526315789,171,4.5,,,,,,,,,,,,,,,,,,,"Logan Henderson","31475",701656
"Mitch Keller","PIT",3,4,5,4.17943,10,10,0,0,,55,236,55,28,26,7,17,,4,47,7.64451,2.854,2.67853,1.09691,0.197789,0.0738422,0.12394629418849945,0.258037,1.32652,0.301818,0.710931,,,4.14306,0.747525,0.728832,518.6300048828125,,,,,,,208.89999999999998,3.798181818181818,215,3.909090909090909,,,,,,,,,,,,,,,,,,,"Mitch Keller","17594",656605
"Griffin Jax","TBR",3,2,4,3.69812,8,8,0,0,,31,128,27,14,13,3,9,,1,37,10.8798,2.74404,3.96487,1.02179,0.291568,0.0735378,0.21803004294633865,0.22611,1.16729,0.300549,0.714693,,,3.16399,0.741123,0.572853,149.2100067138672,,,,,,,166.29999999999995,5.364516129032257,160,5.161290322580645,,,,,,,,,,,,,,,,,,,"Griffin Jax","20253",643377
"Bailey Ober","MIN",3,3,5,4.39599,10,10,0,0,,55,230,54,29,27,9,13,,2,46,7.62912,2.18429,3.49273,1.4178,0.201695,0.0577471,0.14394788071513176,0.253079,1.23575,0.286267,0.694279,,,4.29895,0.736788,0.588504,494.3399963378906,,,,,,,202.9,3.689090909090909,205,3.727272727272727,,,,,,,,,,,,,,,,,,,"Bailey Ober","21224",641927
"Tanner Bibee","CLE",3,3,5,4.02593,10,10,0,0,,57,239,54,28,25,8,16,,2,50,8.01246,2.60162,3.0798,1.26837,0.211343,0.0686224,0.14272098243236542,0.245463,1.24389,0.28471,0.723938,,,4.12903,0.730193,0.761305,188.6300048828125,,,,,,,228.99999999999997,4.017543859649122,227,3.982456140350877,,,,,,,,,,,,,,,,,,,"Tanner Bibee","30134",676440
"Shota Imanaga","CHC",3,3,5,4.14705,10,10,0,0,,57,234,53,28,26,10,13,,2,53,8.45672,2.06548,4.09431,1.6171,0.227327,0.0555228,0.17180444300174713,0.24106,1.16388,0.273759,0.726741,,,4.33807,0.725065,0.751649,157.92999267578125,,,,,,,221.99999999999994,3.894736842105262,216,3.789473684210526,,,,,,,,,,,,,,,,,,,"Shota Imanaga","33829",684007
"Cade Smith","CLE",2,1,0,2.75067,22,0,11,1,,22,90,17,7,7,2,7,,1,30,12.087,2.63731,4.58309,0.668939,0.334404,0.0729648,0.26143957674503326,0.201921,1.03393,0.296002,0.754646,,,2.43053,0.720714,0.717214,39.90999984741211,,,,,,,189,8.590909090909092,179,8.136363636363637,,,,,,,,,,,,,,,,,,,"Cade Smith","27867",671922
"Reynaldo López","ATL",3,2,4,3.79898,13,8,0,0,,47,199,42,21,20,6,17,,1,47,8.97604,3.29068,2.72772,1.072,0.235195,0.0862242,0.1489708051085472,0.233956,1.26801,0.285801,0.734796,,,3.81373,0.717851,0.789812,302.9100036621094,,,,,,,204.8,4.357446808510638,197,4.191489361702128,,,,,,,,,,,,,,,,,,,"Reynaldo Lopez","16400",625643
"Trevor Megill","MIL",2,1,0,2.59338,21,0,7,2,,21,87,17,7,6,1,7,,0,27,11.467,2.90806,3.94318,0.605845,0.311792,0.0790712,0.23272083699703217,0.20931,1.10594,0.298302,0.783565,,,2.47573,0.712056,0.643377,137.6999969482422,,,,,,,174.89999999999998,8.328571428571427,168,8,,,,,,,,,,,,,,,,,,,"Trevor Megill","17722",656730
"Grant Taylor","CHW",2,1,0,3.25569,26,0,6,3,,26,109,22,10,9,2,9,,0,31,10.8164,3.05699,3.53824,0.753423,0.288354,0.0814963,0.20685742795467377,0.221893,1.18912,0.301155,0.742517,,,2.81336,0.707501,0.597572,506.67999267578125,,,,,,,187.60000000000002,7.215384615384616,181,6.961538461538462,,,,,,,,,,,,,,,,,,,"Grant Taylor","33927",691799
"Jack Perkins","ATH",3,3,4,4.15265,13,9,0,0,,54,229,46,27,25,7,22,,5,59,9.83454,3.70104,2.65724,1.15157,0.257331,0.0968417,0.16048967838287354,0.229405,1.27063,0.289622,0.70463,,,4.08818,0.70199,0.6769,999,,,,,,,230.9,4.275925925925926,216,4,,,,,,,,,,,,,,,,,,,"Jack Perkins","31468",678022
"Shane Drohan","MIL",3,2,4,3.80975,11,8,0,0,,44,187,39,20,19,5,16,,2,43,8.7038,3.22185,2.70149,1.01584,0.229282,0.0848722,0.14440936595201492,0.232531,1.24668,0.282954,0.722509,,,3.83103,0.701901,0.667225,999,,,,,,,194.70000000000002,4.425000000000001,187,4.25,,,,,,,,,,,,,,,,,,,"Shane Drohan","27814",675660
"Christian Scott","NYM",2,2,4,4.2583,9,9,0,0,,41,174,37,21,19,5,15,,3,43,9.39384,3.22711,2.91091,1.11404,0.246687,0.0847454,0.16194113343954086,0.236133,1.25716,0.293721,0.685394,,,3.90832,0.69747,0.418253,748.5700073242188,,,,,,,177.70000000000005,4.334146341463415,172,4.195121951219512,,,,,,,,,,,,,,,,,,,"Christian Scott","30107",681035
"Eury Pérez","MIA",3,3,4,4.18311,9,9,0,0,,41,173,35,21,19,6,15,,2,44,9.61488,3.30254,2.91136,1.23045,0.254747,0.0875013,0.16724618524312973,0.225618,1.2192,0.278162,0.694683,,,3.99914,0.696262,0.519244,78.6500015258789,,,,,,,175.60000000000002,4.282926829268293,164,4,,,,,,,,,,,,,,,,,,,"Eury Perez","27768",691587
"Trey Yesavage","TOR",2,2,4,4.09685,9,9,0,0,,41,174,34,20,19,5,19,,1,43,9.54577,4.17747,2.28506,1.00983,0.248508,0.108753,0.1397547945380211,0.219097,1.29317,0.274542,0.702749,,,3.89991,0.694008,0.574213,194.2899932861328,,,,,,,179.50000000000003,4.378048780487806,166,4.048780487804878,,,,,,,,,,,,,,,,,,,"Trey Yesavage","35456",702056
"Michael Soroka","ARI",3,2,4,3.63998,11,7,0,0,,43,178,37,19,17,4,14,,4,42,8.76851,2.87599,3.04887,0.913612,0.234059,0.076769,0.15728985518217087,0.231951,1.19157,0.287106,0.716525,,,3.68997,0.693495,0.880429,710.3599853515625,,,,,,,202.8,4.716279069767442,193,4.488372093023256,,,,,,,,,,,,,,,,,,,"Michael Soroka","18383",647336
"Eduardo Rodriguez","ARI",3,3,5,4.16889,10,10,0,0,,55,242,57,28,26,7,20,,1,46,7.4322,3.21493,2.31178,1.16198,0.189402,0.081929,0.10747265070676804,0.259184,1.39233,0.298143,0.733623,,,4.2354,0.684298,0.703699,738.219970703125,,,,,,,201.7,3.667272727272727,213,3.8727272727272726,,,,,,,,,,,,,,,,,,,"Eduardo Rodriguez","13164",593958
"Andre Pallante","STL",3,4,4,4.20633,9,9,0,0,,49,213,50,25,23,4,17,,2,36,6.5818,3.14831,2.09058,0.80609,0.169272,0.0809689,0.08830298483371735,0.255969,1.35619,0.294722,0.68913,,,3.9775,0.681313,0.540804,999,,,,,,,198.40000000000003,4.048979591836735,208,4.244897959183674,,,,,,,,,,,,,,,,,,,"Andre Pallante","26108",669467
"Janson Junk","MIA",2,3,3,4.54725,11,8,0,0,,47,201,51,26,24,6,11,,1,35,6.70892,2.03372,3.29885,1.23425,0.17447,0.0528882,0.12158211320638657,0.269284,1.30838,0.301329,0.680047,,,4.16061,0.677642,0.491938,999,,,,,,,175.4,3.7319148936170214,191,4.0638297872340425,,,,,,,,,,,,,,,,,,,"Janson Junk","23301",676083
"Michael McGreevy","STL",3,3,5,4.12841,13,10,0,0,,56,237,58,28,26,7,14,,1,40,6.36018,2.18381,2.91242,1.10582,0.166688,0.0572335,0.10945451259613037,0.259617,1.27701,0.288938,0.704445,,,4.05983,0.676899,0.677113,715.3800048828125,,,,,,,212.50000000000006,3.794642857142858,224,4,,,,,,,,,,,,,,,,,,,"Michael McGreevy","29869",700241
"Will Warren","NYY",3,3,4,4.50203,12,10,0,0,,52,223,50,28,26,7,19,,2,51,8.86551,3.21336,2.75895,1.21939,0.23021,0.0834411,0.14676862210035324,0.244497,1.30656,0.294617,0.683009,,,4.08711,0.673514,0.437237,285.04998779296875,,,,,,,207.70000000000005,3.99423076923077,208,4,,,,,,,,,,,,,,,,,,,"Will Warren","30182",701542
"Brady Singer","CIN",3,4,4,4.85781,10,10,0,0,,52,223,52,30,28,8,17,,4,48,8.25871,2.98044,2.77097,1.38546,0.213375,0.0770037,0.1363716498017311,0.256186,1.33027,0.298819,0.667034,,,4.47754,0.659883,0.427033,388.25,,,,,,,184.2,3.542307692307692,189,3.6346153846153846,,,,,,,,,,,,,,,,,,,"Brady Singer","25377",663903
"Aroldis Chapman","BOS",2,1,0,2.82351,21,0,11,1,,21,88,15,7,7,1,10,,0,29,12.6027,4.19731,3.00257,0.56108,0.334385,0.111366,0.22301892936229706,0.198901,1.20201,0.301133,0.772391,,,2.58701,0.656532,0.691314,64.55000305175781,,,,,,,191.1,9.1,179,8.523809523809524,,,,,,,,,,,,,,,,,,,"Aroldis Chapman","10233",547973
"Kumar Rocker","TEX",3,3,4,4.33155,12,9,0,0,,48,205,47,25,23,6,16,,2,45,8.38717,3.0693,2.7326,1.14115,0.216909,0.0793783,0.1375308260321617,0.251177,1.32556,0.299806,0.698949,,,4.02414,0.65105,0.418259,720.72998046875,,,,,,,195.20000000000005,4.066666666666667,198,4.125,,,,,,,,,,,,,,,,,,,"Kumar Rocker","31843",677958
"Emmet Sheehan","LAD",2,2,3,4.37607,12,8,0,0,,40,168,35,21,20,6,14,,3,46,10.1975,3.08248,3.30822,1.3565,0.271265,0.0819973,0.18926773965358734,0.227611,1.20044,0.284532,0.679109,,,4.02579,0.646605,0.365522,111.20999908447266,,,,,,,172.2,4.305,163,4.075,,,,,,,,,,,,,,,,,,,"Emmet Sheehan","29839",686218
"Nick Lodolo","CIN",2,3,4,4.65808,9,9,0,0,,46,196,44,26,24,6,14,,6,45,8.72905,2.80135,3.11601,1.23589,0.228964,0.0734797,0.15548407286405563,0.251693,1.26453,0.304434,0.654643,,,4.30086,0.645568,0.428371,127.94999694824219,,,,,,,182.20000000000002,3.9608695652173918,182,3.9565217391304346,,,,,,,,,,,,,,,,,,,"Nick Lodolo","26378",666157
"Bubba Chandler","PIT",2,3,4,4.16229,12,8,0,0,,46,199,42,23,21,5,21,,3,43,8.51534,4.04268,2.10636,0.940344,0.218333,0.103654,0.11467909067869186,0.239107,1.36194,0.292142,0.706813,,,4.12419,0.64432,0.597236,150.00999450683594,,,,,,,183.70000000000005,3.993478260869566,179,3.891304347826087,,,,,,,,,,,,,,,,,,,"Bubba Chandler","29868",696149
"Bryce Miller","SEA",3,3,4,4.02125,13,8,0,0,,49,202,44,24,22,7,13,,2,46,8.44915,2.31431,3.65083,1.26235,0.227632,0.0623507,0.1652810275554657,0.234149,1.15477,0.274954,0.698153,,,3.92738,0.639606,0.507312,341.6000061035156,,,,,,,209.1,4.2673469387755105,201,4.1020408163265305,,,,,,,,,,,,,,,,,,,"Bryce Miller","29837",682243
"Gage Jump","ATH",3,3,4,4.11351,9,9,0,0,,43,183,40,21,20,5,14,,2,41,8.52285,2.9583,2.88099,1.10345,0.223545,0.077593,0.145952008664608,0.243012,1.2655,0.292311,0.702746,,,3.95337,0.633898,0.672201,999,,,,,,,186.7,4.341860465116278,184,4.27906976744186,,,,,,,,,,,,,,,,,,,"Gage Jump","35418",695611
"Sean Manaea","NYM",2,2,4,4.57924,8,8,0,0,,50,212,47,28,26,8,16,,4,50,8.9504,2.81395,3.18072,1.35612,0.235119,0.0739201,0.16119934618473053,0.246137,1.25745,0.294846,0.673106,,,4.25328,0.633666,0.270062,423.3599853515625,,,,,,,189.40000000000003,3.7880000000000007,186,3.72,,,,,,,,,,,,,,,,,,,"Sean Manaea","15873",640455
"Max Meyer","MIA",2,2,4,3.91531,7,7,0,0,,37,157,34,17,16,4,13,,2,37,9.14351,3.26741,2.7984,1.09262,0.238412,0.085196,0.15321644395589828,0.240467,1.28802,0.296606,0.729082,,,3.90029,0.621648,0.668649,281.45001220703125,,,,,,,165.20000000000002,4.4648648648648654,162,4.378378378378378,,,,,,,,,,,,,,,,,,,"Max Meyer","27474",676974
"Joey Cantillo","CLE",2,2,4,3.87379,11,8,0,0,,42,182,37,20,18,5,19,,1,46,9.80828,4.04821,2.42287,1.03061,0.252968,0.104408,0.14855939149856567,0.229716,1.33188,0.291237,0.737503,,,3.82349,0.618793,0.627039,270.80999755859375,,,,,,,185.10000000000002,4.4071428571428575,177,4.214285714285714,,,,,,,,,,,,,,,,,,,"Joey Cantillo","23335",676282
"Clay Holmes","NYM",3,2,3,3.8378,8,6,0,0,,34,147,34,16,15,3,12,,2,29,7.57667,3.09349,2.44923,0.690087,0.195107,0.0796604,0.11544635891914368,0.255911,1.34698,0.308675,0.712693,,,3.60627,0.609894,0.472119,330.6300048828125,,,,,,,142.3,4.185294117647059,147,4.323529411764706,,,,,,,,,,,,,,,,,,,"Clay Holmes","13649",605280
"Tyler Glasnow","LAD",1,1,3,3.7803,5,5,0,0,,28,116,23,13,12,4,10,,0,34,10.9125,3.24392,3.36398,1.2056,0.292857,0.0870564,0.2058001309633255,0.21233,1.16139,0.274965,0.723756,,,3.53023,0.607547,0.466707,113.73999786376953,,,,,,,136.20000000000005,4.864285714285716,126,4.5,,,,,,,,,,,,,,,,,,,"Tyler Glasnow","14374",607192
"Noah Cameron","KCR",3,3,4,4.19174,9,9,0,0,,49,208,47,25,23,7,16,,1,43,7.86387,2.87838,2.73205,1.22516,0.205174,0.075099,0.1300753578543663,0.248202,1.29022,0.287697,0.712933,,,4.17866,0.606693,0.663438,298,,,,,,,189.3,3.8632653061224493,189,3.857142857142857,,,,,,,,,,,,,,,,,,,"Noah Cameron","30184",702070
"David Bednar","NYY",2,1,0,3.15862,22,0,11,1,,22,90,17,8,8,2,7,,1,27,10.958,2.86236,3.82831,0.775941,0.29804,0.0778514,0.22018824517726898,0.211388,1.10668,0.289421,0.735517,,,2.85874,0.601767,0.559874,64.05999755859375,,,,,,,183,8.318181818181818,173,7.863636363636363,,,,,,,,,,,,,,,,,,,"David Bednar","19569",670280
"Bryce Elder","ATL",3,3,5,4.58731,10,10,0,0,,54,233,54,30,28,7,18,,2,47,7.73308,2.98457,2.59102,1.20653,0.199853,0.0771331,0.12272007763385773,0.25394,1.33101,0.294105,0.679584,,,4.22531,0.599153,0.427597,740.5499877929688,,,,,,,207.1,3.835185185185185,213,3.9444444444444446,,,,,,,,,,,,,,,,,,,"Bryce Elder","27779",693821
"Jack Flaherty","DET",2,3,3,4.28338,7,7,0,0,,38,161,34,19,18,5,15,,2,43,10.1994,3.65762,2.78855,1.19638,0.264289,0.0947765,0.16951221227645874,0.236544,1.31049,0.30172,0.705428,,,3.96908,0.593176,0.501095,209,,,,,,,166.29999999999998,4.376315789473684,160,4.2105263157894735,,,,,,,,,,,,,,,,,,,"Jack Flaherty","17479",656427
"Josh Hader","HOU",2,1,0,2.96253,21,0,11,1,,21,85,14,7,7,2,8,,1,30,13.1238,3.6377,3.60772,0.994226,0.359845,0.099743,0.2601015493273735,0.182812,1.06588,0.268777,0.777074,,,2.92778,0.592238,0.640972,124.38999938964844,,,,,,,186.4,8.876190476190477,171,8.142857142857142,,,,,,,,,,,,,,,,,,,"Josh Hader","14212",623352
"Ian Seymour","TBR",3,3,3,4.29209,12,7,0,0,,45,190,41,23,22,7,14,,3,47,9.31485,2.82648,3.29557,1.36451,0.24673,0.0748672,0.1718626543879509,0.237616,1.22148,0.287134,0.696686,,,4.13852,0.588848,0.426441,521.1400146484375,,,,,,,183.29999999999998,4.073333333333333,177,3.933333333333333,,,,,,,,,,,,,,,,,,,"Ian Seymour","27932",693855
"Zebby Matthews","MIN",3,3,4,4.58474,8,8,0,0,,44,189,46,24,22,7,12,,1,43,8.71888,2.49396,3.496,1.42156,0.224962,0.0643485,0.16061384230852127,0.263748,1.33425,0.312063,0.701218,,,4.12005,0.582033,0.391844,488.6400146484375,,,,,,,166.9,3.7931818181818184,176,4,,,,,,,,,,,,,,,,,,,"Zebby Matthews","31827",805673
"Shohei Ohtani","LAD",2,1,3,3.0854,4,4,0,0,,23,95,17,9,8,2,8,,2,27,10.5667,3.17521,3.32787,0.884893,0.289871,0.0871041,0.202767014503479,0.198879,1.07359,0.26467,0.748934,,,3.31793,0.581115,0.567086,1.2699999809265137,,,,,,,125.40000000000002,5.452173913043479,113,4.913043478260869,,,,,,,,,,,,,,,,,,,"Shohei Ohtani","19755",660271
"Kyle Freeland","COL",2,4,4,5.07726,10,10,0,0,,50,220,59,31,28,8,12,,2,39,6.97835,2.19754,3.17553,1.51178,0.177085,0.0557654,0.12131943553686142,0.285397,1.41237,0.317541,0.678873,,,4.59856,0.573521,0.434224,999,,,,,,,154.20000000000002,3.0840000000000005,182,3.64,,,,,,,,,,,,,,,,,,,"Kyle Freeland","16256",607536
"Seth Lugo","KCR",3,3,5,4.26785,10,10,0,0,,57,246,58,30,27,8,19,,2,46,7.27058,2.93894,2.47388,1.24283,0.187797,0.0759119,0.11188506335020065,0.256416,1.33511,0.291383,0.717886,,,4.39439,0.566452,0.680912,493.1000061035156,,,,,,,201.59999999999997,3.5368421052631573,210,3.6842105263157894,,,,,,,,,,,,,,,,,,,"Seth Lugo","12447",607625
"Kris Bubic","KCR",2,2,3,3.73754,7,5,0,0,,28,121,26,13,12,2,11,,1,29,9.18678,3.50083,2.62417,0.759286,0.237529,0.0905157,0.14701302349567413,0.240762,1.32362,0.306196,0.723534,,,3.41112,0.553743,0.497416,190.69000244140625,,,,,,,137.00000000000006,4.892857142857145,136,4.857142857142857,,,,,,,,,,,,,,,,,,,"Kris Bubic","21455",663460
"Garrett Whitlock","BOS",2,1,0,3.11573,22,0,1,5,,22,90,19,8,8,2,5,,1,25,10.11,2.04529,4.94309,0.839732,0.276356,0.0559076,0.2204485833644867,0.22653,1.08967,0.296906,0.743839,,,2.84921,0.551404,0.581081,624.97998046875,,,,,,,145.8,6.627272727272728,141,6.409090909090909,,,,,,,,,,,,,,,,,,,"Garrett Whitlock","20191",676477
"Ben Brown","CHC",2,1,2,3.68777,9,4,0,0,,29,120,25,13,12,3,9,,1,30,9.53963,2.95689,3.22624,0.831977,0.253112,0.0784544,0.174657940864563,0.231587,1.21359,0.296937,0.708567,,,3.28961,0.55121,0.457549,733.6500244140625,,,,,,,142.70000000000002,4.920689655172414,136,4.689655172413793,,,,,,,,,,,,,,,,,,,"Ben Brown","23590",676962
"Adrian Morejon","SDP",3,2,0,3.21727,22,0,1,5,,22,92,19,9,8,1,7,,1,24,9.5003,2.75349,3.45028,0.600899,0.255941,0.0741799,0.1817612200975418,0.223029,1.15096,0.291865,0.720955,,,2.87308,0.551124,0.343298,735.8499755859375,,,,,,,150.1,6.822727272727272,146,6.636363636363637,,,,,,,,,,,,,,,,,,,"Adrian Morejon","20039",670970
"Patrick Sandoval","BOS",2,2,2,4.31595,14,6,0,0,,39,173,40,20,19,4,17,,1,36,8.17612,3.83105,2.13417,0.899534,0.205556,0.0963165,0.10923941433429718,0.258457,1.44845,0.312946,0.708586,,,3.97892,0.550926,0.426167,999,,,,,,,153.40000000000003,3.933333333333334,161,4.128205128205129,,,,,,,,,,,,,,,,,,,"Patrick Sandoval","19447",663776
"Jake Bennett","BOS",3,3,4,4.28295,13,9,0,0,,42,180,44,22,20,5,11,,2,30,6.39254,2.3332,2.73981,1.01666,0.165831,0.0605263,0.1053042858839035,0.266868,1.32009,0.300731,0.690934,,,4.08169,0.547396,0.479554,999,,,,,,,155.9,3.711904761904762,166,3.9523809523809526,,,,,,,,,,,,,,,,,,,"Jake Bennett","31959",687562
"Tanner Scott","LAD",2,1,0,3.07315,21,0,4,4,,21,87,17,8,7,2,6,,1,26,10.8536,2.65821,4.08306,0.865465,0.296981,0.072735,0.22424616664648056,0.211388,1.08281,0.285301,0.750548,,,2.95469,0.545614,0.45555,712.8099975585938,,,,,,,153.60000000000002,7.314285714285715,146,6.9523809523809526,,,,,,,,,,,,,,,,,,,"Tanner Scott","17586",656945
"Robbie Ray","SFG",3,3,5,4.21473,10,10,0,0,,56,243,53,29,26,8,23,,1,54,8.59319,3.68688,2.33075,1.25518,0.221251,0.0949269,0.12632371485233307,0.240777,1.34377,0.285299,0.726799,,,4.32081,0.543473,0.566778,166.44000244140625,,,,,,,214.2000000000001,3.825000000000002,212,3.7857142857142856,,,,,,,,,,,,,,,,,,,"Robbie Ray","11486",592662
"Tyler Mahle","SFG",3,3,4,4.0906,9,9,0,0,,46,197,44,23,21,6,16,,1,39,7.6143,3.15074,2.41667,1.1467,0.198516,0.0821444,0.11637122929096222,0.242079,1.29429,0.279059,0.717131,,,4.15819,0.541893,0.550045,322.7200012207031,,,,,,,179.20000000000002,3.8956521739130436,179,3.891304347826087,,,,,,,,,,,,,,,,,,,"Tyler Mahle","16358",641816
"Shane Bieber","TOR",3,3,4,4.23967,11,8,0,0,,47,198,46,24,22,7,14,,1,41,7.83698,2.6668,2.93873,1.30072,0.20489,0.0697208,0.13516945391893387,0.250252,1.28172,0.287741,0.713075,,,4.18385,0.538072,0.475422,474.0400085449219,,,,,,,179.10000000000005,3.8106382978723414,181,3.851063829787234,,,,,,,,,,,,,,,,,,,"Shane Bieber","19427",669456
"Carlos Rodón","NYY",2,2,3,4.03707,6,6,0,0,,31,133,27,15,14,4,13,,1,33,9.40364,3.67132,2.56138,1.01278,0.245922,0.0960114,0.14991026371717453,0.227742,1.27456,0.284787,0.704547,,,3.81304,0.530349,0.438613,202.3000030517578,,,,,,,134,4.32258064516129,127,4.096774193548387,,,,,,,,,,,,,,,,,,,"Carlos Rodon","16137",607074
"Devin Williams","NYM",2,1,0,3.26328,21,0,9,1,,21,86,14,8,8,2,9,,1,28,11.9523,3.94302,3.03125,0.748795,0.324018,0.106893,0.21712566167116165,0.187024,1.11622,0.268637,0.722291,,,2.95386,0.523291,0.453318,59.470001220703125,,,,,,,169.4,8.066666666666666,154,7.333333333333333,,,,,,,,,,,,,,,,,,,"Devin Williams","15816",642207
"Edwin Díaz","LAD",2,1,0,3.27166,21,0,9,2,,21,85,15,8,8,2,8,,2,29,12.7248,3.43468,3.7048,0.937884,0.345751,0.0933252,0.252425841987133,0.199614,1.10402,0.294252,0.739872,,,3.04776,0.517604,0.489559,33,,,,,,,172.8,8.22857142857143,160,7.619047619047619,,,,,,,,,,,,,,,,,,,"Edwin Diaz","14710",621242
"Carmen Mlodzinski","PIT",2,2,1,3.61021,22,3,0,4,,37,158,36,16,15,3,12,,1,31,7.55173,2.96089,2.55049,0.800502,0.196648,0.0771022,0.1195460855960846,0.248505,1.29959,0.296082,0.734915,,,3.67126,0.498681,0.538872,745.6199951171875,,,,,,,182.30000000000004,4.927027027027028,185,5,,,,,,,,,,,,,,,,,,,"Carmen Mlodzinski","27572",669387
"Matthew Liberatore","STL",2,3,4,4.45328,9,9,0,0,,44,190,44,24,22,6,15,,2,40,8.03698,2.97376,2.70263,1.24037,0.20847,0.077136,0.13133422285318375,0.25159,1.31427,0.293789,0.692427,,,4.23445,0.492224,0.32835,410.2300109863281,,,,,,,166.4,3.7818181818181817,171,3.8863636363636362,,,,,,,,,,,,,,,,,,,"Matthew Liberatore","22294",669461
"Brandon Young","BAL",2,2,3,4.3263,11,7,0,0,,39,170,40,21,19,5,13,,1,33,7.62289,2.85326,2.67164,1.1445,0.196858,0.0736843,0.12317372113466263,0.256465,1.33462,0.297443,0.70217,,,4.07323,0.491545,0.395425,999,,,,,,,147.10000000000002,3.771794871794872,154,3.948717948717949,,,,,,,,,,,,,,,,,,,"Brandon Young","27819",687064
"Ryan Weathers","NYY",2,2,3,4.39711,10,6,0,0,,38,160,35,20,18,5,12,,1,38,9.08693,2.96988,3.0597,1.26577,0.238453,0.0779333,0.16051945835351944,0.240859,1.26139,0.291073,0.68609,,,4.02033,0.48736,0.323004,232.55999755859375,,,,,,,165.7,4.360526315789474,162,4.2631578947368425,,,,,,,,,,,,,,,,,,,"Ryan Weathers","23796",677960
"Tatsuya Imai","HOU",2,2,3,4.24518,7,7,0,0,,37,157,32,19,17,5,16,,1,43,10.4437,3.96822,2.63184,1.33261,0.27035,0.102723,0.16762717068195343,0.228758,1.31379,0.289087,0.723985,,,4.14346,0.485254,0.421336,999,,,,,,,164.10000000000002,4.435135135135136,155,4.1891891891891895,,,,,,,,,,,,,,,,,,,"Tatsuya Imai","37124",837227
"Roki Sasaki","LAD",2,2,3,4.78834,14,8,0,0,,45,195,43,26,24,8,17,,3,50,9.99816,3.37491,2.9625,1.59781,0.257545,0.0869351,0.17061016708612442,0.248035,1.33646,0.302923,0.696893,,,4.50715,0.483054,0.241043,289.7200012207031,,,,,,,162.8,3.617777777777778,161,3.577777777777778,,,,,,,,,,,,,,,,,,,"Roki Sasaki","35323",808963
"Connor Prielipp","MIN",2,2,4,4.08277,11,8,0,0,,35,151,34,17,16,4,13,,3,34,8.84541,3.34657,2.64312,1.08235,0.227536,0.0860862,0.1414501667022705,0.251628,1.34673,0.308393,0.724428,,,4.04278,0.460453,0.416213,999,,,,,,,141.4,4.04,143,4.085714285714285,,,,,,,,,,,,,,,,,,,"Connor Prielipp","31857",687570
"Jack Leiter","TEX",2,2,3,4.30338,6,6,0,0,,35,147,30,18,17,5,14,,1,34,8.68958,3.60137,2.41285,1.21615,0.227857,0.0944348,0.1334225907921791,0.227896,1.26599,0.270771,0.693026,,,4.24959,0.452636,0.380574,230.7100067138672,,,,,,,142.5,4.071428571428571,133,3.8,,,,,,,,,,,,,,,,,,,"Jack Leiter","30146",683004
"Louis Varland","TOR",2,1,0,3.12294,22,0,10,1,,22,90,19,8,8,2,6,,1,23,9.53452,2.48295,3.84,0.893862,0.257392,0.0670292,0.19036293774843216,0.227261,1.14243,0.289052,0.762682,,,3.19065,0.449523,0.5665,999,,,,,,,167.8,7.627272727272728,163,7.409090909090909,,,,,,,,,,,,,,,,,,,"Louis Varland","27691",686973
"Brayan Bello","BOS",3,3,3,4.28853,14,7,0,0,,46,198,46,24,22,5,16,,2,38,7.44755,3.11651,2.38971,1.0503,0.192055,0.0803676,0.11168733984231949,0.254489,1.34139,0.296158,0.699018,,,4.16723,0.446114,0.467482,421.4100036621094,,,,,,,181.30000000000004,3.9413043478260876,187,4.065217391304348,,,,,,,,,,,,,,,,,,,"Brayan Bello","23920",678394
"J.T. Ginn","ATH",2,3,3,4.68251,11,8,0,0,,43,189,42,25,23,6,18,,3,42,8.72596,3.76359,2.31852,1.19877,0.222716,0.0960595,0.12665624171495438,0.249425,1.38077,0.300888,0.68262,,,4.38439,0.444664,0.334948,748.3499755859375,,,,,,,156.2,3.6325581395348836,158,3.6744186046511627,,,,,,,,,,,,,,,,,,,"J.T. Ginn","27889",669372
"Raisel Iglesias","ATL",2,1,0,3.39587,22,0,10,1,,22,89,19,9,8,3,5,,1,24,9.82205,2.10956,4.65596,1.05478,0.269338,0.057848,0.21149004623293877,0.222356,1.07799,0.280966,0.73077,,,3.22477,0.444664,0.430249,100.62000274658203,,,,,,,160.5,7.295454545454546,155,7.045454545454546,,,,,,,,,,,,,,,,,,,"Raisel Iglesias","17130",628452
"Nick Pivetta","SDP",2,1,2,3.82973,4,4,0,0,,25,101,21,11,10,4,7,,1,27,9.91349,2.72154,3.6426,1.35095,0.267261,0.073371,0.19389007985591888,0.222429,1.14652,0.272868,0.73047,,,3.83733,0.444406,0.442062,96.01000213623047,,,,,,,111.20000000000002,4.448,103,4.12,,,,,,,,,,,,,,,,,,,"Nick Pivetta","15454",601713
"Spencer Miles","TOR",2,1,1,3.35997,19,3,0,0,,35,144,31,14,13,4,11,,0,34,8.9833,2.84698,3.15538,0.952774,0.238687,0.0756446,0.16304276138544083,0.231155,1.20985,0.285232,0.757372,,,3.43866,0.444033,0.466432,999,,,,,,,164.20000000000002,4.691428571428572,158,4.514285714285714,,,,,,,,,,,,,,,,,,,"Spencer Miles","31621",693686
"Troy Melton","DET",2,2,3,4.2051,11,6,0,0,,36,155,36,19,17,5,11,,1,33,8.17438,2.78871,2.93124,1.25465,0.213331,0.0727786,0.14055272191762924,0.249223,1.28794,0.291526,0.713853,,,4.10443,0.437634,0.438654,743.22998046875,,,,,,,141.30000000000004,3.925000000000001,145,4.027777777777778,,,,,,,,,,,,,,,,,,,"Troy Melton","31807",675512
"Andrés Muñoz","SEA",2,1,0,2.95737,20,0,10,1,,20,82,14,7,7,2,8,,1,28,12.2318,3.51787,3.47704,0.780752,0.335745,0.0965604,0.2391841560602188,0.187547,1.06497,0.273381,0.75017,,,2.88038,0.437436,0.488428,41.189998626708984,,,,,,,170,8.5,157,7.85,,,,,,,,,,,,,,,,,,,"Andres Munoz","20373",662253
"Fernando Cruz","NYY",2,1,0,3.6242,22,0,1,5,,22,94,18,9,9,2,12,,1,29,12.0142,4.86651,2.46875,0.800946,0.30755,0.124577,0.18297281116247177,0.217623,1.35562,0.312803,0.745649,,,3.38459,0.432906,0.374713,999,,,,,,,135.40000000000003,6.154545454545456,128,5.818181818181818,,,,,,,,,,,,,,,,,,,"Fernando Cruz","7048",518585
"Abner Uribe","MIL",1,1,0,3.11001,22,0,2,4,,22,92,16,8,8,2,10,,1,25,10.1457,3.92844,2.58263,0.657515,0.272362,0.105459,0.16690292209386826,0.198959,1.16302,0.266584,0.742326,,,3.26694,0.432299,0.52987,167.27999877929688,,,,,,,139.60000000000002,6.345454545454547,127,5.7727272727272725,,,,,,,,,,,,,,,,,,,"Abner Uribe","25327",682842
"Bryan Baker","TBR",1,1,0,3.6535,22,0,11,1,,22,94,19,10,9,2,8,,0,25,9.99632,3.1622,3.16119,0.981697,0.265883,0.0841083,0.1817742884159088,0.223408,1.20168,0.286598,0.724934,,,3.42018,0.423143,0.278122,999,,,,,,,173.8,7.9,169,7.681818181818182,,,,,,,,,,,,,,,,,,,"Bryan Baker","19804",641329
"Grayson Rodriguez","LAA",2,3,3,4.77071,8,8,0,0,,39,169,39,22,21,6,15,,2,38,8.87128,3.36716,2.63465,1.2936,0.227445,0.0863284,0.1411169022321701,0.252615,1.36087,0.303603,0.67667,,,4.28989,0.421921,0.284943,397.1099853515625,,,,,,,138.4,3.548717948717949,142,3.641025641025641,,,,,,,,,,,,,,,,,,,"Grayson Rodriguez","24492",680570
"Edward Cabrera","CHC",2,2,4,4.30883,8,8,0,0,,42,177,36,22,20,6,17,,2,43,9.22245,3.56926,2.58386,1.34578,0.241631,0.0935157,0.1481156125664711,0.229399,1.26743,0.275104,0.706031,,,4.33798,0.417771,0.413348,174.72000122070312,,,,,,,172.4,4.104761904761905,161,3.8333333333333335,,,,,,,,,,,,,,,,,,,"Edward Cabrera","21690",665795
"Slade Cecconi","CLE",2,3,4,4.44226,9,9,0,0,,48,203,48,26,24,7,13,,2,39,7.34614,2.46726,2.97746,1.38262,0.192132,0.0645289,0.1276029497385025,0.255834,1.28195,0.287658,0.698718,,,4.4014,0.417563,0.395351,584.5599975585938,,,,,,,177.3,3.69375,182,3.7916666666666665,,,,,,,,,,,,,,,,,,,"Slade Cecconi","27500",677944
"Zac Thornton","NYM",2,2,3,4.57856,7,7,0,0,,33,141,34,18,17,4,10,,2,26,6.97629,2.69992,2.58389,1.04191,0.180917,0.0700173,0.1108999103307724,0.2594,1.31922,0.297361,0.662192,,,4.1305,0.417551,0.224564,999,,,,,,,122.60000000000005,3.7151515151515166,129,3.909090909090909,,,,,,,,,,,,,,,,,,,"Zac Thornton","33891",804267
"Anthony Kay","CHW",2,3,4,4.695,8,8,0,0,,45,196,46,25,23,6,17,,4,38,7.66843,3.48838,2.19828,1.28452,0.194509,0.0884826,0.10602658987045288,0.262894,1.41171,0.303847,0.696991,,,4.71597,0.417349,0.344417,717.8599853515625,,,,,,,152.6,3.391111111111111,160,3.5555555555555554,,,,,,,,,,,,,,,,,,,"Anthony Kay","20387",641743
"Yusei Kikuchi","LAA",1,2,3,4.38068,6,6,0,0,,30,131,31,16,15,4,12,,1,31,9.21072,3.53596,2.60487,1.27275,0.233191,0.0895212,0.1436699703335762,0.257334,1.41404,0.313814,0.727739,,,4.16291,0.416686,0.309482,506.57000732421875,,,,,,,115.20000000000002,3.8400000000000007,121,4.033333333333333,,,,,,,,,,,,,,,,,,,"Yusei Kikuchi","20633",579328
"Luis Castillo","SEA",3,3,3,4.07452,13,7,0,0,,46,195,44,23,21,7,14,,2,42,8.09586,2.66366,3.03937,1.33183,0.21312,0.0701198,0.1430002748966217,0.246131,1.25186,0.284862,0.727269,,,4.2458,0.414498,0.37719,171.0500030517578,,,,,,,175.90000000000006,3.8239130434782624,175,3.8043478260869565,,,,,,,,,,,,,,,,,,,"Luis Castillo","15689",622491
"Jeremiah Estrada","SDP",2,1,0,3.356,21,0,0,5,,21,86,16,8,8,2,9,,1,29,12.6193,3.9535,3.19192,1.03829,0.335849,0.105219,0.23063070327043533,0.20209,1.18928,0.289297,0.762785,,,3.19625,0.41378,0.353847,623.5800170898438,,,,,,,137.20000000000002,6.533333333333334,127,6.0476190476190474,,,,,,,,,,,,,,,,,,,"Jeremiah Estrada","22210",669093
"Michael Lorenzen","COL",2,4,3,4.90685,14,9,0,0,,52,227,55,31,28,8,19,,2,38,6.64923,3.30319,2.01297,1.3984,0.167995,0.0834564,0.08453895151615143,0.267103,1.43266,0.294065,0.691321,,,4.87645,0.41045,0.505126,999,,,,,,,156.39999999999998,3.007692307692307,169,3.25,,,,,,,,,,,,,,,,,,,"Michael Lorenzen","14843",547179
"Zack Littell","WSN",2,4,4,4.92028,9,9,0,0,,54,234,60,32,30,10,13,,2,39,6.54546,2.218,2.95106,1.63908,0.168389,0.0570606,0.1113286167383194,0.274644,1.35501,0.296275,0.691586,,,4.87062,0.406864,0.222341,709.4099731445312,,,,,,,153.60000000000002,2.844444444444445,173,3.2037037037037037,,,,,,,,,,,,,,,,,,,"Zack Littell","15823",641793
"Brandon Sproat","MIL",2,2,4,4.67159,9,9,0,0,,41,179,39,23,22,6,17,,3,39,8.56628,3.76417,2.27574,1.24898,0.220235,0.0967751,0.12346028536558151,0.243841,1.35013,0.290398,0.67996,,,4.5104,0.406843,0.274578,528.2000122070312,,,,,,,146.20000000000002,3.565853658536586,145,3.5365853658536586,,,,,,,,,,,,,,,,,,,"Brandon Sproat","33850",687075
"Tyler Phillips","MIA",2,3,3,4.487,12,7,0,0,,49,217,51,27,25,6,20,,2,37,6.74095,3.58373,1.88099,1.10269,0.170135,0.0904499,0.07968513667583466,0.261551,1.43687,0.295562,0.707289,,,4.49791,0.406819,0.492909,999,,,,,,,164.20000000000002,3.3510204081632655,175,3.5714285714285716,,,,,,,,,,,,,,,,,,,"Tyler Phillips","20629",663969
"Dylan Lee","ATL",2,1,0,2.98167,21,0,1,6,,21,87,18,8,7,3,5,,0,26,10.8888,2.26239,4.81298,1.06211,0.297939,0.0619032,0.2360355220735073,0.218241,1.08275,0.287466,0.787596,,,2.97828,0.405187,0.397337,999,,,,,,,137.7,6.557142857142857,132,6.285714285714286,,,,,,,,,,,,,,,,,,,"Dylan Lee","19996",669276
"Merrill Kelly","ARI",3,4,5,4.41596,10,10,0,0,,57,246,58,30,28,9,19,,1,45,7.1329,2.93438,2.43081,1.43717,0.183843,0.0756303,0.10821234434843063,0.256828,1.34486,0.284982,0.723741,,,4.63282,0.404407,0.630982,284.17999267578125,,,,,,,190.3,3.3385964912280706,198,3.473684210526316,,,,,,,,,,,,,,,,,,,"Merrill Kelly","11156",518876
"Garrett Cleavinger","TBR",2,1,0,3.50628,22,0,1,5,,22,89,16,9,8,2,8,,2,28,11.5385,3.40515,3.38855,1.00513,0.311947,0.092059,0.2198878824710846,0.205792,1.12891,0.283512,0.725353,,,3.38551,0.386488,0.400815,505.4800109863281,,,,,,,147.60000000000002,6.70909090909091,135,6.136363636363637,,,,,,,,,,,,,,,,,,,"Garrett Cleavinger","17897",664076
"Joe Musgrove","SDP",1,1,2,3.8699,4,4,0,0,,24,104,23,11,11,3,6,,2,22,8.03749,2.38148,3.375,1.09151,0.210938,0.0625,0.1484375149011612,0.245014,1.21279,0.289575,0.718816,,,3.99175,0.379754,0.376031,385.6199951171875,,,,,,,100.90000000000002,4.2041666666666675,101,4.208333333333333,,,,,,,,,,,,,,,,,,,"Joe Musgrove","12970",605397
"Martín Pérez","ATL",2,2,4,4.36469,8,8,0,0,,40,177,42,21,20,5,16,,1,31,7.04449,3.51256,2.00552,1.11917,0.178082,0.0887959,0.08928581327199936,0.261393,1.42872,0.298172,0.718608,,,4.42862,0.379357,0.437253,999,,,,,,,136.3,3.4075,146,3.65,,,,,,,,,,,,,,,,,,,"Martin Perez","6902",527048
"Brent Headrick","NYY",1,1,0,3.58537,21,0,0,5,,21,87,18,9,8,2,6,,1,23,9.91788,2.64583,3.7485,0.910988,0.26743,0.0713431,0.1960868164896965,0.224284,1.14573,0.289285,0.709859,,,3.1907,0.377281,0.252567,999,,,,,,,129,6.142857142857143,124,5.904761904761905,,,,,,,,,,,,,,,,,,,"Brent Headrick","27702",687396
"Chris Bassitt","BAL",2,3,3,4.37803,9,6,0,0,,38,166,39,20,19,5,14,,3,32,7.58043,3.19832,2.37013,1.11318,0.193351,0.0815784,0.1117730587720871,0.263715,1.38792,0.308147,0.707278,,,4.35536,0.375121,0.357324,359.3599853515625,,,,,,,131.29999999999998,3.4552631578947364,138,3.6315789473684212,,,,,,,,,,,,,,,,,,,"Chris Bassitt","12304",605135
"Gregory Soto","PIT",1,1,0,3.87545,22,0,7,2,,22,93,19,10,9,2,9,,2,25,10.3782,3.8578,2.69018,0.816259,0.267819,0.0995545,0.16826464235782623,0.237745,1.32727,0.318588,0.715841,,,3.55996,0.369404,0.29824,728.4099731445312,,,,,,,148.8,6.7636363636363654,144,6.545454545454546,,,,,,,,,,,,,,,,,,,"Gregory Soto","19677",642397
"Orion Kerkering","PHI",2,1,0,3.68986,21,0,0,4,,21,91,18,9,9,2,9,,2,24,10.0943,3.90458,2.58525,0.809706,0.262972,0.10172,0.1612522304058075,0.22768,1.28815,0.300841,0.724934,,,3.57456,0.368239,0.337828,999,,,,,,,115.00000000000001,5.476190476190477,110,5.238095238095238,,,,,,,,,,,,,,,,,,,"Orion Kerkering","31776",689147
"Emerson Hancock","SEA",2,2,3,4.22572,15,7,0,0,,43,183,42,22,20,6,13,,2,38,7.86814,2.66402,2.95349,1.23495,0.206377,0.0698756,0.13650114089250565,0.249837,1.26789,0.289954,0.704171,,,4.18313,0.368148,0.274735,733.4199829101562,,,,,,,166.2,3.8651162790697673,168,3.9069767441860463,,,,,,,,,,,,,,,,,,,"Emerson Hancock","27470",676106
"Peter Lambert","HOU",0,0,3,4.49923,13,8,0,0,,38,167,36,21,19,5,15,,2,37,8.58959,3.46767,2.47705,1.28679,0.21938,0.0885653,0.13081520795822144,0.236338,1.31014,0.277667,0.698939,,,4.37122,0.363978,0.355774,999,,,,,,,149.1,3.9236842105263157,148,3.8947368421052633,,,,,,,,,,,,,,,,,,,"Peter Lambert","17969",663567
"Grant Holmes","ATL",2,3,3,4.51451,11,8,0,0,,47,204,46,25,23,7,20,,2,43,8.31869,3.81152,2.18252,1.28025,0.211489,0.0969016,0.11458760499954224,0.250021,1.39927,0.293886,0.711629,,,4.51339,0.352746,0.315725,369.45001220703125,,,,,,,162.10000000000005,3.448936170212767,164,3.4893617021276597,,,,,,,,,,,,,,,,,,,"Grant Holmes","16944",656550
"Jeff Hoffman","TOR",3,1,0,3.01553,21,0,1,5,,21,84,15,8,7,2,7,,2,27,11.6123,3.15789,3.67725,1.0025,0.317476,0.0863351,0.23114053159952164,0.201478,1.08331,0.278041,0.775438,,,3.26381,0.350502,0.382981,99.63999938964844,,,,,,,143.8,6.847619047619048,131,6.238095238095238,,,,,,,,,,,,,,,,,,,"Jeff Hoffman","17432",656546
"Shane Smith","CHW",1,2,3,4.19346,6,6,0,0,,27,114,23,14,13,3,11,,3,26,8.74293,3.61529,2.41832,1.07631,0.230025,0.0951177,0.13490736484527588,0.227967,1.25176,0.276918,0.687337,,,4.20443,0.347396,0.305495,245.5399932861328,,,,,,,113.10000000000001,4.188888888888889,106,3.925925925925926,,,,,,,,,,,,,,,,,,,"Shane Smith","31687",681343
"Jacob Lopez","ATH",2,3,2,4.56688,14,6,0,0,,38,167,35,21,19,6,18,,2,39,9.1636,4.14544,2.21053,1.2987,0.233658,0.105702,0.12795545905828476,0.240377,1.38333,0.290871,0.704112,,,4.50597,0.345437,0.243206,409.239990234375,,,,,,,134.39999999999998,3.5368421052631573,130,3.4210526315789473,,,,,,,,,,,,,,,,,,,"Jacob Lopez","25098",682052
"Mason Englert","TBR",1,1,2,4.37188,11,4,0,0,,31,129,30,16,15,5,8,,1,28,8.1918,2.30315,3.55678,1.34983,0.215912,0.0607044,0.15520766749978065,0.252578,1.24633,0.293751,0.693126,,,4.1221,0.343997,0.247768,999,,,,,,,118.89999999999998,3.835483870967741,119,3.838709677419355,,,,,,,,,,,,,,,,,,,"Mason Englert","22288",669438
"Carson Whisenhunt","SFG",2,3,3,4.62207,11,7,0,0,,37,161,38,21,19,5,14,,1,30,7.2986,3.36243,2.17063,1.18752,0.185663,0.085534,0.10012903809547424,0.259235,1.40061,0.296498,0.692819,,,4.42178,0.33364,0.241204,999,,,,,,,128.5,3.472972972972973,135,3.6486486486486487,,,,,,,,,,,,,,,,,,,"Carson Whisenhunt","31676",687931
"Alex Vesia","LAD",1,1,0,3.40464,20,0,0,5,,20,84,14,8,8,2,10,,1,27,11.9546,4.49599,2.65895,0.880267,0.316246,0.118937,0.19730957597494125,0.19566,1.21683,0.27657,0.746033,,,3.32743,0.330279,0.264744,743.4199829101562,,,,,,,128,6.4,115,5.75,,,,,,,,,,,,,,,,,,,"Alex Vesia","25007",681911
"Tyler Rogers","TOR",1,1,0,3.42674,24,0,0,5,,24,98,23,10,9,2,6,,1,15,5.84815,2.27839,2.56679,0.633344,0.155458,0.0605651,0.09489255025982857,0.248074,1.21979,0.282163,0.718768,,,3.57491,0.330065,0.389936,743.280029296875,,,,,,,122.20000000000003,5.091666666666668,123,5.125,,,,,,,,,,,,,,,,,,,"Tyler Rogers","15541",643511
"Braxton Garrett","MIA",1,1,2,4.10871,7,4,0,0,,21,91,21,11,10,2,6,,2,19,7.85385,2.73891,2.86751,1.04545,0.205532,0.0716761,0.13385561853647232,0.251637,1.27755,0.29772,0.700792,,,4.00926,0.32638,0.236652,604.1099853515625,,,,,,,90.20000000000002,4.295238095238096,93,4.428571428571429,,,,,,,,,,,,,,,,,,,"Braxton Garrett","21844",666129
"Robert Gasser","MIL",2,2,2,4.48241,11,5,0,0,,29,124,28,16,15,4,9,,3,28,8.55814,2.66882,3.20672,1.36544,0.224811,0.0701063,0.15470487624406815,0.250409,1.25901,0.295791,0.685697,,,4.33877,0.326191,0.145443,748.5800170898438,,,,,,,112.60000000000004,3.8827586206896565,113,3.896551724137931,,,,,,,,,,,,,,,,,,,"Robert Gasser","29812",688107
"Pete Fairbanks","MIA",2,2,0,3.87088,20,0,9,1,,20,84,17,9,9,2,8,,1,23,10.1831,3.38755,3.00602,1.10197,0.269828,0.0897623,0.1800653263926506,0.223193,1.21665,0.28589,0.716733,,,3.7242,0.326079,0.277526,111.45999908447266,,,,,,,147.2,7.359999999999999,142,7.1,,,,,,,,,,,,,,,,,,,"Pete Fairbanks","17998",664126
"Luke Weaver","NYM",1,1,0,3.88455,22,0,2,4,,22,92,20,10,9,3,7,,1,24,9.98345,2.93092,3.40625,1.11575,0.263133,0.0772502,0.18588316440582275,0.237088,1.23959,0.30133,0.72272,,,3.58526,0.317128,0.201073,733.510009765625,,,,,,,123.9,5.631818181818182,121,5.5,,,,,,,,,,,,,,,,,,,"Luke Weaver","16918",596133
"Jacob Latz","TEX",1,1,0,4.05491,22,0,9,1,,22,94,19,11,10,2,9,,0,22,9.14689,3.76808,2.42747,0.97664,0.238413,0.0982148,0.14019836485385895,0.227598,1.28955,0.282194,0.703064,,,3.79726,0.314613,0.0878495,730.9299926757812,,,,,,,154.8,7.036363636363637,150,6.818181818181818,,,,,,,,,,,,,,,,,,,"Jacob Latz","21306",656641
"Dean Kremer","BAL",2,3,3,4.69467,13,7,0,0,,46,198,47,26,24,8,15,,1,41,7.97946,2.87527,2.77521,1.55407,0.20616,0.0742865,0.13187383860349655,0.255656,1.33133,0.289514,0.701496,,,4.6094,0.312962,0.238993,999,,,,,,,153.8,3.3434782608695657,160,3.4782608695652173,,,,,,,,,,,,,,,,,,,"Dean Kremer","19350",665152
"Andrew Alvarez","WSN",1,1,2,4.23363,9,4,0,0,,25,110,25,13,12,2,10,,1,21,7.34171,3.68556,1.99202,0.887082,0.186197,0.0934715,0.09272577613592148,0.255674,1.41352,0.300552,0.707323,,,4.12205,0.312459,0.265684,999,,,,,,,104.4,4.176,108,4.32,,,,,,,,,,,,,,,,,,,"Andrew Alvarez","29914",674841
"Walker Buehler","SDP",2,3,3,4.7498,11,8,0,0,,43,189,43,25,23,6,18,,2,39,8.01893,3.65454,2.19424,1.33267,0.203341,0.0926706,0.1106705367565155,0.256508,1.41163,0.297621,0.695811,,,4.63728,0.312353,0.188808,740.9299926757812,,,,,,,150.59999999999997,3.502325581395348,155,3.604651162790698,,,,,,,,,,,,,,,,,,,"Walker Buehler","19374",621111
"Jordan Montgomery","TEX",2,2,1,4.72277,13,4,0,0,,34,149,35,19,18,4,12,,1,28,7.30693,3.20792,2.27778,1.15842,0.187215,0.0821918,0.10502283275127411,0.255639,1.36634,0.292763,0.676127,,,4.31765,0.312038,0.204426,999,,,,,,,128.40000000000003,3.776470588235295,135,3.9705882352941178,,,,,,,,,,,,,,,,,,,"Jordan Montgomery","16511",656756
"Brooks Raley","NYM",2,1,0,3.71165,20,0,1,5,,20,84,17,9,8,1,7,,2,20,8.93633,3.26878,2.73384,0.609013,0.238396,0.0872018,0.15119397640228271,0.223901,1.19341,0.288041,0.678219,,,3.37487,0.311703,0.165404,999,,,,,,,129.5,6.475,125,6.25,,,,,,,,,,,,,,,,,,,"Brooks Raley","10061",548384
"Steven Okert","HOU",1,1,0,3.43997,20,0,1,4,,20,83,16,8,8,3,6,,1,23,10.0357,2.79163,3.59494,1.13079,0.272235,0.0757274,0.19650770723819733,0.21735,1.12087,0.275211,0.746494,,,3.61131,0.311394,0.373671,999,,,,,,,115.5,5.775,107,5.35,,,,,,,,,,,,,,,,,,,"Steven Okert","13580",595345
"Jeffrey Springs","ATH",2,3,3,4.92682,8,8,0,0,,43,187,44,26,24,8,15,,1,37,7.70849,3.10618,2.48166,1.65562,0.19712,0.0794306,0.11768937855958939,0.25887,1.37644,0.287878,0.698378,,,4.87167,0.307981,0.187996,722.25,,,,,,,131.39999999999998,3.0558139534883715,137,3.186046511627907,,,,,,,,,,,,,,,,,,,"Jeffrey Springs","17677",605488
"Randy Dobnak","KCR",2,3,3,4.82871,12,7,0,0,,46,203,50,27,24,5,18,,3,30,5.96505,3.47678,1.71568,0.975707,0.148918,0.0867981,0.06212002784013748,0.275077,1.48766,0.307165,0.677067,,,4.53411,0.307441,0.24648,999,,,,,,,145.90000000000003,3.1717391304347835,162,3.5217391304347827,,,,,,,,,,,,,,,,,,,"Randy Dobnak","23798",677976
"José Alvarado","PHI",2,1,0,3.40842,20,0,0,4,,20,84,17,8,8,2,8,,2,24,10.9879,3.39569,3.23585,0.811549,0.2914,0.0900536,0.20134613662958145,0.223102,1.21012,0.306643,0.736683,,,3.21058,0.306953,0.28217,746.0700073242188,,,,,,,113.2,5.66,108,5.4,,,,,,,,,,,,,,,,,,,"Jose Alvarado","17780",621237
"Andrew Painter","PHI",1,2,2,5.14467,6,6,0,0,,31,134,31,19,17,5,12,,1,28,8.2626,3.432,2.40752,1.54311,0.209825,0.0871542,0.1226712167263031,0.25744,1.40439,0.295239,0.672524,,,4.70674,0.306587,0.0957455,999,,,,,,,104.29999999999998,3.3645161290322574,107,3.4516129032258065,,,,,,,,,,,,,,,,,,,"Andrew Painter","30091",691725
"José A. Ferrer","SEA",1,1,0,3.59402,22,0,1,4,,22,90,19,9,9,2,7,,1,20,8.4065,2.74919,3.0578,0.627706,0.223705,0.0731586,0.15054605901241302,0.236722,1.20568,0.296698,0.696384,,,3.26599,0.306087,0.2992,999,,,,,,,125.80000000000001,5.718181818181819,121,5.5,,,,,,,,,,,,,,,,,,,"Jose A. Ferrer","24017",678606
"Gabriel Hughes","COL",2,2,2,4.67884,16,5,0,0,,32,142,35,18,17,4,11,,1,23,6.41337,3.16256,2.02791,1.05173,0.162149,0.0799588,0.08219018578529358,0.269123,1.43052,0.302568,0.68311,,,4.3584,0.300954,0.282251,999,,,,,,,106.60000000000002,3.3312500000000007,118,3.6875,,,,,,,,,,,,,,,,,,,"Gabriel Hughes","31614",687312
"Sean Newcomb","CHW",1,1,0,3.79452,22,0,2,4,,22,94,21,10,9,2,8,,2,20,8.46323,3.46935,2.43942,0.740889,0.218306,0.0894908,0.12881535291671753,0.247039,1.33639,0.307297,0.719094,,,3.6741,0.300591,0.249309,999,,,,,,,119.60000000000002,5.436363636363637,120,5.454545454545454,,,,,,,,,,,,,,,,,,,"Sean Newcomb","16943",656794
"Ryan Feltner","COL",1,3,2,5.67881,12,8,0,0,,44,196,47,30,27,7,20,,1,36,7.42749,4.05342,1.8324,1.4889,0.183192,0.0999738,0.08321839570999146,0.269919,1.53596,0.303562,0.651752,,,5.05906,0.295654,0.141758,999,,,,,,,126.30000000000003,2.870454545454546,138,3.1363636363636362,,,,,,,,,,,,,,,,,,,"Ryan Feltner","21446",663372
"Mason Montgomery","PIT",1,1,0,3.73395,21,0,3,3,,21,89,18,9,9,2,9,,1,25,10.8573,3.76799,2.88145,1.00144,0.282822,0.0981525,0.18466943502426147,0.227466,1.28567,0.303028,0.738752,,,3.50518,0.294866,0.341267,748.4400024414062,,,,,,,131,6.238095238095238,126,6,,,,,,,,,,,,,,,,,,,"Mason Montgomery","29770",682254
"Jakob Junis","TEX",1,1,0,3.87842,21,0,1,4,,21,88,20,10,9,2,5,,1,18,7.48459,2.08681,3.58661,0.854443,0.201082,0.0560646,0.14501749351620674,0.244154,1.16986,0.289188,0.676457,,,3.56251,0.29394,0.149136,999,,,,,,,117.80000000000001,5.60952380952381,118,5.619047619047619,,,,,,,,,,,,,,,,,,,"Jakob Junis","13619",596001
"Luis Severino","ATH",1,2,2,4.57627,4,4,0,0,,24,105,24,13,12,3,9,,2,21,7.81181,3.19473,2.44521,1.14762,0.201527,0.0824167,0.1191098764538765,0.252797,1.33835,0.295686,0.677394,,,4.28246,0.293604,0.24834,642.52001953125,,,,,,,87.30000000000001,3.6375000000000006,90,3.75,,,,,,,,,,,,,,,,,,,"Luis Severino","15890",622663
"Colin Rea","CHC",2,3,2,4.6562,10,6,0,0,,41,178,42,23,21,6,13,,2,31,6.83498,2.82431,2.42005,1.3624,0.176666,0.0730009,0.10366528481245041,0.259347,1.33384,0.28742,0.687663,,,4.65582,0.291288,0.249875,748.260009765625,,,,,,,137.40000000000003,3.3512195121951227,144,3.5121951219512195,,,,,,,,,,,,,,,,,,,"Colin Rea","12317",607067
"Cristian Javier","HOU",2,2,2,4.45901,16,6,0,0,,39,170,34,21,19,5,19,,2,38,8.73995,4.39262,1.98969,1.26043,0.224165,0.112663,0.11150167137384415,0.229201,1.35971,0.271786,0.705698,,,4.57561,0.289174,0.305574,470.2799987792969,,,,,,,151.70000000000002,3.88974358974359,143,3.6666666666666665,,,,,,,,,,,,,,,,,,,"Cristian Javier","17606",664299
"Tomoyuki Sugano","COL",2,4,3,5.19967,9,9,0,0,,48,212,58,30,28,9,12,,1,29,5.53671,2.26805,2.44118,1.72188,0.13857,0.0567636,0.08180633559823036,0.294796,1.47829,0.308644,0.702479,,,5.20591,0.285603,0.396262,999,,,,,,,112.70000000000005,2.3479166666666678,142,2.9583333333333335,,,,,,,,,,,,,,,,,,,"Tomoyuki Sugano","35321",608372
"Luinder Avila","KCR",2,2,3,4.58039,10,7,0,0,,37,166,36,21,19,4,18,,2,32,7.7111,4.43498,1.7387,0.989726,0.193741,0.111429,0.08231251686811447,0.24796,1.453,0.292613,0.692673,,,4.4753,0.285193,0.286117,999,,,,,,,135.00000000000003,3.6486486486486496,137,3.7027027027027026,,,,,,,,,,,,,,,,,,,"Luinder Avila","24452",679883
"Walbert Ureña","LAA",2,3,3,4.89115,8,8,0,0,,41,184,41,24,22,5,22,,3,34,7.44104,4.71281,1.5789,1.00349,0.18437,0.116771,0.06759846210479736,0.255298,1.5155,0.29875,0.680285,,,4.70356,0.282159,0.216261,999,,,,,,,128.30000000000004,3.129268292682928,133,3.2439024390243905,,,,,,,,,,,,,,,,,,,"Walbert Urena","29357",700712
"Robert Suarez","ATL",1,1,0,3.31907,14,0,1,3,,14,58,12,6,5,1,4,,0,13,8.58219,2.48071,3.45957,0.781158,0.231773,0.0669948,0.16477865725755692,0.227863,1.14444,0.282063,0.726919,,,3.23523,0.276616,0.215517,214.39999389648438,,,,,,,91.10000000000002,6.507142857142859,88,6.285714285714286,,,,,,,,,,,,,,,,,,,"Robert Suarez","30115",663158
"Connelly Early","WSN",1,1,2,4.41089,4,4,0,0,,21,90,20,11,10,3,8,,2,22,9.20866,3.35546,2.74438,1.18761,0.238609,0.0869447,0.15166474133729935,0.246843,1.31434,0.30445,0.691948,,,4.20046,0.274791,0.226633,266.4800109863281,,,,,,,80.5,3.8333333333333335,80,3.8095238095238093,,,,,,,,,,,,,,,,,,,"Connelly Early","33666",813349
"Hunter Dobbins","STL",2,2,1,4.51125,17,4,0,0,,37,159,38,20,18,5,12,,2,28,6.74001,2.87838,2.3416,1.12598,0.173492,0.0740912,0.09940061718225479,0.261216,1.35187,0.294754,0.685833,,,4.33526,0.274477,0.172336,999,,,,,,,127.50000000000001,3.4459459459459465,134,3.6216216216216215,,,,,,,,,,,,,,,,,,,"Hunter Dobbins","30240",690928
"Yennier Cano","BAL",2,1,0,3.29568,20,0,1,5,,20,85,19,8,7,2,6,,1,18,7.94343,2.60957,3.04396,0.707357,0.210264,0.0690757,0.14118776470422745,0.242398,1.22944,0.295372,0.742723,,,3.3317,0.266462,0.308733,999,,,,,,,114,5.7,114,5.7,,,,,,,,,,,,,,,,,,,"Yennier Cano","25911",666974
"Juan Morillo","ARI",2,1,0,3.53233,21,0,3,4,,21,90,19,9,8,2,10,,1,22,9.59375,4.35984,2.20048,0.747702,0.244515,0.111119,0.13339641690254211,0.234746,1.38366,0.304353,0.755157,,,3.64447,0.265298,0.354902,999,,,,,,,123.4,5.876190476190477,121,5.761904761904762,,,,,,,,,,,,,,,,,,,"Juan Morillo","21924",666661
"Tanner Gordon","COL",1,3,1,5.32641,17,4,0,0,,37,161,43,24,22,7,8,,1,29,6.96136,2.04746,3.4,1.70096,0.177517,0.0522109,0.12530623003840446,0.283338,1.39133,0.309954,0.663902,,,4.76869,0.263064,0.185725,999,,,,,,,106.90000000000002,2.8891891891891897,125,3.3783783783783785,,,,,,,,,,,,,,,,,,,"Tanner Gordon","27669",685299
"Kendry Rojas","MIN",1,2,1,4.43678,16,4,0,0,,29,128,28,16,14,3,13,,2,28,8.59783,4.15041,2.07156,0.922313,0.21693,0.104718,0.11221203207969666,0.249521,1.43128,0.306573,0.695317,,,4.07894,0.2621,0.182384,999,,,,,,,115.90000000000002,3.9965517241379316,117,4.0344827586206895,,,,,,,,,,,,,,,,,,,"Kendry Rojas","29423",696070
"Joe Boyle","TBR",1,1,1,4.1949,9,3,0,0,,22,95,18,11,10,2,12,,1,24,10.0455,4.95359,2.02793,0.92221,0.256033,0.126254,0.12977953255176544,0.221568,1.38188,0.287684,0.706743,,,4.02974,0.256461,0.218272,713.1400146484375,,,,,,,100.40000000000002,4.563636363636364,93,4.2272727272727275,,,,,,,,,,,,,,,,,,,"Joe Boyle","29608",671212
"Keider Montero","DET",2,2,1,4.28297,20,3,0,1,,34,146,35,18,16,4,10,,2,27,7.07805,2.70208,2.61948,1.17625,0.183781,0.0701594,0.11362183094024658,0.257583,1.31363,0.292566,0.704336,,,4.27089,0.254891,0.255004,999,,,,,,,133.40000000000003,3.923529411764707,140,4.117647058823529,,,,,,,,,,,,,,,,,,,"Keider Montero","22630",672456
"Peyton Gray","TEX",2,2,0,4.03467,21,0,1,5,,21,87,19,10,9,3,7,,1,22,9.38076,3.01684,3.10947,1.09784,0.247548,0.0796111,0.16793710738420486,0.235423,1.2368,0.292494,0.703099,,,3.75336,0.251728,0.124892,999,,,,,,,114.1,5.433333333333333,111,5.285714285714286,,,,,,,,,,,,,,,,,,,"Peyton Gray","25310",682608
"Jake Irvin","WSN",2,3,3,4.8099,10,7,0,0,,39,170,40,23,21,6,14,,2,32,7.39565,3.1593,2.34091,1.44449,0.190018,0.0811727,0.10884518921375275,0.257034,1.35728,0.288395,0.685491,,,4.78183,0.250546,0.164238,999,,,,,,,126.80000000000001,3.2512820512820517,133,3.41025641025641,,,,,,,,,,,,,,,,,,,"Jake Irvin","21504",663623
"Chad Patrick","MIL",2,2,1,4.40065,22,2,0,4,,32,136,30,17,16,4,11,,1,30,8.46585,3.11743,2.71565,1.25121,0.220779,0.0812987,0.1394798830151558,0.243212,1.28989,0.287348,0.69245,,,4.1795,0.249237,0.195088,288.6499938964844,,,,,,,149.60000000000002,4.675000000000001,148,4.625,,,,,,,,,,,,,,,,,,,"Chad Patrick","30113",694477
"Rhett Lowder","CIN",1,2,1,4.75204,9,4,0,0,,24,103,24,14,13,3,9,,1,19,7.22611,3.27286,2.20789,1.12241,0.185431,0.0839855,0.10144536942243576,0.255115,1.36326,0.292544,0.664057,,,4.36015,0.249212,0.0808987,552.219970703125,,,,,,,86.30000000000001,3.5958333333333337,89,3.7083333333333335,,,,,,,,,,,,,,,,,,,"Rhett Lowder","33876",695076
"Jonathan Loáisiga","ARI",1,1,0,3.20066,20,0,2,4,,20,84,19,8,7,2,5,,1,16,7.28384,2.30079,3.1658,0.71527,0.192937,0.0609441,0.1319928877055645,0.249637,1.22906,0.296938,0.753721,,,3.4104,0.2408,0.336433,999,,,,,,,114,5.7,114,5.7,,,,,,,,,,,,,,,,,,,"Jonathan Loaisiga","19753",642528
"Aaron Ashby","MIL",2,1,0,3.75406,23,0,1,5,,23,99,19,10,9,2,12,,1,26,10.2322,4.61376,2.21775,0.748697,0.261294,0.117819,0.1434745118021965,0.227566,1.37287,0.303527,0.731834,,,3.63019,0.240549,0.267504,999,,,,,,,134.20000000000002,5.834782608695653,127,5.521739130434782,,,,,,,,,,,,,,,,,,,"Aaron Ashby","23550",676879
"Daniel Palencia","CHC",1,1,0,3.68699,17,0,8,2,,17,70,14,7,7,2,7,,1,19,10.1737,3.66112,2.77885,0.962216,0.268792,0.0967278,0.17206384241580963,0.219723,1.22885,0.285599,0.726078,,,3.63125,0.240194,0.300513,91.05999755859375,,,,,,,126.80000000000001,7.458823529411766,121,7.117647058823529,,,,,,,,,,,,,,,,,,,"Daniel Palencia","27914",694037
"Bradgley Rodriguez","SDP",1,1,0,3.71643,20,0,0,4,,20,84,17,9,8,1,8,,1,19,8.75843,3.58009,2.44643,0.648435,0.230896,0.0943809,0.13651520013809204,0.224805,1.2433,0.284792,0.695408,,,3.46083,0.239397,0.13022,999,,,,,,,118.49999999999999,5.924999999999999,114,5.7,,,,,,,,,,,,,,,,,,,"Bradgley Rodriguez","29107",699134
"Evan Phillips","LAD",2,1,0,3.89043,20,0,0,6,,20,84,18,10,9,3,6,,1,22,9.81084,2.58254,3.79891,1.37548,0.264171,0.0695386,0.19463247060775757,0.227305,1.15189,0.27792,0.72717,,,3.88012,0.239364,0.0746797,999,,,,,,,111.3,5.5649999999999995,108,5.4,,,,,,,,,,,,,,,,,,,"Evan Phillips","17734",623465
"Emilio Pagán","CIN",1,1,0,4.30977,22,0,9,1,,22,92,19,11,11,4,7,,1,23,9.48742,2.98404,3.17939,1.49202,0.252878,0.0795368,0.17334165424108505,0.22702,1.1949,0.27006,0.700446,,,4.25373,0.238425,0.195352,111.94000244140625,,,,,,,135.20000000000002,6.145454545454546,129,5.863636363636363,,,,,,,,,,,,,,,,,,,"Emilio Pagan","14771",641941
"Logan Allen","CLE",2,2,2,4.29859,13,4,0,0,,29,128,29,15,14,4,11,,1,25,7.73641,3.51451,2.20128,1.17338,0.196947,0.0894692,0.10747735947370529,0.255147,1.39574,0.296578,0.722532,,,4.35983,0.230677,0.2495,999,,,,,,,104.00000000000003,3.586206896551725,107,3.689655172413793,,,,,,,,,,,,,,,,,,,"Logan Allen","27589",671106
"Colin Holderman","CLE",2,1,0,3.5944,20,0,0,6,,20,85,18,9,8,2,8,,2,20,9.1552,3.73234,2.45294,0.69158,0.237951,0.0970063,0.1409444659948349,0.234784,1.30157,0.301877,0.726524,,,3.56712,0.225131,0.186565,999,,,,,,,110.60000000000001,5.53,108,5.4,,,,,,,,,,,,,,,,,,,"Colin Holderman","22361",670059
"Kirby Yates","LAA",2,1,0,3.65914,20,0,2,4,,20,84,16,9,8,2,9,,2,25,11.1626,4.12617,2.70533,0.918363,0.294089,0.108707,0.185381717979908,0.212367,1.2369,0.291149,0.726639,,,3.6113,0.216386,0.212635,269.42999267578125,,,,,,,124.80000000000001,6.24,117,5.85,,,,,,,,,,,,,,,,,,,"Kirby Yates","9073",489446
"Sam Hentges","SFG",1,1,0,3.41301,19,0,0,4,,19,82,17,8,7,1,8,,1,19,8.92603,3.86975,2.30662,0.444953,0.232597,0.100839,0.13175834715366364,0.228811,1.29146,0.298126,0.719381,,,3.26553,0.214519,0.151513,999,,,,,,,111.09999999999998,5.84736842105263,109,5.7368421052631575,,,,,,,,,,,,,,,,,,,"Sam Hentges","18548",656529
"Erik Miller","SFG",1,1,0,3.49407,21,0,7,3,,21,94,17,9,8,2,13,,1,25,10.4513,5.41011,1.93182,0.670675,0.264175,0.136749,0.12742553651332855,0.216967,1.41636,0.293744,0.757885,,,3.6711,0.21401,0.307086,999,,,,,,,141.60000000000002,6.742857142857144,134,6.380952380952381,,,,,,,,,,,,,,,,,,,"Erik Miller","26252",669062
"Jordan Romano","COL",1,2,0,4.95421,20,0,3,3,,20,87,20,12,11,3,9,,1,22,9.86877,3.90055,2.5301,1.15979,0.247737,0.0979162,0.1498212367296219,0.259003,1.44866,0.328966,0.670472,,,4.11078,0.213796,0.0140129,688.9600219726562,,,,,,,100.1,5.005,102,5.1,,,,,,,,,,,,,,,,,,,"Jordan Romano","16122",605447
"Noah Schultz","CHW",1,2,3,5.02229,7,7,0,0,,29,130,29,18,16,4,14,,3,26,8.04633,4.28688,1.87697,1.18365,0.20153,0.10737,0.09415997564792633,0.256785,1.46552,0.303422,0.670334,,,4.78332,0.213389,0.0391295,999,,,,,,,91.00000000000003,3.13793103448276,94,3.2413793103448274,,,,,,,,,,,,,,,,,,,"Noah Schultz","32056",702273
"Andrew Morris","MIN",1,1,0,3.92545,21,0,1,4,,21,89,21,10,9,2,6,,1,18,7.68033,2.62226,2.9289,0.938239,0.2004,0.0684215,0.13197824358940125,0.253989,1.29061,0.300678,0.713331,,,3.73054,0.211969,0.180146,999,,,,,,,112.20000000000002,5.342857142857143,115,5.476190476190476,,,,,,,,,,,,,,,,,,,"Andrew Morris","31891",702193
"Justin Slaten","BOS",2,2,0,3.86511,22,0,0,6,,22,91,20,10,9,3,7,,0,22,9.28778,2.88953,3.21429,1.12227,0.245395,0.0763451,0.16904975473880768,0.235487,1.23205,0.289945,0.723658,,,3.67731,0.211051,0.256875,999,,,,,,,120.9,5.495454545454546,118,5.363636363636363,,,,,,,,,,,,,,,,,,,"Justin Slaten","25648",686580
"Michael Petersen","MIA",0,0,0,3.95704,21,0,1,4,,21,89,19,10,9,3,8,,1,22,9.46266,3.69913,2.55807,1.14223,0.243523,0.0951976,0.14832493662834167,0.241979,1.34249,0.30121,0.742256,,,4.061,0.207584,0.192892,999,,,,,,,107.1,5.1,104,4.9523809523809526,,,,,,,,,,,,,,,,,,,"Michael Petersen","20827",656848
"Kevin Ginkel","ARI",2,1,0,3.77614,20,0,1,4,,20,83,18,9,8,2,7,,0,20,9.04353,3.04908,2.96599,0.871165,0.236952,0.0798897,0.15706201642751694,0.239692,1.26796,0.299967,0.716949,,,3.45082,0.204065,0.17525,556.52001953125,,,,,,,116.60000000000001,5.83,114,5.7,,,,,,,,,,,,,,,,,,,"Kevin Ginkel","19876",656464
"Max Scherzer","TOR",2,3,3,4.85728,11,7,0,0,,39,166,38,23,21,8,13,,2,36,8.29263,2.96217,2.79951,1.79613,0.215156,0.0768548,0.13830114156007767,0.251335,1.31223,0.28078,0.702537,,,4.97426,0.203454,0.197425,546.9299926757812,,,,,,,118.40000000000002,3.035897435897436,118,3.0256410256410255,,,,,,,,,,,,,,,,,,,"Max Scherzer","3137",453286
"Ryan Johnson","LAA",1,2,1,4.95353,11,4,0,0,,27,116,28,16,15,4,9,,1,24,8.18244,3.17456,2.5775,1.48411,0.207266,0.0804137,0.1268526390194893,0.265073,1.41565,0.305881,0.689909,,,4.56473,0.202715,0.00537933,999,,,,,,,95.80000000000003,3.548148148148149,101,3.740740740740741,,,,,,,,,,,,,,,,,,,"Ryan Johnson","35325",696270
"Hayden Wesneski","HOU",2,2,2,4.41351,16,4,0,0,,35,147,33,18,17,5,12,,2,31,8.16732,3.14437,2.59744,1.32606,0.212906,0.0819675,0.13093841820955276,0.243942,1.29275,0.283046,0.69925,,,4.3956,0.202099,0.151504,999,,,,,,,131.7,3.7628571428571425,130,3.7142857142857144,,,,,,,,,,,,,,,,,,,"Hayden Wesneski","27581",669713
"JP Sears","SDP",2,4,3,4.83233,13,7,0,0,,42,179,41,25,23,8,13,,2,37,7.80821,2.72962,2.86055,1.68786,0.204139,0.0713635,0.1327754259109497,0.251446,1.28181,0.278863,0.685006,,,4.88773,0.200658,0.067816,999,,,,,,,134.8,3.2095238095238097,135,3.2142857142857144,,,,,,,,,,,,,,,,,,,"JP Sears","23429",676664
"Corbin Burnes","ARI",1,0,1,3.19355,2,2,0,0,,10,40,8,4,3,1,3,,0,9,8.36129,2.7871,3,0.870968,0.227129,0.0757098,0.15141954272985458,0.227586,1.16129,0.27791,0.761006,,,3.55489,0.19723,0.242658,738.0999755859375,,,,,,,49.900000000000006,4.99,46,4.6,,,,,,,,,,,,,,,,,,,"Corbin Burnes","19361",669203
"Kevin Kelly","TBR",2,1,0,3.66591,21,0,1,6,,21,86,19,9,9,2,4,,2,18,7.85736,1.9203,4.09174,0.960148,0.213745,0.0522381,0.1615067906677723,0.239726,1.11768,0.285627,0.697016,,,3.68718,0.196591,0.274874,999,,,,,,,128.4,6.114285714285715,126,6,,,,,,,,,,,,,,,,,,,"Kevin Kelly","25679",687330
"Zac Gallen","ARI",2,2,2,4.27385,4,4,0,0,,24,102,23,12,11,3,8,,1,20,7.37072,2.84681,2.58912,1.30808,0.192506,0.0743518,0.11815398186445236,0.248952,1.28774,0.281195,0.711613,,,4.41781,0.193343,0.329174,222.69000244140625,,,,,,,93.90000000000002,3.912500000000001,94,3.9166666666666665,,,,,,,,,,,,,,,,,,,"Zac Gallen","19291",668678
"Ronel Blanco","HOU",2,3,2,4.50579,13,6,0,0,,42,181,38,23,21,7,19,,1,41,8.88293,4.01187,2.21416,1.55504,0.227488,0.102743,0.12474582344293594,0.237357,1.36565,0.275099,0.731006,,,4.77128,0.192809,0.281635,999,,,,,,,147.90000000000003,3.5214285714285722,141,3.357142857142857,,,,,,,,,,,,,,,,,,,"Ronel Blanco","19407",669854
"Hunter Gaddis","CLE",1,1,0,3.73626,21,0,1,5,,21,89,19,10,9,3,7,,1,21,8.77135,2.96947,2.95385,1.08119,0.232569,0.0787342,0.15383461117744446,0.2336,1.21933,0.283588,0.730719,,,3.87197,0.192651,0.152362,999,,,,,,,112.1,5.338095238095238,109,5.190476190476191,,,,,,,,,,,,,,,,,,,"Hunter Gaddis","25636",683769
"Grant Wolfram","BAL",2,1,0,3.69849,20,0,1,4,,20,86,19,9,8,2,8,,2,20,9.21801,3.62659,2.54179,0.773393,0.237585,0.0934717,0.1441134363412857,0.243704,1.33696,0.311519,0.731747,,,3.61371,0.189062,0.149755,999,,,,,,,105,5.25,105,5.25,,,,,,,,,,,,,,,,,,,"Grant Wolfram","21623",664991
"Eduard Bazardo","SEA",1,1,0,3.58013,20,0,0,5,,20,84,18,9,8,2,6,,1,20,8.95679,2.87723,3.11299,0.950948,0.239434,0.0769143,0.16251938045024872,0.227688,1.18485,0.28141,0.725671,,,3.56307,0.188015,0.122896,999,,,,,,,115.60000000000001,5.78,113,5.65,,,,,,,,,,,,,,,,,,,"Eduard Bazardo","20997",660825
"AJ Smith-Shawver","ATL",1,1,1,3.94766,9,3,0,0,,17,73,16,8,7,2,7,,0,18,9.79934,3.60616,2.71739,1.07793,0.252738,0.0930076,0.15973053872585297,0.23979,1.33189,0.303359,0.734506,,,3.76301,0.187756,0.201531,999,,,,,,,74.60000000000002,4.388235294117648,74,4.352941176470588,,,,,,,,,,,,,,,,,,,"AJ Smith-Shawver","29960",700363
"Juan Mejia","COL",1,2,0,4.48433,21,0,2,3,,21,90,19,11,10,2,10,,2,21,9.30335,4.42155,2.10409,0.98622,0.235989,0.112157,0.12383171916007996,0.240919,1.40534,0.303489,0.68994,,,4.22561,0.185394,0.2209,748.510009765625,,,,,,,109.4,5.20952380952381,107,5.095238095238095,,,,,,,,,,,,,,,,,,,"Juan Mejia","23237",675848
"Riley O'Brien","STL",1,1,0,3.68874,22,0,9,2,,22,93,19,10,9,2,10,,3,23,9.58334,4.18856,2.28798,0.674348,0.247497,0.108172,0.1393241584300995,0.233957,1.32703,0.309346,0.721306,,,3.81257,0.184936,0.235772,264.0400085449219,,,,,,,148.8,6.7636363636363654,144,6.545454545454546,,,,,,,,,,,,,,,,,,,"Riley O'Brien","20348",676617
"Griffin Canning","SDP",2,3,2,4.85076,12,6,0,0,,39,171,38,23,21,7,17,,1,37,8.55176,3.7911,2.25575,1.54149,0.217727,0.0965211,0.12120610475540161,0.248423,1.39217,0.286931,0.699708,,,4.80313,0.184136,0.0630983,999,,,,,,,123.70000000000003,3.1717948717948725,124,3.1794871794871793,,,,,,,,,,,,,,,,,,,"Griffin Canning","19867",656288
"Bryan Abreu","HOU",1,1,0,3.55004,20,0,0,5,,20,85,15,9,8,2,11,,1,26,11.9208,4.74981,2.50973,1.02562,0.309454,0.123302,0.18615267425775528,0.208327,1.29626,0.290852,0.763172,,,3.71594,0.182542,0.193402,181.6999969482422,,,,,,,120.4,6.0200000000000005,110,5.5,,,,,,,,,,,,,,,,,,,"Bryan Abreu","16609",650556
"Ryan Gusto","MIA",1,1,1,4.49153,12,3,0,0,,23,99,23,12,11,3,8,,1,19,7.52347,3.32229,2.26454,1.15937,0.191011,0.0843486,0.10666222870349884,0.26201,1.4082,0.303315,0.705088,,,4.34459,0.175294,0.119998,999,,,,,,,84.50000000000001,3.6739130434782616,87,3.782608695652174,,,,,,,,,,,,,,,,,,,"Ryan Gusto","26440",687473
"Adrian Houser","SFG",2,2,1,4.57657,13,4,0,0,,33,143,35,18,17,4,11,,2,23,6.30004,3.02995,2.07925,1.14824,0.160247,0.0770698,0.08317767828702927,0.268092,1.40476,0.297963,0.694888,,,4.52089,0.174924,0.168929,743.219970703125,,,,,,,111.00000000000006,3.3636363636363655,120,3.6363636363636362,,,,,,,,,,,,,,,,,,,"Adrian Houser","12718",605288
"Calvin Faucher","MIA",2,2,0,3.73931,20,0,1,5,,20,90,19,9,8,1,11,,1,20,9.08597,4.86411,1.86796,0.623362,0.227791,0.121946,0.10584457963705063,0.238566,1.45731,0.306612,0.739302,,,3.75722,0.173371,0.218102,999,,,,,,,115.29999999999998,5.764999999999999,116,5.8,,,,,,,,,,,,,,,,,,,"Calvin Faucher","20116",676534
"Bryan Hudson","CHW",1,1,0,4.35697,21,0,1,4,,21,92,20,11,10,2,9,,1,20,8.60342,3.75445,2.29153,0.8755,0.219889,0.0959574,0.12393162399530411,0.247469,1.37533,0.305426,0.685254,,,3.88891,0.171448,0.0236895,999,,,,,,,109.80000000000001,5.2285714285714295,110,5.238095238095238,,,,,,,,,,,,,,,,,,,"Bryan Hudson","19924",663542
"Jonathan Bowlan","PHI",1,1,0,4.20398,21,0,0,5,,21,88,20,10,10,3,7,,1,21,9.30492,2.90301,3.20526,1.25288,0.242949,0.0757969,0.16715212911367416,0.246479,1.2817,0.301636,0.712154,,,3.94413,0.17119,0.165623,999,,,,,,,104.5,4.976190476190476,104,4.9523809523809526,,,,,,,,,,,,,,,,,,,"Jonathan Bowlan","24607",680742
"Justin Verlander","DET",1,1,2,4.76079,4,4,0,0,,19,84,20,11,10,3,7,,1,16,7.58562,3.16522,2.39655,1.44921,0.194323,0.0810842,0.11323832720518112,0.257706,1.36927,0.290877,0.694414,,,4.68358,0.170826,0.101907,658.8499755859375,,,,,,,59.69999999999999,3.142105263157894,64,3.3684210526315788,,,,,,,,,,,,,,,,,,,"Justin Verlander","8700",434378
"Jacob Webb","CHC",1,1,0,4.0208,21,0,2,4,,21,88,18,10,9,3,8,,1,21,9.21219,3.33226,2.76455,1.19891,0.244692,0.0885104,0.15618108958005905,0.222203,1.2103,0.269399,0.707848,,,4.00205,0.1691,0.147653,999,,,,,,,112.7,5.366666666666667,107,5.095238095238095,,,,,,,,,,,,,,,,,,,"Jacob Webb","19274",657097
"Mitch Bratt","ARI",1,1,1,4.30867,8,3,0,0,,19,80,19,10,9,3,5,,1,16,7.64251,2.6135,2.92424,1.30015,0.197727,0.0676164,0.13011042773723602,0.261832,1.32674,0.300863,0.717095,,,4.29915,0.168386,0.130774,999,,,,,,,68.29999999999998,3.594736842105262,70,3.6842105263157894,,,,,,,,,,,,,,,,,,,"Mitch Bratt","30003",683352
"JoJo Romero","STL",1,1,0,3.60488,18,0,2,4,,18,78,16,8,7,2,7,,1,18,8.99746,3.49087,2.57743,0.870426,0.236247,0.0916599,0.14458681643009186,0.230657,1.25921,0.288909,0.733075,,,3.72971,0.164857,0.20547,479.0799865722656,,,,,,,105.00000000000003,5.833333333333335,102,5.666666666666667,,,,,,,,,,,,,,,,,,,"JoJo Romero","19574",668941
"Garrett Crochet","BOS",1,0,1,3.05176,1,1,0,0,,6,27,6,2,2,1,2,,0,8,11.0703,2.47116,4.4798,0.944364,0.299387,0.0668305,0.23255671560764313,0.225006,1.12932,0.304332,0.774365,,,2.94285,0.163545,0.198722,12.239999771118164,,,,,,,26.500000000000007,4.416666666666668,27,4.5,,,,,,,,,,,,,,,,,,,"Garrett Crochet","27463",676979
"Spencer Schwellenbach","ATL",0,0,1,3.39214,1,1,0,0,,7,27,6,3,3,1,1,,0,7,8.80513,1.65998,5.30435,1.0826,0.244,0.046,0.1979999877512455,0.235169,1.07458,0.286567,0.734513,,,3.3904,0.157931,0.1473,743.1900024414062,,,,,,,34.90000000000001,4.9857142857142875,33,4.714285714285714,,,,,,,,,,,,,,,,,,,"Spencer Schwellenbach","31846",680885
"Huascar Brazobán","NYM",1,1,0,4.05978,20,0,0,4,,20,86,18,10,9,2,9,,1,20,8.91578,4.16529,2.1405,0.774537,0.228857,0.106918,0.12193930894136429,0.233957,1.35562,0.294496,0.700576,,,3.78482,0.155984,0.0293223,999,,,,,,,102.60000000000001,5.130000000000001,100,5,,,,,,,,,,,,,,,,,,,"Huascar Brazoban","6107",623211
"Brock Stewart","LAD",1,1,0,4.19742,19,0,0,4,,19,83,17,10,9,2,8,,1,22,10.1404,3.71177,2.73196,1.14797,0.26349,0.0964472,0.16704261302947998,0.232257,1.29893,0.296159,0.706912,,,3.89204,0.154314,0.000334367,999,,,,,,,104.8,5.515789473684211,102,5.368421052631579,,,,,,,,,,,,,,,,,,,"Brock Stewart","16727",592779
"Tyler Wells","BAL",1,1,0,4.17489,21,0,3,3,,21,86,19,11,10,3,5,,1,19,8.23349,2.3197,3.54938,1.36748,0.221743,0.0624737,0.15926943719387054,0.234331,1.15703,0.269712,0.691314,,,4.11922,0.153211,0.00429453,748.469970703125,,,,,,,116.1,5.5285714285714285,113,5.380952380952381,,,,,,,,,,,,,,,,,,,"Tyler Wells","20000",669330
"Didier Fuentes","ATL",2,1,0,3.83641,20,0,0,4,,20,84,18,9,9,2,6,,1,21,9.31812,2.88277,3.23235,1.0441,0.246068,0.0761269,0.1699414774775505,0.239252,1.2341,0.299016,0.719211,,,3.71167,0.151704,0.132526,600.4400024414062,,,,,,,113.60000000000001,5.680000000000001,111,5.55,,,,,,,,,,,,,,,,,,,"Didier Fuentes","30661",800311
"Keaton Winn","SFG",1,1,0,4.11944,21,1,1,4,,22,97,22,11,10,2,8,,2,19,7.80038,3.09406,2.52108,0.866708,0.201479,0.0799176,0.12156142294406891,0.254499,1.33316,0.305373,0.697334,,,3.87081,0.149344,0.0630548,999,,,,,,,110.00000000000001,5.000000000000001,113,5.136363636363637,,,,,,,,,,,,,,,,,,,"Keaton Winn","23499",676775
"Tyler Alexander","TEX",1,2,0,4.46747,20,1,0,4,,23,97,23,12,11,3,6,,1,19,7.50047,2.34035,3.20485,1.14179,0.197571,0.0616476,0.13592374697327614,0.252673,1.25147,0.291737,0.662956,,,3.97535,0.149279,0.0399981,999,,,,,,,106.50000000000001,4.630434782608696,109,4.739130434782608,,,,,,,,,,,,,,,,,,,"Tyler Alexander","17735",641302
"Ryne Nelson","ARI",1,1,1,4.34574,3,3,0,0,,18,76,18,9,9,3,5,,1,15,7.38102,2.41342,3.05832,1.4613,0.193823,0.0633758,0.13044752180576324,0.253981,1.26489,0.283608,0.713242,,,4.50065,0.146851,0.24688,251.42999267578125,,,,,,,61.500000000000014,3.4166666666666674,63,3.5,,,,,,,,,,,,,,,,,,,"Ryne Nelson","26253",669194
"Tyler Holton","DET",1,1,0,3.6983,20,0,1,5,,20,83,18,9,8,2,5,,1,16,7.20017,2.13845,3.367,1.05843,0.196341,0.0583133,0.13802769407629967,0.229668,1.1104,0.261981,0.701814,,,3.86174,0.146076,0.202544,999,,,,,,,115.60000000000001,5.78,113,5.65,,,,,,,,,,,,,,,,,,,"Tyler Holton","26231",663947
"Mason Fluharty","TOR",1,1,0,3.97046,20,0,1,4,,20,85,17,10,9,2,8,,1,22,10.0304,3.57414,2.80637,1.09502,0.263026,0.0937246,0.16930147260427475,0.227906,1.26076,0.290593,0.716452,,,3.80567,0.145895,0.0549971,999,,,,,,,117.2,5.86,112,5.6,,,,,,,,,,,,,,,,,,,"Mason Fluharty","31553",689254
"David Sandlin","CHW",1,2,1,5.05305,7,3,0,0,,22,97,24,13,12,4,8,,0,19,7.78737,3.3538,2.32195,1.52148,0.195872,0.0843564,0.1115151196718216,0.267159,1.44792,0.30303,0.691561,,,4.75481,0.14573,0.0888527,999,,,,,,,65.20000000000002,2.9636363636363643,72,3.272727272727273,,,,,,,,,,,,,,,,,,,"David Sandlin","31743",689818
"Jose Quintana","COL",1,1,1,4.93841,3,3,0,0,,16,73,18,10,9,2,7,,1,10,5.59504,3.90946,1.43115,1.15816,0.137492,0.0960707,0.0414213165640831,0.277813,1.55926,0.301996,0.69816,,,4.95661,0.141772,0.132087,999,,,,,,,43.000000000000014,2.687500000000001,50,3.125,,,,,,,,,,,,,,,,,,,"Jose Quintana","11423",500779
"Gabe Speier","SEA",1,1,0,3.69534,20,0,0,4,,20,83,17,9,8,2,7,,1,22,9.86045,2.9352,3.35938,1.03191,0.263,0.0782883,0.1847115084528923,0.229503,1.19068,0.293294,0.72259,,,3.6053,0.139985,0.0991478,999,,,,,,,115.2,5.76,110,5.5,,,,,,,,,,,,,,,,,,,"Gabe Speier","17170",642100
"Cody Bradford","TEX",2,2,1,4.5,16,2,0,0,,23,98,23,13,12,3,5,,1,19,7.22368,2.01316,3.58824,1.30263,0.193038,0.0537975,0.13924050331115723,0.249158,1.19737,0.28,0.661376,,,4.13604,0.139681,0.0453052,999,,,,,,,93.50000000000001,4.065217391304349,96,4.173913043478261,,,,,,,,,,,,,,,,,,,"Cody Bradford","27597",674003
"Michael Grove","TBR",1,1,0,4.40984,13,1,0,0,,18,75,17,9,9,2,6,,1,17,8.82446,2.88127,3.0627,1.02742,0.229369,0.0748912,0.15447800606489182,0.251627,1.30255,0.309033,0.67379,,,3.74436,0.138841,-0.00709345,999,,,,,,,77.40000000000002,4.300000000000001,77,4.277777777777778,,,,,,,,,,,,,,,,,,,"Michael Grove","23221",675627
"Enyel De Los Santos","HOU",1,1,0,3.82446,20,0,0,4,,20,81,17,9,8,3,6,,1,19,8.92711,2.74616,3.25076,1.23451,0.238529,0.0733762,0.16515260189771652,0.230675,1.18688,0.276446,0.728747,,,3.91687,0.137948,0.157902,999,,,,,,,99.89999999999999,4.994999999999999,94,4.7,,,,,,,,,,,,,,,,,,,"Enyel De Los Santos","18403",660853
"Andrew Kittredge","BAL",2,1,0,3.81341,21,0,4,3,,21,87,20,9,9,3,5,,0,20,8.51791,2.2774,3.7402,1.30615,0.225248,0.0602236,0.16502439975738525,0.248617,1.23137,0.293018,0.749679,,,3.90359,0.134139,0.316368,745.8499755859375,,,,,,,123.5,5.880952380952381,123,5.857142857142857,,,,,,,,,,,,,,,,,,,"Andrew Kittredge","12828",552640
"Spencer Arrighetti","HOU",1,2,2,4.60121,7,4,0,0,,24,105,22,13,12,3,12,,2,25,9.36262,4.63727,2.01899,1.29533,0.236579,0.117177,0.11940229684114456,0.239881,1.42188,0.293881,0.709759,,,4.75335,0.133887,0.134592,728.3099975585938,,,,,,,91.50000000000001,3.8125000000000004,89,3.7083333333333335,,,,,,,,,,,,,,,,,,,"Spencer Arrighetti","29921",681293
"Jovani Morán","BOS",1,1,0,3.99128,19,0,0,4,,19,84,17,9,9,2,9,,0,23,10.4792,4.20072,2.49462,0.824334,0.269001,0.107832,0.1611689329147339,0.230013,1.3495,0.306426,0.710295,,,3.44347,0.133847,0.0966039,999,,,,,,,106.8,5.621052631578947,104,5.473684210526316,,,,,,,,,,,,,,,,,,,"Jovani Moran","20422",663558
"Erick Fedde","CHW",1,4,3,5.4722,7,7,0,0,,40,179,45,26,24,7,16,,1,29,6.5941,3.50471,1.8815,1.57648,0.163932,0.0871284,0.07680360972881317,0.274958,1.50386,0.29863,0.66975,,,5.17026,0.133385,-0.0470758,999,,,,,,,99.9,2.4975,116,2.9,,,,,,,,,,,,,,,,,,,"Erick Fedde","17425",607200
"Caleb Ferguson","CIN",1,1,0,4.90742,21,0,1,5,,21,93,21,13,12,2,9,,2,20,8.35184,3.72447,2.24242,1.01576,0.212762,0.0948805,0.1178818941116333,0.252667,1.39039,0.305825,0.647287,,,4.21076,0.132683,-0.144051,999,,,,,,,108.20000000000002,5.152380952380954,111,5.285714285714286,,,,,,,,,,,,,,,,,,,"Caleb Ferguson","19349",657571
"Tim Mayza","PHI",1,1,0,3.74413,19,0,0,4,,19,82,19,9,8,2,5,,0,18,8.55001,2.51807,3.39545,1.08735,0.223714,0.0658862,0.1578274890780449,0.25258,1.2756,0.304692,0.744186,,,3.69219,0.131806,0.0975234,999,,,,,,,103.6,5.4526315789473685,106,5.578947368421052,,,,,,,,,,,,,,,,,,,"Tim Mayza","15042",641835
"Randy Vásquez","SDP",2,3,1,4.78281,21,4,0,1,,39,167,40,22,20,5,13,,2,26,6.16491,3.09096,1.9945,1.27125,0.157951,0.0791935,0.07875782251358032,0.262136,1.374,0.286398,0.677037,,,4.79197,0.128582,-0.0302908,721.1699829101562,,,,,,,134.10000000000002,3.438461538461539,141,3.6153846153846154,,,,,,,,,,,,,,,,,,,"Randy Vasquez","24719",681190
"Mason Barnett","ATH",1,2,1,4.91691,17,3,0,0,,31,138,31,19,17,4,14,,2,27,7.85463,3.99493,1.96615,1.27905,0.197774,0.100589,0.09718425571918488,0.255284,1.44302,0.295629,0.682598,,,4.7087,0.12849,0.0799779,999,,,,,,,105.6,3.4064516129032256,109,3.5161290322580645,,,,,,,,,,,,,,,,,,,"Mason Barnett","31741",686930
"Dylan Smith","SFG",1,1,0,4.42054,20,0,2,5,,20,89,20,11,10,2,8,,1,19,8.23692,3.4784,2.36802,1.01863,0.209688,0.0885499,0.1211380735039711,0.256512,1.39385,0.30847,0.696107,,,4.06314,0.127583,-0.0733447,999,,,,,,,112.4,5.62,115,5.75,,,,,,,,,,,,,,,,,,,"Dylan Smith","30145",681916
"A.J. Minter","NYM",2,1,0,3.71866,19,0,0,4,,19,79,17,9,8,3,5,,0,20,9.4587,2.47438,3.82266,1.19453,0.253849,0.0664064,0.18744273483753204,0.232278,1.16675,0.28583,0.731585,,,3.63521,0.127385,0.0605833,999,,,,,,,100.49999999999999,5.289473684210526,97,5.105263157894737,,,,,,,,,,,,,,,,,,,"A.J. Minter","18655",621345
"Lance McCullers Jr.",,1,1,1,4.41331,3,3,0,0,,13,56,11,7,6,2,7,,1,13,9.23459,4.88578,1.89009,1.17365,0.233263,0.123413,0.10984952747821808,0.232341,1.42388,0.284815,0.717685,,,4.57344,0.12705,0.121393,999,,,,,,,44.99999999999999,3.461538461538461,41,3.1538461538461537,,,,,,,,,,,,,,,,,,,"Lance McCullers Jr.","14120",621121
"Coleman Crow","MIL",1,1,1,4.25991,6,2,0,0,,12,52,12,6,6,2,4,,1,10,7.25202,2.68624,2.69969,1.13936,0.189753,0.070287,0.11946608126163483,0.253116,1.28046,0.290237,0.69431,,,4.24447,0.126645,0.103217,999,,,,,,,38.000000000000014,3.166666666666668,39,3.25,,,,,,,,,,,,,,,,,,,"Coleman Crow","27926",689441
"Alan Rangel","PHI",1,1,1,5.14406,7,2,0,0,,16,72,17,10,9,3,6,,0,14,7.72272,3.25367,2.37354,1.45592,0.196512,0.0827928,0.11371928453445435,0.260453,1.39768,0.295556,0.662922,,,4.6613,0.126252,-0.0017183,999,,,,,,,47.3,2.95625,51,3.1875,,,,,,,,,,,,,,,,,,,"Alan Rangel","19524",660604
"Erik Sabrowski","CLE",1,1,0,3.68236,19,0,0,5,,19,84,14,9,8,2,12,,1,27,12.592,5.73487,2.1957,0.974311,0.321508,0.146426,0.17508172988891602,0.197426,1.3646,0.284398,0.758318,,,3.7209,0.124641,0.0747263,999,,,,,,,114.6,6.031578947368421,104,5.473684210526316,,,,,,,,,,,,,,,,,,,"Erik Sabrowski","24978",681870
"Jordan Hicks","CHW",1,1,0,4.58337,21,0,1,4,,21,92,19,11,11,2,11,,1,21,8.93073,4.69141,1.90364,0.725036,0.223793,0.117561,0.1062324121594429,0.244287,1.45997,0.309826,0.672826,,,3.9466,0.123069,0.0163124,999,,,,,,,108.4,5.161904761904762,106,5.0476190476190474,,,,,,,,,,,,,,,,,,,"Jordan Hicks","19618",663855
"Ethan Pecko","HOU",1,1,1,3.90032,5,2,0,0,,11,46,10,5,5,1,4,,0,10,8.58071,3.21777,2.66667,1.1701,0.222785,0.0835443,0.13924050331115723,0.240997,1.30011,0.287356,0.746124,,,3.99813,0.122955,0.11808,999,,,,,,,51.10000000000001,4.645454545454546,50,4.545454545454546,,,,,,,,,,,,,,,,,,,"Ethan Pecko","sa3022997",814490
"Mike Burrows","HOU",1,1,2,4.56936,9,4,0,0,,24,103,23,13,12,4,8,,1,22,8.33273,3.16778,2.63047,1.53698,0.216295,0.0822268,0.13406793773174286,0.246265,1.31015,0.281798,0.707983,,,4.6472,0.12227,0.130114,237.9499969482422,,,,,,,85.60000000000004,3.566666666666668,85,3.5416666666666665,,,,,,,,,,,,,,,,,,,"Mike Burrows","24728",681347
"Javier Assad","CHC",2,2,2,4.37227,15,4,0,0,,32,139,32,17,16,5,11,,1,25,6.9322,3.18551,2.17617,1.31492,0.179022,0.0822648,0.09675703942775726,0.251354,1.33722,0.279471,0.714385,,,4.64043,0.121893,0.191199,999,,,,,,,106.10000000000001,3.3156250000000003,109,3.40625,,,,,,,,,,,,,,,,,,,"Javier Assad","21741",665871
"Lucas Giolito","SDP",1,1,1,4.50952,3,3,0,0,,17,74,16,9,9,3,7,,0,15,8.12832,3.89853,2.08497,1.48701,0.208804,0.100147,0.1086566299200058,0.238708,1.35531,0.270842,0.72125,,,4.83818,0.120056,0.139372,728.47998046875,,,,,,,56.300000000000004,3.311764705882353,55,3.235294117647059,,,,,,,,,,,,,,,,,,,"Lucas Giolito","15474",608337
"Miles Mikolas","WSN",2,3,3,5.57367,7,7,0,0,,42,183,49,28,26,8,10,,1,26,5.52162,2.12527,2.59808,1.78605,0.139914,0.0538528,0.08606088533997536,0.288006,1.42422,0.298691,0.655162,,,5.24181,0.118982,-0.110654,999,,,,,,,104,2.4761904761904763,125,2.9761904761904763,,,,,,,,,,,,,,,,,,,"Miles Mikolas","9803",571945
"Tommy Nance","MIN",1,1,0,4.69479,21,0,1,5,,21,92,23,12,11,2,8,,1,21,9.20585,3.5133,2.62028,1.0623,0.228258,0.087112,0.14114627987146378,0.275345,1.50569,0.342743,0.70028,,,3.89011,0.117847,-0.0900008,999,,,,,,,111.00000000000001,5.2857142857142865,119,5.666666666666667,,,,,,,,,,,,,,,,,,,"Tommy Nance","19178",667297
"Sean Sullivan","COL",1,2,1,5.51813,3,3,0,0,,15,68,17,10,9,3,5,,1,11,6.49055,2.90611,2.23341,1.62085,0.164579,0.0736896,0.0908898338675499,0.273914,1.41755,0.295489,0.644499,,,5.16534,0.117601,0.0704377,999,,,,,,,33.89999999999999,2.2599999999999993,40,2.6666666666666665,,,,,,,,,,,,,,,,,,,"Sean Sullivan","33502",807743
"Caden Dana","LAA",1,2,1,4.91049,7,3,0,0,,20,88,19,12,11,3,9,,1,19,8.28644,3.91304,2.11765,1.38107,0.21135,0.0998043,0.11154598742723465,0.247241,1.3896,0.287462,0.682148,,,4.74655,0.116067,0.0269561,999,,,,,,,69.69999999999999,3.4849999999999994,69,3.45,,,,,,,,,,,,,,,,,,,"Caden Dana","31508",702674
"José Suarez","ATH",1,1,0,4.13414,20,0,1,4,,20,86,19,10,9,2,7,,1,19,8.58655,3.34046,2.57047,1.04333,0.22263,0.0866104,0.13601933419704437,0.243461,1.31402,0.295044,0.707398,,,3.94669,0.115475,0.08898,999,,,,,,,109,5.45,109,5.45,,,,,,,,,,,,,,,,,,,"Jose Suarez","19911",660761
"Drew Anderson","DET",1,1,0,4.20212,21,0,0,4,,21,90,19,11,10,3,8,,1,24,10.3497,3.31633,3.12083,1.29429,0.270862,0.0867916,0.1840706318616867,0.235366,1.26789,0.298947,0.712938,,,3.95211,0.113395,0.0162413,999,,,,,,,106.1,5.052380952380952,103,4.904761904761905,,,,,,,,,,,,,,,,,,,"Drew Anderson","15130",623454
"Caleb Thielbar","CHC",1,1,0,4.3605,20,0,1,4,,20,86,18,11,10,3,7,,0,23,9.9677,3.09467,3.22093,1.42738,0.262854,0.0816082,0.1812460497021675,0.230938,1.23749,0.28233,0.700042,,,3.98801,0.112438,-0.0573949,999,,,,,,,110.3,5.515,107,5.35,,,,,,,,,,,,,,,,,,,"Caleb Thielbar","10078",573204
"Bennett Sousa","HOU",1,1,0,3.79538,19,0,0,4,,19,82,17,9,8,2,8,,0,21,9.81278,3.65764,2.68282,1.06345,0.256645,0.0956625,0.16098280251026154,0.226627,1.27262,0.2862,0.735409,,,3.7435,0.110454,0.0792671,999,,,,,,,105.8,5.568421052631579,103,5.421052631578948,,,,,,,,,,,,,,,,,,,"Bennett Sousa","21345",656986
"Brock Burke","CIN",1,2,0,4.50361,21,0,0,4,,21,91,20,11,10,2,9,,1,19,8.16893,3.89079,2.09956,1.03295,0.206793,0.0984936,0.1082993671298027,0.251532,1.41846,0.300667,0.695309,,,4.19241,0.110086,0.0689384,999,,,,,,,102.80000000000001,4.895238095238096,103,4.904761904761905,,,,,,,,,,,,,,,,,,,"Brock Burke","17968",656271
"Franco Aleman","CLE",1,1,0,4.02612,19,0,0,4,,19,80,17,9,8,2,8,,1,21,10.1794,3.83947,2.65126,1.01633,0.262955,0.0991813,0.16377411037683487,0.236013,1.32374,0.306663,0.718481,,,3.81596,0.109271,0.0630588,999,,,,,,,102.8,5.410526315789474,100,5.2631578947368425,,,,,,,,,,,,,,,,,,,"Franco Aleman","30195",680916
"Brennan Bernardino","COL",1,1,0,4.00215,18,0,0,3,,18,77,17,9,8,1,7,,1,15,7.83959,3.61907,2.16619,0.736258,0.200689,0.0926461,0.108042873442173,0.251315,1.3713,0.305615,0.706532,,,3.88285,0.108182,0.112861,999,,,,,,,94.70000000000003,5.261111111111113,95,5.277777777777778,,,,,,,,,,,,,,,,,,,"Brennan Bernardino","16835",657514
"Cam Booser","TBR",1,1,0,4.24156,20,0,0,4,,20,85,18,10,9,3,8,,0,22,10.2351,3.55758,2.87698,1.3835,0.264948,0.0920923,0.17285575717687607,0.236952,1.3146,0.295733,0.7298,,,4.07128,0.107957,0.0520975,999,,,,,,,100.3,5.015,97,4.85,,,,,,,,,,,,,,,,,,,"Cam Booser","16061",592155
"Spencer Strider","ATL",0,0,0,4.24161,1,1,0,0,,6,25,5,3,3,1,2,,0,7,10.9436,3.26712,3.34962,1.29188,0.287535,0.0858413,0.20169416815042496,0.231665,1.2491,0.30119,0.702986,,,3.75594,0.107783,0.080726,124.86000061035156,,,,,,,27.10000000000001,4.516666666666668,25,4.166666666666667,,,,,,,,,,,,,,,,,,,"Spencer Strider","27498",675911
"Brian Keller","PHI",0,0,1,4.61144,8,2,0,0,,14,64,14,8,7,2,6,,1,14,8.61849,3.74957,2.29853,1.28688,0.215515,0.0937623,0.12175319343805313,0.237173,1.35849,0.278295,0.695322,,,4.46971,0.105348,0.115342,999,,,,,,,49.60000000000003,3.542857142857145,51,3.642857142857143,,,,,,,,,,,,,,,,,,,"Brian Keller","19593",662144
"Daniel Lynch IV","KCR",1,1,0,4.08915,21,0,3,4,,21,90,21,10,10,2,7,,1,17,7.2396,3.01116,2.40426,1.01867,0.18713,0.0778328,0.10929720103740692,0.254407,1.33219,0.294442,0.714244,,,4.10419,0.100466,0.211186,999,,,,,,,117.20000000000002,5.5809523809523816,120,5.714285714285714,,,,,,,,,,,,,,,,,,,"Daniel Lynch IV","21537",663738
"Jonathan Cannon","CHW",1,2,1,4.97582,10,2,0,0,,20,88,21,12,11,3,7,,1,15,6.80153,3.27458,2.07707,1.31866,0.172156,0.0828839,0.0892719179391861,0.266955,1.42417,0.297687,0.675304,,,4.75648,0.0987842,0.0319746,999,,,,,,,62.49999999999999,3.1249999999999996,67,3.35,,,,,,,,,,,,,,,,,,,"Jonathan Cannon","31730",686563
"Orlando Ribalta","WSN",1,1,0,4.55111,20,0,1,4,,20,90,20,11,10,2,10,,1,19,8.61459,4.37654,1.96835,1.09414,0.216034,0.109754,0.1062806248664856,0.248448,1.45784,0.300161,0.705313,,,4.3362,0.0967923,-0.0443196,999,,,,,,,97.4,4.87,100,5,,,,,,,,,,,,,,,,,,,"Orlando Ribalta","26247",687377
"Luis Medina","ATH",1,1,0,4.63124,21,1,1,5,,23,103,22,13,12,2,12,,2,22,8.48275,4.44373,1.90893,0.864939,0.214843,0.112546,0.10229666531085968,0.241581,1.41513,0.297361,0.668289,,,4.19332,0.0967345,-0.0659312,999,,,,,,,115.40000000000002,5.017391304347827,116,5.043478260869565,,,,,,,,,,,,,,,,,,,"Luis Medina","21649",665622
"Alex Lange","KCR",2,2,0,4.10105,20,0,5,3,,20,89,17,10,9,2,12,,2,22,9.71858,5.10598,1.90337,0.745817,0.245678,0.129075,0.11660291254520416,0.22794,1.41868,0.298758,0.708842,,,4.00853,0.0966639,0.146105,999,,,,,,,118.2,5.91,113,5.65,,,,,,,,,,,,,,,,,,,"Alex Lange","19883",656638
"Owen Murphy","ATL",0,0,1,4.62188,9,2,0,0,,15,68,14,8,8,2,6,,1,15,8.62118,3.77581,2.28327,1.28689,0.215164,0.094235,0.12092893570661545,0.23725,1.36299,0.278352,0.695,,,4.47888,0.0963388,0.0584961,999,,,,,,,59.00000000000001,3.933333333333334,58,3.8666666666666667,,,,,,,,,,,,,,,,,,,"Owen Murphy","31761",702566
"Luis Morales","ATH",1,2,1,4.7106,19,2,0,1,,28,121,27,16,15,4,12,,1,25,8.17473,3.88707,2.10306,1.35202,0.20828,0.0990369,0.10924353450536728,0.245745,1.39044,0.284416,0.696135,,,4.62727,0.095277,0.11453,735.3200073242188,,,,,,,102.80000000000005,3.6714285714285735,103,3.6785714285714284,,,,,,,,,,,,,,,,,,,"Luis Morales","32227",806960
"José Urquidy","CHW",1,1,1,4.44645,6,2,0,0,,12,53,13,7,6,2,3,,0,9,6.42792,2.49095,2.58051,1.24547,0.166065,0.0643538,0.1017116829752922,0.266136,1.33741,0.294393,0.699852,,,4.42674,0.0947059,0.106596,999,,,,,,,39.40000000000002,3.283333333333335,43,3.5833333333333335,,,,,,,,,,,,,,,,,,,"Jose Urquidy","18413",664353
"Camilo Doval","NYY",1,1,0,4.08976,18,0,0,3,,18,78,15,9,8,2,8,,1,20,9.96078,4.15252,2.39873,0.90234,0.260233,0.108488,0.15174543857574463,0.218381,1.27664,0.283037,0.688835,,,3.75898,0.0945505,0.0259516,663.6500244140625,,,,,,,94.60000000000002,5.255555555555556,89,4.944444444444445,,,,,,,,,,,,,,,,,,,"Camilo Doval","21992",666808
"Tim Herrin","CLE",1,2,0,4.04898,20,0,0,5,,20,88,18,10,9,2,10,,2,20,9.09887,4.39504,2.07026,0.782256,0.233341,0.112711,0.12062991410493851,0.231691,1.35889,0.294656,0.703103,,,3.94345,0.0937696,0.0490064,999,,,,,,,100.60000000000001,5.03,98,4.9,,,,,,,,,,,,,,,,,,,"Tim Herrin","25139",682120
"Tejay Antone","CIN",0,1,0,5.20521,21,0,1,4,,21,92,21,13,12,3,8,,2,19,8.19591,3.33978,2.45402,1.24762,0.209126,0.0852174,0.12390810996294022,0.260708,1.38404,0.308284,0.634801,,,4.4981,0.0916233,-0.164631,999,,,,,,,92.9,4.423809523809524,95,4.523809523809524,,,,,,,,,,,,,,,,,,,"Tejay Antone","16233",622088
"Brandyn Garcia","ARI",1,1,0,4.01996,20,0,3,4,,20,87,19,10,9,2,8,,3,19,8.46662,3.76294,2.25,0.710163,0.218498,0.0971101,0.12138761579990387,0.245065,1.33435,0.307942,0.69357,,,3.95413,0.091416,0.11168,999,,,,,,,110,5.5,110,5.5,,,,,,,,,,,,,,,,,,,"Brandyn Garcia","33568",805299
"Blade Tidwell","SFG",1,1,0,4.29713,7,1,0,0,,12,53,12,6,6,1,5,,1,11,8.11614,3.65705,2.21932,1.03015,0.206366,0.0929865,0.11337996274232864,0.253868,1.39948,0.303435,0.71052,,,4.16768,0.0905442,0.0711537,999,,,,,,,49.30000000000001,4.108333333333334,51,4.25,,,,,,,,,,,,,,,,,,,"Blade Tidwell","31701",694918
"Chase Silseth","TEX",1,1,0,4.14085,20,0,0,4,,20,88,18,10,9,2,10,,1,22,9.84608,4.31726,2.28063,1.04945,0.25169,0.11036,0.14133039116859436,0.232555,1.36994,0.295566,0.720844,,,3.99327,0.089963,0.046711,999,,,,,,,103.60000000000001,5.180000000000001,101,5.05,,,,,,,,,,,,,,,,,,,"Chase Silseth","30074",681217
"Danny Coulombe",,0,0,0,3.91024,10,0,0,0,,10,44,10,5,4,1,5,,0,8,7.44151,4.2587,1.74737,0.612655,0.187855,0.107507,0.08034756034612656,0.246397,1.43333,0.297177,0.71828,,,3.8552,0.0871809,0.0362667,999,,,,,,,36.7,3.6700000000000004,38,3.8,,,,,,,,,,,,,,,,,,,"Danny Coulombe","13293",543056
"Tom Cosgrove","WSN",1,1,0,5.11743,20,0,1,5,,20,89,20,12,11,2,9,,2,18,8.05601,4.15674,1.93806,0.970358,0.200953,0.103688,0.09726528078317642,0.262186,1.4834,0.315805,0.649443,,,4.39539,0.0863097,-0.16137,999,,,,,,,99.4,4.970000000000001,102,5.1,,,,,,,,,,,,,,,,,,,"Tom Cosgrove","23443",676680
"Jordan Wicks","CHC",1,1,0,4.04964,8,1,0,0,,12,51,12,6,5,2,4,,0,11,7.8771,2.64321,2.98013,1.12905,0.206085,0.0691528,0.13693170249462128,0.25099,1.2786,0.293991,0.715806,,,3.9587,0.0828279,0.0996806,999,,,,,,,43.000000000000014,3.5833333333333344,44,3.6666666666666665,,,,,,,,,,,,,,,,,,,"Jordan Wicks","30094",696136
"Kohl Drake","ARI",1,1,1,4.47398,9,2,0,0,,17,74,17,9,8,2,6,,1,15,8.14977,3.42252,2.38122,1.29526,0.207111,0.0869771,0.12013415992259979,0.259411,1.40165,0.303846,0.717664,,,4.47432,0.0823132,0.125106,999,,,,,,,66.00000000000001,3.8823529411764715,68,4,,,,,,,,,,,,,,,,,,,"Kohl Drake","32070",684442
"Tyler Kinley","ATL",2,2,0,4.51669,21,0,0,5,,21,89,19,11,10,3,9,,1,23,9.9901,3.8431,2.59949,1.38234,0.257843,0.0991899,0.15865322947502136,0.234338,1.32811,0.289541,0.703109,,,4.26549,0.0804071,0.0219498,999,,,,,,,105.1,5.004761904761905,102,4.857142857142857,,,,,,,,,,,,,,,,,,,"Tyler Kinley","18297",641755
"Dennis Santana",,1,1,0,4.14977,13,0,0,0,,13,57,12,7,6,2,5,,1,12,8.21044,3.37106,2.43557,1.03391,0.214972,0.0882636,0.1267082542181015,0.235364,1.27408,0.280764,0.694274,,,4.0442,0.0794555,-0.00852198,150.50999450683594,,,,,,,46.39999999999999,3.5692307692307685,45,3.4615384615384617,,,,,,,,,,,,,,,,,,,"Dennis Santana","17878",642701
"Jimmy Herget","COL",1,1,0,4.8278,22,0,1,4,,22,96,22,13,12,3,8,,2,21,8.51649,3.38585,2.51532,1.4147,0.217031,0.0862836,0.13074727356433868,0.258879,1.38829,0.304664,0.689269,,,4.61245,0.0784644,0.0270572,999,,,,,,,101.7,4.622727272727273,104,4.7272727272727275,,,,,,,,,,,,,,,,,,,"Jimmy Herget","17556",623474
"Tobias Myers","NYM",1,1,0,4.68564,17,1,0,1,,21,92,22,12,11,3,7,,1,17,7.21624,2.85227,2.53,1.35198,0.184942,0.0730995,0.11184228211641312,0.26358,1.36877,0.296725,0.693049,,,4.49339,0.0778629,0.0205448,999,,,,,,,75.3,3.5857142857142854,80,3.8095238095238093,,,,,,,,,,,,,,,,,,,"Tobias Myers","22191",668964
"JR Ritchie","ATL",1,1,1,4.75512,9,2,0,0,,19,81,18,11,10,3,8,,1,17,8.11084,3.89172,2.08412,1.25148,0.206906,0.0992774,0.10762910544872284,0.247757,1.38537,0.290051,0.681183,,,4.64283,0.077336,0.0853303,999,,,,,,,63.89999999999999,3.3631578947368417,63,3.3157894736842106,,,,,,,,,,,,,,,,,,,"JR Ritchie","31760",702275
"Eduardo Rivera","BOS",1,1,1,4.72282,16,2,0,0,,22,99,21,13,12,3,12,,1,21,8.38435,4.75211,1.76434,1.14907,0.209114,0.118522,0.090591661632061,0.246119,1.48279,0.293292,0.699671,,,4.63317,0.0752266,0.103566,999,,,,,,,74.30000000000001,3.377272727272728,74,3.3636363636363638,,,,,,,,,,,,,,,,,,,"Eduardo Rivera","31280",700842
"Steven Matz","TBR",1,2,0,4.64508,19,1,0,3,,23,100,25,13,12,4,7,,1,20,7.87262,2.75818,2.85429,1.45001,0.201606,0.0706326,0.13097301870584488,0.265394,1.36966,0.303705,0.706808,,,4.45291,0.0739459,0.0574658,712.989990234375,,,,,,,84,3.652173913043478,91,3.9565217391304346,,,,,,,,,,,,,,,,,,,"Steven Matz","13361",571927
"Will Klein","LAD",1,1,0,4.37394,18,0,0,4,,18,79,16,10,9,2,10,,1,19,9.55409,4.91326,1.94455,0.845494,0.241216,0.124047,0.11716902256011963,0.231048,1.42478,0.296385,0.693231,,,3.99906,0.0738781,-0.0393086,999,,,,,,,88.00000000000003,4.88888888888889,85,4.722222222222222,,,,,,,,,,,,,,,,,,,"Will Klein","27787",694361
"Dylan Dodd","ATL",1,1,0,4.01057,19,0,0,4,,19,79,19,9,8,2,5,,0,17,8.30592,2.53792,3.27273,1.19974,0.21717,0.0663575,0.1508125737309456,0.253066,1.27956,0.299494,0.727577,,,3.91981,0.0728405,0.07578,999,,,,,,,101.6,5.347368421052631,104,5.473684210526316,,,,,,,,,,,,,,,,,,,"Dylan Dodd","29928",689266
"José Fermin","LAA",1,2,0,4.37231,19,0,0,4,,19,83,17,10,9,2,9,,1,21,9.66282,4.35993,2.21628,1.02408,0.248299,0.112034,0.13626470416784286,0.22804,1.3482,0.288416,0.689833,,,4.05043,0.0703335,0.0115722,999,,,,,,,99.8,5.252631578947368,97,5.105263157894737,,,,,,,,,,,,,,,,,,,"Jose Fermin","33908",820862
"Quinn Mathews","STL",1,1,1,4.35341,9,2,0,0,,14,63,13,7,7,2,8,,1,14,8.97335,4.79763,1.87037,1.06614,0.224444,0.12,0.10444444417953491,0.235897,1.44126,0.288809,0.719814,,,4.43253,0.0700567,0.0179309,999,,,,,,,46.20000000000003,3.300000000000002,45,3.2142857142857144,,,,,,,,,,,,,,,,,,,"Quinn Mathews","sa3023407",687273
"Yohan Ramírez","PIT",1,2,0,4.30785,21,0,1,5,,21,90,18,11,10,2,10,,4,22,9.74099,4.44917,2.18939,0.825793,0.248758,0.11362,0.13513854891061783,0.240626,1.37459,0.317422,0.685575,,,4.2164,0.0688252,0.049033,999,,,,,,,111.00000000000001,5.2857142857142865,106,5.0476190476190474,,,,,,,,,,,,,,,,,,,"Yohan Ramirez","19444",670990
"Eric Orze","MIN",1,1,0,3.8792,16,0,0,1,,16,71,15,8,7,1,8,,1,16,8.73031,4.28595,2.03696,0.748061,0.222564,0.109263,0.11330101639032364,0.237236,1.38586,0.297184,0.722615,,,3.82258,0.0684902,0.0196746,999,,,,,,,76.10000000000001,4.7562500000000005,76,4.75,,,,,,,,,,,,,,,,,,,"Eric Orze","27626",679358
"Hurston Waldrep","ATL",1,1,1,4.57403,7,2,0,0,,14,60,13,8,7,2,6,,1,12,8.06002,4.12787,1.95259,1.12093,0.203316,0.104127,0.09918950498104095,0.250201,1.43427,0.29559,0.699935,,,4.45405,0.0684571,-0.00364869,999,,,,,,,48.2,3.442857142857143,47,3.357142857142857,,,,,,,,,,,,,,,,,,,"Hurston Waldrep","33527",694462
"Kade Anderson","SEA",0,0,1,4.54074,5,2,0,0,,11,49,10,6,6,2,4,,1,11,8.60028,3.57196,2.40772,1.28682,0.217932,0.0905136,0.12741799652576447,0.23665,1.32803,0.277902,0.697564,,,4.40766,0.0678484,0.0578558,999,,,,,,,37.800000000000004,3.436363636363637,36,3.272727272727273,,,,,,,,,,,,,,,,,,,"Kade Anderson","sa3026056",807739
"Taylor Rogers","MIN",2,2,0,4.31832,19,0,0,4,,19,83,18,10,9,2,9,,1,19,8.87237,4.05499,2.18801,0.994413,0.224723,0.102707,0.1220165342092514,0.249279,1.41342,0.308129,0.708556,,,4.14711,0.0664286,0.00824017,415.510009765625,,,,,,,93.2,4.905263157894737,93,4.894736842105263,,,,,,,,,,,,,,,,,,,"Taylor Rogers","13449",573124
"Stephen Kolek","KCR",0,0,0,4.45258,1,1,0,0,,6,24,6,3,3,1,2,,0,4,6.16211,2.72461,2.26165,0.957031,0.159166,0.0703759,0.08878965675830841,0.263716,1.33929,0.29629,0.673326,,,4.23603,0.0664115,0.0873706,999,,,,,,,18.500000000000007,3.0833333333333344,19,3.1666666666666665,,,,,,,,,,,,,,,,,,,"Stephen Kolek","21487",663568
"Braydon Fisher","TOR",1,1,0,3.92888,19,0,0,4,,19,80,16,9,8,2,9,,1,21,10.0664,4.43192,2.27135,1.05121,0.259633,0.114308,0.14532489329576492,0.22283,1.33078,0.285536,0.733581,,,4.02825,0.0663772,0.0790571,999,,,,,,,102.4,5.389473684210526,97,5.105263157894737,,,,,,,,,,,,,,,,,,,"Braydon Fisher","24609",680755
"Jack Anderson","MIN",1,1,0,4.44827,18,1,0,2,,21,90,22,11,10,3,6,,0,18,7.73184,2.55129,3.03056,1.27735,0.199002,0.065665,0.13333678245544434,0.264879,1.34856,0.305681,0.705588,,,4.12461,0.0652189,-0.00225388,999,,,,,,,87.3,4.157142857142857,92,4.380952380952381,,,,,,,,,,,,,,,,,,,"Jack Anderson","30086",681252
"Hogan Harris","ATH",1,1,0,4.08884,21,0,7,2,,21,93,19,11,10,3,11,,1,23,9.75938,4.61341,2.11544,1.08438,0.248634,0.117533,0.13110074400901794,0.230207,1.38482,0.290919,0.732645,,,4.22476,0.0651427,0.0762314,618.1699829101562,,,,,,,122.1,5.814285714285714,119,5.666666666666667,,,,,,,,,,,,,,,,,,,"Hogan Harris","21520",663687
"Edgardo Henriquez","LAD",1,1,0,4.21204,15,0,0,1,,15,64,13,7,7,1,7,,1,16,9.69027,4.39662,2.20403,0.81952,0.248274,0.112646,0.13562876731157303,0.23229,1.36069,0.301947,0.690872,,,3.88618,0.0649894,0.0403557,999,,,,,,,76.9,5.126666666666667,74,4.933333333333334,,,,,,,,,,,,,,,,,,,"Edgardo Henriquez","26944",683618
"Jameson Taillon","CHC",1,2,2,5.24059,5,5,0,0,,28,120,29,18,16,6,8,,1,23,7.40775,2.5576,2.89637,2.00102,0.191562,0.0661387,0.1254236325621605,0.262122,1.32964,0.279686,0.68415,,,5.2786,0.0643384,-0.0150592,504.4700012207031,,,,,,,77.00000000000003,2.750000000000001,81,2.892857142857143,,,,,,,,,,,,,,,,,,,"Jameson Taillon","11674",592791
"Seranthony Domínguez","CHW",1,2,0,4.3291,20,0,1,3,,20,87,17,10,10,3,11,,1,23,10.4414,4.7261,2.2093,1.24897,0.266449,0.120603,0.14584597945213318,0.224456,1.37509,0.285864,0.721755,,,4.29541,0.0633253,0.0470836,194.19000244140625,,,,,,,93.89999999999999,4.694999999999999,88,4.4,,,,,,,,,,,,,,,,,,,"Seranthony Dominguez","19249",622554
"Clayton Beeter","WSN",1,1,0,4.42163,21,0,10,1,,21,92,18,11,10,3,12,,1,25,10.59,5.01534,2.11151,1.15461,0.267586,0.126727,0.1408589482307434,0.226876,1.41733,0.294362,0.713663,,,4.24329,0.0627752,0.0349905,307.1400146484375,,,,,,,136.7,6.509523809523809,131,6.238095238095238,,,,,,,,,,,,,,,,,,,"Clayton Beeter","27494",690925
"John King","MIA",1,1,0,3.95367,19,0,0,4,,19,83,21,9,8,2,6,,1,14,6.49611,2.79138,2.32721,0.89283,0.165329,0.0710418,0.09428705275058746,0.272401,1.40155,0.311463,0.731828,,,4.03334,0.0610243,0.0955869,999,,,,,,,84.4,4.442105263157895,92,4.842105263157895,,,,,,,,,,,,,,,,,,,"John King","22051",667463
"Carson Seymour","SFG",1,1,1,4.34,9,2,0,0,,16,71,17,8,8,2,6,,1,13,7.06203,3.34319,2.11236,1.05179,0.179549,0.0849992,0.09454966336488724,0.262386,1.40382,0.301847,0.709288,,,4.36687,0.0610029,0.0948697,999,,,,,,,54.60000000000001,3.4125000000000005,59,3.6875,,,,,,,,,,,,,,,,,,,"Carson Seymour","30084",693313
"Joey Estes","ATH",1,2,1,5.10472,12,2,0,0,,21,90,22,13,12,4,6,,2,14,6.24429,2.54599,2.4526,1.51825,0.161479,0.0658399,0.0956389456987381,0.266932,1.33395,0.286942,0.653538,,,4.99218,0.0605537,-0.0067014,999,,,,,,,53,2.5238095238095237,57,2.7142857142857144,,,,,,,,,,,,,,,,,,,"Joey Estes","26257",683155
"George Soriano","STL",1,1,0,4.54102,20,0,1,5,,20,87,19,11,10,3,8,,1,20,8.64949,3.44865,2.50808,1.17079,0.224057,0.0893338,0.13472281396389008,0.243313,1.31767,0.292559,0.677415,,,4.22476,0.0587617,-0.069908,999,,,,,,,99.69999999999999,4.984999999999999,99,4.95,,,,,,,,,,,,,,,,,,,"George Soriano","21863",666277
"Mitch Spence","KCR",1,1,1,4.84202,7,2,0,0,,15,64,16,9,8,2,5,,1,11,6.64133,3.0592,2.17094,1.30735,0.168793,0.0777513,0.09104207903146744,0.267833,1.40694,0.297273,0.683094,,,4.68581,0.0584278,0.0705383,999,,,,,,,48.800000000000004,3.2533333333333334,53,3.533333333333333,,,,,,,,,,,,,,,,,,,"Mitch Spence","27707",687765
"Ryne Stanek","STL",1,2,0,4.4786,20,0,1,4,,20,89,18,11,10,2,11,,0,21,9.48152,4.89369,1.9375,1.08631,0.237856,0.122764,0.11509168893098831,0.235386,1.45307,0.293286,0.71037,,,4.26987,0.0582123,-0.0615223,745.9000244140625,,,,,,,106.60000000000001,5.33,104,5.2,,,,,,,,,,,,,,,,,,,"Ryne Stanek","15947",592773
"Brady Basso","ATH",1,1,0,4.19117,20,0,0,4,,20,84,20,10,9,3,6,,0,16,7.50108,2.81657,2.66319,1.15401,0.194433,0.0730076,0.12142576277256012,0.254782,1.31927,0.29387,0.713389,,,4.1203,0.0577762,0.0672654,999,,,,,,,89.1,4.455,91,4.55,,,,,,,,,,,,,,,,,,,"Brady Basso","25582",669620
"Germán Márquez","SDP",2,3,1,5.57356,13,5,0,0,,35,154,38,23,22,6,13,,1,27,6.99887,3.44809,2.02978,1.64838,0.175592,0.086508,0.08908427506685257,0.269083,1.46203,0.293809,0.654351,,,5.19287,0.057315,-0.169721,743.3200073242188,,,,,,,98.39999999999999,2.8114285714285714,109,3.1142857142857143,,,,,,,,,,,,,,,,,,,"German Marquez","15038",608566
"Kodai Senga","NYM",1,1,1,4.35973,11,2,0,0,,18,78,16,9,9,3,9,,1,18,9.24904,4.51008,2.05075,1.35771,0.235328,0.114752,0.1205759346485138,0.232621,1.39233,0.2791,0.733019,,,4.62291,0.0572555,0.0892837,223.52000427246094,,,,,,,60.70000000000001,3.3722222222222227,57,3.1666666666666665,,,,,,,,,,,,,,,,,,,"Kodai Senga","31838",673540
"Anthony Nunez","BAL",1,1,0,4.13733,19,0,0,3,,19,79,16,9,9,2,8,,1,20,9.82174,3.76927,2.60574,1.04319,0.256167,0.0983088,0.157858707010746,0.229956,1.28429,0.293206,0.699287,,,3.92328,0.0569277,0.0613499,999,,,,,,,99.4,5.231578947368422,94,4.947368421052632,,,,,,,,,,,,,,,,,,,"Anthony Nunez","25796",689296
"Chase Petty","CIN",1,2,0,5.55766,16,2,0,0,,22,98,23,15,14,3,9,,1,16,6.38469,3.75987,1.69811,1.34197,0.159423,0.0938823,0.06554049998521805,0.268209,1.48529,0.294206,0.637721,,,5.03827,0.0568488,-0.0424692,999,,,,,,,68.10000000000001,3.0954545454545457,73,3.3181818181818183,,,,,,,,,,,,,,,,,,,"Chase Petty","30170",695534
"Cade Povich","BAL",1,1,0,4.55335,8,1,0,0,,12,52,12,7,6,2,5,,0,11,8.49705,3.38582,2.5096,1.29406,0.217591,0.0867037,0.1308877244591713,0.25184,1.3674,0.297555,0.701035,,,4.30005,0.0566783,-0.00333185,999,,,,,,,40.000000000000014,3.3333333333333344,41,3.4166666666666665,,,,,,,,,,,,,,,,,,,"Cade Povich","30055",700249
"Chad Dallas","TOR",0,0,1,4.73748,18,2,0,1,,23,103,22,13,12,3,10,,1,22,8.65096,4.06624,2.12751,1.287,0.211362,0.0993471,0.112015001475811,0.238082,1.41279,0.278972,0.691602,,,4.58035,0.0557945,-0.0106158,999,,,,,,,91.10000000000001,3.9608695652173918,91,3.9565217391304346,,,,,,,,,,,,,,,,,,,"Chad Dallas","30158",689149
"Manuel Rodríguez","TBR",1,1,0,3.97674,16,0,0,2,,16,69,15,8,7,2,6,,2,14,7.95349,3.13953,2.53333,0.837209,0.208791,0.0824176,0.12637361884117126,0.239264,1.25581,0.289256,0.681818,,,3.87717,0.0555548,0.0201707,999,,,,,,,66.80000000000001,4.175000000000001,66,4.125,,,,,,,,,,,,,,,,,,,"Manuel Rodriguez","20794",655889
"Jonah Tong","NYM",0,0,0,4.25388,4,1,0,0,,6,25,5,3,3,1,3,,0,6,9.95854,3.88496,2.56336,1.15085,0.25649,0.10006,0.15642985701560974,0.234221,1.33718,0.29549,0.71098,,,3.90283,0.0548187,0.0725585,722.8099975585938,,,,,,,22.10000000000001,3.683333333333335,20,3.3333333333333335,,,,,,,,,,,,,,,,,,,"Jonah Tong","32157",804636
"Ryan Zeferjahn","LAA",1,2,0,4.43517,21,0,4,3,,21,90,16,11,10,2,12,,3,26,11.2946,5.24164,2.15478,1.06656,0.288251,0.133773,0.1544782519340515,0.216792,1.37144,0.295891,0.693299,,,4.28264,0.0546417,0.0498946,999,,,,,,,128.20000000000002,6.104761904761905,118,5.619047619047619,,,,,,,,,,,,,,,,,,,"Ryan Zeferjahn","25420",666171
"Sam Moll","CIN",1,2,0,4.83661,20,0,0,4,,20,86,17,12,11,2,10,,2,20,9.34756,4.63999,2.01456,1.0699,0.237498,0.117891,0.11960746347904205,0.234328,1.39809,0.292729,0.660863,,,4.39861,0.0544125,-0.0626788,999,,,,,,,99.2,4.96,94,4.7,,,,,,,,,,,,,,,,,,,"Sam Moll","14874",594580
"Ben Joyce","LAA",1,0,0,3.6933,18,0,3,2,,18,76,14,8,7,2,8,,2,21,10.4968,3.88769,2.7,0.777538,0.272727,0.10101,0.17171715199947357,0.215116,1.2311,0.289474,0.700389,,,3.58489,0.0523709,0.0376592,738.6500244140625,,,,,,,107.20000000000002,5.955555555555557,99,5.5,,,,,,,,,,,,,,,,,,,"Ben Joyce","31461",690829
"Evan Sisk","PIT",1,1,0,3.67742,17,0,0,2,,17,73,15,8,7,1,7,,2,18,9.44715,3.86243,2.44591,0.723568,0.244759,0.100069,0.14469021558761597,0.235615,1.31397,0.306416,0.72401,,,3.65551,0.0519722,0.0245511,999,,,,,,,91.5,5.382352941176471,89,5.235294117647059,,,,,,,,,,,,,,,,,,,"Evan Sisk","24995",681895
"Pierce Johnson","CIN",1,1,0,4.94156,20,0,0,4,,20,88,21,12,11,3,8,,0,21,9.42229,3.65449,2.57827,1.45946,0.237236,0.0920134,0.14522240310907364,0.25828,1.43728,0.312211,0.694462,,,4.38497,0.051908,-0.0688339,999,,,,,,,90.5,4.525,95,4.75,,,,,,,,,,,,,,,,,,,"Pierce Johnson","13435",572955
"Matt Brash","SEA",1,1,0,3.14202,14,0,0,0,,14,58,12,5,5,1,6,,1,16,10.4996,3.77405,2.78205,0.532238,0.275173,0.0989102,0.17626302689313889,0.224927,1.26139,0.31094,0.748278,,,3.03311,0.0518942,0.0540833,733.280029296875,,,,,,,71.10000000000002,5.07857142857143,68,4.857142857142857,,,,,,,,,,,,,,,,,,,"Matt Brash","25756",666374
"Jason Foley","SFG",1,1,0,3.4465,18,0,0,2,,18,76,18,7,7,1,4,,1,15,7.39474,2.24756,3.29012,0.721438,0.195864,0.059531,0.1363334059715271,0.250335,1.22886,0.298712,0.727736,,,3.35945,0.0506217,0.0611272,999,,,,,,,97.10000000000001,5.394444444444445,100,5.555555555555555,,,,,,,,,,,,,,,,,,,"Jason Foley","19531",671345
"Clarke Schmidt","NYY",0,0,0,4.19318,5,1,0,0,,8,33,7,4,4,1,3,,1,7,8.48864,3.17045,2.67742,1.125,0.220745,0.0824468,0.13829787820577621,0.238938,1.27273,0.285714,0.703934,,,4.10972,0.0504541,0.106714,999,,,,,,,30.700000000000006,3.837500000000001,29,3.625,,,,,,,,,,,,,,,,,,,"Clarke Schmidt","19899",657376
"Victor Vodnik","COL",1,1,0,4.43295,18,0,1,3,,18,82,18,10,9,2,9,,1,16,7.7299,4.64979,1.66242,0.888494,0.191162,0.11499,0.07617171108722687,0.255174,1.52289,0.303949,0.713169,,,4.324,0.0492993,0.0596381,496.760009765625,,,,,,,80.80000000000003,4.488888888888891,83,4.611111111111111,,,,,,,,,,,,,,,,,,,"Victor Vodnik","24614",680767
"Jack Dreyer","LAD",1,1,0,4.13189,17,0,0,3,,17,70,14,8,8,2,6,,0,18,9.73117,3.13663,3.10243,1.24282,0.25873,0.0833959,0.17533375322818756,0.224454,1.20428,0.276739,0.697619,,,3.84151,0.0489439,0.0187283,999,,,,,,,94.80000000000001,5.576470588235295,89,5.235294117647059,,,,,,,,,,,,,,,,,,,"Jack Dreyer","30249",676263
"Ty Madden","DET",1,1,0,4.5436,15,1,0,0,,18,77,17,10,9,2,7,,1,16,8.3919,3.76134,2.23109,1.16949,0.21355,0.0957155,0.11783462017774582,0.250341,1.39495,0.298226,0.697597,,,4.32487,0.0483239,-0.0205636,999,,,,,,,72.40000000000002,4.022222222222223,72,4,,,,,,,,,,,,,,,,,,,"Ty Madden","30140",680744
"Anthony Bender","MIA",1,1,0,3.23767,15,0,0,0,,15,63,13,6,5,1,6,,1,16,9.49339,3.30866,2.86926,0.736556,0.252096,0.087861,0.16423485428094864,0.225162,1.2103,0.29197,0.747704,,,3.38902,0.0482318,0.0527121,999,,,,,,,75.9,5.0600000000000005,73,4.866666666666666,,,,,,,,,,,,,,,,,,,"Anthony Bender","19742",669622
"Aaron Civale","CHC",1,1,0,4.34367,14,1,0,0,,19,80,17,10,9,3,6,,1,16,7.54872,2.69736,2.79855,1.50419,0.201128,0.0718685,0.12925934046506882,0.235886,1.20379,0.260699,0.700339,,,4.61751,0.047638,0.0581754,748.5800170898438,,,,,,,70.49999999999999,3.710526315789473,67,3.526315789473684,,,,,,,,,,,,,,,,,,,"Aaron Civale","19479",650644
"Cal Quantrill","TEX",1,2,1,5.18676,13,2,0,0,,20,87,21,13,12,3,7,,1,15,6.5342,2.98123,2.19178,1.33747,0.167749,0.0765356,0.0912136510014534,0.262757,1.36399,0.289332,0.638069,,,4.78241,0.0471111,-0.031017,999,,,,,,,62.49999999999999,3.1249999999999996,67,3.35,,,,,,,,,,,,,,,,,,,"Cal Quantrill","19312",615698
"Patrick Corbin","TOR",0,1,1,5.51319,6,2,0,0,,13,59,15,9,8,2,4,,1,11,7.23944,3.09364,2.3401,1.45213,0.179251,0.0765998,0.10265157371759415,0.2865,1.51931,0.32326,0.65985,,,4.75121,0.0468343,-0.0111692,999,,,,,,,39.599999999999994,3.0461538461538455,46,3.5384615384615383,,,,,,,,,,,,,,,,,,,"Patrick Corbin","9323",571578
"Casey Legumina","TBR",1,2,0,4.61068,20,0,0,5,,20,89,21,11,10,2,7,,2,17,7.54997,3.2994,2.28828,1.0568,0.191644,0.0837501,0.10789380967617035,0.265397,1.409,0.311294,0.684676,,,4.30729,0.0462865,-0.0304605,999,,,,,,,95.80000000000001,4.790000000000001,101,5.05,,,,,,,,,,,,,,,,,,,"Casey Legumina","25921",668984
"Sawyer Gipson-Long","DET",0,0,0,4.33735,4,1,0,0,,6,26,6,3,3,1,2,,0,5,7.59036,2.28916,3.31579,1.20482,0.199367,0.0601266,0.13924051076173782,0.25256,1.24498,0.290909,0.683544,,,4.08697,0.0455652,0.0782002,999,,,,,,,20.500000000000007,3.416666666666668,21,3.5,,,,,,,,,,,,,,,,,,,"Sawyer Gipson-Long","26048",687830
"Hunter Barco","PIT",0,1,0,4.55272,12,1,0,0,,15,68,15,9,8,2,7,,2,15,8.43582,4.13588,2.03967,1.15701,0.212813,0.104337,0.1084759458899498,0.253036,1.43248,0.303823,0.704699,,,4.58429,0.0455503,0.0478957,999,,,,,,,50.400000000000006,3.3600000000000003,52,3.466666666666667,,,,,,,,,,,,,,,,,,,"Hunter Barco","33174",682995
"Jackson Kent","WSN",1,1,0,5,6,1,0,0,,10,44,10,6,6,1,4,,0,8,7.25,3.16667,2.28947,1.33333,0.183932,0.0803383,0.10359407961368561,0.25814,1.37963,0.29052,0.663507,,,4.61898,0.0452747,0.0030519,999,,,,,,,39.7,3.97,41,4.1,,,,,,,,,,,,,,,,,,,"Jackson Kent","sa3035282",800600
"Brent Suter","LAA",0,0,0,4.13466,18,0,0,3,,18,78,19,9,8,2,5,,0,15,7.37584,2.49619,2.95484,1.15952,0.191341,0.0647551,0.1265857294201851,0.261119,1.31633,0.30032,0.719193,,,4.0581,0.0448484,0.0406755,999,,,,,,,86.20000000000002,4.78888888888889,91,5.055555555555555,,,,,,,,,,,,,,,,,,,"Brent Suter","13942",608718
"Dax Fulton","MIA",1,2,1,4.68503,19,2,0,1,,25,113,25,14,13,3,13,,1,21,7.45703,4.64536,1.60526,1.00853,0.184202,0.114749,0.06945310533046722,0.258001,1.52904,0.301756,0.701972,,,4.62592,0.0444559,-0.036314,999,,,,,,,87.1,3.484,90,3.6,,,,,,,,,,,,,,,,,,,"Dax Fulton","27757",690978
"Ty Johnson","TBR",0,0,0,4.18163,1,1,0,0,,3,12,3,1,1,0,1,,0,3,8.93347,3.13622,2.84848,1.14044,0.233831,0.0820896,0.15174128860235214,0.233333,1.23548,0.283465,0.688623,,,4.10233,0.0444048,0.0931042,999,,,,,,,17.400000000000002,5.800000000000001,18,6,,,,,,,,,,,,,,,,,,,"Ty Johnson","sa3023410",694494
"Jaden Hill","COL",1,1,0,4.55331,16,0,0,1,,16,68,14,9,8,2,7,,2,17,9.51127,4.12235,2.30725,0.979805,0.243258,0.105432,0.13782594352960587,0.242767,1.36896,0.310084,0.673254,,,4.18778,0.0443038,0.0222845,999,,,,,,,68.4,4.275,65,4.0625,,,,,,,,,,,,,,,,,,,"Jaden Hill","30250",677955
"Khristian Curtis","PIT",0,0,0,4.70061,8,1,0,0,,11,52,11,6,6,2,5,,1,11,8.64146,3.97359,2.17472,1.28696,0.212557,0.0977399,0.11481745541095734,0.237819,1.39691,0.278777,0.692656,,,4.54798,0.0440504,0.0456803,999,,,,,,,32.2,2.9272727272727277,33,3,,,,,,,,,,,,,,,,,,,"Khristian Curtis","33865",694753
"Yuki Matsui","SDP",1,1,0,4.37872,19,0,0,4,,19,85,17,10,9,2,10,,1,21,9.74138,4.85085,2.00818,1.16063,0.246707,0.122851,0.12385604530572891,0.22826,1.41061,0.284849,0.716853,,,4.32767,0.0438959,-0.0271072,999,,,,,,,96.8,5.094736842105263,94,4.947368421052632,,,,,,,,,,,,,,,,,,,"Yuki Matsui","33826",673513
"Colton Gordon","MIL",1,1,0,4.73536,10,1,0,0,,14,62,15,8,8,3,4,,1,12,7.70528,2.71988,2.83295,1.62183,0.198393,0.0700305,0.12836221605539322,0.263763,1.34705,0.295608,0.708049,,,4.80238,0.0433527,0.0630931,999,,,,,,,36.70000000000002,2.6214285714285728,40,2.857142857142857,,,,,,,,,,,,,,,,,,,"Colton Gordon","31312",676467
"Austin Peterson","CLE",1,1,0,4.34679,7,1,0,0,,11,48,12,6,5,2,3,,0,8,6.55582,2.20903,2.96774,1.35392,0.170055,0.0573013,0.11275415495038033,0.265347,1.30641,0.291878,0.715318,,,4.46364,0.0432552,0.0130267,999,,,,,,,32.60000000000001,2.9636363636363643,36,3.272727272727273,,,,,,,,,,,,,,,,,,,"Austin Peterson","sa3020868",804926
"Gavin Stone","LAD",0,0,0,4.66019,1,1,0,0,,3,12,3,2,1,0,1,,0,2,7.86408,3.1068,2.53125,1.26214,0.2025,0.08,0.12250000238418579,0.251366,1.33765,0.290441,0.680529,,,4.28556,0.043223,-0.0104081,999,,,,,,,15.400000000000002,5.133333333333334,16,5.333333333333333,,,,,,,,,,,,,,,,,,,"Gavin Stone","27792",694813
"George Klassen","LAA",1,1,1,4.99352,7,2,0,0,,12,54,12,7,7,2,6,,1,11,8.34489,4.18016,1.99631,1.24942,0.210005,0.105196,0.10480822622776031,0.252028,1.44352,0.298093,0.6728,,,4.65136,0.0422297,0.033024,999,,,,,,,34.000000000000014,2.8333333333333344,35,2.9166666666666665,,,,,,,,,,,,,,,,,,,"George Klassen","33464",691946
"Greg Weissert","BOS",1,1,0,4.25544,20,0,0,4,,20,87,20,10,10,3,7,,1,19,8.40963,3.07292,2.73669,1.20917,0.218692,0.0799113,0.1387808471918106,0.247476,1.30208,0.293739,0.707492,,,4.1603,0.0420477,0.077715,999,,,,,,,89.1,4.455,91,4.55,,,,,,,,,,,,,,,,,,,"Greg Weissert","20375",669711
"Grant Anderson","MIL",1,1,0,4.3926,20,0,0,4,,20,87,19,11,10,3,8,,1,20,8.99042,3.60132,2.49642,1.33223,0.232195,0.0930111,0.13918372243642807,0.240655,1.32907,0.287833,0.711837,,,4.36269,0.0408323,-0.0455183,999,,,,,,,90.69999999999999,4.534999999999999,90,4.5,,,,,,,,,,,,,,,,,,,"Grant Anderson","20546",681982
"Hoby Milner","CHC",1,1,0,4.3098,19,0,0,3,,19,80,19,10,9,2,5,,1,14,6.70833,2.51689,2.66532,0.994578,0.174747,0.0655631,0.10918368399143219,0.260526,1.30131,0.297214,0.680973,,,4.08739,0.0408159,-0.0113915,999,,,,,,,88.6,4.663157894736842,91,4.7894736842105265,,,,,,,,,,,,,,,,,,,"Hoby Milner","13346",571948
"Caleb Kilian","SFG",1,2,0,4.48138,21,0,3,4,,21,92,21,11,10,2,8,,1,19,7.99552,3.4347,2.32787,1.0296,0.203347,0.0873534,0.11599385738372803,0.258146,1.39892,0.307319,0.692378,,,4.10447,0.0406672,-0.00685056,999,,,,,,,118.20000000000002,5.628571428571429,121,5.761904761904762,,,,,,,,,,,,,,,,,,,"Caleb Kilian","26213",668873
"Drew Sommers","DET",1,1,0,4.33828,19,0,0,4,,19,84,19,10,9,2,8,,2,18,8.39257,3.57678,2.34641,0.958483,0.214596,0.0914572,0.12313849478960037,0.25265,1.37421,0.307831,0.694029,,,4.06691,0.0396178,0.00418294,999,,,,,,,88.6,4.663157894736842,91,4.7894736842105265,,,,,,,,,,,,,,,,,,,"Drew Sommers","32026",805427
"Hunter Harvey","CHC",1,0,0,3.23684,9,0,0,0,,9,35,7,3,3,1,2,,0,10,9.98648,2.27334,4.39286,0.974291,0.273028,0.0621526,0.2108749784529209,0.221863,1.08942,0.285273,0.744774,,,3.17468,0.0392307,0.0470881,748.530029296875,,,,,,,50.10000000000001,5.566666666666667,46,5.111111111111111,,,,,,,,,,,,,,,,,,,"Hunter Harvey","15507",640451
"Jose Cabrera","ARI",1,1,1,4.95132,2,2,0,0,,10,47,11,6,6,2,4,,1,7,6.20364,3.55245,1.7463,1.31572,0.155208,0.0888784,0.06632959842681885,0.273771,1.47728,0.300236,0.690938,,,5.09208,0.0381912,0.0393274,999,,,,,,,19.799999999999997,1.9799999999999998,23,2.3,,,,,,,,,,,,,,,,,,,"Jose Cabrera","30412",703615
"Justin Martinez","ARI",1,1,0,3.33895,12,0,2,0,,12,54,9,5,5,1,7,,1,16,11.231,5.00843,2.24242,0.607083,0.285714,0.127413,0.15830114483833313,0.20362,1.31535,0.286713,0.745856,,,3.41327,0.0378649,0.0355218,999,,,,,,,71.10000000000002,5.925000000000002,65,5.416666666666667,,,,,,,,,,,,,,,,,,,"Justin Martinez","24453",679885
"Trevor Williams","WSN",1,2,0,4.99045,17,1,0,1,,21,92,24,13,12,3,7,,1,16,7.0425,2.85908,2.4632,1.36147,0.176783,0.0717695,0.10501333326101303,0.279967,1.45949,0.314995,0.686684,,,4.55508,0.037694,-0.0160052,999,,,,,,,68.1,3.2428571428571424,78,3.7142857142857144,,,,,,,,,,,,,,,,,,,"Trevor Williams","16977",592866
"Kenley Jansen","DET",1,2,0,4.5449,20,0,8,1,,20,85,17,11,10,3,9,,0,20,9.32106,4.04891,2.30211,1.43119,0.240481,0.104461,0.13602031767368317,0.229688,1.3323,0.273277,0.705975,,,4.50014,0.0375873,-0.0462633,133.02000427246094,,,,,,,123.89999999999999,6.194999999999999,118,5.9,,,,,,,,,,,,,,,,,,,"Kenley Jansen","3096",445276
"Eric Lauer","LAD",1,2,1,5.57593,9,2,0,0,,19,84,21,13,12,4,7,,1,16,7.44473,3.12992,2.37857,1.87541,0.186201,0.0782826,0.10791797935962677,0.277175,1.47397,0.303155,0.677144,,,5.30229,0.0372769,-0.0789177,720.5399780273438,,,,,,,44.79999999999999,2.3578947368421046,51,2.6842105263157894,,,,,,,,,,,,,,,,,,,"Eric Lauer","19316",641778
"Tucker Davidson","PHI",0,0,0,4.90909,1,1,0,0,,3,15,4,2,2,0,1,,0,3,7.24675,3.38961,2.13793,1.16883,0.181287,0.0847953,0.09649121761322021,0.26129,1.42857,0.298319,0.677083,,,4.4344,0.0366631,-0.00641193,999,,,,,,,14.800000000000002,4.9333333333333345,18,6,,,,,,,,,,,,,,,,,,,"Tucker Davidson","19871",656353
"Johan Oviedo","BOS",1,1,0,4.46298,10,1,0,0,,12,53,11,7,6,2,5,,1,12,8.73475,3.82928,2.28105,1.23471,0.223839,0.09813,0.12570898234844208,0.244794,1.36342,0.293978,0.703811,,,4.46494,0.0363051,0.105028,536.780029296875,,,,,,,41.600000000000016,3.466666666666668,40,3.3333333333333335,,,,,,,,,,,,,,,,,,,"Johan Oviedo","22487",670912
"Jared Koenig","MIL",1,1,0,3.87394,15,0,0,0,,15,63,14,7,6,1,5,,1,14,8.81541,3.37029,2.61562,0.895233,0.229325,0.087675,0.14164989441633224,0.24023,1.29906,0.297898,0.716667,,,3.71123,0.0354035,0.017799,748.489990234375,,,,,,,72.30000000000001,4.820000000000001,72,4.8,,,,,,,,,,,,,,,,,,,"Jared Koenig","27517",657649
"Eiberson Castellano","COL",1,2,0,5.05018,15,1,0,0,,20,90,21,12,11,3,9,,3,17,7.47435,3.85165,1.94056,1.18512,0.185832,0.0957621,0.09006999433040619,0.275101,1.50014,0.320417,0.676563,,,4.87544,0.0340909,0.0936001,999,,,,,,,54.49999999999999,2.7249999999999996,59,2.95,,,,,,,,,,,,,,,,,,,"Eiberson Castellano","28040",682769
"Trey Gibson","BAL",1,1,1,5.032,6,2,0,0,,13,55,12,8,7,2,5,,1,11,8.19425,3.90744,2.09709,1.32777,0.207555,0.0989727,0.10858175903558731,0.253182,1.41583,0.295865,0.668246,,,4.73467,0.0324783,-0.0159726,999,,,,,,,44.39999999999999,3.415384615384615,43,3.3076923076923075,,,,,,,,,,,,,,,,,,,"Trey Gibson","33794",694346
"Blake Treinen","LAD",2,1,0,4.14219,14,0,0,0,,14,61,13,7,6,2,6,,1,15,9.66614,3.75531,2.57399,1.0104,0.247981,0.0963409,0.15163972973823547,0.243127,1.35515,0.309066,0.713609,,,3.84133,0.0322302,0.0027824,999,,,,,,,54.20000000000003,3.8714285714285737,53,3.7857142857142856,,,,,,,,,,,,,,,,,,,"Blake Treinen","12572",595014
"Kyle Backhus","PHI",1,1,0,4.41724,16,0,0,1,,16,67,15,8,8,2,6,,1,16,9.02264,3.22511,2.79762,1.15183,0.234039,0.0836565,0.15038243681192398,0.247969,1.31052,0.304198,0.686824,,,4.09944,0.0318133,0.024331,999,,,,,,,69.80000000000001,4.362500000000001,69,4.3125,,,,,,,,,,,,,,,,,,,"Kyle Backhus","29615",679775
"JT Brubaker","SFG",0,0,0,4.40058,19,0,0,3,,19,82,19,10,9,2,7,,1,15,7.19956,3.55313,2.02626,0.932989,0.181994,0.0898178,0.09217625856399536,0.261272,1.42832,0.304659,0.698923,,,4.17661,0.0315835,-0.0158568,999,,,,,,,84.6,4.4526315789473685,87,4.578947368421052,,,,,,,,,,,,,,,,,,,"JT Brubaker","17578",664141
"Easton McGee","KCR",1,1,0,3.99362,16,0,0,1,,16,67,15,8,7,2,5,,1,13,7.53024,2.53172,2.97436,0.999704,0.200094,0.067273,0.13282102346420288,0.243368,1.21504,0.28476,0.691551,,,3.91468,0.0315106,0.0285116,999,,,,,,,66.80000000000001,4.175000000000001,66,4.125,,,,,,,,,,,,,,,,,,,"Easton McGee","22176",668834
"Chris Martin","TEX",1,1,0,3.98594,13,0,0,0,,13,56,14,6,6,2,2,,0,12,7.88873,1.63758,4.81731,1.19669,0.210283,0.0436515,0.16663109883666039,0.257688,1.20063,0.300889,0.708971,,,3.73082,0.0307106,0.0156917,638.3599853515625,,,,,,,53.199999999999996,4.092307692307692,57,4.384615384615385,,,,,,,,,,,,,,,,,,,"Chris Martin","11847",455119
"Ryan Ramsey","KCR",0,1,1,5.12903,2,2,0,0,,9,42,9,6,5,1,4,,1,7,6.87097,4.06452,1.69048,1.25806,0.169451,0.100239,0.0692124143242836,0.258152,1.47312,0.288732,0.673401,,,5.04521,0.0304419,-0.0111668,999,,,,,,,29.900000000000013,3.3222222222222237,31,3.4444444444444446,,,,,,,,,,,,,,,,,,,"Ryan Ramsey","sa3020605",687547
"DL Hall","MIL",0,0,0,4.19261,16,0,0,1,,16,71,14,8,7,1,9,,1,17,9.32891,5.13139,1.81801,0.835572,0.234568,0.129025,0.10554331541061401,0.229595,1.44354,0.291832,0.713469,,,4.08838,0.0301237,0.014733,999,,,,,,,77.70000000000002,4.856250000000001,75,4.6875,,,,,,,,,,,,,,,,,,,"DL Hall","22207",669084
"Jack Wenninger","NYM",0,0,0,4.6644,1,1,0,0,,3,12,3,2,1,0,1,,0,2,7.49363,3.21155,2.33333,1.29992,0.191033,0.0818713,0.10916179418563843,0.255365,1.36788,0.290598,0.69242,,,4.52009,0.0299674,-0.0159002,999,,,,,,,15.400000000000002,5.133333333333334,16,5.333333333333333,,,,,,,,,,,,,,,,,,,"Jack Wenninger","sa3023282",811307
"Justin Bruihl","STL",1,1,0,4.12936,17,0,0,2,,17,72,16,8,8,1,6,,2,14,7.47319,3.50594,2.13158,0.655057,0.192862,0.0904786,0.10238371789455414,0.250754,1.33805,0.304125,0.67899,,,3.96366,0.0299385,0.0354041,999,,,,,,,83.9,4.935294117647059,84,4.9411764705882355,,,,,,,,,,,,,,,,,,,"Justin Bruihl","23779",677865
"Brandon Leibrandt","CIN",0,0,0,5.28677,4,1,0,0,,6,27,7,4,4,1,2,,0,5,6.55156,2.8444,2.30332,1.55027,0.165372,0.0717971,0.09357447922229767,0.276615,1.43714,0.300962,0.667767,,,4.94009,0.0295903,-0.0119512,999,,,,,,,17.90000000000001,2.9833333333333347,21,3.5,,,,,,,,,,,,,,,,,,,"Brandon Leibrandt","16135",605335
"Hagen Smith","CHW",0,1,0,4.83763,6,1,0,0,,9,40,8,5,5,1,4,,1,9,8.66741,4.33371,2,1.20941,0.217722,0.108861,0.10886075347661972,0.240469,1.39978,0.288066,0.674677,,,4.74466,0.0295589,-0.0556058,999,,,,,,,36.500000000000014,4.055555555555557,35,3.888888888888889,,,,,,,,,,,,,,,,,,,"Hagen Smith","sa3025544",696146
"Jhony Brito","SDP",1,1,0,4.42154,11,1,0,0,,14,59,14,7,7,2,5,,0,11,7.02158,2.99822,2.34191,1.17945,0.180688,0.0771543,0.10353422164916992,0.257441,1.35201,0.291427,0.700026,,,4.33327,0.0295025,-0.0360175,999,,,,,,,49.6,3.542857142857143,51,3.642857142857143,,,,,,,,,,,,,,,,,,,"Jhony Brito","25386",666745
"Chris Murphy","CHW",1,1,0,4.51689,19,0,0,3,,19,84,18,10,10,2,9,,1,17,8.1348,4.43018,1.83622,0.981639,0.204876,0.111575,0.09330139309167862,0.246759,1.44093,0.296511,0.695073,,,4.42142,0.0294789,0.00137858,999,,,,,,,85.2,4.484210526315789,85,4.473684210526316,,,,,,,,,,,,,,,,,,,"Chris Murphy","26214",669684
"Brycen Mautz","STL",1,1,0,4.7014,12,1,0,0,,15,67,16,9,8,2,6,,1,13,7.36362,3.40625,2.1618,1.17879,0.18761,0.0867845,0.10082601010799408,0.259151,1.39359,0.297898,0.682344,,,4.50795,0.0284257,-0.00553412,999,,,,,,,49.800000000000004,3.3200000000000003,54,3.6,,,,,,,,,,,,,,,,,,,"Brycen Mautz","31910",802408
"Kade Morris","ATH",1,1,1,5.0608,10,2,0,0,,17,75,19,11,10,3,6,,1,12,6.15206,2.96231,2.07678,1.37028,0.156565,0.0753886,0.08117657899856567,0.271639,1.40306,0.295627,0.665475,,,4.95951,0.0276076,0.0719955,999,,,,,,,42.50000000000001,2.5000000000000004,49,2.8823529411764706,,,,,,,,,,,,,,,,,,,"Kade Morris","33787",695034
"Antonio Senzatela","COL",1,3,0,5.19237,21,1,4,3,,24,109,29,15,14,3,8,,1,16,5.96375,3.17482,1.87845,1.21614,0.146489,0.0779836,0.06850498169660568,0.292284,1.55983,0.32171,0.680502,,,4.72215,0.0274699,-0.0159564,999,,,,,,,102.30000000000001,4.2625,118,4.916666666666667,,,,,,,,,,,,,,,,,,,"Antonio Senzatela","15488",622608
"Drew Thorpe","CHW",0,0,0,4.81095,1,1,0,0,,3,12,3,2,2,0,1,,0,2,6.80574,3.16819,2.14815,1.40808,0.176292,0.0820669,0.09422492235898972,0.261589,1.38201,0.288793,0.695067,,,4.6873,0.0267498,-0.00941643,999,,,,,,,15.400000000000002,5.133333333333334,16,5.333333333333333,,,,,,,,,,,,,,,,,,,"Drew Thorpe","31967",689672
"Trevor Richards","CHW",0,0,0,5.04361,18,0,0,2,,18,77,18,11,10,3,7,,0,18,9.42571,3.44498,2.73607,1.4068,0.240626,0.087946,0.15268045663833618,0.251272,1.37722,0.30433,0.663067,,,4.23144,0.026669,-0.0554845,999,,,,,,,72.50000000000001,4.027777777777779,74,4.111111111111111,,,,,,,,,,,,,,,,,,,"Trevor Richards","19309",670950
"Graham Ashcraft","CIN",1,1,0,4.09068,7,0,0,0,,7,32,7,4,3,1,3,,0,8,9.10164,3.69693,2.46194,0.68893,0.23534,0.0955914,0.13974906504154205,0.237076,1.3237,0.302713,0.681985,,,3.42131,0.0261626,-0.00756019,999,,,,,,,28.300000000000015,4.042857142857145,29,4.142857142857143,,,,,,,,,,,,,,,,,,,"Graham Ashcraft","27552",668933
"Ryan Walker","SFG",1,1,0,3.85338,15,0,0,0,,15,64,14,7,6,1,5,,1,15,8.94757,3.29954,2.71176,0.844293,0.23348,0.086099,0.1473812684416771,0.241086,1.28555,0.302947,0.710584,,,3.68014,0.0260742,0.0141502,144.55999755859375,,,,,,,74.30000000000001,4.953333333333334,74,4.933333333333334,,,,,,,,,,,,,,,,,,,"Ryan Walker","20423",676254
"Craig Yoho","MIL",1,1,0,4.30941,19,0,0,3,,19,83,17,10,9,2,9,,2,21,9.7239,4.07857,2.38415,1.11912,0.252152,0.105762,0.14639000594615936,0.229268,1.30916,0.289324,0.694845,,,4.21917,0.026057,-0.00380606,999,,,,,,,92.8,4.88421052631579,90,4.7368421052631575,,,,,,,,,,,,,,,,,,,"Craig Yoho","33248",684974
"Cole Sulser","TBR",1,1,0,4.12435,15,0,0,0,,15,62,14,7,7,2,5,,0,14,8.46834,2.88528,2.93502,1.18744,0.221338,0.0754127,0.14592498540878296,0.245003,1.28045,0.291021,0.713986,,,3.94302,0.0259944,0.0206353,999,,,,,,,63.00000000000001,4.2,62,4.133333333333334,,,,,,,,,,,,,,,,,,,"Cole Sulser","15256",642121
"Kody Funderburk","MIN",1,1,0,4.25396,18,0,0,3,,18,81,18,9,9,2,9,,1,17,8.13766,4.41676,1.84245,0.792504,0.203609,0.11051,0.09309936314821243,0.252702,1.46966,0.30916,0.709975,,,4.14707,0.0259737,0.0380411,748.510009765625,,,,,,,77.80000000000003,4.322222222222224,80,4.444444444444445,,,,,,,,,,,,,,,,,,,"Kody Funderburk","24993",681892
"Brandon Eisert","PIT",1,1,0,4.10282,13,0,0,0,,13,56,12,6,6,2,5,,0,13,9.24302,3.10216,2.97954,1.10895,0.241545,0.0810677,0.16047703474760056,0.240972,1.27824,0.297492,0.70788,,,3.79063,0.025693,0.0223171,999,,,,,,,51.39999999999999,3.953846153846153,50,3.8461538461538463,,,,,,,,,,,,,,,,,,,"Brandon Eisert","27668",685126
"Karson Milbrandt","MIA",0,1,1,4.98339,6,2,0,0,,10,47,10,6,6,1,5,,1,9,7.57475,4.78405,1.58333,1.19601,0.185366,0.117073,0.06829268485307693,0.250704,1.51716,0.28839,0.690516,,,4.98126,0.02524,-0.0119025,999,,,,,,,35.7,3.5700000000000003,37,3.7,,,,,,,,,,,,,,,,,,,"Karson Milbrandt","sa3020659",703596
"Ryan Fernandez","STL",1,1,0,4.05085,13,0,0,0,,13,58,12,7,6,2,6,,0,15,10.2036,4.09099,2.49415,1.01677,0.262328,0.105177,0.1571507677435875,0.230858,1.34396,0.29795,0.720804,,,3.71846,0.0250606,-0.0162778,999,,,,,,,52.39999999999999,4.03076923076923,51,3.923076923076923,,,,,,,,,,,,,,,,,,,"Ryan Fernandez","24862",681676
"Brandon White","MIA",0,0,0,4.44491,1,1,0,0,,2,9,2,1,1,0,1,,0,2,8.5756,3.3312,2.57433,1.28674,0.221312,0.0859687,0.13534290343523026,0.235925,1.28674,0.277354,0.700805,,,4.32354,0.025049,0.0277777,999,,,,,,,10.600000000000001,5.300000000000001,11,5.5,,,,,,,,,,,,,,,,,,,"Brandon White","sa3020589",681449
"Bryan King","HOU",1,1,0,4.01558,18,0,0,3,,18,76,17,9,8,2,6,,2,16,8.22218,2.76413,2.9746,1.1934,0.217498,0.0731183,0.144379660487175,0.243121,1.23114,0.287321,0.713693,,,4.20563,0.0248037,0.029541,748.469970703125,,,,,,,84.40000000000002,4.68888888888889,84,4.666666666666667,,,,,,,,,,,,,,,,,,,"Bryan King","25890",687911
"A.J. Puk","ARI",1,0,0,3.18718,7,0,0,0,,7,27,5,3,2,1,2,,0,8,11.231,2.88364,3.89474,1.06239,0.300813,0.0772358,0.22357724606990814,0.219731,1.14671,0.295775,0.773196,,,3.31209,0.0245802,0.018174,748.5,,,,,,,36.500000000000014,5.214285714285716,32,4.571428571428571,,,,,,,,,,,,,,,,,,,"A.J. Puk","19343",640462
"Nestor German","BAL",0,0,0,4.75073,1,1,0,0,,3,11,3,1,1,0,1,,0,2,7.82991,3.07918,2.54286,1.4956,0.204128,0.0802752,0.12385322153568268,0.2525,1.32942,0.285714,0.695187,,,4.58578,0.0244808,0.090536,999,,,,,,,15.400000000000002,5.133333333333334,16,5.333333333333333,,,,,,,,,,,,,,,,,,,"Nestor German","sa3023517",815148
"Isaac Mattson","PIT",1,1,0,3.86569,14,0,0,0,,14,60,12,6,6,1,6,,1,13,8.58519,4.14983,2.06881,0.961313,0.220139,0.106409,0.11373036354780197,0.235141,1.36139,0.28666,0.738142,,,4.10382,0.0241137,0.037976,999,,,,,,,65.10000000000002,4.650000000000001,62,4.428571428571429,,,,,,,,,,,,,,,,,,,"Isaac Mattson","20385",676755
"Elmer Rodríguez","NYY",0,1,0,4.70756,6,1,0,0,,8,35,8,5,4,1,4,,0,7,7.65026,3.94568,1.9389,1.14666,0.194465,0.100297,0.09416843205690384,0.247484,1.40247,0.28672,0.681255,,,4.4929,0.0239625,-0.0270515,748.5700073242188,,,,,,,28.100000000000005,3.5125000000000006,29,3.625,,,,,,,,,,,,,,,,,,,"Elmer Rodriguez","31811",695684
"Yorman Gómez","CLE",1,1,0,4.41667,9,1,0,0,,12,51,12,6,6,2,5,,0,9,7.33333,3.58333,2.04651,1.25,0.185263,0.0905263,0.09473684430122375,0.254673,1.40741,0.289231,0.725191,,,4.59121,0.0238668,0.050196,999,,,,,,,36.000000000000014,3.0000000000000013,37,3.0833333333333335,,,,,,,,,,,,,,,,,,,"Yorman Gomez","sa3015931",691414
"Jace Beck","CHC",0,0,0,4.44491,1,1,0,0,,2,9,2,1,1,0,1,,0,2,8.57559,3.3312,2.57433,1.28674,0.221312,0.0859687,0.13534288108348846,0.235925,1.28674,0.277354,0.700805,,,4.32354,0.0232526,0.0245546,999,,,,,,,10.600000000000001,5.300000000000001,11,5.5,,,,,,,,,,,,,,,,,,,"Jace Beck","sa3011811",689476
"Jesse Scholtens","TBR",0,0,0,4.87152,3,1,0,0,,6,26,6,3,3,1,2,,0,5,7.52914,2.92935,2.57025,1.49292,0.192167,0.0747661,0.11740133911371231,0.265851,1.38533,0.299569,0.691165,,,4.6932,0.0232095,-0.0220968,999,,,,,,,20.500000000000007,3.416666666666668,21,3.5,,,,,,,,,,,,,,,,,,,"Jesse Scholtens","19205",669947
"DJ Herz","WSN",0,0,0,4.5,3,1,0,0,,5,21,4,3,2,1,3,,0,5,9,4.71951,1.90698,1.09756,0.225275,0.118132,0.107142873108387,0.237342,1.43902,0.290179,0.711538,,,4.45119,0.0230408,0.0426646,999,,,,,,,15.299999999999999,3.0599999999999996,13,2.6,,,,,,,,,,,,,,,,,,,"DJ Herz","26389",687792
"Lake Bachar","MIA",1,1,0,4.34026,18,0,0,3,,18,79,17,10,9,3,8,,1,20,9.68137,3.81169,2.53992,1.36933,0.249177,0.0981046,0.15107277780771255,0.239252,1.34122,0.293558,0.724182,,,4.38029,0.0230373,-0.0262767,999,,,,,,,77.10000000000001,4.283333333333334,76,4.222222222222222,,,,,,,,,,,,,,,,,,,"Lake Bachar","19222",669199
"Matt Strahm","KCR",1,1,0,4.40786,18,0,0,3,,18,76,17,10,9,3,6,,1,18,8.84664,2.92929,3.02007,1.43035,0.232964,0.0771387,0.15582525730133057,0.240099,1.24759,0.2828,0.697732,,,4.34632,0.0229478,-0.0170086,720.1400146484375,,,,,,,79.10000000000001,4.394444444444445,78,4.333333333333333,,,,,,,,,,,,,,,,,,,"Matt Strahm","13799",621381
"Mason Molina","STL",0,0,0,4.44491,1,1,0,0,,2,9,2,1,1,0,1,,0,2,8.57559,3.3312,2.57433,1.28674,0.221312,0.0859687,0.13534288108348846,0.235925,1.28674,0.277354,0.700805,,,4.32354,0.0228098,0.0241765,999,,,,,,,10.600000000000001,5.300000000000001,11,5.5,,,,,,,,,,,,,,,,,,,"Mason Molina","sa3025586",695766
"Ryan Thompson","ARI",1,1,0,3.59413,17,0,0,2,,17,72,17,7,7,2,5,,1,13,6.66911,2.48457,2.68421,0.860882,0.175029,0.065207,0.10982229560613632,0.254724,1.26997,0.293045,0.735788,,,3.86648,0.0227291,0.0528728,748.4299926757812,,,,,,,73.00000000000001,4.294117647058824,75,4.411764705882353,,,,,,,,,,,,,,,,,,,"Ryan Thompson","16647",657044
"Thomas Pannone","MIL",0,0,0,4.72267,5,1,0,0,,7,31,7,4,4,1,3,,0,7,8.64715,4.02902,2.14621,1.28698,0.21184,0.0987042,0.11313608288764954,0.237977,1.40641,0.278894,0.692022,,,4.56735,0.0220341,0.0112126,999,,,,,,,26.300000000000015,3.7571428571428593,27,3.857142857142857,,,,,,,,,,,,,,,,,,,"Thomas Pannone","17281",623381
"Trenton Denholm","CLE",0,1,0,4.51209,5,1,0,0,,8,33,8,4,4,1,2,,0,5,6.04297,2.41719,2.5,1.28917,0.154959,0.0619835,0.09297521039843559,0.268889,1.35184,0.292479,0.699844,,,4.54213,0.0219711,-0.0119586,999,,,,,,,30.100000000000005,3.7625000000000006,31,3.875,,,,,,,,,,,,,,,,,,,"Trenton Denholm","sa3018139",671143
"Matt Festa","CLE",1,1,0,4.22945,17,0,0,3,,17,70,15,9,8,2,6,,1,17,9.2776,3.01499,3.07716,1.16319,0.244758,0.0795401,0.16521752625703812,0.237844,1.23836,0.293445,0.688049,,,3.96893,0.021161,-0.0145468,999,,,,,,,87.20000000000002,5.129411764705884,84,4.9411764705882355,,,,,,,,,,,,,,,,,,,"Matt Festa","19330",670036
"Pete Hansen","STL",0,0,0,4.68908,1,1,0,0,,3,12,3,2,1,0,1,,0,2,6.27731,2.72269,2.30556,1.36134,0.159309,0.0690979,0.09021112322807312,0.26875,1.38655,0.292876,0.701001,,,4.71477,0.0210488,-0.0135994,999,,,,,,,15.400000000000002,5.133333333333334,16,5.333333333333333,,,,,,,,,,,,,,,,,,,"Pete Hansen","sa3020798",677337
"Julian Aguiar","CIN",0,0,0,5.29989,5,1,0,0,,7,30,7,4,4,1,2,,1,5,6.28135,2.74809,2.28571,1.47219,0.159601,0.0698254,0.08977555483579636,0.26776,1.37405,0.289199,0.647619,,,4.98541,0.0207241,-0.0251937,999,,,,,,,22.3,3.185714285714286,23,3.2857142857142856,,,,,,,,,,,,,,,,,,,"Julian Aguiar","30031",687924
"Ryan Helsley","BAL",1,0,0,3.58947,7,0,0,0,,7,30,6,3,3,1,3,,0,9,10.7517,3.46905,3.09931,1.06923,0.283886,0.0915963,0.19228952378034592,0.221579,1.22926,0.290616,0.748634,,,3.46481,0.0203861,0.015605,85.58999633789062,,,,,,,32.90000000000001,4.700000000000002,31,4.428571428571429,,,,,,,,,,,,,,,,,,,"Ryan Helsley","18138",664854
"Drew Rom","MIL",1,1,0,4.27668,11,0,0,0,,11,48,10,6,5,1,4,,1,11,9.12272,3.49811,2.6079,1.13768,0.237434,0.0910441,0.14639005064964294,0.237761,1.29585,0.291827,0.69654,,,4.08674,0.0202021,-0.0135301,999,,,,,,,50.10000000000001,4.554545454545456,49,4.454545454545454,,,,,,,,,,,,,,,,,,,"Drew Rom","24602",680723
"Blake Wehunt","BOS",0,0,0,4.62857,1,1,0,0,,2,10,2,1,1,0,1,,0,2,7.45714,3.6,2.07143,1.15714,0.187702,0.0906149,0.09708738327026367,0.252708,1.4,0.290476,0.690867,,,4.49544,0.019375,0.0302156,999,,,,,,,10.600000000000001,5.300000000000001,11,5.5,,,,,,,,,,,,,,,,,,,"Blake Wehunt","sa3023220",687762
"Jake Bird","NYY",1,0,0,4.23165,11,0,0,0,,11,48,10,6,5,1,5,,1,12,9.70298,3.63102,2.67225,0.946844,0.25391,0.0950174,0.1588926985859871,0.233212,1.27077,0.300553,0.676201,,,3.90214,0.019081,-0.0147194,999,,,,,,,49.10000000000001,4.463636363636365,48,4.363636363636363,,,,,,,,,,,,,,,,,,,"Jake Bird","21267",656234
"Chuck King","PHI",0,0,0,5.28875,3,1,0,0,,6,25,6,4,3,1,2,,0,4,6.29179,2.91793,2.15625,1.45897,0.156463,0.0725624,0.08390023559331894,0.273399,1.44883,0.29595,0.66335,,,4.88277,0.0190395,-0.0196826,999,,,,,,,18.500000000000007,3.0833333333333344,19,3.1666666666666665,,,,,,,,,,,,,,,,,,,"Chuck King","sa3023436",666155
"John Klein","MIN",1,1,0,4.89239,9,1,0,0,,11,50,12,7,6,2,4,,1,10,7.49911,3.44027,2.1798,1.27951,0.190176,0.0872448,0.10293164849281311,0.264651,1.41322,0.304366,0.677286,,,4.74889,0.0187897,-0.0204501,999,,,,,,,30.600000000000005,2.781818181818182,34,3.090909090909091,,,,,,,,,,,,,,,,,,,"John Klein","32155",804619
"Hayden Harris","ATL",1,1,0,3.99577,11,0,0,0,,11,46,9,5,5,1,4,,1,12,10.4651,3.61522,2.89474,1.14165,0.272277,0.0940594,0.1782178282737732,0.223464,1.24736,0.288136,0.711462,,,3.89197,0.0187043,0.0190695,999,,,,,,,54.70000000000001,4.9727272727272736,51,4.636363636363637,,,,,,,,,,,,,,,,,,,"Hayden Harris","31913",802686
"Will Vest","DET",1,0,0,3.44307,5,0,0,0,,5,22,5,2,2,0,2,,0,5,9.07762,2.89096,3.14,0.684194,0.241696,0.0769734,0.16472306102514267,0.230808,1.20087,0.294743,0.7173,,,3.16647,0.0186062,0.0166812,485.7300109863281,,,,,,,28,5.6,29,5.8,,,,,,,,,,,,,,,,,,,"Will Vest","19769",676684
"River Ryan","LAD",0,0,0,4.76726,1,1,0,0,,2,10,2,1,1,0,1,,0,2,7.94543,4.04494,1.96429,1.30016,0.2,0.101818,0.09818180650472641,0.246914,1.41252,0.284916,0.689655,,,4.76302,0.0184752,0.0258973,675.5399780273438,,,,,,,10.600000000000001,5.300000000000001,11,5.5,,,,,,,,,,,,,,,,,,,"River Ryan","29514",689981
"Marco Gonzales","TEX",0,0,0,4.74368,7,1,0,0,,8,37,8,5,4,1,4,,0,8,8.65256,4.0818,2.11979,1.287,0.211163,0.099615,0.11154784262180328,0.238126,1.41546,0.279005,0.691428,,,4.58579,0.0183751,-0.00575062,999,,,,,,,30.100000000000005,3.7625000000000006,31,3.875,,,,,,,,,,,,,,,,,,,"Marco Gonzales","15467",594835
"Kyle Hurt","LAD",1,1,0,4.61095,13,0,0,0,,13,57,12,7,7,2,7,,1,15,10.1813,4.78911,2.12593,1.18841,0.25715,0.120959,0.1361910104751587,0.232878,1.42075,0.296403,0.69899,,,4.3139,0.0183091,-0.0126865,999,,,,,,,46.39999999999999,3.5692307692307685,45,3.4615384615384617,,,,,,,,,,,,,,,,,,,"Kyle Hurt","27514",669165
"Dedniel Núñez","NYM",1,1,0,4.16894,13,0,0,0,,13,56,12,6,6,2,5,,0,14,9.3188,3.67847,2.53333,1.22616,0.24359,0.0961538,0.14743589609861374,0.241135,1.33515,0.295918,0.738095,,,4.03616,0.0182893,0.0125758,999,,,,,,,53.39999999999999,4.107692307692307,52,4,,,,,,,,,,,,,,,,,,,"Dedniel Nunez","23055",673380
"Lucas Erceg","KCR",2,2,0,4.44664,19,0,0,4,,19,85,19,10,10,2,9,,2,17,7.71972,4.28111,1.8032,0.822914,0.194642,0.107942,0.08669967204332352,0.250725,1.43756,0.301483,0.687661,,,4.29402,0.0179681,0.0258449,490.70001220703125,,,,,,,83.6,4.3999999999999995,86,4.526315789473684,,,,,,,,,,,,,,,,,,,"Lucas Erceg","19360",668674
"Cionel Pérez","NYM",1,1,0,4.41964,18,0,0,3,,18,80,17,10,9,2,9,,1,17,8.18018,4.33162,1.88848,0.95835,0.208088,0.110188,0.09789961576461792,0.238022,1.3973,0.285746,0.691806,,,4.23463,0.0172514,-0.0598824,999,,,,,,,80.40000000000002,4.466666666666668,80,4.444444444444445,,,,,,,,,,,,,,,,,,,"Cionel Perez","19614",672335
"CJ Van Eyk","TOR",1,1,0,4.91239,13,1,0,0,,15,67,16,9,8,2,6,,1,10,5.91818,3.32422,1.78032,1.14864,0.149306,0.0838648,0.06544140726327896,0.271253,1.44181,0.298194,0.671765,,,4.80522,0.0167003,-0.0398536,999,,,,,,,43.800000000000004,2.9200000000000004,48,3.2,,,,,,,,,,,,,,,,,,,"CJ Van Eyk","27568",669310
"Andrew Nardi","MIA",1,1,0,4.02049,9,0,0,0,,9,37,7,4,4,1,4,,0,10,11.0637,4.01549,2.75524,1.2215,0.286026,0.103812,0.1822146400809288,0.228867,1.31698,0.301283,0.737742,,,3.89442,0.01599,0.0194412,999,,,,,,,44.10000000000001,4.900000000000001,40,4.444444444444445,,,,,,,,,,,,,,,,,,,"Andrew Nardi","25942",677053
"Taylor Clarke","ARI",1,1,0,4.13383,19,0,0,4,,19,81,20,9,9,2,5,,1,13,6.28285,2.3537,2.66936,1.13889,0.163405,0.061215,0.10218963027000427,0.264525,1.30961,0.293718,0.715577,,,4.28868,0.0158057,0.0790546,999,,,,,,,88,4.631578947368421,93,4.894736842105263,,,,,,,,,,,,,,,,,,,"Taylor Clarke","17611",664199
"Joe Mantiply","TOR",0,0,0,4.05075,7,0,0,0,,7,29,7,3,3,1,2,,0,6,7.60935,2.20067,3.45775,0.976353,0.199175,0.0576025,0.14157233387231827,0.260372,1.2776,0.306794,0.70033,,,3.66075,0.0153448,0.016396,999,,,,,,,27.3,3.9,28,4,,,,,,,,,,,,,,,,,,,"Joe Mantiply","14857",573009
"Luis Gastelum","STL",1,2,0,4.56647,18,0,0,4,,18,77,17,10,9,3,6,,1,18,8.99526,2.99408,3.00435,1.41893,0.233741,0.0778008,0.1559399887919426,0.249118,1.30314,0.29681,0.694402,,,4.30157,0.0152677,-0.0512482,999,,,,,,,83.10000000000001,4.616666666666667,82,4.555555555555555,,,,,,,,,,,,,,,,,,,"Luis Gastelum","33027",703725
"Matt Svanson","STL",1,1,0,3.96188,17,0,0,2,,17,74,16,8,8,2,6,,1,16,8.16596,3.34696,2.43981,0.991691,0.212595,0.0871356,0.12545906752347946,0.242157,1.29823,0.290667,0.71658,,,4.05493,0.0151838,0.0145807,528.7999877929688,,,,,,,78.60000000000002,4.623529411764707,78,4.588235294117647,,,,,,,,,,,,,,,,,,,"Matt Svanson","29629",694335
"Robert Garcia","TEX",1,0,0,3.7216,5,0,0,0,,5,22,5,2,2,1,2,,0,6,9.83689,3.41648,2.87925,0.850897,0.259489,0.0901241,0.16936518251895905,0.225473,1.23662,0.291751,0.712833,,,3.38619,0.0151401,0.0156468,232.1199951171875,,,,,,,17.7,3.54,18,3.6,,,,,,,,,,,,,,,,,,,"Robert Garcia","23363",676395
"Félix Bautista","BAL",0,0,0,3.37802,4,0,0,0,,4,16,3,2,1,0,2,,0,5,12.0643,4.10188,2.94118,0.965147,0.331126,0.112583,0.21854304522275925,0.195489,1.15281,0.278481,0.748663,,,3.27058,0.0149583,0.0000352158,999,,,,,,,25.8,6.45,24,6,,,,,,,,,,,,,,,,,,,"Felix Bautista","20666",642585
"John Schreiber","KCR",1,1,0,4.62365,20,0,1,4,,20,86,19,11,10,3,8,,1,17,7.7893,3.44899,2.25843,1.18196,0.199973,0.0885453,0.11142778396606445,0.250212,1.3592,0.290877,0.681325,,,4.36811,0.0149505,-0.00769364,999,,,,,,,89.69999999999999,4.484999999999999,89,4.45,,,,,,,,,,,,,,,,,,,"John Schreiber","20020",670167
"Jason Adam","SDP",1,1,0,3.76383,14,0,0,0,,14,58,12,6,6,2,5,,1,13,8.21395,3.04262,2.69963,1.05879,0.219979,0.0814848,0.13849424570798874,0.226181,1.18011,0.269037,0.71453,,,4.09173,0.0148469,0.0273119,999,,,,,,,55.800000000000026,3.9857142857142875,52,3.7142857142857144,,,,,,,,,,,,,,,,,,,"Jason Adam","11861",592094
"Cody Laweryson","MIN",1,1,0,4.5242,15,0,0,0,,15,65,15,8,8,2,5,,1,14,8.24198,3.1498,2.61667,1.18118,0.212116,0.0810636,0.13105275481939316,0.254852,1.34694,0.302181,0.688221,,,4.20049,0.0145681,-0.00991924,999,,,,,,,57.400000000000006,3.826666666666667,59,3.933333333333333,,,,,,,,,,,,,,,,,,,"Cody Laweryson","26429",689520
"Codi Heuer","CLE",1,1,0,3.73109,12,0,0,0,,12,53,12,5,5,1,5,,1,12,8.85507,3.65886,2.42017,1.01464,0.226775,0.093702,0.1330725997686386,0.248368,1.36576,0.306092,0.757616,,,4.03725,0.0143481,0.0316318,999,,,,,,,51.30000000000001,4.275000000000001,53,4.416666666666667,,,,,,,,,,,,,,,,,,,"Codi Heuer","23293",676051
"Paxton Schultz","WSN",1,1,0,4.51352,15,0,0,0,,15,66,15,8,8,2,6,,0,14,8.21537,3.49914,2.34783,1.20108,0.208025,0.0886032,0.11942169070243835,0.258854,1.4171,0.3058,0.708782,,,4.26543,0.0139208,-0.0110944,999,,,,,,,57.400000000000006,3.826666666666667,59,3.933333333333333,,,,,,,,,,,,,,,,,,,"Paxton Schultz","25501",687606
"David Morgan","SDP",1,1,0,4.05877,16,0,0,0,,16,68,14,8,7,2,7,,2,17,9.40466,3.86805,2.43137,1.00764,0.244089,0.100391,0.14369739592075348,0.233441,1.30663,0.29427,0.710018,,,4.04995,0.0134993,-0.00508632,999,,,,,,,64.4,4.025,61,3.8125,,,,,,,,,,,,,,,,,,,"David Morgan","31616",688158
"Brody Hopkins","TBR",0,0,0,4.8,1,1,0,0,,2,11,2,1,1,0,1,,0,2,7.88571,4.2,1.87755,1.2,0.197425,0.10515,0.09227467328310013,0.244444,1.40952,0.284281,0.67757,,,4.83353,0.0134016,0.027004,999,,,,,,,10.600000000000001,5.300000000000001,11,5.5,,,,,,,,,,,,,,,,,,,"Brody Hopkins","sa3023515",811315
"Joe Whitman","SFG",0,1,0,4.71845,5,1,0,0,,7,31,7,4,4,1,3,,0,5,6.72816,3.32039,2.02632,1.13592,0.16849,0.083151,0.08533917367458344,0.26087,1.41748,0.29321,0.688576,,,4.50778,0.0133115,0.00795205,999,,,,,,,22.3,3.185714285714286,23,3.2857142857142856,,,,,,,,,,,,,,,,,,,"Joe Whitman","sa3023131",802126
"Gordon Graceffo","STL",1,1,0,4.51688,19,0,0,4,,19,84,20,11,10,2,7,,1,15,7.00078,3.3517,2.08872,0.997457,0.178846,0.0856246,0.09322158247232437,0.256378,1.38336,0.294686,0.682173,,,4.21319,0.0132776,-0.0956484,999,,,,,,,86,4.526315789473684,91,4.7894736842105265,,,,,,,,,,,,,,,,,,,"Gordon Graceffo","29519",700669
"Ryan Watson","BOS",1,1,0,4.47156,18,0,0,2,,18,78,19,10,9,2,6,,1,15,7.26351,3.06005,2.37366,1.15986,0.185476,0.0781393,0.10733645409345627,0.263762,1.38428,0.302789,0.701277,,,4.34727,0.0130317,-0.0140424,999,,,,,,,76.20000000000002,4.233333333333334,81,4.5,,,,,,,,,,,,,,,,,,,"Ryan Watson","27853",670245
"C.J. Culpepper","MIN",0,0,0,4.82806,3,1,0,0,,5,21,5,3,3,1,2,,0,4,6.9326,4.20908,1.64706,0.990371,0.170732,0.103659,0.06707317382097244,0.253472,1.4718,0.290179,0.678497,,,4.6503,0.0128337,0.0129599,999,,,,,,,13.7,2.7399999999999998,14,2.8,,,,,,,,,,,,,,,,,,,"C.J. Culpepper","sa3020563",690217
"Yerry De los Santos","NYY",0,0,0,4.18947,10,0,0,0,,10,43,10,5,5,1,4,,0,8,7.14886,3.47782,2.05556,0.869455,0.184411,0.0897135,0.09469752013683319,0.245612,1.34116,0.286401,0.692575,,,4.03745,0.0126917,0.000580838,999,,,,,,,39.7,3.97,41,4.1,,,,,,,,,,,,,,,,,,,"Yerry De los Santos","21420",660787
"Nick Mears","KCR",1,1,0,4.5316,11,0,0,0,,11,47,10,6,5,1,5,,0,10,8.11275,4.06274,1.99687,0.904247,0.205884,0.103104,0.10278060287237167,0.244523,1.40782,0.294194,0.679096,,,4.01397,0.0123319,-0.00733939,999,,,,,,,48.10000000000001,4.372727272727274,47,4.2727272727272725,,,,,,,,,,,,,,,,,,,"Nick Mears","25376",683232
"Taylor Rashi","MIN",0,0,0,3.98886,8,0,0,0,,8,34,8,4,3,1,3,,0,8,8.96739,3.81318,2.35168,0.991194,0.228586,0.0972009,0.1313847303390503,0.246164,1.38537,0.304107,0.733947,,,3.90527,0.0121539,0.00276742,999,,,,,,,33.10000000000001,4.137500000000001,34,4.25,,,,,,,,,,,,,,,,,,,"Taylor Rashi","26344",688497
"James Karinchak","ATL",1,1,0,4.30801,15,0,0,0,,15,68,13,8,7,2,9,,0,18,10.8257,5.27061,2.05397,1.23817,0.272971,0.132899,0.1400715559720993,0.221011,1.42557,0.285513,0.734228,,,4.31072,0.0121324,-0.00990033,999,,,,,,,61.60000000000001,4.106666666666667,58,3.8666666666666667,,,,,,,,,,,,,,,,,,,"James Karinchak","20151",675916
"Hayden Juenger","ATH",1,1,0,4.81849,17,0,0,2,,17,77,18,10,9,2,8,,1,14,7.22276,3.97395,1.81753,0.968873,0.180172,0.0991303,0.08104179799556732,0.26442,1.48646,0.308154,0.677162,,,4.41177,0.0119704,-0.0332759,999,,,,,,,63.40000000000002,3.7294117647058833,68,4,,,,,,,,,,,,,,,,,,,"Hayden Juenger","29640",696522
"Brendan Beck","NYY",1,1,0,4.83109,9,1,0,0,,11,46,11,6,6,2,3,,0,8,7.01371,2.57456,2.72423,1.49167,0.182626,0.0670376,0.11558856815099716,0.257431,1.3019,0.283269,0.671522,,,4.66912,0.0119428,-0.0421132,999,,,,,,,35.2,3.2,36,3.272727272727273,,,,,,,,,,,,,,,,,,,"Brendan Beck","33043",694341
"Justin Steele","CHC",0,0,0,3.52264,4,0,0,0,,4,17,4,2,2,0,1,,0,4,8.35764,2.4175,3.45714,0.966999,0.22366,0.064695,0.1589648798108101,0.237052,1.18189,0.286104,0.736607,,,3.54718,0.0117161,-0.0000103394,605.5,,,,,,,24.200000000000003,6.050000000000001,25,6.25,,,,,,,,,,,,,,,,,,,"Justin Steele","17312",657006
"Hunter Stratton","PIT",0,0,0,4.24127,9,0,0,0,,9,37,8,4,4,1,3,,1,8,7.98449,3.12306,2.55662,1.047,0.206267,0.0806794,0.12558729201555252,0.25374,1.3318,0.3018,0.701126,,,4.10762,0.0116836,0.0200922,999,,,,,,,37.500000000000014,4.166666666666668,36,4,,,,,,,,,,,,,,,,,,,"Hunter Stratton","23455",676702
"Tyler Samaniego","BOS",1,1,0,3.98767,12,0,0,0,,12,50,11,6,5,1,5,,1,10,7.64752,3.58869,2.131,0.8149,0.196788,0.0923452,0.10444281995296478,0.246838,1.34983,0.295434,0.709876,,,3.98209,0.0113424,0.0101383,999,,,,,,,49.90000000000001,4.158333333333334,49,4.083333333333333,,,,,,,,,,,,,,,,,,,"Tyler Samaniego","30081",701719
"Mike Paredes","MIN",0,1,0,4.89875,7,1,0,0,,12,54,14,7,7,2,4,,1,8,6.03605,3.06262,1.97087,1.33804,0.15221,0.0772299,0.07498045265674591,0.274473,1.44336,0.298295,0.689531,,,4.86322,0.0113347,-0.0118773,999,,,,,,,28.80000000000002,2.4000000000000017,35,2.9166666666666665,,,,,,,,,,,,,,,,,,,"Mike Paredes","30187",702474
"Ryan Sloan","SEA",0,0,0,4.70876,4,1,0,0,,6,27,6,3,3,1,3,,0,6,8.64356,3.99407,2.1641,1.28697,0.212292,0.098097,0.11419475078582764,0.237878,1.40042,0.27882,0.69242,,,4.55514,0.011242,0.015752,999,,,,,,,19.500000000000007,3.2500000000000013,20,3.3333333333333335,,,,,,,,,,,,,,,,,,,"Ryan Sloan","sa3067131",815549
"Shawn Armstrong","CLE",1,0,0,3.90126,12,0,0,0,,12,49,11,5,5,1,5,,1,12,9.16856,3.51478,2.60857,1.0946,0.238159,0.0912986,0.14686031639575958,0.239124,1.304,0.295498,0.734597,,,4.0258,0.0109744,0.0316318,748.469970703125,,,,,,,53.90000000000001,4.491666666666668,53,4.416666666666667,,,,,,,,,,,,,,,,,,,"Shawn Armstrong","12857",542888
"Yimi García","TOR",0,0,0,4.0806,7,0,0,0,,7,28,6,3,3,1,2,,0,7,9.52141,3.4005,2.8,1.1335,0.25,0.0892857,0.160714291036129,0.226667,1.23426,0.281553,0.714286,,,3.99134,0.0108693,0.016396,999,,,,,,,31.900000000000013,4.557142857142859,30,4.285714285714286,,,,,,,,,,,,,,,,,,,"Yimi Garcia","12095",554340
"Edwin Uceta","TBR",0,0,0,3.69166,4,0,0,0,,4,16,3,2,2,0,1,,0,5,11.075,3.43706,3.22222,1.14569,0.294915,0.0915254,0.20338983088731766,0.21374,1.17397,0.283133,0.738636,,,3.70378,0.0102489,0.00145813,572.6900024414062,,,,,,,28.8,7.2,27,6.75,,,,,,,,,,,,,,,,,,,"Edwin Uceta","20539",670955
"Garrett Hawkins","SDP",1,1,0,4.15631,9,0,0,0,,9,38,8,4,4,1,4,,0,9,9.59147,3.67673,2.6087,1.27886,0.245902,0.0942623,0.15163934975862503,0.236364,1.33215,0.289474,0.736677,,,4.1044,0.010237,0.0130001,999,,,,,,,39.500000000000014,4.38888888888889,38,4.222222222222222,,,,,,,,,,,,,,,,,,,"Garrett Hawkins","sa3017383",678184
"Kyle Hart","SDP",1,1,0,4.34596,19,0,0,3,,19,80,19,10,9,3,6,,1,17,8.19902,2.98313,2.74847,1.2689,0.212181,0.0771999,0.13498134166002274,0.25479,1.32351,0.2995,0.709188,,,4.32033,0.0102093,-0.0260455,999,,,,,,,79.29999999999998,4.173684210526315,81,4.2631578947368425,,,,,,,,,,,,,,,,,,,"Kyle Hart","19646",606996
"Cole Sands","MIN",1,1,0,4.26016,10,0,0,0,,10,44,10,5,5,1,3,,1,10,8.71153,2.8616,3.04428,1.18266,0.229057,0.0752417,0.15381521731615067,0.24345,1.25447,0.293035,0.691225,,,4.01901,0.00992563,0.00345928,735.4400024414062,,,,,,,43.7,4.37,45,4.5,,,,,,,,,,,,,,,,,,,"Cole Sands","21461",663485
"Jonathan Pintaro","NYM",1,1,0,4.38835,15,0,0,0,,15,66,15,8,7,2,6,,2,15,8.74767,3.68695,2.3726,1.13134,0.223037,0.0940051,0.12903166562318802,0.253793,1.3852,0.309462,0.70724,,,4.34207,0.00985198,-0.0193732,999,,,,,,,53.400000000000006,3.5600000000000005,55,3.6666666666666665,,,,,,,,,,,,,,,,,,,"Jonathan Pintaro","33980",702752
"Mason Black","KCR",0,1,0,5.05981,8,1,0,0,,10,46,11,6,6,1,5,,1,9,7.40435,4.0761,1.81653,1.27336,0.185295,0.102005,0.0832899734377861,0.2606,1.47164,0.297878,0.675706,,,4.89587,0.0097197,-0.0283442,999,,,,,,,33.1,3.31,37,3.7,,,,,,,,,,,,,,,,,,,"Mason Black","30171",696131
"Will Dion","CLE",1,1,0,4.00686,14,0,0,0,,14,60,14,7,6,2,4,,0,12,7.84514,2.75165,2.85106,1.14164,0.20398,0.0715451,0.13243462890386581,0.253383,1.30489,0.296226,0.72826,,,4.0058,0.00945744,0.000690569,999,,,,,,,54.6,3.9,56,4,,,,,,,,,,,,,,,,,,,"Will Dion","30061",702021
"Gerardo Carrillo","ARI",1,1,0,4.17524,16,0,0,1,,16,69,15,8,7,2,7,,2,14,8.08053,3.98825,2.02609,0.953711,0.205547,0.10145,0.10409651696681976,0.249984,1.39781,0.30148,0.715156,,,4.33895,0.00938448,0.0218319,999,,,,,,,59.80000000000001,3.7375000000000007,59,3.6875,,,,,,,,,,,,,,,,,,,"Gerardo Carrillo","22754",672629
"Ben Lively","CLE",0,0,0,4.56907,4,1,0,0,,7,28,7,4,3,1,2,,0,5,6.58796,3.18772,2.06667,1.38135,0.17033,0.0824176,0.08791209012269974,0.259819,1.36954,0.285156,0.715746,,,4.80984,0.00934807,0.0910256,999,,,,,,,25.3,3.6142857142857143,26,3.7142857142857144,,,,,,,,,,,,,,,,,,,"Ben Lively","14932",594902
"Rico Garcia","BAL",1,1,0,4.57872,19,0,1,4,,19,84,18,11,10,3,8,,0,21,9.90016,3.80095,2.60465,1.57145,0.253036,0.0971479,0.15588856488466263,0.24282,1.37035,0.29412,0.725964,,,4.50876,0.00922149,-0.0914418,999,,,,,,,95.89999999999999,5.0473684210526315,95,5,,,,,,,,,,,,,,,,,,,"Rico Garcia","20023",670329
"Bradley Blalock","MIA",0,1,0,5.22212,7,1,0,0,,11,49,12,7,6,2,4,,0,7,5.95648,3.6718,1.62222,1.38713,0.148374,0.0914634,0.056910574436187744,0.27027,1.49592,0.29096,0.679887,,,5.09522,0.00882758,-0.00618862,999,,,,,,,27.600000000000005,2.5090909090909097,31,2.8181818181818183,,,,,,,,,,,,,,,,,,,"Bradley Blalock","26419",687134
"Sam Aldegheri","LAA",1,2,1,5.49914,13,2,0,0,,20,90,21,13,12,3,9,,1,15,6.85156,4.2198,1.62367,1.39725,0.169206,0.104212,0.06499402225017548,0.268319,1.53237,0.298077,0.660235,,,5.21214,0.00844228,-0.133619,999,,,,,,,56.49999999999999,2.8249999999999997,61,3.05,,,,,,,,,,,,,,,,,,,"Sam Aldegheri","26443",691951
"Alex Hoppe","SEA",1,1,0,4.06955,17,0,0,2,,17,73,16,8,8,2,8,,1,17,9.07453,4.15916,2.18182,1.00828,0.230746,0.105758,0.12498728185892105,0.241064,1.39566,0.298486,0.729864,,,4.04098,0.00805844,0.00219127,999,,,,,,,74.60000000000002,4.388235294117648,74,4.352941176470588,,,,,,,,,,,,,,,,,,,"Alex Hoppe","31880",695380
"Wilber Dotel","PIT",1,2,0,4.52996,21,1,0,4,,23,100,23,12,11,3,9,,1,18,7.28372,3.44483,2.11439,1.1504,0.184997,0.0874943,0.09750290215015411,0.26022,1.40738,0.298894,0.700312,,,4.46421,0.00758876,0.0782693,999,,,,,,,95.50000000000001,4.1521739130434785,98,4.260869565217392,,,,,,,,,,,,,,,,,,,"Wilber Dotel","28901",696062
"Wandy Peralta","SDP",1,1,0,4.0807,18,0,0,2,,18,78,17,9,8,2,8,,1,14,6.85364,3.83669,1.78634,0.802831,0.17627,0.0986767,0.07759378850460052,0.242003,1.35499,0.281066,0.700876,,,4.19425,0.00711996,-0.0057221,999,,,,,,,73.40000000000002,4.077777777777779,73,4.055555555555555,,,,,,,,,,,,,,,,,,,"Wandy Peralta","14295",593974
"Joel Kuhnel","MIL",1,1,0,4.02717,10,0,0,0,,10,42,10,5,4,1,3,,1,7,6.47182,2.30104,2.81257,1.19294,0.170318,0.0605559,0.10976169630885124,0.257759,1.25923,0.28635,0.719834,,,4.38063,0.00705949,0.0016062,999,,,,,,,37.7,3.7700000000000005,39,3.9,,,,,,,,,,,,,,,,,,,"Joel Kuhnel","19995",669270
"Luke Little","CHC",0,0,0,4.18003,6,0,0,0,,6,26,5,3,3,1,3,,1,7,10.0223,5.18988,1.93113,0.900724,0.256673,0.132913,0.12375941872596741,0.214547,1.36127,0.280157,0.701331,,,4.22808,0.0068182,-0.0000155091,999,,,,,,,21.10000000000001,3.516666666666668,19,3.1666666666666665,,,,,,,,,,,,,,,,,,,"Luke Little","28036",681432
"Ryan Lambert","NYM",0,0,0,4.52716,9,0,0,0,,9,39,7,5,4,1,5,,1,10,10.1408,4.88934,2.07407,1.08652,0.256881,0.123853,0.13302751630544662,0.223404,1.38833,0.285714,0.693069,,,4.23649,0.00656449,-0.0178703,999,,,,,,,38.10000000000001,4.233333333333334,34,3.7777777777777777,,,,,,,,,,,,,,,,,,,"Ryan Lambert","sa3025613",822038
"Rob Zastryzny","MIL",0,0,0,4.0806,5,0,0,0,,5,23,5,3,2,1,2,,0,5,7.93451,2.9471,2.69231,1.1335,0.208333,0.077381,0.1309523731470108,0.24183,1.25945,0.283186,0.72093,,,4.11728,0.00625606,-0.0144303,999,,,,,,,15.7,3.1399999999999997,16,3.2,,,,,,,,,,,,,,,,,,,"Rob Zastryzny","15094",642239
"Tristan Beck","SFG",0,0,0,4.24085,12,0,0,0,,12,51,12,6,6,1,4,,1,9,6.95378,2.75388,2.52508,1.08682,0.180786,0.0715962,0.1091902107000351,0.256139,1.30866,0.291912,0.698914,,,4.21189,0.00603344,-0.00118395,999,,,,,,,48.30000000000001,4.025000000000001,50,4.166666666666667,,,,,,,,,,,,,,,,,,,"Tristan Beck","21584",663941
"Justin Hagenman","NYM",0,0,0,4.37722,4,0,0,0,,4,17,4,2,2,1,1,,0,3,7.79359,2.13523,3.65,1.28114,0.204482,0.0560224,0.14845937117934227,0.257485,1.25741,0.297189,0.695067,,,4.04685,0.00548251,-0.0009837419,999,,,,,,,9.9,2.475,10,2.5,,,,,,,,,,,,,,,,,,,"Justin Hagenman","21546",663795
"Nate Lavender","NYM",1,0,0,4.37143,7,0,0,0,,7,29,6,3,3,1,3,,1,7,9.77143,4.62857,2.11111,1.02857,0.246753,0.116883,0.12987012416124344,0.225564,1.37143,0.285714,0.707547,,,4.22401,0.00540056,0.0140926,999,,,,,,,25.900000000000013,3.700000000000002,24,3.4285714285714284,,,,,,,,,,,,,,,,,,,"Nate Lavender","sa3017917",681320
"Joey Gerber","NYM",0,0,0,4.43598,8,0,0,0,,8,34,8,4,4,1,3,,0,7,8.37723,3.0916,2.70968,1.22999,0.217213,0.0801618,0.13705076277256012,0.248932,1.31462,0.294479,0.693386,,,4.17719,0.00535193,-0.00196748,999,,,,,,,31.100000000000005,3.8875000000000006,32,4,,,,,,,,,,,,,,,,,,,"Joey Gerber","24591",680702
"Drey Jameson","ARI",1,1,0,4.01935,10,0,0,0,,10,43,10,5,4,1,4,,0,8,7.66597,3.76085,2.03836,0.923379,0.194726,0.0955308,0.09919566661119461,0.252423,1.40548,0.299178,0.729134,,,4.12501,0.00522285,0.00426827,999,,,,,,,39.7,3.97,41,4.1,,,,,,,,,,,,,,,,,,,"Drey Jameson","26260",686753
"Tanner Banks","PHI",0,0,0,4.45992,5,0,0,0,,5,19,5,2,2,1,1,,0,4,8.432,2.70752,3.11429,1.39244,0.22019,0.0707031,0.14948664605617523,0.250237,1.28438,0.29196,0.698406,,,4.22067,0.00522017,0.0177339,999,,,,,,,16.7,3.34,17,3.4,,,,,,,,,,,,,,,,,,,"Tanner Banks","16990",621383
"Joe Rock","CHW",0,1,0,4.74954,12,0,0,0,,12,54,13,7,6,1,5,,1,10,7.65952,3.52908,2.1704,1.03832,0.191864,0.0884003,0.10346361249685287,0.269526,1.46648,0.31758,0.684206,,,4.25632,0.00486185,-0.026994,999,,,,,,,44.70000000000002,3.7250000000000014,49,4.083333333333333,,,,,,,,,,,,,,,,,,,"Joe Rock","30016",697812
"Kervin Castro","NYY",1,1,0,4.53628,14,0,0,0,,14,61,13,8,7,2,7,,1,13,8.47264,4.24551,1.99567,1.01084,0.216035,0.108252,0.10778319835662842,0.238037,1.38602,0.287731,0.682109,,,4.23696,0.00448665,-0.0298424,999,,,,,,,47.20000000000003,3.3714285714285737,46,3.2857142857142856,,,,,,,,,,,,,,,,,,,"Kervin Castro","21656",665645
"Carlos Rodriguez","MIL",0,0,0,4.63945,8,0,0,0,,8,33,7,4,4,1,3,,0,7,8.17097,3.71339,2.2004,1.21775,0.20984,0.0953644,0.11447587609291077,0.245154,1.35635,0.288068,0.682163,,,4.48366,0.00444454,0.00128496,999,,,,,,,33.7,4.2125,32,4,,,,,,,,,,,,,,,,,,,"Carlos Rodriguez","30161",692230
"Luis Gil","NYY",0,1,0,5.09418,7,1,0,0,,9,38,8,5,5,1,4,,1,8,8.84632,4.61344,1.91751,1.56888,0.223771,0.116699,0.10707219690084457,0.237248,1.41919,0.274873,0.684131,,,5.1239,0.00442366,-0.0421326,376.5,,,,,,,34.500000000000014,3.833333333333335,33,3.6666666666666665,,,,,,,,,,,,,,,,,,,"Luis Gil","21052",661563
"Dylan Ross","NYM",0,0,0,4.09091,4,0,0,0,,4,18,4,2,2,1,2,,0,4,9.49091,4.25455,2.23077,1.14545,0.248927,0.111588,0.1373390629887581,0.228155,1.32727,0.283688,0.727848,,,4.12791,0.00438519,-0.0009837419,999,,,,,,,8.9,2.225,9,2.25,,,,,,,,,,,,,,,,,,,"Dylan Ross","sa3025659",697811
"Angel Chivilli","NYY",1,1,0,4.77426,17,0,0,2,,17,71,16,10,9,3,6,,1,16,8.88299,3.21046,2.76689,1.39915,0.230839,0.0834292,0.1474103257060051,0.245455,1.30327,0.2915,0.669355,,,4.41488,0.00434814,-0.0637916,999,,,,,,,66.30000000000001,3.900000000000001,65,3.823529411764706,,,,,,,,,,,,,,,,,,,"Angel Chivilli","26790",683409
"Sammy Peralta","LAA",0,1,0,5.81746,6,0,0,0,,6,27,7,4,4,1,2,,0,5,7.67701,2.98075,2.57553,1.21788,0.186955,0.072589,0.114366315305233,0.303627,1.59211,0.355693,0.634164,,,4.39212,0.00431654,-0.0273503,999,,,,,,,17.90000000000001,2.9833333333333347,21,3.5,,,,,,,,,,,,,,,,,,,"Sammy Peralta","25589",671111
"Carter Baumler","TEX",0,0,0,4.90892,7,0,0,0,,7,32,7,4,4,1,4,,0,7,8.23495,4.67851,1.76016,0.988954,0.208108,0.118232,0.08987583220005035,0.236088,1.42564,0.28306,0.6548,,,4.38818,0.0041353,-0.0152629,999,,,,,,,23.300000000000015,3.3285714285714305,24,3.4285714285714284,,,,,,,,,,,,,,,,,,,"Carter Baumler","30231",691945
"José Leclerc","SDP",0,0,0,4.23983,7,0,0,0,,7,32,6,4,3,1,4,,0,8,9.82869,4.62527,2.125,1.15632,0.251232,0.118227,0.13300491869449615,0.231638,1.39186,0.291667,0.724382,,,4.26604,0.00412974,-0.0179282,999,,,,,,,27.900000000000013,3.9857142857142875,26,3.7142857142857144,,,,,,,,,,,,,,,,,,,"Jose Leclerc","14524",600917
"Grant Holman","PHI",0,0,0,4.00468,4,0,0,0,,4,17,4,2,2,0,1,,0,3,7.37705,3.37237,2.1875,1.05386,0.190217,0.0869565,0.10326087474822998,0.246988,1.33489,0.285714,0.72,,,4.25727,0.00412867,0.00208217,999,,,,,,,22.200000000000003,5.550000000000001,23,5.75,,,,,,,,,,,,,,,,,,,"Grant Holman","30002",680880
"Paul Gervase","LAD",1,1,0,4.65168,11,0,0,0,,11,47,9,6,6,2,6,,1,12,9.85787,4.675,2.10863,1.28921,0.25047,0.118783,0.13168694078922272,0.2313,1.39606,0.287441,0.697826,,,4.5306,0.00408753,-0.0130758,999,,,,,,,36.400000000000006,3.3090909090909095,32,2.909090909090909,,,,,,,,,,,,,,,,,,,"Paul Gervase","31571",801434
"Jake Bloss","TOR",0,0,0,4.74378,4,1,0,0,,5,24,6,3,3,1,2,,0,4,6.98389,3.95315,1.76667,1.44949,0.17377,0.0983607,0.07540982961654663,0.259124,1.47877,0.285714,0.724299,,,5.01309,0.0035772,0.0107738,999,,,,,,,11.1,2.2199999999999998,14,2.8,,,,,,,,,,,,,,,,,,,"Jake Bloss","33168",814005
"Yosver Zulueta","BAL",0,0,0,4.00329,3,0,0,0,,3,14,3,2,1,0,2,,0,4,9.9341,4.44811,2.23333,0.889621,0.254753,0.114068,0.14068443328142166,0.216814,1.30148,0.281046,0.708215,,,4.01582,0.00349577,-0.0152346,999,,,,,,,16.400000000000002,5.466666666666668,17,5.666666666666667,,,,,,,,,,,,,,,,,,,"Yosver Zulueta","27765",691172
"Samy Natera Jr.","LAA",1,1,0,4.79614,20,0,1,4,,20,88,17,11,10,3,12,,2,23,10.4158,5.41761,1.92258,1.24663,0.259252,0.134846,0.12440593540668488,0.233342,1.48411,0.299287,0.701344,,,4.64633,0.00347927,-0.0272494,999,,,,,,,91.89999999999999,4.595,86,4.3,,,,,,,,,,,,,,,,,,,"Samy Natera Jr.","31936",696519
"Tyler Davis","CHW",1,2,0,4.85813,15,0,0,1,,15,69,15,9,8,2,8,,0,14,8.19071,4.92984,1.66146,1.05273,0.20244,0.121845,0.08059533685445786,0.248207,1.52373,0.295694,0.688985,,,4.50052,0.0033367,-0.0589458,999,,,,,,,55.400000000000006,3.693333333333334,57,3.8,,,,,,,,,,,,,,,,,,,"Tyler Davis","34847",699823
"Josh Walker","BAL",1,1,0,4.4458,14,0,0,0,,14,61,14,7,7,2,6,,1,13,8.31668,3.79565,2.19111,1.24835,0.20959,0.0956546,0.11393525451421738,0.257409,1.43747,0.304184,0.724323,,,4.45366,0.00294083,0.000123255,999,,,,,,,47.60000000000003,3.400000000000002,49,3.5,,,,,,,,,,,,,,,,,,,"Josh Walker","23617",677020
"Max Kranick","WSN",0,1,0,5.33559,18,0,0,4,,18,81,21,12,11,3,6,,1,14,6.76006,3.04713,2.2185,1.34088,0.169514,0.0764093,0.09310486912727356,0.278032,1.46518,0.310161,0.65318,,,4.68104,0.00257373,-0.198319,999,,,,,,,64.70000000000002,3.5944444444444454,74,4.111111111111111,,,,,,,,,,,,,,,,,,,"Max Kranick","22175",668820
"Nolan Hoffman","PHI",0,1,0,5.05997,7,0,0,0,,7,32,7,4,4,1,3,,1,7,8.41819,3.97449,2.11806,1.21443,0.211728,0.0999634,0.11176460981369019,0.25914,1.44575,0.309921,0.664081,,,4.62162,0.00248616,-0.0112939,999,,,,,,,23.300000000000015,3.3285714285714305,24,3.4285714285714284,,,,,,,,,,,,,,,,,,,"Nolan Hoffman","23381",676510
"Paul Blackburn","NYY",1,1,0,4.82413,20,0,0,4,,20,87,21,12,11,3,7,,1,16,7.17606,3.29547,2.17755,1.21058,0.182758,0.0839283,0.09882990270853043,0.259677,1.39604,0.295097,0.673511,,,4.45407,0.00246446,-0.127385,999,,,,,,,80.5,4.025,85,4.25,,,,,,,,,,,,,,,,,,,"Paul Blackburn","14739",621112
"Brooks Kriske","ATH",0,0,0,4.71932,7,0,0,0,,7,32,7,4,4,1,4,,0,8,9.94687,4.48057,2.22,1.38002,0.251219,0.113162,0.13805720955133438,0.239511,1.42181,0.296491,0.705671,,,4.51762,0.00245038,-0.0102451,999,,,,,,,25.300000000000015,3.6142857142857165,26,3.7142857142857144,,,,,,,,,,,,,,,,,,,"Brooks Kriske","21189",621139
"Kolby Allard","PHI",0,0,0,4.22001,3,0,0,0,,3,14,3,2,2,0,1,,0,3,7.12951,2.82889,2.52025,1.30429,0.183149,0.0726709,0.11047790944576263,0.262382,1.35901,0.295541,0.734652,,,4.44045,0.00241263,-0.0132707,999,,,,,,,17.400000000000002,5.800000000000001,18,6,,,,,,,,,,,,,,,,,,,"Kolby Allard","18694",663465
"Brad Lord","WSN",1,1,0,4.56304,14,0,0,0,,14,59,14,8,7,2,5,,1,11,7.12661,2.99956,2.37589,1.11686,0.183643,0.0772947,0.10634874552488327,0.258977,1.34574,0.296763,0.678023,,,4.34654,0.00237062,-0.0264876,999,,,,,,,46.6,3.3285714285714287,48,3.4285714285714284,,,,,,,,,,,,,,,,,,,"Brad Lord","31972",695418
"Danny Young","ATL",1,1,0,4.61171,16,0,0,2,,16,70,14,9,8,1,8,,3,18,9.89825,4.68556,2.1125,0.80045,0.250406,0.118536,0.131870798766613,0.244087,1.41476,0.325404,0.664827,,,4.25292,0.00232365,-0.0305875,999,,,,,,,80.70000000000002,5.043750000000001,78,4.875,,,,,,,,,,,,,,,,,,,"Danny Young","18439",664849
"Zak Kent","WSN",0,0,0,4.75659,7,0,0,0,,7,30,7,4,4,1,3,,0,6,8.24555,3.94318,2.09109,1.12793,0.2078,0.0993741,0.10842618346214294,0.254666,1.43768,0.303187,0.683882,,,4.35852,0.00215551,-0.0132438,999,,,,,,,24.3,3.4714285714285715,25,3.5714285714285716,,,,,,,,,,,,,,,,,,,"Zak Kent","25703",687849
"Jake Cousins","LAD",0,0,0,4.37838,3,0,0,0,,3,14,3,2,2,0,2,,0,4,10.4595,4.37838,2.38889,1.21622,0.27044,0.113208,0.15723270922899246,0.220588,1.2973,0.284091,0.707317,,,4.40702,0.00212365,-0.014526,999,,,,,,,16.400000000000002,5.466666666666668,17,5.666666666666667,,,,,,,,,,,,,,,,,,,"Jake Cousins","21620",664776
"Hunter Bigge","TBR",0,0,0,4.41035,9,0,0,0,,9,40,8,5,4,1,5,,0,9,8.84902,5.17584,1.70968,1.05186,0.218949,0.128064,0.09088435769081116,0.241663,1.51641,0.294964,0.72721,,,4.44914,0.002115,-0.011785,999,,,,,,,36.500000000000014,4.055555555555557,35,3.888888888888889,,,,,,,,,,,,,,,,,,,"Hunter Bigge","26259",685801
"Bobby Miller","LAD",0,0,0,5.03696,3,0,0,0,,3,12,3,2,1,0,1,,0,3,8.55333,3.89652,2.19512,1.23548,0.216346,0.0985577,0.11778844892978668,0.245283,1.39388,0.291045,0.659051,,,4.41912,0.00200533,-0.014526,999,,,,,,,17.400000000000002,5.800000000000001,18,6,,,,,,,,,,,,,,,,,,,"Bobby Miller","27483",676272
"Jake Woodford","CHC",0,0,0,3.94346,4,0,0,0,,4,18,4,2,2,1,1,,0,3,6.67372,2.77674,2.40344,1.0412,0.177174,0.073717,0.1034570038318634,0.23882,1.22203,0.268819,0.70351,,,4.21132,0.00199018,-0.0000103394,999,,,,,,,9.9,2.475,10,2.5,,,,,,,,,,,,,,,,,,,"Jake Woodford","18674",663765
"Andrew Baker","COL",0,0,0,5.13742,6,0,0,0,,6,27,6,4,3,1,3,,0,6,8.56237,4.94715,1.73077,1.14165,0.208333,0.12037,0.08796297013759613,0.25,1.54334,0.29927,0.681115,,,4.63192,0.0019824,-0.0139862,999,,,,,,,19.500000000000007,3.2500000000000013,20,3.3333333333333335,,,,,,,,,,,,,,,,,,,"Andrew Baker","sa3017196",687900
"Ryan Yarbrough","NYY",1,1,0,4.486,17,0,0,2,,17,74,17,9,9,2,6,,2,13,7.00473,3.02973,2.312,1.17149,0.182528,0.0789481,0.10357987135648727,0.250601,1.29879,0.283865,0.677981,,,4.51911,0.00179996,-0.0143899,999,,,,,,,67.00000000000001,3.941176470588236,69,4.0588235294117645,,,,,,,,,,,,,,,,,,,"Ryan Yarbrough","16502",642232
"Cameron Foster","BAL",0,1,0,4.51522,10,0,0,0,,10,43,10,5,5,1,4,,0,9,7.88139,3.80525,2.07119,1.23832,0.197678,0.095442,0.10223624855279922,0.259839,1.45993,0.302048,0.7217,,,4.4627,0.00179187,0.0000880396,999,,,,,,,41.7,4.17,43,4.3,,,,,,,,,,,,,,,,,,,"Cameron Foster","31942",671382
"Emiliano Teodo","TEX",1,1,0,4.77812,9,0,0,0,,9,41,9,5,5,1,5,,1,9,8.68168,4.9456,1.75543,1.03481,0.217031,0.123634,0.09339714795351028,0.240755,1.47147,0.293464,0.682491,,,4.52083,0.00175628,-0.0152519,999,,,,,,,30.900000000000013,3.433333333333335,32,3.5555555555555554,,,,,,,,,,,,,,,,,,,"Emiliano Teodo","27999",693713
"Brandon Williamson","CIN",0,1,0,5.44773,9,1,0,0,,11,51,12,7,7,2,6,,1,9,7.00175,4.66783,1.5,1.32444,0.172506,0.115004,0.05750209838151932,0.261135,1.54237,0.29266,0.661828,,,5.23546,0.00171696,-0.0941294,748.4500122070312,,,,,,,22.600000000000005,2.054545454545455,26,2.3636363636363638,,,,,,,,,,,,,,,,,,,"Brandon Williamson","25463",682227
"Josh White","MIA",0,1,0,4.35544,7,0,0,0,,7,28,6,3,3,1,3,,0,7,9.13526,3.96279,2.30526,1.18188,0.234706,0.101813,0.1328926756978035,0.2383,1.35086,0.291336,0.706798,,,4.29779,0.00107053,0.0184986,999,,,,,,,28.900000000000013,4.128571428571431,27,3.857142857142857,,,,,,,,,,,,,,,,,,,"Josh White","31738",687985
"Yaramil Hiraldo","BAL",0,0,0,4.68458,8,0,2,0,,8,34,7,4,4,1,3,,0,8,9.23525,3.34691,2.75934,1.59707,0.238929,0.0865895,0.15233998000621796,0.241896,1.3208,0.283706,0.704078,,,4.47997,0.000961846,0.0000704317,999,,,,,,,45.7,5.7125,44,5.5,,,,,,,,,,,,,,,,,,,"Yaramil Hiraldo","25215",682274
"PJ Poulin","WSN",1,1,0,4.52839,10,0,0,0,,10,46,10,6,5,1,5,,1,10,8.42592,4.34033,1.94131,1.06794,0.211284,0.108836,0.10244807600975037,0.250937,1.45896,0.302411,0.705466,,,4.39647,0.000942615,-0.0275187,999,,,,,,,37.7,3.7700000000000005,39,3.9,,,,,,,,,,,,,,,,,,,"PJ Poulin","23394",676571
"Justin Sterner","ATH",1,1,0,4.70405,13,0,0,0,,13,57,13,8,7,2,5,,1,13,9.05284,3.16073,2.86416,1.50728,0.235559,0.0822435,0.1533152163028717,0.244157,1.29713,0.288218,0.68602,,,4.46273,0.000907227,-0.0357831,547.0499877929688,,,,,,,45.8,3.523076923076923,47,3.6153846153846154,,,,,,,,,,,,,,,,,,,"Justin Sterner","27694",686993
"Carlos Estévez","KCR",0,0,0,4.41177,4,0,0,0,,4,17,4,2,2,1,2,,0,3,7.51543,3.51574,2.13765,1.20987,0.195845,0.0916167,0.1042279452085495,0.236045,1.29667,0.268953,0.689103,,,4.46351,0.000907111,0.00270927,120.08999633789062,,,,,,,6.9,1.725,7,1.75,,,,,,,,,,,,,,,,,,,"Carlos Estevez","14542",608032
"Tyler Ferguson","CHC",1,1,0,4.21639,16,0,0,1,,16,67,13,8,7,2,7,,2,16,9.11885,3.89357,2.34203,1.15977,0.241026,0.102914,0.13811280578374863,0.217388,1.23105,0.26457,0.687031,,,4.35115,0.000898154,0.0103809,999,,,,,,,69.00000000000001,4.312500000000001,63,3.9375,,,,,,,,,,,,,,,,,,,"Tyler Ferguson","19481",621053
"Thomas Harrington","PIT",0,0,0,4.51302,5,0,0,0,,5,23,5,3,3,1,2,,0,4,6.85632,2.77724,2.46875,1.21504,0.175947,0.0712695,0.10467705875635147,0.259709,1.3404,0.291536,0.695142,,,4.41156,0.000858771,-0.0120638,999,,,,,,,13.7,2.7399999999999998,14,2.8,,,,,,,,,,,,,,,,,,,"Thomas Harrington","31989",802419
"Kai-Wei Teng","HOU",1,1,0,4.91358,14,1,0,0,,16,71,15,10,9,2,8,,2,16,8.69439,4.1779,2.08104,1.21528,0.221652,0.10651,0.11514183133840561,0.246025,1.38591,0.297384,0.662132,,,4.76906,0.000834864,-0.0547205,999,,,,,,,56.80000000000001,3.5500000000000007,56,3.5,,,,,,,,,,,,,,,,,,,"Kai-Wei Teng","24282",678906
"Jordan Leasure","CHW",0,1,0,4.96997,7,0,0,0,,7,29,6,4,4,1,3,,0,8,10.1563,4.06012,2.50147,1.62884,0.260757,0.104241,0.15651583671569824,0.233633,1.34998,0.282868,0.683693,,,4.64674,0.000746205,-0.0132401,717.510009765625,,,,,,,30.900000000000013,4.414285714285716,29,4.142857142857143,,,,,,,,,,,,,,,,,,,"Jordan Leasure","29950",673929
"Steven Cruz","KCR",1,1,0,4.83809,21,0,3,4,,21,91,19,12,11,3,9,,1,22,9.46492,4.01073,2.3599,1.3919,0.242361,0.1027,0.13966144621372223,0.238748,1.36401,0.289254,0.679481,,,4.49475,0.00070485,-0.0585249,999,,,,,,,114.1,5.433333333333333,111,5.285714285714286,,,,,,,,,,,,,,,,,,,"Steven Cruz","23165",674444
"Richard Lovelady","WSN",0,1,0,5.00362,7,0,0,0,,7,32,8,4,4,1,3,,1,7,8.36006,3.93481,2.12464,1.00527,0.207831,0.0978192,0.11001153290271759,0.269983,1.49727,0.328631,0.665949,,,4.3332,0.000606316,-0.0132438,999,,,,,,,20.700000000000014,2.957142857142859,24,3.4285714285714284,,,,,,,,,,,,,,,,,,,"Richard Lovelady","19337",663992
"Chris Devenski","PIT",0,0,0,4.4474,6,0,0,0,,6,25,6,3,3,1,2,,0,5,7.29,2.54883,2.86014,1.31897,0.188639,0.0659543,0.12268427014350891,0.261761,1.32735,0.296003,0.704189,,,4.30987,0.000423016,0.00336629,999,,,,,,,20.500000000000007,3.416666666666668,21,3.5,,,,,,,,,,,,,,,,,,,"Chris Devenski","12763",606965
"Nate Pearson","KCR",1,1,0,4.67797,17,0,0,2,,17,76,17,10,9,2,9,,1,16,8.33313,4.7686,1.7475,1.04521,0.205977,0.11787,0.08810735493898392,0.25395,1.52283,0.305723,0.704181,,,4.52269,0.000299529,-0.0327156,999,,,,,,,67.00000000000001,3.941176470588236,69,4.0588235294117645,,,,,,,,,,,,,,,,,,,"Nate Pearson","20160",663878
"Matt Bowman","MIN",0,0,0,4.70825,7,0,0,0,,7,32,8,4,4,1,3,,0,6,7.06237,3.25956,2.16667,1.08652,0.178899,0.0825688,0.09633027017116547,0.263959,1.40845,0.302632,0.681818,,,4.37733,0.000191683,-0.0126433,999,,,,,,,21.7,3.1,25,3.5714285714285716,,,,,,,,,,,,,,,,,,,"Matt Bowman","13528",621199
"Austin Love","STL",1,1,0,4.52119,9,0,0,0,,9,41,9,5,5,1,4,,1,8,7.48823,3.95604,1.89286,0.989011,0.187279,0.0989399,0.08833923190832138,0.247012,1.41287,0.287958,0.685785,,,4.38131,0.00004251,-0.0160201,999,,,,,,,31.900000000000013,3.544444444444446,33,3.6666666666666665,,,,,,,,,,,,,,,,,,,"Austin Love","sa3017609",676153
"Garrett Acton","MIN",0,0,0,4.51686,5,0,0,0,,5,23,5,3,3,1,2,,0,5,9.19135,4.14106,2.21957,1.30316,0.232572,0.104783,0.12778939306735992,0.245193,1.41652,0.296797,0.717581,,,4.42124,0.0000139142,-0.0133029,999,,,,,,,15.7,3.1399999999999997,16,3.2,,,,,,,,,,,,,,,,,,,"Garrett Acton","27583",670183
"Kutter Crawford","BOS",0,0,0,4.46991,3,0,0,0,,3,14,3,2,2,1,1,,0,3,7.73639,2.75072,2.8125,1.37536,0.205479,0.0730594,0.13242009282112122,0.248756,1.26075,0.283784,0.693431,,,4.40867,-0.0000652731,-0.0119727,999,,,,,,,5.100000000000002,1.7000000000000008,5,1.6666666666666667,,,,,,,,,,,,,,,,,,,"Kutter Crawford","20531",676710
"Ben Casparius","LAD",0,1,0,4.96024,6,0,0,0,,6,26,6,4,3,1,3,,0,6,8.65006,3.94598,2.19212,1.36068,0.219313,0.100046,0.11926676332950592,0.249316,1.40989,0.294618,0.676688,,,4.6108,-0.000120832,-0.0290519,999,,,,,,,19.500000000000007,3.2500000000000013,20,3.3333333333333335,,,,,,,,,,,,,,,,,,,"Ben Casparius","30085",676508
"Jeff Criswell","COL",0,0,0,4.97713,7,0,0,0,,7,32,8,4,4,1,3,,0,7,8.28564,4.0965,2.02261,1.52332,0.204851,0.101281,0.1035708338022232,0.265783,1.52196,0.306966,0.716622,,,4.90981,-0.000335596,0.00143107,999,,,,,,,23.700000000000014,3.3857142857142875,27,3.857142857142857,,,,,,,,,,,,,,,,,,,"Jeff Criswell","27608",676105
"Luke Murphy","LAA",0,0,0,4.875,7,0,0,0,,7,29,7,4,4,1,3,,0,6,7.6875,3.75,2.05,1.125,0.192488,0.0938967,0.09859154373407364,0.252632,1.41667,0.293706,0.671141,,,4.46389,-0.0003776,-0.0121469,999,,,,,,,24.3,3.4714285714285715,25,3.5714285714285716,,,,,,,,,,,,,,,,,,,"Luke Murphy","sa3017653",684665
"Scott Blewett","ATH",1,1,0,4.40228,18,0,0,3,,18,79,19,10,9,2,7,,1,13,6.57159,3.38243,1.94286,1.06305,0.167052,0.0859828,0.08106951415538788,0.259874,1.40638,0.292702,0.704829,,,4.40096,-0.000432189,-0.0183225,999,,,,,,,73.20000000000002,4.066666666666667,78,4.333333333333333,,,,,,,,,,,,,,,,,,,"Scott Blewett","16427",656240
"Zach McCambley","CIN",1,1,0,4.62136,15,0,0,0,,15,68,14,9,8,2,8,,1,15,8.62288,4.65067,1.85411,1.08189,0.216658,0.116853,0.09980549663305283,0.244832,1.44939,0.297484,0.695697,,,4.59472,-0.000489529,-0.0285439,999,,,,,,,53.00000000000001,3.5333333333333337,52,3.466666666666667,,,,,,,,,,,,,,,,,,,"Zach McCambley","27666",685112
"Antwone Kelly","PIT",0,1,0,4.82116,10,1,0,0,,12,53,13,7,6,2,5,,0,9,6.75842,3.47787,1.94326,1.30728,0.169616,0.0872842,0.08233191072940826,0.267377,1.46148,0.297579,0.69883,,,4.71574,-0.000677147,0.00418949,999,,,,,,,33.40000000000002,2.783333333333335,37,3.0833333333333335,,,,,,,,,,,,,,,,,,,"Antwone Kelly","29000",699008
"Andrew Walters","CLE",0,0,0,4.15704,7,0,0,0,,7,30,6,4,3,1,4,,0,8,10.6005,4.7806,2.21739,1.24711,0.272727,0.122995,0.14973262697458267,0.217391,1.33949,0.278846,0.725806,,,4.35684,-0.000715863,-0.0149905,999,,,,,,,27.900000000000013,3.9857142857142875,26,3.7142857142857144,,,,,,,,,,,,,,,,,,,"Andrew Walters","33834",689958
"Cade Gibson","MIA",1,1,0,4.24599,20,0,0,4,,20,86,19,10,9,2,8,,2,16,7.30392,3.68682,1.98109,0.932601,0.18602,0.093898,0.09212221205234528,0.256732,1.39543,0.301638,0.7059,,,4.40258,-0.000817983,0.0777417,999,,,,,,,92,4.6,92,4.6,,,,,,,,,,,,,,,,,,,"Cade Gibson","31815",806188
"Zack Kelly","BOS",0,0,0,4.4274,5,0,0,0,,5,24,5,3,3,1,3,,0,5,8.42516,4.4126,1.90934,1.03042,0.213598,0.11187,0.10172774642705917,0.240878,1.41101,0.290875,0.700634,,,4.40684,-0.000851368,-0.0103534,999,,,,,,,12.7,2.54,13,2.6,,,,,,,,,,,,,,,,,,,"Zack Kelly","20349",677161
"Jared Shuster","STL",0,0,0,4.74986,3,0,0,0,,3,12,3,2,1,0,1,,0,2,6.07581,3.44108,1.76567,1.00326,0.153195,0.086763,0.06643162667751312,0.264491,1.44373,0.294421,0.675699,,,4.3901,-0.000851817,-0.0155321,999,,,,,,,15.400000000000002,5.133333333333334,16,5.333333333333333,,,,,,,,,,,,,,,,,,,"Jared Shuster","27472",694363
"Ronan Kopp","LAD",0,0,0,4.77148,4,0,0,0,,4,17,3,2,2,0,2,,0,4,9.70749,5.92322,1.63889,1.15174,0.238866,0.145749,0.09311740100383759,0.229665,1.53565,0.286713,0.714286,,,4.70022,-0.000982015,0.00079497,999,,,,,,,23.8,5.95,22,5.5,,,,,,,,,,,,,,,,,,,"Ronan Kopp","sa3017751",691947
"Prelander Berroa","CHW",0,0,0,4.5,6,0,0,0,,6,28,6,3,3,1,4,,0,6,9.5,5.33333,1.78125,1.16667,0.234568,0.131687,0.10288065671920776,0.239234,1.51852,0.296552,0.734072,,,4.57269,-0.00103856,0.00162314,999,,,,,,,16.500000000000007,2.7500000000000013,17,2.8333333333333335,,,,,,,,,,,,,,,,,,,"Prelander Berroa","22932",672860
"Carlos Vargas","SEA",0,0,0,4.27259,3,0,0,0,,3,14,3,2,2,0,1,,0,2,6.75345,3.30781,2.04167,0.964778,0.170732,0.0836237,0.08710800856351852,0.250965,1.36294,0.285714,0.694444,,,4.2889,-0.00110219,-0.018495,999,,,,,,,15.400000000000002,5.133333333333334,16,5.333333333333333,,,,,,,,,,,,,,,,,,,"Carlos Vargas","22915",672841
"Brendon Little","TOR",1,1,0,4.26009,17,0,0,2,,17,75,15,9,8,2,10,,1,19,10.171,5.17777,1.96437,1.13011,0.254954,0.129789,0.12516440451145172,0.230298,1.4539,0.294226,0.734992,,,4.33466,-0.0011135,-0.0129366,748.52001953125,,,,,,,75.20000000000002,4.423529411764707,72,4.235294117647059,,,,,,,,,,,,,,,,,,,"Brendon Little","21574",663893
"McCade Brown","COL",0,0,0,5.18824,3,0,0,0,,3,12,3,2,2,0,1,,0,2,8.57647,3.81176,2.25,1.48235,0.21372,0.0949868,0.11873351037502289,0.255952,1.43529,0.298755,0.673828,,,4.86267,-0.00120763,-0.00699311,999,,,,,,,15.400000000000002,5.133333333333334,16,5.333333333333333,,,,,,,,,,,,,,,,,,,"McCade Brown","30004",685326
"Carlos Lagrange","NYY",0,0,0,4.74593,3,0,0,0,,3,15,3,2,2,0,2,,0,3,9.31927,4.65964,2,1.20805,0.236324,0.118162,0.11816193163394928,0.225888,1.37105,0.275735,0.680713,,,4.59582,-0.00121278,-0.0150425,999,,,,,,,14.400000000000002,4.800000000000001,15,5,,,,,,,,,,,,,,,,,,,"Carlos Lagrange","sa3019390",801739
"Cooper Criswell","SEA",1,1,0,4.24242,11,0,0,0,,11,46,11,6,5,1,3,,1,9,7.52322,2.76525,2.72063,1.0469,0.195712,0.0719364,0.12377573549747467,0.25641,1.30388,0.299973,0.693682,,,4.10287,-0.0012602,-0.025276,999,,,,,,,46.50000000000001,4.2272727272727275,48,4.363636363636363,,,,,,,,,,,,,,,,,,,"Cooper Criswell","24975",681867
"Brenan Hanifee","DET",1,1,0,4.39378,18,0,0,2,,18,78,20,10,9,2,5,,1,12,6.10715,2.44684,2.49594,1.08417,0.156931,0.0628746,0.09405630081892014,0.271977,1.36164,0.302171,0.696559,,,4.27015,-0.00131011,-0.0254538,999,,,,,,,70.60000000000002,3.9222222222222234,78,4.333333333333333,,,,,,,,,,,,,,,,,,,"Brenan Hanifee","22304",669724
"Ryan Weiss","HOU",0,0,0,4.62381,4,0,0,0,,4,17,4,2,2,1,2,,0,4,9.12238,3.84653,2.37158,1.43457,0.233326,0.0983839,0.13494177907705307,0.244313,1.37018,0.291663,0.707699,,,4.61027,-0.00140473,0.000574178,725.9600219726562,,,,,,,8.9,2.225,9,2.25,,,,,,,,,,,,,,,,,,,"Ryan Weiss","24621",680802
"Andrew Hoffmann","ARI",0,0,0,4.3707,5,0,0,0,,5,20,5,2,2,1,2,,0,4,8.17251,3.71821,2.19797,1.16076,0.207074,0.0942114,0.11286235600709915,0.254848,1.41445,0.301636,0.718532,,,4.33864,-0.00154772,0.0173533,999,,,,,,,13.7,2.7399999999999998,14,2.8,,,,,,,,,,,,,,,,,,,"Andrew Hoffmann","29633",694851
"Mason Adams","CHW",0,0,0,4.85123,3,0,0,0,,3,13,3,2,1,0,1,,0,3,8.68026,4.35202,1.99454,1.2871,0.207774,0.104172,0.1036025881767273,0.238878,1.4618,0.279559,0.688521,,,4.6802,-0.00158108,-0.014214,999,,,,,,,17.400000000000002,5.800000000000001,18,6,,,,,,,,,,,,,,,,,,,"Mason Adams","sa3020388",690279
"Craig Kimbrel","TBR",1,1,0,4.47141,18,0,0,4,,18,80,17,10,9,2,9,,1,20,9.75857,4.57885,2.13123,1.15772,0.247242,0.116009,0.13123305886983871,0.237131,1.40878,0.298693,0.707058,,,4.38359,-0.00167233,-0.0314846,999,,,,,,,90.40000000000002,5.022222222222223,90,5,,,,,,,,,,,,,,,,,,,"Craig Kimbrel","6655",518886
"Yilber Díaz","DET",0,0,0,4.40168,4,0,0,0,,4,17,4,2,2,1,2,,0,4,8.50062,4.5401,1.87234,1.24611,0.212257,0.113365,0.09889253973960876,0.249561,1.47729,0.296382,0.736831,,,4.67568,-0.00171967,0.0010782,999,,,,,,,8.9,2.225,9,2.25,,,,,,,,,,,,,,,,,,,"Yilber Diaz","29271",700270
"Logan Gillaspie","SDP",0,0,0,4.73684,3,0,0,0,,3,15,4,2,2,0,1,,0,2,6.63158,3.15789,2.1,1.26316,0.167331,0.0796813,0.0876493975520134,0.262009,1.40351,0.290503,0.697674,,,4.6185,-0.00179582,-0.01654,999,,,,,,,12.800000000000002,4.2666666666666675,16,5.333333333333333,,,,,,,,,,,,,,,,,,,"Logan Gillaspie","22461",670810
"Ron Marinaccio","PIT",0,1,0,5.14364,18,0,0,3,,18,80,18,11,10,2,8,,2,16,7.91945,3.71363,2.13254,1.22121,0.200525,0.0940313,0.10649381577968597,0.259355,1.41836,0.303977,0.648936,,,4.64481,-0.00188614,-0.0915868,999,,,,,,,75.80000000000003,4.211111111111112,78,4.333333333333333,,,,,,,,,,,,,,,,,,,"Ron Marinaccio","23488",676760
"Jack Ralston","MIA",0,0,0,4.59184,5,0,0,0,,5,24,5,3,3,1,3,,0,6,9.55102,5.69388,1.67742,1.10204,0.233184,0.139013,0.09417042136192322,0.236842,1.55102,0.295455,0.724852,,,4.59952,-0.00191746,-0.0125407,999,,,,,,,14.7,2.94,15,3,,,,,,,,,,,,,,,,,,,"Jack Ralston","sa3011296",667652
"Winston Santos","TEX",0,0,0,5.1573,3,0,0,0,,3,14,3,2,2,1,1,,0,3,7.02473,2.85653,2.45918,1.36025,0.181924,0.0739773,0.1079464927315712,0.260587,1.32486,0.291816,0.630575,,,4.78629,-0.00209252,-0.0152109,999,,,,,,,5.100000000000002,1.7000000000000008,5,1.6666666666666667,,,,,,,,,,,,,,,,,,,"Winston Santos","28489",692437
"Chase Lee","TOR",0,1,0,4.39748,10,0,0,0,,10,45,10,6,5,2,4,,1,10,8.73852,3.05915,2.85652,1.38327,0.227389,0.0796033,0.1477852538228035,0.247927,1.29816,0.29359,0.708286,,,4.38067,-0.00226486,-0.0290493,999,,,,,,,28.4,2.84,29,2.9,,,,,,,,,,,,,,,,,,,"Chase Lee","29574",695445
"Connor Brogdon","CLE",0,0,0,4.63569,3,0,0,0,,3,11,3,1,1,0,1,,0,3,9.43383,3.504,2.69231,1.62895,0.240795,0.0894382,0.15135689079761505,0.25213,1.37788,0.300029,0.727455,,,4.66315,-0.00229224,0.0157689,999,,,,,,,17.400000000000002,5.800000000000001,18,6,,,,,,,,,,,,,,,,,,,"Connor Brogdon","21205",641401
"Phil Maton","CHC",1,0,0,4.2244,10,0,0,0,,10,42,8,5,5,1,4,,1,10,9.23481,3.85653,2.39459,1.10484,0.242813,0.1014,0.14141230285167694,0.225036,1.25255,0.279063,0.68693,,,4.34543,-0.00240404,-0.0000258486,743.3800048828125,,,,,,,45.900000000000006,4.590000000000001,42,4.2,,,,,,,,,,,,,,,,,,,"Phil Maton","18064",664208
"Alek Jacob","SDP",0,1,0,4.83046,9,0,0,0,,9,40,9,5,5,1,4,,1,9,8.53657,3.78802,2.25357,1.29875,0.219685,0.097483,0.12220186740159988,0.244407,1.34608,0.290007,0.666658,,,4.68506,-0.00259168,-0.0185836,999,,,,,,,33.90000000000001,3.766666666666668,35,3.888888888888889,,,,,,,,,,,,,,,,,,,"Alek Jacob","29628",689690
"Wilkin Ramos","SFG",0,0,0,4.52065,3,0,0,0,,3,12,3,1,1,0,1,,0,2,7.13142,4.50853,1.58176,0.779778,0.177984,0.112523,0.06546129286289215,0.254533,1.48456,0.300457,0.688488,,,4.41408,-0.00259581,0.0154988,999,,,,,,,15.400000000000002,5.133333333333334,16,5.333333333333333,,,,,,,,,,,,,,,,,,,"Wilkin Ramos","23988",678576
"Austin Warren","NYM",0,0,0,4.67027,5,0,0,0,,5,20,4,3,2,1,2,,0,4,8.61033,3.85506,2.23352,1.23912,0.219999,0.098499,0.12150019407272339,0.246924,1.37661,0.295196,0.686372,,,4.51124,-0.00274412,-0.0168322,999,,,,,,,16.299999999999997,3.2599999999999993,14,2.8,,,,,,,,,,,,,,,,,,,"Austin Warren","24937",681810
"Troy Watson","DET",0,0,0,4.96863,2,0,0,0,,2,9,2,1,1,0,1,,0,1,6.54956,3.8394,1.70588,1.24216,0.162921,0.0955056,0.06741572916507721,0.2625,1.48055,0.290837,0.682261,,,4.80358,-0.0027943,0.000539101,999,,,,,,,8.600000000000001,4.300000000000001,9,4.5,,,,,,,,,,,,,,,,,,,"Troy Watson","sa3007249",681890
"Jefry Yan","NYM",0,0,0,5,5,0,0,0,,5,24,5,3,3,1,3,,1,6,9.75,5.75,1.69565,1,0.236364,0.139394,0.09696970880031586,0.231884,1.52778,0.294737,0.668016,,,4.6375,-0.00309958,-0.0168322,999,,,,,,,11.7,2.34,12,2.4,,,,,,,,,,,,,,,,,,,"Jefry Yan","sa828460",642376
"Johan Moreno","SDP",0,0,0,4.85123,4,0,0,0,,4,19,4,2,2,1,2,,0,4,8.68026,4.35202,1.99454,1.2871,0.207774,0.104172,0.10360259562730789,0.238878,1.4618,0.279559,0.688521,,,4.6802,-0.00322387,-0.00127158,999,,,,,,,8.9,2.225,9,2.25,,,,,,,,,,,,,,,,,,,"Johan Moreno","sa3020999",808052
"Zach Brzykcy","MIA",0,1,0,4.68895,14,0,0,0,,14,61,13,8,7,2,7,,1,14,8.95718,4.5206,1.98141,1.10914,0.225497,0.113806,0.1116906926035881,0.243478,1.43959,0.298065,0.689229,,,4.41306,-0.00325093,-0.0232239,999,,,,,,,49.20000000000003,3.5142857142857165,48,3.4285714285714284,,,,,,,,,,,,,,,,,,,"Zach Brzykcy","27783",694350
"Braden Nett","ATH",0,0,0,4.94845,3,0,0,0,,3,15,3,2,2,0,2,,0,3,7.52577,4.53608,1.65909,1.13402,0.183417,0.110553,0.07286431640386581,0.252874,1.51203,0.291667,0.686106,,,4.79357,-0.00329409,-0.0127375,999,,,,,,,14.400000000000002,4.800000000000001,15,5,,,,,,,,,,,,,,,,,,,"Braden Nett","sa3020336",804556
"Scott Barlow","KCR",0,0,0,4.57225,7,0,0,0,,7,29,6,4,3,1,3,,1,7,9.61599,4.7295,2.0332,1.19709,0.24336,0.119693,0.12366661429405212,0.236602,1.41414,0.295815,0.701945,,,4.60554,-0.00331605,-0.0100204,999,,,,,,,25.900000000000013,3.700000000000002,24,3.4285714285714284,,,,,,,,,,,,,,,,,,,"Scott Barlow","14993",605130
"Burch Smith","DET",0,0,0,4.85844,3,0,0,0,,3,12,3,2,1,0,1,,0,2,8.49049,3.88416,2.18593,1.3858,0.211528,0.0967678,0.11475975811481476,0.263629,1.48726,0.310177,0.708107,,,4.59095,-0.00346923,-0.0142178,999,,,,,,,15.400000000000002,5.133333333333334,16,5.333333333333333,,,,,,,,,,,,,,,,,,,"Burch Smith","12784",572143
"Nick Frasso","COL",0,1,0,5.00678,10,0,0,0,,10,44,10,6,5,1,4,,1,8,7.327,3.6635,2,1.34328,0.183486,0.0917431,0.0917431190609932,0.256849,1.42469,0.289593,0.680804,,,4.8465,-0.00351266,-0.00559592,999,,,,,,,36.7,3.6700000000000004,38,3.8,,,,,,,,,,,,,,,,,,,"Nick Frasso","sa3014492",693308
"Lou Trivino III","PHI",0,1,0,5.04131,9,0,0,0,,9,41,9,6,5,1,5,,1,9,8.43448,4.702,1.7938,1.25706,0.207065,0.115433,0.0916314497590065,0.262472,1.55294,0.312648,0.695512,,,4.85064,-0.00357025,-0.039812,999,,,,,,,30.900000000000013,3.433333333333335,32,3.5555555555555554,,,,,,,,,,,,,,,,,,,"Lou Trivino III","15043",642152
"Geoff Hartlieb","ATH",0,0,0,5.07451,6,0,0,0,,6,27,6,4,3,1,3,,0,5,7.28746,4.15057,1.75578,1.16435,0.180482,0.102793,0.07768867164850235,0.264778,1.51811,0.303851,0.677077,,,4.6561,-0.00373255,-0.0254751,999,,,,,,,17.500000000000007,2.916666666666668,18,3,,,,,,,,,,,,,,,,,,,"Geoff Hartlieb","19558",664129
"T.J. Brock","TOR",0,0,0,4.85123,5,0,0,0,,5,24,5,3,3,1,3,,0,5,8.68026,4.35202,1.99454,1.2871,0.207774,0.104172,0.10360259562730789,0.238878,1.4618,0.279559,0.688521,,,4.6802,-0.0037738,-0.0145246,999,,,,,,,12.7,2.54,13,2.6,,,,,,,,,,,,,,,,,,,"T.J. Brock","sa3020079",697813
"Alex Cook","TBR",0,0,0,4.58924,5,0,0,0,,5,20,5,3,2,1,2,,0,4,8.15864,3.31445,2.46154,1.52974,0.210526,0.0855263,0.1249999925494194,0.253623,1.35977,0.29,0.732323,,,4.69613,-0.00380454,-0.0131929,999,,,,,,,13.7,2.7399999999999998,14,2.8,,,,,,,,,,,,,,,,,,,"Alex Cook","sa3020879",702047
"Matt Waldron","SDP",0,0,0,5.09491,5,0,0,0,,5,20,5,3,3,1,1,,0,4,7.39609,2.743,2.69635,1.45292,0.19075,0.0707439,0.1200062483549118,0.262598,1.34108,0.295252,0.65086,,,4.65032,-0.00388628,-0.0172572,999,,,,,,,16.7,3.34,17,3.4,,,,,,,,,,,,,,,,,,,"Matt Waldron","25550",663362
"Chayce McDermott","LAD",1,1,0,4.86094,9,0,0,0,,9,41,9,5,5,2,5,,0,9,8.82559,4.53958,1.94414,1.44976,0.222392,0.114391,0.10800129175186157,0.241648,1.436,0.283957,0.701316,,,4.90522,-0.00389547,-0.0134616,999,,,,,,,21.60000000000001,2.400000000000001,22,2.4444444444444446,,,,,,,,,,,,,,,,,,,"Chayce McDermott","29866",694646
"Steven Wilson","TBR",0,0,0,4.72795,3,0,0,0,,3,14,3,2,2,1,2,,0,3,8.78049,4.05253,2.16667,1.5197,0.232143,0.107143,0.1249999925494194,0.233503,1.31332,0.272059,0.696864,,,4.87333,-0.0040456,-0.0138473,999,,,,,,,2.1000000000000023,0.7000000000000007,2,0.6666666666666666,,,,,,,,,,,,,,,,,,,"Steven Wilson","20353",621051
"Mike Clevinger","PIT",0,0,0,4.56177,5,0,0,0,,5,20,5,3,2,1,2,,0,4,6.9377,3.6114,1.92105,1.23548,0.176329,0.0917874,0.08454106748104095,0.25876,1.41499,0.291228,0.708117,,,4.71479,-0.00422243,-0.0120638,748.0900268554688,,,,,,,13.7,2.7399999999999998,14,2.8,,,,,,,,,,,,,,,,,,,"Mike Clevinger","12808",605182
"Josh Ekness","MIA",1,1,0,4.5387,12,0,0,0,,12,55,11,7,6,1,6,,2,12,8.80623,4.45259,1.97778,0.932923,0.222919,0.112712,0.11020725220441818,0.246433,1.41618,0.307785,0.682916,,,4.451,-0.00430554,-0.024158,999,,,,,,,47.90000000000001,3.9916666666666676,47,3.9166666666666665,,,,,,,,,,,,,,,,,,,"Josh Ekness","33785",694795
"Alex McFarlane","PHI",0,0,0,4.85123,12,0,0,0,,12,58,12,7,7,2,6,,1,12,8.68026,4.35202,1.99454,1.2871,0.207774,0.104172,0.10360261052846909,0.238878,1.4618,0.279559,0.688521,,,4.6802,-0.00430587,-0.0236023,999,,,,,,,36.000000000000014,3.0000000000000013,37,3.0833333333333335,,,,,,,,,,,,,,,,,,,"Alex McFarlane","31773",686934
"Ricky Tiedemann","TOR",0,0,0,4.60465,5,0,0,0,,5,21,4,3,2,1,3,,1,5,9,5.02326,1.79167,1.04651,0.222798,0.124352,0.0984455868601799,0.226994,1.4186,0.278261,0.685185,,,4.71438,-0.00434271,-0.0145246,999,,,,,,,12.299999999999999,2.46,10,2,,,,,,,,,,,,,,,,,,,"Ricky Tiedemann","sa3018096",694357
"Chase Solesky","TBR",0,0,0,5.07753,4,0,0,0,,4,19,5,3,2,1,2,,0,3,6.11534,3.21731,1.90076,1.41627,0.154049,0.0810457,0.07300299406051636,0.270957,1.44763,0.292732,0.679856,,,4.95897,-0.00442353,-0.0282389,999,,,,,,,4.300000000000001,1.0750000000000002,7,1.75,,,,,,,,,,,,,,,,,,,"Chase Solesky","25480",686678
"Logan VanWey","HOU",0,0,0,4.43181,8,0,0,0,,8,37,8,4,4,1,4,,1,8,8.78128,4.60849,1.90545,1.10604,0.221171,0.116072,0.10509829223155975,0.242612,1.43823,0.295441,0.71316,,,4.53789,-0.00458586,0.00114836,999,,,,,,,27.100000000000005,3.3875000000000006,28,3.5,,,,,,,,,,,,,,,,,,,"Logan VanWey","31884",701121
"Connor Seabold","KCR",0,1,0,5.05552,9,0,0,0,,9,41,10,6,5,1,3,,1,8,7.445,3.39537,2.19269,1.11812,0.186207,0.0849218,0.10128537565469742,0.277016,1.47397,0.323345,0.664133,,,4.5208,-0.00477103,-0.0378803,999,,,,,,,32.30000000000001,3.5888888888888903,36,4,,,,,,,,,,,,,,,,,,,"Connor Seabold","19695",657756
"Connor Thomas","ATH",0,1,0,5.00101,8,0,0,0,,8,35,9,5,4,1,3,,0,5,6.07739,2.88252,2.10836,1.26724,0.153003,0.0725695,0.08043305575847626,0.279062,1.45035,0.305946,0.675348,,,4.68138,-0.00481389,-0.027274,999,,,,,,,24.500000000000007,3.062500000000001,28,3.5,,,,,,,,,,,,,,,,,,,"Connor Thomas","25873",671162
"Jaden Woods","CHW",0,0,0,4.82412,4,0,0,0,,4,17,4,2,2,1,2,,0,3,7.68844,4.22111,1.82143,1.20603,0.188889,0.103704,0.08518518507480621,0.251064,1.45729,0.289773,0.686016,,,4.90202,-0.00502106,0.00108209,999,,,,,,,6.9,1.725,7,1.75,,,,,,,,,,,,,,,,,,,"Jaden Woods","sa3023064",692243
"Kade Strowd","ARI",1,0,0,4.11601,9,0,0,0,,9,39,8,4,4,1,5,,0,8,8.43428,4.59512,1.83548,0.978317,0.211565,0.115264,0.09630089998245239,0.245009,1.45745,0.29735,0.735747,,,4.34333,-0.00518202,0.0190094,999,,,,,,,34.500000000000014,3.833333333333335,33,3.6666666666666665,,,,,,,,,,,,,,,,,,,"Kade Strowd","26191",669704
"Tony Santillan","CIN",1,1,0,5.09133,18,0,1,2,,18,80,17,11,10,3,8,,1,19,9.18692,4.12025,2.2297,1.52956,0.23341,0.104682,0.128727488219738,0.243974,1.39883,0.289187,0.675283,,,4.82623,-0.00528176,-0.0399966,718.1199951171875,,,,,,,76.10000000000001,4.227777777777778,75,4.166666666666667,,,,,,,,,,,,,,,,,,,"Tony Santillan","19926",663574
"Connor Phillips","CIN",0,0,0,5.28988,6,0,0,0,,6,28,6,4,4,1,4,,1,7,9.58799,5.78484,1.65743,1.22274,0.235203,0.141908,0.09329521656036377,0.239131,1.55201,0.29733,0.670534,,,4.92651,-0.00550322,-0.0228594,999,,,,,,,15.500000000000005,2.5833333333333344,16,2.6666666666666665,,,,,,,,,,,,,,,,,,,"Connor Phillips","27649",683175
"Duncan Davitt","CHW",0,1,0,4.85231,9,0,0,0,,9,38,9,5,5,1,3,,1,7,6.91652,2.79019,2.47887,1.29685,0.177375,0.0715549,0.10582058131694794,0.267039,1.36711,0.29974,0.67024,,,4.56813,-0.00560293,-0.0127172,999,,,,,,,32.90000000000001,3.655555555555557,34,3.7777777777777777,,,,,,,,,,,,,,,,,,,"Duncan Davitt","31886",701474
"Ethan Roberts","CHC",1,1,0,4.59036,14,0,0,0,,14,63,14,8,7,2,6,,1,13,8.29283,4.07413,2.03548,1.18281,0.209946,0.103143,0.10680294781923294,0.251496,1.41764,0.299398,0.699754,,,4.63132,-0.00565858,-0.0308674,999,,,,,,,47.60000000000003,3.400000000000002,49,3.5,,,,,,,,,,,,,,,,,,,"Ethan Roberts","24930",681799
"Gus Varland","WSN",0,1,0,5.02849,12,0,0,0,,12,56,13,8,7,2,6,,1,12,8.70128,4.11489,2.11458,1.30734,0.21643,0.102351,0.11407893896102905,0.261879,1.49359,0.313179,0.686921,,,4.59328,-0.00565998,-0.0569273,999,,,,,,,33.40000000000002,2.783333333333335,37,3.0833333333333335,,,,,,,,,,,,,,,,,,,"Gus Varland","24737",681402
"Luis Curvelo","TEX",0,0,0,5.30705,5,0,0,0,,5,20,5,3,3,1,2,,0,4,7.74517,3.53989,2.18797,1.49048,0.198414,0.0906839,0.10772969573736191,0.251429,1.36859,0.283821,0.640114,,,4.91664,-0.00567183,-0.015259,999,,,,,,,13.7,2.7399999999999998,14,2.8,,,,,,,,,,,,,,,,,,,"Luis Curvelo","24710",681168
"Joel Peguero","SFG",0,0,0,4.37011,7,0,0,0,,7,29,7,4,3,1,3,,0,5,6.55439,3.86474,1.69595,0.861733,0.16505,0.0973201,0.06772951036691666,0.260261,1.44753,0.298705,0.70023,,,4.39942,-0.00570232,-0.0161938,999,,,,,,,22.3,3.185714285714286,23,3.2857142857142856,,,,,,,,,,,,,,,,,,,"Joel Peguero","21951",666711
"Angel Bastardo","BOS",0,0,0,4.45997,6,0,0,0,,6,27,6,3,3,1,3,,0,5,7.77637,4.1169,1.88889,1.25794,0.195965,0.103746,0.09221901744604111,0.246753,1.42313,0.283843,0.724638,,,4.68533,-0.00572643,0.00506917,999,,,,,,,17.500000000000007,2.916666666666668,18,3,,,,,,,,,,,,,,,,,,,"Angel Bastardo","sa3009716",682785
"Jackson Jobe","DET",0,1,0,4.94253,8,1,0,0,,12,51,12,7,6,2,5,,0,9,6.66667,4.25287,1.56757,1.37931,0.169591,0.108187,0.06140352040529251,0.257426,1.46871,0.283262,0.702648,,,5.11483,-0.00577283,-0.055122,999,,,,,,,36.000000000000014,3.0000000000000013,37,3.0833333333333335,,,,,,,,,,,,,,,,,,,"Jackson Jobe","30203",695549
"Zach Agnos","COL",0,1,0,4.93999,17,0,0,2,,17,75,18,10,9,2,6,,1,12,6.52517,3.4017,1.91821,1.26554,0.165302,0.0861751,0.0791264995932579,0.263177,1.42151,0.291309,0.673576,,,4.75024,-0.00577753,-0.00417086,743.47998046875,,,,,,,65.40000000000002,3.8470588235294128,70,4.117647058823529,,,,,,,,,,,,,,,,,,,"Zach Agnos","31552",688642
"Matt Gage","SFG",0,0,0,4.63026,7,0,0,0,,7,31,7,4,4,1,3,,0,6,7.47806,3.72175,2.00929,1.18681,0.187376,0.093255,0.09412114322185516,0.263299,1.46581,0.303391,0.707619,,,4.47577,-0.00580474,-0.0161938,999,,,,,,,24.3,3.4714285714285715,25,3.5714285714285716,,,,,,,,,,,,,,,,,,,"Matt Gage","17381",657424
"Rolddy Muñoz","ATL",0,0,0,4.8107,3,0,0,0,,3,12,3,2,1,0,1,,0,2,7.94813,4.61641,1.72171,1.19998,0.19623,0.113973,0.08225607872009277,0.259434,1.52953,0.304358,0.706346,,,4.82264,-0.00585414,-0.0139393,999,,,,,,,15.400000000000002,5.133333333333334,16,5.333333333333333,,,,,,,,,,,,,,,,,,,"Rolddy Munoz","27407",691548
"AJ Blubaugh","HOU",1,1,0,4.43567,17,0,0,2,,17,74,16,9,8,2,8,,1,16,8.54717,3.98067,2.14717,1.29685,0.218429,0.101729,0.11670000106096268,0.241132,1.37599,0.284198,0.715585,,,4.51061,-0.00610948,-0.0128585,748.5399780273438,,,,,,,72.60000000000002,4.270588235294119,72,4.235294117647059,,,,,,,,,,,,,,,,,,,"AJ Blubaugh","31764",805123
"Alimber Santa","HOU",1,1,0,4.26638,15,0,0,0,,15,66,14,8,7,2,8,,1,14,8.25527,4.70585,1.75426,0.973228,0.206598,0.117769,0.08882834017276764,0.243973,1.46825,0.293816,0.723682,,,4.37556,-0.00615799,-0.013141,999,,,,,,,51.00000000000001,3.4000000000000004,50,3.3333333333333335,,,,,,,,,,,,,,,,,,,"Alimber Santa","28846",695001
"Nick Raquet","BAL",1,2,0,4.89744,13,0,0,0,,13,57,14,8,7,2,4,,1,11,7.52333,3.08496,2.43871,1.33922,0.190488,0.0781099,0.1123778447508812,0.271693,1.42003,0.311537,0.683788,,,4.64244,-0.0063194,-0.0458485,999,,,,,,,42.199999999999996,3.2461538461538457,46,3.5384615384615383,,,,,,,,,,,,,,,,,,,"Nick Raquet","20333",675919
"Seth Halvorsen","LAD",0,0,0,5.2617,5,0,0,0,,5,21,5,3,3,1,3,,0,4,8.21148,5.10129,1.60969,1.30802,0.200172,0.124355,0.07581731677055359,0.25754,1.58556,0.301389,0.687428,,,4.98133,-0.00634052,-0.0142051,712.510009765625,,,,,,,10.7,2.1399999999999997,11,2.2,,,,,,,,,,,,,,,,,,,"Seth Halvorsen","33294",678020
"Aaron Rozek","MIN",0,0,0,4.99466,5,0,0,0,,5,20,5,3,3,1,1,,0,3,6.33938,2.88154,2.2,1.34472,0.160584,0.0729927,0.0875912457704544,0.268617,1.39808,0.293919,0.67325,,,4.76394,-0.0063983,-0.0133029,999,,,,,,,14.7,2.94,15,3,,,,,,,,,,,,,,,,,,,"Aaron Rozek","sa3015224",702065
"Yariel Rodríguez","TOR",0,0,0,4.60316,9,0,0,0,,9,40,8,5,5,1,5,,1,9,8.72587,4.52187,1.92971,1.29196,0.221789,0.114934,0.1068548858165741,0.235268,1.39875,0.279146,0.703647,,,4.72183,-0.00650563,-0.0140195,999,,,,,,,33.500000000000014,3.7222222222222237,32,3.5555555555555554,,,,,,,,,,,,,,,,,,,"Yariel Rodriguez","33838",684320
"Ricky Vanasco","DET",0,0,0,5.00063,4,0,0,0,,4,19,4,3,2,1,2,,0,4,8.58681,5.00897,1.71429,1.36457,0.21214,0.123748,0.08839159458875656,0.248083,1.52413,0.291987,0.701438,,,4.96428,-0.00658332,-0.0287878,999,,,,,,,8.9,2.225,9,2.25,,,,,,,,,,,,,,,,,,,"Ricky Vanasco","23391",676568
"Bryse Wilson","MIL",1,1,0,4.05676,17,0,0,2,,17,72,16,8,8,2,5,,1,12,6.43168,2.4741,2.5996,1.29579,0.171913,0.0661304,0.10578248649835587,0.239904,1.19485,0.260739,0.70967,,,4.519,-0.00681778,0.0181156,999,,,,,,,73.60000000000002,4.329411764705884,73,4.294117647058823,,,,,,,,,,,,,,,,,,,"Bryse Wilson","19990",669060
"Hancel Rincon","STL",0,0,0,4.79017,5,0,0,0,,5,20,5,3,2,1,1,,0,3,6.26407,2.76356,2.26667,1.38178,0.159624,0.0704225,0.08920187503099442,0.265985,1.37155,0.288961,0.690265,,,4.78833,-0.00689953,-0.0157297,999,,,,,,,14.7,2.94,15,3,,,,,,,,,,,,,,,,,,,"Hancel Rincon","sa3009629",684516
"Justin Lawrence","WSN",0,0,0,5.19126,4,0,0,0,,4,18,4,2,2,1,2,,1,4,10.1259,5.35634,1.89045,1.33166,0.249328,0.131888,0.11743952333927155,0.248213,1.53325,0.315254,0.683422,,,4.98233,-0.00700683,0.00109666,999,,,,,,,5.9,1.475,6,1.5,,,,,,,,,,,,,,,,,,,"Justin Lawrence","17639",664875
"Garrett Stallings","MIL",1,1,0,4.74331,13,0,0,0,,13,57,14,8,7,2,4,,0,10,6.61847,2.49082,2.65714,1.36995,0.170634,0.0642172,0.10641708225011826,0.266447,1.34554,0.29343,0.682312,,,4.51328,-0.00707881,-0.0435588,999,,,,,,,43.199999999999996,3.323076923076923,47,3.6153846153846154,,,,,,,,,,,,,,,,,,,"Garrett Stallings","27485",668831
"Kyle Nicolas","WSN",0,0,0,5.24011,7,0,0,0,,7,30,6,4,4,1,4,,0,7,9.1437,5.41772,1.68774,1.2247,0.22482,0.133208,0.09161244332790375,0.244295,1.54339,0.298101,0.673027,,,4.84298,-0.00738828,-0.0132438,999,,,,,,,25.900000000000013,3.700000000000002,24,3.4285714285714284,,,,,,,,,,,,,,,,,,,"Kyle Nicolas","27775",693312
"Andre Granillo","DET",0,1,0,4.98498,9,0,0,0,,9,41,9,6,5,1,5,,0,8,8.27449,4.44865,1.86,1.32188,0.206385,0.11096,0.09542542695999146,0.252336,1.48296,0.29518,0.689647,,,4.79033,-0.00739465,-0.0426533,999,,,,,,,31.900000000000013,3.544444444444446,33,3.6666666666666665,,,,,,,,,,,,,,,,,,,"Andre Granillo","29542",701552
"Stevie Emanuels","ATH",0,0,0,5.06567,4,0,0,0,,4,18,4,2,2,1,3,,0,4,8.44278,5.74109,1.47059,1.18199,0.204082,0.138776,0.06530612707138062,0.245192,1.59475,0.291391,0.704787,,,5.02342,-0.00743695,0.00259572,999,,,,,,,5.9,1.475,6,1.5,,,,,,,,,,,,,,,,,,,"Stevie Emanuels","sa3014698",669434
"Najer Victor","LAA",0,0,0,4.85123,10,0,0,0,,10,46,10,6,5,1,5,,1,9,8.68026,4.35202,1.99454,1.2871,0.207774,0.104172,0.10360261052846909,0.238878,1.4618,0.279559,0.688521,,,4.6802,-0.00776518,-0.0258643,999,,,,,,,35.7,3.5700000000000003,37,3.7,,,,,,,,,,,,,,,,,,,"Najer Victor","sa3025330",695402
"Wilian Bormie","TEX",0,0,0,5.05263,4,0,0,0,,4,18,4,2,2,1,2,,0,4,8.68421,4.89474,1.77419,1.42105,0.213178,0.120155,0.09302326291799545,0.245536,1.50877,0.2875,0.694823,,,5.02201,-0.00806831,0.0000595766,999,,,,,,,8.9,2.225,9,2.25,,,,,,,,,,,,,,,,,,,"Wilian Bormie","sa3020327",693781
"Antoine Kelly","CHC",0,0,0,4.95256,5,0,0,0,,5,21,4,3,3,1,3,,1,5,8.70968,4.95256,1.75862,1.19545,0.21519,0.122363,0.09282700717449188,0.237624,1.4611,0.284722,0.684524,,,4.89341,-0.00830848,-0.0153946,999,,,,,,,12.299999999999999,2.46,10,2,,,,,,,,,,,,,,,,,,,"Antoine Kelly","sa3011135",681520
"Ryan Rolison","CHC",1,1,0,4.47228,19,0,0,4,,19,84,19,10,10,3,8,,0,17,7.70157,3.65667,2.10617,1.18277,0.196188,0.0931493,0.10303916782140732,0.250158,1.39303,0.289222,0.705434,,,4.35871,-0.00837555,-0.0103597,999,,,,,,,80.29999999999998,4.226315789473683,82,4.315789473684211,,,,,,,,,,,,,,,,,,,"Ryan Rolison","22200",669020
"Jason Alexander","HOU",0,1,0,4.88336,8,1,0,0,,11,46,11,6,6,2,4,,1,8,6.77208,3.29254,2.05679,1.46261,0.170185,0.082743,0.08744238317012787,0.272397,1.4556,0.300502,0.705019,,,4.97973,-0.00845149,-0.0402172,999,,,,,,,29.200000000000003,2.6545454545454548,30,2.727272727272727,,,,,,,,,,,,,,,,,,,"Jason Alexander","19666",669920
"Tyler Gilbert","CHW",0,1,0,5.32572,11,0,0,0,,11,47,11,7,6,2,4,,0,9,8.02007,3.75641,2.13504,1.42579,0.201369,0.0943164,0.1070525199174881,0.261019,1.45478,0.300518,0.658218,,,4.73963,-0.00865899,-0.0422037,999,,,,,,,34.2,3.1090909090909093,35,3.1818181818181817,,,,,,,,,,,,,,,,,,,"Tyler Gilbert","17964",656457
"Tayler Saucedo","LAA",0,1,0,4.88727,14,0,0,0,,14,64,14,8,8,2,6,,1,14,8.8532,4.00556,2.21023,1.18346,0.222695,0.100757,0.12193866819143295,0.258121,1.44359,0.314911,0.677525,,,4.49802,-0.00895347,-0.0242938,999,,,,,,,49.60000000000003,3.542857142857145,51,3.642857142857143,,,,,,,,,,,,,,,,,,,"Tayler Saucedo","17888",642048
"Zach Maxwell","CIN",0,1,0,5.27933,12,0,0,0,,12,55,12,8,7,2,7,,0,13,9.62011,5.51179,1.74537,1.42898,0.235715,0.135052,0.10066348314285278,0.241822,1.55715,0.293372,0.688871,,,4.92005,-0.00898273,-0.0457187,999,,,,,,,38.000000000000014,3.166666666666668,39,3.25,,,,,,,,,,,,,,,,,,,"Zach Maxwell","31610",687209
"Spencer Bivens","SFG",1,1,0,4.32042,17,0,0,2,,17,75,18,9,8,2,6,,1,13,6.82927,3.06023,2.23162,1.11384,0.174362,0.0781324,0.09622923284769058,0.265406,1.38656,0.301503,0.712744,,,4.42733,-0.00900427,-0.0176156,999,,,,,,,67.40000000000002,3.964705882352942,72,4.235294117647059,,,,,,,,,,,,,,,,,,,"Spencer Bivens","30226",702352
"Jose Franco","CIN",0,1,0,5.64087,8,0,0,0,,8,37,8,6,5,1,4,,0,7,7.93248,4.69622,1.68912,1.44374,0.195163,0.115541,0.07962179183959961,0.259412,1.54513,0.29725,0.654172,,,5.14647,-0.00923045,-0.0493445,999,,,,,,,28.100000000000005,3.5125000000000006,29,3.625,,,,,,,,,,,,,,,,,,,"Jose Franco","27014",683742
"Jayden Murray","CHC",0,0,0,4.34529,7,0,0,0,,7,29,6,3,3,1,3,,1,6,7.46299,3.91921,1.90421,1.16396,0.192345,0.10101,0.09133463352918625,0.239685,1.34373,0.275159,0.704358,,,4.69771,-0.00924414,0.0155691,999,,,,,,,23.9,3.414285714285714,22,3.142857142857143,,,,,,,,,,,,,,,,,,,"Jayden Murray","26482",681151
"Cameron Weston","BAL",1,1,0,4.93851,12,1,0,0,,14,61,14,8,8,2,6,,1,12,7.567,3.57726,2.11531,1.32991,0.19233,0.0909227,0.10140687227249146,0.258736,1.40322,0.295996,0.674371,,,4.80234,-0.00964765,-0.0584492,999,,,,,,,45.6,3.257142857142857,47,3.357142857142857,,,,,,,,,,,,,,,,,,,"Cameron Weston","31696",687721
"Valente Bellozo","COL",0,0,0,5.63134,5,0,0,0,,5,23,6,4,3,1,2,,0,4,6.22396,3.1719,1.96222,1.81366,0.154425,0.0786993,0.07572578638792038,0.284045,1.51401,0.300362,0.676926,,,5.51284,-0.00977099,-0.029136,999,,,,,,,11.1,2.2199999999999998,14,2.8,,,,,,,,,,,,,,,,,,,"Valente Bellozo","23899",678368
"Brett Kerry","LAA",1,1,0,5.53322,14,1,0,0,,17,73,18,11,10,3,5,,1,12,6.24302,2.83571,2.20157,1.63313,0.1582,0.0718579,0.08634236454963684,0.274268,1.42131,0.29281,0.645136,,,5.13547,-0.0101385,-0.0616904,999,,,,,,,48.10000000000001,2.829411764705883,52,3.0588235294117645,,,,,,,,,,,,,,,,,,,"Brett Kerry","29826",695049
"Peter Strzelecki","STL",1,1,0,4.88104,15,0,0,0,,15,65,16,9,8,2,6,,1,12,7.521,3.86344,1.94671,1.02591,0.1872,0.0961622,0.09103813022375107,0.269307,1.49503,0.316438,0.678076,,,4.44009,-0.0101474,-0.0471892,999,,,,,,,47.800000000000004,3.186666666666667,52,3.466666666666667,,,,,,,,,,,,,,,,,,,"Peter Strzelecki","21367",657265
"Troy Taylor","SEA",0,0,0,4.70019,7,0,0,0,,7,32,7,4,4,1,3,,1,7,8.52998,4.00387,2.13043,1.21857,0.213974,0.100437,0.11353711783885956,0.238806,1.37331,0.282759,0.686275,,,4.59909,-0.0102251,-0.0219302,999,,,,,,,23.300000000000015,3.3285714285714305,24,3.4285714285714284,,,,,,,,,,,,,,,,,,,"Troy Taylor","31883",700187
"Eric Cerantola","SFG",0,0,0,5.21851,3,0,0,0,,3,15,3,2,2,0,2,,0,3,9.1182,5.69353,1.6015,1.32706,0.223226,0.139385,0.08384059369564056,0.243608,1.5629,0.294498,0.687555,,,5.15977,-0.0102757,-0.0156855,999,,,,,,,14.400000000000002,4.800000000000001,15,5,,,,,,,,,,,,,,,,,,,"Eric Cerantola","30128",672021
"Robinson Ortiz","SEA",1,1,0,4.38134,15,0,0,0,,15,67,13,8,7,2,8,,2,15,8.94523,4.92901,1.81481,0.912779,0.221719,0.122172,0.09954751282930374,0.227513,1.41988,0.281481,0.698413,,,4.38762,-0.01074,-0.0286039,999,,,,,,,52.60000000000001,3.5066666666666673,49,3.2666666666666666,,,,,,,,,,,,,,,,,,,"Robinson Ortiz","sa3004006",673662
"Jared Southard","LAA",0,0,0,4.88246,9,0,0,0,,9,38,8,5,5,1,4,,1,7,7.64919,3.74322,2.04348,1.30199,0.191837,0.0938775,0.09795918315649033,0.253456,1.41049,0.290123,0.688623,,,4.80954,-0.010866,-0.0113475,999,,,,,,,32.500000000000014,3.6111111111111125,31,3.4444444444444446,,,,,,,,,,,,,,,,,,,"Jared Southard","sa3019951",683177
"Brandan Bidois","PIT",0,1,0,4.86405,8,0,0,0,,8,35,7,5,4,1,4,,0,8,9.16128,4.87158,1.88056,1.43441,0.22861,0.121565,0.10704497247934341,0.242165,1.47756,0.28892,0.709576,,,4.90499,-0.0112466,-0.0251945,999,,,,,,,32.7,4.0875,31,3.875,,,,,,,,,,,,,,,,,,,"Brandan Bidois","28052",684049
"TJ Shook","COL",0,1,0,5.34511,9,0,0,0,,9,38,9,5,5,1,3,,1,7,7.06905,3.41264,2.07143,1.42774,0.176435,0.0851757,0.09125965088605881,0.277222,1.48459,0.311093,0.664593,,,4.99403,-0.0113815,0.00567148,999,,,,,,,32.90000000000001,3.655555555555557,34,3.7777777777777777,,,,,,,,,,,,,,,,,,,"TJ Shook","27567",669298
"Bradley Hanner","NYY",1,1,0,4.95918,9,0,0,0,,9,38,8,5,5,1,4,,1,8,8.44898,4.22449,2,1.28571,0.211982,0.105991,0.10599078238010406,0.239362,1.38776,0.281482,0.670103,,,4.86483,-0.0116638,-0.0148237,999,,,,,,,34.500000000000014,3.833333333333335,33,3.6666666666666665,,,,,,,,,,,,,,,,,,,"Bradley Hanner","sa3010837",690440
"Daniel Espino","CLE",1,1,0,4.31648,15,0,0,2,,15,68,14,8,7,2,8,,0,18,10.5695,4.78554,2.20863,1.35418,0.265765,0.12033,0.14543503522872925,0.234195,1.4388,0.296908,0.747048,,,4.35425,-0.0117855,-0.0146046,999,,,,,,,70,4.666666666666667,69,4.6,,,,,,,,,,,,,,,,,,,"Daniel Espino","25625",682982
"Carson Palmquist","WSN",1,1,0,4.47447,17,0,0,2,,17,74,16,9,8,2,8,,2,16,8.59581,4.12225,2.08522,1.28071,0.219738,0.105379,0.11435947567224503,0.241812,1.3745,0.287515,0.709708,,,4.71886,-0.011881,-0.0105506,999,,,,,,,69.60000000000002,4.094117647058825,69,4.0588235294117645,,,,,,,,,,,,,,,,,,,"Carson Palmquist","31612",687223
"Enmanuel De Jesus","DET",0,0,0,4.85123,13,0,0,0,,13,61,13,8,7,2,6,,1,13,8.68026,4.35202,1.99454,1.2871,0.207774,0.104172,0.10360259562730789,0.238878,1.4618,0.279559,0.688521,,,4.6802,-0.0127609,-0.0417493,999,,,,,,,42.8,3.292307692307692,44,3.3846153846153846,,,,,,,,,,,,,,,,,,,"Enmanuel De Jesus","18554",646241
"Beau Brieske","DET",0,1,0,5.15349,11,0,0,0,,11,51,11,7,7,2,5,,0,10,7.54521,4.053,1.86164,1.42747,0.189772,0.101938,0.087833471596241,0.252724,1.44905,0.284316,0.673716,,,4.89265,-0.0127834,-0.042217,999,,,,,,,33.2,3.0181818181818185,34,3.090909090909091,,,,,,,,,,,,,,,,,,,"Beau Brieske","26079",689225
"Tyler Schweitzer","CHW",1,1,0,4.90908,14,0,0,0,,14,60,15,8,7,2,5,,0,9,6.1759,3.35921,1.8385,1.28572,0.154947,0.0842792,0.07066773623228073,0.270441,1.46509,0.2958,0.689442,,,4.76869,-0.0129569,-0.0264802,999,,,,,,,43,3.0714285714285716,47,3.357142857142857,,,,,,,,,,,,,,,,,,,"Tyler Schweitzer","31920",805326
"Anthony Molina","ATL",0,1,0,4.97738,12,0,0,0,,12,54,14,7,7,2,4,,0,8,6.04802,2.6757,2.26035,1.28243,0.153069,0.0677188,0.08534977585077286,0.277435,1.42744,0.303048,0.672917,,,4.56808,-0.0130808,-0.0259717,999,,,,,,,31.80000000000002,2.6500000000000017,38,3.1666666666666665,,,,,,,,,,,,,,,,,,,"Anthony Molina","26952",683627
"Dan Hammer","NYM",0,0,0,5.80645,3,0,0,0,,3,13,3,2,2,0,2,,0,2,7.36973,6.47643,1.13793,1.33995,0.170984,0.150259,0.02072538435459137,0.254658,1.73697,0.286885,0.681818,,,5.78963,-0.0133389,-0.0162595,999,,,,,,,12.400000000000002,4.133333333333334,13,4.333333333333333,,,,,,,,,,,,,,,,,,,"Dan Hammer","sa3011525",669285
"Gavin Hollowell","CHC",1,1,0,4.89377,17,0,0,2,,17,73,15,10,9,2,9,,2,17,9.29711,4.66437,1.99322,1.12261,0.235692,0.118247,0.11744535714387894,0.235778,1.40792,0.292454,0.662361,,,4.4941,-0.0134199,-0.0462309,999,,,,,,,71.20000000000002,4.188235294117648,68,4,,,,,,,,,,,,,,,,,,,"Gavin Hollowell","25427",668970
"Elvis Alvarado","ATH",1,1,0,4.36702,21,0,3,4,,21,91,19,11,10,3,9,,1,23,9.92703,4.05974,2.44524,1.39191,0.254704,0.104163,0.15054075419902802,0.236586,1.35366,0.29246,0.726596,,,4.46082,-0.0134425,0.0697778,748.52001953125,,,,,,,116.1,5.5285714285714285,113,5.380952380952381,,,,,,,,,,,,,,,,,,,"Elvis Alvarado","21662",665660
"Philip Abner","ARI",0,0,0,4.42932,11,0,0,0,,11,49,11,6,5,2,5,,1,10,8.24566,3.82785,2.15412,1.27595,0.208782,0.0969221,0.11185991019010544,0.254598,1.41719,0.299554,0.72392,,,4.59757,-0.0135964,-0.0103576,999,,,,,,,30.200000000000003,2.7454545454545456,31,2.8181818181818183,,,,,,,,,,,,,,,,,,,"Philip Abner","33821",691769
"Daniel Duarte","NYM",0,0,0,4.85124,18,0,0,2,,18,82,17,10,10,3,9,,1,17,8.68026,4.35202,1.99454,1.2871,0.207774,0.104172,0.10360259562730789,0.238878,1.4618,0.279559,0.688521,,,4.6802,-0.0137349,-0.0357405,999,,,,,,,64.10000000000001,3.561111111111112,63,3.5,,,,,,,,,,,,,,,,,,,"Daniel Duarte","17480",650960
"Seth Johnson","PHI",1,1,0,4.956,17,0,0,2,,17,77,17,10,9,2,9,,0,16,8.49396,4.949,1.7163,1.28455,0.20889,0.12171,0.08718045055866241,0.252079,1.54487,0.297927,0.703557,,,4.79037,-0.013851,-0.0359077,999,,,,,,,70.00000000000001,4.11764705882353,72,4.235294117647059,,,,,,,,,,,,,,,,,,,"Seth Johnson","26020",686751
"Landon Knack","LAD",0,1,0,5.58302,10,0,0,0,,10,44,10,7,6,2,4,,0,9,7.79172,3.57093,2.18199,1.72639,0.196727,0.0901595,0.10656717419624329,0.260323,1.43132,0.288949,0.651067,,,5.15192,-0.0152465,-0.0583494,999,,,,,,,29.4,2.94,30,3,,,,,,,,,,,,,,,,,,,"Landon Knack","27487",689017
"William Kempner","MIA",0,1,0,4.91712,8,0,0,0,,8,35,7,5,4,1,4,,1,8,8.88444,4.83233,1.83854,1.20808,0.222219,0.120867,0.10135208070278168,0.247719,1.46833,0.302127,0.682968,,,4.92744,-0.0155343,-0.0259865,999,,,,,,,29.700000000000006,3.712500000000001,28,3.5,,,,,,,,,,,,,,,,,,,"William Kempner","31615",687531
"Reiver Sanmartin","SFG",1,1,0,4.62097,14,0,0,0,,14,61,15,8,7,2,4,,1,10,6.74571,2.72342,2.47692,1.25696,0.17235,0.0695824,0.10276788473129272,0.27064,1.38382,0.303155,0.694889,,,4.48773,-0.0156741,-0.0323877,999,,,,,,,45,3.2142857142857144,49,3.5,,,,,,,,,,,,,,,,,,,"Reiver Sanmartin","19754",665665
"Robby Ahlstrom","TEX",1,1,0,4.89091,17,0,0,2,,17,74,16,10,9,2,8,,1,15,7.89362,4.4621,1.76904,1.17781,0.197429,0.111603,0.08582644909620285,0.250043,1.47224,0.291863,0.68389,,,4.66882,-0.016087,-0.0457889,999,,,,,,,70.60000000000002,4.1529411764705895,70,4.117647058823529,,,,,,,,,,,,,,,,,,,"Robby Ahlstrom","30167",695239
"Max Lazar","PHI",1,1,0,5.07322,14,0,0,0,,14,63,15,9,8,2,5,,0,11,6.83898,2.95956,2.31081,1.49311,0.174004,0.0753,0.09870410710573196,0.266709,1.40152,0.292876,0.674627,,,4.78207,-0.0161505,-0.0521464,999,,,,,,,47,3.357142857142857,51,3.642857142857143,,,,,,,,,,,,,,,,,,,"Max Lazar","23426",676661
"Tommy Kahnle","BOS",0,1,0,4.83328,11,0,0,0,,11,48,11,6,6,1,6,,0,9,7.31709,4.64956,1.57372,1.222,0.182371,0.115886,0.06648560613393784,0.249225,1.48983,0.283284,0.697139,,,4.90795,-0.0163429,-0.00534226,748.510009765625,,,,,,,40.50000000000001,3.6818181818181825,42,3.8181818181818183,,,,,,,,,,,,,,,,,,,"Tommy Kahnle","11384",592454
"Kyle Finnegan","DET",1,1,0,4.49343,21,0,1,4,,21,90,20,11,10,3,9,,0,18,7.78324,3.97747,1.95683,1.19229,0.1971,0.100724,0.09637587517499924,0.247997,1.41836,0.287061,0.710261,,,4.45356,-0.0163864,0.0309671,639.030029296875,,,,,,,96.5,4.595238095238095,96,4.571428571428571,,,,,,,,,,,,,,,,,,,"Kyle Finnegan","15009",640448
"Cade Winquest","STL",0,0,0,5.5516,5,0,0,0,,5,24,6,4,3,1,2,,0,4,6.83274,3.62989,1.88235,1.60142,0.169761,0.0901857,0.07957561314105988,0.261905,1.44721,0.284047,0.653465,,,5.36358,-0.0166026,-0.0458923,999,,,,,,,11.1,2.2199999999999998,14,2.8,,,,,,,,,,,,,,,,,,,"Cade Winquest","sa3020805",685464
"Gavin Collyer","TEX",1,1,0,5.14405,11,0,0,0,,11,51,10,7,6,1,7,,2,11,9.08144,5.83341,1.5568,1.04284,0.22296,0.143217,0.07974284887313843,0.242928,1.55024,0.303738,0.669284,,,5.03488,-0.0168283,-0.0457088,999,,,,,,,38.10000000000001,3.4636363636363643,37,3.3636363636363638,,,,,,,,,,,,,,,,,,,"Gavin Collyer","26349",686560
"Xzavion Curry","NYM",1,1,0,4.25084,12,0,0,0,,12,50,11,6,6,2,4,,0,8,6.21777,3.35975,1.85067,1.47164,0.162111,0.0875961,0.07451499998569489,0.239614,1.29943,0.253301,0.734271,,,5.04349,-0.0173621,-0.00295123,999,,,,,,,39.600000000000016,3.300000000000001,38,3.1666666666666665,,,,,,,,,,,,,,,,,,,"Xzavion Curry","25595",675540
"Lazaro Estrada","TOR",1,1,0,4.99023,14,0,0,0,,14,62,15,9,8,2,5,,1,12,7.49042,2.92839,2.55786,1.47723,0.192316,0.0751861,0.1171296164393425,0.261982,1.35998,0.2948,0.670061,,,4.7144,-0.0176384,-0.0587358,999,,,,,,,46,3.2857142857142856,50,3.5714285714285716,,,,,,,,,,,,,,,,,,,"Lazaro Estrada","24914",681751
"Eli Morgan","KCR",0,1,0,4.81818,14,0,0,0,,14,60,14,8,7,2,5,,1,12,7.72948,3.28885,2.35021,1.47096,0.197552,0.0840572,0.11349496245384216,0.257141,1.37864,0.291215,0.692919,,,4.73796,-0.0179813,-0.0200407,999,,,,,,,48.6,3.4714285714285715,50,3.5714285714285716,,,,,,,,,,,,,,,,,,,"Eli Morgan","20203",669212
"Elieser Hernández","ATL",1,1,0,4.99389,14,0,0,0,,14,61,15,8,8,3,5,,0,12,7.57892,3.16824,2.39216,1.64003,0.192514,0.0804773,0.11203709989786148,0.26399,1.40583,0.293708,0.69757,,,4.94164,-0.018751,-0.0253004,999,,,,,,,36.70000000000002,2.6214285714285728,40,2.857142857142857,,,,,,,,,,,,,,,,,,,"Elieser Hernandez","16933",622694
"Blas Castaño","COL",0,1,0,6.45485,8,0,0,0,,8,37,10,6,6,1,3,,1,5,6.12729,3.52624,1.73763,1.43602,0.145399,0.0836768,0.06172218918800354,0.317566,1.71664,0.349778,0.627533,,,5.35388,-0.0191793,-0.0361869,999,,,,,,,18.900000000000006,2.3625000000000007,25,3.125,,,,,,,,,,,,,,,,,,,"Blas Castano","26117",680604
"Juan Burgos","ARI",1,1,0,4.70072,14,0,0,0,,14,61,14,8,7,2,6,,1,11,7.24416,4.11155,1.7619,1.17473,0.180232,0.102294,0.07793813198804855,0.266532,1.49799,0.306519,0.707292,,,4.87577,-0.0192687,-0.0240712,999,,,,,,,43.6,3.1142857142857143,45,3.2142857142857144,,,,,,,,,,,,,,,,,,,"Juan Burgos","27271",686228
"Tyler Zuber","MIA",1,1,0,4.7355,18,0,0,2,,18,78,18,10,9,3,7,,1,17,8.81785,3.81757,2.3098,1.46715,0.221934,0.0960836,0.12585066258907318,0.257765,1.4412,0.304701,0.71665,,,4.67668,-0.0199834,-0.0213381,999,,,,,,,67.50000000000001,3.750000000000001,69,3.8333333333333335,,,,,,,,,,,,,,,,,,,"Tyler Zuber","20379",676604
"Joe La Sorsa","BOS",1,1,0,4.62406,14,0,0,0,,14,59,15,8,7,2,5,,1,10,6.53277,3.06788,2.12941,1.246,0.165718,0.0778238,0.08789463341236115,0.270786,1.4156,0.301579,0.701551,,,4.69137,-0.0202822,-0.017388,999,,,,,,,42,3,46,3.2857142857142856,,,,,,,,,,,,,,,,,,,"Joe La Sorsa","25481",686747
"Luis Mey","CIN",1,1,0,5.60211,11,0,0,0,,11,52,11,8,7,2,8,,1,12,9.592,6.36662,1.50661,1.30417,0.230525,0.15301,0.07751590013504028,0.247204,1.64499,0.306992,0.671516,,,5.35347,-0.0207381,-0.0608049,999,,,,,,,25.200000000000003,2.290909090909091,26,2.3636363636363638,,,,,,,,,,,,,,,,,,,"Luis Mey","25620",682825
"Travis Adams","MIN",1,1,0,4.61985,20,0,0,4,,20,87,21,11,10,3,7,,1,17,7.71751,3.2929,2.34369,1.24762,0.196316,0.0837638,0.11255214363336563,0.26034,1.3991,0.300946,0.698033,,,4.39446,-0.0215802,-0.0318146,999,,,,,,,82.5,4.125,87,4.35,,,,,,,,,,,,,,,,,,,"Travis Adams","30180",701519
"Cole Winn","TEX",1,1,0,4.81604,18,0,0,3,,18,78,17,10,10,2,8,,1,16,7.86865,4.03978,1.94779,1.16813,0.200956,0.103171,0.09778492897748947,0.241905,1.38139,0.281577,0.66663,,,4.53564,-0.0218367,-0.0476634,999,,,,,,,81.40000000000002,4.522222222222223,81,4.5,,,,,,,,,,,,,,,,,,,"Cole Winn","22113",668390
"Hunter Parks","CIN",0,0,0,6.31879,5,0,0,0,,5,23,5,4,3,1,3,,1,4,7.17268,5.97723,1.2,1.537,0.167331,0.139442,0.027888447046279907,0.258373,1.6888,0.28481,0.641361,,,6.1268,-0.022057,-0.0378477,999,,,,,,,7.699999999999999,1.5399999999999998,8,1.6,,,,,,,,,,,,,,,,,,,"Hunter Parks","sa3017640",688609
"Wyatt Mills","LAD",0,1,0,5.4598,8,0,0,0,,8,36,8,5,5,1,4,,1,7,8.00052,4.9808,1.60627,1.33631,0.19757,0.122999,0.07457076758146286,0.256319,1.52828,0.298777,0.658041,,,5.35041,-0.0223685,-0.02875,999,,,,,,,25.100000000000005,3.1375000000000006,26,3.25,,,,,,,,,,,,,,,,,,,"Wyatt Mills","20010",670090
"Jose Cuas","KCR",1,1,0,4.89412,15,0,0,0,,15,67,14,9,8,2,8,,2,15,8.67699,4.89861,1.77132,1.04428,0.215378,0.121592,0.09378612041473389,0.251202,1.50289,0.307967,0.68023,,,4.67087,-0.0224029,-0.0340319,999,,,,,,,50.00000000000001,3.333333333333334,49,3.2666666666666666,,,,,,,,,,,,,,,,,,,"Jose Cuas","17701",621016
"Mitch Farris","LAA",1,1,0,5.17624,16,0,0,1,,16,72,17,10,9,3,7,,0,16,8.55244,3.8318,2.23197,1.41999,0.214604,0.0961503,0.11845391243696213,0.258876,1.45545,0.303856,0.672547,,,4.61161,-0.0229476,-0.0783025,999,,,,,,,52.3,3.26875,56,3.5,,,,,,,,,,,,,,,,,,,"Mitch Farris","33628",815083
"Yoendrys Gómez","MIN",1,1,0,4.85203,22,0,8,1,,22,95,21,13,12,3,10,,2,21,8.858,4.11402,2.15312,1.29089,0.223616,0.103857,0.1197592169046402,0.250814,1.42792,0.301634,0.686103,,,4.59821,-0.0232775,-0.176592,999,,,,,,,121.30000000000001,5.5136363636363654,121,5.5,,,,,,,,,,,,,,,,,,,"Yoendrys Gomez","22872",672782
"Josh Simpson","SEA",1,1,0,4.86982,12,0,0,0,,12,54,11,7,7,2,6,,1,13,9.80712,4.72141,2.07716,1.35522,0.246338,0.118593,0.12774419784545898,0.240787,1.44626,0.29801,0.694579,,,4.67543,-0.0232896,-0.0421734,999,,,,,,,40.600000000000016,3.3833333333333346,39,3.25,,,,,,,,,,,,,,,,,,,"Josh Simpson","25957",681006
"Cole Henry","WSN",0,0,0,5.51097,9,0,0,0,,9,41,8,6,6,2,5,,1,9,8.98683,5.04816,1.78022,1.51167,0.224192,0.125935,0.09825702011585236,0.245783,1.47949,0.29197,0.654093,,,5.44581,-0.0234278,-0.0426954,736.2100219726562,,,,,,,21.200000000000006,2.355555555555556,19,2.111111111111111,,,,,,,,,,,,,,,,,,,"Cole Henry","27570",669371
"Victor Mederos","ATL",1,1,0,4.89615,18,0,0,3,,18,81,19,11,10,2,7,,2,14,6.73182,3.64378,1.84748,1.15156,0.170194,0.0921222,0.07807213068008423,0.263853,1.42947,0.298157,0.670338,,,4.81192,-0.0238257,-0.0539124,999,,,,,,,72.20000000000002,4.011111111111112,77,4.277777777777778,,,,,,,,,,,,,,,,,,,"Victor Mederos","31533",682989
"Yovanny Cruz","NYY",1,1,0,4.9274,13,0,0,0,,13,58,12,8,7,2,7,,2,13,9.00572,4.469,2.01515,1.30346,0.22829,0.113287,0.11500316113233566,0.243568,1.40931,0.295132,0.674829,,,4.89845,-0.0243505,-0.0450738,999,,,,,,,39.39999999999999,3.03076923076923,38,2.923076923076923,,,,,,,,,,,,,,,,,,,"Yovanny Cruz","22622",672442
"Eddy Yean","WSN",0,0,0,4.85123,19,0,1,4,,19,90,19,11,10,3,9,,1,19,8.68026,4.35202,1.99454,1.2871,0.207774,0.104172,0.1036025881767273,0.238878,1.4618,0.279559,0.688521,,,4.6802,-0.0261775,-0.0907472,999,,,,,,,83.29999999999998,4.384210526315789,85,4.473684210526316,,,,,,,,,,,,,,,,,,,"Eddy Yean","24248",678868
"Chris Roycroft","TBR",1,1,0,5.11695,15,0,0,0,,15,68,16,9,8,2,7,,1,12,7.45188,4.4805,1.66318,1.29741,0.183218,0.110161,0.07305707037448883,0.264856,1.54989,0.302629,0.691285,,,4.96862,-0.026556,-0.0395787,999,,,,,,,44.800000000000004,2.986666666666667,49,3.2666666666666666,,,,,,,,,,,,,,,,,,,"Chris Roycroft","31261",688297
"Adam Macko","TOR",1,1,0,4.70081,18,0,0,3,,18,77,17,10,9,2,8,,2,16,8.22453,3.95599,2.07901,1.19662,0.208915,0.100488,0.10842711478471756,0.251357,1.40337,0.298049,0.686508,,,4.62981,-0.0266043,-0.0419123,999,,,,,,,78.40000000000002,4.355555555555557,78,4.333333333333333,,,,,,,,,,,,,,,,,,,"Adam Macko","25590",671936
"Jacob Waguespack","DET",1,1,0,5.10547,18,0,0,3,,18,82,20,11,10,3,7,,1,16,7.8644,3.58988,2.19072,1.27979,0.195548,0.0892619,0.10628562420606613,0.27406,1.49826,0.319547,0.678625,,,4.58205,-0.0268058,-0.106001,999,,,,,,,64.30000000000001,3.572222222222223,71,3.9444444444444446,,,,,,,,,,,,,,,,,,,"Jacob Waguespack","18318",621097
"Paul Sewald","ARI",1,2,0,4.66623,19,0,1,4,,19,81,18,11,10,4,6,,1,21,9.66525,2.66447,3.62745,1.86774,0.254903,0.0702706,0.18463250249624252,0.243239,1.23823,0.283428,0.711914,,,4.67851,-0.0269564,-0.0674706,389.9100036621094,,,,,,,86.59999999999998,4.557894736842104,85,4.473684210526316,,,,,,,,,,,,,,,,,,,"Paul Sewald","13892",623149
"Ben Peoples","TEX",1,1,0,4.16143,16,0,0,1,,16,69,14,8,7,2,7,,1,13,7.29882,4.16121,1.75402,1.29105,0.187779,0.107057,0.08072245866060257,0.234158,1.35196,0.262294,0.737859,,,4.9115,-0.0269726,0.010847,999,,,,,,,63.40000000000001,3.962500000000001,60,3.75,,,,,,,,,,,,,,,,,,,"Ben Peoples","26406",687239
"Trent Thornton","CHC",1,2,0,4.54588,21,0,2,5,,21,88,20,11,10,3,7,,1,15,6.46117,2.83213,2.28138,1.20151,0.168318,0.0737788,0.0945390835404396,0.252536,1.30201,0.279189,0.675261,,,4.47607,-0.0270249,-0.000387315,999,,,,,,,102.5,4.880952380952381,102,4.857142857142857,,,,,,,,,,,,,,,,,,,"Trent Thornton","17948",663423
"Marco Raya","MIN",0,1,0,5.07193,13,0,0,0,,13,59,13,8,7,2,7,,1,11,7.53833,4.48912,1.67925,1.18581,0.186583,0.111111,0.07547184824943542,0.26061,1.51982,0.301602,0.679418,,,4.86114,-0.0270544,-0.0405484,999,,,,,,,35.8,2.753846153846154,37,2.8461538461538463,,,,,,,,,,,,,,,,,,,"Marco Raya","30166",694397
"Trevor Martin","TBR",0,1,0,5.30708,10,0,0,0,,10,45,11,7,6,2,3,,1,8,7.26183,3.08312,2.35535,1.69669,0.183578,0.0779409,0.105636827647686,0.272136,1.42786,0.299656,0.676078,,,5.16837,-0.0278758,-0.0559698,999,,,,,,,24.799999999999997,2.4799999999999995,28,2.8,,,,,,,,,,,,,,,,,,,"Trevor Martin","31878",694680
"Miguel Ullola","HOU",1,1,0,4.75272,16,0,0,1,,16,71,15,9,8,2,9,,1,17,9.38815,5.06068,1.85512,1.35483,0.234405,0.126356,0.10804928839206696,0.238737,1.47418,0.289932,0.71249,,,4.87188,-0.0288316,-0.0365894,999,,,,,,,62.80000000000001,3.9250000000000007,62,3.875,,,,,,,,,,,,,,,,,,,"Miguel Ullola","29036",699044
"Alec Gamboa","BOS",1,1,0,4.85722,16,0,0,1,,16,71,17,9,8,2,8,,1,11,6.14907,4.66204,1.31897,0.991353,0.149665,0.113472,0.03619353473186493,0.269616,1.60032,0.30183,0.700984,,,4.82747,-0.0294059,-0.0157457,999,,,,,,,48.60000000000001,3.0375000000000005,53,3.3125,,,,,,,,,,,,,,,,,,,"Alec Gamboa","26227",687941
"Albert Suárez","BAL",1,1,0,5.15153,18,0,0,2,,18,79,20,11,10,3,7,,0,14,7.20169,3.3191,2.16977,1.51868,0.178648,0.0823349,0.09631309658288956,0.279078,1.51121,0.311614,0.697305,,,4.85975,-0.0300286,-0.0611455,999,,,,,,,59.30000000000001,3.294444444444445,66,3.6666666666666665,,,,,,,,,,,,,,,,,,,"Albert Suarez","6175",544150
"Woo-Suk Go","MIN",0,1,0,5.80102,9,0,0,0,,9,42,10,6,6,1,5,,0,8,7.40418,4.63644,1.59695,1.45268,0.178323,0.111665,0.06665867567062378,0.278427,1.64354,0.315117,0.665178,,,5.2449,-0.030284,-0.0417595,999,,,,,,,29.30000000000001,3.255555555555557,33,3.6666666666666665,,,,,,,,,,,,,,,,,,,"Woo-Suk Go","33827",808970
"Chase Shugart","PHI",1,1,0,4.94395,18,0,0,3,,18,77,18,11,10,3,7,,1,16,8.37862,3.56867,2.34783,1.58069,0.213034,0.0907368,0.12229742854833603,0.256155,1.39861,0.294589,0.695322,,,4.90484,-0.0305663,-0.0936319,999,,,,,,,69.50000000000001,3.861111111111112,71,3.9444444444444446,,,,,,,,,,,,,,,,,,,"Chase Shugart","21544",663767
"Wikelman González","CHW",0,1,0,5.3973,11,0,0,0,,11,52,11,7,7,2,7,,1,11,8.63568,5.53223,1.56098,1.48426,0.208469,0.13355,0.07491856813430786,0.249042,1.58921,0.290323,0.695364,,,5.40358,-0.0318135,-0.0422037,999,,,,,,,26.200000000000003,2.3818181818181823,27,2.4545454545454546,,,,,,,,,,,,,,,,,,,"Wikelman Gonzalez","26641",682790
"Noah Murdock","PIT",0,1,0,4.81799,16,0,0,1,,16,76,16,9,9,2,9,,2,14,7.70878,5.20343,1.48148,0.963597,0.185185,0.125,0.06018519401550293,0.251366,1.56317,0.297101,0.69697,,,4.90844,-0.0369351,-0.0242906,999,,,,,,,51.20000000000001,3.2000000000000006,53,3.3125,,,,,,,,,,,,,,,,,,,"Noah Murdock","27908",668716
"Cole Wilcox","SEA",1,1,0,4.41786,18,0,0,4,,18,80,18,10,9,2,8,,1,15,7.3433,3.85105,1.90683,0.940835,0.186425,0.0977669,0.08865814656019211,0.252518,1.40915,0.295646,0.693374,,,4.30925,-0.0370622,-0.0965132,999,,,,,,,80.80000000000003,4.488888888888891,83,4.611111111111111,,,,,,,,,,,,,,,,,,,"Cole Wilcox","27481",677961
"Yunior Tur","ATH",0,1,0,5.52943,11,0,0,0,,11,51,12,8,7,2,6,,1,9,7.27765,4.38452,1.65985,1.54029,0.179117,0.107911,0.07120534032583237,0.267541,1.546,0.298095,0.672225,,,5.38801,-0.0387621,-0.0659587,999,,,,,,,22.600000000000005,2.054545454545455,26,2.3636363636363638,,,,,,,,,,,,,,,,,,,"Yunior Tur","33026",814305
"Sam Bachman","LAA",1,1,0,4.73205,21,0,2,4,,21,93,20,12,11,2,11,,2,21,8.87987,4.75261,1.86842,1.07351,0.220973,0.118267,0.10270586609840393,0.249552,1.4909,0.30649,0.694454,,,4.50748,-0.0454245,-0.0946222,999,,,,,,,107.80000000000001,5.133333333333334,108,5.142857142857143,,,,,,,,,,,,,,,,,,,"Sam Bachman","29754",696147
"Riley Cornelio","WSN",1,2,0,5.16888,18,1,0,3,,20,92,22,13,12,3,10,,1,16,6.92281,4.4981,1.53905,1.26746,0.169026,0.109825,0.05920102447271347,0.269138,1.58327,0.302547,0.691872,,,4.97724,-0.0472656,-0.115543,999,,,,,,,64.89999999999999,3.2449999999999997,72,3.6,,,,,,,,,,,,,,,,,,,"Riley Cornelio","31953",683000
"Cam Sanders","BAL",1,1,0,5.0308,16,0,0,1,,16,74,15,10,9,2,10,,2,17,9.50645,5.68905,1.67101,1.31867,0.23298,0.139425,0.09355519711971283,0.242696,1.55661,0.298477,0.702211,,,5.07529,-0.0479054,-0.09138,999,,,,,,,56.80000000000001,3.5500000000000007,56,3.5,,,,,,,,,,,,,,,,,,,"Cam Sanders","23479",676742
"Beck Way","KCR",1,1,0,5.57225,13,0,0,0,,13,59,13,9,8,2,7,,2,9,6.45878,4.85139,1.33133,1.16901,0.158252,0.118868,0.03938410431146622,0.266318,1.56917,0.298042,0.645986,,,5.36332,-0.0496299,-0.0643511,999,,,,,,,28.800000000000004,2.2153846153846155,30,2.3076923076923075,,,,,,,,,,,,,,,,,,,"Beck Way","27877",694360
"Tyron Guerrero","BOS",0,0,0,4.85123,21,0,0,5,,21,98,21,12,11,3,10,,1,20,8.68026,4.35202,1.99454,1.2871,0.207774,0.104172,0.1036025881767273,0.238878,1.4618,0.279559,0.688521,,,4.6802,-0.0526544,-0.0389361,999,,,,,,,90.9,4.328571428571429,93,4.428571428571429,,,,,,,,,,,,,,,,,,,"Tyron Guerrero","11691",594027
"Nick Davila","SEA",1,1,0,4.75449,16,0,0,1,,16,69,17,9,8,2,6,,1,10,5.63458,3.2685,1.72391,1.05648,0.142363,0.0825819,0.059781514108181,0.269773,1.43639,0.295486,0.677785,,,4.64187,-0.0533446,-0.0654496,999,,,,,,,52.60000000000001,3.2875000000000005,57,3.5625,,,,,,,,,,,,,,,,,,,"Nick Davila","27741",689546
"Julian Garcia","CIN",1,2,0,5.53855,17,0,0,1,,17,77,17,11,10,3,9,,1,18,9.29438,4.61327,2.01471,1.78651,0.229153,0.11374,0.11541306227445602,0.259772,1.53055,0.304921,0.687856,,,5.38872,-0.0582996,-0.0810065,999,,,,,,,54.7,3.2176470588235295,56,3.2941176470588234,,,,,,,,,,,,,,,,,,,"Julian Garcia","22362",670062
"Tim Hill","NYY",1,1,0,4.68045,20,0,0,5,,20,88,23,11,11,3,5,,1,11,4.83469,2.28904,2.11211,1.13939,0.123839,0.0586331,0.06520629301667213,0.280543,1.38008,0.298347,0.677403,,,4.65628,-0.059192,-0.0527629,999,,,,,,,75.3,3.7649999999999997,85,4.25,,,,,,,,,,,,,,,,,,,"Tim Hill","16814",657612
"Michael Rucker","SEA",0,0,0,4.85124,18,0,0,3,,18,82,17,10,10,3,9,,1,17,8.68026,4.35202,1.99454,1.2871,0.207774,0.104172,0.10360259562730789,0.238878,1.4618,0.279559,0.688521,,,4.6802,-0.0669759,-0.0866533,999,,,,,,,68.10000000000001,3.7833333333333337,67,3.7222222222222223,,,,,,,,,,,,,,,,,,,"Michael Rucker","19454",621074