Name,Team,W,L,QS,ERA,G,GS,SV,HLD,BS,IP,TBF,H,R,ER,HR,BB,IBB,HBP,SO,K/9,BB/9,K/BB,HR/9,K%,BB%,K-BB%,AVG,WHIP,BABIP,LOB%,GB%,HR/FB,FIP,WAR,RA9-WAR,ADP,InterSD,InterSK,IntraSD,Vol,Skew,Dim,FPTS,FPTS/IP,SPTS,SPTS/IP,P10,P20,P30,P40,P50,P60,P70,P80,P90,TT10,TT20,TT30,TT40,TT50,TT60,TT70,TT80,TT90,NameASCII,PlayerId,MLBAMID
"Paul Skenes","PIT",4.36183,3.50246,4.82243,3.18059,11,11,0,0,,65.054,262.97,53.0594,24.67,22.99,6.3654,17.1307,0.151681,2.59834,74.2124,10.267,2.36997,4.33213,0.880632,0.282209,0.0651432,0.21706564724445343,0.218135,1.07895,0.287059,0.742839,,,3.01,1.93317,1.6669,9.649999618530273,,,,,,,357.4,5.498461538461538,335,5.153846153846154,,,,,,,,,,,,,,,,,,,"Paul Skenes","33677",694973
"Tarik Skubal","DET",4.43366,3.09352,3.91944,2.9193,11,11,0,0,,60.148,237.22,46.6372,21.01,19.51,6.48014,12.2212,0.140987,2.07377,73.1225,10.9414,1.82867,5.98325,0.96963,0.308248,0.0515184,0.25672929733991623,0.209206,0.97856,0.280187,0.760219,,,2.79187,1.92734,1.77265,7.019999980926514,,,,,,,352,5.866666666666666,326,5.433333333333334,,,,,,,,,,,,,,,,,,,"Tarik Skubal","22267",669373
"Dylan Cease","TOR",5.13254,2.95662,5.47212,3.51947,11,11,0,0,,68.354,282.19,52.2708,28.63,26.73,8.30302,27.031,0.221067,2.32152,91.3088,12.0224,3.5591,3.37794,1.09324,0.323572,0.0957899,0.22778229415416718,0.206737,1.16016,0.286948,0.748723,,,3.30546,1.73417,1.42765,74.7699966430664,,,,,,,364.6000000000001,5.361764705882354,331,4.867647058823529,,,,,,,,,,,,,,,,,,,"Dylan Cease","18525",656302
"Cristopher Sánchez","PHI",5.19912,2.53971,4.63225,3.36009,11,11,0,0,,63.668,260.26,57.9596,25.76,23.77,6.00648,15.5465,0.154981,2.07845,64.2503,9.08232,2.19763,4.13278,0.849066,0.24687,0.0597346,0.1871352195739746,0.238876,1.15452,0.30139,0.733461,,,3.14834,1.62711,1.48495,24.75,,,,,,,323,5.046875,316,4.9375,,,,,,,,,,,,,,,,,,,"Cristopher Sanchez","20778",650911
"Jesús Luzardo","PHI",5.11587,2.66654,4.83131,3.61061,11,11,0,0,,64.46,266.43,55.1447,27.91,25.86,7.53275,20.8326,0.167334,2.30117,73.8027,10.3044,2.90868,3.54265,1.05173,0.277006,0.0781917,0.19881416112184525,0.226657,1.17867,0.293972,0.734621,,,3.41568,1.51701,1.2657,70.58999633789062,,,,,,,311.20000000000005,4.862500000000001,295,4.609375,,,,,,,,,,,,,,,,,,,"Jesus Luzardo","19959",666200
"Jacob Misiorowski","MIL",3.93411,3.01858,3.87736,3.12,10,10,0,0,,56.25,229.26,38.8837,20.86,19.5,6.72496,22.1237,0.144138,3.44741,81.2196,12.9951,3.53979,3.67116,1.07599,0.354269,0.0965005,0.2577681988477707,0.190898,1.08458,0.277843,0.778164,,,3.13992,1.51518,1.49491,114.13999938964844,,,,,,,313.9000000000001,5.6053571428571445,276,4.928571428571429,,,,,,,,,,,,,,,,,,,"Jacob Misiorowski","31623",694819
"Chris Sale","ATL",4.22738,2.86291,4.44824,3.69058,10,10,0,0,,58.82,243.03,50.6175,25.9,24.12,6.86014,16.743,0.139014,3.29705,70.1991,10.7411,2.56184,4.19273,1.04966,0.288849,0.0688928,0.21995656937360764,0.226995,1.1452,0.299851,0.717853,,,3.2611,1.49458,1.14677,39.36000061035156,,,,,,,297.9,5.049152542372881,284,4.813559322033898,,,,,,,,,,,,,,,,,,,"Chris Sale","10603",519242
"Zack Wheeler","PHI",4.67483,2.36336,4.26528,3.49018,10,10,0,0,,58.02,235.37,47.0605,24.15,22.5,7.8316,15.9985,0.129445,2.50739,66.4814,10.3125,2.48167,4.15548,1.21483,0.282455,0.0679716,0.21448326110839844,0.217005,1.08685,0.275192,0.746889,,,3.52968,1.36095,1.29717,110.48999786376953,,,,,,,283.6000000000001,4.889655172413795,261,4.5,,,,,,,,,,,,,,,,,,,"Zack Wheeler","10310",554430
"Ranger Suarez","BOS",3.75287,3.68283,3.90833,3.65976,11,11,0,0,,58.971,243.45,53.1902,25.74,23.98,6.41753,16.3779,0.170231,1.84856,56.1569,8.57052,2.49956,3.42881,0.979427,0.230671,0.0672744,0.1633969396352768,0.236166,1.1797,0.287568,0.723432,,,3.54712,1.32359,1.14558,183.97999572753906,,,,,,,283,4.796610169491525,275,4.661016949152542,,,,,,,,,,,,,,,,,,,"Ranger Suarez","17277",624133
"Drew Rasmussen","TBR",3.17639,4.43051,4.27338,3.76021,11,11,0,0,,60.962,248.52,53.0426,27.22,25.47,7.85087,15.3808,0.177527,2.2921,59.6219,8.80216,2.27071,3.87639,1.15905,0.239908,0.0618895,0.17801841348409653,0.229774,1.12239,0.276614,0.717427,,,3.69757,1.27786,1.1721,132.36000061035156,,,,,,,284.2000000000001,4.6590163934426245,270,4.426229508196721,,,,,,,,,,,,,,,,,,,"Drew Rasmussen","25385",656876
"Logan Webb","SFG",3.75395,3.33821,4.51743,3.86979,10,10,0,0,,58.98,246.11,57.6951,27.18,25.36,5.26037,15.6753,0.183436,2.01528,47.7656,7.28874,2.39195,3.04719,0.802702,0.194082,0.0636921,0.13039009273052216,0.252584,1.24399,0.298955,0.699792,,,3.54929,1.23941,1.03977,57.189998626708984,,,,,,,266.3,4.513559322033898,272,4.610169491525424,,,,,,,,,,,,,,,,,,,"Logan Webb","17995",657277
"Logan Gilbert","SEA",4.04865,2.86531,4.09787,3.83964,10,10,0,0,,56.56,230.45,48.3019,25.95,24.13,8.74371,13.9683,0.182068,1.89529,64.7509,10.3034,2.22268,4.63556,1.39133,0.280976,0.0606132,0.2203628048300743,0.225093,1.10096,0.280372,0.725983,,,3.6712,1.22991,1.01328,37.150001525878906,,,,,,,268.29999999999995,4.707017543859648,250,4.385964912280702,,,,,,,,,,,,,,,,,,,"Logan Gilbert","22250",669302
"Jacob deGrom","TEX",3.69199,3.22016,3.97412,3.66066,10,10,0,0,,56.08,225.94,45.3603,24.42,22.81,8.46833,14.4006,0.200722,1.4192,63.3576,10.1679,2.31107,4.39966,1.35904,0.280418,0.0637362,0.21668153256177902,0.215878,1.06564,0.266764,0.737725,,,3.65952,1.20506,1.1611,50.0099983215332,,,,,,,280.0000000000001,5.000000000000002,257,4.589285714285714,,,,,,,,,,,,,,,,,,,"Jacob deGrom","10954",594798
"Cam Schlittler","NYY",4.11405,2.81949,4.10931,3.75066,10,10,0,0,,56.75,234.86,47.5886,25.29,23.65,7.43796,18.6078,0.128368,2.60635,64.5266,10.2333,2.95102,3.46771,1.17959,0.274745,0.0792294,0.19551552087068558,0.222745,1.16646,0.283387,0.73331,,,3.66096,1.19599,1.12025,116.62999725341797,,,,,,,274.8999999999999,4.822807017543858,258,4.526315789473684,,,,,,,,,,,,,,,,,,,"Cam Schlittler","32095",693645
"Joe Ryan","MIN",3.45212,3.56371,4.37352,4.04992,10,10,0,0,,57.89,236.94,49.9406,27.88,26.05,9.6466,14.1886,0.137736,2.64146,64.4569,10.0209,2.20586,4.54288,1.49973,0.272039,0.0598825,0.2121562957763672,0.226889,1.10778,0.275974,0.716048,,,3.9213,1.16986,0.869137,78.52999877929688,,,,,,,253.20000000000005,4.365517241379311,237,4.086206896551724,,,,,,,,,,,,,,,,,,,"Joe Ryan","21390",657746
"Blake Snell","LAD",4.53476,1.73936,3.84066,3.7693,9,9,0,0,,51.885,216.44,42.4727,23.4,21.73,6.18752,20.8574,0.171661,1.39487,63.2922,10.9787,3.61793,3.03452,1.07329,0.292424,0.0963655,0.19605803489685059,0.21872,1.22058,0.290961,0.730416,,,3.50695,1.16613,1.00136,178.41000366210938,,,,,,,261.8,5.0346153846153845,242,4.653846153846154,,,,,,,,,,,,,,,,,,,"Blake Snell","13543",605483
"Yoshinobu Yamamoto","LAD",4.76377,1.64707,4.02373,3.55995,9,9,0,0,,53.217,218.57,45.444,22.55,21.05,5.95313,16.2291,0.13656,1.79316,54.6811,9.2476,2.74465,3.36932,1.00679,0.250177,0.0742513,0.17592521011829376,0.226599,1.1589,0.282252,0.733484,,,3.52492,1.15712,1.06863,26.639999389648438,,,,,,,257.40000000000003,4.856603773584906,243,4.584905660377358,,,,,,,,,,,,,,,,,,,"Yoshinobu Yamamoto","33825",808967
"Max Fried","NYY",4.33867,2.71023,4.29738,3.54025,10,10,0,0,,58.14,240.22,50.1127,24.59,22.87,6.03988,18.9009,0.154418,2.34697,51.9129,8.03606,2.92584,2.74658,0.934966,0.216106,0.0786817,0.13742408156394958,0.228854,1.18702,0.273711,0.733574,,,3.77082,1.1375,1.18763,50.04999923706055,,,,,,,266.40000000000003,4.593103448275863,253,4.362068965517241,,,,,,,,,,,,,,,,,,,"Max Fried","13743",608331
"Nolan McLean","NYM",4.23014,2.74043,4.20943,3.77055,10,10,0,0,,57.31,240.52,49.7361,25.73,24.01,6.45926,20.9919,0.145587,3.44846,61.1905,9.6094,3.29659,2.91495,1.01437,0.254409,0.0872773,0.16713201254606247,0.230175,1.23413,0.291564,0.72948,,,3.71888,1.12297,1.01328,87.29000091552734,,,,,,,267.99999999999994,4.701754385964911,257,4.508771929824562,,,,,,,,,,,,,,,,,,,"Nolan McLean","33703",690997
"Parker Messick","CLE",3.05566,3.86723,4.02523,3.96051,10,10,0,0,,55.97,234.34,51.8593,26.48,24.63,6.95814,16.7971,0.202478,2.44688,53.2007,8.5547,2.70098,3.16726,1.11887,0.227024,0.0716783,0.15534523874521255,0.241098,1.22666,0.289803,0.715886,,,3.85631,1.0956,0.947176,294.17999267578125,,,,,,,242.10000000000008,4.323214285714287,238,4.25,,,,,,,,,,,,,,,,,,,"Parker Messick","31986",800048
"Hunter Brown","HOU",4.34041,2.72218,4.4514,3.85056,10,10,0,0,,58.62,244.58,50.2042,26.82,25.08,7.1227,21.84,0.182972,2.42391,61.1686,9.39128,3.35312,2.80076,1.09356,0.250096,0.0892958,0.16080056130886078,0.227874,1.229,0.283385,0.728572,,,3.84411,1.08704,1.03977,36.189998626708984,,,,,,,270.5,4.584745762711864,254,4.305084745762712,,,,,,,,,,,,,,,,,,,"Hunter Brown","25880",686613
"Braxton Ashcraft","PIT",3.04312,3.71998,3.65054,4.13018,10,10,0,0,,53.54,225.07,50.588,26.37,24.57,6.86977,16.0075,0.138678,2.22765,54.5989,9.178,2.69083,3.41085,1.1548,0.242586,0.0711221,0.17146433889865875,0.244582,1.24385,0.300746,0.705985,,,3.75998,1.06336,0.816229,239.36000061035156,,,,,,,236.9,4.387037037037037,235,4.351851851851852,,,,,,,,,,,,,,,,,,,"Braxton Ashcraft","23793",677952
"Gavin Williams","CLE",3.24617,3.8455,4.52737,3.91928,10,10,0,0,,58.97,246.96,49.8545,27.62,25.68,8.20125,22.5498,0.131702,2.3602,68.0107,10.3798,3.44155,3.01603,1.25167,0.275392,0.0913095,0.18408215790987015,0.224519,1.22782,0.285613,0.735102,,,3.87833,1.05112,0.934429,144.74000549316406,,,,,,,269.20000000000005,4.56271186440678,252,4.271186440677966,,,,,,,,,,,,,,,,,,,"Gavin Williams","30122",668909
"Bryan Woo","SEA",3.609,2.5365,3.47687,3.74006,9,9,0,0,,49.788,202.36,43.6447,22.21,20.69,7.22906,10.8883,0.152833,1.89116,49.4777,8.94391,1.96823,4.54413,1.30677,0.244503,0.0538064,0.19069690257310867,0.230217,1.0953,0.274062,0.727793,,,3.77978,1.04083,0.974837,34.77000045776367,,,,,,,228.49999999999997,4.569999999999999,218,4.36,,,,,,,,,,,,,,,,,,,"Bryan Woo","30279",693433
"George Kirby","SEA",3.81091,3.05329,4.1143,4.23935,10,10,0,0,,56.11,233.75,54.4468,28.31,26.43,8.08202,13.3317,0.145495,2.18009,52.3746,8.40084,2.1384,3.92856,1.29635,0.224062,0.0570342,0.16702822968363762,0.249484,1.20796,0.293854,0.699007,,,3.94474,1.02182,0.739784,64.58000183105469,,,,,,,234.6000000000001,4.189285714285716,235,4.196428571428571,,,,,,,,,,,,,,,,,,,"George Kirby","25436",669923
"Reid Detmers","LAA",3.06963,3.88713,4.26699,4.30944,10,10,0,0,,56.91,240.23,52.0675,29.29,27.25,8.76192,18.6147,0.171098,2.79086,64.4779,10.1968,2.94382,3.46381,1.38565,0.268401,0.0774871,0.19091365486383438,0.237942,1.242,0.29746,0.708582,,,3.97365,0.996147,0.702129,350.4599914550781,,,,,,,237.89999999999998,4.173684210526315,230,4.035087719298246,,,,,,,,,,,,,,,,,,,"Reid Detmers","27468",672282
"MacKenzie Gore","TEX",3.46785,3.5398,4.4539,4.2999,10,10,0,0,,58.02,247.09,53.4312,29.7,27.72,7.76415,21.8386,0.150078,2.30532,61.7684,9.58145,3.38759,2.8284,1.20437,0.249983,0.0883834,0.16160008311271667,0.23966,1.29731,0.297673,0.707606,,,3.96855,0.989055,0.664846,164.82000732421875,,,,,,,245.00000000000006,4.224137931034484,238,4.103448275862069,,,,,,,,,,,,,,,,,,,"MacKenzie Gore","22201",669022
"Hunter Greene","CIN",2.8773,4.11716,4.31826,4.22994,10,10,0,0,,57.32,239.04,49.0066,28.72,26.94,9.47517,18.5814,0.175958,2.98823,65.6725,10.3115,2.91752,3.53433,1.48773,0.274735,0.0777332,0.19700132310390472,0.225349,1.17913,0.277759,0.715501,,,4.09613,0.985172,0.702129,444.32000732421875,,,,,,,249.69999999999996,4.3807017543859645,234,4.105263157894737,,,,,,,,,,,,,,,,,,,"Hunter Greene","22182",668881
"Nathan Eovaldi","TEX",3.63551,3.30983,4.12174,3.83968,10,10,0,0,,56.7,231.75,49.7915,25.96,24.19,8.43921,14.0976,0.17385,2.27374,55.6842,8.83877,2.23771,3.94991,1.33956,0.240277,0.060831,0.17944616451859474,0.231181,1.12679,0.273394,0.728366,,,3.94668,0.963725,1.01328,132.50999450683594,,,,,,,257.4,4.51578947368421,245,4.298245614035087,,,,,,,,,,,,,,,,,,,"Nathan Eovaldi","9132",543135
"Cade Cavalli","WSN",2.52298,4.34794,3.8063,4.1396,10,10,0,0,,54.44,230.89,51.3008,26.93,25.04,6.60118,18.287,0.151088,3.25978,53.228,8.79963,3.02321,2.91069,1.0913,0.230534,0.0792024,0.15133161842823029,0.245056,1.27825,0.298966,0.706885,,,3.91795,0.941808,0.713358,305.2200012207031,,,,,,,223.9,4.146296296296296,222,4.111111111111111,,,,,,,,,,,,,,,,,,,"Cade Cavalli","27473",676917
"Chase Burns","CIN",3.10613,4.52532,4.00086,4.26627,12,10,0,0.2249,,57.3382,240.02,49.4963,28.98,27.18,8.97224,20.7431,0.220981,1.72976,63.4106,9.95316,3.25591,3.05695,1.40831,0.264189,0.0864224,0.1777666136622429,0.22752,1.225,0.27916,0.715337,,,4.10795,0.938108,0.680206,109.72000122070312,,,,,,,240.69999999999996,4.222807017543859,225,3.9473684210526314,,,,,,,,,,,,,,,,,,,"Chase Burns","35333",695505
"Kevin Gausman","TOR",3.7147,3.20304,4.33572,4.50947,10,10,0,0,,57.04,240.25,54.1859,30.52,28.58,9.09986,17.37,0.213591,1.38791,57.1126,9.01146,2.7407,3.28801,1.43581,0.237722,0.0722995,0.16542205959558487,0.24464,1.25449,0.290354,0.697698,,,4.16769,0.916185,0.502463,112.94999694824219,,,,,,,230.69999999999996,4.047368421052631,228,4,,,,,,,,,,,,,,,,,,,"Kevin Gausman","14107",592332
"Matthew Boyd","CHC",3.82276,3.02523,4.00186,4.05008,10,10,0,0,,55.71,231.58,49.981,26.91,25.07,8.13527,15.918,0.149324,2.53748,49.8902,8.0598,2.57156,3.1342,1.31426,0.215434,0.0687364,0.14669735729694366,0.234515,1.18289,0.2698,0.715268,,,4.21087,0.913109,0.842683,212.75999450683594,,,,,,,229.0000000000001,4.089285714285716,219,3.9107142857142856,,,,,,,,,,,,,,,,,,,"Matthew Boyd","15440",571510
"Casey Mize","DET",3.29006,3.49012,3.82061,4.25993,10,10,0,0,,54.36,227.2,51.8702,27.75,25.73,7.77647,14.0354,0.163542,2.38291,48.1817,7.9771,2.32374,3.43287,1.28749,0.212067,0.0617755,0.15029187873005867,0.246085,1.21239,0.2848,0.693504,,,4.10284,0.907281,0.612044,289.6499938964844,,,,,,,214.00000000000006,3.962962962962964,214,3.962962962962963,,,,,,,,,,,,,,,,,,,"Casey Mize","20492",663554
"Landen Roupp","SFG",3.17444,3.14543,3.99758,4.16065,9,9,0,0,,52.326,223.52,48.8133,25.91,24.19,5.31123,20.9332,0.17892,2.10548,47.5736,8.1826,3.60048,2.27264,0.913524,0.212838,0.0936524,0.11918589472770691,0.24348,1.33292,0.294736,0.703514,,,3.93178,0.900678,0.686948,690.0999755859375,,,,,,,222.9,4.286538461538462,222,4.269230769230769,,,,,,,,,,,,,,,,,,,"Landen Roupp","30076",694738
"Taj Bradley","MIN",3.35762,3.74854,4.78314,4.43976,10,10,0,0,,59.76,254.48,54.844,31.58,29.48,9.3862,22.7439,0.146777,1.96558,63.1787,9.51486,3.42529,2.77783,1.41358,0.248266,0.0893741,0.15889175236225128,0.23869,1.29832,0.289161,0.713885,,,4.27759,0.877708,0.591381,492.4599914550781,,,,,,,241.3,4.0216666666666665,234,3.9,,,,,,,,,,,,,,,,,,,"Taj Bradley","22543",671737
"Kyle Bradish","BAL",3.99326,2.91225,4.21177,4.18996,10,10,0,0,,56.75,241.78,52.6812,28.25,26.42,7.05076,21.9219,0.171871,2.49923,52.8413,8.38012,3.4766,2.41043,1.11818,0.218551,0.0906688,0.1278824359178543,0.24237,1.31459,0.289778,0.716077,,,4.15361,0.872542,0.804257,72.95999908447266,,,,,,,231.89999999999992,4.068421052631577,228,4,,,,,,,,,,,,,,,,,,,"Kyle Bradish","24586",680694
"José Soriano","LAA",3.28825,3.71135,4.27181,3.95072,10,10,0,0,,57.43,245.45,52.0345,27.06,25.21,6.07075,24.7468,0.180297,3.17664,55.6201,8.71637,3.87813,2.24757,0.951362,0.226605,0.100822,0.12578269839286804,0.23921,1.33695,0.29495,0.728173,,,4.00559,0.864176,0.907961,321.80999755859375,,,,,,,240.79999999999995,4.224561403508771,235,4.12280701754386,,,,,,,,,,,,,,,,,,,"Jose Soriano","22100",667755
"Framber Valdez","DET",3.40784,3.41914,3.90099,4.10027,10,10,0,0,,55.05,233.85,52.7731,27.1,25.08,5.75376,19.1333,0.135839,2.99282,46.6835,7.63218,3.12806,2.43991,0.940668,0.19963,0.0818187,0.11781153082847595,0.249254,1.3062,0.295187,0.701732,,,3.97821,0.861929,0.777816,81.13999938964844,,,,,,,223.39999999999998,4.0618181818181816,225,4.090909090909091,,,,,,,,,,,,,,,,,,,"Framber Valdez","17295",664285
"Trevor Rogers","BAL",3.68918,3.03852,3.86764,4.4396,10,10,0,0,,54.39,230.72,53.5678,28.85,26.83,7.45184,17.0349,0.173603,1.75284,45.145,7.47021,2.8188,2.65014,1.23307,0.19567,0.0738338,0.1218360960483551,0.252759,1.29808,0.289427,0.693911,,,4.26706,0.852681,0.512253,146.07000732421875,,,,,,,206.1,3.8166666666666664,212,3.925925925925926,,,,,,,,,,,,,,,,,,,"Trevor Rogers","22286",669432
"Sonny Gray","BOS",3.22562,4.04945,3.65375,4.35003,11,11,0,0,,56.441,236.61,54.2875,29.31,27.28,8.66687,15.5333,0.144665,2.00989,52.3734,8.35139,2.47692,3.37169,1.38201,0.221349,0.0656494,0.15569984167814255,0.247812,1.23706,0.288689,0.702249,,,4.18256,0.837299,0.638425,138.08999633789062,,,,,,,213.3000000000001,3.808928571428573,213,3.8035714285714284,,,,,,,,,,,,,,,,,,,"Sonny Gray","12768",543243
"Michael Wacha","KCR",3.68289,3.28707,4.45955,4.5,10,10,0,0,,57.78,244.79,56.3326,30.99,28.89,8.4586,17.1851,0.182728,2.08886,44.9596,7.00305,2.6768,2.6162,1.31754,0.183666,0.0702033,0.11346258968114853,0.249794,1.27237,0.278179,0.689538,,,4.45733,0.816552,0.565004,609.2899780273438,,,,,,,218.20000000000007,3.762068965517243,219,3.7758620689655173,,,,,,,,,,,,,,,,,,,"Michael Wacha","14078",608379
"Payton Tolle","BOS",2.76528,3.1891,2.93423,4.04984,9,9,0,0,,46.224,191.9,39.9234,22.34,20.8,7.12491,14.8778,0.137094,1.54308,47.9277,9.33171,2.89677,3.22142,1.38725,0.249753,0.0775289,0.17222440987825394,0.227511,1.18556,0.272353,0.724155,,,4.10555,0.80936,0.710589,673,,,,,,,195.30000000000007,4.245652173913045,184,4,,,,,,,,,,,,,,,,,,,"Payton Tolle","35466",801139
"Eury Pérez","MIA",2.21695,3.97927,3.50677,4.29954,9,9,0,0,,49.275,205.46,40.8686,25.09,23.54,7.66002,18.1089,0.135897,2.07608,52.3638,9.56416,3.30756,2.8916,1.39909,0.254861,0.0881384,0.1667228490114212,0.220584,1.19691,0.265136,0.702281,,,4.23418,0.803546,0.596476,78.6500015258789,,,,,,,201.60000000000005,4.114285714285716,185,3.7755102040816326,,,,,,,,,,,,,,,,,,,"Eury Perez","27768",691587
"Michael King","SDP",3.67195,3.24353,4.24653,4.31062,10,10,0,0,,56.79,241.42,52.244,29.18,27.2,7.89598,21.2018,0.175485,2.58273,50.8304,8.05554,3.36003,2.39746,1.25134,0.210548,0.0878211,0.122726671397686,0.240053,1.29329,0.279078,0.709485,,,4.38355,0.795744,0.702129,129.55999755859375,,,,,,,218.2,3.8280701754385964,211,3.7017543859649122,,,,,,,,,,,,,,,,,,,"Michael King","19853",650633
"Gerrit Cole","NYY",3.60813,3.06009,3.63416,4.25,10,10,0,0,,53.28,221.58,48.1011,26.84,25.16,9.00301,15.4215,0.151509,1.81929,53.2505,8.99501,2.60499,3.453,1.52078,0.240322,0.069598,0.17072366923093796,0.235398,1.19224,0.275173,0.72042,,,4.27828,0.788643,0.649302,232.89999389648438,,,,,,,211.70000000000005,3.9943396226415104,203,3.830188679245283,,,,,,,,,,,,,,,,,,,"Gerrit Cole","13125",543037
"Freddy Peralta","NYM",3.9564,3.03474,4.48446,4.37993,10,10,0,0,,58.09,246.84,52.0752,30.25,28.27,9.02769,22.5404,0.142143,2.64685,57.772,8.95074,3.49224,2.56304,1.39868,0.234047,0.091316,0.14273051172494888,0.234941,1.28448,0.27799,0.715842,,,4.44176,0.78809,0.664846,56.36000061035156,,,,,,,221.30000000000007,3.8155172413793115,211,3.6379310344827585,,,,,,,,,,,,,,,,,,,"Freddy Peralta","18679",642547
"Jared Jones","PIT",2.66555,3.70217,1.9933,4.16284,11,9,0,0.2051,,42.5262,179.47,39.0197,21.15,19.67,5.88946,14.1747,0.188064,1.89126,44.9367,9.51015,2.99984,3.17022,1.24641,0.250386,0.0789806,0.1714051514863968,0.238792,1.25086,0.294287,0.712903,,,3.93009,0.777329,0.600834,714.77001953125,,,,,,,184.99999999999997,4.3023255813953485,179,4.162790697674419,,,,,,,,,,,,,,,,,,,"Jared Jones","27863",683003
"Christian Scott","NYM",3.17627,2.67758,2.93416,4.2407,9,9,0,0,,45.99,193.43,41.3279,23.2,21.67,7.18533,15.2299,0.12615,2.09459,48.2607,9.44436,2.9804,3.16882,1.40613,0.249499,0.0787358,0.17076364904642105,0.234677,1.22978,0.282966,0.717397,,,4.17216,0.760418,0.607668,748.5700073242188,,,,,,,192.70000000000007,4.18913043478261,184,4,,,,,,,,,,,,,,,,,,,"Christian Scott","30107",681035
"Sandy Alcantara","MIA",2.61836,4.51222,4.89553,4.52015,10,10,0,0,,60.31,255.07,58.652,32.37,30.29,8.19507,18.5868,0.153866,2.49004,44.4591,6.63459,2.77369,2.39197,1.22294,0.174302,0.0728695,0.10143227875232697,0.250657,1.2807,0.278246,0.682252,,,4.45027,0.750065,0.591381,144.57000732421875,,,,,,,217.20000000000002,3.62,221,3.683333333333333,,,,,,,,,,,,,,,,,,,"Sandy Alcantara","18684",645261
"Connor Prielipp","MIN",2.75915,3.29374,2.92486,4.36661,11,8,0,0.22,,45.4884,194.58,43.3421,23.69,22.07,5.95218,16.5371,0.200853,2.01248,45.6889,9.03968,3.27191,2.76282,1.17766,0.234808,0.0849886,0.14981937408447266,0.246219,1.31636,0.300588,0.702074,,,4.02533,0.719507,0.411737,999,,,,,,,182.39999999999998,4.053333333333333,182,4.044444444444444,,,,,,,,,,,,,,,,,,,"Connor Prielipp","31857",687570
"Dustin May","STL",2.44411,5.09813,2.65899,4.59966,16,10,0,0.2387,,53.3779,229.38,51.1441,29.21,27.28,7.02704,19.7693,0.369683,3.09028,50.0049,8.43129,3.33328,2.52942,1.18482,0.218,0.0861858,0.13181447982788086,0.247646,1.32852,0.29512,0.682816,,,4.2323,0.71799,0.391762,414.6700134277344,,,,,,,204.50000000000003,3.8584905660377364,205,3.8679245283018866,,,,,,,,,,,,,,,,,,,"Dustin May","19716",669160
"Shane Baz","BAL",3.84752,3.13875,4.58438,4.66987,10,10,0,0,,58.28,250.55,57.1329,32.41,30.24,8.49619,21.1604,0.157276,2.7099,50.773,7.84072,3.26774,2.39943,1.31204,0.202646,0.0844558,0.11819034814834595,0.252042,1.3434,0.290523,0.691028,,,4.49125,0.714515,0.466653,186.92999267578125,,,,,,,212.60000000000008,3.6655172413793116,216,3.7241379310344827,,,,,,,,,,,,,,,,,,,"Shane Baz","22264",669358
"Sean Burke","CHW",2.39593,4.5258,4.11613,4.57033,10,10,0,0,,55.67,236.62,50.0807,30.31,28.27,9.16478,21.03,0.119816,2.58526,57.2883,9.26163,3.39986,2.72412,1.48164,0.242111,0.0888768,0.15323438495397568,0.235116,1.27736,0.279192,0.700081,,,4.46434,0.710074,0.538629,748.5599975585938,,,,,,,215.7000000000001,3.851785714285716,205,3.6607142857142856,,,,,,,,,,,,,,,,,,,"Sean Burke","29878",680732
"Shohei Ohtani","LAD",2.61611,0.881107,2.07891,3.37852,5,5,0,0,,28.77,117.52,22.5404,11.56,10.8,3.33324,9.67125,0.0663533,1.32044,33.3807,10.4423,3.02542,3.45154,1.04272,0.284043,0.0822945,0.20174823701381683,0.211591,1.11963,0.275117,0.749739,,,3.44152,0.70824,0.648585,1.2699999809265137,,,,,,,150.90000000000003,5.20344827586207,139,4.793103448275862,,,,,,,,,,,,,,,,,,,"Shohei Ohtani","19755",660271
"Tanner Bibee","CLE",2.82279,4.10951,4.20923,4.45051,10,10,0,0,,56.38,237.81,54.1412,30,27.88,9.00339,16.6115,0.151874,2.3356,46.6209,7.44214,2.65171,2.80655,1.43722,0.196042,0.0698519,0.12619062513113022,0.247375,1.25493,0.276514,0.700845,,,4.54008,0.692283,0.538629,188.6300048828125,,,,,,,200.30000000000004,3.576785714285715,200,3.5714285714285716,,,,,,,,,,,,,,,,,,,"Tanner Bibee","30134",676440
"Emmet Sheehan","LAD",4.09219,1.88851,2.95433,4.26669,11,8,0,0.2548,,45.7732,191.24,39.6681,23.25,21.7,7.83397,15.157,0.181217,1.98994,50.4072,9.91115,2.98019,3.32568,1.54033,0.263581,0.0792563,0.18432457000017166,0.227856,1.19776,0.274783,0.719947,,,4.25599,0.688754,0.575551,111.20999908447266,,,,,,,187,4.065217391304348,175,3.8043478260869565,,,,,,,,,,,,,,,,,,,"Emmet Sheehan","29839",686218
"Kyle Harrison","MIL",2.76952,3.30107,3.34192,4.36917,9,9,0,0,,48.222,204.05,43.3432,25.21,23.41,8.31701,16.8694,0.14221,2.25913,54.9633,10.2582,3.14845,3.25817,1.55226,0.269362,0.0826728,0.18668903410434723,0.234387,1.24865,0.287947,0.720681,,,4.26231,0.687742,0.532874,446.55999755859375,,,,,,,198.00000000000006,4.125000000000001,189,3.9375,,,,,,,,,,,,,,,,,,,"Kyle Harrison","27758",690986
"Davis Martin","CHW",2.30172,4.57719,3.98615,4.6998,10,10,0,0,,54.73,235.63,55.0957,30.68,28.58,7.64215,18.7747,0.144571,2.78354,45.4622,7.47596,3.08738,2.42146,1.2567,0.192939,0.0796788,0.1132599487900734,0.25737,1.34972,0.294802,0.683702,,,4.44534,0.685315,0.378517,999,,,,,,,189.60000000000002,3.4472727272727277,195,3.5454545454545454,,,,,,,,,,,,,,,,,,,"Davis Martin","21448",663436
"Michael Soroka","ARI",3.52777,2.69639,3.2952,4.33554,11,8,0,0.2208,,48.2016,203.39,43.9534,24.79,23.22,6.73381,15.8242,0.202356,2.99464,43.9814,8.21203,2.95464,2.77937,1.25731,0.216242,0.0778024,0.13843932002782822,0.238138,1.24016,0.278057,0.694884,,,4.2722,0.684856,0.499331,710.3599853515625,,,,,,,185.70000000000002,3.8687500000000004,180,3.75,,,,,,,,,,,,,,,,,,,"Michael Soroka","18383",647336
"Foster Griffin","WSN",2.48402,4.5204,4.4309,4.56023,10,10,0,0,,57.53,244.63,56.2483,31.33,29.15,9.2087,17.7851,0.14896,2.90896,50.856,7.95591,2.78231,2.85947,1.44061,0.207889,0.0727021,0.13518725335597992,0.25118,1.28687,0.287052,0.698439,,,4.50175,0.683805,0.565004,999,,,,,,,211.90000000000006,3.65344827586207,212,3.6551724137931036,,,,,,,,,,,,,,,,,,,"Foster Griffin","16432",656492
"Jake Bennett","BOS",2.98345,3.60182,2.16335,4.14222,13,9,0,0.2327,,45.845,191.77,44.0581,22.7,21.1,5.96605,12.5283,0.283751,1.65896,35.2359,6.91729,2.45948,2.8125,1.17122,0.183741,0.06533,0.11841054260730743,0.248099,1.2343,0.279306,0.702543,,,4.19269,0.67884,0.570077,999,,,,,,,177.20000000000002,3.8521739130434787,177,3.847826086956522,,,,,,,,,,,,,,,,,,,"Jake Bennett","31959",687562
"Max Meyer","MIA",2.001,3.52979,3.19796,4.28097,8,8,0,0,,44.296,186.43,40.2314,22.58,21.07,6.54878,15.1811,0.126192,1.79693,44.7295,9.08807,3.08447,2.94639,1.33057,0.239926,0.0814305,0.15849586576223373,0.237421,1.25096,0.285027,0.709981,,,4.16195,0.678439,0.480122,281.45001220703125,,,,,,,174.5,3.965909090909091,168,3.8181818181818183,,,,,,,,,,,,,,,,,,,"Max Meyer","27474",676974
"Noah Cameron","KCR",3.47406,3.44105,4.43473,4.83925,10,10,0,0,,57.17,246.45,58.6311,33.05,30.74,9.04397,19.0213,0.199073,1.98146,49.2908,7.75961,2.99443,2.59135,1.42375,0.200003,0.077181,0.1228221133351326,0.260066,1.35827,0.296729,0.686287,,,4.54401,0.671799,0.308689,298,,,,,,,192.69999999999996,3.380701754385964,203,3.56140350877193,,,,,,,,,,,,,,,,,,,"Noah Cameron","30184",702070
"Shane McClanahan","TBR",2.15807,4.33619,2.56202,4.39038,10,10,0,0,,46.8,197.73,44.7282,24.54,22.83,6.93501,15.2937,0.119657,1.26718,44.2093,8.50178,2.94109,2.89069,1.33366,0.223584,0.0773461,0.14623785018920898,0.246887,1.28252,0.290661,0.705225,,,4.20843,0.662064,0.469605,182.99000549316406,,,,,,,184.70000000000005,3.9297872340425544,184,3.9148936170212765,,,,,,,,,,,,,,,,,,,"Shane McClanahan","21483",663556
"Logan Henderson","MIL",2.64897,3.16645,2.26867,4.23844,10,8,0,0.201,,41.0458,170.13,35.6726,20.75,19.33,7.63072,12.1753,0.166216,1.42386,46.6025,10.2184,2.66964,3.82764,1.67317,0.273923,0.0715645,0.20235850661993027,0.227895,1.16572,0.27412,0.729126,,,4.24971,0.649866,0.471306,413.3999938964844,,,,,,,166.4,4.058536585365854,156,3.8048780487804876,,,,,,,,,,,,,,,,,,,"Logan Henderson","31475",701656
"Shota Imanaga","CHC",3.72064,3.1352,4.09571,4.27001,10,10,0,0,,55.96,230.07,49.7486,28.57,26.55,11.0447,14.3048,0.140787,1.54856,52.101,8.37936,2.30063,3.6422,1.77631,0.226457,0.0621759,0.1642812192440033,0.232235,1.14463,0.256197,0.73025,,,4.66333,0.640399,0.638445,157.92999267578125,,,,,,,205.10000000000008,3.6625000000000014,193,3.4464285714285716,,,,,,,,,,,,,,,,,,,"Shota Imanaga","33829",684007
"Andre Pallante","STL",2.20814,4.02267,3.67993,4.45922,9,9,0,0,,50.094,214.4,50.7643,26.54,24.82,5.49574,17.4757,0.130265,1.94919,35.845,6.43999,3.13973,2.05113,0.987377,0.167187,0.0815099,0.08567743003368378,0.260363,1.36224,0.294651,0.688733,,,4.26814,0.638476,0.459711,999,,,,,,,190.9,3.818,200,4,,,,,,,,,,,,,,,,,,,"Andre Pallante","26108",669467
"Joey Cantillo","CLE",2.55834,3.56392,2.84459,4.19967,11,8,0,0.2412,,45.2821,192.9,40.6125,22.83,21.13,6.2069,18.9331,0.186817,1.49083,46.4819,9.23847,3.76303,2.45506,1.23365,0.240964,0.0981499,0.1428140550851822,0.235467,1.31499,0.287222,0.721953,,,4.19178,0.635885,0.512255,270.80999755859375,,,,,,,184.6,4.102222222222222,179,3.977777777777778,,,,,,,,,,,,,,,,,,,"Joey Cantillo","23335",676282
"Jack Flaherty","DET",2.53625,2.90309,3.17525,4.58995,8,8,0,0,,43.824,187.99,41.2582,23.96,22.35,7.05483,16.0125,0.153375,2.26739,47.6971,9.7954,3.28843,2.97875,1.44883,0.253721,0.0851772,0.16854417324066162,0.243109,1.30683,0.297528,0.702847,,,4.27708,0.635326,0.380879,209,,,,,,,174.9,3.975,171,3.8863636363636362,,,,,,,,,,,,,,,,,,,"Jack Flaherty","17479",656427
"Griffin Jax","TBR",1.76601,3.43568,2.06,4.26897,8,8,0,0.2446,,37.632,158.11,34.7285,19.2,17.85,5.75268,11.8382,0.124636,1.53427,41.5113,9.92776,2.83119,3.50656,1.3758,0.262547,0.074873,0.18767382204532623,0.239941,1.23742,0.297268,0.710584,,,3.95686,0.629112,0.501979,149.2100067138672,,,,,,,158.39999999999998,4.168421052631579,154,4.052631578947368,,,,,,,,,,,,,,,,,,,"Griffin Jax","20253",643377
"Tyler Glasnow","LAD",3.0118,1.22485,2.72947,4.05041,6,6,0,0,,35.352,147.27,28.9023,16.95,15.91,5.06126,13.9459,0.104855,1.05229,41.9139,10.6705,3.55037,3.00547,1.28851,0.284606,0.0946959,0.1899096742272377,0.218507,1.21204,0.279507,0.724173,,,3.87243,0.627793,0.513768,113.73999786376953,,,,,,,161.1,4.602857142857142,149,4.257142857142857,,,,,,,,,,,,,,,,,,,"Tyler Glasnow","14374",607192
"Kumar Rocker","TEX",3.25197,3.61542,3.52485,4.50746,12,9,0,0.2187,,51.9539,220.72,49.1144,27.82,26.02,7.41313,18.1758,0.207643,2.25173,45.1548,7.82219,3.14861,2.48433,1.28418,0.204579,0.0823478,0.12223156541585922,0.245213,1.29519,0.282291,0.693533,,,4.40595,0.627329,0.453071,720.72998046875,,,,,,,201.30000000000004,3.871153846153847,199,3.826923076923077,,,,,,,,,,,,,,,,,,,"Kumar Rocker","31843",677958
"Bubba Chandler","PIT",2.88594,3.91228,3.14283,4.61759,12,9,0,0.2051,,49.6818,215.04,47.6445,27.31,25.49,6.70968,20.3133,0.228221,2.45517,44.2597,8.01777,3.67982,2.17885,1.21548,0.205821,0.094463,0.1113576740026474,0.247798,1.36786,0.289697,0.694072,,,4.45855,0.617612,0.42794,150.00999450683594,,,,,,,181.09999999999997,3.6219999999999994,181,3.62,,,,,,,,,,,,,,,,,,,"Bubba Chandler","29868",696149
"Janson Junk","MIA",2.09436,4.06972,3.04744,4.67241,11,8,0,0.2134,,45.8821,194.11,47.7396,25.45,23.82,6.72078,11.0036,0.193395,1.59233,31.9399,6.26517,2.15841,2.90268,1.31831,0.164546,0.0566874,0.10785813257098198,0.263008,1.28031,0.28714,0.674852,,,4.44528,0.615911,0.374484,999,,,,,,,154.50000000000006,3.3586956521739144,164,3.5652173913043477,,,,,,,,,,,,,,,,,,,"Janson Junk","23301",676083
"Bryce Miller","SEA",3.35795,2.80233,2.78747,4.32497,13,8,0,0.228,,47.383,197.89,42.9008,24.39,22.77,7.94909,14.4003,0.29701,1.76776,47.2467,8.9741,2.73522,3.28094,1.50986,0.238752,0.0727694,0.16598297655582428,0.23608,1.20932,0.276241,0.712788,,,4.32005,0.608993,0.517839,341.6000061035156,,,,,,,183.59999999999997,3.9063829787234035,177,3.765957446808511,,,,,,,,,,,,,,,,,,,"Bryce Miller","29837",682243
"Trey Yesavage","TOR",3.30206,2.90161,3.85836,4.55026,9,9,0,0,,51.03,217.82,45.0466,27.56,25.8,8.51508,21.5396,0.138558,2.02907,53.0387,9.35427,3.79888,2.46238,1.50178,0.243498,0.0988874,0.14461049437522888,0.231898,1.30484,0.275299,0.713915,,,4.58581,0.598706,0.423729,194.2899932861328,,,,,,,183.70000000000005,3.6019607843137265,172,3.372549019607843,,,,,,,,,,,,,,,,,,,"Trey Yesavage","35456",702056
"Matthew Liberatore","STL",1.90974,4.20063,3.32497,4.97056,9,9,0,0,,47.385,204.48,49.0541,28.01,26.17,7.51214,15.2718,0.118648,1.85454,42.9171,8.1514,2.90063,2.81021,1.42681,0.209884,0.0746862,0.13519807904958725,0.261826,1.35752,0.303393,0.674905,,,4.44354,0.580721,0.178471,410.2300109863281,,,,,,,156.99999999999997,3.340425531914893,166,3.5319148936170213,,,,,,,,,,,,,,,,,,,"Matthew Liberatore","22294",669461
"Tyler Mahle","SFG",2.73244,3.31277,3.33627,4.56918,9,9,0,0,,47.943,205.89,46.8089,26.02,24.34,6.609,17.8798,0.144184,1.61794,38.4851,7.22454,3.35646,2.15243,1.24066,0.186921,0.0868417,0.10007918626070023,0.251131,1.34928,0.284504,0.697537,,,4.5164,0.5652,0.433342,322.7200012207031,,,,,,,162.90000000000003,3.3937500000000007,165,3.4375,,,,,,,,,,,,,,,,,,,"Tyler Mahle","16358",641816
"David Peterson","CHC",3.41761,3.26754,3.17812,4.61681,12,9,0,0.2224,,49.9826,217.57,51.5084,27.69,25.64,5.86868,19.4655,0.23359,2.31162,40.0186,7.20586,3.50501,2.05588,1.05673,0.183934,0.0894677,0.09446676075458527,0.263076,1.41997,0.304456,0.689698,,,4.34189,0.556014,0.329176,452.0400085449219,,,,,,,178,3.56,189,3.78,,,,,,,,,,,,,,,,,,,"David Peterson","20302",656849
"Will Warren","NYY",3.85028,3.60772,3.58227,4.71091,13,10,0,0.228,,55.2886,237.9,54.5196,31,28.94,8.85417,19.8208,0.21208,2.50917,51.139,8.32452,3.22647,2.58007,1.4413,0.21496,0.0833157,0.13164449483156204,0.252909,1.34459,0.293524,0.699665,,,4.55335,0.552473,0.345809,285.04998779296875,,,,,,,186.3,3.3872727272727277,191,3.4727272727272727,,,,,,,,,,,,,,,,,,,"Will Warren","30182",701542
"Eduardo Rodriguez","ARI",3.61298,3.29758,4.48995,4.96075,10,10,0,0,,57.33,248.88,59.1217,33.85,31.6,8.71442,21.3361,0.221615,1.46416,43.49,6.82731,3.34946,2.03833,1.36804,0.174743,0.0857284,0.08901433646678925,0.261508,1.40341,0.289904,0.682822,,,4.76171,0.545859,0.213931,738.219970703125,,,,,,,177.70000000000002,3.117543859649123,188,3.2982456140350878,,,,,,,,,,,,,,,,,,,"Eduardo Rodriguez","13164",593958
"Brandon Pfaadt","ARI",3.6742,3.7216,2.72652,4.90871,17,10,0,0.2208,,54.656,233.69,57.9318,31.92,29.81,9.01714,13.851,0.38158,2.41967,41.0777,6.76412,2.28079,2.96569,1.48482,0.175779,0.0592708,0.11650776863098145,0.266452,1.31336,0.292334,0.673827,,,4.64441,0.540478,0.209901,588.5999755859375,,,,,,,179.5,3.2636363636363637,192,3.4909090909090907,,,,,,,,,,,,,,,,,,,"Brandon Pfaadt","27782",694297
"Mitch Keller","PIT",2.58065,4.2061,4.02744,5.28073,10,10,0,0,,54.18,237.32,58.8155,33.96,31.79,8.20305,18.0453,0.135352,3.09018,43.0134,7.14508,2.99755,2.38364,1.36263,0.181246,0.0760377,0.10520852357149124,0.272062,1.41862,0.306801,0.656211,,,4.66047,0.53964,0.0349825,518.6300048828125,,,,,,,170.80000000000004,3.162962962962964,189,3.5,,,,,,,,,,,,,,,,,,,"Mitch Keller","17594",656605
"Ryan Weathers","NYY",3.0606,2.46296,2.88819,4.3633,11,7,0,0.228,,43.1302,182.62,40.6307,22.43,20.91,6.90201,14.3428,0.238837,1.70486,42.9895,8.97063,2.99293,2.99728,1.44025,0.235404,0.0785392,0.15686462819576263,0.243923,1.2746,0.289068,0.718231,,,4.31283,0.527688,0.473136,232.55999755859375,,,,,,,163.50000000000003,3.8023255813953494,162,3.7674418604651163,,,,,,,,,,,,,,,,,,,"Ryan Weathers","23796",677960
"Walbert Ureña","LAA",2.59292,3.57235,3.58899,4.48038,9,9,0,0,,49.536,215.11,46.3925,26.42,24.66,5.88152,23.03,0.140031,2.93927,42.8381,7.78308,4.18423,1.8601,1.06859,0.199145,0.107062,0.09208343923091888,0.24528,1.40146,0.288496,0.702789,,,4.49642,0.525795,0.559272,999,,,,,,,184.6,3.6919999999999997,180,3.6,,,,,,,,,,,,,,,,,,,"Walbert Urena","29357",700712
"Reynaldo López","ATL",2.84058,3.12322,2.43753,4.98556,13,8,0,0.2359,,44.6971,193.51,44.5886,26.38,24.76,6.63258,16.9743,0.21911,1.47091,41.4206,8.34027,3.41787,2.44019,1.33551,0.214049,0.0877181,0.12633097916841507,0.254698,1.37734,0.298839,0.673006,,,4.42341,0.52387,0.195167,302.9100036621094,,,,,,,157.89999999999998,3.5088888888888885,162,3.6,,,,,,,,,,,,,,,,,,,"Reynaldo Lopez","16400",625643
"Patrick Sandoval","BOS",2.21381,2.59319,1.53671,4.13941,14,6,0,0.2327,,36.8966,158.82,34.3274,18.35,16.97,4.02107,15.8279,0.43521,1.53072,33.4987,8.17118,3.86083,2.11643,0.980841,0.210922,0.0996597,0.11126279830932617,0.242663,1.35935,0.291571,0.714312,,,4.12208,0.52377,0.461833,999,,,,,,,148.20000000000002,4.005405405405406,145,3.918918918918919,,,,,,,,,,,,,,,,,,,"Patrick Sandoval","19447",663776
"Gage Jump","ATH",2.69542,3.17664,3.06694,5.01965,9,9,0,0,,45.81,199.56,47.0207,27.41,25.55,7.67806,16.7479,0.183022,2.08831,46.4943,9.13443,3.29035,2.77613,1.50846,0.232984,0.083924,0.14905980229377747,0.26018,1.39202,0.310882,0.685761,,,4.49228,0.523015,0.212858,999,,,,,,,154.8,3.365217391304348,161,3.5,,,,,,,,,,,,,,,,,,,"Gage Jump","35418",695611
"Michael McGreevy","STL",2.5571,5.0929,3.8765,4.87042,13,10,0,0.2387,,56.9889,244.19,62.2019,32.93,30.84,8.57899,14.7663,0.223988,1.65831,38.1318,6.02198,2.33197,2.58235,1.35484,0.156156,0.0604705,0.09568565711379051,0.273096,1.35058,0.29617,0.677953,,,4.59312,0.520575,0.273699,715.3800048828125,,,,,,,174.90000000000003,3.0684210526315794,193,3.3859649122807016,,,,,,,,,,,,,,,,,,,"Michael McGreevy","29869",700241
"Ian Seymour","TBR",2.00892,3.43725,2.12553,4.37964,12,7,0,0.2446,,40.0718,168.31,36.2657,20.95,19.5,6.85266,12.4548,0.25355,1.88886,41.3125,9.27866,2.79731,3.31699,1.53909,0.245455,0.0739993,0.1714552938938141,0.235543,1.21583,0.278002,0.709757,,,4.34478,0.518387,0.377194,521.1400146484375,,,,,,,156.3,3.9075,149,3.725,,,,,,,,,,,,,,,,,,,"Ian Seymour","27932",693855
"Kyle Leahy","STL",2.12361,4.86578,2.49159,5.07745,17,9,0,0.2387,,50.7657,221.37,54.6597,30.54,28.64,7.60722,17.112,0.281709,2.02365,43.0451,7.63126,3.0337,2.51549,1.34865,0.194449,0.0773004,0.11714832484722137,0.270279,1.41378,0.31041,0.674585,,,4.49276,0.4951,0.0503932,733.6699829101562,,,,,,,165,3.235294117647059,180,3.5294117647058822,,,,,,,,,,,,,,,,,,,"Kyle Leahy","24763",681517
"Kris Bubic","KCR",2.10974,1.80034,1.98921,4.27762,8,5,0,0.2174,,30.7601,131.06,29.256,15.67,14.62,3.79658,11.0263,0.185807,1.17798,28.9857,8.48083,3.22615,2.62877,1.11083,0.221164,0.0841319,0.13703181594610214,0.246147,1.30956,0.295788,0.703871,,,4.0199,0.493656,0.325578,190.69000244140625,,,,,,,126.79999999999998,4.090322580645161,125,4.032258064516129,,,,,,,,,,,,,,,,,,,"Kris Bubic","21455",663460
"Edward Cabrera","CHC",2.912,2.60887,3.4433,4.54952,8,8,0,0,,45.44,193.17,41.4,24.58,22.97,6.84892,17.5781,0.111739,2.21321,42.4364,8.4051,3.48158,2.41416,1.35652,0.219684,0.0909982,0.1286860555410385,0.238784,1.29794,0.278429,0.696465,,,4.50799,0.49057,0.345126,174.72000122070312,,,,,,,164.29999999999998,3.6511111111111108,158,3.511111111111111,,,,,,,,,,,,,,,,,,,"Edward Cabrera","21690",665795
"Grayson Rodriguez","LAA",2.21449,3.33104,3.5095,4.91965,8,8,0,0,,45.424,196.59,46.9888,26.64,24.83,7.31255,15.2775,0.171814,2.01842,40.6436,8.05284,3.02698,2.66035,1.44886,0.206743,0.0777126,0.12903016805648804,0.262077,1.37078,0.302093,0.684743,,,4.5553,0.486571,0.15386,397.1099853515625,,,,,,,155.7,3.46,165,3.6666666666666665,,,,,,,,,,,,,,,,,,,"Grayson Rodriguez","24492",680570
"Nick Martinez","TBR",2.15252,4.50027,3.21764,4.86997,10,10,0,0,,49.99,212.11,51.5737,28.87,27.05,8.33524,12.3971,0.135055,1.9234,32.1776,5.79312,2.23192,2.59557,1.50064,0.151702,0.0584465,0.09325577318668365,0.260751,1.27967,0.27492,0.671125,,,4.84936,0.483393,0.264453,738.3400268554688,,,,,,,158.40000000000003,3.1680000000000006,168,3.36,,,,,,,,,,,,,,,,,,,"Nick Martinez","12730",607259
"Luis Castillo","SEA",2.6752,2.57659,1.8564,4.56518,13,7,0,0.228,,39.5669,167.44,38.1731,21.6,20.07,6.52982,11.8482,0.269593,1.59797,36.2408,8.24344,2.69502,3.05877,1.48529,0.216441,0.0707606,0.1456800028681755,0.247887,1.26422,0.284502,0.695244,,,4.44277,0.482552,0.268618,171.0500030517578,,,,,,,141.10000000000002,3.5275000000000007,139,3.475,,,,,,,,,,,,,,,,,,,"Luis Castillo","15689",622491
"Sean Manaea","NYM",2.78827,2.56995,3.10971,4.77979,8,8,0,0,,43.232,185.22,42.5469,24.68,22.96,7.45276,14.2215,0.121522,2.14151,40.5617,8.44409,2.96061,2.85214,1.55151,0.218992,0.0767815,0.14221026003360748,0.25197,1.31311,0.290412,0.692537,,,4.60981,0.478909,0.222293,423.3599853515625,,,,,,,154.3,3.588372093023256,158,3.6744186046511627,,,,,,,,,,,,,,,,,,,"Sean Manaea","15873",640455
"Justin Wrobleski","LAD",4.02168,2.08232,3.26919,4.79179,12,8,0,0.2548,,47.9696,205.04,49.9468,27.47,25.54,7.85873,13.479,0.205607,1.59655,39.8057,7.4683,2.52891,2.95317,1.47445,0.194136,0.0657383,0.1283978447318077,0.262927,1.32221,0.29577,0.685871,,,4.52268,0.476452,0.29043,650.3499755859375,,,,,,,161.80000000000007,3.370833333333335,171,3.5625,,,,,,,,,,,,,,,,,,,"Justin Wrobleski","31204",680736
"Aaron Nola","PHI",3.67321,3.00916,3.95259,4.89974,10,10,0,0,,54.26,231.46,54.422,31.75,29.54,10.459,16.8039,0.192877,1.74746,49.6315,8.23227,2.78723,2.95356,1.73482,0.214428,0.0725997,0.14182811975479126,0.255612,1.31268,0.287681,0.69766,,,4.81187,0.47501,0.221681,205.52999877929688,,,,,,,179.20000000000002,3.318518518518519,183,3.388888888888889,,,,,,,,,,,,,,,,,,,"Aaron Nola","16149",605400
"Andrew Abbott","CIN",2.45903,4.40671,4.07534,4.89942,10,10,0,0,,54.98,235.34,53.6789,31.99,29.93,9.83352,19.571,0.149048,1.40594,44.0171,7.20541,3.20369,2.2491,1.60971,0.187036,0.0831605,0.1038755401968956,0.250411,1.3323,0.273158,0.693642,,,4.97827,0.472206,0.282374,221.92999267578125,,,,,,,168.6,3.0654545454545454,170,3.090909090909091,,,,,,,,,,,,,,,,,,,"Andrew Abbott","29911",671096
"Nick Lodolo","CIN",2.17157,3.95158,3.4481,4.84057,9,9,0,0,,48.267,208.17,48.9007,27.93,25.96,7.73208,15.0387,0.153205,4.06263,42.4715,7.91936,2.80416,2.82414,1.44175,0.204023,0.0722425,0.13178077340126038,0.25864,1.3247,0.296465,0.677958,,,4.61962,0.471796,0.239174,127.94999694824219,,,,,,,156.40000000000006,3.2583333333333346,163,3.3958333333333335,,,,,,,,,,,,,,,,,,,"Nick Lodolo","26378",666157
"Dean Kremer","BAL",3.47779,2.83014,3.3274,4.62695,13,8,0,0.2114,,49.5423,210.02,48.2689,27.37,25.47,8.71228,15.2674,0.19499,1.62353,44.1474,8.01995,2.77352,2.89161,1.5827,0.210206,0.072695,0.13751088827848434,0.249931,1.28247,0.282005,0.704459,,,4.63645,0.468326,0.403513,999,,,,,,,171.5,3.43,170,3.4,,,,,,,,,,,,,,,,,,,"Dean Kremer","19350",665152
"Bryce Elder","ATL",3.22835,3.46959,3.8928,4.98011,10,10,0,0,,53.8,232.39,56.1692,31.92,29.77,8.61333,17.914,0.166892,2.08252,43.6864,7.30813,2.99677,2.43867,1.44089,0.187987,0.077086,0.11090122163295746,0.264458,1.37701,0.29705,0.679782,,,4.68203,0.467315,0.221681,740.5499877929688,,,,,,,171.30000000000004,3.172222222222223,181,3.3518518518518516,,,,,,,,,,,,,,,,,,,"Bryce Elder","27779",693821
"Clay Holmes","NYM",2.66849,1.96103,2.43892,4.207,8,6,0,0.2155,,35.5336,152.44,34.6254,17.78,16.61,3.73752,13.4687,0.127226,2.07453,28.0711,7.10989,3.41138,2.08417,0.946643,0.184145,0.0883544,0.09579091519117355,0.252931,1.35348,0.293924,0.707256,,,4.2094,0.466384,0.453054,330.6300048828125,,,,,,,137.20000000000005,3.8111111111111122,139,3.861111111111111,,,,,,,,,,,,,,,,,,,"Clay Holmes","13649",605280
"Robbie Ray","SFG",3.03397,3.8698,4.37976,4.9693,10,10,0,0,,56.67,245.87,52.7415,33.57,31.29,9.42117,25.6374,0.145959,2.03951,52.5191,8.34077,4.07159,2.04853,1.49621,0.213605,0.104272,0.10933282971382141,0.241719,1.38308,0.277245,0.687366,,,4.88258,0.462668,0.213931,166.44000244140625,,,,,,,195.29999999999995,3.4263157894736835,190,3.3333333333333335,,,,,,,,,,,,,,,,,,,"Robbie Ray","11486",592662
"Troy Melton","DET",2.27579,2.48497,2.10989,4.4804,11,6,0,0.2045,,36.499,154.93,34.9924,19.55,18.17,5.59941,11.9331,0.209453,1.45251,33.584,8.28122,2.94248,2.81437,1.38072,0.216769,0.0770223,0.1397467628121376,0.247219,1.28567,0.28715,0.700386,,,4.36403,0.448409,0.223267,743.22998046875,,,,,,,130.60000000000002,3.627777777777778,131,3.638888888888889,,,,,,,,,,,,,,,,,,,"Troy Melton","31807",675512
"Shane Drohan","MIL",2.59673,3.42049,2.59766,4.7737,12,8,0,0.201,,44.5315,191.52,42.9709,25.36,23.62,7.5517,16.7141,0.215609,1.64647,42.2127,8.53134,3.37798,2.52558,1.52623,0.220409,0.0872706,0.1331380158662796,0.248158,1.34029,0.287039,0.698904,,,4.65534,0.416474,0.302819,999,,,,,,,149.8,3.3288888888888892,148,3.2888888888888888,,,,,,,,,,,,,,,,,,,"Shane Drohan","27814",675660
"Mason Miller","SDP",0.985159,0.462573,0,2.48083,23,0,10.826,0.5282,,16.2163,64.13,9.72986,4.8,4.47,1.41119,6.15477,0.343015,0.623899,25.0069,13.8787,3.41587,4.06301,0.783207,0.38994,0.0959733,0.2939671650528908,0.169654,0.979544,0.268923,0.796942,,,2.41091,0.403845,0.358792,27.860000610351562,,,,,,,168.1,10.50625,155,9.6875,,,,,,,,,,,,,,,,,,,"Mason Miller","31757",695243
"Brandon Young","BAL",2.89858,2.54265,2.65842,4.78978,12,7,0,0.2114,,42.2963,181.76,43.202,24.12,22.51,6.65517,13.8387,0.191135,1.46926,33.8836,7.2099,2.94467,2.44846,1.41612,0.186419,0.0761374,0.11028195172548294,0.259546,1.3486,0.290254,0.689822,,,4.63879,0.402273,0.202488,999,,,,,,,135.90000000000003,3.2357142857142867,142,3.380952380952381,,,,,,,,,,,,,,,,,,,"Brandon Young","27819",687064
"Nick Pivetta","SDP",1.52729,1.25155,1.6974,4.07049,4,4,0,0,,22.84,94.55,19.627,11.1,10.33,3.7125,7.10757,0.0786068,0.669731,24.7572,9.75547,2.80071,3.48322,1.46289,0.261843,0.0751726,0.18667002022266388,0.226188,1.17051,0.272962,0.725937,,,4.07645,0.399241,0.3554,96.01000213623047,,,,,,,95,4.130434782608695,89,3.869565217391304,,,,,,,,,,,,,,,,,,,"Nick Pivetta","15454",601713
"J.T. Ginn","ATH",2.98349,3.06228,2.97932,4.85111,11,8,0,0.2214,,45.6575,197.74,45.0043,26.33,24.61,7.25662,17.604,0.240648,2.72641,40.6615,8.01517,3.4701,2.30978,1.43042,0.205631,0.0890262,0.11660470068454742,0.253675,1.37126,0.291507,0.691687,,,4.73059,0.397489,0.275998,748.3499755859375,,,,,,,156.30000000000007,3.397826086956523,158,3.4347826086956523,,,,,,,,,,,,,,,,,,,"J.T. Ginn","27889",669372
"Jack Perkins","ATH",2.96914,3.55256,2.3108,4.98453,14,9,0,0.2214,,46.8369,204.44,45.246,27.78,25.94,7.89672,19.6557,0.231829,2.81797,47.2006,9.06988,3.77696,2.40137,1.5174,0.230877,0.096144,0.13473324477672577,0.248651,1.3857,0.294393,0.689401,,,4.72549,0.396947,0.1266,999,,,,,,,157.39999999999998,3.3489361702127654,156,3.3191489361702127,,,,,,,,,,,,,,,,,,,"Jack Perkins","31468",678022
"Ben Brown","CHC",1.64892,1.43261,1.03244,3.97543,9,4,0,0.2224,,24.0653,100.35,21.3562,11.44,10.63,3.1976,7.69154,0.16085,0.922939,24.2188,9.05742,2.8765,3.14876,1.19585,0.241344,0.0766471,0.16469651460647583,0.232802,1.20704,0.282321,0.716603,,,3.89818,0.390275,0.371609,733.6500244140625,,,,,,,107.10000000000002,4.462500000000001,102,4.25,,,,,,,,,,,,,,,,,,,"Ben Brown","23590",676962
"Jack Leiter","TEX",2.27056,2.61242,3.15429,4.6996,7,7,0,0,,40.446,173.67,36.9947,22.6,21.12,6.62037,16.6913,0.111347,1.96872,38.0483,8.46647,3.71413,2.27953,1.47316,0.219084,0.0961092,0.12297471612691879,0.23866,1.32735,0.275276,0.699859,,,4.74025,0.390249,0.231739,230.7100067138672,,,,,,,132.7,3.3175,128,3.2,,,,,,,,,,,,,,,,,,,"Jack Leiter","30146",683004
"Bailey Ober","MIN",2.68436,4.00676,3.70577,5.06999,10,10,0,0,,52.58,223.1,53.0662,31.65,29.62,11.1225,13.6745,0.131169,1.93912,40.0727,6.85916,2.34063,2.93047,1.90381,0.179618,0.0612931,0.11832477152347565,0.255757,1.26932,0.268369,0.685778,,,5.22627,0.38427,0.161349,494.3399963378906,,,,,,,151.10000000000002,2.8509433962264157,154,2.9056603773584904,,,,,,,,,,,,,,,,,,,"Bailey Ober","21224",641927
"Brandon Sproat","MIL",2.54172,3.46958,3.26899,4.81997,9,9,0,0,,47.241,204.33,44.0007,27.05,25.3,7.86351,20.3679,0.132235,2.74227,45.4448,8.6578,3.88033,2.2312,1.4981,0.222409,0.0996812,0.12272756546735764,0.242803,1.36256,0.282517,0.699378,,,4.81728,0.378384,0.273952,528.2000122070312,,,,,,,155.99999999999997,3.3191489361702122,152,3.234042553191489,,,,,,,,,,,,,,,,,,,"Brandon Sproat","33850",687075
"Spencer Miles","TOR",1.67028,1.37807,0.773946,3.95156,19,3,0,0.2216,,27.6954,115.59,25.0788,13.05,12.16,3.19931,8.73764,0.285642,1.20113,25.3555,8.23964,2.83942,2.90187,1.03966,0.219357,0.0755916,0.14376578480005264,0.237373,1.22101,0.283794,0.707848,,,3.85701,0.377322,0.327295,999,,,,,,,125.30000000000004,4.475000000000001,121,4.321428571428571,,,,,,,,,,,,,,,,,,,"Spencer Miles","31621",693686
"Roki Sasaki","LAD",3.28243,1.82581,1.87597,4.62401,14,7,0,0.2548,,39.3165,168.82,36.1615,21.59,20.2,6.12072,15.829,0.2217,2.19934,38.4736,8.80705,3.62344,2.43057,1.4011,0.227897,0.0937626,0.1341344267129898,0.239811,1.32236,0.282877,0.700126,,,4.55205,0.376214,0.199198,289.7200012207031,,,,,,,143.20000000000002,3.671794871794872,139,3.5641025641025643,,,,,,,,,,,,,,,,,,,"Roki Sasaki","35323",808963
"Tatsuya Imai","HOU",2.65949,2.19713,3.13563,4.709,7,7,0,0,,40.327,175.59,36.4089,22.59,21.1,6.30552,19.6848,0.113595,2.3516,42.467,9.4776,4.39318,2.15735,1.40724,0.241853,0.112107,0.1297464594244957,0.237109,1.39097,0.287298,0.708833,,,4.6756,0.375938,0.231739,999,,,,,,,146.6,3.665,140,3.5,,,,,,,,,,,,,,,,,,,"Tatsuya Imai","37124",837227
"Kendry Rojas","MIN",1.56921,2.02577,1.07664,4.43545,17,4,0,0.22,,30.5177,131.53,28.9887,16.14,15.04,3.90727,12.2565,0.361811,1.1468,29.9955,8.84599,3.61458,2.44731,1.1523,0.228051,0.0931842,0.13486653566360474,0.245403,1.35152,0.297794,0.701752,,,4.12597,0.362624,0.236642,999,,,,,,,125.79999999999998,4.058064516129032,124,4,,,,,,,,,,,,,,,,,,,"Kendry Rojas","29423",696070
"Yusei Kikuchi","LAA",1.71952,2.4975,2.82126,4.89091,6,6,0,0,,35.202,152.56,35.3327,20.62,19.13,6.16368,13.1492,0.146898,1.34485,34.7803,8.89219,3.36181,2.64506,1.57585,0.227978,0.0861902,0.14178767800331116,0.255911,1.37725,0.300334,0.699121,,,4.64513,0.361495,0.120105,506.57000732421875,,,,,,,122.19999999999999,3.491428571428571,125,3.5714285714285716,,,,,,,,,,,,,,,,,,,"Yusei Kikuchi","20633",579328
"Shane Bieber","TOR",3.40041,3.34698,3.58218,4.93913,11,9,0,0.2216,,50.766,217.71,51.6923,29.88,27.86,9.1911,16.4769,0.178112,1.71424,42.8194,7.59118,2.92109,2.59875,1.62943,0.196681,0.0756827,0.12099801003932953,0.259085,1.34281,0.288127,0.692369,,,4.85142,0.361005,0.206948,474.0400085449219,,,,,,,163.50000000000006,3.2058823529411775,170,3.3333333333333335,,,,,,,,,,,,,,,,,,,"Shane Bieber","19427",669456
"Zebby Matthews","MIN",2.34933,3.67064,3.36678,5.24933,9,9,0,0,,47.286,204.68,51.3005,29.52,27.58,9.12745,13.8991,0.124285,1.47007,39.6125,7.53949,2.64543,2.85001,1.73724,0.193534,0.0679063,0.1256273314356804,0.270985,1.37883,0.300012,0.680633,,,4.9187,0.359883,-0.00788684,488.6400146484375,,,,,,,139.50000000000003,2.968085106382979,153,3.25531914893617,,,,,,,,,,,,,,,,,,,"Zebby Matthews","31827",805673
"Peter Lambert","HOU",3.00407,2.85628,2.16632,4.8028,14,8,0,0.2147,,43.8682,189.05,42.5403,25.06,23.41,7.16403,16.3838,0.249556,2.16983,38.9944,8.00009,3.36129,2.38006,1.46977,0.206265,0.0866636,0.11960133165121078,0.249508,1.34321,0.284517,0.692595,,,4.72375,0.355601,0.22334,999,,,,,,,151.7,3.4477272727272723,153,3.477272727272727,,,,,,,,,,,,,,,,,,,"Peter Lambert","17969",663567
"Grant Taylor","CHW",0.793321,0.893071,0,3.15983,27,0,5.954,2.8827,,19.4821,79.74,15.3137,7.35,6.84,1.66398,6.54,0.277352,0.824811,23.5696,10.8883,3.02124,3.60391,0.768698,0.29558,0.0820166,0.21356362849473953,0.211588,1.12173,0.289547,0.742861,,,2.93454,0.354348,0.31643,506.67999267578125,,,,,,,143,7.526315789473684,135,7.105263157894737,,,,,,,,,,,,,,,,,,,"Grant Taylor","33927",691799
"Emerson Hancock","SEA",2.74725,2.65373,1.8776,4.63709,15,7,0,0.228,,41.6705,177.22,39.9869,22.99,21.47,7.03759,13.4963,0.327735,2.04025,36.6629,7.91845,2.91493,2.71651,1.51998,0.206878,0.0761557,0.1307220384478569,0.247316,1.28348,0.279272,0.698895,,,4.66412,0.349148,0.275187,733.4199829101562,,,,,,,149.70000000000002,3.5642857142857145,148,3.5238095238095237,,,,,,,,,,,,,,,,,,,"Emerson Hancock","27470",676106
"Slade Cecconi","CLE",2.17483,3.8862,3.31285,4.99905,9,9,0,0,,47.277,202.44,50.0528,28.19,26.26,8.627,12.5461,0.163904,1.99491,35.2952,6.71906,2.38837,2.81324,1.6423,0.174349,0.0619745,0.11237471550703049,0.266381,1.32409,0.287726,0.68108,,,4.91152,0.342427,0.178471,584.5599975585938,,,,,,,132.10000000000002,2.810638297872341,143,3.0425531914893615,,,,,,,,,,,,,,,,,,,"Slade Cecconi","27500",677944
"Anthony Kay","CHW",1.68659,3.77895,3.11614,5.09972,8,8,0,0,,42.92,188.89,43.5033,26.05,24.32,6.48561,18.0845,0.118975,2.96995,34.9898,7.3371,3.79218,1.9348,1.35998,0.185239,0.0957408,0.08949829638004303,0.259202,1.43494,0.292954,0.676808,,,4.91533,0.341314,0.127572,717.8599853515625,,,,,,,136.99999999999997,3.1860465116279064,144,3.3488372093023258,,,,,,,,,,,,,,,,,,,"Anthony Kay","20387",641743
"Robert Gasser","MIL",1.68835,2.20546,1.34114,4.57343,11,5,0,0.201,,30.0693,128.25,28.7491,16.42,15.28,4.99133,9.70897,0.23967,1.60465,28.7833,8.6151,2.90598,2.96461,1.49395,0.224432,0.0757035,0.14872806519269943,0.245853,1.27898,0.285682,0.700284,,,4.48194,0.339664,0.237164,748.5800170898438,,,,,,,107.1,3.57,107,3.566666666666667,,,,,,,,,,,,,,,,,,,"Robert Gasser","29812",688107
"Hunter Dobbins","STL",1.23231,2.46829,1.09154,4.685,17,4,0,0.2387,,32.5806,140.94,33.7376,18.15,16.96,4.15034,11.0443,0.513907,1.43369,25.6807,7.09399,3.05087,2.32524,1.14648,0.18221,0.0783619,0.10384829342365265,0.262627,1.3745,0.29998,0.68337,,,4.33828,0.335447,0.154444,999,,,,,,,122.60000000000005,3.7151515151515166,129,3.909090909090909,,,,,,,,,,,,,,,,,,,"Hunter Dobbins","30240",690928
"Brayan Bello","BOS",2.35391,3.10881,1.86619,4.62825,14,7,0,0.2327,,40.5056,175.13,41.385,22.54,20.83,5.31567,14.5917,0.279113,2.06338,30.1259,6.69372,3.24215,2.06459,1.1811,0.17202,0.083319,0.08870095759630203,0.261145,1.38195,0.293167,0.688922,,,4.5618,0.3302,0.22224,421.4100036621094,,,,,,,144.30000000000004,3.519512195121952,149,3.6341463414634148,,,,,,,,,,,,,,,,,,,"Brayan Bello","23920",678394
"Carmen Mlodzinski","PIT",1.48207,1.89149,0.815163,4.63965,22,3,0.34,3.5901,,32.0649,139.01,33.5871,17.74,16.53,3.60234,10.8728,0.354798,1.35292,25.2944,7.09964,3.05177,2.3264,1.01111,0.181961,0.0782156,0.10374537855386734,0.264916,1.38656,0.306319,0.677884,,,4.13635,0.32476,0.0420912,745.6199951171875,,,,,,,129.20000000000002,4.0375000000000005,138,4.3125,,,,,,,,,,,,,,,,,,,"Carmen Mlodzinski","27572",669387
"Carlos Rodón","NYY",2.11489,1.94397,2.39558,4.64084,6,6,0,0,,32.91,140.44,29.1217,18.12,16.97,5.67364,13.6034,0.0908243,1.48875,33.1735,9.07207,3.72017,2.43862,1.55159,0.236211,0.0968629,0.13934851437807083,0.232327,1.29824,0.271074,0.707409,,,4.71066,0.323006,0.28566,202.3000030517578,,,,,,,116.00000000000003,3.515151515151516,108,3.272727272727273,,,,,,,,,,,,,,,,,,,"Carlos Rodon","16137",607074
"Luinder Avila","KCR",2.44332,2.69536,2.19553,4.91884,10,7,0,0.2174,,37.7101,165.67,37.5257,22.02,20.61,4.79596,16.8965,0.175693,2.14643,30.2146,7.2111,4.03256,1.78822,1.14462,0.182378,0.101989,0.08038955181837082,0.255926,1.44317,0.293234,0.67918,,,4.67554,0.321457,0.17316,999,,,,,,,123.89999999999999,3.2605263157894733,128,3.3684210526315788,,,,,,,,,,,,,,,,,,,"Luinder Avila","24452",679883
"Chris Bassitt","BAL",2.42579,2.17475,2.34022,4.87914,9,6,0,0.2114,,35.3054,153.22,36.1945,20.53,19.14,5.29677,12.4446,0.142166,2.29146,28.1519,7.17644,3.17236,2.26218,1.35024,0.183735,0.0812206,0.10251461714506149,0.261362,1.37767,0.294165,0.681869,,,4.71748,0.321091,0.0841702,359.3599853515625,,,,,,,117.9,3.3685714285714288,124,3.5428571428571427,,,,,,,,,,,,,,,,,,,"Chris Bassitt","12304",605135
"Shane Smith","CHW",1.30625,2.7611,2.17002,4.79119,6,6,0,0,,31.464,136.33,30.4598,17.92,16.75,4.63468,12.3905,0.0863772,2.01436,28.4622,8.14135,3.54418,2.29711,1.32571,0.208774,0.0908857,0.11788833141326904,0.249824,1.36188,0.290731,0.685619,,,4.5889,0.315752,0.162236,245.5399932861328,,,,,,,103.89999999999998,3.3516129032258055,104,3.3548387096774195,,,,,,,,,,,,,,,,,,,"Shane Smith","31687",681343
"Cade Smith","CLE",0.773776,0.692598,0,3.13725,23,0,10.827,0.7794,,15.3191,62.48,12.2195,5.77,5.34,1.36195,4.36864,0.269776,0.790502,19.2117,11.2869,2.56658,4.39763,0.800148,0.307485,0.0699206,0.23756460845470428,0.213177,1.08284,0.295465,0.73686,,,2.76763,0.314655,0.201075,39.90999984741211,,,,,,,149.5,9.966666666666667,144,9.6,,,,,,,,,,,,,,,,,,,"Cade Smith","27867",671922
"Carson Whisenhunt","SFG",2.2875,3.05056,2.49729,5.04549,11,7,0,0.2248,,40.3311,176.08,42.5371,24.21,22.61,6.1759,14.8061,0.285881,1.38539,31.206,6.96372,3.30403,2.10764,1.37817,0.177226,0.0840875,0.09313897043466568,0.266042,1.42181,0.29681,0.680396,,,4.75732,0.30801,0.0909124,999,,,,,,,124.39999999999999,3.11,136,3.4,,,,,,,,,,,,,,,,,,,"Carson Whisenhunt","31676",687931
"Eduardo Rivera","BOS",1.23699,1.1598,0.520621,3.71065,16,2,0,0.2327,,24.6426,104.93,20.5421,10.9,10.16,2.17853,11.687,0.461175,1.23498,23.8482,8.70986,4.26835,2.04057,0.795646,0.227277,0.111379,0.11589783430099487,0.223264,1.30786,0.278314,0.730971,,,3.8966,0.305115,0.337845,999,,,,,,,114.80000000000001,4.5920000000000005,108,4.32,,,,,,,,,,,,,,,,,,,"Eduardo Rivera","31280",700842
"Noah Schultz","CHW",1.41148,3.24859,2.21276,4.92092,7,7,0,0,,34.713,151.52,33.8432,20.4,18.98,5.35389,14.8383,0.0952275,2.0173,30.2139,7.83353,3.8471,2.03622,1.3881,0.199405,0.0979294,0.1014760434627533,0.251315,1.4024,0.28749,0.686677,,,4.83068,0.301816,0.214033,999,,,,,,,118.1,3.374285714285714,119,3.4,,,,,,,,,,,,,,,,,,,"Noah Schultz","32056",702273
"Connelly Early","WSN",0.989354,1.77782,1.61853,4.38085,4,4,0,0,,22.208,94.44,20.6835,11.62,10.81,3.29442,7.88306,0.0548862,1.2001,21.4876,8.70807,3.19468,2.7258,1.33509,0.227527,0.0834716,0.1440552994608879,0.242318,1.28632,0.287068,0.707451,,,4.33008,0.291684,0.19044,266.4800109863281,,,,,,,86.30000000000001,3.9227272727272733,86,3.909090909090909,,,,,,,,,,,,,,,,,,,"Connelly Early","33666",813349
"Merrill Kelly","ARI",3.40285,3.40078,4.29477,5.21977,10,10,0,0,,55.83,241.13,58.1901,34.63,32.38,10.2177,18.5142,0.217541,1.64717,39.8932,6.43093,2.98456,2.15474,1.64714,0.165443,0.076781,0.08866185694932938,0.263341,1.37389,0.280774,0.674274,,,5.14319,0.28947,0.0612394,284.17999267578125,,,,,,,157.60000000000002,2.8142857142857145,167,2.982142857142857,,,,,,,,,,,,,,,,,,,"Merrill Kelly","11156",518876
"Jhoan Duran","PHI",1.18679,0.488938,0,3.23192,23,0,10.131,0.4807,,17.3209,71.1,15.0575,6.72,6.22,1.49067,4.74019,0.392932,0.975687,19.256,10.0054,2.46301,4.06228,0.774555,0.270829,0.0666693,0.2041601836681366,0.230292,1.14299,0.303933,0.738403,,,2.99509,0.285891,0.207508,41.84000015258789,,,,,,,144.5,8.5,142,8.352941176470589,,,,,,,,,,,,,,,,,,,"Jhoan Duran","21029",661395
"Grant Holmes","ATL",2.88352,3.16478,2.86881,5.15261,12,8,0,0.2359,,45.9728,202.05,46.9925,28.12,26.32,7.6848,19.3336,0.275689,2.06828,41.7602,8.17531,3.78489,2.15998,1.50444,0.206682,0.0956871,0.1109953224658966,0.260133,1.44273,0.299594,0.687564,,,4.86267,0.282689,0.0720901,369.45001220703125,,,,,,,140.8,3.0608695652173914,147,3.1956521739130435,,,,,,,,,,,,,,,,,,,"Grant Holmes","16944",656550
"Walker Buehler","SDP",2.79303,3.16544,2.96415,5.13987,10,8,0,0.2244,,44.0556,192.93,44.7805,26.92,25.16,6.81258,18.5139,0.216598,2.05778,35.0748,7.16533,3.78215,1.89451,1.39172,0.181801,0.0959616,0.08583895117044449,0.259811,1.43669,0.291007,0.676648,,,4.92854,0.28197,0.0692211,740.9299926757812,,,,,,,129.50000000000003,2.943181818181819,136,3.090909090909091,,,,,,,,,,,,,,,,,,,"Walker Buehler","19374",621111
"Seth Lugo","KCR",3.13985,3.62916,4.18167,5.32019,10,10,0,0,,55.03,240.37,58.7331,34.86,32.53,9.83654,18.828,0.179715,2.46692,41.662,6.8137,3.07927,2.21276,1.60874,0.173324,0.0783293,0.09499507397413254,0.268096,1.40943,0.291786,0.669402,,,5.08021,0.281179,0.00227271,493.1000061035156,,,,,,,151.6,2.7563636363636363,166,3.018181818181818,,,,,,,,,,,,,,,,,,,"Seth Lugo","12447",607625
"Zac Thornton","NYM",2.09055,2.284,1.95805,4.98974,7,7,0,0,,33.152,142.69,34.8989,19.69,18.38,5.63662,10.0237,0.100418,1.16608,25.2496,6.85468,2.72119,2.519,1.53021,0.176954,0.0702479,0.10670637339353561,0.265391,1.35505,0.290837,0.681385,,,4.80935,0.28041,0.0920524,999,,,,,,,96.40000000000003,2.9212121212121223,104,3.1515151515151514,,,,,,,,,,,,,,,,,,,"Zac Thornton","33891",804267
"Martín Pérez","ATL",2.30005,2.81305,2.48034,5.14897,8,8,0,0,,39.136,171.73,41.6828,24.05,22.39,6.09203,15.0696,0.120465,1.50195,29.3634,6.75262,3.46552,1.94852,1.40097,0.170986,0.0877518,0.08323399722576141,0.268647,1.45013,0.297326,0.678142,,,4.90307,0.279148,0.0749971,999,,,,,,,112.60000000000001,2.8871794871794876,124,3.1794871794871793,,,,,,,,,,,,,,,,,,,"Martin Perez","6902",527048
"Andrew Alvarez","WSN",1.06638,2.14208,1.06732,4.44166,10,4,0,0.2197,,24.9028,107.71,24.4214,13.18,12.29,2.86036,10.2493,0.204677,1.03301,21.35,7.71599,3.70415,2.08307,1.03375,0.198217,0.0951565,0.10306091606616974,0.253262,1.39224,0.298558,0.700795,,,4.24741,0.277051,0.221865,999,,,,,,,94.69999999999999,3.7879999999999994,95,3.8,,,,,,,,,,,,,,,,,,,"Andrew Alvarez","29914",674841
"Cody Bradford","TEX",1.20333,1.18938,0.517361,4.01755,18,2,0,0.2187,,23.6786,97.91,21.5807,11.36,10.57,3.37569,5.91378,0.397666,0.759914,20.6635,7.85398,2.24777,3.49413,1.28307,0.211046,0.0604001,0.15064557269215584,0.236536,1.16115,0.270919,0.708631,,,4.06325,0.274511,0.271289,999,,,,,,,104.50000000000001,4.354166666666667,102,4.25,,,,,,,,,,,,,,,,,,,"Cody Bradford","27597",674003
"Braxton Garrett","MIA",0.984282,2.0735,1.13874,4.6355,7,4,0,0.2134,,22.1141,94.51,22.4159,12.25,11.39,3.03092,6.66241,0.148491,1.21271,18.6263,7.58053,2.71147,2.79573,1.23352,0.197083,0.0704942,0.1265886202454567,0.258739,1.31492,0.298332,0.677603,,,4.27526,0.273903,0.161209,604.1099853515625,,,,,,,82.7,3.7590909090909093,85,3.8636363636363638,,,,,,,,,,,,,,,,,,,"Braxton Garrett","21844",666129
"Joe Musgrove","SDP",1.313,1.32304,1.38166,4.4818,4,4,0,0,,20.764,87.55,19.8248,11.08,10.34,3.34835,5.82635,0.0735884,1.26974,18.5695,8.0488,2.52539,3.18715,1.45132,0.212101,0.0665489,0.1455526053905487,0.246412,1.23537,0.281476,0.695074,,,4.4427,0.268046,0.226864,385.6199951171875,,,,,,,83.5,3.9761904761904763,83,3.9523809523809526,,,,,,,,,,,,,,,,,,,"Joe Musgrove","12970",605397
"Kyle Freeland","COL",2.33118,4.16504,3.32855,5.90979,10,10,0,0,,49.22,217.89,60.1108,34.89,32.32,9.60812,12.8914,0.192937,1.8671,36.1937,6.61811,2.35722,2.80758,1.75687,0.16611,0.0591647,0.1069452166557312,0.29592,1.48318,0.320999,0.639994,,,5.07628,0.263172,-0.344498,999,,,,,,,110.60000000000002,2.2571428571428576,142,2.8979591836734695,,,,,,,,,,,,,,,,,,,"Kyle Freeland","16256",607536
"Hayden Wesneski","HOU",1.9707,1.60484,1.05428,4.37845,17,4,0,0.2147,,31.7989,133.65,29.4493,16.62,15.47,5.4175,9.67741,0.37668,1.42189,29.6688,8.39713,2.73899,3.06578,1.53331,0.221989,0.0724086,0.14958040416240692,0.240303,1.23044,0.274761,0.713543,,,4.50562,0.261233,0.195434,999,,,,,,,126.9,3.965625,122,3.8125,,,,,,,,,,,,,,,,,,,"Hayden Wesneski","27581",669713
"Gabriel Hughes","COL",1.79094,2.4643,1.41333,5.13008,16,5,0,0.193,,35.5433,155.42,38.0094,21.75,20.26,5.4731,12.3874,0.455766,1.52572,29.8754,7.5648,3.13665,2.41175,1.38586,0.192223,0.0797029,0.11252050846815109,0.268605,1.4179,0.306488,0.670344,,,4.60477,0.253399,-0.0335922,999,,,,,,,124.10000000000004,3.4472222222222233,133,3.6944444444444446,,,,,,,,,,,,,,,,,,,"Gabriel Hughes","31614",687312
"Griffin Canning","SDP",2.46693,2.73913,2.1264,4.858,11,7,0,0.2244,,38.4232,167.17,37.0897,22.18,20.74,6.33034,16.9664,0.215481,1.43381,34.9318,8.18219,3.97409,2.05889,1.48278,0.20896,0.101492,0.10746797174215317,0.249309,1.40686,0.286113,0.705323,,,4.86989,0.251077,0.163701,999,,,,,,,127.19999999999997,3.347368421052631,128,3.3684210526315788,,,,,,,,,,,,,,,,,,,"Griffin Canning","19867",656288
"Andrés Muñoz","SEA",0.94485,0.446202,0,3.22723,21,0,9.642,0.9786,,15.5892,64.54,11.7905,6.03,5.59,1.41288,6.33289,0.370857,0.94454,19.9404,11.512,3.65612,3.14871,0.815687,0.308962,0.0981235,0.21083864569664001,0.205902,1.16256,0.288995,0.749032,,,3.13018,0.248944,0.255768,41.189998626708984,,,,,,,147.90000000000003,9.243750000000002,140,8.75,,,,,,,,,,,,,,,,,,,"Andres Munoz","20373",662253
"Garrett Whitlock","BOS",0.939846,0.610028,0,3.61161,22,0,0.743,4.7038,,16.5217,68.01,14.3918,7.13,6.63,1.85461,4.39128,0.300671,0.702755,17.4248,9.49197,2.3921,3.96806,1.01028,0.25621,0.0645681,0.19164185225963593,0.228747,1.13687,0.28731,0.719921,,,3.38466,0.244513,0.20755,624.97998046875,,,,,,,108.80000000000001,6.4,103,6.0588235294117645,,,,,,,,,,,,,,,,,,,"Garrett Whitlock","20191",676477
"Adrian Morejon","SDP",0.923016,0.541901,0,3.39102,23,0,0.722,4.6744,,16.2163,66.62,14.0652,6.63,6.11,1.44407,4.72595,0.366796,0.508568,16.1056,8.93855,2.62288,3.40791,0.801451,0.241753,0.0709389,0.17081457376480103,0.229129,1.15878,0.287918,0.725196,,,3.24941,0.239638,0.153133,735.8499755859375,,,,,,,108.70000000000002,6.793750000000001,106,6.625,,,,,,,,,,,,,,,,,,,"Adrian Morejon","20039",670970
"JP Sears","SDP",2.4374,2.81655,1.92161,4.92338,13,7,0,0.2244,,39.2108,168.2,39.3612,23.13,21.45,7.07796,12.4141,0.316108,1.875,30.8941,7.09106,2.84938,2.48863,1.62459,0.183675,0.0738054,0.1098691001534462,0.25574,1.32043,0.278451,0.684211,,,4.97382,0.23962,0.109033,999,,,,,,,121.10000000000002,3.1051282051282056,124,3.1794871794871793,,,,,,,,,,,,,,,,,,,"JP Sears","23429",676664
"Dylan Lee","ATL",0.912881,0.514247,0,3.67109,22,0,0.694,5.5488,,16.5482,67.73,14.0781,7.28,6.75,2.3116,4.35722,0.277573,0.395311,19.4305,10.5676,2.36974,4.45938,1.2572,0.286882,0.0643323,0.22254956513643265,0.223542,1.11403,0.285349,0.733947,,,3.4389,0.231153,0.20755,999,,,,,,,119.80000000000001,7.0470588235294125,114,6.705882352941177,,,,,,,,,,,,,,,,,,,"Dylan Lee","19996",669276
"Max Scherzer","TOR",2.95399,3.11321,2.99974,5.15092,12,8,0,0.2216,,45.8481,196.47,44.0655,27.98,26.24,10.0044,15.7121,0.203787,2.1274,42.3442,8.31218,3.0843,2.695,1.96387,0.215525,0.0799722,0.13555267453193665,0.246685,1.30382,0.269723,0.694704,,,5.26657,0.229735,0.0720901,546.9299926757812,,,,,,,133.00000000000003,2.8913043478260874,130,2.8260869565217392,,,,,,,,,,,,,,,,,,,"Max Scherzer","3137",453286
"Brandyn Garcia","ARI",0.908698,0.475553,0,3.25175,21,0,2.548,3.5767,,15.5547,65.59,12.8768,6.05,5.62,0.944711,6.65196,0.380384,0.913609,16.4133,9.49677,3.84884,2.46743,0.546612,0.250241,0.101417,0.14882323890924454,0.221921,1.25549,0.293415,0.740341,,,3.24804,0.225824,0.255768,999,,,,,,,111.30000000000003,6.956250000000002,106,6.625,,,,,,,,,,,,,,,,,,,"Brandyn Garcia","33568",805299
"Adrian Houser","SFG",1.47672,1.91677,1.08409,4.74499,13,4,0,0.2248,,27.8251,120.87,28.7929,15.77,14.67,3.3999,10.1933,0.259118,1.29655,19.0823,6.17213,3.29702,1.87204,1.09969,0.157874,0.084333,0.07354144006967545,0.263237,1.40112,0.292217,0.678314,,,4.56538,0.224825,0.0819723,743.219970703125,,,,,,,99.9,3.567857142857143,106,3.7857142857142856,,,,,,,,,,,,,,,,,,,"Adrian Houser","12718",605288
"Justin Verlander","DET",1.22482,1.53329,1.75476,5.03002,4,4,0,0,,22.652,97.8,22.2486,13.57,12.66,3.97577,8.21101,0.073274,1.03694,18.6905,7.42604,3.26236,2.27628,1.57964,0.19111,0.0839571,0.10715239495038986,0.251249,1.34468,0.277341,0.678474,,,4.96598,0.218009,0.0601347,658.8499755859375,,,,,,,74.8,3.252173913043478,74,3.217391304347826,,,,,,,,,,,,,,,,,,,"Justin Verlander","8700",434378
"Raisel Iglesias","ATL",0.943011,0.553791,0,3.84785,23,0,9.832,0.8984,,17.285,71.47,15.3869,7.95,7.39,2.32387,4.48024,0.337255,0.636768,18.6635,9.71776,2.33279,4.16573,1.21,0.261137,0.062687,0.19845032691955566,0.231894,1.14939,0.28795,0.717307,,,3.58611,0.204108,0.105355,100.62000274658203,,,,,,,139.20000000000002,8.188235294117648,136,8,,,,,,,,,,,,,,,,,,,"Raisel Iglesias","17130",628452
"Ronel Blanco","HOU",2.4312,2.20323,1.60518,4.6857,14,6,0,0.2147,,35.9754,153.81,31.93,20.06,18.73,6.70374,15.3187,0.26818,1.27068,36.5503,9.14381,3.83229,2.38599,1.67708,0.237633,0.0995948,0.13803772628307343,0.232691,1.31336,0.26846,0.718072,,,4.88361,0.201852,0.198482,999,,,,,,,123.10000000000004,3.4194444444444456,115,3.1944444444444446,,,,,,,,,,,,,,,,,,,"Ronel Blanco","19407",669854
"Logan Allen","CLE",1.3322,2.21045,1.08502,4.65538,14,4,0,0.2412,,28.2061,121.98,27.8073,15.8,14.59,4.29031,10.9087,0.380448,1.16341,24.3001,7.75367,3.48076,2.22758,1.36895,0.199214,0.0894303,0.10978318005800247,0.253006,1.37261,0.2892,0.700591,,,4.64806,0.201028,0.0754063,999,,,,,,,97.2,3.4714285714285715,100,3.5714285714285716,,,,,,,,,,,,,,,,,,,"Logan Allen","27589",671106
"Andrew Painter","PHI",1.97964,1.87349,2.04672,5.23904,6,6,0,0,,30.372,132.09,32.5339,18.95,17.68,5.608,9.93167,0.0780538,1.16414,23.1958,6.8735,2.94301,2.33553,1.66179,0.175606,0.0751887,0.1004171073436737,0.268888,1.39818,0.292068,0.679359,,,5.07864,0.198554,0.00791689,999,,,,,,,75.39999999999999,2.513333333333333,85,2.8333333333333335,,,,,,,,,,,,,,,,,,,"Andrew Painter","30091",691725
"Dax Fulton","MIA",0.856421,1.59453,0.561605,4.50126,19,2,0,1.4795,,25.133,109.57,24.4125,13.48,12.57,2.54159,11.1157,0.652795,1.22985,21.5372,7.71238,3.98049,1.93755,0.91013,0.196561,0.101449,0.09511265903711319,0.251094,1.41361,0.299005,0.689653,,,4.18413,0.198258,0.12212,999,,,,,,,97.69999999999999,3.9079999999999995,98,3.92,,,,,,,,,,,,,,,,,,,"Dax Fulton","27757",690978
"Abner Uribe","MIL",0.90009,0.57503,0,3.27862,23,0,2.2,3.5189,,16.8821,70.95,13.2515,6.6,6.15,1.27747,7.75894,0.399015,1.01493,17.5381,9.3497,4.13636,2.26037,0.681028,0.247189,0.109358,0.1378314569592476,0.213129,1.24454,0.276151,0.749685,,,3.57486,0.197112,0.207508,167.27999877929688,,,,,,,114.7,6.747058823529412,107,6.294117647058823,,,,,,,,,,,,,,,,,,,"Abner Uribe","25327",682842
"Ryan Gusto","MIA",0.886274,1.83064,0.813765,4.70717,12,3,0,0.2134,,22.0833,94.96,21.5496,12.37,11.55,3.28047,7.90856,0.280682,0.947899,19.1019,7.78493,3.22311,2.41534,1.33695,0.201157,0.0832831,0.11787422746419907,0.250276,1.33396,0.286705,0.687224,,,4.51403,0.197046,0.107104,999,,,,,,,79.7,3.622727272727273,82,3.727272727272727,,,,,,,,,,,,,,,,,,,"Ryan Gusto","26440",687473
"Keider Montero","DET",1.58439,1.75434,0.814464,4.7432,20,3,0,1.3632,,31.2511,134.54,31.4887,17.67,16.47,4.85876,10.1784,0.473187,1.59735,24.755,7.1292,2.93127,2.43212,1.39927,0.183997,0.0756531,0.1083441749215126,0.256498,1.3333,0.285881,0.688289,,,4.67706,0.194741,-0.00679846,999,,,,,,,105.29999999999998,3.3967741935483864,108,3.4838709677419355,,,,,,,,,,,,,,,,,,,"Keider Montero","22630",672456
"Juan Morillo","ARI",0.897903,0.516514,0,3.62784,21,0,3.034,4.012,,15.5547,65.86,13.0801,6.74,6.27,1.31372,6.71457,0.350104,0.815912,16.0818,9.30496,3.88507,2.39506,0.760125,0.244181,0.101952,0.14222902059555054,0.224245,1.27259,0.287448,0.727059,,,3.5923,0.190733,0.153175,999,,,,,,,111.30000000000003,6.956250000000002,106,6.625,,,,,,,,,,,,,,,,,,,"Juan Morillo","21924",666661
"Tanner Scott","LAD",1.06242,0.322546,0,3.52774,22,0,3.584,3.992,,14.3633,60,11.8453,6.07,5.63,1.49259,5.41283,0.307444,0.684002,16.9915,10.6469,3.39167,3.13912,0.935256,0.283192,0.0902138,0.19297846406698227,0.219751,1.20154,0.292291,0.737589,,,3.3681,0.189599,0.146725,712.8099975585938,,,,,,,112.10000000000001,8.007142857142858,109,7.785714285714286,,,,,,,,,,,,,,,,,,,"Tanner Scott","17586",656945
"Tyler Phillips","MIA",1.88184,4.33372,3.10842,5.36771,12,8,0,0.2134,,46.4108,204.19,50.2186,29.59,27.68,7.28128,17.9398,0.213509,1.85742,32.7162,6.34433,3.47889,1.82366,1.41199,0.160224,0.0878585,0.07236580550670624,0.272346,1.46859,0.29736,0.665379,,,5.01911,0.189473,-0.116993,999,,,,,,,130.30000000000007,2.8326086956521754,145,3.152173913043478,,,,,,,,,,,,,,,,,,,"Tyler Phillips","20629",663969
"Aroldis Chapman","BOS",0.918773,0.572326,0,3.48145,21,0,10.632,0.666,,15.7693,66.29,11.1974,6.56,6.1,1.60249,8.41239,0.232626,0.694182,20.3559,11.6177,4.8012,2.41975,0.91459,0.307073,0.126903,0.18017052114009857,0.195815,1.24354,0.272388,0.751443,,,3.58155,0.189373,0.153175,64.55000305175781,,,,,,,137.20000000000002,8.575000000000001,126,7.875,,,,,,,,,,,,,,,,,,,"Aroldis Chapman","10233",547973
"Jameson Taillon","CHC",1.85291,2.2809,2.6288,5.05126,6,6,0,0,,33.942,144.24,33.9567,20.4,19.05,7.12474,9.72266,0.101785,1.03601,27.4426,7.27663,2.57804,2.82254,1.88918,0.190256,0.0674062,0.12285026907920837,0.254393,1.28688,0.271265,0.690685,,,5.17243,0.188669,0.154051,504.4700012207031,,,,,,,98.10000000000002,2.8852941176470597,100,2.9411764705882355,,,,,,,,,,,,,,,,,,,"Jameson Taillon","11674",592791
"Devin Williams","NYM",0.951857,0.490564,0,3.66892,22,0,8.911,1.4322,,15.1598,64.06,12.1152,6.66,6.18,1.49725,6.89841,0.270341,0.784708,18.6057,11.0458,4.09542,2.69711,0.888884,0.290442,0.107687,0.18275562673807144,0.214896,1.25421,0.292715,0.730228,,,3.45948,0.187907,0.0989392,59.470001220703125,,,,,,,130.5,8.7,125,8.333333333333334,,,,,,,,,,,,,,,,,,,"Devin Williams","15816",642207
"Alex Vesia","LAD",0.999196,0.303112,0,3.51097,20,0,0.413,4.8539,,13.0221,53.68,9.47318,5.47,5.08,1.70599,5.2509,0.324271,0.555754,16.6672,11.5193,3.62908,3.17416,1.17907,0.310492,0.0978186,0.21267355233430862,0.19788,1.1307,0.263293,0.750187,,,3.59071,0.183033,0.194773,743.4199829101562,,,,,,,84.19999999999999,6.476923076923076,75,5.769230769230769,,,,,,,,,,,,,,,,,,,"Alex Vesia","25007",681911
"José A. Ferrer","SEA",0.962342,0.501198,0,3.61884,22,0,1.411,4.38,,16.3146,68.22,15.5489,7.1,6.56,1.31193,4.56005,0.326285,0.78945,13.5359,7.46713,2.51556,2.96837,0.723732,0.198416,0.0668433,0.1315724328160286,0.247317,1.23258,0.296465,0.711952,,,3.47944,0.181932,0.153153,999,,,,,,,95.50000000000003,5.968750000000002,98,6.125,,,,,,,,,,,,,,,,,,,"Jose A. Ferrer","24017",678606
"Mitch Bratt","ARI",1.15448,1.17513,0.64561,4.73512,8,3,0,0.2208,,18.5888,79.41,18.8458,10.52,9.78,2.94257,5.47748,0.233581,0.61974,15.4881,7.49877,2.65199,2.8276,1.42468,0.19504,0.0689771,0.12606242299079895,0.257061,1.3085,0.289772,0.683207,,,4.48522,0.181745,0.0530753,999,,,,,,,66.29999999999998,3.4894736842105254,68,3.5789473684210527,,,,,,,,,,,,,,,,,,,"Mitch Bratt","30003",683352
"Quinn Mathews","STL",0.655458,1.19559,0.538319,4.22075,9,2,0,0,,16.8027,72.47,14.7055,8.43,7.88,1.97974,8.14391,0.275303,0.790156,17.2246,9.22598,4.36211,2.11503,1.0604,0.237679,0.112376,0.12530282139778137,0.231452,1.35987,0.287059,0.718178,,,4.18631,0.179929,0.205572,999,,,,,,,69.20000000000002,4.070588235294118,66,3.8823529411764706,,,,,,,,,,,,,,,,,,,"Quinn Mathews","sa3023407",687273
"Andrew Morris","MIN",0.707602,0.587107,0,3.82716,21,0,0.986,4.2377,,13.169,55.38,12.3591,6.04,5.6,1.25188,3.87086,0.314464,0.556461,12.5114,8.55054,2.64543,3.2322,0.85556,0.225919,0.0698963,0.15602240711450577,0.242561,1.23243,0.298667,0.703857,,,3.45399,0.175844,0.0925234,999,,,,,,,84.7,6.515384615384615,84,6.461538461538462,,,,,,,,,,,,,,,,,,,"Andrew Morris","31891",702193
"Zack Littell","WSN",1.69171,4.3057,2.91347,5.32027,9,9,0,0,,44.541,191.12,48.1649,28.23,26.33,9.43985,11.222,0.128071,1.59304,29.7583,6.01299,2.26753,2.65178,1.90743,0.155705,0.0587171,0.09698768705129623,0.270126,1.33331,0.278383,0.674814,,,5.39182,0.175816,0.0582613,709.4099731445312,,,,,,,118.50000000000001,2.6333333333333337,129,2.8666666666666667,,,,,,,,,,,,,,,,,,,"Zack Littell","15823",641793
"Brady Singer","CIN",2.23753,4.60362,4.1284,5.45049,10,10,0,0,,54.54,239.37,57.9583,35.29,33.03,10.4637,19.9057,0.15972,2.97539,44.8245,7.39678,3.28477,2.25184,1.72668,0.18726,0.0831586,0.10410154610872269,0.26772,1.42765,0.29463,0.673481,,,5.21868,0.17548,0.00227271,388.25,,,,,,,154.2,2.8036363636363633,166,3.018181818181818,,,,,,,,,,,,,,,,,,,"Brady Singer","25377",663903
"David Bednar","NYY",0.953154,0.510407,0,3.61161,22,0,11.079,0.521,,14.4036,59.39,11.7739,6.21,5.78,1.71125,4.70024,0.290154,0.660223,15.7675,9.85222,2.93692,3.35461,1.06927,0.26549,0.079142,0.1863480657339096,0.217916,1.14375,0.275305,0.72907,,,3.58133,0.174865,0.146725,64.05999755859375,,,,,,,120.80000000000003,8.62857142857143,117,8.357142857142858,,,,,,,,,,,,,,,,,,,"David Bednar","19569",670280
"Jordan Montgomery","TEX",1.48776,1.93572,1.09992,4.84513,14,4,0,0.2187,,27.3429,117.86,28.2845,15.82,14.72,3.98268,9.00834,0.345447,0.907276,19.856,6.53567,2.96512,2.20418,1.31091,0.168471,0.0764325,0.09203872829675674,0.262028,1.36389,0.288944,0.677011,,,4.63881,0.174654,0.015953,999,,,,,,,87.80000000000003,3.251851851851853,93,3.4444444444444446,,,,,,,,,,,,,,,,,,,"Jordan Montgomery","16511",656756
"Edwin Díaz","LAD",0.982318,0.332749,0,3.95029,21,0,8.959,2.1269,,13.6927,57.32,11.3899,6.48,6.01,1.83445,4.87532,0.17789,0.875602,17.9783,11.8169,3.20448,3.68761,1.20576,0.313647,0.0850544,0.22859273105859756,0.220867,1.18788,0.300898,0.714406,,,3.48541,0.1743,0.146746,33,,,,,,,121.40000000000003,8.671428571428574,115,8.214285714285714,,,,,,,,,,,,,,,,,,,"Edwin Diaz","14710",621242
"Corbin Burnes","ARI",0.783086,0.590308,0.824407,4.20299,2,2,0,0,,11.242,47.17,10.4037,5.62,5.25,1.48432,3.60619,0.0360803,0.450228,9.86196,7.89518,2.887,2.73473,1.1883,0.209073,0.0764509,0.13262181729078293,0.241309,1.24621,0.280772,0.703151,,,4.15415,0.172017,0.0952199,738.0999755859375,,,,,,,51.10000000000001,4.645454545454546,50,4.545454545454546,,,,,,,,,,,,,,,,,,,"Corbin Burnes","19361",669203
"Ryne Nelson","ARI",1.05826,0.972331,1.22818,4.87031,3,3,0,0,,16.539,70.57,16.831,9.55,8.95,2.80189,4.71792,0.0584282,0.572888,13.0226,7.0865,2.56734,2.76025,1.5247,0.184535,0.0668545,0.11768049746751785,0.257832,1.30292,0.283677,0.680741,,,4.69699,0.169909,0.0770255,251.42999267578125,,,,,,,52.7,3.1,54,3.176470588235294,,,,,,,,,,,,,,,,,,,"Ryne Nelson","26253",669194
"Chad Patrick","MIL",1.29354,1.45372,0.550893,4.68216,22,2,0.314,3.5787,,30.8127,132.68,29.0181,17.21,16.03,5.18605,11.7583,0.66153,1.35684,29.7252,8.68236,3.43444,2.52802,1.51478,0.224037,0.0886213,0.1354154795408249,0.242697,1.32336,0.281524,0.70314,,,4.64525,0.169701,0.0512241,288.6499938964844,,,,,,,129.49999999999997,4.177419354838709,127,4.096774193548387,,,,,,,,,,,,,,,,,,,"Chad Patrick","30113",694477
"Josh Hader","HOU",0.916244,0.433351,0,3.53865,21,0,10.815,0.6442,,14.5479,59.76,10.3257,6.16,5.72,2.17026,5.90939,0.217518,0.653963,19.3802,11.9894,3.65581,3.27955,1.34262,0.3243,0.0988853,0.22541449964046478,0.194104,1.11597,0.257707,0.763454,,,3.73821,0.169289,0.20116,124.38999938964844,,,,,,,136.4,9.093333333333334,125,8.333333333333334,,,,,,,,,,,,,,,,,,,"Josh Hader","14212",623352
"Joe Boyle","TBR",0.945988,1.7144,0.81656,4.71734,10,3,0,0.2446,,21.2917,93.17,18.3969,11.92,11.16,2.82847,11.7086,0.249326,1.26888,22.2291,9.39625,4.94921,1.89853,1.1956,0.238586,0.125669,0.11291767656803131,0.229409,1.41395,0.28237,0.695546,,,4.57716,0.169238,0.0597996,713.1400146484375,,,,,,,76.7,3.6523809523809527,71,3.380952380952381,,,,,,,,,,,,,,,,,,,"Joe Boyle","29608",671212
"Cristian Javier","HOU",2.45951,2.38626,1.66945,5.02819,17,6,0,0.2147,,39.1095,169.44,35.5905,23.36,21.85,7.0066,17.5316,0.349908,1.83448,35.8289,8.24507,4.03442,2.04368,1.61238,0.211455,0.103468,0.10798729211091995,0.237153,1.35829,0.266545,0.687142,,,5.09201,0.168729,0.0601134,470.2799987792969,,,,,,,120.90000000000003,3.100000000000001,116,2.9743589743589745,,,,,,,,,,,,,,,,,,,"Cristian Javier","17606",664299
"Ryan Feltner","COL",2.50873,4.16699,2.77781,5.86812,13,9,0,0.193,,47.5144,212.27,53.2935,33.04,30.98,8.21546,19.3685,0.246533,1.99447,36.2845,6.87287,3.66871,1.87337,1.55614,0.170935,0.0912447,0.07969078421592712,0.27916,1.52926,0.307895,0.647838,,,5.17901,0.168405,-0.275952,999,,,,,,,128.00000000000006,2.666666666666668,145,3.0208333333333335,,,,,,,,,,,,,,,,,,,"Ryan Feltner","21446",663372
"Erik Sabrowski","CLE",0.668904,0.656571,0,3.57085,20,0,0,4.5031,,13.2322,56.42,9.4163,5.65,5.25,1.40206,7.39224,0.272154,0.762569,18.4351,12.5388,5.02791,2.49384,0.953625,0.326748,0.131022,0.1957259178161621,0.195095,1.27028,0.281913,0.751637,,,3.54964,0.164361,0.0925303,999,,,,,,,92.5,7.115384615384615,84,6.461538461538462,,,,,,,,,,,,,,,,,,,"Erik Sabrowski","24978",681870
"Jake Irvin","WSN",1.49149,3.20394,2.13996,5.03836,10,6,0,0.2197,,35.1186,151.46,35.7443,21.13,19.66,6.54301,11.8176,0.175994,1.60873,28.7303,7.36285,3.02855,2.43115,1.67681,0.189689,0.0780244,0.11166460812091827,0.258953,1.35432,0.284169,0.6883,,,5.04253,0.162752,0.0739755,999,,,,,,,95.30000000000001,2.7228571428571433,100,2.857142857142857,,,,,,,,,,,,,,,,,,,"Jake Irvin","21504",663623
"Aaron Ashby","MIL",0.86258,0.588448,0,3.58782,23,0,0.943,4.8619,,16.8821,72.48,14.0159,7.25,6.73,1.39848,8.69374,0.31361,0.916463,19.3564,10.3191,4.63471,2.22647,0.745542,0.267058,0.119947,0.14711148291826248,0.222935,1.34519,0.299595,0.74498,,,3.60126,0.159144,0.207508,999,,,,,,,110.1,6.476470588235294,105,6.176470588235294,,,,,,,,,,,,,,,,,,,"Aaron Ashby","23550",676879
"José Alvarado","PHI",0.99665,0.477076,0,3.96717,20,0,0.338,3.9546,,15.109,64.3,13.5542,7.21,6.66,1.59088,5.9392,0.302752,0.798279,16.3037,9.71166,3.53781,2.7451,0.947645,0.253557,0.092367,0.16118985414505005,0.235468,1.29018,0.301586,0.711414,,,3.65817,0.157973,0.0989531,746.0700073242188,,,,,,,77,5.133333333333334,76,5.066666666666666,,,,,,,,,,,,,,,,,,,"Jose Alvarado","17780",621237
"Orion Kerkering","PHI",1.1164,0.523209,0,3.97259,22,0,0.338,4.259,,16.5836,70.11,14.8474,7.87,7.32,1.79452,5.80337,0.283592,1.05971,15.9081,8.63338,3.14951,2.74118,0.973891,0.226902,0.0827752,0.14412666857242584,0.234752,1.24525,0.286596,0.704622,,,3.83947,0.153646,0.105361,999,,,,,,,89.20000000000002,5.247058823529413,86,5.0588235294117645,,,,,,,,,,,,,,,,,,,"Orion Kerkering","31776",689147
"Colin Rea","CHC",2.66256,2.72721,2.87428,5.09386,10,7,0,0.2224,,41.4676,178.74,42.4472,25.2,23.47,7.63671,13.4831,0.158905,1.96096,29.5825,6.4205,2.92632,2.19405,1.65745,0.165506,0.0754339,0.09007181227207184,0.25994,1.34877,0.276105,0.679289,,,5.19435,0.153443,0.0658136,748.260009765625,,,,,,,110.80000000000003,2.7024390243902445,116,2.8292682926829267,,,,,,,,,,,,,,,,,,,"Colin Rea","12317",607067
"Luis Severino","ATH",1.30273,1.45648,1.81606,5.29829,4,4,0,0,,22.864,100.32,24.1741,14.42,13.46,4.07871,8.32582,0.071292,1.38204,19.08,7.51051,3.27731,2.29167,1.60551,0.190192,0.0829926,0.10719916969537735,0.266787,1.42145,0.297916,0.674883,,,5.03357,0.151874,0.0601347,642.52001953125,,,,,,,69.6,3.026086956521739,74,3.217391304347826,,,,,,,,,,,,,,,,,,,"Luis Severino","15890",622663
"Mason Montgomery","PIT",0.763145,0.581127,0,3.78276,21,0,3.399,3.0395,,13.4901,57.36,11.4187,6.11,5.67,1.43951,5.83832,0.278583,0.538487,16.3343,10.8975,3.89506,2.79778,0.960375,0.284769,0.101784,0.18298503756523132,0.22397,1.27923,0.300493,0.73135,,,3.49337,0.150496,0.0925234,748.4400024414062,,,,,,,93.29999999999998,7.176923076923075,90,6.923076923076923,,,,,,,,,,,,,,,,,,,"Mason Montgomery","29770",682254
"Jacob Latz","TEX",0.845499,0.602851,0,3.58174,23,0,9.206,0.9991,,14.1468,59.05,10.8622,6.05,5.63,1.50425,6.17066,0.337978,0.605761,14.8672,9.45837,3.9257,2.40934,0.956984,0.251774,0.104499,0.14727479219436646,0.207796,1.20402,0.260653,0.735776,,,3.8272,0.14869,0.146706,730.9299926757812,,,,,,,108.40000000000003,7.7428571428571455,102,7.285714285714286,,,,,,,,,,,,,,,,,,,"Jacob Latz","21306",656641
"Owen Murphy","ATL",0.925869,0.928878,0.553222,4.66265,9,2,0,0.2359,,17.2177,73.55,16.0354,9.58,8.92,2.83437,6.24773,0.300684,0.7413,16.5713,8.66213,3.26581,2.65237,1.48158,0.225307,0.0849454,0.1403612717986107,0.240913,1.2942,0.279948,0.693592,,,4.54263,0.148357,0.00401115,999,,,,,,,60.300000000000004,3.547058823529412,59,3.4705882352941178,,,,,,,,,,,,,,,,,,,"Owen Murphy","31761",702566
"Louis Varland","TOR",0.813834,0.531581,0,3.85242,22,0,9.681,1.0279,,12.8257,53.71,11.4161,5.92,5.49,1.69154,4.07715,0.270382,0.534496,15.0501,10.5609,2.861,3.69132,1.18698,0.28021,0.0759105,0.204299695789814,0.232516,1.20799,0.300543,0.729386,,,3.55607,0.148208,0.0925172,999,,,,,,,112,8.615384615384615,108,8.307692307692308,,,,,,,,,,,,,,,,,,,"Louis Varland","27691",686973
"Didier Fuentes","ATL",0.84163,0.537515,0,4.20075,21,0,0,4.4043,,15.8115,66.75,14.3409,7.96,7.38,2.31212,5.01478,0.407055,0.755073,17.4771,9.94806,2.85445,3.48511,1.31608,0.261829,0.0751279,0.1867007091641426,0.235174,1.22416,0.292026,0.706986,,,3.89479,0.146053,0.0513245,600.4400024414062,,,,,,,89.4,5.5875,86,5.375,,,,,,,,,,,,,,,,,,,"Didier Fuentes","30661",800311
"Tyler Rogers","TOR",0.92657,0.564424,0,3.57232,24,0,0.354,5.1192,,14.1085,57.82,13.5924,6.04,5.6,1.27136,2.52415,0.230846,0.66541,8.80522,5.61697,1.61019,3.48839,0.811018,0.152287,0.0436553,0.10863141342997551,0.248806,1.14233,0.276543,0.702853,,,3.7112,0.144996,0.146688,743.280029296875,,,,,,,80.9,5.778571428571429,83,5.928571428571429,,,,,,,,,,,,,,,,,,,"Tyler Rogers","15541",643511
"Jovani Morán","BOS",0.860449,0.556519,0,3.69185,20,0,0,3.6483,,15.0169,63.67,11.9505,6.62,6.16,1.49107,7.19786,0.310394,0.669107,16.6727,9.9924,4.31386,2.31635,0.893637,0.261862,0.113049,0.14881234616041183,0.214155,1.27512,0.277887,0.734334,,,3.75163,0.144921,0.0989531,999,,,,,,,93.5,6.233333333333333,88,5.866666666666666,,,,,,,,,,,,,,,,,,,"Jovani Moran","20422",663558
"Gabe Speier","SEA",0.866498,0.479193,0,3.95995,20,0,0.353,4.4151,,14.8638,61.92,13.1652,7.06,6.54,2.06622,4.42962,0.324594,0.706819,16.4389,9.95368,2.68212,3.71112,1.25109,0.265485,0.0715377,0.19394761323928833,0.231849,1.18374,0.289954,0.716552,,,3.74162,0.143383,0.0989531,999,,,,,,,85.60000000000001,5.706666666666667,82,5.466666666666667,,,,,,,,,,,,,,,,,,,"Gabe Speier","17170",642100
"Evan Sisk","PIT",0.618714,0.467264,0,3.63934,17,0,0,2.1332,,10.7574,46.14,9.31588,4.69,4.35,0.775632,4.93668,0.301834,0.602958,11.8201,9.88904,4.13017,2.39434,0.648917,0.256179,0.106993,0.14918553084135056,0.229453,1.3249,0.304959,0.72627,,,3.39436,0.143315,0.0861317,999,,,,,,,59.70000000000001,5.427272727272729,56,5.090909090909091,,,,,,,,,,,,,,,,,,,"Evan Sisk","24995",681895
"Bryan Baker","TBR",0.805675,0.791296,0,4.05913,23,0,10.586,1.3039,,16.8509,70.86,14.0641,8.16,7.6,2.37584,6.57253,0.249138,0.728844,18.9989,10.1472,3.51036,2.89065,1.26893,0.268119,0.0927537,0.17536509782075882,0.221277,1.22466,0.277078,0.720757,,,3.98756,0.14331,0.105355,999,,,,,,,137.8,8.105882352941178,132,7.764705882352941,,,,,,,,,,,,,,,,,,,"Bryan Baker","19804",641329
"Jacob Lopez","ATH",2.11813,2.59696,1.71695,5.33732,14,6,0,0.2214,,36.6083,161.22,36.2576,23.23,21.71,6.80357,15.9635,0.327711,2.1762,33.0247,8.11898,3.92457,2.06876,1.67263,0.204842,0.099017,0.10582531988620758,0.253408,1.42648,0.285264,0.679011,,,5.20805,0.143115,-0.0359967,409.239990234375,,,,,,,106.10000000000002,2.8675675675675683,106,2.864864864864865,,,,,,,,,,,,,,,,,,,"Jacob Lopez","25098",682052
"Garrett Crochet","BOS",0.392347,0.3287,0.471881,3.59822,1,1,0,0,,6.053,24.78,5.24382,2.61,2.42,0.769644,1.63231,0.0164928,0.202592,6.86891,10.2131,2.42702,4.2081,1.14436,0.277196,0.065872,0.2113235890865326,0.228537,1.13599,0.292304,0.735713,,,3.40251,0.142318,0.0792639,12.239999771118164,,,,,,,27.10000000000001,4.516666666666668,25,4.166666666666667,,,,,,,,,,,,,,,,,,,"Garrett Crochet","27463",676979
"A.J. Minter","NYM",0.869643,0.469933,0,3.90059,20,0,0,3.8884,,13.7518,57.19,12.1562,6.44,5.96,1.66778,4.2687,0.255064,0.473863,13.1446,8.60262,2.7937,3.07929,1.0915,0.229841,0.0746408,0.15519986301660538,0.231779,1.19439,0.278688,0.708652,,,3.80925,0.142277,0.146769,999,,,,,,,77.80000000000003,5.557142857142859,74,5.285714285714286,,,,,,,,,,,,,,,,,,,"A.J. Minter","18655",621345
"Gregory Soto","PIT",0.801206,0.628768,0,3.86077,22,0,6.571,2.1868,,14.1733,60.6,12.3864,6.55,6.08,1.34586,5.97951,0.227261,0.976912,14.9502,9.49329,3.79696,2.50023,0.854615,0.246702,0.0986718,0.1480306014418602,0.230902,1.29581,0.295616,0.71691,,,3.70698,0.141634,0.044908,728.4099731445312,,,,,,,112.10000000000001,8.007142857142858,109,7.785714285714286,,,,,,,,,,,,,,,,,,,"Gregory Soto","19677",642397
"Erik Miller","SFG",0.808822,0.59556,0,3.66789,22,0,6.644,2.6557,,15.4585,66.57,12.2458,6.78,6.3,1.15002,8.77375,0.390411,0.766892,16.7172,9.73286,5.10813,1.90537,0.669548,0.251123,0.131797,0.11932508647441864,0.214728,1.35975,0.28333,0.733638,,,3.76553,0.141354,0.0989392,999,,,,,,,118.49999999999999,7.8999999999999995,113,7.533333333333333,,,,,,,,,,,,,,,,,,,"Erik Miller","26252",669062
"Trevor Megill","MIL",0.793378,0.626196,0,4.28039,22,0,6.706,1.7811,,16.127,68.67,14.5019,8.27,7.67,2.35129,5.92397,0.389345,0.703328,19.5121,10.8891,3.30599,3.29376,1.31219,0.284144,0.0862672,0.19787651300430298,0.233741,1.26656,0.302411,0.709457,,,3.81813,0.140464,0.0513242,137.6999969482422,,,,,,,116.80000000000001,7.300000000000001,116,7.25,,,,,,,,,,,,,,,,,,,"Trevor Megill","17722",656730
"Kodai Senga","NYM",1.10662,0.942021,0.53599,4.58409,12,2,0,0.2155,,19.2797,84.26,17.5649,10.55,9.82,2.69586,9.63073,0.264899,0.903261,20.2452,9.45067,4.49574,2.10214,1.25846,0.24027,0.114298,0.1259722262620926,0.238246,1.41058,0.292785,0.710701,,,4.46648,0.140104,0.00501064,223.52000427246094,,,,,,,63.89999999999999,3.3631578947368417,63,3.3157894736842106,,,,,,,,,,,,,,,,,,,"Kodai Senga","31838",673540
"Pete Fairbanks","MIA",0.531781,0.687957,0,4.02014,20,0,9.131,1.0513,,12.6264,53.1,10.6955,6.06,5.64,1.50713,4.82373,0.219981,0.624576,14.0161,9.99053,3.43831,2.90565,1.07427,0.263956,0.0908425,0.17311367392539978,0.224452,1.22911,0.285989,0.705426,,,3.73583,0.138161,0.0925303,111.45999908447266,,,,,,,102,7.846153846153846,98,7.538461538461538,,,,,,,,,,,,,,,,,,,"Pete Fairbanks","17998",664126
"Erick Fedde","CHW",1.35606,3.37088,2.54086,5.40961,7,7,0,0,,36.169,158.01,37.5039,23.18,21.74,6.64369,13.9465,0.105519,1.26998,24.8084,6.17312,3.47034,1.77882,1.65316,0.157005,0.0882635,0.06874169409275055,0.262645,1.4225,0.277168,0.670722,,,5.38794,0.137873,-0.00833037,999,,,,,,,86.50000000000004,2.402777777777779,94,2.611111111111111,,,,,,,,,,,,,,,,,,,"Erick Fedde","17425",607200
"Jack Dreyer","LAD",0.837648,0.250014,0,3.53127,17,0,0,2.5483,,11.0102,45.52,9.02905,4.66,4.32,1.19463,3.82471,0.299072,0.356318,11.6335,9.50951,3.1264,3.04168,0.97652,0.25557,0.0840226,0.1715470626950264,0.218415,1.16744,0.274788,0.732811,,,3.54625,0.137577,0.0861317,999,,,,,,,69.70000000000002,6.336363636363638,66,6,,,,,,,,,,,,,,,,,,,"Jack Dreyer","30249",676263
"Kevin Kelly","TBR",0.725797,0.703553,0,3.97002,21,0,0.804,5.5724,,15.3475,63.92,14.9777,7.28,6.77,1.67062,3.35312,0.251268,0.954786,12.4233,7.28517,1.96631,3.70499,0.979675,0.194356,0.052458,0.14189838618040085,0.251253,1.19438,0.292346,0.691024,,,3.74796,0.137116,0.0989458,999,,,,,,,88.4,5.8933333333333335,90,6,,,,,,,,,,,,,,,,,,,"Kevin Kelly","25679",687330
"AJ Smith-Shawver","ATL",1.16994,1.31641,0.844503,5.11094,9,3,0,0.2359,,20.8494,90.76,20.2619,12.67,11.84,3.5012,8.71408,0.249398,0.841521,20.1462,8.69646,3.76158,2.31191,1.51135,0.221972,0.0960123,0.12595995515584946,0.249517,1.38977,0.291201,0.677318,,,4.73519,0.135746,-0.0315667,999,,,,,,,64.2,3.0571428571428574,63,3,,,,,,,,,,,,,,,,,,,"AJ Smith-Shawver","29960",700363
"Lance McCullers Jr.",,0.954712,1.11277,1.29615,4.84248,3,3,0,0,,16.95,74.6,15.8371,9.75,9.12,2.33691,8.80741,0.0486977,1.02036,15.4933,8.22655,4.6765,1.75912,1.24084,0.207685,0.118062,0.08962357044219971,0.244504,1.45395,0.287593,0.69689,,,4.81335,0.135571,0.0770255,999,,,,,,,59.600000000000016,3.5058823529411773,59,3.4705882352941178,,,,,,,,,,,,,,,,,,,"Lance McCullers Jr.","14120",621121
"Jeff Hoffman","TOR",0.787974,0.518388,0,3.92226,21,0,1.063,4.9663,,12.1843,50.88,9.84816,5.71,5.31,1.76074,4.49712,0.222995,0.677646,15.6301,11.5452,3.32182,3.47557,1.30058,0.307195,0.0883868,0.21880803257226944,0.215471,1.17736,0.285629,0.726861,,,3.69686,0.135183,0.0384921,99.63999938964844,,,,,,,80.20000000000002,6.6833333333333345,76,6.333333333333333,,,,,,,,,,,,,,,,,,,"Jeff Hoffman","17432",656546
"Spencer Arrighetti","HOU",1.63611,1.51813,1.68053,5.20066,7,4,0,0.2147,,25.2141,111.04,24.0262,15.57,14.57,4.2517,12.1017,0.141656,1.60879,24.2358,8.65079,4.31963,2.00267,1.51761,0.218262,0.108985,0.10927631705999374,0.246854,1.43284,0.287244,0.681277,,,5.01073,0.134362,-0.0457566,728.3099975585938,,,,,,,79.4,3.176,79,3.16,,,,,,,,,,,,,,,,,,,"Spencer Arrighetti","29921",681293
"Ryan Johnson","LAA",1.26285,2.05073,1.09713,4.85283,11,4,0,0.2152,,24.8329,106.25,25.1812,14.4,13.39,4.5651,7.46199,0.223734,1.1123,20.7319,7.51369,2.70439,2.77833,1.65449,0.195124,0.0702305,0.12489325553178787,0.257804,1.31451,0.284837,0.694925,,,4.86567,0.133359,0.114451,999,,,,,,,76.5,3.06,78,3.12,,,,,,,,,,,,,,,,,,,"Ryan Johnson","35325",696270
"Tyler Alexander","TEX",0.988528,0.987687,0.268694,4.42453,21,1,0,3.9455,,22.8024,95.97,22.4124,12.08,11.21,3.51918,5.84355,0.422815,0.79253,18.4346,7.27606,2.30642,3.1547,1.389,0.192087,0.0608894,0.13119810447096825,0.250883,1.23916,0.280397,0.69338,,,4.37224,0.133145,0.0691128,999,,,,,,,94.8,4.121739130434783,94,4.086956521739131,,,,,,,,,,,,,,,,,,,"Tyler Alexander","17735",641302
"Sam Hentges","SFG",0.696761,0.577938,0,4.12742,20,0,0.383,3.9341,,14.0209,60.39,13.5696,6.94,6.43,1.27917,5.51808,0.242853,0.614046,13.1425,8.4362,3.54206,2.38172,0.821102,0.217628,0.091374,0.12625358253717422,0.250094,1.36138,0.308524,0.702306,,,3.73312,0.131581,0.0449085,999,,,,,,,75.90000000000003,5.4214285714285735,78,5.571428571428571,,,,,,,,,,,,,,,,,,,"Sam Hentges","18548",656529
"Caleb Thielbar","CHC",0.857646,0.505465,0,3.82216,21,0,0.755,4.1743,,14.5991,60.65,11.6283,6.69,6.2,2.07065,5.5921,0.281288,0.475985,16.0796,9.91275,3.4474,2.87542,1.27651,0.265122,0.0922027,0.17291918396949768,0.213043,1.17955,0.262345,0.735286,,,3.99768,0.130058,0.0989458,999,,,,,,,90.2,6.013333333333334,84,5.6,,,,,,,,,,,,,,,,,,,"Caleb Thielbar","10078",573204
"Ethan Pecko","HOU",0.899647,0.743911,0.749627,4.62809,5,2,0,0,,13.7681,58.64,13.3715,7.6,7.08,2.20736,4.58255,0.155859,0.519007,12.2998,8.04018,2.99555,2.68405,1.44292,0.209751,0.0781472,0.13160345703363419,0.249755,1.30403,0.28603,0.696597,,,4.51883,0.129403,0.0523971,999,,,,,,,51.2,3.6571428571428575,50,3.5714285714285716,,,,,,,,,,,,,,,,,,,"Ethan Pecko","sa3022997",814490
"Zac Gallen","ARI",1.33084,1.35117,1.61103,5.20123,4,4,0,0,,21.716,94.38,23.0436,13.4,12.55,3.6219,7.36089,0.0779532,0.8401,15.9426,6.60726,3.05065,2.16585,1.50106,0.168919,0.077992,0.0909271389245987,0.267393,1.4001,0.291554,0.671217,,,4.94259,0.127685,0.0939331,222.69000244140625,,,,,,,61.80000000000001,2.8090909090909095,66,3,,,,,,,,,,,,,,,,,,,"Zac Gallen","19291",668678
"Bryan Hudson","CHW",0.60318,0.778758,0,3.84964,21,0,1.374,4.325,,15.0793,63.76,13.0554,6.95,6.45,1.5053,5.94793,0.304565,0.766384,14.1735,8.45937,3.54998,2.38293,0.898427,0.222295,0.0932863,0.12900856882333755,0.228859,1.26022,0.279212,0.713388,,,3.86339,0.127177,0.0989458,999,,,,,,,80.60000000000001,5.373333333333334,77,5.133333333333334,,,,,,,,,,,,,,,,,,,"Bryan Hudson","19924",663542
"Evan Phillips","LAD",0.999521,0.330209,0,3.97001,21,0,0.413,5.8944,,13.6927,57.07,12.2724,6.52,6.04,1.83523,3.97437,0.218132,0.64802,14.0827,9.25638,2.6123,3.54339,1.20627,0.246762,0.0696403,0.1771220862865448,0.233993,1.18653,0.285717,0.711153,,,3.80788,0.126673,0.0449082,999,,,,,,,84.80000000000003,6.057142857142859,81,5.785714285714286,,,,,,,,,,,,,,,,,,,"Evan Phillips","17734",623465
"Justin Slaten","BOS",0.906947,0.667522,0,4.17814,22,0,0.372,5.6482,,16.5217,69.74,15.4792,8.29,7.67,2.36556,5.1085,0.31992,0.660111,16.8105,9.15732,2.78279,3.2907,1.28861,0.241046,0.0732506,0.16779495030641556,0.241971,1.2461,0.292747,0.711842,,,3.98355,0.124937,0.105361,999,,,,,,,102.20000000000002,6.011764705882354,99,5.823529411764706,,,,,,,,,,,,,,,,,,,"Justin Slaten","25648",686580
"Sean Newcomb","CHW",0.619356,0.851358,0,4.02956,22,0,2.061,3.5201,,15.8131,67.78,14.1821,7.65,7.08,1.55694,6.77073,0.321271,0.892098,14.8644,8.46003,3.85354,2.19539,0.886127,0.219304,0.0998928,0.11941077560186386,0.235907,1.32503,0.288933,0.70861,,,3.96344,0.121499,0.0513242,999,,,,,,,89.4,5.5875,86,5.375,,,,,,,,,,,,,,,,,,,"Sean Newcomb","16943",656794
"Randy Vásquez","SDP",1.83199,2.09325,1.13904,5.17187,21,4,0,1.4959,,36.2132,158.95,38.153,22.34,20.81,5.4544,13.4151,0.561797,2.01545,24.5735,6.10721,3.33404,1.83178,1.35557,0.154599,0.0843985,0.07020065933465958,0.265839,1.42401,0.288115,0.665304,,,4.98892,0.121405,-0.0905179,721.1699829101562,,,,,,,115.10000000000004,3.1972222222222233,124,3.4444444444444446,,,,,,,,,,,,,,,,,,,"Randy Vasquez","24719",681190
"Steven Okert","HOU",0.887117,0.474962,0,4.03975,21,0,0.737,4.2066,,14.5479,60.68,11.8038,7.03,6.53,2.30113,5.20473,0.232823,0.78552,16.3743,10.1298,3.21988,3.14604,1.42358,0.269846,0.0857734,0.18407274782657623,0.215832,1.16914,0.263858,0.723766,,,4.15021,0.121173,0.0989458,999,,,,,,,90.2,6.013333333333334,84,5.6,,,,,,,,,,,,,,,,,,,"Steven Okert","13580",595345
"Dylan Smith","SFG",0.74747,0.607378,0,4.12764,21,0,1.917,4.5556,,14.7397,63.1,13.2648,7.29,6.76,1.63949,5.99823,0.381897,0.785329,14.7192,8.98748,3.66251,2.45392,1.00107,0.233267,0.0950591,0.13820794969797134,0.23554,1.30688,0.29094,0.705635,,,3.93917,0.119789,0.0989458,999,,,,,,,91.60000000000001,6.106666666666667,88,5.866666666666666,,,,,,,,,,,,,,,,,,,"Dylan Smith","30145",681916
"JoJo Romero","STL",0.535049,0.635909,0,3.97825,19,0,1.904,3.6917,,13.8905,59.1,12.9864,6.62,6.14,1.44214,5.02816,0.265724,0.662404,13.3713,8.6636,3.25786,2.65929,0.934397,0.226249,0.0850789,0.14117050170898438,0.243147,1.29689,0.299105,0.712357,,,3.76318,0.118544,0.0449087,479.0799865722656,,,,,,,91.50000000000003,6.535714285714287,91,6.5,,,,,,,,,,,,,,,,,,,"JoJo Romero","19574",668941
"Drew Rom","MIL",0.448575,0.305777,0,3.62053,12,0,0,0.201,,8.57609,36.13,7.55554,3.72,3.45,0.819996,3.07548,0.222765,0.358491,9.50806,9.97804,3.2275,3.09157,0.860528,0.263162,0.0851227,0.1780397891998291,0.231084,1.23961,0.301124,0.728778,,,3.33661,0.117982,0.0797711,999,,,,,,,44.500000000000014,4.944444444444446,43,4.777777777777778,,,,,,,,,,,,,,,,,,,"Drew Rom","24602",680723
"Dylan Dodd","ATL",0.750811,0.480736,0,4.26211,19,0,0,3.6336,,14.338,60.61,13.8286,7.32,6.79,1.9479,4.19512,0.310673,0.443891,14.5563,9.13703,2.63329,3.46981,1.22271,0.240163,0.069215,0.17094793170690536,0.247068,1.25707,0.301031,0.699743,,,3.81605,0.117169,0.0449087,999,,,,,,,76.60000000000002,5.471428571428573,78,5.571428571428571,,,,,,,,,,,,,,,,,,,"Dylan Dodd","29928",689266
"Jonathan Loáisiga","ARI",0.825299,0.528246,0,4.12161,20,0,2.184,4.3167,,14.8267,62.74,14.9917,7.33,6.79,1.52383,3.9594,0.335873,0.699746,11.124,6.75243,2.4034,2.80953,0.924981,0.177304,0.063108,0.11419592052698135,0.258117,1.27817,0.296433,0.691002,,,3.88799,0.117108,0.0989531,999,,,,,,,80.4,5.36,82,5.466666666666667,,,,,,,,,,,,,,,,,,,"Jonathan Loaisiga","19753",642528
"Matt Brash","SEA",0.596377,0.338047,0,3.93,14,0,0,0.228,,10.5115,45.25,9.24571,4.93,4.59,0.9951,4.78335,0.216064,0.612662,11.8054,10.1079,4.09555,2.46801,0.852013,0.260892,0.105709,0.15518281608819962,0.23199,1.33465,0.304974,0.720095,,,3.63426,0.11554,0.086166,733.280029296875,,,,,,,51.70000000000001,4.700000000000001,48,4.363636363636363,,,,,,,,,,,,,,,,,,,"Matt Brash","25756",666374
"Hurston Waldrep","ATL",0.880704,0.886026,0.689268,4.846,7,2,0,0.2359,,15.8791,69.65,15.6976,9.13,8.55,1.95621,7.27936,0.21437,0.786231,13.449,7.62268,4.12582,1.84755,1.10875,0.193094,0.104513,0.08858081698417664,0.254895,1.44699,0.297566,0.684196,,,4.54114,0.115154,0.0574193,999,,,,,,,54.20000000000001,3.3875000000000006,56,3.5,,,,,,,,,,,,,,,,,,,"Hurston Waldrep","33527",694462
"Karson Milbrandt","MIA",0.550015,1.14645,0.620043,4.75731,6,2,0,0,,13.6968,59.78,13.0248,7.75,7.24,1.79021,6.33946,0.188642,0.635171,12.031,7.90542,4.16558,1.8978,1.17633,0.201255,0.106047,0.0952082946896553,0.246657,1.41378,0.288184,0.688948,,,4.57975,0.115085,0.0445097,999,,,,,,,48.2,3.442857142857143,47,3.357142857142857,,,,,,,,,,,,,,,,,,,"Karson Milbrandt","sa3020659",703596
"Matt Svanson","STL",0.501986,0.619349,0,4.15886,18,0,0,2.4829,,13.1575,56.45,12.4474,6.52,6.08,1.29752,4.91107,0.304461,0.729779,12.3128,8.42221,3.35928,2.50715,0.887532,0.218118,0.0869985,0.13111945986747742,0.244984,1.31929,0.299738,0.69737,,,3.80627,0.113469,-0.00893007,528.7999877929688,,,,,,,66.7,5.130769230769231,66,5.076923076923077,,,,,,,,,,,,,,,,,,,"Matt Svanson","29629",694335
"Will Dion","CLE",0.455484,0.460529,0,3.74576,14,0,0,0.2412,,9.05823,38.1,8.15294,4.08,3.77,0.930019,3.02125,0.215726,0.281401,9.61311,9.55132,3.00182,3.18184,0.92404,0.252313,0.0792978,0.17301492393016815,0.234298,1.23359,0.297801,0.718605,,,3.41574,0.112512,0.0797404,999,,,,,,,44.500000000000014,4.944444444444446,43,4.777777777777778,,,,,,,,,,,,,,,,,,,"Will Dion","30061",702021
"Kevin Ginkel","ARI",0.818103,0.532448,0,4.30979,20,0,1.456,3.8149,,14.8267,63.24,14.1524,7.64,7.1,1.7509,5.06372,0.232426,0.670411,13.8098,8.38272,3.07374,2.7272,1.06282,0.218371,0.0800715,0.13829971104860306,0.246104,1.29605,0.295661,0.6905,,,3.94231,0.112502,-0.00252681,556.52001953125,,,,,,,81,5.4,80,5.333333333333333,,,,,,,,,,,,,,,,,,,"Kevin Ginkel","19876",656464
"Keaton Winn","SFG",0.956465,1.05031,0.280803,4.8126,21,1,0.767,4.1487,,25.1901,109.79,26.2948,14.47,13.47,3.09508,8.99831,0.51522,1.40285,19.8932,7.10752,3.21494,2.21078,1.10582,0.181194,0.0819592,0.09923437237739563,0.264565,1.40107,0.303659,0.672581,,,4.36629,0.109907,-0.0212814,999,,,,,,,111.5,4.46,117,4.68,,,,,,,,,,,,,,,,,,,"Keaton Winn","23499",676775
"Mike Burrows","HOU",1.57646,1.55896,1.1139,5.04783,10,4,0,0.2147,,25.0682,108.21,25.1937,15.06,14.06,4.73092,8.76849,0.215695,1.0678,21.2974,7.64623,3.14807,2.42886,1.6985,0.196816,0.0810322,0.11578374356031418,0.256102,1.35479,0.282848,0.691402,,,5.04109,0.109428,0.0230083,237.9499969482422,,,,,,,70.5,2.82,72,2.88,,,,,,,,,,,,,,,,,,,"Mike Burrows","24728",681347
"Steven Cruz","KCR",0.824636,0.533219,0,4.06074,21,0,2.861,4.1333,,14.8938,63.61,12.7964,7.22,6.72,1.72006,6.42103,0.292634,0.841123,15.1524,9.15627,3.88008,2.35981,1.03939,0.238208,0.100944,0.137264646589756,0.227097,1.2903,0.280589,0.713736,,,4.03913,0.108811,0.0989458,999,,,,,,,92.60000000000001,6.173333333333334,89,5.933333333333334,,,,,,,,,,,,,,,,,,,"Steven Cruz","23165",674444
"Brycen Mautz","STL",0.512545,0.883037,0.282665,4.5345,12,1,0,0.2387,,16.3546,71.14,15.8373,8.82,8.24,1.96382,6.79407,0.434953,0.787783,15.3017,8.42058,3.7388,2.25221,1.0807,0.215093,0.0955028,0.11959003657102585,0.249178,1.38379,0.29969,0.694666,,,4.19027,0.107446,0.000414118,999,,,,,,,58.20000000000001,3.6375000000000006,60,3.75,,,,,,,,,,,,,,,,,,,"Brycen Mautz","31910",802408
"Garrett Cleavinger","TBR",0.761745,0.752307,0,4.09771,22,0,0.804,4.8672,,16.0992,68.47,13.2948,7.89,7.33,2.25417,7.01437,0.211201,0.987241,19.5295,10.9176,3.92127,2.78421,1.26016,0.285227,0.102444,0.18278243392705917,0.219864,1.2615,0.2854,0.724009,,,3.99487,0.107377,0.0513242,505.4800109863281,,,,,,,101.00000000000001,6.312500000000001,95,5.9375,,,,,,,,,,,,,,,,,,,"Garrett Cleavinger","17897",664076
"Colin Holderman","CLE",0.657034,0.711171,0,3.89052,20,0,0.369,5.6714,,13.2322,56.15,11.5988,6.18,5.72,1.39052,5.20198,0.213201,0.886458,12.6787,8.62356,3.53818,2.43729,0.945777,0.225801,0.0926443,0.13315630704164505,0.231691,1.26969,0.283624,0.715009,,,3.93987,0.107362,0.0925303,999,,,,,,,84.7,6.515384615384615,84,6.461538461538462,,,,,,,,,,,,,,,,,,,"Colin Holderman","22361",670059
"Caleb Kilian","SFG",0.739673,0.619603,0,4.23144,21,0,3.066,3.5596,,14.7397,63.93,13.7058,7.46,6.93,1.44508,6.47717,0.593809,0.778603,13.6482,8.33357,3.95494,2.10713,0.882364,0.213487,0.101317,0.11217046529054642,0.241835,1.3693,0.294864,0.70061,,,4.00913,0.106782,0.0989458,999,,,,,,,100.29999999999998,6.686666666666666,100,6.666666666666667,,,,,,,,,,,,,,,,,,,"Caleb Kilian","26213",668873
"Drew Anderson","DET",0.89834,0.642753,0,4.11246,22,0,0.313,4.2193,,15.2537,65.88,12.7974,7.51,6.97,1.92332,7.55117,0.350912,0.994832,18.3653,10.836,4.45536,2.43212,1.1348,0.278769,0.11462,0.16414931416511536,0.223208,1.33401,0.293535,0.727154,,,4.02167,0.106358,-0.00253169,999,,,,,,,77.60000000000001,5.173333333333334,74,4.933333333333334,,,,,,,,,,,,,,,,,,,"Drew Anderson","15130",623454
"Rhett Lowder","CIN",1.15218,2.14001,1.60095,5.24316,9,4,0,0.2249,,26.4344,115.67,28.0717,16.44,15.4,4.40326,9.66087,0.223952,1.20271,20.3838,6.93996,3.28919,2.10993,1.49916,0.176223,0.083521,0.09270238131284714,0.267843,1.4274,0.295783,0.674498,,,4.96585,0.105552,-0.00628211,552.219970703125,,,,,,,77.39999999999999,2.9769230769230766,85,3.269230769230769,,,,,,,,,,,,,,,,,,,"Rhett Lowder","33876",695076
"Hunter Barco","PIT",0.664394,0.762551,0.277542,4.40227,12,1,0,0.2051,,14.7401,64.11,14.1108,7.74,7.21,1.59847,6.3741,0.271833,0.839541,12.645,7.72075,3.89189,1.9838,0.975989,0.197239,0.0994245,0.09781413525342941,0.248009,1.38974,0.293353,0.698464,,,4.27193,0.104549,0.0443839,999,,,,,,,55.00000000000001,3.666666666666667,54,3.6,,,,,,,,,,,,,,,,,,,"Hunter Barco","33174",682995
"Tyler Holton","DET",0.890804,0.586278,0,3.83831,21,0,0.938,4.5097,,14.5377,60.08,13.6503,6.7,6.2,1.84728,3.34445,0.194573,0.53911,11.1322,6.89176,2.07049,3.32857,1.14362,0.18529,0.0556666,0.129623394459486,0.242904,1.16902,0.273112,0.71449,,,4.03153,0.104181,0.0989458,999,,,,,,,85,5.666666666666667,84,5.6,,,,,,,,,,,,,,,,,,,"Tyler Holton","26231",663947
"Grant Wolfram","BAL",0.803472,0.479344,0,4.17037,20,0,0.663,3.9665,,12.6032,54.26,11.8651,6.3,5.84,1.33739,5.02521,0.350415,0.576892,12.1754,8.69449,3.58853,2.42286,0.955037,0.22439,0.0926136,0.1317761093378067,0.243847,1.34016,0.299549,0.705176,,,3.89061,0.103712,0.0925303,999,,,,,,,79.7,6.130769230769231,79,6.076923076923077,,,,,,,,,,,,,,,,,,,"Grant Wolfram","21623",664991
"Kenley Jansen","DET",0.847535,0.593275,0,4.16086,20,0,7.925,1.1325,,13.8217,58.02,11.055,6.86,6.39,2.0511,5.63314,0.262398,0.623013,15.145,9.86167,3.66803,2.68855,1.33558,0.26103,0.0970896,0.16394055634737015,0.213566,1.20739,0.26047,0.711328,,,4.20531,0.102739,0.0449085,133.02000427246094,,,,,,,103.40000000000003,7.385714285714288,97,6.928571428571429,,,,,,,,,,,,,,,,,,,"Kenley Jansen","3096",445276
"Yorman Gómez","CLE",0.511344,0.749172,0.273118,4.41488,9,1,0,0,,12.0887,51.85,11.2897,6.4,5.93,1.66912,4.57808,0.254731,0.589414,11.5314,8.58512,3.40838,2.51883,1.24266,0.222399,0.0882948,0.13410437107086182,0.24184,1.31262,0.287336,0.69971,,,4.27927,0.102644,0.084651,999,,,,,,,41.600000000000016,3.466666666666668,40,3.3333333333333335,,,,,,,,,,,,,,,,,,,"Yorman Gomez","sa3015931",691414
"Javier Assad","CHC",1.4425,1.41728,0.817957,4.74046,15,3,0,0.2224,,26.162,112.77,25.5866,14.79,13.78,3.8506,9.82083,0.298514,1.21597,18.9608,6.5227,3.37846,1.93067,1.32465,0.168137,0.0870873,0.08104962855577469,0.251507,1.35339,0.275411,0.686868,,,4.8392,0.102213,0.0266875,999,,,,,,,80.6,3.0999999999999996,83,3.1923076923076925,,,,,,,,,,,,,,,,,,,"Javier Assad","21741",665871
"Mason Englert","TBR",1.15101,2.31238,1.12973,5.16106,12,4,0,0.2446,,27.0816,116.11,28.5998,16.67,15.53,5.4996,7.09095,0.272301,1.14161,22.4203,7.4509,2.35652,3.16182,1.82768,0.193095,0.061071,0.13202428072690964,0.265114,1.31789,0.288906,0.679523,,,5.00592,0.101829,-0.0686408,999,,,,,,,82.9,3.0703703703703704,90,3.3333333333333335,,,,,,,,,,,,,,,,,,,"Mason Englert","22288",669438
"Luke Weaver","NYM",0.971428,0.564253,0,4.28902,23,0,2.197,3.9159,,15.8638,67.09,14.4472,8.15,7.56,2.49306,5.20529,0.259502,0.712556,16.9294,9.60457,2.95312,3.25235,1.41439,0.252339,0.0775867,0.17475223541259766,0.236173,1.23883,0.286329,0.71169,,,4.1375,0.0986357,0.0513239,733.510009765625,,,,,,,99.4,6.2125,96,6,,,,,,,,,,,,,,,,,,,"Luke Weaver","16918",596133
"Austin Peterson","CLE",0.439603,0.687784,0.274981,4.59534,7,1,0,0,,10.7522,45.94,10.8282,5.93,5.49,1.59053,3.14471,0.190859,0.458847,9.09381,7.61186,2.63225,2.89178,1.33133,0.19795,0.0684526,0.12949702143669128,0.255765,1.29954,0.291849,0.684725,,,4.34667,0.0982386,0.0347719,999,,,,,,,37.20000000000001,3.3818181818181827,38,3.4545454545454546,,,,,,,,,,,,,,,,,,,"Austin Peterson","sa3020868",804926
"David Sandlin","CHW",0.750142,1.73039,0.925637,5.16989,7,3,0,0.2028,,18.836,82.05,19.0273,11.59,10.82,3.32296,7.3346,0.156438,0.797525,15.7915,7.54531,3.50454,2.15301,1.58774,0.192462,0.0893919,0.10306980460882187,0.257411,1.39955,0.286558,0.680427,,,5.02159,0.0977936,-0.0366346,999,,,,,,,62.29999999999999,3.278947368421052,64,3.3684210526315788,,,,,,,,,,,,,,,,,,,"David Sandlin","31743",689818
"Daniel Palencia","CHC",0.668922,0.417839,0,4.05683,17,0,7.678,1.6683,,11.7801,50.24,10.0253,5.71,5.31,1.39905,5.06286,0.211919,0.662494,12.7394,9.73291,3.86801,2.51626,1.06887,0.253572,0.100773,0.1527983620762825,0.225214,1.28081,0.283981,0.714282,,,3.94884,0.0951607,0.038493,91.05999755859375,,,,,,,106.5,8.875,103,8.583333333333334,,,,,,,,,,,,,,,,,,,"Daniel Palencia","27914",694037
"Bryan Abreu","HOU",0.807986,0.454481,0,4.25024,20,0,0.369,5.0486,,13.8275,59.42,11.9274,7.01,6.53,1.79203,6.22179,0.154038,0.850589,15.9714,10.3954,4.04963,2.56701,1.16639,0.268788,0.104709,0.16407941281795502,0.22785,1.31255,0.293064,0.712208,,,4.01884,0.0917266,0.0449085,181.6999969482422,,,,,,,78.80000000000003,5.628571428571431,75,5.357142857142857,,,,,,,,,,,,,,,,,,,"Bryan Abreu","16609",650556
"Manuel Rodríguez","TBR",0.508135,0.518442,0,4.15229,15,0,0,1.5654,,10.8374,46.19,10.463,5.37,5,1.13683,3.57896,0.235952,0.652579,9.83573,8.16817,2.97218,2.7482,0.944092,0.212941,0.0774835,0.1354570910334587,0.249366,1.2957,0.300981,0.696521,,,3.82964,0.0913936,0.0861531,999,,,,,,,56.10000000000001,5.1000000000000005,55,5,,,,,,,,,,,,,,,,,,,"Manuel Rodriguez","20794",655889
"Ryan Zeferjahn","LAA",0.683676,0.710217,0,4.13914,21,0,3.631,3.4932,,13.8725,60.01,10.9506,6.85,6.38,1.7801,7.31482,0.362781,1.18246,17.5201,11.3665,4.74562,2.39515,1.15487,0.291953,0.121893,0.17005914449691772,0.212581,1.31667,0.284689,0.72372,,,4.08958,0.0911567,0.0449082,999,,,,,,,94.40000000000003,6.7428571428571455,88,6.285714285714286,,,,,,,,,,,,,,,,,,,"Ryan Zeferjahn","25420",666171
"Ryan Thompson","ARI",0.693695,0.461143,0,4.30682,17,0,0,2.296,,12.6427,53.9,12.8911,6.53,6.05,1.24454,3.71011,0.282329,0.637199,9.16584,6.5249,2.64112,2.4705,0.885955,0.170053,0.0688333,0.10121937096118927,0.260149,1.3131,0.297544,0.677792,,,3.97104,0.0908483,-0.00892625,748.4299926757812,,,,,,,61.10000000000001,4.700000000000001,63,4.846153846153846,,,,,,,,,,,,,,,,,,,"Ryan Thompson","16647",657044
"Jonathan Bowlan","PHI",1.02718,0.539991,0,4.40166,21,0,0.338,4.8784,,15.8463,68.09,14.9658,8.36,7.75,2.27509,5.94764,0.443329,0.798938,16.5596,9.40514,3.378,2.78424,1.29215,0.243202,0.0873497,0.15585263818502426,0.243968,1.31977,0.298545,0.708102,,,4.16338,0.090832,0.0513245,999,,,,,,,87.80000000000001,5.487500000000001,87,5.4375,,,,,,,,,,,,,,,,,,,"Jonathan Bowlan","24607",680742
"Blade Tidwell","SFG",0.507821,0.592533,0.270789,4.52727,7,1,0,0.2248,,10.9536,47.49,10.0105,5.9,5.51,1.43981,4.95573,0.293993,0.557752,9.99011,8.20834,4.07186,2.01587,1.18301,0.210362,0.104353,0.10600924491882324,0.238478,1.36632,0.280576,0.700067,,,4.50449,0.0907681,0.0347719,999,,,,,,,45.10000000000001,4.1000000000000005,44,4,,,,,,,,,,,,,,,,,,,"Blade Tidwell","31701",694918
"Kai-Wei Teng","HOU",0.851041,0.65533,0.275912,4.663,14,1,0,0.2147,,17.6989,77.96,16.4338,9.83,9.17,2.35942,8.42411,0.346986,1.58101,18.5887,9.45246,4.28371,2.2066,1.19978,0.238439,0.108057,0.1303817555308342,0.241835,1.40449,0.299413,0.697199,,,4.43809,0.0906267,0.00674505,999,,,,,,,75.00000000000003,4.166666666666668,72,4,,,,,,,,,,,,,,,,,,,"Kai-Wei Teng","24282",678906
"Will Klein","LAD",0.828453,0.297812,0,4.18378,18,0,0,3.7843,,11.6808,51.08,10.3598,5.83,5.43,1.13886,6.12344,0.236557,0.69919,12.8147,9.87362,4.71807,2.09272,0.877487,0.250875,0.119879,0.13099511712789536,0.234082,1.41114,0.304284,0.71552,,,3.93533,0.0904363,0.0384928,999,,,,,,,71.50000000000001,5.958333333333335,68,5.666666666666667,,,,,,,,,,,,,,,,,,,"Will Klein","27787",694361
"Riley O'Brien","STL",0.60712,0.776052,0,4.29029,22,0,8.886,1.7905,,16.0898,70.1,14.6463,8.23,7.67,1.70336,7.53135,0.381735,1.28059,16.7973,9.39571,4.21274,2.23031,0.952794,0.239618,0.107437,0.13218121975660324,0.238975,1.37837,0.302494,0.704678,,,4.04106,0.0901729,0.0513242,264.0400085449219,,,,,,,114.80000000000001,7.175000000000001,114,7.125,,,,,,,,,,,,,,,,,,,"Riley O'Brien","20348",676617
"Wilber Dotel","PIT",0.967779,1.09191,0.281734,4.70629,21,1,0.34,4.0371,,23.6556,103.43,22.5706,13.3,12.37,3.35067,10.3845,0.574907,1.28176,21.9268,8.34227,3.95091,2.11148,1.2748,0.211996,0.100402,0.11159472167491913,0.245964,1.39312,0.289081,0.695407,,,4.57678,0.0890455,0.0238277,999,,,,,,,107.90000000000002,4.4958333333333345,108,4.5,,,,,,,,,,,,,,,,,,,"Wilber Dotel","28901",696062
"Jeremiah Estrada","SDP",0.701366,0.48153,0,4.16779,18,0,0.361,5.2752,,12.5894,53.56,10.5909,6.29,5.83,1.85246,5.36637,0.264647,0.545043,14.5415,10.3955,3.83634,2.70975,1.3243,0.271499,0.100194,0.17130572348833084,0.222271,1.26751,0.279589,0.723391,,,4.12115,0.0888835,0.0925463,623.5800170898438,,,,,,,75,5.769230769230769,71,5.461538461538462,,,,,,,,,,,,,,,,,,,"Jeremiah Estrada","22210",669093
"Gerardo Carrillo","ARI",0.66604,0.415597,0,4.011,16,0,0,1.4129,,11.9147,52.3,10.1676,5.69,5.31,0.949287,6.41508,0.552528,1.19022,12.3882,9.35767,4.84574,1.93111,0.71706,0.236869,0.122659,0.11420946568250656,0.22749,1.39178,0.293977,0.714102,,,3.98093,0.0882893,0.0384933,999,,,,,,,57.500000000000014,4.791666666666668,54,4.5,,,,,,,,,,,,,,,,,,,"Gerardo Carrillo","22754",672629
"Cade Gibson","MIA",0.520544,0.686186,0,4.17695,20,0,0.347,4.0644,,12.6264,54.53,11.9363,6.31,5.86,1.02512,5.12528,0.315034,0.826466,10.8145,7.7085,3.65325,2.11004,0.730699,0.198323,0.0939901,0.10433263331651688,0.245713,1.35126,0.296995,0.688039,,,3.86629,0.0875341,0.0925303,999,,,,,,,72.7,5.592307692307693,72,5.538461538461538,,,,,,,,,,,,,,,,,,,"Cade Gibson","31815",806188
"Bennett Sousa","HOU",0.816125,0.447493,0,4.21119,20,0,0,4.0087,,13.8275,58.61,12.2746,6.97,6.47,1.96966,5.21796,0.311457,0.533595,14.9264,9.71531,3.39626,2.86059,1.28201,0.254674,0.0890285,0.16564565151929855,0.232217,1.26506,0.286549,0.714119,,,4.05041,0.086791,0.0449085,999,,,,,,,75.80000000000003,5.414285714285716,72,5.142857142857143,,,,,,,,,,,,,,,,,,,"Bennett Sousa","21345",656986
"Elmer Rodríguez","NYY",0.576162,0.463826,0.305094,4.18044,6,1,0,0.228,,9.88174,42.43,9.04499,4.92,4.59,1.05835,4.24712,0.161777,0.506745,8.13153,7.40596,3.86815,1.9146,0.96391,0.191646,0.100097,0.09154869616031647,0.240072,1.34512,0.280368,0.708875,,,4.2995,0.0866346,0.0820828,748.5700073242188,,,,,,,39.300000000000004,3.9300000000000006,38,3.8,,,,,,,,,,,,,,,,,,,"Elmer Rodriguez","31811",695684
"Cole Wilcox","SEA",0.803678,0.480744,0,4.2777,19,0,0,3.9722,,14.1384,60.94,13.2357,7.24,6.72,1.54364,5.81768,0.366005,0.77134,13.329,8.48472,3.70332,2.29111,0.982624,0.218723,0.0954657,0.12325695902109146,0.243523,1.34763,0.296164,0.699336,,,4.04169,0.0863631,0.0449087,999,,,,,,,66.20000000000003,4.72857142857143,65,4.642857142857143,,,,,,,,,,,,,,,,,,,"Cole Wilcox","27481",677961
"Brooks Raley","NYM",0.863256,0.536396,0,4.47019,21,0,0.732,4.9093,,14.4558,62.37,13.9599,7.74,7.18,1.97707,5.22146,0.272581,0.855624,14.4281,8.98279,3.25082,2.76324,1.2309,0.231331,0.0837174,0.14761371165513992,0.247987,1.3269,0.300414,0.697072,,,4.1527,0.0860519,-0.0561942,999,,,,,,,77.60000000000002,5.5428571428571445,79,5.642857142857143,,,,,,,,,,,,,,,,,,,"Brooks Raley","10061",548384
"Brent Headrick","NYY",0.863452,0.530671,0,4.28318,21,0,0.369,5.4472,,13.7211,58.38,12.6119,7.02,6.53,2.03922,4.78791,0.317468,0.539536,14.6282,9.595,3.1405,3.05525,1.33757,0.250569,0.0820128,0.16855663061141968,0.237725,1.26811,0.290578,0.71364,,,4.07434,0.085816,0.0449082,999,,,,,,,77.20000000000003,5.514285714285717,76,5.428571428571429,,,,,,,,,,,,,,,,,,,"Brent Headrick","27702",687396
"Justin Bruihl","STL",0.472022,0.592646,0,4.2811,17,0,0,1.5916,,12.4244,53.64,12.0323,6.34,5.91,1.0868,4.68626,0.401514,0.814925,10.3167,7.47322,3.39465,2.20147,0.78726,0.192332,0.087365,0.10496656596660614,0.24995,1.34563,0.297956,0.682933,,,3.91448,0.0844132,0.038493,999,,,,,,,55.30000000000001,4.608333333333334,57,4.75,,,,,,,,,,,,,,,,,,,"Justin Bruihl","23779",677865
"Mason Fluharty","TOR",0.751401,0.496808,0,4.00766,20,0,0.708,4.1585,,11.5429,48.89,10.0085,5.54,5.14,1.54003,4.48406,0.445128,0.480148,12.2087,9.51915,3.49622,2.72269,1.20076,0.249718,0.0917174,0.15800108760595322,0.227851,1.25554,0.280628,0.725697,,,4.01899,0.0843694,0.0384923,999,,,,,,,71.20000000000002,5.9333333333333345,67,5.583333333333333,,,,,,,,,,,,,,,,,,,"Mason Fluharty","31553",689254
"Jeffrey Springs","ATH",2.2417,3.05713,3.10742,5.79921,8,8,0,0,,42.104,185.72,46.343,29.15,27.13,9.37612,15.1548,0.118217,1.26437,34.7181,7.42121,3.23944,2.29089,2.0042,0.186938,0.0816003,0.10533731430768967,0.273732,1.46062,0.295247,0.668741,,,5.52543,0.0843133,-0.203826,722.25,,,,,,,102.50000000000003,2.440476190476191,115,2.738095238095238,,,,,,,,,,,,,,,,,,,"Jeffrey Springs","17677",605488
"Matt Strahm","KCR",0.702753,0.473642,0,4.33784,18,0,0,3.2879,,12.7806,53.81,11.6261,6.63,6.16,1.97986,3.78604,0.197627,0.648003,12.1798,8.57695,2.66611,3.21702,1.39421,0.226348,0.0703595,0.1559886783361435,0.23546,1.2059,0.273913,0.694771,,,4.2584,0.0836607,-0.00893007,720.1400146484375,,,,,,,61.39999999999999,4.723076923076922,60,4.615384615384615,,,,,,,,,,,,,,,,,,,"Matt Strahm","13799",621381
"Brendon Little","TOR",0.643287,0.393831,0,3.57428,17,0,0,2.3047,,9.61872,41.15,7.89413,4.11,3.82,0.833742,4.99114,0.271597,0.48577,10.7884,10.0945,4.67009,2.16152,0.780112,0.262173,0.121291,0.14088190346956253,0.221291,1.3396,0.29356,0.748869,,,3.70154,0.0835347,0.133991,748.52001953125,,,,,,,55.900000000000006,5.590000000000001,52,5.2,,,,,,,,,,,,,,,,,,,"Brendon Little","21574",663893
"Aaron Civale","CHC",1.15302,1.08193,0.546236,4.7434,15,2,0,0.2224,,22.4839,96.11,21.7619,12.75,11.85,3.87317,7.27399,0.314976,1.07917,18.4193,7.373,2.91168,2.53221,1.55038,0.191648,0.075684,0.11596402525901794,0.24798,1.29141,0.27326,0.689688,,,4.82527,0.0828775,-0.0348729,748.5800170898438,,,,,,,68.4,3.1090909090909093,70,3.1818181818181817,,,,,,,,,,,,,,,,,,,"Aaron Civale","19479",650644
"Michael Grove","TBR",0.715968,1.08487,0.276378,4.99532,16,1,0,0.2446,,20.6113,88.94,20.4615,12.27,11.44,3.7853,7.01124,0.376719,0.974684,21.0263,9.18121,3.06148,2.99894,1.65286,0.23641,0.0788311,0.15757884830236435,0.252754,1.33289,0.297033,0.685631,,,4.61928,0.0807351,-0.0313802,999,,,,,,,72.2,3.4380952380952383,71,3.380952380952381,,,,,,,,,,,,,,,,,,,"Michael Grove","23221",675627
"Cionel Pérez","NYM",0.799657,0.451752,0,4.02828,19,0,0,3.3185,,13.0478,56.8,12.0598,6.29,5.84,1.04006,6.42736,0.243171,0.700052,11.9487,8.24192,4.43342,1.85904,0.717408,0.210365,0.113158,0.09720736742019653,0.242785,1.41688,0.300397,0.71617,,,3.95321,0.0805883,0.0925378,999,,,,,,,67.7,5.207692307692308,67,5.153846153846154,,,,,,,,,,,,,,,,,,,"Cionel Perez","19614",672335
"Steven Matz","TBR",0.781026,1.14923,0.279638,4.90057,18,1,0,2.5438,,22.7912,98.36,23.8368,13.32,12.41,3.6719,7.01814,0.372691,0.926976,18.9287,7.47473,2.77139,2.69711,1.45,0.192443,0.0713516,0.1210913136601448,0.263637,1.35381,0.297354,0.681914,,,4.58892,0.0803617,-0.0253041,712.989990234375,,,,,,,84.6,3.678260869565217,89,3.869565217391304,,,,,,,,,,,,,,,,,,,"Steven Matz","13361",571927
"Carson Seymour","SFG",0.799347,1.06167,0.559276,4.94045,9,2,0,0.2248,,16.3406,72.03,16.9018,9.6,8.97,2.08924,7.01706,0.253292,0.946294,12.7608,7.02832,3.86482,1.81854,1.1507,0.177159,0.0974186,0.07974080741405487,0.263816,1.46377,0.300966,0.682047,,,4.672,0.0802898,-0.0543948,999,,,,,,,51.60000000000001,3.2250000000000005,56,3.5,,,,,,,,,,,,,,,,,,,"Carson Seymour","30084",693313
"Travis Adams","MIN",0.654019,0.613246,0,4.45173,20,0,0.329,4.2598,,12.494,53.83,11.889,6.64,6.18,1.59595,4.7797,0.274844,0.544472,12.2105,8.79576,3.44303,2.55466,1.14963,0.226834,0.0887924,0.13804184645414352,0.245104,1.33413,0.296634,0.694778,,,4.09411,0.0802137,-0.0625833,999,,,,,,,55.000000000000014,4.583333333333335,56,4.666666666666667,,,,,,,,,,,,,,,,,,,"Travis Adams","30180",701519
"Coleman Crow","MIL",0.712432,0.957018,0.551018,4.79476,6,2,0,0.201,,13.7775,58.88,13.7324,7.89,7.34,2.4226,4.25033,0.175395,0.640243,11.1319,7.27178,2.77647,2.61907,1.58253,0.189061,0.0721863,0.11687490344047546,0.254353,1.30522,0.279703,0.691704,,,4.84455,0.0798606,0.0445097,999,,,,,,,49.6,3.542857142857143,51,3.642857142857143,,,,,,,,,,,,,,,,,,,"Coleman Crow","27926",689441
"Kody Funderburk","MIN",0.628208,0.56018,0,4.18056,19,0,0.329,3.286,,11.819,51.37,11.3098,5.91,5.49,0.886024,5.23574,0.205688,0.713182,9.70559,7.39067,3.98694,1.85372,0.674695,0.188935,0.101922,0.08701276034116745,0.248999,1.39991,0.29928,0.694901,,,3.95192,0.0796351,0.0384925,748.510009765625,,,,,,,61.90000000000001,5.158333333333334,61,5.083333333333333,,,,,,,,,,,,,,,,,,,"Kody Funderburk","24993",681892
"Robert Suarez","ATL",0.607809,0.38211,0,4.14013,15,0,1.041,2.9828,,11.3909,47.9,10.5515,5.64,5.24,1.52307,3.50202,0.226694,0.469859,10.7777,8.51545,2.76695,3.07756,1.20338,0.225004,0.073111,0.1518924981355667,0.2402,1.23375,0.285463,0.70576,,,4.00168,0.0794722,-0.0153249,214.39999389648438,,,,,,,55.20000000000001,5.018181818181819,56,5.090909090909091,,,,,,,,,,,,,,,,,,,"Robert Suarez","30115",663158
"George Klassen","LAA",0.713462,1.0973,0.736854,4.94254,7,2,0,0.2152,,15.6964,68.98,15.4478,9.25,8.62,2.36476,7.1522,0.234931,0.816577,14.1911,8.13688,4.10093,1.98415,1.35591,0.205727,0.103685,0.10204213112592697,0.253196,1.43982,0.294296,0.692092,,,4.78311,0.0789341,0.0574193,999,,,,,,,58.80000000000001,3.6750000000000007,58,3.625,,,,,,,,,,,,,,,,,,,"George Klassen","33464",691946
"Eduard Bazardo","SEA",0.887664,0.550288,0,4.48002,21,0,0.353,5.36,,15.5892,66.32,14.5373,8.34,7.76,2.38622,5.34411,0.291206,0.714314,15.7,9.06397,3.08527,2.93782,1.37762,0.236731,0.0805807,0.15615073591470718,0.241236,1.27533,0.288108,0.697757,,,4.25129,0.078601,0.0513245,999,,,,,,,88.80000000000001,5.550000000000001,88,5.5,,,,,,,,,,,,,,,,,,,"Eduard Bazardo","20997",660825
"Yennier Cano","BAL",0.842498,0.505713,0,4.18167,21,0,0.994,4.6618,,13.2794,56.38,13.1232,6.65,6.17,1.4301,4.21569,0.179722,0.637838,11.1404,7.55033,2.85715,2.64261,0.969238,0.197595,0.0747727,0.12282250076532364,0.254688,1.3057,0.300161,0.696945,,,3.92836,0.0783505,-0.00893938,999,,,,,,,82.10000000000001,6.315384615384616,84,6.461538461538462,,,,,,,,,,,,,,,,,,,"Yennier Cano","25911",666974
"Kyle Backhus","PHI",0.787249,0.393735,0,4.23365,16,0,0,1.307,,12.1597,52.59,11.65,6.17,5.72,1.33055,4.78111,0.386695,0.6856,11.4666,8.48698,3.53873,2.39831,0.984804,0.218037,0.0909128,0.12712445855140686,0.247224,1.35128,0.30063,0.704343,,,3.99495,0.0782908,0.0384933,999,,,,,,,53.30000000000001,4.441666666666667,55,4.583333333333333,,,,,,,,,,,,,,,,,,,"Kyle Backhus","29615",679775
"Clarke Schmidt","NYY",0.560547,0.452312,0.397775,4.48226,5,1,0,0.228,,9.43719,40.28,8.70296,5.04,4.7,1.43747,3.44946,0.0971182,0.525101,8.85241,8.4423,3.28966,2.56631,1.37087,0.219772,0.0856372,0.13413463532924652,0.239715,1.28772,0.279275,0.701425,,,4.47729,0.0763588,0.0284509,999,,,,,,,36.90000000000001,4.100000000000001,38,4.222222222222222,,,,,,,,,,,,,,,,,,,"Clarke Schmidt","19899",657376
"Bryan King","HOU",0.737975,0.404127,0,4.09075,18,0,0,3.3071,,12.3865,52.79,11.6075,6.07,5.63,1.39304,4.45004,0.20193,0.671565,10.7857,7.8369,3.23339,2.42374,1.01218,0.204314,0.084297,0.12001711130142212,0.243504,1.29637,0.287814,0.707969,,,4.07068,0.0761189,0.0384928,748.469970703125,,,,,,,64.30000000000001,5.358333333333334,66,5.5,,,,,,,,,,,,,,,,,,,"Bryan King","25890",687911
"Tim Mayza","PHI",0.976378,0.493416,0,4.31266,20,0,0,3.7485,,15.109,64.62,15.251,7.81,7.24,1.80591,4.86342,0.340453,0.580616,13.1563,7.83683,2.897,2.70515,1.07573,0.203595,0.0752618,0.12833278626203537,0.257723,1.33129,0.304093,0.699666,,,4.00299,0.0754268,-0.00252681,999,,,,,,,71.4,4.760000000000001,73,4.866666666666666,,,,,,,,,,,,,,,,,,,"Tim Mayza","15042",641835
"Seranthony Domínguez","CHW",0.571069,0.801995,0,4.1783,20,0,1.03,3.3873,,14.3455,61.04,11.6574,7.15,6.66,1.96093,6.64571,0.176891,0.871379,15.7408,9.87535,4.16934,2.36857,1.23023,0.257877,0.108875,0.14900220185518265,0.217801,1.27587,0.27069,0.716881,,,4.26421,0.0750692,0.0449085,194.19000244140625,,,,,,,72.80000000000003,5.200000000000002,69,4.928571428571429,,,,,,,,,,,,,,,,,,,"Seranthony Dominguez","19249",622554
"Ryan Fernandez","STL",0.386088,0.500035,0,4.36573,14,0,0,0.2387,,10.2251,44,9.5197,5.32,4.96,1.26751,4.11612,0.302016,0.416574,10.6861,9.40573,3.62296,2.59614,1.11565,0.242865,0.0935483,0.14931657165288925,0.241205,1.33357,0.29993,0.701088,,,3.96093,0.0748844,0.0320776,999,,,,,,,45.7,4.57,47,4.7,,,,,,,,,,,,,,,,,,,"Ryan Fernandez","24862",681676
"Dedniel Núñez","NYM",0.578093,0.3612,0,4.46801,14,0,0,0.2155,,9.52773,41.14,8.88747,5.1,4.73,1.30598,3.83801,0.343123,0.467409,9.99818,9.4444,3.62543,2.60504,1.23364,0.243028,0.0932915,0.14973683655261993,0.241281,1.33563,0.296959,0.699771,,,4.14854,0.0742676,0.0320776,999,,,,,,,46.300000000000004,4.630000000000001,45,4.5,,,,,,,,,,,,,,,,,,,"Dedniel Nunez","23055",673380
"Yuki Matsui","SDP",0.831785,0.569306,0,4.21182,21,0,0,4.049,,14.7656,62.85,12.296,7.44,6.91,2.13651,6.61101,0.405851,0.53289,15.0997,9.20369,4.02958,2.28403,1.30226,0.24025,0.105187,0.13506335765123367,0.220731,1.28048,0.264091,0.720476,,,4.39697,0.073878,0.0989458,999,,,,,,,77.2,5.1466666666666665,71,4.733333333333333,,,,,,,,,,,,,,,,,,,"Yuki Matsui","33826",673513
"Brad Lord","WSN",0.388767,0.47418,0,3.95309,14,0,0,0.2197,,9.53938,40.47,8.90581,4.52,4.19,1.0013,3.29895,0.193054,0.526316,8.04097,7.58632,3.11242,2.43743,0.944688,0.19869,0.081516,0.11717373132705688,0.243031,1.27941,0.28637,0.711359,,,3.99142,0.073448,0.0320776,999,,,,,,,42.300000000000004,4.23,41,4.1,,,,,,,,,,,,,,,,,,,"Brad Lord","31972",695418
"Alex Hoppe","SEA",0.705705,0.433458,0,4.36961,17,0,0,2.3256,,12.6876,55.33,11.9518,6.63,6.16,1.41651,5.82459,0.312405,0.69031,13.1215,9.30776,4.13169,2.25277,1.0048,0.23715,0.10527,0.13187969475984573,0.244837,1.40108,0.307356,0.705767,,,4.03317,0.0729308,-0.00892625,999,,,,,,,65.7,5.053846153846154,65,5,,,,,,,,,,,,,,,,,,,"Alex Hoppe","31880",695380
"Spencer Strider","ATL",0.324833,0.333728,0.351266,4.67488,1,1,0,0,,5.198,22.29,4.78953,2.89,2.7,0.834272,2.02993,0.0152125,0.221325,5.87077,10.1649,3.51469,2.89211,1.44449,0.263381,0.0910691,0.17231225222349167,0.239013,1.31194,0.296636,0.695297,,,4.23665,0.0728071,0.0169077,124.86000061035156,,,,,,,17.7,3.54,18,3.6,,,,,,,,,,,,,,,,,,,"Spencer Strider","27498",675911
"Jason Foley","SFG",0.616107,0.544112,0,4.47738,18,0,0,2.4274,,12.5832,54.18,13.4716,6.74,6.26,1.22863,3.65958,0.247919,0.623611,8.8874,6.35659,2.61747,2.42853,0.87876,0.164035,0.0675449,0.09648970514535904,0.26999,1.36143,0.307762,0.674267,,,3.98763,0.072552,-0.00893007,999,,,,,,,61.10000000000001,4.700000000000001,63,4.846153846153846,,,,,,,,,,,,,,,,,,,"Jason Foley","19531",671345
"Anthony Molina","ATL",0.505019,0.348762,0,4.50117,13,0,0,0.2359,,9.91743,42.64,10.248,5.34,4.96,1.17349,3.03047,0.250266,0.371555,8.26248,7.49814,2.75013,2.72647,1.06493,0.193773,0.0710711,0.12270186841487885,0.261175,1.3389,0.304492,0.682257,,,4.01081,0.0718137,0.0320779,999,,,,,,,42.7,4.2700000000000005,44,4.4,,,,,,,,,,,,,,,,,,,"Anthony Molina","26952",683627
"Trey Gibson","BAL",0.853008,0.845906,0.560116,4.99849,7,2,0,0.2114,,14.2963,62.87,14.8668,8.52,7.94,2.05118,5.90581,0.145588,0.760764,11.7005,7.36583,3.7179,1.98118,1.29129,0.186106,0.0939368,0.09216908365488052,0.264517,1.453,0.301886,0.684467,,,4.73701,0.0713111,-0.0607048,999,,,,,,,43,3.0714285714285716,47,3.357142857142857,,,,,,,,,,,,,,,,,,,"Trey Gibson","33794",694346
"Camilo Doval","NYY",0.79647,0.466341,0,4.02065,19,0,0,3.4489,,12.3562,52.93,10.7639,5.92,5.52,1.23596,5.55745,0.256218,0.801239,11.9961,8.73767,4.04792,2.15856,0.900244,0.22664,0.104996,0.12164397537708282,0.231127,1.3209,0.285787,0.71286,,,4.01222,0.0710946,0.0384925,663.6500244140625,,,,,,,62.90000000000001,5.241666666666668,62,5.166666666666667,,,,,,,,,,,,,,,,,,,"Camilo Doval","21992",666808
"Miles Mikolas","WSN",1.34469,3.41366,2.69702,5.57078,7,7,0,0,,36.932,159.96,42.157,24.48,22.86,7.69844,9.05172,0.107943,1.21965,21.4242,5.22089,2.20582,2.36687,1.87604,0.133935,0.0565874,0.07734738290309906,0.281631,1.38657,0.285807,0.661096,,,5.49371,0.0708854,-0.040865,999,,,,,,,78.2,2.1135135135135137,93,2.5135135135135136,,,,,,,,,,,,,,,,,,,"Miles Mikolas","9803",571945
"Hunter Gaddis","CLE",0.712775,0.845268,0,4.40046,22,0,0.738,4.9504,,14.6235,61.81,13.481,7.71,7.15,2.3901,4.46072,0.244527,0.786766,13.6053,8.37338,2.74535,3.05002,1.47098,0.220115,0.0721683,0.14794676005840302,0.238338,1.22691,0.273396,0.701015,,,4.45025,0.0699995,-0.00253169,999,,,,,,,90.60000000000001,6.040000000000001,87,5.8,,,,,,,,,,,,,,,,,,,"Hunter Gaddis","25636",683769
"Joe Whitman","SFG",0.418901,0.536275,0.279854,4.76723,5,1,0,0,,8.87308,38.7,9.14429,5.05,4.7,1.14782,3.38307,0.172232,0.338114,7.40833,7.5143,3.43146,2.18983,1.16424,0.19143,0.0874178,0.10401186347007751,0.261424,1.41184,0.302637,0.684714,,,4.37969,0.0695082,0.0284509,999,,,,,,,35.90000000000001,3.9888888888888903,37,4.111111111111111,,,,,,,,,,,,,,,,,,,"Joe Whitman","sa3023131",802126
"Tyler Wells","BAL",0.891384,0.521366,0,4.14101,21,0,2.762,3.3559,,13.2794,54.83,11.3781,6.57,6.11,2.36121,3.76294,0.21358,0.498171,12.7534,8.64355,2.55031,3.38922,1.60029,0.2326,0.0686293,0.163970448076725,0.225002,1.14019,0.254324,0.724189,,,4.46311,0.0693006,-0.00893938,748.469970703125,,,,,,,84,6.461538461538462,80,6.153846153846154,,,,,,,,,,,,,,,,,,,"Tyler Wells","20000",669330
"Cody Laweryson","MIN",0.49102,0.464552,0,4.50055,15,0,0,0.22,,9.11889,39.07,8.74318,4.9,4.56,1.1875,3.12023,0.2225,0.416811,8.61912,8.50675,3.07955,2.76233,1.17202,0.220607,0.0798625,0.14074454456567764,0.246058,1.30097,0.293694,0.682626,,,4.07589,0.0684973,-0.0217325,999,,,,,,,39.90000000000001,4.4333333333333345,41,4.555555555555555,,,,,,,,,,,,,,,,,,,"Cody Laweryson","26429",689520
"JR Ritchie","ATL",0.955824,0.966834,0.557414,4.79384,10,2,0,0.2359,,18.286,79.3,17.1946,10.45,9.74,2.78512,7.89514,0.300135,1.03056,16.1969,7.97181,3.88584,2.0515,1.37078,0.204249,0.0995604,0.10468825697898865,0.244331,1.37208,0.280383,0.690861,,,4.78258,0.0681895,0.0569019,999,,,,,,,57.10000000000001,3.1722222222222225,56,3.111111111111111,,,,,,,,,,,,,,,,,,,"JR Ritchie","31760",702275
"Kohl Drake","ARI",0.923601,0.934803,0.573248,5.06568,9,2,0,0.2208,,17.056,74.54,17.3589,10.31,9.6,2.83537,6.59786,0.335151,0.670262,14.5491,7.67718,3.48153,2.20512,1.49616,0.195185,0.0885144,0.10667040944099426,0.25804,1.4046,0.291125,0.682773,,,4.8432,0.0680515,0.00401115,999,,,,,,,50.7,2.9823529411764707,52,3.0588235294117645,,,,,,,,,,,,,,,,,,,"Kohl Drake","32070",684442
"Jonah Tong","NYM",0.493109,0.41989,0.334118,4.56177,4,1,0,0.2155,,8.12843,35.21,7.54511,4.43,4.12,1.15379,3.63115,0.115127,0.347223,8.07558,8.94149,4.02051,2.22397,1.27751,0.229355,0.103128,0.12622618675231934,0.241586,1.37496,0.290485,0.705606,,,4.43634,0.0679664,0.0756677,722.8099975585938,,,,,,,30.100000000000005,3.7625000000000006,31,3.875,,,,,,,,,,,,,,,,,,,"Jonah Tong","32157",804636
"Trenton Denholm","CLE",0.384938,0.62308,0.331137,4.7647,5,1,0,0,,9.0478,38.69,9.40873,5.16,4.79,1.43265,2.47586,0.124115,0.355581,6.93692,6.90028,2.46278,2.80182,1.42508,0.179295,0.0639922,0.11530280113220215,0.262384,1.31353,0.290155,0.680704,,,4.57361,0.0672063,0.0284509,999,,,,,,,38.90000000000001,4.322222222222224,40,4.444444444444445,,,,,,,,,,,,,,,,,,,"Trenton Denholm","sa3018139",671143
"Eddy Yean","WSN",0.539725,0.711009,0,4.3271,20,0,0.782,3.9881,,13.7482,59.58,13.1354,7.14,6.61,1.45199,5.72773,0.455986,0.783488,11.7817,7.71267,3.74954,2.05697,0.950515,0.197746,0.0961351,0.10161140561103821,0.247516,1.37204,0.293293,0.696546,,,4.18958,0.0667041,0.0449085,999,,,,,,,81.50000000000001,5.821428571428572,81,5.785714285714286,,,,,,,,,,,,,,,,,,,"Eddy Yean","24248",678868
"Nick Frasso","COL",0.376273,0.293888,0,4.45596,10,0,0,0,,7.43274,32.23,6.99742,3.97,3.68,0.835729,3.07499,0.172549,0.421854,7.6782,9.29723,3.72338,2.49698,1.01195,0.238232,0.0954077,0.14282385259866714,0.243531,1.35514,0.304744,0.68548,,,3.91678,0.0662133,-0.02809,999,,,,,,,28.300000000000015,4.042857142857145,29,4.142857142857143,,,,,,,,,,,,,,,,,,,"Nick Frasso","sa3014492",693308
"Robinson Ortiz","SEA",0.65326,0.361928,0,4.02871,15,0,0,0,,11.2368,47.74,9.79456,5.42,5.03,1.42871,4.53263,0.348535,0.496673,11.6529,9.33324,3.63035,2.57089,1.1443,0.244091,0.0949441,0.14914695918560028,0.229323,1.27502,0.282353,0.722576,,,4.03127,0.0655936,0.0861531,999,,,,,,,52.10000000000001,4.736363636363637,51,4.636363636363637,,,,,,,,,,,,,,,,,,,"Robinson Ortiz","sa3004006",673662
"Miguel Ullola","HOU",0.679498,0.360127,0,3.99615,16,0,0,1.4317,,10.9455,47.19,7.92455,5.2,4.86,1.37532,6.60033,0.334906,0.657447,13.5005,11.1008,5.42715,2.04543,1.13086,0.286088,0.139867,0.14622077345848083,0.19845,1.32702,0.261379,0.740103,,,4.26558,0.0651775,0.0861417,999,,,,,,,56.30000000000001,5.118181818181819,50,4.545454545454546,,,,,,,,,,,,,,,,,,,"Miguel Ullola","29036",699044
"Lucas Giolito","SDP",1.06753,1.48373,1.24401,5.55183,4,4,0,0,,19.372,85.61,20.274,12.76,11.95,3.62182,8.37496,0.0639959,0.636266,14.0728,6.53808,3.89091,1.68035,1.68266,0.164383,0.0978269,0.06655631214380264,0.264678,1.47888,0.2827,0.673878,,,5.48283,0.0649042,-0.0836817,728.47998046875,,,,,,,40.39999999999999,2.1263157894736837,44,2.3157894736842106,,,,,,,,,,,,,,,,,,,"Lucas Giolito","15474",608337
"Brent Suter","LAA",0.611088,0.654541,0,4.27282,19,0,0,3.3136,,12.4274,52.54,12.3255,6.36,5.9,1.65786,3.4264,0.154181,0.496497,10.1205,7.32937,2.48142,2.95369,1.20063,0.192625,0.0652151,0.1274103820323944,0.253523,1.26752,0.289578,0.699277,,,4.16222,0.0643855,0.0384925,999,,,,,,,56.000000000000014,4.666666666666668,57,4.75,,,,,,,,,,,,,,,,,,,"Brent Suter","13942",608718
"Jackson Kent","WSN",0.339788,0.676027,0.243849,4.6189,6,1,0,0,,9.5867,41.16,9.38589,5.3,4.92,1.45956,3.43926,0.196517,0.34593,8.63471,8.10627,3.22878,2.51063,1.37024,0.209784,0.0835584,0.12622570246458054,0.251129,1.33781,0.290549,0.697952,,,4.47208,0.0643118,0.0820828,999,,,,,,,47.300000000000004,4.73,46,4.6,,,,,,,,,,,,,,,,,,,"Jackson Kent","sa3035282",800600
"Chris Martin","TEX",0.508745,0.435412,0,4.33134,15,0,0,0.2187,,8.87254,37.03,9.26582,4.6,4.27,1.22086,1.46695,0.198146,0.35408,6.90699,7.00621,1.48803,4.70839,1.2384,0.186524,0.0396153,0.14690889790654182,0.263167,1.20966,0.297069,0.67964,,,3.95732,0.0639639,-0.0217325,638.3599853515625,,,,,,,41.90000000000001,4.655555555555557,43,4.777777777777778,,,,,,,,,,,,,,,,,,,"Chris Martin","11847",455119
"Hayden Harris","ATL",0.433924,0.278725,0,4.27408,11,0,0,0.2359,,8.44392,36.57,7.39712,4.32,4.01,1.01558,3.94739,0.159311,0.458125,10.0028,10.6615,4.20735,2.53403,1.08247,0.273525,0.107941,0.16558434069156647,0.229978,1.34351,0.301783,0.707924,,,3.86927,0.0638303,0.0256621,999,,,,,,,36.7,4.5875,35,4.375,,,,,,,,,,,,,,,,,,,"Hayden Harris","31913",802686
"Blake Treinen","LAD",0.654878,0.230556,0,4.21076,14,0,0,0.2548,,8.99837,38.2,8.08634,4.53,4.21,1.10516,3.40827,0.173705,0.45743,9.17095,9.17261,3.40889,2.69079,1.10536,0.240077,0.0892217,0.15085551142692566,0.235518,1.27741,0.290179,0.700145,,,3.9568,0.0637708,-0.0217259,999,,,,,,,42.500000000000014,4.722222222222224,41,4.555555555555555,,,,,,,,,,,,,,,,,,,"Blake Treinen","12572",595014
"Tommy Nance","MIN",0.666821,0.664744,0,4.68143,21,0,0.657,5.0924,,13.169,57.29,13.1334,7.37,6.85,1.63347,5.12439,0.281485,0.72175,12.7422,8.70827,3.50211,2.48658,1.11635,0.222415,0.0894464,0.1329689845442772,0.255295,1.38642,0.310236,0.681725,,,4.11885,0.0635583,-0.00893938,999,,,,,,,70.8,5.446153846153846,72,5.538461538461538,,,,,,,,,,,,,,,,,,,"Tommy Nance","19178",667297
"DJ Herz","WSN",0.297737,0.557907,0.329041,4.49792,3,1,0,0.2197,,7.10328,30.68,6.28466,3.8,3.55,1.0325,3.32721,0.0730307,0.337822,7.2101,9.13535,4.21565,2.16701,1.3082,0.23501,0.108449,0.1265610009431839,0.232636,1.35316,0.279782,0.711683,,,4.51715,0.0634723,0.0222549,999,,,,,,,28.900000000000013,4.128571428571431,27,3.857142857142857,,,,,,,,,,,,,,,,,,,"DJ Herz","26389",687792
"Tanner Gordon","COL",1.49074,2.29831,1.20145,5.91598,18,4,0,0.193,,34.2141,151.51,41.1114,24.12,22.49,7.02759,9.10363,0.514111,1.15305,27.1224,7.13454,2.3947,2.9793,1.8486,0.179014,0.060086,0.11892823502421379,0.291047,1.46767,0.318233,0.646294,,,5.09381,0.0629902,-0.381853,999,,,,,,,82.90000000000003,2.438235294117648,103,3.0294117647058822,,,,,,,,,,,,,,,,,,,"Tanner Gordon","27669",685299
"Yohan Ramírez","PIT",0.74368,0.639012,0,4.30981,21,0,0.68,4.7483,,13.4901,58.89,12.2886,6.95,6.46,1.527,5.95082,0.423242,1.44745,13.9894,9.33305,3.97011,2.35083,1.01875,0.237551,0.10105,0.13650070875883102,0.238653,1.35206,0.299139,0.701137,,,4.1525,0.0625569,-0.00893938,999,,,,,,,72.39999999999999,5.569230769230769,71,5.461538461538462,,,,,,,,,,,,,,,,,,,"Yohan Ramirez","19444",670990
"Jordan Hicks","CHW",0.586247,0.823778,0,4.1779,21,0,1.03,3.684,,15.0793,65.35,13.5989,7.54,7,1.53009,7.0291,0.266065,1.10259,14.0082,8.3607,4.19527,1.99289,0.913225,0.214357,0.107561,0.10679595172405243,0.237667,1.36797,0.289559,0.708,,,4.18867,0.0619199,-0.00252936,999,,,,,,,75,5,74,4.933333333333334,,,,,,,,,,,,,,,,,,,"Jordan Hicks","19618",663855
"Jordan Wicks","CHC",0.589761,0.544805,0.275214,4.62638,8,1,0,0.2224,,11.6527,50.25,11.6888,6.46,5.99,1.588,4.14606,0.237479,0.425554,9.24218,7.1382,3.20221,2.22915,1.22649,0.183924,0.0825086,0.10141537338495255,0.255893,1.3589,0.289851,0.688737,,,4.47201,0.0608462,0.0884982,999,,,,,,,39.000000000000014,3.2500000000000013,40,3.3333333333333335,,,,,,,,,,,,,,,,,,,"Jordan Wicks","30094",696136
"José Urquidy","CHW",0.520126,1.19767,0.480787,5.01363,6,2,0,0.2028,,13.212,56.42,13.3143,7.88,7.36,2.4546,3.90088,0.117044,0.52138,9.3313,6.35648,2.65728,2.3921,1.67207,0.16539,0.0691401,0.09624989330768585,0.256055,1.30299,0.270061,0.677505,,,5.11654,0.0605589,-0.015079,999,,,,,,,40.8,3.1384615384615384,42,3.230769230769231,,,,,,,,,,,,,,,,,,,"Jose Urquidy","18413",664353
"Matt Festa","CLE",0.538943,0.657269,0,4.45753,17,0,0,2.5089,,11.1452,47.89,10.2322,5.96,5.52,1.62484,4.29513,0.219496,0.700099,11.4275,9.22795,3.46842,2.66056,1.3121,0.238619,0.0896875,0.1489318460226059,0.238541,1.30346,0.288425,0.699227,,,4.29891,0.0602807,-0.0153349,999,,,,,,,49.80000000000001,4.527272727272728,48,4.363636363636363,,,,,,,,,,,,,,,,,,,"Matt Festa","19330",670036
"Mike Paredes","MIN",0.459011,0.629859,0.28709,4.90318,7,1,0,0.22,,10.5727,45.37,10.765,6.17,5.76,1.68475,3.2307,0.162124,0.427547,8.12379,6.91536,2.75013,2.51456,1.43414,0.179057,0.0712079,0.10784859210252762,0.258081,1.32376,0.284619,0.672482,,,4.68254,0.0593762,0.0347719,999,,,,,,,35.2,3.2,36,3.272727272727273,,,,,,,,,,,,,,,,,,,"Mike Paredes","30187",702474
"Jhony Brito","SDP",0.69615,0.66003,0.274981,4.66151,11,1,0,0.2244,,14.7506,63.41,14.9749,8.24,7.64,2.05693,4.86928,0.333254,0.590619,10.2396,6.24764,2.97097,2.10289,1.25502,0.161482,0.0767904,0.08469172567129135,0.25841,1.34531,0.282956,0.684028,,,4.64462,0.0586077,0.0475171,999,,,,,,,49.400000000000006,3.293333333333334,51,3.4,,,,,,,,,,,,,,,,,,,"Jhony Brito","25386",666745
"Anthony Bender","MIA",0.393368,0.522417,0,4.216,15,0,0,0.2134,,9.28606,39.5,8.3067,4.68,4.35,1.11587,3.54883,0.186926,0.557921,9.382,9.09299,3.4395,2.64369,1.0815,0.237519,0.0898437,0.1476752758026123,0.234697,1.2767,0.288842,0.697107,,,3.97797,0.0585837,-0.0217325,999,,,,,,,36.500000000000014,4.055555555555557,35,3.888888888888889,,,,,,,,,,,,,,,,,,,"Anthony Bender","19742",669622
"Shawn Armstrong","CLE",0.383043,0.442694,0,4.2729,12,0,0,0.2412,,7.66692,32.63,7.17403,3.93,3.64,0.998881,2.55421,0.0877782,0.442397,7.44269,8.73678,2.99832,2.9139,1.17256,0.228094,0.0782779,0.1498156562447548,0.242093,1.26886,0.291393,0.696083,,,4.03446,0.0580279,0.0256618,748.469970703125,,,,,,,33.7,4.2125,32,4,,,,,,,,,,,,,,,,,,,"Shawn Armstrong","12857",542888
"Braydon Fisher","TOR",0.709867,0.489218,0,4.20217,19,0,0,3.9297,,10.9015,46.87,9.20317,5.47,5.09,1.40444,5.13959,0.377865,0.587481,11.5759,9.55672,4.24311,2.25229,1.15947,0.246978,0.109656,0.13732153922319412,0.223688,1.31567,0.276918,0.716901,,,4.23684,0.0577629,0.0861149,999,,,,,,,67.70000000000002,6.154545454545456,64,5.818181818181818,,,,,,,,,,,,,,,,,,,"Braydon Fisher","24609",680755
"James Karinchak","ATL",0.62824,0.439355,0,4.69009,16,0,0,0.2359,,12.1277,53.16,9.76294,6.79,6.32,1.69915,7.14593,0.2705,0.660481,15.6229,11.5938,5.30301,2.18627,1.26095,0.293885,0.134423,0.15946196019649506,0.215263,1.39424,0.287669,0.696409,,,4.28574,0.0576936,-0.062506,999,,,,,,,46.20000000000002,3.8500000000000014,42,3.5,,,,,,,,,,,,,,,,,,,"James Karinchak","20151",675916
"Adam Macko","TOR",0.659705,0.458035,0,4.2368,18,0,0,3.2908,,10.2601,44.3,9.12218,5.2,4.83,1.22509,4.55046,0.366449,0.573123,10.8562,9.52291,3.99159,2.38575,1.07463,0.245062,0.102719,0.14234262704849243,0.232849,1.3326,0.291459,0.708562,,,4.04387,0.0574965,0.0320767,999,,,,,,,54.300000000000004,5.430000000000001,53,5.3,,,,,,,,,,,,,,,,,,,"Adam Macko","25590",671936
"Ryan Walker","SFG",0.513165,0.462309,0,4.54021,15,0,0,0.2248,,10.4268,45.33,10.5712,5.65,5.26,1.12136,3.78902,0.21579,0.683802,8.7932,7.58993,3.27053,2.3207,0.967916,0.193982,0.0835875,0.1103944256901741,0.258736,1.37724,0.3054,0.681002,,,4.10809,0.0571919,-0.0688794,144.55999755859375,,,,,,,36.1,3.6100000000000003,40,4,,,,,,,,,,,,,,,,,,,"Ryan Walker","20423",676254
"Andrew Kittredge","BAL",0.837467,0.524124,0,4.45277,21,0,3.646,3.4315,,13.2794,56.1,13.0964,7.07,6.57,1.95168,3.71014,0.218469,0.493551,11.9823,8.12092,2.51452,3.22961,1.32273,0.213588,0.0661344,0.14745405316352844,0.252356,1.26561,0.293572,0.6918,,,4.16537,0.0570541,-0.00893938,745.8499755859375,,,,,,,81.8,6.292307692307692,83,6.384615384615385,,,,,,,,,,,,,,,,,,,"Andrew Kittredge","12828",552640
"Tyler Samaniego","BOS",0.502444,0.353382,0,4.0111,12,0,0,0.2327,,8.99753,38.53,8.35699,4.32,4.01,0.858138,3.56238,0.262801,0.426084,7.53314,7.53521,3.56335,2.11464,0.858373,0.195514,0.0924572,0.10305652767419815,0.24194,1.32474,0.28676,0.70903,,,4.00496,0.0569018,0.0797711,999,,,,,,,37.500000000000014,4.166666666666668,36,4,,,,,,,,,,,,,,,,,,,"Tyler Samaniego","30081",701719
"Mason Molina","STL",0.187926,0.464456,0.263741,4.97955,1,1,0,0,,4.645,20.14,4.60228,2.74,2.57,0.738258,1.7878,0.0130298,0.201237,4.03966,7.82711,3.46398,2.25957,1.43042,0.200579,0.0887686,0.11181033402681351,0.253556,1.37569,0.288941,0.681428,,,4.72117,0.0566774,0.0169077,999,,,,,,,13.7,2.7399999999999998,14,2.8,,,,,,,,,,,,,,,,,,,"Mason Molina","sa3025586",695766
"Tyler Kinley","ATL",0.839861,0.569797,0,4.57073,21,0,0,4.7876,,15.8115,67.83,13.9576,8.62,8.03,2.42144,6.6528,0.365335,0.77951,16.4801,9.38056,3.78682,2.47716,1.3783,0.242961,0.0980805,0.14488079398870468,0.231095,1.30351,0.278006,0.696292,,,4.42621,0.0566309,-0.0497902,999,,,,,,,85.4,5.3375,82,5.125,,,,,,,,,,,,,,,,,,,"Tyler Kinley","18297",641755
"Spencer Bivens","SFG",0.635341,0.545984,0,4.37725,18,0,0,1.5584,,12.5832,54.24,12.1967,6.58,6.12,1.40021,4.74948,0.399479,0.689904,9.77877,6.99414,3.397,2.05891,1.00148,0.180287,0.0875641,0.09272290766239166,0.249929,1.34672,0.286975,0.691729,,,4.29887,0.0561828,-0.00893007,999,,,,,,,62.7,4.823076923076924,62,4.769230769230769,,,,,,,,,,,,,,,,,,,"Spencer Bivens","30226",702352
"Jose Cabrera","ARI",0.568023,0.668693,0.537238,5.26327,2,2,0,0,,9.268,40.33,9.86626,5.79,5.42,1.54238,3.09704,0.0267984,0.43835,6.47747,6.29016,3.00748,2.0915,1.49778,0.160612,0.0767924,0.08381923288106918,0.268144,1.39872,0.289277,0.663951,,,5.01976,0.0561766,-0.0257902,999,,,,,,,19.000000000000007,2.111111111111112,22,2.4444444444444446,,,,,,,,,,,,,,,,,,,"Jose Cabrera","30412",703615
"Huascar Brazobán","NYM",0.889048,0.523279,0,4.27096,21,0,0.366,4.1729,,14.4558,62.54,12.8126,7.37,6.86,1.64658,6.96177,0.227135,0.850339,13.9292,8.67214,4.33432,2.00081,1.02514,0.222724,0.111317,0.11140689253807068,0.234114,1.36792,0.285195,0.710072,,,4.28459,0.0558168,0.0449082,999,,,,,,,65.20000000000003,4.657142857142859,64,4.571428571428571,,,,,,,,,,,,,,,,,,,"Huascar Brazoban","6107",623211
"Ty Madden","DET",0.880487,0.906442,0.284761,4.91538,16,1,0,0.2045,,19.7747,86.15,19.0194,11.61,10.8,3.239,8.1931,0.458217,1.05177,18.5816,8.45699,3.72891,2.26795,1.47416,0.215688,0.0951027,0.12058567255735397,0.24731,1.37613,0.286476,0.688005,,,4.76227,0.0555841,-0.0870145,999,,,,,,,72.69999999999999,3.6349999999999993,72,3.6,,,,,,,,,,,,,,,,,,,"Ty Madden","30140",680744
"Jonathan Pintaro","NYM",0.673242,0.395005,0,4.27132,16,0,0,0.2155,,10.9357,47.37,9.72574,5.58,5.19,1.30384,5.064,0.237435,0.719206,11.2369,9.24784,4.16762,2.21897,1.07304,0.237215,0.106903,0.13031210005283356,0.233866,1.35242,0.28995,0.710389,,,4.19111,0.0550218,-0.0153302,999,,,,,,,47.10000000000001,4.281818181818182,46,4.181818181818182,,,,,,,,,,,,,,,,,,,"Jonathan Pintaro","33980",702752
"Jackson Jobe","DET",0.585539,0.624452,0.274748,4.66123,8,1,0,0.2045,,11.4691,49.48,10.7736,6.37,5.94,1.72597,4.61797,0.195601,0.596019,10.0396,7.87826,3.62381,2.17403,1.3544,0.202902,0.09333,0.10957217216491699,0.243383,1.342,0.278384,0.695292,,,4.67919,0.0546578,0.0305826,999,,,,,,,30.200000000000003,2.7454545454545456,31,2.8181818181818183,,,,,,,,,,,,,,,,,,,"Jackson Jobe","30203",695549
"River Ryan","LAD",0.392424,0.228224,0.304445,4.68102,1,1,0,0,,4.922,21.11,4.88003,2.75,2.56,0.735072,1.69995,0.0125963,0.232002,4.17265,7.62979,3.1084,2.45457,1.3441,0.197662,0.0805282,0.1171339601278305,0.254459,1.33685,0.29046,0.689977,,,4.53323,0.0544427,0.0169077,675.5399780273438,,,,,,,13.7,2.7399999999999998,14,2.8,,,,,,,,,,,,,,,,,,,"River Ryan","29514",689981
"Wikelman González","CHW",0.315573,0.428147,0,4.04577,11,0,0,0.2028,,7.74143,33.65,6.07767,3.73,3.48,0.760242,4.42453,0.164797,0.570973,8.31292,9.6644,5.14385,1.87883,0.88384,0.247041,0.131487,0.11555396020412445,0.212102,1.35662,0.271556,0.717557,,,4.17462,0.054335,0.0256621,999,,,,,,,32.300000000000004,4.0375000000000005,28,3.5,,,,,,,,,,,,,,,,,,,"Wikelman Gonzalez","26641",682790
"Ty Johnson","TBR",0.202019,0.450231,0.272324,4.87365,1,1,0,0,,4.709,20.2,4.55622,2.73,2.55,0.829695,1.61835,0.0132772,0.242967,4.47837,8.55922,3.09304,2.76726,1.58574,0.221702,0.0801161,0.1415855661034584,0.248448,1.31123,0.285982,0.687127,,,4.68399,0.0539822,0.0169077,999,,,,,,,13.7,2.7399999999999998,14,2.8,,,,,,,,,,,,,,,,,,,"Ty Johnson","sa3023410",694494
"Riley Cornelio","WSN",0.678783,1.1949,0.28546,4.89457,19,1,0,3.2629,,22.7272,100.25,21.1903,13.26,12.36,3.327,11.6001,0.602746,1.06132,22.628,8.96071,4.59365,1.95067,1.31749,0.225716,0.115712,0.11000428348779678,0.24193,1.44278,0.289831,0.694227,,,4.69281,0.0536857,-0.0276149,999,,,,,,,97.70000000000002,4.247826086956523,95,4.130434782608695,,,,,,,,,,,,,,,,,,,"Riley Cornelio","31953",683000
"Chase Silseth","TEX",0.643445,0.689274,0,4.31866,20,0,0.337,4.2342,,13.1499,56.7,11.4573,6.78,6.31,1.71673,6.07942,0.292464,0.785804,14.1429,9.67962,4.16085,2.32636,1.17495,0.249434,0.107221,0.14221321046352386,0.229906,1.3336,0.286697,0.710798,,,4.22208,0.0536805,-0.00893659,999,,,,,,,66,5.076923076923077,62,4.769230769230769,,,,,,,,,,,,,,,,,,,"Chase Silseth","30074",681217
"Tyson Hardin","MIL",0.258838,0.388286,0.3023,4.9262,1,1,0,0,,4.878,20.98,5.10413,2.86,2.67,0.786734,1.48327,0.0146711,0.190432,4.0695,7.5083,2.73666,2.7436,1.45154,0.19397,0.0706992,0.12327121943235397,0.264377,1.35043,0.298781,0.679442,,,4.56722,0.0534957,0.0169077,999,,,,,,,16.7,3.34,17,3.4,,,,,,,,,,,,,,,,,,,"Tyson Hardin","sa3025574",824620
"Ryan Ramsey","KCR",0.543693,0.732158,0.622838,5.47786,2,2,0,0,,9.71,42.98,10.3968,6.33,5.91,1.63501,3.86627,0.0278915,0.529652,6.92487,6.41852,3.58357,1.7911,1.51546,0.161118,0.0899552,0.07116318494081497,0.269459,1.46891,0.291825,0.662523,,,5.23055,0.0530572,0.0338154,999,,,,,,,22.4,2.2399999999999998,23,2.3,,,,,,,,,,,,,,,,,,,"Ryan Ramsey","sa3020605",687547
"Brenan Hanifee","DET",0.721681,0.543834,0,4.43111,18,0,0,2.2492,,12.3897,53.12,12.9123,6.58,6.1,1.32842,3.58782,0.239772,0.681038,8.24594,5.98995,2.60623,2.29832,0.964977,0.155232,0.0675417,0.08769065886735916,0.264318,1.33176,0.294928,0.677587,,,4.20613,0.0523986,-0.0625489,999,,,,,,,51.70000000000002,4.3083333333333345,56,4.666666666666667,,,,,,,,,,,,,,,,,,,"Brenan Hanifee","22304",669724
"Tobias Myers","NYM",0.966011,0.815736,0.285227,5.09887,17,1,0,1.3791,,20.7046,90.11,21.8861,12.62,11.73,3.51062,6.72913,0.378493,0.867684,16.2435,7.06085,2.92506,2.41391,1.52602,0.180264,0.0746769,0.10558664053678513,0.265243,1.38207,0.292794,0.674894,,,4.84564,0.0523665,-0.133678,999,,,,,,,61,2.9047619047619047,65,3.0952380952380953,,,,,,,,,,,,,,,,,,,"Tobias Myers","22191",668964
"John King","MIA",0.489836,0.67694,0,4.29741,19,0,0.347,3.7349,,11.9584,50.92,12.5813,6.16,5.71,1.2363,3.31912,0.19,0.443724,8.06778,6.07191,2.49801,2.4307,0.930457,0.15844,0.065183,0.09325732290744781,0.266795,1.32965,0.299712,0.687417,,,4.04839,0.0522926,0.0384925,999,,,,,,,65.70000000000002,5.475000000000001,70,5.833333333333333,,,,,,,,,,,,,,,,,,,"John King","22051",667463
"Jonathan Cannon","CHW",0.65444,1.43231,0.569522,5.09715,11,2,0,0.2028,,18.6457,80.94,18.9364,11.34,10.56,3.15111,6.64363,0.263641,0.921405,13.9604,6.73847,3.20678,2.10132,1.521,0.172478,0.0820809,0.0903974324464798,0.258077,1.3719,0.280559,0.672699,,,5.02646,0.052078,0.0101137,999,,,,,,,58.29999999999999,3.0684210526315785,60,3.1578947368421053,,,,,,,,,,,,,,,,,,,"Jonathan Cannon","31730",686563
"C.J. Culpepper","MIN",0.338822,0.497015,0.305585,4.98855,3,1,0,0,,6.80157,29.87,6.98392,4.03,3.77,0.885798,2.81679,0.0667093,0.372931,5.43964,7.19786,3.72725,1.93115,1.17211,0.182111,0.0943018,0.08780878037214279,0.261763,1.44095,0.299591,0.674102,,,4.61015,0.0520125,0.0222549,999,,,,,,,22.3,3.185714285714286,23,3.2857142857142856,,,,,,,,,,,,,,,,,,,"C.J. Culpepper","sa3020563",690217
"Brendan Beck","NYY",0.664378,0.573294,0.27894,4.63264,9,1,0,0.228,,12.0061,51.05,11.1648,6.63,6.18,2.08179,4.08548,0.228718,0.495066,10.5476,7.90671,3.06255,2.58174,1.56055,0.206614,0.080029,0.12658505886793137,0.240262,1.27021,0.268412,0.698804,,,4.75136,0.0520029,-0.0160529,999,,,,,,,45.600000000000016,3.800000000000001,44,3.6666666666666665,,,,,,,,,,,,,,,,,,,"Brendan Beck","33043",694341
"Alec Gamboa","BOS",0.681613,0.465074,0,3.97262,16,0,0,1.4275,,12.0072,51.52,10.4971,5.7,5.3,1.14884,5.59387,0.341839,0.491814,10.1948,7.64154,4.19289,1.8225,0.861111,0.197881,0.108577,0.08930456638336182,0.231038,1.34011,0.274217,0.717479,,,4.17594,0.0519984,0.0384933,999,,,,,,,56.500000000000014,4.708333333333335,53,4.416666666666667,,,,,,,,,,,,,,,,,,,"Alec Gamboa","26227",687941
"Brady Basso","ATH",0.792996,0.521199,0,4.59038,20,0,0.358,3.9414,,14.8223,63.97,14.8361,8.13,7.56,2.01537,5.17804,0.428564,0.641967,12.9399,7.85703,3.14407,2.499,1.22372,0.202281,0.0809449,0.12133637070655823,0.255136,1.35027,0.296814,0.691236,,,4.30927,0.0519533,-0.00252681,999,,,,,,,71.4,4.760000000000001,73,4.866666666666666,,,,,,,,,,,,,,,,,,,"Brady Basso","25582",669620
"Jack Anderson","MIN",0.827227,1.03291,0.291747,5.04231,19,1,0,2.3758,,21.3117,92.14,22.4009,12.85,11.94,3.77536,6.36344,0.589764,0.760281,18.6389,7.87128,2.68731,2.92906,1.59435,0.202289,0.0690627,0.13322627544403076,0.263489,1.3497,0.297523,0.677816,,,4.66629,0.0516267,-0.138279,999,,,,,,,73.99999999999999,3.5238095238095233,78,3.7142857142857144,,,,,,,,,,,,,,,,,,,"Jack Anderson","30086",681252
"Tim Herrin","CLE",0.675571,0.771723,0,4.239,21,0,0.369,4.8247,,13.9278,60.39,12.6714,7.08,6.56,1.4983,6.3913,0.309004,0.864863,12.5724,8.12411,4.12998,1.9671,0.968183,0.208186,0.105834,0.10235228389501572,0.238482,1.36868,0.286027,0.706316,,,4.2658,0.0506799,0.0449082,999,,,,,,,82.50000000000003,5.892857142857145,82,5.857142857142857,,,,,,,,,,,,,,,,,,,"Tim Herrin","25139",682120
"George Soriano","STL",0.571032,0.792675,0,4.74125,21,0,1.142,5.1805,,15.3567,67.04,14.7426,8.66,8.09,2.02389,6.48571,0.346165,0.994166,14.4099,8.44513,3.80103,2.2218,1.18613,0.214946,0.0967439,0.11820158362388611,0.247525,1.38235,0.294918,0.683252,,,4.40755,0.0500898,-0.103273,999,,,,,,,79.4,5.293333333333334,81,5.4,,,,,,,,,,,,,,,,,,,"George Soriano","21863",666277
"Matt Waldron","SDP",0.599332,0.628374,0.281035,5.03836,9,1,0,0.2244,,12.647,54.96,13.0618,7.62,7.08,2.08992,4.23356,0.237377,0.65163,10.4017,7.4022,3.01274,2.45697,1.48726,0.18926,0.0770298,0.11222974210977554,0.260845,1.36755,0.291935,0.673326,,,4.77187,0.0499503,-0.0587404,999,,,,,,,42.8,3.292307692307692,44,3.3846153846153846,,,,,,,,,,,,,,,,,,,"Matt Waldron","25550",663362
"Noah Murdock","PIT",0.598195,0.518523,0,4.29191,17,0,0,1.3674,,10.7574,47.8,9.84205,5.51,5.13,0.83105,6.21982,0.267871,0.818352,10.4103,8.70956,5.20369,1.67373,0.695281,0.217789,0.130122,0.08766680955886841,0.241453,1.49309,0.305246,0.708255,,,4.14134,0.0499041,-0.0153349,999,,,,,,,46.10000000000001,4.190909090909091,45,4.090909090909091,,,,,,,,,,,,,,,,,,,"Noah Murdock","27908",668716
"Reiver Sanmartin","SFG",0.486155,0.409816,0,4.27379,14,0,0,0.2248,,9.70802,42.08,9.83742,4.96,4.61,0.920226,3.76078,0.217854,0.394939,7.79567,7.22712,3.4865,2.07289,0.853113,0.185258,0.0893721,0.0958862379193306,0.259396,1.40072,0.305296,0.701729,,,4.02018,0.0493097,0.0320776,999,,,,,,,39.7,3.97,41,4.1,,,,,,,,,,,,,,,,,,,"Reiver Sanmartin","19754",665665
"Kyle Finnegan","DET",0.843047,0.645913,0,4.50692,21,0,1.251,3.7497,,14.5377,62.37,13.9624,7.86,7.28,1.95383,5.44052,0.253344,0.649972,13.004,8.05057,3.36812,2.39022,1.20958,0.208498,0.0872297,0.12126871198415756,0.24809,1.33467,0.290612,0.692538,,,4.32472,0.0490607,-0.00252936,639.030029296875,,,,,,,79,5.266666666666667,78,5.2,,,,,,,,,,,,,,,,,,,"Kyle Finnegan","15009",640448
"Hancel Rincon","STL",0.145689,0.166033,0,3.80581,5,0,0,0,,3.66545,15.2,3.25606,1.67,1.55,0.453964,0.978958,0.124118,0.144871,3.52427,8.65335,2.4037,3.60002,1.11465,0.23186,0.0644051,0.16745448112487793,0.231317,1.15539,0.277492,0.71261,,,3.71661,0.0488703,0.0128312,999,,,,,,,26.8,6.7,25,6.25,,,,,,,,,,,,,,,,,,,"Hancel Rincon","sa3009629",684516
"John Klein","MIN",0.517827,0.700409,0.288953,5.00616,9,1,0,0.22,,11.5238,50.26,11.2886,6.87,6.41,1.83239,4.58992,0.228025,0.68134,10.5518,8.24084,3.58469,2.2989,1.43109,0.209943,0.0913235,0.1186198741197586,0.25092,1.37789,0.290027,0.676662,,,4.71782,0.0485035,-0.0160529,999,,,,,,,39.600000000000016,3.300000000000001,38,3.1666666666666665,,,,,,,,,,,,,,,,,,,"John Klein","32155",804619
"Ryan Helsley","BAL",0.291582,0.163515,0,3.87892,7,0,0,0.2114,,4.73328,19.83,4.06739,2.19,2.04,0.601647,1.70631,0.0875401,0.185248,5.04908,9.60049,3.24443,2.95907,1.14399,0.254618,0.0860468,0.1685716137290001,0.226742,1.21981,0.28205,0.726711,,,3.8276,0.0483432,0.0670534,85.58999633789062,,,,,,,18.299999999999997,3.6599999999999993,16,3.2,,,,,,,,,,,,,,,,,,,"Ryan Helsley","18138",664854
"Gavin Hollowell","CHC",0.756448,0.483487,0,4.23061,19,0,0,2.2244,,13.1896,56.68,10.7479,6.65,6.2,1.7792,6.43629,0.45066,0.849858,13.9909,9.5468,4.39184,2.17376,1.21405,0.246841,0.113555,0.13328610360622406,0.217596,1.30286,0.266738,0.716939,,,4.39909,0.0482075,-0.0089335,999,,,,,,,57.99999999999999,4.461538461538461,54,4.153846153846154,,,,,,,,,,,,,,,,,,,"Gavin Hollowell","25427",668970
"Joe Rock","CHW",0.335771,0.457839,0,4.12025,12,0,0,0.2028,,8.47522,36.25,7.83463,4.18,3.88,0.923267,3.24203,0.217043,0.418594,7.83978,8.32522,3.44277,2.41817,0.980435,0.21627,0.0894353,0.12683448940515518,0.240404,1.30695,0.290072,0.704885,,,3.97162,0.0481938,0.0256618,999,,,,,,,33.10000000000001,4.137500000000001,34,4.25,,,,,,,,,,,,,,,,,,,"Joe Rock","30016",697812
"Cade Povich","BAL",0.612749,0.530744,0.277775,4.76942,8,1,0,0.2114,,10.6428,46,10.427,6.06,5.64,1.72917,4.0811,0.23599,0.375812,9.59602,8.11479,3.45114,2.35133,1.46226,0.208609,0.0887195,0.11988966912031174,0.250993,1.36319,0.287838,0.698926,,,4.6749,0.0474272,0.0305826,999,,,,,,,38.80000000000001,3.5272727272727282,37,3.3636363636363638,,,,,,,,,,,,,,,,,,,"Cade Povich","30055",700249
"Cole Winn","TEX",0.702406,0.567589,0,4.20826,20,0,0,3.247,,12.1689,52.21,10.6423,6.13,5.69,1.46079,5.27179,0.322945,0.676379,11.1665,8.25862,3.89896,2.11816,1.08039,0.213877,0.100973,0.11290383338928223,0.230044,1.30776,0.272977,0.705465,,,4.30143,0.0471897,0.0384923,999,,,,,,,63.90000000000001,5.325000000000001,63,5.25,,,,,,,,,,,,,,,,,,,"Cole Winn","22113",668390
"Gavin Stone","LAD",0.397394,0.237575,0.341187,4.95688,1,1,0,0,,5.102,21.98,5.37874,3,2.81,0.826441,1.5999,0.011937,0.164915,4.08811,7.21149,2.82225,2.55523,1.45785,0.185992,0.0727891,0.11320335417985916,0.266074,1.36783,0.297524,0.683425,,,4.65068,0.047066,0.0169077,999,,,,,,,13.7,2.7399999999999998,14,2.8,,,,,,,,,,,,,,,,,,,"Gavin Stone","27792",694813
"Hunter Harvey","CHC",0.353704,0.217855,0,4.07248,9,0,0,0.2224,,6.34257,26.44,5.77787,3.09,2.87,0.838783,1.78638,0.104793,0.288612,6.16982,8.75486,2.53485,3.4538,1.19022,0.233352,0.0675637,0.16578785330057144,0.237138,1.19262,0.284569,0.700201,,,3.86487,0.0466889,0.0192464,748.530029296875,,,,,,,22.500000000000007,3.7500000000000013,23,3.8333333333333335,,,,,,,,,,,,,,,,,,,"Hunter Harvey","15507",640451
"Easton McGee","KCR",0.592809,0.445459,0,4.7328,16,0,0,1.4202,,11.3717,49.14,11.6384,6.43,5.98,1.57939,3.55378,0.267248,0.666407,9.78303,7.74267,2.8126,2.75285,1.24999,0.199085,0.0723196,0.12676529586315155,0.259092,1.33596,0.299754,0.674998,,,4.30802,0.0466808,-0.0153302,999,,,,,,,34.60000000000001,3.1454545454545464,38,3.4545454545454546,,,,,,,,,,,,,,,,,,,"Easton McGee","22176",668834
"Paul Sewald","ARI",0.83757,0.557292,0,4.52831,20,0,1.092,3.6876,,14.8267,62.61,12.852,8.03,7.46,2.77098,5.17572,0.257066,0.680183,16.1487,9.80245,3.14173,3.12009,1.68202,0.257925,0.082666,0.17525910586118698,0.226451,1.2159,0.266452,0.706636,,,4.54586,0.0465988,-0.00252681,389.9100036621094,,,,,,,75.3,5.02,71,4.733333333333333,,,,,,,,,,,,,,,,,,,"Paul Sewald","13892",623149
"Robby Ahlstrom","TEX",0.626188,0.502946,0,4.1805,18,0,0,2.1865,,10.8504,46.38,9.85831,5.43,5.04,1.34118,4.28993,0.289447,0.487895,10.1392,8.41009,3.55834,2.36348,1.11246,0.218611,0.0924952,0.12611570209264755,0.236966,1.30394,0.282756,0.710498,,,4.16871,0.0465678,0.0861228,999,,,,,,,59.10000000000001,5.372727272727274,58,5.2727272727272725,,,,,,,,,,,,,,,,,,,"Robby Ahlstrom","30167",695239
"Brandon Eisert","PIT",0.44583,0.40269,0,4.59828,13,0,0,0.2051,,8.02474,34.77,8.11626,4.43,4.1,1.05001,2.82569,0.189324,0.316995,7.94037,8.90537,3.1691,2.81007,1.17762,0.228368,0.081268,0.14710047841072083,0.256622,1.36353,0.312156,0.687499,,,4.00663,0.0464518,0.0256616,999,,,,,,,33.10000000000001,4.137500000000001,34,4.25,,,,,,,,,,,,,,,,,,,"Brandon Eisert","27668",685126
"Jason Adam","SDP",0.560949,0.377148,0,4.10616,14,0,0,0.2244,,9.68788,40.6,8.32096,4.76,4.42,1.24394,3.38852,0.189637,0.591802,8.0201,7.45063,3.14792,2.36684,1.15562,0.197539,0.0834612,0.11407811939716339,0.227226,1.20867,0.258704,0.697182,,,4.35582,0.0463588,0.0320776,999,,,,,,,44.900000000000006,4.49,41,4.1,,,,,,,,,,,,,,,,,,,"Jason Adam","11861",592094
"Chase Shugart","PHI",0.870251,0.475221,0,4.64709,18,0,0,3.0326,,13.6344,59.08,13.2366,7.58,7.04,2.01886,5.22005,0.266895,0.69951,13.3809,8.8327,3.44574,2.56337,1.33265,0.226488,0.0883555,0.13813219219446182,0.248994,1.35369,0.297075,0.695873,,,4.37433,0.0460151,-0.0561469,999,,,,,,,65.20000000000003,4.657142857142859,64,4.571428571428571,,,,,,,,,,,,,,,,,,,"Chase Shugart","21544",663767
"Stephen Kolek","KCR",0.313864,0.351401,0.37772,5.03959,1,1,0,0,,5.304,23.09,5.87347,3.18,2.97,0.729535,1.57429,0.0173794,0.314112,3.46311,5.87632,2.6713,2.1998,1.2379,0.149983,0.0681805,0.08180265873670578,0.27703,1.40418,0.302425,0.664097,,,4.66005,0.0459924,0.0169077,999,,,,,,,9.1,1.8199999999999998,12,2.4,,,,,,,,,,,,,,,,,,,"Stephen Kolek","21487",663568
"Nolan Hoffman","PHI",0.342867,0.174539,0,4.21989,7,0,0,0.2042,,5.52384,24.01,5.36243,2.79,2.59,0.467183,2.31877,0.120523,0.336302,4.82543,7.86209,3.77798,2.08103,0.761183,0.200976,0.0965752,0.10440071672201157,0.25111,1.39056,0.304766,0.696044,,,3.90405,0.0458845,0.019247,999,,,,,,,35.400000000000006,5.900000000000001,34,5.666666666666667,,,,,,,,,,,,,,,,,,,"Nolan Hoffman","23381",676510
"Sam Bachman","LAA",0.68061,0.719728,0,4.2105,21,0,1.761,3.8262,,13.8725,60.2,12.3316,6.98,6.49,1.49727,6.73437,0.322733,0.96622,13.0424,8.46152,4.36904,1.9367,0.971383,0.216652,0.111867,0.10478530079126358,0.23489,1.37438,0.285417,0.712205,,,4.29779,0.0456904,0.0449082,999,,,,,,,88.10000000000002,6.2928571428571445,85,6.071428571428571,,,,,,,,,,,,,,,,,,,"Sam Bachman","29754",696147
"Sam Moll","CIN",0.581992,0.666338,0,4.33709,20,0,0,3.5868,,12.6168,54.71,11.6936,6.56,6.08,1.51691,5.5958,0.44043,0.745727,11.8494,8.45263,3.99169,2.11756,1.08206,0.216586,0.102281,0.11430490761995316,0.241761,1.37035,0.290745,0.707477,,,4.30223,0.0456586,-0.00893659,999,,,,,,,59.39999999999999,4.569230769230769,58,4.461538461538462,,,,,,,,,,,,,,,,,,,"Sam Moll","14874",594580
"Mitch Spence","KCR",0.765696,0.94096,0.55146,5.3918,7,2,0,0.2174,,14.472,63.6,16.209,9.3,8.67,2.35073,4.71274,0.196587,0.689219,10.0507,6.25042,2.93081,2.13266,1.4619,0.158029,0.0740997,0.08392945677042007,0.278515,1.44567,0.302604,0.659176,,,4.95219,0.0451142,-0.0607048,999,,,,,,,39.4,2.814285714285714,46,3.2857142857142856,,,,,,,,,,,,,,,,,,,"Mitch Spence","27707",687765
"Clayton Beeter","WSN",0.575263,0.753289,0,4.34126,21,0,9.517,1.4603,,14.4497,62.97,12.0977,7.47,6.97,1.85995,7.9551,0.340948,0.792635,15.8627,9.88009,4.95483,1.99403,1.15847,0.251909,0.126332,0.12557744979858398,0.223112,1.38776,0.280488,0.721124,,,4.40367,0.0450303,0.0449082,307.1400146484375,,,,,,,106.80000000000003,7.628571428571431,103,7.357142857142857,,,,,,,,,,,,,,,,,,,"Clayton Beeter","27494",690925
"Gordon Graceffo","STL",0.547527,0.745617,0,4.70198,20,0,0,4.3079,,14.6236,63.48,14.6938,8.18,7.64,1.79965,5.46109,0.329266,0.623606,11.4005,7.01637,3.36098,2.08759,1.10758,0.179593,0.0860284,0.09356406331062317,0.25601,1.37824,0.291754,0.679026,,,4.39863,0.0442937,-0.00252681,999,,,,,,,67.4,4.493333333333334,69,4.6,,,,,,,,,,,,,,,,,,,"Gordon Graceffo","29519",700669
"A.J. Puk","ARI",0.289876,0.184604,0,4.16203,7,0,0,0.2208,,5.36277,22.67,4.87625,2.68,2.48,0.724565,1.77942,0.121482,0.264771,5.65263,9.48647,2.98629,3.17667,1.21599,0.249344,0.0784922,0.17085198312997818,0.236415,1.24109,0.291375,0.704746,,,3.9016,0.0437593,-0.0344244,748.5,,,,,,,17.7,3.54,18,3.6,,,,,,,,,,,,,,,,,,,"A.J. Puk","19343",640462
"Jake Bird","NYY",0.49252,0.300327,0,4.21555,12,0,0,0.228,,7.57909,32.62,6.89669,3.82,3.55,0.882444,3.07641,0.146821,0.576617,7.69632,9.1392,3.65317,2.50172,1.04788,0.235939,0.0943107,0.14162799715995789,0.238088,1.31587,0.294986,0.704203,,,4.03836,0.043504,0.0256618,999,,,,,,,32.7,4.0875,31,3.875,,,,,,,,,,,,,,,,,,,"Jake Bird","21267",656234
"Calvin Faucher","MIA",0.517902,0.805222,0,4.84035,21,0,0.693,4.8613,,13.2945,58.74,13.2773,7.67,7.15,1.52641,6.11479,0.313073,0.727335,12.6508,8.56422,4.13954,2.06888,1.03333,0.215369,0.104099,0.11126991361379623,0.255834,1.45865,0.311523,0.679339,,,4.24313,0.0431978,-0.109671,999,,,,,,,67.8,5.2153846153846155,69,5.3076923076923075,,,,,,,,,,,,,,,,,,,"Calvin Faucher","20116",676534
"Jacob Webb","CHC",0.828089,0.533304,0,4.30918,21,0,2.266,3.8009,,14.5991,62.4,12.5464,7.52,6.99,2.08301,6.316,0.255906,0.713648,14.6997,9.06206,3.89367,2.32738,1.28413,0.235573,0.101218,0.13435475528240204,0.22659,1.29203,0.271158,0.711292,,,4.39533,0.0431446,-0.00252936,999,,,,,,,87.60000000000001,5.840000000000001,84,5.6,,,,,,,,,,,,,,,,,,,"Jacob Webb","19274",657097
"Elvis Alvarado","ATH",0.839212,0.55207,0,4.60224,21,0,2.861,3.5058,,15.5859,67.78,13.9447,8.57,7.97,2.31375,7.18501,0.344083,1.04899,17.1015,9.87517,4.14895,2.38016,1.33606,0.252309,0.106005,0.14630361646413803,0.234183,1.35569,0.289825,0.702033,,,4.43001,0.0422947,-0.0497902,748.52001953125,,,,,,,98.4,6.15,95,5.9375,,,,,,,,,,,,,,,,,,,"Elvis Alvarado","21662",665660
"Johan Oviedo","BOS",0.66199,0.70979,0.270789,4.65295,10,1,0,0.2327,,14.4876,63.07,13.1496,8.04,7.49,2.07639,6.79975,0.269595,0.963534,13.2084,8.20535,4.22416,1.94248,1.2899,0.209424,0.107813,0.10161155462265015,0.237759,1.377,0.27668,0.698808,,,4.75708,0.0420757,-0.00588311,536.780029296875,,,,,,,47.20000000000003,3.3714285714285737,46,3.2857142857142856,,,,,,,,,,,,,,,,,,,"Johan Oviedo","22487",670912
"Lucas Erceg","KCR",0.750675,0.547867,0,4.59216,20,0,0.358,3.8705,,14.1894,62.12,14.2237,7.77,7.24,1.4549,5.80557,0.255125,1.00206,10.6617,6.76248,3.68233,1.83647,0.922809,0.171631,0.0934573,0.07817377150058746,0.257153,1.41157,0.295604,0.681359,,,4.3792,0.0414435,-0.05618,490.70001220703125,,,,,,,71.9,5.135714285714286,74,5.285714285714286,,,,,,,,,,,,,,,,,,,"Lucas Erceg","19360",668674
"Pete Hansen","STL",0.204562,0.476673,0.384594,5.24732,1,1,0,0,,5.317,23.18,5.89996,3.31,3.1,0.884878,1.65299,0.0140702,0.178409,3.92644,6.64622,2.79799,2.37536,1.49782,0.169389,0.071311,0.09807805716991425,0.276363,1.42053,0.303259,0.671978,,,4.82963,0.0408101,0.0169077,999,,,,,,,11.1,2.2199999999999998,14,2.8,,,,,,,,,,,,,,,,,,,"Pete Hansen","sa3020798",677337
"Yerry De los Santos","NYY",0.417082,0.250829,0,4.0842,10,0,0,0.228,,6.2142,26.49,5.77768,3.04,2.82,0.641797,2.31814,0.114173,0.332407,5.28668,7.65668,3.35736,2.28057,0.929512,0.199573,0.0875101,0.11206255853176117,0.242358,1.3028,0.286745,0.702461,,,4.03046,0.0406875,0.0192462,999,,,,,,,20.500000000000007,3.416666666666668,21,3.5,,,,,,,,,,,,,,,,,,,"Yerry De los Santos","21420",660787
"Daniel Duarte","NYM",0.758147,0.454976,0,4.38927,18,0,0,2.3273,,12.3438,53.43,11.3404,6.47,6.02,1.49036,5.49743,0.329158,0.660402,11.1435,8.12488,4.00825,2.02704,1.08665,0.208563,0.10289,0.10567223280668259,0.239895,1.36407,0.284367,0.70284,,,4.37038,0.0405925,0.0384928,999,,,,,,,59.90000000000001,4.991666666666668,59,4.916666666666667,,,,,,,,,,,,,,,,,,,"Daniel Duarte","17480",650960
"Andrew Nardi","MIA",0.235678,0.316921,0,4.25103,9,0,0,0.2134,,6.01266,25.66,5.31304,3.06,2.84,0.850414,2.42678,0.110155,0.261015,6.67749,9.99515,3.6325,2.75159,1.27294,0.26023,0.0945743,0.16565534472465515,0.231281,1.28725,0.288949,0.714559,,,4.06833,0.0396428,0.0192464,999,,,,,,,27.10000000000001,4.516666666666668,25,4.166666666666667,,,,,,,,,,,,,,,,,,,"Andrew Nardi","25942",677053
"Chad Dallas","TOR",1.07514,1.06858,0.557414,4.86997,14,2,0,1.4773,,19.2753,83.52,18.6565,11.19,10.43,3.26962,7.60884,0.340905,0.996002,16.9222,7.90131,3.55271,2.22402,1.52665,0.202613,0.091102,0.11151063442230225,0.249035,1.36264,0.281176,0.695105,,,4.89829,0.0391854,-0.00378794,999,,,,,,,65.29999999999998,3.436842105263157,67,3.526315789473684,,,,,,,,,,,,,,,,,,,"Chad Dallas","30158",689149
"John Schreiber","KCR",0.753386,0.547901,0,4.61119,20,0,0.715,4.0794,,14.1894,61.56,14.1797,7.82,7.27,1.75882,5.22376,0.293451,0.79834,11.2164,7.11427,3.31331,2.14718,1.11558,0.182202,0.0848564,0.09734565019607544,0.255316,1.36746,0.291825,0.683749,,,4.41339,0.0389408,-0.05618,999,,,,,,,67.6,4.828571428571428,69,4.928571428571429,,,,,,,,,,,,,,,,,,,"John Schreiber","20020",670167
"Caleb Ferguson","CIN",0.625215,0.757042,0,4.60949,22,0,0.702,5.2059,,13.9603,60.87,13.9608,7.69,7.15,1.65546,5.59953,0.273527,0.853627,11.6129,7.48667,3.60993,2.07391,1.06725,0.190782,0.0919916,0.09879084676504135,0.256553,1.40114,0.299048,0.688427,,,4.37435,0.0389009,-0.0562071,999,,,,,,,70.6,5.042857142857143,72,5.142857142857143,,,,,,,,,,,,,,,,,,,"Caleb Ferguson","19349",657571
"Will Vest","DET",0.201952,0.141492,0,4.02236,5,0,0,0.2045,,3.57999,15.2,3.47706,1.72,1.6,0.368743,1.12736,0.0541461,0.178897,3.40314,8.55541,2.83416,3.01867,0.92701,0.223891,0.0741687,0.1497224122285843,0.250261,1.28615,0.30709,0.705551,,,3.64217,0.0388807,0.0128312,485.7300109863281,,,,,,,24.8,6.2,23,5.75,,,,,,,,,,,,,,,,,,,"Will Vest","19769",676684
"Greg Weissert","BOS",0.865982,0.663894,0,4.4574,21,0,0,4.3446,,15.7693,67.18,14.9474,8.43,7.81,2.30121,5.29051,0.348563,0.794749,13.7143,7.82716,3.01945,2.59225,1.31337,0.204143,0.0787512,0.12539158016443253,0.244659,1.28337,0.280532,0.69392,,,4.42512,0.0387564,0.0513245,999,,,,,,,80.80000000000001,5.050000000000001,80,5,,,,,,,,,,,,,,,,,,,"Greg Weissert","20375",669711
"Angel Bastardo","BOS",0.251732,0.176299,0,4.00708,6,0,0,0,,4.51451,19.33,3.89965,2.16,2.01,0.49038,2.02995,0.129635,0.20086,4.67224,9.31446,4.04686,2.30165,0.977608,0.241709,0.105016,0.13669374585151672,0.22806,1.31345,0.285615,0.718968,,,3.93438,0.0387106,0.067108,999,,,,,,,30.6,6.12,29,5.8,,,,,,,,,,,,,,,,,,,"Angel Bastardo","sa3009716",682785
"Drew Thorpe","CHW",0.213538,0.460535,0.3469,4.80023,1,1,0,0,,5.156,22.01,4.93324,2.95,2.75,0.866603,1.85297,0.012425,0.196068,3.7034,6.46444,3.23443,1.99863,1.51269,0.16826,0.0841877,0.08407235145568848,0.247144,1.31618,0.264222,0.688361,,,5.05041,0.0381578,0.0169077,999,,,,,,,13.7,2.7399999999999998,14,2.8,,,,,,,,,,,,,,,,,,,"Drew Thorpe","31967",689672
"Tristan Beck","SFG",0.411798,0.377807,0,4.67934,12,0,0,0.2248,,8.2704,35.91,8.49709,4.62,4.3,1.02241,2.83857,0.209282,0.386364,6.49098,7.0636,3.08898,2.28671,1.11261,0.180757,0.0790467,0.10171015560626984,0.259969,1.37063,0.296948,0.678056,,,4.31694,0.0380604,-0.0751677,999,,,,,,,29.100000000000005,3.6375000000000006,30,3.75,,,,,,,,,,,,,,,,,,,"Tristan Beck","21584",663941
"Jordan Romano","COL",0.725925,0.63935,0,5.09827,20,0,3.157,3.1693,,15.1816,66.32,15.2377,9.26,8.6,2.43984,5.80439,0.366368,0.815953,15.3895,9.12322,3.44097,2.65135,1.44639,0.232049,0.087521,0.1445278376340866,0.255239,1.38602,0.305654,0.668437,,,4.4798,0.0379771,-0.103239,688.9600219726562,,,,,,,83.4,5.5600000000000005,85,5.666666666666667,,,,,,,,,,,,,,,,,,,"Jordan Romano","16122",605447
"Jimmy Herget","COL",0.799339,0.709699,0,5.18008,22,0,0.631,3.9787,,16.7314,73.06,17.365,10.34,9.63,2.7496,5.61347,0.426597,0.926823,15.279,8.21875,3.01954,2.72185,1.47904,0.20913,0.0768337,0.13229626417160034,0.26105,1.37337,0.301404,0.660695,,,4.59242,0.0379178,-0.0969058,999,,,,,,,74.7,4.394117647058824,76,4.470588235294118,,,,,,,,,,,,,,,,,,,"Jimmy Herget","17556",623474
"Cole Sands","MIN",0.355722,0.346999,0,4.62704,11,0,0,0.22,,6.41879,27.51,6.4262,3.55,3.3,0.865289,1.92763,0.100344,0.344734,5.70213,7.99516,2.7028,2.9581,1.21325,0.207275,0.0700703,0.13720457255840302,0.254628,1.30147,0.297849,0.672577,,,4.14755,0.0376426,-0.0815102,735.4400024414062,,,,,,,22.500000000000007,3.7500000000000013,23,3.8333333333333335,,,,,,,,,,,,,,,,,,,"Cole Sands","21461",663485
"Phil Maton","CHC",0.385106,0.254158,0,4.29821,10,0,0,0.2224,,6.84703,29.52,6.1136,3.52,3.27,0.850972,2.8545,0.118422,0.572464,7.18959,9.45027,3.75206,2.51869,1.11855,0.24355,0.096697,0.14685262739658356,0.2343,1.30978,0.291518,0.700563,,,4.12686,0.0375577,-0.02809,743.3800048828125,,,,,,,25.900000000000013,3.700000000000002,24,3.4285714285714284,,,,,,,,,,,,,,,,,,,"Phil Maton","18064",664208
"Cal Quantrill","TEX",1.00175,1.24955,0.563934,4.99069,15,2,0,0.2187,,20.8108,89.98,20.6097,12.33,11.54,3.31852,7.35004,0.304779,1.22046,15.1266,6.54177,3.17866,2.05803,1.43516,0.16811,0.0816853,0.08642517775297165,0.253161,1.34352,0.274618,0.670407,,,4.96449,0.0374983,0.00747968,999,,,,,,,69.9,3.3285714285714287,72,3.4285714285714284,,,,,,,,,,,,,,,,,,,"Cal Quantrill","19312",615698
"Brandon White","MIA",0.183431,0.476065,0.293851,5.25094,1,1,0,0,,4.782,20.69,5.0815,2.99,2.79,0.858965,1.45476,0.0145883,0.197236,3.61419,6.80211,2.73795,2.48438,1.61662,0.174683,0.0703124,0.10437052696943283,0.266913,1.36685,0.289912,0.664877,,,4.96965,0.0370741,0.0169077,999,,,,,,,16.7,3.34,17,3.4,,,,,,,,,,,,,,,,,,,"Brandon White","sa3020589",681449
"Rico Garcia","BAL",0.811992,0.5243,0,4.51314,20,0,0.663,3.647,,12.6032,53.94,11.2015,6.8,6.32,2.18756,5.14335,0.318333,0.535009,13.4159,9.58036,3.67289,2.6084,1.56215,0.248719,0.0953532,0.15336603671312332,0.2321,1.29688,0.27601,0.718617,,,4.58884,0.0370081,-0.00893659,999,,,,,,,72,5.538461538461538,68,5.230769230769231,,,,,,,,,,,,,,,,,,,"Rico Garcia","20023",670329
"Justin Steele","CHC",0.161768,0.0895468,0,3.48006,4,0,0,0.2224,,2.81892,11.74,2.45171,1.18,1.09,0.248889,0.938161,0.0729076,0.12718,2.68501,8.57247,2.99528,2.86199,0.794632,0.228706,0.0799115,0.1487947404384613,0.229676,1.20254,0.284575,0.726591,,,3.48631,0.0367098,0.0608502,605.5,,,,,,,20.000000000000004,6.666666666666668,18,6,,,,,,,,,,,,,,,,,,,"Justin Steele","17312",657006
"Ryan Watson","BOS",0.724484,0.588897,0,4.68915,18,0,0,2.4671,,13.512,58.56,13.3798,7.59,7.04,1.91277,4.9478,0.434985,0.648745,11.5063,7.66403,3.2956,2.32554,1.27405,0.196487,0.0844912,0.11199609935283661,0.252624,1.35639,0.289979,0.686122,,,4.48947,0.0364245,-0.0561469,999,,,,,,,59.2,4.228571428571429,58,4.142857142857143,,,,,,,,,,,,,,,,,,,"Ryan Watson","27853",670245
"Patrick Corbin","TOR",0.763077,0.932521,0.580733,5.56327,7,2,0,0.2216,,14.0421,61.83,15.5826,9.33,8.68,2.58377,4.92381,0.168954,0.487415,11.6194,7.44723,3.15582,2.35984,1.65601,0.187925,0.0796347,0.1082906648516655,0.276196,1.46035,0.307916,0.661752,,,5.00287,0.0363835,-0.0607048,999,,,,,,,34.100000000000016,2.435714285714287,40,2.857142857142857,,,,,,,,,,,,,,,,,,,"Patrick Corbin","9323",571578
"Blake Wehunt","BOS",0.240037,0.387438,0.241653,4.89282,1,1,0,0,,4.525,19.51,4.49993,2.64,2.46,0.773227,1.64575,0.0137496,0.209768,3.69296,7.34511,3.27332,2.24393,1.53791,0.189285,0.0843543,0.10493102669715881,0.254889,1.35816,0.282577,0.69239,,,4.92908,0.0362311,0.0169077,999,,,,,,,16.299999999999997,3.2599999999999993,14,2.8,,,,,,,,,,,,,,,,,,,"Blake Wehunt","sa3023220",687762
"DL Hall","MIL",0.601371,0.446622,0,4.09004,16,0,0,1.2864,,11.5965,50.18,9.73481,5.66,5.27,1.33905,6.08421,0.222254,0.622873,11.7415,9.11258,4.72195,1.92983,1.03923,0.233988,0.121248,0.11274011433124542,0.223928,1.36413,0.276246,0.72854,,,4.32095,0.0360536,0.0384933,999,,,,,,,57.500000000000014,4.791666666666668,54,4.5,,,,,,,,,,,,,,,,,,,"DL Hall","22207",669084
"Michael Lorenzen","COL",2.56054,4.25485,3.01904,6.01818,14,9,0,0.193,,49.8439,223.2,58.461,35.59,33.33,9.62969,18.2239,0.236653,2.11762,34.2652,6.18705,3.29058,1.88023,1.73877,0.153518,0.0816485,0.07186944782733917,0.288186,1.5385,0.307185,0.650201,,,5.4707,0.0359522,-0.44656,999,,,,,,,104.19999999999999,2.0839999999999996,128,2.56,,,,,,,,,,,,,,,,,,,"Michael Lorenzen","14843",547179
"Kyle Hurt","LAD",0.595178,0.220586,0,4.43097,13,0,0,0.2548,,8.32775,36.51,7.33345,4.4,4.1,0.978395,4.45125,0.162323,0.498796,9.2638,10.0116,4.81058,2.08117,1.05737,0.253733,0.121919,0.1318145915865898,0.232366,1.41511,0.298111,0.709048,,,4.19545,0.0356267,0.0256616,999,,,,,,,34.7,4.3375,33,4.125,,,,,,,,,,,,,,,,,,,"Kyle Hurt","27514",669165
"Sean Sullivan","COL",0.696046,1.27257,1.08136,6.18189,3,3,0,0,,15.141,67.66,18.2058,11.13,10.4,3.11051,4.78703,0.0478713,0.599723,9.88135,5.8736,2.84547,2.06419,1.84893,0.146044,0.0707513,0.07529284805059433,0.292354,1.51858,0.306309,0.636483,,,5.54247,0.0354986,-0.129784,999,,,,,,,29.299999999999997,1.9533333333333331,38,2.533333333333333,,,,,,,,,,,,,,,,,,,"Sean Sullivan","33502",807743
"Cole Sulser","TBR",0.607731,0.664818,0,4.59196,18,0,0,0.2446,,13.0925,56.18,12.169,7.17,6.68,2.06124,5.02048,0.298443,0.583934,13.0165,8.94777,3.45117,2.59267,1.41693,0.231692,0.0893642,0.14232811331748962,0.24061,1.31293,0.284742,0.700479,,,4.4522,0.0351822,-0.00893007,999,,,,,,,48.39999999999999,3.7230769230769223,47,3.6153846153846154,,,,,,,,,,,,,,,,,,,"Cole Sulser","15256",642121
"Jared Koenig","MIL",0.549662,0.429538,0,4.3085,15,0,0,0.201,,10.8414,46.59,10.1302,5.61,5.19,1.44847,4.21588,0.29124,0.550563,10.1916,8.46063,3.49983,2.41744,1.20245,0.218752,0.0904889,0.12826282531023026,0.242214,1.32328,0.287633,0.7092,,,4.28542,0.0341745,-0.0153249,748.489990234375,,,,,,,48.10000000000001,4.372727272727274,47,4.2727272727272725,,,,,,,,,,,,,,,,,,,"Jared Koenig","27517",657649
"Hunter Stratton","PIT",0.315776,0.29013,0,4.56691,9,0,0,0.2051,,6.14858,26.67,6.00732,3.35,3.12,0.766275,2.34448,0.122348,0.354788,5.45563,7.98569,3.43175,2.32701,1.12164,0.204561,0.0879072,0.11665333807468414,0.250611,1.35833,0.29529,0.687154,,,4.27229,0.0339637,0.0192464,999,,,,,,,20.500000000000007,3.416666666666668,21,3.5,,,,,,,,,,,,,,,,,,,"Hunter Stratton","23455",676702
"Codi Heuer","CLE",0.379965,0.4519,0,4.39029,12,0,0,0.2412,,7.66692,32.96,7.63366,4.05,3.74,0.906217,2.59058,0.162385,0.406999,6.05156,7.10377,3.04102,2.33599,1.06378,0.183603,0.0785977,0.10500549525022507,0.254775,1.33355,0.292439,0.689433,,,4.24061,0.0337661,0.0256618,999,,,,,,,29.100000000000005,3.6375000000000006,30,3.75,,,,,,,,,,,,,,,,,,,"Codi Heuer","23293",676051
"Félix Bautista","BAL",0.169743,0.0910899,0,3.69353,4,0,0,0.2114,,2.70473,11.34,2.00731,1.19,1.11,0.320794,1.29651,0.0358913,0.129348,3.43777,11.4392,4.31415,2.65155,1.06744,0.303154,0.114331,0.18882299214601517,0.20247,1.2215,0.273982,0.740469,,,3.69107,0.0336131,0.0608502,999,,,,,,,20.000000000000004,6.666666666666668,18,6,,,,,,,,,,,,,,,,,,,"Felix Bautista","20666",642585
"Eric Orze","MIN",0.548111,0.552775,0,4.78845,17,0,0,1.4665,,10.4689,45.81,9.93088,5.97,5.57,1.36141,4.75346,0.231574,0.604994,9.87482,8.48924,4.08648,2.0774,1.17039,0.21556,0.103765,0.11179567873477936,0.245501,1.40266,0.293321,0.681961,,,4.44931,0.0335703,-0.0689296,999,,,,,,,41.7,4.17,43,4.3,,,,,,,,,,,,,,,,,,,"Eric Orze","27626",679358
"Max Lazar","PHI",0.731009,0.395517,0,4.63301,15,0,0,0.2042,,11.4224,48.69,11.7205,6.33,5.88,1.71556,3.09373,0.281047,0.470125,9.06069,7.13915,2.43763,2.92873,1.35173,0.186089,0.0635393,0.12255004793405533,0.259727,1.29694,0.291265,0.683525,,,4.41177,0.0335533,-0.0153249,999,,,,,,,34.60000000000001,3.1454545454545464,38,3.4545454545454546,,,,,,,,,,,,,,,,,,,"Max Lazar","23426",676661
"Josh Simpson","SEA",0.51247,0.29746,0,4.22154,12,0,0,0.228,,9.06067,39.36,7.89388,4.57,4.25,1.10299,4.54374,0.298387,0.534715,9.82475,9.75897,4.51331,2.16226,1.0956,0.249613,0.115441,0.13417217135429382,0.230266,1.3727,0.290783,0.722235,,,4.20509,0.0334403,-0.0217094,999,,,,,,,35.500000000000014,3.944444444444446,34,3.7777777777777777,,,,,,,,,,,,,,,,,,,"Josh Simpson","25957",681006
"Josh White","MIA",0.185724,0.244576,0,4.17619,7,0,0,0.2134,,4.67651,20.04,3.97017,2.33,2.17,0.582235,2.10438,0.172159,0.259321,5.03242,9.68494,4.0499,2.3914,1.12052,0.251119,0.105009,0.14610962569713593,0.224604,1.29895,0.280885,0.71197,,,4.09236,0.0333387,0.0670534,999,,,,,,,18.299999999999997,3.6599999999999993,16,3.2,,,,,,,,,,,,,,,,,,,"Josh White","31738",687985
"Chris Murphy","CHW",0.534152,0.753562,0,4.33082,19,0,0,3.1229,,13.6118,59.07,12.0121,7.05,6.55,1.5898,6.54411,0.34688,0.816953,12.4639,8.24105,4.32692,1.9046,1.05117,0.211002,0.110786,0.10021679103374481,0.232301,1.36325,0.276781,0.704584,,,4.41909,0.0332552,0.0449087,999,,,,,,,59.8,4.271428571428571,56,4,,,,,,,,,,,,,,,,,,,"Chris Murphy","26214",669684
"Graham Ashcraft","CIN",0.232967,0.257579,0,4.15313,8,0,0,0.2249,,5.37425,23.1,5.15395,2.67,2.48,0.562227,2.04452,0.127582,0.290929,4.82132,8.07403,3.42385,2.35817,0.941535,0.208715,0.0885071,0.1202080100774765,0.248209,1.33943,0.298532,0.70632,,,3.97918,0.03324,-0.034453,999,,,,,,,15.7,3.1399999999999997,16,3.2,,,,,,,,,,,,,,,,,,,"Graham Ashcraft","27552",668933
"Cade Winquest","STL",0.140728,0.174009,0,4.12501,5,0,0,0,,3.66545,15.74,3.32923,1.81,1.68,0.391634,1.50934,0.14266,0.214319,3.61744,8.88213,3.70596,2.39671,0.961602,0.229825,0.0958917,0.1339331716299057,0.237525,1.32005,0.293547,0.705914,,,3.93563,0.0331253,0.0128312,999,,,,,,,23.8,5.95,22,5.5,,,,,,,,,,,,,,,,,,,"Cade Winquest","sa3020805",685464
"Hogan Harris","ATH",0.871348,0.578316,0,4.62951,22,0,6.915,2.2886,,16.3495,72.04,14.6743,9.04,8.41,2.26891,8.57035,0.403036,1.0046,18.2535,10.0482,4.71778,2.12985,1.24898,0.253381,0.118967,0.13441423326730728,0.23492,1.42174,0.295771,0.70782,,,4.43782,0.0328547,-0.0498027,618.1699829101562,,,,,,,103.80000000000001,6.487500000000001,103,6.4375,,,,,,,,,,,,,,,,,,,"Hogan Harris","21520",663687
"Danny Young","ATL",0.652834,0.453474,0,4.56141,17,0,0,1.5101,,12.8645,57.14,12.2648,7.02,6.52,1.34346,6.67193,0.331259,1.01005,13.0029,9.09688,4.66769,1.9489,0.939889,0.227563,0.116765,0.11079806089401245,0.247985,1.47202,0.311047,0.698688,,,4.23726,0.0328407,-0.00892625,999,,,,,,,62.7,4.823076923076924,62,4.769230769230769,,,,,,,,,,,,,,,,,,,"Danny Young","18439",664849
"Jakob Junis","TEX",0.744105,0.660385,0,4.61095,22,0,1.01,4.2121,,13.4875,57.03,13.7252,7.45,6.91,2.16117,3.09224,0.245596,0.663036,10.8803,7.26027,2.06341,3.51858,1.44212,0.190782,0.0542213,0.13656066358089447,0.25763,1.24689,0.287424,0.679202,,,4.41467,0.0327242,-0.00894191,999,,,,,,,66.19999999999999,5.092307692307691,70,5.384615384615385,,,,,,,,,,,,,,,,,,,"Jakob Junis","13619",596001
"Yovanny Cruz","NYY",0.583729,0.355425,0,4.25649,14,0,0,0.228,,8.94398,38.45,7.62693,4.55,4.23,1.25824,3.98697,0.269328,0.649417,9.79147,9.85279,4.01194,2.45587,1.26612,0.254654,0.103692,0.15096218883991241,0.225558,1.29851,0.279771,0.716975,,,4.30419,0.0322794,-0.0217259,999,,,,,,,38.500000000000014,4.2777777777777795,37,4.111111111111111,,,,,,,,,,,,,,,,,,,"Yovanny Cruz","22622",672442
"Luke Murphy","LAA",0.193118,0.205007,0,4.21432,6,0,0,0,,4.33522,18.5,3.91498,2.18,2.03,0.543254,1.63632,0.110682,0.260717,4.48299,9.30677,3.39703,2.73968,1.12781,0.242324,0.0884497,0.1538739576935768,0.2358,1.28051,0.291251,0.703711,,,3.98337,0.0316071,0.0128309,999,,,,,,,8.9,2.225,9,2.25,,,,,,,,,,,,,,,,,,,"Luke Murphy","sa3017653",684665
"Alex McFarlane","PHI",0.640172,0.334159,0,4.44221,13,0,0,0.2042,,9.94775,43.47,9.00175,5.27,4.91,1.18934,4.92669,0.208562,0.655696,9.87659,8.93561,4.45731,2.00471,1.07603,0.227205,0.113335,0.11386919766664505,0.237591,1.40016,0.291272,0.706041,,,4.36181,0.0314562,0.0320779,999,,,,,,,40.300000000000004,4.03,39,3.9,,,,,,,,,,,,,,,,,,,"Alex McFarlane","31773",686934
"Enmanuel De Jesus","DET",0.500114,0.412311,0,4.85262,13,0,0,0.2045,,8.80968,39.14,8.96651,5.11,4.75,0.946646,3.95998,0.216401,0.574601,7.72951,7.8965,4.04553,1.95191,0.967098,0.197484,0.101175,0.09630890935659409,0.259107,1.46731,0.309298,0.673767,,,4.29605,0.0311307,-0.0217183,999,,,,,,,31.900000000000013,3.544444444444446,33,3.6666666666666665,,,,,,,,,,,,,,,,,,,"Enmanuel De Jesus","18554",646241
"Ben Peoples","TEX",0.602527,0.49229,0,4.20367,17,0,0,1.3994,,10.1911,43.64,8.62767,5.12,4.76,1.39041,4.62153,0.290612,0.54971,9.85005,8.69882,4.08139,2.13134,1.2279,0.225712,0.105901,0.11981028318405151,0.224277,1.30008,0.265799,0.719231,,,4.47258,0.0310922,0.0320769,999,,,,,,,44.300000000000004,4.430000000000001,43,4.3,,,,,,,,,,,,,,,,,,,"Ben Peoples","26406",687239
"Sawyer Gipson-Long","DET",0.413371,0.517964,0.320667,5.14823,4,1,0,0.2045,,8.04159,34.82,8.43522,4.95,4.6,1.4343,2.52801,0.114996,0.387854,6.66652,7.46104,2.8293,2.63706,1.60524,0.191457,0.0726023,0.11885424703359604,0.264393,1.36332,0.294116,0.671478,,,4.85819,0.0309876,-0.0240761,999,,,,,,,31.100000000000005,3.8875000000000006,32,4,,,,,,,,,,,,,,,,,,,"Sawyer Gipson-Long","26048",687830
"Hoby Milner","CHC",0.618381,0.40769,0,4.33122,16,0,0,3.4256,,11.0754,47.12,11.3358,5.77,5.33,1.36221,2.99763,0.194275,0.506543,7.48672,6.08379,2.43591,2.49755,1.10695,0.158886,0.063617,0.09526929259300232,0.2599,1.29416,0.286869,0.689135,,,4.30587,0.0306918,-0.0153302,999,,,,,,,54.50000000000001,4.954545454545455,56,5.090909090909091,,,,,,,,,,,,,,,,,,,"Hoby Milner","13346",571948
"Taylor Rogers","MIN",0.598117,0.62538,0,4.95728,19,0,0.329,3.8503,,11.819,52.15,11.7129,7.01,6.51,1.63312,5.2431,0.257404,0.690219,11.5503,8.79543,3.99255,2.20296,1.2436,0.221483,0.100539,0.12094421684741974,0.253433,1.43464,0.305139,0.677998,,,4.45754,0.0306539,-0.062567,415.510009765625,,,,,,,55.000000000000014,4.583333333333335,56,4.666666666666667,,,,,,,,,,,,,,,,,,,"Taylor Rogers","13449",573124
"Jace Beck","CHC",0.312059,0.353094,0.383895,5.21347,1,1,0,0,,5.317,23.31,5.19226,3.3,3.08,0.924272,2.37571,0.0160877,0.25122,4.87077,8.24468,4.02133,2.05024,1.5645,0.208956,0.101918,0.10703829675912857,0.251039,1.42335,0.286673,0.680264,,,5.01959,0.030261,0.0169077,999,,,,,,,15.7,3.1399999999999997,16,3.2,,,,,,,,,,,,,,,,,,,"Jace Beck","sa3011811",689476
"Yoendrys Gómez","MIN",0.724251,0.708722,0,4.71321,22,0,8.323,1.3402,,13.8441,60.51,12.4449,7.77,7.25,1.98001,6.6164,0.317927,0.866638,13.6806,8.89376,4.30131,2.06769,1.2872,0.226089,0.109344,0.11674512177705765,0.234691,1.37686,0.280063,0.693174,,,4.6142,0.0302397,-0.0562071,999,,,,,,,95.80000000000003,6.842857142857144,92,6.571428571428571,,,,,,,,,,,,,,,,,,,"Yoendrys Gomez","22872",672782
"Bradley Hanner","NYY",0.373442,0.23403,0,4.30802,9,0,0,0,,6.14203,26.53,5.35095,3.15,2.94,0.785375,2.76243,0.150525,0.447786,6.33008,9.27555,4.04783,2.29149,1.15082,0.238601,0.104125,0.13447590917348862,0.22946,1.32096,0.281751,0.707654,,,4.27878,0.0298722,0.0192464,999,,,,,,,22.10000000000001,3.683333333333335,20,3.3333333333333335,,,,,,,,,,,,,,,,,,,"Bradley Hanner","sa3010837",690440
"Tayler Saucedo","LAA",0.441908,0.484872,0,4.35976,14,0,0,0.2152,,8.8147,38.33,8.36354,4.6,4.27,1.03503,3.8127,0.187283,0.60706,8.51295,8.6919,3.89285,2.23279,1.05679,0.222096,0.0994703,0.12262580543756485,0.246638,1.38136,0.300814,0.706265,,,4.20889,0.02958,-0.0217259,999,,,,,,,36.500000000000014,4.055555555555557,35,3.888888888888889,,,,,,,,,,,,,,,,,,,"Tayler Saucedo","17888",642048
"Seth Johnson","PHI",0.823947,0.445058,0,4.6406,17,0,0,2.1239,,12.897,56.49,12.0156,7.16,6.65,1.75211,6.14481,0.370089,0.650715,13.1867,9.20215,4.28806,2.14599,1.22268,0.233434,0.108777,0.12465744465589523,0.241789,1.40811,0.295304,0.70033,,,4.41162,0.0295218,-0.00892625,999,,,,,,,53.39999999999999,4.107692307692307,52,4,,,,,,,,,,,,,,,,,,,"Seth Johnson","26020",686751
"Max Kranick","WSN",0.506522,0.731993,0,4.80809,19,0,0.391,3.7133,,13.0468,56.13,12.8927,7.51,6.97,2.13478,4.30693,0.325133,0.632764,11.0585,7.62847,2.97103,2.56762,1.47263,0.197016,0.0767313,0.12028506398200989,0.251858,1.31831,0.283125,0.681843,,,4.67749,0.0293475,-0.109597,999,,,,,,,60.8,4.676923076923076,62,4.769230769230769,,,,,,,,,,,,,,,,,,,"Max Kranick","22175",668820
"Connor Thomas","ATH",0.304874,0.214598,0,4.59121,8,0,0,0.2359,,6.23365,27.14,6.81466,3.43,3.18,0.630064,1.98851,0.158269,0.28,4.65282,6.71763,2.87096,2.33986,0.909672,0.171438,0.0732685,0.09816933423280716,0.273995,1.4122,0.315724,0.678338,,,4.02263,0.0293354,0.0192466,999,,,,,,,17.90000000000001,2.9833333333333347,21,3.5,,,,,,,,,,,,,,,,,,,"Connor Thomas","25873",671162
"Khristian Curtis","PIT",0.500424,0.68347,0.28546,5.04375,8,1,0,0.2051,,10.7777,47.5,10.6079,6.48,6.04,1.7254,4.88891,0.225073,0.549176,9.93638,8.29745,4.08252,2.03243,1.44081,0.209187,0.102924,0.10626255720853806,0.252196,1.43786,0.292185,0.689292,,,4.86073,0.0292982,0.0305826,999,,,,,,,30.200000000000003,2.7454545454545456,31,2.8181818181818183,,,,,,,,,,,,,,,,,,,"Khristian Curtis","33865",694753
"Nick Davila","SEA",0.676521,0.429255,0,4.58944,16,0,0,1.4592,,11.9622,51.46,11.8808,6.57,6.1,1.57379,4.03698,0.37948,0.604897,8.78731,6.61128,3.03729,2.1767,1.18407,0.17076,0.0784488,0.09231112152338028,0.253765,1.33067,0.282717,0.6816,,,4.515,0.0291974,-0.062506,999,,,,,,,40.000000000000014,3.3333333333333344,41,3.4166666666666665,,,,,,,,,,,,,,,,,,,"Nick Davila","27741",689546
"Nestor German","BAL",0.295693,0.331508,0.290857,5.18433,1,1,0,0,,4.774,20.61,4.96624,2.95,2.75,0.887659,1.55388,0.0115983,0.167267,3.63813,6.85864,2.92939,2.34132,1.67342,0.176523,0.0753943,0.1011282354593277,0.262919,1.36576,0.283963,0.676492,,,5.08432,0.0289228,0.0169077,999,,,,,,,13.7,2.7399999999999998,14,2.8,,,,,,,,,,,,,,,,,,,"Nestor German","sa3023517",815148
"Mason Barnett","ATH",1.44147,1.66473,0.889912,5.46093,18,3,0,0.2214,,30.2586,134.75,31.0584,19.68,18.36,5.25869,13.9128,0.569175,1.67901,26.1801,7.78693,4.13817,1.88173,1.56413,0.194287,0.103249,0.09103783965110779,0.260649,1.48623,0.294117,0.672477,,,5.18445,0.0288776,-0.251227,999,,,,,,,83.9,2.796666666666667,89,2.966666666666667,,,,,,,,,,,,,,,,,,,"Mason Barnett","31741",686930
"Yimi García","TOR",0.262667,0.17912,0,4.1294,7,0,0,0.2216,,4.48976,18.81,3.91877,2.21,2.06,0.675149,1.4525,0.0980846,0.245021,4.71988,9.46128,2.91162,3.24949,1.35338,0.250924,0.0772195,0.1737043559551239,0.229001,1.19634,0.27682,0.71424,,,4.09635,0.028405,0.0128307,999,,,,,,,13.9,3.475,14,3.5,,,,,,,,,,,,,,,,,,,"Yimi Garcia","12095",554340
"Tyler Davis","CHW",0.453733,0.666629,0,4.4328,16,0,0,1.2167,,11.4104,49.11,9.87862,6.02,5.62,1.5909,5.20049,0.207098,0.65721,10.4249,8.22266,4.10192,2.00459,1.25483,0.212276,0.105895,0.10638071596622467,0.228395,1.32153,0.265321,0.704888,,,4.6351,0.0283358,-0.0153302,999,,,,,,,36.800000000000004,3.3454545454545457,35,3.1818181818181817,,,,,,,,,,,,,,,,,,,"Tyler Davis","34847",699823
"Michael Petersen","MIA",0.540071,0.796646,0,4.71172,21,0,1.04,4.0464,,13.2945,58.17,11.6228,7.47,6.96,1.95128,6.72935,0.379369,0.864881,14.5444,9.84617,4.55558,2.16134,1.32096,0.250033,0.115684,0.1343490481376648,0.229809,1.38043,0.283787,0.696664,,,4.54344,0.0280673,-0.00893938,999,,,,,,,67.39999999999999,5.184615384615384,66,5.076923076923077,,,,,,,,,,,,,,,,,,,"Michael Petersen","20827",656848
"Tom Cosgrove","WSN",0.54263,0.737668,0,4.51694,20,0,1.173,4.7679,,13.7482,59.72,12.829,7.44,6.9,1.80615,5.87304,0.284859,0.86942,11.9401,7.81636,3.84467,2.03304,1.18236,0.199935,0.098343,0.10159211605787277,0.24216,1.36033,0.280972,0.69633,,,4.55188,0.0275481,0.0449085,999,,,,,,,73.2,5.228571428571429,72,5.142857142857143,,,,,,,,,,,,,,,,,,,"Tom Cosgrove","23443",676680
"Alek Jacob","SDP",0.385949,0.279253,0,4.44274,10,0,0,0.2244,,6.78635,29.03,6.14901,3.6,3.35,1.00267,2.55665,0.189685,0.412257,6.42349,8.51878,3.39061,2.51247,1.32974,0.221271,0.0880692,0.13320160657167435,0.235946,1.28282,0.276166,0.699222,,,4.44984,0.0262872,-0.02809,999,,,,,,,26.9,3.8428571428571425,25,3.5714285714285716,,,,,,,,,,,,,,,,,,,"Alek Jacob","29628",689690
"Winston Santos","TEX",0.141224,0.111088,0,3.99302,4,0,0,0.2187,,2.6371,11.07,2.30678,1.26,1.17,0.348582,0.844104,0.0885855,0.164948,2.67058,9.11425,2.88078,3.16381,1.18965,0.241245,0.0762515,0.16499336063861847,0.229281,1.19483,0.278083,0.710093,,,3.95063,0.0262638,0.0608502,999,,,,,,,20.000000000000004,6.666666666666668,18,6,,,,,,,,,,,,,,,,,,,"Winston Santos","28489",692437
"Mitch Farris","LAA",0.464883,0.541078,0,4.69004,15,0,0,1.4345,,9.53724,41.75,9.05715,5.34,4.97,1.36109,4.32073,0.227439,0.435121,10.0761,9.50847,4.07734,2.33203,1.28442,0.241343,0.103491,0.13785214722156525,0.244827,1.4027,0.301133,0.700631,,,4.34799,0.0259748,0.0320773,999,,,,,,,50.300000000000004,5.03,49,4.9,,,,,,,,,,,,,,,,,,,"Mitch Farris","33628",815083
"AJ Blubaugh","HOU",0.695056,0.401159,0,4.45911,17,0,0,2.2763,,11.666,50.25,10.2834,6.21,5.78,1.72699,5.17806,0.27136,0.549209,11.5398,8.90263,3.99473,2.22859,1.33233,0.229648,0.103046,0.12660163640975952,0.230969,1.32534,0.273753,0.709268,,,4.52864,0.0259302,0.038493,748.5399780273438,,,,,,,52.20000000000002,4.350000000000001,48,4,,,,,,,,,,,,,,,,,,,"AJ Blubaugh","31764",805123
"Cameron Weston","BAL",0.755462,0.651105,0.286624,4.90022,12,1,0,0.2114,,14.5647,63.71,14.4234,8.51,7.93,2.26334,5.96301,0.235268,0.863511,12.9528,8.00398,3.68475,2.17219,1.39859,0.203309,0.0935962,0.10971266776323318,0.253561,1.39972,0.291838,0.689778,,,4.75737,0.0256566,-0.0558859,999,,,,,,,55.00000000000001,3.666666666666667,54,3.6,,,,,,,,,,,,,,,,,,,"Cameron Weston","31696",687721
"Robert Garcia","TEX",0.207641,0.169,0,4.14091,6,0,0,0.2187,,3.95566,16.81,3.64032,1.96,1.82,0.497793,1.42801,0.0889689,0.165588,3.82795,8.70944,3.24903,2.68063,1.13259,0.227719,0.0849499,0.14276893436908722,0.239237,1.28129,0.288552,0.711057,,,4.01885,0.0256452,0.0128309,232.1199951171875,,,,,,,24.200000000000003,6.050000000000001,25,6.25,,,,,,,,,,,,,,,,,,,"Robert Garcia","23363",676395
"Randy Dobnak","KCR",1.97513,2.5845,1.92884,5.70633,11,6,0,0.2174,,34.446,154.65,39.7081,23.3,21.84,5.06541,14.1059,0.279739,1.95005,19.2023,5.01716,3.68556,1.3613,1.32348,0.124166,0.0912115,0.03295494616031647,0.286507,1.56227,0.303016,0.653091,,,5.30485,0.0249526,-0.185804,999,,,,,,,76.10000000000002,2.2382352941176475,95,2.7941176470588234,,,,,,,,,,,,,,,,,,,"Randy Dobnak","23798",677976
"Woo-Suk Go","MIN",0.293373,0.279091,0,4.56279,9,0,0,0.22,,6.07523,26.37,5.65263,3.32,3.08,0.818225,2.61576,0.17183,0.326384,6.17289,9.14468,3.87505,2.35989,1.21214,0.234088,0.0991944,0.1348932906985283,0.241278,1.361,0.294122,0.694718,,,4.2813,0.0248857,0.0192464,999,,,,,,,19.500000000000007,3.2500000000000013,20,3.3333333333333335,,,,,,,,,,,,,,,,,,,"Woo-Suk Go","33827",808970
"Chase Lee","TOR",0.403039,0.287264,0,4.36715,11,0,0,0.2216,,5.77035,24.61,5.4342,3.01,2.8,0.831586,1.94209,0.202837,0.32057,5.44974,8.49995,3.02907,2.80612,1.29702,0.221444,0.0789146,0.14252960681915283,0.24317,1.27831,0.286481,0.702872,,,4.27068,0.0247595,0.019246,999,,,,,,,23.10000000000001,3.8500000000000014,21,3.5,,,,,,,,,,,,,,,,,,,"Chase Lee","29574",695445
"Joe Mantiply","TOR",0.252856,0.180343,0,4.30981,7,0,0,0.2216,,4.48976,19.02,4.55172,2.32,2.15,0.574204,1.22515,0.119304,0.140677,3.86008,7.73777,2.45588,3.15071,1.15103,0.202949,0.0644135,0.13853507488965988,0.257827,1.28668,0.300874,0.69513,,,3.96544,0.0245748,0.0128307,999,,,,,,,9.3,2.325,12,3,,,,,,,,,,,,,,,,,,,"Joe Mantiply","14857",573009
"Jaden Woods","CHW",0.112875,0.153127,0,4.01681,4,0,0,0,,2.93516,12.57,2.5717,1.41,1.31,0.320553,1.26327,0.0693377,0.167516,2.98552,9.1544,3.87352,2.36333,0.9829,0.237512,0.100499,0.13701287657022476,0.230869,1.30656,0.287388,0.716134,,,3.95755,0.0233988,0.0608502,999,,,,,,,17.400000000000002,5.800000000000001,18,6,,,,,,,,,,,,,,,,,,,"Jaden Woods","sa3023064",692243
"Ryan Rolison","CHC",0.779714,0.50107,0,4.30751,20,0,0.378,3.8934,,13.8943,59.45,12.9348,7.18,6.65,1.89991,5.41081,0.371603,0.441407,12.4147,8.04159,3.50483,2.29443,1.23066,0.208826,0.0910144,0.11781178414821625,0.241331,1.32037,0.280906,0.711832,,,4.36391,0.0228519,0.0449085,999,,,,,,,70.2,5.014285714285714,69,4.928571428571429,,,,,,,,,,,,,,,,,,,"Ryan Rolison","22200",669020
"Cooper Criswell","SEA",0.453561,0.295711,0,4.63212,11,0,0,0.228,,8.33527,36.16,8.54756,4.62,4.29,1.08605,2.84425,0.199846,0.544801,6.9319,7.4847,3.07108,2.43716,1.17266,0.191701,0.0786575,0.11304319649934769,0.260827,1.3667,0.301439,0.686007,,,4.36007,0.022651,-0.0751175,999,,,,,,,25.500000000000007,3.187500000000001,29,3.625,,,,,,,,,,,,,,,,,,,"Cooper Criswell","24975",681867
"Prelander Berroa","CHW",0.170547,0.241366,0,4.17012,6,0,0,0.2028,,4.40275,19.12,3.57405,2.2,2.04,0.507787,2.46245,0.0935892,0.245595,4.70374,9.61529,5.03369,1.91019,1.03801,0.246012,0.128789,0.11722239851951599,0.217771,1.37108,0.273763,0.720389,,,4.31758,0.0225035,0.0128309,999,,,,,,,10.9,2.725,11,2.75,,,,,,,,,,,,,,,,,,,"Prelander Berroa","22932",672860
"José Leclerc","SDP",0.234544,0.166678,0,4.30117,6,0,0,0.2244,,4.3523,18.65,3.67976,2.24,2.08,0.592417,1.98188,0.0851014,0.234768,4.44549,9.19269,4.09827,2.24307,1.22504,0.238364,0.106267,0.13209693133831024,0.22392,1.30084,0.270928,0.708084,,,4.36432,0.0221415,0.0128309,999,,,,,,,8.9,2.225,9,2.25,,,,,,,,,,,,,,,,,,,"Jose Leclerc","14524",600917
"Juan Burgos","ARI",0.581187,0.385801,0,4.4317,14,0,0,0.2208,,10.4587,45.32,9.74442,5.55,5.15,1.20195,4.47901,0.238354,0.649791,8.20445,7.06013,3.8543,1.83175,1.03431,0.181034,0.0988308,0.08220299333333969,0.242452,1.35996,0.27749,0.691623,,,4.50596,0.0206283,-0.0688489,999,,,,,,,36.7,3.6700000000000004,38,3.8,,,,,,,,,,,,,,,,,,,"Juan Burgos","27271",686228
"Edwin Uceta","TBR",0.137142,0.144625,0,4.34021,4,0,0,0.2446,,3.00676,12.81,2.56329,1.56,1.45,0.488718,1.18827,0.0800847,0.181684,3.61291,10.8143,3.55679,3.04047,1.46285,0.282038,0.0927612,0.18927673250436783,0.224063,1.24771,0.282701,0.714479,,,4.18642,0.0205618,-0.0406385,572.6900024414062,,,,,,,19.400000000000002,6.466666666666668,20,6.666666666666667,,,,,,,,,,,,,,,,,,,"Edwin Uceta","20539",670955
"Wyatt Mills","LAD",0.36854,0.134788,0,4.46232,8,0,0,0.2548,,5.36492,23.32,4.87041,2.86,2.66,0.66842,2.40274,0.16137,0.372061,5.46889,9.17442,4.03075,2.27611,1.12132,0.234515,0.103033,0.1314815953373909,0.237058,1.35569,0.291645,0.69637,,,4.24228,0.0195214,-0.034453,999,,,,,,,15.7,3.1399999999999997,16,3.2,,,,,,,,,,,,,,,,,,,"Wyatt Mills","20010",670090
"Brody Hopkins","TBR",0.195003,0.471174,0.335116,5.47857,1,1,0,0,,4.994,22.23,5.00938,3.24,3.04,0.834258,2.43993,0.0139957,0.319775,4.2048,7.57773,4.39715,1.72333,1.50347,0.18915,0.109759,0.07939127832651138,0.257283,1.49165,0.289311,0.670129,,,5.25528,0.0193721,0.0169077,999,,,,,,,13.7,2.7399999999999998,14,2.8,,,,,,,,,,,,,,,,,,,"Brody Hopkins","sa3023515",811315
"Troy Taylor","SEA",0.298779,0.1801,0,4.35615,7,0,0,0.228,,5.4337,23.39,4.84173,2.83,2.63,0.735239,2.35275,0.109417,0.339291,5.55479,9.20057,3.89693,2.36098,1.2178,0.237486,0.100588,0.1368979662656784,0.233923,1.32405,0.285016,0.707928,,,4.3105,0.0189902,-0.0344244,999,,,,,,,17.7,3.54,18,3.6,,,,,,,,,,,,,,,,,,,"Troy Taylor","31883",700187
"Daniel Lynch IV","KCR",0.796239,0.575845,0,4.62272,21,0,2.503,3.6354,,14.8938,64.22,14.86,8.23,7.65,2.04643,5.15585,0.308054,0.742746,11.4614,6.92588,3.11556,2.223,1.23661,0.178471,0.0802842,0.09818721562623978,0.254794,1.3439,0.28593,0.687187,,,4.54498,0.0188539,-0.00252936,999,,,,,,,82.4,5.493333333333334,84,5.6,,,,,,,,,,,,,,,,,,,"Daniel Lynch IV","21537",663738
"Orlando Ribalta","WSN",0.572934,0.790626,0,4.60909,21,0,1.173,4.1005,,14.4497,62.84,12.8253,7.96,7.4,2.15398,6.90992,0.393524,0.787898,13.8637,8.63503,4.30384,2.00635,1.34161,0.22062,0.109961,0.11065920442342758,0.232586,1.36579,0.272753,0.704274,,,4.7269,0.0188238,-0.0561942,999,,,,,,,70.20000000000003,5.014285714285717,69,4.928571428571429,,,,,,,,,,,,,,,,,,,"Orlando Ribalta","26247",687377
"Jaden Hill","COL",0.571707,0.508908,0,5.1473,16,0,0,1.2354,,12.0821,53.72,12.4545,7.44,6.91,1.60116,5.29483,0.2497,0.854486,11.583,8.62823,3.94415,2.1876,1.19271,0.215618,0.0985635,0.11705440282821655,0.261811,1.46906,0.315628,0.664788,,,4.44204,0.0182769,-0.062506,999,,,,,,,43.000000000000014,3.5833333333333344,44,3.6666666666666665,,,,,,,,,,,,,,,,,,,"Jaden Hill","30250",677955
"Marco Raya","MIN",0.428234,0.408939,0,4.56439,13,0,0,0.22,,7.76884,33.75,7.2554,4.24,3.94,1.0772,3.37717,0.192963,0.426893,7.24328,8.39116,3.91236,2.14478,1.24791,0.214616,0.100064,0.11455163359642029,0.242283,1.36862,0.285691,0.700594,,,4.51652,0.0171038,0.0256616,999,,,,,,,33.7,4.2125,32,4,,,,,,,,,,,,,,,,,,,"Marco Raya","30166",694397
"Colton Gordon","MIL",0.586529,0.720077,0.287556,5.0217,10,1,0,0.201,,14.0689,60.87,14.5581,8.45,7.85,2.6132,4.46478,0.342032,0.566282,11.6241,7.43604,2.85615,2.60352,1.67169,0.190967,0.0733494,0.11761710792779922,0.260716,1.35212,0.287126,0.688142,,,4.94473,0.0170791,-0.00588311,999,,,,,,,36.70000000000002,2.6214285714285728,40,2.857142857142857,,,,,,,,,,,,,,,,,,,"Colton Gordon","31312",676467
"Gavin Collyer","TEX",0.41501,0.351282,0,4.39902,12,0,0,0.2187,,6.89471,30.19,5.76752,3.62,3.37,0.833327,3.73488,0.202618,0.580493,7.2691,9.4887,4.87532,1.94627,1.08778,0.240778,0.123712,0.11706585437059402,0.222902,1.37822,0.277635,0.705684,,,4.45005,0.0169815,-0.0281149,999,,,,,,,22.900000000000013,3.271428571428573,21,3,,,,,,,,,,,,,,,,,,,"Gavin Collyer","26349",686560
"Alex Cook","TBR",0.172886,0.178923,0,4.33423,5,0,0,0,,3.75846,15.9,3.36128,1.95,1.81,0.601615,1.31241,0.0911531,0.177792,3.80685,9.11588,3.1427,2.90065,1.44063,0.239424,0.0825416,0.15688283741474152,0.233264,1.24352,0.27593,0.710881,,,4.35436,0.0168713,0.0128312,999,,,,,,,14.5,3.625,12,3,,,,,,,,,,,,,,,,,,,"Alex Cook","sa3020879",702047
"Lazaro Estrada","TOR",0.545444,0.416235,0,4.69654,15,0,0,0.2216,,8.33593,35.76,7.73956,4.68,4.35,1.45076,3.04173,0.196829,0.395517,8.26108,8.91919,3.28405,2.71591,1.56633,0.231015,0.0850596,0.14595501869916916,0.239446,1.29335,0.278131,0.697272,,,4.62719,0.0168683,-0.0752782,999,,,,,,,33.10000000000001,4.137500000000001,34,4.25,,,,,,,,,,,,,,,,,,,"Lazaro Estrada","24914",681751
"Logan VanWey","HOU",0.362878,0.21478,0,4.45535,9,0,0,0.2147,,6.48434,28.17,5.79994,3.45,3.21,0.91366,3.0205,0.205899,0.404914,6.73834,9.35254,4.19233,2.23087,1.26812,0.239203,0.107224,0.1319785863161087,0.234392,1.36027,0.285871,0.712136,,,4.4479,0.0167164,0.0192464,999,,,,,,,21.500000000000007,3.5833333333333344,22,3.6666666666666665,,,,,,,,,,,,,,,,,,,"Logan VanWey","31884",701121
"Angel Chivilli","NYY",0.702889,0.445188,0,4.42986,17,0,0,1.5202,,10.9913,46.79,10.4298,5.82,5.41,1.67695,3.59196,0.171328,0.63635,9.60594,7.8656,2.94119,2.67429,1.37313,0.205299,0.0767677,0.12853126972913742,0.245051,1.27571,0.279833,0.702564,,,4.49931,0.0161067,-0.0153349,999,,,,,,,43.80000000000001,3.981818181818183,42,3.8181818181818183,,,,,,,,,,,,,,,,,,,"Angel Chivilli","26790",683409
"Jack Wenninger","NYM",0.290109,0.344828,0.315278,5.47858,1,1,0,0,,4.879,21.47,5.36025,3.18,2.97,0.911207,1.74846,0.0136169,0.20994,3.67843,6.78538,3.22528,2.10381,1.68085,0.171329,0.0814374,0.08989135175943375,0.274721,1.457,0.298154,0.67353,,,5.23394,0.0159731,0.0169077,999,,,,,,,13.7,2.7399999999999998,14,2.8,,,,,,,,,,,,,,,,,,,"Jack Wenninger","sa3023282",811307
"Rolddy Muñoz","ATL",0.118219,0.0778411,0,4.30609,3,0,0,0.2359,,2.54988,11.14,2.32493,1.31,1.22,0.277902,1.24066,0.086048,0.158614,2.67028,9.42498,4.379,2.15231,0.980877,0.239702,0.111369,0.12833259254693985,0.238682,1.39834,0.301364,0.71008,,,4.07839,0.0159711,0.0610316,999,,,,,,,20.000000000000004,6.666666666666668,18,6,,,,,,,,,,,,,,,,,,,"Rolddy Munoz","27407",691548
"Cameron Foster","BAL",0.394592,0.265217,0,4.71464,10,0,0,0.2114,,5.84138,25.43,5.61185,3.29,3.06,0.846452,2.4423,0.125418,0.288714,5.43762,8.37792,3.76294,2.22643,1.30416,0.213827,0.0960402,0.11778692901134491,0.247229,1.37881,0.290309,0.693561,,,4.53433,0.0159497,0.0192462,999,,,,,,,20.500000000000007,3.416666666666668,21,3.5,,,,,,,,,,,,,,,,,,,"Cameron Foster","31942",671382
"Taylor Rashi","MIN",0.264802,0.247423,0,4.49983,8,0,0,0.22,,5.4002,23.43,4.82395,2.9,2.7,0.753653,2.53832,0.161928,0.247487,5.59206,9.31974,4.23038,2.20305,1.25604,0.238671,0.108336,0.130334310233593,0.233671,1.36333,0.284667,0.707493,,,4.40057,0.0157154,-0.034453,999,,,,,,,14.7,2.94,15,3,,,,,,,,,,,,,,,,,,,"Taylor Rashi","26344",688497
"Peter Strzelecki","STL",0.390141,0.600196,0,5.25635,15,0,0,0.2387,,10.9582,48.42,11.3258,6.86,6.4,1.67808,4.27343,0.280437,0.684057,10.4009,8.54231,3.50978,2.43386,1.37821,0.214806,0.0882575,0.12654850631952286,0.260589,1.42353,0.307415,0.659569,,,4.55938,0.0156228,-0.115781,999,,,,,,,33.2,3.0181818181818185,34,3.090909090909091,,,,,,,,,,,,,,,,,,,"Peter Strzelecki","21367",657265
"Isaac Mattson","PIT",0.483614,0.471424,0,4.92999,14,0,0,0.2051,,8.70792,38.74,8.21241,5.11,4.77,1.15498,4.54749,0.171636,0.506395,8.37092,8.6517,4.70002,1.84078,1.19372,0.21608,0.117385,0.09869468212127686,0.243792,1.46532,0.29211,0.686525,,,4.65252,0.0156174,-0.0217259,999,,,,,,,31.50000000000001,3.5000000000000013,30,3.3333333333333335,,,,,,,,,,,,,,,,,,,"Isaac Mattson","20385",676755
"Ethan Roberts","CHC",0.581672,0.392419,0,4.5214,15,0,0,0.2224,,10.3707,44.93,9.41172,5.61,5.21,1.33024,4.58154,0.262973,0.655917,9.12445,7.91848,3.97601,1.99157,1.15442,0.203081,0.101971,0.10111065208911896,0.237116,1.34931,0.276405,0.691065,,,4.53264,0.0152768,-0.0688794,999,,,,,,,38.300000000000004,3.8300000000000005,37,3.7,,,,,,,,,,,,,,,,,,,"Ethan Roberts","24930",681799
"Kirby Yates","LAA",0.63673,0.716427,0,4.64718,20,0,1.651,4.3612,,13.1499,57.12,11.079,7.29,6.79,2.05039,6.67431,0.271793,0.868232,15.4321,10.562,4.568,2.31217,1.40332,0.27017,0.116847,0.15332302451133728,0.223468,1.35007,0.281309,0.703049,,,4.51038,0.0150994,-0.00893659,269.42999267578125,,,,,,,75,5.769230769230769,71,5.461538461538462,,,,,,,,,,,,,,,,,,,"Kirby Yates","9073",489446
"Richard Lovelady","WSN",0.187454,0.253096,0,4.4722,7,0,0,0.2197,,4.91033,21.32,4.81532,2.63,2.44,0.561435,1.95556,0.105148,0.28726,4.03707,7.39942,3.58429,2.0644,1.02904,0.189356,0.0917243,0.09763165563344955,0.252413,1.3789,0.293803,0.691891,,,4.32206,0.0149321,-0.0344244,999,,,,,,,13.7,2.7399999999999998,14,2.8,,,,,,,,,,,,,,,,,,,"Richard Lovelady","19337",663992
"Joe La Sorsa","BOS",0.588643,0.429017,0,4.30189,14,0,0,0.2327,,10.5024,44.7,9.90068,5.42,5.02,1.4546,3.5046,0.410518,0.501005,8.06267,6.9093,3.00326,2.3006,1.24652,0.180373,0.0784027,0.10197016596794128,0.243293,1.27641,0.270906,0.702383,,,4.51905,0.0143707,0.086166,999,,,,,,,44.10000000000001,4.00909090909091,43,3.909090909090909,,,,,,,,,,,,,,,,,,,"Joe La Sorsa","25481",686747
"Jacob Waguespack","DET",0.741221,0.611464,0,4.82082,19,0,0,3.1489,,13.1057,58.08,12.522,7.54,7.02,1.69854,6.63357,0.25351,0.833942,12.8785,8.84399,4.55544,1.94141,1.16643,0.221737,0.114214,0.10752271115779877,0.247409,1.46162,0.300356,0.692325,,,4.53861,0.0139053,-0.109597,999,,,,,,,51.8,3.9846153846153842,53,4.076923076923077,,,,,,,,,,,,,,,,,,,"Jacob Waguespack","18318",621097
"Andrew Hoffmann","ARI",0.197868,0.146048,0,4.83775,5,0,0,0.2208,,3.90677,17.17,3.85812,2.26,2.1,0.505392,1.70093,0.107685,0.199878,3.57074,8.22588,3.91841,2.09929,1.16427,0.207964,0.0990639,0.10889992117881775,0.252673,1.42293,0.299536,0.680006,,,4.42309,0.0138897,0.0128312,999,,,,,,,8.9,2.225,9,2.25,,,,,,,,,,,,,,,,,,,"Andrew Hoffmann","29633",694851
"Wilkin Ramos","SFG",0.107215,0.0857608,0,4.00664,3,0,0,0.2248,,2.15642,9.39,1.96918,1.03,0.96,0.1376,1.05755,0.0695839,0.151004,1.78825,7.46341,4.41378,1.69093,0.574284,0.190442,0.112625,0.07781650125980377,0.240688,1.40359,0.29279,0.70454,,,3.96205,0.0138823,0.00641546,999,,,,,,,10.600000000000001,5.300000000000001,11,5.5,,,,,,,,,,,,,,,,,,,"Wilkin Ramos","23988",678576
"Jared Southard","LAA",0.224154,0.246997,0,4.39523,7,0,0,0,,5.05775,22,4.66683,2.66,2.47,0.625068,2.24206,0.204302,0.377703,4.68637,8.33914,3.98962,2.09021,1.11227,0.213017,0.101912,0.11110509932041168,0.240804,1.366,0.287286,0.704182,,,4.41711,0.0133528,-0.0344244,999,,,,,,,15.7,3.1399999999999997,16,3.2,,,,,,,,,,,,,,,,,,,"Jared Southard","sa3019951",683177
"Alan Rangel","PHI",0.911253,0.863151,0.607088,5.61977,7,2,0,0.2042,,15.2302,67.02,16.0717,10.19,9.51,3.19485,5.7295,0.200218,0.618409,13.1409,7.76538,3.38575,2.29355,1.88794,0.196074,0.0854894,0.11058490723371506,0.264894,1.43145,0.290434,0.670066,,,5.3615,0.0126813,-0.0992957,999,,,,,,,37.49999999999999,2.4999999999999996,41,2.7333333333333334,,,,,,,,,,,,,,,,,,,"Alan Rangel","19524",660604
"Josh Walker","BAL",0.553153,0.357771,0,4.65475,14,0,0,0.2114,,8.54611,37.11,8.19277,4.76,4.42,1.24269,3.56231,0.274555,0.350561,8.16956,8.60346,3.7515,2.29334,1.30869,0.220145,0.0959931,0.12415139377117157,0.246791,1.37549,0.292206,0.698438,,,4.46174,0.0125581,-0.0217259,999,,,,,,,37.500000000000014,4.166666666666668,36,4,,,,,,,,,,,,,,,,,,,"Josh Walker","23617",677020
"Chuck King","PHI",0.442663,0.405835,0.301614,5.37935,3,1,0,0,,7.27782,31.99,7.97543,4.66,4.35,1.25186,2.53279,0.10526,0.338788,5.0438,6.23734,3.13213,1.9914,1.5481,0.157668,0.0791744,0.07849379628896713,0.273896,1.44387,0.294599,0.667939,,,5.14348,0.0121816,-0.0744735,999,,,,,,,19.7,2.814285714285714,23,3.2857142857142856,,,,,,,,,,,,,,,,,,,"Chuck King","sa3023436",666155
"Juan Mejia","COL",0.743109,0.68366,0,5.26243,21,0,2.21,3.1778,,15.9565,71.91,16.5642,10.02,9.33,2.13357,7.78796,0.519516,1.13518,15.4967,8.74067,4.39267,1.98983,1.20341,0.215502,0.108302,0.10720036923885345,0.262978,1.52616,0.318159,0.670819,,,4.58325,0.0116269,-0.150178,748.510009765625,,,,,,,74.60000000000001,4.6625000000000005,79,4.9375,,,,,,,,,,,,,,,,,,,"Juan Mejia","23237",675848
"Carlos Estévez","KCR",0.151255,0.112109,0,4.71805,4,0,0,0.2174,,2.91858,12.58,2.85484,1.64,1.53,0.44053,0.973039,0.0917005,0.159118,2.51882,7.76726,3.00055,2.58861,1.35846,0.200224,0.0773481,0.12287604063749313,0.249378,1.31156,0.284422,0.681341,,,4.50962,0.0115572,-0.0406385,120.08999633789062,,,,,,,17.400000000000002,5.800000000000001,18,6,,,,,,,,,,,,,,,,,,,"Carlos Estevez","14542",608032
"Yariel Rodríguez","TOR",0.333149,0.243093,0,4.45903,9,0,0,0.2216,,5.77255,25.11,4.91633,3.06,2.86,0.751828,2.96563,0.131211,0.402177,5.78559,9.02033,4.62372,1.95088,1.17218,0.23041,0.118105,0.11230449378490448,0.226119,1.36542,0.273894,0.706059,,,4.5486,0.0114916,0.0192464,999,,,,,,,22.10000000000001,3.683333333333335,20,3.3333333333333335,,,,,,,,,,,,,,,,,,,"Yariel Rodriguez","33838",684320
"Antoine Kelly","CHC",0.15888,0.0971338,0,4.05474,4,0,0,0,,2.81892,12.22,2.34276,1.36,1.27,0.257814,1.52833,0.0770637,0.176002,2.72409,8.69723,4.87951,1.7824,0.823126,0.222921,0.125068,0.09785273671150208,0.222787,1.37325,0.276747,0.715379,,,4.17978,0.0112431,0.0608502,999,,,,,,,17.000000000000004,5.666666666666668,15,5,,,,,,,,,,,,,,,,,,,"Antoine Kelly","sa3011135",681520
"Joey Gerber","NYM",0.323556,0.213855,0,4.88987,8,0,0,0.2155,,5.63205,24.58,5.56394,3.29,3.06,0.87668,2.19658,0.168751,0.264724,5.38179,8.60008,3.51013,2.45007,1.40093,0.21895,0.0893646,0.12958525121212006,0.251549,1.37792,0.295536,0.684281,,,4.53322,0.0110138,0.0192466,999,,,,,,,20.500000000000007,3.416666666666668,21,3.5,,,,,,,,,,,,,,,,,,,"Joey Gerber","24591",680702
"Kade Strowd","ARI",0.357942,0.254381,0,4.64601,9,0,0,0.2208,,6.81876,30.12,6.70925,3.79,3.52,0.755212,3.28455,0.13721,0.376554,6.0416,7.97423,4.33525,1.8394,0.996796,0.200584,0.109049,0.09153523296117783,0.253573,1.46563,0.302818,0.694209,,,4.38824,0.0107255,-0.0280735,999,,,,,,,24.3,3.4714285714285715,25,3.5714285714285716,,,,,,,,,,,,,,,,,,,"Kade Strowd","26191",669704
"Grant Holman","PHI",0.198586,0.102034,0,4.40234,4,0,0,0.2042,,3.31188,14.21,3.1483,1.74,1.62,0.447922,1.21643,0.0879042,0.173234,2.95479,8.02963,3.30565,2.42906,1.21723,0.207938,0.0856041,0.12233364582061768,0.245571,1.3179,0.286737,0.702243,,,4.34238,0.0104455,-0.0406385,999,,,,,,,17.400000000000002,5.800000000000001,18,6,,,,,,,,,,,,,,,,,,,"Grant Holman","30002",680880
"Brock Burke","CIN",0.598748,0.730764,0,4.72738,21,0,0.351,4.3547,,13.2885,57.39,13.4158,7.52,6.98,2.01172,4.57797,0.395887,0.53494,11.0299,7.47026,3.10054,2.40934,1.36249,0.192192,0.0797694,0.11242230981588364,0.256629,1.35408,0.290658,0.690092,,,4.57198,0.0102366,-0.109671,999,,,,,,,57.8,4.446153846153846,59,4.538461538461538,,,,,,,,,,,,,,,,,,,"Brock Burke","17968",656271
"Garrett Acton","MIN",0.166237,0.157801,0,4.61316,5,0,0,0.22,,3.37513,14.44,2.99045,1.86,1.73,0.608624,1.31254,0.120771,0.150938,3.7443,9.98441,3.49996,2.85272,1.62294,0.2593,0.0908959,0.16840437799692154,0.23045,1.27491,0.276198,0.707924,,,4.53602,0.0101146,-0.0407239,999,,,,,,,7.100000000000002,2.3666666666666676,7,2.3333333333333335,,,,,,,,,,,,,,,,,,,"Garrett Acton","27583",670183
"Jake Bloss","TOR",0.430253,0.467523,0.322841,5.20483,4,1,0,0.2216,,7.71207,33.42,7.68089,4.77,4.46,1.45952,2.89306,0.105637,0.343183,6.32554,7.38192,3.3762,2.18646,1.70327,0.189274,0.0865666,0.1027074009180069,0.254471,1.37109,0.277756,0.680367,,,5.18848,0.00992209,-0.0240761,999,,,,,,,29.100000000000005,3.6375000000000006,30,3.75,,,,,,,,,,,,,,,,,,,"Jake Bloss","33168",814005
"Mason Adams","CHW",0.0842516,0.117395,0,4.17012,3,0,0,0,,2.20137,9.34,2.0921,1.1,1.02,0.283465,0.688239,0.0607474,0.124809,1.90401,7.78428,2.81377,2.7665,1.1589,0.203856,0.0736872,0.13016849756240845,0.245351,1.263,0.285297,0.704991,,,4.16187,0.00985547,0.00641546,999,,,,,,,10.600000000000001,5.300000000000001,11,5.5,,,,,,,,,,,,,,,,,,,"Mason Adams","sa3020388",690279
"Justin Hagenman","NYM",0.164745,0.104643,0,4.66615,4,0,0,0.2155,,2.81602,12.03,2.79186,1.57,1.46,0.477646,0.828088,0.0600751,0.118053,2.65012,8.46976,2.64657,3.20028,1.52655,0.220292,0.0688353,0.15145695209503174,0.251885,1.28548,0.290873,0.694605,,,4.44053,0.00978202,-0.0406385,999,,,,,,,17.400000000000002,5.800000000000001,18,6,,,,,,,,,,,,,,,,,,,"Justin Hagenman","21546",663795
"Beau Brieske","DET",0.484995,0.384112,0,4.69255,12,0,0,0.2045,,8.09368,35.03,7.66072,4.54,4.22,1.21443,3.26764,0.183429,0.407495,6.89674,7.66903,3.63355,2.11061,1.35042,0.196881,0.0932813,0.10359955579042435,0.244323,1.35023,0.277335,0.692268,,,4.71833,0.00913736,-0.0751677,999,,,,,,,31.100000000000005,3.8875000000000006,32,4,,,,,,,,,,,,,,,,,,,"Beau Brieske","26079",689225
"Jayden Murray","CHC",0.234224,0.157562,0,4.4698,6,0,0,0.2224,,4.22838,18.19,3.8262,2.26,2.1,0.57244,1.72944,0.0838861,0.250466,3.69679,7.86851,3.68108,2.13756,1.21842,0.203232,0.0950766,0.10815519094467163,0.236038,1.31389,0.27249,0.693203,,,4.52584,0.00882527,0.0128309,999,,,,,,,8.9,2.225,9,2.25,,,,,,,,,,,,,,,,,,,"Jayden Murray","26482",681151
"Fernando Cruz","NYY",0.885848,0.60237,0,4.78007,22,0,0.739,4.6085,,14.4036,62.89,12.3395,8.19,7.65,2.55021,7.3185,0.194957,0.875327,17.9467,11.2139,4.57293,2.45224,1.59348,0.285367,0.11637,0.16899686306715012,0.225601,1.3648,0.286243,0.712842,,,4.62607,0.00865705,-0.0562071,999,,,,,,,72.50000000000001,5.17857142857143,68,4.857142857142857,,,,,,,,,,,,,,,,,,,"Fernando Cruz","7048",518585
"Kutter Crawford","BOS",0.124962,0.0967129,0,4.4656,3,0,0,0.2327,,2.25725,9.56,2.07557,1.21,1.12,0.380305,0.716893,0.0545221,0.103725,2.11865,8.44735,2.85836,2.95532,1.51633,0.221616,0.0749888,0.14662683010101318,0.237496,1.2371,0.271658,0.700193,,,4.51343,0.00859067,0.00641546,999,,,,,,,10.600000000000001,5.300000000000001,11,5.5,,,,,,,,,,,,,,,,,,,"Kutter Crawford","20531",676710
"Johan Moreno","SDP",0.154562,0.112753,0,4.49762,4,0,0,0,,2.90154,12.42,2.57957,1.56,1.45,0.449519,1.18456,0.0659668,0.145421,2.83178,8.78364,3.67429,2.39057,1.39432,0.228002,0.0953756,0.13262614607810974,0.232603,1.29729,0.272778,0.703116,,,4.54694,0.0081608,-0.0406385,999,,,,,,,17.400000000000002,5.800000000000001,18,6,,,,,,,,,,,,,,,,,,,"Johan Moreno","sa3020999",808052
"Lou Trivino III","PHI",0.429567,0.248117,0,4.87392,9,0,0,0.2042,,6.99847,30.73,6.89357,4.07,3.79,0.980135,3.03783,0.11665,0.458297,6.40672,8.239,3.90663,2.10898,1.26045,0.208484,0.0988554,0.10962872207164764,0.253125,1.41908,0.297951,0.684806,,,4.59815,0.00792094,-0.0280735,999,,,,,,,24.3,3.4714285714285715,25,3.5714285714285716,,,,,,,,,,,,,,,,,,,"Lou Trivino III","15043",642152
"Kyle Hart","SDP",0.713487,0.534343,0,4.67074,19,0,0,3.4556,,13.3148,57.91,12.7731,7.45,6.91,1.89651,5.54655,0.291431,0.65498,12.073,8.16059,3.74913,2.17666,1.28192,0.208478,0.0957787,0.1126992329955101,0.247021,1.37588,0.288204,0.693901,,,4.54521,0.00784493,-0.0089335,999,,,,,,,52.8,4.061538461538461,54,4.153846153846154,,,,,,,,,,,,,,,,,,,"Kyle Hart","19646",606996
"Seth Halvorsen","LAD",0.229667,0.0869745,0,4.56298,5,0,0,0.2548,,3.35307,14.52,3.15746,1.82,1.7,0.447094,1.42466,0.0699874,0.179926,3.13097,8.40386,3.82393,2.1977,1.20005,0.215632,0.0981168,0.11751491576433182,0.244472,1.36654,0.290272,0.698177,,,4.41122,0.00732019,-0.0407239,712.510009765625,,,,,,,17.400000000000002,5.800000000000001,18,6,,,,,,,,,,,,,,,,,,,"Seth Halvorsen","33294",678020
"Rob Zastryzny","MIL",0.180901,0.152735,0,4.62459,5,0,0,0.201,,3.77547,16.25,3.55125,2.09,1.94,0.624076,1.44996,0.0928239,0.173645,3.72913,8.88955,3.45643,2.57189,1.48768,0.229485,0.0892282,0.14025680720806122,0.242797,1.32466,0.284933,0.705319,,,4.57326,0.00725974,0.0128312,999,,,,,,,11.9,2.975,12,3,,,,,,,,,,,,,,,,,,,"Rob Zastryzny","15094",642239
"Brian Keller","PHI",0.966173,0.875742,0.575111,5.46322,8,2,0,0.2042,,16.1773,72,16.4235,10.52,9.82,2.86789,7.52882,0.253722,0.926303,13.6071,7.57009,4.18855,1.80733,1.59551,0.188987,0.104567,0.08441982418298721,0.258455,1.48062,0.287989,0.673729,,,5.30007,0.00717822,-0.145127,999,,,,,,,40.9,2.55625,42,2.625,,,,,,,,,,,,,,,,,,,"Brian Keller","19593",662144
"Dennis Santana",,0.138757,0.129085,0,4.80843,4,0,0,0,,2.7327,11.9,2.70159,1.57,1.46,0.369968,1.06003,0.0715648,0.143173,2.40935,7.93507,3.49114,2.27292,1.21847,0.202467,0.0890779,0.11338883638381958,0.25256,1.37652,0.29449,0.675661,,,4.42727,0.00713703,-0.0406385,150.50999450683594,,,,,,,15.400000000000002,5.133333333333334,16,5.333333333333333,,,,,,,,,,,,,,,,,,,"Dennis Santana","17878",642701
"Jake Cousins","LAD",0.138651,0.0507862,0,4.42877,3,0,0,0.2548,,2.01184,8.76,1.71158,1.06,0.99,0.251,1.05523,0.035748,0.143085,2.28021,10.2005,4.72057,2.16087,1.12285,0.260298,0.12046,0.13983789831399918,0.226349,1.37526,0.290347,0.706634,,,4.25172,0.00699587,0.00641546,999,,,,,,,10.600000000000001,5.300000000000001,11,5.5,,,,,,,,,,,,,,,,,,,"Jake Cousins","21620",664776
"Austin Love","STL",0.268589,0.38579,0,4.91174,10,0,0,0,,7.29274,32.15,7.14282,4.26,3.98,0.99341,3.33758,0.174915,0.397671,6.74806,8.32781,4.11892,2.02184,1.22597,0.209893,0.103813,0.1060803234577179,0.251377,1.4371,0.297457,0.68434,,,4.56651,0.0069717,-0.02809,999,,,,,,,26.300000000000015,3.7571428571428593,27,3.857142857142857,,,,,,,,,,,,,,,,,,,"Austin Love","sa3017609",676153
"Eric Cerantola","SFG",0.106699,0.0900751,0,4.34053,3,0,0,0.2248,,2.15642,9.47,1.78879,1.11,1.04,0.236301,1.27625,0.0515064,0.143009,2.32597,9.70763,5.32655,1.8225,0.986222,0.245614,0.134768,0.1108463853597641,0.22219,1.42136,0.282864,0.715027,,,4.35149,0.00695204,0.00641546,999,,,,,,,10.600000000000001,5.300000000000001,11,5.5,,,,,,,,,,,,,,,,,,,"Eric Cerantola","30128",672021
"Carlos Lagrange","NYY",0.126426,0.0761385,0,4.22011,3,0,0,0,,2.04734,8.85,1.6424,1.03,0.96,0.283977,1.0686,0.069259,0.14405,2.37043,10.4203,4.69749,2.21827,1.24834,0.267846,0.120745,0.1471002995967865,0.215048,1.32415,0.272614,0.726625,,,4.37418,0.0069444,0.00641546,999,,,,,,,10.600000000000001,5.300000000000001,11,5.5,,,,,,,,,,,,,,,,,,,"Carlos Lagrange","sa3019390",801739
"Eiberson Castellano","COL",0.781574,0.949729,0.305486,5.50484,16,1,0,0.193,,21.2377,95.48,23.2347,13.93,12.99,2.95869,9.25854,0.568175,1.50128,17.2759,7.32108,3.92354,1.86594,1.25382,0.180937,0.0969684,0.08396870642900467,0.274253,1.52998,0.314427,0.654764,,,4.81381,0.00684935,-0.229745,999,,,,,,,59.7,2.842857142857143,67,3.1904761904761907,,,,,,,,,,,,,,,,,,,"Eiberson Castellano","28040",682769
"Danny Coulombe",,0.555381,0.641082,0,4.45946,10,0,0,0,,3.108,13.29,2.91577,1.66,1.54,0.420517,1.21497,0.0519455,0.124618,2.53542,7.34194,3.51825,2.08682,1.21771,0.190776,0.0914197,0.09935666620731354,0.243989,1.32907,0.27742,0.697552,,,4.53014,0.00681308,-0.0408958,999,,,,,,,17.400000000000002,5.800000000000001,18,6,,,,,,,,,,,,,,,,,,,"Danny Coulombe","13293",543056
"Carlos Rodriguez","MIL",0.293062,0.251601,0,4.66333,8,0,0,0.201,,6.04075,26.41,5.45568,3.36,3.13,0.894041,2.88097,0.188741,0.34813,5.55454,8.27562,4.29231,1.92801,1.33202,0.21032,0.109086,0.10123328864574432,0.235352,1.38007,0.272624,0.702421,,,4.79838,0.00673581,0.0192466,999,,,,,,,22.10000000000001,3.683333333333335,20,3.3333333333333335,,,,,,,,,,,,,,,,,,,"Carlos Rodriguez","30161",692230
"Joel Peguero","SFG",0.235122,0.222706,0,4.90098,7,0,0,0.2248,,5.03164,22.31,5.15352,2.94,2.74,0.549557,2.27224,0.120279,0.284705,4.07409,7.28724,4.06431,1.79298,0.982981,0.182613,0.101848,0.08076421171426773,0.260897,1.47581,0.304305,0.673904,,,4.43472,0.0066383,-0.0344244,999,,,,,,,13.7,2.7399999999999998,14,2.8,,,,,,,,,,,,,,,,,,,"Joel Peguero","21951",666711
"Paul Gervase","LAD",0.517845,0.190811,0,4.4958,11,0,0,0.2548,,6.98652,30.31,5.87708,3.74,3.49,1.04414,3.57965,0.190621,0.434744,7.50381,9.66636,4.61129,2.09624,1.34506,0.247569,0.118101,0.12946731597185135,0.223501,1.35357,0.272314,0.715044,,,4.62828,0.00642661,-0.0281036,999,,,,,,,27.900000000000013,3.9857142857142875,26,3.7142857142857144,,,,,,,,,,,,,,,,,,,"Paul Gervase","31571",801434
"Jack Ralston","MIA",0.133061,0.182184,0,4.39173,5,0,0,0,,3.34037,14.6,2.6761,1.74,1.63,0.416006,2.00365,0.0830789,0.182082,3.60156,9.70375,5.39847,1.7975,1.12085,0.246682,0.137236,0.10944609344005585,0.215567,1.40097,0.269165,0.717478,,,4.53536,0.00636661,-0.0407239,999,,,,,,,16.400000000000002,5.466666666666668,17,5.666666666666667,,,,,,,,,,,,,,,,,,,"Jack Ralston","sa3011296",667652
"Ryan Yarbrough","NYY",0.746326,0.489582,0,4.55637,18,0,0,2.3715,,11.6738,49.98,11.1713,6.38,5.91,1.77941,3.8168,0.266054,0.828908,8.93185,6.88609,2.94259,2.34014,1.37185,0.178708,0.0763664,0.10234197229146957,0.246421,1.28391,0.271262,0.688817,,,4.75492,0.00634513,0.0384928,999,,,,,,,46.600000000000016,3.8833333333333346,45,3.75,,,,,,,,,,,,,,,,,,,"Ryan Yarbrough","16502",642232
"Paxton Schultz","WSN",0.390049,0.589684,0,5.00935,15,0,0,0.2197,,10.2409,45.01,10.0636,6.14,5.7,1.61683,4.48193,0.249198,0.439675,9.74819,8.56704,3.93887,2.175,1.42092,0.216578,0.0995763,0.11700213700532913,0.251035,1.42034,0.294073,0.684379,,,4.70013,0.00633699,-0.0688794,999,,,,,,,31.4,3.1399999999999997,32,3.2,,,,,,,,,,,,,,,,,,,"Paxton Schultz","25501",687606
"Yaramil Hiraldo","BAL",0.323903,0.210023,0,4.67514,8,0,1.989,0.1733,,5.40946,23.23,4.81679,3.02,2.81,0.905067,2.2725,0.0941481,0.256627,5.37273,8.93889,3.78088,2.36423,1.50581,0.231284,0.0978262,0.13345778733491898,0.232685,1.31054,0.271213,0.698927,,,4.70097,0.00621588,-0.034453,999,,,,,,,25.700000000000003,5.140000000000001,26,5.2,,,,,,,,,,,,,,,,,,,"Yaramil Hiraldo","25215",682274
"Thomas Harrington","PIT",0.172196,0.169771,0,4.97969,5,0,0,0.2051,,3.41588,14.91,3.47517,2.04,1.89,0.546956,1.20808,0.095948,0.170692,2.96142,7.80263,3.18299,2.45135,1.44109,0.19862,0.0810247,0.11759531497955322,0.256826,1.37102,0.292154,0.674726,,,4.6683,0.00600973,-0.0407239,999,,,,,,,5.100000000000002,1.7000000000000008,5,1.6666666666666667,,,,,,,,,,,,,,,,,,,"Thomas Harrington","31989",802419
"Austin Warren","NYM",0.202381,0.132499,0,4.78121,5,0,0,0.2155,,3.52003,15.36,3.47887,2.01,1.87,0.518905,1.40809,0.081102,0.19039,3.35842,8.5868,3.6002,2.38509,1.32674,0.218647,0.0916725,0.12697472423315048,0.252797,1.38833,0.299464,0.691495,,,4.48027,0.00597487,0.0128312,999,,,,,,,12.5,3.125,10,2.5,,,,,,,,,,,,,,,,,,,"Austin Warren","24937",681810
"Caden Dana","LAA",0.954521,1.57139,1.25983,5.35114,7,3,0,0.2152,,20.6367,90.54,20.2993,13.15,12.27,4.01408,9.0471,0.191514,1.05485,18.1467,7.91408,3.94559,2.00581,1.7506,0.200428,0.0999238,0.10050399601459503,0.25236,1.42205,0.279445,0.682624,,,5.34823,0.00591909,-0.0145137,999,,,,,,,60.2,2.8666666666666667,59,2.8095238095238093,,,,,,,,,,,,,,,,,,,"Caden Dana","31508",702674
"Ricky Vanasco","DET",0.159926,0.126074,0,4.61943,4,0,0,0.2045,,2.86399,12.6,2.63005,1.58,1.47,0.371545,1.45673,0.0814166,0.164483,2.80039,8.80012,4.57771,1.92238,1.16757,0.222253,0.115613,0.10663973540067673,0.239557,1.42695,0.289297,0.702845,,,4.53883,0.00587827,-0.0406385,999,,,,,,,17.400000000000002,5.800000000000001,18,6,,,,,,,,,,,,,,,,,,,"Ricky Vanasco","23391",676568
"Justin Lawrence","WSN",0.104792,0.148025,0,4.65091,4,0,0,0.2197,,2.80591,12.43,2.62822,1.56,1.45,0.330023,1.46511,0.0593307,0.215528,2.84807,9.13524,4.69937,1.94393,1.05856,0.229129,0.117869,0.11125980317592621,0.2445,1.45883,0.303542,0.697638,,,4.40559,0.00545927,-0.0406385,999,,,,,,,17.400000000000002,5.800000000000001,18,6,,,,,,,,,,,,,,,,,,,"Justin Lawrence","17639",664875
"Jesse Scholtens","TBR",0.28192,0.603526,0.327653,5.61004,3,1,0,0.2446,,7.1069,31.16,7.72379,4.75,4.43,1.45998,2.36936,0.0913155,0.322184,5.44499,6.8954,3.00049,2.29809,1.84889,0.174743,0.0760385,0.09870456904172897,0.27131,1.42019,0.290482,0.663813,,,5.38419,0.00545303,-0.0744735,999,,,,,,,22.7,3.242857142857143,26,3.7142857142857144,,,,,,,,,,,,,,,,,,,"Jesse Scholtens","19205",669947
"Jose Corniell","TEX",0.174296,0.147635,0,4.42303,5,0,0,0,,3.29638,14.04,3.03892,1.75,1.62,0.506901,1.12204,0.115493,0.185299,2.84268,7.76129,3.06346,2.5335,1.38397,0.20247,0.0799172,0.12255316227674484,0.238672,1.26228,0.26985,0.698566,,,4.57386,0.00516663,-0.0407239,999,,,,,,,5.100000000000002,1.7000000000000008,5,1.6666666666666667,,,,,,,,,,,,,,,,,,,"Jose Corniell","27984",692030
"Chris Devenski","PIT",0.204893,0.204077,0,5.04995,6,0,0,0.2051,,4.09905,17.76,4.06278,2.48,2.3,0.699517,1.49487,0.0680281,0.189497,4.02165,8.83004,3.28218,2.6903,1.53588,0.226444,0.0841706,0.14227337390184402,0.252729,1.35584,0.296206,0.672221,,,4.59873,0.00486593,0.0128309,999,,,,,,,11.9,2.975,12,3,,,,,,,,,,,,,,,,,,,"Chris Devenski","12763",606965
"Duncan Davitt","CHW",0.24521,0.38917,0,4.78338,9,0,0,0.2028,,6.60412,28.61,6.36763,3.78,3.51,1.08554,2.47713,0.195273,0.37553,6.00949,8.18965,3.3758,2.42599,1.47935,0.210049,0.0865827,0.1234658882021904,0.247216,1.33928,0.283035,0.691434,,,4.7225,0.00473465,-0.0280735,999,,,,,,,29.9,4.271428571428571,28,4,,,,,,,,,,,,,,,,,,,"Duncan Davitt","31886",701474
"Carlos Vargas","SEA",0.124191,0.0799682,0,4.62063,3,0,0,0.228,,2.53212,10.99,2.62721,1.4,1.3,0.303425,0.888002,0.0708185,0.142414,1.87573,6.66695,3.15625,2.1123,1.07847,0.170676,0.0808009,0.08987472951412201,0.263787,1.38825,0.29867,0.684442,,,4.40679,0.00441113,0.0610316,999,,,,,,,15.400000000000002,5.133333333333334,16,5.333333333333333,,,,,,,,,,,,,,,,,,,"Carlos Vargas","22915",672841
"Marco Gonzales","TEX",0.505924,0.64739,0.285926,5.10937,8,1,0,0.2187,,10.375,45.28,10.9172,6.33,5.89,1.68892,3.6548,0.230801,0.418504,6.93765,6.01817,3.17042,1.89823,1.46508,0.153217,0.0807156,0.07250097393989563,0.264937,1.40452,0.283248,0.675158,,,5.0664,0.00434142,-0.0268406,999,,,,,,,22.799999999999997,2.28,26,2.6,,,,,,,,,,,,,,,,,,,"Marco Gonzales","15467",594835
"Luis Curvelo","TEX",0.173776,0.150686,0,4.55955,5,0,0,0.2187,,3.29638,14.02,3.01234,1.8,1.67,0.54678,1.12984,0.0774598,0.174583,2.91565,7.96051,3.08476,2.5806,1.49286,0.207964,0.0805875,0.1273762285709381,0.236901,1.25658,0.266456,0.693632,,,4.68421,0.00357582,-0.0407239,999,,,,,,,5.100000000000002,1.7000000000000008,5,1.6666666666666667,,,,,,,,,,,,,,,,,,,"Luis Curvelo","24710",681168
"Yosver Zulueta","BAL",0.119243,0.0748095,0,4.48104,3,0,0,0.2114,,2.02855,8.92,1.87519,1.08,1.01,0.208341,1.0352,0.0431395,0.151439,1.89096,8.38956,4.59284,1.82666,0.924342,0.211991,0.116054,0.09593707323074341,0.242481,1.43472,0.295853,0.698966,,,4.33545,0.00349253,0.00641546,999,,,,,,,10.600000000000001,5.300000000000001,11,5.5,,,,,,,,,,,,,,,,,,,"Yosver Zulueta","27765",691172
"Alimber Santa","HOU",0.601959,0.358109,0,4.55939,15,0,0,0.2147,,10.225,44.7,9.26691,5.58,5.18,1.33001,5.13404,0.227672,0.575169,9.77316,8.60226,4.51894,1.9036,1.17066,0.218639,0.114856,0.10378345102071762,0.237669,1.4084,0.284603,0.703485,,,4.56414,0.00340479,-0.0688794,999,,,,,,,40.300000000000004,4.03,39,3.9,,,,,,,,,,,,,,,,,,,"Alimber Santa","28846",695001
"Grant Anderson","MIL",0.760185,0.652783,0,4.70728,21,0,0.314,3.8922,,15.3719,66.29,14.4344,8.67,8.04,2.61551,6.00593,0.39189,0.812785,14.7553,8.639,3.51637,2.45679,1.53133,0.222588,0.0906009,0.13198678940534592,0.242712,1.32972,0.280731,0.701508,,,4.73262,0.00309087,-0.103273,999,,,,,,,62.699999999999996,4.18,61,4.066666666666666,,,,,,,,,,,,,,,,,,,"Grant Anderson","20546",681982
"Enyel De Los Santos","HOU",0.789852,0.493183,0,4.84254,20,0,0.369,4.1586,,13.8275,59.65,13.3834,8,7.44,2.37383,4.96837,0.245866,0.74319,13.0833,8.51564,3.23381,2.63332,1.54508,0.219334,0.083292,0.13604221493005753,0.248124,1.3272,0.286102,0.688814,,,4.68832,0.00298367,-0.05618,999,,,,,,,69.20000000000003,4.942857142857145,68,4.857142857142857,,,,,,,,,,,,,,,,,,,"Enyel De Los Santos","18403",660853
"Chris Roycroft","TBR",0.392648,0.460966,0,4.83436,12,0,0,0.2446,,8.58231,38,8.69905,4.94,4.61,0.979076,3.95357,0.226593,0.538916,6.74778,7.07619,4.14598,1.70676,1.02673,0.177573,0.104041,0.07353204488754272,0.259615,1.47427,0.299448,0.683627,,,4.59066,0.00292151,-0.0217094,999,,,,,,,29.900000000000013,3.3222222222222237,31,3.4444444444444446,,,,,,,,,,,,,,,,,,,"Chris Roycroft","31261",688297
"Germán Márquez","SDP",2.0026,2.64561,1.74489,5.59821,13,6,0,0.2244,,35.0952,154.23,37.815,23.45,21.83,6.75268,12.994,0.280987,1.25658,24.8044,6.36097,3.33227,1.9089,1.7317,0.160827,0.0842511,0.07657603174448013,0.270147,1.44775,0.286494,0.661561,,,5.41569,0.00273324,-0.145968,743.3200073242188,,,,,,,82.10000000000001,2.345714285714286,92,2.6285714285714286,,,,,,,,,,,,,,,,,,,"German Marquez","15038",608566
"Antwone Kelly","PIT",0.59308,0.803048,0.293377,5.21037,11,1,0,0.2051,,13.7495,60.55,14.3778,8.54,7.96,2.19133,5.37601,0.297882,0.711448,10.0962,6.60863,3.51897,1.878,1.43438,0.166741,0.0887863,0.07795459777116776,0.263994,1.43669,0.288949,0.672051,,,5.04124,0.00270803,-0.108744,999,,,,,,,44.6,3.185714285714286,46,3.2857142857142856,,,,,,,,,,,,,,,,,,,"Antwone Kelly","29000",699008
"Yilber Díaz","DET",0.159372,0.128747,0,4.74512,4,0,0,0.2045,,2.86399,12.74,2.50943,1.62,1.51,0.384371,1.69615,0.0810146,0.179972,3.05544,9.60161,5.33009,1.8014,1.20787,0.23983,0.133136,0.10669440031051636,0.230988,1.46843,0.286239,0.705005,,,4.68596,0.00270582,-0.0406385,999,,,,,,,14.400000000000002,4.800000000000001,15,5,,,,,,,,,,,,,,,,,,,"Yilber Diaz","29271",700270
"Brock Stewart","LAD",0.895772,0.370013,0,4.96235,20,0,0.413,4.4604,,13.0221,56.74,12.1601,7.73,7.18,2.40505,5.45817,0.254962,0.889245,14.6741,10.1418,3.77233,2.68846,1.66222,0.25862,0.0961962,0.1624235138297081,0.241307,1.35295,0.292825,0.693855,,,4.71928,0.00263524,-0.109636,999,,,,,,,68.39999999999999,5.261538461538461,67,5.153846153846154,,,,,,,,,,,,,,,,,,,"Brock Stewart","16727",592779
"PJ Poulin","WSN",0.295882,0.402704,0,4.612,11,0,0,0.2197,,7.43495,32.5,7.04659,4.1,3.81,0.904596,3.43677,0.179966,0.39264,6.17063,7.46954,4.16021,1.79547,1.09501,0.189865,0.105747,0.08411866426467896,0.245778,1.41001,0.284412,0.692569,,,4.57668,0.0026226,-0.0281036,999,,,,,,,24.3,3.4714285714285715,25,3.5714285714285716,,,,,,,,,,,,,,,,,,,"PJ Poulin","23394",676571
"Aaron Rozek","MIN",0.159967,0.159643,0,4.82648,5,0,0,0,,3.37513,14.76,3.44451,1.95,1.81,0.484349,1.27656,0.118314,0.157978,2.91534,7.77394,3.40404,2.28374,1.29155,0.197516,0.0864881,0.11102813482284546,0.258491,1.39878,0.29823,0.685403,,,4.52285,0.00236142,-0.0407239,999,,,,,,,17.400000000000002,5.800000000000001,18,6,,,,,,,,,,,,,,,,,,,"Aaron Rozek","sa3015224",702065
"Tucker Davidson","PHI",0.29359,0.332143,0.314363,5.86429,1,1,0,0,,4.819,21.51,5.47871,3.36,3.14,0.89728,1.90783,0.0145901,0.189904,3.05237,5.70063,3.56308,1.59991,1.67577,0.141905,0.0886951,0.05320950597524643,0.282229,1.5328,0.296291,0.656821,,,5.56939,0.00230961,0.0169077,999,,,,,,,11.7,2.34,12,2.4,,,,,,,,,,,,,,,,,,,"Tucker Davidson","19871",656353
"Andre Granillo","DET",0.361707,0.297453,0,4.87431,9,0,0,0.2045,,6.44398,28.19,5.99682,3.75,3.49,0.992941,2.92114,0.196041,0.354206,5.61969,7.84875,4.07981,1.9238,1.38679,0.199351,0.103623,0.0957273468375206,0.240695,1.38392,0.273406,0.686513,,,4.89354,0.00158514,-0.0813718,999,,,,,,,19.500000000000007,3.2500000000000013,20,3.3333333333333335,,,,,,,,,,,,,,,,,,,"Andre Granillo","29542",701552
"Matt Gage","SFG",0.230948,0.231486,0,5.09774,7,0,0,0.2248,,5.03164,22.46,5.34817,3.06,2.85,0.620399,2.28864,0.129271,0.224661,4.07275,7.28485,4.09365,1.77955,1.1097,0.181334,0.101899,0.07943492382764816,0.268123,1.51776,0.309946,0.676218,,,4.59226,0.000493324,-0.0344244,999,,,,,,,13.7,2.7399999999999998,14,2.8,,,,,,,,,,,,,,,,,,,"Matt Gage","17381",657424
"Tanner Banks","PHI",0.233314,0.137029,0,5.02322,5,0,0,0.2042,,4.0492,17.63,4.36071,2.44,2.26,0.661666,1.2812,0.0726153,0.15029,3.56823,7.93097,2.84768,2.78506,1.47066,0.202395,0.0726718,0.12972355633974075,0.269204,1.39334,0.309062,0.679007,,,4.53215,0.000474879,0.0128312,999,,,,,,,11.9,2.975,12,3,,,,,,,,,,,,,,,,,,,"Tanner Banks","16990",621383
"Mike Clevinger","PIT",0.172402,0.172702,0,5.11142,5,0,0,0.2051,,3.41588,14.97,3.39004,2.08,1.94,0.543842,1.37588,0.0902571,0.187765,2.93353,7.72914,3.62511,2.13211,1.43289,0.195961,0.0919093,0.10405157506465912,0.252868,1.39523,0.286655,0.670719,,,4.83514,0.0000341042,-0.0407239,748.0900268554688,,,,,,,5.100000000000002,1.7000000000000008,5,1.6666666666666667,,,,,,,,,,,,,,,,,,,"Mike Clevinger","12808",605182
"José Suarez","ATH",0.756449,0.564396,0,5.16114,20,0,0.715,4.086,,14.8223,65.67,15.2278,9.15,8.5,2.3659,6.2989,0.382238,0.806788,14.5642,8.8433,3.82465,2.31219,1.43656,0.221779,0.0959175,0.12586168944835663,0.260019,1.45232,0.308927,0.6795,,,4.65775,-0.0000307413,-0.103239,999,,,,,,,77.4,5.16,79,5.266666666666667,,,,,,,,,,,,,,,,,,,"Jose Suarez","19911",660761
"Ronan Kopp","LAD",0.138915,0.051399,0,4.51824,3,0,0,0,,2.01184,8.94,1.71401,1.08,1.01,0.226658,1.28624,0.0445216,0.113058,2.10055,9.39681,5.754,1.63309,1.01395,0.23496,0.143874,0.09108597040176392,0.227301,1.49129,0.285288,0.715728,,,4.57273,-0.000252136,0.00641546,999,,,,,,,10.600000000000001,5.300000000000001,11,5.5,,,,,,,,,,,,,,,,,,,"Ronan Kopp","sa3017751",691947
"Joel Kuhnel","MIL",0.349801,0.315263,0,4.87836,10,0,0,0.201,,7.0659,30.64,7.62581,4.13,3.83,1.03818,2.10494,0.1528,0.406012,5.21407,6.64129,2.68111,2.47707,1.32235,0.170172,0.068699,0.10147308558225632,0.271101,1.37714,0.301124,0.676639,,,4.61003,-0.000441519,-0.02809,999,,,,,,,22.7,3.242857142857143,26,3.7142857142857144,,,,,,,,,,,,,,,,,,,"Joel Kuhnel","19995",669270
"Chayce McDermott","LAD",0.457182,0.180474,0,4.77366,10,0,0,0.2548,,6.31591,28.06,5.39461,3.58,3.35,0.938306,3.82876,0.135572,0.385804,7.23258,10.3062,5.45589,1.88901,1.33706,0.257754,0.136449,0.12130492925643921,0.226232,1.46034,0.284302,0.713471,,,4.75264,-0.000461405,-0.0814479,999,,,,,,,21.10000000000001,3.516666666666668,19,3.1666666666666665,,,,,,,,,,,,,,,,,,,"Chayce McDermott","29866",694646
"Ben Casparius","LAD",0.271199,0.110963,0,5.01033,6,0,0,0.2548,,4.02369,17.57,3.78442,2.4,2.24,0.67546,1.77057,0.0724192,0.206201,3.96571,8.87033,3.96033,2.2398,1.51084,0.225709,0.100772,0.12493714690208435,0.242696,1.38057,0.28387,0.684477,,,4.79471,-0.000505108,0.0128309,999,,,,,,,8.9,2.225,9,2.25,,,,,,,,,,,,,,,,,,,"Ben Casparius","30085",676508
"Wandy Peralta","SDP",0.775375,0.543672,0,4.26276,20,0,0,2.4234,,14.0402,61,13.3963,7.18,6.65,1.44699,6.35734,0.290433,0.715116,9.82484,6.29789,4.07517,1.54543,0.927545,0.161063,0.104219,0.05684424191713333,0.248412,1.40693,0.280133,0.709259,,,4.56117,-0.00054702,0.0449085,999,,,,,,,64.50000000000001,4.6071428571428585,64,4.571428571428571,,,,,,,,,,,,,,,,,,,"Wandy Peralta","14295",593974
"Ryan Weiss","HOU",0.155618,0.0991186,0,4.87174,4,0,0,0.2147,,2.88193,12.7,2.7271,1.68,1.56,0.450542,1.37136,0.0900263,0.169951,3.01858,9.42675,4.28262,2.20116,1.407,0.237683,0.107981,0.129702627658844,0.244393,1.42212,0.296058,0.697424,,,4.65168,-0.000697448,-0.0406385,725.9600219726562,,,,,,,17.400000000000002,5.800000000000001,18,6,,,,,,,,,,,,,,,,,,,"Ryan Weiss","24621",680802
"Connor Brogdon","CLE",0.0940305,0.121277,0,4.82998,3,0,0,0.2412,,2.08697,8.99,2.00438,1.21,1.12,0.377908,0.759983,0.0471163,0.0991292,1.99111,8.58662,3.27741,2.61994,1.62972,0.22148,0.0845365,0.1369437724351883,0.246514,1.32458,0.282282,0.695373,,,4.7906,-0.000768179,0.00641546,999,,,,,,,10.600000000000001,5.300000000000001,11,5.5,,,,,,,,,,,,,,,,,,,"Connor Brogdon","21205",641401
"Zack Kelly","BOS",0.242532,0.199009,0,4.72477,6,0,0,0.2327,,4.51451,19.81,4.2715,2.55,2.37,0.605396,2.1213,0.112841,0.279485,3.94616,7.86695,4.22896,1.86026,1.2069,0.1992,0.107082,0.09211811423301697,0.245358,1.41606,0.285129,0.69299,,,4.70019,-0.0010299,-0.0343864,999,,,,,,,16.299999999999997,3.2599999999999993,14,2.8,,,,,,,,,,,,,,,,,,,"Zack Kelly","20349",677161
"Victor Vodnik","COL",0.673841,0.605811,0,5.17258,19,0,0.631,3.1613,,14.4067,64.88,15.7336,8.88,8.28,1.50188,6.99101,0.325751,0.686339,11.2949,7.05601,4.36734,1.61563,0.938238,0.174089,0.107753,0.06633612513542175,0.275051,1.57736,0.320493,0.671353,,,4.49565,-0.00120275,-0.156435,496.760009765625,,,,,,,52.4,3.742857142857143,59,4.214285714285714,,,,,,,,,,,,,,,,,,,"Victor Vodnik","24614",680767
"McCade Brown","COL",0.107751,0.0978506,0,5.26527,3,0,0,0.193,,2.32467,10.28,2.36578,1.47,1.36,0.410446,0.954719,0.0565837,0.136988,2.3881,9.24559,3.69622,2.50137,1.58905,0.232306,0.0928715,0.1394340917468071,0.257478,1.42838,0.306011,0.67392,,,4.7593,-0.00126185,0.00641546,999,,,,,,,10.600000000000001,5.300000000000001,11,5.5,,,,,,,,,,,,,,,,,,,"McCade Brown","30004",685326
"Zak Kent","WSN",0.18467,0.270381,0,4.87543,7,0,0,0.2197,,4.91033,21.5,4.84336,2.86,2.66,0.720441,2.09276,0.123838,0.246008,4.16287,7.63,3.83575,1.98918,1.32047,0.193622,0.0973374,0.09628447145223618,0.252769,1.41255,0.288762,0.687662,,,4.7504,-0.00152012,-0.0344244,999,,,,,,,13.7,2.7399999999999998,14,2.8,,,,,,,,,,,,,,,,,,,"Zak Kent","25703",687849
"Drey Jameson","ARI",0.388952,0.297186,0,5.04455,10,0,0,0.2208,,7.54675,33.29,7.92343,4.55,4.23,1.07053,2.97584,0.186564,0.388962,6.29862,7.51151,3.54889,2.11658,1.27668,0.189204,0.0893914,0.09981299936771393,0.264775,1.44423,0.303817,0.675416,,,4.62217,-0.00164271,-0.0750573,999,,,,,,,29.100000000000005,3.6375000000000006,30,3.75,,,,,,,,,,,,,,,,,,,"Drey Jameson","26260",686753
"Tyler Schweitzer","CHW",0.38554,0.574558,0,4.5983,14,0,0,0.2028,,9.9428,43,9.90641,5.48,5.08,1.31272,3.65822,0.225083,0.366012,7.21232,6.52843,3.31133,1.97154,1.18824,0.167728,0.0850748,0.08265352994203568,0.254168,1.36427,0.282216,0.689413,,,4.58953,-0.00179602,0.0320776,999,,,,,,,37.7,3.7700000000000005,39,3.9,,,,,,,,,,,,,,,,,,,"Tyler Schweitzer","31920",805326
"Lake Bachar","MIA",0.483145,0.750047,0,4.93714,19,0,0,3.2861,,11.9584,52.15,10.9897,7.06,6.56,2.11816,5.38683,0.287109,0.641988,12.663,9.53034,4.05419,2.35074,1.59415,0.242819,0.103295,0.1395242065191269,0.238279,1.36946,0.283074,0.694688,,,4.80699,-0.002151,-0.062567,999,,,,,,,55.600000000000016,4.633333333333335,54,4.5,,,,,,,,,,,,,,,,,,,"Lake Bachar","19222",669199
"Eli Morgan","KCR",0.510156,0.416252,0,5.1672,14,0,0,0.2174,,9.96284,43.39,10.1421,6.15,5.72,1.78679,3.48986,0.171184,0.505394,9.15809,8.27302,3.15259,2.6242,1.61411,0.211065,0.08043,0.13063450902700424,0.257447,1.36828,0.293684,0.672205,,,4.80581,-0.00225094,-0.0688489,999,,,,,,,29.4,2.94,30,3,,,,,,,,,,,,,,,,,,,"Eli Morgan","20203",669212
"Troy Watson","DET",0.0792456,0.0653178,0,4.9651,2,0,0,0,,1.432,6.33,1.39559,0.85,0.79,0.209157,0.670823,0.0589688,0.0770576,1.15956,7.28777,4.21608,1.72857,1.31454,0.183185,0.105975,0.07721005380153656,0.250011,1.44303,0.281586,0.685847,,,4.95579,-0.00274107,-0.0465693,999,,,,,,,3.8000000000000003,3.8000000000000003,4,4,,,,,,,,,,,,,,,,,,,"Troy Watson","sa3007249",681890
"Burch Smith","DET",0.113436,0.101445,0,5.27934,3,0,0,0.2045,,2.14799,9.5,2.24401,1.35,1.26,0.35811,0.851922,0.0323837,0.124691,1.99249,8.34845,3.56952,2.33882,1.50046,0.209736,0.089676,0.12005998194217682,0.263277,1.44131,0.305519,0.672916,,,4.78584,-0.00285994,0.00641546,999,,,,,,,10.600000000000001,5.300000000000001,11,5.5,,,,,,,,,,,,,,,,,,,"Burch Smith","12784",572143
"Jeff Criswell","COL",0.25022,0.234969,0,5.39248,7,0,0,0.193,,5.42422,24.16,5.50798,3.5,3.25,0.942205,2.47193,0.214143,0.259522,5.48933,9.10803,4.10148,2.22067,1.56333,0.227207,0.102315,0.12489261478185654,0.257039,1.47116,0.304445,0.672576,,,4.85456,-0.00295863,-0.133732,999,,,,,,,13.1,2.62,16,3.2,,,,,,,,,,,,,,,,,,,"Jeff Criswell","27608",676105
"Logan Gillaspie","SDP",0.108344,0.0916382,0,5.16968,3,0,0,0.2244,,2.17615,9.56,2.30889,1.35,1.25,0.354654,0.776931,0.0437743,0.110176,1.75239,7.24744,3.21319,2.25553,1.46676,0.183305,0.081269,0.10203571617603302,0.266219,1.41802,0.297636,0.670381,,,4.84078,-0.00313929,0.00641546,999,,,,,,,10.600000000000001,5.300000000000001,11,5.5,,,,,,,,,,,,,,,,,,,"Logan Gillaspie","22461",670810
"Brennan Bernardino","COL",0.628809,0.594035,0,5.38738,18,0,0.316,2.7805,,13.6318,61.13,15.2498,8.82,8.16,1.86621,5.5016,0.415399,0.869735,11.3176,7.47212,3.63226,2.05716,1.23211,0.185141,0.0899983,0.09514230489730835,0.278491,1.52227,0.321916,0.657787,,,4.63112,-0.00328566,-0.156356,999,,,,,,,53,3.7857142857142856,57,4.071428571428571,,,,,,,,,,,,,,,,,,,"Brennan Bernardino","16835",657514
"Julian Aguiar","CIN",0.320563,0.642267,0.251139,5.28188,5,1,0,0.2249,,8.36633,36.56,8.77995,5.26,4.91,1.55589,2.93641,0.192733,0.456686,6.20385,6.67373,3.15881,2.11274,1.67374,0.16969,0.0803174,0.0893721804022789,0.26472,1.40042,0.284331,0.676901,,,5.26099,-0.00331566,-0.0299564,999,,,,,,,14.200000000000003,1.7750000000000004,17,2.125,,,,,,,,,,,,,,,,,,,"Julian Aguiar","30031",687924
"Jared Shuster","STL",0.079697,0.119923,0,5.19718,3,0,0,0.2387,,2.19927,9.71,2.29375,1.36,1.27,0.305115,0.933961,0.0487161,0.0839156,1.62942,6.66801,3.82202,1.74463,1.24861,0.167808,0.0961855,0.07162243127822876,0.263888,1.46763,0.294281,0.666908,,,4.81997,-0.00368068,0.00641546,999,,,,,,,10.600000000000001,5.300000000000001,11,5.5,,,,,,,,,,,,,,,,,,,"Jared Shuster","27472",694363
"Steven Wilson","TBR",0.102469,0.119587,0,4.94884,3,0,0,0.2446,,2.25507,9.76,1.97064,1.33,1.24,0.44015,1.01129,0.0561994,0.133647,2.27443,9.07726,4.03608,2.24903,1.75664,0.233036,0.103616,0.12941990047693253,0.228744,1.32232,0.259384,0.698278,,,5.15308,-0.00415326,0.00641546,999,,,,,,,10.600000000000001,5.300000000000001,11,5.5,,,,,,,,,,,,,,,,,,,"Steven Wilson","20353",621051
"Ben Lively","CLE",0.345641,0.620398,0.375226,5.37291,4,1,0,0.2412,,8.2581,36.13,8.67637,5.3,4.93,1.58316,2.95044,0.0743341,0.420886,5.97495,6.51174,3.2155,2.02511,1.72539,0.165374,0.0816618,0.08371201157569885,0.264857,1.40793,0.28147,0.672322,,,5.37964,-0.00435353,-0.0240761,999,,,,,,,14.200000000000003,1.7750000000000004,17,2.125,,,,,,,,,,,,,,,,,,,"Ben Lively","14932",594902
"Andrew Baker","COL",0.209411,0.194917,0,5.36206,6,0,0,0,,4.64933,21.21,4.67095,2.98,2.77,0.627585,2.75202,0.127924,0.270557,5.07466,9.82333,5.32725,1.84398,1.21485,0.239258,0.129751,0.10950694978237152,0.256823,1.59657,0.323853,0.678901,,,4.63188,-0.00440324,-0.0343864,999,,,,,,,12.7,2.54,13,2.6,,,,,,,,,,,,,,,,,,,"Andrew Baker","sa3017196",687900
"Kolby Allard","PHI",0.143423,0.0827048,0,4.99892,3,0,0,0.2042,,2.57456,11.16,2.67973,1.54,1.43,0.443877,0.843561,0.0889533,0.0990501,2.09371,7.31908,2.94888,2.48199,1.55168,0.187608,0.0755879,0.11202049255371094,0.262271,1.3685,0.291134,0.683454,,,4.82296,-0.00468797,-0.0404967,999,,,,,,,15.400000000000002,5.133333333333334,16,5.333333333333333,,,,,,,,,,,,,,,,,,,"Kolby Allard","18694",663465
"Brandan Bidois","PIT",0.278104,0.264175,0,4.9237,8,0,0,0.2051,,5.4654,24.14,5.05568,3.21,2.99,0.857962,2.74395,0.167103,0.300353,5.64637,9.298,4.51852,2.05775,1.41283,0.233901,0.113668,0.12023282796144485,0.239655,1.42709,0.287685,0.695558,,,4.75529,-0.00485895,-0.034453,999,,,,,,,14.7,2.94,15,3,,,,,,,,,,,,,,,,,,,"Brandan Bidois","28052",684049
"Ryne Stanek","STL",0.545645,0.776146,0,4.89892,20,0,0.762,4.4067,,14.6236,64.29,13.5545,8.5,7.96,2.25201,7.26282,0.2625,0.664212,14.6016,8.98642,4.46985,2.01045,1.38598,0.22712,0.11297,0.11415061354637146,0.240485,1.42354,0.28607,0.697291,,,4.74092,-0.00506924,-0.00252681,745.9000244140625,,,,,,,77,5.133333333333334,76,5.066666666666666,,,,,,,,,,,,,,,,,,,"Ryne Stanek","15947",592773
"Jordan Leasure","CHW",0.195609,0.300168,0,4.74833,7,0,0,0.2028,,5.13654,22.07,4.485,2.91,2.71,0.974082,2.20722,0.10091,0.255562,5.35525,9.38321,3.86738,2.42625,1.70674,0.242648,0.10001,0.14263850450515747,0.228742,1.30287,0.264419,0.709809,,,4.92825,-0.00527672,-0.0344244,717.510009765625,,,,,,,18.299999999999997,3.6599999999999993,16,3.2,,,,,,,,,,,,,,,,,,,"Jordan Leasure","29950",673929
"Matt Bowman","MIN",0.219183,0.2337,0,5.16171,7,0,0,0.22,,4.72518,20.76,4.88023,2.91,2.71,0.723631,1.8603,0.0991907,0.236643,4.12931,7.86505,3.54329,2.2197,1.37829,0.198907,0.0896096,0.1092972606420517,0.261491,1.42651,0.300982,0.668802,,,4.68414,-0.00537354,-0.0344244,999,,,,,,,13.7,2.7399999999999998,14,2.8,,,,,,,,,,,,,,,,,,,"Matt Bowman","13528",621199
"Braden Nett","ATH",0.115138,0.0860725,0,5.18614,3,0,0,0,,2.29072,10.37,2.16475,1.41,1.32,0.32206,1.38104,0.0729801,0.165914,2.29661,9.02312,5.42595,1.66296,1.26534,0.221466,0.133176,0.08829028904438019,0.245352,1.54789,0.296999,0.690099,,,4.95823,-0.00549396,0.00641546,999,,,,,,,10.600000000000001,5.300000000000001,11,5.5,,,,,,,,,,,,,,,,,,,"Braden Nett","sa3020336",804556
"Antonio Senzatela","COL",0.969928,1.16959,0.304089,5.71603,22,1,3.578,3.136,,27.9792,125.8,33.6787,19.06,17.77,4.02799,9.74718,0.562591,1.36773,19.5341,6.28349,3.13535,2.00408,1.29567,0.155279,0.0774815,0.07779767364263535,0.293662,1.55207,0.325392,0.644827,,,4.77669,-0.00570509,-0.355433,999,,,,,,,108.6,3.8785714285714286,127,4.535714285714286,,,,,,,,,,,,,,,,,,,"Antonio Senzatela","15488",622608
"Scott Barlow","KCR",0.263248,0.1997,0,4.865,7,0,0,0.2174,,5.03186,22.18,4.6149,2.91,2.72,0.679232,2.56271,0.111145,0.386468,4.62062,8.26446,4.58367,1.80302,1.21488,0.208324,0.115541,0.0927824005484581,0.239974,1.42643,0.282512,0.685374,,,4.7863,-0.00611918,-0.0344244,999,,,,,,,12.7,2.54,13,2.6,,,,,,,,,,,,,,,,,,,"Scott Barlow","14993",605130
"Tyler Gilbert","CHW",0.299388,0.463302,0,4.78981,11,0,0,0.2028,,7.74143,33.5,7.51639,4.45,4.12,1.21934,2.93875,0.159183,0.358709,6.78015,7.88244,3.41652,2.30715,1.41758,0.202392,0.0877239,0.11466851830482483,0.248866,1.35054,0.283612,0.686454,,,4.68353,-0.00612569,0.0256621,999,,,,,,,31.100000000000005,3.8875000000000006,32,4,,,,,,,,,,,,,,,,,,,"Tyler Gilbert","17964",656457
"Cole Henry","WSN",0.244851,0.350755,0,4.80415,9,0,0,0.2197,,6.31329,27.51,5.63077,3.62,3.37,1.01487,2.91473,0.127349,0.495781,5.76355,8.21632,4.15513,1.97739,1.44676,0.209507,0.105951,0.10355602204799652,0.233647,1.35357,0.266491,0.691328,,,4.99427,-0.00644821,-0.0813718,736.2100219726562,,,,,,,19.500000000000007,3.2500000000000013,20,3.3333333333333335,,,,,,,,,,,,,,,,,,,"Cole Henry","27570",669371
"Chase Solesky","TBR",0.127182,0.163845,0,5.32799,4,0,0,0.2446,,3.00676,13.36,3.1661,1.92,1.78,0.499268,1.24814,0.113178,0.139569,2.57138,7.69678,3.736,2.06017,1.49443,0.192468,0.0934237,0.09904468804597855,0.264452,1.4681,0.299588,0.671349,,,4.94254,-0.00691531,-0.0406385,999,,,,,,,17.400000000000002,5.800000000000001,18,6,,,,,,,,,,,,,,,,,,,"Chase Solesky","25480",686678
"Alex Lange","KCR",0.758891,0.604876,0,5.03967,21,0,5.483,2.7992,,14.8938,66.87,14.2648,8.94,8.34,1.75894,8.38484,0.21995,1.15414,14.706,8.88649,5.06677,1.75388,1.06289,0.219919,0.12539,0.09452886879444122,0.248814,1.52074,0.306019,0.679127,,,4.59163,-0.00766558,-0.103273,999,,,,,,,90,6,89,5.933333333333334,,,,,,,,,,,,,,,,,,,"Alex Lange","19883",656638
"Trevor Williams","WSN",0.608442,1.17496,0.284994,5.3018,17,1,0,1.4062,,20.693,90.37,22.4537,13.1,12.19,3.84105,6.51539,0.411972,0.830175,16.3948,7.13061,2.83374,2.51632,1.67059,0.181419,0.0720969,0.10932210087776184,0.270447,1.39995,0.296434,0.672658,,,5.00315,-0.00770322,-0.133678,999,,,,,,,61,2.9047619047619047,65,3.0952380952380953,,,,,,,,,,,,,,,,,,,"Trevor Williams","16977",592866
"Landon Knack","LAD",0.452498,0.185668,0,5.03016,10,0,0,0.2548,,6.31591,27.48,6.03369,3.79,3.53,1.15471,2.57424,0.135885,0.286364,6.14159,8.7516,3.66822,2.38579,1.64543,0.223493,0.0936767,0.12981632351875305,0.245079,1.3629,0.281646,0.689129,,,4.90042,-0.00800453,-0.0814479,999,,,,,,,19.500000000000007,3.2500000000000013,20,3.3333333333333335,,,,,,,,,,,,,,,,,,,"Landon Knack","27487",689017
"Connor Seabold","KCR",0.319416,0.280824,0,5.47766,9,0,0,0.2174,,6.44071,28.6,6.99572,4.21,3.92,1.0906,2.26961,0.139746,0.439316,5.15794,7.2075,3.17147,2.27261,1.52397,0.180348,0.0793571,0.10099036246538162,0.270198,1.43856,0.300629,0.653272,,,4.97113,-0.00806751,-0.0813718,999,,,,,,,17.90000000000001,2.9833333333333347,21,3.5,,,,,,,,,,,,,,,,,,,"Connor Seabold","19695",657756
"Nick Raquet","BAL",0.493453,0.344201,0,4.98607,13,0,0,0.2114,,7.86993,34.84,8.38266,4.7,4.36,1.02953,3.23249,0.256308,0.357587,6.43943,7.36409,3.69665,1.9921,1.17736,0.184829,0.0927809,0.09204766899347305,0.268246,1.47589,0.309202,0.679701,,,4.54242,-0.00826796,-0.0752102,999,,,,,,,29.100000000000005,3.6375000000000006,30,3.75,,,,,,,,,,,,,,,,,,,"Nick Raquet","20333",675919
"Tyler Ferguson","CHC",0.65431,0.457437,0,4.66039,17,0,0,1.4236,,11.7801,51.69,10.3221,6.57,6.1,1.6208,6.16075,0.230213,0.8564,11.4719,8.76454,4.7068,1.8621,1.23829,0.221937,0.119186,0.10275092720985413,0.23106,1.39921,0.275531,0.697414,,,4.73772,-0.0083921,-0.0625287,999,,,,,,,43.20000000000002,3.6000000000000014,39,3.25,,,,,,,,,,,,,,,,,,,"Tyler Ferguson","19481",621053
"Dan Hammer","NYM",0.120632,0.0847355,0,5.15621,3,0,0,0,,2.11202,9.6,1.86468,1.29,1.21,0.295656,1.45653,0.0500594,0.160464,2.2424,9.55559,6.20673,1.53955,1.25989,0.233583,0.151721,0.08186167478561401,0.233581,1.57253,0.288161,0.69866,,,5.10294,-0.00862309,0.00641546,999,,,,,,,10.600000000000001,5.300000000000001,11,5.5,,,,,,,,,,,,,,,,,,,"Dan Hammer","sa3011525",669285
"Carson Palmquist","WSN",0.454356,0.642533,0,4.79998,17,0,0,2.2851,,11.6438,51.31,10.4681,6.67,6.21,1.71641,6.01786,0.304624,0.742697,11.6916,9.03691,4.65146,1.94281,1.32669,0.227861,0.117284,0.11057689040899277,0.234978,1.41586,0.281031,0.697009,,,4.75969,-0.00900866,-0.0625287,999,,,,,,,49.20000000000002,4.100000000000001,45,3.75,,,,,,,,,,,,,,,,,,,"Carson Palmquist","31612",687223
"Taylor Clarke","ARI",0.76959,0.559932,0,4.83874,19,0,0,3.5212,,14.0987,60.46,14.645,8.16,7.58,2.31173,3.90906,0.238963,0.634246,9.69331,6.18778,2.49537,2.4797,1.47571,0.160326,0.0646553,0.0956706628203392,0.261907,1.31601,0.280865,0.678567,,,4.83299,-0.00900911,-0.0561644,999,,,,,,,61,4.357142857142857,65,4.642857142857143,,,,,,,,,,,,,,,,,,,"Taylor Clarke","17611",664199
"Luis Medina","ATH",1.08648,1.00517,0.288487,5.31459,22,1,1.073,4.8822,,27.5017,123.87,27.3383,17.41,16.24,4.0839,14.6722,0.61505,1.91563,27.4513,8.98353,4.80153,1.87097,1.33647,0.221614,0.118449,0.10316530615091324,0.254826,1.52756,0.307001,0.67783,,,4.85332,-0.00939004,-0.157842,999,,,,,,,115.80000000000005,4.135714285714288,116,4.142857142857143,,,,,,,,,,,,,,,,,,,"Luis Medina","21649",665622
"Jason Alexander","HOU",0.579061,0.554859,0.288021,5.43274,8,1,0,0.2147,,11.4307,50.7,12.6093,7.42,6.9,1.90354,4.3427,0.238513,0.612663,8.52489,6.71209,3.41924,1.96304,1.49876,0.168144,0.0856549,0.08248879015445709,0.275646,1.48303,0.303141,0.667179,,,5.08356,-0.00945962,-0.0690753,999,,,,,,,26.000000000000007,2.363636363636364,32,2.909090909090909,,,,,,,,,,,,,,,,,,,"Jason Alexander","19666",669920
"Stevie Emanuels","ATH",0.153106,0.114974,0,5.2156,4,0,0,0,,3.0543,13.7,2.88278,1.9,1.77,0.515073,1.69753,0.0788564,0.194939,3.33289,9.82094,5.00205,1.96338,1.51775,0.243277,0.123907,0.11936980485916138,0.244148,1.49963,0.297467,0.694523,,,4.97842,-0.00984746,-0.0406385,999,,,,,,,2.1000000000000023,0.7000000000000007,2,0.6666666666666666,,,,,,,,,,,,,,,,,,,"Stevie Emanuels","sa3014698",669434
"Tyler Zuber","MIA",0.444722,0.722591,0,5.14956,18,0,0,2.3045,,11.2903,50.16,10.7595,6.93,6.46,1.87603,5.61263,0.430039,0.621817,12.0991,9.64474,4.47408,2.15569,1.49547,0.24121,0.111894,0.12931550294160843,0.244949,1.45011,0.296606,0.686916,,,4.78316,-0.010105,-0.115949,999,,,,,,,39.20000000000001,3.5636363636363644,40,3.6363636363636362,,,,,,,,,,,,,,,,,,,"Tyler Zuber","20379",676604
"Kade Morris","ATH",0.883427,1.04843,0.590946,5.49856,10,2,0,0.2214,,17.8083,78.78,19.7478,11.69,10.88,3.12878,6.28135,0.307503,1.18346,12.3398,6.23632,3.17449,1.96451,1.58123,0.156636,0.0797328,0.07690340280532837,0.276909,1.46163,0.297584,0.662352,,,5.26541,-0.0105271,-0.140292,999,,,,,,,47.30000000000001,2.627777777777778,54,3,,,,,,,,,,,,,,,,,,,"Kade Morris","33787",695034
"Beck Way","KCR",0.484651,0.371133,0,4.86044,13,0,0,0.2174,,9.25842,41.36,8.56598,5.36,5,1.13029,5.15467,0.343674,0.798356,8.54847,8.30986,5.0108,1.65839,1.09874,0.206684,0.124629,0.0820549875497818,0.241929,1.48197,0.289009,0.688786,,,4.77912,-0.01087,-0.0217183,999,,,,,,,30.900000000000013,3.433333333333335,32,3.5555555555555554,,,,,,,,,,,,,,,,,,,"Beck Way","27877",694360
"Tim Hill","NYY",0.875418,0.534634,0,4.19135,21,0,0,4.5523,,13.7211,58.62,14.4829,6.91,6.39,1.4879,3.8214,0.285234,0.728598,6.72339,4.41003,2.50655,1.7594,0.975946,0.114695,0.0651894,0.04950511455535889,0.267854,1.33402,0.28337,0.70243,,,4.53424,-0.0108889,0.0449082,999,,,,,,,73.9,5.278571428571429,76,5.428571428571429,,,,,,,,,,,,,,,,,,,"Tim Hill","16814",657612
"Jose Quintana","COL",0.612627,1.28118,0.838069,6.37764,3,3,0,0,,13.632,62.13,16.565,10.32,9.66,2.47063,5.73831,0.0422473,0.550483,7.68988,5.07695,3.7885,1.34009,1.63114,0.123771,0.0923598,0.031411074101924896,0.296645,1.6361,0.308542,0.635908,,,5.72158,-0.0110106,-0.0993517,999,,,,,,,29.799999999999997,2.1285714285714286,39,2.7857142857142856,,,,,,,,,,,,,,,,,,,"Jose Quintana","11423",500779
"Luis Mey","CIN",0.313654,0.37954,0,4.65702,11,0,0,0.2249,,6.57073,29.56,5.81613,3.63,3.4,0.733423,4.30915,0.229347,0.498004,6.72284,9.20834,5.9023,1.56013,1.00458,0.22743,0.145777,0.0816536545753479,0.234968,1.54097,0.293856,0.713886,,,4.70929,-0.011294,-0.0281036,999,,,,,,,25.900000000000013,3.700000000000002,24,3.4285714285714284,,,,,,,,,,,,,,,,,,,"Luis Mey","25620",682825
"Brooks Kriske","ATH",0.270078,0.200175,0,5.15246,7,0,0,0.2214,,5.34502,23.8,4.88597,3.29,3.06,0.927779,2.9583,0.138195,0.322909,6.13071,10.323,4.98121,2.07238,1.56221,0.257593,0.124298,0.13329488784074783,0.238122,1.46758,0.294064,0.695799,,,4.91389,-0.01135,-0.0344244,999,,,,,,,14.7,2.94,15,3,,,,,,,,,,,,,,,,,,,"Brooks Kriske","21189",621139
"Nick Mears","KCR",0.407572,0.318484,0,5.02193,11,0,0,0.2174,,7.84957,34.41,7.76568,4.71,4.38,1.20341,3.31113,0.197217,0.382532,6.66906,7.64648,3.79641,2.01413,1.37979,0.193812,0.0962258,0.09758589416742325,0.252819,1.41114,0.287266,0.677895,,,4.8152,-0.0116298,-0.0751175,999,,,,,,,31.100000000000005,3.8875000000000006,32,4,,,,,,,,,,,,,,,,,,,"Nick Mears","25376",683232
"Cam Booser","TBR",0.66765,0.753761,0,4.82192,20,0,0.402,4.2812,,14.5958,63.41,13.1251,8.39,7.82,2.68589,6.63672,0.238754,0.710859,16.6819,10.2863,4.0923,2.51358,1.65616,0.26308,0.104664,0.1584164947271347,0.234116,1.35394,0.284489,0.710669,,,4.72632,-0.0131573,-0.00252681,999,,,,,,,66.3,4.42,62,4.133333333333334,,,,,,,,,,,,,,,,,,,"Cam Booser","16061",592155
"Charlie Barnes","LAD",0.171358,0.0767453,0,5.40176,4,0,0,0,,2.68246,12.1,2.91836,1.73,1.61,0.360535,1.24361,0.0970962,0.161286,2.02659,6.79946,4.17248,1.6296,1.20964,0.167486,0.102778,0.06470856815576553,0.272869,1.55155,0.307876,0.664978,,,4.9172,-0.0136548,-0.0406385,999,,,,,,,15.400000000000002,5.133333333333334,16,5.333333333333333,,,,,,,,,,,,,,,,,,,"Charlie Barnes","19865",656212
"Yunior Tur","ATH",0.459522,0.351501,0,5.26756,12,0,0,0.2214,,8.71372,38.73,8.48357,5.48,5.1,1.51599,4.15369,0.215374,0.560166,8.87629,9.16791,4.29015,2.13697,1.5658,0.229184,0.107247,0.12193648517131805,0.249398,1.45027,0.294938,0.68068,,,4.95703,-0.013709,-0.0217094,999,,,,,,,24.200000000000006,2.6888888888888896,22,2.4444444444444446,,,,,,,,,,,,,,,,,,,"Yunior Tur","33026",814305
"Victor Mederos","ATL",0.720179,0.562932,0,5.1409,19,0,0,2.5954,,14.338,63.86,14.2357,8.79,8.19,1.97893,6.93567,0.401348,1.03563,12.5723,7.89168,4.35355,1.8127,1.24218,0.196873,0.108607,0.08826527744531631,0.254715,1.47659,0.296505,0.672869,,,4.81816,-0.013875,-0.156435,999,,,,,,,56.60000000000003,4.042857142857145,58,4.142857142857143,,,,,,,,,,,,,,,,,,,"Victor Mederos","31533",682989
"Garrett Stallings","MIL",0.489068,0.452274,0,5.06827,14,0,0,0.201,,10.0863,44.17,10.2841,6.12,5.68,1.76053,3.85014,0.386113,0.419909,9.13701,8.15298,3.43549,2.37317,1.57093,0.20686,0.0871664,0.11969383805990219,0.257746,1.40133,0.293891,0.686767,,,4.83712,-0.0140507,-0.0688489,999,,,,,,,29.4,2.94,30,3,,,,,,,,,,,,,,,,,,,"Garrett Stallings","27485",668831
"Zach McCambley","CIN",0.448985,0.579153,0,4.96695,16,0,0,0.2249,,9.92964,44.02,9.36547,5.88,5.48,1.55501,5.02305,0.439063,0.633991,10.1632,9.21168,4.55278,2.02331,1.40943,0.230877,0.114108,0.11676810681819916,0.244128,1.44905,0.293133,0.696763,,,4.80766,-0.0142976,-0.0689061,999,,,,,,,28,2.8,26,2.6,,,,,,,,,,,,,,,,,,,"Zach McCambley","27666",685112
"Thomas Pannone","MIL",0.175679,0.159411,0,5.10136,5,0,0,0.201,,3.77547,16.52,3.8399,2.3,2.14,0.673312,1.43762,0.125046,0.157899,3.2671,7.78815,3.42701,2.27258,1.60505,0.197766,0.0870229,0.11074338853359222,0.257289,1.39785,0.288289,0.686874,,,4.96523,-0.0143953,0.0128312,999,,,,,,,9.9,2.475,10,2.5,,,,,,,,,,,,,,,,,,,"Thomas Pannone","17281",623381
"Paul Blackburn","NYY",0.784478,0.572821,0,5.03886,20,0,0,4.2565,,13.0387,56.95,13.5024,7.84,7.3,2.0155,4.84976,0.245556,0.647714,10.6304,7.3377,3.34757,2.19195,1.3912,0.186663,0.0851582,0.10150433331727982,0.262424,1.40752,0.296003,0.676873,,,4.75353,-0.015048,-0.109636,999,,,,,,,55.199999999999996,4.246153846153846,59,4.538461538461538,,,,,,,,,,,,,,,,,,,"Paul Blackburn","14739",621112
"Connor Phillips","CIN",0.166546,0.225005,0,5.24724,6,0,0,0.2249,,4.03069,18.21,3.6907,2.51,2.35,0.600268,2.50912,0.107134,0.272073,4.16675,9.30381,5.60253,1.66065,1.34032,0.228817,0.137788,0.09102900326251984,0.239209,1.53815,0.289861,0.68847,,,5.04824,-0.0153512,-0.0873674,999,,,,,,,5.9,1.475,6,1.5,,,,,,,,,,,,,,,,,,,"Connor Phillips","27649",683175
"Gus Varland","WSN",0.327246,0.531907,0,5.36666,13,0,0,0.2197,,8.8379,39.26,9.1333,5.67,5.27,1.4827,3.8005,0.204274,0.497449,8.32358,8.47625,3.8702,2.19013,1.50989,0.212012,0.0968033,0.1152084693312645,0.261235,1.46345,0.304129,0.66898,,,4.866,-0.0155917,-0.122014,999,,,,,,,34.90000000000001,3.877777777777779,36,4,,,,,,,,,,,,,,,,,,,"Gus Varland","24737",681402
"Nate Pearson","KCR",0.634048,0.501455,0,5.03804,17,0,0,2.2608,,12.0761,53.14,11.5017,7.24,6.76,1.85578,5.58478,0.27338,0.7635,10.6293,7.92175,4.16218,1.90327,1.38306,0.200025,0.105096,0.09492955356836319,0.245806,1.41489,0.281167,0.679611,,,4.92415,-0.016444,-0.0625287,999,,,,,,,42.000000000000014,3.5000000000000013,43,3.5833333333333335,,,,,,,,,,,,,,,,,,,"Nate Pearson","20160",663878
"Michael Rucker","SEA",0.718624,0.518152,0,5.11965,18,0,0,3.3857,,13.413,59,13.624,8.22,7.63,2.38622,5.45678,0.26855,0.748303,13.6503,9.15923,3.66144,2.50154,1.60113,0.231362,0.0924878,0.13887391984462738,0.258054,1.42255,0.305719,0.690008,,,4.77493,-0.017308,-0.109554,999,,,,,,,57.199999999999996,4.3999999999999995,61,4.6923076923076925,,,,,,,,,,,,,,,,,,,"Michael Rucker","19454",621074
"Trevor Richards","CHW",0.492585,0.777958,0,4.85713,18,0,0,2.109,,12.878,55.89,11.6164,7.47,6.95,2.33627,5.82123,0.172321,0.5771,13.5854,9.49438,4.06827,2.33376,1.63274,0.243073,0.104155,0.13891802728176117,0.234714,1.35407,0.27644,0.703588,,,4.8488,-0.0176682,-0.00893007,999,,,,,,,55.39999999999999,4.261538461538461,54,4.153846153846154,,,,,,,,,,,,,,,,,,,"Trevor Richards","19309",670950
"Hunter Parks","CIN",0.139553,0.188542,0,5.25171,5,0,0,0,,3.35891,15.28,3.034,2.08,1.96,0.494563,2.26298,0.100584,0.246135,3.39746,9.10331,6.06351,1.50133,1.32515,0.222347,0.148101,0.07424664497375488,0.237571,1.57699,0.286009,0.698645,,,5.24188,-0.0180939,-0.0407239,999,,,,,,,14.400000000000002,4.800000000000001,15,5,,,,,,,,,,,,,,,,,,,"Hunter Parks","sa3017640",688609
"Jose Cuas","KCR",0.539575,0.443174,0,5.1719,15,0,0,0.2174,,10.6673,48.03,10.5189,6.56,6.13,1.41638,5.59909,0.31587,0.955913,10.0929,8.5154,4.72397,1.8026,1.195,0.210137,0.116575,0.0935625359416008,0.253621,1.51098,0.303766,0.676191,,,4.78702,-0.0187866,-0.115781,999,,,,,,,39.50000000000001,3.5909090909090917,41,3.727272727272727,,,,,,,,,,,,,,,,,,,"Jose Cuas","17701",621016
"Geoff Hartlieb","ATH",0.221229,0.180868,0,5.59867,6,0,0,0.2214,,4.58144,20.57,4.98389,3.05,2.85,0.770077,1.98793,0.120425,0.24866,3.98271,7.82381,3.90518,2.00344,1.51277,0.193617,0.0966422,0.09697502851486206,0.271847,1.52175,0.310281,0.665424,,,5.02077,-0.0191965,-0.0343864,999,,,,,,,13.7,2.7399999999999998,14,2.8,,,,,,,,,,,,,,,,,,,"Geoff Hartlieb","19558",664129
"Zach Brzykcy","MIA",0.351955,0.557509,0,5.08588,14,0,0,0.2134,,8.61799,38.19,8.22684,5.23,4.87,1.33578,4.24238,0.36221,0.500035,7.98674,8.34077,4.43043,1.88261,1.39499,0.209132,0.111086,0.09804556518793106,0.245962,1.44688,0.285639,0.683002,,,4.92209,-0.0192535,-0.0217259,999,,,,,,,34.500000000000014,3.833333333333335,33,3.6666666666666665,,,,,,,,,,,,,,,,,,,"Zach Brzykcy","27783",694350
"Blas Castaño","COL",0.276191,0.275162,0,5.70566,8,0,0,0.193,,6.19911,28.09,6.9763,4.22,3.93,0.897663,2.69752,0.152217,0.461686,4.88017,7.08513,3.91632,1.80913,1.30325,0.173733,0.0960315,0.07770198583602905,0.279827,1.56052,0.317373,0.647946,,,4.94659,-0.0199318,-0.0812769,999,,,,,,,14.90000000000001,2.4833333333333347,18,3,,,,,,,,,,,,,,,,,,,"Blas Castano","26117",680604
"Andrew Wantz","CHC",0.26431,0.203852,0,5.12658,7,0,0,0,,4.93311,21.67,4.63136,3.02,2.81,0.906195,2.27751,0.102559,0.282689,4.51411,8.23557,4.1551,1.98204,1.65327,0.208312,0.1051,0.10321204364299774,0.242355,1.40051,0.272119,0.689492,,,5.2246,-0.0222612,-0.0344244,999,,,,,,,15.7,3.1399999999999997,16,3.2,,,,,,,,,,,,,,,,,,,"Andrew Wantz","24933",681806
"Brandon Williamson","CIN",0.466859,0.83126,0.290816,5.32263,10,1,0,0.2249,,12.6479,56.15,12.8303,8,7.48,2.08448,5.83152,0.230431,0.635291,9.97493,7.09797,4.1496,1.71052,1.48327,0.177648,0.103856,0.07379181683063507,0.258242,1.47549,0.285613,0.677218,,,5.20879,-0.0236885,-0.0624738,748.4500122070312,,,,,,,36.8,2.8307692307692305,38,2.923076923076923,,,,,,,,,,,,,,,,,,,"Brandon Williamson","25463",682227
"Kyle Nicolas","WSN",0.178133,0.288173,0,5.37031,7,0,0,0.2197,,4.91033,22.17,4.80006,3.13,2.93,0.750243,2.80142,0.089366,0.317169,4.61748,8.46323,5.13464,1.64826,1.3751,0.208276,0.126361,0.08191508054733276,0.251953,1.54806,0.29596,0.68255,,,5.12058,-0.0237471,-0.0344244,999,,,,,,,12.7,2.54,13,2.6,,,,,,,,,,,,,,,,,,,"Kyle Nicolas","27775",693312
"Ron Marinaccio","PIT",0.65167,0.652781,0,5.12958,19,0,0,3.1588,,12.1238,53.82,11.6944,7.4,6.91,1.65467,5.99795,0.201632,0.91597,10.5724,7.84833,4.45253,1.76267,1.22833,0.19644,0.111445,0.08499518781900406,0.249314,1.4593,0.289503,0.669385,,,4.85074,-0.0238293,-0.062567,999,,,,,,,46.000000000000014,3.8333333333333344,47,3.9166666666666665,,,,,,,,,,,,,,,,,,,"Ron Marinaccio","23488",676760
"Luis Morales","ATH",1.24044,1.30914,0.592809,5.35666,19,2,0,1.4758,,27.7729,122.89,27.6785,17.7,16.53,5.12705,12.5764,0.556074,1.54392,25.0805,8.12751,4.07547,1.99425,1.66145,0.204089,0.102339,0.10175050050020218,0.254469,1.44943,0.287052,0.68189,,,5.22875,-0.0242627,-0.206355,735.3200073242188,,,,,,,81.90000000000005,2.9250000000000016,84,3,,,,,,,,,,,,,,,,,,,"Luis Morales","32227",806960
"Bradley Blalock","MIA",0.332606,0.787549,0.299664,5.60775,7,1,0,0.2134,,10.5122,46.85,11.3448,7.01,6.55,1.83129,4.49316,0.261023,0.435407,7.55457,6.46781,3.84679,1.68135,1.56785,0.16125,0.0959051,0.06534499675035477,0.270621,1.50662,0.292404,0.665049,,,5.34362,-0.0250125,-0.0646437,999,,,,,,,32.2,2.9272727272727277,33,3,,,,,,,,,,,,,,,,,,,"Bradley Blalock","26419",687134
"Zach Maxwell","CIN",0.331586,0.45109,0,5.25646,12,0,0,0.2249,,7.24251,32.61,6.81986,4.52,4.23,1.14255,4.24673,0.267663,0.412576,7.41478,9.21407,5.27726,1.74599,1.41981,0.227377,0.130228,0.09714935719966888,0.243996,1.52801,0.292745,0.691516,,,5.04297,-0.0257708,-0.1283,999,,,,,,,23.300000000000015,3.3285714285714305,24,3.4285714285714284,,,,,,,,,,,,,,,,,,,"Zach Maxwell","31610",687209
"Luis Gil","NYY",0.560419,0.553764,0.286624,5.20339,7,1,0,0.228,,10.6373,47.09,9.73891,6.54,6.15,1.82444,5.74116,0.137841,0.622268,8.78845,7.43573,4.85748,1.53078,1.54362,0.186631,0.121919,0.0647120326757431,0.239129,1.45526,0.26282,0.691643,,,5.48168,-0.0266422,-0.0646437,376.5,,,,,,,27.800000000000004,2.527272727272728,26,2.3636363636363638,,,,,,,,,,,,,,,,,,,"Luis Gil","21052",661563
"TJ Shook","COL",0.312377,0.312552,0,5.78147,9,0,0,0.193,,6.974,31.35,7.55556,4.82,4.48,1.27366,2.9614,0.160759,0.433309,6.42853,8.29606,3.82171,2.17077,1.64366,0.205057,0.0944625,0.11059417575597763,0.270273,1.50802,0.31017,0.652286,,,5.10063,-0.0273909,-0.127864,999,,,,,,,21.7,3.1,25,3.5714285714285716,,,,,,,,,,,,,,,,,,,"TJ Shook","27567",669298
"Trevor Martin","TBR",0.324821,0.408481,0,5.31436,10,0,0,0.2446,,7.07893,30.97,7.08922,4.48,4.18,1.37224,2.71026,0.167511,0.393098,6.42175,8.16448,3.44577,2.36942,1.74464,0.207354,0.0875124,0.11984159797430038,0.254398,1.38432,0.284814,0.675203,,,5.13061,-0.0292894,-0.02809,999,,,,,,,24.3,3.4714285714285715,25,3.5714285714285716,,,,,,,,,,,,,,,,,,,"Trevor Martin","31878",694680
"Eric Lauer","LAD",1.13004,0.710358,0.583494,5.45718,10,2,0,0.2548,,16.7889,73.34,17.7164,10.93,10.18,3.48655,5.87547,0.214333,0.559422,13.0175,6.97828,3.14966,2.21557,1.86903,0.177495,0.0801128,0.0973825678229332,0.2648,1.40521,0.282333,0.676719,,,5.40856,-0.0296213,-0.100279,720.5399780273438,,,,,,,47.10000000000001,2.770588235294118,51,3,,,,,,,,,,,,,,,,,,,"Eric Lauer","19316",641778
"Mason Black","KCR",0.569104,0.659419,0.300363,5.62664,9,1,0,0.2174,,12.9722,58.11,13.7517,8.68,8.11,2.26809,5.71463,0.282251,0.822553,10.254,7.11413,3.96475,1.79434,1.57358,0.176458,0.0983415,0.07811691612005234,0.266647,1.50062,0.294069,0.662104,,,5.31356,-0.0299225,-0.156962,999,,,,,,,34.199999999999996,2.6307692307692303,38,2.923076923076923,,,,,,,,,,,,,,,,,,,"Mason Black","30171",696131
"Jose Franco","CIN",0.224674,0.308011,0,5.32539,8,0,0,0.2249,,5.37425,23.93,5.1602,3.4,3.18,1.00059,2.76271,0.199263,0.282968,4.89975,8.20537,4.62657,1.77353,1.67564,0.204753,0.11545,0.08930385857820511,0.247085,1.47423,0.277604,0.693477,,,5.40683,-0.03054,-0.034453,999,,,,,,,12.7,2.54,13,2.6,,,,,,,,,,,,,,,,,,,"Jose Franco","27014",683742
"JT Brubaker","SFG",0.615168,0.663131,0,5.4533,19,0,0,3.4614,,13.302,59.4,14.7359,8.67,8.06,1.99104,5.28092,0.306401,0.756437,10.116,6.84437,3.57301,1.91558,1.34711,0.170303,0.0889044,0.08139878511428833,0.276146,1.50479,0.308924,0.658574,,,4.89619,-0.0310301,-0.209463,999,,,,,,,46.599999999999994,3.5846153846153843,53,4.076923076923077,,,,,,,,,,,,,,,,,,,"JT Brubaker","17578",664141
"Hunter Bigge","TBR",0.298547,0.358051,0,5.12178,9,0,0,0.2446,,6.76522,29.65,6.38172,4.13,3.85,1.19512,3.12387,0.139298,0.365292,6.19805,8.24547,4.15579,1.98409,1.58991,0.20904,0.105358,0.10368232429027557,0.243942,1.40507,0.276358,0.686325,,,5.12118,-0.0311595,-0.0280735,999,,,,,,,26.9,3.8428571428571425,25,3.5714285714285716,,,,,,,,,,,,,,,,,,,"Hunter Bigge","26259",685801
"Sam Aldegheri","LAA",0.768602,1.34529,0.596535,5.45543,12,2,0,0.2152,,18.576,82.96,19.4592,12.08,11.26,3.11408,8.44813,0.373401,1.10674,14.0027,6.78427,4.09309,1.65749,1.50876,0.168789,0.101834,0.0669548287987709,0.265093,1.50234,0.290382,0.672141,,,5.32453,-0.0317185,-0.0940491,999,,,,,,,55.29999999999999,2.910526315789473,57,3,,,,,,,,,,,,,,,,,,,"Sam Aldegheri","26443",691951
"Tommy Kahnle","BOS",0.445986,0.367584,0,4.80284,11,0,0,0.2327,,8.24511,36.35,7.78335,4.72,4.4,1.17612,4.20723,0.131867,0.475538,6.89469,7.52594,4.59243,1.63877,1.2838,0.189675,0.115742,0.07393283396959305,0.245786,1.45426,0.28001,0.702878,,,4.99551,-0.0327988,-0.0751175,748.510009765625,,,,,,,28.100000000000005,3.5125000000000006,29,3.625,,,,,,,,,,,,,,,,,,,"Tommy Kahnle","11384",592454
"Trent Thornton","CHC",0.794702,0.590363,0,4.91949,21,0,1.51,4.7442,,14.5991,63.22,14.64,8.62,7.98,2.30059,5.19258,0.241849,0.780322,10.6842,6.58655,3.20111,2.05758,1.41826,0.169,0.0821351,0.08686459064483643,0.255734,1.35849,0.27878,0.67498,,,4.92204,-0.034057,-0.103273,999,,,,,,,81.4,5.426666666666667,83,5.533333333333333,,,,,,,,,,,,,,,,,,,"Trent Thornton","17948",663423
"Emilio Pagán","CIN",0.639423,0.784815,0,4.88026,22,0,9.237,1.1806,,13.9603,59.72,12.7963,8.13,7.57,2.90869,5.17846,0.274356,0.559955,14.3278,9.23688,3.33847,2.7668,1.87518,0.239916,0.0867124,0.15320325642824173,0.237049,1.28756,0.269086,0.708123,,,4.99884,-0.0340948,-0.0562071,111.94000244140625,,,,,,,91.90000000000002,6.564285714285716,90,6.428571428571429,,,,,,,,,,,,,,,,,,,"Emilio Pagan","14771",641941
"Valente Bellozo","COL",0.176777,0.17857,0,5.94666,5,0,0,0.193,,3.87445,17.34,4.38821,2.75,2.56,0.765616,1.39847,0.140687,0.193763,2.47114,5.74025,3.24853,1.76703,1.77846,0.142511,0.0806501,0.06186092644929886,0.278656,1.49355,0.289552,0.644072,,,5.63588,-0.0342015,-0.0871338,999,,,,,,,7.9,1.975,8,2,,,,,,,,,,,,,,,,,,,"Valente Bellozo","23899",678368
"Casey Legumina","TBR",0.67967,0.831394,0,5.16044,21,0,0.402,4.6589,,15.3475,67.42,15.9533,9.44,8.8,2.53199,5.7032,0.333892,0.879551,12.6894,7.44125,3.34443,2.22497,1.48479,0.188215,0.0845921,0.1036224290728569,0.26223,1.41108,0.294226,0.674509,,,4.88755,-0.0396386,-0.103273,999,,,,,,,57.49999999999999,3.833333333333333,61,4.066666666666666,,,,,,,,,,,,,,,,,,,"Casey Legumina","25921",668984
"Hayden Juenger","ATH",0.688662,0.530056,0,5.34781,18,0,0,2.3022,,13.2952,58.79,13.6586,8.49,7.9,2.34802,5.4411,0.33319,0.766544,11.5407,7.81235,3.68329,2.12103,1.58946,0.196304,0.0925515,0.10375270247459412,0.259756,1.43659,0.292311,0.67097,,,5.07026,-0.0407415,-0.109554,999,,,,,,,49.199999999999996,3.7846153846153845,53,4.076923076923077,,,,,,,,,,,,,,,,,,,"Hayden Juenger","29640",696522
"Cam Sanders","BAL",0.672858,0.457348,0,4.89378,17,0,0,1.4091,,10.5747,47.36,8.97309,6.15,5.75,1.62277,6.79735,0.361422,0.794852,11.9328,10.1559,5.78517,1.7555,1.38112,0.251959,0.143525,0.10843361914157867,0.225637,1.49134,0.280415,0.712701,,,5.00171,-0.0411281,-0.0153349,999,,,,,,,37.400000000000006,3.4000000000000004,33,3,,,,,,,,,,,,,,,,,,,"Cam Sanders","23479",676742
"Scott Blewett","ATH",0.66156,0.544055,0,5.61182,18,0,0,3.2873,,13.2952,59.36,14.4023,8.91,8.29,2.43235,5.4371,0.355225,0.680396,12.421,8.40824,3.68058,2.28449,1.64655,0.209248,0.0915953,0.11765304207801819,0.270504,1.49223,0.311805,0.665043,,,4.99997,-0.0416781,-0.209336,999,,,,,,,53.199999999999996,4.092307692307692,57,4.384615384615385,,,,,,,,,,,,,,,,,,,"Scott Blewett","16427",656240
"Craig Kimbrel","TBR",0.629435,0.747857,0,5.10324,19,0,0.402,3.5233,,13.8441,60.78,12.1308,8.4,7.85,2.42371,7.22383,0.233101,0.918173,15.3509,9.97955,4.69617,2.12504,1.57564,0.252566,0.118852,0.13371340930461884,0.230456,1.39803,0.278432,0.686318,,,4.93232,-0.0417597,-0.0561644,999,,,,,,,69.80000000000003,4.9857142857142875,66,4.714285714285714,,,,,,,,,,,,,,,,,,,"Craig Kimbrel","6655",518886
"Justin Sterner","ATH",0.543191,0.417051,0,5.35209,14,0,0,0.2214,,10.2409,44.47,10.1957,6.55,6.09,2.20662,3.56936,0.226426,0.600476,9.68657,8.51287,3.13687,2.71381,1.93925,0.217823,0.0802644,0.1375582218170166,0.252993,1.34413,0.281235,0.675833,,,5.24065,-0.0420303,-0.16869,547.0499877929688,,,,,,,28.4,2.84,29,2.9,,,,,,,,,,,,,,,,,,,"Justin Sterner","27694",686993
"Bryse Wilson","MIL",0.631087,0.586969,0,5.10199,18,0,0,2.0903,,13.1066,56.88,13.5697,8,7.43,2.48327,4.23381,0.2971,0.665714,11.211,7.69834,2.90725,2.64798,1.7052,0.1971,0.0744341,0.12266576290130615,0.261053,1.35835,0.289566,0.684271,,,4.98351,-0.0445027,-0.109554,999,,,,,,,50.199999999999996,3.861538461538461,54,4.153846153846154,,,,,,,,,,,,,,,,,,,"Bryse Wilson","19990",669060
"Tony Santillan","CIN",0.524186,0.713911,0,5.26665,19,0,0.702,2.283,,11.945,53.11,11.8602,7.5,6.99,2.04546,5.58918,0.282482,0.743814,11.2757,8.49573,4.2112,2.01742,1.54116,0.212308,0.105238,0.10707060992717743,0.253548,1.46081,0.293365,0.682131,,,5.03844,-0.0446189,-0.162824,718.1199951171875,,,,,,,47.000000000000014,3.916666666666668,48,4,,,,,,,,,,,,,,,,,,,"Tony Santillan","19926",663574
"Xzavion Curry","NYM",0.480935,0.35006,0,5.47556,12,0,0,0.2155,,8.11972,35.67,8.52598,5.31,4.94,1.6106,2.90945,0.249794,0.31332,5.91327,6.55435,3.22487,2.03244,1.78521,0.165777,0.0815657,0.08421142399311066,0.262764,1.40835,0.277466,0.667215,,,5.42256,-0.0509692,-0.0751677,999,,,,,,,14.200000000000003,1.7750000000000004,17,2.125,,,,,,,,,,,,,,,,,,,"Xzavion Curry","25595",675540
"Chase Petty","CIN",0.796445,1.54317,0.599795,5.54948,16,2,0,0.2249,,22.2183,99.14,23.8606,14.63,13.7,3.76457,9.60988,0.542243,1.11103,16.4103,6.64736,3.89269,1.70765,1.52492,0.165527,0.0969324,0.06859447062015533,0.269858,1.50644,0.294473,0.6681,,,5.28277,-0.0534089,-0.236413,999,,,,,,,50.20000000000001,2.281818181818182,57,2.590909090909091,,,,,,,,,,,,,,,,,,,"Chase Petty","30170",695534
"Tejay Antone","CIN",0.570289,0.804089,0,5.35047,21,0,0.702,4.3351,,13.2885,59.12,13.8329,8.48,7.9,2.32064,5.82113,0.308631,0.829558,12.0838,8.18404,3.9425,2.07585,1.57171,0.204394,0.0984629,0.10593122988939285,0.263637,1.47902,0.302437,0.681129,,,5.06274,-0.0579127,-0.109671,999,,,,,,,59.199999999999996,4.553846153846154,63,4.846153846153846,,,,,,,,,,,,,,,,,,,"Tejay Antone","16233",622088
"Albert Suárez","BAL",0.653038,0.541654,0,5.83157,18,0,0,2.2828,,11.2508,50.58,12.6354,7.84,7.29,1.9925,4.61032,0.222079,0.491112,8.8491,7.07875,3.68798,1.91941,1.59388,0.174953,0.0911492,0.08380341529846191,0.277833,1.53284,0.307271,0.650636,,,5.19922,-0.0583044,-0.215717,999,,,,,,,34.000000000000014,3.090909090909092,40,3.6363636363636362,,,,,,,,,,,,,,,,,,,"Albert Suarez","6175",544150
"Brett Kerry","LAA",0.589382,0.975118,0.299199,5.58438,13,1,0,0.2152,,15.9713,70.32,17.0218,10.65,9.91,3.43661,5.67105,0.550045,0.706789,13.5276,7.62292,3.19569,2.38537,1.93656,0.192372,0.0806463,0.11172528564929962,0.266206,1.42085,0.289182,0.673477,,,5.41099,-0.0626165,-0.200982,999,,,,,,,44.3,2.76875,48,3,,,,,,,,,,,,,,,,,,,"Brett Kerry","29826",695049
"Brandon Leibrandt","CIN",0.289831,0.654242,0.41603,6.3246,4,1,0,0.2249,,8.23925,36.97,9.69014,6.19,5.79,1.98112,2.97755,0.126447,0.291887,5.71807,6.24603,3.25248,1.92039,2.16404,0.154668,0.0805397,0.07412806898355484,0.287537,1.53748,0.296485,0.654701,,,6.03799,-0.0663749,-0.120162,999,,,,,,,11.600000000000001,1.4500000000000002,17,2.125,,,,,,,,,,,,,,,,,,,"Brandon Leibrandt","16135",605335
"Elieser Hernández","ATL",0.561759,0.474235,0,5.60972,15,0,0,0.2359,,11.3909,50.11,11.9371,7.65,7.1,2.59162,4.03279,0.367922,0.550428,10.1952,8.05527,3.18631,2.52809,2.04764,0.203457,0.0804787,0.12297835201025009,0.2622,1.40198,0.285446,0.674133,,,5.48444,-0.0704599,-0.215232,999,,,,,,,18.300000000000008,1.6636363636363642,21,1.9090909090909092,,,,,,,,,,,,,,,,,,,"Elieser Hernandez","16933",622694
"Zach Agnos","COL",0.597015,0.581703,0,5.73308,17,0,0,2.0075,,12.857,57.39,14.7677,8.8,8.19,2.18678,4.49518,0.311968,0.598585,8.65556,6.05898,3.14667,1.92552,1.53077,0.15082,0.0783269,0.07249308377504349,0.282385,1.49824,0.303491,0.645801,,,5.16296,-0.0731033,-0.209195,743.47998046875,,,,,,,43.599999999999994,3.3538461538461535,50,3.8461538461538463,,,,,,,,,,,,,,,,,,,"Zach Agnos","31552",688642
"Pierce Johnson","CIN",0.544315,0.762991,0,5.45703,20,0,0,4.1278,,12.6168,56.1,12.7886,8.21,7.65,2.35321,5.88017,0.260788,0.563667,12.098,8.62996,4.19454,2.05743,1.67863,0.215651,0.104816,0.11083502322435379,0.257543,1.47968,0.296418,0.680277,,,5.14885,-0.0754635,-0.109636,999,,,,,,,56.8,4.369230769230769,58,4.461538461538462,,,,,,,,,,,,,,,,,,,"Pierce Johnson","13435",572955
"CJ Van Eyk","TOR",0.856323,0.870852,0.29361,5.36201,17,1,0,0.2216,,18.2954,81,19.0544,11.7,10.9,3.17366,7.61517,0.460857,1.11345,13.7338,6.75606,3.74611,1.80348,1.56121,0.169554,0.0940144,0.07553911954164505,0.263651,1.45772,0.286843,0.673503,,,5.29475,-0.0758674,-0.199924,999,,,,,,,47.90000000000001,2.661111111111112,52,2.888888888888889,,,,,,,,,,,,,,,,,,,"CJ Van Eyk","27568",669310
"Tyron Guerrero","BOS",0.794226,0.767884,0,5.50754,21,0,0.372,4.5809,,15.7693,71.43,15.8899,10.36,9.65,2.61802,8.69163,0.26962,1.11781,15.3269,8.7475,4.96057,1.76341,1.49418,0.214572,0.12168,0.09289159625768661,0.257866,1.55882,0.303873,0.679925,,,5.19027,-0.10232,-0.150178,999,,,,,,,59.9,3.74375,61,3.8125,,,,,,,,,,,,,,,,,,,"Tyron Guerrero","11691",594027
"Joey Estes","ATH",0.935741,1.15907,0.615164,5.91081,12,2,0,0.2214,,20.0227,88.23,21.7126,14.07,13.15,4.86238,6.48624,0.435934,1.19562,14.6002,6.56267,2.9155,2.25095,2.1856,0.165479,0.0735151,0.0919640064239502,0.269561,1.40835,0.275847,0.660489,,,5.9593,-0.105175,-0.232173,999,,,,,,,38.3,1.9149999999999998,44,2.2,,,,,,,,,,,,,,,,,,,"Joey Estes","26257",683155
"Julian Garcia","CIN",0.446105,0.710105,0,6.019,17,0,0,1.4992,,10.6014,48.37,10.9547,7.6,7.09,2.24735,5.89307,0.392222,0.503384,10.6527,9.04352,5.00288,1.80766,1.90788,0.220233,0.121833,0.09840012341737747,0.26099,1.5892,0.299494,0.674947,,,5.66595,-0.10547,-0.215574,999,,,,,,,33.2,3.0181818181818185,34,3.090909090909091,,,,,,,,,,,,,,,,,,,"Julian Garcia","22362",670062
"Tomoyuki Sugano","COL",1.94331,3.93201,3.2208,6.63916,9,9,0,0,,44.721,201.52,56.5951,35.16,32.99,10.2719,13.1907,0.165853,2.13795,26.3399,5.30085,2.6546,1.99685,2.06719,0.130706,0.0654561,0.06525003165006638,0.303962,1.56047,0.30969,0.624956,,,5.94599,-0.146203,-0.558793,999,,,,,,,68.80000000000001,1.5288888888888892,102,2.2666666666666666,,,,,,,,,,,,,,,,,,,"Tomoyuki Sugano","35321",608372