Name,Team,G,PA,AB,H,1B,2B,3B,HR,R,RBI,BB,IBB,SO,HBP,SF,SH,GDP,SB,CS,AVG,BB%,K%,BB/K,OBP,SLG,wOBA,OPS,ISO,Spd,BABIP,UBR,wSB,wRC,wRAA,wRC+,BsR,Fld,Off,Def,WAR,ADP,InterSD,InterSK,IntraSD,Vol,Skew,Dim,FPTS,FPTS/G,SPTS,SPTS/G,P10,P20,P30,P40,P50,P60,P70,P80,P90,TT10,TT20,TT30,TT40,TT50,TT60,TT70,TT80,TT90,NameASCII,PlayerId,MLBAMID
"Bobby Witt Jr.","KCR",44,190,172,51,30,11,2,9,30,29,15,1,32,2,1,0,,11,3,0.298312,0.080286,0.166287,0.482817,0.358584,0.530698,0.37968,0.889282,0.232386,6.84513,0.320238,0.307327,0.744412,32.3689,9.73254,142.795,1.05174,3.44333,10.544579982757568,5.479906320571899,2.31296,3.0999999046325684,,,,,,,305,6.931818181,305,6.931818181,,,,,,,,,,,,,,,,,,,"Bobby Witt Jr.","25764",677951
"Yordan Alvarez","HOU",46,198,169,52,29,10,0,13,32,35,25,2,34,3,1,0,,1,0,0.306682,0.12701,0.172642,0.735682,0.401639,0.592673,0.421307,0.994312,0.28599,3.2179,0.317268,-0.178968,-0.186846,40.3462,16.7991,175.378,-0.365814,0.067234,17.02766826748848,-4.619185917079449,1.97406,33.38999938964844,,,,,,,359.3,7.810869565,359.3,7.810869565,,,,,,,,,,,,,,,,,,,"Yordan Alvarez","19556",670541
"Shohei Ohtani","LAD",51,219,188,54,27,9,2,15,39,38,28,2,52,2,1,0,,6,2,0.285517,0.128878,0.238183,0.541086,0.381224,0.595362,0.411781,0.976586,0.309845,6.16373,0.315562,0.0148482,0.227645,43.0604,16.9404,162.512,0.242493,0,16.89213639497757,-5.483333110809326,1.87963,1.2699999809265137,,,,,,,388.7,7.621568627,388.7,7.621568627,,,,,,,,,,,,,,,,,,,"Shohei Ohtani","19755",660271
"Gunnar Henderson","BAL",51,220,195,52,31,11,2,9,34,31,21,1,49,2,2,0,,6,1,0.26913,0.0964494,0.221428,0.435578,0.345252,0.477475,0.355326,0.822727,0.208344,6.52453,0.315169,0.279499,0.362159,33.0965,6.91475,130.411,0.641657,-0.5149,8.444229185581207,1.8406556248664856,1.83889,12.510000228881836,,,,,,,301.7,5.915686274,301.7,5.915686274,,,,,,,,,,,,,,,,,,,"Gunnar Henderson","26289",683002
"Pete Crow-Armstrong","CHC",51,222,200,52,30,10,2,9,32,29,16,1,56,4,2,0,,12,3,0.257769,0.0735499,0.25146,0.292492,0.322688,0.462013,0.338682,0.784701,0.204244,7.49786,0.312322,0.191747,0.755686,30.3777,3.97978,114.956,0.947433,4.87271,4.973121225833893,5.664379775524139,1.80912,32.939998626708984,,,,,,,290.6,5.698039215,290.6,5.698039215,,,,,,,,,,,,,,,,,,,"Pete Crow-Armstrong","27769",691718
"Julio Rodríguez","SEA",51,220,199,55,35,10,1,9,30,31,16,1,47,3,2,0,,9,2,0.277202,0.0737239,0.212206,0.347416,0.338099,0.471374,0.349439,0.809473,0.194172,5.48833,0.317935,0.103683,0.589621,32.0468,5.86505,131.498,0.693305,0.436301,8.77472460269928,1.025190144777298,1.78972,9.489999771118164,,,,,,,296.8,5.819607843,296.8,5.819607843,,,,,,,,,,,,,,,,,,,"Julio Rodriguez","23697",677594
"Junior Caminero","TBR",53,228,207,58,34,10,1,13,32,35,19,1,43,1,2,0,,2,1,0.279939,0.0812522,0.190422,0.426697,0.340376,0.520167,0.367153,0.860544,0.240228,3.94095,0.297372,-0.0137577,-0.18297,36.5337,9.36395,136.262,-0.196727,-1.05495,9.457993894815445,-0.5117443203926086,1.73322,16.479999542236328,,,,,,,335.7,6.333962264,335.7,6.333962264,,,,,,,,,,,,,,,,,,,"Junior Caminero","28163",691406
"Fernando Tatis Jr.","SDP",52,226,200,55,34,10,1,10,31,30,22,1,46,2,2,0,,10,3,0.274386,0.0978335,0.201811,0.484777,0.350246,0.476738,0.357618,0.826984,0.202352,5.4651,0.308636,0.116155,0.656034,34.4929,7.53924,129.516,0.772189,3.06329,8.884536147117615,0.6716206073760986,1.71488,14.010000228881836,,,,,,,319.3,6.140384615,319.3,6.140384615,,,,,,,,,,,,,,,,,,,"Fernando Tatis Jr.","19709",665487
"Elly De La Cruz","CIN",52,226,202,54,31,10,2,10,34,31,21,1,62,1,2,0,,12,3,0.26548,0.0917453,0.276597,0.331693,0.33503,0.485349,0.352572,0.82038,0.21987,7.32353,0.334074,0.366466,0.767791,33.4834,6.59668,117.668,1.13426,1.14529,5.978200197219849,3.3096377849578857,1.68582,8.449999809265137,,,,,,,315.2,6.061538461,315.2,6.061538461,,,,,,,,,,,,,,,,,,,"Elly De La Cruz","26668",682829
"Ronald Acuña Jr.","ATL",49,212,181,51,32,9,1,10,32,31,27,1,45,3,1,0,,11,3,0.283608,0.128964,0.210217,0.613481,0.383192,0.507378,0.384552,0.89057,0.223771,5.44837,0.322764,0.271009,0.536622,36.9974,11.711,143.363,0.807631,-0.987865,11.988530397415161,-3.596198797225952,1.55074,5.260000228881836,,,,,,,332.9,6.793877551,332.9,6.793877551,,,,,,,,,,,,,,,,,,,"Ronald Acuna Jr.","18401",660670
"Vladimir Guerrero Jr.","TOR",51,222,194,58,37,11,0,9,31,32,24,1,30,2,2,0,,3,1,0.297129,0.107615,0.134042,0.802845,0.377018,0.501892,0.3794,0.878909,0.204763,3.42216,0.30815,-0.0853929,-0.228753,37.7782,11.3237,146.285,-0.314146,-0.309584,11.68478599190712,-4.325479209423065,1.55058,18.049999237060547,,,,,,,328.2,6.435294117,328.2,6.435294117,,,,,,,,,,,,,,,,,,,"Vladimir Guerrero Jr.","19611",665489
"Corbin Carroll","ARI",49,211,184,48,27,10,4,8,38,27,22,1,45,3,1,0,,9,2,0.262388,0.105377,0.215746,0.488429,0.349079,0.486919,0.359787,0.835998,0.224531,8.36602,0.305974,0.453791,0.80792,32.4796,7.38876,126.319,1.26171,2.19639,7.995315074920654,-0.02830052375793457,1.50221,14.100000381469727,,,,,,,298.3,6.087755102,298.3,6.087755102,,,,,,,,,,,,,,,,,,,"Corbin Carroll","25878",682998
"José Ramírez","CLE",49,211,187,48,30,11,1,7,27,26,21,1,27,1,2,0,,13,2,0.259131,0.100309,0.126397,0.793598,0.336273,0.433433,0.335897,0.769706,0.174301,6.00446,0.268467,-0.0145273,1.32542,28.4675,3.3149,116.645,1.31089,1.52564,5.413525581359863,1.830581247806549,1.49931,6.28000020980835,,,,,,,270.3,5.51632653,270.3,5.51632653,,,,,,,,,,,,,,,,,,,"Jose Ramirez","13510",608070
"Francisco Lindor","NYM",51,222,197,50,31,9,1,9,29,28,20,1,41,3,2,0,,7,2,0.252415,0.0887594,0.186199,0.476692,0.32854,0.436072,0.333418,0.764612,0.183657,5.32096,0.276913,-0.101579,0.413805,29.4944,3.03993,112.924,0.312226,1.50257,3.7985338866710663,3.7190840244293213,1.49439,25.350000381469727,,,,,,,276.1,5.41372549,276.1,5.41372549,,,,,,,,,,,,,,,,,,,"Francisco Lindor","12916",596019
"Corey Seager","TEX",40,173,151,40,24,7,0,9,23,25,18,1,34,2,1,0,,1,0,0.264603,0.106894,0.199139,0.536782,0.347818,0.489051,0.360924,0.836869,0.224448,2.62446,0.285659,-0.176447,-0.151107,26.7771,6.21449,134.262,-0.327554,0.774318,6.576220601797104,1.9576515555381775,1.49049,95.08999633789062,,,,,,,239.8,5.995,239.8,5.995,,,,,,,,,,,,,,,,,,,"Corey Seager","13624",608369
"Wyatt Langford","TEX",48,205,181,47,28,9,1,8,28,27,21,1,46,2,1,0,,7,2,0.258673,0.102899,0.22377,0.459842,0.338879,0.456393,0.345213,0.795272,0.19772,5.51861,0.300811,0.108717,0.44928,29.2268,4.77401,123.344,0.557997,2.95937,6.151695966720581,0.8927006721496582,1.45778,37.75,,,,,,,265.9,5.539583333,265.9,5.539583333,,,,,,,,,,,,,,,,,,,"Wyatt Langford","33333",694671
"Cal Raleigh","SEA",47,187,163,37,20,7,0,10,24,27,21,1,52,2,1,0,,2,1,0.228926,0.111928,0.275463,0.406326,0.320713,0.454229,0.335914,0.774942,0.225303,3.51563,0.267308,-0.249122,-0.0510637,25.2077,2.93765,122.1,-0.300186,0.76948,4.522698491811752,2.9941712617874146,1.43931,18.729999542236328,,,,,,,228.5,4.861702127,228.5,4.861702127,,,,,,,,,,,,,,,,,,,"Cal Raleigh","21534",663728
"Riley Greene","DET",51,220,195,53,32,10,1,10,31,31,21,1,58,1,1,0,,2,1,0.27271,0.0977776,0.264797,0.369255,0.346929,0.489141,0.360024,0.83607,0.216431,4.35788,0.337062,0.00108255,-0.18675,33.9341,7.75238,131.951,-0.185667,0.749057,8.011830136179924,-1.7373628616333008,1.4323,78.4800033569336,,,,,,,297.5,5.833333333,297.5,5.833333333,,,,,,,,,,,,,,,,,,,"Riley Greene","25976",682985
"Mike Trout","LAA",43,186,156,39,22,7,1,10,26,26,27,1,50,2,1,0,,3,0,0.252123,0.143327,0.270554,0.529754,0.366671,0.48968,0.370933,0.856351,0.237557,4.29295,0.30449,-0.102906,0.0917031,30.2731,8.18221,138.588,-0.0112026,-0.772042,8.342215740121901,-0.9928749352693558,1.41687,178.44000244140625,,,,,,,275.1,6.397674418,275.1,6.397674418,,,,,,,,,,,,,,,,,,,"Mike Trout","10155",545361
"Kevin McGonigle","DET",51,222,194,51,34,10,1,6,29,25,25,1,35,1,2,0,,5,1,0.264214,0.112501,0.156138,0.720526,0.34808,0.423376,0.338758,0.771456,0.159162,4.88329,0.290779,-0.0188085,0.0672217,30.4564,4.00194,117.172,0.0484132,-0.584836,4.500099066644907,1.2881581783294678,1.3913,999,,,,,,,267.4,5.243137254,267.4,5.243137254,,,,,,,,,,,,,,,,,,,"Kevin McGonigle","33572",805808
"Nick Kurtz","ATH",49,212,181,47,26,9,1,12,31,33,29,1,63,1,1,0,,2,1,0.261856,0.13655,0.298391,0.457622,0.365002,0.513998,0.377663,0.879,0.252141,4.2341,0.332822,0.0239353,-0.066007,35.8111,10.5247,141.594,-0.0420717,-0.604981,10.264603283256292,-4.396647870540619,1.36386,19.8700008392334,,,,,,,317.8,6.485714285,317.8,6.485714285,,,,,,,,,,,,,,,,,,,"Nick Kurtz","35110",701762
"James Wood","WSN",51,220,190,50,28,10,1,10,31,31,28,1,62,1,1,0,,6,2,0.264185,0.125578,0.284196,0.441869,0.359844,0.492621,0.368119,0.852466,0.228437,4.98107,0.336018,0.0634652,0.128191,35.3775,9.19572,132.872,0.191656,-0.0228825,8.967494174838066,-3.3272033520042896,1.29652,37.790000915527344,,,,,,,311.5,6.107843137,311.5,6.107843137,,,,,,,,,,,,,,,,,,,"James Wood","29518",695578
"Mookie Betts","LAD",50,217,192,50,32,10,1,8,28,28,21,1,29,2,2,0,,3,1,0.258762,0.0973894,0.134899,0.721941,0.334953,0.437732,0.337061,0.772685,0.17897,4.12846,0.267149,-0.0492934,-0.0338486,29.4529,3.61078,112.611,-0.0831421,0.227831,3.2399747148156166,2.4694975316524506,1.29413,60.58000183105469,,,,,,,269.8,5.396,269.8,5.396,,,,,,,,,,,,,,,,,,,"Mookie Betts","13611",605141
"Michael Harris II","ATL",49,210,196,55,35,10,1,9,28,30,10,1,41,2,2,0,,5,1,0.281834,0.0480784,0.195333,0.246136,0.320144,0.474852,0.341336,0.794996,0.193018,5.3612,0.315386,0.109662,0.270646,29.2309,4.22235,114.502,0.380308,1.12689,4.0784203708171844,1.7435517311096191,1.28246,99.06999969482422,,,,,,,274,5.591836734,274,5.591836734,,,,,,,,,,,,,,,,,,,"Michael Harris II","25931",671739
"Ketel Marte","ARI",49,213,189,51,31,10,1,8,29,28,20,1,35,2,2,0,,2,0,0.266681,0.0931903,0.164781,0.56554,0.339773,0.463255,0.347656,0.803028,0.196574,4.33942,0.285478,-0.0190011,-0.0772583,30.7374,5.37378,118.217,-0.0962594,1.0209,4.615243136882782,1.0617928504943848,1.27759,32.63999938964844,,,,,,,276.3,5.63877551,276.3,5.63877551,,,,,,,,,,,,,,,,,,,"Ketel Marte","13613",606466
"Munetaka Murakami","CHW",50,216,179,42,22,7,0,12,29,29,34,1,71,2,1,0,,3,1,0.233235,0.158622,0.32637,0.486018,0.361229,0.477849,0.364767,0.839078,0.244613,3.34457,0.305126,-0.0287396,-0.378212,34.2123,8.45767,135.24,-0.406952,0.178595,8.486915647983551,-3.7172381430864334,1.26676,999,,,,,,,300.2,6.004,300.2,6.004,,,,,,,,,,,,,,,,,,,"Munetaka Murakami","37120",808959
"Juan Soto","NYM",31,133,108,31,18,5,0,7,21,21,23,1,22,1,1,0,,4,1,0.284192,0.173409,0.16329,1.06197,0.409584,0.542996,0.408326,0.95258,0.258804,4.59801,0.291474,-0.071126,0.0304361,25.705,9.88684,162.951,-0.0406899,-0.135168,10.113051921129227,-2.0163413137197495,1.25869,4.650000095367432,,,,,,,222.7,7.183870967,222.7,7.183870967,,,,,,,,,,,,,,,,,,,"Juan Soto","20123",665742
"William Contreras","MIL",50,200,177,47,31,9,0,6,25,25,21,1,37,1,2,0,,2,1,0.268265,0.103323,0.182181,0.567143,0.346855,0.433233,0.3415,0.780088,0.164969,3.14629,0.302752,-0.10769,-0.213716,27.9212,4.05589,115.817,-0.321406,-0.53712,3.5275836884975433,2.3378796577453613,1.25523,56.560001373291016,,,,,,,235.7,4.714,235.7,4.714,,,,,,,,,,,,,,,,,,,"William Contreras","20503",661388
"Zach Neto","LAA",50,215,191,47,28,10,1,9,27,28,17,1,57,5,1,0,,8,3,0.246554,0.0804546,0.264672,0.303978,0.323604,0.443549,0.334,0.767153,0.196994,5.34393,0.301769,0.09839,0.0320302,28.6838,3.04747,112.922,0.13042,-1.12496,3.376585528254509,1.1815171241760254,1.24171,32.29999923706055,,,,,,,264.3,5.286,264.3,5.286,,,,,,,,,,,,,,,,,,,"Zach Neto","31347",687263
"Jeremy Peña","HOU",48,207,188,51,35,10,1,6,26,24,13,1,38,4,2,1,,6,1,0.270103,0.0626792,0.182107,0.344189,0.32672,0.419679,0.32632,0.746398,0.149576,5.16391,0.308015,0.141606,0.241221,26.2564,1.63898,109.37,0.382827,-0.09599,2.6431783735752106,2.118824951350689,1.2314,122.9800033569336,,,,,,,248.3,5.172916666,248.3,5.172916666,,,,,,,,,,,,,,,,,,,"Jeremy Pena","21636",665161
"Aaron Judge","NYY",22,96,79,23,12,4,0,7,16,18,15,1,24,1,1,0,,2,0,0.294029,0.160475,0.249794,0.642428,0.411419,0.629005,0.43693,1.04042,0.334976,4.04037,0.326925,-0.10452,0.0238457,20.7328,9.34001,186.798,-0.0806739,0.479554,9.60973959416151,-0.9121131002902985,1.22824,1.850000023841858,,,,,,,179,8.136363636,179,8.136363636,,,,,,,,,,,,,,,,,,,"Aaron Judge","15640",592450
"Jazz Chisholm Jr.","NYY",45,196,174,42,25,7,1,9,25,26,19,0,53,1,1,1,,12,3,0.239564,0.0947505,0.271931,0.348436,0.315819,0.436069,0.327108,0.751888,0.196505,6.2124,0.291876,0.146141,0.941852,25.0205,1.67922,110.48,1.08799,1.05017,3.4851001501083374,1.6168349385261536,1.22705,19.520000457763672,,,,,,,246.2,5.471111111,246.2,5.471111111,,,,,,,,,,,,,,,,,,,"Jazz Chisholm Jr.","20454",665862
"Byron Buxton","MIN",37,160,145,38,20,8,1,9,23,25,12,1,41,2,1,0,,4,0,0.261373,0.0739851,0.258511,0.286197,0.325393,0.516837,0.358958,0.84223,0.255464,6.0617,0.30087,0.137023,0.502835,24.605,5.51415,130.693,0.639858,0.0764333,6.381988823413849,-0.005356840789318085,1.22703,73.4800033569336,,,,,,,230.9,6.24054054,230.9,6.24054054,,,,,,,,,,,,,,,,,,,"Byron Buxton","14161",621439
"Colson Montgomery","CHW",51,219,193,44,26,8,1,9,26,27,19,0,64,4,1,1,,1,0,0.22892,0.0869719,0.292798,0.297037,0.309658,0.415045,0.317554,0.724702,0.186125,3.83363,0.291876,-0.00663607,-0.194276,26.2169,0.179181,102.431,-0.200912,1.57779,0.41926127672195435,3.7336505651474,1.21283,254.75,,,,,,,237.8,4.662745098,237.8,4.662745098,,,,,,,,,,,,,,,,,,,"Colson Montgomery","29712",695657
"Dillon Dingler","DET",47,187,169,42,26,8,1,7,22,23,12,0,45,4,1,1,,1,0,0.249008,0.0653205,0.238563,0.273808,0.311354,0.426739,0.321489,0.738093,0.177731,3.25736,0.296411,0.0123111,-0.19045,23.0201,0.750053,105.172,-0.178139,1.89934,0.9505246877670288,4.124026536941528,1.1917,254.6199951171875,,,,,,,210.8,4.485106382,210.8,4.485106382,,,,,,,,,,,,,,,,,,,"Dillon Dingler","27464",693307
"Drake Baldwin","ATL",49,202,178,47,31,8,0,9,26,27,19,1,41,2,1,0,,1,0,0.265999,0.0962266,0.201991,0.476392,0.342454,0.455676,0.347066,0.79813,0.189677,2.63361,0.297753,-0.051249,-0.238611,28.9888,4.98856,118.328,-0.28986,0.805978,4.195596247911453,0.8976446390151978,1.18067,78.62999725341797,,,,,,,257.9,5.263265306,257.9,5.263265306,,,,,,,,,,,,,,,,,,,"Drake Baldwin","31539",686948
"Bryce Harper","PHI",51,222,192,51,29,11,0,10,31,33,27,1,48,2,2,0,,4,1,0.266466,0.123681,0.216007,0.572576,0.360325,0.490675,0.367634,0.851,0.22421,3.77384,0.301709,0.0385086,-0.0772228,35.6586,9.20412,130.944,-0.0387142,0.130507,8.308461423963308,-3.885387822985649,1.18066,47.900001525878906,,,,,,,311.3,6.103921568,311.3,6.103921568,,,,,,,,,,,,,,,,,,,"Bryce Harper","11579",547180
"Manny Machado","SDP",51,219,197,50,31,9,0,10,26,30,19,1,44,1,2,0,,3,1,0.255115,0.0874358,0.202882,0.430969,0.320888,0.44815,0.333227,0.769038,0.193035,3.30653,0.281252,-0.097574,-0.0193981,29.0875,2.96747,113.227,-0.116972,1.28385,3.4058767780661583,1.0671831965446472,1.17647,37.52000045776367,,,,,,,266,5.215686274,266,5.215686274,,,,,,,,,,,,,,,,,,,"Manny Machado","11493",592518
"Kyle Tucker","LAD",50,217,188,49,29,10,1,9,30,30,26,1,36,1,2,0,,6,1,0.259514,0.121015,0.164206,0.736972,0.351512,0.45943,0.352709,0.810943,0.199916,5.16141,0.275663,0.00534662,0.516911,32.2066,6.36441,123.061,0.522258,0.242218,6.599014103412628,-2.082781568169594,1.17316,13.130000114440918,,,,,,,295.3,5.906,295.3,5.906,,,,,,,,,,,,,,,,,,,"Kyle Tucker","18345",663656
"Wilyer Abreu","BOS",47,204,181,46,27,10,1,8,26,27,21,1,47,1,1,1,,4,1,0.255171,0.101659,0.229383,0.443184,0.332727,0.447571,0.339385,0.780297,0.1924,4.41843,0.300912,-0.00274509,-0.0482283,28.1255,3.7859,113.592,-0.0509734,3.25628,3.190853152424097,1.0325191020965576,1.16834,199.89999389648438,,,,,,,257.3,5.474468085,257.3,5.474468085,,,,,,,,,,,,,,,,,,,"Wilyer Abreu","23772",677800
"Adley Rutschman","BAL",39,157,137,35,23,8,0,5,20,20,18,0,24,1,1,0,,1,0,0.257648,0.111636,0.15545,0.718146,0.343269,0.422354,0.336397,0.765624,0.164706,3.04026,0.280156,-0.0658776,-0.213509,21.2208,2.52731,117.257,-0.279387,1.96167,2.881811797618866,2.8858941793441772,1.15321,148.92999267578125,,,,,,,188.1,4.823076923,188.1,4.823076923,,,,,,,,,,,,,,,,,,,"Adley Rutschman","26288",668939
"Gabriel Moreno","ARI",40,160,141,39,27,8,0,4,19,18,16,1,26,1,1,0,,2,1,0.278466,0.0981809,0.163835,0.599268,0.35366,0.423422,0.341656,0.777082,0.144956,3.33324,0.314778,0.0698735,-0.161949,22.2736,3.25282,114.21,-0.092076,0.6589,2.664085455238819,3.4724801182746887,1.14862,181.22000122070312,,,,,,,190.2,4.755,190.2,4.755,,,,,,,,,,,,,,,,,,,"Gabriel Moreno","22664",672515
"Miguel Vargas","CHW",51,221,192,48,29,11,1,8,28,28,24,1,40,2,2,0,,4,1,0.248628,0.110135,0.180694,0.609512,0.337933,0.430869,0.336641,0.768802,0.182241,4.33085,0.273966,-0.0130944,0.0823534,29.923,3.60235,115.695,0.069259,-1.05897,4.117392331361771,-0.6939979791641235,1.14748,303.0899963378906,,,,,,,272.4,5.34117647,272.4,5.34117647,,,,,,,,,,,,,,,,,,,"Miguel Vargas","20178",678246
"JJ Wetherholt","STL",49,212,185,47,32,8,0,6,24,22,20,1,37,5,2,1,,4,1,0.252389,0.0958325,0.175067,0.547405,0.338603,0.393132,0.324979,0.731735,0.140744,4.20019,0.285082,0,0.262692,26.739,1.45261,106.154,0.262692,1.7735,1.8495022058486938,2.5651714205741882,1.14748,999,,,,,,,237.6,4.848979591,237.6,4.848979591,,,,,,,,,,,,,,,,,,,"JJ Wetherholt","34985",802139
"Ceddanne Rafaela","BOS",51,219,203,53,34,11,2,6,27,25,10,0,46,3,2,1,,8,3,0.259366,0.0455685,0.211541,0.215412,0.300558,0.419967,0.312481,0.720526,0.160601,6.11804,0.305702,0.135954,0.230687,25.3173,-0.720415,94.8955,0.36664,3.62892,-0.9358067512512207,4.409784495830536,1.144,125.02999877929688,,,,,,,239.3,4.692156862,239.3,4.692156862,,,,,,,,,,,,,,,,,,,"Ceddanne Rafaela","24262",678882
"Geraldo Perdomo","ARI",50,215,184,46,32,9,1,4,28,20,27,0,30,2,2,1,,7,2,0.250554,0.123254,0.138185,0.891954,0.349753,0.372384,0.323928,0.722138,0.121831,5.71924,0.279126,0.0663674,0.125506,26.9254,1.28909,102.371,0.191873,1.05639,0.8115641325712204,3.3628764152526855,1.13281,76.7699966430664,,,,,,,237.7,4.754,237.7,4.754,,,,,,,,,,,,,,,,,,,"Geraldo Perdomo","22799",672695
"Dansby Swanson","CHC",52,226,203,48,31,9,1,8,26,26,19,0,55,1,2,1,,6,1,0.237028,0.0851728,0.24513,0.34746,0.304486,0.401642,0.309327,0.706128,0.164613,5.05428,0.285141,0.160355,0.452027,25.6289,-1.3247,95.3507,0.612382,2.00011,-0.6654423475265503,4.425106048583984,1.12722,152.30999755859375,,,,,,,241.4,4.642307692,241.4,4.642307692,,,,,,,,,,,,,,,,,,,"Dansby Swanson","18314",621020
"Austin Riley","ATL",49,212,191,50,30,9,1,10,28,31,16,1,57,3,1,0,,2,1,0.259994,0.0775743,0.267409,0.290096,0.32648,0.466887,0.342758,0.793367,0.206893,3.83512,0.317464,-0.016869,-0.205009,29.8005,4.51412,115.451,-0.221878,-0.359566,3.7621806412935257,0.39876770973205566,1.12175,59.36000061035156,,,,,,,272.8,5.567346938,272.8,5.567346938,,,,,,,,,,,,,,,,,,,"Austin Riley","18360",663586
"Matt Olson","ATL",53,229,200,51,29,11,0,11,31,35,25,1,55,2,2,0,,1,0,0.25599,0.111451,0.240013,0.464354,0.343037,0.482497,0.356272,0.825534,0.226507,2.65556,0.294671,-0.186102,-0.224774,34.5988,7.36728,124.476,-0.410876,1.28061,6.38557231426239,-2.8027232885360718,1.11698,48.0099983215332,,,,,,,303.8,5.732075471,303.8,5.732075471,,,,,,,,,,,,,,,,,,,"Matt Olson","14344",621566
"Pete Alonso","BAL",51,222,195,50,28,10,0,12,30,35,21,1,51,4,2,0,,2,0,0.253717,0.0949254,0.231071,0.410806,0.336549,0.48805,0.355202,0.824599,0.234333,3.2866,0.282148,-0.270506,-0.115829,33.4188,6.96435,130.325,-0.386335,-0.267805,7.4750853180885315,-4.39820596575737,1.11642,24.440000534057617,,,,,,,305.6,5.992156862,305.6,5.992156862,,,,,,,,,,,,,,,,,,,"Pete Alonso","19251",624413
"Ben Rice","NYY",51,219,191,48,27,9,1,12,30,34,23,1,49,3,2,0,,2,1,0.250184,0.105279,0.222673,0.472797,0.337399,0.486888,0.355079,0.824286,0.236704,3.72534,0.272816,-0.0589332,-0.192446,32.9144,6.84203,129.918,-0.251379,-0.0271388,7.392544090747833,-4.36047225818038,1.10026,53.189998626708984,,,,,,,301.4,5.909803921,301.4,5.909803921,,,,,,,,,,,,,,,,,,,"Ben Rice","29576",700250
"Andy Pages","LAD",48,208,187,47,29,10,0,8,26,28,16,1,46,3,2,1,,4,2,0.253974,0.0752338,0.219772,0.342327,0.320555,0.445518,0.332617,0.766073,0.191544,4.17412,0.291327,0.0667207,-0.271618,27.4376,2.70698,109.643,-0.204897,1.10448,2.226791813969612,1.8461462259292603,1.09745,133.4199981689453,,,,,,,239.4,4.9875,239.4,4.9875,,,,,,,,,,,,,,,,,,,"Andy Pages","24816",681624
"Freddie Freeman","LAD",52,224,197,55,34,12,0,8,30,31,23,1,41,3,2,0,,3,1,0.277595,0.101797,0.181086,0.562145,0.357313,0.466649,0.357934,0.823962,0.189054,3.76934,0.309573,-0.172381,0.00283015,34.1946,7.51889,126.55,-0.169551,0.445443,7.052401140332222,-3.571223556995392,1.09129,67.87999725341797,,,,,,,301.9,5.80576923,301.9,5.80576923,,,,,,,,,,,,,,,,,,,"Freddie Freeman","5361",518692
"Isaac Paredes","HOU",48,209,180,44,29,9,0,6,26,24,23,1,33,5,2,0,,1,0,0.246106,0.107728,0.15988,0.673804,0.342474,0.404869,0.331204,0.747343,0.158763,2.81974,0.267734,-0.0616392,-0.316224,27.3694,2.4844,112.764,-0.377863,0.218627,2.7346689701080322,0.5476396530866623,1.08952,243.60000610351562,,,,,,,234.8,4.891666666,234.8,4.891666666,,,,,,,,,,,,,,,,,,,"Isaac Paredes","20036",670623
"Jacob Wilson","ATH",50,217,200,57,40,12,0,4,25,24,12,0,22,3,2,1,,2,1,0.284725,0.05549,0.103439,0.536451,0.330573,0.408848,0.323861,0.739421,0.124123,3.91594,0.302389,0.0120275,-0.0981334,27.1299,1.2878,104.206,-0.086106,0.245173,0.978894330561161,1.9035066217184067,1.07808,196.44000244140625,,,,,,,237.6,4.752,237.6,4.752,,,,,,,,,,,,,,,,,,,"Jacob Wilson","33266",805779
"Kazuma Okamoto","TOR",47,204,179,42,24,9,0,10,24,28,20,1,53,2,1,1,,1,0,0.23439,0.0990547,0.262029,0.378029,0.317629,0.445341,0.331668,0.762971,0.210952,2.50529,0.275362,-0.0578213,-0.234115,26.7727,2.50005,113.115,-0.291937,0.29718,2.827644795179367,0.5180130749940872,1.07732,999,,,,,,,244.2,5.19574468,244.2,5.19574468,,,,,,,,,,,,,,,,,,,"Kazuma Okamoto","37123",672960
"Alejandro Kirk","TOR",32,126,111,30,21,5,0,4,15,14,13,0,16,1,1,0,,0,0,0.268575,0.100218,0.123326,0.812625,0.344926,0.416406,0.334954,0.761332,0.147831,2.21375,0.282059,-0.211682,-0.158648,16.8893,1.88156,115.398,-0.37033,1.84951,1.894285649061203,4.106917858123779,1.0648,160.25,,,,,,,151.1,4.721875,151.1,4.721875,,,,,,,,,,,,,,,,,,,"Alejandro Kirk","22581",672386
"Jackson Merrill","SDP",51,219,202,52,33,10,1,8,27,28,14,1,46,1,2,0,,6,2,0.255809,0.0638,0.211382,0.301823,0.304764,0.436043,0.320122,0.740807,0.180235,5.37928,0.292048,0.235511,0.277592,26.7566,0.636556,104.475,0.513103,0.899228,1.7050413489341736,1.6158944964408875,1.05967,70.79000091552734,,,,,,,249.9,4.9,249.9,4.9,,,,,,,,,,,,,,,,,,,"Jackson Merrill","29490",701538
"Masyn Winn","STL",50,215,194,49,34,10,1,4,25,21,16,0,40,2,2,1,,5,1,0.250659,0.0746784,0.187698,0.397865,0.311834,0.374695,0.303517,0.686529,0.124037,5.21405,0.294772,0.217654,0.172182,23.2965,-2.26773,91.8211,0.389836,2.84573,-1.7422182857990265,5.145733118057251,1.05266,364.7799987792969,,,,,,,213.4,4.268,213.4,4.268,,,,,,,,,,,,,,,,,,,"Masyn Winn","27479",691026
"CJ Abrams","WSN",51,220,198,52,33,11,1,8,29,27,15,1,43,5,2,0,,10,2,0.263051,0.0692916,0.197857,0.35021,0.328045,0.444257,0.335727,0.772302,0.181206,6.42006,0.299773,0.146168,0.76313,29.602,3.42022,111.238,0.909298,-2.8905,3.909634232521057,-0.6985266208648682,1.05024,65,,,,,,,279.4,5.478431372,279.4,5.478431372,,,,,,,,,,,,,,,,,,,"CJ Abrams","25768",682928
"Trent Grisham","NYY",47,203,174,41,24,8,1,8,27,26,25,1,44,2,1,0,,3,1,0.232841,0.124335,0.214798,0.578847,0.333096,0.426973,0.333511,0.760069,0.194132,4.44048,0.260474,-0.0275914,0.01104,26.9682,2.79332,114.93,-0.0165514,-1.41746,3.5202987864613533,-0.6924585103988647,1.02185,253.82000732421875,,,,,,,243.6,5.182978723,243.6,5.182978723,,,,,,,,,,,,,,,,,,,"Trent Grisham","18564",663757
"Otto Lopez","MIA",48,206,189,52,36,10,1,4,25,22,13,0,32,2,2,1,,7,2,0.272796,0.0631629,0.154969,0.407583,0.322566,0.403883,0.317988,0.726448,0.131087,5.91093,0.306845,0.0925265,0.326883,24.7868,0.24138,98.0527,0.419409,1.21766,-0.0679660439491272,3.4259897470474243,1.01984,229.16000366210938,,,,,,,227.2,4.733333333,227.2,4.733333333,,,,,,,,,,,,,,,,,,,"Otto Lopez","19608",672640
"Xander Bogaerts","SDP",49,210,187,47,33,9,0,5,23,22,19,0,39,2,2,1,,6,1,0.251497,0.0906471,0.183704,0.493441,0.324214,0.379077,0.312006,0.703291,0.12758,4.24156,0.289853,0.0876331,0.466799,24.2358,-0.772715,99.0551,0.554432,0.663257,0.3134662061929703,2.9132566452026367,1.01935,237.1999969482422,,,,,,,220.9,4.508163265,220.9,4.508163265,,,,,,,,,,,,,,,,,,,"Xander Bogaerts","12161",593428
"Jarren Duran","BOS",47,202,182,47,27,11,2,6,30,24,16,0,50,2,1,1,,8,2,0.255823,0.0776236,0.247833,0.313209,0.320438,0.438073,0.329371,0.758511,0.18225,7.77484,0.31954,0.339772,0.717017,26.1579,2.10137,106.633,1.05679,2.37109,2.62041437625885,0.17278718948364258,1.01474,64.04000091552734,,,,,,,244.5,5.202127659,244.5,5.202127659,,,,,,,,,,,,,,,,,,,"Jarren Duran","24617",680776
"Iván Herrera","STL",50,209,180,47,32,8,0,6,26,23,22,1,40,5,1,0,,3,1,0.259978,0.103948,0.189745,0.547832,0.353898,0.409684,0.338582,0.763583,0.149707,4.05956,0.300918,0.0662904,-0.00823217,28.6796,3.74257,115.239,0.0580582,0.865311,3.9329723939299583,-0.7596890330314636,1.01195,178.42999267578125,,,,,,,246.7,4.934,246.7,4.934,,,,,,,,,,,,,,,,,,,"Ivan Herrera","20599",671056
"Andrés Giménez","TOR",45,192,174,43,30,9,1,4,21,19,11,0,35,5,1,1,,8,1,0.247348,0.0569889,0.182181,0.312815,0.308344,0.369656,0.30057,0.678,0.122308,5.81257,0.28756,0.000827509,0.685977,20.417,-2.49199,91.5042,0.686804,2.16753,-1.2204626202583313,4.228639602661133,1.00164,412.2200012207031,,,,,,,196.6,4.368888888,196.6,4.368888888,,,,,,,,,,,,,,,,,,,"Andres Gimenez","19950",665926
"Jackson Chourio","MIL",50,215,197,52,32,11,1,8,28,29,14,1,47,1,2,0,,7,2,0.265257,0.0659697,0.218793,0.301516,0.316083,0.457377,0.333346,0.77346,0.19212,5.52339,0.306338,0.211711,0.331776,28.4893,2.92507,110.371,0.543487,1.83932,3.2469329237937927,-0.4273463487625122,0.993455,19.3799991607666,,,,,,,259.7,5.194,259.7,5.194,,,,,,,,,,,,,,,,,,,"Jackson Chourio","28806",694192
"Matt Chapman","SFG",47,203,177,42,25,9,1,7,25,25,22,1,51,2,1,1,,2,1,0.235366,0.106748,0.248939,0.428812,0.324651,0.407498,0.322415,0.732149,0.172132,3.99376,0.289076,-0.01566,-0.216959,25.1415,0.966565,104.683,-0.232619,1.54586,0.9217478334903717,2.270863175392151,0.992817,163.6199951171875,,,,,,,228.8,4.868085106,228.8,4.868085106,,,,,,,,,,,,,,,,,,,"Matt Chapman","16505",656305
"Tyler Soderstrom","ATH",48,208,185,48,28,10,1,9,27,29,19,1,46,2,1,0,,2,1,0.258698,0.0907591,0.219655,0.41319,0.331165,0.464942,0.344319,0.796107,0.206244,3.70391,0.29572,-0.0279242,-0.187306,29.4084,4.67775,118.422,-0.21523,0.346578,4.24931238591671,-1.8950888216495514,0.990733,82.8499984741211,,,,,,,267.1,5.564583333,267.1,5.564583333,,,,,,,,,,,,,,,,,,,"Tyler Soderstrom","27467",691016
"Gleyber Torres","DET",49,213,186,48,33,9,0,6,26,23,24,1,38,1,2,0,,2,1,0.258531,0.112841,0.177578,0.635445,0.344969,0.401891,0.330664,0.74686,0.14336,2.8699,0.29351,-0.160912,-0.267589,27.8025,2.43895,111.548,-0.428501,-0.682738,2.441652476787567,-0.3146824538707733,0.986941,261.510009765625,,,,,,,241.3,4.924489795,241.3,4.924489795,,,,,,,,,,,,,,,,,,,"Gleyber Torres","16997",650402
"Bo Bichette","NYM",50,215,197,54,37,10,0,6,26,26,14,1,38,1,2,0,,2,1,0.274514,0.0668193,0.178782,0.373748,0.32524,0.4268,0.327382,0.752041,0.152286,3.69706,0.310212,0.0527855,-0.14023,27.5285,1.89219,108.893,-0.0874441,0.0974457,2.237315848469734,0.39189019799232483,0.976148,92.86000061035156,,,,,,,236.8,4.736,236.8,4.736,,,,,,,,,,,,,,,,,,,"Bo Bichette","19612",666182
"Ryan Jeffers","MIN",39,158,138,35,22,7,0,6,20,20,16,0,32,3,1,0,,1,0,0.254993,0.100863,0.202586,0.497876,0.340492,0.433788,0.339121,0.774281,0.178795,3.2225,0.291963,-0.0850934,-0.184034,21.6664,2.88723,116.908,-0.269127,-0.637409,2.842359244823456,1.0147512555122375,0.962115,298.05999755859375,,,,,,,193.6,4.964102564,193.6,4.964102564,,,,,,,,,,,,,,,,,,,"Ryan Jeffers","24618",680777
"Willson Contreras","BOS",51,221,192,49,29,10,0,9,29,30,20,1,57,7,1,0,,2,1,0.254296,0.092317,0.257448,0.358585,0.345937,0.455062,0.349574,0.800999,0.200766,3.72451,0.311185,-0.145422,-0.271668,32.2411,5.92038,120.672,-0.41709,0.689896,4.914930731058121,-3.375690996646881,0.956462,168.1999969482422,,,,,,,278,5.450980392,278,5.450980392,,,,,,,,,,,,,,,,,,,"Willson Contreras","11609",575929
"Taylor Ward","BAL",50,215,186,45,28,9,0,7,27,27,25,1,49,2,1,0,,2,1,0.24296,0.11651,0.226356,0.514719,0.337455,0.414664,0.331533,0.752119,0.171704,3.29951,0.287624,-0.142343,-0.269908,28.2532,2.61687,113.877,-0.412251,0.778205,3.0739423036575317,-1.5282766819000244,0.936301,148.42999267578125,,,,,,,239.9,4.798,239.9,4.798,,,,,,,,,,,,,,,,,,,"Taylor Ward","17548",621493
"Luis Arraez","SFG",52,226,209,62,48,11,1,2,28,20,13,0,13,2,2,1,,3,1,0.298746,0.0586445,0.0565774,1.03653,0.342322,0.389608,0.322421,0.73193,0.090862,4.6707,0.309059,0.0794088,-0.208796,28.0324,1.0788,104.687,-0.129387,0.0399833,1.1588055789470673,0.714983344078064,0.936025,280.04998779296875,,,,,,,242.5,4.663461538,242.5,4.663461538,,,,,,,,,,,,,,,,,,,"Luis Arraez","18568",650333
"Kyle Schwarber","PHI",52,224,190,45,23,7,0,14,31,35,31,1,67,2,1,0,,2,1,0.235503,0.13828,0.299028,0.462433,0.347685,0.499322,0.364842,0.847006,0.263818,3.31767,0.278558,-0.292523,-0.187491,35.518,8.79082,129.079,-0.480014,0.0467265,7.445024013519287,-5.5150019489228725,0.935459,24.690000534057617,,,,,,,313.9,6.036538461,313.9,6.036538461,,,,,,,,,,,,,,,,,,,"Kyle Schwarber","16478",656941
"Brice Turang","MIL",49,212,188,47,33,9,1,5,25,22,22,0,46,1,2,1,,8,2,0.251523,0.101422,0.216195,0.46912,0.327928,0.387424,0.31652,0.715352,0.1359,5.40737,0.304285,0.0942272,0.637959,25.2824,-0.00400654,99.1343,0.732186,1.02636,0.5089621096849442,1.7846972942352295,0.932444,48.18000030517578,,,,,,,232.6,4.746938775,232.6,4.746938775,,,,,,,,,,,,,,,,,,,"Brice Turang","22186",668930
"Daulton Varsho","TOR",45,192,174,41,25,9,1,7,24,24,15,0,44,1,1,1,,4,1,0.236843,0.0791738,0.228841,0.345978,0.301123,0.416801,0.312522,0.717924,0.179959,5.49128,0.276412,0.0376278,0.177025,22.2816,-0.627438,99.8097,0.214653,1.42295,0.17194204032421112,2.1099889874458313,0.928009,192.2100067138672,,,,,,,206,4.577777777,206,4.577777777,,,,,,,,,,,,,,,,,,,"Daulton Varsho","19918",662139
"Nico Hoerner","CHC",52,224,202,54,41,10,1,2,25,19,16,0,22,3,2,1,,9,2,0.265656,0.0710201,0.0998103,0.711551,0.326122,0.352999,0.303156,0.679121,0.0873433,5.51351,0.287855,0.173444,0.635038,24.2437,-2.43205,91.2295,0.808483,2.37157,-1.5771722197532654,3.2215660214424133,0.905077,101.93000030517578,,,,,,,222.4,4.276923076,222.4,4.276923076,,,,,,,,,,,,,,,,,,,"Nico Hoerner","21479",663538
"Royce Lewis","MIN",44,190,172,43,26,9,0,8,22,25,15,0,43,1,1,1,,5,1,0.250613,0.0805905,0.224631,0.358769,0.314226,0.438835,0.326803,0.753061,0.188222,4.66907,0.288965,-0.0445845,0.367114,24.2178,1.5815,108.348,0.32253,2.45768,2.174349755048752,-0.08599472045898438,0.90009,193.64999389648438,,,,,,,224.8,5.109090909,224.8,5.109090909,,,,,,,,,,,,,,,,,,,"Royce Lewis","20437",668904
"Steven Kwan","CLE",46,198,174,46,35,8,1,2,24,16,20,0,19,1,2,1,,5,1,0.266145,0.100555,0.0979016,1.0271,0.343289,0.3574,0.314164,0.700689,0.0912545,5.26645,0.287819,0.113074,0.176811,23.1655,-0.381593,101.542,0.289884,1.6127,0.6457429230213165,1.1633136868476868,0.899472,169.60000610351562,,,,,,,201,4.369565217,201,4.369565217,,,,,,,,,,,,,,,,,,,"Steven Kwan","24610",680757
"Brandon Nimmo","TEX",47,203,180,46,29,9,1,7,26,25,18,1,44,3,1,0,,3,1,0.256162,0.0893265,0.214785,0.415888,0.331946,0.429795,0.333044,0.76174,0.173633,4.6487,0.29979,-0.0318145,-0.047769,26.8914,2.71649,114.887,-0.0795835,0.523175,3.4472750648856163,-1.8851583003997803,0.893528,145.4600067138672,,,,,,,241.1,5.129787234,241.1,5.129787234,,,,,,,,,,,,,,,,,,,"Brandon Nimmo","12927",607043
"Maikel Garcia","KCR",38,163,147,39,27,8,1,3,20,17,14,0,25,0,1,1,,6,2,0.26595,0.0841562,0.151315,0.556167,0.327052,0.393827,0.317343,0.720879,0.127876,5.94014,0.299918,0.0917393,0.336617,19.4691,0.105471,99.4752,0.428356,2.08801,0.3287796750664711,2.668716609477997,0.892738,63.150001525878906,,,,,,,176.3,4.639473684,176.3,4.639473684,,,,,,,,,,,,,,,,,,,"Maikel Garcia","22715",672580
"Randy Arozarena","SEA",50,215,187,45,29,9,0,7,27,26,21,1,53,6,1,0,,8,3,0.242943,0.0968492,0.245655,0.394249,0.336432,0.410203,0.329788,0.746635,0.16726,5.13335,0.299155,-0.138796,0.177277,27.9485,2.31219,117.842,0.0384812,-1.00083,4.520863488316536,-3.405460476875305,0.89268,89.37999725341797,,,,,,,244.7,4.894,244.7,4.894,,,,,,,,,,,,,,,,,,,"Randy Arozarena","19290",668227
"Willy Adames","SFG",51,219,196,46,27,10,0,8,25,28,20,0,57,1,1,1,,3,1,0.23385,0.0929995,0.259233,0.358748,0.307582,0.412555,0.314848,0.720137,0.178705,3.89668,0.284468,0.0176106,-0.114772,25.8183,-0.301664,99.6292,-0.0971615,-0.483738,-0.19591321796178818,1.8662614524364471,0.892326,133.92999267578125,,,,,,,231.7,4.543137254,231.7,4.543137254,,,,,,,,,,,,,,,,,,,"Willy Adames","15986",642715
"Trea Turner","PHI",49,213,196,52,36,10,1,6,26,24,13,0,43,2,2,1,,9,1,0.266359,0.0618526,0.202262,0.305805,0.315696,0.413878,0.318265,0.729575,0.147519,6.06685,0.312035,0.3082,0.941276,25.6609,0.297271,97.9726,1.24948,-1.16607,0.7251415848731995,1.1158698797225952,0.888691,26.780000686645508,,,,,,,245.6,5.012244897,245.6,5.012244897,,,,,,,,,,,,,,,,,,,"Trea Turner","16252",607208
"Seiya Suzuki","CHC",48,205,181,46,28,9,1,8,27,27,21,1,52,1,1,0,,2,1,0.255496,0.102044,0.253976,0.401788,0.335026,0.454001,0.342431,0.789026,0.198504,4.03025,0.310274,-0.0755261,-0.266331,28.7635,4.31077,117.459,-0.341857,1.25406,4.011438846588135,-2.012610912322998,0.87948,113.43000030517578,,,,,,,250.6,5.220833333,250.6,5.220833333,,,,,,,,,,,,,,,,,,,"Seiya Suzuki","30116",673548
"Max Muncy","LAD",38,166,141,33,18,6,0,8,21,23,21,1,40,2,1,0,,1,0,0.230597,0.128861,0.242709,0.530926,0.337094,0.44541,0.341904,0.782504,0.214813,3.22662,0.261779,-0.159984,-0.136442,23.1362,3.40724,115.845,-0.296426,-0.162768,2.8912001252174377,0.3788987845182419,0.877612,234.3699951171875,,,,,,,207.3,5.455263157,207.3,5.455263157,,,,,,,,,,,,,,,,,,,"Max Muncy","13301",571970
"Colton Cowser","BAL",34,147,128,31,19,6,0,6,18,19,16,0,43,2,1,0,,4,1,0.239836,0.10628,0.294751,0.360576,0.329366,0.424057,0.33083,0.753423,0.184221,4.70266,0.313339,0.0363537,0.191742,19.1527,1.69816,113.389,0.228095,0.466514,2.5181384831666946,0.8591068983078003,0.873182,251.72000122070312,,,,,,,178.2,5.24117647,178.2,5.24117647,,,,,,,,,,,,,,,,,,,"Colton Cowser","29591",681297
"Alex Bregman","CHC",52,224,195,47,32,9,0,5,26,24,23,0,33,3,2,1,,1,0,0.241897,0.103493,0.148113,0.698744,0.328697,0.376745,0.314259,0.705442,0.134848,2.89323,0.263782,-0.143832,-0.28937,26.2608,-0.415004,98.6449,-0.433203,1.28932,-0.8018154203891754,2.0893190503120422,0.868895,119.16999816894531,,,,,,,221.2,4.253846153,221.2,4.253846153,,,,,,,,,,,,,,,,,,,"Alex Bregman","17678",608324
"Hunter Goodman","COL",47,190,174,45,24,9,1,10,24,29,13,0,54,2,1,1,,2,1,0.256712,0.066923,0.282515,0.236883,0.312745,0.496155,0.346098,0.8089,0.239444,3.85432,0.309835,-0.0272496,-0.266511,27.2483,4.5652,104.714,-0.293761,-0.0215545,0.7966800332069397,1.5569948591291904,0.866471,67.36000061035156,,,,,,,249.8,5.314893617,249.8,5.314893617,,,,,,,,,,,,,,,,,,,"Hunter Goodman","29715",696100
"Evan Carter","TEX",37,159,137,33,21,6,1,4,21,16,18,0,35,2,1,0,,6,2,0.237584,0.112418,0.2229,0.504344,0.332834,0.390389,0.321178,0.723223,0.152804,6.33474,0.288219,0.0557194,0.292092,19.4917,0.59635,106.641,0.347811,0.534806,1.5775545835494995,1.1014726758003235,0.846211,280.4800109863281,,,,,,,174.3,4.71081081,174.3,4.71081081,,,,,,,,,,,,,,,,,,,"Evan Carter","27790",694497
"Ezequiel Duran","TEX",42,182,167,42,27,9,1,5,21,21,11,0,43,2,1,1,,5,2,0.250547,0.0607394,0.236434,0.256898,0.301299,0.40132,0.306757,0.702619,0.150774,5.28424,0.307245,-0.0500485,0.0694957,20.2295,-1.44453,96.6195,0.0194472,2.13001,-0.6985429599881172,2.5300127267837524,0.844784,999,,,,,,,189.9,4.521428571,189.9,4.521428571,,,,,,,,,,,,,,,,,,,"Ezequiel Duran","23733",677649
"Luis Robert Jr.","NYM",43,185,166,41,26,8,0,7,22,24,15,0,48,2,1,1,,8,2,0.243713,0.0821139,0.256155,0.320564,0.31246,0.420071,0.319832,0.73253,0.176358,5.20795,0.296364,-0.123979,0.499228,22.5856,0.494754,103.851,0.375249,0.371479,1.242748737335205,0.9685472548007965,0.835644,105.63999938964844,,,,,,,213.2,4.958139534,213.2,4.958139534,,,,,,,,,,,,,,,,,,,"Luis Robert Jr.","20043",673357
"Brayan Rocchio","CLE",46,200,179,44,30,10,1,4,22,19,15,0,34,3,2,1,,6,2,0.243328,0.0756485,0.172082,0.439607,0.310534,0.363992,0.29971,0.674526,0.120663,5.01699,0.280548,-0.0258948,-0.0669498,21.0846,-2.73006,91.4976,-0.0928446,0.987502,-2.077068917453289,3.130095064640045,0.830961,999,,,,,,,199.5,4.336956521,199.5,4.336956521,,,,,,,,,,,,,,,,,,,"Brayan Rocchio","23690",677587
"Carter Jensen","KCR",43,177,156,37,23,8,1,6,22,20,18,0,46,0,1,1,,1,0,0.237649,0.102728,0.259186,0.39635,0.316856,0.408046,0.318202,0.724902,0.170397,4.58247,0.298193,0.00360498,-0.121612,21.316,0.238084,100.072,-0.118007,1.08256,-0.10312360152602196,1.785958170890808,0.811586,999,,,,,,,192.4,4.474418604,192.4,4.474418604,,,,,,,,,,,,,,,,,,,"Carter Jensen","29478",695600
"Austin Wells","NYY",37,145,128,29,17,6,0,5,17,18,14,0,35,1,1,1,,1,0,0.224547,0.0962759,0.243585,0.395245,0.305662,0.398863,0.309926,0.704524,0.174316,3.78826,0.265298,-0.0246477,-0.0214913,16.5199,-0.779599,98.5399,-0.046139,0.240454,-0.2936682850122452,2.9737868905067444,0.797794,246.13999938964844,,,,,,,145.7,3.937837837,145.7,3.937837837,,,,,,,,,,,,,,,,,,,"Austin Wells","27562",669224
"Chase Meidroth","CHW",47,202,175,43,32,8,0,3,22,17,21,0,38,3,1,1,,3,1,0.245461,0.106279,0.187433,0.567022,0.335017,0.341543,0.306377,0.67656,0.0960819,3.60838,0.294653,-0.0642564,-0.180963,22.391,-1.66556,94.6631,-0.24522,1.36805,-1.5033360719680786,2.140424966812134,0.796147,646.8699951171875,,,,,,,192.1,4.087234042,192.1,4.087234042,,,,,,,,,,,,,,,,,,,"Chase Meidroth","31580",805367
"Brandon Lowe","PIT",43,186,166,41,24,8,0,8,23,25,16,0,47,2,1,0,,1,0,0.245122,0.0886672,0.253614,0.349615,0.317192,0.445313,0.330843,0.762504,0.200191,3.43146,0.291271,-0.0639344,-0.0848794,24.242,2.15117,106.104,-0.148814,0.13979,1.226271003484726,0.5405612736940384,0.790584,187.57000732421875,,,,,,,217.9,5.06744186,217.9,5.06744186,,,,,,,,,,,,,,,,,,,"Brandon Lowe","18882",664040
"Rafael Devers","SFG",52,224,196,49,29,10,0,9,29,30,25,1,56,2,1,0,,1,0,0.248954,0.110094,0.24814,0.443675,0.336491,0.449927,0.342157,0.786418,0.200973,2.87981,0.297101,-0.126937,-0.268493,31.3287,4.65296,117.868,-0.39543,0.456798,4.464756727218628,-4.059868812561035,0.779414,61.619998931884766,,,,,,,274.9,5.286538461,274.9,5.286538461,,,,,,,,,,,,,,,,,,,"Rafael Devers","17350",646240
"Luke Keaschall","MIN",41,179,155,40,28,8,0,3,21,18,17,0,31,4,1,1,,7,2,0.255104,0.0971822,0.173606,0.559786,0.344165,0.374831,0.322013,0.718997,0.119727,5.179,0.297454,0.00709879,0.42498,22.065,0.792361,105.02,0.432079,0.122643,1.4784758388996124,-0.26994962990283966,0.769424,114.8499984741211,,,,,,,191.1,4.660975609,191.1,4.660975609,,,,,,,,,,,,,,,,,,,"Luke Keaschall","33321",807712
"Oneil Cruz","PIT",34,149,132,32,19,6,1,7,20,20,15,0,45,1,1,0,,8,2,0.245459,0.100277,0.303452,0.330454,0.325591,0.456485,0.338855,0.782076,0.211026,6.47618,0.317754,0.0619023,0.818374,20.4207,2.69342,111.455,0.880276,-0.616829,2.9509087204933167,-0.21605753898620605,0.767941,92.93000030517578,,,,,,,193.7,5.697058823,193.7,5.697058823,,,,,,,,,,,,,,,,,,,"Oneil Cruz","21711",665833
"Jackson Holliday","BAL",40,172,149,37,24,7,1,5,23,19,20,0,39,1,1,1,,4,1,0.246289,0.1151,0.229968,0.500504,0.336649,0.397469,0.325243,0.734119,0.15118,4.92175,0.30262,-0.00549901,-0.120639,21.6662,1.21169,109.505,-0.126138,-0.993805,1.7791647762060165,-0.34766316413879395,0.767148,203.14999389648438,,,,,,,199,4.975,199,4.975,,,,,,,,,,,,,,,,,,,"Jackson Holliday","31781",702616
"Colt Keith","DET",40,172,155,41,27,8,1,5,22,20,14,0,35,1,1,0,,2,0,0.263574,0.0796935,0.201771,0.394971,0.324408,0.425014,0.32668,0.749423,0.16144,4.62703,0.306622,0.135378,-0.0872244,21.8665,1.41197,108.779,0.0481537,1.34869,1.8078715950250626,-0.3934403657913208,0.765418,502.489990234375,,,,,,,199.3,4.9825,199.3,4.9825,,,,,,,,,,,,,,,,,,,"Colt Keith","27899",690993
"Garrett Mitchell","MIL",39,168,148,36,23,7,1,5,22,19,17,0,50,2,1,1,,5,1,0.243334,0.102431,0.299124,0.342437,0.326417,0.413473,0.324758,0.739891,0.17014,6.27022,0.329097,0.0269383,0.230134,21.126,1.1192,104.636,0.257072,0.21754,1.202827274799347,0.8175399154424667,0.758603,691.1699829101562,,,,,,,190.3,4.879487179,190.3,4.879487179,,,,,,,,,,,,,,,,,,,"Garrett Mitchell","27555",669003
"Francisco Alvarez","NYM",33,133,117,28,17,5,0,6,16,18,13,0,34,2,1,0,,0,0,0.242458,0.0947897,0.254187,0.372913,0.322786,0.447081,0.33455,0.769867,0.204623,2.666,0.284391,-0.0358748,-0.154299,17.7665,1.94058,113.68,-0.190173,-0.952573,2.017442375421524,1.1330757141113281,0.757456,165.25,,,,,,,155.7,4.718181818,155.7,4.718181818,,,,,,,,,,,,,,,,,,,"Francisco Alvarez","26121",682626
"Ian Happ","CHC",51,219,189,44,27,10,0,7,27,27,26,1,57,2,1,1,,3,1,0.23403,0.119893,0.25995,0.461214,0.331196,0.407933,0.326218,0.739129,0.173903,3.91589,0.292091,-0.0554375,-0.0807946,27.8409,1.7209,106.632,-0.136232,1.07918,1.6300949603319168,-1.3041497468948364,0.756028,184.86000061035156,,,,,,,239.1,4.688235294,239.1,4.688235294,,,,,,,,,,,,,,,,,,,"Ian Happ","17919",664023
"Xavier Edwards","MIA",49,211,188,52,40,8,1,2,26,17,19,0,31,1,2,1,,8,2,0.273879,0.0923417,0.144953,0.637047,0.341367,0.365741,0.315434,0.707108,0.0918617,6.03259,0.314634,0.152016,0.553746,24.9013,-0.189586,96.3473,0.705762,-0.00913329,-0.22877317667007446,0.7433358337730169,0.746664,182.42999267578125,,,,,,,220.5,4.5,220.5,4.5,,,,,,,,,,,,,,,,,,,"Xavier Edwards","22266",669364
"Bryson Stott","PHI",46,199,179,45,31,9,1,5,24,21,17,0,35,1,2,1,,8,1,0.253617,0.0840009,0.177502,0.473239,0.318589,0.392782,0.313134,0.71137,0.139165,5.90259,0.28931,0.0674044,0.761493,23.1763,-0.550902,94.5463,0.828897,0.560008,-0.4906025528907776,1.3042978644371033,0.739246,181.44000244140625,,,,,,,218.2,4.74347826,218.2,4.74347826,,,,,,,,,,,,,,,,,,,"Bryson Stott","26294",681082
"J.P. Crawford","SEA",47,202,174,41,29,8,0,4,23,19,24,0,39,2,1,1,,2,1,0.236172,0.116986,0.193546,0.604437,0.331792,0.34749,0.306721,0.679283,0.111318,3.20999,0.282282,-0.0189081,-0.294294,22.3946,-1.60536,101.813,-0.313202,-1.02066,0.11310964822769165,-0.03917872905731201,0.737332,748.5399780273438,,,,,,,195.4,4.157446808,195.4,4.157446808,,,,,,,,,,,,,,,,,,,"J.P. Crawford","15491",641487
"Josh Naylor","SEA",47,202,182,47,32,9,0,6,23,24,16,1,30,2,2,0,,7,1,0.259796,0.0801395,0.148607,0.539273,0.323752,0.4066,0.320411,0.730352,0.146804,4.55155,0.280527,-0.120052,0.648898,24.632,0.632091,111.326,0.528847,0.520856,3.192610740661621,-3.126983106136322,0.73649,67.45999908447266,,,,,,,228.2,4.855319148,228.2,4.855319148,,,,,,,,,,,,,,,,,,,"Josh Naylor","18839",647304
"Yandy Díaz","TBR",52,226,200,56,39,10,0,6,28,26,21,1,34,2,2,0,,1,1,0.278,0.0933674,0.150511,0.620338,0.351149,0.428721,0.34199,0.77987,0.150721,2.76593,0.30483,-0.165202,-0.35415,31.5458,4.6591,118.775,-0.519352,0.00459721,4.4274862408638,-5.266236282885075,0.73259,138.63999938964844,,,,,,,267.1,5.136538461,267.1,5.136538461,,,,,,,,,,,,,,,,,,,"Yandy Diaz","16578",650490
"Samuel Basallo","BAL",31,129,117,30,18,6,0,6,17,19,10,0,32,1,1,0,,0,0,0.257066,0.081148,0.24512,0.331054,0.320223,0.467814,0.339836,0.788037,0.210748,3.1994,0.300038,-0.00220211,-0.14381,17.8306,2.44105,119.647,-0.146012,0.0465677,2.816900610923767,-0.37056200206279755,0.716011,160.94000244140625,,,,,,,157.8,5.09032258,157.8,5.09032258,,,,,,,,,,,,,,,,,,,"Samuel Basallo","28824",694212
"Caleb Durbin","BOS",46,200,178,44,30,10,0,4,22,20,14,0,26,5,2,1,,9,2,0.249259,0.0686333,0.131315,0.522661,0.319577,0.371706,0.307612,0.691283,0.122447,5.17441,0.271283,0.0671466,0.614178,22.3276,-1.44592,91.5124,0.681325,0.46095,-1.2960147857666016,1.1908884048461914,0.712294,219.8300018310547,,,,,,,203.5,4.423913043,203.5,4.423913043,,,,,,,,,,,,,,,,,,,"Caleb Durbin","29646",702332
"Henry Bolte","ATH",37,161,144,36,23,7,1,4,21,17,13,0,50,3,1,1,,9,2,0.249757,0.0792984,0.311383,0.254665,0.320773,0.410723,0.321003,0.731496,0.160966,7.54671,0.349555,0,0.729637,19.7554,0.582246,102.219,0.729637,-0.522997,1.1465834081172943,0.01866966485977173,0.701191,999,,,,,,,180.7,4.883783783,180.7,4.883783783,,,,,,,,,,,,,,,,,,,"Henry Bolte","31448",703607
"Cam Smith","HOU",41,178,158,38,24,7,1,6,22,21,15,0,43,2,1,1,,4,1,0.241899,0.0844976,0.244803,0.345166,0.314473,0.409496,0.317304,0.723969,0.167597,5.56125,0.2951,0.0465456,0.224845,21.2483,0.109428,103.104,0.27139,1.40111,0.9143896698951721,-0.404446005821228,0.694531,341.8699951171875,,,,,,,193,4.707317073,193,4.707317073,,,,,,,,,,,,,,,,,,,"Cam Smith","35108",701358
"Travis Bazzana","CLE",47,202,174,40,26,9,1,4,24,19,23,0,49,2,1,1,,7,2,0.228216,0.115869,0.240848,0.481085,0.325461,0.36579,0.309546,0.691251,0.137575,5.88575,0.288909,0,0.420993,22.9346,-1.14766,98.3328,0.420993,-0.778867,0.02754160761833191,-0.4418303370475769,0.690339,999,,,,,,,202.1,4.3,202.1,4.3,,,,,,,,,,,,,,,,,,,"Travis Bazzana","34967",683953
"Joey Ortiz","MIL",39,168,152,37,25,8,1,3,20,17,13,0,31,1,1,1,,4,1,0.244449,0.0774204,0.181687,0.42612,0.306951,0.373385,0.30042,0.680336,0.128935,5.5023,0.283806,0.068411,0.00867784,17.8101,-2.19676,88.3818,0.0770888,2.65956,-2.293116331100464,3.4928959012031555,0.67541,743.4400024414062,,,,,,,159.1,4.079487179,159.1,4.079487179,,,,,,,,,,,,,,,,,,,"Joey Ortiz","25493",687401
"Kyle Stowers","MIA",47,204,181,44,25,9,1,9,27,27,18,1,60,3,1,1,,1,1,0.244488,0.0887828,0.294112,0.301867,0.320917,0.452864,0.335414,0.773781,0.208376,4.16293,0.312361,0.042298,-0.216885,27.3918,3.11914,109.691,-0.174587,1.03414,2.223899245262146,-2.196567177772522,0.674621,164.42999267578125,,,,,,,243.9,5.189361702,243.9,5.189361702,,,,,,,,,,,,,,,,,,,"Kyle Stowers","26151",669065
"Josh Jung","TEX",38,163,149,38,25,7,0,5,18,20,11,0,37,2,1,1,,1,0,0.256144,0.0665966,0.224613,0.296496,0.31156,0.413725,0.316606,0.725285,0.157581,3.29669,0.304667,-0.129576,-0.176141,19.4593,0.00823577,103.464,-0.305718,-0.149845,0.35454103350639343,0.43348874151706696,0.671398,610.5,,,,,,,172,4.526315789,172,4.526315789,,,,,,,,,,,,,,,,,,,"Josh Jung","26299",673962
"Sam Antonacci","CHW",43,188,161,40,29,7,1,4,23,17,17,0,33,8,1,0,,8,2,0.249395,0.0918059,0.175136,0.524197,0.348503,0.37047,0.323771,0.718973,0.121075,5.89281,0.290613,0,0.439697,23.4589,1.10045,106.751,0.439697,-0.338536,1.9188210666179657,-2.044554501771927,0.667172,999,,,,,,,211.2,4.911627906,211.2,4.911627906,,,,,,,,,,,,,,,,,,,"Sam Antonacci","35101",803011
"Jose Altuve","HOU",46,200,179,45,31,9,0,5,23,22,17,0,37,2,2,1,,4,1,0.252165,0.0835984,0.185145,0.451528,0.319161,0.391521,0.313392,0.710682,0.139356,3.97164,0.287837,-0.0736594,-0.0105289,23.3036,-0.5111,100.386,-0.0841883,-0.49933,0.005823284387588501,-0.6197002530097961,0.661967,116.5199966430664,,,,,,,207.9,4.519565217,207.9,4.519565217,,,,,,,,,,,,,,,,,,,"Jose Altuve","5417",514888
"Zack Gelof","ATH",33,142,127,31,19,7,0,5,17,17,12,0,40,1,1,1,,5,1,0.243218,0.0873426,0.278508,0.313609,0.312735,0.419659,0.320002,0.732395,0.176441,5.30756,0.309653,0.026352,0.423796,17.3495,0.399229,101.524,0.450148,0.624063,0.7032430768013,0.7323964089155197,0.661003,999,,,,,,,159.6,4.836363636,159.6,4.836363636,,,,,,,,,,,,,,,,,,,"Zack Gelof","29766",680869
"Michael Busch","CHC",49,210,183,44,27,9,0,8,26,27,23,1,52,3,1,0,,1,0,0.242857,0.107526,0.246136,0.436855,0.33425,0.432101,0.335642,0.76635,0.189244,3.13979,0.290754,-0.143574,-0.221713,28.2611,3.25261,112.925,-0.365287,0.508004,2.9308135211467743,-3.241996109485626,0.660669,106.45999908447266,,,,,,,244.6,4.991836734,244.6,4.991836734,,,,,,,,,,,,,,,,,,,"Michael Busch","26319",683737
"Ernie Clement","TOR",47,202,188,50,36,10,1,3,22,21,9,0,22,1,2,1,,3,1,0.265442,0.0462225,0.107467,0.430108,0.301702,0.377941,0.297858,0.679643,0.112499,4.31975,0.283503,0.10229,-0.133595,20.946,-3.05397,89.6193,-0.0313054,0.806687,-2.472703989595175,1.7554519772529602,0.657121,337.67999267578125,,,,,,,187.8,3.99574468,187.8,3.99574468,,,,,,,,,,,,,,,,,,,"Ernie Clement","20352",676391
"Ezequiel Tovar","COL",48,206,191,48,30,11,1,6,23,25,11,0,50,1,1,1,,3,1,0.253862,0.0532445,0.242613,0.219462,0.297247,0.419399,0.311232,0.716645,0.165537,4.72054,0.309903,0.10043,-0.0651853,23.6575,-0.887918,81.4295,0.0352449,2.08583,-4.61271483078599,4.294166326522827,0.647104,209.22999572753906,,,,,,,210.7,4.389583333,210.7,4.389583333,,,,,,,,,,,,,,,,,,,"Ezequiel Tovar","24064",678662
"Jonathan Aranda","TBR",51,219,191,48,32,9,0,7,25,25,22,1,54,4,1,0,,1,0,0.253297,0.101551,0.245393,0.41383,0.340412,0.409446,0.331152,0.749857,0.156149,2.16086,0.314089,-0.30958,-0.312259,28.6279,2.59021,111.244,-0.621839,0.511904,2.247030556201935,-3.6809974908828735,0.646426,195.60000610351562,,,,,,,249.6,4.894117647,249.6,4.894117647,,,,,,,,,,,,,,,,,,,"Jonathan Aranda","21837",666018
"José Caballero","NYY",38,163,144,32,22,7,0,3,17,16,15,0,40,3,1,1,,14,4,0.223484,0.0894424,0.24406,0.366477,0.3055,0.338925,0.290227,0.644425,0.115441,6.22021,0.284179,-0.00229091,1.13027,15.9651,-3.48594,84.8502,1.12798,1.17957,-1.7597107887268066,2.279565930366516,0.64421,200.02999877929688,,,,,,,153.1,4.028947368,153.1,4.028947368,,,,,,,,,,,,,,,,,,,"Jose Caballero","23401",676609
"Jake Burger","TEX",49,212,194,48,29,9,1,10,25,29,13,1,54,3,2,1,,1,0,0.24744,0.0634332,0.25426,0.249482,0.303132,0.451383,0.325565,0.754515,0.203943,3.29421,0.289264,-0.0302863,-0.187428,26.8399,1.55353,109.69,-0.217714,0.329099,2.1834505647420883,-3.5292344093322754,0.632519,236.72000122070312,,,,,,,250.5,5.112244897,250.5,5.112244897,,,,,,,,,,,,,,,,,,,"Jake Burger","22275",669394
"Lars Nootbaar","STL",39,170,148,36,23,7,1,5,21,19,20,0,34,1,1,0,,2,1,0.245628,0.118158,0.202211,0.58433,0.337621,0.407051,0.328707,0.744672,0.161423,3.80527,0.284272,0.065201,-0.209714,21.965,1.68026,108.644,-0.144513,0.744816,1.6434038430452347,-1.080183982849121,0.618566,745.989990234375,,,,,,,190.6,4.887179487,190.6,4.887179487,,,,,,,,,,,,,,,,,,,"Lars Nootbaar","21454",663457
"Jonah Heim","ATH",39,156,141,33,22,7,0,4,16,17,12,0,30,1,1,1,,1,0,0.23338,0.073911,0.194162,0.380666,0.292935,0.373454,0.29384,0.666389,0.140074,2.70029,0.26586,-0.04806,-0.100142,15.6653,-2.86487,83.3432,-0.148202,1.64702,-3.1728298515081406,3.680349588394165,0.614953,999,,,,,,,142.6,3.656410256,142.6,3.656410256,,,,,,,,,,,,,,,,,,,"Jonah Heim","16930",641680
"Brendan Donovan","SEA",30,128,113,29,20,6,0,3,15,14,11,0,21,3,1,0,,1,1,0.256176,0.0861581,0.162217,0.531128,0.333325,0.388211,0.319952,0.721536,0.132035,3.35392,0.287554,-0.0319808,-0.210073,15.6271,0.354443,111.007,-0.242054,0.654716,1.4052720069885254,0.04946935176849365,0.611926,268.5799865722656,,,,,,,136.1,4.536666666,136.1,4.536666666,,,,,,,,,,,,,,,,,,,"Brendan Donovan","24679",680977
"Sal Stewart","CIN",49,214,191,48,29,10,0,8,25,28,20,0,45,2,2,1,,4,1,0.252092,0.0916743,0.211573,0.433298,0.324281,0.440224,0.332777,0.764506,0.188132,3.57716,0.285825,0.00613461,0.0621164,28.2875,2.81589,104.448,0.068251,1.23631,1.2236519008874893,-2.175727963447571,0.608513,161.8699951171875,,,,,,,252.8,5.159183673,252.8,5.159183673,,,,,,,,,,,,,,,,,,,"Sal Stewart","31505",701398
"Chase DeLauter","CLE",41,175,157,41,27,9,0,5,20,20,16,0,29,0,1,0,,2,1,0.259283,0.0907151,0.163001,0.556532,0.32669,0.414805,0.324644,0.741495,0.155522,3.39651,0.285825,-0.00939805,-0.126097,22.0226,1.15132,108.825,-0.135495,0.150295,1.6694739013910294,-1.9842727482318878,0.60278,999,,,,,,,194.7,4.748780487,194.7,4.748780487,,,,,,,,,,,,,,,,,,,"Chase DeLauter","32127",800050
"Jo Adell","LAA",44,190,173,43,25,8,1,9,24,27,12,0,48,3,1,1,,3,1,0.249489,0.0612717,0.254168,0.241068,0.307177,0.463964,0.332063,0.771141,0.214475,4.53953,0.29076,-0.0272319,-0.0831572,25.0286,2.39228,111.576,-0.110389,-1.27555,2.4573339447379112,-3.3121252059936523,0.601708,120.33000183105469,,,,,,,229.2,5.209090909,229.2,5.209090909,,,,,,,,,,,,,,,,,,,"Jo Adell","20220",666176
"Cole Young","SEA",42,183,163,39,27,7,1,4,22,18,16,0,33,3,1,1,,2,1,0.241169,0.0860513,0.18251,0.471489,0.316283,0.373546,0.306076,0.689829,0.132377,4.55769,0.277713,0.00632281,-0.238829,20.2629,-1.55528,101.364,-0.232506,-1.32648,0.059185370802879333,-0.6721585392951965,0.601344,704.2899780273438,,,,,,,177,4.214285714,177,4.214285714,,,,,,,,,,,,,,,,,,,"Cole Young","31680",702284
"Dominic Canzone","SEA",37,160,146,37,23,7,0,7,19,22,12,1,36,1,1,0,,2,1,0.251272,0.0753633,0.222306,0.339007,0.311011,0.443764,0.326492,0.754774,0.192492,3.7,0.284912,-0.0641146,-0.0659988,20.3842,1.29335,115.552,-0.130113,0.408704,2.7793381214141846,-2.6829622089862823,0.590323,477.1600036621094,,,,,,,187.3,5.062162162,187.3,5.062162162,,,,,,,,,,,,,,,,,,,"Dominic Canzone","26438",686527
"Jordan Walker","STL",50,215,194,51,32,11,1,7,26,27,16,1,53,2,1,1,,5,2,0.261183,0.075642,0.247771,0.30529,0.322569,0.440798,0.331501,0.763368,0.179615,5.04833,0.320265,0.0270797,0.0586653,28.1682,2.60395,110.51,0.0857449,-1.6196,2.8253699243068695,-3.9862680435180664,0.589906,511.7200012207031,,,,,,,252.9,5.058,252.9,5.058,,,,,,,,,,,,,,,,,,,"Jordan Walker","27475",691023
"Brandon Marsh","PHI",42,181,163,42,27,8,1,6,23,21,15,0,50,1,1,1,,4,1,0.256802,0.0849288,0.277414,0.306145,0.322591,0.427683,0.327124,0.750273,0.170881,5.45094,0.332076,0.0603421,0.171834,23.0977,1.55234,103.889,0.232177,0.564555,1.086593434214592,-1.2430070638656616,0.580504,609.72998046875,,,,,,,210.3,5.007142857,210.3,5.007142857,,,,,,,,,,,,,,,,,,,"Brandon Marsh","20202",669016
"Will Smith","LAD",22,88,76,20,12,4,0,4,12,12,10,0,17,2,1,0,,0,0,0.258287,0.110233,0.188017,0.586292,0.350963,0.455697,0.35191,0.80666,0.197409,3.2453,0.282324,-0.0931805,-0.0874761,12.984,2.52013,122.527,-0.180657,-0.862376,2.2229936718940735,0.6459569334983826,0.580492,95.69000244140625,,,,,,,121.2,5.509090909,121.2,5.509090909,,,,,,,,,,,,,,,,,,,"Will Smith","19197",669257
"Patrick Bailey","CLE",32,127,115,26,17,5,0,3,13,12,10,0,32,1,1,1,,1,0,0.223854,0.0786222,0.251322,0.312835,0.287662,0.347964,0.282507,0.635626,0.12411,3.37708,0.282446,-0.0511541,-0.061273,11.6523,-3.51573,79.5429,-0.112427,1.82316,-3.1531278267502785,4.3108144998550415,0.578627,747.8900146484375,,,,,,,108.2,3.38125,108.2,3.38125,,,,,,,,,,,,,,,,,,,"Patrick Bailey","27478",672275
"Bryan Reynolds","PIT",48,206,181,46,29,9,1,7,27,25,20,1,49,3,1,0,,2,1,0.254935,0.099249,0.236596,0.419487,0.33748,0.428546,0.335572,0.766025,0.173611,4.46525,0.310476,-0.00505654,-0.0722412,27.726,3.18064,109.263,-0.0772977,-0.903012,2.241023026406765,-3.2422094345092773,0.577897,204.72000122070312,,,,,,,244.2,5.0875,244.2,5.0875,,,,,,,,,,,,,,,,,,,"Bryan Reynolds","19326",668804
"Teoscar Hernández","LAD",48,205,187,47,28,9,0,10,25,30,15,0,55,2,1,1,,2,1,0.253378,0.0708672,0.269012,0.263435,0.311469,0.458359,0.332291,0.769829,0.204982,3.48202,0.306129,-0.139404,-0.0866532,27.075,2.62224,109.425,-0.226057,-0.93513,2.1239859014749527,-3.1684634685516357,0.570944,125.41999816894531,,,,,,,248.3,5.172916666,248.3,5.172916666,,,,,,,,,,,,,,,,,,,"Teoscar Hernandez","13066",606192
"Christian Walker","HOU",48,209,187,44,27,8,0,9,24,27,17,0,51,3,1,1,,1,0,0.234718,0.0808366,0.244288,0.330907,0.305948,0.420376,0.317019,0.726324,0.185658,2.81999,0.274214,-0.12927,-0.192807,24.9656,0.0805454,102.906,-0.322077,1.48502,0.38659629225730896,-2.2464629411697388,0.568195,212.94000244140625,,,,,,,229.1,4.772916666,229.1,4.772916666,,,,,,,,,,,,,,,,,,,"Christian Walker","13419",572233
"Yainer Diaz","HOU",31,122,114,31,20,6,0,4,14,16,6,0,21,1,1,0,,0,0,0.268068,0.0469543,0.171173,0.274309,0.304175,0.434963,0.319346,0.739138,0.166895,2.95023,0.292604,0.00162083,-0.128808,14.7563,0.276355,104.523,-0.127188,-1.49242,0.5146588981151581,0.6822675466537476,0.561681,113.04000091552734,,,,,,,135.6,4.374193548,135.6,4.374193548,,,,,,,,,,,,,,,,,,,"Yainer Diaz","23003",673237
"Joe Mack","MIA",38,149,133,31,20,6,0,5,16,17,12,0,40,1,1,1,,1,0,0.234781,0.0808675,0.269333,0.300251,0.302425,0.397614,0.30739,0.700039,0.162832,2.93051,0.294161,0,-0.153207,16.6003,-1.10355,90.9753,-0.153207,-0.416065,-1.7823846340179443,2.4874843657016754,0.561514,999,,,,,,,145.9,3.839473684,145.9,3.839473684,,,,,,,,,,,,,,,,,,,"Joe Mack","29780",691788
"Cody Bellinger","NYY",28,121,108,27,18,5,1,4,15,15,11,0,20,1,1,0,,3,1,0.249458,0.0943819,0.16375,0.576377,0.321897,0.411105,0.321184,0.733002,0.161647,5.11221,0.271721,0.0236571,0.0453219,14.9059,0.456567,106.363,0.0689791,1.42189,0.9699556231498718,0.2052243947982788,0.558546,80.98999786376953,,,,,,,139.9,4.996428571,139.9,4.996428571,,,,,,,,,,,,,,,,,,,"Cody Bellinger","15998",641355
"Ryan McMahon","NYY",34,147,129,28,17,6,0,5,17,18,15,0,45,1,1,1,,2,1,0.21734,0.102404,0.304129,0.336714,0.301104,0.38489,0.303198,0.685994,0.16755,3.24854,0.284473,0.0140487,-0.19516,15.915,-1.591,93.8642,-0.181111,0.928531,-1.2336960136890411,1.4535308480262756,0.554643,732.8599853515625,,,,,,,141.2,4.152941176,141.2,4.152941176,,,,,,,,,,,,,,,,,,,"Ryan McMahon","15112",641857
"Alec Burleson","STL",49,210,192,52,35,10,0,7,24,26,15,1,32,1,2,0,,2,1,0.270973,0.070597,0.150226,0.469939,0.325274,0.434469,0.330248,0.759743,0.163496,3.11625,0.290213,-0.142866,-0.158439,27.3425,2.33396,109.673,-0.301305,0.322493,2.1653782427310944,-3.5275069773197174,0.554122,175.19000244140625,,,,,,,243,4.959183673,243,4.959183673,,,,,,,,,,,,,,,,,,,"Alec Burleson","27615",676475
"Coby Mayo","BAL",29,124,111,26,15,6,1,5,16,17,10,0,36,1,1,0,,1,0,0.238522,0.0847705,0.289115,0.293207,0.310672,0.439366,0.325477,0.750038,0.200844,4.17989,0.301895,0.00834069,-0.0773697,15.6232,0.895964,109.669,-0.069029,-0.515999,1.326334409415722,-0.31970253586769104,0.549909,459.1600036621094,,,,,,,139.6,4.813793103,139.6,4.813793103,,,,,,,,,,,,,,,,,,,"Coby Mayo","28312",691723
"George Springer","TOR",38,165,145,37,24,6,0,6,21,21,16,0,31,2,1,0,,4,1,0.253063,0.0981918,0.18856,0.520746,0.332307,0.432185,0.334174,0.764492,0.179122,4.99036,0.279652,0.0501573,0.310264,21.9939,2.35754,114.856,0.360421,0.112474,3.219159632921219,-3.748019754886627,0.543522,94.37999725341797,,,,,,,194.8,5.126315789,194.8,5.126315789,,,,,,,,,,,,,,,,,,,"George Springer","12856",543807
"Jasson Domínguez","NYY",44,189,169,42,28,8,1,6,23,22,17,0,44,1,1,1,,9,2,0.250704,0.0887542,0.233777,0.379653,0.319908,0.406648,0.318769,0.726556,0.155944,5.69691,0.304049,0.0014777,0.810682,22.8488,0.341161,104.685,0.812159,-1.05945,1.8455734848976135,-3.2844539880752563,0.53858,421.5400085449219,,,,,,,217,4.931818181,217,4.931818181,,,,,,,,,,,,,,,,,,,"Jasson Dominguez","28080",691176
"Michael Massey","KCR",38,163,150,38,25,8,0,4,17,19,9,0,29,1,1,1,,2,0,0.250869,0.0531642,0.17864,0.297606,0.295471,0.396588,0.302226,0.692059,0.145719,3.45957,0.281344,0.0054079,-0.0441281,17.4756,-1.88804,88.9694,-0.0387202,1.24715,-2.131805706769228,1.631565809249878,0.53813,999,,,,,,,157.4,4.142105263,157.4,4.142105263,,,,,,,,,,,,,,,,,,,"Michael Massey","27684",686681
"J.T. Realmuto","PHI",41,164,148,36,24,7,1,5,19,19,11,0,38,3,1,1,,3,1,0.24548,0.0680158,0.232955,0.29197,0.308454,0.397351,0.310049,0.705805,0.151871,4.60488,0.297184,-0.0564918,0.0647093,18.6115,-0.861214,92.486,0.00821755,-1.61795,-1.4837764706462622,1.473714828491211,0.53797,212.27000427246094,,,,,,,171.5,4.182926829,171.5,4.182926829,,,,,,,,,,,,,,,,,,,"J.T. Realmuto","11739",592663
"Brooks Lee","MIN",47,202,184,46,31,9,1,5,23,22,14,0,35,1,2,1,,3,1,0.249699,0.0693335,0.171852,0.403449,0.30344,0.3908,0.304402,0.69424,0.141101,4.18254,0.279707,-0.105085,-0.139114,22.0155,-1.98443,92.7809,-0.244199,-0.873988,-1.9420216530561447,0.009345412254333496,0.533898,542.5700073242188,,,,,,,200.3,4.261702127,200.3,4.261702127,,,,,,,,,,,,,,,,,,,"Brooks Lee","31595",686797
"Cole Carrigg","COL",41,176,160,42,27,7,3,4,26,18,12,0,42,2,1,1,,11,3,0.260355,0.0680309,0.238416,0.285345,0.317881,0.4297,0.325056,0.747582,0.169345,8.46797,0.32415,0,0.695134,22.2172,1.21727,90.6617,0.695134,0.0692316,-1.304515540599823,0.797163724899292,0.529827,999,,,,,,,204.7,4.992682926,204.7,4.992682926,,,,,,,,,,,,,,,,,,,"Cole Carrigg","33253",694249
"Anthony Volpe","NYY",24,105,94,22,14,5,1,3,13,12,9,0,24,1,1,0,,4,1,0.23567,0.0857351,0.227813,0.37634,0.307295,0.396116,0.308942,0.703411,0.160446,6.24439,0.282612,0.0699574,0.256292,11.857,-0.647269,97.8562,0.326249,0.240724,0.06356489658355713,1.3490569591522217,0.523468,641.989990234375,,,,,,,112.4,4.683333333,112.4,4.683333333,,,,,,,,,,,,,,,,,,,"Anthony Volpe","27647",683011
"Jac Caglianone","KCR",45,192,174,44,27,8,1,8,24,25,14,0,47,2,1,1,,1,0,0.253585,0.071779,0.241928,0.296696,0.314561,0.450837,0.331156,0.765398,0.197252,4.28574,0.298993,0.00847062,-0.136215,25.1887,2.27962,109.074,-0.127744,-1.12128,1.9092805236577988,-3.6240577697753906,0.522815,164.58999633789062,,,,,,,226.4,5.031111111,226.4,5.031111111,,,,,,,,,,,,,,,,,,,"Jac Caglianone","35041",695506
"Carson Benge","NYM",41,179,159,39,26,7,1,5,22,19,15,0,40,2,1,1,,5,1,0.242503,0.0846198,0.225322,0.37555,0.314313,0.387313,0.30969,0.701626,0.14481,5.41896,0.29262,0,0.266031,20.2799,-0.992832,97.0777,0.266031,1.54086,-0.3678603172302246,-0.3075977563858032,0.520333,999,,,,,,,190.1,4.636585365,190.1,4.636585365,,,,,,,,,,,,,,,,,,,"Carson Benge","35177",701807
"Ozzie Albies","ATL",50,215,195,49,33,10,1,6,25,25,15,0,33,2,2,1,,3,1,0.252249,0.0716831,0.155279,0.461641,0.310746,0.401017,0.311875,0.711763,0.148768,4.15306,0.274737,0.0409451,-0.0590965,24.7514,-0.812826,94.8261,-0.0181515,-1.25668,-1.366864763200283,-0.4900153875350952,0.519346,150.5,,,,,,,224.4,4.488,224.4,4.488,,,,,,,,,,,,,,,,,,,"Ozzie Albies","16556",645277
"Nolan Arenado","ARI",47,202,182,44,29,9,0,5,21,22,15,0,35,2,2,1,,1,0,0.241099,0.0741929,0.171865,0.431693,0.302571,0.377427,0.300167,0.679998,0.136328,2.79123,0.269508,-0.0416702,-0.169304,21.3234,-2.67654,86.5024,-0.210974,1.42586,-3.5141836255788803,2.080185115337372,0.51892,638.0599975585938,,,,,,,190.4,4.051063829,190.4,4.051063829,,,,,,,,,,,,,,,,,,,"Nolan Arenado","9777",571448
"Jung Hoo Lee","SFG",49,210,191,52,35,11,2,3,28,22,15,0,27,2,2,1,,3,1,0.27089,0.069957,0.129549,0.540004,0.327925,0.404644,0.321045,0.732569,0.133754,5.53974,0.297827,0.165321,-0.0547195,25.7752,0.766677,103.768,0.110602,-0.868022,1.0715567842125893,-2.818022310733795,0.515158,339.44000244140625,,,,,,,225.6,4.604081632,225.6,4.604081632,,,,,,,,,,,,,,,,,,,"Jung Hoo Lee","33824",808982
"Jesús Sánchez","TOR",31,133,120,30,19,6,1,5,17,18,10,0,32,1,1,0,,2,1,0.253939,0.0775388,0.237174,0.326928,0.316923,0.442721,0.329312,0.759644,0.188781,4.80348,0.300493,-0.0106565,0.00233673,17.1936,1.37545,111.478,-0.0083198,-0.0192968,1.7708733612671494,-1.4751610197126865,0.511009,617.4299926757812,,,,,,,152.1,4.906451612,152.1,4.906451612,,,,,,,,,,,,,,,,,,,"Jesus Sanchez","19913",660821
"Nick Gonzales","PIT",46,199,181,47,33,10,1,3,24,20,13,0,41,3,1,1,,2,1,0.262155,0.0663873,0.204851,0.324076,0.319529,0.38685,0.311216,0.706379,0.124695,4.36976,0.318629,0.0374644,-0.328392,22.8664,-0.860809,92.9968,-0.290927,-0.205518,-1.9853131175041199,0.5224145352840424,0.508441,999,,,,,,,194.1,4.219565217,194.1,4.219565217,,,,,,,,,,,,,,,,,,,"Nick Gonzales","27490",693304
"Salvador Perez","KCR",46,192,177,44,28,8,0,8,21,26,10,0,39,3,1,1,,0,0,0.249162,0.0495457,0.204593,0.242167,0.29831,0.43786,0.318795,0.73617,0.188698,2.02723,0.272655,-0.428891,-0.184109,23.1891,0.350218,100.484,-0.613,-0.632039,-0.5046301409602165,-1.4581196904182434,0.495542,91.13999938964844,,,,,,,206.8,4.495652173,206.8,4.495652173,,,,,,,,,,,,,,,,,,,"Salvador Perez","7304",521692
"Spencer Torkelson","DET",48,206,180,42,24,9,0,8,25,27,22,1,55,2,1,1,,1,0,0.231438,0.107121,0.267917,0.39983,0.321126,0.424932,0.326694,0.746058,0.193494,2.52943,0.282286,0.0171188,-0.276528,26.2421,1.6967,108.789,-0.259409,-0.649565,1.8545877039432526,-4.362836539745331,0.492133,188.35000610351562,,,,,,,230.4,4.8,230.4,4.8,,,,,,,,,,,,,,,,,,,"Spencer Torkelson","27465",679529
"Luis García Jr.","WSN",43,186,173,48,31,9,1,7,23,24,10,1,29,1,1,0,,4,1,0.275367,0.0560921,0.159022,0.352731,0.315909,0.458515,0.333385,0.774424,0.183148,4.74971,0.295077,-0.00600667,-0.0881321,24.6244,2.53349,109.674,-0.0941388,0.172936,2.085078775882721,-3.3031449168920517,0.487969,261.8500061035156,,,,,,,231.2,5.376744186,231.2,5.376744186,,,,,,,,,,,,,,,,,,,"Luis Garcia Jr.","20391",671277
"Jake Cronenworth","SDP",45,194,168,39,26,8,1,4,23,19,20,0,39,4,1,1,,2,1,0.229516,0.101328,0.199403,0.508157,0.321006,0.359572,0.305158,0.680579,0.130056,4.4745,0.271273,0.018592,-0.140013,21.2752,-1.78826,94.4813,-0.121421,-0.2062,-1.4192899391055107,-0.08120052516460419,0.486256,738.2999877929688,,,,,,,189.9,4.22,189.9,4.22,,,,,,,,,,,,,,,,,,,"Jake Cronenworth","18036",630105
"Colt Emerson","SEA",45,195,174,38,25,8,1,4,21,19,15,0,54,3,1,1,,4,1,0.217112,0.0783533,0.275976,0.283913,0.290473,0.344676,0.283702,0.635149,0.127564,4.96152,0.284655,-0.0131497,0.0961515,17.9971,-5.18464,85.8157,0.0830018,-1.10244,-3.139227479696274,0.9504965543746948,0.483058,999,,,,,,,164.1,3.646666666,164.1,3.646666666,,,,,,,,,,,,,,,,,,,"Colt Emerson","33575",806068
"Marcus Semien","NYM",40,172,154,36,24,6,0,5,19,19,15,0,32,1,1,1,,3,1,0.231014,0.0860613,0.184489,0.466486,0.300333,0.372418,0.29754,0.672751,0.141404,4.45363,0.258567,0.0482375,0.128371,17.8074,-2.64714,88.9631,0.176609,0.636526,-2.125395819544792,1.2499514818191528,0.477411,266.25,,,,,,,162.9,4.0725,162.9,4.0725,,,,,,,,,,,,,,,,,,,"Marcus Semien","12533",543760
"Lawrence Butler","ATH",40,173,154,37,23,8,1,6,21,21,16,0,45,0,1,1,,5,1,0.241899,0.0945299,0.260216,0.363275,0.313525,0.41153,0.317405,0.725054,0.169631,5.48739,0.302193,0.0937523,0.35798,20.6832,0.120643,99.7189,0.451733,-0.428664,0.3950977250933647,-1.878663718700409,0.474899,157.22000122070312,,,,,,,193.2,4.83,193.2,4.83,,,,,,,,,,,,,,,,,,,"Lawrence Butler","22542",671732
"Alec Bohm","PHI",42,183,167,44,30,9,0,5,21,21,12,0,30,2,1,1,,1,0,0.261465,0.0650148,0.162189,0.400859,0.314996,0.400207,0.313527,0.715203,0.138742,3.23304,0.290896,-0.0445282,-0.178629,21.37,-0.448144,94.8089,-0.223157,-0.352666,-1.378057986497879,0.056285083293914795,0.469906,239.8699951171875,,,,,,,196.4,4.676190476,196.4,4.676190476,,,,,,,,,,,,,,,,,,,"Alec Bohm","21618",664761
"Carson Kelly","CHC",33,131,115,27,19,5,0,4,14,14,13,0,25,1,1,1,,1,0,0.236765,0.0971062,0.191953,0.505885,0.31771,0.371713,0.306872,0.689423,0.134948,2.76084,0.271422,-0.12528,-0.132996,14.5657,-1.02694,93.7117,-0.258276,-0.507775,-1.2580953538417816,1.6338921189308167,0.469691,591.9099731445312,,,,,,,132.2,4.006060606,132.2,4.006060606,,,,,,,,,,,,,,,,,,,"Carson Kelly","13620",608348
"Isaac Collins","KCR",37,160,138,34,22,7,1,3,21,16,18,0,33,2,1,1,,5,2,0.242655,0.112373,0.206892,0.543147,0.336672,0.376171,0.318507,0.712843,0.133516,6.02305,0.296313,0.0301438,0.0758417,19.3461,0.255202,100.284,0.105985,0.449992,0.15902817249298096,-1.2676005363464355,0.468163,666.1699829101562,,,,,,,170.5,4.608108108,170.5,4.608108108,,,,,,,,,,,,,,,,,,,"Isaac Collins","25477",686555
"Matt McLain","CIN",35,150,131,30,19,6,0,5,17,17,15,0,41,2,1,1,,5,1,0.228514,0.0996054,0.271462,0.366922,0.313851,0.38716,0.310577,0.701011,0.158645,4.8583,0.291282,0.0240203,0.275855,17.1056,-0.724508,89.622,0.299875,0.688574,-1.5869724750518799,1.3251478672027588,0.466981,144.3000030517578,,,,,,,159.1,4.545714285,159.1,4.545714285,,,,,,,,,,,,,,,,,,,"Matt McLain","29695",680574
"Braden Montgomery","CHW",41,178,159,37,24,8,1,4,20,18,16,0,48,2,1,1,,2,1,0.231804,0.0875641,0.266573,0.328481,0.306257,0.372686,0.300921,0.678943,0.140882,4.40765,0.301118,0,-0.281845,18.9682,-2.25819,90.872,-0.281845,2.25052,-2.1805308163166046,0.4086945056915283,0.46586,999,,,,,,,169.7,4.13902439,169.7,4.13902439,,,,,,,,,,,,,,,,,,,"Braden Montgomery","35423",695731
"Jacob Young","WSN",40,172,155,37,27,7,1,2,18,14,12,0,31,3,1,1,,8,2,0.238709,0.0671358,0.181518,0.369857,0.300108,0.334932,0.284314,0.63504,0.0962225,5.69154,0.282008,0.123027,0.513214,15.9651,-4.48938,76.903,0.636241,2.53056,-4.181171417236328,3.143981397151947,0.461013,746.0700073242188,,,,,,,151.6,3.79,151.6,3.79,,,,,,,,,,,,,,,,,,,"Jacob Young","29931",696285
"Nathan Lukes","TOR",35,151,137,35,25,7,0,3,17,15,11,0,25,1,1,1,,1,1,0.258017,0.0716737,0.1646,0.435442,0.316297,0.375693,0.305938,0.69199,0.117676,3.54496,0.294601,-0.000620947,-0.179697,16.6999,-1.30004,95.2344,-0.180318,1.60721,-1.0209296494722366,0.11863017082214355,0.455901,999,,,,,,,142.6,4.074285714,142.6,4.074285714,,,,,,,,,,,,,,,,,,,"Nathan Lukes","18123",664770
"Josh Lowe","LAA",33,144,130,32,20,6,1,5,17,18,12,0,40,1,1,1,,6,1,0.242169,0.0831269,0.274667,0.302646,0.306635,0.414308,0.314487,0.720943,0.17214,5.95711,0.306851,-0.0386072,0.69079,16.9411,-0.240682,99.3614,0.652183,0.241527,0.544666200876236,-1.2388737946748734,0.452117,297.0899963378906,,,,,,,166.9,5.057575757,166.9,5.057575757,,,,,,,,,,,,,,,,,,,"Josh Lowe","19953",666139
"Oswald Peraza","LAA",39,167,151,35,24,6,0,5,18,17,11,0,44,3,1,1,,7,2,0.230581,0.0660813,0.262575,0.251666,0.292646,0.370803,0.293278,0.663449,0.140222,5.56853,0.290414,0.010824,0.528676,16.7547,-3.15433,84.623,0.5395,0.379742,-2.460525095462799,0.9440937936306,0.451694,999,,,,,,,159.1,4.079487179,159.1,4.079487179,,,,,,,,,,,,,,,,,,,"Oswald Peraza","22823",672724
"Dalton Rushing","LAD",32,126,110,25,15,5,0,5,15,16,13,0,34,2,1,0,,0,0,0.227651,0.101085,0.272392,0.3711,0.319697,0.407281,0.320679,0.726978,0.17963,2.1273,0.281532,-0.0111399,-0.148938,15.4848,0.42411,101.67,-0.160078,-1.95044,0.09638567268848419,0.24122881889343262,0.451097,745.8300170898438,,,,,,,136.5,4.265625,136.5,4.265625,,,,,,,,,,,,,,,,,,,"Dalton Rushing","31382",687221
"Tyler O'Neill","BAL",29,126,112,26,16,5,0,6,15,17,12,0,36,1,1,0,,2,0,0.23708,0.0939659,0.282634,0.332465,0.316422,0.438063,0.328429,0.754484,0.200983,4.00317,0.291442,0.0043725,0.0338481,16.2141,1.21409,111.72,0.0382206,-0.325628,1.7609611675143242,-1.8387452363967896,0.448262,477.6400146484375,,,,,,,147.3,5.079310344,147.3,5.079310344,,,,,,,,,,,,,,,,,,,"Tyler O'Neill","15711",641933
"JJ Bleday","CIN",46,200,174,41,24,9,1,8,24,25,23,0,46,1,1,1,,2,1,0.236266,0.113801,0.228453,0.498138,0.325536,0.427601,0.329497,0.753136,0.191334,3.79639,0.273709,-0.0487929,-0.243217,25.8706,2.09707,102.258,-0.29201,-0.140979,0.2552775740623474,-2.3477692902088165,0.445893,748.5800170898438,,,,,,,235.6,5.12173913,235.6,5.12173913,,,,,,,,,,,,,,,,,,,"JJ Bleday","26368",668709
"Tommy Edman","LAD",43,187,169,41,28,8,1,4,21,20,13,0,35,2,1,1,,5,1,0.24069,0.0685927,0.189747,0.361495,0.300174,0.374182,0.297508,0.674356,0.133492,5.55639,0.277976,0.0462357,0.377437,19.3481,-2.88168,86.1955,0.423672,0.45151,-2.705457925796509,1.0181767046451569,0.444245,730.1199951171875,,,,,,,178.8,4.158139534,178.8,4.158139534,,,,,,,,,,,,,,,,,,,"Tommy Edman","19470",669242
"Jakob Marsee","MIA",39,167,143,31,21,6,1,3,20,15,20,0,37,3,1,1,,10,3,0.220404,0.118777,0.223842,0.530626,0.324962,0.344847,0.303384,0.66981,0.124443,6.49851,0.273265,0.0874161,0.582639,18.1249,-1.7842,88.2996,0.670055,-0.00631921,-1.7052451372146606,0.5907486821524799,0.438078,137.0800018310547,,,,,,,161.5,4.141025641,161.5,4.141025641,,,,,,,,,,,,,,,,,,,"Jakob Marsee","31370",805300
"Ty France","SDP",45,196,175,44,30,8,0,6,22,22,12,0,38,6,1,1,,1,0,0.253264,0.0629137,0.191665,0.328248,0.323195,0.399571,0.318914,0.722767,0.146307,2.96411,0.290254,-0.0364453,-0.215339,23.7181,0.376771,103.668,-0.251784,0.874009,0.621286153793335,-2.675990581512451,0.43776,999,,,,,,,206.9,4.597777777,206.9,4.597777777,,,,,,,,,,,,,,,,,,,"Ty France","17982",664034
"Luis Campusano","SDP",31,126,112,27,18,5,0,4,14,14,12,0,26,1,1,0,,0,0,0.242908,0.0949178,0.208121,0.45607,0.318995,0.394259,0.314687,0.713254,0.151351,2.02249,0.281414,0.014816,-0.151758,14.784,-0.189341,100.845,-0.136942,-1.18892,-0.007908686995506287,0.22774744033813477,0.436739,999,,,,,,,130.3,4.203225806,130.3,4.203225806,,,,,,,,,,,,,,,,,,,"Luis Campusano","22217",669134
"Vinnie Pasquantino","KCR",37,158,141,36,23,8,0,5,19,20,14,0,24,1,1,0,,1,0,0.258459,0.0902916,0.149359,0.604528,0.329802,0.432828,0.332659,0.762629,0.174369,3.39356,0.274157,-0.156957,-0.0977088,20.8834,2.06522,110.119,-0.254666,0.00278953,1.6112869679927826,-2.9661919774953276,0.434896,77.0999984741211,,,,,,,177.7,4.802702702,177.7,4.802702702,,,,,,,,,,,,,,,,,,,"Vinnie Pasquantino","27676",686469
"Joc Pederson","TEX",34,147,128,31,19,5,0,6,19,19,15,0,33,3,1,0,,1,0,0.240892,0.10512,0.224813,0.467588,0.332192,0.434792,0.335634,0.766984,0.193901,3.71684,0.274986,-0.0528205,-0.163528,19.7818,2.27583,116.687,-0.216348,0,2.646306276321411,-3.674999952316284,0.428064,999,,,,,,,172.4,5.070588235,172.4,5.070588235,,,,,,,,,,,,,,,,,,,"Joc Pederson","11899",592626
"Luke Raley","SEA",32,140,124,29,17,5,0,6,17,18,9,0,42,5,1,0,,2,1,0.230912,0.0676149,0.300409,0.225076,0.308574,0.415671,0.31732,0.724245,0.184758,4.60271,0.297295,-0.0488583,-0.0309172,16.7243,0.0879731,109.178,-0.0797755,-0.385145,1.41651651263237,-2.1927067041397095,0.427218,748.25,,,,,,,152.3,4.759375,152.3,4.759375,,,,,,,,,,,,,,,,,,,"Luke Raley","19354",670042
"Alan Roden","MIN",30,131,114,28,19,6,0,3,15,13,12,0,24,3,1,0,,1,0,0.24476,0.0955989,0.187424,0.510068,0.330961,0.371067,0.313914,0.702027,0.126307,3.88699,0.28652,-0.00269389,-0.0537789,15.267,-0.278419,99.391,-0.0564728,1.03016,-0.14925047382712364,-0.30301594734191895,0.426884,999,,,,,,,135.3,4.51,135.3,4.51,,,,,,,,,,,,,,,,,,,"Alan Roden","31564",702176
"Lane Thomas","KCR",39,169,151,37,23,8,1,5,20,20,15,0,40,2,1,1,,5,2,0.242857,0.0880944,0.234801,0.375188,0.315666,0.401349,0.315413,0.717015,0.158492,5.27009,0.295707,0.0368595,-0.0243017,20.0263,-0.15545,98.1334,0.0125578,-1.04785,-0.3566036354750395,-1.4895117580890656,0.426564,726.6699829101562,,,,,,,187,4.794871794,187,4.794871794,,,,,,,,,,,,,,,,,,,"Lane Thomas","16939",657041
"Kody Clemens","MIN",38,165,151,35,21,7,1,7,21,21,11,0,39,1,1,1,,3,1,0.235698,0.0672808,0.238603,0.281978,0.292437,0.434615,0.314079,0.727052,0.198916,5.58675,0.271269,0.0154953,0.0421383,19.3068,-0.329539,99.5061,0.0576336,-1.83686,-0.03741097077727318,-1.6732831597328186,0.423706,700.7000122070312,,,,,,,175.7,4.62368421,175.7,4.62368421,,,,,,,,,,,,,,,,,,,"Kody Clemens","20572",665019
"Taylor Trammell","HOU",28,119,104,24,14,5,0,4,15,15,13,0,35,1,1,0,,4,1,0.229198,0.106981,0.290913,0.367742,0.319362,0.412927,0.321836,0.732288,0.183729,5.34206,0.296158,-0.00975575,0.0878765,14.6929,0.511073,106.253,0.0781207,-0.578928,0.9471595510840416,-1.084484040737152,0.417345,999,,,,,,,129.3,4.617857142,129.3,4.617857142,,,,,,,,,,,,,,,,,,,"Taylor Trammell","19960",666211
"Tyler Stephenson","CIN",35,138,122,30,19,6,0,5,16,17,13,0,36,1,1,0,,0,0,0.245721,0.0950829,0.258228,0.368212,0.323577,0.417834,0.325259,0.741411,0.172113,2.44507,0.303972,-0.0390422,-0.175231,17.3722,0.973301,99.4275,-0.214273,-2.32861,-0.3100084140896797,-0.06240558624267578,0.416153,294.75,,,,,,,152.4,4.354285714,152.4,4.354285714,,,,,,,,,,,,,,,,,,,"Tyler Stephenson","17988",663886
"Jeff McNeil","ATH",37,159,142,36,25,8,0,2,18,15,12,0,21,3,1,1,,2,0,0.252182,0.0767149,0.131039,0.585435,0.320726,0.360684,0.304022,0.681411,0.108502,4.00814,0.279135,-0.165748,-0.0251117,17.2842,-1.61118,90.4189,-0.19086,0.031963,-1.9649414271116257,0.3652963601052761,0.412431,440.5199890136719,,,,,,,150.4,4.064864864,150.4,4.064864864,,,,,,,,,,,,,,,,,,,"Jeff McNeil","15362",643446
"Dylan Beavers","BAL",30,131,114,27,18,6,1,3,17,14,15,0,30,1,1,1,,4,1,0.240634,0.113066,0.229682,0.492271,0.329657,0.38852,0.318719,0.718176,0.147886,5.3742,0.295592,-0.00425065,0.10927,15.7757,0.230293,104.972,0.105019,-0.165812,0.8624561578035355,-1.466275081038475,0.411519,505.0400085449219,,,,,,,141.3,4.71,141.3,4.71,,,,,,,,,,,,,,,,,,,"Dylan Beavers","31695",687637
"Roman Anthony","BOS",18,76,65,17,11,4,0,2,11,9,10,0,18,0,0,0,,1,0,0.261238,0.127481,0.240667,0.529698,0.358543,0.432498,0.347822,0.791041,0.17126,4.84975,0.329105,0.025153,-0.0503243,10.9857,1.9291,119.455,-0.0251713,0.716183,1.7014826741069555,-0.370236873626709,0.410374,50.75,,,,,,,92.5,5.138888888,92.5,5.138888888,,,,,,,,,,,,,,,,,,,"Roman Anthony","31812",701350
"Victor Caratini","MIN",28,112,99,24,17,4,0,3,12,11,9,0,21,2,1,0,,0,0,0.245224,0.0801154,0.190849,0.419784,0.319482,0.374884,0.308916,0.694366,0.12966,2.45663,0.283133,-0.110083,-0.125986,12.6473,-0.692941,95.918,-0.23607,0.127442,-0.7697034925222397,0.8144785314798355,0.410215,681.02001953125,,,,,,,108.2,3.864285714,108.2,3.864285714,,,,,,,,,,,,,,,,,,,"Victor Caratini","14968",605170
"Trevor Larnach","MIN",33,144,127,32,21,6,0,4,17,17,15,0,32,1,1,0,,1,1,0.251232,0.102322,0.220674,0.46368,0.333033,0.408846,0.32684,0.74188,0.157614,3.4916,0.300562,-0.0415486,-0.191871,18.3865,1.20475,108.374,-0.23342,-0.53075,1.1765151023864746,-2.3055959939956665,0.408028,748.52001953125,,,,,,,154.3,4.675757575,154.3,4.675757575,,,,,,,,,,,,,,,,,,,"Trevor Larnach","21501",663616
"Dylan Crews","WSN",42,181,163,39,25,7,1,6,21,19,13,0,42,3,1,1,,6,2,0.236457,0.0698107,0.234165,0.298125,0.302472,0.392335,0.305497,0.694806,0.155877,5.55894,0.283869,0.0422887,0.270455,19.9247,-1.62073,91.0501,0.312744,0.991475,-1.6535146832466125,-0.2271978259086609,0.405691,282.2200012207031,,,,,,,191.6,4.561904761,191.6,4.561904761,,,,,,,,,,,,,,,,,,,"Dylan Crews","33541",686611
"Brett Baty","NYM",25,110,98,24,16,4,0,4,13,13,10,0,28,1,1,0,,1,0,0.242461,0.0868625,0.255427,0.340067,0.313236,0.401344,0.313945,0.71458,0.158883,3.7893,0.299774,-0.0138978,-0.0480473,12.8592,-0.231642,99.9194,-0.061945,0.743636,-0.07270052377134562,0.4819074273109436,0.403832,292.9200134277344,,,,,,,120.5,4.82,120.5,4.82,,,,,,,,,,,,,,,,,,,"Brett Baty","26123",683146
"Sean Murphy","ATL",22,87,76,17,10,4,0,3,10,11,8,0,23,2,1,0,,0,0,0.228725,0.0925753,0.259979,0.356087,0.315616,0.410229,0.319396,0.725845,0.181505,2.75458,0.276624,-0.0148966,-0.0818318,10.5295,0.200613,99.849,-0.0967284,0.284421,-0.11263410747051239,1.2510876059532166,0.401315,746.0599975585938,,,,,,,89,4.045454545,89,4.045454545,,,,,,,,,,,,,,,,,,,"Sean Murphy","19352",669221
"Heliot Ramos","SFG",51,219,199,50,32,9,1,7,27,26,15,0,55,3,2,1,,2,1,0.250588,0.0706019,0.250591,0.281741,0.311178,0.416593,0.317595,0.727771,0.166005,4.1983,0.307412,-0.048545,-0.212555,26.3071,0.187058,101.464,-0.2611,-0.534294,0.12886998057365417,-3.3176271319389343,0.399701,218.8000030517578,,,,,,,233.6,4.580392156,233.6,4.580392156,,,,,,,,,,,,,,,,,,,"Heliot Ramos","22515",671218
"Carlos Narváez","BOS",26,104,92,20,14,4,0,3,11,11,10,0,29,1,1,1,,1,0,0.221933,0.0918394,0.277223,0.331283,0.301222,0.354418,0.293077,0.65564,0.132485,2.85507,0.290884,-0.042,-0.0870775,10.4356,-1.98484,81.4114,-0.129077,0.476791,-2.3915579468011856,2.513828605413437,0.390101,443.010009765625,,,,,,,94.7,3.642307692,94.7,3.642307692,,,,,,,,,,,,,,,,,,,"Carlos Narvaez","19722",665966
"Ryan O'Hearn","PIT",43,188,168,43,29,8,0,6,22,21,16,0,38,2,1,1,,1,0,0.258101,0.0839706,0.204499,0.410615,0.326336,0.410435,0.323484,0.73677,0.152334,3.21372,0.301617,-0.104805,-0.16357,23.4205,1.05691,101.189,-0.268375,1.00191,0.0028656721115112305,-2.2696919441223145,0.389193,285.44000244140625,,,,,,,208.3,4.844186046,208.3,4.844186046,,,,,,,,,,,,,,,,,,,"Ryan O'Hearn","16442",656811
"Nolan Schanuel","LAA",41,176,154,40,29,7,0,3,20,17,18,0,25,3,1,0,,2,0,0.260169,0.102393,0.142994,0.716067,0.344626,0.371614,0.320506,0.71624,0.111445,3.35772,0.291,-0.159236,-0.132805,21.5666,0.566608,103.544,-0.292041,0.306523,0.43732404708862305,-2.9078289568424225,0.388143,594.6599731445312,,,,,,,185.3,4.519512195,185.3,4.519512195,,,,,,,,,,,,,,,,,,,"Nolan Schanuel","33189",694384
"Liam Hicks","MIA",38,161,140,35,26,6,0,3,17,15,16,0,23,4,1,1,,1,0,0.249725,0.0993174,0.143545,0.691888,0.338996,0.359073,0.314383,0.698069,0.109349,2.6507,0.277673,-0.029778,-0.168645,18.8868,-0.282041,95.6454,-0.198424,1.30869,-1.0495878607034683,-0.45797204971313477,0.377739,748.5399780273438,,,,,,,163.5,4.302631578,163.5,4.302631578,,,,,,,,,,,,,,,,,,,"Liam Hicks","29844",689414
"Cedric Mullins","TBR",40,173,155,35,23,7,1,4,19,17,15,0,38,2,1,1,,9,2,0.224511,0.0862534,0.221911,0.388684,0.298171,0.357165,0.29152,0.655336,0.132654,6.07884,0.27125,-0.0700833,0.621544,17.1396,-3.52073,83.7024,0.551461,-0.381612,-2.7481582164764404,0.2379869520664215,0.373793,321.5,,,,,,,167.1,4.1775,167.1,4.1775,,,,,,,,,,,,,,,,,,,"Cedric Mullins","17929",656775
"Spencer Horwitz","PIT",33,144,125,33,22,7,0,4,17,16,16,0,25,2,1,0,,1,0,0.260604,0.114209,0.17342,0.658569,0.351554,0.404947,0.335305,0.756501,0.144344,2.51468,0.297865,-0.0594759,-0.184872,19.377,2.19518,109.084,-0.244348,0.237399,1.3472022861242294,-2.3717062771320343,0.371713,738.1500244140625,,,,,,,173.6,5.26060606,173.6,5.26060606,,,,,,,,,,,,,,,,,,,"Spencer Horwitz","26477",687462
"Cooper Pratt","MIL",43,184,163,37,26,7,1,3,20,16,16,0,38,2,1,1,,7,1,0.223891,0.0884684,0.20611,0.429228,0.300247,0.337536,0.286344,0.637783,0.113645,5.59115,0.268409,0,0.639117,17.4374,-4.51452,78.9815,0.639117,-0.244761,-4.065707683563232,1.7302386462688446,0.370839,999,,,,,,,162.9,3.788372093,162.9,3.788372093,,,,,,,,,,,,,,,,,,,"Cooper Pratt","33530",806198
"Willi Castro","COL",42,181,160,41,27,8,1,4,22,19,15,0,42,4,1,1,,5,2,0.254083,0.0810266,0.234372,0.345718,0.328866,0.402077,0.322699,0.730943,0.147994,5.80362,0.316657,0.0725521,-0.00539604,22.4486,0.903173,89.0881,0.067156,-0.312046,-2.3301525563001633,0.08872509002685547,0.369121,256.3399963378906,,,,,,,197,4.69047619,197,4.69047619,,,,,,,,,,,,,,,,,,,"Willi Castro","17338",650489
"Jonny DeLuca","TBR",23,97,88,21,13,4,1,3,12,11,7,0,20,1,1,0,,4,1,0.240986,0.0707918,0.205457,0.344558,0.301342,0.401749,0.307277,0.703091,0.160762,6.50434,0.279492,0.00785613,0.267103,10.8715,-0.732258,94.6524,0.274959,0.960052,-0.33311498165130615,0.4932314157485962,0.369102,999,,,,,,,103.9,4.517391304,103.9,4.517391304,,,,,,,,,,,,,,,,,,,"Jonny DeLuca","26365",676356
"A.J. Ewing","NYM",37,158,140,33,23,6,1,3,19,14,15,0,41,1,1,1,,8,2,0.235678,0.0954373,0.256313,0.372346,0.310408,0.351759,0.295729,0.662166,0.116081,6.38749,0.308569,0,0.564244,16.1507,-2.66744,87.7536,0.564244,1.45775,-1.7856760025024414,0.2881472110748291,0.36905,999,,,,,,,153.7,4.154054054,153.7,4.154054054,,,,,,,,,,,,,,,,,,,"A.J. Ewing","33656",805999
"Paul Goldschmidt","NYY",31,133,119,30,19,6,0,5,16,17,11,0,32,1,1,0,,1,0,0.248697,0.0855343,0.237589,0.360009,0.315936,0.423999,0.32281,0.739935,0.175301,3.63003,0.294753,-0.0992439,0.039858,16.5146,0.675873,107.493,-0.0593859,0.325495,1.103628110140562,-2.3161714375019073,0.358725,748.3599853515625,,,,,,,151.3,4.880645161,151.3,4.880645161,,,,,,,,,,,,,,,,,,,"Paul Goldschmidt","9218",502671
"Tristan Peters","CHW",35,150,134,31,21,6,1,3,17,14,12,0,30,1,1,1,,2,1,0.231756,0.0822252,0.203234,0.404584,0.29959,0.349597,0.289218,0.649186,0.117841,4.9428,0.278927,-0.00290769,-0.164614,14.5123,-3.31789,82.7392,-0.167522,0.809932,-3.1834265887737274,1.3446539640426636,0.355795,999,,,,,,,130.9,3.74,130.9,3.74,,,,,,,,,,,,,,,,,,,"Tristan Peters","30063",671976
"Jake McCarthy","COL",38,163,147,40,27,7,2,3,22,16,11,0,30,3,1,1,,8,2,0.271085,0.0655491,0.182148,0.359868,0.32856,0.416628,0.326047,0.745188,0.145543,7.45793,0.316755,0.0934132,0.622594,20.6167,1.25313,91.3237,0.716007,0.825496,-0.9971175789833069,-0.7857698202133179,0.355218,506.760009765625,,,,,,,188.5,4.960526315,188.5,4.960526315,,,,,,,,,,,,,,,,,,,"Jake McCarthy","21622",664983
"Vaughn Grissom","LAA",32,140,125,32,22,6,0,3,15,14,10,0,26,2,1,1,,2,0,0.254672,0.0747429,0.187367,0.398911,0.320908,0.386202,0.312673,0.70711,0.13153,3.74052,0.29526,0.0174085,-0.0203955,16.1978,-0.438491,98.1012,-0.00298705,0.12204,-0.3125407008919865,-1.178423136472702,0.354753,999,,,,,,,139.6,4.3625,139.6,4.3625,,,,,,,,,,,,,,,,,,,"Vaughn Grissom","26031",687093
"Ryan Kreidler","MIN",32,140,123,27,17,6,1,3,16,14,13,0,40,2,1,1,,4,2,0.221053,0.0954807,0.288298,0.331188,0.303991,0.36589,0.298222,0.66988,0.144837,5.62237,0.295913,0.0028913,-0.00209795,14.5606,-2.07569,88.4864,0.000793353,-0.922521,-1.876228317269124,0.3779420256614685,0.354011,999,,,,,,,126.5,3.953125,126.5,3.953125,,,,,,,,,,,,,,,,,,,"Ryan Kreidler","25867",668952
"Spencer Jones","NYY",18,77,69,16,9,3,0,3,10,10,7,0,27,1,0,0,,3,1,0.236134,0.086804,0.356073,0.243782,0.307255,0.43783,0.323216,0.745085,0.201695,5.88714,0.336321,-0.00117066,0.136666,9.58646,0.416665,107.775,0.135495,0.711996,0.834189236164093,-0.11300355195999146,0.351968,999,,,,,,,84.4,4.688888888,84.4,4.688888888,,,,,,,,,,,,,,,,,,,"Spencer Jones","31532",682987
"Konnor Griffin","PIT",19,82,75,19,13,4,1,2,10,9,5,0,21,2,1,0,,5,1,0.259201,0.0637393,0.258323,0.246742,0.320895,0.403865,0.318261,0.72476,0.144664,6.7842,0.333689,-0.00773514,0.454809,9.93296,0.114797,97.7013,0.447073,-0.0968545,0.21694186329841614,0.5411085113883018,0.348612,999,,,,,,,95.2,5.010526315,95.2,5.010526315,,,,,,,,,,,,,,,,,,,"Konnor Griffin","35376",804606
"Heriberto Hernández","MIA",34,149,132,31,18,6,1,6,18,18,14,0,42,1,1,1,,2,1,0.23487,0.096601,0.281181,0.343555,0.315039,0.418517,0.320932,0.733556,0.183646,4.57436,0.297877,-0.0370712,-0.0625311,18.257,0.529791,100.019,-0.0996023,0.877838,-0.09613411221653223,-1.4041067957878113,0.33858,999,,,,,,,167.1,4.914705882,167.1,4.914705882,,,,,,,,,,,,,,,,,,,"Heriberto Hernandez","24878",681715
"Brandon Valenzuela","TOR",26,104,93,20,13,4,0,3,11,11,9,0,28,0,1,1,,0,0,0.21925,0.0875532,0.266098,0.329026,0.289454,0.360613,0.288311,0.650067,0.141363,2.66138,0.27652,-0.00110983,-0.0951755,10.0201,-2.38506,82.9848,-0.0962853,0.559966,-2.1647221818566322,1.7786384224891663,0.338098,999,,,,,,,85.8,3.3,85.8,3.3,,,,,,,,,,,,,,,,,,,"Brandon Valenzuela","23813",678218
"Zach McKinstry","DET",28,121,108,25,17,5,1,2,16,11,10,0,24,1,1,1,,3,1,0.235062,0.0864426,0.200856,0.43037,0.306047,0.367079,0.298356,0.673126,0.132017,6.64484,0.280959,0.068049,0.0512161,12.6643,-1.79026,89.096,0.119265,0.906624,-1.425250455737114,0.4240625202655792,0.338059,510.30999755859375,,,,,,,106.9,3.817857142,106.9,3.817857142,,,,,,,,,,,,,,,,,,,"Zach McKinstry","19392",656716
"Ke'Bryan Hayes","CIN",32,138,125,30,21,6,0,3,15,13,10,0,27,1,1,1,,3,1,0.240975,0.0690861,0.196435,0.351699,0.297309,0.362693,0.291986,0.660002,0.121718,4.65118,0.283063,0.0284297,0.054763,13.6699,-2.74515,77.2065,0.0831927,2.08795,-3.7320503145456314,2.5802351236343384,0.337584,999,,,,,,,124.5,3.890625,124.5,3.890625,,,,,,,,,,,,,,,,,,,"Ke'Bryan Hayes","18577",663647
"Andrew Vaughn","MIL",39,170,153,39,25,8,0,6,20,22,14,0,31,2,1,0,,0,0,0.257412,0.0799775,0.184816,0.432741,0.323441,0.43328,0.329502,0.756721,0.175867,2.72418,0.285841,-0.147863,-0.196662,22.0747,1.78999,107.804,-0.344525,-0.422882,1.269608974456787,-3.5145490765571594,0.333869,272.2699890136719,,,,,,,193,4.948717948,193,4.948717948,,,,,,,,,,,,,,,,,,,"Andrew Vaughn","26197",683734
"Luis Torrens","NYM",22,86,78,18,12,4,0,2,9,9,6,0,19,1,1,0,,0,0,0.229078,0.0695183,0.224395,0.309804,0.289002,0.36223,0.288007,0.651232,0.133153,2.80584,0.27471,-0.0116411,-0.0877622,8.23661,-1.98675,82.5966,-0.0994033,0.733277,-1.9136475697159767,2.409974753856659,0.333294,999,,,,,,,74.2,3.372727272,74.2,3.372727272,,,,,,,,,,,,,,,,,,,"Luis Torrens","15905",620443
"Kerry Carpenter","DET",29,126,115,28,17,5,1,6,16,17,8,0,31,2,1,0,,1,0,0.247872,0.0663157,0.245764,0.269834,0.307082,0.451268,0.327454,0.75835,0.203397,4.00491,0.288667,-0.0239825,-0.187342,16.1144,1.11444,109.317,-0.211324,-0.00272882,1.158132404088974,-2.3991793354507536,0.330328,236.22000122070312,,,,,,,150.3,5.18275862,150.3,5.18275862,,,,,,,,,,,,,,,,,,,"Kerry Carpenter","25961",681481
"Eduardo Valencia","DET",19,78,71,17,11,3,0,3,8,9,5,0,18,1,1,0,,0,0,0.236064,0.0643926,0.238594,0.269883,0.292649,0.403405,0.304069,0.696054,0.16734,1.7738,0.275308,-0.000713271,-0.0859004,8.44936,-0.784385,93.0663,-0.0866136,0.760688,-0.71401646733284,1.1696385443210602,0.326989,999,,,,,,,79.1,4.163157894,79.1,4.163157894,,,,,,,,,,,,,,,,,,,"Eduardo Valencia","24574",680664
"Denzer Guzman","LAA",34,149,136,31,20,6,1,4,16,16,10,0,42,1,1,1,,2,1,0.228919,0.0704653,0.285383,0.246914,0.28614,0.374415,0.290452,0.660555,0.145496,4.59633,0.299323,0.000889032,-0.121148,14.5774,-3.14985,82.6589,-0.120259,0.431436,-3.1327130049467087,0.9957883059978485,0.322439,999,,,,,,,132.3,3.89117647,132.3,3.89117647,,,,,,,,,,,,,,,,,,,"Denzer Guzman","28816",694203
"Owen Caissie","MIA",31,133,118,29,17,6,0,5,16,17,12,0,42,1,1,0,,1,1,0.246556,0.0936947,0.315961,0.296538,0.321985,0.430063,0.3282,0.752048,0.183507,4.17088,0.337621,0.00749756,-0.153491,17.0738,1.25561,104.873,-0.145993,-0.087739,0.6399776786565781,-1.870763786137104,0.313055,528.5,,,,,,,146.9,4.738709677,146.9,4.738709677,,,,,,,,,,,,,,,,,,,"Owen Caissie","27496",683357
"Christian Yelich","MIL",41,177,155,38,25,7,0,6,22,20,19,0,44,1,1,0,,5,1,0.2471,0.106213,0.25087,0.423381,0.33142,0.404656,0.324639,0.736076,0.157556,5.07403,0.308246,0.142272,0.356334,22.2825,1.16423,104.556,0.498606,0.100812,1.4797577559947968,-4.165854685008526,0.312218,127.22000122070312,,,,,,,201.2,4.907317073,201.2,4.907317073,,,,,,,,,,,,,,,,,,,"Christian Yelich","11477",592885
"Kyle Karros","COL",32,140,123,31,21,7,0,3,16,14,13,0,32,2,1,1,,1,0,0.2522,0.0948076,0.225727,0.420009,0.329782,0.383626,0.317029,0.713408,0.131426,3.53088,0.313854,-0.00964228,-0.128149,16.6913,0.0549717,85.3012,-0.137791,0.665905,-2.631292089819908,1.1157505512237549,0.306833,999,,,,,,,146,4.5625,146,4.5625,,,,,,,,,,,,,,,,,,,"Kyle Karros","33252",691720
"Henry Davis","PIT",24,94,83,19,12,4,0,3,10,10,8,0,23,2,1,0,,1,1,0.229231,0.0846777,0.24029,0.352399,0.311994,0.381305,0.307627,0.693298,0.152074,4.01769,0.278889,-0.0241481,-0.0701844,10.5394,-0.681355,90.5997,-0.0943325,-0.800902,-1.1698910221457481,1.0393754243850708,0.29735,999,,,,,,,92.3,3.845833333,92.3,3.845833333,,,,,,,,,,,,,,,,,,,"Henry Davis","29617",680779
"Griffin Conine","MIA",38,165,146,34,21,6,1,7,19,20,15,0,52,2,1,1,,1,0,0.234465,0.0920957,0.31583,0.291599,0.311074,0.42455,0.321161,0.735623,0.190085,3.58409,0.310794,-0.046216,-0.158884,20.2537,0.61742,100.172,-0.2051,-0.0183468,-0.1706843487918377,-2.275754239410162,0.295494,999,,,,,,,186.2,4.9,186.2,4.9,,,,,,,,,,,,,,,,,,,"Griffin Conine","21626",665052
"Nasim Nuñez","WSN",39,167,147,33,27,5,0,1,16,11,17,0,37,1,1,1,,15,3,0.226288,0.101062,0.2195,0.46042,0.306048,0.294572,0.274884,0.60062,0.0682846,6.24697,0.288917,-0.020818,1.46922,14.2609,-5.64814,70.6054,1.4484,1.3375,-4.519025802612305,1.9836424589157104,0.294026,583.0999755859375,,,,,,,135.8,3.482051282,135.8,3.482051282,,,,,,,,,,,,,,,,,,,"Nasim Nunez","25979",683083
"Mickey Moniak","COL",36,156,144,38,23,7,2,7,22,21,9,0,39,1,1,1,,2,1,0.267031,0.0546758,0.249814,0.218866,0.31199,0.485187,0.341241,0.797176,0.218156,5.88131,0.317557,-0.0296511,-0.0877466,21.6644,3.11903,101.471,-0.117398,0.316769,0.16071069240570068,-2.333231031894684,0.293069,245.8300018310547,,,,,,,197.3,5.480555555,197.3,5.480555555,,,,,,,,,,,,,,,,,,,"Mickey Moniak","19956",666160
"Kyle Isbel","KCR",28,119,108,26,18,5,1,2,14,11,8,0,23,1,1,1,,3,1,0.241277,0.0683516,0.194591,0.351258,0.299227,0.360818,0.292083,0.660045,0.119541,6.17875,0.288831,0.0811223,0.0304108,11.8194,-2.36235,81.9209,0.111533,0.598348,-2.4009923115372658,1.0236566662788391,0.29163,999,,,,,,,106.5,3.803571428,106.5,3.803571428,,,,,,,,,,,,,,,,,,,"Kyle Isbel","21614",664728
"Nick Loftin","KCR",23,98,87,21,15,4,0,2,11,10,9,0,15,1,1,0,,1,0,0.242548,0.0901174,0.149598,0.602398,0.31967,0.364723,0.305412,0.684393,0.122176,4.12908,0.269759,-0.00481479,-0.0142624,10.8383,-0.888985,91.1838,-0.0190772,0.145208,-1.0322452504187822,0.38239939510822296,0.290742,999,,,,,,,92.9,4.039130434,92.9,4.039130434,,,,,,,,,,,,,,,,,,,"Nick Loftin","27630",679845
"Masataka Yoshida","BOS",31,135,121,33,23,7,0,3,16,15,11,0,18,2,1,0,,1,0,0.273409,0.0831053,0.133987,0.620248,0.342454,0.413197,0.332593,0.755651,0.139788,3.83418,0.297496,-0.0483686,-0.0165327,17.8952,1.76316,108.872,-0.0649012,0.00567,1.3376568630337715,-3.3130028997547925,0.29031,748.3300170898438,,,,,,,153.2,4.941935483,153.2,4.941935483,,,,,,,,,,,,,,,,,,,"Masataka Yoshida","31837",807799
"Marcelo Mayer","BOS",16,71,65,17,10,4,0,2,9,9,5,0,16,0,1,0,,1,0,0.256444,0.0768679,0.221529,0.346988,0.316096,0.418781,0.320712,0.734876,0.162337,4.30872,0.308789,0.0150251,-0.0192704,8.73155,0.240999,100.615,-0.00424521,-0.28088,0.04696116363629699,0.24535441398620605,0.287833,589.5399780273438,,,,,,,77.5,4.84375,77.5,4.84375,,,,,,,,,,,,,,,,,,,"Marcelo Mayer","29668",691785
"Jake Bauers","MIL",31,135,117,27,16,5,0,6,17,17,16,0,38,1,1,0,,3,1,0.233602,0.11857,0.282492,0.419727,0.329309,0.426715,0.331358,0.756024,0.193114,4.71092,0.293415,-0.0966835,0.15121,17.7426,1.62597,109.044,0.0545263,-1.01395,1.5407731384038925,-3.113947868347168,0.286604,999,,,,,,,159,5.129032258,159,5.129032258,,,,,,,,,,,,,,,,,,,"Jake Bauers","15194",641343
"Chandler Simpson","TBR",37,159,148,40,33,6,1,0,18,11,9,0,19,0,1,1,,14,3,0.273886,0.0565454,0.118914,0.475515,0.313311,0.338862,0.289908,0.652173,0.0649757,7.08493,0.308172,0.09112,1.33377,15.5227,-3.43949,82.5823,1.42489,0.59983,-1.8116590976715088,-1.072238266468048,0.284265,180.19000244140625,,,,,,,144.3,3.9,144.3,3.9,,,,,,,,,,,,,,,,,,,"Chandler Simpson","31912",802415
"Jimmy Crooks","STL",22,88,78,18,12,3,0,2,9,9,7,0,24,1,1,0,,0,0,0.228977,0.0798139,0.273623,0.291693,0.300275,0.370226,0.297336,0.670501,0.141249,2.49277,0.295053,-0.00189771,-0.103969,9.07449,-1.36558,87.6929,-0.105867,-0.259795,-1.4160405471920967,1.3485380411148071,0.28213,999,,,,,,,74.3,3.377272727,74.3,3.377272727,,,,,,,,,,,,,,,,,,,"Jimmy Crooks","31354",699625
"Josh Bell","MIN",42,183,163,40,26,8,0,6,21,22,17,0,38,1,1,1,,1,0,0.245788,0.0929928,0.205209,0.453162,0.319604,0.413496,0.321379,0.733099,0.167707,2.46307,0.279795,-0.192885,-0.279109,22.5366,0.718502,104.579,-0.471994,-0.1908,0.5070579349994659,-4.2803061455488205,0.280949,636.3300170898438,,,,,,,196.5,4.678571428,196.5,4.678571428,,,,,,,,,,,,,,,,,,,"Josh Bell","13145",605137
"Everson Pereira","CHW",22,95,85,20,12,4,0,4,11,11,8,0,29,1,1,0,,2,0,0.234679,0.0789968,0.305444,0.258629,0.302559,0.415177,0.313264,0.717736,0.180498,4.77574,0.306778,-0.0132,0.0255992,11.0679,-0.252808,99.4495,0.0123992,-0.308846,-0.04867284093052149,-0.5804513990879059,0.280481,999,,,,,,,107,4.863636363,107,4.863636363,,,,,,,,,,,,,,,,,,,"Everson Pereira","23695",677592
"Daylen Lile","WSN",44,190,174,44,29,8,2,4,25,19,12,0,36,2,1,1,,5,2,0.254952,0.0638667,0.187656,0.340339,0.309024,0.403136,0.311078,0.71216,0.148184,6.65574,0.296683,0.133702,0.00179652,21.7937,-0.842596,94.7768,0.135498,0.302258,-1.070120319724083,-2.3559212386608124,0.279218,206.50999450683594,,,,,,,190.5,4.329545454,190.5,4.329545454,,,,,,,,,,,,,,,,,,,"Daylen Lile","29995",695734
"Miguel Amaya","CHC",25,99,87,20,14,4,0,2,11,10,8,0,21,2,1,0,,0,0,0.230388,0.0833792,0.217035,0.384175,0.310777,0.360942,0.300081,0.671719,0.130553,2.90248,0.276716,-0.0525332,-0.110984,10.4609,-1.32085,89.1761,-0.163517,-0.534308,-1.4638742357492447,0.9990248084068298,0.278984,745.969970703125,,,,,,,85.4,3.416,85.4,3.416,,,,,,,,,,,,,,,,,,,"Miguel Amaya","21693",665804
"James Outman","DET",20,85,75,16,10,3,1,3,11,9,7,0,29,1,0,0,,2,1,0.218172,0.0883797,0.337648,0.261751,0.297924,0.399315,0.306136,0.697239,0.181143,6.78075,0.303714,0.00342907,0.128536,9.37569,-0.715198,94.5023,0.131965,-0.131711,-0.41167929768562317,0.10548007488250732,0.27582,999,,,,,,,82.2,4.11,82.2,4.11,,,,,,,,,,,,,,,,,,,"James Outman","24770",681546
"Esmerlyn Valdez","PIT",36,156,138,32,19,7,0,6,18,19,14,0,46,2,1,0,,0,0,0.232664,0.0913938,0.295059,0.309748,0.311589,0.417233,0.318825,0.728822,0.184568,2.6872,0.299667,0,-0.180948,18.8335,0.288124,98.0783,-0.180948,0.119393,-0.5443553924560547,-1.8108537569642067,0.274548,999,,,,,,,165.9,4.608333333,165.9,4.608333333,,,,,,,,,,,,,,,,,,,"Esmerlyn Valdez","29005",699013
"Tyler Heineman","LAA",23,92,82,18,13,3,0,1,9,7,7,0,19,2,1,1,,1,0,0.221046,0.0788524,0.204137,0.386271,0.296266,0.312774,0.275971,0.60904,0.0917273,4.50707,0.26996,-0.036607,-0.0125676,7.94008,-3.03132,72.5961,-0.0491746,0.609086,-2.995464377105236,2.4084686040878296,0.274129,999,,,,,,,65.8,2.860869565,65.8,2.860869565,,,,,,,,,,,,,,,,,,,"Tyler Heineman","13897",623168
"Trevor Story","BOS",26,114,104,24,16,5,0,3,12,13,7,0,32,1,1,1,,4,1,0.234086,0.0645044,0.278916,0.231268,0.289967,0.378575,0.294083,0.668541,0.144489,4.95827,0.302653,0.0250963,0.410323,11.507,-2.07784,82.1106,0.435419,-0.653084,-1.9460892379283905,0.5691387057304382,0.273517,111.33000183105469,,,,,,,101.9,3.919230769,101.9,3.919230769,,,,,,,,,,,,,,,,,,,"Trevor Story","12564",596115
"Mauricio Dubón","ATL",47,203,187,48,34,10,0,3,22,20,12,0,29,1,2,1,,2,1,0.2552,0.0609769,0.141397,0.431247,0.303225,0.363463,0.294584,0.666688,0.108263,3.75977,0.284132,-0.00213545,-0.184762,20.5598,-3.6151,83.2791,-0.186898,1.25872,-4.308765307068825,0.40038561820983887,0.272905,743.3800048828125,,,,,,,179,3.808510638,179,3.808510638,,,,,,,,,,,,,,,,,,,"Mauricio Dubon","16530",643289
"Endy Rodríguez","PIT",28,109,97,23,15,5,0,3,12,11,10,0,24,1,1,1,,1,0,0.237242,0.0927489,0.222134,0.417536,0.310993,0.376594,0.304499,0.687587,0.139352,3.48942,0.288341,-0.00581344,-0.114947,11.9242,-1.0654,88.5111,-0.120761,-1.34208,-1.6425102353096008,0.7026723623275757,0.26426,999,,,,,,,109.4,3.907142857,109.4,3.907142857,,,,,,,,,,,,,,,,,,,"Endy Rodriguez","25332",682848
"Kyle Manzardo","CLE",41,178,156,35,21,8,0,7,20,22,17,0,45,2,1,1,,1,0,0.226634,0.0973595,0.252021,0.386315,0.309861,0.40469,0.314113,0.71455,0.178055,2.54453,0.271391,-0.00657991,-0.18146,20.789,-0.349884,101.507,-0.18804,-0.221588,0.12410596013069153,-3.904920980334282,0.259526,253.4600067138672,,,,,,,187.9,4.582926829,187.9,4.582926829,,,,,,,,,,,,,,,,,,,"Kyle Manzardo","29794",700932
"Nick Fortes","TBR",26,102,93,22,16,4,0,2,10,10,6,0,16,2,1,1,,1,0,0.237355,0.0544266,0.160346,0.339432,0.292762,0.349966,0.285557,0.642728,0.112611,3.33455,0.266872,0.016532,-0.0997781,9.5954,-2.5663,79.5588,-0.0832461,-0.631093,-2.5193876028060913,1.3635054230690002,0.252651,999,,,,,,,86.5,3.326923076,86.5,3.326923076,,,,,,,,,,,,,,,,,,,"Nick Fortes","21538",663743
"Ha-Seong Kim","ATL",22,93,81,19,13,4,0,2,11,9,10,0,18,1,1,0,,3,1,0.232666,0.107142,0.197132,0.543503,0.319606,0.346942,0.300026,0.666549,0.114276,4.88953,0.277561,0.003888,0.156774,9.86469,-1.25021,86.9134,0.160662,-0.232329,-1.3225464969873428,0.7676714360713959,0.251398,748.3800048828125,,,,,,,91.7,4.168181818,91.7,4.168181818,,,,,,,,,,,,,,,,,,,"Ha-Seong Kim","27506",673490
"Christian Encarnacion-Strand","BAL",17,73,68,17,10,3,0,3,9,10,3,0,21,1,1,0,,0,0,0.24342,0.0427659,0.28859,0.148189,0.282968,0.442818,0.311985,0.725786,0.199398,3.5993,0.301376,0.00212,-0.0657904,8.4563,-0.270951,100.292,-0.0636704,0.383676,-0.038681184872984886,-0.1070646345615387,0.250619,999,,,,,,,76.1,4.476470588,76.1,4.476470588,,,,,,,,,,,,,,,,,,,"Christian Encarnacion-Strand","30011",687952
"Jake Meyers","HOU",17,74,67,16,11,3,0,2,8,7,6,0,16,1,1,0,,2,1,0.238931,0.0785721,0.216424,0.363046,0.306517,0.365223,0.298304,0.67174,0.126292,4.82131,0.288403,0.0176259,0.0110459,7.73335,-1.09683,89.9002,0.0286718,0.397582,-0.8452694322913885,0.6623965203762054,0.249985,738.1500244140625,,,,,,,72.1,4.24117647,72.1,4.24117647,,,,,,,,,,,,,,,,,,,"Jake Meyers","20308",676694
"Gabriel Arias","CLE",15,65,59,14,9,3,0,2,7,7,4,0,20,1,0,0,,1,0,0.233496,0.0664485,0.306712,0.216648,0.29142,0.386464,0.297192,0.677883,0.152968,5.35705,0.316252,0.0213461,0.0184731,6.73723,-1.02262,89.7479,0.0398192,0.722044,-0.7397740557789803,0.8745127171278,0.249636,748.3800048828125,,,,,,,63.8,4.253333333,63.8,4.253333333,,,,,,,,,,,,,,,,,,,"Gabriel Arias","22563",672356
"Keibert Ruiz","WSN",31,121,112,28,19,6,0,3,12,13,7,0,14,1,1,1,,1,0,0.253666,0.0548284,0.119102,0.460347,0.300334,0.38297,0.299977,0.683304,0.129304,2.94271,0.267801,-0.0908835,-0.102275,12.8307,-1.63159,87.3635,-0.193159,-1.83089,-2.056679144501686,0.5410257577896118,0.246646,720.3499755859375,,,,,,,116.3,3.751612903,116.3,3.751612903,,,,,,,,,,,,,,,,,,,"Keibert Ruiz","19610",660688
"Josh Smith","TEX",19,82,71,17,12,3,0,2,9,8,8,0,16,2,1,0,,2,0,0.237977,0.0929063,0.194784,0.476971,0.324482,0.357483,0.306234,0.681964,0.119506,4.98195,0.283014,-0.00176498,0.0640581,9.04276,-0.682782,96.2565,0.0622932,-0.315263,-0.29447732865810394,-0.19026339054107666,0.246609,428.9100036621094,,,,,,,85.5,4.5,85.5,4.5,,,,,,,,,,,,,,,,,,,"Josh Smith","26396",669701
"Carson Williams","TBR",17,74,66,14,8,3,1,2,9,8,6,0,25,1,0,0,,2,1,0.213711,0.0833116,0.344609,0.241757,0.285898,0.389137,0.296055,0.675035,0.175425,7.01254,0.301322,-0.00867198,0.00480046,7.54942,-1.22415,86.8538,-0.00387152,0.175281,-1.1341269828844815,0.91370689868927,0.244457,724.5499877929688,,,,,,,67.6,3.976470588,67.6,3.976470588,,,,,,,,,,,,,,,,,,,"Carson Williams","30038",700246
"Freddy Fermin","SDP",24,94,85,19,14,4,0,2,9,9,7,0,19,1,1,1,,0,0,0.230215,0.0761653,0.204553,0.372351,0.29341,0.340869,0.283079,0.634279,0.110654,2.54118,0.273674,0.0125928,-0.112793,8.63096,-2.54745,79.7363,-0.1002,-0.0655176,-2.409965366125107,1.767815813422203,0.244308,735.3099975585938,,,,,,,75.8,3.158333333,75.8,3.158333333,,,,,,,,,,,,,,,,,,,"Freddy Fermin","21840",666023
"Jordan Lawlar","ARI",24,105,94,22,14,5,1,2,13,11,9,0,27,2,1,1,,5,1,0.236097,0.0841232,0.256364,0.328139,0.311538,0.383332,0.30739,0.69487,0.147235,6.74409,0.303057,0.0241337,0.401127,11.7634,-0.782042,91.326,0.42526,-0.52498,-0.6843576729297638,-0.3450421392917633,0.242886,261.6499938964844,,,,,,,107.9,4.495833333,107.9,4.495833333,,,,,,,,,,,,,,,,,,,"Jordan Lawlar","29976",691783
"Blaze Alexander","BAL",21,89,79,18,12,4,0,2,10,9,7,0,25,2,1,0,,2,1,0.232489,0.078902,0.280613,0.281177,0.307988,0.370884,0.301685,0.678872,0.138395,5.14017,0.307923,0.00908046,-0.0482502,9.56008,-1.07626,93.1346,-0.0391697,-0.380889,-0.7547507658600807,-0.07826599478721619,0.238998,745.9099731445312,,,,,,,80.2,3.819047619,80.2,3.819047619,,,,,,,,,,,,,,,,,,,"Blaze Alexander","23789",677942
"Romy Gonzalez","BOS",24,105,96,24,16,5,1,3,13,12,7,0,27,1,1,0,,3,1,0.253167,0.0663095,0.259013,0.256008,0.308187,0.420735,0.317208,0.728923,0.167568,5.63502,0.316631,-0.0266527,0.0463741,12.5092,0.0563647,98.1808,0.0197214,-0.696647,-0.20227703265845776,-1.2059067487716675,0.235925,999,,,,,,,113.7,4.7375,113.7,4.7375,,,,,,,,,,,,,,,,,,,"Romy Gonzalez","21562",663853
"Anthony Seigler","BOS",22,95,82,19,12,4,0,2,10,9,11,0,19,1,1,0,,3,1,0.226335,0.120521,0.204908,0.588173,0.323231,0.347956,0.302916,0.671187,0.121621,4.38837,0.273713,-0.0002,0.0993174,10.2702,-1.05057,88.2489,0.0991174,-0.224254,-1.2045115530490875,0.11525261402130127,0.233832,999,,,,,,,93.7,4.259090909,93.7,4.259090909,,,,,,,,,,,,,,,,,,,"Anthony Seigler","23802",678011
"Hunter Feduccia","TBR",29,113,99,21,15,4,0,2,12,10,12,0,30,0,1,1,,0,0,0.214802,0.104706,0.267365,0.391622,0.298905,0.33077,0.28377,0.629674,0.115968,3.06177,0.282803,-0.0267667,-0.127178,10.4524,-3.00308,78.3167,-0.153945,-0.924683,-3.0130239129066467,1.2821069359779358,0.233697,999,,,,,,,85,2.931034482,85,2.931034482,,,,,,,,,,,,,,,,,,,"Hunter Feduccia","23372",676439
"Jose Siri","LAA",14,60,54,12,7,2,0,2,7,7,4,0,19,1,0,0,,2,0,0.228219,0.0660273,0.326216,0.202403,0.286789,0.417238,0.305824,0.704027,0.189019,5.71351,0.3033,0.00595296,0.0964779,6.57327,-0.51762,93.3417,0.102431,0.479755,-0.36023203283548355,0.5288293585181236,0.232726,999,,,,,,,56.6,4.042857142,56.6,4.042857142,,,,,,,,,,,,,,,,,,,"Jose Siri","17452",642350
"Leody Taveras","BAL",19,82,75,18,12,3,1,2,10,9,7,0,18,0,1,0,,3,1,0.242303,0.0794949,0.223865,0.355102,0.303362,0.38376,0.302247,0.687122,0.141456,6.15476,0.293594,0.00286751,0.192797,8.86229,-0.955872,93.5254,0.195664,-0.293743,-0.42727476358413696,-0.22831109166145325,0.232105,999,,,,,,,82.9,4.363157894,82.9,4.363157894,,,,,,,,,,,,,,,,,,,"Leody Taveras","18900",665750
"Esteury Ruiz","MIA",20,87,77,18,12,4,0,2,10,9,7,0,21,2,1,0,,9,2,0.24046,0.0819209,0.237618,0.344759,0.320749,0.379692,0.311267,0.700441,0.139232,7.02898,0.300874,-0.00302758,0.946522,9.99124,-0.372372,93.5646,0.943495,-0.558461,0.26342612504959106,-0.8365477323532104,0.228753,748.530029296875,,,,,,,92.7,4.635,92.7,4.635,,,,,,,,,,,,,,,,,,,"Esteury Ruiz","21780",665923
"Eugenio Suárez","CIN",43,185,165,37,21,7,0,9,20,25,16,0,57,3,1,1,,1,0,0.223646,0.0848479,0.305338,0.277882,0.300521,0.425148,0.316588,0.725669,0.201502,2.30212,0.280014,-0.229659,-0.220991,22.0821,0.00663696,93.6364,-0.45065,1.13147,-1.8831005692481995,-1.89013671875,0.228494,97.91999816894531,,,,,,,206,4.790697674,206,4.790697674,,,,,,,,,,,,,,,,,,,"Eugenio Suarez","12552",553993
"Sal Frelick","MIL",23,100,90,23,17,4,0,1,12,9,8,0,14,1,1,0,,3,1,0.257989,0.0821461,0.135446,0.606486,0.324001,0.360816,0.305062,0.684817,0.102828,5.02312,0.287859,0.0513483,0.0668618,11.0143,-0.934249,91.4818,0.11821,0.944945,-0.919624499976635,-0.09672188758850098,0.227687,216.39999389648438,,,,,,,89.7,3.9,89.7,3.9,,,,,,,,,,,,,,,,,,,"Sal Frelick","29622",686217
"Kyle Teel","CHW",14,58,50,12,8,2,0,2,6,6,6,0,15,0,0,0,,1,0,0.238745,0.106635,0.263297,0.405,0.324899,0.372311,0.311158,0.69721,0.133565,3.01007,0.308431,-0.0122056,-0.0420227,6.62122,-0.252086,97.9857,-0.0542282,-0.120633,-0.18990295380353928,0.37165098637342453,0.227443,266.8800048828125,,,,,,,61.7,4.407142857,61.7,4.407142857,,,,,,,,,,,,,,,,,,,"Kyle Teel","33549",691019
"Cam Cauley","TEX",26,112,102,22,14,4,1,3,13,11,8,0,33,0,1,1,,5,1,0.214961,0.0750078,0.290614,0.258101,0.275198,0.354318,0.277754,0.629517,0.139357,6.86425,0.284689,0,0.539636,9.81462,-3.52326,76.4647,0.539636,0.288731,-2.5365251898765564,0.7553975284099579,0.22503,999,,,,,,,97.4,3.746153846,97.4,3.746153846,,,,,,,,,,,,,,,,,,,"Cam Cauley","29710",695508
"Justin Crawford","PHI",41,176,162,41,31,7,1,2,20,15,11,0,38,1,1,1,,9,2,0.255636,0.0625514,0.21271,0.294069,0.304162,0.359096,0.293323,0.663258,0.10346,6.43389,0.316198,-0.00540406,0.634885,17.6793,-3.32067,81.3159,0.629481,-0.775535,-3.371437668800354,-0.14575141668319702,0.224684,999,,,,,,,159.9,3.9,159.9,3.9,,,,,,,,,,,,,,,,,,,"Justin Crawford","31791",702222
"Javier Báez","DET",27,117,108,25,17,5,0,3,12,12,5,0,28,2,1,1,,2,0,0.235253,0.04616,0.237336,0.194492,0.279619,0.365328,0.283335,0.644947,0.130075,4.85697,0.288583,0.0379843,0.104354,10.7635,-3.14554,78.657,0.142339,-0.0521931,-2.7667369842529297,0.8066032156348228,0.224252,740.6500244140625,,,,,,,99.5,3.685185185,99.5,3.685185185,,,,,,,,,,,,,,,,,,,"Javier Baez","12979",595879
"Gavin Lux","TBR",19,81,71,17,12,3,0,1,10,8,9,0,19,0,1,0,,1,0,0.241827,0.105624,0.231097,0.457056,0.323515,0.360233,0.305492,0.683748,0.118406,4.4561,0.306656,0.00679198,-0.0645176,8.89844,-0.724183,93.4122,-0.0577256,-0.284717,-0.6789270229637623,0.0038634836673736572,0.224184,745.989990234375,,,,,,,71.2,3.747368421,71.2,3.747368421,,,,,,,,,,,,,,,,,,,"Gavin Lux","19955",666158
"Jorge Soler","LAA",40,172,151,34,20,7,0,7,20,22,17,0,48,2,1,1,,0,0,0.224502,0.101042,0.281872,0.358468,0.310475,0.415273,0.318207,0.725748,0.190771,2.33847,0.277002,-0.186446,-0.203751,20.6861,0.231644,101.947,-0.390198,-0.051304,-0.000024318695068359375,-3.9854089207947254,0.217969,634.8099975585938,,,,,,,182.5,4.5625,182.5,4.5625,,,,,,,,,,,,,,,,,,,"Jorge Soler","14221",624585
"Andruw Monasterio","BOS",19,81,72,17,12,4,0,2,9,8,7,0,19,1,1,0,,2,1,0.240626,0.0868626,0.232803,0.373116,0.31164,0.363075,0.300401,0.674714,0.122449,4.28276,0.300697,-0.00134532,-0.003402,8.56479,-1.05783,86.5008,-0.00474732,-0.0692162,-1.2776773488149047,0.5079443752765656,0.214586,999,,,,,,,78.6,4.136842105,78.6,4.136842105,,,,,,,,,,,,,,,,,,,"Andruw Monasterio","19455",655316
"Jared Young","NYM",30,131,116,28,18,5,0,4,16,15,11,0,30,2,1,0,,1,0,0.237189,0.0849421,0.229668,0.369847,0.3129,0.40323,0.314717,0.71613,0.166041,4.04963,0.279919,-0.00521809,-0.104287,15.3521,-0.193325,100.435,-0.109506,0.219899,-0.040527425706386566,-2.1765518188476562,0.205514,999,,,,,,,133.8,4.46,133.8,4.46,,,,,,,,,,,,,,,,,,,"Jared Young","20404",676724
"Gary Sánchez","MIL",14,57,50,11,7,2,0,2,7,7,6,0,14,1,0,0,,0,0,0.225612,0.106251,0.242329,0.438458,0.320139,0.409132,0.321427,0.729271,0.18352,2.83192,0.262473,-0.0256593,-0.0581167,7.07119,0.227591,102.411,-0.083776,-0.0296241,0.08448533713817596,0.0703759603202343,0.205126,999,,,,,,,57.2,4.085714285,57.2,4.085714285,,,,,,,,,,,,,,,,,,,"Gary Sanchez","11442",596142
"Connor Wong","BOS",27,106,96,23,16,5,0,2,11,11,8,0,26,1,1,1,,2,1,0.244502,0.0733641,0.243691,0.301054,0.308136,0.373076,0.301641,0.681212,0.128574,4.16278,0.309385,-0.0274617,-0.0696563,11.3925,-1.28676,87.3626,-0.097118,-2.20755,-1.6673040091991425,-0.12807750701904297,0.203555,999,,,,,,,94.1,3.485185185,94.1,3.485185185,,,,,,,,,,,,,,,,,,,"Connor Wong","19896",657136
"Max Kepler","ARI",33,144,128,30,19,6,0,4,16,16,13,0,28,1,1,1,,1,0,0.235566,0.090546,0.194376,0.465829,0.310908,0.388734,0.308637,0.699642,0.153169,3.45808,0.267786,-0.0445978,-0.0840084,16.2567,-0.925109,92.159,-0.128606,0.946805,-1.502352550625801,-1.1879169940948486,0.202834,999,,,,,,,138.9,4.209090909,138.9,4.209090909,,,,,,,,,,,,,,,,,,,"Max Kepler","12144",596146
"Matt Shaw","CHC",14,61,54,13,8,2,0,2,8,7,5,0,12,1,0,0,,2,1,0.2431,0.0868655,0.199322,0.435806,0.31645,0.403662,0.316136,0.720111,0.160562,5.91886,0.279024,0.00716327,0.0841006,7.20462,-0.020066,99.8982,0.0912639,0.605481,0.08376218844205141,-0.06118565797805786,0.202263,336.67999267578125,,,,,,,62.4,4.457142857,62.4,4.457142857,,,,,,,,,,,,,,,,,,,"Matt Shaw","33322",807713
"Ryan Waldschmidt","ARI",24,103,90,21,14,5,1,2,12,10,10,0,27,2,1,1,,3,1,0.230188,0.0974475,0.258992,0.376257,0.31932,0.360681,0.304833,0.680001,0.130492,5.56629,0.301853,0,0.0144788,11.294,-0.978725,89.6185,0.0144788,0.21179,-1.2847010660916567,-0.07447551190853119,0.201903,999,,,,,,,105.5,4.395833333,105.5,4.395833333,,,,,,,,,,,,,,,,,,,"Ryan Waldschmidt","35061",814439
"Colby Thomas","ATH",26,112,103,25,14,6,1,4,14,15,6,0,33,2,1,1,,2,1,0.24241,0.0518071,0.290735,0.178194,0.293715,0.430524,0.313755,0.724239,0.188114,4.96774,0.310517,-0.000757895,-0.0320417,13.0846,-0.253326,97.1821,-0.0327996,0.0115714,-0.40111657604575157,-1.6217619068920612,0.200521,748.5900268554688,,,,,,,122.7,4.719230769,122.7,4.719230769,,,,,,,,,,,,,,,,,,,"Colby Thomas","31855",687515
"Matt Vierling","DET",23,98,89,22,15,4,1,2,11,10,8,0,20,1,1,0,,2,1,0.24284,0.0776133,0.201186,0.385778,0.305727,0.375996,0.300955,0.681723,0.133156,4.8297,0.286215,0.0359908,-0.0370344,10.4823,-1.24496,90.9017,-0.00104367,0.25771,-1.04662847192958,-0.5029382407665253,0.199527,999,,,,,,,98.3,4.273913043,98.3,4.273913043,,,,,,,,,,,,,,,,,,,"Matt Vierling","21558",663837
"Jared Triolo","PIT",19,82,73,17,12,4,0,1,9,7,8,0,19,1,1,0,,2,0,0.236984,0.095756,0.225157,0.425287,0.314675,0.341426,0.294982,0.656101,0.104441,4.76414,0.298883,-0.013417,0.137063,8.37656,-1.4416,82.1553,0.123646,0.428207,-1.6628790348768234,0.9189480543136597,0.196338,735.5399780273438,,,,,,,74,3.894736842,74,3.894736842,,,,,,,,,,,,,,,,,,,"Jared Triolo","25807",669707
"Mike Yastrzemski","ATL",33,142,125,28,17,6,1,4,17,17,14,0,34,1,1,1,,1,0,0.224967,0.100532,0.242322,0.414871,0.309344,0.385173,0.307251,0.694517,0.160206,4.2941,0.272338,-0.00451233,-0.0819007,15.8776,-1.07264,91.7383,-0.0864131,0.678098,-1.5143722593784332,-1.1802355647087097,0.195985,656.0999755859375,,,,,,,139.4,4.224242424,139.4,4.224242424,,,,,,,,,,,,,,,,,,,"Mike Yastrzemski","14854",573262
"Victor Mesa Jr.","TBR",23,100,91,22,14,4,0,3,11,10,7,0,24,0,1,1,,2,1,0.236649,0.069157,0.239663,0.28856,0.29078,0.38162,0.294723,0.672401,0.144971,4.7372,0.289425,0.000672815,-0.131698,10.1204,-1.76637,85.928,-0.131025,1.02927,-1.7701799273490906,0.12957680225372314,0.195148,999,,,,,,,94,4.086956521,94,4.086956521,,,,,,,,,,,,,,,,,,,"Victor Mesa Jr.","25999",683748
"Luis Lara","MIL",25,110,96,23,16,4,0,1,12,9,11,0,22,1,1,1,,5,1,0.234402,0.0975308,0.203547,0.479157,0.317161,0.332929,0.293713,0.65009,0.0985269,5.80523,0.288206,0,0.247792,11.0295,-2.03053,83.9024,0.247792,1.08508,-1.8959557116031647,0.24341243505477905,0.193953,999,,,,,,,96.5,3.86,96.5,3.86,,,,,,,,,,,,,,,,,,,"Luis Lara","30675",800325
"Giancarlo Stanton","NYY",14,58,52,13,7,2,0,4,7,9,5,0,18,0,0,0,,0,0,0.240022,0.0914845,0.300649,0.304291,0.311622,0.48295,0.340995,0.794571,0.242927,2.62436,0.28534,-0.0685263,-0.0450247,8.10353,1.15672,120.13,-0.113551,0,1.256825014948845,-1.4583333730697632,0.190823,251.4600067138672,,,,,,,79.2,5.657142857,79.2,5.657142857,,,,,,,,,,,,,,,,,,,"Giancarlo Stanton","4949",519317
"Ben Williamson","TBR",27,116,105,26,18,5,0,1,12,10,8,0,24,1,1,1,,3,1,0.243206,0.0729648,0.209573,0.348159,0.304222,0.341262,0.288293,0.645485,0.0980566,5.20525,0.301561,-0.00836868,0.102749,11.2,-2.66794,81.4601,0.0943804,-0.58471,-2.4251455813646317,0.11976557970046997,0.187998,999,,,,,,,94.4,3.496296296,94.4,3.496296296,,,,,,,,,,,,,,,,,,,"Ben Williamson","33197",810938
"Blaze Jordan","STL",31,133,124,32,21,7,0,3,14,15,7,0,20,1,1,1,,0,0,0.255666,0.0496625,0.151531,0.327739,0.295931,0.399959,0.303097,0.69589,0.144293,2.78213,0.278888,0,-0.13651,14.3884,-1.45038,91.5402,-0.13651,-0.518714,-1.502827227115631,-0.9770477414131165,0.18699,999,,,,,,,127.7,4.119354838,127.7,4.119354838,,,,,,,,,,,,,,,,,,,"Blaze Jordan","28199",691458
"Taylor Walls","TBR",33,143,125,26,18,6,1,2,15,12,15,0,35,1,1,1,,7,2,0.210948,0.104019,0.24578,0.42322,0.295983,0.311992,0.275812,0.607975,0.101044,5.96632,0.275498,0.0250633,0.440872,12.2709,-4.71015,72.7868,0.465935,-0.643861,-4.0624783635139465,0.7990399599075317,0.18554,999,,,,,,,118.2,3.581818181,118.2,3.581818181,,,,,,,,,,,,,,,,,,,"Taylor Walls","22458",670764
"Christian Moore","LAA",14,62,54,12,8,2,0,2,8,6,6,0,19,0,0,0,,1,0,0.228384,0.102836,0.303483,0.338854,0.312829,0.381985,0.30784,0.694815,0.153601,5.4429,0.312355,-0.00152234,-0.0249863,6.92719,-0.436435,94.7427,-0.0265086,0.00194202,-0.40587312169373035,-0.006236994871869683,0.182147,748.3499755859375,,,,,,,57.7,4.121428571,57.7,4.121428571,,,,,,,,,,,,,,,,,,,"Christian Moore","34979",695681
"Sung-Mun Song","SDP",19,82,73,16,12,3,0,2,8,7,7,0,19,1,1,1,,3,1,0.224492,0.0881246,0.237229,0.371475,0.296591,0.335577,0.283485,0.632168,0.111084,4.94242,0.281454,-0.0150255,0.170499,7.53604,-2.1895,80.0071,0.155473,0.53504,-1.8272321820259094,0.9600405097007751,0.181278,999,,,,,,,71,3.736842105,71,3.736842105,,,,,,,,,,,,,,,,,,,"Sung-Mun Song","37122",823550
"Travis d'Arnaud","LAA",22,86,78,17,11,4,0,3,9,10,6,0,22,1,1,0,,0,0,0.22368,0.0668055,0.261221,0.255743,0.28609,0.381567,0.293765,0.667657,0.157887,2.37034,0.273499,-0.0605468,-0.0755863,8.65725,-1.58948,84.9614,-0.136133,-1.22529,-1.6461968123912811,0.3532606363296509,0.180522,999,,,,,,,78,3.545454545,78,3.545454545,,,,,,,,,,,,,,,,,,,"Travis d'Arnaud","7739",518595
"Drew Gilbert","SFG",25,110,97,22,15,5,0,2,12,11,9,0,21,2,1,1,,1,0,0.23041,0.0806049,0.193279,0.41704,0.30486,0.358786,0.295764,0.663646,0.128376,4.14345,0.26911,0.00146072,-0.142356,11.212,-1.84805,86.8846,-0.140895,-0.0920619,-1.8874903321266174,0.06627146154642105,0.176853,999,,,,,,,94.4,3.776,94.4,3.776,,,,,,,,,,,,,,,,,,,"Drew Gilbert","31545",687551
"Ramón Urías","STL",17,72,65,16,11,3,0,2,8,8,6,0,15,1,1,0,,1,0,0.244826,0.0769325,0.212698,0.361698,0.3127,0.387777,0.309212,0.700477,0.142951,3.43679,0.289543,-0.0224468,-0.0762745,8.18398,-0.430069,95.6242,-0.0987213,-0.238875,-0.4830733463168144,-0.13054123520851135,0.176221,999,,,,,,,75,4.411764705,75,4.411764705,,,,,,,,,,,,,,,,,,,"Ramon Urias","18795",602104
"Edouard Julien","COL",28,119,101,24,16,5,0,3,14,12,16,0,32,1,1,0,,2,1,0.237603,0.133648,0.272382,0.490665,0.344644,0.37916,0.32473,0.723804,0.141557,3.93974,0.31573,-0.03816,-0.0293725,14.9724,0.790565,90.444,-0.0675325,-0.514629,-1.449436068534851,-0.7272831052541733,0.171862,746.0499877929688,,,,,,,128.1,4.575,128.1,4.575,,,,,,,,,,,,,,,,,,,"Edouard Julien","27534",666397
"Brice Matthews","HOU",14,58,52,11,7,2,0,2,7,6,5,0,18,1,0,0,,3,1,0.218338,0.0887775,0.314232,0.282522,0.2964,0.37762,0.298159,0.67402,0.159282,6.15004,0.29458,0.000497059,0.105344,6.08609,-0.871017,89.7997,0.105841,0.0530557,-0.5895708054304123,0.1654013730585575,0.168562,740.969970703125,,,,,,,55.1,3.935714285,55.1,3.935714285,,,,,,,,,,,,,,,,,,,"Brice Matthews","33280",694728
"Edmundo Sosa","PHI",33,142,130,32,21,6,1,4,17,15,7,0,32,3,1,1,,2,1,0.244422,0.0472831,0.222578,0.212434,0.295379,0.39252,0.301232,0.6879,0.148098,5.26069,0.292228,0.0676404,-0.0447162,15.1459,-1.76314,86.5974,0.0229242,-0.397764,-2.2879481185227633,-0.692207932472229,0.165896,999,,,,,,,140.9,4.269696969,140.9,4.269696969,,,,,,,,,,,,,,,,,,,"Edmundo Sosa","17022",624641
"Gabriel Rincones Jr.","PHI",26,115,101,23,14,5,0,3,13,13,11,0,31,1,1,1,,3,1,0.226146,0.0939969,0.273613,0.343539,0.307248,0.386515,0.306666,0.693763,0.16037,5.34076,0.289362,-0.00166929,0.127275,12.7191,-0.917237,90.2267,0.125606,0.361486,-1.2333535104990005,-0.8653661012649536,0.164672,999,,,,,,,109.4,4.207692307,109.4,4.207692307,,,,,,,,,,,,,,,,,,,"Gabriel Rincones Jr.","31958",687282
"Graham Pauley","MIA",16,69,62,14,9,3,0,2,7,7,6,0,16,1,0,0,,1,0,0.227542,0.0828265,0.232407,0.356386,0.297096,0.37955,0.298564,0.676646,0.152007,4.19697,0.27346,-0.0114065,-0.00541418,7.18002,-1.00178,85.0808,-0.0168207,0.651938,-1.261517433449626,0.6519381962716579,0.164666,999,,,,,,,66.8,4.175,66.8,4.175,,,,,,,,,,,,,,,,,,,"Graham Pauley","31363",688363
"Daniel Susac","SFG",23,90,83,19,13,4,0,2,9,9,5,0,24,1,1,1,,1,0,0.229413,0.0513749,0.264949,0.193905,0.278138,0.3511,0.277898,0.629238,0.121687,4.29241,0.295081,-0.00258146,-0.0370928,7.86218,-2.80812,74.9529,-0.0396743,-0.280451,-2.764906655997038,1.469548612833023,0.16402,999,,,,,,,73.7,3.204347826,73.7,3.204347826,,,,,,,,,,,,,,,,,,,"Daniel Susac","31441",691740
"Rhys Hoskins","CLE",32,139,121,26,16,6,0,5,15,16,16,0,39,2,1,0,,1,0,0.217094,0.112316,0.279178,0.402311,0.312498,0.386918,0.310039,0.699416,0.169824,2.99814,0.273828,-0.123933,-0.11517,15.8552,-0.734846,98.6758,-0.239104,-0.0971982,-0.45438098907470703,-2.9218894615769386,0.162209,737.989990234375,,,,,,,144.9,4.528125,144.9,4.528125,,,,,,,,,,,,,,,,,,,"Rhys Hoskins","16472",656555
"Denzel Clarke","ATH",8,33,29,7,4,1,0,1,4,3,3,0,10,1,0,0,,1,0,0.235678,0.078432,0.313893,0.249869,0.306363,0.395512,0.3086,0.701874,0.159834,7.26362,0.329349,0.00323422,0.0999621,3.67976,-0.210456,93.5996,0.103196,0.440222,-0.140798918902874,0.556888721883297,0.160485,728.3300170898438,,,,,,,36.4,4.55,36.4,4.55,,,,,,,,,,,,,,,,,,,"Denzel Clarke","29858",672016
"David Hamilton","MIL",28,119,106,23,16,4,1,3,14,11,10,0,30,1,1,1,,10,2,0.218535,0.0874188,0.24869,0.351517,0.289309,0.343669,0.282093,0.632979,0.125135,7.47004,0.275318,0.0266516,1.03509,10.8468,-3.32467,76.1426,1.06174,-0.395683,-2.3857858180999756,0.09598362445831299,0.160112,743.3300170898438,,,,,,,114.7,4.096428571,114.7,4.096428571,,,,,,,,,,,,,,,,,,,"David Hamilton","27531",666152
"Richie Palacios","TBR",23,97,85,19,14,4,0,2,11,9,10,0,20,1,1,0,,4,1,0.22692,0.102685,0.201071,0.510688,0.313499,0.33575,0.293075,0.649249,0.10883,5.35077,0.274258,-0.00383203,0.227154,9.74924,-1.85451,84.783,0.223322,-0.223384,-1.5070083886384964,-0.4016251116991043,0.159368,999,,,,,,,89.6,3.895652173,89.6,3.895652173,,,,,,,,,,,,,,,,,,,"Richie Palacios","24589",680700
"Drew Cavanaugh","SFG",22,85,74,16,11,3,0,2,9,8,9,0,25,2,1,0,,1,0,0.211088,0.103098,0.297988,0.34598,0.309708,0.324663,0.289257,0.634371,0.113575,2.86663,0.293109,0,-0.0934938,8.27384,-1.88836,82.5385,-0.0934938,-0.969573,-1.9029060378670692,0.6970940828323364,0.159035,999,,,,,,,78,3.545454545,78,3.545454545,,,,,,,,,,,,,,,,,,,"Drew Cavanaugh","33380",701852
"Daniel Schneemann","CLE",21,90,80,17,11,4,0,2,9,9,8,0,24,0,1,1,,2,1,0.215004,0.0937993,0.266061,0.352548,0.290452,0.342011,0.282722,0.632463,0.127007,4.4225,0.276716,-0.0177561,0.0556372,8.23802,-2.46522,79.6921,0.0378811,0.577934,-2.0921342857182026,0.44953884184360504,0.158955,999,,,,,,,70.6,3.361904761,70.6,3.361904761,,,,,,,,,,,,,,,,,,,"Daniel Schneemann","25180",682177
"Brady House","WSN",36,153,143,35,23,6,0,5,16,17,7,0,42,1,1,1,,1,0,0.243245,0.0442308,0.271994,0.162617,0.281972,0.390371,0.293062,0.672343,0.147126,3.54878,0.309089,0.00862591,-0.106296,15.3508,-2.92188,82.7456,-0.0976704,-0.464494,-3.31259735673666,-0.11279669404029846,0.158502,710.1199951171875,,,,,,,143.3,3.980555555,143.3,3.980555555,,,,,,,,,,,,,,,,,,,"Brady House","29993",691781
"Logan O'Hoppe","TEX",15,60,54,13,8,2,0,2,6,7,5,0,15,1,0,0,,0,0,0.236911,0.0756937,0.252643,0.299607,0.302195,0.404538,0.309669,0.706733,0.167627,2.65194,0.283798,-0.0638163,-0.0758698,6.78052,-0.333013,98.6435,-0.139686,-1.53347,-0.23424489796161652,-0.3668009042739868,0.155387,246.50999450683594,,,,,,,61.4,4.093333333,61.4,4.093333333,,,,,,,,,,,,,,,,,,,"Logan O'Hoppe","24729",681351
"Amed Rosario","NYY",17,75,69,18,12,3,0,2,9,8,4,0,15,1,1,0,,1,0,0.256071,0.057561,0.202231,0.284629,0.30251,0.393936,0.304436,0.696446,0.137865,5.56479,0.301099,0.06752,0.0755796,8.15878,-0.73314,94.7248,0.1431,-0.938406,-0.3165581375360489,-0.8217388466000557,0.155,999,,,,,,,76.2,4.482352941,76.2,4.482352941,,,,,,,,,,,,,,,,,,,"Amed Rosario","15518",642708
"Davis Schneider","TOR",10,44,37,8,5,2,0,2,5,5,6,0,12,1,0,0,,1,0,0.218751,0.137462,0.270991,0.507257,0.334141,0.393062,0.324151,0.727203,0.174311,3.98362,0.274847,-0.00890025,-0.00281992,5.45025,0.26844,107.891,-0.0117202,-0.244283,0.388979977928102,-0.4160425513982773,0.154835,999,,,,,,,55.3,5.53,55.3,5.53,,,,,,,,,,,,,,,,,,,"Davis Schneider","23565",676914
"Austin Martin","MIN",20,87,74,18,13,4,0,1,10,7,10,0,16,2,1,0,,3,1,0.236281,0.112451,0.18228,0.616914,0.336874,0.321794,0.301937,0.658668,0.0855131,4.74055,0.28739,0.0183201,0.111049,9.33276,-1.03085,91.0682,0.129369,-0.0865892,-0.7777204662561417,-0.8063422366976738,0.154562,748.5599975585938,,,,,,,86.7,4.335,86.7,4.335,,,,,,,,,,,,,,,,,,,"Austin Martin","27462",668885
"Javier Sanoja","MIA",24,105,98,25,17,5,1,1,12,10,6,0,12,0,1,1,,3,1,0.256168,0.0537835,0.113914,0.47214,0.295515,0.369803,0.291793,0.665318,0.113635,5.35762,0.27731,0.0178452,-0.155604,10.4309,-2.11454,80.5588,-0.137758,0.358208,-2.6247686594724655,0.7180846631526947,0.153945,999,,,,,,,92.5,3.854166666,92.5,3.854166666,,,,,,,,,,,,,,,,,,,"Javier Sanoja","28253",691594
"Tim Tawa","ARI",28,119,107,25,15,5,1,4,14,13,9,0,28,1,1,1,,2,1,0.230437,0.0789219,0.238352,0.331114,0.294553,0.390771,0.300695,0.685324,0.160335,4.88164,0.277024,-0.000574167,-0.0606561,12.6511,-1.53065,86.8547,-0.0612303,0.217139,-1.962183091789484,-0.4044656902551651,0.152606,748.489990234375,,,,,,,121.8,4.35,121.8,4.35,,,,,,,,,,,,,,,,,,,"Tim Tawa","29571",694374
"José Fermín","STL",21,89,78,19,13,4,0,2,9,8,8,0,12,2,1,0,,3,1,0.239716,0.0947139,0.135942,0.696722,0.323526,0.353957,0.304306,0.677483,0.114241,4.07877,0.263028,-0.00433521,0.0495823,9.67917,-0.879981,92.3476,0.0452471,-0.686064,-0.7786940112709999,-0.6027308404445648,0.152218,999,,,,,,,91.7,4.366666666,91.7,4.366666666,,,,,,,,,,,,,,,,,,,"Jose Fermin","21746",665877
"Victor Robles","SEA",16,71,64,15,11,3,0,1,8,7,5,0,16,2,1,0,,4,1,0.233313,0.0689888,0.221597,0.311326,0.30307,0.337649,0.287511,0.640719,0.104336,5.74456,0.290983,0.0031181,0.294623,6.78301,-1.67152,88.4632,0.297741,0.215953,-0.6580775380134583,-0.3811148703098297,0.151746,727.5399780273438,,,,,,,63.9,3.99375,63.9,3.99375,,,,,,,,,,,,,,,,,,,"Victor Robles","18363",645302
"Ryan Mountcastle","BAL",13,55,50,13,8,3,0,2,7,8,4,0,13,0,0,0,,0,0,0.2575,0.0686647,0.241727,0.284059,0.312212,0.441399,0.326362,0.753611,0.183899,3.53621,0.30649,0.00623195,-0.033941,6.98307,0.437629,110.283,-0.027709,0.107606,0.63187550380826,-1.1192462146282196,0.149636,748.0900268554688,,,,,,,62.3,4.792307692,62.3,4.792307692,,,,,,,,,,,,,,,,,,,"Ryan Mountcastle","18373",663624
"Spencer Steer","CIN",20,88,78,19,11,4,0,3,10,11,8,0,19,1,1,0,,1,0,0.239204,0.0943108,0.217551,0.433512,0.319795,0.412893,0.321771,0.732687,0.173688,3.98461,0.276511,-0.0212945,-0.00580588,10.8445,0.372794,97.0982,-0.0271004,-0.0286327,-0.33695066906511784,-1.106564836576581,0.143502,335.70001220703125,,,,,,,97.1,4.855,97.1,4.855,,,,,,,,,,,,,,,,,,,"Spencer Steer","26323",668715
"Edwin Arroyo","CIN",34,145,134,32,22,6,1,3,17,14,7,0,33,2,1,1,,2,1,0.237848,0.0515358,0.227867,0.226166,0.284719,0.368014,0.286698,0.652732,0.130165,5.52148,0.291071,-0.000724101,-0.00771939,13.7553,-3.50884,73.675,-0.0084435,0.768491,-4.6427198853343725,1.3201883435249329,0.141013,999,,,,,,,124.5,3.661764705,124.5,3.661764705,,,,,,,,,,,,,,,,,,,"Edwin Arroyo","29957",695490
"Jorge Polanco","NYM",33,144,128,30,19,6,0,5,16,18,14,0,30,1,1,0,,2,1,0.237056,0.0966497,0.207502,0.465778,0.314408,0.402284,0.315115,0.716692,0.165228,3.03342,0.268943,-0.0407939,-0.152222,17.0146,-0.167212,100.7,-0.193015,0.145885,-0.07031342387199402,-3.248405173420906,0.139121,209.42999267578125,,,,,,,150.4,4.557575757,150.4,4.557575757,,,,,,,,,,,,,,,,,,,"Jorge Polanco","13152",593871
"Andrew Benintendi","CHW",39,166,150,37,25,7,0,5,19,18,14,0,32,1,1,1,,1,1,0.247865,0.085025,0.191499,0.443997,0.313506,0.394285,0.311242,0.707791,0.14642,3.41056,0.283431,-0.0482087,-0.171231,19.0961,-0.715204,98.0444,-0.21944,-0.0169714,-0.59910549223423,-3.9722183533012867,0.13901,735.8099975585938,,,,,,,168.6,4.323076923,168.6,4.323076923,,,,,,,,,,,,,,,,,,,"Andrew Benintendi","17901",643217
"Michael Conforto","CHC",25,107,94,21,13,4,0,4,12,12,11,0,27,1,1,0,,1,0,0.227908,0.102363,0.254361,0.402433,0.315945,0.390591,0.312766,0.706536,0.162683,2.93253,0.280222,-0.0110952,-0.0764531,12.4534,-0.328783,97.648,-0.0875483,0.034171,-0.3941025510430336,-1.7491623125970364,0.136512,999,,,,,,,110.7,4.428,110.7,4.428,,,,,,,,,,,,,,,,,,,"Michael Conforto","16376",624424
"Gavin Sheets","SDP",41,177,158,37,24,8,0,5,20,20,16,0,37,1,1,1,,1,0,0.235153,0.0898786,0.206913,0.434378,0.308832,0.386229,0.306671,0.695061,0.151076,3.13357,0.272332,-0.103561,-0.139669,19.6984,-1.41988,95.4916,-0.24323,-0.22909,-1.214077576994896,-3.212423011660576,0.135772,684.8099975585938,,,,,,,172.3,4.202439024,172.3,4.202439024,,,,,,,,,,,,,,,,,,,"Gavin Sheets","19901",657757
"Angel Martínez","CLE",33,144,132,31,20,7,1,3,16,16,8,0,30,2,1,1,,3,1,0.236232,0.059047,0.20958,0.28174,0.288221,0.374302,0.291079,0.662523,0.13807,4.83751,0.279356,0.0479933,-0.0242356,14.1554,-2.96974,85.4996,0.0237577,0.0441557,-2.4096539299935102,-1.4002888165414333,0.134516,748.5800170898438,,,,,,,128.7,3.9,128.7,3.9,,,,,,,,,,,,,,,,,,,"Angel Martinez","26540",682657
"Brenton Doyle","COL",16,69,63,15,10,3,0,2,8,8,4,0,19,0,0,0,,3,1,0.242053,0.0654909,0.272636,0.240214,0.294234,0.400193,0.303439,0.694427,0.15814,5.72639,0.307147,0.0198906,0.22239,7.45167,-0.730136,76.2255,0.242281,0.58489,-1.7412022948265076,0.8302600830793381,0.134113,166.25,,,,,,,63.4,3.9625,63.4,3.9625,,,,,,,,,,,,,,,,,,,"Brenton Doyle","25479",686668
"Dane Myers","CIN",28,121,109,26,18,4,0,3,13,12,10,0,31,2,1,1,,4,1,0.236851,0.0788582,0.2584,0.305179,0.305474,0.371376,0.3003,0.67685,0.134525,4.84007,0.299846,-0.0142025,0.252674,12.8373,-1.59666,82.7587,0.238471,-0.730665,-2.2991341203451157,-0.3317447900772095,0.132797,999,,,,,,,117.2,4.185714285,117.2,4.185714285,,,,,,,,,,,,,,,,,,,"Dane Myers","22054",667472
"Luisangel Acuña","CHW",18,78,72,18,13,3,0,1,8,7,5,0,16,0,1,1,,5,1,0.248117,0.0577567,0.198942,0.290319,0.292613,0.345481,0.282526,0.638094,0.0973637,5.99591,0.299274,0.0278247,0.372175,7.176,-2.1636,78.0884,0.399999,-0.421874,-1.6054184436798096,0.11284810304641724,0.132697,395.510009765625,,,,,,,68.6,3.811111111,68.6,3.811111111,,,,,,,,,,,,,,,,,,,"Luisangel Acuna","26548",682668
"Harry Ford","WSN",17,69,59,13,9,3,0,1,7,6,8,0,17,1,0,0,,1,0,0.214063,0.121155,0.24866,0.487231,0.322023,0.327486,0.29686,0.649509,0.113423,3.41271,0.275557,0,-0.0263535,7.12558,-1.10297,85.2819,-0.0263535,-1.02959,-1.2612896114587784,0.3199462890625,0.132325,725.52001953125,,,,,,,60.8,3.576470588,60.8,3.576470588,,,,,,,,,,,,,,,,,,,"Harry Ford","29958",695670
"Jorbit Vivas","WSN",21,92,80,18,14,4,0,1,9,7,8,0,13,2,1,0,,1,1,0.231201,0.0904383,0.146961,0.615391,0.318548,0.324255,0.292581,0.642803,0.0930541,3.7518,0.261936,-0.00424,-0.0784348,9.1289,-1.78017,82.4242,-0.0826748,0.425289,-2.037791334092617,0.3598565086722374,0.131843,999,,,,,,,70.9,3.376190476,70.9,3.376190476,,,,,,,,,,,,,,,,,,,"Jorbit Vivas","23917",678391
"Matt Wallner","MIN",9,39,34,8,4,2,0,2,5,5,4,0,12,1,0,0,,0,0,0.236661,0.0905034,0.315272,0.287064,0.32374,0.45042,0.336611,0.77416,0.213759,4.56581,0.31117,-0.0124538,-0.0385464,5.26994,0.633586,115.164,-0.0510002,-0.213921,0.6379528343677521,-0.7291985154151917,0.131741,340.5899963378906,,,,,,,50.4,5.6,50.4,5.6,,,,,,,,,,,,,,,,,,,"Matt Wallner","26466",670242
"Austin Hays","CHW",19,83,76,19,12,4,0,3,9,10,5,0,20,1,1,0,,1,0,0.243846,0.0625756,0.241035,0.259612,0.298144,0.399972,0.305103,0.698116,0.156126,4.02149,0.296555,-0.00205583,-0.0832357,9.1339,-0.771736,93.778,-0.0852915,0.416983,-0.6892584338784218,-0.9834803938865662,0.131644,572.469970703125,,,,,,,90.1,4.742105263,90.1,4.742105263,,,,,,,,,,,,,,,,,,,"Austin Hays","19363",669720
"Mitch Garver","SEA",13,53,46,9,6,2,0,2,6,6,6,0,15,1,0,0,,0,0,0.205923,0.111008,0.288546,0.384717,0.301718,0.350613,0.292864,0.65233,0.14469,3.05998,0.267111,-0.0323114,-0.043468,5.26776,-1.01275,92.1833,-0.0757794,-0.873185,-0.5568627789616585,-0.030747175216674805,0.131417,999,,,,,,,50,3.846153846,50,3.846153846,,,,,,,,,,,,,,,,,,,"Mitch Garver","15161",641598
"Kaelen Culpepper","MIN",7,32,29,7,5,1,0,1,4,3,2,0,7,1,0,0,,1,0,0.239655,0.0722591,0.225044,0.321088,0.305938,0.391106,0.306956,0.697044,0.151451,5.05312,0.283931,0,0.0493052,3.56888,-0.249295,94.5558,0.0493052,-0.0190063,-0.1543935015797615,0.2917961347848177,0.130041,999,,,,,,,33.4,4.771428571,33.4,4.771428571,,,,,,,,,,,,,,,,,,,"Kaelen Culpepper","sa3025360",701785
"Luis Urías","TOR",11,46,40,10,7,2,0,1,5,5,4,0,8,1,0,0,,0,0,0.237181,0.0884494,0.176401,0.501411,0.317846,0.371387,0.307234,0.689233,0.134206,2.78106,0.266786,-0.00112951,-0.0474946,5.10875,-0.345788,96.1354,-0.0486241,-0.299776,-0.2551913186907768,-0.10347992181777954,0.129509,999,,,,,,,46.2,4.2,46.2,4.2,,,,,,,,,,,,,,,,,,,"Luis Urias","16622",649966
"Leo Jiménez","MIA",17,76,65,15,11,3,0,1,8,7,6,0,16,3,1,0,,1,0,0.231707,0.0838952,0.206396,0.406476,0.325743,0.343011,0.303268,0.668754,0.111304,3.23237,0.281845,-0.011155,-0.080624,8.18636,-0.81362,88.2227,-0.0917791,-0.381326,-1.1726094037294388,-0.01327049732208252,0.128886,999,,,,,,,66,3.882352941,66,3.882352941,,,,,,,,,,,,,,,,,,,"Leo Jimenez","23782",677870
"Nathaniel Lowe","CIN",27,116,102,25,16,5,0,4,14,13,13,0,29,1,1,0,,0,0,0.246332,0.108101,0.248984,0.434168,0.330792,0.406025,0.324927,0.736817,0.159693,3.22137,0.305985,-0.0562435,-0.117319,14.6596,0.791692,99.2055,-0.173563,0.205984,-0.2859134301543236,-2.2469482421875,0.127067,999,,,,,,,132.1,4.892592592,132.1,4.892592592,,,,,,,,,,,,,,,,,,,"Nathaniel Lowe","19566",663993
"Joshua Kuroda-Grauer","ATH",19,82,76,20,14,4,0,1,8,8,3,0,12,1,1,1,,2,1,0.257667,0.0384397,0.147827,0.260033,0.293642,0.353982,0.28564,0.647624,0.096315,4.55839,0.292363,0,0.0017927,7.6788,-2.04674,77.6445,0.0017927,0.351778,-2.1287910639075562,0.4601115733385086,0.126579,999,,,,,,,70,3.684210526,70,3.684210526,,,,,,,,,,,,,,,,,,,"Joshua Kuroda-Grauer","35121",811965
"Ryan Vilade","TBR",18,78,71,17,11,4,1,2,10,8,6,0,18,1,1,0,,1,1,0.246018,0.077257,0.232267,0.332621,0.310249,0.392009,0.308585,0.702257,0.14599,5.47006,0.303446,-0.00153072,-0.037021,8.83342,-0.506182,95.5615,-0.0385517,-0.375173,-0.4447803758084774,-1.1135993301868439,0.126025,999,,,,,,,80.4,4.466666666,80.4,4.466666666,,,,,,,,,,,,,,,,,,,"Ryan Vilade","22165",668723
"Nick Allen","HOU",16,67,61,14,11,3,0,1,6,5,5,0,13,0,1,1,,2,1,0.229895,0.0762133,0.196147,0.388553,0.292431,0.30913,0.271326,0.601561,0.0792352,4.11015,0.281069,0.00216145,-0.0230039,5.55554,-2.47189,71.1526,-0.0208425,0.771772,-2.290107149630785,1.1248579621315002,0.125978,999,,,,,,,51.5,3.21875,51.5,3.21875,,,,,,,,,,,,,,,,,,,"Nick Allen","22277",669397
"Kyle Higashioka","TEX",13,52,47,11,7,2,0,2,5,6,4,0,13,0,0,0,,0,0,0.225218,0.0727053,0.247244,0.294062,0.284764,0.384973,0.293713,0.669737,0.159755,2.88343,0.268077,-0.05088,-0.043928,5.18956,-0.955387,87.555,-0.094808,-0.558996,-0.8442089706659317,0.24100399017333984,0.125713,999,,,,,,,51.2,3.938461538,51.2,3.938461538,,,,,,,,,,,,,,,,,,,"Kyle Higashioka","5517",543309
"Elias Díaz","TEX",18,70,64,14,10,3,0,2,7,7,4,0,16,1,1,1,,0,0,0.222041,0.0622434,0.234299,0.265658,0.275629,0.345223,0.274818,0.620852,0.123182,2.44083,0.270012,-0.0133249,-0.0756982,6.00158,-2.38223,74.4246,-0.089023,-0.462,-2.1902155056595802,0.9130001962184906,0.125465,999,,,,,,,56.9,3.161111111,56.9,3.161111111,,,,,,,,,,,,,,,,,,,"Elias Diaz","11680",553869
"Luis Rengifo","SDP",19,82,74,18,13,3,0,2,9,8,6,0,14,1,1,0,,2,1,0.248258,0.0727442,0.165808,0.438725,0.3076,0.36657,0.298454,0.67417,0.118312,4.774,0.28106,0.0417194,-0.0321504,8.52746,-1.19808,90.0042,0.00956898,0.123251,-0.9817174160853028,-0.45174866914749146,0.123868,644.9299926757812,,,,,,,76.3,4.015789473,76.3,4.015789473,,,,,,,,,,,,,,,,,,,"Luis Rengifo","19858",650859
"Yoán Moncada","LAA",10,44,38,9,6,2,0,1,5,5,4,0,12,1,0,0,,0,0,0.235855,0.100237,0.27679,0.362141,0.32023,0.399039,0.317384,0.719269,0.163184,3.90862,0.303889,-0.0182986,-0.0376326,5.21146,0.0296513,101.375,-0.0559313,-0.047515,0.013881009072065353,-0.35013849660754204,0.123488,746.1500244140625,,,,,,,42.6,4.26,42.6,4.26,,,,,,,,,,,,,,,,,,,"Yoan Moncada","17232",660162
"José Tena","WSN",19,80,73,19,13,4,0,2,9,8,5,0,21,0,1,0,,2,1,0.252494,0.0672927,0.256845,0.261997,0.30574,0.388248,0.304785,0.693988,0.135754,5.09434,0.324755,-0.00388256,-0.0263629,8.78108,-0.764357,90.5743,-0.0302455,-0.270293,-0.9476843662559986,-0.47476808726787567,0.12,999,,,,,,,79.8,4.2,79.8,4.2,,,,,,,,,,,,,,,,,,,"Jose Tena","23691",677588
"Edgar Quero","CHW",20,78,69,16,12,3,0,2,8,7,7,0,16,1,1,0,,0,0,0.236967,0.0874438,0.199124,0.439142,0.314728,0.347178,0.297384,0.661906,0.11021,2.21448,0.282296,-0.0438028,-0.101844,8.09991,-1.21543,88.4137,-0.145647,-1.93651,-1.2033073157072067,-0.4087362289428711,0.119847,475.1000061035156,,,,,,,72.1,3.605,72.1,3.605,,,,,,,,,,,,,,,,,,,"Edgar Quero","28022",700337
"Bryan Torres","STL",15,63,55,14,10,2,0,1,7,5,7,0,12,0,0,0,,2,1,0.247956,0.105613,0.183259,0.576301,0.32857,0.340476,0.301712,0.669046,0.0925197,4.68915,0.29736,-0.002916,0.0714609,6.74477,-0.757792,90.6151,0.0685449,0.54809,-0.6494295597076416,-0.22690999507904053,0.11882,999,,,,,,,60.6,4.04,60.6,4.04,,,,,,,,,,,,,,,,,,,"Bryan Torres","21464",663494
"Miguel Rojas","LAD",15,65,59,14,10,3,0,1,6,6,4,0,9,1,1,0,,1,0,0.239486,0.0666013,0.139615,0.477035,0.29513,0.341898,0.283617,0.637028,0.102412,3.54999,0.264991,-0.006384,-0.00831524,6.03584,-1.74459,76.9186,-0.0146992,0.606682,-1.8458960270509124,0.8900152146816254,0.118448,999,,,,,,,54.4,3.626666666,54.4,3.626666666,,,,,,,,,,,,,,,,,,,"Miguel Rojas","7802",500743
"Jose Trevino","CIN",22,87,80,19,13,4,0,2,8,8,5,0,15,1,1,1,,0,0,0.234958,0.0611429,0.17237,0.354719,0.284647,0.348463,0.280119,0.63311,0.113505,2.45648,0.266573,-0.0267826,-0.0837561,7.78302,-2.56736,69.2814,-0.110539,-0.00692856,-3.352636605501175,1.6906023020856082,0.117991,999,,,,,,,74.8,3.4,74.8,3.4,,,,,,,,,,,,,,,,,,,"Jose Trevino","16725",624431
"Starling Marte","KCR",17,76,68,18,13,3,0,2,9,8,5,0,16,1,1,0,,2,1,0.260696,0.0628635,0.205588,0.305773,0.319602,0.39406,0.31452,0.713662,0.133364,5.61332,0.310077,-0.0181576,0.163957,8.87593,-0.124052,97.5128,0.145799,0.129062,-0.0735565572977066,-1.4658453315496445,0.117621,999,,,,,,,79.3,4.664705882,79.3,4.664705882,,,,,,,,,,,,,,,,,,,"Starling Marte","9241",516782
"Parker Meadows","DET",7,30,27,6,4,1,0,1,4,3,3,0,7,0,0,0,,1,0,0.233607,0.0874044,0.243091,0.359554,0.304251,0.387917,0.304457,0.692168,0.15431,6.89872,0.289718,0.0144628,0.0459939,3.25361,-0.291832,93.3352,0.0604567,0.143329,-0.17109974473714828,0.24965602159500122,0.115781,745.6900024414062,,,,,,,29.8,4.257142857,29.8,4.257142857,,,,,,,,,,,,,,,,,,,"Parker Meadows","23800",678009
"LaMonte Wade Jr.","HOU",21,92,78,17,11,3,0,2,11,9,13,0,22,1,1,0,,0,0,0.219312,0.135776,0.236208,0.574814,0.332592,0.355659,0.311285,0.688251,0.136347,3.00594,0.270572,-0.04264,-0.102905,10.5779,-0.392878,98.9214,-0.145545,-0.857737,-0.26150665432214737,-1.8929217457771301,0.115202,999,,,,,,,86.7,4.128571428,86.7,4.128571428,,,,,,,,,,,,,,,,,,,"LaMonte Wade Jr.","18126",664774
"Ali Sánchez","NYY",11,45,41,9,6,2,0,1,4,4,3,0,11,0,0,0,,0,0,0.220497,0.0698721,0.243131,0.287384,0.278516,0.334477,0.272882,0.612993,0.11398,2.21857,0.273217,-0.00168,-0.0540753,3.74884,-1.58631,72.7968,-0.0557553,0.130156,-1.4779794663190842,1.0051560550928116,0.114306,999,,,,,,,33.6,3.054545454,33.6,3.054545454,,,,,,,,,,,,,,,,,,,"Ali Sanchez","18551",645305
"Max Clark","DET",8,34,30,7,5,1,0,1,4,3,3,0,7,0,0,0,,1,0,0.239706,0.0979818,0.214906,0.455928,0.316756,0.374447,0.306732,0.691203,0.13474,5.53423,0.288962,0,0.0472695,3.81757,-0.273328,94.9168,0.0472695,-0.0811285,-0.15651004388928413,0.04155667871236801,0.11275,999,,,,,,,32.4,4.05,32.4,4.05,,,,,,,,,,,,,,,,,,,"Max Clark","sa3022683",703601
"Drew Romo","CHW",21,85,78,17,12,3,0,2,8,8,5,0,20,1,1,1,,1,0,0.220967,0.0565151,0.240189,0.235295,0.271047,0.342127,0.271102,0.613175,0.121161,3.76916,0.271525,-0.000216667,-0.0560978,6.96875,-3.12287,70.1498,-0.0563145,-0.565056,-3.0082688331604004,1.0900365710258484,0.112412,999,,,,,,,64.6,3.076190476,64.6,3.076190476,,,,,,,,,,,,,,,,,,,"Drew Romo","27763",691011
"Pedro Pagés","STL",12,47,43,10,7,2,0,1,5,5,3,0,12,0,0,0,,0,0,0.227634,0.0679516,0.253014,0.268568,0.285954,0.357832,0.284875,0.643786,0.130198,3.19306,0.285239,-0.025515,-0.0345739,4.38382,-1.20539,79.3706,-0.0600889,-0.119515,-1.2358136288821697,0.7971515282988548,0.110233,748.2899780273438,,,,,,,37.2,3.1,37.2,3.1,,,,,,,,,,,,,,,,,,,"Pedro Pages","25782",686780
"Bryce Eldridge","SFG",40,173,154,36,22,7,0,6,19,21,16,0,52,1,1,1,,0,0,0.232714,0.092341,0.301969,0.305796,0.30628,0.400587,0.310354,0.706868,0.167873,1.86623,0.306195,-0.00537097,-0.197156,19.6959,-0.866688,96.6284,-0.202527,0.129759,-0.9094755351543427,-3.6202407628297806,0.109925,999,,,,,,,175.3,4.3825,175.3,4.3825,,,,,,,,,,,,,,,,,,,"Bryce Eldridge","33390",805811
"Hao-Yu Lee","DET",12,53,48,11,8,2,0,1,6,5,4,0,12,1,0,0,,1,0,0.238574,0.0729272,0.227372,0.32074,0.302097,0.38209,0.30142,0.684187,0.143517,5.23597,0.288464,0,-0.004741,5.62666,-0.64605,91.2247,-0.004741,-0.453756,-0.5441494421102107,-0.26563864946365356,0.108655,999,,,,,,,45.7,3.808333333,45.7,3.808333333,,,,,,,,,,,,,,,,,,,"Hao-Yu Lee","30080",701678
"Brian Serven","ATH",17,68,61,13,9,3,0,1,7,7,5,0,20,1,0,1,,0,0,0.214196,0.0783801,0.289807,0.270456,0.285689,0.33579,0.278142,0.621479,0.121594,2.72658,0.288863,-0.00201974,-0.0728098,6.00371,-2.12604,72.4336,-0.0748296,-0.445092,-2.2709624618291855,0.8882410824298859,0.107042,999,,,,,,,47.9,2.817647058,47.9,2.817647058,,,,,,,,,,,,,,,,,,,"Brian Serven","19422",661531
"Nicky Lopez","TEX",21,89,80,19,15,3,0,0,9,6,7,0,14,1,1,1,,2,1,0.236648,0.0763417,0.159125,0.479759,0.301123,0.301221,0.273132,0.602344,0.0645731,5.10086,0.280188,0.0127603,0.00853053,7.43753,-3.12162,73.2525,0.0212909,0.22455,-2.746378570795059,0.6078831702470779,0.104298,999,,,,,,,60.1,2.861904761,60.1,2.861904761,,,,,,,,,,,,,,,,,,,"Nicky Lopez","19339",670032
"Tristan Gray","MIN",20,85,78,17,11,4,0,3,9,9,5,0,25,1,1,1,,0,0,0.220971,0.0578424,0.298026,0.194085,0.271933,0.377489,0.284053,0.649422,0.156518,3.86091,0.288253,-0.00921275,-0.0716649,7.85817,-2.23272,78.6397,-0.0808777,-0.548354,-2.193092718720436,0.17957830429077148,0.102729,999,,,,,,,75,3.75,75,3.75,,,,,,,,,,,,,,,,,,,"Tristan Gray","19877",656484
"Zach Dezenzo","HOU",13,56,50,12,8,2,0,2,6,6,5,0,16,1,0,0,,1,0,0.234991,0.0880081,0.287528,0.306086,0.308207,0.383398,0.305686,0.691605,0.148407,4.5023,0.310152,0.00118182,0.0631928,6.19492,-0.494603,95.0308,0.0643747,-0.133341,-0.2613764703273773,-0.7512418031692505,0.100767,999,,,,,,,61.7,4.746153846,61.7,4.746153846,,,,,,,,,,,,,,,,,,,"Zach Dezenzo","31562",701305
"Isiah Kiner-Falefa","BOS",10,45,41,11,8,2,0,0,5,4,3,0,7,1,0,0,,2,0,0.25613,0.0581851,0.165351,0.351889,0.306583,0.337387,0.287486,0.64397,0.0812568,5.34715,0.300976,0.015018,0.09282,4.31329,-1.06405,77.5262,0.107838,0.106822,-1.0764190405607224,0.4548158273100853,0.100505,746.1500244140625,,,,,,,42.2,4.22,42.2,4.22,,,,,,,,,,,,,,,,,,,"Isiah Kiner-Falefa","16512",643396
"Max Schuemann","NYY",13,56,48,10,7,2,0,1,6,5,6,0,13,1,0,0,,2,0,0.210701,0.106247,0.231553,0.458846,0.311781,0.31258,0.286321,0.624361,0.10188,5.27721,0.266521,-0.0015829,0.154131,5.29638,-1.37256,82.136,0.152548,0.145494,-1.0149016231298447,-0.037839069962501526,0.0960732,999,,,,,,,48,3.692307692,48,3.692307692,,,,,,,,,,,,,,,,,,,"Max Schuemann","24488",680474
"Derek Hill","PHI",15,66,61,14,9,2,0,2,8,7,4,0,20,1,0,0,,3,1,0.22983,0.061445,0.298779,0.205654,0.283261,0.376485,0.289609,0.659746,0.146655,6.29575,0.305367,0.00284151,0.179099,6.45838,-1.4507,78.8353,0.18194,0.464768,-1.524954229593277,0.3093666732311249,0.0956788,999,,,,,,,59.9,3.993333333,59.9,3.993333333,,,,,,,,,,,,,,,,,,,"Derek Hill","16947",656537
"Tyrone Taylor","NYM",10,44,40,9,6,2,0,1,5,5,2,0,10,1,0,0,,1,0,0.235347,0.0561447,0.220174,0.255001,0.289509,0.391349,0.297797,0.680858,0.156002,5.48496,0.276944,0.0206342,0.0457735,4.52028,-0.661528,89.1349,0.0664077,0.365149,-0.507686123251915,0.029809236526489258,0.0949806,999,,,,,,,36.5,3.65,36.5,3.65,,,,,,,,,,,,,,,,,,,"Tyrone Taylor","13675",621438
"Jake Rogers","DET",9,34,30,7,4,1,0,1,4,4,3,0,9,0,0,0,,0,0,0.217798,0.089114,0.27403,0.325198,0.293051,0.375452,0.295462,0.668503,0.157654,4.06916,0.274409,-0.00317647,-0.0196287,3.4813,-0.583578,85.4479,-0.0228052,-0.287329,-0.6142227873206139,0.37933722138404846,0.0942496,999,,,,,,,30.5,3.388888888,30.5,3.388888888,,,,,,,,,,,,,,,,,,,"Jake Rogers","19452",668670
"Jon Berti",,6,28,25,6,5,1,0,0,3,2,2,0,6,0,0,0,,2,0,0.247887,0.0786802,0.220812,0.356322,0.312977,0.340845,0.293252,0.653822,0.0929577,5.81688,0.309434,0.00691563,0.138492,2.80558,-0.528886,83.943,0.145408,0.180296,-0.38990943133831024,0.3636298030614853,0.0941841,999,,,,,,,21.3,3.55,21.3,3.55,,,,,,,,,,,,,,,,,,,"Jon Berti","12037",542932
"Noelvi Marte","CIN",29,126,115,29,19,6,0,4,14,15,8,0,28,1,1,1,,4,1,0.253044,0.0632475,0.220679,0.286604,0.304633,0.413285,0.312946,0.717918,0.160241,4.66432,0.297346,0.0208609,0.0950752,14.6325,-0.367489,91.2043,0.115936,-0.601837,-1.2293947413563728,-1.951374351978302,0.0927157,147.7100067138672,,,,,,,134.2,4.627586206,134.2,4.627586206,,,,,,,,,,,,,,,,,,,"Noelvi Marte","26517",682622
"Myles Straw","TOR",16,69,62,14,11,3,0,1,7,5,6,0,12,0,1,1,,3,0,0.234191,0.0806493,0.17038,0.47335,0.297303,0.314681,0.275554,0.611985,0.0804904,5.60538,0.2774,0.0196901,0.266591,5.89798,-2.28382,74.12,0.286281,0.652617,-1.7887063026428223,0.2109500765800476,0.0888521,999,,,,,,,58.2,3.6375,58.2,3.6375,,,,,,,,,,,,,,,,,,,"Myles Straw","17620",664702
"Carlos Cortes","ATH",25,107,96,23,14,5,0,3,12,13,9,0,21,1,1,0,,0,0,0.23961,0.0845659,0.20028,0.422239,0.307383,0.398129,0.309858,0.705512,0.158519,2.73983,0.273748,-0.0113241,-0.111615,12.2002,-0.581968,94.4741,-0.122939,0.171532,-0.815106712281704,-2.1451345086097717,0.088589,999,,,,,,,105.5,4.22,105.5,4.22,,,,,,,,,,,,,,,,,,,"Carlos Cortes","21842",666126
"Jesse Winker",,9,37,31,7,5,1,0,1,4,4,5,0,8,1,0,0,,0,0,0.236515,0.137631,0.219512,0.626984,0.350785,0.381743,0.328274,0.732528,0.145228,4.10008,0.286957,-0.0418358,-0.0219064,4.80112,0.355158,107.797,-0.0637422,-0.0177063,0.2828413173556328,-0.684373002499342,0.0884231,999,,,,,,,38.5,4.277777777,38.5,4.277777777,,,,,,,,,,,,,,,,,,,"Jesse Winker","13590",608385
"Jake Fraley","TBR",17,74,65,15,10,3,0,2,8,7,7,0,17,1,1,0,,2,1,0.233813,0.0914547,0.226291,0.404146,0.310066,0.358202,0.298133,0.668268,0.124389,4.50704,0.287165,-0.0207238,0.0968614,7.6736,-1.09997,88.2982,0.0761377,0.0927366,-0.9299350753426552,-0.8324177041649818,0.0881329,999,,,,,,,71.5,4.205882352,71.5,4.205882352,,,,,,,,,,,,,,,,,,,"Jake Fraley","19260",641584
"Joey Bart","ATL",7,28,24,6,4,1,0,1,3,3,2,0,8,1,0,0,,0,0,0.238675,0.0893921,0.286836,0.311649,0.321311,0.387002,0.314384,0.708313,0.148327,2.75188,0.31613,-0.0159949,-0.0334862,3.25413,-0.0485806,96.5017,-0.0494812,-0.412664,-0.16729438677430153,0.12900257110595703,0.0875346,999,,,,,,,30.9,4.414285714,30.9,4.414285714,,,,,,,,,,,,,,,,,,,"Joey Bart","21524",663698
"Jim Jarvis","ATL",20,86,78,18,13,4,0,1,9,8,6,0,17,1,1,1,,3,1,0.232604,0.07095,0.199507,0.355626,0.293792,0.330597,0.279338,0.624389,0.0979924,5.50865,0.282174,0,0.123156,7.67637,-2.60492,73.097,0.123156,-0.126445,-2.6972805187106133,0.7485554367303848,0.0870129,999,,,,,,,67.7,3.385,67.7,3.385,,,,,,,,,,,,,,,,,,,"Jim Jarvis","33492",805347
"George Lombard Jr.","NYY",6,28,24,5,3,1,0,1,3,3,3,0,8,0,0,0,,1,0,0.212669,0.111883,0.270912,0.412985,0.311318,0.336331,0.293318,0.647648,0.123661,4.89626,0.283094,0,0.0182709,2.80707,-0.527397,86.9984,0.0182709,-0.00399063,-0.40656973235309124,0.2626760536804795,0.0868128,999,,,,,,,27.2,4.533333333,27.2,4.533333333,,,,,,,,,,,,,,,,,,,"George Lombard Jr.","sa3023233",806146
"Lenyn Sosa","TOR",10,44,41,10,7,2,0,1,5,5,2,0,9,0,0,0,,0,0,0.24907,0.0430446,0.212923,0.202161,0.284415,0.40031,0.297627,0.684725,0.151239,2.75387,0.287975,-0.00142543,-0.0550802,4.5143,-0.667512,89.4591,-0.0565056,0.123082,-0.5917579829692841,-0.13046731054782867,0.0843578,487.05999755859375,,,,,,,36.2,3.62,36.2,3.62,,,,,,,,,,,,,,,,,,,"Lenyn Sosa","22896",672820
"Austin Hedges","CLE",17,66,59,12,9,2,0,1,6,5,5,0,15,1,0,1,,1,0,0.20471,0.0760969,0.225087,0.338077,0.272337,0.293401,0.256225,0.565738,0.0886906,3.2541,0.254187,-0.0194408,-0.0273329,4.61293,-3.21572,61.2789,-0.0467737,0.215503,-3.0173198990523815,1.4994531571865082,0.0841846,999,,,,,,,43.3,2.547058823,43.3,2.547058823,,,,,,,,,,,,,,,,,,,"Austin Hedges","12976",595978
"Nolan Gorman","STL",11,47,41,9,5,2,0,2,5,5,5,0,15,0,0,0,,0,0,0.216842,0.100914,0.31568,0.319671,0.297815,0.388786,0.3027,0.686601,0.171944,2.77738,0.285753,-0.0518493,-0.0358211,5.03353,-0.523917,91.2752,-0.0876704,0.177898,-0.5820924863219261,-0.10543562471866608,0.0841232,653.1400146484375,,,,,,,49,4.454545454,49,4.454545454,,,,,,,,,,,,,,,,,,,"Nolan Gorman","22263",669357
"Jacob Melton","TBR",7,31,28,6,4,1,0,1,3,3,2,0,9,0,0,0,,2,0,0.226721,0.0787522,0.286464,0.274912,0.290623,0.385229,0.296555,0.675852,0.158508,6.57011,0.294943,0.0017732,0.220893,3.17842,-0.500822,87.2014,0.222666,0.148791,-0.23877988755702972,-0.046425044536590576,0.0829708,727.5700073242188,,,,,,,27.7,3.957142857,27.7,3.957142857,,,,,,,,,,,,,,,,,,,"Jacob Melton","31661",689200
"Harrison Bader","SFG",9,37,34,8,5,2,0,1,4,4,2,0,9,1,0,0,,1,0,0.237399,0.062854,0.239816,0.262093,0.295003,0.373175,0.294724,0.668178,0.135776,4.97464,0.292384,-0.000443077,0.0165072,3.78532,-0.660637,86.1895,0.0160641,0.0755225,-0.6100344564765692,0.20885583013296127,0.0823887,554.3099975585938,,,,,,,36.9,4.1,36.9,4.1,,,,,,,,,,,,,,,,,,,"Harrison Bader","18030",664056
"Jeremiah Jackson","BAL",11,46,43,10,6,2,0,2,5,6,2,0,11,0,0,0,,1,0,0.237715,0.04483,0.241114,0.185929,0.275053,0.399766,0.292744,0.674819,0.162051,4.29168,0.282481,-0.00196069,-0.0179675,4.57049,-0.88404,86.9212,-0.0199282,-0.268681,-0.7190058212727308,-0.1051008552312851,0.0823225,999,,,,,,,45.5,4.136363636,45.5,4.136363636,,,,,,,,,,,,,,,,,,,"Jeremiah Jackson","22239",669236
"TJ Friedl","CIN",28,119,104,24,17,4,1,2,14,10,11,0,23,3,1,1,,2,1,0.231002,0.0920393,0.190269,0.483733,0.316748,0.349636,0.29964,0.666383,0.118634,5.21217,0.271789,0.0325686,0.0516402,12.5219,-1.62897,82.3178,0.0842089,-0.344645,-2.467252343893051,-0.5992741584777832,0.0807966,265.1499938964844,,,,,,,109.5,3.910714285,109.5,3.910714285,,,,,,,,,,,,,,,,,,,"TJ Friedl","19522",670770
"Joey Loperfido","HOU",9,38,34,8,5,2,0,1,4,4,3,0,10,1,0,0,,1,0,0.23438,0.0721917,0.273198,0.264247,0.300313,0.380497,0.300418,0.68081,0.146117,5.07636,0.303369,-0.00215713,0.0125587,4.04935,-0.499526,91.3697,0.0104016,0.110115,-0.37430512625724083,-0.23494667559862137,0.0765639,746.02001953125,,,,,,,39.9,4.433333333,39.9,4.433333333,,,,,,,,,,,,,,,,,,,"Joey Loperfido","29630",694388
"Sean Keys","TOR",7,30,26,6,3,1,0,1,4,3,3,0,8,1,0,0,,0,0,0.224687,0.0982834,0.278967,0.352312,0.314205,0.404019,0.31644,0.718224,0.179332,3.90022,0.28324,0,-0.0264509,3.54296,-0.00249008,102.533,-0.0264509,0.132748,0.0615525022149086,-0.3825301229953766,0.0752755,999,,,,,,,31.9,4.557142857,31.9,4.557142857,,,,,,,,,,,,,,,,,,,"Sean Keys","35094",815873
"Eli White","ATL",8,33,30,7,5,1,0,1,4,3,2,0,9,0,0,0,,1,0,0.235054,0.0719185,0.261329,0.275202,0.297705,0.381895,0.299295,0.6796,0.146841,6.27585,0.29613,-0.00449053,0.119936,3.43327,-0.456948,86.425,0.115445,0.348801,-0.4230506047606468,0.09880131483078003,0.0748053,999,,,,,,,29.4,3.675,29.4,3.675,,,,,,,,,,,,,,,,,,,"Eli White","19346",642201
"Rafael Marchán","PHI",8,31,28,6,4,1,0,1,3,3,2,0,5,0,0,0,,0,0,0.227273,0.0732406,0.170634,0.429225,0.294437,0.338842,0.283301,0.633279,0.111569,2.9019,0.25856,-0.010456,-0.033284,2.89355,-0.846703,74.6228,-0.04374,0.103204,-1.0116009041666985,0.7166294753551483,0.0736227,999,,,,,,,23.9,2.9875,23.9,2.9875,,,,,,,,,,,,,,,,,,,"Rafael Marchan","21646",665561
"Jahmai Jones","BOS",12,52,46,11,7,2,0,1,7,6,5,0,14,1,0,0,,1,0,0.237417,0.0954961,0.261382,0.36535,0.32187,0.396848,0.317481,0.718717,0.159431,5.85858,0.30317,-0.000246939,0.0186497,6.26614,0.0397357,98.3701,0.0184027,-0.0270744,-0.0810431707650423,-1.062568299472332,0.073403,999,,,,,,,50.7,4.225,50.7,4.225,,,,,,,,,,,,,,,,,,,"Jahmai Jones","18872",663330
"Grant McCray","SFG",21,91,82,18,12,3,1,2,11,9,8,0,28,1,1,1,,4,1,0.218939,0.083261,0.307773,0.270527,0.288161,0.356789,0.285932,0.644949,0.13785,6.89379,0.302967,-0.000794717,0.294728,8.57793,-2.25909,80.3184,0.293933,-0.23144,-1.8809723556041718,-0.37310630083084106,0.0714382,999,,,,,,,83.8,3.99047619,83.8,3.99047619,,,,,,,,,,,,,,,,,,,"Grant McCray","25690",687529
"Justin Foscue","TEX",11,49,43,10,6,2,0,1,5,6,4,0,10,1,0,0,,0,0,0.222815,0.0872944,0.211833,0.412091,0.300936,0.374607,0.299528,0.675544,0.151792,2.92162,0.257206,-0.000581538,-0.0449869,5.15916,-0.676158,91.5963,-0.0455684,0.455339,-0.5261194854974747,-0.519661158323288,0.0714285,999,,,,,,,43.2,3.927272727,43.2,3.927272727,,,,,,,,,,,,,,,,,,,"Justin Foscue","27501",679822
"Alejandro Osuna","TEX",12,54,47,12,8,2,0,1,6,5,5,0,11,1,0,0,,2,1,0.243566,0.0857328,0.202072,0.424269,0.320168,0.359213,0.30389,0.679381,0.115647,4.62245,0.293418,0.00273827,-0.0359983,5.84034,-0.550729,94.6272,-0.03326,-0.359912,-0.36975299566984177,-0.851578563451767,0.070531,999,,,,,,,54.4,4.533333333,54.4,4.533333333,,,,,,,,,,,,,,,,,,,"Alejandro Osuna","27915",696030
"Lourdes Gurriel Jr.","ARI",38,165,151,38,26,8,0,4,18,19,10,0,29,2,1,1,,2,1,0.252834,0.0595053,0.174753,0.340511,0.30302,0.395195,0.305799,0.698215,0.142361,3.69185,0.284051,-0.0211023,-0.172187,18.1995,-1.43681,90.2635,-0.193289,0.678358,-2.142825201153755,-2.5278144478797913,0.0700007,689.0700073242188,,,,,,,159.6,4.2,159.6,4.2,,,,,,,,,,,,,,,,,,,"Lourdes Gurriel Jr.","19238",666971
"Andrés Chaparro","WSN",11,48,43,10,6,2,0,2,5,6,4,0,11,0,0,0,,0,0,0.240235,0.081723,0.230196,0.355014,0.30798,0.4198,0.317471,0.72778,0.179565,2.43391,0.279074,-0.0094669,-0.0534262,5.76343,0.0361683,99.0466,-0.0628931,0.236308,-0.11857376620173454,-0.7697109282016754,0.0684704,999,,,,,,,49.6,4.509090909,49.6,4.509090909,,,,,,,,,,,,,,,,,,,"Andres Chaparro","21797",665953
"J.C. Escarra","NYY",5,21,19,4,3,1,0,0,2,2,2,0,4,0,0,0,,0,0,0.222734,0.0864475,0.191309,0.451873,0.29802,0.344827,0.287594,0.642846,0.122092,3.64076,0.25987,-0.00305581,-0.0169948,2.03969,-0.500857,83.0206,-0.0200506,-0.060599,-0.4427697919309139,0.3560676723718643,0.0684679,999,,,,,,,12.3,2.46,12.3,2.46,,,,,,,,,,,,,,,,,,,"J.C. Escarra","20084",641555
"Danny Jansen","TEX",5,21,19,4,3,1,0,1,2,2,2,0,5,0,0,0,,0,0,0.218367,0.101217,0.235377,0.430019,0.30887,0.376204,0.304748,0.685074,0.157836,3.00874,0.259187,-0.0149586,-0.0182044,2.33647,-0.20408,95.2234,-0.0331631,-0.362396,-0.1520806886255741,0.05427050590515137,0.0673417,999,,,,,,,21.7,4.34,21.7,4.34,,,,,,,,,,,,,,,,,,,"Danny Jansen","16535",643376
"Nelson Velázquez","STL",15,65,59,14,8,3,0,3,7,8,5,0,18,1,0,0,,1,0,0.231766,0.0837331,0.271861,0.307999,0.301014,0.412912,0.311809,0.713926,0.181146,4.22908,0.28503,0.018792,-0.00186899,7.52958,-0.250853,97.3586,0.016923,-0.111447,-0.1926379632204771,-1.2781133502721786,0.066249,748.5599975585938,,,,,,,76.2,5.08,76.2,5.08,,,,,,,,,,,,,,,,,,,"Nelson Velazquez","23359",676369
"Jacob Gonzalez","PIT",31,133,120,27,18,6,0,3,13,14,10,0,27,1,1,1,,2,1,0.228209,0.0721753,0.201681,0.357869,0.290381,0.360407,0.288217,0.650788,0.132198,3.81418,0.265806,0,-0.017703,12.7668,-3.05133,77.6371,-0.017703,-1.13682,-3.6247491240501404,-0.04083585739135742,0.0662108,999,,,,,,,110.8,3.574193548,110.8,3.574193548,,,,,,,,,,,,,,,,,,,"Jacob Gonzalez","33225",694378
"Alika Williams","ATH",11,49,45,11,7,2,0,1,5,5,3,0,10,1,0,0,,0,0,0.237446,0.0587829,0.212884,0.276126,0.288879,0.34686,0.281817,0.63574,0.109414,3.60075,0.289964,-0.00318645,-0.0636247,4.45537,-1.37996,74.9879,-0.0668112,0.0396115,-1.4970760196447372,0.397944837808609,0.0660198,999,,,,,,,43.8,3.981818181,43.8,3.981818181,,,,,,,,,,,,,,,,,,,"Alika Williams","27604",675961
"Tyler Tolbert","KCR",15,66,60,14,10,2,1,1,7,5,4,0,16,1,0,1,,6,1,0.22432,0.0648787,0.237494,0.27318,0.282503,0.320882,0.269808,0.603385,0.096562,7.81666,0.288214,-0.00912284,0.749315,5.39187,-2.5172,66.4413,0.740192,0.113927,-1.860762357711792,0.13846388645470142,0.0659045,999,,,,,,,62.9,4.193333333,62.9,4.193333333,,,,,,,,,,,,,,,,,,,"Tyler Tolbert","25779",686475
"Jorge Mateo","ATL",8,35,32,7,5,2,0,1,4,4,2,0,9,0,0,0,,2,0,0.227754,0.0649429,0.266127,0.244029,0.281997,0.363338,0.284242,0.645335,0.135584,6.74544,0.291873,0.0153141,0.248881,3.25124,-0.916852,76.3721,0.264195,-0.0901172,-0.7400302886962891,0.25154948234558105,0.0658465,999,,,,,,,32.2,4.025,32.2,4.025,,,,,,,,,,,,,,,,,,,"Jorge Mateo","17273",622761
"Yohendrick Piñango","TOR",17,76,68,16,10,4,0,2,8,8,6,0,18,0,1,0,,0,0,0.238465,0.0769271,0.241443,0.318614,0.29867,0.381546,0.2991,0.680216,0.143081,3.70367,0.296275,0,-0.0639699,7.93089,-1.06909,90.4827,-0.0639699,-0.243794,-0.9033499732613564,-1.151664450764656,0.0653475,999,,,,,,,70,4.117647058,70,4.117647058,,,,,,,,,,,,,,,,,,,"Yohendrick Pinango","26664",682818
"John Rave","KCR",5,23,20,5,3,1,0,1,3,2,2,0,5,0,0,0,,1,0,0.239713,0.0952171,0.231026,0.412149,0.313742,0.391365,0.31073,0.705107,0.151652,6.3302,0.293359,-0.00122039,0.0288735,2.61929,-0.107973,94.8793,0.0276531,0.274397,-0.10920001938939095,-0.06912192702293396,0.0648574,999,,,,,,,28.2,5.64,28.2,5.64,,,,,,,,,,,,,,,,,,,"John Rave","26284",670231
"Mark Vientos","NYM",13,57,52,13,8,2,0,2,7,8,4,0,15,1,0,0,,0,0,0.240657,0.0713668,0.256132,0.278633,0.300453,0.432175,0.317631,0.732628,0.191518,2.62712,0.284583,-0.0343372,-0.05906,6.86866,0.0504952,102.381,-0.0933972,-0.249857,0.07214312255382538,-1.354023888707161,0.0587624,652.5700073242188,,,,,,,60.4,4.646153846,60.4,4.646153846,,,,,,,,,,,,,,,,,,,"Mark Vientos","22184",668901
"Jonatan Clase","TOR",7,30,27,6,4,1,0,1,3,3,3,0,8,0,0,0,,2,0,0.221291,0.0867937,0.280133,0.30983,0.292125,0.361436,0.289765,0.653561,0.140145,6.72272,0.291235,0.000644388,0.164924,2.89889,-0.646555,83.9952,0.165568,0.147948,-0.3904935419559479,-0.10560105741024017,0.0575218,999,,,,,,,31.7,4.528571428,31.7,4.528571428,,,,,,,,,,,,,,,,,,,"Jonatan Clase","26599",682729
"Jesus Rodriguez","SFG",14,55,50,12,9,2,0,1,6,5,4,0,10,0,0,0,,1,0,0.247057,0.0736915,0.17898,0.41173,0.307196,0.348507,0.292372,0.655703,0.10145,4.26557,0.289173,-0.000394161,-0.0168433,5.44518,-1.07291,84.6192,-0.0172375,-0.619053,-1.0395120680332184,-0.17738628387451172,0.0570446,999,,,,,,,46.3,3.307142857,46.3,3.307142857,,,,,,,,,,,,,,,,,,,"Jesus Rodriguez","26991",683679
"Curtis Mead","BOS",5,21,19,5,3,1,0,1,3,3,2,0,4,0,0,0,,0,0,0.257358,0.0782345,0.206673,0.378542,0.327236,0.416825,0.326193,0.744061,0.159467,4.75166,0.303109,0.00100489,-0.0119867,2.71455,0.167386,104.425,-0.0109818,-0.173797,0.09946601558476686,-0.30111147463321686,0.0570159,999,,,,,,,27.3,5.46,27.3,5.46,,,,,,,,,,,,,,,,,,,"Curtis Mead","23986",678554
"Wenceel Pérez","DET",5,23,21,5,3,1,0,1,3,2,2,0,5,0,0,0,,1,0,0.241644,0.0813654,0.197107,0.412798,0.306199,0.395874,0.307736,0.702073,0.15423,6.39884,0.279682,0.0126676,0.0188136,2.56368,-0.163588,95.6139,0.0314812,0.0643327,-0.08574043214321136,-0.18103763461112976,0.0558895,748.5399780273438,,,,,,,27.2,5.44,27.2,5.44,,,,,,,,,,,,,,,,,,,"Wenceel Perez","22857",672761
"Christian Vázquez","HOU",22,86,78,17,13,3,0,1,8,7,6,0,17,1,1,1,,1,0,0.220556,0.0684807,0.191599,0.357417,0.277677,0.306361,0.262388,0.584038,0.0858051,2.86358,0.262938,-0.0597622,-0.101754,6.4857,-3.78941,64.9415,-0.161516,-0.532515,-3.691571429371834,1.1526697278022766,0.0550666,999,,,,,,,58.2,2.645454545,58.2,2.645454545,,,,,,,,,,,,,,,,,,,"Christian Vazquez","9774",543877
"Alex Call","LAD",8,33,28,6,4,1,0,1,4,3,4,0,6,0,0,0,,1,0,0.227104,0.112801,0.190909,0.590865,0.324689,0.351976,0.305154,0.676665,0.124872,3.84655,0.265228,-0.0038808,-0.0247088,3.58847,-0.301743,91.3017,-0.0285896,-0.0304345,-0.37363556772470474,-0.14710118807852268,0.054885,999,,,,,,,31.8,3.975,31.8,3.975,,,,,,,,,,,,,,,,,,,"Alex Call","19296",669743
"Rob Refsnyder","SEA",11,46,40,9,6,2,0,1,5,5,4,0,12,1,0,0,,0,0,0.224925,0.0924532,0.265432,0.348312,0.306298,0.368624,0.300152,0.674922,0.143698,3.42424,0.285307,-0.0141333,-0.0284062,4.84568,-0.608851,97.2478,-0.0425395,0.0650072,-0.18964629620313644,-0.9164743423461914,0.0537314,999,,,,,,,40.6,3.69090909,40.6,3.69090909,,,,,,,,,,,,,,,,,,,"Rob Refsnyder","13770",608701
"Kahlil Watson","CLE",6,25,22,5,3,1,0,1,3,3,2,0,8,0,0,0,,1,0,0.217765,0.0811846,0.308654,0.263028,0.288781,0.377973,0.293988,0.666755,0.160209,5.7365,0.290717,0,0.0440605,2.49128,-0.452111,87.5213,0.0440605,0.222533,-0.31586914137005806,-0.04228201508522034,0.0531983,999,,,,,,,26.2,4.366666666,26.2,4.366666666,,,,,,,,,,,,,,,,,,,"Kahlil Watson","29905",696135
"Jhostynxon Garcia","PIT",8,37,34,8,5,2,0,1,4,4,2,0,10,0,0,0,,0,0,0.23505,0.0607135,0.269903,0.224945,0.289223,0.386121,0.295772,0.675343,0.151071,4.57542,0.300032,0,-0.0207944,3.74639,-0.617235,82.6828,-0.0207944,0.214691,-0.7913314737379551,0.11654314398765564,0.0523707,999,,,,,,,32,4,32,4,,,,,,,,,,,,,,,,,,,"Jhostynxon Garcia","28142",691373
"Abimelec Ortiz","WSN",13,55,49,12,7,2,0,2,6,7,4,0,13,1,0,0,,0,0,0.236691,0.0773207,0.239,0.323517,0.302854,0.421522,0.315579,0.724376,0.184832,2.78496,0.276645,-0.000944914,-0.0655075,6.50245,-0.042986,97.7832,-0.0664525,0.153468,-0.21440880000591278,-1.0570254176855087,0.0522726,999,,,,,,,57.8,4.446153846,57.8,4.446153846,,,,,,,,,,,,,,,,,,,"Abimelec Ortiz","29539",694673
"Gustavo Campero","LAA",4,15,13,3,2,1,0,0,2,2,1,0,3,0,0,0,,1,0,0.237718,0.0647185,0.204401,0.316626,0.30889,0.381489,0.305669,0.690379,0.143771,5.7936,0.277368,-0.0000363726,0.0288683,1.61619,-0.129257,93.234,0.0288319,-0.209434,-0.08689695224165916,0.07683141529560089,0.0520586,999,,,,,,,11.6,2.9,11.6,2.9,,,,,,,,,,,,,,,,,,,"Gustavo Campero","22707",672569
"Victor Scott II","STL",19,84,75,16,12,3,0,1,8,6,6,0,18,1,1,1,,5,1,0.2147,0.0722326,0.218907,0.329969,0.282211,0.302534,0.264394,0.584745,0.0878341,6.54913,0.268275,0.0244771,0.55172,6.45089,-3.55252,65.6932,0.576197,0.404779,-2.9232329726219177,0.704779326915741,0.051976,391.1300048828125,,,,,,,60.4,3.178947368,60.4,3.178947368,,,,,,,,,,,,,,,,,,,"Victor Scott II","31349",687363
"David Fry","CLE",15,65,57,13,8,3,0,2,7,7,6,0,17,1,0,0,,0,0,0.21875,0.0907138,0.265867,0.3412,0.300083,0.362807,0.295201,0.66289,0.144057,3.35951,0.277543,-0.0149745,-0.0468894,6.59283,-1.12114,88.3645,-0.061864,0.265067,-0.9414213486015797,-0.8824642896652222,0.0496725,999,,,,,,,64.3,4.286666666,64.3,4.286666666,,,,,,,,,,,,,,,,,,,"David Fry","24934",681807
"TJ Rumfield","COL",43,186,164,42,29,9,0,5,20,19,16,0,34,3,1,1,,1,0,0.257563,0.088274,0.181814,0.485518,0.331757,0.393955,0.321397,0.725713,0.136392,2.08754,0.296339,-0.0161765,-0.25089,22.821,0.730092,88.2182,-0.267066,0.78661,-2.921012043952942,-2.624037981033325,0.0492912,999,,,,,,,203.2,4.725581395,203.2,4.725581395,,,,,,,,,,,,,,,,,,,"TJ Rumfield","29805",681198
"Connor Norby","MIA",16,69,62,14,9,3,0,2,7,8,5,0,18,1,0,0,,1,0,0.233776,0.0779168,0.268294,0.290416,0.301167,0.37991,0.300675,0.681077,0.146134,3.90594,0.29882,-0.0231456,-0.0285061,7.29763,-0.884171,86.4905,-0.0516517,-0.107754,-1.1787413023412228,-0.5821363478899002,0.0479451,728.1400146484375,,,,,,,63.8,3.9875,63.8,3.9875,,,,,,,,,,,,,,,,,,,"Connor Norby","29592",681393
"Jake Mangum","PIT",21,92,85,22,17,4,0,1,10,8,4,0,17,1,1,1,,4,1,0.262095,0.0455189,0.182812,0.248993,0.302461,0.34752,0.288027,0.649981,0.0854255,5.84902,0.31602,0.00870058,0.143224,8.79055,-2.11851,77.5099,0.151924,0.000508197,-2.3498430103063583,-0.16307204228360206,0.0471909,672.4199829101562,,,,,,,79,3.761904761,79,3.761904761,,,,,,,,,,,,,,,,,,,"Jake Mangum","26202",663968
"Randal Grichuk","CHW",10,45,42,10,6,2,0,2,5,6,3,0,10,0,0,0,,0,0,0.243106,0.059181,0.216694,0.273108,0.29298,0.414263,0.307226,0.707244,0.171157,3.02759,0.278762,0.00320365,-0.0543936,5.03613,-0.341222,95.2529,-0.05119,0.041817,-0.3013371005654335,-0.8493867069482803,0.0468622,999,,,,,,,47.6,4.76,47.6,4.76,,,,,,,,,,,,,,,,,,,"Randal Grichuk","10243",545341
"Wade Meckler","LAA",17,73,65,15,12,3,0,1,8,6,7,0,17,0,1,0,,1,0,0.236626,0.0990859,0.22696,0.436579,0.313003,0.325636,0.288658,0.638639,0.0890102,3.86151,0.30122,0,-0.0204075,7.06998,-1.65728,81.4126,-0.0204075,0.0668887,-1.6100439727306366,-0.5547162443399429,0.0459277,999,,,,,,,60,3.529411764,60,3.529411764,,,,,,,,,,,,,,,,,,,"Wade Meckler","31490",685133
"Nathan Church","STL",26,114,105,25,18,4,0,2,11,10,6,0,20,1,1,1,,3,1,0.237767,0.0565263,0.17374,0.32535,0.287775,0.345778,0.280888,0.633554,0.108012,4.4076,0.272254,-0.000917688,-0.0298516,10.3097,-3.30608,76.7081,-0.0307693,-0.325798,-3.2645913995802402,-0.01746469736099243,0.0441329,999,,,,,,,89.3,3.434615384,89.3,3.434615384,,,,,,,,,,,,,,,,,,,"Nathan Church","31357",701675
"Lucas Spence","HOU",11,49,44,9,6,2,0,1,6,5,4,0,14,1,0,0,,1,0,0.21326,0.079586,0.293288,0.271357,0.29104,0.337524,0.281831,0.628564,0.124265,5.96134,0.29332,0,0.0260085,4.49521,-1.39157,78.453,0.0260085,-0.139046,-1.2169745825231075,-0.12299683690071106,0.0431677,999,,,,,,,38.5,3.5,38.5,3.5,,,,,,,,,,,,,,,,,,,"Lucas Spence","35126",828599
"Agustín Ramírez","MIA",6,25,22,5,3,1,0,1,3,3,2,0,5,0,0,0,,1,0,0.244452,0.0742174,0.216784,0.342356,0.305941,0.412897,0.313616,0.718837,0.168445,5.06449,0.285205,-0.0103091,0.0571909,2.87146,-0.0584063,95.1333,0.0468818,0.0490071,-0.09851246699690819,-0.2863323800265789,0.0420802,86.8499984741211,,,,,,,26.2,4.366666666,26.2,4.366666666,,,,,,,,,,,,,,,,,,,"Agustin Ramirez","26546",682663
"Max Muncy","ATH",6,26,23,5,3,1,0,1,3,3,2,0,8,0,0,0,,0,0,0.235723,0.0693188,0.294172,0.23564,0.300343,0.39562,0.305754,0.695963,0.159897,4.26108,0.312808,0.00136328,-0.0228583,2.83201,-0.224587,91.6222,-0.0214951,-0.325033,-0.27243461459875107,-0.23336586356163025,0.0416719,672.719970703125,,,,,,,23.3,3.883333333,23.3,3.883333333,,,,,,,,,,,,,,,,,,,"Max Muncy","29779",691777
"Thomas Saggese","STL",5,23,21,5,3,1,0,1,2,2,1,0,6,0,0,0,,0,0,0.241537,0.063341,0.249255,0.254121,0.295863,0.37612,0.295961,0.671983,0.134582,4.30285,0.303395,0.00114124,-0.0117664,2.38925,-0.389474,86.7748,-0.0106251,-0.0960295,-0.385352298617363,0.03730379045009613,0.0416272,999,,,,,,,22.3,4.46,22.3,4.46,,,,,,,,,,,,,,,,,,,"Thomas Saggese","27883",695336
"Yohel Pozo","BAL",4,17,16,4,3,1,0,0,2,2,0,0,3,0,0,0,,0,0,0.248809,0.0266034,0.162475,0.163738,0.269875,0.3862,0.284213,0.656075,0.137391,2.44662,0.272345,-0.00625905,-0.0131602,1.5556,-0.439198,80.9926,-0.0194192,-0.131479,-0.3909742161631584,0.1956811398267746,0.0408626,999,,,,,,,9.3,2.325,9.3,2.325,,,,,,,,,,,,,,,,,,,"Yohel Pozo","18848",650968
"Joshua Báez","STL",4,16,15,3,2,1,0,1,2,2,1,0,5,0,0,0,,1,0,0.231882,0.065509,0.302915,0.216262,0.294397,0.415449,0.309234,0.709845,0.183567,6.45311,0.301291,0,0.0731302,1.84829,-0.0968179,95.6391,0.0731302,-0.0422186,-0.01336459070444107,-0.11721863225102425,0.0406004,999,,,,,,,19,4.75,19,4.75,,,,,,,,,,,,,,,,,,,"Joshua Baez","sa3017022",695491
"Pedro Ramírez","CHC",15,65,60,15,11,3,0,1,8,6,4,0,14,1,0,0,,2,1,0.251706,0.0629627,0.207772,0.303038,0.30339,0.379776,0.300357,0.683166,0.12807,6.21629,0.302485,0,0.090656,6.92278,-0.857654,89.3602,0.090656,0.255205,-0.7534673511981964,-0.97812819480896,0.0398041,999,,,,,,,58.1,3.873333333,58.1,3.873333333,,,,,,,,,,,,,,,,,,,"Pedro Ramirez","29218",699393
"Tyler Locklear","ARI",23,98,87,21,14,4,0,3,11,11,8,0,25,2,1,0,,2,1,0.240049,0.07867,0.253963,0.30977,0.31516,0.392116,0.312601,0.707276,0.152066,4.26477,0.301194,-0.00372667,-0.00726884,11.4124,-0.314894,94.806,-0.0109955,-0.420577,-0.6321021290495992,-2.1790650486946106,0.0396002,999,,,,,,,101.4,4.408695652,101.4,4.408695652,,,,,,,,,,,,,,,,,,,"Tyler Locklear","31396",682988
"Cooper Ingle","CLE",3,13,11,3,2,1,0,0,1,1,2,0,3,0,0,0,,0,0,0.229564,0.121526,0.223952,0.542645,0.325584,0.361709,0.308374,0.687292,0.132145,1.91206,0.281037,-0.0000262185,-0.0175357,1.4945,-0.0880475,97.5184,-0.0175619,0.143223,-0.05604690685868263,-0.03332069516181946,0.039065,999,,,,,,,14.7,4.9,14.7,4.9,,,,,,,,,,,,,,,,,,,"Cooper Ingle","33708",694876
"Josh Rojas","KCR",11,46,41,10,7,2,0,1,5,4,4,0,9,0,0,0,,1,0,0.233961,0.0817487,0.200467,0.407792,0.297646,0.344192,0.286097,0.641838,0.11023,4.34149,0.281274,-0.00745593,0.0257031,4.32362,-1.13092,77.7615,0.0182472,-0.0228338,-1.1704316958785057,-0.08826589398086071,0.0382629,999,,,,,,,44.1,4.009090909,44.1,4.009090909,,,,,,,,,,,,,,,,,,,"Josh Rojas","19734",668942
"Enrique Hernández","LAD",20,86,78,17,11,4,0,2,9,10,6,0,19,1,1,1,,0,0,0.223112,0.0746191,0.219154,0.340487,0.284822,0.363566,0.28641,0.648388,0.140454,2.86752,0.262082,0.0172091,-0.0806967,8.17151,-2.10977,78.7841,-0.0634876,-0.210336,-2.2877069637179375,-0.15200265869498253,0.0372359,999,,,,,,,68.6,3.43,68.6,3.43,,,,,,,,,,,,,,,,,,,"Enrique Hernandez","10472",571771
"Tommy Troy","ARI",8,34,31,7,5,1,0,1,4,3,3,0,8,0,0,0,,1,0,0.231628,0.0832746,0.243712,0.341692,0.301368,0.358924,0.29357,0.660291,0.127295,5.45595,0.29369,-0.000240909,0.0242567,3.45088,-0.640025,82.0964,0.0240158,0.0359406,-0.722827235236764,-0.03767054155468941,0.0361324,999,,,,,,,31.4,3.925,31.4,3.925,,,,,,,,,,,,,,,,,,,"Tommy Troy","33279",694371
"Jett Williams","MIL",4,16,14,3,2,1,0,0,2,2,2,0,4,0,0,0,,1,0,0.217024,0.105481,0.268046,0.393517,0.308283,0.359689,0.298521,0.667972,0.142665,6.76469,0.282052,-0.000212625,0.042284,1.70638,-0.238727,87.1136,0.0420714,-0.0772674,-0.21351836621761322,0.031065888702869415,0.0353418,999,,,,,,,13.6,3.4,13.6,3.4,,,,,,,,,,,,,,,,,,,"Jett Williams","sa3020134",702518
"Ivan Johnson","CIN",7,29,25,6,4,1,0,1,3,3,2,0,9,0,0,0,,1,0,0.226235,0.0856149,0.301432,0.284028,0.300507,0.388788,0.303737,0.689295,0.162554,5.35765,0.301665,-0.0000702128,0.0327646,3.10002,-0.2962,85.0539,0.0326944,0.01815,-0.4849037602543831,-0.11765247769653797,0.0329166,999,,,,,,,28.8,4.114285714,28.8,4.114285714,,,,,,,,,,,,,,,,,,,"Ivan Johnson","27593",671155
"Ben Malgeri","DET",8,34,31,7,5,1,0,1,4,3,3,0,9,1,0,0,,0,0,0.224469,0.0783846,0.275699,0.284313,0.296908,0.357905,0.291382,0.654812,0.133436,5.00699,0.296294,-0.000075,-0.0214759,3.38993,-0.700966,84.2494,-0.0215509,0.0505317,-0.6529682837426662,-0.2520917318761349,0.0326473,999,,,,,,,32.5,4.0625,32.5,4.0625,,,,,,,,,,,,,,,,,,,"Ben Malgeri","29577",701162
"Tyler Austin","CHC",5,23,21,5,3,1,0,1,3,3,2,0,5,0,0,0,,0,0,0.247788,0.08,0.224,0.357143,0.312,0.433628,0.32177,0.745628,0.185841,3.26135,0.283951,-0.0341419,0.00888032,2.87762,0.098897,103.661,-0.0252616,0,0.07846785336732864,-0.5166666507720947,0.0324876,999,,,,,,,25.3,5.06,25.3,5.06,,,,,,,,,,,,,,,,,,,"Tyler Austin","11850",592122
"Weston Wilson","SEA",4,16,14,3,2,1,0,1,2,2,1,0,5,0,0,0,,1,0,0.212285,0.0898772,0.298467,0.30113,0.286693,0.371742,0.290828,0.658435,0.159457,4.86317,0.272945,-0.000935565,0.0230842,1.57477,-0.33432,90.7681,0.0221486,-0.0935175,-0.1505611054599285,-0.10169652476906776,0.0324808,999,,,,,,,20,5,20,5,,,,,,,,,,,,,,,,,,,"Weston Wilson","19358",642215
"Ronny Mauricio","NYM",3,11,11,3,2,0,0,0,1,1,1,0,3,0,0,0,,0,0,0.24368,0.0489033,0.248163,0.197061,0.284132,0.409618,0.300784,0.69375,0.165938,5.09491,0.291417,-0.0000726027,0.0111786,1.21729,-0.146343,91.1302,0.011106,-0.019907,-0.11222777143120766,0.05370415560901165,0.0318111,999,,,,,,,8.8,2.933333333,8.8,2.933333333,,,,,,,,,,,,,,,,,,,"Ronny Mauricio","23698",677595
"Blake Perkins","MIL",6,28,25,5,4,1,0,1,3,3,3,0,7,0,0,0,,1,0,0.215463,0.102681,0.261807,0.392202,0.300062,0.329621,0.284092,0.629683,0.114158,5.25549,0.281958,0.00375652,0.0512035,2.59757,-0.736902,77.4771,0.05496,0.00199511,-0.7108493335545063,0.10199511609971523,0.0305689,999,,,,,,,26.2,4.366666666,26.2,4.366666666,,,,,,,,,,,,,,,,,,,"Blake Perkins","19921",663368
"Nick Sogard","BOS",7,29,25,6,4,1,0,0,3,2,3,0,6,0,0,0,,1,0,0.231837,0.108626,0.209232,0.519163,0.319344,0.324058,0.292367,0.643402,0.0922212,4.1701,0.289984,-0.00268889,-0.0147508,2.83705,-0.559165,80.9176,-0.0174397,-0.184217,-0.6525218579918146,-0.06539001315832138,0.0304955,999,,,,,,,22.4,3.2,22.4,3.2,,,,,,,,,,,,,,,,,,,"Nick Sogard","25483",686765
"Drew Millas","WSN",4,15,13,3,2,1,0,0,2,1,1,0,3,0,0,0,,0,0,0.233161,0.0792312,0.193206,0.410087,0.297073,0.338015,0.283722,0.635088,0.104854,4.83703,0.277688,0.00145967,0.00510092,1.35532,-0.390131,76.5076,0.00656059,-0.0574645,-0.41156274219974875,0.22880098223686218,0.0297841,999,,,,,,,9.7,2.425,9.7,2.425,,,,,,,,,,,,,,,,,,,"Drew Millas","25643",686452
"Moisés Ballesteros","CHC",6,25,23,6,4,1,0,1,3,3,2,0,5,0,0,0,,0,0,0.254419,0.084895,0.192211,0.441677,0.319427,0.399232,0.315862,0.718659,0.144813,2.53583,0.293388,-0.00338636,-0.028898,3.01871,-0.0140731,99.7155,-0.0322844,0.0328496,-0.04108324181288481,-0.5088170059025288,0.0281952,594.3599853515625,,,,,,,28.9,4.816666666,28.9,4.816666666,,,,,,,,,,,,,,,,,,,"Moises Ballesteros","28820",694208
"Alex Freeland","LAD",3,14,12,3,2,1,0,0,2,1,1,0,4,0,0,0,,0,0,0.21439,0.105377,0.280458,0.375733,0.303856,0.351693,0.294016,0.655549,0.137304,4.47572,0.280586,-0.000094186,0.00901928,1.41147,-0.255767,83.8638,0.00892509,0.0183719,-0.2654000986367464,0.08503856882452965,0.0278624,999,,,,,,,10.7,3.566666666,10.7,3.566666666,,,,,,,,,,,,,,,,,,,"Alex Freeland","31665",690976
"Petey Halpin","CLE",17,74,68,15,10,3,0,1,8,7,5,0,19,0,1,1,,2,1,0.221891,0.0649286,0.256639,0.252996,0.275004,0.340479,0.272376,0.615483,0.118588,5.50383,0.28478,0,0.0302777,6.17424,-2.65593,72.5025,0.0302777,-0.257514,-2.3491068352013826,-0.024798035621643066,0.0278539,999,,,,,,,50.1,2.947058823,50.1,2.947058823,,,,,,,,,,,,,,,,,,,"Petey Halpin","27931",690984
"Walker Jenkins","MIN",2,7,6,2,1,0,0,0,1,1,1,0,1,0,0,0,,0,0,0.247842,0.0929733,0.212193,0.438155,0.324082,0.389233,0.315367,0.713315,0.141392,5.44672,0.29963,-0.0001272,0.0032794,0.811626,-0.00655411,100.401,0.0031522,-0.00724209,0.00636870414018631,0.017294944263994694,0.0272799,999,,,,,,,8.2,4.1,8.2,4.1,,,,,,,,,,,,,,,,,,,"Walker Jenkins","sa3022894",805805
"Jase Bowen","SDP",13,56,51,11,7,2,0,2,6,6,3,0,17,1,0,0,,2,0,0.216595,0.0574483,0.305185,0.188241,0.270221,0.359703,0.277117,0.629924,0.143108,6.06828,0.289385,-0.00054,0.0973514,4.87837,-1.79057,75.7543,0.0968114,0.466114,-1.5519618690013885,-0.0005529820919036865,0.0271945,999,,,,,,,51,3.923076923,51,3.923076923,,,,,,,,,,,,,,,,,,,"Jase Bowen","26047",687749
"Marcell Ozuna","PIT",29,124,109,26,17,5,0,4,14,14,13,0,31,1,1,0,,0,0,0.235569,0.10632,0.247487,0.429597,0.319946,0.400364,0.317559,0.72031,0.164795,1.84207,0.28446,-0.0999933,-0.153356,14.8291,0.10184,97.2328,-0.25335,0,-0.6689019203186035,-3.0916666984558105,0.0263856,377.510009765625,,,,,,,130.7,4.506896551,130.7,4.506896551,,,,,,,,,,,,,,,,,,,"Marcell Ozuna","10324",542303
"Ryan Ritter","COL",4,16,14,3,2,1,0,0,2,2,1,0,4,0,0,0,,0,0,0.239085,0.0754404,0.261073,0.288963,0.312136,0.384026,0.308372,0.696162,0.144941,4.99924,0.307994,0.000621907,-0.000772976,1.80284,-0.106243,79.5195,-0.000151069,0.0602609,-0.3988414416089654,0.13387200981378555,0.025979,999,,,,,,,8.7,2.175,8.7,2.175,,,,,,,,,,,,,,,,,,,"Ryan Ritter","31500",690022
"Shay Whitcomb","HOU",3,13,12,3,2,0,0,1,1,2,1,0,4,0,0,0,,0,0,0.223009,0.061994,0.30492,0.203312,0.277465,0.394574,0.293487,0.672039,0.171565,4.33856,0.284149,-0.000293913,0.0318567,1.3534,-0.252082,86.5532,0.0315628,-0.0456742,-0.17999448627233505,-0.045674169436097145,0.025944,999,,,,,,,17.2,5.733333333,17.2,5.733333333,,,,,,,,,,,,,,,,,,,"Shay Whitcomb","27789",694376
"Austin Wynns","TEX",4,15,14,3,2,1,0,0,1,1,1,0,4,0,0,0,,0,0,0.221791,0.0707766,0.257417,0.274949,0.283013,0.346195,0.279572,0.629207,0.124404,3.23943,0.279733,-0.0043344,-0.00676171,1.33064,-0.447746,77.7283,-0.0110961,-0.176537,-0.3992285970598459,0.11513006687164307,0.0252781,999,,,,,,,8.7,2.175,8.7,2.175,,,,,,,,,,,,,,,,,,,"Austin Wynns","15271",642851
"Luke Maile","KCR",4,15,13,3,2,1,0,0,1,1,1,0,4,0,0,0,,0,0,0.222139,0.0917993,0.248337,0.369656,0.303592,0.336049,0.288304,0.639641,0.113911,2.81341,0.283376,-0.0005565,-0.0109166,1.40979,-0.335665,79.295,-0.0114731,-0.197676,-0.36562163289636374,0.08858922123908997,0.024993,999,,,,,,,9.7,2.425,9.7,2.425,,,,,,,,,,,,,,,,,,,"Luke Maile","13355",571912
"Joey Wiemer","WSN",6,25,22,5,3,1,0,1,3,2,2,0,7,0,0,0,,0,0,0.21393,0.0889596,0.285915,0.31114,0.291536,0.348683,0.285993,0.640218,0.134753,4.27927,0.281641,-0.00231656,0.0125517,2.37585,-0.624147,78.0241,0.0102351,0.26091,-0.6620233058929443,0.08915095031261444,0.0249587,999,,,,,,,24.3,4.05,24.3,4.05,,,,,,,,,,,,,,,,,,,"Joey Wiemer","27690",686894
"Rodolfo Durán","SDP",4,15,14,3,2,1,0,0,2,2,1,0,4,0,0,0,,0,0,0.221245,0.0554051,0.251209,0.220553,0.270262,0.367242,0.279495,0.637504,0.145997,3.39419,0.269096,-0.000378,-0.012069,1.3297,-0.448685,77.3425,-0.012447,-0.111708,-0.42331887502223253,0.1799583062529564,0.024552,999,,,,,,,8.7,2.175,8.7,2.175,,,,,,,,,,,,,,,,,,,"Rodolfo Duran","20958",660710
"Alex Jackson","MIN",2,8,8,2,1,0,0,0,1,1,1,0,3,0,0,0,,0,0,0.225331,0.0621925,0.309424,0.200994,0.283969,0.401858,0.299273,0.685826,0.176527,3.68649,0.295821,-0.00033125,-0.0065201,0.880097,-0.117303,89.217,-0.00685135,-0.109749,-0.11224376317113638,0.05383092164993286,0.0244089,999,,,,,,,6.2,3.1,6.2,3.1,,,,,,,,,,,,,,,,,,,"Alex Jackson","17276",656577
"Braxton Fulford","COL",6,24,21,5,3,1,0,1,3,3,2,0,7,1,0,0,,0,0,0.23276,0.0799237,0.275674,0.289921,0.310645,0.385596,0.308554,0.696241,0.152836,4.89988,0.304007,0.000593796,0.00443585,2.70414,-0.155593,79.6413,0.00502965,0.0889408,-0.5886380388401449,0.04804577678442001,0.0243491,999,,,,,,,28.3,4.716666666,28.3,4.716666666,,,,,,,,,,,,,,,,,,,"Braxton Fulford","29704",690924
"Bo Naylor","CLE",2,6,5,1,1,0,0,0,1,1,1,0,2,0,0,0,,0,0,0.217535,0.103384,0.252875,0.408836,0.302301,0.378353,0.301456,0.680655,0.160818,4.06764,0.265633,-0.000639119,-0.0016834,0.658528,-0.0754083,92.7111,-0.00232252,-0.0457755,-0.05474529508501291,0.0745948925614357,0.0243313,574.2899780273438,,,,,,,3.6,1.8,3.6,1.8,,,,,,,,,,,,,,,,,,,"Bo Naylor","21865",666310
"Kevin Alcántara","CHC",2,9,8,2,1,0,0,0,1,1,1,0,3,0,0,0,,0,0,0.238935,0.0788979,0.306692,0.257255,0.30068,0.406505,0.308719,0.707185,0.167571,4.78148,0.319768,0.0000334884,-0.00401478,1.05227,-0.0592246,94.9451,-0.0039813,0.0635807,-0.061272925697267056,-0.0030859410762786865,0.0242404,999,,,,,,,6.2,3.1,6.2,3.1,,,,,,,,,,,,,,,,,,,"Kevin Alcantara","25971",682634
"Mickey Gasper","BOS",2,7,6,1,1,0,0,0,1,1,1,0,1,0,0,0,,0,0,0.244888,0.103055,0.186948,0.551251,0.333518,0.373156,0.316076,0.706674,0.128268,3.41002,0.287507,-0.000252551,-0.00474516,0.773806,-0.00247295,97.3938,-0.00499771,-0.097678,-0.024823170620948076,0.029636815190315247,0.0240946,999,,,,,,,2.6,1.3,2.6,1.3,,,,,,,,,,,,,,,,,,,"Mickey Gasper","24759",681508
"Zac Veen","COL",5,21,19,5,3,1,0,1,3,2,2,0,5,0,0,0,,1,0,0.251555,0.0756134,0.246319,0.306974,0.311286,0.412396,0.316148,0.723682,0.160841,6.88817,0.315385,-0.000466241,0.0412533,2.44793,-0.00660554,84.7132,0.0407871,0.123664,-0.34182263910770416,-0.0971694141626358,0.023434,743.6599731445312,,,,,,,29.2,5.84,29.2,5.84,,,,,,,,,,,,,,,,,,,"Zac Veen","27770",691728
"Nate Eaton","BOS",5,24,22,5,3,1,0,1,3,2,1,0,6,0,0,0,,1,0,0.2335,0.0582165,0.256198,0.227232,0.286806,0.363131,0.286696,0.649937,0.129631,6.03217,0.297915,-0.0000392857,0.0779754,2.25493,-0.575252,76.9773,0.0779361,0.15207,-0.56058020144701,-0.06860941648483276,0.0222772,999,,,,,,,23.2,4.64,23.2,4.64,,,,,,,,,,,,,,,,,,,"Nate Eaton","25055",681987
"Blake Dunn","CIN",4,17,15,3,2,1,0,0,2,1,1,0,4,0,0,0,,1,0,0.231192,0.0801949,0.25866,0.31004,0.312634,0.340466,0.294706,0.6531,0.109274,5.61827,0.303282,-0.0000278986,0.0594021,1.68651,-0.294618,79.0229,0.0593742,0.113587,-0.3643922805786133,0.037197910249233246,0.0216646,999,,,,,,,9.6,2.4,9.6,2.4,,,,,,,,,,,,,,,,,,,"Blake Dunn","29487",694362
"Christian Koss","SFG",9,40,37,8,6,2,0,1,4,4,2,0,9,1,0,0,,1,0,0.231623,0.0483296,0.232539,0.207835,0.277766,0.347047,0.275947,0.624814,0.115425,4.97227,0.286963,0.00193263,0.029333,3.41789,-1.30595,73.6498,0.0312657,-0.0307832,-1.2379831857979298,0.16088344156742096,0.0215538,999,,,,,,,33.9,3.766666666,33.9,3.766666666,,,,,,,,,,,,,,,,,,,"Christian Koss","27653",683766
"Cody Freeman","TEX",5,21,19,4,3,1,0,1,2,2,1,0,4,0,0,0,,0,0,0.230737,0.0564931,0.184218,0.306664,0.277455,0.358577,0.279918,0.636033,0.127841,2.9976,0.259838,-0.000966145,-0.0157556,1.8771,-0.623749,77.9688,-0.0167217,0.106591,-0.5566390883177519,0.014924518764019012,0.0211307,999,,,,,,,18.7,3.74,18.7,3.74,,,,,,,,,,,,,,,,,,,"Cody Freeman","25629",683227
"James McCann","ARI",12,48,44,10,7,2,0,1,5,5,3,0,12,0,0,0,,0,0,0.234226,0.0550332,0.250459,0.219729,0.282699,0.369381,0.286687,0.65208,0.135155,2.85144,0.290802,-0.0387033,-0.0430694,4.56902,-1.16604,77.5002,-0.0817727,-0.900789,-1.3975578248500824,0.039797842502593994,0.0210898,999,,,,,,,36.2,3.016666666,36.2,3.016666666,,,,,,,,,,,,,,,,,,,"James McCann","12859",543510
"Darell Hernaiz","ATH",2,9,8,2,2,0,0,0,1,1,1,0,2,0,0,0,,0,0,0.246292,0.0760113,0.166273,0.457147,0.307086,0.340478,0.289526,0.647564,0.094186,4.22333,0.286726,-0.000715955,0.00077568,0.906989,-0.204501,80.3448,0.0000597252,0.013244,-0.21402408043286414,0.07991065084934235,0.0202037,999,,,,,,,6.2,3.1,6.2,3.1,,,,,,,,,,,,,,,,,,,"Darell Hernaiz","26224",687231
"Tyler Freeman","COL",24,103,91,24,18,5,0,1,12,9,7,0,14,4,1,1,,3,1,0.266349,0.0667266,0.132057,0.505286,0.340165,0.371328,0.318501,0.711493,0.104979,5.19547,0.297365,0.0121318,0.00268211,12.4363,0.163607,86.2845,0.0148139,-0.440778,-1.7016005534678698,-1.463154822587967,0.0188505,745.8599853515625,,,,,,,103.2,4.3,103.2,4.3,,,,,,,,,,,,,,,,,,,"Tyler Freeman","22532",671289
"Kyler Fedko","MIN",3,14,12,3,2,1,0,0,1,1,1,0,4,0,0,0,,0,0,0.217064,0.0944619,0.257678,0.366589,0.296346,0.361496,0.292836,0.657842,0.144432,4.33984,0.270173,0,0.00879271,1.37217,-0.264189,84.7433,0.00879271,0.0432522,-0.23585553839802742,-0.07125398516654968,0.0186263,999,,,,,,,10.7,3.566666666,10.7,3.566666666,,,,,,,,,,,,,,,,,,,"Kyler Fedko","29930",693459
"Jace Jung","DET",2,7,6,1,1,0,0,0,1,1,1,0,2,0,0,0,,0,0,0.226538,0.115728,0.261131,0.443178,0.318243,0.390555,0.313784,0.708798,0.164017,2.66584,0.28207,0.0000853691,-0.00898918,0.802801,-0.0153786,99.8168,-0.00890381,-0.027189,-0.010372644872404635,-0.05172603577375412,0.0185851,999,,,,,,,2.6,1.3,2.6,1.3,,,,,,,,,,,,,,,,,,,"Jace Jung","31437",690291
"Reese McGuire",,3,11,10,2,2,0,0,0,1,1,1,0,2,0,0,0,,0,0,0.229246,0.0707978,0.222603,0.318046,0.289664,0.343299,0.281834,0.632963,0.114053,3.33916,0.278909,-0.00530357,-0.00421419,0.970024,-0.30025,76.1661,-0.00951776,-0.0843759,-0.3122181901708245,0.12395742535591125,0.0178084,999,,,,,,,4.2,1.4,4.2,1.4,,,,,,,,,,,,,,,,,,,"Reese McGuire","15674",624512
"Thairo Estrada",,2,9,9,2,1,0,0,0,1,1,0,0,2,0,0,0,,0,0,0.240326,0.0417457,0.201139,0.207547,0.28463,0.366599,0.286625,0.651229,0.126273,4.47589,0.279255,0.000149538,-0.0127331,0.885032,-0.226458,79.4291,-0.0125836,0.0506769,-0.24118553008884192,0.08401025831699371,0.0163481,999,,,,,,,2.2,1.1,2.2,1.1,,,,,,,,,,,,,,,,,,,"Thairo Estrada","16426",642731
"Charles McAdoo","TOR",2,7,6,1,1,0,0,0,1,1,1,0,2,0,0,0,,0,0,0.235043,0.0776659,0.266739,0.291169,0.299542,0.388317,0.302473,0.687858,0.153273,5.30128,0.297828,0,0.00716279,0.73978,-0.0784005,92.8262,0.00716279,-0.0631247,-0.05035461159422994,-0.038587626069784164,0.0158637,999,,,,,,,2.6,1.3,2.6,1.3,,,,,,,,,,,,,,,,,,,"Charles McAdoo","33323",807727
"Donovan Walton","ATH",14,58,52,12,8,2,0,1,6,5,5,0,11,1,0,0,,0,0,0.229859,0.087681,0.185203,0.473433,0.30586,0.341308,0.290656,0.647168,0.111449,2.91842,0.267565,-0.000352174,-0.0803192,5.72214,-1.22467,81.1302,-0.0806714,-0.78951,-1.3652307614684105,-0.5645100027322769,0.0156113,999,,,,,,,48.4,3.457142857,48.4,3.457142857,,,,,,,,,,,,,,,,,,,"Donovan Walton","19314",622268
"Jonah Cox","SFG",4,19,17,4,3,1,0,0,2,1,1,0,5,0,0,0,,1,0,0.228381,0.0577454,0.276424,0.208901,0.279015,0.334096,0.27177,0.613111,0.105715,8.61766,0.309622,0,0.145049,1.54519,-0.677791,70.8605,0.145049,-0.007628,-0.5154725015163422,0.059038672130554914,0.0152563,999,,,,,,,13.2,3.3,13.2,3.3,,,,,,,,,,,,,,,,,,,"Jonah Cox","33270",813841
"Zach Cole","HOU",2,7,6,1,1,0,0,0,1,1,1,0,3,0,0,0,,0,0,0.212953,0.0784109,0.389927,0.201091,0.286928,0.39174,0.29787,0.678668,0.178787,7.14758,0.328623,-0.000326102,0.00948783,0.700659,-0.102084,89.5986,0.00916173,0.0201288,-0.07266001030802727,-0.019994692876935005,0.0150178,743.5999755859375,,,,,,,2.6,1.3,2.6,1.3,,,,,,,,,,,,,,,,,,,"Zach Cole","31583",805904
"Jordan Beck","COL",8,34,31,8,5,2,0,1,4,4,3,0,9,0,0,0,,1,0,0.24725,0.0745762,0.270722,0.275472,0.305318,0.414094,0.313924,0.719413,0.166845,5.95341,0.316595,0.00499714,0.0360727,4.01791,-0.0729911,83.2273,0.0410698,0.0559205,-0.6585949547588825,-0.3121350593864918,0.0148187,232.9199981689453,,,,,,,39.9,4.9875,39.9,4.9875,,,,,,,,,,,,,,,,,,,"Jordan Beck","31431",687597
"Sterlin Thompson","COL",3,14,12,3,2,1,0,0,2,1,1,0,3,0,0,0,,0,0,0.256418,0.0831464,0.234664,0.354321,0.332482,0.411709,0.327665,0.744191,0.15529,5.87069,0.318971,-0.000146769,-0.0034182,1.76029,0.123932,92.4045,-0.00356497,0.00949227,-0.13030231348238885,-0.17044600192457438,0.0148028,999,,,,,,,10.7,3.566666666,10.7,3.566666666,,,,,,,,,,,,,,,,,,,"Sterlin Thompson","31443",694514
"Jhonny Pereda","SEA",2,6,6,1,1,0,0,0,1,1,1,0,1,0,0,0,,0,0,0.22699,0.0882993,0.225849,0.390966,0.298792,0.316644,0.27811,0.615437,0.0896547,2.50607,0.286104,-0.000224471,-0.00634627,0.552264,-0.195786,81.93,-0.00657074,-0.068248,-0.13903223210945725,0.05443721264600754,0.0141718,999,,,,,,,2.6,1.3,2.6,1.3,,,,,,,,,,,,,,,,,,,"Jhonny Pereda","19802",640902
"Korey Lee","CHW",3,11,10,2,1,0,0,0,1,1,1,0,3,0,0,0,,0,0,0.22322,0.055923,0.282407,0.198022,0.272734,0.36171,0.278887,0.634444,0.13849,4.5705,0.288628,0.000559735,0.00648756,0.962022,-0.331776,75.5599,0.0070473,-0.160793,-0.30281621124595404,0.05139876902103424,0.0138551,999,,,,,,,4.2,1.4,4.2,1.4,,,,,,,,,,,,,,,,,,,"Korey Lee","25543",686676
"Osleivis Basabe","SFG",3,14,13,3,2,1,0,0,1,1,1,0,3,0,0,0,,0,0,0.241787,0.0509971,0.189646,0.268907,0.284976,0.348091,0.279406,0.633067,0.106304,5.0857,0.287509,0,0.00101781,1.24559,-0.421645,75.9602,0.00101781,-0.0128613,-0.40767526580020785,0.08713872544467449,0.0136512,999,,,,,,,9.7,3.233333333,9.7,3.233333333,,,,,,,,,,,,,,,,,,,"Osleivis Basabe","23985",678545
"Leo Rivas","SEA",1,5,4,1,1,0,0,0,0,0,1,0,1,0,0,0,,0,0,0.202718,0.139354,0.260968,0.533991,0.322289,0.288098,0.285029,0.610387,0.0853798,5.06603,0.273991,-0.000188289,0.012339,0.428394,-0.11706,86.7384,0.0121507,-0.00732818,-0.058734496124088764,0.025387868750840425,0.0132065,999,,,,,,,4.6,4.6,4.6,4.6,,,,,,,,,,,,,,,,,,,"Leo Rivas","21009",660844
"Brewer Hicklen","ATL",2,7,6,1,1,0,0,0,1,1,1,0,2,0,0,0,,0,0,0.224656,0.0768637,0.315788,0.243403,0.297832,0.396377,0.305089,0.694209,0.171721,6.81119,0.300777,-0.0000916981,0.0442747,0.768588,-0.065029,90.2941,0.044183,0.0123621,-0.038320545107126236,-0.06263789907097816,0.0128386,999,,,,,,,2.6,1.3,2.6,1.3,,,,,,,,,,,,,,,,,,,"Brewer Hicklen","20450",676551
"Rafael Flores Jr.","PIT",2,8,7,2,1,0,0,0,1,1,1,0,2,0,0,0,,0,0,0.235845,0.0923963,0.275663,0.335179,0.31028,0.370287,0.302146,0.680568,0.134443,2.68465,0.311689,-0.000285385,-0.010419,0.899607,-0.097794,86.9391,-0.0107044,-0.168996,-0.14353873021900654,-0.005415305495262146,0.0125061,999,,,,,,,7.2,3.6,7.2,3.6,,,,,,,,,,,,,,,,,,,"Rafael Flores Jr.","31991",804668
"MJ Melendez","NYM",3,14,12,3,2,1,0,0,2,2,1,0,4,0,0,0,,0,0,0.218032,0.0910593,0.28998,0.314019,0.293611,0.395542,0.302258,0.689153,0.17751,4.55346,0.277005,-0.0011236,-0.0235345,1.47717,-0.159189,92.1143,-0.0246581,0.042019,-0.15623666532337666,-0.17063534259796143,0.0121543,999,,,,,,,10.7,3.566666666,10.7,3.566666666,,,,,,,,,,,,,,,,,,,"MJ Melendez","22197",669004
"Garrett Stubbs","PHI",4,15,13,3,2,1,0,0,2,1,1,0,3,0,0,0,,0,0,0.221053,0.0823091,0.238404,0.34525,0.295646,0.329448,0.281298,0.625094,0.108394,4.36898,0.278733,-0.00101583,0.00888662,1.32651,-0.418941,73.2849,0.00787079,-0.175471,-0.467610782943666,0.11079394817352295,0.012138,999,,,,,,,9.7,2.425,9.7,2.425,,,,,,,,,,,,,,,,,,,"Garrett Stubbs","18067",596117
"Christian Franklin","WSN",2,9,8,2,1,0,0,0,1,1,1,0,2,0,0,0,,0,0,0.224159,0.109862,0.251207,0.437336,0.319724,0.331442,0.295784,0.651166,0.107283,5.07663,0.294831,-0.000253134,-0.00129763,0.936681,-0.154226,84.5629,-0.00155076,0.0793282,-0.1732713847886771,-0.0188198983669281,0.0107209,999,,,,,,,6.2,3.1,6.2,3.1,,,,,,,,,,,,,,,,,,,"Christian Franklin","sa3017510",681047
"Trei Cruz","DET",2,9,8,2,1,0,0,0,1,1,1,0,2,0,0,0,,0,0,0.216793,0.107804,0.270265,0.398882,0.302092,0.336477,0.287137,0.638569,0.119684,4.92066,0.290004,-0.000224848,-0.0113946,0.872443,-0.218463,81.2992,-0.0116195,0.00619018,-0.21153641771525145,-0.010167847853153944,0.0106976,999,,,,,,,6.2,3.1,6.2,3.1,,,,,,,,,,,,,,,,,,,"Trei Cruz","27569",669360
"Patrick Wisdom","SEA",1,2,2,0,0,0,0,0,0,0,0,0,1,0,0,0,,0,0,0.219363,0.0850517,0.33713,0.252281,0.293086,0.452645,0.321295,0.745731,0.233282,4.26629,0.27623,-0.000158547,-0.000265629,0.281551,0.00882412,111.94,-0.000424176,-0.0247429,0.031487141211982816,-0.01656387932598591,0.00980655,999,,,,,,,-2,-2,-2,-2,,,,,,,,,,,,,,,,,,,"Patrick Wisdom","13602",621550
"José Barrero","BAL",1,5,4,1,1,0,0,0,0,0,0,0,1,0,0,0,,0,0,0.213107,0.0678507,0.299169,0.226797,0.280469,0.362394,0.284613,0.642863,0.149287,5.08528,0.279393,-0.0000100952,0.00515613,0.426849,-0.118605,81.2711,0.00514603,-0.00597074,-0.09496252378448844,0.026745309121906757,0.00967121,999,,,,,,,1.6,1.6,1.6,1.6,,,,,,,,,,,,,,,,,,,"Jose Barrero","23378",676480
"Junior Perez","CHW",2,10,9,2,1,0,0,0,1,1,1,0,3,0,0,0,,0,0,0.207127,0.0868686,0.346754,0.25052,0.277405,0.363246,0.282774,0.640651,0.156119,6.30828,0.29782,-0.0000606897,0.0217194,0.871732,-0.260341,78.2609,0.0216587,0.039301,-0.21950852125883102,-0.02860022708773613,0.00927253,999,,,,,,,5.2,2.6,5.2,2.6,,,,,,,,,,,,,,,,,,,"Junior Perez","23989",678577
"Rikuu Nishida","CHW",2,10,8,2,2,0,0,0,1,1,1,0,2,0,0,0,,0,0,0.229795,0.105374,0.188931,0.557739,0.322882,0.281691,0.280959,0.604573,0.0518965,4.81166,0.285878,0,0.00834834,0.85774,-0.274333,76.9996,0.00834834,0.0307443,-0.24681133311241865,-0.0032063182443380356,0.009079,999,,,,,,,6.2,3.1,6.2,3.1,,,,,,,,,,,,,,,,,,,"Rikuu Nishida","33795",807747
"Jose Fernandez","ARI",4,16,15,4,2,1,0,0,2,2,1,0,4,0,0,0,,0,0,0.239313,0.0424028,0.255342,0.166063,0.273084,0.370469,0.280518,0.643554,0.131156,5.8923,0.304935,0,0.0041672,1.44073,-0.468359,73.3799,0.0041672,0.139066,-0.5140407714061439,0.08181247487664223,0.009022,999,,,,,,,13.3,3.325,13.3,3.325,,,,,,,,,,,,,,,,,,,"Jose Fernandez","28020",699912
"Rece Hinds","MIA",2,7,6,1,1,0,0,0,1,1,0,0,2,0,0,0,,0,0,0.231264,0.05672,0.324596,0.17474,0.281237,0.414361,0.301328,0.695598,0.183097,6.32733,0.312263,0.0000830597,0.00628902,0.733405,-0.0847747,86.927,0.00637208,0.00821432,-0.10269441967830062,-0.03268073592334986,0.00892203,999,,,,,,,-0.4,-0.2,-0.4,-0.2,,,,,,,,,,,,,,,,,,,"Rece Hinds","27493",677956
"Jorge Barrosa","ARI",6,27,25,5,4,1,0,0,3,2,2,0,6,0,0,0,,0,0,0.219993,0.082997,0.226009,0.367228,0.28949,0.327418,0.276585,0.616908,0.107425,4.53004,0.275921,-0.000681429,-0.0199983,2.38217,-0.890552,70.7534,-0.0206798,0.288988,-0.9966869261115789,0.19083940237760544,0.00888815,999,,,,,,,11.9,1.983333333,11.9,1.983333333,,,,,,,,,,,,,,,,,,,"Jorge Barrosa","23968",678489
"BJ Murray","CHC",1,5,4,1,1,0,0,0,1,0,0,0,1,0,0,0,,0,0,0.225158,0.105701,0.249548,0.42357,0.311953,0.366207,0.302311,0.678159,0.141048,4.56964,0.282659,-0.00000864,-0.00209346,0.501882,-0.0538633,90.6656,-0.0021021,0.0697088,-0.05499888164922595,-0.013624496757984161,0.00842544,999,,,,,,,1.6,1.6,1.6,1.6,,,,,,,,,,,,,,,,,,,"BJ Murray","sa3017287",681230
"Bryan Lavastida","ATH",2,6,6,1,1,0,0,0,1,1,0,0,1,0,0,0,,0,0,0.222261,0.0718349,0.227558,0.315677,0.286948,0.335711,0.278119,0.622659,0.11345,4.97599,0.273845,-0.000017234,0.00500695,0.56273,-0.199434,72.4179,0.00498971,-0.0696819,-0.2010154132731259,0.055318109691143036,0.0084063,999,,,,,,,-0.4,-0.2,-0.4,-0.2,,,,,,,,,,,,,,,,,,,"Bryan Lavastida","24765",681526
"Mike Tauchman","NYM",4,16,14,3,2,1,0,0,2,1,2,0,4,0,0,0,,0,0,0.221144,0.114881,0.230006,0.49947,0.31778,0.332557,0.295176,0.650337,0.111413,3.16518,0.27621,-0.00473738,-0.0173991,1.6313,-0.277791,87.3848,-0.0221365,0.0655973,-0.26771489903330803,-0.1715940162539482,0.00830415,999,,,,,,,11.7,2.925,11.7,2.925,,,,,,,,,,,,,,,,,,,"Mike Tauchman","15274",643565
"Mark Canha",,2,7,6,1,1,0,0,0,1,1,1,0,1,0,0,0,,0,0,0.237057,0.0896226,0.207547,0.431818,0.32783,0.365123,0.310233,0.692953,0.128065,3.57577,0.281022,-0.00184154,0.00263174,0.797795,-0.0358229,95.509,0.0007902,-0.04914,-0.03664049634244293,-0.12414000183343887,0.00791185,999,,,,,,,2.6,1.3,2.6,1.3,,,,,,,,,,,,,,,,,,,"Mark Canha","11445",592192
"Ryan Ward","LAD",2,7,6,1,1,0,0,0,1,1,1,0,2,0,0,0,,0,0,0.221973,0.0765891,0.259612,0.295014,0.283273,0.415875,0.303569,0.699148,0.193902,4.0667,0.256632,-0.0001575,-0.00371503,0.75996,-0.0736578,90.2431,-0.00387253,0.0214504,-0.08680965518578887,-0.07021631672978401,0.00715433,999,,,,,,,2.6,1.3,2.6,1.3,,,,,,,,,,,,,,,,,,,"Ryan Ward","27449",669899
"Will Benson","CIN",1,5,4,1,1,0,0,0,1,1,1,0,1,0,0,0,,0,0,0.224086,0.109256,0.296513,0.36847,0.31468,0.407761,0.317707,0.72244,0.183675,5.75363,0.291308,-0.0024805,0.00363812,0.57052,0.00448301,94.3836,0.00115762,-0.00198554,-0.031259070499800146,-0.052911469247192144,0.00713411,999,,,,,,,4.6,4.6,4.6,4.6,,,,,,,,,,,,,,,,,,,"Will Benson","21853",666181
"Chad Stevens","COL",2,7,6,2,1,0,0,0,1,1,0,0,2,0,0,0,,0,0,0.2423,0.0678154,0.299231,0.226632,0.301499,0.389742,0.303658,0.691241,0.147442,6.11182,0.332983,-0.0000125197,0.000775816,0.746383,-0.0717973,76.3713,0.000763296,0.0182895,-0.19636869517853484,0.04282649792730808,0.00708023,999,,,,,,,5.2,2.6,5.2,2.6,,,,,,,,,,,,,,,,,,,"Chad Stevens","29614",677060
"Tanner Murray","CHW",3,14,13,3,2,1,0,0,1,1,1,0,3,0,0,0,,0,0,0.237525,0.0499594,0.238464,0.209505,0.28197,0.369458,0.285852,0.651427,0.131933,3.69786,0.293779,-0.000369231,-0.0135272,1.34319,-0.354921,80.3996,-0.0138965,-0.119057,-0.34005711786448956,-0.10208207368850708,0.00681449,999,,,,,,,9.7,3.233333333,9.7,3.233333333,,,,,,,,,,,,,,,,,,,"Tanner Murray","28848",695020
"Oliver Dunn","TBR",1,5,4,1,1,0,0,0,1,0,0,0,2,0,0,0,,0,0,0.204425,0.0929171,0.334194,0.278034,0.286597,0.335024,0.278814,0.621621,0.130599,6.33947,0.298009,-0.0000174603,0.00649576,0.4206,-0.145436,74.8725,0.0064783,0.0125301,-0.1329002045094967,0.02950536087155342,0.00673077,999,,,,,,,1.6,1.6,1.6,1.6,,,,,,,,,,,,,,,,,,,"Oliver Dunn","26295",686554
"Héctor Rodríguez","CIN",3,12,11,3,2,0,0,0,1,1,1,0,3,0,0,0,,0,0,0.248144,0.0451227,0.212879,0.211964,0.284198,0.417767,0.303321,0.701965,0.169623,4.99535,0.284241,-0.0000369128,-0.00770676,1.28767,-0.127424,84.7762,-0.00774367,0.0341739,-0.22741652792319655,-0.09314095228910446,0.00666997,999,,,,,,,8.8,2.933333333,8.8,2.933333333,,,,,,,,,,,,,,,,,,,"Hector Rodriguez","sa3015828",699302
"Riley Adams","WSN",1,4,4,1,1,0,0,0,0,0,0,0,1,0,0,0,,0,0,0.222479,0.0769519,0.301247,0.255445,0.299384,0.375138,0.299245,0.674522,0.15266,3.2536,0.29699,-0.000136774,-0.00438907,0.439951,-0.0587489,86.8743,-0.00452585,-0.081135,-0.07127250730991364,0.0006550773978233337,0.00664433,999,,,,,,,1.6,1.6,1.6,1.6,,,,,,,,,,,,,,,,,,,"Riley Adams","19864",656180
"Yohandy Morales","WSN",3,14,13,3,2,1,0,0,2,1,1,0,4,0,0,0,,0,0,0.245229,0.0677707,0.275013,0.246428,0.301654,0.395321,0.305464,0.696975,0.150092,3.44806,0.317486,-0.000115217,-0.0153206,1.5129,-0.123464,91.0279,-0.0154358,0.0750191,-0.16514282301068306,-0.21942535787820816,0.006305,999,,,,,,,9.7,3.233333333,9.7,3.233333333,,,,,,,,,,,,,,,,,,,"Yohandy Morales","sa3022672",691002
"Brandon Lockridge","MIL",3,14,13,3,2,1,0,0,1,1,1,0,4,0,0,0,,1,0,0.230815,0.0816671,0.2646,0.308644,0.298492,0.327893,0.281321,0.626385,0.0970783,6.28091,0.309825,-0.000472993,0.0822863,1.26733,-0.399909,75.6267,0.0818133,-0.012717,-0.33254946023225784,-0.06271696463227272,0.00607498,999,,,,,,,11.6,3.866666666,11.6,3.866666666,,,,,,,,,,,,,,,,,,,"Brandon Lockridge","21496",663604
"Seaver King","WSN",2,9,8,2,1,0,0,0,1,1,0,0,2,0,0,0,,0,0,0.237487,0.0516745,0.23309,0.221693,0.284444,0.353634,0.281532,0.638078,0.116147,5.93533,0.29621,0,0.0057893,0.830805,-0.260102,75.0449,0.0057893,-0.0158389,-0.2718080342747271,0.0332352202385664,0.00600854,999,,,,,,,3.2,1.6,3.2,1.6,,,,,,,,,,,,,,,,,,,"Seaver King","sa3025414",814409
"Kameron Misner","PHI",1,5,4,1,1,0,0,0,1,1,0,0,1,0,0,0,,0,0,0.217734,0.100693,0.320343,0.314328,0.300406,0.381896,0.301562,0.682302,0.164162,6.40362,0.300908,-0.000336899,0.0140037,0.489805,-0.0556483,86.818,0.0136668,-0.0154173,-0.05965047609061003,-0.03177534881979227,0.00582883,999,,,,,,,1.6,1.6,1.6,1.6,,,,,,,,,,,,,,,,,,,"Kameron Misner","26374",670224
"Gage Workman","DET",1,2,2,0,0,0,0,0,0,0,0,0,1,0,0,0,,0,0,0.221893,0.0719587,0.344891,0.208642,0.279667,0.385815,0.290793,0.665482,0.163922,7.30883,0.319466,-0.0000133613,0.00362319,0.224902,-0.0478249,83.8402,0.00360983,0.00523566,-0.039578443160280585,0.01341466885060072,0.00564107,999,,,,,,,-2,-2,-2,-2,,,,,,,,,,,,,,,,,,,"Gage Workman","27573",669398
"Nolan Jones","CHW",1,2,2,0,0,0,0,0,0,0,0,0,1,0,0,0,,0,0,0.229915,0.104434,0.282732,0.369376,0.316137,0.376508,0.307939,0.692645,0.146593,4.46734,0.30446,-0.0000951128,0.000125308,0.266435,-0.0165833,95.749,0.0000301954,0.00638283,-0.011759718780012918,-0.01908013317734003,0.00547996,999,,,,,,,-2,-2,-2,-2,,,,,,,,,,,,,,,,,,,"Nolan Jones","20529",666134
"Oswaldo Cabrera","NYY",1,2,2,0,0,0,0,0,0,0,0,0,1,0,0,0,,0,0,0.230282,0.0736511,0.224064,0.328706,0.289722,0.353978,0.285365,0.6437,0.123696,3.93701,0.278306,-0.000188571,-0.000531761,0.218875,-0.058998,81.472,-0.000720332,0.0123257,-0.051171964849345386,0.020659041590988636,0.00535663,999,,,,,,,-2,-2,-2,-2,,,,,,,,,,,,,,,,,,,"Oswaldo Cabrera","21707",665828
"Max Anderson","DET",1,2,2,1,0,0,0,0,0,0,0,0,0,0,0,0,,0,0,0.251062,0.0479086,0.192283,0.249156,0.291164,0.395561,0.299316,0.686725,0.144499,3.04277,0.286304,-0.0000080303,-0.0023932,0.24073,-0.0319965,89.7627,-0.00240123,-0.00854663,-0.02976116887293756,-0.0003676125779747963,0.00523909,999,,,,,,,3.6,3.6,3.6,3.6,,,,,,,,,,,,,,,,,,,"Max Anderson","sa3022567",801194
"Adrian Del Castillo","ARI",11,45,40,9,6,2,0,1,5,5,4,0,12,0,0,0,,0,0,0.22802,0.0823724,0.265967,0.309709,0.295607,0.381059,0.29795,0.676666,0.153039,3.45084,0.289552,-0.00615735,-0.0454902,4.68221,-0.678816,85.0218,-0.0516476,0.208192,-0.8704460188746452,-0.5442773699760437,0.00496197,999,,,,,,,37.6,3.418181818,37.6,3.418181818,,,,,,,,,,,,,,,,,,,"Adrian Del Castillo","29554",680728
"Michael Helman","TEX",2,7,6,1,1,0,0,0,1,1,0,0,2,0,0,0,,0,0,0.2081,0.061186,0.249611,0.245126,0.264173,0.342324,0.268183,0.606497,0.134223,4.94962,0.253365,-0.000324,0.0157484,0.559079,-0.274538,69.8134,0.0154244,0.00491765,-0.23116970900446177,0.029917653184384108,0.00494694,999,,,,,,,-0.4,-0.2,-0.4,-0.2,,,,,,,,,,,,,,,,,,,"Michael Helman","24605",680737
"RJ Schreck","TOR",1,2,2,0,0,0,0,0,0,0,0,0,1,0,0,0,,0,0,0.213819,0.116453,0.227358,0.512203,0.319925,0.358812,0.305738,0.678737,0.144993,3.13769,0.255545,-0.0000182759,-0.00235447,0.252659,-0.0200678,95.0958,-0.00237274,0.00667518,-0.01547953998669982,-0.017861860804259777,0.00491339,999,,,,,,,-2,-2,-2,-2,,,,,,,,,,,,,,,,,,,"RJ Schreck","sa3022602",702302
"Dustin Harris","SDP",1,5,4,1,1,0,0,0,1,0,0,0,1,0,0,0,,0,0,0.229079,0.0826116,0.232987,0.354575,0.300369,0.347195,0.289409,0.647564,0.118115,5.67429,0.284316,-0.0000342857,0.015521,0.453051,-0.102694,83.9635,0.0154867,0.0221205,-0.07539028860628605,-0.02787948213517666,0.00491293,999,,,,,,,1.6,1.6,1.6,1.6,,,,,,,,,,,,,,,,,,,"Dustin Harris","25705",687957
"Chadwick Tromp","BAL",5,21,19,4,3,1,0,0,2,2,1,0,5,0,0,0,,0,0,0.210016,0.0625737,0.255803,0.244617,0.260065,0.32292,0.258541,0.582985,0.112904,2.21183,0.264287,-0.000278947,-0.0191127,1.50858,-0.984918,63.1526,-0.0193916,-0.190063,-0.9197550565004349,0.2188872992992401,0.0047719,999,,,,,,,9.3,1.86,9.3,1.86,,,,,,,,,,,,,,,,,,,"Chadwick Tromp","16953",644433
"Heston Kjerstad","BAL",2,9,8,2,1,0,0,0,1,1,1,0,2,0,0,0,,0,0,0.237351,0.0549192,0.26743,0.205359,0.290613,0.391427,0.298718,0.68204,0.154075,3.83165,0.299534,-0.000347541,-0.00929478,0.958479,-0.132427,91.0727,-0.00964233,-0.0127936,-0.10507725179195404,-0.17637380212545395,0.00464036,999,,,,,,,6.2,3.1,6.2,3.1,,,,,,,,,,,,,,,,,,,"Heston Kjerstad","31166",677008
"Justin Turner",,6,28,25,6,4,1,0,1,3,3,3,0,5,0,0,0,,0,0,0.242667,0.0934579,0.189252,0.493827,0.32243,0.365333,0.306008,0.687763,0.122667,2.41844,0.281787,-0.00232615,-0.0411692,3.09524,-0.239232,92.6313,-0.0434954,-0.00436154,-0.28915830329060555,-0.6210282132960856,0.00457191,999,,,,,,,29.9,4.983333333,29.9,4.983333333,,,,,,,,,,,,,,,,,,,"Justin Turner","5235",457759
"Billy Cook","PIT",3,11,10,2,2,0,0,0,1,1,1,0,3,0,0,0,,0,0,0.225214,0.0673737,0.280774,0.239957,0.285752,0.35952,0.285407,0.645271,0.134306,6.13798,0.296363,-0.00072971,0.0345225,1.07449,-0.289143,75.7603,0.0337928,0.0329252,-0.30325714871287346,-0.024327877908945084,0.00453318,999,,,,,,,4.2,1.4,4.2,1.4,,,,,,,,,,,,,,,,,,,"Billy Cook","29573",695257
"Collin Price","HOU",1,2,2,0,0,0,0,0,0,0,0,0,1,0,0,0,,0,0,0.208787,0.0870456,0.316284,0.275213,0.286639,0.368274,0.290313,0.654913,0.159487,3.64696,0.278997,0,-0.00100459,0.200945,-0.0437005,84.3474,-0.00100459,-0.030766,-0.038529981509782374,0.009357485920190811,0.00448209,999,,,,,,,-2,-2,-2,-2,,,,,,,,,,,,,,,,,,,"Collin Price","31415",805672
"Ryan Bliss","SEA",1,5,4,1,1,0,0,0,0,0,0,0,1,0,0,0,,0,0,0.206701,0.0641472,0.279494,0.229512,0.266289,0.318046,0.260875,0.584335,0.111344,5.83842,0.274885,-0.0000580822,0.00558345,0.338674,-0.20678,69.953,0.00552536,0.0192389,-0.15508008236065507,0.03559691831469536,0.00447377,999,,,,,,,1.6,1.6,1.6,1.6,,,,,,,,,,,,,,,,,,,"Ryan Bliss","29547",669208
"Drew Waters","KCR",1,2,2,1,0,0,0,0,0,0,0,0,1,0,0,0,,0,0,0.241023,0.068859,0.265368,0.259485,0.297601,0.385445,0.299918,0.683046,0.144422,6.12056,0.312141,-0.0000318797,0.00228161,0.241849,-0.0308777,87.3658,0.00224973,-0.0158373,-0.03151598107069731,-0.007658297196030617,0.00432204,999,,,,,,,3.6,3.6,3.6,3.6,,,,,,,,,,,,,,,,,,,"Drew Waters","20505",671221
"Eliezer Alfonzo","LAD",3,11,10,2,2,0,0,0,1,1,1,0,2,0,0,0,,0,0,0.233917,0.0558237,0.153439,0.363818,0.278799,0.337042,0.272674,0.615841,0.103125,2.10639,0.260778,-0.0000313953,-0.0114135,0.890787,-0.379488,69.6108,-0.0114449,-0.107517,-0.4050725298002362,0.10081666707992554,0.00431422,999,,,,,,,4.2,1.4,4.2,1.4,,,,,,,,,,,,,,,,,,,"Eliezer Alfonzo","22741",672613
"Alek Thomas","LAD",1,2,2,1,0,0,0,0,0,0,0,0,1,0,0,0,,0,0,0.233956,0.0587307,0.225064,0.260951,0.284001,0.382809,0.291847,0.66681,0.148854,4.54392,0.277618,0.00272676,-0.00092034,0.23114,-0.0467327,82.4151,0.00180642,0.00538302,-0.048019412090070546,0.013716352637857199,0.0042136,746.030029296875,,,,,,,3.6,3.6,3.6,3.6,,,,,,,,,,,,,,,,,,,"Alek Thomas","23792",677950
"Bryce Teodosio","LAA",2,9,8,2,1,0,0,0,1,1,0,0,3,0,0,0,,1,0,0.207472,0.0543148,0.315909,0.171932,0.262487,0.31671,0.258078,0.579197,0.109238,7.24072,0.293877,0.000283567,0.0451896,0.65657,-0.434337,60.1618,0.0454731,0.126949,-0.38040903955698013,0.09423302486538887,0.00416133,999,,,,,,,5.1,2.55,5.1,2.55,,,,,,,,,,,,,,,,,,,"Bryce Teodosio","29524",669326
"Juan Brito","CLE",1,4,4,1,1,0,0,0,0,0,0,0,1,0,0,0,,0,0,0.216659,0.0987213,0.206357,0.478401,0.299596,0.333276,0.285025,0.632872,0.116617,3.26405,0.260023,-0.0000752632,-0.00652193,0.420294,-0.114867,81.2926,-0.00659719,-0.0311678,-0.10470441495999694,-0.015118442475795746,0.00412637,999,,,,,,,1.6,1.6,1.6,1.6,,,,,,,,,,,,,,,,,,,"Juan Brito","26693",682877
"Willie MacIver","TOR",1,2,2,0,0,0,0,0,0,0,0,0,1,0,0,0,,0,0,0.220059,0.0739377,0.273569,0.270271,0.289048,0.344412,0.282531,0.633459,0.124353,4.82351,0.290441,-0.0000227957,-0.000188933,0.191595,-0.0577548,78.9685,-0.000211729,-0.0260846,-0.05160216429794673,0.014810469001531601,0.00385271,999,,,,,,,-2,-2,-2,-2,,,,,,,,,,,,,,,,,,,"Willie MacIver","24641",680862
"Tatem Levins","TBR",1,2,2,0,0,0,0,0,0,0,0,0,1,0,0,0,,0,0,0.206924,0.0960164,0.288777,0.332493,0.290023,0.332311,0.280032,0.622334,0.125387,2.73826,0.275576,0,-0.00238215,0.194422,-0.0643374,75.7195,-0.00238215,-0.018975,-0.06395033118315041,0.02346327342092991,0.00376421,999,,,,,,,-2,-2,-2,-2,,,,,,,,,,,,,,,,,,,"Tatem Levins","sa3020278",694420
"Carlos Pérez","DET",1,2,2,0,0,0,0,0,0,0,0,0,0,0,0,0,,0,0,0.215082,0.0722219,0.227845,0.316978,0.279478,0.387523,0.292439,0.667001,0.172441,1.95061,0.242369,-0.0000908571,-0.00207943,0.20842,-0.0409302,84.9842,-0.00217029,-0.0405987,-0.038861297769472,0.0002963915467262268,0.00367294,999,,,,,,,-2,-2,-2,-2,,,,,,,,,,,,,,,,,,,"Carlos Perez","10642",542208
"Tsung-Che Cheng","BOS",1,2,2,0,0,0,0,0,0,0,0,0,1,0,0,0,,0,0,0.220204,0.0908132,0.24673,0.368068,0.293454,0.327634,0.278844,0.621088,0.10743,5.66358,0.285971,-0.00000423077,-0.00059804,0.210359,-0.072659,71.5206,-0.00060227,0.00397565,-0.07958773046266288,0.029438617173582315,0.00352235,999,,,,,,,-2,-2,-2,-2,,,,,,,,,,,,,,,,,,,"Tsung-Che Cheng","28344",691907
"Jeferson Quero","MIL",1,2,2,0,0,0,0,0,0,0,0,0,0,0,0,0,,0,0,0.227509,0.067123,0.224412,0.299106,0.286154,0.365779,0.287836,0.651933,0.138269,2.33573,0.269202,0,-0.00237411,0.204389,-0.0496659,79.978,-0.00237411,-0.0227143,-0.05424250476062298,0.018952323123812675,0.00345427,999,,,,,,,-2,-2,-2,-2,,,,,,,,,,,,,,,,,,,"Jeferson Quero","28272",691620
"Nelson Rada","LAA",1,5,4,1,1,0,0,0,0,0,0,0,1,0,0,0,,0,0,0.222006,0.0914289,0.237222,0.385416,0.303736,0.290113,0.272607,0.593849,0.068107,5.97801,0.292701,-0.000134096,0.0115954,0.382251,-0.163202,70.258,0.0114613,0.0337796,-0.14751372020691633,0.017421526834368706,0.00339821,999,,,,,,,1.6,1.6,1.6,1.6,,,,,,,,,,,,,,,,,,,"Nelson Rada","sa3018421",703185
"Charlie Condon","COL",8,34,30,7,5,1,0,1,4,4,3,0,10,1,0,0,,0,0,0.241698,0.0849408,0.286721,0.296249,0.32189,0.413018,0.323199,0.734908,0.17132,5.46645,0.319655,0,-0.0293868,4.2763,0.1854,89.4216,-0.0293868,0.147424,-0.47066065296530724,-0.6132241487503052,0.00334682,999,,,,,,,33.5,4.1875,33.5,4.1875,,,,,,,,,,,,,,,,,,,"Charlie Condon","sa3025257",809707
"Adael Amador","COL",2,9,8,2,1,0,0,0,1,1,1,0,2,0,0,0,,0,0,0.238177,0.098446,0.17718,0.555627,0.317152,0.361057,0.303151,0.678209,0.122879,4.43834,0.27339,-0.00128115,-0.00876612,0.991413,-0.0994942,76.0329,-0.0100473,-0.0210649,-0.2766544371843338,0.011651141569018364,0.00332896,999,,,,,,,6.2,3.1,6.2,3.1,,,,,,,,,,,,,,,,,,,"Adael Amador","27962",691182
"Luis Vázquez","BAL",1,2,2,0,0,0,0,0,0,0,0,0,1,0,0,0,,0,0,0.222832,0.0560324,0.26292,0.213116,0.27553,0.345242,0.274831,0.620771,0.12241,4.31118,0.284229,-0.0000234513,-0.0024624,0.195257,-0.0774698,74.4734,-0.00248585,0.0116643,-0.07070746831595898,0.019843357615172863,0.0031369,999,,,,,,,-2,-2,-2,-2,,,,,,,,,,,,,,,,,,,"Luis Vazquez","23442",676679
"Blake Hunt","SDP",1,2,2,0,0,0,0,0,0,0,0,0,1,0,0,0,,0,0,0.21381,0.0664174,0.268878,0.247017,0.275998,0.350203,0.277492,0.6262,0.136393,3.08323,0.27076,0,-0.00223295,0.186492,-0.0675624,76.0051,-0.00223295,-0.0192211,-0.06439342675730586,0.0224455576390028,0.0027793,999,,,,,,,-2,-2,-2,-2,,,,,,,,,,,,,,,,,,,"Blake Hunt","23209",675448
"Rudy Martin Jr.","TOR",1,2,2,0,0,0,0,0,0,0,0,0,1,0,0,0,,0,0,0.217361,0.0946442,0.270997,0.349245,0.296593,0.329814,0.282118,0.626407,0.112454,6.17261,0.287006,-0.00000654321,0.0152311,0.208791,-0.063936,78.6816,0.0152246,-0.0230276,-0.04175032954663038,-0.014848573133349419,0.0025555,999,,,,,,,-2,-2,-2,-2,,,,,,,,,,,,,,,,,,,"Rudy Martin Jr.","sa829374",657675
"Logan Porter","LAA",1,2,2,0,0,0,0,0,0,0,0,0,1,0,0,0,,0,0,0.201392,0.10231,0.288053,0.355178,0.292028,0.309834,0.274237,0.601861,0.108442,2.15283,0.271394,-0.00000588889,-0.00240658,0.177512,-0.0718384,71.391,-0.00241246,-0.0188152,-0.07231831131502986,0.02207989990711212,0.00248946,999,,,,,,,-2,-2,-2,-2,,,,,,,,,,,,,,,,,,,"Logan Porter","20626",682515
"Miguel Andujar","SDP",14,61,56,15,10,3,0,1,7,7,3,0,10,0,0,0,,1,0,0.26026,0.0536937,0.16064,0.334247,0.30264,0.38879,0.302505,0.69143,0.128529,3.91798,0.29118,-0.0170958,-0.0590053,6.53401,-0.690675,92.7099,-0.076101,0.0799062,-0.6131599694490433,-1.3367604613304138,0.00228733,722.9099731445312,,,,,,,57,4.071428571,57,4.071428571,,,,,,,,,,,,,,,,,,,"Miguel Andujar","15878",609280
"LuJames Groover","ARI",2,9,8,2,1,0,0,0,1,1,1,0,2,0,0,0,,0,0,0.235998,0.0848135,0.203955,0.415844,0.307913,0.345607,0.292824,0.65352,0.10961,2.4786,0.28472,0,-0.0109985,0.914697,-0.17621,81.5986,-0.0109985,0.119192,-0.21569349896162748,-0.06074649095535278,0.00216949,999,,,,,,,6.2,3.1,6.2,3.1,,,,,,,,,,,,,,,,,,,"LuJames Groover","33552",694410
"Mario Camilletti","CHW",1,2,2,0,0,0,0,0,0,0,0,0,1,0,0,0,,0,0,0.210786,0.11956,0.252202,0.474066,0.309474,0.292926,0.277988,0.602399,0.0821394,2.94045,0.281088,0,-0.00299602,0.208709,-0.0743089,74.9351,-0.00299602,-0.000485294,-0.0725115342065692,0.008002359798410907,0.0020665,999,,,,,,,-2,-2,-2,-2,,,,,,,,,,,,,,,,,,,"Mario Camilletti","sa3020192",680519
"Jack Brannigan","PIT",1,2,2,0,0,0,0,0,0,0,0,0,1,0,0,0,,0,0,0.208587,0.0851827,0.321146,0.265246,0.287212,0.351017,0.284711,0.638229,0.14243,4.52467,0.289334,0,-0.000170423,0.213607,-0.0591201,75.2959,-0.000170423,-0.0110993,-0.06887187621032353,0.013437719084322453,0.00192885,999,,,,,,,-2,-2,-2,-2,,,,,,,,,,,,,,,,,,,"Jack Brannigan","31471",687394
"Payton Henry","PHI",1,2,2,0,0,0,0,0,0,0,0,0,1,0,0,0,,0,0,0.224691,0.0552883,0.281452,0.19644,0.280403,0.352204,0.280262,0.632606,0.127513,2.73461,0.292455,0,-0.00228615,0.187743,-0.0616076,72.5931,-0.00228615,-0.018285,-0.0719709221739322,0.02261006459593773,0.00189753,999,,,,,,,-2,-2,-2,-2,,,,,,,,,,,,,,,,,,,"Payton Henry","22164",668721
"Nick Morabito","NYM",1,2,2,0,0,0,0,0,0,0,0,0,1,0,0,0,,0,0,0.222705,0.0792268,0.265358,0.298565,0.294495,0.311998,0.274508,0.606493,0.0892938,5.9275,0.298201,0,0.00960524,0.194657,-0.0780697,73.5819,0.00960524,0.0315189,-0.06386268977075815,0.006981836631894112,0.00178219,999,,,,,,,-2,-2,-2,-2,,,,,,,,,,,,,,,,,,,"Nick Morabito","32119",703492
"Johnathan Rodríguez","PIT",1,2,2,1,0,0,0,0,0,0,0,0,1,0,0,0,,0,0,0.253449,0.0840954,0.27603,0.30466,0.318651,0.42576,0.324427,0.744411,0.172312,3.52574,0.32509,-0.000102345,-0.00261705,0.287369,0.0146418,101.82,-0.00271939,-0.0352516,0.0023411058355122805,-0.05978859029710293,0.00172474,999,,,,,,,3.6,3.6,3.6,3.6,,,,,,,,,,,,,,,,,,,"Johnathan Rodriguez","22530",671286
"Brett Harris","BOS",1,2,2,0,0,0,0,0,0,0,0,0,1,0,0,0,,0,0,0.23067,0.0837268,0.226189,0.370163,0.308815,0.349292,0.295228,0.658107,0.118622,3.772,0.284271,-0.000220866,-0.00247166,0.241936,-0.0410819,82.9062,-0.00269252,0.0241429,-0.05010082898661494,-0.0182954128831625,0.00167243,999,,,,,,,-2,-2,-2,-2,,,,,,,,,,,,,,,,,,,"Brett Harris","29788",695391
"Kristian Campbell","BOS",1,2,2,0,0,0,0,0,0,0,0,0,1,0,0,0,,0,0,0.234386,0.104748,0.275796,0.379803,0.32815,0.357816,0.308782,0.685967,0.12343,3.78797,0.318142,0.0000653125,-0.0026909,0.268059,-0.0149589,92.3252,-0.00262559,-0.0193207,-0.023910907795652747,-0.04478366672992706,0.00164218,746.1400146484375,,,,,,,-2,-2,-2,-2,,,,,,,,,,,,,,,,,,,"Kristian Campbell","33644",692225
"Kemp Alderman","MIA",1,2,2,1,0,0,0,0,0,0,0,0,1,0,0,0,,0,0,0.245313,0.0502335,0.295641,0.169914,0.28937,0.412573,0.304609,0.701942,0.167259,5.23261,0.321356,0,-0.00142159,0.250562,-0.022165,89.1181,-0.00142159,-0.00314501,-0.03168385510798544,-0.027682046871632338,0.00153025,999,,,,,,,3.6,3.6,3.6,3.6,,,,,,,,,,,,,,,,,,,"Kemp Alderman","sa3022562",694580
"Gabriel Gonzalez","MIN",2,7,6,2,1,0,0,0,1,1,0,0,1,0,0,0,,0,0,0.239232,0.0509714,0.212234,0.240166,0.288908,0.365853,0.288691,0.654761,0.126621,2.93755,0.286016,-0.0000454286,-0.00891591,0.662993,-0.155187,81.8631,-0.00896134,-0.00251203,-0.15437804907560349,-0.07612314191646874,0.00151215,999,,,,,,,5.2,2.6,5.2,2.6,,,,,,,,,,,,,,,,,,,"Gabriel Gonzalez","28833",694224
"Trey Lipscomb","WSN",3,11,11,3,2,1,0,0,1,1,0,0,3,0,0,0,,0,0,0.239314,0.0432053,0.232915,0.185498,0.273421,0.364503,0.278902,0.637923,0.125189,4.26718,0.292884,-0.000591007,-0.000821412,1.01409,-0.349546,73.2888,-0.00141242,-0.0271938,-0.37282740813679993,0.01370125450193882,0.00133548,999,,,,,,,8.7,2.9,8.7,2.9,,,,,,,,,,,,,,,,,,,"Trey Lipscomb","31567",702358
"Maximo Acosta","MIA",1,5,4,1,1,0,0,0,0,0,0,0,1,0,0,0,,0,0,0.225063,0.0643249,0.250156,0.257139,0.280695,0.341554,0.276128,0.622249,0.116491,5.68391,0.28609,0.0000865306,0.00821047,0.395331,-0.150122,70.0974,0.008297,-0.0143521,-0.15801965352147818,0.01836398709565401,0.000939193,999,,,,,,,1.6,1.6,1.6,1.6,,,,,,,,,,,,,,,,,,,"Maximo Acosta","27963",691185
"Nick Yorke","PIT",2,7,6,1,1,0,0,0,1,1,0,0,2,0,0,0,,0,0,0.23974,0.0717332,0.232779,0.30816,0.299378,0.349149,0.288576,0.648526,0.109408,4.65635,0.30233,0.000107963,-0.00463594,0.662355,-0.155826,77.8771,-0.00452797,-0.0506173,-0.1890975716523826,-0.02608022466301918,0.000831491,999,,,,,,,-0.4,-0.2,-0.4,-0.2,,,,,,,,,,,,,,,,,,,"Nick Yorke","27504",694377
"Kristian Robinson","ARI",1,2,2,0,0,0,0,0,0,0,0,0,1,0,0,0,,0,0,0.21088,0.101872,0.330693,0.308057,0.298717,0.341302,0.287515,0.640019,0.130422,6.73627,0.309065,-0.0000212,0.00256747,0.218814,-0.0539124,78.0531,0.00254627,0.014786,-0.05848739598877728,-0.009751061908900738,0.00063073,999,,,,,,,-2,-2,-2,-2,,,,,,,,,,,,,,,,,,,"Kristian Robinson","sa3006884",677565
"Chad Wallach","ATH",2,6,6,1,1,0,0,0,1,1,0,0,2,0,0,0,,0,0,0.207483,0.0669971,0.294884,0.227198,0.269408,0.339346,0.270378,0.608754,0.131863,3.07758,0.272846,-0.0000426316,-0.00585972,0.522552,-0.239612,67.0384,-0.00590236,-0.0953298,-0.2520854384638369,0.02967017889022827,0.00062849,999,,,,,,,-0.4,-0.2,-0.4,-0.2,,,,,,,,,,,,,,,,,,,"Chad Wallach","17161",595453
"Pavin Smith","ARI",1,2,2,0,0,0,0,0,0,0,0,0,1,0,0,0,,0,0,0.231238,0.113164,0.238465,0.474551,0.320201,0.370605,0.308,0.690806,0.139367,3.43295,0.286532,-0.00151158,-0.00174332,0.256859,-0.0158676,91.7335,-0.0032549,-0.00210285,-0.026243761414662004,-0.04299791459925473,0.000529022,999,,,,,,,-2,-2,-2,-2,,,,,,,,,,,,,,,,,,,"Pavin Smith","19892",656976
"Andrew Pintar","MIA",1,2,2,0,0,0,0,0,0,0,0,0,1,0,0,0,,0,0,0.224543,0.0731728,0.268543,0.272481,0.287755,0.33639,0.278457,0.624144,0.111847,5.87846,0.297491,-0.0000311765,0.00545718,0.201991,-0.0707353,71.6529,0.005426,-0.00439933,-0.07340656779706478,0.0037796832621097565,0.000489969,999,,,,,,,-2,-2,-2,-2,,,,,,,,,,,,,,,,,,,"Andrew Pintar","sa3020715",801464
"Matthew Lugo","KCR",1,2,2,0,0,0,0,0,0,0,0,0,1,0,0,0,,0,0,0.235532,0.0547678,0.260593,0.210166,0.285023,0.38918,0.294482,0.674203,0.153648,6.15427,0.298576,-0.0000316418,-0.000383914,0.231752,-0.0409746,83.5879,-0.000415556,-0.0101534,-0.04427812568610534,-0.03469045273959637,0.000287616,999,,,,,,,-2,-2,-2,-2,,,,,,,,,,,,,,,,,,,"Matthew Lugo","25980",683090
"Jared Serna","MIA",1,2,2,0,0,0,0,0,0,0,0,0,0,0,0,0,,0,0,0.225165,0.0637461,0.201743,0.315976,0.281574,0.338084,0.275555,0.619657,0.112919,3.93124,0.265999,-0.0000120455,-0.000261407,0.196602,-0.0761251,69.7148,-0.000273452,0.00462314,-0.08449579120497219,0.01280215010046959,0.000280438,999,,,,,,,-2,-2,-2,-2,,,,,,,,,,,,,,,,,,,"Jared Serna","sa3015579",691858
"Otto Kemp","PHI",2,9,8,2,1,0,0,0,1,1,1,0,2,0,0,0,,0,0,0.225927,0.0643808,0.270316,0.238169,0.304781,0.376771,0.302794,0.681552,0.150844,5.35008,0.289274,-0.0011872,-0.00642187,0.988758,-0.102149,87.6404,-0.00760907,-0.117391,-0.14509601797908545,-0.15010657534003258,0.0002673,999,,,,,,,6.2,3.1,6.2,3.1,,,,,,,,,,,,,,,,,,,"Otto Kemp","31792",805249
"Bryce Johnson","SDP",1,2,2,0,0,0,0,0,0,0,0,0,1,0,0,0,,0,0,0.213245,0.0843466,0.274432,0.30735,0.289478,0.298698,0.267602,0.588175,0.0854525,6.18504,0.292797,-0.000189,0.0103469,0.185262,-0.0926106,69.4004,0.0101579,-0.00535354,-0.07654432207345963,0.002979796379804611,0.000233195,999,,,,,,,-2,-2,-2,-2,,,,,,,,,,,,,,,,,,,"Bryce Johnson","20002",669369
"Hyeseong Kim","LAD",1,5,4,1,1,0,0,0,0,0,0,0,1,0,0,0,,0,0,0.220488,0.0638851,0.28263,0.226038,0.275121,0.324262,0.26709,0.599383,0.103773,5.80236,0.297186,-0.00027,0.0134979,0.368586,-0.187159,65.8815,0.0132279,0.0121978,-0.18011758569628,0.028864442370831966,0.000048282,740.77001953125,,,,,,,1.6,1.6,1.6,1.6,,,,,,,,,,,,,,,,,,,"Hyeseong Kim","35322",808975
"Raynel Delgado","HOU",4,18,16,4,3,1,0,0,2,1,1,0,4,0,0,0,,1,0,0.222977,0.0719754,0.241496,0.298039,0.285827,0.313455,0.269555,0.599281,0.0904777,5.65155,0.287411,-0.0000338211,0.0235142,1.45566,-0.684984,69.922,0.0234804,-0.114429,-0.6074712853878736,-0.034181900322437286,0.0000449242,999,,,,,,,14.2,3.55,14.2,3.55,,,,,,,,,,,,,,,,,,,"Raynel Delgado","22272",669384
"Sebastián Rivero","LAA",4,17,16,3,2,1,0,0,1,2,1,0,4,0,0,0,,0,0,0.214764,0.0472871,0.231975,0.203845,0.258121,0.318256,0.255396,0.576376,0.103491,2.93644,0.265312,-0.000487356,-0.014563,1.16415,-0.83065,58.298,-0.0150503,-0.0952036,-0.8302397076040506,0.23195692896842957,0.00000671795,999,,,,,,,6.7,1.675,6.7,1.675,,,,,,,,,,,,,,,,,,,"Sebastian Rivero","21735",665861
"Gavin Cross","KCR",2,9,8,2,1,0,0,0,1,1,1,0,3,0,0,0,,0,0,0.230351,0.056276,0.275272,0.204438,0.278144,0.385906,0.289737,0.66405,0.155555,6.93696,0.294425,-0.0000184348,0.0300934,0.891759,-0.199148,80.2905,0.030075,-0.0509522,-0.1806252207607031,-0.14910034090280533,-0.000253802,999,,,,,,,6.2,3.1,6.2,3.1,,,,,,,,,,,,,,,,,,,"Gavin Cross","sa3019985",688457
"César Prieto","STL",2,7,7,2,1,0,0,0,1,1,0,0,1,0,0,0,,0,0,0.246069,0.0399856,0.159754,0.250294,0.28412,0.34984,0.279504,0.633961,0.103771,3.58535,0.280139,-0.000177372,-0.015317,0.623351,-0.210267,75.7841,-0.0154944,-0.050926,-0.22133709210902452,-0.00925932452082634,-0.000304384,999,,,,,,,4.2,2.1,4.2,2.1,,,,,,,,,,,,,,,,,,,"Cesar Prieto","30163",693409
"Hayden Senger","NYM",1,2,2,0,0,0,0,0,0,0,0,0,1,0,0,0,,0,0,0.200564,0.0529404,0.315003,0.168063,0.254984,0.312869,0.253075,0.567853,0.112305,3.81699,0.278241,-0.0000638554,-0.00186841,0.141577,-0.107773,59.268,-0.00193227,-0.00753432,-0.10549759725108743,0.03336073877289891,-0.000411543,999,,,,,,,-2,-2,-2,-2,,,,,,,,,,,,,,,,,,,"Hayden Senger","21489",663584
"Connor Joe","SEA",2,7,6,1,1,0,0,0,1,1,1,0,2,0,0,0,,0,0,0.209021,0.0917414,0.259204,0.353935,0.28961,0.329307,0.278455,0.618917,0.120286,3.9963,0.269169,-0.000289091,-0.00881162,0.605958,-0.212222,82.1694,-0.00910071,0.00790718,-0.15206092782318592,-0.09841998293995857,-0.00051343,999,,,,,,,2.6,1.3,2.6,1.3,,,,,,,,,,,,,,,,,,,"Connor Joe","16572",656582
"Will Brennan","SFG",1,2,2,1,0,0,0,0,0,0,0,0,0,0,0,0,,0,0,0.259401,0.0464359,0.155201,0.299197,0.299858,0.359973,0.291272,0.659831,0.100572,3.94486,0.295874,-0.0002025,-0.000577798,0.230052,-0.0478207,83.8846,-0.000780298,-0.00967784,-0.04644233640283346,-0.0346778417006135,-0.000532811,999,,,,,,,3.6,3.6,3.6,3.6,,,,,,,,,,,,,,,,,,,"Will Brennan","25660",686823
"Joey Meneses","ATH",1,2,2,1,0,0,0,0,0,0,0,0,0,0,0,0,,0,0,0.251074,0.0547774,0.195726,0.279868,0.295836,0.38512,0.298464,0.680955,0.134045,2.24339,0.293082,-0.000296391,-0.00262716,0.243661,-0.0342119,86.5562,-0.00292355,-0.0244915,-0.039531060960143805,-0.0494915172457695,-0.000575195,999,,,,,,,3.6,3.6,3.6,3.6,,,,,,,,,,,,,,,,,,,"Joey Meneses","14366",608841
"DaShawn Keirsey Jr.","ATL",1,2,2,0,0,0,0,0,0,0,0,0,1,0,0,0,,0,0,0.226674,0.0544399,0.289588,0.187991,0.274082,0.339356,0.271097,0.613438,0.112683,7.6039,0.308426,-0.0000307317,0.0143342,0.191875,-0.0859973,67.5934,0.0143035,-0.0132838,-0.07751870807260275,-0.004950462840497494,-0.000669575,999,,,,,,,-2,-2,-2,-2,,,,,,,,,,,,,,,,,,,"DaShawn Keirsey Jr.","24496",680577
"Tyler Black","MIL",1,2,2,0,0,0,0,0,0,0,0,0,1,0,0,0,,0,0,0.219436,0.116557,0.246575,0.472704,0.320749,0.344742,0.300616,0.665491,0.125306,6.85741,0.282584,-0.0000184615,0.00716986,0.247732,-0.0301401,88.5125,0.00715139,0,-0.02539766300469637,-0.05833333358168602,-0.000797501,999,,,,,,,-2,-2,-2,-2,,,,,,,,,,,,,,,,,,,"Tyler Black","29949",672012
"Brian Navarreto","MIA",3,13,12,3,2,1,0,0,1,1,1,0,3,0,0,0,,0,0,0.216847,0.0553055,0.244319,0.226366,0.266366,0.331036,0.264614,0.597402,0.114189,3.79944,0.27133,-0.0000489231,-0.00777719,0.967029,-0.529072,62.4078,-0.00782611,-0.0815759,-0.5813175672665238,0.16379448026418686,-0.000918311,999,,,,,,,10.7,3.566666666,10.7,3.566666666,,,,,,,,,,,,,,,,,,,"Brian Navarreto","16398",640459
"Zack Short","NYM",1,2,2,0,0,0,0,0,0,0,0,0,1,0,0,0,,0,0,0.18387,0.116534,0.292494,0.398415,0.285706,0.294017,0.266502,0.579723,0.110147,3.24923,0.247978,-0.0000438346,-0.00151912,0.179787,-0.0929395,68.2349,-0.00156296,-0.00518008,-0.08990068396087736,0.0029989322647452354,-0.00126139,999,,,,,,,-2,-2,-2,-2,,,,,,,,,,,,,,,,,,,"Zack Short","19562",670097
"Tim Elko","CHW",2,7,7,2,1,0,0,0,1,1,0,0,2,0,0,0,,0,0,0.233431,0.0519937,0.333136,0.156073,0.277242,0.395343,0.29285,0.672585,0.161911,2.8098,0.319611,-0.00012406,-0.00716587,0.71206,-0.136995,85.2632,-0.00728993,-0.00992895,-0.12990437727421522,-0.13724377378821373,-0.00126429,999,,,,,,,4.2,2.1,4.2,2.1,,,,,,,,,,,,,,,,,,,"Tim Elko","31522",671284
"Samad Taylor","SDP",20,86,77,17,13,3,0,2,9,7,7,0,22,1,1,1,,4,1,0.225743,0.0855084,0.256885,0.332866,0.296703,0.328418,0.280967,0.625121,0.102674,5.87916,0.2941,-0.00130588,0.265177,7.79042,-2.49086,78.3259,0.263871,0.0127614,-2.008380025625229,-0.8122386196628213,-0.00138135,999,,,,,,,74.5,3.725,74.5,3.725,,,,,,,,,,,,,,,,,,,"Samad Taylor","22274",669392
"Christian Cairo","PHI",4,16,14,3,2,1,0,0,2,1,2,0,4,0,0,0,,1,0,0.206335,0.111085,0.232453,0.477881,0.306793,0.277491,0.271754,0.584284,0.0711558,5.49416,0.27174,-0.0000328319,0.0294472,1.3268,-0.582291,66.9112,0.0294144,-0.0105404,-0.6147179137915373,0.07942868769168854,-0.00142651,999,,,,,,,13.6,3.4,13.6,3.4,,,,,,,,,,,,,,,,,,,"Christian Cairo","sa3010028",686551
"Felix Reyes","PHI",2,7,7,2,1,0,0,0,1,1,0,0,2,0,0,0,,0,0,0.249768,0.0240466,0.223699,0.107495,0.269548,0.414505,0.294303,0.684053,0.164737,4.06474,0.290034,0,-0.00387524,0.69426,-0.12392,81.9699,-0.00387524,-0.0121242,-0.15429903496988118,-0.08573529776185751,-0.00168851,999,,,,,,,4.2,2.1,4.2,2.1,,,,,,,,,,,,,,,,,,,"Felix Reyes","28763",694025
"Will Banfield","CIN",1,2,2,0,0,0,0,0,0,0,0,0,1,0,0,0,,0,0,0.219437,0.0395982,0.279558,0.141646,0.254663,0.347236,0.263359,0.601899,0.127799,2.58556,0.283378,-0.0000261905,-0.00201352,0.165042,-0.0937175,58.0884,-0.00203971,-0.0186418,-0.11262560449540615,0.023796427994966507,-0.0018434,999,,,,,,,-2,-2,-2,-2,,,,,,,,,,,,,,,,,,,"Will Banfield","23790",677943
"Mason McCoy","SDP",1,2,2,0,0,0,0,0,0,0,0,0,1,0,0,0,,0,0,0.198387,0.0674271,0.297432,0.226698,0.256356,0.294594,0.247283,0.550951,0.096207,5.49636,0.273745,-0.00003,0.0053437,0.146812,-0.131061,55.8303,0.0053137,-0.00164711,-0.11983849946409464,0.023352894699200988,-0.00209059,999,,,,,,,-2,-2,-2,-2,,,,,,,,,,,,,,,,,,,"Mason McCoy","22232",669200
"Robert Hassell III","PIT",1,2,2,0,0,0,0,0,0,0,0,0,1,0,0,0,,0,0,0.228016,0.0779063,0.254681,0.305897,0.289965,0.32476,0.275477,0.614725,0.0967436,4.24211,0.297859,0.0000595506,0.00246652,0.196457,-0.0762699,69.129,0.00252607,0.0119276,-0.0833252186421305,-0.012609448283910751,-0.00217716,999,,,,,,,-2,-2,-2,-2,,,,,,,,,,,,,,,,,,,"Robert Hassell III","27482",690987
"Andrew McCutchen","ATL",1,2,2,0,0,0,0,0,0,0,0,0,1,0,0,0,,0,0,0.218166,0.111149,0.24578,0.452231,0.309597,0.357668,0.298976,0.667265,0.139503,2.76132,0.267383,-0.00190609,-0.0024019,0.24463,-0.0332421,86.2122,-0.004308,0,-0.043374963104724884,-0.05833333358168602,-0.00262007,999,,,,,,,-2,-2,-2,-2,,,,,,,,,,,,,,,,,,,"Andrew McCutchen","9847",457705
"Eric Wagaman","NYM",6,25,23,5,3,1,0,1,3,3,2,0,6,0,0,0,,0,0,0.231558,0.0751721,0.228561,0.328894,0.29159,0.370875,0.291922,0.662465,0.139317,4.23205,0.279554,-0.00365297,-0.0159651,2.49698,-0.503013,85.2114,-0.0196181,0.091041,-0.47201082482934,-0.3751627206802368,-0.00285044,748.2100219726562,,,,,,,23.3,3.883333333,23.3,3.883333333,,,,,,,,,,,,,,,,,,,"Eric Wagaman","23395",676572
"Sam Haggerty","CIN",1,2,2,0,0,0,0,0,0,0,0,0,1,0,0,0,,0,0,0.223113,0.0796617,0.250957,0.317432,0.292981,0.327363,0.278487,0.620344,0.104249,6.63819,0.29117,-0.000173077,0.011855,0.209671,-0.0733469,68.1914,0.0116819,-0.00228698,-0.0801148284226656,-0.027749940287321806,-0.0031018,999,,,,,,,-2,-2,-2,-2,,,,,,,,,,,,,,,,,,,"Sam Haggerty","18054",664059
"Aaron Zavala","TEX",1,5,4,1,1,0,0,0,0,0,0,0,1,0,0,0,,0,0,0.201664,0.100522,0.31098,0.323244,0.291338,0.309416,0.273468,0.600754,0.107752,4.01847,0.287748,-0.000018,-0.00419689,0.392722,-0.163023,73.4863,-0.00421489,6.71463e-18,-0.14860825845971704,-0.05000000074505805,-0.00323512,999,,,,,,,1.6,1.6,1.6,1.6,,,,,,,,,,,,,,,,,,,"Aaron Zavala","sa3017665",701648
"Ralphy Velazquez","CLE",5,20,18,4,3,1,0,1,2,2,1,0,5,0,0,0,,0,0,0.227106,0.0741164,0.248613,0.298119,0.289989,0.37544,0.292882,0.665429,0.148334,3.44262,0.281478,0,-0.0220899,2.02018,-0.38805,86.7526,-0.0220899,0.00134768,-0.3347191698849201,-0.44001034984830767,-0.0053095,999,,,,,,,19.7,3.94,19.7,3.94,,,,,,,,,,,,,,,,,,,"Ralphy Velazquez","sa3023013",806252
"Bryan De La Cruz","PHI",13,57,53,13,8,2,0,2,6,7,4,0,15,0,0,0,,0,0,0.242195,0.0651193,0.25534,0.255029,0.293193,0.394155,0.300629,0.687348,0.15196,2.51352,0.297833,-0.00828125,-0.051825,6.07922,-0.738943,86.1947,-0.0601063,-0.321193,-1.0199106857180595,-0.9019030332565308,-0.00611526,999,,,,,,,56.4,4.338461538,56.4,4.338461538,,,,,,,,,,,,,,,,,,,"Bryan De La Cruz","19600",650559
"Andrew Velazquez","KCR",5,21,19,4,3,1,0,0,2,2,1,0,6,0,0,0,,1,0,0.21727,0.0562702,0.274709,0.204836,0.263152,0.323207,0.259837,0.586359,0.105937,5.65847,0.286335,-0.000123362,0.116376,1.50667,-0.947866,59.5122,0.116252,-0.12287,-0.8576055020093918,0.04888925701379776,-0.00734679,999,,,,,,,11.2,2.24,11.2,2.24,,,,,,,,,,,,,,,,,,,"Andrew Velazquez","14196",623205
"Tommy Pham","PHI",3,14,12,3,2,0,0,0,1,1,1,0,3,0,0,0,,0,0,0.218449,0.0991746,0.25106,0.395023,0.299802,0.344997,0.288991,0.6448,0.126548,4.24515,0.274676,-0.0077583,-0.0053691,1.32933,-0.307027,78.4228,-0.0131274,-0.0251881,-0.37316138856112957,-0.17241028882563114,-0.0100178,999,,,,,,,7.8,2.6,7.8,2.6,,,,,,,,,,,,,,,,,,,"Tommy Pham","2967",502054
"Victor Bericoto","SFG",15,63,58,14,10,3,0,2,7,7,4,0,16,0,0,0,,0,0,0.243824,0.0568005,0.256162,0.221737,0.287009,0.387081,0.294342,0.67409,0.143257,3.42464,0.304255,-0.000445191,-0.0749886,6.36826,-1.1343,85.935,-0.0754338,-0.0718545,-1.1514457166194916,-0.9968544840812683,-0.0101335,999,,,,,,,59.9,3.993333333,59.9,3.993333333,,,,,,,,,,,,,,,,,,,"Victor Bericoto","26468",682674
"Will Wagner","SDP",6,26,23,5,4,1,0,0,3,2,3,0,5,0,0,0,,0,0,0.228228,0.102311,0.194273,0.526636,0.31251,0.325784,0.289197,0.638294,0.0975566,3.27425,0.274462,-0.00178726,-0.0263485,2.48737,-0.569227,83.822,-0.0281358,0.0864162,-0.5323706679046154,-0.4052504897117615,-0.0104534,999,,,,,,,16.9,2.816666666,16.9,2.816666666,,,,,,,,,,,,,,,,,,,"Will Wagner","29634",695238
"Justin Dean","CHC",2,9,8,2,1,0,0,0,1,1,1,0,3,0,0,0,,0,0,0.201955,0.0954481,0.299353,0.318848,0.287532,0.291816,0.265041,0.579348,0.089861,6.82203,0.287296,-0.000308571,0.0404234,0.721658,-0.389832,65.7749,0.0401148,-0.0265646,-0.34778428822755814,-0.059897955507040024,-0.0105664,999,,,,,,,6.2,3.1,6.2,3.1,,,,,,,,,,,,,,,,,,,"Justin Dean","25005",681909
"Wilmer Flores",,6,28,25,6,4,1,0,1,3,3,2,0,5,0,0,0,,0,0,0.229167,0.0785047,0.181308,0.43299,0.299065,0.370833,0.296879,0.669899,0.141667,1.17227,0.252688,-0.0210137,-0.0366373,2.88793,-0.446538,86.4131,-0.057651,-0.001053,-0.5106199011206627,-0.5843863134505227,-0.0141655,999,,,,,,,26.9,4.483333333,26.9,4.483333333,,,,,,,,,,,,,,,,,,,"Wilmer Flores","5827",527038
"James Triantos","CHC",3,14,13,3,2,1,0,0,1,1,1,0,2,0,0,0,,1,0,0.241352,0.0418816,0.168119,0.249119,0.277898,0.339457,0.272273,0.617355,0.0981049,5.56123,0.278485,0,0.0258748,1.1646,-0.502639,70.6047,0.0258748,-0.111883,-0.4738642927259207,-0.16188259050250053,-0.0183054,999,,,,,,,11.6,3.866666666,11.6,3.866666666,,,,,,,,,,,,,,,,,,,"James Triantos","29795",701649
"Adam Frazier","LAA",9,39,35,8,6,1,0,0,4,3,3,0,8,0,0,0,,1,0,0.224533,0.0728765,0.193331,0.376953,0.289724,0.306632,0.269393,0.596356,0.0820985,4.37317,0.272833,-0.00167251,-0.0360926,3.14767,-1.48868,68.0249,-0.0377652,-0.0691511,-1.4905132129788399,-0.1427622213959694,-0.0245934,999,,,,,,,23.6,2.622222222,23.6,2.622222222,,,,,,,,,,,,,,,,,,,"Adam Frazier","15223",624428
"Deyvison De Los Santos","MIA",8,37,34,8,6,2,0,1,4,4,2,0,9,0,0,0,,1,0,0.246075,0.0464171,0.249564,0.185993,0.284965,0.396343,0.296502,0.681309,0.150269,4.49046,0.301709,0,-0.0000122988,3.76807,-0.595556,83.7037,-0.0000122988,0.0215752,-0.7251247369931662,-0.7145359311252832,-0.0251735,999,,,,,,,33.9,4.2375,33.9,4.2375,,,,,,,,,,,,,,,,,,,"Deyvison De Los Santos","27969",691277
"Tyler Callihan","PIT",6,27,25,5,4,1,0,1,3,3,2,0,8,0,0,0,,1,0,0.218078,0.0745167,0.284245,0.262156,0.279178,0.341462,0.275541,0.62064,0.123384,5.73872,0.291221,-0.000647778,0.0358013,2.3589,-0.913818,69.1716,0.0351535,-0.196009,-0.9936411678791046,-0.16329313814640045,-0.0267057,999,,,,,,,23.2,3.866666666,23.2,3.866666666,,,,,,,,,,,,,,,,,,,"Tyler Callihan","27497",682997
"Tommy White","ATH",22,93,87,21,15,4,0,2,9,10,4,0,18,1,1,1,,0,0,0.243698,0.0402179,0.193522,0.207821,0.280568,0.36888,0.284549,0.649448,0.125182,2.70309,0.282362,0,-0.098685,8.69316,-2.42174,76.8861,-0.098685,0.609792,-2.616252616047859,-0.9902082681655884,-0.0276265,999,,,,,,,76,3.454545454,76,3.454545454,,,,,,,,,,,,,,,,,,,"Tommy White","35107",695720
"Dominic Smith","ATL",19,82,74,18,13,3,0,2,9,9,6,0,16,1,1,0,,0,0,0.243445,0.0747966,0.197519,0.378681,0.307458,0.368173,0.299723,0.675632,0.124728,2.92292,0.284422,-0.0499669,-0.0819222,8.61152,-1.11402,86.7109,-0.131889,0.0371068,-1.449774980545044,-1.9712263867259026,-0.0776319,999,,,,,,,75.3,3.963157894,75.3,3.963157894,,,,,,,,,,,,,,,,,,,"Dominic Smith","15653",642086
"Ildemaro Vargas","ARI",28,121,112,27,20,5,1,2,13,11,7,0,15,1,1,1,,1,0,0.244009,0.0569785,0.124221,0.458687,0.290451,0.347237,0.282002,0.637688,0.103229,4.38858,0.267176,0.00145293,-0.0938683,11.0545,-3.40003,74.3713,-0.0924154,0.331966,-3.8698718920350075,-0.8703490793704987,-0.0804822,999,,,,,,,104.1,3.717857142,104.1,3.717857142,,,,,,,,,,,,,,,,,,,"Ildemaro Vargas","13324",545121
"Troy Johnston","COL",32,140,126,32,22,7,1,3,15,14,10,0,28,2,1,1,,4,1,0.253217,0.068361,0.199207,0.343166,0.314953,0.383187,0.308626,0.69814,0.129971,4.99035,0.301232,-0.0259042,0.114086,15.7394,-0.896962,79.6896,0.088182,0.00939768,-3.357253260910511,-2.0435343412682414,-0.0870608,748.4099731445312,,,,,,,148.2,4.63125,148.2,4.63125,,,,,,,,,,,,,,,,,,,"Troy Johnston","26143",687859
"Brett Sullivan","COL",14,54,50,11,8,2,0,1,6,5,3,0,10,0,0,0,,1,0,0.228792,0.0622918,0.181967,0.342325,0.280448,0.348317,0.277656,0.628764,0.119524,4.66733,0.265754,-0.00780867,-0.0369554,4.76622,-1.71688,59.0061,-0.0447641,-1.01376,-2.754773885011673,0.049512505531311035,-0.094817,999,,,,,,,37.7,2.692857142,37.7,2.692857142,,,,,,,,,,,,,,,,,,,"Brett Sullivan","18217",664954