pid,season,half,stuffRaw,stuffN
472551,2021,full,-0.0059230183,299
472551,2021,A,-0.005260656,173
472551,2021,B,-0.006832452,126
676265,2021,full,-0.0036729723,352
676265,2021,A,-0.0031415746,213
676265,2021,B,-0.004487272,139
656061,2021,full,0.0017922549,642
656061,2021,A,0.0018478014,326
656061,2021,B,0.0017349509,316
650556,2021,full,0.0025609173,689
650556,2021,A,0.0011612885,369
650556,2021,B,0.0041748644,320
642758,2021,full,-0.004631389,174
642758,2021,A,-0.004163822,97
642758,2021,B,-0.0052204006,77
592094,2021,full,-0.0034264268,218
592094,2021,A,-0.0032320237,125
592094,2021,B,-0.0036877214,93
613534,2021,full,0.0051642396,961
613534,2021,A,0.00457388,533
613534,2021,B,0.005899431,428
672851,2021,full,-0.0050524888,94
672851,2021,A,-0.0050524888,94
620396,2021,full,-0.0016886861,104
620396,2021,A,-0.0018822767,66
620396,2021,B,-0.0013524502,38
669211,2021,full,-0.0007148295,1768
669211,2021,A,-0.0005036301,876
669211,2021,B,-0.00092224084,892
595798,2021,full,-0.001649466,71
595798,2021,A,-0.0016064533,45
595798,2021,B,-0.0017239111,26
452027,2021,full,-0.0044269306,365
452027,2021,A,-0.0038378616,179
452027,2021,B,-0.004993831,186
660896,2021,full,0.0028326146,869
660896,2021,A,0.002221173,464
660896,2021,B,0.0035331305,405
645261,2021,full,0.0032755674,3094
645261,2021,A,0.0033058869,1567
645261,2021,B,0.003244454,1527
642727,2021,full,-0.0009126996,4
642727,2021,A,-0.0009126996,4
518397,2021,full,-0.0024004886,259
518397,2021,A,-0.0034539516,150
518397,2021,B,-0.00095076975,109
641302,2021,full,-0.0013480942,1640
641302,2021,A,-0.00082631665,928
641302,2021,B,-0.002028164,712
669935,2021,full,-0.0036491435,424
669935,2021,A,-0.0037798216,256
669935,2021,B,-0.0034500149,168
663465,2021,full,-0.0048285215,2053
663465,2021,A,-0.004568968,1028
663465,2021,B,-0.005088834,1025
663531,2021,full,-0.0043462575,874
663531,2021,A,-0.004691062,396
663531,2021,B,-0.004060604,478
680430,2021,full,-0.0005357165,14
680430,2021,A,-0.0005357165,14
622075,2021,full,-0.0030165673,869
622075,2021,A,-0.0022709055,416
622075,2021,B,-0.0037013248,453
656186,2021,full,0.007677197,22
656186,2021,A,0.008991433,5
656186,2021,B,0.0072906576,17
621237,2021,full,0.0019612007,1045
621237,2021,A,0.0009402789,557
621237,2021,B,0.0031264746,488
501625,2021,full,-0.0023874564,970
501625,2021,A,-0.0029765123,482
501625,2021,B,-0.001805643,488
640470,2021,full,-6.8072773e-06,1955
640470,2021,A,-0.00082486315,952
640470,2021,B,0.0007696525,1003
474463,2021,full,-0.009832735,1491
474463,2021,A,-0.009695081,799
474463,2021,B,-0.009991675,692
502624,2021,full,0.0009745343,852
502624,2021,A,0.0031691985,455
502624,2021,B,-0.0015407609,397
623454,2021,full,-0.00076686294,352
623454,2021,A,-0.0005555944,172
623454,2021,B,-0.0009687418,180
666120,2021,full,-0.0033554898,2173
666120,2021,A,-0.002756238,1107
666120,2021,B,-0.0039777905,1066
623433,2021,full,-0.0060394104,102
623433,2021,A,-0.006755319,58
623433,2021,B,-0.0050957114,44
641312,2021,full,-0.0021344433,436
641312,2021,A,-0.0025324505,222
641312,2021,B,-0.0017215572,214
664196,2021,full,-0.003960498,64
664196,2021,A,-0.003960498,64
542881,2021,full,-0.0016546585,2601
542881,2021,A,-0.001459948,1337
542881,2021,B,-0.001860614,1264
542882,2021,full,0.0013209694,855
542882,2021,A,0.0016949809,432
542882,2021,B,0.00093900046,423
622088,2021,full,0.006241906,529
622088,2021,A,0.004982078,301
622088,2021,B,0.0079051005,228
660620,2021,full,-0.005872682,7
660620,2021,A,-0.005872682,7
502042,2021,full,-0.003933042,327
502042,2021,A,-0.0027780265,171
502042,2021,B,-0.005199116,156
685503,2021,full,-0.0030354036,683
685503,2021,A,-0.003307931,358
685503,2021,B,-0.0027352038,325
542888,2021,full,0.0018287237,685
542888,2021,A,0.0011683102,360
542888,2021,B,0.002560259,325
453562,2021,full,-0.0038696348,1746
453562,2021,A,-0.0037062955,899
453562,2021,B,-0.004043002,847
676879,2021,full,0.00083020085,532
676879,2021,A,-0.000938691,296
676879,2021,B,0.0030488113,236
658648,2021,full,-0.0031550229,84
658648,2021,A,-0.0031550229,84
501593,2021,full,-0.011304899,108
501593,2021,A,-0.009331188,52
501593,2021,B,-0.01313763,56
446099,2021,full,-0.001489526,22
446099,2021,A,-0.001489526,22
641329,2021,full,0.0022963528,19
641329,2021,A,0.0022963528,19
593604,2021,full,-0.008002564,215
593604,2021,A,-0.009677867,94
593604,2021,B,-0.0067010894,121
607455,2021,full,-0.0024054872,610
607455,2021,A,-0.0027585912,314
607455,2021,B,-0.0020309107,296
670056,2021,full,-0.0012563987,358
670056,2021,A,-0.0023327596,213
670056,2021,B,0.00032473775,145
453268,2021,full,0.0055603036,1216
453268,2021,A,0.0061044665,631
453268,2021,B,0.004973351,585
669618,2021,full,-0.0019041732,455
669618,2021,A,-0.0020266364,243
669618,2021,B,-0.0017638031,212
605130,2021,full,0.0025331199,1222
605130,2021,A,0.0023380907,680
605130,2021,B,0.002777806,542
656212,2021,full,-0.0066804653,655
656212,2021,A,-0.0066690394,370
656212,2021,B,-0.006695301,285
606930,2021,full,-0.00041379256,570
606930,2021,A,0.0008324352,303
606930,2021,B,-0.0018280513,267
598264,2021,full,8.134756e-05,919
598264,2021,A,-0.0008844381,469
598264,2021,B,0.0010207668,441
607457,2021,full,0.0023772866,268
607457,2021,A,0.0029549014,140
607457,2021,B,0.0017455204,128
518435,2021,full,-0.0012269203,48
518435,2021,A,-0.0010547864,39
518435,2021,B,-0.0019728355,9
642545,2021,full,-0.0009824048,917
642545,2021,A,-0.001871231,495
642545,2021,B,6.0175586e-05,422
542914,2021,full,0.00064969924,957
542914,2021,A,-0.00046047717,465
542914,2021,B,0.0016989517,492
605135,2021,full,-0.0019342247,2381
605135,2021,A,-0.0018276788,1214
605135,2021,B,-0.0020450617,1167
545333,2021,full,-0.001970958,1674
545333,2021,A,-0.0027884562,914
545333,2021,B,-0.0009878087,760
657508,2021,full,-0.0061206752,185
657508,2021,A,-0.0028930167,92
657508,2021,B,-0.009313629,93
669358,2021,full,0.0067509026,198
669358,2021,A,0.0062918114,116
669358,2021,B,0.007400347,82
660825,2021,full,-0.0001972458,52
660825,2021,A,-8.654004e-05,24
660825,2021,B,-0.00029213616,28
676886,2021,full,0.0027718546,198
676886,2021,A,0.0038277789,127
676886,2021,B,0.0008830887,71
670280,2021,full,0.0045094285,934
670280,2021,A,0.0053931237,467
670280,2021,B,0.0036257328,467
592135,2021,full,-0.0010479403,468
592135,2021,A,-0.0014203516,251
592135,2021,B,-0.0006171787,217
595881,2021,full,-0.0044685593,28
595881,2021,A,-0.0044685593,28
571479,2021,full,0.0015062743,83
571479,2021,A,0.0016157998,57
571479,2021,B,0.0012661617,26
669622,2021,full,0.002755998,973
669622,2021,A,0.00275335,527
669622,2021,B,0.0027591262,446
605138,2021,full,-0.0033078312,461
605138,2021,A,-0.0029643562,227
605138,2021,B,-0.003641032,234
664157,2021,full,-0.0002496489,188
664157,2021,A,0.0010668843,98
664157,2021,B,-0.0016832066,90
621244,2021,full,0.0028572057,3034
621244,2021,A,0.002979487,1464
621244,2021,B,0.0027431806,1570
476454,2021,full,-0.007942344,21
476454,2021,A,-0.007942344,21
676424,2021,full,-0.005327879,199
676424,2021,A,-0.0020839223,128
676424,2021,B,-0.011176141,71
607352,2021,full,-0.0038316683,41
607352,2021,A,-0.0038316683,41
641360,2021,full,0.00083917263,776
641360,2021,A,-0.0019849446,469
641360,2021,B,0.005153541,307
592145,2021,full,-0.00274519,186
592145,2021,A,-0.0047199596,88
592145,2021,B,-0.00097192725,98
669456,2021,full,0.0001697198,1557
669456,2021,A,-0.00049385644,768
669456,2021,B,0.0008156343,789
656232,2021,full,-0.002225328,835
656232,2021,A,-0.00032970824,377
656232,2021,B,-0.0037856966,458
621112,2021,full,-0.002492201,681
621112,2021,A,-0.0019046782,349
621112,2021,B,-0.0031098076,332
607468,2021,full,-0.014039972,72
607468,2021,A,-0.011005575,32
607468,2021,B,-0.016467487,40
542947,2021,full,-0.0025066307,685
542947,2021,A,-0.003070343,324
542947,2021,B,-0.002000695,361
656240,2021,full,-0.016307812,92
656240,2021,A,-0.01675966,71
656240,2021,B,-0.014780139,21
671790,2021,full,-0.0010898898,106
671790,2021,A,-0.004249383,81
671790,2021,B,0.009146868,25
621366,2021,full,-0.001695103,368
621366,2021,A,-0.0012681285,187
621366,2021,B,-0.0021362314,181
641384,2021,full,-0.006238826,14
641384,2021,A,-0.006238826,14
641386,2021,full,-0.00505771,673
641386,2021,A,-0.0056563253,348
641386,2021,B,-0.0044167317,325
502202,2021,full,-0.0001932871,1041
502202,2021,A,0.00041107263,525
502202,2021,B,-0.0008081881,516
571510,2021,full,-0.00044265323,1273
571510,2021,A,-0.001164277,685
571510,2021,B,0.00039801403,588
542960,2021,full,0.0007199976,579
542960,2021,A,0.0007960495,322
542960,2021,B,0.0006247108,257
605151,2021,full,-0.004155546,920
605151,2021,A,-0.0046972916,430
605151,2021,B,-0.003680136,490
518489,2021,full,-0.004170834,197
518489,2021,A,-0.0039556003,110
518489,2021,B,-0.0044429684,87
643230,2021,full,-0.004537426,497
643230,2021,A,-0.0045006424,259
643230,2021,B,-0.0045774556,238
605154,2021,full,0.00031838584,332
605154,2021,A,0.0003928655,136
605154,2021,B,0.00026670616,196
592165,2021,full,-0.0070688426,42
592165,2021,A,-0.0070688426,42
641394,2021,full,0.0024447476,1103
641394,2021,A,0.002062509,601
641394,2021,B,0.0029023676,502
605155,2021,full,-0.009294516,30
605155,2021,A,-0.009294516,30
592169,2021,full,-0.00023049646,274
592169,2021,A,-7.952105e-05,126
592169,2021,B,-0.0003590299,148
502154,2021,full,-0.012015512,327
502154,2021,A,-0.013561871,142
502154,2021,B,-0.010828575,185
641401,2021,full,0.002611763,923
641401,2021,A,0.004431561,473
641401,2021,B,0.0006989528,450
571521,2021,full,-0.0031051505,998
571521,2021,A,-0.00473235,502
571521,2021,B,-0.0014582673,496
664141,2021,full,-0.0014955021,1943
664141,2021,A,-0.00039218817,987
664141,2021,B,-0.0026345926,956
677865,2021,full,-0.003516799,255
677865,2021,A,-0.0027556405,132
677865,2021,B,-0.0043336516,123
663460,2021,full,-0.005398602,2191
663460,2021,A,-0.0046321503,1162
663460,2021,B,-0.0062641194,1029
488748,2021,full,0.0004785436,294
488748,2021,A,0.004396888,132
488748,2021,B,-0.0027141813,162
621111,2021,full,0.0023922403,3148
621111,2021,A,0.0015471398,1604
621111,2021,B,0.0032701811,1544
656266,2021,full,-0.00037098431,286
656266,2021,A,0.00067679794,128
656266,2021,B,-0.0012198205,158
518516,2021,full,-0.00093165226,2290
518516,2021,A,-0.0015673466,1171
518516,2021,B,-0.0002664169,1119
607481,2021,full,-0.0020076586,949
607481,2021,A,-0.0031211716,503
607481,2021,B,-0.0007518355,446
605164,2021,full,-0.00028752684,1522
605164,2021,A,-0.0015195366,758
605164,2021,B,0.00093480694,764
641420,2021,full,-0.0016506294,177
641420,2021,A,0.00042953808,116
641420,2021,B,-0.005606357,61
669203,2021,full,0.007908125,2594
669203,2021,A,0.008586811,1317
669203,2021,B,0.007208181,1277
542992,2021,full,-0.055051535,17
542992,2021,A,-0.055051535,17
621114,2021,full,-0.00024050663,593
621114,2021,A,-0.0008051779,325
621114,2021,B,0.00044426267,268
663366,2021,full,-0.0044028987,267
663366,2021,A,-0.0043212003,126
663366,2021,B,-0.0044759065,141
456713,2021,full,-0.0018272491,69
456713,2021,A,4.0604453e-05,43
456713,2021,B,-0.0049163927,26
520980,2021,full,-0.008421729,59
520980,2021,A,-0.006178017,29
520980,2021,B,-0.010590651,30
452678,2021,full,-0.03889778,1
452678,2021,B,-0.03889778,1
665795,2021,full,-0.0022770145,476
665795,2021,A,-0.0021495533,272
665795,2021,B,-0.0024469632,204
650893,2021,full,0.00017603146,1195
650893,2021,A,0.00014412428,595
650893,2021,B,0.00020767252,600
502239,2021,full,-0.0058048316,664
502239,2021,A,-0.006190308,365
502239,2021,B,-0.0053342655,299
547176,2021,full,-0.0076307855,174
547176,2021,A,-0.0069418503,76
547176,2021,B,-0.008165061,98
669294,2021,full,-0.002631127,468
669294,2021,A,-0.0024601512,226
669294,2021,B,-0.0027907984,242
656288,2021,full,0.0020401701,1076
656288,2021,A,0.0021387178,567
656288,2021,B,0.0019303933,509
656290,2021,full,-0.0046509528,73
656290,2021,A,-0.0073407516,20
656290,2021,B,-0.0036359343,53
572761,2021,full,-0.059807852,21
572761,2021,A,-0.059807852,21
471911,2021,full,0.001710408,889
471911,2021,A,-0.0002951711,425
471911,2021,B,0.0035474147,464
641447,2021,full,-0.0033928081,333
641447,2021,A,-0.0031301107,181
641447,2021,B,-0.0037056254,152
624418,2021,full,-0.013211981,65
624418,2021,A,-0.013211981,65
528748,2021,full,-0.0042095357,726
528748,2021,A,-0.002869571,331
528748,2021,B,-0.0053323926,395
650895,2021,full,-0.00072138826,935
650895,2021,A,-0.00050890126,500
650895,2021,B,-0.00096562627,435
622491,2021,full,0.0038476088,3163
622491,2021,A,0.0036985427,1625
622491,2021,B,0.004005107,1538
621593,2021,full,0.004300595,454
621593,2021,A,0.006012546,225
621593,2021,B,0.0026185473,229
665645,2021,full,-0.0017844458,201
665645,2021,A,-0.001935418,81
665645,2021,B,-0.0016825397,120
612434,2021,full,0.0052840547,1228
612434,2021,A,0.006148642,606
612434,2021,B,0.0044417074,622
656302,2021,full,0.0037327374,2957
656302,2021,A,0.0050010034,1486
656302,2021,B,0.002451538,1471
570666,2021,full,0.002826784,949
570666,2021,A,0.0025048337,519
570666,2021,B,0.0032153712,430
468504,2021,full,-0.0024688211,1068
468504,2021,A,-0.0036304805,602
468504,2021,B,-0.000968136,466
605177,2021,full,-0.0059483345,947
605177,2021,A,-0.0051778746,471
605177,2021,B,-0.006710702,476
547973,2021,full,0.0039460175,1003
547973,2021,A,0.002140927,499
547973,2021,B,0.0057332003,504
608638,2021,full,0.0016578037,875
608638,2021,A,0.002534259,428
608638,2021,B,0.0008186024,447
543022,2021,full,0.001560635,591
543022,2021,A,0.0033361407,304
543022,2021,B,-0.00032003934,287
445926,2021,full,0.00068940636,528
445926,2021,A,0.0008382435,251
445926,2021,B,0.00055453967,277
643256,2021,full,-0.0025112259,1020
643256,2021,A,-0.0030215222,484
643256,2021,B,-0.0020504359,536
518553,2021,full,-0.00068939227,1234
518553,2021,A,-0.0011118605,605
518553,2021,B,-0.00028304366,629
542585,2021,full,0.00078686565,1067
542585,2021,A,0.0016987306,525
542585,2021,B,-9.639858e-05,542
650644,2021,full,-0.0027687785,1909
650644,2021,A,-0.003272478,960
650644,2021,B,-0.002259241,949
664199,2021,full,-0.0015185879,753
664199,2021,A,-0.0033571774,357
664199,2021,B,0.0001389282,396
661403,2021,full,0.013165323,1041
661403,2021,A,0.012769673,510
661403,2021,B,0.013545325,531
592222,2021,full,-0.00874252,580
592222,2021,A,-0.008959454,294
592222,2021,B,-0.008519519,286
621348,2021,full,-0.0055606537,802
621348,2021,A,-0.005588136,425
621348,2021,B,-0.0055296724,377
664076,2021,full,-9.392491e-05,356
664076,2021,A,0.0002823033,204
664076,2021,B,-0.0005988625,152
461325,2021,full,-0.0060309167,410
461325,2021,A,-0.0056598065,203
461325,2021,B,-0.006394855,207
502171,2021,full,0.0005485545,1578
502171,2021,A,-0.00035283458,778
502171,2021,B,0.0014251554,800
621129,2021,full,-0.00432083,209
621129,2021,A,-0.003490749,138
621129,2021,B,-0.0059342273,71
595918,2021,full,-0.0030654632,114
595918,2021,A,0.0008622525,61
595918,2021,B,-0.007586042,53
543037,2021,full,0.006582174,2969
543037,2021,A,0.0060529625,1493
543037,2021,B,0.0071174796,1476
669395,2021,full,0.0052431314,109
669395,2021,A,0.004965185,63
669395,2021,B,0.0056237965,46
517008,2021,full,-0.005192662,1102
517008,2021,A,-0.0054773204,667
517008,2021,B,-0.004756187,435
543045,2021,full,0.004430517,296
543045,2021,A,0.0044496255,184
543045,2021,B,0.004399126,112
672710,2021,full,-0.001621919,46
672710,2021,A,-0.001621919,46
656322,2021,full,0.002613408,712
656322,2021,A,0.0026120679,346
656322,2021,B,0.0026146749,366
571578,2021,full,-0.0054420372,2747
571578,2021,A,-0.005045826,1459
571578,2021,B,-0.0058908514,1288
641482,2021,full,-0.0030851227,1524
641482,2021,A,-0.0035376067,790
641482,2021,B,-0.0025981164,734
605194,2021,full,0.0014536157,541
605194,2021,A,0.0021085574,273
605194,2021,B,0.00078645535,268
543056,2021,full,-0.0052954988,528
543056,2021,A,-0.0059851194,252
543056,2021,B,-0.0046658446,276
664776,2021,full,0.0066444217,533
664776,2021,A,0.0071219876,279
664776,2021,B,0.006119851,254
676710,2021,full,0.0019693947,57
676710,2021,A,0.0019693947,57
592233,2021,full,-0.0041866666,402
592233,2021,A,-0.0030049265,233
592233,2021,B,-0.0058159283,169
605195,2021,full,0.0047627133,434
605195,2021,A,0.0044890814,236
605195,2021,B,0.00508886,198
622503,2021,full,-0.0012519984,1337
622503,2021,A,-0.0017380114,810
622503,2021,B,-0.0005049953,527
681867,2021,full,-0.00492688,41
681867,2021,A,-0.00492688,41
676979,2021,full,0.0012888802,915
676979,2021,A,0.0018488596,393
676979,2021,B,0.0008672871,522
668968,2021,full,-0.007235547,131
668968,2021,A,-0.0065916595,59
668968,2021,B,-0.0077631753,72
640444,2021,full,-0.0010853092,2171
640444,2021,A,-0.0011945885,1074
640444,2021,B,-0.0009783211,1097
456501,2021,full,-0.00091321446,1877
456501,2021,A,-0.0013809619,913
456501,2021,B,-0.00047021278,964
518586,2021,full,0.0023911875,1
518586,2021,A,0.0023911875,1
595928,2021,full,0.00091241417,703
595928,2021,A,-0.00085170584,350
595928,2021,B,0.0026615416,353
506433,2021,full,0.0021136776,2767
506433,2021,A,0.0022345372,1390
506433,2021,B,0.0019916764,1377
656353,2021,full,-0.00020305596,303
656353,2021,A,0.0014718962,162
656353,2021,B,-0.002127469,141
605200,2021,full,-0.0066046636,2577
605200,2021,A,-0.0064020106,1355
605200,2021,B,-0.0068293735,1222
656354,2021,full,-0.0032979483,473
656354,2021,A,-0.0037919718,239
656354,2021,B,-0.0027933687,234
451584,2021,full,-0.0040640524,769
451584,2021,A,-0.0040175673,371
451584,2021,B,-0.0041073835,398
594795,2021,full,0.0009967063,250
594795,2021,A,-0.0012288502,145
594795,2021,B,0.004070094,105
608328,2021,full,-0.0021720226,775
608328,2021,A,-0.0024782065,456
608328,2021,B,-0.0017343427,319
592254,2021,full,-0.00198718,347
592254,2021,A,-0.0044745477,191
592254,2021,B,0.0010582518,156
660853,2021,full,-0.0008696307,697
660853,2021,A,-0.001492516,357
660853,2021,B,-0.00021560122,340
543101,2021,full,-0.0014715324,2558
543101,2021,A,-0.00096378685,1393
543101,2021,B,-0.0020786477,1165
600887,2021,full,-0.008471833,80
600887,2021,A,-0.00845372,68
600887,2021,B,-0.008574467,12
672282,2021,full,-0.0014089023,379
672282,2021,A,-0.0024188955,212
672282,2021,B,-0.00012675535,167
446321,2021,full,-0.0049170004,884
446321,2021,A,-0.005891812,466
446321,2021,B,-0.0038302485,418
606965,2021,full,-0.002472409,145
606965,2021,A,-0.0045786225,64
606965,2021,B,-0.00080824073,81
505447,2021,full,0.004275925,35
505447,2021,A,0.010075986,14
505447,2021,B,0.00040921647,21
518617,2021,full,-0.0014591643,1095
518617,2021,A,-0.0017426034,517
518617,2021,B,-0.0012056383,578
594694,2021,full,-0.10760158,1
594694,2021,A,-0.10760158,1
650959,2021,full,-0.004028526,512
650959,2021,A,-0.0041529303,279
650959,2021,B,-0.0038795616,233
677976,2021,full,-0.0037034987,765
677976,2021,A,-0.0043643494,341
677976,2021,B,-0.0031720127,424
675971,2021,full,-0.022414552,20
675971,2021,A,-0.022414552,20
503569,2021,full,-0.0059638727,605
503569,2021,A,-0.007206343,320
503569,2021,B,-0.004568817,285
622554,2021,full,0.008146616,14
622554,2021,A,0.008146616,14
448281,2021,full,-0.00088401826,866
448281,2021,A,-0.0018864474,399
448281,2021,B,-2.7553491e-05,467
666808,2021,full,0.008450296,450
666808,2021,A,0.0065685674,246
666808,2021,B,0.010719438,204
592273,2021,full,-0.06500171,27
592273,2021,A,-0.06500171,27
608648,2021,full,0.0027319298,1008
608648,2021,A,0.0024646982,538
608648,2021,B,0.003037824,470
518633,2021,full,0.0007206875,1009
518633,2021,A,0.00072059815,538
518633,2021,B,0.00072078937,471
622110,2021,full,-0.028242944,1
622110,2021,A,-0.028242944,1
667498,2021,full,-0.0013878718,461
667498,2021,A,-0.0017015828,196
667498,2021,B,-0.0011558444,265
643290,2021,full,0.0002879941,870
643290,2021,A,0.0007007983,503
643290,2021,B,-0.00027778363,367
641540,2021,full,-0.0048362887,1909
641540,2021,A,-0.0039226203,987
641540,2021,B,-0.0058143702,922
641541,2021,full,-0.0049812305,254
641541,2021,A,-0.0021651008,151
641541,2021,B,-0.009109732,103
621242,2021,full,0.0090622725,999
621242,2021,A,0.008388074,488
621242,2021,B,0.009706126,511
646242,2021,full,-0.0022810828,237
646242,2021,A,-0.00184706,139
646242,2021,B,-0.0028966863,98
622766,2021,full,0.001782842,695
622766,2021,A,0.0019695507,332
622766,2021,B,0.001612078,363
660546,2021,full,-0.0053400053,447
660546,2021,A,-0.0039185826,159
660546,2021,B,-0.006124748,288
594809,2021,full,-0.006200488,21
594809,2021,A,-0.006200488,21
605218,2021,full,-0.0022378266,111
605218,2021,A,-0.003042441,64
605218,2021,B,-0.0011421826,47
664123,2021,full,0.002113399,222
664123,2021,A,0.0011655892,121
664123,2021,B,0.0032488927,101
621107,2021,full,-0.00065140583,1615
621107,2021,A,-0.00036649217,813
621107,2021,B,-0.00094022724,802
595191,2021,full,-0.007966548,357
595191,2021,A,-0.008801432,207
595191,2021,B,-0.006814408,150
676220,2021,full,-0.003626614,221
676220,2021,A,-0.0035715979,111
676220,2021,B,-0.0036821312,110
595939,2021,full,-0.000517416,482
595939,2021,A,0.00038547546,268
595939,2021,B,-0.0016481401,214
592288,2021,full,-0.0013970291,240
592288,2021,A,-0.0018521799,148
592288,2021,B,-0.00066483,92
608650,2021,full,-0.0012833993,360
608650,2021,A,-0.00045758803,184
608650,2021,B,-0.0021467472,176
543135,2021,full,0.0029777694,2927
543135,2021,A,0.0027171741,1445
543135,2021,B,0.0032318588,1482
664045,2021,full,-0.005288751,441
664045,2021,A,-0.005792174,255
664045,2021,B,-0.004598573,186
642659,2021,full,0.00047362508,36
642659,2021,A,0.00047362508,36
502179,2021,full,-0.00075090706,1735
502179,2021,A,-0.0016567736,931
502179,2021,B,0.0002980504,804
608032,2021,full,-0.0012918637,1006
608032,2021,A,-0.0007306277,482
608032,2021,B,-0.001808115,524
663770,2021,full,0.00091404567,522
663770,2021,A,0.001261126,279
663770,2021,B,0.0005155466,243
664126,2021,full,0.0071721133,774
664126,2021,A,0.009401877,384
664126,2021,B,0.004976652,390
663559,2021,full,-0.0027710944,551
663559,2021,A,-0.0027553774,303
663559,2021,B,-0.0027902967,248
544727,2021,full,0.0006433714,1017
544727,2021,A,0.00046532333,551
544727,2021,B,0.0008538956,466
607188,2021,full,-0.00033539048,639
607188,2021,A,0.0008715239,324
607188,2021,B,-0.0015767883,315
571656,2021,full,-0.0005817767,726
571656,2021,A,8.8879395e-05,378
571656,2021,B,-0.0013102482,348
608652,2021,full,-0.0030353565,473
608652,2021,A,-0.003405483,204
608652,2021,B,-0.0027546661,269
607200,2021,full,-0.0035631699,2409
607200,2021,A,-0.0033878977,1232
607200,2021,B,-0.0037466323,1177
593140,2021,full,-0.0027630287,370
593140,2021,A,-0.0019510137,203
593140,2021,B,-0.0037500884,167
491703,2021,full,0.0037471827,67
491703,2021,A,0.0060220524,40
491703,2021,B,0.0003770055,27
663372,2021,full,-0.0062010717,142
663372,2021,A,-0.006875741,61
663372,2021,B,-0.0056929877,81
642759,2021,full,-0.00018812,117
642759,2021,A,0.0054170596,58
642759,2021,B,-0.0056982976,59
658551,2021,full,0.0005733184,372
658551,2021,A,-0.0003236589,167
658551,2021,B,0.0013040268,205
656420,2021,full,0.0054556835,975
656420,2021,A,0.0044449847,468
656420,2021,B,0.006388636,507
571666,2021,full,-0.014008919,152
571666,2021,A,-0.014921936,83
571666,2021,B,-0.01291065,69
640448,2021,full,-0.0026578722,1209
640448,2021,A,-0.0025891569,531
640448,2021,B,-0.0024628008,595
664852,2021,full,-0.012180052,61
664852,2021,A,-0.010902919,23
664852,2021,B,-0.012953051,38
656427,2021,full,-0.0018061305,1353
656427,2021,A,-0.0013980834,705
656427,2021,B,-0.002250071,648
676596,2021,full,-0.0015918823,1628
676596,2021,A,-0.0013048175,783
676596,2021,B,-0.0018578843,845
667465,2021,full,-0.0056452234,86
667465,2021,A,-0.005856744,52
667465,2021,B,-0.00532172,34
623167,2021,full,-0.0031581772,2811
623167,2021,A,-0.0031593535,1424
623167,2021,B,-0.003156969,1387
641576,2021,full,-0.017570887,12
641576,2021,A,-0.017570887,12
571670,2021,full,0.00455013,1076
571670,2021,A,0.005313935,559
571670,2021,B,0.0037242745,517
671345,2021,full,-0.0036831992,198
671345,2021,A,-0.00305001,93
671345,2021,B,-0.0042440225,105
592314,2021,full,-0.00074744335,2236
592314,2021,A,-0.00038877985,1084
592314,2021,B,-0.0010849357,1152
641582,2021,full,-0.0020400656,729
641582,2021,A,-0.003956239,325
641582,2021,B,-0.0004985893,404
571676,2021,full,-0.008353791,259
571676,2021,A,-0.0078009265,175
571676,2021,B,-0.009505594,84
607536,2021,full,-0.0063667153,1886
607536,2021,A,-0.006570516,998
607536,2021,B,-0.006137669,888
502273,2021,full,-0.03280443,4
502273,2021,A,-0.03280443,4
608331,2021,full,0.00016444952,2557
608331,2021,A,0.0011596669,1320
608331,2021,B,-0.00089754484,1237
605240,2021,full,-0.010285735,136
605240,2021,A,-0.01221791,69
605240,2021,B,-0.008295883,67
643316,2021,full,0.0035105266,872
643316,2021,A,0.002859408,437
643316,2021,B,0.004164638,435
666818,2021,full,-0.004242736,68
666818,2021,A,-0.0035108652,52
666818,2021,B,-0.006621315,16
608334,2021,full,-0.0025732738,448
608334,2021,A,-0.0029153295,215
608334,2021,B,-0.0022576435,233
605242,2021,full,0.0016044424,1183
605242,2021,A,0.0010767811,582
605242,2021,B,0.0021154224,601
608335,2021,full,-0.002232321,1189
608335,2021,A,-0.0019068471,594
608335,2021,B,-0.0025572483,595
606149,2021,full,0.0008468807,1235
606149,2021,A,0.0004871321,602
606149,2021,B,0.0011890115,633
668678,2021,full,0.0021810941,2102
668678,2021,A,0.0023849031,1101
668678,2021,B,0.0019569248,1001
607231,2021,full,-0.005405661,1975
607231,2021,A,-0.0057481118,1018
607231,2021,B,-0.0050413827,957
650530,2021,full,-0.0072577386,731
650530,2021,A,-0.008313427,350
650530,2021,B,-0.006287946,381
677651,2021,full,-0.00087829004,2502
677651,2021,A,-0.00086021726,1264
677651,2021,B,-0.00089674216,1238
665620,2021,full,-0.0029884332,153
665620,2021,A,-0.001220252,65
665620,2021,B,-0.004294476,88
658305,2021,full,-0.00354118,281
658305,2021,A,-0.0033109852,167
658305,2021,B,-0.0038783941,114
606424,2021,full,-0.0018060262,1001
606424,2021,A,-0.0018029908,546
606424,2021,B,-0.0018096684,455
472610,2021,full,0.00519077,501
472610,2021,A,0.0025146224,238
472610,2021,B,0.007612532,263
596825,2021,full,-0.040935304,7
596825,2021,A,-0.040935304,7
665621,2021,full,0.00015686206,56
665621,2021,A,-0.0014641525,38
665621,2021,B,0.0035790035,18
554340,2021,full,0.004546474,943
554340,2021,A,0.0033964922,468
554340,2021,B,0.00567951,475
607237,2021,full,-0.0044895667,828
607237,2021,A,-0.0035608897,443
607237,2021,B,-0.005558149,385
666129,2021,full,-0.0029016333,603
666129,2021,A,-0.00024012633,274
666129,2021,B,-0.005118207,329
621248,2021,full,-0.0045931307,485
621248,2021,A,-0.0051983604,241
621248,2021,B,-0.003995341,244
621057,2021,full,-0.00093877304,503
621057,2021,A,-0.00030022993,251
621057,2021,B,-0.0015747822,252
592332,2021,full,0.0028924556,3002
592332,2021,A,0.0028236455,1471
592332,2021,B,0.002958568,1531
593334,2021,full,0.001448692,1576
593334,2021,A,0.00031256652,810
593334,2021,B,0.0026500782,766
664139,2021,full,-0.0021611145,104
664139,2021,A,-0.0054807332,80
664139,2021,B,0.008904281,24
502043,2021,full,-0.0018917483,2881
502043,2021,A,-0.0013441107,1468
502043,2021,B,-0.0024607019,1413
661563,2021,full,0.001657264,532
661563,2021,A,0.0018659292,261
661563,2021,B,0.0014562985,271
669302,2021,full,-0.00010694734,2125
669302,2021,A,-0.0005498426,1133
669302,2021,B,0.0003988998,992
656457,2021,full,-0.007815524,600
656457,2021,A,-0.0048477254,308
656457,2021,B,-0.01094594,292
656458,2021,full,0.0003040667,731
656458,2021,A,-0.0009127147,371
656458,2021,B,0.0015580275,360
656464,2021,full,-0.0034547877,556
656464,2021,A,-0.0032614847,282
656464,2021,B,-0.0036537347,274
608337,2021,full,0.001223275,2970
608337,2021,A,0.0010851367,1573
608337,2021,B,0.0013788161,1397
571710,2021,full,0.0036879794,872
571710,2021,A,0.0017550036,421
571710,2021,B,0.005492375,451
607192,2021,full,0.0056783194,1338
607192,2021,A,0.0065555987,693
607192,2021,B,0.0047357534,645
643327,2021,full,-0.0056001027,88
643327,2021,A,-0.0062513864,73
643327,2021,B,-0.0024305244,15
596295,2021,full,-0.0035547656,1851
596295,2021,A,-0.0032481288,953
596295,2021,B,-0.0038801827,898
624427,2021,full,-0.0009805127,82
624427,2021,A,-0.0010314911,66
624427,2021,B,-0.0007702275,16
664062,2021,full,-0.0050339852,990
664062,2021,A,-0.005233331,498
664062,2021,B,-0.0048322077,492
594835,2021,full,-0.0044767163,2324
594835,2021,A,-0.004168966,1238
594835,2021,B,-0.004827541,1086
503556,2021,full,-0.05770657,1
503556,2021,A,-0.05770657,1
663853,2021,full,-0.037152562,4
663853,2021,A,-0.037152562,4
592346,2021,full,-0.0064197634,1631
592346,2021,A,-0.0057956916,806
592346,2021,B,-0.007029463,825
624647,2021,full,0.00014713433,557
624647,2021,A,-0.00015161555,249
624647,2021,B,0.00038865602,308
543238,2021,full,0.0009270121,115
543238,2021,A,-0.0019584063,71
543238,2021,B,0.0055830292,44
623485,2021,full,-0.0038735878,563
623485,2021,A,-0.003013241,258
623485,2021,B,-0.0046013566,305
660813,2021,full,0.011422334,523
660813,2021,A,0.011378025,285
660813,2021,B,0.011475395,238
608665,2021,full,0.0020839267,871
608665,2021,A,0.0034050173,434
608665,2021,B,0.0007719054,437
592351,2021,full,-0.0052049616,2537
592351,2021,A,-0.0054427623,1342
592351,2021,B,-0.0049379086,1195
680686,2021,full,4.5121502e-05,1212
680686,2021,A,0.00032127972,591
680686,2021,B,-0.00021769569,621
543243,2021,full,0.0029513002,2217
543243,2021,A,0.0025285603,1161
543243,2021,B,0.0034160737,1056
643338,2021,full,0.0045876713,1311
643338,2021,A,0.0050732964,626
643338,2021,B,0.004139033,648
641632,2021,full,-0.0002361076,447
641632,2021,A,7.032752e-07,250
641632,2021,B,-0.00053662865,197
572888,2021,full,0.0024776342,468
572888,2021,A,0.0042605535,266
572888,2021,B,0.00012982961,202
425844,2021,full,-0.00614598,2559
425844,2021,A,-0.006314159,1295
425844,2021,B,-0.0059736758,1264
607229,2021,full,-0.0028109618,427
607229,2021,A,-0.003066256,241
607229,2021,B,-0.0024801781,186
594056,2021,full,-0.007119769,229
594056,2021,A,-0.009136379,132
594056,2021,B,-0.0043755174,97
674944,2021,full,-0.0027014185,360
674944,2021,A,-0.0024426065,195
674944,2021,B,-0.0030072872,165
500610,2021,full,-0.0066761803,1086
500610,2021,A,-0.0062764925,552
500610,2021,B,-0.0070893406,534
448855,2021,full,-0.0030269083,1225
448855,2021,A,-0.0024222136,623
448855,2021,B,-0.0036526965,602
543258,2021,full,-0.0036719844,29
543258,2021,A,-0.0033773056,15
543258,2021,B,-0.0039877123,14
594311,2021,full,0.0006897232,294
594311,2021,A,-0.0014607437,165
594311,2021,B,0.0034403205,129
661269,2021,full,-0.00011444002,1830
661269,2021,A,0.00012581424,922
661269,2021,B,-0.0003583986,908
660422,2021,full,-0.0009481577,61
660422,2021,A,-0.0016767606,34
660422,2021,B,-3.065706e-05,27
623352,2021,full,0.0050122095,930
623352,2021,A,0.004438298,493
623352,2021,B,0.005659666,437
534910,2021,full,-0.0018477112,88
534910,2021,A,-0.003235074,56
534910,2021,B,0.0005801737,32
571735,2021,full,-0.0043840306,461
571735,2021,A,-0.004719608,232
571735,2021,B,-0.004044058,229
670456,2021,full,-0.0030629504,405
670456,2021,A,-0.0018947087,211
670456,2021,B,-0.004333564,194
543272,2021,full,-0.0026721489,1076
543272,2021,A,-0.0034582275,429
543272,2021,B,-0.0020840645,620
621098,2021,full,-0.005550788,189
621098,2021,A,-0.005869322,82
621098,2021,B,-0.0053066765,107
457918,2021,full,-0.0067265574,2674
457918,2021,A,-0.0068799607,1335
457918,2021,B,-0.0065736123,1339
543278,2021,full,0.005773212,31
543278,2021,A,0.005773212,31
607560,2021,full,-0.005530817,510
607560,2021,A,-0.005317345,267
607560,2021,B,-0.0057653734,243
501789,2021,full,-0.004684201,135
501789,2021,A,-0.006513063,66
501789,2021,B,-0.002934855,69
664129,2021,full,-0.004804672,213
664129,2021,A,-0.0048269224,158
664129,2021,B,-0.004740756,55
670057,2021,full,-0.014282227,46
670057,2021,A,-0.014282227,46
640451,2021,full,0.001593482,139
640451,2021,A,0.0004807905,74
640451,2021,B,0.0028602385,65
518774,2021,full,-0.0024883053,2232
518774,2021,A,-0.0031636255,1121
518774,2021,B,-0.0018069068,1111
641672,2021,full,-0.00549024,166
641672,2021,A,-0.003977478,103
641672,2021,B,-0.007963488,63
545343,2021,full,0.0008048117,546
545343,2021,A,0.0011359227,263
545343,2021,B,0.0004971011,283
571760,2021,full,0.0027767406,2253
571760,2021,A,0.0023940895,1102
571760,2021,B,0.0031431012,1151
621368,2021,full,-0.004737717,1685
621368,2021,A,-0.005092433,858
621368,2021,B,-0.004369705,827
669169,2021,full,-0.003872252,250
669169,2021,A,-0.006209097,163
669169,2021,B,0.0005059749,87
664854,2021,full,-0.001421365,805
664854,2021,A,-0.0022947735,400
664854,2021,B,-0.00055873947,405
592390,2021,full,0.008709507,1090
592390,2021,A,0.009502293,537
592390,2021,B,0.007939658,553
543294,2021,full,-0.0052364296,2775
543294,2021,A,-0.005818001,1352
543294,2021,B,-0.004683875,1423
521230,2021,full,0.0059708366,1104
521230,2021,A,0.0051978626,480
521230,2021,B,0.0066752993,569
641682,2021,full,0.0012322344,540
641682,2021,A,0.0014856115,242
641682,2021,B,0.0010264718,298
656529,2021,full,-0.0075782123,1260
656529,2021,A,-0.0076474925,670
656529,2021,B,-0.007499538,590
623474,2021,full,-0.0010552658,299
623474,2021,A,-0.0011619955,166
623474,2021,B,-0.0009220536,133
672578,2021,full,0.001911696,1434
672578,2021,A,-0.00068304426,663
672578,2021,B,0.004142971,771
650382,2021,full,-0.0004268393,753
650382,2021,A,-0.0014126624,359
650382,2021,B,0.0004714111,394
622694,2021,full,0.0003435733,818
622694,2021,A,0.001353104,399
622694,2021,B,-0.00061776955,419
605276,2021,full,-0.0049713636,367
605276,2021,A,-0.0058751944,244
605276,2021,B,-0.0031783986,123
676051,2021,full,0.0014034814,1049
676051,2021,A,0.0013866043,544
676051,2021,B,0.0014216617,505
663855,2021,full,0.006540643,207
663855,2021,A,0.0064915507,94
663855,2021,B,0.00658148,113
657610,2021,full,0.0051421514,58
657610,2021,A,-0.0014735779,14
657610,2021,B,0.0072471555,44
448179,2021,full,-0.0009995997,2492
448179,2021,A,-0.0009702635,1272
448179,2021,B,-0.0010301868,1220
657612,2021,full,-0.0030472397,958
657612,2021,A,-0.0030877776,491
657612,2021,B,-0.0030046187,467
656546,2021,full,-0.0027469513,1360
656546,2021,A,-0.0030640955,721
656546,2021,B,-0.0023891095,639
592407,2021,full,-0.07820898,2
592407,2021,A,-0.07820898,2
502706,2021,full,-3.3012195e-05,835
502706,2021,A,0.0017315897,375
502706,2021,B,-0.0014715465,460
518813,2021,full,0.00043496132,997
518813,2021,A,-0.00038167753,529
518813,2021,B,0.0013580421,468
656548,2021,full,-0.003012031,664
656548,2021,A,-0.0035391015,384
656548,2021,B,-0.0022891916,280
605280,2021,full,0.002062663,1124
605280,2021,A,0.0021461262,607
605280,2021,B,0.0019646701,517
641703,2021,full,-0.0056954613,77
641703,2021,A,-0.0012237068,50
641703,2021,B,-0.013976489,27
656557,2021,full,0.0010638937,1149
656557,2021,A,0.0005595963,605
656557,2021,B,0.0016247391,544
605288,2021,full,-0.001867925,2351
605288,2021,A,-0.0009873443,1199
605288,2021,B,-0.002784432,1152
607572,2021,full,0.0005261126,846
607572,2021,A,0.0014222049,407
607572,2021,B,-0.0003046607,439
675921,2021,full,-0.0046219756,936
675921,2021,A,-0.005488762,490
675921,2021,B,-0.0036696757,446
624586,2021,full,-0.0040332093,182
624586,2021,A,-0.00410638,111
624586,2021,B,-0.0039188135,71
641712,2021,full,-0.011749888,131
641712,2021,A,-0.0044666226,61
641712,2021,B,-0.018096732,70
543339,2021,full,0.004220243,865
543339,2021,A,0.0038518694,421
543339,2021,B,0.004425197,403
488984,2021,full,-0.0032328928,109
488984,2021,A,-0.0044869953,63
488984,2021,B,-0.0015153178,46
571800,2021,full,-0.0068755546,339
571800,2021,A,-0.0064027854,170
571800,2021,B,-0.007351122,169
628452,2021,full,0.0060306755,1057
628452,2021,A,0.005703567,531
628452,2021,B,0.0063608936,526
608344,2021,full,-0.0032065753,2682
608344,2021,A,-0.0030169932,1294
608344,2021,B,-0.003383318,1388
663959,2021,full,-0.0015479563,79
663959,2021,A,-0.0015479563,79
656578,2021,full,-0.0064482936,199
656578,2021,A,-0.007860782,122
656578,2021,B,-0.004210328,77
543351,2021,full,0.0038217541,391
543351,2021,A,0.0046358244,209
543351,2021,B,0.0028869163,182
592426,2021,full,0.0063908943,1055
592426,2021,A,0.00608972,573
592426,2021,B,0.0067489306,482
657624,2021,full,-0.0018623375,69
657624,2021,A,-0.0022773345,45
657624,2021,B,-0.0010842184,24
595263,2021,full,-0.0056192866,71
595263,2021,A,-0.0056192866,71
445276,2021,full,0.01204249,1063
445276,2021,A,0.013079143,564
445276,2021,B,0.010870801,499
664299,2021,full,-0.0005809812,1791
664299,2021,A,-0.000268682,886
664299,2021,B,-0.000886724,905
643377,2021,full,-0.0031545837,1393
643377,2021,A,-0.0042522736,715
643377,2021,B,-0.0019969903,678
641726,2021,full,-0.007354948,220
641726,2021,A,-0.007919309,148
641726,2021,B,-0.0061948756,72
657228,2021,full,-0.0007860569,215
657228,2021,A,-0.00032462765,84
657228,2021,B,-0.0010819351,131
641729,2021,full,-0.0006964361,866
641729,2021,A,-0.0009888436,452
641729,2021,B,-0.00037718986,414
597113,2021,full,0.0012467944,72
597113,2021,A,0.0063618864,43
597113,2021,B,-0.006337653,29
572955,2021,full,0.002079655,1044
572955,2021,A,0.0022927527,564
572955,2021,B,0.0018292655,480
676103,2021,full,0.0053602513,11
676103,2021,A,0.0053602513,11
518858,2021,full,-0.002705135,309
518858,2021,A,-0.0031054905,157
518858,2021,B,-0.0022916107,152
596001,2021,full,-0.0032081988,627
596001,2021,A,-0.0033100366,314
596001,2021,B,-0.0031060362,313
676083,2021,full,0.0006004754,247
676083,2021,A,0.0003957058,117
676083,2021,B,0.0007847681,130
621076,2021,full,-0.0050199614,2024
621076,2021,A,-0.0044942885,1033
621076,2021,B,-0.0055679134,991
675916,2021,full,-5.6949368e-05,1007
675916,2021,A,0.00062400784,483
675916,2021,B,-0.000684626,524
641743,2021,full,-0.0010484142,649
641743,2021,A,-0.00155395,385
641743,2021,B,-0.0003111748,264
431148,2021,full,-0.0028179395,207
431148,2021,A,-0.0029797275,108
431148,2021,B,-0.0026414418,99
605309,2021,full,-0.0013248227,203
605309,2021,A,-0.0008811252,117
605309,2021,B,-0.0019284566,86
641745,2021,full,-0.0013567313,2348
641745,2021,A,-0.00059062144,1226
641745,2021,B,-0.0021938533,1122
664918,2021,full,-0.0013199049,654
664918,2021,A,0.00012163237,321
664918,2021,B,-0.0027094947,333
656605,2021,full,-0.004455105,1858
656605,2021,A,-0.0051820264,911
656605,2021,B,-0.0037558163,947
523260,2021,full,0.0052108294,712
523260,2021,A,0.0046200203,372
523260,2021,B,0.005857244,340
518876,2021,full,-0.0015852537,2425
518876,2021,A,-0.0013225157,1280
518876,2021,B,-0.00187897,1145
453178,2021,full,0.0030235278,899
453178,2021,A,0.0036428531,452
453178,2021,B,0.0023972753,447
477132,2021,full,0.00068289565,1806
477132,2021,A,0.00062971597,908
477132,2021,B,0.0007366674,898
572971,2021,full,-0.0089157615,2726
572971,2021,A,-0.008664802,1398
572971,2021,B,-0.00917995,1328
592464,2021,full,-0.015272743,45
592464,2021,A,-0.015272743,45
579328,2021,full,-0.0013182742,2561
579328,2021,A,-0.0005768601,1331
579328,2021,B,-0.0021205684,1230
547942,2021,full,-0.0042463406,1784
547942,2021,A,-0.0039670155,945
547942,2021,B,-0.004560956,839
518886,2021,full,0.0077580707,986
518886,2021,A,0.006656444,534
518886,2021,B,0.009059549,452
667463,2021,full,-0.0058935373,696
667463,2021,A,-0.0059240446,368
667463,2021,B,-0.0058593084,328
650633,2021,full,0.0019738502,1009
650633,2021,A,0.0027244005,510
650633,2021,B,0.0012067549,499
641755,2021,full,-0.0038706192,1142
641755,2021,A,-0.0035591037,600
641755,2021,B,-0.0042154696,542
445213,2021,full,-0.0026572437,510
445213,2021,A,-0.0030845979,329
445213,2021,B,-0.0018804508,181
552640,2021,full,0.0062912907,981
552640,2021,A,0.0058075604,510
552640,2021,B,0.0068150763,471
656620,2021,full,-0.007108333,194
656620,2021,A,-0.008607643,102
656620,2021,B,-0.0054460554,92
446372,2021,full,-0.00044333565,1338
446372,2021,A,0.0005272955,683
446372,2021,B,-0.0014554599,655
595284,2021,full,-0.029583316,4
595284,2021,A,-0.029583316,4
608349,2021,full,0.0018257316,399
608349,2021,A,0.0019908806,244
608349,2021,B,0.001565755,155
663753,2021,full,-0.004064807,513
663753,2021,A,-0.005379428,280
663753,2021,B,-0.0024850052,233
643400,2021,full,-0.0012749035,186
643400,2021,A,-0.00029010978,99
643400,2021,B,-0.0023955314,87
621259,2021,full,-0.0068743755,52
621259,2021,A,-0.0074100713,34
621259,2021,B,-0.0058625066,18
592473,2021,full,-0.007045726,190
592473,2021,A,-0.0050244457,104
592473,2021,B,-0.009490063,86
656629,2021,full,0.008387504,1128
656629,2021,A,0.009677887,509
656629,2021,B,0.0073264297,619
663804,2021,full,-0.0039251186,631
663804,2021,A,-0.005498402,357
663804,2021,B,-0.0018752574,274
668820,2021,full,-0.0014187067,674
668820,2021,A,-0.0011815745,358
668820,2021,B,-0.0016873562,316
607216,2021,full,0.0027479748,133
607216,2021,A,0.0016155923,66
607216,2021,B,0.0038634564,67
665152,2021,full,-0.0043746647,986
665152,2021,A,-0.0039851833,585
665152,2021,B,-0.004942861,401
621139,2021,full,-0.0077289385,194
621139,2021,A,-0.012922612,88
621139,2021,B,-0.0034172107,106
571871,2021,full,-0.005451953,349
571871,2021,A,-0.0050480324,163
571871,2021,B,-0.0058059255,186
641771,2021,full,-0.0042266874,1436
641771,2021,A,-0.0030051433,731
641771,2021,B,-0.0054932823,705
621078,2021,full,0.0064678737,28
621078,2021,A,0.0057585775,15
621078,2021,B,0.007286293,13
664042,2021,full,-0.0023428465,501
664042,2021,A,-0.0034146793,218
664042,2021,B,-0.0015171946,283
669424,2021,full,-0.0019640264,246
669424,2021,A,-0.0017831399,131
669424,2021,B,-0.0021700808,115
663567,2021,full,0.0007681226,123
663567,2021,A,0.00028876588,65
663567,2021,B,0.0013053325,58
659275,2021,full,-0.00025832013,832
659275,2021,A,-0.00052953465,404
659275,2021,B,-2.3135967e-06,428
656638,2021,full,-6.24791e-05,639
656638,2021,A,-0.0017210089,335
656638,2021,B,0.0017651767,304
656641,2021,full,-0.0027513278,84
656641,2021,A,-0.0027513278,84
641778,2021,full,-0.0052223327,1882
641778,2021,A,-0.005584578,912
641778,2021,B,-0.004881747,970
571882,2021,full,-0.0005951094,292
571882,2021,A,-0.0018518299,156
571882,2021,B,0.00084642274,136
664875,2021,full,0.0020525546,325
664875,2021,A,0.0036937443,142
664875,2021,B,0.00077906315,183
453281,2021,full,-0.0061735255,793
453281,2021,A,-0.0045594475,371
453281,2021,B,-0.007592537,422
669276,2021,full,-0.0016444153,29
669276,2021,A,-0.006098598,9
669276,2021,B,0.0003599667,20
608678,2021,full,-0.0015873095,851
608678,2021,A,-0.0007313668,455
608678,2021,B,-0.002570779,396
452657,2021,full,-0.0081271315,2379
452657,2021,A,-0.0081795715,1183
452657,2021,B,-0.008075262,1196
458676,2021,full,-0.0037342063,342
458676,2021,A,-0.0034773087,193
458676,2021,B,-0.0040669655,149
641793,2021,full,-0.002367947,993
641793,2021,A,-0.0023603106,567
641793,2021,B,-0.0023781098,426
661440,2021,full,-0.0014661994,145
661440,2021,A,0.0014491519,63
661440,2021,B,-0.0037060424,82
543456,2021,full,-0.0050881985,34
543456,2021,A,-0.0046098763,21
543456,2021,B,-0.0058608707,13
669674,2021,full,-0.0058148894,731
669674,2021,A,-0.0054865163,383
669674,2021,B,-0.0061762887,348
547179,2021,full,0.00068122457,481
547179,2021,A,-0.00012641579,263
547179,2021,B,0.0016555797,218
571901,2021,full,0.0017314575,833
571901,2021,A,0.002370387,403
571901,2021,B,0.0011326467,430
663992,2021,full,0.002904585,312
663992,2021,A,0.0046472596,151
663992,2021,B,0.0012701513,161
675912,2021,full,-0.0054449565,571
675912,2021,A,-0.0049595498,260
675912,2021,B,-0.005850762,311
642528,2021,full,0.0112435715,1083
642528,2021,A,0.01145642,492
642528,2021,B,0.011066379,591
664192,2021,full,-0.0030656469,646
664192,2021,A,-0.0021040305,355
664192,2021,B,-0.004238753,291
476595,2021,full,-0.0028580714,1241
476595,2021,A,-0.0021441078,644
476595,2021,B,-0.0036282428,597
607625,2021,full,-0.000465433,730
607625,2021,A,-0.0020765055,335
607625,2021,B,0.0009009194,395
666200,2021,full,-0.003871406,1708
666200,2021,A,-0.0020789197,861
666200,2021,B,-0.00569352,847
543475,2021,full,-0.0019022407,2964
543475,2021,A,-0.0017898097,1515
543475,2021,B,-0.0020197928,1449
663738,2021,full,-0.005150335,1257
663738,2021,A,-0.004626492,634
663738,2021,B,-0.005683426,623
458681,2021,full,0.0006996197,2503
458681,2021,A,0.0016549804,1223
458681,2021,B,-0.0002131975,1280
605347,2021,full,-0.002156741,2166
605347,2021,A,-0.0012941879,1110
605347,2021,B,-0.0030634024,1056
641154,2021,full,0.0019403769,1669
641154,2021,A,0.001423444,806
641154,2021,B,0.0024231675,863
625643,2021,full,-0.00030994395,938
625643,2021,A,-0.00019345024,478
625643,2021,B,-0.00043099627,460
661255,2021,full,-0.00097453897,215
661255,2021,A,-0.0018477413,123
661255,2021,B,0.00019289512,92
600921,2021,full,-0.0029055646,626
600921,2021,A,-0.0048721684,326
600921,2021,B,-0.00076852215,300
650347,2021,full,-0.0059879455,213
650347,2021,A,-0.0058702235,73
650347,2021,B,-0.006049329,140
628317,2021,full,0.00020944313,1775
628317,2021,A,0.00040814432,959
628317,2021,B,-2.4079327e-05,816
641816,2021,full,0.0013635587,3196
641816,2021,A,0.0010974394,1614
641816,2021,B,0.001635061,1582
571912,2021,full,-0.06833339,12
571912,2021,A,-0.06833339,12
640455,2021,full,-0.0035049745,2980
640455,2021,A,-0.004004837,1485
640455,2021,B,-0.003008456,1495
666159,2021,full,-0.0014885296,1421
666159,2021,A,-0.0017743134,734
666159,2021,B,-0.0011831946,687
666201,2021,full,-0.0015263619,1844
666201,2021,A,-0.001976829,955
666201,2021,B,-0.0010424516,889
573009,2021,full,0.0003911275,621
573009,2021,A,0.0004241462,380
573009,2021,B,0.00033906483,241
596027,2021,full,0.00025085502,565
596027,2021,A,0.00040629238,256
596027,2021,B,0.00012207849,309
676606,2021,full,-0.013715508,259
676606,2021,A,-0.014743427,109
676606,2021,B,-0.012968554,150
605359,2021,full,0.0008724578,435
605359,2021,A,0.0019070972,244
605359,2021,B,-0.00044928063,191
665896,2021,full,0.00041922156,84
665896,2021,A,0.0025760452,61
665896,2021,B,-0.0053010504,23
656685,2021,full,-0.0076197255,918
656685,2021,A,-0.0074746953,526
656685,2021,B,-0.007814331,392
455119,2021,full,-1.6540918e-05,663
455119,2021,A,-0.00033966274,326
455119,2021,B,0.0002960338,337
656686,2021,full,-0.0019203523,342
656686,2021,A,-0.0038910732,182
656686,2021,B,0.00032134185,160
593372,2021,full,-0.0020308748,1280
593372,2021,A,-0.0021285685,660
593372,2021,B,-0.0019268784,620
661527,2021,full,0.0015029873,63
661527,2021,A,0.0026442653,50
661527,2021,B,-0.002886544,13
621500,2021,full,-0.010179941,2
621500,2021,A,-0.010179941,2
664208,2021,full,0.0009590103,1174
664208,2021,A,0.0017849397,567
664208,2021,B,0.00018750818,607
676755,2021,full,-0.005516655,91
676755,2021,A,-0.008202503,49
676755,2021,B,-0.0023831625,42
571927,2021,full,-0.0011674206,2557
571927,2021,A,-0.0015257021,1331
571927,2021,B,-0.0007784545,1226
554431,2021,full,0.0005415371,1065
554431,2021,A,-0.00011453825,534
554431,2021,B,0.0012013193,531
669160,2021,full,0.0037330207,368
669160,2021,A,0.0030662448,204
669160,2021,B,0.004562425,164
543507,2021,full,0.0010218819,1117
543507,2021,A,0.00092792575,543
543507,2021,B,0.0011107638,574
594577,2021,full,0.0012989567,1236
594577,2021,A,0.0015336986,628
594577,2021,B,0.0010564929,608
608686,2021,full,-0.044352584,2
608686,2021,A,-0.044352584,2
641835,2021,full,-0.006504981,841
641835,2021,A,-0.006675944,447
641835,2021,B,-0.00631102,394
607391,2021,full,-0.0017342692,413
607391,2021,A,0.0008459391,183
607391,2021,B,-0.0037872177,230
670766,2021,full,-0.008472885,147
670766,2021,A,-0.010678857,61
670766,2021,B,-0.0069081853,86
663556,2021,full,-0.00047563502,1953
663556,2021,A,6.524826e-05,1007
663556,2021,B,-0.0010513957,946
621121,2021,full,0.004885566,2785
621121,2021,A,0.0042835735,1392
621121,2021,B,0.0054871263,1393
519008,2021,full,-0.008519664,512
519008,2021,A,-0.008067966,218
519008,2021,B,-0.008854597,294
459429,2021,full,-0.0024773262,878
459429,2021,A,-0.0018621319,451
459429,2021,B,-0.0031270985,427
641851,2021,full,-0.00012135344,517
641851,2021,A,-0.00027462526,226
641851,2021,B,-2.3175915e-06,291
543521,2021,full,0.0021398289,970
543521,2021,A,0.0013980613,496
543521,2021,B,0.0029160248,474
663474,2021,full,-0.00418688,1975
663474,2021,A,-0.005267661,985
663474,2021,B,-0.003111557,990
656725,2021,full,-0.0012139694,49
656725,2021,A,-0.0063764425,16
656725,2021,B,0.0012890479,33
607644,2021,full,0.0038817413,2328
607644,2021,A,0.004063669,1229
607644,2021,B,0.0036782932,1099
683232,2021,full,0.0014189193,452
683232,2021,A,0.0008167313,263
683232,2021,B,0.0022568847,189
658431,2021,full,-0.003430186,137
658431,2021,A,-0.0052494192,51
658431,2021,B,-0.0023513385,86
656730,2021,full,7.377023e-05,459
656730,2021,A,0.0017036463,249
656730,2021,B,-0.0018587972,210
656731,2021,full,-0.0012765299,1554
656731,2021,A,-0.002032126,802
656731,2021,B,-0.00047069462,752
664682,2021,full,-0.005615141,149
664682,2021,A,-0.006224114,109
664682,2021,B,-0.00395569,40
642336,2021,full,-0.042286478,28
642336,2021,A,-0.034197632,7
642336,2021,B,-0.044982757,21
650668,2021,full,-0.0059650084,421
650668,2021,A,-0.005644764,269
650668,2021,B,-0.006531758,152
650496,2021,full,-0.0042771795,982
650496,2021,A,-0.0027082632,509
650496,2021,B,-0.005965506,473
453343,2021,full,-0.0012369211,1053
453343,2021,A,-0.001572545,507
453343,2021,B,-0.0011165013,514
622492,2021,full,-0.0073888954,50
622492,2021,A,-0.0054335245,28
622492,2021,B,-0.009877549,22
669214,2021,full,-0.005482618,247
669214,2021,A,-0.005105252,124
669214,2021,B,-0.0058630537,123
606213,2021,full,-0.05864534,2
606213,2021,A,-0.05864534,2
657240,2021,full,0.0026624412,217
657240,2021,A,0.0031875693,132
657240,2021,B,0.0018469483,85
641871,2021,full,0.0028553153,530
641871,2021,A,0.0041002235,261
641871,2021,B,0.0016474306,269
571945,2021,full,-0.0038423215,708
571945,2021,A,-0.0030590715,406
571945,2021,B,-0.0048952997,302
489119,2021,full,-0.00047689627,2591
489119,2021,A,-0.0004195844,1257
489119,2021,B,-0.0005308999,1334
453192,2021,full,-0.0005214375,619
453192,2021,A,-5.6210614e-05,308
453192,2021,B,-0.0009821769,311
502522,2021,full,0.00033536874,295
502522,2021,A,0.00071564503,160
502522,2021,B,-0.00011532904,135
571946,2021,full,-0.0055044964,273
571946,2021,A,-0.004817171,167
571946,2021,B,-0.0065873596,106
621219,2021,full,-0.0028769018,1936
621219,2021,A,-0.0027175406,940
621219,2021,B,-0.0030273027,996
670090,2021,full,0.002446071,230
670090,2021,A,-0.00046885302,83
670090,2021,B,0.004091912,147
571948,2021,full,0.0045687314,393
571948,2021,A,0.005832163,224
571948,2021,B,0.0028941229,169
543548,2021,full,-0.009853787,241
543548,2021,A,-0.010405139,109
543548,2021,B,-0.009398504,132
573668,2021,full,-0.0007968947,659
573668,2021,A,-0.0018928947,318
573668,2021,B,0.00022518137,341
501985,2021,full,-0.0034687726,2621
501985,2021,A,-0.0038609707,1322
501985,2021,B,-0.0030696301,1299
621345,2021,full,0.0037079765,876
621345,2021,A,0.0055133724,441
621345,2021,B,0.0018776784,435
664948,2021,full,-0.0032046407,894
664948,2021,A,-0.0031705836,442
664948,2021,B,-0.0032379446,452
571951,2021,full,-0.003048077,67
571951,2021,A,-0.0022464118,37
571951,2021,B,-0.004036798,30
663554,2021,full,0.00019080203,2355
663554,2021,A,0.0010862075,1199
663554,2021,B,-0.0007379102,1156
594580,2021,full,0.0071916888,167
594580,2021,A,0.0067195706,67
594580,2021,B,0.007508007,100
593423,2021,full,0.0034008564,3028
593423,2021,A,0.002905804,1542
593423,2021,B,0.0039145653,1486
606160,2021,full,0.0026947246,871
606160,2021,A,0.004598724,369
606160,2021,B,0.0012951712,502
656756,2021,full,-0.0028531905,2568
656756,2021,A,-0.0029631713,1310
656756,2021,B,-0.0027386637,1258
519043,2021,full,-0.00486833,1254
519043,2021,A,-0.0054715364,634
519043,2021,B,-0.0042515034,620
670970,2021,full,0.009466237,80
670970,2021,A,0.009410182,64
670970,2021,B,0.009690463,16
519048,2021,full,-0.047671035,4
519048,2021,A,-0.047671035,4
664294,2021,full,0.002815323,57
664294,2021,A,0.008949805,34
664294,2021,B,-0.006253041,23
605388,2021,full,-0.0010016032,442
605388,2021,A,-0.001124709,207
605388,2021,B,-0.00089316536,235
669212,2021,full,-0.0030152805,1414
669212,2021,A,-0.0014203292,688
669212,2021,B,-0.0045267493,726
596049,2021,full,-0.0068669766,199
596049,2021,A,-0.008996222,49
596049,2021,B,-0.006171423,150
606625,2021,full,0.0008527729,48
606625,2021,A,-0.0012343485,24
606625,2021,B,0.002939894,24
450203,2021,full,0.00476185,2987
450203,2021,A,0.0052270605,1454
450203,2021,B,0.0043206126,1533
663558,2021,full,-0.003862009,162
663558,2021,A,-0.005931458,109
663558,2021,B,0.00039402719,53
666205,2021,full,-0.007586951,676
666205,2021,A,-0.00881482,364
666205,2021,B,-0.006154438,312
641907,2021,full,-0.0008700131,486
641907,2021,A,-0.00043832217,256
641907,2021,B,-0.0013505036,230
605397,2021,full,-0.00031794742,2938
605397,2021,A,-0.0007186319,1420
605397,2021,B,5.686935e-05,1518
662253,2021,full,0.0013941939,17
662253,2021,A,0.0013941939,17
608566,2021,full,-0.006723159,2788
608566,2021,A,-0.0065546427,1362
608566,2021,B,-0.006884112,1426
667297,2021,full,0.0038230356,456
667297,2021,A,0.0035263,230
667297,2021,B,0.0041250233,226
676050,2021,full,-0.005869538,383
676050,2021,A,-0.0063083246,175
676050,2021,B,-0.005500366,208
663734,2021,full,-0.009032138,598
663734,2021,A,-0.009562066,294
663734,2021,B,-0.008519642,304
519076,2021,full,0.0052444986,523
519076,2021,A,0.004333903,284
519076,2021,B,0.0063265446,239
669459,2021,full,0.0023044085,176
669459,2021,A,0.0035292162,69
669459,2021,B,0.0015145794,107
656793,2021,full,-0.0031103792,338
656793,2021,A,-0.0066381725,179
656793,2021,B,0.00086116255,159
593576,2021,full,0.0023776493,1243
593576,2021,A,0.0029839496,635
593576,2021,B,0.0017444246,608
623470,2021,full,-0.0022185158,100
623470,2021,A,-0.002936773,66
623470,2021,B,-0.0008242522,34
656794,2021,full,0.00015944417,673
656794,2021,A,0.00050408824,354
656794,2021,B,-0.00022301363,319
664714,2021,full,0.000106355415,276
664714,2021,A,-0.0014319033,164
664714,2021,B,0.0023588056,112
657697,2021,full,-0.0057393517,26
657697,2021,A,-0.0057393517,26
668665,2021,full,-0.0020005675,48
668665,2021,A,-0.0020005675,48
596056,2021,full,-0.05805577,10
596056,2021,A,-0.06296377,6
596056,2021,B,-0.050693754,4
605400,2021,full,0.003566876,2971
605400,2021,A,0.003403568,1464
605400,2021,B,0.003725524,1507
543594,2021,full,-0.005682526,497
543594,2021,A,-0.0036698896,188
543594,2021,B,-0.0069070435,309
596057,2021,full,-0.0022814283,988
596057,2021,A,-0.0022604018,433
596057,2021,B,-0.0022978329,555
573062,2021,full,-0.0072791763,129
573062,2021,A,-0.0060484484,72
573062,2021,B,-0.00883378,57
656803,2021,full,0.0047926432,94
656803,2021,A,0.0076422947,35
656803,2021,B,0.0031021722,59
628345,2021,full,-0.0039379564,127
628345,2021,A,0.00060548406,69
628345,2021,B,-0.009343084,58
676617,2021,full,-0.015679335,42
676617,2021,A,-0.015679335,42
503285,2021,full,0.00091969315,189
503285,2021,A,0.0009768861,99
503285,2021,B,0.0008567811,90
641927,2021,full,0.0014512634,1476
641927,2021,A,0.0021484895,752
641927,2021,B,0.00072707294,724
543606,2021,full,-0.00281961,1847
543606,2021,A,-0.0024792629,880
543606,2021,B,-0.0031293363,967
660271,2021,full,0.0026636568,2026
660271,2021,A,0.0025697509,1098
660271,2021,B,0.0027747662,928
595345,2021,full,0.002562419,601
595345,2021,A,0.0031181893,341
595345,2021,B,0.0018335056,260
672391,2021,full,0.0059220046,12
672391,2021,A,0.0059220046,12
661383,2021,full,-0.004751086,139
661383,2021,A,-0.00088012713,72
661383,2021,B,-0.0089109205,67
592612,2021,full,-0.006006127,231
592612,2021,A,-0.0047818036,135
592612,2021,B,-0.007727833,96
621261,2021,full,-0.0029891625,156
621261,2021,A,-0.00014010118,104
621261,2021,B,-0.008687285,52
493603,2021,full,0.0055274577,1145
493603,2021,A,0.004781213,609
493603,2021,B,0.0063753356,536
657248,2021,full,0.00048210964,448
657248,2021,A,0.0014298841,232
657248,2021,B,-0.00053587067,216
656818,2021,full,-0.0022106378,274
656818,2021,A,-0.0028085653,88
656818,2021,B,-0.0019277475,186
670912,2021,full,-0.0054993,1086
670912,2021,A,-0.004679784,523
670912,2021,B,-0.006260591,563
665854,2021,full,-0.005080249,580
665854,2021,A,-0.0052524745,335
665854,2021,B,-0.004844759,245
663978,2021,full,-0.0003128587,1869
663978,2021,A,-0.00090669707,1006
663978,2021,B,0.0003793796,863
641941,2021,full,0.0034452493,1098
641941,2021,A,0.0038736933,572
641941,2021,B,0.0029793372,526
660600,2021,full,0.00088521105,254
660600,2021,A,0.0005874966,124
660600,2021,B,0.0011691846,130
453284,2021,full,-0.0045542903,713
453284,2021,A,-0.005073092,404
453284,2021,B,-0.0038759871,309
672715,2021,full,0.0038178118,1365
672715,2021,A,0.0033243117,691
672715,2021,B,0.004323759,674
607359,2021,full,-0.0027661894,705
607359,2021,A,-0.005035496,367
607359,2021,B,-0.0003021793,338
600944,2021,full,0.00018406345,32
600944,2021,A,0.00018406345,32
572020,2021,full,-0.005342599,24
572020,2021,A,-0.005342599,24
606303,2021,full,0.0002801655,825
606303,2021,A,-5.399178e-05,419
606303,2021,B,0.0006250228,406
502748,2021,full,-0.0026403696,95
502748,2021,A,-0.0021899063,48
502748,2021,B,-0.0031004178,47
676840,2021,full,-0.006491902,1322
676840,2021,A,-0.0062681884,634
676840,2021,B,-0.0066980575,688
663878,2021,full,-0.001357787,301
663878,2021,A,-0.0033136813,184
663878,2021,B,0.0017181488,117
665625,2021,full,-0.0012920551,64
665625,2021,A,-0.001377818,44
665625,2021,B,-0.0011033766,20
642547,2021,full,0.0018638184,2338
642547,2021,A,0.0027484077,1120
642547,2021,B,0.001050403,1218
593974,2021,full,-0.001918503,781
593974,2021,A,-0.00062741165,394
593974,2021,B,-0.0032329473,387
503449,2021,full,-0.004359789,1554
503449,2021,A,-0.0049032858,763
503449,2021,B,-0.0038355314,791
622780,2021,full,-0.0021547056,354
622780,2021,A,-0.0029088382,169
622780,2021,B,-0.0014657949,185
596071,2021,full,-0.0035604918,443
596071,2021,A,-0.0028412205,233
596071,2021,B,-0.0043585408,210
656849,2021,full,-0.0042768084,1122
656849,2021,A,-0.004824094,630
656849,2021,B,-0.003576017,492
433589,2021,full,-0.011025036,1077
433589,2021,A,-0.011128236,518
433589,2021,B,-0.010929405,559
502593,2021,full,-0.0006384845,135
502593,2021,A,-0.0004344997,88
502593,2021,B,-0.0010204134,47
570240,2021,full,-0.006497953,65
570240,2021,A,0.0011145964,20
570240,2021,B,-0.009881307,45
475479,2021,full,-0.0018530997,188
475479,2021,A,-0.0017980619,126
475479,2021,B,-0.001964951,62
621433,2021,full,0.015612801,1
621433,2021,A,0.015612801,1
623465,2021,full,0.00641443,244
623465,2021,A,0.008926059,114
623465,2021,B,0.0042119245,130
607680,2021,full,-0.018479114,6
607680,2021,A,-0.018479114,6
501381,2021,full,-0.009716304,1707
501381,2021,A,-0.009606268,791
501381,2021,B,-0.009811324,916
601713,2021,full,-0.0006267094,2745
601713,2021,A,0.00052866264,1421
601713,2021,B,-0.0018667275,1324
608700,2021,full,-0.03575404,2
608700,2021,A,-0.03575404,2
668676,2021,full,-0.0042539765,2205
668676,2021,A,-0.003881737,1148
668676,2021,B,-0.0046582622,1057
592644,2021,full,-0.0039223847,1014
592644,2021,A,-0.0032465036,466
592644,2021,B,-0.0044971304,548
519141,2021,full,0.0049702832,430
519141,2021,A,0.0056055887,210
519141,2021,B,0.004363855,220
594965,2021,full,-0.003655374,653
594965,2021,A,-0.0037245897,358
594965,2021,B,-0.003571377,295
664074,2021,full,-0.0021050882,712
664074,2021,A,-0.0030229634,382
664074,2021,B,-0.0010425774,330
647315,2021,full,0.0003398611,936
647315,2021,A,0.0016110832,474
647315,2021,B,-0.0009643797,462
664092,2021,full,0.00031773376,406
664092,2021,A,0.0005392882,204
664092,2021,B,9.398546e-05,202
547001,2021,full,-0.0012499972,549
547001,2021,A,-0.0013480798,305
547001,2021,B,-0.0011273939,244
519151,2021,full,0.0074233618,955
519151,2021,A,0.006567687,496
519151,2021,B,0.008348013,459
456034,2021,full,-0.0056035626,1178
456034,2021,A,-0.0060116434,642
456034,2021,B,-0.00511478,536
643493,2021,full,0.0012307832,109
643493,2021,A,0.00039921986,72
643493,2021,B,0.0028489602,37
640462,2021,full,-0.0021314258,243
640462,2021,A,-0.0049982616,152
640462,2021,B,0.0026571362,91
672335,2021,full,-0.003539079,454
672335,2021,A,-0.0026452842,242
672335,2021,B,-0.004559355,212
660906,2021,full,-0.0055690785,122
660906,2021,A,-0.006029925,79
660906,2021,B,-0.004722408,43
527048,2021,full,-0.0030683584,1860
527048,2021,A,-0.0022186607,913
527048,2021,B,-0.0038875497,947
424144,2021,full,-0.0037382783,56
424144,2021,A,-0.002641011,37
424144,2021,B,-0.005875062,19
534812,2021,full,-0.009226548,20
534812,2021,A,-0.009226548,20
615698,2021,full,-0.0055610295,2263
615698,2021,A,-0.005802826,1155
615698,2021,B,-0.0053089764,1108
650671,2021,full,-0.00047511037,499
650671,2021,A,-0.0014568763,242
650671,2021,B,0.00044935374,257
500779,2021,full,-0.0064004515,1240
500779,2021,A,-0.006171482,675
500779,2021,B,-0.006673999,565
663432,2021,full,0.003774548,665
663432,2021,A,0.0021168427,310
663432,2021,B,0.0052221213,355
548384,2021,full,0.002506033,865
548384,2021,A,0.001384513,416
548384,2021,B,0.003545125,449
598286,2021,full,-0.0055070566,314
598286,2021,A,-0.004981898,169
598286,2021,B,-0.0061191376,145
598287,2021,full,0.00023313657,579
598287,2021,A,0.00034242604,269
598287,2021,B,0.00013830133,310
573109,2021,full,-0.004906086,62
573109,2021,A,0.0006762097,26
573109,2021,B,-0.0089377435,36
541640,2021,full,-1.7656128e-05,392
541640,2021,A,-0.0034293062,161
541640,2021,B,0.0023601605,231
641995,2021,full,-0.017939141,14
641995,2021,A,-0.017939141,14
606162,2021,full,-0.0031196459,23
606162,2021,A,-0.0031196459,23
670990,2021,full,0.007303204,436
670990,2021,A,0.008898006,263
670990,2021,B,0.0048787347,173
656876,2021,full,0.0048185624,1202
656876,2021,A,0.0065682987,602
656876,2021,B,0.003062994,600
592662,2021,full,-0.001624686,3141
592662,2021,A,-0.0008283796,1567
592662,2021,B,-0.002417451,1574
607067,2021,full,-0.004591461,91
607067,2021,A,-0.004591461,91
502210,2021,full,-0.020091817,1
502210,2021,A,-0.020091817,1
642003,2021,full,-0.0073573105,148
642003,2021,A,-0.0043987045,79
642003,2021,B,-0.0107447,69
596082,2021,full,-0.0027376667,160
596082,2021,A,-0.0025075406,102
596082,2021,B,-0.0031423715,58
656887,2021,full,-0.005642225,371
656887,2021,A,-0.006016278,179
656887,2021,B,-0.0052934997,192
621052,2021,full,-0.003780861,1248
621052,2021,A,-0.0042908983,614
621052,2021,B,-0.0032869133,634
572070,2021,full,-0.0016907614,2329
572070,2021,A,-0.0011891125,1136
572070,2021,B,-0.0021684417,1193
670950,2021,full,-0.0037630473,1060
670950,2021,A,-0.0032370442,529
670950,2021,B,-0.004287069,531
670050,2021,full,0.0027637377,74
670050,2021,A,0.010098394,48
670050,2021,B,-0.010777169,26
519203,2021,full,-0.04130871,4
519203,2021,A,-0.04130871,4
543699,2021,full,-0.0046283025,131
543699,2021,A,-0.0045416113,82
543699,2021,B,-0.004773376,49
502085,2021,full,-0.0016299275,208
502085,2021,A,-0.0014702593,107
502085,2021,B,-0.0017990806,101
570663,2021,full,-0.0022706268,1172
570663,2021,A,-0.0028076249,564
570663,2021,B,-0.0017724903,608
669735,2021,full,-0.002832511,505
669735,2021,A,-0.002727073,277
669735,2021,B,-0.0029606079,228
593958,2021,full,-0.0048256805,2719
593958,2021,A,-0.0048968894,1358
593958,2021,B,-0.004754629,1361
622446,2021,full,-0.009859471,412
622446,2021,A,-0.011940491,202
622446,2021,B,-0.007857728,210
670550,2021,full,-0.00864247,114
670550,2021,A,-0.005915839,63
670550,2021,B,-0.012010665,51
570257,2021,full,0.0016867423,759
570257,2021,A,0.0023403547,358
570257,2021,B,0.0011032177,401
655889,2021,full,0.0012668176,300
655889,2021,A,0.0018159978,159
655889,2021,B,0.0006475291,141
593144,2021,full,-9.4234754e-05,944
593144,2021,A,-0.0008972645,501
593144,2021,B,0.000813932,443
607074,2021,full,0.0015232486,2219
607074,2021,A,0.0017349345,1102
607074,2021,B,0.0013144051,1117
475054,2021,full,-0.0007790936,23
475054,2021,A,-0.0007790936,23
642028,2021,full,-0.0052557685,533
642028,2021,A,-0.0054475646,262
642028,2021,B,-0.005070342,271
573124,2021,full,0.0020835488,642
573124,2021,A,0.0030537692,300
573124,2021,B,0.0012324785,342
669432,2021,full,0.00027143635,2169
669432,2021,A,0.00037602335,1135
669432,2021,B,0.00015663325,1034
643511,2021,full,0.009261062,1128
643511,2021,A,0.00927519,569
643511,2021,B,0.009246684,559
605447,2021,full,0.007342564,1031
605447,2021,A,0.0066852183,543
605447,2021,B,0.008073995,488
607219,2021,full,-0.0055960016,437
607219,2021,A,-0.0051776953,234
607219,2021,B,-0.0060781864,203
664584,2021,full,0.0031320138,78
664584,2021,A,0.0056017227,50
664584,2021,B,-0.0012781812,28
668941,2021,full,-0.000642054,171
668941,2021,A,-0.0013814431,77
668941,2021,B,-3.638402e-05,94
489265,2021,full,-0.0022058776,1042
489265,2021,A,-0.0018732467,523
489265,2021,B,-0.0025410722,519
667373,2021,full,-0.0067963954,29
667373,2021,A,-0.008858756,22
667373,2021,B,-0.00031469017,7
605452,2021,full,-0.0010452559,1700
605452,2021,A,0.00011719689,782
605452,2021,B,-0.0020354935,918
573127,2021,full,-0.012632053,48
573127,2021,A,-0.012800212,25
573127,2021,B,-0.012449271,23
665759,2021,full,-1.9279412e-05,144
665759,2021,A,-0.0023973768,75
665759,2021,B,0.0025656088,69
594985,2021,full,-0.00546457,198
594985,2021,A,-0.0020130554,70
594985,2021,B,-0.0073521184,128
621074,2021,full,0.0013250684,490
621074,2021,A,0.0028504152,215
621074,2021,B,0.00013252442,275
614179,2021,full,0.001635877,1037
614179,2021,A,0.001585022,470
614179,2021,B,0.001678032,567
657746,2021,full,0.0009775973,412
657746,2021,A,0.0014257638,241
657746,2021,B,0.00034597045,171
594986,2021,full,-0.0026294999,225
594986,2021,A,-0.004352979,113
594986,2021,B,-0.00089063245,112
547943,2021,full,-0.0061510163,2689
547943,2021,A,-0.00569981,1346
547943,2021,B,-0.00660323,1343
605441,2021,full,-0.0030899316,458
605441,2021,A,-0.0045537646,253
605441,2021,B,-0.0012833471,205
594987,2021,full,0.0021221826,581
594987,2021,A,0.0020883314,271
594987,2021,B,0.002151775,310
519242,2021,full,0.0019601414,735
519242,2021,A,0.001433824,406
519242,2021,B,0.0026096394,329
592716,2021,full,-0.0067559485,554
592716,2021,A,-0.008147555,290
592716,2021,B,-0.0052272896,264
592717,2021,full,-0.0056685256,595
592717,2021,A,-0.004802049,320
592717,2021,B,-0.0066767884,275
680704,2021,full,0.0069952314,603
680704,2021,A,0.007777302,319
680704,2021,B,0.006116779,284
663776,2021,full,0.0005325313,1443
663776,2021,A,0.00035882308,744
663776,2021,B,0.00071742246,699
665665,2021,full,0.00026005704,180
665665,2021,A,-1.0011665e-05,92
665665,2021,B,0.00054240157,88
642701,2021,full,-8.6966e-05,907
642701,2021,A,0.0002542964,462
642701,2021,B,-0.0004412655,445
650828,2021,full,0.00039863685,609
650828,2021,A,-0.0016978336,309
650828,2021,B,0.002558001,300
429722,2021,full,-0.008084545,1063
429722,2021,A,-0.008884148,642
429722,2021,B,-0.0068651983,421
502327,2021,full,-0.0044621807,490
502327,2021,A,-0.004404139,328
502327,2021,B,-0.0045796973,162
663574,2021,full,-2.1996071e-05,761
663574,2021,A,0.00013862735,420
663574,2021,B,-0.00021983137,341
665733,2021,full,-0.004457686,176
665733,2021,A,-0.0061646234,92
665733,2021,B,-0.0025881832,84
666619,2021,full,0.005316133,53
666619,2021,A,0.007195459,38
666619,2021,B,0.0005551702,15
642048,2021,full,-0.0060266876,432
642048,2021,A,-0.005975773,259
642048,2021,B,-0.0061029126,173
617228,2021,full,0.0014394391,944
617228,2021,A,0.0031649994,479
617228,2021,B,-0.00033807344,465
622250,2021,full,-0.0006884006,1078
622250,2021,A,-0.0014245622,589
622250,2021,B,0.00019830544,489
669135,2021,full,-0.0042688306,198
669135,2021,A,-0.004836608,124
669135,2021,B,-0.003317419,74
453286,2021,full,0.0028469511,2821
453286,2021,A,0.0028889598,1305
453286,2021,B,0.0028107895,1516
657376,2021,full,-0.0044930573,143
657376,2021,A,-0.00633413,90
657376,2021,B,-0.0013667075,53
670167,2021,full,0.004890823,56
670167,2021,A,0.004890823,56
656945,2021,full,0.0006586631,1032
656945,2021,A,0.00046544574,554
656945,2021,B,0.0008826011,478
668687,2021,full,-0.0023053028,354
668687,2021,A,-0.00425577,205
668687,2021,B,0.00037822578,149
657756,2021,full,0.0009903357,43
657756,2021,A,0.0009903357,43
572125,2021,full,-0.0010050747,494
572125,2021,A,-0.0011071205,250
572125,2021,B,-0.0009005195,244
622608,2021,full,-0.0048971176,2405
622608,2021,A,-0.0046084747,1240
622608,2021,B,-0.005204342,1165
622663,2021,full,-0.0021663997,98
622663,2021,A,-0.0054689706,45
622663,2021,B,0.0006376704,53
623149,2021,full,0.009514698,1104
623149,2021,A,0.009828314,599
623149,2021,B,0.009142706,505
543766,2021,full,0.0010471577,1364
543766,2021,A,0.0005974396,652
543766,2021,B,0.0014589785,712
642068,2021,full,-0.003243025,456
642068,2021,A,-0.003188879,239
642068,2021,B,-0.0033026608,217
656954,2021,full,-0.005210433,1470
656954,2021,A,-0.0064387545,768
656954,2021,B,-0.0038666283,702
642073,2021,full,-0.0006114907,230
642073,2021,A,0.00053324545,123
642073,2021,B,-0.0019274019,107
595411,2021,full,-0.0046433485,278
595411,2021,A,-0.005290957,114
595411,2021,B,-0.004193181,164
533167,2021,full,-0.0045302496,1064
533167,2021,A,-0.0036644072,507
533167,2021,B,-0.005318369,557
592741,2021,full,0.0031306825,932
592741,2021,A,0.004036071,488
592741,2021,B,0.0021355713,444
608371,2021,full,0.0021911745,814
608371,2021,A,0.0022380692,378
608371,2021,B,0.0021505186,436
663903,2021,full,-0.002157671,2287
663903,2021,A,-0.0026690636,1131
663903,2021,B,-0.0016573374,1156
670087,2021,full,-0.0019522458,80
670087,2021,A,0.00062524126,39
670087,2021,B,-0.0044040014,41
669373,2021,full,-0.00080558285,2547
669373,2021,A,-0.00025203457,1289
669373,2021,B,-0.0013727717,1258
642083,2021,full,-0.00622848,566
642083,2021,A,-0.0073997527,278
642083,2021,B,-0.0050978772,288
656970,2021,full,-0.011320723,52
656970,2021,A,-0.011320723,52
572143,2021,full,-0.004603045,678
572143,2021,A,-0.0047958195,288
572143,2021,B,-0.0044606896,390
592761,2021,full,0.00021965474,2067
592761,2021,A,0.0007969144,994
592761,2021,B,-0.0003151041,1073
622098,2021,full,1.854916e-05,610
622098,2021,A,-1.04008295e-05,329
622098,2021,B,5.244445e-05,281
501925,2021,full,0.0036863063,650
501925,2021,A,0.0030834614,334
501925,2021,B,0.0043234904,316
642092,2021,full,-0.00047461776,1070
642092,2021,A,0.00030992265,481
642092,2021,B,-0.0011153037,589
519293,2021,full,-0.003175264,1079
519293,2021,A,-0.004346085,545
519293,2021,B,-0.0019803247,534
592767,2021,full,-0.0021125064,2138
592767,2021,A,-0.0015847874,1133
592767,2021,B,-0.0027074378,1005
669912,2021,full,0.00031936658,111
669912,2021,A,-0.0009917122,55
669912,2021,B,0.0016070335,56
605483,2021,full,0.00018090064,2346
605483,2021,A,0.0005067477,1132
605483,2021,B,-0.00012293708,1214
676766,2021,full,0.0039127106,59
676766,2021,A,0.010424407,20
676766,2021,B,0.0005733803,39
656981,2021,full,-0.00495274,227
656981,2021,A,-0.0023420025,87
656981,2021,B,-0.006575127,140
465657,2021,full,2.1464382e-05,604
465657,2021,A,-0.00033527895,307
465657,2021,B,0.00039021927,297
642397,2021,full,-0.00027635944,1131
642397,2021,A,-0.0011542758,612
642397,2021,B,0.00075887155,519
642100,2021,full,-0.000805857,105
642100,2021,A,-7.3964926e-05,42
642100,2021,B,-0.001293785,63
665661,2021,full,-0.0023665584,82
665661,2021,A,-0.0032769789,42
665661,2021,B,-0.0014106169,40
605488,2021,full,-0.00018788908,751
605488,2021,A,0.00020356187,335
605488,2021,B,-0.00050311984,416
489334,2021,full,-0.00385439,1308
489334,2021,A,-0.004138667,691
489334,2021,B,-0.003536018,617
592773,2021,full,0.0015464287,1166
592773,2021,A,0.0022237615,585
592773,2021,B,0.0008644323,581
664054,2021,full,-0.0028496524,308
664054,2021,A,-0.00027659937,171
664054,2021,B,-0.006061273,137
622251,2021,full,-0.0013220793,1096
622251,2021,A,-0.0020382025,540
622251,2021,B,-0.000626564,556
608716,2021,full,-0.00037754764,1008
608716,2021,A,-5.366665e-06,504
608716,2021,B,-0.00074972876,504
657006,2021,full,-0.001884358,964
657006,2021,A,-0.00043629223,494
657006,2021,B,-0.0034063675,470
663986,2021,full,0.0043466194,1210
663986,2021,A,0.0034961302,652
663986,2021,B,0.005340381,558
596112,2021,full,0.0006764531,767
596112,2021,A,0.001767964,346
596112,2021,B,-0.00022060798,421
640464,2021,full,-0.008942694,237
640464,2021,A,-0.006766076,137
640464,2021,B,-0.011924663,100
680692,2021,full,-0.0046713683,15
680692,2021,A,-0.0046713683,15
476594,2021,full,-0.0032965068,168
476594,2021,A,-0.0012419132,100
476594,2021,B,-0.0063179675,68
621381,2021,full,0.0021770026,136
621381,2021,A,0.004180839,53
621381,2021,B,0.0008974445,83
544931,2021,full,-0.005018142,362
544931,2021,A,-0.0058501735,187
544931,2021,B,-0.0041290578,175
608717,2021,full,-0.0036067986,1374
608717,2021,A,-0.00418122,679
608717,2021,B,-0.0030456008,695
519326,2021,full,0.000616784,980
519326,2021,A,0.00061464094,497
519326,2021,B,0.0006189892,483
675911,2021,full,0.0042746207,38
675911,2021,A,0.010758161,16
675911,2021,B,-0.00044068042,22
548389,2021,full,-0.0056395344,1684
548389,2021,A,-0.005534019,911
548389,2021,B,-0.0057638865,773
573186,2021,full,-0.0028058079,2741
573186,2021,A,-0.0031916955,1474
573186,2021,B,-0.0023568743,1267
467008,2021,full,-0.0026770832,45
467008,2021,A,-0.0019188108,20
467008,2021,B,-0.0032837011,25
660761,2021,full,-0.0021568988,1573
660761,2021,A,-0.0017775852,831
660761,2021,B,-0.0025817095,742
624133,2021,full,-0.0031341368,1614
624133,2021,A,-0.0034621533,889
624133,2021,B,-0.0027319207,725
593833,2021,full,-0.0036503922,761
593833,2021,A,-0.0016132513,385
593833,2021,B,-0.0057362933,376
642121,2021,full,-0.0005477526,1070
642121,2021,A,-0.002433559,528
642121,2021,B,0.0012893429,542
608718,2021,full,-0.004466628,1216
608718,2021,A,-0.004721362,609
608718,2021,B,-0.004211055,607
657024,2021,full,0.004202426,564
657024,2021,A,0.0030912815,308
657024,2021,B,0.005539272,256
461872,2021,full,-0.0004192,199
461872,2021,A,-0.00026952938,99
461872,2021,B,-0.0005673739,100
592789,2021,full,-0.0038941044,26
592789,2021,A,-0.0018768428,10
592789,2021,B,-0.005154892,16
663378,2021,full,-0.013476924,82
663378,2021,A,-0.013476924,82
650911,2021,full,-0.0059069456,211
650911,2021,A,-0.0040755398,104
650911,2021,B,-0.007687003,107
667376,2021,full,-0.00027562966,470
667376,2021,A,0.0009238188,204
667376,2021,B,-0.0011955076,266
592791,2021,full,-0.00035674917,2372
592791,2021,A,-0.00034729953,1228
592791,2021,B,-0.0003668927,1144
593619,2021,full,0.0034562084,520
593619,2021,A,0.0029829983,260
593619,2021,B,0.003929419,260
605501,2021,full,-0.003549068,15
605501,2021,A,-0.003549068,15
622253,2021,full,0.00022066743,1042
622253,2021,A,0.0009996777,512
622253,2021,B,-0.00053188595,530
642130,2021,full,-0.00075071654,748
642130,2021,A,-1.6828271e-05,371
642130,2021,B,-0.001472925,377
657031,2021,full,-0.0028148855,791
657031,2021,A,-0.0015540736,402
657031,2021,B,-0.0041178335,389
527054,2021,full,-0.0036950293,90
527054,2021,A,-0.0036950293,90
572193,2021,full,-0.00091346947,948
572193,2021,A,-0.0013242039,501
572193,2021,B,-0.0004531161,447
573204,2021,full,0.0023317377,1105
573204,2021,A,0.002126023,561
573204,2021,B,0.0025438808,544
624522,2021,full,-0.0012709363,966
624522,2021,A,-0.0022088878,394
624522,2021,B,-0.00062486524,572
666168,2021,full,-0.0056229495,424
666168,2021,A,-0.00721999,220
666168,2021,B,-0.0039006507,204
657044,2021,full,0.013625299,483
657044,2021,A,0.01264748,201
657044,2021,B,0.014322258,282
605507,2021,full,-0.0031659373,1194
605507,2021,A,-0.0033659854,645
605507,2021,B,-0.0029309082,549
663423,2021,full,-8.876103e-05,908
663423,2021,A,-0.0007714295,481
663423,2021,B,0.00068024045,427
626929,2021,full,-0.009760758,251
626929,2021,A,-0.010595018,178
626929,2021,B,-0.007726535,73
676709,2021,full,-0.005399684,142
676709,2021,A,-0.0076181,67
676709,2021,B,-0.0034178984,75
622786,2021,full,0.0015137279,32
622786,2021,A,0.0015137279,32
664789,2021,full,-0.02711757,1
664789,2021,A,-0.02711757,1
458708,2021,full,-0.002699382,808
458708,2021,A,-0.0027566697,349
458708,2021,B,-0.0026558232,459
623437,2021,full,0.00353662,88
623437,2021,A,0.004067253,36
623437,2021,B,0.0031692593,52
657053,2021,full,-0.003940567,819
657053,2021,A,-0.0047688377,464
657053,2021,B,-0.0028579817,355
595014,2021,full,0.0060387687,1095
595014,2021,A,0.0069528604,526
595014,2021,B,0.005193756,569
642152,2021,full,-0.0030413761,1162
642152,2021,A,-0.003945246,617
642152,2021,B,-0.002018096,545
607374,2021,full,-0.008119451,120
607374,2021,A,-0.008096482,84
607374,2021,B,-0.008173046,36
605513,2021,full,-6.460205e-05,775
605513,2021,A,0.00015275004,397
605513,2021,B,-0.00029287918,378
457759,2021,full,-0.02677012,1
457759,2021,A,-0.02677012,1
667725,2021,full,-0.0038322527,190
667725,2021,A,-0.0012710715,120
667725,2021,B,-0.008222849,70
670955,2021,full,-0.0016762002,361
670955,2021,A,-0.002269999,186
670955,2021,B,-0.001045077,175
621249,2021,full,-0.0024877263,1177
621249,2021,A,-0.0028424757,622
621249,2021,B,-0.0020901517,555
570632,2021,full,-0.0053397575,1694
570632,2021,A,-0.0058151586,872
570632,2021,B,-0.004835439,822
664353,2021,full,0.0036886667,1631
664353,2021,A,0.00446519,888
664353,2021,B,0.0027606005,743
628711,2021,full,0.0035366756,2786
628711,2021,A,0.0025636167,1367
628711,2021,B,0.004474076,1419
642162,2021,full,-0.07340497,1
642162,2021,A,-0.07340497,1
491624,2021,full,-0.017640125,757
491624,2021,A,-0.016468853,348
491624,2021,B,-0.018636711,409
664285,2021,full,-0.0044925823,2089
664285,2021,A,-0.0054906947,1055
664285,2021,B,-0.003474199,1034
570488,2021,full,-0.0033657358,682
570488,2021,A,-0.0028284902,305
570488,2021,B,-0.004589034,339
607755,2021,full,-0.0006401725,27
607755,2021,A,0.0037053814,15
607755,2021,B,-0.0060721147,12
592826,2021,full,-0.0018185083,1750
592826,2021,A,-0.0030954296,875
592826,2021,B,-0.0005415874,875
681911,2021,full,0.0039852234,651
681911,2021,A,0.005982127,342
681911,2021,B,0.0017750568,309
676684,2021,full,-0.0049424786,607
676684,2021,A,-0.0042994665,320
676684,2021,B,-0.0056594247,287
543883,2021,full,0.0013981203,182
543883,2021,A,0.001440778,125
543883,2021,B,0.001304573,57
608723,2021,full,-0.0002989877,1021
608723,2021,A,0.000367225,480
608723,2021,B,-0.0008900822,541
608379,2021,full,-0.00408965,1974
608379,2021,A,-0.0046457713,972
608379,2021,B,-0.0035501798,1002
663399,2021,full,-0.002102325,213
663399,2021,A,-0.0018045809,113
663399,2021,B,-0.0024387755,100
592831,2021,full,-0.004818552,248
592831,2021,A,-0.004314408,165
592831,2021,B,-0.0058207656,83
425794,2021,full,-0.002210141,3057
425794,2021,A,-0.0028054148,1516
425794,2021,B,-0.0016245245,1541
592836,2021,full,-0.0029104254,2546
592836,2021,A,-0.002586682,1231
592836,2021,B,-0.0032134883,1315
681806,2021,full,-0.00086028513,483
681806,2021,A,0.0009668205,237
681806,2021,B,-0.0026205454,246
605521,2021,full,0.0010633379,338
605521,2021,A,0.0023274187,178
605521,2021,B,-0.0003429517,160
681810,2021,full,0.0015914192,286
681810,2021,A,0.0006026591,147
681810,2021,B,0.0026370862,139
657093,2021,full,-0.0042626252,960
657093,2021,A,-0.004969616,477
657093,2021,B,-0.0035644171,483
453265,2021,full,-0.0008450171,866
453265,2021,A,-0.00034880484,437
453265,2021,B,-0.0013504826,429
677960,2021,full,-0.0042421008,1617
677960,2021,A,-0.0047309026,822
677960,2021,B,-0.0037366988,795
596133,2021,full,0.0009792297,1109
596133,2021,A,0.0012272792,592
596133,2021,B,0.0006951965,517
657097,2021,full,0.0016388819,568
657097,2021,A,0.0014449748,262
657097,2021,B,0.0018049065,306
657277,2021,full,0.0016223788,2214
657277,2021,A,0.0025000833,1105
657277,2021,B,0.0007478402,1109
643778,2021,full,-0.011867294,392
643778,2021,A,-0.01324264,192
643778,2021,B,-0.010546964,200
543901,2021,full,-0.0013882071,160
543901,2021,A,-0.0011179412,110
543901,2021,B,-0.0019827913,50
607179,2021,full,-0.0018408464,134
607179,2021,A,-0.0026160658,91
607179,2021,B,-0.0002002665,43
622256,2021,full,0.00633663,93
622256,2021,A,0.0053236037,58
622256,2021,B,0.00801536,35
649144,2021,full,-0.0067111044,754
649144,2021,A,-0.0070082312,439
649144,2021,B,-0.006297013,315
669330,2021,full,0.002247616,894
669330,2021,A,0.0021837614,462
669330,2021,B,0.0023159052,432
605525,2021,full,-0.0006440558,749
605525,2021,A,-0.0010027456,397
605525,2021,B,-0.00023951093,352
554430,2021,full,0.00386061,3194
554430,2021,A,0.0038472912,1617
554430,2021,B,0.0038742672,1577
669952,2021,full,0.00067610067,762
669952,2021,A,0.0007945025,459
669952,2021,B,0.0004967391,303
676831,2021,full,-0.003962533,401
676831,2021,A,-0.005904913,211
676831,2021,B,-0.0018054697,190
676477,2021,full,0.005315336,1150
676477,2021,A,0.006088277,567
676477,2021,B,0.0045636073,583
592858,2021,full,-0.0027640145,400
592858,2021,A,-0.0034491324,220
592858,2021,B,-0.0019266483,180
642203,2021,full,7.0604234e-05,1217
642203,2021,A,-0.0005762541,657
642203,2021,B,0.0008295076,560
623364,2021,full,0.00011678244,293
623364,2021,A,0.0017608122,198
623364,2021,B,-0.0033097216,95
642207,2021,full,0.009668531,976
642207,2021,A,0.009268603,482
642207,2021,B,0.010058745,494
592865,2021,full,-0.004078615,219
592865,2021,A,-0.0037239532,125
592865,2021,B,-0.0045502395,94
592866,2021,full,-0.0018223042,1532
592866,2021,A,-0.0009459406,845
592866,2021,B,-0.0029002186,687
669060,2021,full,-0.003069768,1136
669060,2021,A,-0.0036966025,550
669060,2021,B,-0.0024814415,586
458677,2021,full,-0.0044993865,604
458677,2021,A,-0.0043266574,300
458677,2021,B,-0.0046698432,304
595465,2021,full,-0.004049497,787
595465,2021,A,-0.0044026272,400
595465,2021,B,-0.0036845047,387
605538,2021,full,0.0014775693,785
605538,2021,A,0.0020657557,411
605538,2021,B,0.00083119323,374
621295,2021,full,-0.006154439,1018
621295,2021,A,-0.0058230506,502
621295,2021,B,-0.006476836,516
592879,2021,full,-0.0014139214,83
592879,2021,A,-0.0014139214,83
622072,2021,full,-0.00097375776,2195
622072,2021,A,-0.0010559219,1115
622072,2021,B,-0.00088893087,1080
621056,2021,full,0.0054329927,66
621056,2021,A,0.00392764,36
621056,2021,B,0.007239414,30
663765,2021,full,-0.0037812288,1156
663765,2021,A,-0.0040439027,567
663765,2021,B,-0.0035283659,589
605540,2021,full,0.0047114757,2802
605540,2021,A,0.005030969,1412
605540,2021,B,0.004386926,1390
519443,2021,full,-0.00079220184,515
519443,2021,A,-0.0010229597,292
519443,2021,B,-0.0004900438,223
605541,2021,full,-0.0037693079,325
605541,2021,A,-0.0044805747,184
605541,2021,B,-0.0028411308,141
657140,2021,full,-0.00598622,133
657140,2021,A,-0.004975737,78
657140,2021,B,-0.0074192695,55
642851,2021,full,-0.025366263,6
642851,2021,A,-0.025366263,6
664337,2021,full,-0.001523041,239
664337,2021,A,-0.0009775577,132
664337,2021,B,-0.0021959732,107
657141,2021,full,-0.0049297605,111
657141,2021,A,-0.00039368216,38
657141,2021,B,-0.007291007,73
660365,2021,full,-0.0047301096,592
660365,2021,A,-0.004708308,333
660365,2021,B,-0.0047581405,259
642232,2021,full,-0.007252817,2480
642232,2021,A,-0.007989283,1182
642232,2021,B,-0.006582169,1298
642233,2021,full,0.006253346,315
642233,2021,A,0.0051952396,164
642233,2021,B,0.007402548,151
660623,2021,full,-0.00029229943,1482
660623,2021,A,0.0006244675,729
660623,2021,B,-0.0011798465,753
622065,2021,full,-0.009256494,912
622065,2021,A,-0.008197866,470
622065,2021,B,-0.010382184,442
623354,2021,full,0.0020803832,65
623354,2021,A,0.0034031868,44
623354,2021,B,-0.0006912065,21
672582,2021,full,-0.0017119978,68
672582,2021,A,-0.0017119978,68
643615,2021,full,-0.006146002,286
643615,2021,A,-0.0034718115,190
643615,2021,B,-0.011438672,96
622092,2021,full,-0.006533645,934
622092,2021,A,-0.0070245317,482
622092,2021,B,-0.0060101785,452
669145,2021,full,-0.004228861,1105
669145,2021,A,-0.0038098437,560
669145,2021,B,-0.0046594106,545
519455,2021,full,-0.0040010414,82
519455,2021,A,-0.004450056,56
519455,2021,B,-0.0030339328,26
676604,2021,full,-0.0021074591,506
676604,2021,A,-0.0018123466,274
676604,2021,B,-0.0024559975,232
676969,2021,full,-0.004587893,910
676969,2021,A,-0.0050835167,452
676969,2021,B,-0.004098762,458
594798,2021,full,0.009649774,1226
594798,2021,A,0.009284568,641
594798,2021,B,0.010049941,585
676265,2022,full,-0.0023153874,845
676265,2022,A,-0.0016024985,447
676265,2022,B,-0.003116044,398
656061,2022,full,0.0015417055,707
656061,2022,A,0.0027660888,361
656061,2022,B,0.00026424203,346
650556,2022,full,0.0073786466,1019
650556,2022,A,0.007834268,520
650556,2022,B,0.0069038495,499
642758,2022,full,-0.005507181,1005
642758,2022,A,-0.005006679,510
642758,2022,B,-0.006022849,495
592094,2022,full,0.002898479,942
592094,2022,A,0.0035975738,453
592094,2022,B,0.0022508516,489
613534,2022,full,-0.0051112473,48
613534,2022,A,-0.0032867186,24
613534,2022,B,-0.0069357757,24
672851,2022,full,-0.004612408,1200
672851,2022,A,-0.00511456,631
672851,2022,B,-0.0040555405,569
669211,2022,full,0.0018382489,1235
669211,2022,A,0.0019232192,644
669211,2022,B,0.0017456585,591
660896,2022,full,0.0021681814,40
660896,2022,A,0.008671746,13
660896,2022,B,-0.0009631642,27
645261,2022,full,0.0026950766,3241
645261,2022,A,0.0025054852,1604
645261,2022,B,0.0028808462,1637
669920,2022,full,-0.001963252,1160
669920,2022,A,-0.0023918485,552
669920,2022,B,-0.0015741317,608
518397,2022,full,-0.0067873797,214
518397,2022,A,-0.0073298663,116
518397,2022,B,-0.0061452533,98
641302,2022,full,-0.0029539387,1591
641302,2022,A,-0.0033232947,843
641302,2022,B,-0.002537672,748
669935,2022,full,-0.00634629,152
669935,2022,A,-0.00932916,95
669935,2022,B,-0.0013748411,57
663465,2022,full,-0.0032128422,299
663465,2022,A,-0.0039025038,160
663465,2022,B,-0.0024189868,139
682027,2022,full,0.004151182,16
682027,2022,A,0.004151182,16
663531,2022,full,-0.005847423,164
663531,2022,A,-0.003783776,89
663531,2022,B,-0.008296282,75
622075,2022,full,0.009593136,466
622075,2022,A,0.009737428,254
622075,2022,B,0.009420258,212
621237,2022,full,0.006078154,881
621237,2022,A,0.0063920054,467
621237,2022,B,0.0057241237,414
501625,2022,full,-0.0034091948,273
501625,2022,A,-0.004891905,175
501625,2022,B,-0.0007614976,98
571439,2022,full,-0.0063813305,51
571439,2022,A,-0.0063813305,51
640470,2022,full,-0.0004531981,193
640470,2022,A,0.0016960369,115
640470,2022,B,-0.0036219424,78
502624,2022,full,-0.0039168745,493
502624,2022,A,-0.005951822,264
502624,2022,B,-0.0015709095,229
666120,2022,full,-0.0035976237,1998
666120,2022,A,-0.0032641827,962
666120,2022,B,-0.0039072474,1036
641312,2022,full,0.007859113,21
641312,2022,A,0.007859113,21
542881,2022,full,-0.002983057,2575
542881,2022,A,-0.0024258406,1251
542881,2022,B,-0.0035095506,1324
571446,2022,full,-0.008294278,149
571446,2022,A,-0.00802535,68
571446,2022,B,-0.008520044,81
644364,2022,full,0.0017295891,677
644364,2022,A,0.0009728713,348
644364,2022,B,0.002530008,329
502042,2022,full,-0.0023470698,1787
502042,2022,A,-0.0023183548,909
502042,2022,B,-0.0023767992,878
685503,2022,full,-0.0009704342,390
685503,2022,A,-0.001394888,278
685503,2022,B,8.312044e-05,112
542888,2022,full,0.004724938,1047
542888,2022,A,0.0035927542,506
542888,2022,B,0.0057838745,541
676879,2022,full,0.00206216,1876
676879,2022,A,0.0009953105,1033
676879,2022,B,0.003369462,843
668933,2022,full,0.0022150828,1654
668933,2022,A,0.0032938346,860
668933,2022,B,0.0010466612,794
665871,2022,full,-0.0009566066,690
665871,2022,A,-0.0024828769,379
665871,2022,B,0.00090338226,311
658648,2022,full,-0.000795476,70
658648,2022,A,-0.0021174788,16
658648,2022,B,-0.00040377144,54
673258,2022,full,-0.0065429257,25
673258,2022,A,0.0073691555,12
673258,2022,B,-0.019384848,13
641329,2022,full,0.003959388,1181
641329,2022,A,0.0050033173,576
641329,2022,B,0.002965499,605
607455,2022,full,-0.003080722,551
607455,2022,A,-0.0035180838,293
607455,2022,B,-0.002584028,258
621383,2022,full,3.869378e-05,897
621383,2022,A,2.9840478e-05,462
621383,2022,B,4.8096503e-05,435
544365,2022,full,-0.0031278632,718
544365,2022,A,-0.002801396,359
544365,2022,B,-0.0034543301,359
453268,2022,full,0.0043044505,953
453268,2022,A,0.002397021,478
453268,2022,B,0.0062239263,475
572703,2022,full,0.0058694044,241
572703,2022,A,0.0063758628,144
572703,2022,B,0.005117548,97
673316,2022,full,-0.00054169324,54
673316,2022,A,-0.0004183282,32
673316,2022,B,-0.0007211334,22
669618,2022,full,0.0026667493,553
669618,2022,A,0.0023719976,292
669618,2022,B,0.0029965097,261
605130,2022,full,0.002015117,1198
605130,2022,A,0.0019426693,604
605130,2022,B,0.0019682595,575
606930,2022,full,0.0029242607,361
606930,2022,A,0.0011561298,187
606930,2022,B,0.0048244935,174
598264,2022,full,-0.0009841378,693
598264,2022,A,-0.0007362698,350
598264,2022,B,-0.0012370641,343
607457,2022,full,-0.0008389982,139
607457,2022,A,-0.002400716,73
607457,2022,B,0.0008883564,66
642545,2022,full,-0.0019972497,1123
642545,2022,A,-0.0022339572,595
642545,2022,B,-0.001730506,528
542914,2022,full,0.0030917744,986
542914,2022,A,0.0023851967,467
542914,2022,B,0.0037275578,519
605135,2022,full,0.0006704678,2884
605135,2022,A,0.0016415772,1479
605135,2022,B,-0.00035178917,1405
657508,2022,full,-0.0038686276,579
657508,2022,A,-0.0038069198,302
657508,2022,B,-0.003935906,277
642585,2022,full,0.008238915,994
642585,2022,A,0.009567348,487
642585,2022,B,0.0069628856,507
669358,2022,full,0.0040722126,444
669358,2022,A,0.0045999093,220
669358,2022,B,0.0035539386,224
660825,2022,full,0.0020343321,236
660825,2022,A,0.0018783167,141
660825,2022,B,0.0022658915,95
676886,2022,full,0.004849815,271
676886,2022,A,0.008485998,145
676886,2022,B,0.00066531874,126
670280,2022,full,0.004099211,842
670280,2022,A,0.004063164,441
670280,2022,B,0.004138854,401
595881,2022,full,0.0003408345,1072
595881,2022,A,-5.5272517e-06,573
595881,2022,B,0.0007385607,499
656222,2022,full,-0.0014746091,999
656222,2022,A,-0.0028896509,514
656222,2022,B,2.504372e-05,485
571479,2022,full,0.000655066,963
571479,2022,A,-0.000260143,527
571479,2022,B,0.0017612933,436
678394,2022,full,0.0017172414,997
678394,2022,A,0.0010545751,507
678394,2022,B,0.002402898,490
669622,2022,full,0.0046035396,274
669622,2022,A,0.0058869775,142
669622,2022,B,0.003222871,132
657514,2022,full,0.0004731474,41
657514,2022,A,0.0060352813,6
657514,2022,B,-0.00048036122,35
621244,2022,full,0.0037183913,2721
621244,2022,A,0.0039989403,1344
621244,2022,B,0.0034445657,1377
641360,2022,full,0.0061570285,990
641360,2022,A,0.0066459444,468
641360,2022,B,0.005718691,522
669456,2022,full,-0.0014538473,2874
669456,2022,A,-0.0013555214,1483
669456,2022,B,-0.0015586761,1391
656232,2022,full,-0.0007073432,226
656232,2022,A,-0.0006760393,138
656232,2022,B,-0.00075643306,88
656234,2022,full,-0.00379181,745
656234,2022,A,-0.0032962624,363
656234,2022,B,-0.00426271,382
621389,2022,full,-0.008148825,674
621389,2022,A,-0.00925696,322
621389,2022,B,-0.0071351323,352
621112,2022,full,-0.0014284092,1762
621112,2022,A,-0.0014786215,889
621112,2022,B,-0.0013772763,873
669854,2022,full,0.00047990115,120
669854,2022,A,-0.00031582295,74
669854,2022,B,0.0017599781,46
542947,2022,full,-0.0012355818,768
542947,2022,A,-0.0015358272,376
542947,2022,B,-0.00094759115,392
671790,2022,full,-0.0042176205,332
671790,2022,A,-0.00353061,184
671790,2022,B,-0.0050717415,148
621366,2022,full,-0.0039202645,415
621366,2022,A,-0.0029452906,217
621366,2022,B,-0.004988797,198
502202,2022,full,-0.0001701171,1090
502202,2022,A,0.00029285188,515
502202,2022,B,-0.0005847761,575
571510,2022,full,-0.00012757577,192
571510,2022,A,-0.0009117764,94
571510,2022,B,0.0006246168,98
611093,2022,full,-0.0018002006,65
611093,2022,A,-0.0032327936,53
611093,2022,B,0.004527082,12
680694,2022,full,0.0046888916,1993
680694,2022,A,0.0051035015,1077
680694,2022,B,0.0042014094,916
605151,2022,full,-0.0041735745,305
605151,2022,A,-0.006045656,149
605151,2022,B,-0.00256844,136
666374,2022,full,0.0066448767,931
666374,2022,A,0.0064212508,526
666374,2022,B,0.006935314,405
518489,2022,full,0.002777357,985
518489,2022,A,0.0024549952,477
518489,2022,B,0.0030800472,508
643230,2022,full,-0.0010883585,157
643230,2022,A,-0.0019588845,72
643230,2022,B,-0.00035097153,85
623211,2022,full,0.003426579,631
623211,2022,A,0.0028465036,316
623211,2022,B,0.0040084957,315
605154,2022,full,0.004803331,1091
605154,2022,A,0.0040497826,560
605154,2022,B,0.0055980333,531
641394,2022,full,-0.00023034759,160
641394,2022,A,-0.003912502,80
641394,2022,B,0.003451807,80
592169,2022,full,-0.0054646563,106
592169,2022,A,-0.0045773634,47
592169,2022,B,-0.0061714826,59
689225,2022,full,0.0019886426,1287
689225,2022,A,0.002288645,669
689225,2022,B,0.001663883,618
656257,2022,full,0.0050410233,419
656257,2022,A,0.005227642,250
656257,2022,B,0.0047649588,169
502154,2022,full,-0.00964354,39
502154,2022,A,-0.004653033,28
502154,2022,B,-0.022346647,11
641401,2022,full,0.004925699,710
641401,2022,A,0.0033125945,394
641401,2022,B,0.006936976,316
605156,2022,full,-0.0014794884,154
605156,2022,A,-0.0007224909,123
605156,2022,B,-0.004483059,31
686613,2022,full,0.0028990535,309
686613,2022,A,0.0017480622,189
686613,2022,B,0.0047118645,120
664141,2022,full,-0.00021999466,2380
664141,2022,A,0.00044742666,1182
664141,2022,B,-0.00087850203,1198
677865,2022,full,0.00019855624,341
677865,2022,A,-0.0011080875,205
677865,2022,B,0.0021681297,136
663460,2022,full,-0.004100317,2262
663460,2022,A,-0.0041139196,1121
663460,2022,B,-0.004086953,1141
621111,2022,full,0.00052699586,1046
621111,2022,A,-0.00019980542,488
621111,2022,B,0.0011626215,558
518516,2022,full,-0.0012983896,2715
518516,2022,A,-0.0017284137,1391
518516,2022,B,-0.0008466053,1324
607481,2022,full,-0.00093004963,457
607481,2022,A,0.0005042001,223
607481,2022,B,-0.0022968776,234
605164,2022,full,0.001309414,2180
605164,2022,A,0.0007189718,1175
605164,2022,B,0.001999732,1005
656271,2022,full,-0.0026642287,1330
656271,2022,A,-0.0028883454,682
656271,2022,B,-0.0024283528,648
669203,2022,full,0.008040455,3272
669203,2022,A,0.0077634063,1623
669203,2022,B,0.008313137,1649
621114,2022,full,0.0012440943,149
621114,2022,A,0.003017877,76
621114,2022,B,-0.0006025829,73
456713,2022,full,0.0034078332,909
456713,2022,A,0.004194238,449
456713,2022,B,0.002640233,460
676130,2022,full,-0.00023562492,98
676130,2022,A,-0.00023562492,98
520980,2022,full,-0.0063632904,71
520980,2022,A,-0.006618815,40
520980,2022,B,-0.00603358,31
665795,2022,full,-0.0009534828,1215
665795,2022,A,-0.00082276034,627
665795,2022,B,-0.0010928754,588
650893,2022,full,-0.0010304071,736
650893,2022,A,-0.0019288785,380
650893,2022,B,-7.136484e-05,356
666974,2022,full,-0.003777308,394
666974,2022,A,-0.0037794143,209
666974,2022,B,-0.0037749284,185
656290,2022,full,-0.0019931977,120
656290,2022,A,-0.0013174443,63
656290,2022,B,-0.0027400826,57
471911,2022,full,0.0007744645,2412
471911,2022,A,0.0017422732,1259
471911,2022,B,-0.00028231888,1153
641447,2022,full,-0.0017885484,577
641447,2022,A,-0.0015608987,258
641447,2022,B,-0.0019726662,319
624418,2022,full,0.0063575744,45
624418,2022,A,0.009100359,22
624418,2022,B,0.0037340412,23
528748,2022,full,-0.004733807,748
528748,2022,A,-0.0048848446,377
528748,2022,B,-0.0045803273,371
620454,2022,full,0.0043978975,16
620454,2022,A,0.0043978975,16
622491,2022,full,0.0033941763,2506
622491,2022,A,0.004645246,1290
622491,2022,B,0.002066973,1216
622379,2022,full,0.0017864532,60
622379,2022,A,0.0030038238,43
622379,2022,B,-0.0012927786,17
666721,2022,full,-0.004217253,697
666721,2022,A,-0.0025840085,286
666721,2022,B,-0.005353769,411
621593,2022,full,0.004571137,260
621593,2022,A,0.004280121,106
621593,2022,B,0.004771447,154
665645,2022,full,0.00042650703,204
665645,2022,A,0.00037809208,90
665645,2022,B,0.0004647286,114
612434,2022,full,0.009526119,512
612434,2022,A,0.009297529,288
612434,2022,B,0.00982002,224
676917,2022,full,0.0013205176,99
676917,2022,A,0.0013205176,99
656302,2022,full,0.006941475,3120
656302,2022,A,0.0068361433,1516
656302,2022,B,0.0070410287,1604
570666,2022,full,-0.002342423,1221
570666,2022,A,-0.0031765848,586
570666,2022,B,-0.0015726294,635
468504,2022,full,-0.0012354193,786
468504,2022,A,-0.00047469986,426
468504,2022,B,-0.0021356037,360
605177,2022,full,-0.008138441,899
605177,2022,A,-0.008008599,485
605177,2022,B,-0.00829055,414
644374,2022,full,-0.056617644,2
644374,2022,B,-0.056617644,2
547973,2022,full,0.0028157367,679
547973,2022,A,0.0043954,360
547973,2022,B,0.0010330448,319
608638,2022,full,0.0011580328,334
608638,2022,A,0.0018736626,180
608638,2022,B,0.00032158275,154
445926,2022,full,0.0010435587,1201
445926,2022,A,0.0006617631,652
445926,2022,B,0.0014969844,549
630023,2022,full,-0.0031053186,100
630023,2022,A,-0.0037576924,53
630023,2022,B,-0.0023696634,47
643256,2022,full,-0.006068324,1043
643256,2022,A,-0.005897247,481
643256,2022,B,-0.006214745,562
518553,2022,full,0.0007782553,1175
518553,2022,A,0.0009729983,625
518553,2022,B,0.0005569563,550
542585,2022,full,-0.0024949652,430
542585,2022,A,-0.0037819557,239
542585,2022,B,-0.0008845434,191
650644,2022,full,0.00043509688,1564
650644,2022,A,0.00076932675,806
650644,2022,B,7.970163e-05,758
664199,2022,full,0.0032512194,859
664199,2022,A,0.0030461545,424
664199,2022,B,0.0034510987,435
661403,2022,full,0.01750555,921
661403,2022,A,0.0180745,456
661403,2022,B,0.016947616,465
592222,2022,full,-0.0033030321,50
592222,2022,A,-0.0038947354,38
592222,2022,B,-0.0014293053,12
621348,2022,full,-0.00724939,100
621348,2022,A,-0.0029722853,58
621348,2022,B,-0.013155867,42
664076,2022,full,0.0011242926,346
664076,2022,A,0.001694555,192
664076,2022,B,0.00041331587,154
676391,2022,full,-0.098368324,10
676391,2022,A,-0.12593523,5
676391,2022,B,-0.07080142,5
605182,2022,full,0.0011321658,1925
605182,2022,A,0.0011906177,978
605182,2022,B,0.0010718004,947
461325,2022,full,-0.011263622,113
461325,2022,A,-0.010121997,60
461325,2022,B,-0.012556026,53
502171,2022,full,0.0027209625,2418
502171,2022,A,0.0015219806,1201
502171,2022,B,0.0039041813,1217
543037,2022,full,0.006830823,3274
543037,2022,A,0.0068107946,1647
543037,2022,B,0.006851097,1627
669395,2022,full,0.005948347,1205
669395,2022,A,0.005835783,603
669395,2022,B,0.0060610976,602
517008,2022,full,-0.0066516367,803
517008,2022,A,-0.007991422,396
517008,2022,B,-0.005427213,381
672710,2022,full,-0.0007241229,1587
672710,2022,A,-0.0012784009,797
672710,2022,B,-0.00016493382,790
656322,2022,full,0.0011790815,236
656322,2022,A,0.0013696282,103
656322,2022,B,0.0010315146,133
571578,2022,full,-0.0072831833,2623
571578,2022,A,-0.007315634,1381
571578,2022,B,-0.007247101,1242
641482,2022,full,-0.0012635308,2463
641482,2022,A,-0.0010939097,1235
641482,2022,B,-0.0014341186,1228
605194,2022,full,0.0023801532,741
605194,2022,A,0.00346715,397
605194,2022,B,0.0011256831,344
543056,2022,full,-0.0064317062,230
543056,2022,A,-0.004559059,116
543056,2022,B,-0.008337206,114
664776,2022,full,0.006252165,267
664776,2022,A,0.0060879593,123
664776,2022,B,0.0063924245,144
676710,2022,full,0.0019257588,1296
676710,2022,A,0.0019496629,637
676710,2022,B,0.0019026522,659
605195,2022,full,0.0047265314,279
605195,2022,A,0.006189704,118
605195,2022,B,0.0036541442,161
622503,2022,full,0.00068393775,1061
622503,2022,A,0.00063741027,525
622503,2022,B,0.00072951027,536
681867,2022,full,0.004972939,45
681867,2022,A,0.004972939,45
640444,2022,full,0.0036483123,1380
640444,2022,A,0.003961125,703
640444,2022,B,0.003323486,677
518585,2022,full,0.0027561265,260
518585,2022,A,0.0026336762,124
518585,2022,B,0.0028677722,136
672911,2022,full,0.0003677271,163
672911,2022,A,-0.00039034797,112
672911,2022,B,0.0020325196,51
621016,2022,full,-0.0014729011,687
621016,2022,A,-0.0010758091,354
621016,2022,B,-0.001346949,307
456501,2022,full,-0.0010829759,2372
456501,2022,A,-0.0011824686,1234
456501,2022,B,-0.00097508996,1138
518586,2022,full,-0.0517268,2
518586,2022,A,-0.04219163,1
518586,2022,B,-0.06126197,1
675540,2022,full,-0.0001529522,165
675540,2022,A,0.0037091044,72
675540,2022,B,-0.0031429315,93
664202,2022,full,0.0032429786,224
664202,2022,A,0.0034630275,123
664202,2022,B,0.0029749994,101
641501,2022,full,0.004406397,664
641501,2022,A,0.003694778,354
641501,2022,B,0.0052190204,310
506433,2022,full,0.0029938554,2970
506433,2022,A,0.0028707678,1508
506433,2022,B,0.0031208156,1462
656353,2022,full,-0.0004016044,911
656353,2022,A,0.00032234116,472
656353,2022,B,-0.0011799695,439
605200,2022,full,-0.005439866,2291
605200,2022,A,-0.0057626413,1176
605200,2022,B,-0.0050994316,1115
656354,2022,full,-0.0010477662,1118
656354,2022,A,-0.00089562393,575
656354,2022,B,-0.0012088743,543
663562,2022,full,0.0025221356,32
663562,2022,A,0.0025221356,32
669804,2022,full,0.0011609329,192
669804,2022,A,-7.494662e-05,102
669804,2022,B,0.0025615962,90
608328,2022,full,-0.002925311,1174
608328,2022,A,-0.00370486,591
608328,2022,B,-0.0021350645,583
660853,2022,full,0.0016304275,832
660853,2022,A,0.0018445973,414
660853,2022,B,0.0014183073,418
660787,2022,full,-0.0015086888,449
660787,2022,A,-0.0009202447,245
660787,2022,B,-0.0022153982,204
543101,2022,full,-0.003926083,329
543101,2022,A,-0.0034424232,210
543101,2022,B,-0.0047796,119
571616,2022,full,-0.013839812,26
571616,2022,A,-0.013839812,26
672282,2022,full,-0.0011856428,2181
672282,2022,A,-0.0005763889,1097
672282,2022,B,-0.001802203,1084
446321,2022,full,-0.0023783115,465
446321,2022,A,-0.0032015033,243
446321,2022,B,-0.0014772504,222
606965,2022,full,0.0017537618,241
606965,2022,A,0.002386235,128
606965,2022,B,0.0010373322,113
670426,2022,full,0.0028420836,120
670426,2022,A,0.004247828,76
670426,2022,B,0.00041397868,44
518617,2022,full,0.0013350229,1172
518617,2022,A,0.0005681981,578
518617,2022,B,0.0020811926,594
650959,2022,full,-0.0014848098,122
650959,2022,A,-0.00042047285,68
650959,2022,B,-0.0028250862,54
622554,2022,full,0.0040588346,823
622554,2022,A,0.0035311081,435
622554,2022,B,0.0046504876,388
448281,2022,full,-0.0023793774,55
448281,2022,A,-0.001178323,23
448281,2022,B,-0.0032426352,32
666808,2022,full,0.009568753,1121
666808,2022,A,0.009907632,590
666808,2022,B,0.009192222,531
664871,2022,full,0.0008913723,95
664871,2022,A,-0.0006332361,41
664871,2022,B,0.002048945,54
641531,2022,full,-0.048910026,23
641531,2022,A,-0.048910026,23
650960,2022,full,0.0043549715,77
650960,2022,A,0.003615137,46
650960,2022,B,0.0054527917,31
608648,2022,full,0.0026046566,725
608648,2022,A,0.0029849322,340
608648,2022,B,0.0022688287,385
667498,2022,full,-0.004173191,284
667498,2022,A,-0.0029774555,152
667498,2022,B,-0.005550097,132
643290,2022,full,-0.0028822683,468
643290,2022,A,-0.0025091723,295
643290,2022,B,-0.003518471,173
641540,2022,full,-0.0029225193,2547
641540,2022,A,-0.0021141274,1344
641540,2022,B,-0.003825661,1203
661395,2022,full,0.010138593,1023
661395,2022,A,0.009976238,531
661395,2022,B,0.010313815,492
663975,2022,full,-0.008656787,16
663975,2022,A,-0.008656787,16
664747,2022,full,0.005129889,1026
664747,2022,A,0.0062778792,503
664747,2022,B,0.004025799,523
621242,2022,full,0.012037999,922
621242,2022,A,0.011984627,530
621242,2022,B,0.012110161,392
646242,2022,full,-0.0037669993,236
646242,2022,A,-0.0028004686,120
646242,2022,B,-0.00476686,116
622766,2022,full,0.004656781,56
622766,2022,A,0.0039417944,42
622766,2022,B,0.0068017403,14
605218,2022,full,0.00339702,1012
605218,2022,A,0.0034751813,550
605218,2022,B,0.003762569,432
664123,2022,full,0.0017778408,814
664123,2022,A,0.0010590233,388
664123,2022,B,0.0021244914,407
621107,2022,full,-0.0004319428,1192
621107,2022,A,-0.00079034094,658
621107,2022,B,9.678834e-06,534
595191,2022,full,-0.0052949265,83
595191,2022,A,-0.0052949265,83
693821,2022,full,-0.0028400416,873
693821,2022,A,-0.0031340572,420
693821,2022,B,-0.0025674445,453
595939,2022,full,-0.0013726578,83
595939,2022,A,0.0005444684,62
595939,2022,B,-0.007032744,21
606273,2022,full,-0.00088111416,114
606273,2022,A,-0.0002330865,66
606273,2022,B,-0.0017721524,48
543135,2022,full,0.004640326,1739
543135,2022,A,0.004288072,902
543135,2022,B,0.0050199353,837
572362,2022,full,-0.008157671,40
572362,2022,A,-0.009296749,22
572362,2022,B,-0.0067654643,18
444876,2022,full,-0.08233734,12
444876,2022,A,-0.08032737,6
444876,2022,B,-0.084347315,6
642659,2022,full,-0.0018528823,76
642659,2022,A,-0.0033877525,32
642659,2022,B,-0.0007366134,44
502179,2022,full,-0.00010580948,1873
502179,2022,A,-0.00029083545,970
502179,2022,B,9.294498e-05,903
659262,2022,full,-0.01119421,319
659262,2022,A,-0.011637995,217
659262,2022,B,-0.010250078,102
669093,2022,full,0.007631903,117
669093,2022,A,0.008934089,81
669093,2022,B,0.004701985,36
608032,2022,full,0.0024807556,1021
608032,2022,A,0.0028520008,480
608032,2022,B,0.0015353226,519
656412,2022,full,-0.006408599,967
656412,2022,A,-0.0059238714,494
656412,2022,B,-0.0069148475,473
664126,2022,full,0.015643207,352
664126,2022,A,0.016739031,164
664126,2022,B,0.014687276,188
663559,2022,full,-0.0006810596,1295
663559,2022,A,-0.00062002393,667
663559,2022,B,-0.0007458858,628
544727,2022,full,-0.004032253,817
544727,2022,A,-0.0028000185,407
544727,2022,B,-0.0052554705,410
571656,2022,full,0.0017660705,829
571656,2022,A,0.0018032106,377
571656,2022,B,0.0017350925,452
608652,2022,full,-0.004847211,285
608652,2022,A,-0.0032543507,161
608652,2022,B,-0.0069153598,124
676534,2022,full,0.004287386,433
676534,2022,A,0.0031824403,217
676534,2022,B,0.005397447,216
607200,2022,full,-0.0039347094,2420
607200,2022,A,-0.004550278,1228
607200,2022,B,-0.0033005492,1192
593140,2022,full,0.0021441784,61
593140,2022,A,0.0021441784,61
663372,2022,full,-0.0040224604,1675
663372,2022,A,-0.0042923554,858
663372,2022,B,-0.0037390208,817
657571,2022,full,0.0011642982,580
657571,2022,A,0.0011067671,293
657571,2022,B,0.0012230322,287
658551,2022,full,0.0049432525,333
658551,2022,A,0.005264168,165
658551,2022,B,0.004628067,168
670036,2022,full,0.006789243,897
670036,2022,A,0.005866632,458
670036,2022,B,0.0077517848,439
656420,2022,full,0.0026068343,344
656420,2022,A,0.0027829728,187
656420,2022,B,0.0023970387,157
640448,2022,full,0.00056579313,1052
640448,2022,A,0.0009990449,496
640448,2022,B,0.0005358631,495
688010,2022,full,-0.00046231574,50
688010,2022,A,-0.00046231574,50
670288,2022,full,-0.0005513122,171
670288,2022,A,0.0011694701,115
670288,2022,B,-0.0040850616,56
656427,2022,full,0.000273904,662
656427,2022,A,0.001918038,314
656427,2022,B,-0.0012095963,348
676596,2022,full,-0.00061321125,662
676596,2022,A,-0.0014524315,327
676596,2022,B,0.00020596768,335
667465,2022,full,-0.003946815,173
667465,2022,A,-0.0035420973,99
667465,2022,B,-0.004488262,74
623167,2022,full,-0.0026944447,2203
623167,2022,A,-0.002676618,1193
623167,2022,B,-0.0027155012,1010
571670,2022,full,0.0039273477,861
571670,2022,A,0.0047265,441
571670,2022,B,0.0030882384,420
671345,2022,full,0.0024551793,961
671345,2022,A,0.0013970591,484
671345,2022,B,0.0035288285,477
641582,2022,full,0.0009664786,768
641582,2022,A,1.24105945e-05,381
641582,2022,B,0.0019057549,387
670102,2022,full,-0.00687146,9
670102,2022,A,-0.00687146,9
607536,2022,full,-0.007061785,2837
607536,2022,A,-0.007015127,1433
607536,2022,B,-0.007109407,1404
608331,2022,full,0.00018969161,2817
608331,2022,A,0.00042641076,1431
608331,2022,B,-5.471328e-05,1386
643316,2022,full,-0.000113462,232
643316,2022,A,0.00055275956,119
643316,2022,B,-0.00081505824,113
666818,2022,full,-0.0010492059,355
666818,2022,A,-0.0027943284,183
666818,2022,B,0.0008075238,172
605242,2022,full,-0.00027226555,1043
605242,2022,A,-0.00077342225,580
605242,2022,B,0.00035553332,463
683769,2022,full,0.0021168548,171
683769,2022,A,0.001709342,79
683769,2022,B,0.0024667846,92
657424,2022,full,-0.0025632216,187
657424,2022,A,-0.0036882693,82
657424,2022,B,-0.001684613,105
606149,2022,full,0.0017094385,988
606149,2022,A,0.0019548251,489
606149,2022,B,0.0014689693,499
668678,2022,full,0.004300495,2935
668678,2022,A,0.0034643728,1470
668678,2022,B,0.0051394706,1465
650530,2022,full,-0.0015103632,316
650530,2022,A,0.00040386483,156
650530,2022,B,-0.0033767358,160
677651,2022,full,-0.0032710608,2468
677651,2022,A,-0.0027689445,1202
677651,2022,B,-0.0037477938,1266
670329,2022,full,-0.0029229764,136
670329,2022,A,-0.0032774317,63
670329,2022,B,-0.0026170767,73
606424,2022,full,-0.002593186,1015
606424,2022,A,-0.0016688559,519
606424,2022,B,-0.0035603787,496
472610,2022,full,0.0075170016,966
472610,2022,A,0.007871002,426
472610,2022,B,0.0072377347,540
665621,2022,full,0.0020393953,884
665621,2022,A,0.0028251803,425
665621,2022,B,0.001311817,459
554340,2022,full,0.0018168499,1039
554340,2022,A,0.0011016313,508
554340,2022,B,0.0025010891,531
607237,2022,full,-0.0036291683,804
607237,2022,A,-0.003855048,413
607237,2022,B,-0.0033905793,391
666129,2022,full,-0.0027634914,1436
666129,2022,A,-0.002560808,764
666129,2022,B,-0.002993923,672
657585,2022,full,-0.0022223492,196
657585,2022,A,-0.0013037069,114
657585,2022,B,-0.0034994865,82
621248,2022,full,-0.010861993,514
621248,2022,A,-0.012611601,219
621248,2022,B,-0.009563131,295
592332,2022,full,0.0054329988,2783
592332,2022,A,0.005269665,1402
592332,2022,B,0.005598816,1381
681464,2022,full,0.0005631127,84
681464,2022,A,0.0004314119,64
681464,2022,B,0.0009845545,20
593334,2022,full,0.001766279,1081
593334,2022,A,0.00089139293,558
593334,2022,B,0.002699714,523
664139,2022,full,0.0044357376,678
664139,2022,A,0.004224686,311
664139,2022,B,0.004614585,367
502043,2022,full,-0.0026778963,2739
502043,2022,A,-0.0029134082,1361
502043,2022,B,-0.0024452894,1378
661563,2022,full,0.003960647,83
661563,2022,A,0.003960647,83
669302,2022,full,0.0011868428,3015
669302,2022,A,0.0008685896,1474
669302,2022,B,0.0014912589,1541
656457,2022,full,-0.010722216,564
656457,2022,A,-0.010846196,307
656457,2022,B,-0.010574117,257
656458,2022,full,0.0016426884,796
656458,2022,A,0.00024191392,387
656458,2022,B,0.0029681155,409
571704,2022,full,-0.0034044203,67
571704,2022,A,0.0005318094,36
571704,2022,B,-0.007975524,31
670810,2022,full,-0.0022740017,262
670810,2022,A,-0.0023796493,135
670810,2022,B,-0.0021617005,127
656464,2022,full,-0.00054074626,479
656464,2022,A,-0.00048047554,226
656464,2022,B,-0.00059458474,253
608337,2022,full,-0.0011650139,2752
608337,2022,A,-0.0014747821,1357
608337,2022,B,-0.0008636835,1395
571710,2022,full,0.0027671028,1018
571710,2022,A,0.0020853449,502
571710,2022,B,0.003249422,492
607192,2022,full,0.009388387,114
607192,2022,A,0.013138282,50
607192,2022,B,0.0064587807,64
596295,2022,full,-0.0023410718,2059
596295,2022,A,-0.0017381117,1015
596295,2022,B,-0.0029272828,1044
664062,2022,full,-0.0016551558,2015
664062,2022,A,-0.0015756184,1007
664062,2022,B,-0.0017346143,1008
594835,2022,full,-0.0041360473,2836
594835,2022,A,-0.0039299917,1449
594835,2022,B,-0.0043513128,1387
503556,2022,full,-0.009631295,2
503556,2022,A,-0.009631295,2
592346,2022,full,-0.004622655,376
592346,2022,A,-0.0033589804,230
592346,2022,B,-0.0066133756,146
669022,2022,full,-0.00199903,1257
669022,2022,A,-0.0019083597,658
669022,2022,B,-0.0020986304,599
543238,2022,full,-0.0030033914,379
543238,2022,A,-0.0014444815,162
543238,2022,B,-0.0041671866,217
594838,2022,full,-0.045413435,5
594838,2022,A,-0.045413435,5
641627,2022,full,0.0018981046,761
641627,2022,A,0.00087825337,382
641627,2022,B,0.0029260286,379
623485,2022,full,-0.0059279758,375
623485,2022,A,-0.0056058792,168
623485,2022,B,-0.0061893873,207
660813,2022,full,0.010592925,675
660813,2022,A,0.0101574855,354
660813,2022,B,0.011073133,321
608665,2022,full,0.0033560179,1035
608665,2022,A,0.003033792,550
608665,2022,B,0.0037214288,485
592351,2022,full,-3.5028395e-05,2062
592351,2022,A,-0.0016096273,1008
592351,2022,B,0.0014708501,1054
680686,2022,full,0.0014191906,2587
680686,2022,A,0.0005737978,1296
680686,2022,B,0.0022678575,1291
543243,2022,full,0.0017038835,1866
543243,2022,A,0.0019804619,932
543243,2022,B,0.0014278977,934
643338,2022,full,0.0045671067,241
643338,2022,A,0.0023225513,138
643338,2022,B,0.0075743743,103
668881,2022,full,0.008989454,2200
668881,2022,A,0.008495549,1099
668881,2022,B,0.009482464,1101
572888,2022,full,-0.00044091642,50
572888,2022,A,-0.00068430085,26
572888,2022,B,-0.0001772504,24
425844,2022,full,-0.005031262,2272
425844,2022,A,-0.0045715473,1108
425844,2022,B,-0.00546886,1164
545341,2022,full,-0.06743363,10
545341,2022,A,-0.06743363,10
656492,2022,full,-0.0070700785,111
656492,2022,A,-0.011068529,34
656492,2022,B,-0.0053045303,77
518748,2022,full,-0.0011749075,277
518748,2022,A,-0.00067388196,154
518748,2022,B,-0.0018022078,123
675627,2022,full,0.000303017,472
675627,2022,A,-0.00082788186,304
675627,2022,B,0.002349406,168
607229,2022,full,-0.003457517,207
607229,2022,A,-0.0034839439,100
607229,2022,B,-0.0034328192,107
642770,2022,full,0.0029617695,329
642770,2022,A,-0.00012735224,181
642770,2022,B,0.006739681,148
594311,2022,full,0.0032202518,466
594311,2022,A,0.0026504523,266
594311,2022,B,0.003978085,200
661269,2022,full,-0.00056347484,684
661269,2022,A,0.00035013806,322
661269,2022,B,-0.0013761359,362
623352,2022,full,0.0087949885,943
623352,2022,A,0.009475396,420
623352,2022,B,0.008190335,494
669084,2022,full,0.004132415,269
669084,2022,A,0.0030958431,183
669084,2022,B,0.0063381433,86
641656,2022,full,0.0005251249,42
641656,2022,A,0.0005251249,42
543272,2022,full,-0.0043092035,816
543272,2022,A,-0.0046979273,445
543272,2022,B,-0.0038429454,371
640451,2022,full,0.0047104717,661
640451,2022,A,0.003502496,334
640451,2022,B,0.0059443056,327
641672,2022,full,0.0064246124,71
641672,2022,A,0.0064246124,71
545343,2022,full,0.0015928338,545
545343,2022,A,8.38727e-05,296
545343,2022,B,0.0033866186,249
571760,2022,full,0.0027488961,1230
571760,2022,A,0.0033492672,593
571760,2022,B,0.0021899948,637
621368,2022,full,-0.0028274509,1784
621368,2022,A,-0.0024474857,907
621368,2022,B,-0.0032204136,877
669169,2022,full,0.0005506176,1788
669169,2022,A,0.0013182717,912
669169,2022,B,-0.000248584,876
664854,2022,full,0.0071736486,962
664854,2022,A,0.0056795906,467
664854,2022,B,0.008583195,495
592390,2022,full,0.006347414,396
592390,2022,A,0.004681718,203
592390,2022,B,0.008099416,193
543294,2022,full,-0.009200547,1347
543294,2022,A,-0.008730993,720
543294,2022,B,-0.009739749,627
521230,2022,full,0.005394035,948
521230,2022,A,0.005804294,481
521230,2022,B,0.004971478,467
641682,2022,full,-0.0048060687,143
641682,2022,A,-0.004147428,69
641682,2022,B,-0.0054202066,74
678692,2022,full,-0.0017377224,181
678692,2022,A,-0.0023661328,113
678692,2022,B,-0.00069345237,68
674072,2022,full,-0.0070240507,773
674072,2022,A,-0.00792475,423
674072,2022,B,-0.005935489,350
656529,2022,full,-0.004749856,944
656529,2022,A,-0.0040747575,452
656529,2022,B,-0.005370068,492
623474,2022,full,0.0035640334,995
623474,2022,A,0.0028826823,492
623474,2022,B,0.0042304834,503
643361,2022,full,0.0025801423,111
643361,2022,A,0.0019754854,100
643361,2022,B,0.008077019,11
672578,2022,full,0.0023747229,1001
672578,2022,A,0.0016768514,497
672578,2022,B,0.003062902,504
650382,2022,full,0.0047796154,181
650382,2022,A,0.0047836574,90
650382,2022,B,0.0047756177,91
622694,2022,full,0.0009379732,1092
622694,2022,A,0.00012379923,540
622694,2022,B,0.0017344474,552
642546,2022,full,0.0036618093,511
642546,2022,A,0.0033250474,254
642546,2022,B,0.0039946404,257
663855,2022,full,0.0052839746,1051
663855,2022,A,0.0062725516,554
663855,2022,B,0.0041820193,497
682051,2022,full,-0.0034836056,1019
682051,2022,A,-0.0024964109,534
682051,2022,B,-0.0045705372,485
448179,2022,full,-0.0030698455,1970
448179,2022,A,-0.0024793602,999
448179,2022,B,-0.003677358,971
657612,2022,full,0.003573649,745
657612,2022,A,0.004243092,398
657612,2022,B,0.002805815,347
663546,2022,full,-0.0055175843,474
663546,2022,A,-0.0032255182,178
663546,2022,B,-0.0068959217,296
663773,2022,full,-0.0015489426,267
663773,2022,A,-0.0026612927,176
663773,2022,B,0.00060241536,91
656546,2022,full,-0.0028575326,846
656546,2022,A,-0.0029157787,429
656546,2022,B,-0.00279761,417
670059,2022,full,-0.0008406028,432
670059,2022,A,-0.0006496139,193
670059,2022,B,-0.0009948321,239
518813,2022,full,0.006306122,80
518813,2022,A,0.005179775,50
518813,2022,B,0.008183369,30
656548,2022,full,0.004562232,47
656548,2022,A,0.004562232,47
668970,2022,full,0.006768812,143
668970,2022,A,0.0054247193,90
668970,2022,B,0.009051233,53
605280,2022,full,0.0015651011,975
605280,2022,A,0.00040013768,476
605280,2022,B,0.002676369,499
663947,2022,full,-0.003039994,159
663947,2022,A,-0.004775556,71
663947,2022,B,-0.0016397112,88
656557,2022,full,0.006186584,918
656557,2022,A,0.0057228506,477
656557,2022,B,0.006688174,441
605288,2022,full,-0.00016521743,1847
605288,2022,A,-0.0006123479,852
605288,2022,B,0.00021765236,995
607572,2022,full,-0.008532913,58
607572,2022,A,-0.008496628,30
607572,2022,B,-0.008571791,28
675921,2022,full,-0.000464315,692
675921,2022,A,4.307762e-05,346
675921,2022,B,-0.0009717076,346
641712,2022,full,-0.010582937,2253
641712,2022,A,-0.0098044975,1204
641712,2022,B,-0.011476398,1049
543339,2022,full,0.0035459942,406
543339,2022,A,0.004822435,201
543339,2022,B,0.0022944594,205
676714,2022,full,0.0010254768,931
676714,2022,A,0.0007527452,507
676714,2022,B,0.0013515971,424
488984,2022,full,0.0002772319,349
488984,2022,A,0.0010816666,150
488984,2022,B,-0.00032912585,199
571800,2022,full,-0.0064341906,1759
571800,2022,A,-0.0059157363,877
571800,2022,B,-0.006949706,882
628452,2022,full,0.0039198464,979
628452,2022,A,0.0053794044,474
628452,2022,B,0.0023737617,483
608344,2022,full,-0.0046223532,2610
608344,2022,A,-0.0047226064,1316
608344,2022,B,-0.004520395,1294
656578,2022,full,0.005025871,156
656578,2022,A,0.008446443,72
656578,2022,B,0.0020939526,84
543351,2022,full,-0.00051835174,12
543351,2022,A,0.0035608103,6
543351,2022,B,-0.0045975135,6
667427,2022,full,-0.002456239,887
667427,2022,A,-0.0027738763,426
667427,2022,B,-0.0021627173,461
686753,2022,full,-0.0018651182,369
686753,2022,A,-0.0018229767,177
686753,2022,B,-0.0019039675,192
445276,2022,full,0.00782495,1000
445276,2022,A,0.007867581,492
445276,2022,B,0.0077836616,508
664299,2022,full,0.0024262064,2554
664299,2022,A,0.0023865323,1275
664299,2022,B,0.0024657573,1279
643377,2022,full,0.0067075314,1157
643377,2022,A,0.0063580167,614
643377,2022,B,0.007102747,543
641726,2022,full,-0.005547121,610
641726,2022,A,-0.005369424,309
641726,2022,B,-0.0057295416,301
666204,2022,full,-0.00011802892,539
666204,2022,A,9.4032264e-05,301
666204,2022,B,-0.0003862244,238
641729,2022,full,0.0077872747,937
641729,2022,A,0.008182107,467
641729,2022,B,0.007394962,470
572955,2022,full,0.00306384,280
572955,2022,A,0.002313795,152
572955,2022,B,0.0039545177,128
676103,2022,full,-0.005705587,104
676103,2022,A,-0.0046511446,50
676103,2022,B,-0.0066819233,54
596001,2022,full,-0.0017170929,1802
596001,2022,A,-0.00201859,958
596001,2022,B,-0.0013748726,844
676083,2022,full,0.0013660189,159
676083,2022,A,0.004190655,73
676083,2022,B,-0.0010316373,86
592454,2022,full,0.0005468495,174
592454,2022,A,0.0019880175,80
592454,2022,B,-0.00067967636,94
621076,2022,full,-0.0007983941,2229
621076,2022,A,-0.0014389611,1124
621076,2022,B,-0.00014681298,1105
675916,2022,full,0.003638882,703
675916,2022,A,0.003993455,356
675916,2022,B,0.0032751125,347
641743,2022,full,-0.0009651822,39
641743,2022,A,-0.0009651822,39
641745,2022,full,-0.0035044835,2275
641745,2022,A,-0.0032179083,1168
641745,2022,B,-0.0038068509,1107
656605,2022,full,7.156428e-05,2661
656605,2022,A,0.000464467,1334
656605,2022,B,-0.00032341082,1327
665001,2022,full,0.00041201842,460
665001,2022,A,0.00026809084,203
665001,2022,B,0.00052570394,257
523260,2022,full,0.006940253,703
523260,2022,A,0.009256289,339
523260,2022,B,0.0047832853,364
518876,2022,full,0.00032696695,3069
518876,2022,A,0.00027800509,1570
518876,2022,B,0.00037824785,1499
547184,2022,full,0.003009701,64
547184,2022,A,-0.0017617891,39
547184,2022,B,0.010453225,25
677161,2022,full,-0.00085028465,222
677161,2022,A,-0.00012876603,124
677161,2022,B,-0.0017632261,98
453178,2022,full,0.002918573,867
453178,2022,A,0.0025477884,426
453178,2022,B,0.0032767456,441
678061,2022,full,-0.0025954994,88
678061,2022,A,-0.0050544045,48
678061,2022,B,0.00035518743,40
477132,2022,full,0.0020036434,1842
477132,2022,A,0.001864618,924
477132,2022,B,0.0021435772,918
572971,2022,full,-0.009212186,1164
572971,2022,A,-0.009098068,636
572971,2022,B,-0.009349646,528
579328,2022,full,0.00042825934,1843
579328,2022,A,0.0017709123,992
579328,2022,B,-0.0011368546,851
668873,2022,full,-0.0074296524,235
668873,2022,A,-0.0067859655,149
668873,2022,B,-0.008544876,86
518886,2022,full,0.009573815,1077
518886,2022,A,0.009380349,552
518886,2022,B,0.009777231,525
667463,2022,full,-0.0037352752,749
667463,2022,A,-0.0029742774,386
667463,2022,B,-0.0045444905,363
650633,2022,full,0.007171037,768
650633,2022,A,0.0074133095,369
650633,2022,B,0.0069469814,399
641755,2022,full,-0.0028131565,375
641755,2022,A,-0.0039665145,223
641755,2022,B,-0.0011210594,152
669923,2022,full,0.0022335672,2092
669923,2022,A,0.0021973143,1090
669923,2022,B,0.0022730043,1002
552640,2022,full,0.006339412,233
552640,2022,A,0.0071252985,138
552640,2022,B,0.00519781,95
446372,2022,full,-0.00049355766,2454
446372,2022,A,-0.00054680294,1259
446372,2022,B,-0.00043746084,1195
608349,2022,full,-0.0025669206,795
608349,2022,A,-0.0030762076,390
608349,2022,B,-0.002076496,405
663753,2022,full,-0.0015920842,242
663753,2022,A,-0.00056894025,126
663753,2022,B,-0.0027034301,116
643400,2022,full,0.0018785256,192
643400,2022,A,0.00062257913,97
643400,2022,B,0.0031609123,95
571863,2022,full,0.0040353136,72
571863,2022,A,0.006771396,23
571863,2022,B,0.0027510303,49
657649,2022,full,-0.011088679,653
657649,2022,A,-0.010462067,362
657649,2022,B,-0.011868175,291
592473,2022,full,-0.0055803675,317
592473,2022,A,-0.0051688864,176
592473,2022,B,-0.006093988,141
656629,2022,full,0.0015033608,2006
656629,2022,A,0.0010194388,971
656629,2022,B,0.0019573593,1035
663804,2022,full,0.0038183618,311
663804,2022,A,-7.6213626e-05,164
663804,2022,B,0.00816333,147
668820,2022,full,-3.3297307e-05,76
668820,2022,A,0.0023827408,39
668820,2022,B,-0.0025799319,37
607216,2022,full,0.0014644231,977
607216,2022,A,0.00091125665,459
607216,2022,B,0.0019545841,518
665152,2022,full,-0.0025407542,1947
665152,2022,A,-0.0035302353,984
665152,2022,B,-0.0015296957,963
641771,2022,full,-0.003971742,2371
641771,2022,A,-0.0040821033,1189
641771,2022,B,-0.003860727,1182
669270,2022,full,0.0021078386,900
669270,2022,A,0.0014008927,448
669270,2022,B,0.0028085285,452
607609,2022,full,0.0027198796,41
607609,2022,A,0.0027198796,41
664042,2022,full,0.0015052506,208
664042,2022,A,0.003303086,123
664042,2022,B,-0.001096323,85
669424,2022,full,-0.0013934593,812
669424,2022,A,-0.0025473614,376
669424,2022,B,-0.0003983511,436
659275,2022,full,-0.004374894,583
659275,2022,A,-0.0044618016,279
659275,2022,B,-0.0042951335,304
656638,2022,full,0.0040369025,1046
656638,2022,A,0.0045259357,546
656638,2022,B,0.003502878,500
641778,2022,full,-0.0034020355,2668
641778,2022,A,-0.0035005824,1390
641778,2022,B,-0.0032948523,1278
571882,2022,full,-0.0017207429,352
571882,2022,A,0.00017854643,210
571882,2022,B,-0.0045295507,142
596271,2022,full,0.000776451,297
596271,2022,A,0.0010423142,132
596271,2022,B,0.0005637605,165
664875,2022,full,0.005185124,762
664875,2022,A,0.005362768,362
664875,2022,B,0.0050243563,400
600917,2022,full,0.0027767066,782
600917,2022,A,0.0022902603,425
600917,2022,B,0.003355809,357
669276,2022,full,-0.0011325232,754
669276,2022,A,-0.0023653326,405
669276,2022,B,0.0002981009,349
681885,2022,full,-0.0053028637,165
681885,2022,A,-0.0023311132,108
681885,2022,B,-0.010933549,57
643410,2022,full,-0.0023563127,1086
643410,2022,A,-0.0011348847,530
643410,2022,B,-0.0035206238,556
621082,2022,full,-0.007738743,298
621082,2022,A,-0.0063648676,150
621082,2022,B,-0.009131184,148
608678,2022,full,0.0013079608,826
608678,2022,A,0.0008082848,402
608678,2022,B,0.0017817104,424
669461,2022,full,-0.0057857293,649
669461,2022,A,-0.0050557023,373
669461,2022,B,-0.006772324,276
641793,2022,full,0.00022437752,758
641793,2022,A,-0.00010858593,368
641793,2022,B,0.0005385586,390
663893,2022,full,-0.011617885,22
663893,2022,A,-0.011617885,22
661440,2022,full,0.0025048759,306
661440,2022,A,0.0013924848,171
661440,2022,B,0.0039139045,135
666157,2022,full,-0.0010171446,1681
666157,2022,A,-0.0008018643,953
666157,2022,B,-0.0012989608,728
656657,2022,full,-0.0052924976,1022
656657,2022,A,-0.0061374754,497
656657,2022,B,-0.0044925855,525
669674,2022,full,-0.0008104996,739
669674,2022,A,-0.0016991715,413
669674,2022,B,0.0003153329,326
547179,2022,full,-0.00075473316,1652
547179,2022,A,-0.000899176,812
547179,2022,B,-0.00061510503,840
571901,2022,full,0.001457453,967
571901,2022,A,0.0017803827,489
571901,2022,B,0.0011270918,478
675912,2022,full,-0.00545212,100
675912,2022,A,-0.00545212,100
642528,2022,full,0.011432344,761
642528,2022,A,0.013025505,394
642528,2022,B,0.009721977,367
476595,2022,full,-0.0050595426,971
476595,2022,A,-0.0051536383,506
476595,2022,B,-0.0049571507,465
607625,2022,full,0.00018128849,1079
607625,2022,A,-0.0015777774,536
607625,2022,B,0.0019176777,543
666200,2022,full,-0.0012130745,1644
666200,2022,A,-0.00027362668,820
666200,2022,B,-0.002147962,824
543475,2022,full,-0.0034992318,2988
543475,2022,A,-0.004029094,1458
543475,2022,B,-0.0029943045,1530
663738,2022,full,-0.0040278016,2435
663738,2022,A,-0.0038861656,1240
663738,2022,B,-0.0041747713,1195
458681,2022,full,-0.00083508674,2022
458681,2022,A,-0.0013819116,1056
458681,2022,B,-0.00023731496,966
605347,2022,full,0.0033119428,1161
605347,2022,A,0.003999993,576
605347,2022,B,0.0026344776,585
641154,2022,full,0.001937204,2907
641154,2022,A,0.0029434906,1443
641154,2022,B,0.00094535184,1464
625643,2022,full,0.0038988898,985
625643,2022,A,0.0029614498,474
625643,2022,B,0.004768452,511
661255,2022,full,-0.0013063727,194
661255,2022,A,0.00018097322,106
661255,2022,B,-0.0030979484,88
600921,2022,full,0.0033698604,997
600921,2022,A,0.004965834,492
600921,2022,B,0.0018149716,505
641816,2022,full,0.0028637731,2101
641816,2022,A,0.002564677,1108
641816,2022,B,0.0031975082,993
640455,2022,full,-0.002902546,2482
640455,2022,A,-0.0025395167,1288
640455,2022,B,-0.0032941562,1194
666159,2022,full,0.0001673009,989
666159,2022,A,0.00052766886,504
666159,2022,B,-0.00020718452,485
666201,2022,full,-0.0006812877,2948
666201,2022,A,-0.00022687383,1536
666201,2022,B,-0.0011756078,1412
573009,2022,full,0.00031764855,861
573009,2022,A,1.8623887e-05,430
573009,2022,B,0.0006549169,413
676760,2022,full,0.0048303874,757
676760,2022,A,0.004714986,343
676760,2022,B,0.0049259975,414
571917,2022,full,-0.0011365754,61
571917,2022,A,-7.514433e-05,46
571917,2022,B,-0.00439163,15
665896,2022,full,-0.0018347999,265
665896,2022,A,-0.0021797307,152
665896,2022,B,-0.0013708221,113
628708,2022,full,0.005726732,856
628708,2022,A,0.005890091,466
628708,2022,B,0.005531539,390
656685,2022,full,-0.0020703396,750
656685,2022,A,-0.0017247701,364
656685,2022,B,-0.0023962136,386
455119,2022,full,-0.0014036732,855
455119,2022,A,-0.001029359,426
455119,2022,B,-0.0017753695,429
656686,2022,full,-0.0009245581,429
656686,2022,A,-0.0010060251,245
656686,2022,B,-0.00081608264,184
663436,2022,full,-0.00033081006,1042
663436,2022,A,-1.0243244e-05,497
663436,2022,B,-0.00062314357,545
661309,2022,full,-0.0024373566,1015
661309,2022,A,-0.00103322,496
661309,2022,B,-0.0037792667,519
607259,2022,full,0.003125905,1720
607259,2022,A,0.0031068842,914
607259,2022,B,0.0031474745,806
661527,2022,full,0.005428937,592
661527,2022,A,0.0051121637,306
661527,2022,B,0.005767863,286
664208,2022,full,0.007565677,1088
664208,2022,A,0.0072160885,545
664208,2022,B,0.007916554,543
571927,2022,full,0.0020471935,830
571927,2022,A,0.0009722863,389
571927,2022,B,0.0029953544,441
554431,2022,full,-0.0052154395,713
554431,2022,A,-0.0066079274,338
554431,2022,B,-0.0039603435,375
669160,2022,full,0.005833494,474
669160,2022,A,0.007487742,227
669160,2022,B,0.004313193,247
543507,2022,full,0.0025966137,465
543507,2022,A,0.0017615806,256
543507,2022,B,0.0036194297,209
594577,2022,full,0.00029175516,890
594577,2022,A,0.00190422,387
594577,2022,B,-0.00094884896,503
608686,2022,full,-0.07829433,9
608686,2022,A,-0.07829433,9
641835,2022,full,-0.010246613,731
641835,2022,A,-0.010281987,374
641835,2022,B,-0.010209556,357
607391,2022,full,-0.002941899,135
607391,2022,A,-0.002499193,73
607391,2022,B,-0.0034631502,62
668948,2022,full,-0.0025141542,573
668948,2022,A,-0.0020144018,298
668948,2022,B,-0.0030557048,275
663556,2022,full,0.0012827974,2463
663556,2022,A,0.000911793,1226
663556,2022,B,0.0016505027,1237
621121,2022,full,0.001865681,759
621121,2022,A,0.0020686458,378
621121,2022,B,0.0016643147,381
519008,2022,full,-0.0054269424,487
519008,2022,A,-0.005281972,259
519008,2022,B,-0.005591624,228
668834,2022,full,-0.0019328699,46
668834,2022,A,-0.0019328699,46
459429,2022,full,-0.0058136606,629
459429,2022,A,-0.0053494177,307
459429,2022,B,-0.0062562767,322
624512,2022,full,-0.028652681,7
624512,2022,A,-0.028652681,7
543521,2022,full,-0.0017847534,1074
543521,2022,A,-0.0024734135,491
543521,2022,B,-0.0012047671,583
641853,2022,full,-0.0009341061,135
641853,2022,A,0.00017757912,64
641853,2022,B,-0.0019361882,71
663474,2022,full,-0.0037191173,2804
663474,2022,A,-0.00426252,1430
663474,2022,B,-0.0031535667,1374
607644,2022,full,0.0022525664,135
607644,2022,A,0.0013315955,84
607644,2022,B,0.0037694606,51
683232,2022,full,0.006183466,31
683232,2022,A,0.002724514,19
683232,2022,B,0.01166014,12
658431,2022,full,0.002158557,414
658431,2022,A,0.0031847926,237
658431,2022,B,0.0007844448,177
656730,2022,full,0.006723726,774
656730,2022,A,0.009091979,347
656730,2022,B,0.004799175,427
656731,2022,full,0.0024054633,787
656731,2022,A,0.0029509997,429
656731,2022,B,0.0017517336,358
650496,2022,full,0.0031595002,59
650496,2022,A,2.1358952e-05,32
650496,2022,B,0.0068787793,27
453343,2022,full,-0.0030068457,886
453343,2022,A,-0.0035761246,422
453343,2022,B,-0.0024890972,464
669214,2022,full,-0.000642223,24
669214,2022,A,-0.000642223,24
596043,2022,full,-0.0011986494,119
596043,2022,A,-0.003439928,70
596043,2022,B,0.0020031773,49
593160,2022,full,-0.043271612,1
593160,2022,A,-0.043271612,1
657240,2022,full,0.005297653,417
657240,2022,A,0.007706544,197
657240,2022,B,0.0031406,220
676974,2022,full,0.00059400743,89
676974,2022,A,0.000473112,79
676974,2022,B,0.0015490807,10
641871,2022,full,0.0063475454,241
641871,2022,A,0.006911963,104
641871,2022,B,0.005919083,137
571945,2022,full,-0.0023791245,3143
571945,2022,A,-0.0022396108,1562
571945,2022,B,-0.002516962,1581
489119,2022,full,0.0011392271,560
489119,2022,A,0.001096508,301
489119,2022,B,0.0011888734,259
571946,2022,full,0.0019109993,127
571946,2022,A,0.010403883,58
571946,2022,B,-0.0052279453,69
668338,2022,full,0.0036830006,227
668338,2022,A,0.006495222,101
668338,2022,B,0.0014287588,126
621219,2022,full,-0.004629143,302
621219,2022,A,-0.0064351107,200
621219,2022,B,-0.0010880294,102
670090,2022,full,0.0051365425,503
670090,2022,A,0.0060408534,262
670090,2022,B,0.0041534333,241
571948,2022,full,0.0022446536,1088
571948,2022,A,0.0023569835,538
571948,2022,B,0.0021347746,550
543548,2022,full,-0.005725339,238
543548,2022,A,-0.0071791355,155
543548,2022,B,-0.0030104178,83
573668,2022,full,0.0017153987,174
573668,2022,A,0.004609335,82
573668,2022,B,-0.0008639796,92
501985,2022,full,-0.0048028617,1750
501985,2022,A,-0.0049807653,906
501985,2022,B,-0.0046118903,844
621345,2022,full,0.008118364,1111
621345,2022,A,0.007823739,564
621345,2022,B,0.008422144,547
664948,2022,full,-0.004641319,465
664948,2022,A,-0.006274892,226
664948,2022,B,-0.003096602,239
663554,2022,full,-0.0013635363,169
663554,2022,A,-0.0019865579,81
663554,2022,B,-0.0007900733,88
425877,2022,full,-0.054537915,27
425877,2022,A,-0.06938686,7
425877,2022,B,-0.049340777,20
594580,2022,full,0.007916669,737
594580,2022,A,0.007743223,396
594580,2022,B,0.008118091,341
593423,2022,full,0.0038829958,2327
593423,2022,A,0.0038109836,1124
593423,2022,B,0.003950279,1203
606160,2022,full,0.00637198,1093
606160,2022,A,0.005998538,527
606160,2022,B,0.0067132395,547
656755,2022,full,0.008027524,84
656755,2022,A,0.010920165,45
656755,2022,B,0.0046898583,39
656756,2022,full,-0.004904087,2715
656756,2022,A,-0.0053091384,1364
656756,2022,B,-0.004495139,1351
519043,2022,full,0.0014274017,1247
519043,2022,A,0.0012484264,693
519043,2022,B,0.0016512825,554
672839,2022,full,-0.006939455,79
672839,2022,A,-0.0068197083,55
672839,2022,B,-0.0072138705,24
572383,2022,full,-0.0020320108,25
572383,2022,A,-0.0020320108,25
670970,2022,full,0.004946729,540
670970,2022,A,0.004370059,270
670970,2022,B,0.0055234004,270
664294,2022,full,0.0021470448,613
664294,2022,A,0.0010296752,326
664294,2022,B,0.0034162512,287
669212,2022,full,-0.0045099054,1002
669212,2022,A,-0.003209441,424
669212,2022,B,-0.0054638796,578
606625,2022,full,0.005367123,641
606625,2022,A,0.0053561726,378
606625,2022,B,0.0053828624,263
663752,2022,full,0.0029151123,404
663752,2022,A,0.0046356497,240
663752,2022,B,0.00039725343,164
450203,2022,full,0.0043029524,2899
450203,2022,A,0.0038944122,1502
450203,2022,B,0.004742199,1397
663558,2022,full,0.0013886602,672
663558,2022,A,0.00041697276,391
663558,2022,B,0.0027407233,281
666205,2022,full,-0.0069656856,233
666205,2022,A,-0.007234429,160
666205,2022,B,-0.0063766604,73
682171,2022,full,0.004209787,1003
682171,2022,A,0.0036918551,497
682171,2022,B,0.0047185067,506
641907,2022,full,0.0014042314,142
641907,2022,A,0.005370958,68
641907,2022,B,-0.0022408683,74
605397,2022,full,-0.0029385898,2833
605397,2022,A,-0.0027264457,1425
605397,2022,B,-0.0031532953,1408
656786,2022,full,0.0015245513,111
656786,2022,A,0.0018531362,58
656786,2022,B,0.0011649689,53
662253,2022,full,0.013179204,1024
662253,2022,A,0.013538611,513
662253,2022,B,0.01281839,511
608566,2022,full,-0.0031156647,2839
608566,2022,A,-0.0038882631,1455
608566,2022,B,-0.002303431,1384
664942,2022,full,-0.0035646886,126
664942,2022,A,-0.0022673963,70
664942,2022,B,-0.0051863054,56
667297,2022,full,0.005395693,750
667297,2022,A,0.006813165,404
667297,2022,B,0.0037406096,346
677053,2022,full,0.0032052733,374
677053,2022,A,0.0029180315,195
677053,2022,B,0.0035181902,179
676050,2022,full,-0.0033228563,562
676050,2022,A,-0.0023133531,235
676050,2022,B,-0.00404834,327
663734,2022,full,-0.0005251959,82
663734,2022,A,-0.0005251959,82
669459,2022,full,-0.003307265,593
669459,2022,A,-0.004235174,299
669459,2022,B,-0.0023635752,294
656793,2022,full,-0.0017206958,1204
656793,2022,A,7.14906e-05,593
656793,2022,B,-0.0034600846,611
669194,2022,full,0.0038447848,253
669194,2022,A,0.0009598039,172
669194,2022,B,0.009970919,81
593576,2022,full,0.0032988905,1012
593576,2022,A,0.0040585757,490
593576,2022,B,0.0025857762,522
641914,2022,full,-0.08266234,1
641914,2022,A,-0.08266234,1
656794,2022,full,-0.0021422107,508
656794,2022,A,-0.0008962089,271
656794,2022,B,-0.0035669638,237
657697,2022,full,0.007880239,40
657697,2022,A,0.00592238,15
657697,2022,B,0.009054955,25
668665,2022,full,0.0010801294,376
668665,2022,A,-0.00084267143,191
668665,2022,B,0.0030652916,185
605400,2022,full,0.005295839,3039
605400,2022,A,0.005061372,1533
605400,2022,B,0.0055345087,1506
596057,2022,full,-0.0030941896,1009
596057,2022,A,-0.0022096324,500
596057,2022,B,-0.003963106,509
656803,2022,full,-0.0016451188,370
656803,2022,A,-0.0022838172,180
656803,2022,B,-0.0010400356,190
676617,2022,full,-0.0071056895,23
676617,2022,A,-0.0071056895,23
503285,2022,full,-0.0017576917,385
503285,2022,A,-0.0021681688,190
503285,2022,B,-0.0013577394,195
641927,2022,full,-0.00027583088,854
641927,2022,A,-0.0009069236,489
641927,2022,B,0.0005696603,365
543606,2022,full,-0.0033855278,1798
543606,2022,A,-0.004547671,873
543606,2022,B,-0.0022887157,925
642657,2022,full,-0.00050527754,74
642657,2022,A,-0.00063057244,61
642657,2022,B,8.264259e-05,13
660271,2022,full,0.009919625,2628
660271,2022,A,0.009582652,1335
660271,2022,B,0.010267544,1293
595345,2022,full,0.006133755,968
595345,2022,A,0.006028422,529
595345,2022,B,0.006260682,439
670124,2022,full,-0.002867413,1294
670124,2022,A,-0.0025413004,594
670124,2022,B,-0.0031441427,700
672391,2022,full,0.004699877,528
672391,2022,A,0.0036608719,286
672391,2022,B,0.0059277914,242
661383,2022,full,-0.0048992527,567
661383,2022,A,-0.006576599,304
661383,2022,B,-0.002960418,263
493603,2022,full,0.006663624,1055
493603,2022,A,0.0074625886,508
493603,2022,B,0.005921624,547
657248,2022,full,-0.0018967586,2229
657248,2022,A,-0.0015490421,1169
657248,2022,B,-0.002280231,1060
656818,2022,full,-0.0029004968,469
656818,2022,A,-0.0049546347,230
656818,2022,B,-0.00092371163,239
670912,2022,full,0.0002582353,980
670912,2022,A,0.001175648,545
670912,2022,B,-0.00089116674,435
663978,2022,full,0.001774403,367
663978,2022,A,5.9194066e-05,215
663978,2022,B,0.0042005214,152
656820,2022,full,-0.003116814,39
656820,2022,A,-0.003116814,39
641941,2022,full,0.0051820786,1126
641941,2022,A,0.0054310905,553
641941,2022,B,0.0049417582,573
669467,2022,full,-0.0033817491,1746
669467,2022,A,-0.0031991187,942
669467,2022,B,-0.0035957259,804
660600,2022,full,0.0030456113,57
660600,2022,A,0.0029335083,38
660600,2022,B,0.0032698151,19
672715,2022,full,0.0014677006,388
672715,2022,A,0.00034676763,176
672715,2022,B,0.0023982867,212
607359,2022,full,-0.0012511944,111
607359,2022,A,-0.0015534174,66
607359,2022,B,-0.0008079335,45
606303,2022,full,0.00043637137,952
606303,2022,A,0.0007823032,469
606303,2022,B,0.000100466685,483
676840,2022,full,-0.0018030661,149
676840,2022,A,-0.0018193831,94
676840,2022,B,-0.001775178,55
665625,2022,full,-0.00013095546,308
665625,2022,A,-0.001669468,161
665625,2022,B,0.0015540825,147
686752,2022,full,0.0049909563,737
686752,2022,A,0.004578109,400
686752,2022,B,0.005480983,337
642547,2022,full,0.0008359391,1353
642547,2022,A,0.0010355455,696
642547,2022,B,0.000624484,657
593974,2022,full,-0.0009511252,814
593974,2022,A,-0.0012967383,395
593974,2022,B,-0.0006253085,419
503449,2022,full,0.0012374509,693
503449,2022,A,0.002614209,366
503449,2022,B,-0.00030350758,327
606131,2022,full,0.002906606,285
606131,2022,A,0.0015168322,149
606131,2022,B,0.0044292263,136
596071,2022,full,-0.002339731,634
596071,2022,A,-0.0029816036,308
596071,2022,B,-0.0017332995,326
656849,2022,full,-0.0033903455,1888
656849,2022,A,-0.0040818434,934
656849,2022,B,-0.002713344,954
475479,2022,full,-0.0008945372,1151
475479,2022,A,-0.0006630228,584
475479,2022,B,-0.0011329928,567
623465,2022,full,0.00830999,923
623465,2022,A,0.008512745,501
623465,2022,B,0.008069281,422
663455,2022,full,-0.0071359505,1039
663455,2022,A,-0.007914681,518
663455,2022,B,-0.0063617053,521
501381,2022,full,-0.011774121,731
501381,2022,A,-0.012093091,375
501381,2022,B,-0.011438126,356
601713,2022,full,0.001474395,3082
601713,2022,A,0.00064007146,1539
601713,2022,B,0.0023065556,1543
674681,2022,full,-0.003068968,99
674681,2022,A,0.012109692,9
674681,2022,B,-0.004586834,90
608700,2022,full,-0.045555823,4
608700,2022,A,-0.045555823,4
668676,2022,full,-0.0031721387,2150
668676,2022,A,-0.002659566,1064
668676,2022,B,-0.0036743279,1086
621363,2022,full,-0.00014884,973
621363,2022,A,-0.00036452388,476
621363,2022,B,5.7730336e-05,497
647315,2022,full,0.004201533,536
647315,2022,A,0.004596936,275
647315,2022,B,0.0037849196,261
664092,2022,full,9.142382e-05,439
664092,2022,A,-0.0008237937,216
664092,2022,B,0.0009779125,223
547001,2022,full,0.0017202452,447
547001,2022,A,-0.0008436512,199
547001,2022,B,0.003777565,248
519151,2022,full,0.0068702684,711
519151,2022,A,0.00755355,367
519151,2022,B,0.0061413036,344
456034,2022,full,-0.010090212,596
456034,2022,A,-0.011008427,309
456034,2022,B,-0.009101613,287
643493,2022,full,0.00067811314,809
643493,2022,A,0.0011366534,395
643493,2022,B,0.00024061729,414
405395,2022,full,-0.07476709,8
405395,2022,A,-0.07476709,8
640462,2022,full,0.005590473,1072
640462,2022,A,0.0052293395,487
640462,2022,B,0.0058911084,585
672335,2022,full,0.0016751098,901
672335,2022,A,0.0024607389,449
672335,2022,B,0.0008946952,452
660906,2022,full,-0.009395391,205
660906,2022,A,-0.010333958,88
660906,2022,B,-0.008689462,117
527048,2022,full,-0.003982699,2979
527048,2022,A,-0.004275228,1503
527048,2022,B,-0.0036848192,1476
424144,2022,full,-0.007475399,73
424144,2022,A,-0.004220738,40
424144,2022,B,-0.011420444,33
615698,2022,full,-0.005901322,2919
615698,2022,A,-0.0059630377,1467
615698,2022,B,-0.0058389683,1452
650671,2022,full,0.0029460196,691
650671,2022,A,0.0025303315,317
650671,2022,B,0.0032983546,374
500779,2022,full,-0.006688408,2724
500779,2022,A,-0.006150181,1366
500779,2022,B,-0.007229806,1358
666142,2022,full,-0.00021194905,706
666142,2022,A,-0.0006764382,380
666142,2022,B,0.0003294806,326
663432,2022,full,0.0058968845,519
663432,2022,A,0.007357233,283
663432,2022,B,0.0041457033,236
548384,2022,full,0.002608036,845
548384,2022,A,0.0020290874,419
548384,2022,B,0.0031774715,426
598287,2022,full,0.0017994435,833
598287,2022,A,0.0018092837,414
598287,2022,B,0.0017897206,419
541640,2022,full,-0.001843457,1221
541640,2022,A,-0.001921859,660
541640,2022,B,-0.0017512195,561
670990,2022,full,0.0041362215,620
670990,2022,A,0.0050561754,324
670990,2022,B,0.003129245,296
656876,2022,full,0.005881047,2238
656876,2022,A,0.005854851,1053
656876,2022,B,0.005904325,1185
592662,2022,full,-0.0047346815,3041
592662,2022,A,-0.0049706525,1531
592662,2022,B,-0.004495429,1510
596082,2022,full,0.003826544,307
596082,2022,A,0.0036401842,180
596082,2022,B,0.004090676,127
656887,2022,full,0.0010924619,196
656887,2022,A,0.0021707565,103
656887,2022,B,-0.000101778256,93
660593,2022,full,-0.0026581245,117
660593,2022,A,-0.0028976086,56
660593,2022,B,-0.002438271,61
614177,2022,full,-0.012877306,10
614177,2022,A,-0.012877306,10
622103,2022,full,0.008355452,47
622103,2022,A,0.009030075,24
622103,2022,B,0.007651496,23
608703,2022,full,-0.07212421,1
608703,2022,B,-0.07212421,1
572070,2022,full,-0.0038008846,708
572070,2022,A,-0.0029881704,386
572070,2022,B,-0.0047751325,322
670950,2022,full,0.0026987146,1163
670950,2022,A,0.0039101015,583
670950,2022,B,0.0014810618,580
681799,2022,full,0.008704087,177
681799,2022,A,0.005860628,83
681799,2022,B,0.0112148,94
502085,2022,full,0.0051850826,1052
502085,2022,A,0.004748375,544
502085,2022,B,0.005652737,508
570663,2022,full,-0.0011364784,422
570663,2022,A,-0.0013007313,232
570663,2022,B,-0.00093591673,190
593958,2022,full,-0.008427886,1469
593958,2022,A,-0.0074064806,816
593958,2022,B,-0.009704254,653
605446,2022,full,-0.0016509583,99
605446,2022,A,-0.0036866702,59
605446,2022,B,0.0013517172,40
660730,2022,full,-0.0019346235,534
660730,2022,A,-0.0036541598,277
660730,2022,B,-8.127128e-05,257
570257,2022,full,0.0010934124,842
570257,2022,A,0.001115073,456
570257,2022,B,0.0010678237,386
655889,2022,full,0.0029433738,203
655889,2022,A,0.005849331,95
655889,2022,B,0.0003872065,108
666720,2022,full,0.012092964,18
666720,2022,A,0.012092964,18
607074,2022,full,0.00068756094,2985
607074,2022,A,0.00048370688,1508
607074,2022,B,0.00089569355,1477
642028,2022,full,-0.0035120144,419
642028,2022,A,-0.003426697,254
642028,2022,B,-0.0036433511,165
573124,2022,full,-0.0008870347,1085
573124,2022,A,-0.00094429485,568
573124,2022,B,-0.000824126,517
669432,2022,full,0.002445412,1938
669432,2022,A,0.002339189,994
669432,2022,B,0.0025572618,944
643511,2022,full,0.014076901,1165
643511,2022,A,0.013519851,572
643511,2022,B,0.014614226,593
605447,2022,full,0.008236106,989
605447,2022,A,0.0073699937,510
605447,2022,B,0.00915827,479
664584,2022,full,-0.0024956642,90
664584,2022,A,-0.000119951306,26
664584,2022,B,-0.003460798,64
668941,2022,full,-0.0012807405,271
668941,2022,A,-0.0014076523,151
668941,2022,B,-0.0011210431,120
676720,2022,full,-0.0011840054,191
676720,2022,A,-0.00070412166,71
676720,2022,B,-0.0014679375,120
489265,2022,full,-0.0009369406,335
489265,2022,A,-0.0011154257,185
489265,2022,B,-0.00071680883,150
667373,2022,full,-0.007953888,86
667373,2022,A,-0.007953888,86
670046,2022,full,-0.0107541755,193
670046,2022,A,-0.008363357,94
670046,2022,B,-0.013024244,99
657745,2022,full,-0.0068313787,18
657745,2022,A,-0.0068313787,18
621074,2022,full,0.0021643827,862
621074,2022,A,0.0031684665,438
621074,2022,B,0.0011271449,424
614179,2022,full,0.00072308915,1115
614179,2022,A,0.00040637347,602
614179,2022,B,0.0010947516,513
650204,2022,full,-0.0057086176,366
650204,2022,A,-0.0070361057,187
650204,2022,B,-0.004321801,179
657746,2022,full,0.0015952298,2391
657746,2022,A,0.0006696953,1227
657746,2022,B,0.0025708578,1164
547943,2022,full,-0.0075701093,395
547943,2022,A,-0.0077681034,206
547943,2022,B,-0.0073543056,189
592712,2022,full,-0.0044603725,48
592712,2022,A,-0.0056715794,25
592712,2022,B,-0.003143844,23
519242,2022,full,0.0013166511,102
519242,2022,A,0.0031110377,78
519242,2022,B,-0.004515104,24
592716,2022,full,-0.0039269263,1607
592716,2022,A,-0.0049659153,765
592716,2022,B,-0.0029829517,842
592717,2022,full,-0.0022891513,1004
592717,2022,A,-0.0009353682,520
592717,2022,B,-0.0037436287,484
676637,2022,full,-0.002979911,213
676637,2022,A,-0.0019822542,97
676637,2022,B,-0.0038141578,116
680704,2022,full,0.0061986125,740
680704,2022,A,0.00619728,348
680704,2022,B,0.0061997953,392
663776,2022,full,-0.0006963542,2456
663776,2022,A,-0.0008967539,1286
663776,2022,B,-0.00047608552,1170
663485,2022,full,-0.0018059707,603
663485,2022,A,-0.0025769684,340
663485,2022,B,-0.00080924353,263
665665,2022,full,0.002067665,1020
665665,2022,A,0.0023741843,571
665665,2022,B,0.0016778596,449
642701,2022,full,0.0005406852,991
642701,2022,A,0.0020118798,479
642701,2022,B,-0.0006253144,506
663574,2022,full,0.0023849944,408
663574,2022,A,0.0022068506,194
663574,2022,B,0.0025464895,214
666619,2022,full,0.0027861565,67
666619,2022,A,0.0018881356,21
666619,2022,B,0.0031961228,46
642048,2022,full,-0.0011299871,48
642048,2022,A,0.0010083986,18
642048,2022,B,-0.0024130181,30
617228,2022,full,0.0030534023,838
617228,2022,A,0.003744059,427
617228,2022,B,0.002335858,411
622250,2022,full,0.0023805592,419
622250,2022,A,0.004529145,237
622250,2022,B,-0.00041732553,182
453286,2022,full,0.004441605,2163
453286,2022,A,0.0050073457,1130
453286,2022,B,0.00382274,1033
657376,2022,full,0.0055331327,927
657376,2022,A,0.0066413516,483
657376,2022,B,0.0043275706,444
670167,2022,full,0.00483626,1020
670167,2022,A,0.00500452,526
670167,2022,B,0.0046571004,494
643524,2022,full,-0.1034804,2
643524,2022,A,-0.1034804,2
656945,2022,full,0.0055442927,1271
656945,2022,A,0.005072793,661
656945,2022,B,0.006055212,610
605463,2022,full,0.0018858801,255
605463,2022,A,0.0019623388,123
605463,2022,B,0.0018146343,132
657756,2022,full,0.00029698678,370
657756,2022,A,0.0019243577,211
657756,2022,B,-0.0018626065,159
676664,2022,full,-0.0043096417,1078
676664,2022,A,-0.0037904065,548
676664,2022,B,-0.0048465114,530
642060,2022,full,-0.007627456,71
642060,2022,A,-0.007627456,71
572125,2022,full,-0.0021753944,295
572125,2022,A,-0.0021798806,170
572125,2022,B,-0.0021692938,125
622608,2022,full,-0.006233016,1521
622608,2022,A,-0.0068176948,703
622608,2022,B,-0.0057305344,818
644429,2022,full,-0.005152241,133
644429,2022,A,-0.0037791254,69
644429,2022,B,-0.006632631,64
622663,2022,full,0.0028871892,1617
622663,2022,A,0.003592514,866
622663,2022,B,0.0020738584,751
623149,2022,full,0.009768255,974
623149,2022,A,0.009171616,461
623149,2022,B,0.01037177,487
543766,2022,full,-0.0003195648,969
543766,2022,A,-0.00086488674,442
543766,2022,B,0.00013780175,527
642068,2022,full,-0.005887274,37
642068,2022,A,-0.009923173,17
642068,2022,B,-0.002456759,20
656954,2022,full,-0.004326878,179
656954,2022,A,0.00085300027,45
656954,2022,B,-0.00606639,134
592741,2022,full,-0.0016243978,474
592741,2022,A,-0.0024215595,243
592741,2022,B,-0.0007858252,231
681217,2022,full,-0.00045622798,501
681217,2022,A,-0.00019142241,291
681217,2022,B,-0.0008231722,210
592743,2022,full,-0.0673289,4
592743,2022,A,-0.0673289,4
608371,2022,full,0.0063596694,129
608371,2022,A,0.0074808155,66
608371,2022,B,0.0051851356,63
663903,2022,full,-0.0015003659,2376
663903,2022,A,-0.0016285806,1211
663903,2022,B,-0.0013670884,1165
669373,2022,full,-0.00162811,1914
669373,2022,A,-0.0017407915,1022
669373,2022,B,-0.0014990065,892
663629,2022,full,-0.005299648,132
663629,2022,A,-0.0058052684,69
663629,2022,B,-0.0047458736,63
656970,2022,full,-0.0048640007,1129
656970,2022,A,-0.0028246206,587
656970,2022,B,-0.007072702,542
592761,2022,full,-0.0016104572,1234
592761,2022,A,-0.00024255627,552
592761,2022,B,-0.0027017975,625
663385,2022,full,-0.0009779044,337
663385,2022,A,0.0017483094,176
663385,2022,B,-0.0039581135,161
622098,2022,full,0.003984948,779
622098,2022,A,0.004015466,398
622098,2022,B,0.003953069,381
501925,2022,full,-0.004371243,450
501925,2022,A,-0.0036305333,199
501925,2022,B,-0.004958499,251
519293,2022,full,-0.0036802269,985
519293,2022,A,-0.002823974,484
519293,2022,B,-0.004507425,501
592767,2022,full,-0.00242734,1723
592767,2022,A,-0.001940966,793
592767,2022,B,-0.0028420652,930
669912,2022,full,-0.0016156795,780
669912,2022,A,-0.002309269,405
669912,2022,B,-0.0008666024,375
605483,2022,full,0.0021201475,2341
605483,2022,A,0.0034765129,1140
605483,2022,B,0.0008326734,1201
676092,2022,full,0.0010387237,583
676092,2022,A,8.235552e-05,293
676092,2022,B,0.0020049852,290
676766,2022,full,-0.0011867516,33
676766,2022,A,-0.004766462,19
676766,2022,B,0.0036714266,14
676660,2022,full,0.00027995874,157
676660,2022,A,0.0027130346,81
676660,2022,B,-0.0023131878,76
642397,2022,full,-0.0018585935,1102
642397,2022,A,-0.0016152438,550
642397,2022,B,-0.0021010616,552
656986,2022,full,-0.0032553105,365
656986,2022,A,-0.0032765963,176
656986,2022,B,-0.0032354877,189
642100,2022,full,-0.0012882098,298
642100,2022,A,-0.0025225205,171
642100,2022,B,0.00037373631,127
605488,2022,full,-0.0012731212,2149
605488,2022,A,-0.00044308187,1102
605488,2022,B,-0.0021467635,1047
657766,2022,full,-0.0023616073,29
657766,2022,A,-0.0023616073,29
489334,2022,full,-0.0023780477,701
489334,2022,A,-0.0008105088,371
489334,2022,B,-0.004140341,330
592773,2022,full,0.0045914655,895
592773,2022,A,0.004043577,471
592773,2022,B,0.005200088,424
664054,2022,full,0.0025499745,227
664054,2022,A,-0.00033461524,118
664054,2022,B,0.0056727403,109
622251,2022,full,0.0022661774,730
622251,2022,A,0.004651535,331
622251,2022,B,0.00028734698,399
608716,2022,full,6.7016146e-05,286
608716,2022,A,0.002663946,125
608716,2022,B,-0.0019492337,161
657006,2022,full,-0.0012210627,2032
657006,2022,A,-0.002800757,962
657006,2022,B,0.00019918563,1070
663986,2022,full,0.0040713064,1022
663986,2022,A,0.0031821553,546
663986,2022,B,0.0050912155,476
623451,2022,full,-0.0006792432,944
623451,2022,A,-0.0011755453,513
623451,2022,B,-8.851684e-05,431
596112,2022,full,0.004513142,914
596112,2022,A,0.0038351275,508
596112,2022,B,0.0053614955,406
657770,2022,full,0.0017935544,450
657770,2022,A,0.0008052841,197
657770,2022,B,0.0025630777,253
621381,2022,full,0.00021633014,764
621381,2022,A,-0.00023423192,367
621381,2022,B,0.00063284475,397
544931,2022,full,-0.004481815,83
544931,2022,A,-0.004481815,83
608717,2022,full,-0.0005383785,1100
608717,2022,A,0.00043534997,521
608717,2022,B,-0.0014145658,579
519326,2022,full,-0.0019705105,1068
519326,2022,A,-0.0013366063,548
519326,2022,B,-0.0026385481,520
675911,2022,full,0.0068406374,2276
675911,2022,A,0.00712628,1161
675911,2022,B,0.006543211,1115
548389,2022,full,-0.0017505862,2032
548389,2022,A,-0.0019749675,1033
548389,2022,B,-0.0015185681,999
573186,2022,full,-0.0016650329,2181
573186,2022,A,-0.0014895945,1153
573186,2022,B,-0.0018618037,1028
657265,2022,full,0.007809517,605
657265,2022,A,0.007919327,352
657265,2022,B,0.0076567354,253
660761,2022,full,0.000564631,1783
660761,2022,A,0.0011238591,877
660761,2022,B,2.3303162e-05,906
624133,2022,full,-0.0025171558,2564
624133,2022,A,-0.0026924794,1327
624133,2022,B,-0.0023290762,1237
663158,2022,full,0.0036999707,801
663158,2022,A,0.005159957,363
663158,2022,B,0.0024899824,438
676641,2022,full,-0.0012975285,360
676641,2022,A,-0.0031686386,179
676641,2022,B,0.00055290596,181
642121,2022,full,-0.0022752148,618
642121,2022,A,-0.0027927924,336
642121,2022,B,-0.0016585272,282
608718,2022,full,-0.002868162,1070
608718,2022,A,-0.0029240255,598
608718,2022,B,-0.0027973854,472
657024,2022,full,0.0025918095,875
657024,2022,A,0.0020012872,437
657024,2022,B,0.0031809835,438
664161,2022,full,-0.008393937,657
664161,2022,A,-0.0072274497,382
664161,2022,B,-0.010014292,275
592789,2022,full,-0.002660431,2021
592789,2022,A,-0.0033516593,1148
592789,2022,B,-0.0017514616,873
663378,2022,full,-0.0024825926,291
663378,2022,A,-0.002362271,198
663378,2022,B,-0.002738761,93
434671,2022,full,-0.008059855,1232
434671,2022,A,-0.007037737,604
434671,2022,B,-0.00904291,628
650911,2022,full,-0.008030309,662
650911,2022,A,-0.0090351,410
650911,2022,B,-0.006395532,252
667376,2022,full,-0.0012968018,211
667376,2022,A,-0.0024755725,103
667376,2022,B,-0.00017260398,108
592791,2022,full,-0.0014794813,2795
592791,2022,A,-0.0010211958,1397
592791,2022,B,-0.0019374392,1398
593619,2022,full,0.0008230743,363
593619,2022,A,0.0018452234,238
593619,2022,B,-0.0011230978,125
676206,2022,full,0.013453123,10
676206,2022,A,0.013453123,10
622253,2022,full,5.2133862e-05,1077
622253,2022,A,-0.00069847266,591
622253,2022,B,0.0009649087,486
642130,2022,full,0.0019662045,305
642130,2022,A,-0.00084972975,156
642130,2022,B,0.004914431,149
572191,2022,full,-0.010761088,28
572191,2022,A,-0.010761088,28
572193,2022,full,-0.001993949,891
572193,2022,A,-0.0016678346,459
572193,2022,B,-0.0023404455,432
676194,2022,full,-0.0036179465,365
676194,2022,A,-0.00414891,190
676194,2022,B,-0.0030414725,175
573204,2022,full,0.0052721677,996
573204,2022,A,0.0050041024,545
573204,2022,B,0.005596105,451
624522,2022,full,-0.000966358,1808
624522,2022,A,-0.0002401024,985
624522,2022,B,-0.0018355703,823
666168,2022,full,-0.0020252324,368
666168,2022,A,-0.0020179364,207
666168,2022,B,-0.002034614,161
657044,2022,full,0.0102956155,679
657044,2022,A,0.008756411,362
657044,2022,B,0.012053318,317
605507,2022,full,-0.00474658,2078
605507,2022,A,-0.0044452045,1043
605507,2022,B,-0.005050286,1035
668868,2022,full,0.00044880513,575
668868,2022,A,-0.0014115794,287
668868,2022,B,0.0023027298,288
592804,2022,full,0.00083996647,361
592804,2022,A,0.0026901308,205
592804,2022,B,-0.0015913397,156
663423,2022,full,0.0030895742,664
663423,2022,A,0.004212164,326
663423,2022,B,0.0020068397,338
622786,2022,full,0.0038799967,350
622786,2022,A,0.004834226,162
622786,2022,B,0.0030577348,188
623437,2022,full,0.0017066426,125
623437,2022,A,0.0020206203,91
623437,2022,B,0.00086628925,34
620443,2022,full,-0.037127472,1
620443,2022,B,-0.037127472,1
657053,2022,full,-0.0016101436,431
657053,2022,A,-0.0005420548,212
657053,2022,B,-0.0026440925,219
595014,2022,full,0.008266016,69
595014,2022,A,0.007865009,46
595014,2022,B,0.009068029,23
642152,2022,full,0.0011169168,955
642152,2022,A,0.00025281252,472
642152,2022,B,0.0019613418,483
668684,2022,full,-0.007107138,116
668684,2022,A,-0.0042939032,54
668684,2022,B,-0.009557374,62
667725,2022,full,-0.006345205,40
667725,2022,A,-0.009287274,18
667725,2022,B,-0.003938056,22
670955,2022,full,0.0019707512,292
670955,2022,A,0.004079858,149
670955,2022,B,-0.00022684934,143
657272,2022,full,0.005753234,441
657272,2022,A,0.005203651,191
657272,2022,B,0.006173115,250
621249,2022,full,-0.00080286805,1004
621249,2022,A,-0.0012190961,525
621249,2022,B,-0.0003466682,479
570632,2022,full,-0.0053942525,1622
570632,2022,A,-0.005581538,857
570632,2022,B,-0.005184444,765
664353,2022,full,0.003398892,2640
664353,2022,A,0.0032553573,1385
664353,2022,B,0.0035572948,1255
628711,2022,full,0.0022295592,2621
628711,2022,A,0.002176172,1321
628711,2022,B,0.0022838085,1300
491624,2022,full,0.00024517253,16
491624,2022,A,0.00024517253,16
664285,2022,full,-0.0011050908,3018
664285,2022,A,-0.00077851955,1537
664285,2022,B,-0.0014440106,1481
570488,2022,full,-0.001353596,287
570488,2022,A,0.00071365776,123
570488,2022,B,-0.0029040358,164
686973,2022,full,0.00052771356,411
686973,2022,A,0.0006551868,246
686973,2022,B,0.00033766276,165
607755,2022,full,-0.008081091,153
607755,2022,A,-0.00787336,71
607755,2022,B,-0.008260954,82
592826,2022,full,-0.0018358973,1285
592826,2022,A,-0.00037730287,697
592826,2022,B,-0.0035648777,588
572403,2022,full,9.5421026e-05,419
572403,2022,A,0.0006602623,264
572403,2022,B,-0.0008666309,155
434378,2022,full,0.0017667431,2606
434378,2022,A,0.0016222993,1325
434378,2022,B,0.0019161481,1281
681911,2022,full,0.0028315824,951
681911,2022,A,0.0025715332,456
681911,2022,B,0.0030711424,495
663989,2022,full,-0.006053484,446
663989,2022,A,-0.005772197,261
663989,2022,B,-0.0064503276,185
676684,2022,full,0.0021717704,1083
676684,2022,A,0.0027753457,559
676684,2022,B,0.0015278801,524
664944,2022,full,0.0005979504,208
664944,2022,A,0.0007997462,134
664944,2022,B,0.0002325366,74
527055,2022,full,-0.0033760113,115
527055,2022,A,-0.002569687,69
527055,2022,B,-0.0045854975,46
608723,2022,full,0.0010910821,1761
608723,2022,A,0.0007443172,963
608723,2022,B,0.0015095468,798
608379,2022,full,-0.0019673267,1949
608379,2022,A,-0.001485069,1005
608379,2022,B,-0.0024807474,944
425794,2022,full,-0.003450785,3099
425794,2022,A,-0.003309542,1532
425794,2022,B,-0.0035888737,1567
686972,2022,full,0.0056122164,104
686972,2022,A,0.0030708234,51
686972,2022,B,0.008057707,53
686610,2022,full,0.0005110869,586
686610,2022,A,0.00024465768,346
686610,2022,B,0.000895189,240
592836,2022,full,0.0005651164,2499
592836,2022,A,0.0004058225,1214
592836,2022,B,0.0007156087,1285
673904,2022,full,0.0013372762,65
673904,2022,A,0.0030914682,52
673904,2022,B,-0.0056794956,13
663534,2022,full,-0.002933294,16
663534,2022,A,-0.002933294,16
681806,2022,full,-0.000624153,831
681806,2022,A,0.00034450015,416
681806,2022,B,-0.0015951403,415
605521,2022,full,0.0006348006,655
605521,2022,A,-0.0003195917,331
605521,2022,B,0.0016098124,324
681810,2022,full,0.003967139,266
681810,2022,A,0.0035871116,145
681810,2022,B,0.0044225454,121
657093,2022,full,-0.0028189826,1631
657093,2022,A,-0.004462875,886
657093,2022,B,-0.00086396403,745
677960,2022,full,-0.002779019,89
677960,2022,A,-0.002779019,89
596133,2022,full,0.0012368319,703
596133,2022,A,0.002368428,378
596133,2022,B,-7.930178e-05,325
657277,2022,full,0.001751705,3006
657277,2022,A,0.0013715986,1489
657277,2022,B,0.0021247952,1517
543901,2022,full,0.0029043525,127
543901,2022,A,0.0030045689,107
543901,2022,B,0.0023681973,20
607179,2022,full,0.004706737,738
607179,2022,A,0.005224131,370
607179,2022,B,0.0041865306,368
592848,2022,full,0.0014881446,209
592848,2022,A,-0.0012680393,79
592848,2022,B,0.0031630562,130
669711,2022,full,0.0065738196,186
669711,2022,A,0.004015428,97
669711,2022,B,0.009362178,89
649144,2022,full,-0.0078059,66
649144,2022,A,-0.0040859007,32
649144,2022,B,-0.011307077,34
669330,2022,full,-0.00017791867,1649
669330,2022,A,-0.00057603413,791
669330,2022,B,0.00018910858,858
605525,2022,full,0.0019629186,488
605525,2022,A,0.0012511369,241
605525,2022,B,0.0026574098,247
666214,2022,full,-0.0059959586,555
666214,2022,A,-0.006144526,339
666214,2022,B,-0.005762791,216
669713,2022,full,0.0020235025,495
669713,2022,A,0.0013206456,234
669713,2022,B,0.0026536498,261
554430,2022,full,0.0058036395,2358
554430,2022,A,0.0067168297,1195
554430,2022,B,0.004865323,1163
669952,2022,full,-0.00083482056,1715
669952,2022,A,-0.0018387216,878
669952,2022,B,0.00021825609,837
676831,2022,full,-0.0028273673,272
676831,2022,A,-0.001592533,142
676831,2022,B,-0.0041761855,130
676477,2022,full,0.00347731,1166
676477,2022,A,0.0027688458,631
676477,2022,B,0.004312901,535
592858,2022,full,0.0011660013,1132
592858,2022,A,0.0024219188,554
592858,2022,B,-3.7766866e-05,578
642203,2022,full,0.0049306587,327
642203,2022,A,0.00301456,128
642203,2022,B,0.0061631245,199
621079,2022,full,-0.00036065895,154
621079,2022,A,-0.0007577962,84
621079,2022,B,0.000115905386,70
642207,2022,full,0.01666583,1068
642207,2022,A,0.015278862,548
642207,2022,B,0.018127486,520
592866,2022,full,-0.0012444868,1407
592866,2022,A,-0.0034801534,627
592866,2022,B,0.00055264507,780
669060,2022,full,-0.0022235082,1825
669060,2022,A,-0.0023096537,970
669060,2022,B,-0.002125775,855
458677,2022,full,0.0021579305,54
458677,2022,A,0.0027108844,41
458677,2022,B,0.00041400018,13
621051,2022,full,0.0044245142,874
621051,2022,A,0.0029980266,486
621051,2022,B,0.0062113,388
670174,2022,full,0.0009612381,1194
670174,2022,A,0.0020173844,615
670174,2022,B,-0.00016057501,579
680739,2022,full,-0.0016230762,1114
680739,2022,A,-0.002412789,549
680739,2022,B,-0.0008557273,565
605538,2022,full,-0.0016093744,749
605538,2022,A,-0.0011782894,450
605538,2022,B,-0.0022581653,299
621295,2022,full,-0.004427321,481
621295,2022,A,-0.0039764666,241
621295,2022,B,-0.004880054,240
622072,2022,full,0.00020667931,2239
622072,2022,A,0.0003341908,1165
622072,2022,B,6.8363755e-05,1074
663765,2022,full,-0.0016868785,697
663765,2022,A,-0.0024850057,329
663765,2022,B,-0.0009733353,368
605540,2022,full,0.0060329195,2536
605540,2022,A,0.006168304,1317
605540,2022,B,0.0058866506,1219
680573,2022,full,-0.0042734114,91
680573,2022,A,-0.0042734114,91
682016,2022,full,0.006150916,31
682016,2022,A,0.0054668253,18
682016,2022,B,0.0070981183,13
657140,2022,full,0.0017003812,2695
657140,2022,A,0.0018825422,1391
657140,2022,B,0.001506067,1304
642851,2022,full,-0.037818316,17
642851,2022,A,-0.03953329,13
642851,2022,B,-0.032244653,4
642231,2022,full,-0.00013369674,292
642231,2022,A,0.003526178,141
642231,2022,B,-0.0035511954,151
664337,2022,full,-0.005308949,471
664337,2022,A,-0.006380106,216
664337,2022,B,-0.0044016163,255
642232,2022,full,-0.00016164758,1355
642232,2022,A,-0.0001056564,690
642232,2022,B,-0.00021974368,665
489446,2022,full,0.0004834574,137
489446,2022,A,0.0016954642,73
489446,2022,B,-0.00089898845,64
660623,2022,full,-0.001326634,147
660623,2022,A,-0.00110095,72
660623,2022,B,-0.0015432906,75
622065,2022,full,-0.005359812,445
622065,2022,A,-0.0049896827,220
622065,2022,B,-0.005721716,225
664849,2022,full,0.0022674256,126
664849,2022,A,0.0025443365,90
664849,2022,B,0.0015751483,36
656008,2022,full,0.0012334362,43
656008,2022,A,-0.008895981,9
656008,2022,B,0.0039147525,34
642239,2022,full,-0.0031447443,72
642239,2022,A,-0.003326718,31
642239,2022,B,-0.0030071547,41
672582,2022,full,-0.0025804555,159
672582,2022,A,-0.0024587433,86
672582,2022,B,-0.002723842,73
643615,2022,full,-0.004262567,250
643615,2022,A,-0.0064629684,172
643615,2022,B,0.0005896014,78
669145,2022,full,-0.0053301095,1127
669145,2022,A,-0.003820849,647
669145,2022,B,-0.0073644677,480
594798,2022,full,0.010261633,940
594798,2022,A,0.009917229,500
594798,2022,B,0.010653001,440
472551,2023,full,-0.007191173,141
472551,2023,A,-0.0043520154,71
472551,2023,B,-0.010070888,70
671096,2023,full,-0.0030418362,1896
671096,2023,A,-0.0023244426,966
671096,2023,B,-0.0037870002,930
676265,2023,full,0.0021087301,702
676265,2023,A,0.000115428265,377
676265,2023,B,0.0044209603,325
656061,2023,full,0.0014387015,1044
656061,2023,A,0.0021247817,626
656061,2023,B,0.00041122193,418
650556,2023,full,0.007927836,1211
650556,2023,A,0.0087500885,610
650556,2023,B,0.007093271,601
642758,2023,full,-0.0059251166,175
642758,2023,A,-0.0070653697,77
642758,2023,B,-0.005029204,98
670183,2023,full,-0.0028236748,124
670183,2023,A,-0.00051916804,43
670183,2023,B,-0.004047055,81
592094,2023,full,0.007265368,905
592094,2023,A,0.006218534,445
592094,2023,B,0.008278065,460
613534,2023,full,0.0016568649,362
613534,2023,A,0.00046032053,165
613534,2023,B,0.0026590468,197
686654,2023,full,0.0031775357,207
686654,2023,A,0.0051898877,115
686654,2023,B,0.0006620958,92
672851,2023,full,-0.004170851,922
672851,2023,A,-0.0036354573,469
672851,2023,B,-0.004725154,453
669211,2023,full,0.0012556452,452
669211,2023,A,0.0032209044,238
669211,2023,B,-0.00093001657,214
660896,2023,full,0.0029482988,319
660896,2023,A,0.0033383425,202
660896,2023,B,0.0022748895,117
645261,2023,full,0.0047634593,2720
645261,2023,A,0.004633813,1349
645261,2023,B,0.0048910263,1371
518397,2023,full,-0.0066936077,694
518397,2023,A,-0.0052090227,392
518397,2023,B,-0.00862062,302
641302,2023,full,-0.00072371156,679
641302,2023,A,-0.00019038176,421
641302,2023,B,-0.0015939901,258
663465,2023,full,-0.0036261217,199
663465,2023,A,-0.00596996,89
663465,2023,B,-0.001729744,110
671106,2023,full,0.0009914512,2134
671106,2023,A,0.00047823339,1092
671106,2023,B,0.0015292951,1042
622075,2023,full,0.010480612,800
622075,2023,A,0.010149287,386
622075,2023,B,0.010789528,414
621237,2023,full,0.0052660024,742
621237,2023,A,0.004933545,391
621237,2023,B,0.005636347,351
640470,2023,full,0.0037150984,945
640470,2023,A,0.0042061824,462
640470,2023,B,0.0032453653,483
502624,2023,full,0.0021163332,1446
502624,2023,A,0.0019587807,801
502624,2023,B,0.0023119915,645
681982,2023,full,0.005556038,598
681982,2023,A,0.00641401,288
681982,2023,B,0.0047589545,310
623433,2023,full,-0.003274873,548
623433,2023,A,-0.0023574359,273
623433,2023,B,-0.004185637,275
542881,2023,full,-0.0036226043,2431
542881,2023,A,-0.004861814,1305
542881,2023,B,-0.0021863978,1126
677076,2023,full,-2.9943626e-06,87
677076,2023,A,-0.0011840606,35
677076,2023,B,0.00079195417,52
622088,2023,full,0.0025383797,90
622088,2023,A,0.0030546675,45
622088,2023,B,0.0020220915,45
542888,2023,full,0.004167692,797
542888,2023,A,0.004383278,452
542888,2023,B,0.0038852429,345
668933,2023,full,0.005737541,2320
668933,2023,A,0.0058359914,1131
668933,2023,B,0.0056438926,1189
665871,2023,full,-0.0012064351,1710
665871,2023,A,-0.0007452595,947
665871,2023,B,-0.0017788251,763
658648,2023,full,-0.0015526741,895
658648,2023,A,-0.0022144425,405
658648,2023,B,-0.0010057022,490
696147,2023,full,-0.0005928789,316
696147,2023,A,-0.0015608877,197
696147,2023,B,0.0010096229,119
641329,2023,full,0.0017684957,783
641329,2023,A,0.0020182838,416
641329,2023,B,0.0014853572,367
666364,2023,full,-0.0029807766,392
666364,2023,A,-0.0024572052,226
666364,2023,B,-0.0036935906,166
607455,2023,full,-0.0033616386,160
607455,2023,A,0.0007089294,72
607455,2023,B,-0.006692102,88
621383,2023,full,0.00028871957,1007
621383,2023,A,0.000199193,459
621383,2023,B,0.00036370623,548
453268,2023,full,-0.0019540268,933
453268,2023,A,-0.001759605,464
453268,2023,B,-0.0021463763,469
669618,2023,full,0.0012482372,147
669618,2023,A,0.0006876623,81
669618,2023,B,0.0019362163,66
605130,2023,full,0.002403665,1197
605130,2023,A,0.0011642267,572
605130,2023,B,0.003537999,625
606930,2023,full,0.0018413869,208
606930,2023,A,-0.0013644489,104
606930,2023,B,0.0050472235,104
598264,2023,full,-0.0042368295,400
598264,2023,A,-0.0024533162,196
598264,2023,B,-0.0059504006,204
607457,2023,full,-0.0022964303,156
607457,2023,A,-0.0018318327,117
607457,2023,B,-0.003690223,39
642545,2023,full,0.0010058742,1349
642545,2023,A,0.0012127559,691
642545,2023,B,0.00078861736,658
542914,2023,full,0.0036920442,324
542914,2023,A,0.0051796003,116
542914,2023,B,0.0028624448,208
605135,2023,full,0.00034267845,3138
605135,2023,A,0.00029002217,1620
605135,2023,B,0.00039887286,1518
685410,2023,full,-0.008890174,551
685410,2023,A,-0.008094214,329
685410,2023,B,-0.010069772,222
657508,2023,full,0.0026146958,1069
657508,2023,A,0.0034262156,544
657508,2023,B,0.0017738068,525
642585,2023,full,0.013754441,988
642585,2023,A,0.013666737,556
642585,2023,B,0.013867318,432
660825,2023,full,0.006184353,270
660825,2023,A,0.006882109,130
660825,2023,B,0.005536437,140
663941,2023,full,0.0021373138,1298
663941,2023,A,0.0030561949,650
663941,2023,B,0.0012155965,648
670280,2023,full,0.005789215,1101
670280,2023,A,0.0058826464,571
670280,2023,B,0.0056885565,530
656222,2023,full,-0.0044710194,731
656222,2023,A,-0.003005494,320
656222,2023,B,-0.0056120614,411
571479,2023,full,0.002739296,456
571479,2023,A,0.0022273601,265
571479,2023,B,0.003449574,191
678394,2023,full,0.00016307569,2618
678394,2023,A,0.0001413266,1293
678394,2023,B,0.00018429958,1325
657514,2023,full,-0.0023174037,863
657514,2023,A,-0.0011857465,477
657514,2023,B,-0.00371585,386
672860,2023,full,-0.0016372243,41
672860,2023,A,-0.010757788,24
672860,2023,B,0.011238866,17
621244,2023,full,0.0036235165,2936
621244,2023,A,0.0036580178,1505
621244,2023,B,0.003587231,1431
676440,2023,full,0.0035461895,2326
676440,2023,A,0.0032531,1181
676440,2023,B,0.003848494,1145
641360,2023,full,0.005765248,1229
641360,2023,A,0.0060729734,643
641360,2023,B,0.0054275906,586
674370,2023,full,0.0026476434,940
674370,2023,A,0.004312426,501
674370,2023,B,0.0007477435,439
669456,2023,full,-0.001337202,1954
669456,2023,A,-0.0012909725,1026
669456,2023,B,-0.0013883137,928
656232,2023,full,-0.00302377,1387
656232,2023,A,-0.0038717508,754
656232,2023,B,-0.002013695,633
656234,2023,full,-0.002348995,1391
656234,2023,A,-0.003270501,725
656234,2023,B,-0.0013458541,666
621389,2023,full,-0.010175521,1263
621389,2023,A,-0.009455272,611
621389,2023,B,-0.010850476,652
621112,2023,full,-0.0011444886,1874
621112,2023,A,-0.0014066157,982
621112,2023,B,-0.0008559133,892
669854,2023,full,-0.0027870154,905
669854,2023,A,-0.0015291687,477
669854,2023,B,-0.0041888687,428
542947,2023,full,-0.0026839413,456
542947,2023,A,-0.002052118,242
542947,2023,B,-0.003398433,214
675989,2023,full,0.00077528757,455
675989,2023,A,0.0010137495,243
675989,2023,B,0.000501956,212
621366,2023,full,-0.0003876199,528
621366,2023,A,-0.00023693644,269
621366,2023,B,-0.0005441214,259
676961,2023,full,-0.0011050338,38
676961,2023,A,-0.0011050338,38
680742,2023,full,0.00046903122,56
680742,2023,A,0.0068553938,29
680742,2023,B,-0.006390395,27
621199,2023,full,0.005490613,83
621199,2023,A,0.006783639,51
621199,2023,B,0.003429853,32
502202,2023,full,-0.0023530836,338
502202,2023,A,-0.0016018385,175
502202,2023,B,-0.003159635,163
571510,2023,full,0.00093995716,1178
571510,2023,A,1.0269307e-05,582
571510,2023,B,0.0018478066,596
671212,2023,full,0.003886394,240
671212,2023,A,0.0057860264,146
671212,2023,B,0.00093590154,94
611093,2023,full,-0.0033013078,126
611093,2023,A,-0.004602698,73
611093,2023,B,-0.001508826,53
674003,2023,full,0.0011403743,974
674003,2023,A,0.0017853397,587
674003,2023,B,0.00016209352,387
680694,2023,full,0.006708437,2638
680694,2023,A,0.007354438,1332
680694,2023,B,0.0060495767,1306
605151,2023,full,-0.0052487412,149
605151,2023,A,-0.004022473,78
605151,2023,B,-0.0065959073,71
671737,2023,full,0.0022374776,1821
671737,2023,A,0.002102607,953
671737,2023,B,0.0023855548,868
666374,2023,full,0.01114736,1303
666374,2023,A,0.01080711,628
666374,2023,B,0.01146392,675
518489,2023,full,0.0014542965,899
518489,2023,A,0.0021511903,449
518489,2023,B,0.00075895153,450
623211,2023,full,0.005471003,1012
623211,2023,A,0.0050297496,487
623211,2023,B,0.0058803177,525
605154,2023,full,0.0033865075,671
605154,2023,A,0.0030577919,334
605154,2023,B,0.003712297,337
605155,2023,full,0.00059073034,104
605155,2023,A,-0.0014867559,76
605155,2023,B,0.0062296228,28
689225,2023,full,0.0046936786,624
689225,2023,A,0.004501459,344
689225,2023,B,0.0049298345,280
656257,2023,full,0.0006823147,680
656257,2023,A,0.0008490316,387
656257,2023,B,0.00046211167,293
668754,2023,full,0.0021746345,114
668754,2023,A,0.002945249,81
668754,2023,B,0.00028312672,33
666745,2023,full,0.0064592264,1445
666745,2023,A,0.0067749266,743
666745,2023,B,0.0061250883,702
641401,2023,full,0.0026602487,544
641401,2023,A,0.0018916421,287
641401,2023,B,0.0035185756,257
686613,2023,full,0.0015181779,2719
686613,2023,A,0.0015633261,1353
686613,2023,B,0.0014734596,1366
677865,2023,full,-0.004321664,438
677865,2023,A,-0.0042176,201
677865,2023,B,-0.004409921,237
663460,2023,full,-0.001655548,263
663460,2023,A,-0.0024395955,187
663460,2023,B,0.0002736224,76
656266,2023,full,-0.0019025642,101
656266,2023,A,-0.0011602512,51
656266,2023,B,-0.002659723,50
518516,2023,full,-0.0063921246,350
518516,2023,A,-0.006806627,167
518516,2023,B,-0.0060138623,183
607481,2023,full,-0.0025033036,1099
607481,2023,A,-0.002606229,560
607481,2023,B,-0.0023963682,539
595897,2023,full,0.0066041555,58
595897,2023,A,0.0037972317,44
595897,2023,B,0.015425918,14
641420,2023,full,0.0020218566,75
641420,2023,A,0.0037792702,52
641420,2023,B,-0.0019514253,23
656271,2023,full,-9.609482e-05,914
656271,2023,A,0.00015741192,514
656271,2023,B,-0.00042185097,400
676475,2023,full,-0.15234067,11
676475,2023,A,-0.1483442,7
676475,2023,B,-0.15933442,4
669203,2023,full,0.0053057885,3077
669203,2023,A,0.0046181767,1553
669203,2023,B,0.0060064844,1524
641427,2023,full,-0.0014417763,107
641427,2023,A,-0.003854095,57
641427,2023,B,0.0013082671,50
456713,2023,full,-0.002412286,194
456713,2023,A,-0.005173693,112
456713,2023,B,0.001359392,82
676130,2023,full,-0.0017873644,733
676130,2023,A,-0.0011437465,400
676130,2023,B,-0.0025604784,333
665795,2023,full,0.00017548093,1802
665795,2023,A,4.6930167e-05,916
665795,2023,B,0.00030838477,886
650893,2023,full,0.0013195828,925
650893,2023,A,0.0013024329,490
650893,2023,B,0.0013389013,435
663971,2023,full,0.011050794,11
663971,2023,A,0.011050794,11
663462,2023,full,0.0016517494,478
663462,2023,A,0.0034291912,226
663462,2023,B,5.76944e-05,252
656288,2023,full,0.0017599101,2081
656288,2023,A,0.0026004752,1097
656288,2023,B,0.00082281686,984
666974,2023,full,0.0028292597,1013
666974,2023,A,0.0029310929,549
666974,2023,B,0.0027087706,464
571539,2023,full,-0.003540201,297
571539,2023,A,-0.0027259234,168
571539,2023,B,-0.004600656,129
656290,2023,full,-0.0028562655,330
656290,2023,A,-0.0036415162,189
656290,2023,B,-0.0018036959,141
471911,2023,full,-0.0005743846,1587
471911,2023,A,2.4993182e-05,818
471911,2023,B,-0.0012119544,769
641447,2023,full,-0.010762998,69
641447,2023,A,-0.010724478,22
641447,2023,B,-0.010781029,47
650895,2023,full,-0.00025527147,161
650895,2023,A,0.0010680385,86
650895,2023,B,-0.0017726669,75
620454,2023,full,-0.0069042016,23
620454,2023,A,-0.0069042016,23
622491,2023,full,0.0041112024,3205
622491,2023,A,0.003359744,1643
622491,2023,B,0.0049016285,1562
666721,2023,full,0.00010756116,342
666721,2023,A,0.0006461949,154
666721,2023,B,-0.00033366054,188
612434,2023,full,0.0068746717,1008
612434,2023,A,0.0069488133,505
612434,2023,B,0.006800235,503
656302,2023,full,0.004329571,3261
656302,2023,A,0.004912192,1649
656302,2023,B,0.0037335763,1612
677944,2023,full,0.0017476759,418
677944,2023,A,0.0010710609,254
677944,2023,B,0.0027956036,164
570666,2023,full,-0.001628971,463
570666,2023,A,-0.0005739394,259
570666,2023,B,-0.0029684475,204
605177,2023,full,-0.0056828232,921
605177,2023,A,-0.0053779287,488
605177,2023,B,-0.0060264454,433
547973,2023,full,0.009582792,1005
547973,2023,A,0.007289927,501
547973,2023,B,0.011862012,504
608638,2023,full,0.003551914,703
608638,2023,A,0.0035677582,347
608638,2023,B,0.0035364705,356
445926,2023,full,0.00038310044,577
445926,2023,A,0.0010775201,283
445926,2023,B,-0.00028533716,294
630023,2023,full,-0.0044654952,1342
630023,2023,A,-0.004037401,661
630023,2023,B,-0.0048810183,681
643256,2023,full,0.0040011327,371
643256,2023,A,0.00292353,181
643256,2023,B,0.0050276914,190
542585,2023,full,0.0016225685,986
542585,2023,A,0.0022488069,514
542585,2023,B,0.0009406054,472
650644,2023,full,0.0035063454,2007
650644,2023,A,0.004162666,1017
650644,2023,B,0.0028321256,990
664199,2023,full,0.0022647467,1066
664199,2023,A,0.0034068034,508
664199,2023,B,0.0012250246,558
661403,2023,full,0.012025514,1120
661403,2023,A,0.012128361,562
661403,2023,B,0.01192193,558
592222,2023,full,-0.000792776,4
592222,2023,A,-0.000792776,4
664076,2023,full,0.0006047934,211
664076,2023,A,-0.0020567433,91
664076,2023,B,0.002623126,120
676391,2023,full,-0.054694645,5
676391,2023,A,-0.054694645,5
605182,2023,full,0.0022633988,2100
605182,2023,A,0.0026076185,1078
605182,2023,B,0.0019003178,1022
502171,2023,full,0.0024029426,2506
502171,2023,A,0.0025426238,1291
502171,2023,B,0.0022545243,1215
543037,2023,full,0.0035897035,3279
543037,2023,A,0.0036068952,1664
543037,2023,B,0.0035719902,1615
669395,2023,full,0.0018538873,382
669395,2023,A,0.000723615,193
669395,2023,B,0.0030080809,189
517008,2023,full,-0.008864631,62
517008,2023,A,-0.008145087,41
517008,2023,B,-0.01026945,21
672710,2023,full,-0.00051549554,1141
672710,2023,A,-0.00074491726,648
672710,2023,B,-0.0002139432,493
656322,2023,full,-0.0012399029,147
656322,2023,A,-0.00016983422,72
656322,2023,B,-0.002267169,75
571578,2023,full,-0.007962946,2913
571578,2023,A,-0.007825353,1470
571578,2023,B,-0.008103113,1443
622772,2023,full,0.0047817803,512
622772,2023,A,0.003068675,276
622772,2023,B,0.0067852424,236
641482,2023,full,-0.003330113,1068
641482,2023,A,-0.0018550521,552
641482,2023,B,-0.004908085,516
676680,2023,full,0.0034222638,837
676680,2023,A,0.0032091965,391
676680,2023,B,0.0036090564,446
543056,2023,full,0.003346135,826
543056,2023,A,0.0037285779,410
543056,2023,B,0.0029692077,416
664776,2023,full,0.005609703,202
664776,2023,A,0.0063367654,137
664776,2023,B,0.0040772795,65
592229,2023,full,0.0012160053,735
592229,2023,A,0.0004439731,342
592229,2023,B,0.0018878503,393
680735,2023,full,-0.0024094295,578
680735,2023,A,-0.004193705,260
680735,2023,B,-0.0009505887,318
543063,2023,full,-0.013822195,19
543063,2023,A,-0.013822195,19
676710,2023,full,0.001652807,2099
676710,2023,A,0.0015538547,1068
676710,2023,B,0.0017553103,1031
622503,2023,full,-0.0008360841,260
622503,2023,A,0.00075363414,128
622503,2023,B,-0.002377629,132
681867,2023,full,-0.001095284,554
681867,2023,A,-0.0003293719,283
681867,2023,B,-0.0018951112,271
676979,2023,full,-0.0005017604,292
676979,2023,A,0.0024979834,158
676979,2023,B,-0.0040387725,134
686539,2023,full,-0.0013464955,193
686539,2023,A,0.00014750038,115
686539,2023,B,-0.0035491812,78
640444,2023,full,0.0025232136,179
640444,2023,A,0.00063551415,104
640444,2023,B,0.0051408233,75
518585,2023,full,0.0026916903,1119
518585,2023,A,0.0020764826,522
518585,2023,B,0.002975071,567
674444,2023,full,0.006329417,244
674444,2023,A,0.004259876,139
674444,2023,B,0.009069096,105
621016,2023,full,0.00064966886,1176
621016,2023,A,0.0010347789,585
621016,2023,B,0.00026846828,591
456501,2023,full,0.00034769138,860
456501,2023,A,0.00028426212,497
456501,2023,B,0.00043453526,363
675540,2023,full,-0.001278203,1494
675540,2023,A,-0.0025032596,806
675540,2023,B,0.00015696546,688
595928,2023,full,-0.002760783,301
595928,2023,A,-0.0014742586,176
595928,2023,B,-0.0045722094,125
664202,2023,full,-0.011419372,26
664202,2023,A,-0.00094627653,12
664202,2023,B,-0.020396309,14
680983,2023,full,-0.008446966,36
680983,2023,A,-0.017086105,15
680983,2023,B,-0.0022761533,21
669721,2023,full,0.00025928707,218
669721,2023,A,0.0013800473,127
669721,2023,B,-0.0013048513,91
668470,2023,full,-0.0065778913,7
668470,2023,A,-0.0065778913,7
506433,2023,full,0.0032990458,2217
506433,2023,A,0.0040131966,1146
506433,2023,B,0.0025348845,1071
656353,2023,full,-0.00028118087,847
656353,2023,A,-0.0007770465,362
656353,2023,B,8.892905e-05,485
605200,2023,full,-0.0060165534,1497
605200,2023,A,-0.006832501,744
605200,2023,B,-0.0052103577,753
663562,2023,full,-0.0038349319,601
663562,2023,A,-0.0046083773,315
663562,2023,B,-0.0029830604,286
646241,2023,full,-0.002682408,136
646241,2023,A,-0.0035416163,78
646241,2023,B,-0.0015269208,58
608328,2023,full,-0.002810344,225
608328,2023,A,-0.0037663397,113
608328,2023,B,-0.0018458124,112
592254,2023,full,0.004058966,284
592254,2023,A,0.003081524,143
592254,2023,B,0.0050502717,141
660853,2023,full,0.00055023987,1048
660853,2023,A,0.00060981064,496
660853,2023,B,0.0004967124,552
660787,2023,full,-0.0037674366,397
660787,2023,A,-0.003714067,201
660787,2023,B,-0.0038221686,196
543101,2023,full,0.0001327445,1549
543101,2023,A,-0.00010800525,837
543101,2023,B,0.0004157609,712
571616,2023,full,-0.008473441,76
571616,2023,A,-0.008473441,76
672282,2023,full,-0.0015061906,2599
672282,2023,A,-0.0015828962,1270
672282,2023,B,-0.0014328902,1329
606965,2023,full,0.0023605572,680
606965,2023,A,0.0011512422,319
606965,2023,B,0.0034291765,361
518617,2023,full,0.0028431579,996
518617,2023,A,0.003403656,451
518617,2023,B,0.0023793327,545
689266,2023,full,-0.00030717076,568
689266,2023,A,-0.0004344186,326
689266,2023,B,-0.00013575451,242
622554,2023,full,0.0034867593,859
622554,2023,A,0.002385877,477
622554,2023,B,0.0048614205,382
518626,2023,full,-0.0734272,3
518626,2023,A,-0.0734272,3
666808,2023,full,0.003551851,1138
666808,2023,A,0.003541135,590
666808,2023,B,0.0035633885,548
656382,2023,full,-0.014654697,352
656382,2023,A,-0.015343995,212
656382,2023,B,-0.013610904,140
650960,2023,full,0.0049376246,572
650960,2023,A,0.0059246826,297
650960,2023,B,0.0038716022,275
681869,2023,full,0.0014552161,172
681869,2023,A,0.0012224927,133
681869,2023,B,0.0022488635,39
608648,2023,full,0.007438899,31
608648,2023,A,0.007438899,31
622110,2023,full,-0.075007394,7
622110,2023,A,-0.068128906,3
622110,2023,B,-0.080166265,4
641540,2023,full,-0.0019268236,2696
641540,2023,A,-0.0014451944,1309
641540,2023,B,-0.0023813678,1387
661395,2023,full,0.014396341,1017
661395,2023,A,0.0148579655,516
661395,2023,B,0.013920895,501
664747,2023,full,0.0032187605,1162
664747,2023,A,0.002486047,559
664747,2023,B,0.0038980085,603
646242,2023,full,0.0003844307,160
646242,2023,A,-0.0005540703,72
646242,2023,B,0.0011522948,88
622766,2023,full,0.004057167,208
622766,2023,A,0.002374543,111
622766,2023,B,0.0059826444,97
681987,2023,full,-0.04370277,6
681987,2023,A,-0.04370277,6
605218,2023,full,0.0002508252,565
605218,2023,A,0.00060155295,296
605218,2023,B,-0.00013510555,269
621107,2023,full,0.0006358273,2577
621107,2023,A,0.001144073,1356
621107,2023,B,7.138757e-05,1221
693821,2023,full,-0.0064475695,2843
693821,2023,A,-0.0066115484,1435
693821,2023,B,-0.006280446,1408
669438,2023,full,0.0020518708,958
669438,2023,A,0.0017692003,517
669438,2023,B,0.0023832554,441
543135,2023,full,0.0034304946,2232
543135,2023,A,0.0031175248,1150
543135,2023,B,0.0037631327,1082
668674,2023,full,0.0013934835,1053
668674,2023,A,0.0018402904,541
668674,2023,B,0.0009213694,512
664744,2023,full,-0.001983505,25
664744,2023,A,-0.001983505,25
502179,2023,full,0.0071326876,101
502179,2023,A,0.008685935,63
502179,2023,B,0.004557566,38
683155,2023,full,-1.0270693e-05,165
683155,2023,A,0.00068310753,90
683155,2023,B,-0.0008423245,75
669093,2023,full,0.0031089003,237
669093,2023,A,0.0005797032,112
669093,2023,B,0.0053750616,125
608032,2023,full,7.023934e-05,1127
608032,2023,A,-0.001433456,553
608032,2023,B,0.0015189216,574
656412,2023,full,-0.0019717405,1034
656412,2023,A,-0.0025834995,561
656412,2023,B,-0.0012461661,473
664126,2023,full,0.01348628,734
664126,2023,A,0.012947472,354
664126,2023,B,0.013988223,380
663559,2023,full,-0.002884016,1296
663559,2023,A,-0.0016514338,634
663559,2023,B,-0.004064465,662
544727,2023,full,-0.0048542414,256
544727,2023,A,-0.00467555,164
544727,2023,B,-0.005172779,92
607188,2023,full,-0.0015911781,65
607188,2023,A,-0.0015911781,65
571656,2023,full,0.00033349605,1222
571656,2023,A,0.00084397825,644
571656,2023,B,-0.00023527634,578
676534,2023,full,0.006654526,514
676534,2023,A,0.0070808195,263
676534,2023,B,0.0062078517,251
665734,2023,full,-0.0029107956,271
665734,2023,A,-0.0005321998,126
665734,2023,B,-0.004977714,145
663372,2023,full,0.0009985726,776
663372,2023,A,0.0006111763,418
663372,2023,B,0.0014508959,358
657571,2023,full,0.0011493196,1065
657571,2023,A,0.0018236362,542
657571,2023,B,0.00045050588,523
678606,2023,full,-0.00013760591,559
678606,2023,A,-0.0007435496,293
678606,2023,B,0.00052984344,266
670036,2023,full,0.0042313985,195
670036,2023,A,0.004086786,73
670036,2023,B,0.0043179295,122
640448,2023,full,0.0037589846,1105
640448,2023,A,0.003962721,604
640448,2023,B,0.0035133609,501
656427,2023,full,0.00059131975,2632
656427,2023,A,0.0008424844,1348
656427,2023,B,0.0003276359,1284
676596,2023,full,-0.0005821519,759
676596,2023,A,-0.00034130257,440
676596,2023,B,-0.00091435766,319
623167,2023,full,-0.0050949617,1755
623167,2023,A,-0.0043226522,899
623167,2023,B,-0.0059060673,856
571670,2023,full,0.0013727397,961
571670,2023,A,0.001864318,449
571670,2023,B,0.0009416483,512
671345,2023,full,0.004395066,1047
671345,2023,A,0.0054658675,539
671345,2023,B,0.003258921,508
645801,2023,full,-0.048610788,2
645801,2023,A,-0.048610788,2
641585,2023,full,0.0013827971,2202
641585,2023,A,0.0011498644,1101
641585,2023,B,0.0016157295,1101
670102,2023,full,0.0017908455,539
670102,2023,A,0.0030321656,322
670102,2023,B,-5.1112802e-05,217
607536,2023,full,-0.010245315,2414
607536,2023,A,-0.010469643,1235
607536,2023,B,-0.010010328,1179
608331,2023,full,0.0007177891,1227
608331,2023,A,0.0008163062,610
608331,2023,B,0.00062038965,617
666818,2023,full,-0.0019818363,538
666818,2023,A,-0.0012779596,330
666818,2023,B,-0.003098564,208
660261,2023,full,0.003468672,1404
660261,2023,A,0.004414492,701
660261,2023,B,0.002525544,703
608334,2023,full,-0.0037387693,157
608334,2023,A,-0.0032357685,145
608334,2023,B,-0.0098167015,12
605242,2023,full,0.004406528,903
605242,2023,A,0.0035868948,432
605242,2023,B,0.005158294,471
681892,2023,full,-0.0032817211,192
681892,2023,A,-0.0035632162,107
681892,2023,B,-0.0029273685,85
683769,2023,full,-0.0012584003,685
683769,2023,A,-0.0010166769,351
683769,2023,B,-0.0015124268,334
657424,2023,full,0.0020872906,119
657424,2023,A,0.0034107224,80
657424,2023,B,-0.00062744063,39
606149,2023,full,-0.003502117,870
606149,2023,A,-0.0034055847,454
606149,2023,B,-0.003607467,416
668678,2023,full,0.0031589628,3248
668678,2023,A,0.0030815988,1627
668678,2023,B,0.0032366132,1621
677651,2023,full,-0.00680546,465
677651,2023,A,-0.007738915,279
677651,2023,B,-0.0054052765,186
670329,2023,full,0.0026287325,267
670329,2023,A,0.0042682607,159
670329,2023,B,0.00021498099,108
676395,2023,full,0.0028829332,522
676395,2023,A,0.002679334,290
676395,2023,B,0.0031374325,232
665620,2023,full,0.0001874002,289
665620,2023,A,0.0022287813,132
665620,2023,B,-0.00152892,157
472610,2023,full,0.0037076022,1010
472610,2023,A,0.0036990917,506
472610,2023,B,0.0037161466,504
554340,2023,full,0.0045381435,1100
554340,2023,A,0.0039200312,531
554340,2023,B,0.005114976,569
607237,2023,full,-0.0042858743,476
607237,2023,A,-0.004896161,262
607237,2023,B,-0.0035387005,214
666129,2023,full,-0.0020115299,2479
666129,2023,A,-0.001846321,1253
666129,2023,B,-0.0021803775,1226
657585,2023,full,0.0044753025,347
657585,2023,A,0.00423059,194
657585,2023,B,0.004785592,153
621057,2023,full,-0.0013604489,352
621057,2023,A,-0.000904546,177
621057,2023,B,-0.0018215622,175
592332,2023,full,0.004193919,3066
592332,2023,A,0.004538961,1572
592332,2023,B,0.0038308618,1494
593334,2023,full,-0.00022182336,1653
593334,2023,A,0.0003030798,774
593334,2023,B,-0.00068402465,879
664139,2023,full,0.0038935342,1214
664139,2023,A,0.0038256166,587
664139,2023,B,0.0039571193,627
502043,2023,full,-0.0037452094,3033
502043,2023,A,-0.0037068478,1527
502043,2023,B,-0.0037841068,1506
669302,2023,full,0.0032210944,2921
669302,2023,A,0.004120377,1453
669302,2023,B,0.0023310005,1468
656457,2023,full,-0.0031503788,263
656457,2023,A,-0.0021522252,124
656457,2023,B,-0.004040818,139
670810,2023,full,-0.0015424,191
670810,2023,A,-0.00308539,125
670810,2023,B,0.0013799297,66
656464,2023,full,-0.0021307825,1055
656464,2023,A,-0.0028488745,565
656464,2023,B,-0.0013027784,490
608337,2023,full,-0.0005452242,3190
608337,2023,A,-0.0008332099,1685
608337,2023,B,-0.00022279512,1505
687830,2023,full,0.004280597,336
687830,2023,A,0.0043213344,162
687830,2023,B,0.004242669,174
571710,2023,full,-0.002446138,89
571710,2023,A,-0.00503094,57
571710,2023,B,0.002158039,32
607192,2023,full,0.005470899,1894
607192,2023,A,0.0056031095,968
607192,2023,B,0.0053326916,926
596295,2023,full,-0.0027220265,2160
596295,2023,A,-0.0027363375,1123
596295,2023,B,-0.0027065289,1037
664062,2023,full,-0.002869152,1664
664062,2023,A,-0.002288476,804
664062,2023,B,-0.0034120164,860
594835,2023,full,0.00015414986,810
594835,2023,A,0.001645914,402
594835,2023,B,-0.0013156767,408
592346,2023,full,-0.003581877,75
592346,2023,A,-0.0027745806,38
592346,2023,B,-0.004410992,37
624647,2023,full,-0.0022747517,510
624647,2023,A,-0.0021926945,267
624647,2023,B,-0.0023649137,243
669022,2023,full,0.0012430662,2460
669022,2023,A,-0.0001633372,1272
669022,2023,B,0.0027489124,1188
641627,2023,full,0.0025426114,977
641627,2023,A,0.002428899,462
641627,2023,B,0.0026446213,515
660813,2023,full,0.009696634,929
660813,2023,A,0.0101749655,439
660813,2023,B,0.009268087,490
608665,2023,full,0.0026957886,1113
608665,2023,A,0.0039518992,551
608665,2023,B,0.0014642638,562
592351,2023,full,-0.0002634263,2393
592351,2023,A,5.6476372e-05,1228
592351,2023,B,-0.0006006282,1165
680686,2023,full,-0.0026900207,2811
680686,2023,A,-0.00212379,1436
680686,2023,B,-0.0032813721,1375
543243,2023,full,0.0019301426,2815
543243,2023,A,0.0016123651,1401
543243,2023,B,0.002244999,1414
643338,2023,full,0.0073683443,195
643338,2023,A,0.007885546,96
643338,2023,B,0.006866815,99
668881,2023,full,0.0070583834,2076
668881,2023,A,0.0072057187,1011
668881,2023,B,0.0069185183,1065
572888,2023,full,0.004653856,42
572888,2023,A,0.0030319302,9
572888,2023,B,0.0050961995,33
425844,2023,full,-0.003409774,2217
425844,2023,A,-0.0029029318,1070
425844,2023,B,-0.0038825911,1147
675627,2023,full,0.0025427632,1146
675627,2023,A,0.003847642,581
675627,2023,B,0.0012009328,565
642770,2023,full,0.0034607314,362
642770,2023,A,0.004236569,196
642770,2023,B,0.0025446818,166
672782,2023,full,5.4752378e-05,30
672782,2023,A,5.4752378e-05,30
623352,2023,full,0.007211738,1042
623352,2023,A,0.0061287177,523
623352,2023,B,0.008303106,519
669084,2023,full,0.0054958463,371
669084,2023,A,0.005545284,230
669084,2023,B,0.0054152044,141
641656,2023,full,0.0033154164,979
641656,2023,A,0.004362783,490
641656,2023,B,0.0022659078,489
676106,2023,full,8.122581e-05,194
676106,2023,A,0.0015591214,118
676106,2023,B,-0.0022134015,76
543272,2023,full,-0.0029439812,969
543272,2023,A,-0.0029676794,552
543272,2023,B,-0.0029126112,417
669724,2023,full,0.0021191768,89
669724,2023,A,-0.00093062123,60
669724,2023,B,0.0084291035,29
665048,2023,full,0.004239664,350
665048,2023,A,0.0052083866,227
665048,2023,B,0.0024518585,123
663687,2023,full,-0.0025412936,1109
663687,2023,A,-0.0024049217,553
663687,2023,B,-0.0026769296,556
690986,2023,full,-0.00027399536,588
690986,2023,A,-0.0009407815,332
690986,2023,B,0.0005907427,256
664129,2023,full,-0.011900933,66
664129,2023,A,-0.008899827,20
664129,2023,B,-0.01320576,46
701643,2023,full,0.0009443025,639
701643,2023,A,0.0019666257,306
701643,2023,B,4.870308e-06,333
640451,2023,full,0.007868681,960
640451,2023,A,0.006658687,474
640451,2023,B,0.009048799,486
641672,2023,full,0.00054926844,472
641672,2023,A,-0.0004959712,198
641672,2023,B,0.0013045876,274
687396,2023,full,-0.0040030344,494
687396,2023,A,-0.003440467,310
687396,2023,B,-0.004950838,184
571760,2023,full,0.0023633267,2602
571760,2023,A,0.0014967636,1255
571760,2023,B,0.0031707033,1347
621368,2023,full,-0.004240671,313
621368,2023,A,-0.006449322,160
621368,2023,B,-0.0019309717,153
669169,2023,full,0.00049763056,221
669169,2023,A,-0.000460971,139
669169,2023,B,0.0021225763,82
621294,2023,full,-0.0002549541,308
621294,2023,A,-0.001128172,172
621294,2023,B,0.0008494099,136
664854,2023,full,0.01321617,607
664854,2023,A,0.014071232,301
664854,2023,B,0.012375078,306
592390,2023,full,0.010073196,18
592390,2023,A,0.010073196,18
543294,2023,full,-0.005449373,2107
543294,2023,A,-0.004224071,1091
543294,2023,B,-0.006765125,1016
521230,2023,full,0.0008615964,87
521230,2023,A,0.00289981,56
521230,2023,B,-0.0028203377,31
674072,2023,full,-0.0033915618,1391
674072,2023,A,-0.0039336137,680
674072,2023,B,-0.002873144,711
656529,2023,full,-0.0044698142,846
656529,2023,A,-0.0042197234,447
656529,2023,B,-0.0047499915,399
623474,2023,full,0.0073613925,509
623474,2023,A,0.008711871,260
623474,2023,B,0.005951254,249
643361,2023,full,-0.0015722302,418
643361,2023,A,-0.0032749383,229
643361,2023,B,0.00049083994,189
669796,2023,full,-0.0009365618,861
669796,2023,A,-0.0007881183,439
669796,2023,B,-0.0010909851,422
663321,2023,full,-0.004083507,81
663321,2023,A,-0.0034319686,48
663321,2023,B,-0.0050312,33
672578,2023,full,0.006010032,1251
672578,2023,A,0.0057065533,634
672578,2023,B,0.006321873,617
678226,2023,full,0.00095041824,83
678226,2023,A,0.0041493266,39
678226,2023,B,-0.0018849783,44
642546,2023,full,0.0057512517,553
642546,2023,A,0.0050162673,293
642546,2023,B,0.006579522,260
682120,2023,full,0.0028194538,509
682120,2023,A,0.0025961222,278
682120,2023,B,0.0030882244,231
663855,2023,full,0.008618248,1088
663855,2023,A,0.008922845,573
663855,2023,B,0.008279347,515
682051,2023,full,-0.0011399805,309
682051,2023,A,0.0011135289,156
682051,2023,B,-0.0034376758,153
448179,2023,full,-0.0026573692,2511
448179,2023,A,-0.00284422,1269
448179,2023,B,-0.0024664565,1242
657612,2023,full,0.0027545108,716
657612,2023,A,0.0022127088,342
657612,2023,B,0.0032499554,374
663546,2023,full,-0.0012694264,514
663546,2023,A,-0.0014050677,299
663546,2023,B,-0.0010807904,215
663773,2023,full,-0.0012969739,1124
663773,2023,A,-0.002223276,588
663773,2023,B,-0.00028080677,536
656546,2023,full,0.006552174,869
656546,2023,A,0.007236712,415
656546,2023,B,0.005926441,454
670059,2023,full,0.00372645,930
670059,2023,A,0.0029099528,446
670059,2023,B,0.0044788416,484
668970,2023,full,0.0028791372,610
668970,2023,A,0.0043175146,295
668970,2023,B,0.0015320854,315
605280,2023,full,0.0042388327,1024
605280,2023,A,0.004386423,529
605280,2023,B,0.004081105,495
663947,2023,full,0.00029732898,1195
663947,2023,A,7.743944e-05,614
663947,2023,B,0.0005297078,581
641703,2023,full,-0.0018153941,867
641703,2023,A,-0.0018848816,418
641703,2023,B,-0.0013166828,414
656557,2023,full,0.0013946394,1728
656557,2023,A,0.0012520917,877
656557,2023,B,0.0015415421,851
605288,2023,full,-0.0011631238,1856
605288,2023,A,-0.0020591498,940
605288,2023,B,-0.00024362143,916
675921,2023,full,0.0052628852,80
675921,2023,A,0.0050800424,70
675921,2023,B,0.0065427846,10
663542,2023,full,0.002818619,164
663542,2023,A,0.0043403627,73
663542,2023,B,0.00159788,91
641712,2023,full,-0.009637215,1317
641712,2023,A,-0.00890326,635
641712,2023,B,-0.010320591,682
543339,2023,full,-0.0027552112,64
543339,2023,A,-0.0016738599,43
543339,2023,B,-0.004969406,21
676714,2023,full,-0.00059531565,239
676714,2023,A,-0.00038586624,125
676714,2023,B,-0.0008249751,114
488984,2023,full,-0.002150761,367
488984,2023,A,-0.0010555767,202
488984,2023,B,-0.0034915318,165
669165,2023,full,3.1148782e-05,24
669165,2023,A,3.1148782e-05,24
628452,2023,full,0.0032040717,870
628452,2023,A,0.0029081206,414
628452,2023,B,0.0034727643,456
688427,2023,full,-0.0044581247,100
688427,2023,A,-0.0021526658,46
688427,2023,B,-0.006422033,54
608344,2023,full,-0.0032389157,1268
608344,2023,A,-0.0029584744,681
608344,2023,B,-0.0035642656,587
663623,2023,full,0.000114469956,2147
663623,2023,A,-0.0008375557,1060
663623,2023,B,0.0010428481,1087
656578,2023,full,0.002302142,1001
656578,2023,A,0.0029878854,492
656578,2023,B,0.0016393024,509
543351,2023,full,0.0016431508,442
543351,2023,A,0.002464126,216
543351,2023,B,0.0008585015,226
592426,2023,full,0.009131615,525
592426,2023,A,0.009381315,297
592426,2023,B,0.008806348,228
667427,2023,full,-0.0033617315,372
667427,2023,A,-0.0038097266,198
667427,2023,B,-0.0028519435,174
689690,2023,full,-0.0009729529,47
689690,2023,A,0.002242625,16
689690,2023,B,-0.0026326063,31
682175,2023,full,-0.00021580482,436
682175,2023,A,0.00080936233,238
682175,2023,B,-0.0014480763,198
686753,2023,full,0.0014857758,674
686753,2023,A,0.0016947463,393
686753,2023,B,0.0011935144,281
445276,2023,full,0.0063641295,721
445276,2023,A,0.0074975197,344
445276,2023,B,0.0061847414,334
686826,2023,full,-0.0014536293,370
686826,2023,A,0.0010316556,173
686826,2023,B,-0.003636138,197
664299,2023,full,-0.0001534729,2861
664299,2023,A,-0.00077109865,1432
664299,2023,B,0.0004654496,1429
643377,2023,full,0.010741482,1046
643377,2023,A,0.010208227,531
643377,2023,B,0.011291302,515
666204,2023,full,-0.0032245459,405
666204,2023,A,-0.0041164914,191
666204,2023,B,-0.0024284644,214
641729,2023,full,0.0062480867,935
641729,2023,A,0.007260333,456
641729,2023,B,0.005284445,479
572955,2023,full,0.004593409,1084
572955,2023,A,0.0047776345,535
572955,2023,B,0.004413882,549
690829,2023,full,0.011838524,202
690829,2023,A,0.013740678,97
690829,2023,B,0.010081293,105
596001,2023,full,0.0038763515,1382
596001,2023,A,0.0037814907,675
596001,2023,B,0.003966918,707
676083,2023,full,0.0054756277,110
676083,2023,A,0.002504219,79
676083,2023,B,0.013047931,31
687145,2023,full,-0.00083235896,169
687145,2023,A,0.0022502735,93
687145,2023,B,-0.0046045277,76
592454,2023,full,-0.00053919473,685
592454,2023,A,-0.00040939706,339
592454,2023,B,-0.0006663665,346
621076,2023,full,-0.0027502563,1090
621076,2023,A,-0.004141023,592
621076,2023,B,-0.0010969748,498
676689,2023,full,-0.0035701941,21
676689,2023,A,-0.0035701941,21
675916,2023,full,0.0015119689,732
675916,2023,A,-0.00089546316,335
675916,2023,B,0.003543429,397
666154,2023,full,-0.0048617087,581
666154,2023,A,-0.005416917,366
666154,2023,B,-0.003916563,215
641743,2023,full,0.0054491777,230
641743,2023,A,0.0045958953,121
641743,2023,B,0.0063963993,109
641745,2023,full,-0.0026598305,871
641745,2023,A,-0.0011789248,497
641745,2023,B,-0.004627772,374
656605,2023,full,0.0017097469,3119
656605,2023,A,0.0024910625,1541
656605,2023,B,0.0009467513,1578
665001,2023,full,0.007368372,272
665001,2023,A,0.006660021,118
665001,2023,B,0.0079111345,154
523260,2023,full,0.008141555,712
523260,2023,A,0.008359451,378
523260,2023,B,0.007894955,334
687330,2023,full,0.00036509967,1066
687330,2023,A,-0.00015486866,575
687330,2023,B,0.0009740239,491
518876,2023,full,0.0005438061,2803
518876,2023,A,0.0010905924,1385
518876,2023,B,9.7448765e-06,1418
547184,2023,full,0.0040468,272
547184,2023,A,0.0020959189,126
547184,2023,B,0.005730437,146
677161,2023,full,0.0010564118,179
677161,2023,A,0.0024592597,95
677161,2023,B,-0.00053014216,84
664028,2023,full,-0.0063065016,310
664028,2023,A,-0.0052689025,203
664028,2023,B,-0.008275028,107
453178,2023,full,-0.0026291339,313
453178,2023,A,-0.0021040144,146
453178,2023,B,-0.0030882203,167
689147,2023,full,0.015486808,60
689147,2023,A,0.017378349,37
689147,2023,B,0.0124438945,23
678061,2023,full,-0.0012252459,427
678061,2023,A,0.00023120777,221
678061,2023,B,-0.0027877514,206
477132,2023,full,-0.00040910378,2024
477132,2023,A,-0.00045118926,993
477132,2023,B,-0.00036856934,1031
572971,2023,full,-0.009531931,658
572971,2023,A,-0.009530459,322
572971,2023,B,-0.009533344,336
579328,2023,full,0.0007780549,2817
579328,2023,A,0.001789686,1410
579328,2023,B,-0.00023573315,1407
668873,2023,full,-0.006084585,130
668873,2023,A,-0.0066630216,125
668873,2023,B,0.008376328,5
518886,2023,full,0.008630311,1121
518886,2023,A,0.008062078,563
518886,2023,B,0.009203636,558
667463,2023,full,-0.002500875,527
667463,2023,A,-0.002690505,234
667463,2023,B,-0.0023494298,293
650633,2023,full,0.0037295236,1681
650633,2023,A,0.0037995162,859
650633,2023,B,0.0036563799,822
641755,2023,full,-0.0021609156,298
641755,2023,A,-0.0019414431,167
641755,2023,B,-0.0024407012,131
669923,2023,full,0.0048774313,2824
669923,2023,A,0.0052561807,1491
669923,2023,B,0.00445379,1333
552640,2023,full,0.0077619087,186
552640,2023,A,0.0059055067,98
552640,2023,B,0.009829264,88
446372,2023,full,-0.0026041882,981
446372,2023,A,-0.0024948583,489
446372,2023,B,-0.0027128512,492
663753,2023,full,0.003387345,123
663753,2023,A,0.0041789487,51
663753,2023,B,0.0028266264,72
571863,2023,full,0.00037848428,584
571863,2023,A,0.0011527995,328
571863,2023,B,-0.000613607,256
592473,2023,full,0.0029574747,83
592473,2023,A,0.0034705726,54
592473,2023,B,0.0020020513,29
656629,2023,full,0.00046012667,2430
656629,2023,A,0.00054809754,1232
656629,2023,B,0.00036965904,1198
663804,2023,full,0.0019752197,568
663804,2023,A,0.0016822355,334
663804,2023,B,0.0023934108,234
607216,2023,full,-0.0033567487,80
607216,2023,A,4.117735e-05,45
607216,2023,B,-0.0077255103,35
665152,2023,full,-0.00093336066,2925
665152,2023,A,-0.00159868,1437
665152,2023,B,-0.00029084465,1488
621139,2023,full,-0.0008213184,92
621139,2023,A,-0.012376251,39
621139,2023,B,0.0076813675,53
640454,2023,full,-0.012485654,107
640454,2023,A,-0.011490318,49
640454,2023,B,-0.0133265415,58
641771,2023,full,-0.0020193402,770
641771,2023,A,-0.0023611565,385
641771,2023,B,-0.001677524,385
669270,2023,full,0.0008861386,195
669270,2023,A,0.0017096564,128
669270,2023,B,-0.0006871487,67
686747,2023,full,-0.0025033928,540
686747,2023,A,-0.0017676968,283
686747,2023,B,-0.0033135167,257
669424,2023,full,0.00020011605,676
669424,2023,A,0.00052875135,319
669424,2023,B,-9.353853e-05,357
663567,2023,full,-9.890655e-05,1450
663567,2023,A,-0.0010332131,704
663567,2023,B,0.00078279834,746
659275,2023,full,-0.005407063,603
659275,2023,A,-0.0036143793,314
659275,2023,B,-0.007354824,289
656638,2023,full,0.0037471133,1146
656638,2023,A,0.0029151447,553
656638,2023,B,0.0045229625,593
656641,2023,full,0.0015825601,96
656641,2023,A,0.004074455,53
656641,2023,B,-0.0014888439,43
641778,2023,full,-0.0060414523,843
641778,2023,A,-0.006470683,405
641778,2023,B,-0.005644561,438
571882,2023,full,-0.0021875394,959
571882,2023,A,-0.0007634307,463
571882,2023,B,-0.0035168987,496
596271,2023,full,0.00090123585,447
596271,2023,A,0.0016787299,210
596271,2023,B,0.00021231693,237
664875,2023,full,0.00589835,1183
664875,2023,A,0.0068681715,584
664875,2023,B,0.0049528154,599
681517,2023,full,-0.0018895086,58
681517,2023,A,-0.0019292268,46
681517,2023,B,-0.0017372557,12
600917,2023,full,0.0036728883,977
600917,2023,A,0.0035348763,520
600917,2023,B,0.003829926,457
669276,2023,full,-0.0016255361,388
669276,2023,A,-0.0013065636,161
669276,2023,B,-0.0018517682,227
668984,2023,full,0.0047049993,231
668984,2023,A,0.0050928476,113
668984,2023,B,0.0043335846,118
643410,2023,full,-0.0030173252,1046
643410,2023,A,-0.003530747,522
643410,2023,B,-0.0025058626,524
608678,2023,full,0.00044984822,886
608678,2023,A,0.0011349029,448
608678,2023,B,-0.00025084708,438
669461,2023,full,-0.003879064,1003
669461,2023,A,-0.0013152047,487
669461,2023,B,-0.0062988303,516
689167,2023,full,-0.005227483,97
689167,2023,A,-0.0053788666,91
689167,2023,B,-0.0029314936,6
641793,2023,full,0.00013353764,1316
641793,2023,A,0.0004668464,721
641793,2023,B,-0.00027035456,595
681432,2023,full,0.0029219072,135
681432,2023,A,0.0035301857,67
681432,2023,B,0.0023225744,68
594902,2023,full,-0.0008861368,1383
594902,2023,A,-0.002572825,731
594902,2023,B,0.00100492,652
661440,2023,full,0.00576566,621
661440,2023,A,0.006192118,262
661440,2023,B,0.005454429,359
666157,2023,full,-0.0028600392,646
666157,2023,A,-0.0017109846,369
666157,2023,B,-0.0043907296,277
656657,2023,full,-0.0046114414,173
656657,2023,A,-0.00433594,111
656657,2023,B,-0.0051046787,62
669674,2023,full,-0.001881995,776
669674,2023,A,-0.00137507,339
669674,2023,B,-0.002275239,437
682052,2023,full,0.00013397221,193
682052,2023,A,0.0016054072,89
682052,2023,B,-0.0011252369,104
673111,2023,full,-0.00053510984,51
673111,2023,A,-0.00053510984,51
547179,2023,full,0.0013435355,2366
547179,2023,A,0.0015017465,1162
547179,2023,B,0.0011908432,1204
571901,2023,full,0.0036400682,837
571901,2023,A,0.0031126598,453
571901,2023,B,0.004262245,384
663992,2023,full,-0.0017467323,378
663992,2023,A,-0.00070935854,180
663992,2023,B,-0.0026897993,198
642528,2023,full,0.0129202595,236
642528,2023,A,0.014141447,117
642528,2023,B,0.011719597,119
687922,2023,full,-0.0036669676,148
687922,2023,A,-0.00032981922,74
687922,2023,B,-0.007004116,74
664192,2023,full,-0.0075238333,695
664192,2023,A,-0.006766224,363
664192,2023,B,-0.008352182,332
476595,2023,full,-0.0052450295,283
476595,2023,A,-0.0041852933,125
476595,2023,B,-0.006083428,158
607625,2023,full,0.0013206641,2376
607625,2023,A,0.0009813816,1155
607625,2023,B,0.001641607,1221
666200,2023,full,0.000703942,2988
666200,2023,A,0.00084146496,1498
666200,2023,B,0.00056568027,1490
543475,2023,full,-0.002461409,2813
543475,2023,A,-0.0016176206,1421
543475,2023,B,-0.0033227766,1392
663738,2023,full,-0.0041153454,808
663738,2023,A,-0.004609085,446
663738,2023,B,-0.0035070372,362
458681,2023,full,0.000748581,3165
458681,2023,A,0.0008183905,1610
458681,2023,B,0.0006763023,1555
605347,2023,full,0.0040544253,966
605347,2023,A,0.0037219203,558
605347,2023,B,0.0045091743,408
641154,2023,full,0.0057510165,3023
641154,2023,A,0.0045314,1531
641154,2023,B,0.0070025134,1492
625643,2023,full,0.0043268623,1205
625643,2023,A,0.004330111,619
625643,2023,B,0.00432343,586
600921,2023,full,0.0057743564,774
600921,2023,A,0.00674202,352
600921,2023,B,0.004967205,422
676632,2023,full,-0.059454396,1
676632,2023,A,-0.059454396,1
628317,2023,full,0.0015789936,1700
628317,2023,A,0.0027682225,879
628317,2023,B,0.00030575125,821
641816,2023,full,0.0034616708,420
641816,2023,A,0.005256072,238
641816,2023,B,0.0011151468,182
571912,2023,full,-0.055469364,5
571912,2023,A,-0.080786146,2
571912,2023,B,-0.038591515,3
640455,2023,full,-0.0019864622,2052
640455,2023,A,-0.002191995,997
640455,2023,B,-0.0017922285,1055
666159,2023,full,0.0014270948,1180
666159,2023,A,0.0002956655,570
666159,2023,B,0.002484332,610
666201,2023,full,-0.003255699,1684
666201,2023,A,-0.003471009,850
666201,2023,B,-0.0030362594,834
573009,2023,full,0.0003942641,571
573009,2023,A,0.0007617846,315
573009,2023,B,-5.7958532e-05,256
676760,2023,full,0.0018067821,893
676760,2023,A,0.00063586095,428
676760,2023,B,0.0028845335,465
592527,2023,full,-0.0014958129,41
592527,2023,A,-0.0014958129,41
679525,2023,full,-0.0012116292,1342
679525,2023,A,-0.0022161903,741
679525,2023,B,2.6939713e-05,601
665896,2023,full,-0.004345749,173
665896,2023,A,-0.003223673,105
665896,2023,B,-0.0060783657,68
628708,2023,full,0.006624968,700
628708,2023,A,0.005579063,310
628708,2023,B,0.0074563273,390
455119,2023,full,0.0033451722,721
455119,2023,A,0.0027510454,351
455119,2023,B,0.003908789,370
661309,2023,full,-0.005822274,943
661309,2023,A,-0.004326524,453
661309,2023,B,-0.0072050784,490
679885,2023,full,0.007958881,236
679885,2023,A,0.008061903,112
679885,2023,B,0.0078658275,124
607259,2023,full,0.004776242,1750
607259,2023,A,0.0041913567,908
607259,2023,B,0.0054069734,842
661527,2023,full,0.003542223,764
661527,2023,A,0.003133701,313
661527,2023,B,0.0038257425,451
664208,2023,full,0.0030780595,1040
664208,2023,A,0.0031183485,524
664208,2023,B,0.0030371458,516
571927,2023,full,0.0007387055,1816
571927,2023,A,0.00111754,1004
571927,2023,B,0.00027029443,812
669160,2023,full,0.004053817,723
669160,2023,A,0.003189277,359
669160,2023,B,0.004906482,364
543507,2023,full,0.002615144,776
543507,2023,A,0.0033790383,402
543507,2023,B,0.0017940588,374
594577,2023,full,0.001435449,455
594577,2023,A,6.005852e-05,220
594577,2023,B,0.0027230484,235
641835,2023,full,-0.0055795936,804
641835,2023,A,-0.0049538403,367
641835,2023,B,-0.006105112,437
502083,2023,full,0.0058696005,123
502083,2023,A,0.00683024,52
502083,2023,B,0.0051660324,71
663704,2023,full,0.0044260495,341
663704,2023,A,0.0049954024,169
663704,2023,B,0.0038666264,172
670766,2023,full,0.0046199337,112
670766,2023,A,0.0034353829,45
670766,2023,B,0.005415527,67
663556,2023,full,0.0012688284,1820
663556,2023,A,0.0008484016,955
663556,2023,B,0.0017329989,865
519008,2023,full,-0.0023111783,51
519008,2023,A,-0.00020291355,39
519008,2023,B,-0.009163038,12
668834,2023,full,0.0040409924,64
668834,2023,A,0.0040409924,64
543518,2023,full,-0.0016196895,1232
543518,2023,A,-0.0019891802,604
543518,2023,B,-0.0012643194,628
543521,2023,full,0.002594673,1016
543521,2023,A,0.0028707804,593
543521,2023,B,0.0022076003,423
663474,2023,full,-0.0020480345,300
663474,2023,A,-0.001302918,131
663474,2023,B,-0.0026256107,169
669111,2023,full,0.0061433106,55
669111,2023,A,0.007959337,26
669111,2023,B,0.004515149,29
607644,2023,full,0.0015685344,339
607644,2023,A,0.0020807476,171
607644,2023,B,0.0010471754,168
683232,2023,full,0.005375875,362
683232,2023,A,0.0049046297,192
683232,2023,B,0.0059081065,170
682989,2023,full,-0.0026737254,66
682989,2023,A,-0.0011930695,48
682989,2023,B,-0.0066221403,18
665622,2023,full,-0.0003189093,1945
665622,2023,A,-0.0009082292,1050
665622,2023,B,0.00037247187,895
656730,2023,full,0.0047672023,599
656730,2023,A,0.0013145108,288
656730,2023,B,0.0079645505,311
656731,2023,full,-0.002999572,2235
656731,2023,A,-0.00330856,1115
656731,2023,B,-0.002691963,1120
650496,2023,full,0.0031540322,214
650496,2023,A,0.0017526103,97
650496,2023,B,0.0043158946,117
657240,2023,full,0.0084471665,1214
657240,2023,A,0.008798745,613
657240,2023,B,0.008088569,601
641871,2023,full,0.0031664,856
641871,2023,A,0.002683947,442
641871,2023,B,0.0036814823,414
571945,2023,full,-0.0010418496,3190
571945,2023,A,-0.0011562797,1580
571945,2023,B,-0.0009295516,1610
489119,2023,full,-0.0019363562,1873
489119,2023,A,-0.0018147563,1036
489119,2023,B,-0.0020868664,837
676272,2023,full,0.00802915,1961
676272,2023,A,0.0077873827,1008
676272,2023,B,0.008284869,953
682243,2023,full,0.0022910659,2094
682243,2023,A,0.0011380921,1047
682243,2023,B,0.0034440395,1047
695243,2023,full,0.0028445697,609
695243,2023,A,0.003393266,287
695243,2023,B,0.0023555136,322
571946,2023,full,-0.00094646384,663
571946,2023,A,0.0021349273,286
571946,2023,B,-0.0032840713,377
668338,2023,full,0.0021320384,224
668338,2023,A,0.00219747,113
668338,2023,B,0.0020654278,111
621219,2023,full,-0.00016475088,40
621219,2023,A,-0.00016475088,40
571948,2023,full,0.0028454482,1027
571948,2023,A,0.0027015784,496
571948,2023,B,0.002979835,531
543548,2023,full,-0.0050262,163
543548,2023,A,-0.0035830846,82
543548,2023,B,-0.0064871325,81
621345,2023,full,0.0042134975,1051
621345,2023,A,0.0045328443,520
621345,2023,B,0.004168468,514
664948,2023,full,-0.0009575414,240
664948,2023,A,-0.0019200634,135
664948,2023,B,0.00027998694,105
669387,2023,full,0.0031760812,617
669387,2023,A,0.0024499835,312
669387,2023,B,0.0039188433,305
594580,2023,full,0.006146904,1025
594580,2023,A,0.0062428317,492
594580,2023,B,0.0060583563,533
593423,2023,full,0.002467235,26
593423,2023,A,0.002467235,26
606160,2023,full,0.0039082062,1253
606160,2023,A,0.0038829637,624
606160,2023,B,0.003933247,629
656756,2023,full,-0.0046992525,2914
656756,2023,A,-0.004706551,1499
656756,2023,B,-0.004691522,1415
519043,2023,full,0.0026321325,824
519043,2023,A,0.0016561503,431
519043,2023,B,0.0037024843,393
686842,2023,full,0.00072986615,86
686842,2023,A,-0.00026403702,63
686842,2023,B,0.0034522966,23
670970,2023,full,5.715382e-06,161
670970,2023,A,0.0015725222,91
670970,2023,B,-0.0020311333,70
664294,2023,full,-0.00016894001,962
664294,2023,A,0.00087786245,498
664294,2023,B,-0.0012924481,464
669212,2023,full,0.004673708,1189
669212,2023,A,0.0053939135,571
669212,2023,B,0.0040082764,618
606625,2023,full,0.0032467053,48
606625,2023,A,0.004613297,21
606625,2023,B,0.0021838013,27
663752,2023,full,-0.0042859805,164
663752,2023,A,-0.0026520654,82
663752,2023,B,-0.005919895,82
450203,2023,full,0.0025468445,2841
450203,2023,A,0.0027829176,1468
450203,2023,B,0.0022944375,1373
663558,2023,full,0.0002499371,749
663558,2023,A,-0.00029792497,413
663558,2023,B,0.00092335045,336
669105,2023,full,-0.009319759,95
669105,2023,A,-0.0072993,55
669105,2023,B,-0.012097893,40
666205,2023,full,-0.007929159,1453
666205,2023,A,-0.008105092,721
666205,2023,B,-0.007755871,732
682171,2023,full,0.006103986,218
682171,2023,A,0.004636466,106
682171,2023,B,0.007492888,112
669684,2023,full,-0.0019498516,870
669684,2023,A,-0.0018071268,447
669684,2023,B,-0.002100674,423
605397,2023,full,-0.0011580556,1550
605397,2023,A,-0.00081086444,832
605397,2023,B,-0.0015603721,718
656786,2023,full,0.0027783464,255
656786,2023,A,0.0029627588,143
656786,2023,B,0.0025428922,112
662253,2023,full,0.012170112,835
662253,2023,A,0.012109988,464
662253,2023,B,0.012245307,371
608566,2023,full,-0.0023721014,302
608566,2023,A,-0.0013755709,149
608566,2023,B,-0.0033425794,153
664942,2023,full,0.002811997,308
664942,2023,A,0.0026256845,186
664942,2023,B,0.0030960476,122
677053,2023,full,0.0022237021,958
677053,2023,A,0.0015027578,513
677053,2023,B,0.0030548135,445
676050,2023,full,-0.004007886,68
676050,2023,A,-0.005618746,41
676050,2023,B,-0.0015617639,27
679346,2023,full,-0.0040738066,150
679346,2023,A,-0.0050998335,78
679346,2023,B,-0.0029622775,72
594943,2023,full,-0.00081443076,462
594943,2023,A,-0.00011006979,258
594943,2023,B,-0.0017052406,204
669459,2023,full,-0.0013354316,878
669459,2023,A,-0.0013418674,446
669459,2023,B,-0.0013287873,432
656793,2023,full,0.00087051827,69
656793,2023,A,0.00087051827,69
669194,2023,full,0.0034976853,2355
669194,2023,A,0.003567271,1191
669194,2023,B,0.0034264862,1164
593576,2023,full,0.0007001639,1092
593576,2023,A,0.001450519,574
593576,2023,B,-0.00013131082,518
656794,2023,full,-0.0010747567,280
656794,2023,A,-0.0026975786,155
656794,2023,B,0.00093754265,125
693312,2023,full,0.0035940807,111
693312,2023,A,0.0040216274,61
693312,2023,B,0.0030724728,50
657697,2023,full,0.0061153984,54
657697,2023,A,0.006551876,47
657697,2023,B,0.0031847588,7
668665,2023,full,-0.0025887573,489
668665,2023,A,-0.0045715403,220
668665,2023,B,-0.00096715026,269
605400,2023,full,0.0045772563,3087
605400,2023,A,0.004352352,1514
605400,2023,B,0.0047937245,1573
543594,2023,full,-0.0027423126,62
543594,2023,A,-0.0027423126,62
596057,2023,full,-0.003381347,258
596057,2023,A,-0.0032949669,176
596057,2023,B,-0.0035667473,82
641927,2023,full,0.00030901885,2326
641927,2023,A,0.00058351335,1174
641927,2023,B,2.9282424e-05,1152
660271,2023,full,0.0073589077,2094
660271,2023,A,0.007628763,1047
660271,2023,B,0.007089053,1047
595345,2023,full,0.004801689,1019
595345,2023,A,0.0052700113,542
595345,2023,B,0.00426955,477
670124,2023,full,-0.0036107302,412
670124,2023,A,-0.0040013003,263
670124,2023,B,-0.0029213356,149
681857,2023,full,-0.00012996304,1711
681857,2023,A,-7.528357e-05,955
681857,2023,B,-0.0001990355,756
672391,2023,full,0.0007690503,384
672391,2023,A,0.0020784647,201
672391,2023,B,-0.0006691584,183
661383,2023,full,-0.00033812318,239
661383,2023,A,-0.002918279,94
661383,2023,B,0.0013345297,145
493603,2023,full,0.0021806099,1024
493603,2023,A,0.0021363425,543
493603,2023,B,0.0022305837,481
657248,2023,full,0.00021243545,192
657248,2023,A,0.0015275112,63
657248,2023,B,-0.00042981084,129
656818,2023,full,-0.0033849634,200
656818,2023,A,-0.002090209,135
656818,2023,B,-0.0060740686,65
670912,2023,full,-0.0021925992,2980
670912,2023,A,-0.0022403023,1519
670912,2023,B,-0.0021430026,1461
663978,2023,full,0.0038263379,79
663978,2023,A,0.005287309,40
663978,2023,B,0.002327906,39
656820,2023,full,0.0014290881,100
656820,2023,A,0.00016647494,54
656820,2023,B,0.0029112862,46
641941,2023,full,0.0050846445,1061
641941,2023,A,0.0052372366,508
641941,2023,B,0.004944469,553
694037,2023,full,0.0056415917,494
694037,2023,A,0.007371305,261
694037,2023,B,0.0037040142,233
669467,2023,full,-0.0019315976,1115
669467,2023,A,-0.002016383,600
669467,2023,B,-0.0018328183,515
623381,2023,full,-0.0040859547,59
623381,2023,A,-0.0040859547,59
641149,2023,full,0.0018432171,89
641149,2023,A,0.0018432171,89
672715,2023,full,0.00029649038,383
672715,2023,A,-2.4129142e-05,222
672715,2023,B,0.00073858723,161
607359,2023,full,-0.004376078,205
607359,2023,A,-0.0054378277,128
607359,2023,B,-0.0026110916,77
572020,2023,full,-0.0015200156,1690
572020,2023,A,-0.0014537586,855
572020,2023,B,-0.0015878597,835
606303,2023,full,0.0037532141,1120
606303,2023,A,0.0033192725,574
606303,2023,B,0.00420941,546
663878,2023,full,0.004853853,737
663878,2023,A,0.0043109045,393
663878,2023,B,0.005474139,344
665625,2023,full,0.000966504,913
665625,2023,A,0.00086011,485
665625,2023,B,0.0010870675,428
686752,2023,full,0.0016813948,654
686752,2023,A,5.9584632e-05,344
686752,2023,B,0.0034810808,310
642547,2023,full,0.0013634244,2839
642547,2023,A,0.0019815466,1419
642547,2023,B,0.0007457374,1420
671111,2023,full,0.00046925322,379
671111,2023,A,0.0005942712,145
671111,2023,B,0.00039178497,234
593974,2023,full,0.0019852617,877
593974,2023,A,0.0025441675,412
593974,2023,B,0.0014900592,465
622780,2023,full,0.000999986,489
622780,2023,A,0.001944232,257
622780,2023,B,-4.6010933e-05,232
660431,2023,full,-0.0079915775,17
660431,2023,A,-0.0079915775,17
656849,2023,full,-0.004552417,1964
656849,2023,A,-0.004319272,1044
656849,2023,B,-0.004816986,920
694297,2023,full,0.0049707377,1610
694297,2023,A,0.004346897,841
694297,2023,B,0.005652987,769
621433,2023,full,-0.06271177,6
621433,2023,A,-0.06271177,6
683175,2023,full,-0.00077009376,381
683175,2023,A,-0.002463895,200
683175,2023,B,0.0011015094,181
623465,2023,full,0.007063849,915
623465,2023,A,0.007544343,432
623465,2023,B,0.006634089,483
663455,2023,full,-0.009600748,40
663455,2023,A,-0.009600748,40
666207,2023,full,0.0013681019,20
666207,2023,A,0.0013681019,20
601713,2023,full,0.003945018,2382
601713,2023,A,0.0026268938,1136
601713,2023,B,0.005146775,1246
674681,2023,full,0.003908633,85
674681,2023,A,0.003908633,85
668676,2023,full,-0.003871574,370
668676,2023,A,-0.0060375193,189
668676,2023,B,-0.0016098969,181
621363,2023,full,-0.0013363628,927
621363,2023,A,-0.00067295367,467
621363,2023,B,-0.0020098672,460
647315,2023,full,0.0039859987,198
647315,2023,A,0.0050865794,98
647315,2023,B,0.0029074294,100
519151,2023,full,0.012315558,1024
519151,2023,A,0.011911535,548
519151,2023,B,0.012780694,476
682990,2023,full,-0.0019122249,866
682990,2023,A,-0.0009623538,398
682990,2023,B,-0.0027200212,468
643493,2023,full,0.0021155141,757
643493,2023,A,0.0016122268,373
643493,2023,B,0.0026043847,384
640462,2023,full,0.008461742,950
640462,2023,A,0.008257168,455
640462,2023,B,0.008649785,495
672335,2023,full,0.0019404448,877
672335,2023,A,0.0011673638,465
672335,2023,B,0.0028129753,412
691587,2023,full,0.0045701154,1534
691587,2023,A,0.0053157443,841
691587,2023,B,0.0036652472,693
660906,2023,full,-0.008553677,308
660906,2023,A,-0.007599677,173
660906,2023,B,-0.009776211,135
527048,2023,full,-0.0037851827,2219
527048,2023,A,-0.0033493487,1157
527048,2023,B,-0.004260004,1062
615698,2023,full,-0.0033580365,1707
615698,2023,A,-0.0032676044,924
615698,2023,B,-0.0034647535,783
629498,2023,full,-0.003724237,32
629498,2023,A,-0.003724237,32
650671,2023,full,0.0009365477,161
650671,2023,A,0.0005644964,80
650671,2023,B,0.001304006,81
500779,2023,full,-0.0066807237,1229
500779,2023,A,-0.0061903596,657
500779,2023,B,-0.007243955,572
666142,2023,full,0.003620569,1574
666142,2023,A,0.00334576,794
666142,2023,B,0.0039003098,780
663432,2023,full,0.0021062484,18
663432,2023,A,0.0021062484,18
548384,2023,full,0.0028368016,982
548384,2023,A,0.0025053723,507
548384,2023,B,0.0032995068,461
598286,2023,full,-0.0029169216,658
598286,2023,A,-0.0039025035,371
598286,2023,B,-0.0016428768,287
682010,2023,full,-0.0038554496,340
682010,2023,A,-0.0024510126,191
682010,2023,B,-0.005655769,149
541640,2023,full,-0.0019253265,958
541640,2023,A,-0.0018404108,506
541640,2023,B,-0.0020203872,452
670990,2023,full,0.0017774516,714
670990,2023,A,0.0017841813,342
670990,2023,B,0.0017712647,372
656876,2023,full,0.013633883,674
656876,2023,A,0.013208681,340
656876,2023,B,0.014066722,334
592662,2023,full,-0.0013366126,91
592662,2023,A,-0.0013366126,91
607067,2023,full,0.0011505898,2016
607067,2023,A,0.00089095806,970
607067,2023,B,0.0013913572,1046
596082,2023,full,0.0015684641,29
596082,2023,A,0.0015684641,29
656887,2023,full,0.0023862673,164
656887,2023,A,0.004196222,71
656887,2023,B,0.0010044738,93
660593,2023,full,-0.0012109281,357
660593,2023,A,-0.0014641414,213
660593,2023,B,-0.0008363838,144
622103,2023,full,0.0073868423,216
622103,2023,A,0.007490771,117
622103,2023,B,0.0072640157,99
670950,2023,full,0.004074361,1351
670950,2023,A,0.0042093284,686
670950,2023,B,0.0039351312,665
680689,2023,full,0.0026433968,331
680689,2023,A,0.003118371,157
680689,2023,B,0.0022148283,174
502085,2023,full,0.005655094,1068
502085,2023,A,0.005425312,527
502085,2023,B,0.0058789295,541
687798,2023,full,0.0017452696,392
687798,2023,A,0.0004790889,216
687798,2023,B,0.0032992184,176
593958,2023,full,-0.006317955,2371
593958,2023,A,-0.006284861,1186
593958,2023,B,-0.0063510775,1185
680570,2023,full,0.0055595096,2104
680570,2023,A,0.0058164885,1106
680570,2023,B,0.00527472,998
605446,2023,full,-0.00469103,97
605446,2023,A,0.0015693658,15
605446,2023,B,-0.005836224,82
660730,2023,full,0.0036830937,47
660730,2023,A,0.0036830937,47
570257,2023,full,-0.0020627761,215
570257,2023,A,-0.0041627525,146
570257,2023,B,0.002380652,69
642578,2023,full,0.00632244,48
642578,2023,A,0.00632244,48
666720,2023,full,0.006868262,278
666720,2023,A,0.005799245,156
666720,2023,B,0.0082352,122
607074,2023,full,0.00018281123,1133
607074,2023,A,-0.0002684293,599
607074,2023,B,0.00068897835,534
573124,2023,full,0.0009837735,834
573124,2023,A,0.0001513853,409
573124,2023,B,0.0017848248,425
669432,2023,full,-0.0024953196,330
669432,2023,A,-0.0035805912,180
669432,2023,B,-0.0011929934,150
643511,2023,full,0.014404762,1124
643511,2023,A,0.014286377,591
643511,2023,B,0.01453603,533
680723,2023,full,-0.011288891,671
680723,2023,A,-0.0122474115,347
680723,2023,B,-0.010262325,324
605447,2023,full,0.008512831,915
605447,2023,A,0.009411141,451
605447,2023,B,0.0076396884,464
668941,2023,full,-2.158569e-05,548
668941,2023,A,-0.00045139514,325
668941,2023,B,0.0006048182,223
670046,2023,full,-0.0058278516,543
670046,2023,A,-0.005604694,328
670046,2023,B,-0.0061682966,215
607968,2023,full,-0.009719819,350
607968,2023,A,-0.0093238745,184
607968,2023,B,-0.010158697,166
621074,2023,full,0.00066879415,719
621074,2023,A,-0.0008918118,352
621074,2023,B,0.002165615,367
614179,2023,full,0.0021884725,815
614179,2023,A,0.0030447613,393
614179,2023,B,0.0013910283,422
671131,2023,full,-0.00058199954,346
671131,2023,A,-0.0027301565,176
671131,2023,B,0.0016419748,170
657746,2023,full,0.0021258804,2683
657746,2023,A,0.0015047234,1365
657746,2023,B,0.0027691885,1318
656924,2023,full,-0.008591328,13
656924,2023,A,-0.008591328,13
547943,2023,full,-0.0076441257,830
547943,2023,A,-0.006508184,448
547943,2023,B,-0.008976332,382
605441,2023,full,-0.0051865242,62
605441,2023,A,-0.0085408995,47
605441,2023,B,0.005323854,15
685314,2023,full,-0.0039519873,156
685314,2023,A,-0.001984365,71
685314,2023,B,-0.0055955304,85
674285,2023,full,-0.004355541,239
674285,2023,A,-0.0066696163,96
674285,2023,B,-0.0028020362,143
519242,2023,full,0.0029951665,1670
519242,2023,A,0.002617532,833
519242,2023,B,0.0033709966,837
680704,2023,full,0.007840067,1004
680704,2023,A,0.007797095,532
680704,2023,B,0.007888501,472
663776,2023,full,1.26953e-05,2619
663776,2023,A,-7.61285e-06,1333
663776,2023,B,3.3745662e-05,1286
663485,2023,full,-0.0010882516,413
663485,2023,A,-0.0016364966,282
663485,2023,B,9.194e-05,131
665665,2023,full,0.0010636043,310
665665,2023,A,0.00046645518,135
665665,2023,B,0.0015242621,175
642701,2023,full,0.0018194513,221
642701,2023,A,0.0027460502,138
642701,2023,B,0.0002788416,83
663574,2023,full,0.0024915724,59
663574,2023,A,0.00021166747,46
663574,2023,B,0.010558928,13
666619,2023,full,0.008035872,1046
666619,2023,A,0.009108005,482
666619,2023,B,0.0071196174,564
642048,2023,full,-0.00093527394,788
642048,2023,A,-0.000624121,392
642048,2023,B,-0.0012432841,396
622250,2023,full,0.004612608,834
622250,2023,A,0.0061261854,389
622250,2023,B,0.0032895023,445
453286,2023,full,0.0038642713,2464
453286,2023,A,0.0037833683,1283
453286,2023,B,0.003952162,1181
657376,2023,full,0.0044925874,2709
657376,2023,A,0.0044771326,1316
657376,2023,B,0.004507188,1393
669947,2023,full,-0.0023344334,1447
669947,2023,A,-0.002914821,830
669947,2023,B,-0.0015536852,617
570731,2023,full,-0.019156415,11
570731,2023,A,-0.019156415,11
670167,2023,full,0.0056725265,822
670167,2023,A,0.006497111,428
670167,2023,B,0.0047767856,394
656945,2023,full,0.008525873,1207
656945,2023,A,0.007942968,632
656945,2023,B,0.009166562,575
605463,2023,full,0.0027825183,338
605463,2023,A,0.0037985013,169
605463,2023,B,0.001766535,169
657756,2023,full,-0.0023891397,1562
657756,2023,A,-0.0018989404,852
657756,2023,B,-0.0029773796,710
676664,2023,full,-0.00047986954,2867
676664,2023,A,0.00011947068,1417
676664,2023,B,-0.0010655695,1450
681882,2023,full,0.0055980925,437
681882,2023,A,0.0077252216,224
681882,2023,B,0.0033611103,213
673540,2023,full,-0.0023392844,2129
673540,2023,A,-0.002251739,1089
673540,2023,B,-0.0024309545,1040
622608,2023,full,-0.004213265,120
622608,2023,A,-0.0017269213,69
622608,2023,B,-0.007577142,51
622663,2023,full,0.0027521222,1636
622663,2023,A,0.002944293,873
622663,2023,B,0.0025322463,763
623149,2023,full,0.010222357,1037
623149,2023,A,0.010155374,510
623149,2023,B,0.01028718,527
543766,2023,full,0.0009248331,774
543766,2023,A,0.0007704092,364
543766,2023,B,0.0006398187,371
686218,2023,full,0.0040874546,1031
686218,2023,A,0.0037374988,552
686218,2023,B,0.004490745,479
595411,2023,full,-0.005935199,104
595411,2023,A,-0.004870475,44
595411,2023,B,-0.010099211,18
592741,2023,full,0.0013073973,742
592741,2023,A,0.00093440904,401
592741,2023,B,0.0017460138,341
694363,2023,full,-0.007349094,864
694363,2023,A,-0.0060339384,444
694363,2023,B,-0.0087394,420
681217,2023,full,-0.00054065144,888
681217,2023,A,-0.0015312013,415
681217,2023,B,0.00032843548,473
608371,2023,full,0.0067249583,1056
608371,2023,A,0.008346971,487
608371,2023,B,0.0053366977,569
663903,2023,full,-0.002806661,2612
663903,2023,A,-0.0021880178,1361
663903,2023,B,-0.0034797015,1251
669373,2023,full,0.0034686157,1218
669373,2023,A,0.003936395,618
669373,2023,B,0.002986803,600
663629,2023,full,-0.0059710625,93
663629,2023,A,-0.0031771066,69
663629,2023,B,-0.014003687,24
656970,2023,full,-0.0037708061,361
656970,2023,A,-0.0038712125,258
656970,2023,B,-0.0035193036,103
663385,2023,full,0.0025994875,248
663385,2023,A,0.0034814146,124
663385,2023,B,0.0017175605,124
622098,2023,full,0.00013016077,1082
622098,2023,A,0.00039288937,563
622098,2023,B,-0.00015484157,519
519293,2023,full,-0.003076478,863
519293,2023,A,-0.0029686247,433
519293,2023,B,-0.0031850836,430
700363,2023,full,-0.0064884224,454
700363,2023,A,-0.0070803147,231
700363,2023,B,-0.0058752964,223
592767,2023,full,-0.003407629,2400
592767,2023,A,-0.0039709006,1273
592767,2023,B,-0.002771387,1127
669912,2023,full,-0.0017472275,193
669912,2023,A,-0.0019957623,121
669912,2023,B,-0.0013295511,72
605483,2023,full,0.0013103597,3168
605483,2023,A,2.4409419e-05,1561
605483,2023,B,0.0025594996,1607
676092,2023,full,-0.00023288382,367
676092,2023,A,-0.00065043854,153
676092,2023,B,6.564835e-05,214
656981,2023,full,-0.005515019,236
656981,2023,A,-0.0063090743,151
656981,2023,B,-0.004104404,85
666277,2023,full,0.0026855306,883
666277,2023,A,0.002126429,437
666277,2023,B,0.00323335,446
667755,2023,full,0.0059993067,670
667755,2023,A,0.0055407817,335
667755,2023,B,0.0064578303,335
647336,2023,full,-0.0025742499,537
647336,2023,A,-0.0007788603,271
647336,2023,B,-0.004403387,266
642397,2023,full,0.0017324836,966
642397,2023,A,0.00044169152,518
642397,2023,B,0.003224962,448
656986,2023,full,7.820055e-05,140
656986,2023,A,0.004987944,75
656986,2023,B,-0.0055868877,65
666208,2023,full,0.005138559,65
666208,2023,A,0.0037632694,42
666208,2023,B,0.0076499563,23
642100,2023,full,0.0011659176,782
642100,2023,A,0.0015574959,373
642100,2023,B,0.00080880587,409
686730,2023,full,-0.0006293042,291
686730,2023,A,-0.002927339,174
686730,2023,B,0.0027882846,117
605488,2023,full,0.006662049,211
605488,2023,A,0.006253592,122
605488,2023,B,0.0072219553,89
607732,2023,full,-0.009511368,32
607732,2023,A,-0.012963719,23
607732,2023,B,-0.000688694,9
592773,2023,full,0.003374361,864
592773,2023,A,0.004623461,446
592773,2023,B,0.0020415895,418
622251,2023,full,0.0028921373,360
622251,2023,A,0.0029795335,187
622251,2023,B,0.0027976686,173
657006,2023,full,0.0007432926,2587
657006,2023,A,0.0008526372,1356
657006,2023,B,0.00062284456,1231
663986,2023,full,0.0021119574,1127
663986,2023,A,0.002172332,574
663986,2023,B,0.0020492906,553
623451,2023,full,0.00012079178,226
623451,2023,A,0.00012175583,124
623451,2023,B,0.00011961949,102
596112,2023,full,0.0060424353,763
596112,2023,A,0.00672069,408
596112,2023,B,0.0052629197,355
592779,2023,full,0.007992059,439
592779,2023,A,0.0102555435,258
592779,2023,B,0.0047656563,181
694813,2023,full,-0.0007606494,547
694813,2023,A,-0.0006795012,271
694813,2023,B,-0.0008403279,276
686651,2023,full,-0.00028792722,224
686651,2023,A,-7.741253e-05,155
686651,2023,B,-0.0007608224,69
621381,2023,full,0.0020137478,1366
621381,2023,A,0.0027669827,691
621381,2023,B,0.0012426586,675
608717,2023,full,0.0038450712,1357
608717,2023,A,0.004760399,709
608717,2023,B,0.0028435783,648
676702,2023,full,0.0017330962,174
676702,2023,A,0.0035599333,80
676702,2023,B,0.00017834158,94
675911,2023,full,0.00695775,3096
675911,2023,A,0.0077035343,1523
675911,2023,B,0.006235671,1573
548389,2023,full,-0.0018762832,1453
548389,2023,A,-0.0018529436,791
548389,2023,B,-0.0019041712,662
573186,2023,full,-0.0015484894,2131
573186,2023,A,-0.0018246557,1014
573186,2023,B,-0.0012977886,1117
657265,2023,full,0.0035531297,653
657265,2023,A,0.0026763706,334
657265,2023,B,0.0044711153,319
660761,2023,full,0.00036909894,619
660761,2023,A,0.0008785123,343
660761,2023,B,-0.00026397646,276
624133,2023,full,-0.0018471802,2022
624133,2023,A,-0.0018252882,1010
624133,2023,B,-0.001869029,1012
663158,2023,full,0.005182508,449
663158,2023,A,0.0051133474,223
663158,2023,B,0.0052507506,226
593833,2023,full,0.0008573699,159
593833,2023,A,-0.0009444451,96
593833,2023,B,0.003602993,63
642121,2023,full,-0.0011266967,84
642121,2023,A,-0.0018265435,45
642121,2023,B,-0.00031918183,39
608718,2023,full,-0.005343155,1128
608718,2023,A,-0.0053747874,539
608718,2023,B,-0.005314208,589
605498,2023,full,-0.006981391,521
605498,2023,A,-0.0073694857,336
605498,2023,B,-0.006276527,185
657024,2023,full,0.0040955255,1059
657024,2023,A,0.0041717836,532
657024,2023,B,0.0040185438,527
682967,2023,full,0.0033060212,166
682967,2023,A,0.0035437753,103
682967,2023,B,0.002917311,63
592789,2023,full,-0.00438968,1404
592789,2023,A,-0.0047888043,694
592789,2023,B,-0.003999548,710
650911,2023,full,-0.0021326556,1460
650911,2023,A,-0.0020594401,723
650911,2023,B,-0.0022044799,737
592791,2023,full,-0.00020245637,2529
592791,2023,A,-0.001117342,1285
592791,2023,B,0.00074258243,1244
593619,2023,full,-0.0015421127,318
593619,2023,A,-0.00048406902,174
593619,2023,B,-0.0028205821,144
676206,2023,full,-0.0047580036,287
676206,2023,A,-0.0040960833,181
676206,2023,B,-0.005888264,106
657031,2023,full,-0.0020572902,341
657031,2023,A,-0.002080037,173
657031,2023,B,-0.0020338658,168
527054,2023,full,-0.0006931648,1080
527054,2023,A,-0.0011283935,566
527054,2023,B,-0.0002139053,514
572193,2023,full,-0.0019612603,229
572193,2023,A,0.0009226289,113
572193,2023,B,-0.0047705662,116
672730,2023,full,0.0007697385,166
672730,2023,A,0.0007666512,100
672730,2023,B,0.0007744165,66
573204,2023,full,0.0051449942,481
573204,2023,A,0.0035936863,231
573204,2023,B,0.006578403,250
657041,2023,full,-0.085789986,3
657041,2023,A,-0.085789986,3
624522,2023,full,0.00041427882,475
624522,2023,A,-0.00048272123,247
624522,2023,B,0.0013860284,228
666168,2023,full,-0.00027611176,892
666168,2023,A,-3.3230523e-07,479
666168,2023,B,-0.00059596257,413
657044,2023,full,0.0057746354,444
657044,2023,A,0.0063574663,254
657044,2023,B,0.004995484,190
668868,2023,full,-0.0030413682,1166
668868,2023,A,-0.0026815305,572
668868,2023,B,-0.003387879,594
663423,2023,full,0.0038618282,458
663423,2023,A,0.0039691823,241
663423,2023,B,0.0037426015,217
543859,2023,full,0.0036266858,1283
543859,2023,A,0.0032661501,662
543859,2023,B,0.004011025,621
623437,2023,full,0.004519107,1046
623437,2023,A,0.0050400924,503
623437,2023,B,0.0040364997,543
657053,2023,full,-0.0019524423,1595
657053,2023,A,-0.0019409604,820
657053,2023,B,-0.001964591,775
676701,2023,full,-0.024032142,5
676701,2023,A,-0.024032142,5
605513,2023,full,-0.0020677093,555
605513,2023,A,-0.0018802562,318
605513,2023,B,-0.002319229,237
670955,2023,full,0.0045233523,51
670955,2023,A,0.0045233523,51
657272,2023,full,0.0034788314,33
657272,2023,A,0.0034788314,33
621249,2023,full,-0.004015895,337
621249,2023,A,-0.005190535,162
621249,2023,B,-0.0029285147,175
570632,2023,full,-0.0013143343,771
570632,2023,A,-0.0016910118,386
570632,2023,B,-0.0009366785,385
682842,2023,full,0.009806392,518
682842,2023,A,0.008300072,268
682842,2023,B,0.011421169,250
664353,2023,full,0.0053804484,1093
664353,2023,A,0.0041463426,511
664353,2023,B,0.006464002,582
628711,2023,full,0.0028047923,1849
628711,2023,A,0.0017563981,984
628711,2023,B,0.0039974162,865
664285,2023,full,0.0018617418,2943
664285,2023,A,0.0020310925,1517
664285,2023,B,0.0016815839,1426
681808,2023,full,-0.017080527,11
681808,2023,A,-0.017080527,11
672841,2023,full,0.009131991,81
672841,2023,A,0.008318478,52
672841,2023,B,0.010590705,29
681402,2023,full,0.0036810979,403
681402,2023,A,0.005660424,223
681402,2023,B,0.001228934,180
686973,2023,full,0.0036504366,1091
686973,2023,A,0.0044433866,554
686973,2023,B,0.0028323838,537
607755,2023,full,-0.001336663,852
607755,2023,A,-0.0009444977,431
607755,2023,B,-0.001738143,421
592826,2023,full,-0.00042449066,650
592826,2023,A,-0.0003983856,335
592826,2023,B,-0.0004522532,315
685107,2023,full,-0.0024455343,55
685107,2023,A,-0.0024404938,31
685107,2023,B,-0.0024520454,24
572403,2023,full,5.6657987e-05,1019
572403,2023,A,0.0008094114,536
572403,2023,B,-0.0007786957,483
434378,2023,full,-0.00037107198,2602
434378,2023,A,-0.00093467167,1306
434378,2023,B,0.00019687656,1296
681911,2023,full,0.0040792883,853
681911,2023,A,0.0045662974,429
681911,2023,B,0.0035865358,424
663989,2023,full,-0.0027252731,202
663989,2023,A,-0.001082582,123
663989,2023,B,-0.0052828807,79
676684,2023,full,0.0024837698,780
676684,2023,A,0.0024140663,390
676684,2023,B,0.0025534728,390
600986,2023,full,0.010095688,36
600986,2023,A,0.010385965,12
600986,2023,B,0.0099505475,24
670241,2023,full,-0.003157944,308
670241,2023,A,-0.0016213197,217
670241,2023,B,-0.0068222014,91
680767,2023,full,-0.0020310292,186
680767,2023,A,-0.001328329,123
680767,2023,B,-0.0034029677,63
608723,2023,full,0.0019556351,662
608723,2023,A,0.0013855725,364
608723,2023,B,0.0026519531,298
681190,2023,full,-0.0010092695,669
681190,2023,A,-0.0005049596,364
681190,2023,B,-0.0016111343,305
608379,2023,full,-0.0004919347,2220
608379,2023,A,-0.0006767504,1129
608379,2023,B,-0.00030068166,1091
425794,2023,full,-0.0059674364,1709
425794,2023,A,-0.006511485,861
425794,2023,B,-0.0054150485,848
686972,2023,full,0.0071618315,65
686972,2023,A,0.009538132,50
686972,2023,B,-0.0007591688,15
686610,2023,full,-0.0022198847,2553
686610,2023,A,-0.0021782103,1305
686610,2023,B,-0.0022634624,1248
663362,2023,full,-9.870902e-05,672
663362,2023,A,-0.00048618607,322
663362,2023,B,0.00025776983,350
677020,2023,full,-0.00089572923,219
677020,2023,A,0.00090470194,121
677020,2023,B,-0.0031187106,98
676254,2023,full,0.0034892757,1078
676254,2023,A,0.0030257842,562
676254,2023,B,0.0039940868,516
592836,2023,full,-0.0024362064,2837
592836,2023,A,-0.002484824,1450
592836,2023,B,-0.0023853802,1387
687888,2023,full,-0.0040280847,365
687888,2023,A,-0.0049550375,268
687888,2023,B,-0.0014670192,97
681806,2023,full,0.0042408644,658
681806,2023,A,0.0027968707,352
681806,2023,B,0.0059019304,306
663658,2023,full,0.0029979271,681
663658,2023,A,0.002183124,308
663658,2023,B,0.0036707397,373
681810,2023,full,-0.0027754284,23
681810,2023,A,0.019937206,2
681810,2023,B,-0.0049385363,21
657093,2023,full,-0.0029221266,90
657093,2023,A,-0.0029221266,90
677960,2023,full,-0.0036948698,1073
677960,2023,A,-0.004627328,568
677960,2023,B,-0.0026460853,505
596133,2023,full,-0.0007581847,2258
596133,2023,A,-0.00044943494,1160
596133,2023,B,-0.0010843683,1098
657097,2023,full,0.0066523585,927
657097,2023,A,0.006677225,441
657097,2023,B,0.006629794,486
657277,2023,full,0.0010320304,3180
657277,2023,A,0.0007613762,1650
657277,2023,B,0.0013239122,1530
543901,2023,full,-0.00041476171,182
543901,2023,A,0.0017248634,85
543901,2023,B,-0.002289691,97
607179,2023,full,0.0028304884,920
607179,2023,A,0.0016839193,460
607179,2023,B,0.00429345,419
592848,2023,full,0.0050927904,226
592848,2023,A,0.0050895805,139
592848,2023,B,0.0050979173,87
669711,2023,full,0.006246245,346
669711,2023,A,0.006601158,190
669711,2023,B,0.005813979,156
669330,2023,full,-0.0032678684,1903
669330,2023,A,-0.0032321508,958
669330,2023,B,-0.0033040768,945
666214,2023,full,-0.0030272093,1930
666214,2023,A,-0.002456755,962
666214,2023,B,-0.003594128,968
669713,2023,full,0.0031899067,1461
669713,2023,A,0.0025261142,657
669713,2023,B,0.0037323341,804
554430,2023,full,0.0059515284,3155
554430,2023,A,0.005771837,1586
554430,2023,B,0.0061331675,1569
686839,2023,full,0.0060105426,652
686839,2023,A,0.005444438,331
686839,2023,B,0.006594283,321
669952,2023,full,-0.001888727,253
669952,2023,A,-0.0018128831,142
669952,2023,B,-0.0019857523,111
669391,2023,full,-0.0006734824,68
669391,2023,A,0.000100736455,36
669391,2023,B,-0.0015444782,32
676477,2023,full,0.0014655621,1195
676477,2023,A,0.0011254252,643
676477,2023,B,0.0018617728,552
696136,2023,full,-0.0006154422,583
696136,2023,A,-0.00020978483,308
696136,2023,B,-0.0010697783,275
642207,2023,full,0.010233846,948
642207,2023,A,0.010040492,522
642207,2023,B,0.010470774,426
668909,2023,full,0.0035290832,1385
668909,2023,A,0.0023831176,656
668909,2023,B,0.0045602946,729
592866,2023,full,-0.0036003536,2620
592866,2023,A,-0.004187735,1284
592866,2023,B,-0.003035834,1336
682227,2023,full,-0.0048000272,1938
682227,2023,A,-0.005317682,1052
682227,2023,B,-0.004185385,886
686294,2023,full,-0.0016737268,461
686294,2023,A,-0.0016300525,212
686294,2023,B,-0.0017109112,249
669060,2023,full,0.00027463192,1156
669060,2023,A,0.00041490627,588
669060,2023,B,0.00012941864,568
621051,2023,full,0.010813366,938
621051,2023,A,0.011166378,488
621051,2023,B,0.010430546,450
642216,2023,full,-0.004038252,534
642216,2023,A,-0.004743952,254
642216,2023,B,-0.0033980808,280
670174,2023,full,0.0071377903,1383
670174,2023,A,0.0075523886,762
670174,2023,B,0.0066290563,621
680739,2023,full,-0.0007165492,559
680739,2023,A,0.00018979973,320
680739,2023,B,-0.001930071,239
622259,2023,full,-0.001808814,309
622259,2023,A,-0.004651346,196
622259,2023,B,0.0031215947,113
676775,2023,full,0.009403227,594
676775,2023,A,0.0097446125,321
676775,2023,B,0.0090018185,273
621295,2023,full,-0.0027446602,472
621295,2023,A,-0.0012611869,233
621295,2023,B,-0.004190892,239
680232,2023,full,-0.0048360107,75
680232,2023,A,-0.0048360107,75
673858,2023,full,-0.006499387,57
673858,2023,A,-0.006499387,57
693433,2023,full,0.0051290626,1448
693433,2023,A,0.0064516887,710
693433,2023,B,0.0038566173,738
622072,2023,full,-0.002109556,1706
622072,2023,A,-0.002029613,962
622072,2023,B,-0.002212923,744
663765,2023,full,-0.0018835536,865
663765,2023,A,-0.0006036841,419
663765,2023,B,-0.003085942,446
605540,2023,full,0.004110095,1043
605540,2023,A,0.0035325808,563
605540,2023,B,0.0047874707,480
680573,2023,full,-0.0028537835,97
680573,2023,A,-0.0028537835,97
657140,2023,full,-0.00023849896,575
657140,2023,A,-0.00056525343,342
657140,2023,B,0.00024111492,233
691094,2023,full,-0.0010773522,34
691094,2023,A,-0.0010773522,34
642231,2023,full,0.000515927,231
642231,2023,A,0.00032495643,138
642231,2023,B,0.00079930195,93
642232,2023,full,-0.0015780358,1423
642232,2023,A,-0.00036941795,738
642232,2023,B,-0.0028801672,685
489446,2023,full,0.0009271125,1056
489446,2023,A,0.0009110829,542
489446,2023,B,0.00094401505,514
622065,2023,full,-0.003720576,877
622065,2023,A,-0.0029916929,430
622065,2023,B,-0.004421738,447
664849,2023,full,-0.001790209,135
664849,2023,A,1.4917526e-05,63
664849,2023,B,-0.0033696943,72
642239,2023,full,0.0005817112,389
642239,2023,A,0.0013179714,252
642239,2023,B,-0.0007725771,137
672582,2023,full,-0.002418206,707
672582,2023,A,-0.0028461488,320
672582,2023,B,-0.002064351,387
669145,2023,full,-0.004596339,215
669145,2023,A,-0.004220153,132
669145,2023,B,-0.00519461,83
670871,2023,full,0.0034322822,43
670871,2023,A,0.0034264883,18
670871,2023,B,0.0034364539,25
594798,2023,full,0.013057734,451
594798,2023,A,0.0145511255,251
594798,2023,B,0.011183529,200
671096,2024,full,-0.0019028819,2333
671096,2024,A,-0.0015875323,1185
671096,2024,B,-0.002228395,1148
650556,2024,full,0.006600663,1300
650556,2024,A,0.0067026136,681
650556,2024,B,0.0064885,619
592094,2024,full,0.0054625603,1109
592094,2024,A,0.004825504,510
592094,2024,B,0.006004962,599
613534,2024,full,0.0051847,805
613534,2024,A,0.00519109,412
613534,2024,B,0.005177998,393
686654,2024,full,0.0063248216,86
686654,2024,A,0.0070141433,69
686654,2024,B,0.0035269842,17
672851,2024,full,-0.00136036,178
672851,2024,A,-0.0031906138,111
672851,2024,B,0.0016718511,67
687924,2024,full,-0.0012140629,530
687924,2024,A,-0.0021818725,300
687924,2024,B,4.829722e-05,230
669211,2024,full,0.00140352,1241
669211,2024,A,0.0003688711,636
669211,2024,B,0.002491184,605
660896,2024,full,0.0060557798,930
660896,2024,A,0.007271844,469
660896,2024,B,0.0048186127,461
691951,2024,full,-0.008327661,222
691951,2024,A,-0.007437089,132
691951,2024,B,-0.009633834,90
518397,2024,full,-0.0044191014,566
518397,2024,A,-0.0046743625,264
518397,2024,B,-0.0041959593,302
641302,2024,full,0.0025593308,1668
641302,2024,A,0.0036809503,849
641302,2024,B,0.001396626,819
663465,2024,full,-0.0039899102,436
663465,2024,A,-0.004575769,260
663465,2024,B,-0.0031244366,176
622075,2024,full,0.004203218,266
622075,2024,A,0.004103935,149
622075,2024,B,0.0043296563,117
656186,2024,full,0.0048352215,83
656186,2024,A,0.0017061796,42
656186,2024,B,0.008040583,41
621237,2024,full,0.0041967616,1017
621237,2024,A,0.0041751824,535
621237,2024,B,0.0042207134,482
657193,2024,full,-0.057056345,13
657193,2024,A,-0.057056345,13
640470,2024,full,0.00096425496,329
640470,2024,A,-0.00025953478,167
640470,2024,B,0.0022258158,162
502624,2024,full,0.005001194,1016
502624,2024,A,0.0041920417,504
502624,2024,B,0.0057977038,512
681982,2024,full,0.0069695865,483
681982,2024,A,0.0070812586,232
681982,2024,B,0.0068663675,251
605121,2024,full,0.004561782,945
605121,2024,A,0.004802126,469
605121,2024,B,0.004324972,476
623433,2024,full,-0.0037415565,573
623433,2024,A,-0.0029568002,332
623433,2024,B,-0.0048226314,241
641312,2024,full,-0.0005786898,244
641312,2024,A,-0.0015267241,147
641312,2024,B,0.00085802237,97
542881,2024,full,-0.0038267288,2913
542881,2024,A,-0.0031596145,1486
542881,2024,B,-0.004521425,1427
677076,2024,full,0.005644447,15
677076,2024,A,0.005644447,15
542882,2024,full,0.00043699789,88
542882,2024,A,0.00128192,43
542882,2024,B,-0.0003703724,45
622088,2024,full,-0.008031845,47
622088,2024,A,-0.012884654,21
622088,2024,B,-0.004112271,26
542888,2024,full,0.001798327,1109
542888,2024,A,0.0019124965,621
542888,2024,B,0.0016530415,488
681293,2024,full,0.003907906,2505
681293,2024,A,0.0039103,1274
681293,2024,B,0.0039054293,1231
676879,2024,full,0.00647513,484
676879,2024,A,0.004748402,261
676879,2024,B,0.008496098,223
668933,2024,full,0.0012579397,1342
668933,2024,A,0.0012514369,722
668933,2024,B,0.0012655125,620
665871,2024,full,-0.001893677,2538
665871,2024,A,-0.0019139716,1274
665871,2024,B,-0.001873222,1264
687014,2024,full,-0.00017956628,225
687014,2024,A,0.00029380037,113
687014,2024,B,-0.0006571592,112
658648,2024,full,-0.001926158,1419
658648,2024,A,-0.0007656852,626
658648,2024,B,-0.0028422435,793
669199,2024,full,0.0033009164,161
669199,2024,A,0.0069664707,61
669199,2024,B,0.001064929,100
641329,2024,full,0.0040389947,369
641329,2024,A,0.0011102774,209
641329,2024,B,0.007864632,160
607455,2024,full,0.0031918162,774
607455,2024,A,0.002585455,406
607455,2024,B,0.0038607907,368
621383,2024,full,0.0022128026,1174
621383,2024,A,0.0016478725,640
621383,2024,B,0.002889872,534
605130,2024,full,0.0017855021,1022
605130,2024,A,0.001569481,530
605130,2024,B,0.002018208,492
606930,2024,full,0.0025514928,1117
606930,2024,A,0.0030283849,605
606930,2024,B,0.0022782357,484
598264,2024,full,-0.007613295,237
598264,2024,A,-0.0060394285,98
598264,2024,B,-0.0087229265,139
605135,2024,full,0.0008071668,2959
605135,2024,A,0.00083122536,1537
605135,2024,B,0.0007811623,1422
669620,2024,full,-0.004963027,350
669620,2024,A,-0.0042519127,168
669620,2024,B,-0.005619439,182
641343,2024,full,-0.0056153135,2
641343,2024,B,-0.0056153135,2
657508,2024,full,0.0044284635,1066
657508,2024,A,0.0055932174,533
657508,2024,B,0.0032637091,533
669358,2024,full,0.003961784,1206
669358,2024,A,0.0035294457,584
669358,2024,B,0.0043677087,622
660825,2024,full,0.0037361234,441
660825,2024,A,0.0033808162,246
660825,2024,B,0.0041843574,195
663941,2024,full,-0.0005426877,242
663941,2024,A,-0.0013503709,190
663941,2024,B,0.0024084626,52
670280,2024,full,0.00480983,1009
670280,2024,A,0.004652875,496
670280,2024,B,0.0049615833,513
595881,2024,full,0.0013690253,265
595881,2024,A,0.0032318495,163
595881,2024,B,-0.0016078406,102
656222,2024,full,-0.00547496,1186
656222,2024,A,-0.0060251625,575
656222,2024,B,-0.004957175,611
690925,2024,full,-0.00088130875,51
690925,2024,A,0.00850688,21
690925,2024,B,-0.0074530398,30
678394,2024,full,0.004178157,2709
678394,2024,A,0.0036111006,1383
678394,2024,B,0.0047695898,1326
678368,2024,full,-0.0036461544,1094
678368,2024,A,-0.0034970404,567
678368,2024,B,-0.0038065866,527
669622,2024,full,0.009103568,935
669622,2024,A,0.007591497,470
669622,2024,B,0.010631899,465
642834,2024,full,-0.007553489,121
642834,2024,A,-0.0073187193,95
642834,2024,B,-0.008411297,26
657514,2024,full,0.001540459,858
657514,2024,A,0.0009374165,455
657514,2024,B,0.0022213133,403
672860,2024,full,0.0038664103,348
672860,2024,A,0.0022560128,178
672860,2024,B,0.005552592,170
621244,2024,full,0.00208034,2907
621244,2024,A,0.0021821735,1496
621244,2024,B,0.0019723722,1411
676440,2024,full,0.0052911625,2851
676440,2024,A,0.0048190267,1445
676440,2024,B,0.0057763946,1406
641360,2024,full,0.0036790564,154
641360,2024,A,0.001394686,83
641360,2024,B,0.006349517,71
674370,2024,full,0.0012554394,1055
674370,2024,A,0.0005505811,508
674370,2024,B,0.0019100425,547
669456,2024,full,-0.00060079433,166
669456,2024,A,0.00013580575,83
669456,2024,B,-0.0013373946,83
656232,2024,full,-0.0036889343,510
656232,2024,A,-0.00269968,235
656232,2024,B,-0.004534297,275
685801,2024,full,0.0020553377,300
685801,2024,A,0.0048928447,133
685801,2024,B,-0.00020447391,167
656234,2024,full,0.00085562293,684
656234,2024,A,0.0015005282,332
656234,2024,B,0.0002473597,352
806185,2024,full,-0.0001750165,1388
806185,2024,A,-9.2044924e-05,679
806185,2024,B,-0.00025447723,709
702352,2024,full,0.0015116567,768
702352,2024,A,0.0012190997,360
702352,2024,B,0.0017697953,408
621389,2024,full,-0.009562479,1133
621389,2024,A,-0.009479292,541
621389,2024,B,-0.009638502,592
696131,2024,full,0.00034246861,663
696131,2024,A,0.0009531909,357
696131,2024,B,-0.0003700412,306
621112,2024,full,0.0013664406,1212
621112,2024,A,0.0015154948,638
621112,2024,B,0.001200767,574
687134,2024,full,0.00011634096,551
687134,2024,A,-0.0008074289,264
687134,2024,B,0.0009660806,287
669854,2024,full,-0.00047044744,2751
669854,2024,A,0.00038769108,1387
669854,2024,B,-0.0013430561,1364
656240,2024,full,0.0026419433,319
656240,2024,A,0.0023461324,175
656240,2024,B,0.0030014354,144
814005,2024,full,0.00053497317,238
814005,2024,A,0.00139341,156
814005,2024,B,-0.0010981509,82
675989,2024,full,0.0061063897,312
675989,2024,A,0.008736993,155
675989,2024,B,0.0035092968,157
592155,2024,full,0.0003981123,695
592155,2024,A,0.0014352301,367
592155,2024,B,-0.0007623216,328
621366,2024,full,-0.0008575507,174
621366,2024,A,-0.0013635564,103
621366,2024,B,-0.00012348584,71
676961,2024,full,-0.0021614907,63
676961,2024,A,-0.0050056647,31
676961,2024,B,0.0005938032,32
680742,2024,full,0.0031850892,68
680742,2024,A,0.0031850892,68
621199,2024,full,0.0029894677,497
621199,2024,A,0.0025582889,278
621199,2024,B,0.003536809,219
571510,2024,full,-0.00015349902,669
571510,2024,A,0.0004597849,311
571510,2024,B,-0.0006862679,358
671212,2024,full,0.0013668337,966
671212,2024,A,0.0010142314,452
671212,2024,B,0.0016769038,514
674003,2024,full,0.001269854,1175
674003,2024,A,0.0013317965,598
674003,2024,B,0.0012056571,577
680694,2024,full,0.006629617,674
680694,2024,A,0.006527402,360
680694,2024,B,0.006746806,314
671737,2024,full,0.0046198564,2294
671737,2024,A,0.004813293,1189
671737,2024,B,0.0044117155,1105
518489,2024,full,-0.00027093833,374
518489,2024,A,-0.00035179796,199
518489,2024,B,-0.00017898934,175
623211,2024,full,0.003013363,899
623211,2024,A,0.0019237162,429
623211,2024,B,0.0042832973,435
605154,2024,full,0.0035026278,994
605154,2024,A,0.0029533298,516
605154,2024,B,0.004095594,478
605155,2024,full,-0.0018658086,391
605155,2024,A,-0.0013821125,216
605155,2024,B,-0.0024628278,175
689225,2024,full,0.0043534585,1152
689225,2024,A,0.0032446596,575
689225,2024,B,0.005458414,577
666745,2024,full,0.0061676996,626
666745,2024,A,0.0061002,291
666745,2024,B,0.0062263347,335
641401,2024,full,-0.003892507,97
641401,2024,A,-0.006687625,61
641401,2024,B,0.00084366545,36
605156,2024,full,-0.0018948287,403
605156,2024,A,-0.00014052568,239
605156,2024,B,-0.004451405,164
676962,2024,full,-0.0013975125,849
676962,2024,A,-0.00012067947,447
676962,2024,B,-0.002817275,402
686613,2024,full,0.0024367732,2889
686613,2024,A,0.0015819622,1455
686613,2024,B,0.0033041018,1434
677865,2024,full,-0.0053763012,99
677865,2024,A,-0.00760844,58
677865,2024,B,-0.002218641,41
694350,2024,full,-0.00089624553,104
694350,2024,A,-0.003663154,55
694350,2024,B,0.0022094687,49
663460,2024,full,0.0025212774,467
663460,2024,A,0.0046603004,253
663460,2024,B,-7.567074e-06,214
571527,2024,full,-0.0038096874,58
571527,2024,A,-0.0038096874,58
621111,2024,full,0.0015378514,1336
621111,2024,A,0.0014664783,687
621111,2024,B,0.0016134033,649
656266,2024,full,-0.0016649499,88
656266,2024,A,-0.0019063021,62
656266,2024,B,-0.0010894187,26
607481,2024,full,-0.0009216411,974
607481,2024,A,-0.0012669384,450
607481,2024,B,-0.0006251069,524
595897,2024,full,0.0076671196,210
595897,2024,A,0.010191523,117
595897,2024,B,0.00449126,93
670103,2024,full,-0.009297688,25
670103,2024,A,-0.009297688,25
656271,2024,full,0.002248557,575
656271,2024,A,0.0023745394,286
656271,2024,B,0.0021238823,289
680732,2024,full,0.00085763965,309
680732,2024,A,0.0014547543,140
680732,2024,B,0.00036298853,169
669203,2024,full,0.010434746,2995
669203,2024,A,0.010494571,1481
669203,2024,B,0.010376224,1514
621114,2024,full,0.0040854276,570
621114,2024,A,0.003824844,315
621114,2024,B,0.0044073244,255
681347,2024,full,-0.0031893575,68
681347,2024,A,-0.0031893575,68
641427,2024,full,0.0008360759,75
641427,2024,A,-0.000103197555,43
641427,2024,B,0.0020982253,32
681066,2024,full,-0.00809165,328
681066,2024,A,-0.0074719316,171
681066,2024,B,-0.008766629,157
676130,2024,full,-0.0024953126,1222
676130,2024,A,-0.002395188,657
676130,2024,B,-0.0026117405,565
665795,2024,full,0.00073285185,1734
665795,2024,A,0.0009208266,832
665795,2024,B,0.0005594648,902
650893,2024,full,0.0009925872,1030
650893,2024,A,0.0011811891,558
650893,2024,B,0.00076962134,472
663462,2024,full,0.0022356275,119
663462,2024,A,0.002015464,73
663462,2024,B,0.0025850171,46
656288,2024,full,-0.0014471541,2869
656288,2024,A,-0.002071783,1457
656288,2024,B,-0.00080261874,1412
686563,2024,full,0.0004814148,2027
686563,2024,A,0.0002930428,1063
686563,2024,B,0.0006891321,964
666974,2024,full,0.0040548034,1008
666974,2024,A,0.0039164727,568
666974,2024,B,0.0042333757,440
676282,2024,full,-0.0022176586,711
676282,2024,A,-0.0036317373,350
676282,2024,B,-0.00084666855,361
571539,2024,full,-0.0045407936,117
571539,2024,A,-0.0037441496,80
571539,2024,B,-0.0062632686,37
471911,2024,full,-0.0032268858,1693
471911,2024,A,-0.0027430248,853
471911,2024,B,-0.0037182358,840
676508,2024,full,0.0023894024,156
676508,2024,A,0.0021419032,97
676508,2024,B,0.0027963081,59
528748,2024,full,-0.004630046,186
528748,2024,A,-0.0061865835,126
528748,2024,B,-0.0013613169,60
650895,2024,full,0.0037628177,177
650895,2024,A,0.0025565915,120
650895,2024,B,0.006302242,57
622491,2024,full,0.0028999536,2856
622491,2024,A,0.0032931871,1474
622491,2024,B,0.0024805425,1382
612434,2024,full,0.007523846,232
612434,2024,A,0.007350432,110
612434,2024,B,0.007680202,122
656302,2024,full,0.008430312,3188
656302,2024,A,0.007965083,1654
656302,2024,B,0.008931936,1534
677944,2024,full,0.0034303193,1290
677944,2024,A,0.0038589225,621
677944,2024,B,0.0030324673,669
605177,2024,full,-0.0018625122,967
605177,2024,A,-0.0011765866,481
605177,2024,B,-0.0025413812,486
547973,2024,full,0.011914831,1128
547973,2024,A,0.011469225,573
547973,2024,B,0.012374888,555
608638,2024,full,0.002615948,529
608638,2024,A,0.004157148,261
608638,2024,B,0.0011150034,268
445926,2024,full,0.00036226492,1044
445926,2024,A,0.0005488516,554
445926,2024,B,0.00015130754,490
630023,2024,full,-0.0014671567,515
630023,2024,A,-0.0026728902,263
630023,2024,B,-0.00020879174,252
683409,2024,full,-0.0014687895,512
683409,2024,A,-0.0015076402,294
683409,2024,B,-0.0014163945,218
687847,2024,full,0.0030266517,15
687847,2024,A,0.0030266517,15
643256,2024,full,0.008910278,416
643256,2024,A,0.008257835,203
643256,2024,B,0.009532089,213
542585,2024,full,0.0031543334,313
542585,2024,A,0.0031509553,189
542585,2024,B,0.0031594818,124
650644,2024,full,0.003284148,2692
650644,2024,A,0.003331848,1410
650644,2024,B,0.0032316858,1282
661403,2024,full,0.01615552,983
661403,2024,A,0.016753942,493
661403,2024,B,0.015553437,490
664076,2024,full,0.0052416595,1056
664076,2024,A,0.0058839843,528
664076,2024,B,0.0045993356,528
676391,2024,full,-0.07922458,4
676391,2024,A,-0.07922458,4
605182,2024,full,0.0045353738,303
605182,2024,A,0.0050375694,132
605182,2024,B,0.0041477135,171
502171,2024,full,0.0038811706,242
502171,2024,A,0.0056070606,162
502171,2024,B,0.00038624293,80
543037,2024,full,0.0046219015,1534
543037,2024,A,0.0051429933,794
543037,2024,B,0.004062785,740
669395,2024,full,0.0013133504,16
669395,2024,A,0.0013133504,16
664351,2024,full,-1.7975777e-05,105
664351,2024,A,0.00085533736,66
664351,2024,B,-0.0014958902,39
672710,2024,full,0.00011483845,1074
672710,2024,A,0.00015429818,534
672710,2024,B,7.581726e-05,540
571578,2024,full,-0.0073206187,2886
571578,2024,A,-0.0070877895,1420
571578,2024,B,-0.0075461417,1466
641482,2024,full,-0.002229501,2849
641482,2024,A,-0.0019044355,1471
641482,2024,B,-0.0025765046,1378
676680,2024,full,0.0034987272,323
676680,2024,A,0.0041911555,146
676680,2024,B,0.0029275718,177
543056,2024,full,0.0062125544,466
543056,2024,A,0.005682509,235
543056,2024,B,0.0067517767,231
664776,2024,full,0.005478063,644
664776,2024,A,0.005927296,350
664776,2024,B,0.0049432633,294
543063,2024,full,-0.017595693,35
543063,2024,A,-0.017595693,35
676710,2024,full,0.002784528,2823
676710,2024,A,0.0026269094,1411
676710,2024,B,0.0029420352,1412
622503,2024,full,0.0022615963,93
622503,2024,A,0.0028694775,62
622503,2024,B,0.0010458337,31
681867,2024,full,0.0005760465,1756
681867,2024,A,0.0003017693,891
681867,2024,B,0.0008585679,865
676105,2024,full,0.00224205,354
676105,2024,A,0.0020911118,180
676105,2024,B,0.0023981926,174
676979,2024,full,0.0034200212,2367
676979,2024,A,0.0037593385,1172
676979,2024,B,0.0030872345,1195
686539,2024,full,-0.00025882712,1074
686539,2024,A,-0.000187374,553
686539,2024,B,-0.00033466876,521
668968,2024,full,-0.002052155,437
668968,2024,A,-0.0019956203,253
668968,2024,B,-0.0021298903,184
518585,2024,full,0.0030601928,1138
518585,2024,A,0.003539869,586
518585,2024,B,0.0025509715,552
674444,2024,full,0.0061706263,82
674444,2024,A,0.0040074256,22
674444,2024,B,0.0069637992,60
621016,2024,full,0.0037922836,319
621016,2024,A,0.0046182293,182
621016,2024,B,0.0026950429,137
456501,2024,full,-0.0028510808,167
456501,2024,A,-0.0001656788,84
456501,2024,B,-0.0055688377,83
675540,2024,full,-0.0039035827,639
675540,2024,A,-0.0044573634,315
675540,2024,B,-0.003365184,324
595928,2024,full,0.0009753753,38
595928,2024,A,0.0029397977,20
595928,2024,B,-0.0012073162,18
702674,2024,full,-0.005913617,206
702674,2024,A,-0.007479593,163
702674,2024,B,2.2524995e-05,43
669721,2024,full,0.0019041549,508
669721,2024,A,0.0015267689,243
669721,2024,B,0.0022502106,265
506433,2024,full,0.0016047901,1260
506433,2024,A,0.0022967781,643
506433,2024,B,0.00088364194,617
656353,2024,full,0.002312943,67
656353,2024,A,0.002312943,67
656354,2024,full,-0.0011654997,142
656354,2024,A,0.00048272772,76
656354,2024,B,-0.0030634587,66
663562,2024,full,-0.002240526,354
663562,2024,A,-0.004471219,198
663562,2024,B,0.0005907376,156
660853,2024,full,0.00155673,1127
660853,2024,A,0.00050978496,568
660853,2024,B,0.0026205308,559
672282,2024,full,-0.0014757672,1557
672282,2024,A,-0.0018065337,865
672282,2024,B,-0.0010623093,692
606965,2024,full,0.0032132897,533
606965,2024,A,0.0035998488,279
606965,2024,B,0.0027886836,254
518617,2024,full,0.0007833347,593
518617,2024,A,0.0029403674,272
518617,2024,B,-0.0010444311,321
677976,2024,full,-0.0048019593,183
677976,2024,A,-0.004402073,107
677976,2024,B,-0.005364956,76
689266,2024,full,-0.0018157817,34
689266,2024,A,-0.0018157817,34
622554,2024,full,0.0069826297,1050
622554,2024,A,0.0070536844,507
622554,2024,B,0.006916287,543
666808,2024,full,0.005896333,1116
666808,2024,A,0.0056633344,582
666808,2024,B,0.006150277,534
650960,2024,full,0.011311253,56
650960,2024,A,0.011993343,31
650960,2024,B,0.010465461,25
681869,2024,full,0.004735811,840
681869,2024,A,0.004440476,439
681869,2024,B,0.0050591333,401
608648,2024,full,-0.00043243996,189
608648,2024,A,-0.002608501,121
608648,2024,B,0.0034396688,68
641540,2024,full,-0.0028096482,1688
641540,2024,A,-0.0028709949,868
641540,2024,B,-0.0027447108,820
670161,2024,full,-0.001543726,51
670161,2024,A,-0.001543726,51
661395,2024,full,0.009341749,881
661395,2024,A,0.010886256,438
661395,2024,B,0.0078146765,443
664747,2024,full,0.0012973576,977
664747,2024,A,0.00020757165,487
664747,2024,B,0.0023804717,490
621242,2024,full,0.007777445,912
621242,2024,A,0.0074740327,465
621242,2024,B,0.008093075,447
646242,2024,full,0.0006485786,166
646242,2024,A,0.0003020389,154
646242,2024,B,0.0050958362,12
622766,2024,full,-0.00921982,10
622766,2024,A,-0.00921982,10
700270,2024,full,-0.003034763,469
700270,2024,A,-0.0015661868,268
700270,2024,B,-0.004992865,201
671109,2024,full,-0.0050312756,45
671109,2024,A,-0.0050312756,45
605218,2024,full,-0.0016819484,12
605218,2024,A,-0.0016819484,12
664123,2024,full,0.0010583572,55
664123,2024,A,0.0037685647,32
664123,2024,B,-0.0027123666,23
621107,2024,full,0.00061155035,2447
621107,2024,A,-2.7433534e-06,1200
621107,2024,B,0.001202691,1247
685126,2024,full,-0.0020028802,110
685126,2024,A,-0.0028669112,58
685126,2024,B,-0.0010391534,52
693821,2024,full,-0.0053264294,864
693821,2024,A,-0.0046982206,418
693821,2024,B,-0.005915199,446
686642,2024,full,-0.004109899,432
686642,2024,A,-0.0042378646,206
686642,2024,B,-0.0039932574,226
592288,2024,full,-0.0047624465,302
592288,2024,A,-0.0065348786,123
592288,2024,B,-0.0035445178,179
669438,2024,full,0.0035550175,365
669438,2024,A,0.002462458,189
669438,2024,B,0.0047282767,176
543135,2024,full,0.0033742737,2621
543135,2024,A,0.0034342294,1344
543135,2024,B,0.0033111721,1277
668674,2024,full,0.008545094,947
668674,2024,A,0.008378518,440
668674,2024,B,0.008689659,507
502179,2024,full,-0.0010138253,158
502179,2024,A,-0.00245908,105
502179,2024,B,0.0018494142,53
683155,2024,full,0.0005032031,2027
683155,2024,A,6.475918e-05,1011
683155,2024,B,0.00093948934,1016
669093,2024,full,0.009422566,1003
669093,2024,A,0.009192971,513
669093,2024,B,0.009662937,490
608032,2024,full,0.0016508079,821
608032,2024,A,0.0012376013,420
608032,2024,B,0.0020835928,401
656412,2024,full,-0.0016804365,1007
656412,2024,A,-0.0018581223,539
656412,2024,B,-0.0014757935,468
664126,2024,full,0.0055298554,696
664126,2024,A,0.0060374313,342
664126,2024,B,0.0050394866,354
663559,2024,full,-0.0037882996,2137
663559,2024,A,-0.003544083,1028
663559,2024,B,-0.0040146783,1109
571656,2024,full,0.00062791683,1167
571656,2024,A,0.00040534197,659
571656,2024,B,0.0009166507,508
676534,2024,full,0.0061261035,987
676534,2024,A,0.006198118,453
676534,2024,B,0.006065012,534
607200,2024,full,-0.0020505425,2891
607200,2024,A,-0.002451858,1500
607200,2024,B,-0.0016177796,1391
621399,2024,full,-0.0031663207,44
621399,2024,A,-0.0031663207,44
663372,2024,full,-0.0012455325,2577
663372,2024,A,-0.0021278616,1251
663372,2024,B,-0.00041310897,1326
657571,2024,full,-0.00088021153,938
657571,2024,A,0.00049510616,497
657571,2024,B,-0.0024301724,441
621053,2024,full,0.0067629726,819
621053,2024,A,0.0071388297,451
621053,2024,B,0.006302345,368
681676,2024,full,0.0010566667,1190
681676,2024,A,0.0018201529,519
681676,2024,B,0.00046613137,671
678606,2024,full,0.0029642077,476
678606,2024,A,0.0031685058,237
678606,2024,B,0.0027616199,239
701581,2024,full,0.006260246,1099
701581,2024,A,0.006920513,571
701581,2024,B,0.0055462085,528
670036,2024,full,0.007602635,385
670036,2024,A,0.0079418095,206
670036,2024,B,0.007212298,179
656420,2024,full,0.0012270414,179
656420,2024,A,0.0036376177,93
656420,2024,B,-0.0013797451,86
640448,2024,full,0.0031173693,1067
640448,2024,A,0.0026579676,526
640448,2024,B,0.0038438642,499
690916,2024,full,0.00550025,314
690916,2024,A,0.003265332,146
690916,2024,B,0.0074425004,168
656427,2024,full,0.0018957308,2569
656427,2024,A,0.0020056933,1335
656427,2024,B,0.0017767682,1234
676596,2024,full,-0.0030342904,531
676596,2024,A,-0.0028009077,278
676596,2024,B,-0.003290735,253
623167,2024,full,-0.004217152,2797
623167,2024,A,-0.0034803888,1435
623167,2024,B,-0.0049934033,1362
571670,2024,full,0.00027707554,1018
571670,2024,A,0.0004143211,485
571670,2024,B,0.00015218959,533
671345,2024,full,0.0013393877,905
671345,2024,A,0.0013236778,452
671345,2024,B,0.0013550632,453
641582,2024,full,-0.0009063618,108
641582,2024,A,0.003183106,57
641582,2024,B,-0.005476944,51
641585,2024,full,-0.0025064729,466
641585,2024,A,-0.004113505,288
641585,2024,B,9.367054e-05,178
670102,2024,full,0.00378994,1558
670102,2024,A,0.0037007818,760
670102,2024,B,0.0038748533,798
607536,2024,full,-0.005680726,1769
607536,2024,A,-0.0053991564,910
607536,2024,B,-0.005979013,859
608331,2024,full,0.0020728016,2761
608331,2024,A,0.001474387,1353
608331,2024,B,0.0026478409,1408
666818,2024,full,-0.0017945041,229
666818,2024,A,-0.003161387,129
666818,2024,B,-3.1225456e-05,100
608334,2024,full,-0.0004964825,1469
608334,2024,A,-0.00075233076,704
608334,2024,B,-0.00026103554,765
681892,2024,full,0.0014900486,652
681892,2024,A,0.0028598758,322
681892,2024,B,0.00015342953,330
683769,2024,full,0.002177854,1075
683769,2024,A,0.002349725,547
683769,2024,B,0.0019997987,528
606149,2024,full,-0.004633873,401
606149,2024,A,-0.0031420828,240
606149,2024,B,-0.006857658,161
668678,2024,full,0.0015953897,2506
668678,2024,A,0.0011055608,1218
668678,2024,B,0.0020585975,1288
642520,2024,full,0.0017195996,492
642520,2024,A,0.0006862951,264
642520,2024,B,0.0029160578,228
676395,2024,full,0.0024239689,946
676395,2024,A,0.0019211984,464
676395,2024,B,0.0033164693,457
665620,2024,full,-0.00078190153,283
665620,2024,A,-0.0002803936,153
665620,2024,B,-0.0013721376,130
472610,2024,full,0.005272527,897
472610,2024,A,0.0063467706,446
472610,2024,B,0.0042101936,451
554340,2024,full,0.0067169084,619
554340,2024,A,0.007566026,330
554340,2024,B,0.0057473276,289
607237,2024,full,-0.0053335247,104
607237,2024,A,-0.0039201095,40
607237,2024,B,-0.0062169097,64
666129,2024,full,-0.00066010765,588
666129,2024,A,0.00020963931,321
666129,2024,B,-0.0017057585,267
657585,2024,full,0.006354155,953
657585,2024,A,0.006677003,488
657585,2024,B,0.0060153385,465
688107,2024,full,0.0017611523,399
688107,2024,A,0.0020680171,236
688107,2024,B,0.0013168573,163
592332,2024,full,0.0025392564,2866
592332,2024,A,0.002558268,1576
592332,2024,B,0.0025160299,1290
593334,2024,full,0.0007369277,373
593334,2024,A,0.0015198851,215
593334,2024,B,-0.00032848906,158
664139,2024,full,0.0019114556,39
664139,2024,A,0.0027330539,21
664139,2024,B,0.0009529245,18
502043,2024,full,-0.0039992407,2764
502043,2024,A,-0.004132873,1400
502043,2024,B,-0.0038620813,1364
661563,2024,full,0.0031975068,2664
661563,2024,A,0.0042946483,1350
661563,2024,B,0.0020703063,1314
669302,2024,full,0.0054864804,3041
669302,2024,A,0.0045924606,1580
669302,2024,B,0.0064533204,1461
656457,2024,full,-0.004490919,145
656457,2024,A,0.0002165266,90
656457,2024,B,-0.012194011,55
656458,2024,full,-0.00031897143,47
656458,2024,A,-9.504429e-05,31
656458,2024,B,-0.0007528307,16
670810,2024,full,0.0024917438,151
670810,2024,A,0.002329777,61
670810,2024,B,0.0026015216,90
687362,2024,full,-0.0023549977,138
687362,2024,A,-0.0024861014,81
687362,2024,B,-0.002168693,57
656464,2024,full,-0.0017870282,1184
656464,2024,A,-0.0025331646,538
656464,2024,B,-0.0011656325,646
669372,2024,full,0.0023025244,515
669372,2024,A,0.0019977347,259
669372,2024,B,0.002610886,256
607192,2024,full,0.008783171,2011
607192,2024,A,0.009857614,985
607192,2024,B,0.007751665,1026
596295,2024,full,-0.0017475407,2621
596295,2024,A,-0.0015869442,1321
596295,2024,B,-0.0019107312,1300
594835,2024,full,-0.0015370293,546
594835,2024,A,-0.0015084055,342
594835,2024,B,-0.0015850165,204
624647,2024,full,-0.00094032334,386
624647,2024,A,-0.00132261,221
624647,2024,B,-0.00042829107,165
685299,2024,full,0.0018754354,607
685299,2024,A,0.00077308476,329
685299,2024,B,0.0031800158,278
669022,2024,full,0.0020090465,2993
669022,2024,A,0.0022174343,1515
669022,2024,B,0.0017954416,1478
543238,2024,full,-0.00093949324,79
543238,2024,A,-0.0014263008,45
543238,2024,B,-0.00029518898,34
700669,2024,full,-0.00030337862,105
700669,2024,A,0.0036715188,67
700669,2024,B,-0.0073117497,38
660813,2024,full,0.006995535,101
660813,2024,A,0.0046801367,49
660813,2024,B,0.009177351,52
592351,2024,full,-0.0022817594,1620
592351,2024,A,-0.0024789716,778
592351,2024,B,-0.0020995373,842
680686,2024,full,-0.005775143,176
680686,2024,A,-0.0047282977,80
680686,2024,B,-0.0066475137,96
543243,2024,full,0.006015312,2481
543243,2024,A,0.0059088366,1251
543243,2024,B,0.006123605,1230
643338,2024,full,0.005241668,840
643338,2024,A,0.0041869935,441
643338,2024,B,0.0064073596,399
668881,2024,full,0.0061743306,2563
668881,2024,A,0.0057097566,1283
668881,2024,B,0.0066399933,1280
675627,2024,full,0.008651067,827
675627,2024,A,0.009235198,417
675627,2024,B,0.008056963,410
674944,2024,full,0.005142268,243
674944,2024,A,0.002457461,120
674944,2024,B,0.0077615934,123
692285,2024,full,0.007823518,133
692285,2024,A,0.0040079085,53
692285,2024,B,0.010351358,80
661269,2024,full,0.004543555,80
661269,2024,A,0.004543555,80
672782,2024,full,0.0048385966,214
672782,2024,A,0.004221437,102
672782,2024,B,0.0054006525,112
623352,2024,full,0.0077156425,1166
623352,2024,A,0.008486307,568
623352,2024,B,0.0069836397,598
669084,2024,full,0.00060866633,782
669084,2024,A,0.0011799264,450
669084,2024,B,-0.0001656317,332
678020,2024,full,0.008970315,177
678020,2024,A,0.010621653,83
678020,2024,B,0.007512217,94
641656,2024,full,0.0054988693,619
641656,2024,A,0.0045944513,326
641656,2024,B,0.00650515,293
641658,2024,full,-0.06908098,13
641658,2024,A,-0.06908098,13
676106,2024,full,-0.0010002713,1014
676106,2024,A,-0.0011275922,486
676106,2024,B,-0.00088307797,528
669724,2024,full,0.0006191743,446
669724,2024,A,0.00034008556,205
669724,2024,B,0.0008565734,241
663687,2024,full,0.00092108507,1213
663687,2024,A,0.0010652492,674
663687,2024,B,0.000740813,539
690986,2024,full,-0.0009544248,2078
690986,2024,A,-0.0008839648,1048
690986,2024,B,-0.0010261162,1030
664129,2024,full,-0.004606766,138
664129,2024,A,-0.003391983,96
664129,2024,B,-0.0073834127,42
701643,2024,full,-0.00017085091,118
701643,2024,A,1.2572751e-05,36
701643,2024,B,-0.00025137822,82
640451,2024,full,0.006935964,906
640451,2024,A,0.0078100534,473
640451,2024,B,0.0059811273,433
687396,2024,full,-0.0044323686,60
687396,2024,A,-0.0044323686,60
571760,2024,full,0.001549433,2727
571760,2024,A,0.0014846129,1337
571760,2024,B,0.0016117817,1390
669169,2024,full,0.00093115494,108
669169,2024,A,0.003124279,76
669169,2024,B,-0.004277515,32
621294,2024,full,0.0031770193,255
621294,2024,A,0.0019798295,117
621294,2024,B,0.0041920273,138
664854,2024,full,0.01216259,931
664854,2024,A,0.01228345,479
664854,2024,B,0.012034511,452
543294,2024,full,-0.0037426606,2135
543294,2024,A,-0.0041008056,1111
543294,2024,B,-0.0033540875,1024
668874,2024,full,-0.0010154173,39
668874,2024,A,-0.0010154173,39
683618,2024,full,0.0006395331,59
683618,2024,A,0.0036818814,34
683618,2024,B,-0.0034980604,25
678692,2024,full,0.0047824825,303
678692,2024,A,0.0036531354,161
678692,2024,B,0.0060629393,142
674072,2024,full,-0.0032545277,706
674072,2024,A,-0.0033232127,383
674072,2024,B,-0.0031730845,323
682073,2024,full,-0.03450915,1
682073,2024,A,-0.03450915,1
656529,2024,full,-0.0038958914,351
656529,2024,A,-0.0036632712,179
656529,2024,B,-0.0041379784,172
623474,2024,full,0.0035794224,189
623474,2024,A,0.0015476524,80
623474,2024,B,0.0050706295,109
643361,2024,full,-2.5320132e-05,151
643361,2024,A,-0.0036491165,44
643361,2024,B,0.0014648393,107
669796,2024,full,-0.00082918565,89
669796,2024,A,-0.00031643495,56
669796,2024,B,-0.0016993082,33
663321,2024,full,0.002582273,139
663321,2024,A,0.0022781997,74
663321,2024,B,0.0029284488,65
672578,2024,full,0.004728402,560
672578,2024,A,0.005059369,283
672578,2024,B,0.0043902663,277
678226,2024,full,0.006539964,330
678226,2024,A,0.0066242246,163
678226,2024,B,0.006457721,167
622694,2024,full,-0.0021260069,251
622694,2024,A,-0.0023547274,166
622694,2024,B,-0.0016793293,85
642546,2024,full,0.0048283297,761
642546,2024,A,0.005340436,425
642546,2024,B,0.0041805753,336
682120,2024,full,-0.00041395918,1011
682120,2024,A,0.00080091774,525
682120,2024,B,-0.0017263262,486
687792,2024,full,-0.0035759702,1586
687792,2024,A,-0.0050064637,828
687792,2024,B,-0.0020133732,758
663855,2024,full,0.0005908117,1958
663855,2024,A,0.00088348734,1000
663855,2024,B,0.00028530468,958
677955,2024,full,0.002765041,151
677955,2024,A,0.0036473542,80
677955,2024,B,0.0017708854,71
448179,2024,full,-0.009235924,71
448179,2024,A,-1.7218477e-05,45
448179,2024,B,-0.02519137,26
657612,2024,full,0.006956873,982
657612,2024,A,0.0072642853,462
657612,2024,B,0.0066837487,520
663546,2024,full,-0.00095784495,1209
663546,2024,A,-0.001248114,542
663546,2024,B,-0.0007219742,667
687863,2024,full,0.0027686113,642
687863,2024,A,0.0017650661,315
687863,2024,B,0.0037353295,327
663773,2024,full,0.001281877,782
663773,2024,A,0.0020831886,338
663773,2024,B,0.0006718697,444
656546,2024,full,0.004445735,990
656546,2024,A,0.004967214,489
656546,2024,B,0.0039367466,501
670059,2024,full,0.0073826597,869
670059,2024,A,0.006730604,418
670059,2024,B,0.007987005,451
668970,2024,full,0.007492315,29
668970,2024,A,0.007492315,29
680880,2024,full,0.0019581716,292
680880,2024,A,0.0024305019,139
680880,2024,B,0.0015290614,153
605280,2024,full,0.0064576906,1085
605280,2024,A,0.0061480454,585
605280,2024,B,0.0068199756,500
656550,2024,full,0.0016731193,1024
656550,2024,A,0.0024805919,499
656550,2024,B,0.00090563577,525
663947,2024,full,-0.0005787011,1338
663947,2024,A,-2.9714533e-05,691
663947,2024,B,-0.001165022,647
641703,2024,full,-0.003516942,453
641703,2024,A,-0.0034617707,201
641703,2024,B,-0.0035609482,252
690544,2024,full,0.007155331,303
690544,2024,A,0.007129117,150
690544,2024,B,0.007181032,153
656557,2024,full,0.004373279,2735
656557,2024,A,0.0045727883,1379
656557,2024,B,0.0041703857,1356
605288,2024,full,-0.0011314206,1101
605288,2024,A,0.00028152094,519
605288,2024,B,-0.0023914145,582
675921,2024,full,0.0012369779,537
675921,2024,A,0.0015962974,259
675921,2024,B,0.000902216,278
663542,2024,full,0.0027490174,927
663542,2024,A,0.0026559364,490
663542,2024,B,0.0028533868,437
641712,2024,full,-0.006947138,1508
641712,2024,A,-0.0072195097,767
641712,2024,B,-0.006665208,741
543339,2024,full,-0.00089628494,999
543339,2024,A,-4.1970397e-05,519
543339,2024,B,-0.0018200127,480
676714,2024,full,-0.00045847075,350
676714,2024,A,0.0020990327,186
676714,2024,B,-0.003359054,164
669165,2024,full,-0.0010418196,87
669165,2024,A,-0.0009346984,53
669165,2024,B,-0.0012088025,34
676428,2024,full,-3.2654472e-05,645
676428,2024,A,-0.0005295894,308
676428,2024,B,0.00042151756,337
628452,2024,full,0.006285825,928
628452,2024,A,0.0065357606,460
628452,2024,B,0.0061055613,448
684007,2024,full,-0.00019346528,2589
684007,2024,A,-0.00032066516,1380
684007,2024,B,-4.8274414e-05,1209
683568,2024,full,-0.0036322558,137
683568,2024,A,-0.007532936,79
683568,2024,B,0.0016807397,58
608344,2024,full,-0.0022048801,1767
608344,2024,A,-0.002423932,925
608344,2024,B,-0.0019642352,842
663623,2024,full,0.0015276411,3046
663623,2024,A,0.0013067467,1570
663623,2024,B,0.0017626034,1476
543351,2024,full,-0.00017443018,453
543351,2024,A,-0.0018169214,240
543351,2024,B,0.0016762638,213
592426,2024,full,0.009565499,917
592426,2024,A,0.0095563,448
592426,2024,B,0.009574287,469
689690,2024,full,-0.0014237802,232
689690,2024,A,0.00085967616,154
689690,2024,B,-0.0059321425,78
682175,2024,full,-0.003666942,50
682175,2024,A,-0.0027585141,33
682175,2024,B,-0.0054303594,17
445276,2024,full,0.0069446256,801
445276,2024,A,0.0077568456,366
445276,2024,B,0.00626124,435
686826,2024,full,0.00056797493,1006
686826,2024,A,0.0015097425,472
686826,2024,B,-0.00026444896,534
664299,2024,full,-0.003058268,570
664299,2024,A,-0.004690513,304
664299,2024,B,-0.0011928452,266
643377,2024,full,0.01560615,1068
643377,2024,A,0.015619504,569
643377,2024,B,0.015590921,499
664079,2024,full,-0.0042492477,153
664079,2024,A,-0.0019178075,108
664079,2024,B,-0.009844705,45
641726,2024,full,-0.0021971215,281
641726,2024,A,-0.0012337005,159
641726,2024,B,-0.0034527285,122
666204,2024,full,-0.0017551018,450
666204,2024,A,-0.0003888128,207
666204,2024,B,-0.0029189773,243
641729,2024,full,0.0064542694,1089
641729,2024,A,0.0057138433,527
641729,2024,B,0.0071111917,543
695549,2024,full,0.0013858763,48
695549,2024,A,0.009919171,9
695549,2024,B,-0.0005833454,39
572955,2024,full,0.0046760556,916
572955,2024,A,0.004549293,470
572955,2024,B,0.0048096403,446
686751,2024,full,-0.0003123094,58
686751,2024,A,-0.0003123094,58
683003,2024,full,0.008165544,1823
683003,2024,A,0.007815566,889
683003,2024,B,0.00849866,934
690829,2024,full,0.007710811,541
690829,2024,A,0.008512178,275
690829,2024,B,0.0068823295,266
596001,2024,full,0.0024692423,943
596001,2024,A,0.0018922893,466
596001,2024,B,0.0030328901,477
676083,2024,full,0.0020030923,175
676083,2024,A,0.002530202,68
676083,2024,B,0.0016681068,107
687145,2024,full,0.005796721,8
687145,2024,A,0.005796721,8
592454,2024,full,-0.0010158762,750
592454,2024,A,-0.0011765094,394
592454,2024,B,-0.0008380962,356
641745,2024,full,0.0015306601,743
641745,2024,A,-0.00045139427,374
641745,2024,B,0.003539572,369
656605,2024,full,0.0024345005,2848
656605,2024,A,0.0027518072,1449
656605,2024,B,0.0021058533,1399
543391,2024,full,-0.0050178748,78
543391,2024,A,-0.005380155,38
543391,2024,B,-0.004673709,40
523260,2024,full,0.0069627045,552
523260,2024,A,0.0064998223,285
523260,2024,B,0.007456791,267
687330,2024,full,0.0037345153,1033
687330,2024,A,0.004029095,574
687330,2024,B,0.0033661285,459
518876,2024,full,-0.00072399626,1142
518876,2024,A,-0.0017738517,637
518876,2024,B,0.00060027663,505
547184,2024,full,0.0024963652,470
547184,2024,A,0.0013041374,259
547184,2024,B,0.003959811,211
677161,2024,full,0.00868867,955
677161,2024,A,0.00851098,467
677161,2024,B,0.008858715,488
689147,2024,full,0.012762408,1063
689147,2024,A,0.013414002,506
689147,2024,B,0.012170475,557
678061,2024,full,0.0005951258,383
678061,2024,A,0.0013871292,183
678061,2024,B,-0.00012955726,200
477132,2024,full,-0.0044741337,504
477132,2024,A,-0.0046703867,250
477132,2024,B,-0.0042809714,254
572971,2024,full,-0.0052239206,308
572971,2024,A,-0.0040923744,165
572971,2024,B,-0.0065295515,143
579328,2024,full,0.0033566183,2923
579328,2024,A,0.0025398778,1435
579328,2024,B,0.0041442686,1488
668873,2024,full,-0.00901801,167
668873,2024,A,-0.010750656,85
668873,2024,B,-0.007221976,82
518886,2024,full,0.0051645823,963
518886,2024,A,0.0047266013,494
518886,2024,B,0.005625909,469
687911,2024,full,0.0029607473,416
687911,2024,A,0.004118676,187
687911,2024,B,0.0020151902,229
667463,2024,full,-0.0030380771,857
667463,2024,A,-0.0031036942,453
667463,2024,B,-0.0029645022,404
650633,2024,full,0.0012828991,2894
650633,2024,A,0.0008882536,1515
650633,2024,B,0.0017164655,1379
641755,2024,full,-0.0017297453,1185
641755,2024,A,-0.0010562557,619
641755,2024,B,-0.0024663003,566
669923,2024,full,0.007059457,2967
669923,2024,A,0.006466072,1550
669923,2024,B,0.007708536,1417
685116,2024,full,-0.0028370342,158
685116,2024,A,-0.004887179,70
685116,2024,B,-0.0012062368,88
552640,2024,full,0.0065726982,1028
552640,2024,A,0.006999992,516
552640,2024,B,0.006142066,512
694361,2024,full,0.0032067522,146
694361,2024,A,5.5657623e-05,48
694361,2024,B,0.004750146,98
680572,2024,full,-0.003967212,15
680572,2024,A,-0.003967212,15
689017,2024,full,0.00034121572,1149
689017,2024,A,9.9396406e-05,632
689017,2024,B,0.0006368247,517
571863,2024,full,0.001288801,23
571863,2024,A,0.0027781932,7
571863,2024,B,0.0006371918,16
686799,2024,full,-0.00047142847,859
686799,2024,A,-0.00020149894,476
686799,2024,B,-0.0008069022,383
657649,2024,full,4.8676044e-05,1017
657649,2024,A,-0.001587223,568
657649,2024,B,0.0021181426,449
663568,2024,full,0.0049197157,797
663568,2024,A,0.005570959,433
663568,2024,B,0.0041450225,364
656629,2024,full,0.008202785,1141
656629,2024,A,0.008691314,604
656629,2024,B,0.007653304,537
667478,2024,full,-0.009330251,4
667478,2024,A,-0.009330251,4
665152,2024,full,-0.0006683087,2171
665152,2024,A,-0.0010497605,1077
665152,2024,B,-0.00029278436,1094
670219,2024,full,0.00039654836,39
670219,2024,A,0.00039654836,39
640454,2024,full,-0.006802839,27
640454,2024,A,-0.006802839,27
641771,2024,full,-0.0014642163,980
641771,2024,A,-0.0017495513,537
641771,2024,B,-0.0011183358,443
669270,2024,full,-0.0009910192,158
669270,2024,A,-0.001015081,100
669270,2024,B,-0.00094953313,58
686747,2024,full,-0.007027622,271
686747,2024,A,-0.008009509,129
686747,2024,B,-0.0061356258,142
663567,2024,full,0.00031048208,1039
663567,2024,A,0.00015116303,489
663567,2024,B,0.00045213124,550
659275,2024,full,-0.004688549,74
659275,2024,A,-0.0054180264,63
659275,2024,B,-0.0005106297,11
656638,2024,full,0.005980966,377
656638,2024,A,0.004472226,202
656638,2024,B,0.007722482,175
656641,2024,full,0.0030380143,813
656641,2024,A,0.0029325625,413
656641,2024,B,0.0031468933,400
571882,2024,full,-0.0016541106,1368
571882,2024,A,-0.0011578172,680
571882,2024,B,-0.0021671127,657
664875,2024,full,0.005300951,1081
664875,2024,A,0.005398817,567
664875,2024,B,0.005192994,514
676661,2024,full,-0.000276772,214
676661,2024,A,0.001389584,121
676661,2024,B,-0.0024448265,93
681517,2024,full,0.0034251392,695
681517,2024,A,0.0014366161,411
681517,2024,B,0.0063028955,284
673929,2024,full,0.0019823636,560
673929,2024,A,0.0011783725,347
673929,2024,B,0.003292152,213
600917,2024,full,0.003804431,1204
600917,2024,A,0.003946502,600
600917,2024,B,0.0036633008,604
669276,2024,full,-0.0016563234,858
669276,2024,A,0.0005697247,401
669276,2024,B,-0.0036095954,457
668984,2024,full,0.0028982207,166
668984,2024,A,0.0032308172,91
668984,2024,B,0.0024946693,75
605335,2024,full,-0.0084025515,117
605335,2024,A,-0.00918505,37
605335,2024,B,-0.008040647,80
643410,2024,full,0.0027801713,1014
643410,2024,A,0.0028481164,522
643410,2024,B,0.0027080833,492
683004,2024,full,0.0049648825,669
683004,2024,A,0.004333156,348
683004,2024,B,0.0056497455,321
608678,2024,full,0.0025557724,361
608678,2024,A,0.0024138254,155
608678,2024,B,0.0026625774,206
669461,2024,full,-0.0021674966,1357
669461,2024,A,-0.002313943,665
669461,2024,B,-0.002026764,692
641793,2024,full,-0.001016771,2485
641793,2024,A,-0.0015358002,1343
641793,2024,B,-0.0004063887,1142
663893,2024,full,9.147228e-05,696
663893,2024,A,-0.00020204662,362
663893,2024,B,0.00040959724,334
681432,2024,full,-0.0007560539,438
681432,2024,A,0.00032846435,238
681432,2024,B,-0.0020466307,200
594902,2024,full,-0.00244095,2406
594902,2024,A,-0.0022333837,1283
594902,2024,B,-0.0026780893,1123
666157,2024,full,-0.00023939846,1863
666157,2024,A,-3.6674995e-05,994
666157,2024,B,-0.0004712824,869
679845,2024,full,-0.028197117,3
679845,2024,A,-0.028197117,3
656657,2024,full,-0.0026337623,43
656657,2024,A,-0.0060618087,9
656657,2024,B,-0.0017263382,34
669674,2024,full,0.00016439457,702
669674,2024,A,-7.048654e-05,350
669674,2024,B,0.00039794153,352
682052,2024,full,0.0011048387,178
682052,2024,A,0.0032463772,39
682052,2024,B,0.0005039751,139
547179,2024,full,-0.00077675935,2091
547179,2024,A,-0.00054592534,1123
547179,2024,B,-0.0010445551,968
702795,2024,full,-0.00025195806,35
702795,2024,A,-0.0017617439,30
702795,2024,B,0.008806758,5
663992,2024,full,-0.001406244,528
663992,2024,A,-0.0009629985,293
663992,2024,B,-0.0019588864,235
695076,2024,full,-0.00024617012,498
695076,2024,A,0.00037486173,248
695076,2024,B,-0.0008622341,250
642528,2024,full,0.013859902,61
642528,2024,A,0.011651263,38
642528,2024,B,0.017508956,23
687922,2024,full,0.0027486798,246
687922,2024,A,0.0034203003,130
687922,2024,B,0.0019960012,116
664192,2024,full,-0.00594339,179
664192,2024,A,-0.0056847516,68
664192,2024,B,-0.0061018355,111
607625,2024,full,-0.00048022182,3112
607625,2024,A,-0.0010612226,1594
607625,2024,B,0.00012986726,1518
666200,2024,full,-0.00041875965,1083
666200,2024,A,-0.00030691177,557
666200,2024,B,-0.0005371991,526
543475,2024,full,-0.00020016554,72
543475,2024,A,-0.0017452921,42
543475,2024,B,0.0019630117,30
663738,2024,full,-0.0035096572,631
663738,2024,A,-0.0026501585,342
663738,2024,B,-0.00452678,289
458681,2024,full,-0.0025137246,2039
458681,2024,A,-0.0032326558,1095
458681,2024,B,-0.0016797947,944
605347,2024,full,0.0028963785,802
605347,2024,A,0.0030194595,406
605347,2024,B,0.0027701887,396
641154,2024,full,0.0052709095,2985
641154,2024,A,0.005089385,1468
641154,2024,B,0.0054465705,1517
625643,2024,full,0.0023585078,2109
625643,2024,A,0.0014261944,1093
625643,2024,B,0.003361479,1016
656671,2024,full,-0.0051561743,96
656671,2024,A,-0.0057433364,31
656671,2024,B,-0.0048761424,65
680744,2024,full,-0.0009506415,403
680744,2024,A,-0.0017959249,218
680744,2024,B,4.5422687e-05,185
628317,2024,full,0.0029939003,1958
628317,2024,A,0.0030111424,1097
628317,2024,B,0.002971932,861
641816,2024,full,-0.0014524312,229
641816,2024,A,-0.0019717473,137
641816,2024,B,-0.00067910214,92
571912,2024,full,-0.049630504,12
571912,2024,A,-0.033900056,5
571912,2024,B,-0.060866535,7
687424,2024,full,-0.003419716,297
687424,2024,A,-0.0047252458,139
687424,2024,B,-0.0022711805,158
640455,2024,full,-0.0025773316,2911
640455,2024,A,-0.0021505745,1472
640455,2024,B,-0.0030138765,1439
666159,2024,full,0.0026654187,438
666159,2024,A,0.0021982857,265
666159,2024,B,0.0033809694,173
666201,2024,full,-0.0047847386,394
666201,2024,A,-0.0044854954,219
666201,2024,B,-0.00515922,175
573009,2024,full,0.0008030501,867
573009,2024,A,0.0008331471,428
573009,2024,B,0.00083183957,428
676760,2024,full,0.0044805,395
676760,2024,A,0.0024250194,165
676760,2024,B,0.0059550833,230
679525,2024,full,0.00049778103,2160
679525,2024,A,-0.0003722071,1127
679525,2024,B,0.0014469356,1033
665896,2024,full,0.0005739927,311
665896,2024,A,0.000595982,158
665896,2024,B,0.00055128505,153
628708,2024,full,0.0040836,482
628708,2024,A,0.003596455,242
628708,2024,B,0.0045748046,240
455119,2024,full,0.000326853,657
455119,2024,A,0.00087815506,334
455119,2024,B,-0.00024322404,323
663436,2024,full,0.0016662724,892
663436,2024,A,0.0006422178,471
663436,2024,B,0.002811949,421
679885,2024,full,0.011400061,1177
679885,2024,A,0.010819773,665
679885,2024,B,0.012153754,512
607259,2024,full,0.0019368622,2122
607259,2024,A,0.0015004161,1004
607259,2024,B,0.002328805,1118
661527,2024,full,0.0045385947,838
661527,2024,A,0.0039524203,429
661527,2024,B,0.005153433,409
664208,2024,full,0.006658389,1078
664208,2024,A,0.0063150777,528
664208,2024,B,0.006987968,550
673513,2024,full,0.002038646,1049
673513,2024,A,0.0024525768,531
673513,2024,B,0.0016143273,518
805673,2024,full,0.0025007545,716
805673,2024,A,0.0035221928,407
805673,2024,B,0.001155365,309
676755,2024,full,0.002144923,100
676755,2024,A,0.0068285074,62
676755,2024,B,-0.005496715,38
571927,2024,full,0.0013822984,754
571927,2024,A,0.001999761,383
571927,2024,B,0.000744864,371
554431,2024,full,-0.0029103858,179
554431,2024,A,-0.0029689157,100
554431,2024,B,-0.0028362984,79
641835,2024,full,-0.005142333,731
641835,2024,A,-0.007541112,374
641835,2024,B,-0.002629326,357
800049,2024,full,0.0034203466,584
800049,2024,A,0.0045439927,302
800049,2024,B,0.0022170087,282
663704,2024,full,0.006371799,903
663704,2024,A,0.0051010526,457
663704,2024,B,0.0075284005,412
543510,2024,full,-0.07168014,2
543510,2024,A,-0.07168014,2
670766,2024,full,-0.00016368514,713
670766,2024,A,-0.00011731261,338
670766,2024,B,-0.00020548217,375
694646,2024,full,0.0012484224,82
694646,2024,A,0.0012484224,82
686790,2024,full,-0.000105317966,39
686790,2024,A,-0.000105317966,39
519008,2024,full,-0.00078258576,836
519008,2024,A,-0.0008000939,404
519008,2024,B,-0.0007662124,432
543518,2024,full,-0.0016216686,577
543518,2024,A,-0.00091276714,248
543518,2024,B,-0.002156038,329
700241,2024,full,0.000365749,311
700241,2024,A,-0.0016185183,182
700241,2024,B,0.0031652583,129
663474,2024,full,-0.00915272,1299
663474,2024,A,-0.009907603,650
663474,2024,B,-0.008396673,649
669111,2024,full,0.000403291,180
669111,2024,A,0.00040295726,105
669111,2024,B,0.00040375855,75
607644,2024,full,-0.0010122599,320
607644,2024,A,-0.00067445403,180
607644,2024,B,-0.0014465818,140
683232,2024,full,0.00997207,1028
683232,2024,A,0.009698214,584
683232,2024,B,0.010332278,444
682989,2024,full,0.004371691,107
682989,2024,A,0.007068057,70
682989,2024,B,-0.0007295412,37
665622,2024,full,3.4655466e-05,720
665622,2024,A,-2.1769058e-05,368
665622,2024,B,9.364491e-05,352
703231,2024,full,-0.0027535178,16
703231,2024,A,-0.0027535178,16
656730,2024,full,0.007613279,668
656730,2024,A,0.0056476193,302
656730,2024,B,0.009235216,366
656731,2024,full,0.0031646322,1365
656731,2024,A,0.003502123,704
656731,2024,B,0.002805187,661
691441,2024,full,0.0006163525,70
691441,2024,A,0.0006163525,70
675650,2024,full,0.00031000652,260
675650,2024,A,-0.0050962903,105
675650,2024,B,0.0039723366,155
657240,2024,full,0.0056519452,272
657240,2024,A,0.0047542835,145
657240,2024,B,0.006676834,127
676974,2024,full,0.002689777,968
676974,2024,A,0.0033360405,538
676974,2024,B,0.0018811965,430
571945,2024,full,-0.002688378,2689
571945,2024,A,-0.0018577242,1356
571945,2024,B,-0.0035333645,1333
489119,2024,full,-0.00665853,118
489119,2024,A,-0.009709889,52
489119,2024,B,-0.004254428,66
676272,2024,full,0.0020803479,1053
676272,2024,A,0.0022160292,559
676272,2024,B,0.001926813,494
682243,2024,full,0.0039236196,2749
682243,2024,A,0.003995273,1421
682243,2024,B,0.0038469487,1328
669062,2024,full,0.00052955607,1269
669062,2024,A,0.00075412204,662
669062,2024,B,0.0002846422,607
695243,2024,full,0.00935833,1024
695243,2024,A,0.0087269945,556
695243,2024,B,0.01010838,468
668943,2024,full,0.00042434523,219
668943,2024,A,0.0016029244,140
668943,2024,B,-0.0016642758,79
571946,2024,full,-0.0011285886,850
571946,2024,A,-0.0015176038,412
571946,2024,B,-0.00076266576,438
668338,2024,full,0.007816062,934
668338,2024,A,0.0077685355,464
668338,2024,B,0.007862981,470
571948,2024,full,0.0018254158,1043
571948,2024,A,0.0013824608,538
571948,2024,B,0.002297316,505
621345,2024,full,0.0039719017,522
621345,2024,A,0.003452012,283
621345,2024,B,0.0045875036,239
664948,2024,full,0.0020250878,30
664948,2024,A,0.0020250878,30
663554,2024,full,0.0023396516,1789
663554,2024,A,0.00058671884,866
663554,2024,B,0.0039843316,923
669387,2024,full,0.0073147756,866
669387,2024,A,0.0070790644,430
669387,2024,B,0.007547243,436
683627,2024,full,-0.0039346963,1048
683627,2024,A,-0.0035975748,500
683627,2024,B,-0.0042422893,548
594580,2024,full,0.0016317306,624
594580,2024,A,0.0008310336,283
594580,2024,B,0.0022962387,341
593423,2024,full,0.0009630219,2633
593423,2024,A,0.0007760626,1297
593423,2024,B,0.0011445237,1336
672456,2024,full,0.0008998079,1539
672456,2024,A,0.0008382046,850
672456,2024,B,0.0009758063,689
606160,2024,full,0.0028572418,683
606160,2024,A,0.0017282799,389
606160,2024,B,0.004351004,294
656756,2024,full,-0.006007343,1929
656756,2024,A,-0.005958016,967
656756,2024,B,-0.0060569253,962
682254,2024,full,0.00562799,158
682254,2024,A,0.0037743133,94
682254,2024,B,0.008350577,64
519043,2024,full,-0.0009390634,854
519043,2024,A,-0.001580633,459
519043,2024,B,-0.00019354341,395
670970,2024,full,0.007258385,1064
670970,2024,A,0.00810716,532
670970,2024,B,0.006409609,532
669212,2024,full,0.003271723,646
669212,2024,A,0.0015310809,331
669212,2024,B,0.005100779,315
450203,2024,full,0.0023889185,2789
450203,2024,A,0.0023847052,1390
450203,2024,B,0.0023931041,1399
666205,2024,full,-0.0019325131,725
666205,2024,A,-0.0020513097,360
666205,2024,B,-0.0018153439,365
605397,2024,full,0.0017209677,1582
605397,2024,A,0.0016609934,806
605397,2024,B,0.0017832605,776
656786,2024,full,0.0033284437,194
656786,2024,A,0.0045357132,113
656786,2024,B,0.0016442293,81
662253,2024,full,0.0074766343,951
662253,2024,A,0.007551188,480
662253,2024,B,0.0074006543,471
682610,2024,full,-0.0029852232,1485
682610,2024,A,-0.002440444,754
682610,2024,B,-0.0035471427,731
668964,2024,full,-0.0005924249,2152
668964,2024,A,-0.00019416706,1057
668964,2024,B,-0.0009768619,1095
608566,2024,full,-0.0021333252,70
608566,2024,A,-0.0021333252,70
667297,2024,full,0.013210477,322
667297,2024,A,0.012368517,174
667297,2024,B,0.014200349,148
677053,2024,full,0.0026266587,906
677053,2024,A,0.0025205472,472
677053,2024,B,0.0027420602,434
680897,2024,full,-0.0051523126,734
680897,2024,A,-0.0035576483,407
680897,2024,B,-0.0071371067,327
680891,2024,full,0.002963448,98
680891,2024,A,0.003337414,51
680891,2024,B,0.002557657,47
669459,2024,full,-0.006020099,145
669459,2024,A,-0.0052974154,87
669459,2024,B,-0.007104124,58
656793,2024,full,-0.0017298203,96
656793,2024,A,0.00020660143,39
656793,2024,B,-0.0030547404,57
669194,2024,full,0.0024376253,2406
669194,2024,A,0.0033660294,1235
669194,2024,B,0.0014584803,1171
593576,2024,full,0.002371236,1008
593576,2024,A,0.0015801551,521
593576,2024,B,0.0032175467,487
656794,2024,full,-0.0011357879,184
656794,2024,A,-0.00071946095,121
656794,2024,B,-0.0019353998,63
693312,2024,full,0.00353913,950
693312,2024,A,0.0026750853,396
693312,2024,B,0.004156751,554
657697,2024,full,-0.001497088,178
657697,2024,A,-0.0017118249,104
657697,2024,B,-0.0011952956,74
605400,2024,full,0.003266686,3189
605400,2024,A,0.0034660487,1658
605400,2024,B,0.0030507864,1531
673380,2024,full,0.009520007,494
673380,2024,A,0.009611655,257
673380,2024,B,0.009420626,237
676617,2024,full,0.006139667,194
676617,2024,A,0.0044436855,113
676617,2024,B,0.008505665,81
672552,2024,full,-0.006713213,176
672552,2024,A,-0.0062743174,94
672552,2024,B,-0.007216337,82
641927,2024,full,-0.0010452946,2692
641927,2024,A,-0.00053565105,1340
641927,2024,B,-0.0015504148,1352
595345,2024,full,0.0024033445,616
595345,2024,A,0.0033425156,293
595345,2024,B,0.0015514024,323
670124,2024,full,5.0444418e-05,710
670124,2024,A,0.0002765185,355
670124,2024,B,-0.0001756297,355
681857,2024,full,-0.0015042829,1853
681857,2024,A,-0.0020894276,888
681857,2024,B,-0.00096582866,965
672391,2024,full,0.0067654974,366
672391,2024,A,0.007062693,181
672391,2024,B,0.006474728,185
679358,2024,full,-0.0010856423,42
679358,2024,A,0.008396536,17
679358,2024,B,-0.007533524,25
671305,2024,full,0.0037414057,601
671305,2024,A,0.0048547084,278
671305,2024,B,0.0027832063,323
493603,2024,full,0.0053239553,997
493603,2024,A,0.0050391303,447
493603,2024,B,0.0058032274,533
663978,2024,full,0.0022755072,1459
663978,2024,A,0.001995526,818
663978,2024,B,0.0026328005,641
641941,2024,full,0.0044844686,593
641941,2024,A,0.0057792095,278
641941,2024,B,0.003341808,315
694037,2024,full,0.004053495,263
694037,2024,A,-0.0012189698,138
694037,2024,B,0.009874297,125
669467,2024,full,-0.00285089,1934
669467,2024,A,-0.0017283242,1000
669467,2024,B,-0.0040527806,934
660600,2024,full,-0.0006402464,319
660600,2024,A,0.0003298299,169
660600,2024,B,-0.0017331985,150
680730,2024,full,-0.0025909962,2404
680730,2024,A,-0.0030615814,1252
680730,2024,B,-0.0020795618,1152
641149,2024,full,0.0010164938,148
641149,2024,A,0.0011591824,94
641149,2024,B,0.0007681101,54
572020,2024,full,-0.003427736,1708
572020,2024,A,-0.002819664,861
572020,2024,B,-0.0040458594,847
606303,2024,full,0.004116723,899
606303,2024,A,0.0038761133,452
606303,2024,B,0.004360024,447
663878,2024,full,0.00637552,1059
663878,2024,A,0.0070204623,538
663878,2024,B,0.005709533,521
665625,2024,full,0.005927015,829
665625,2024,A,0.0062434315,410
665625,2024,B,0.0056173955,419
679156,2024,full,-0.0032991702,330
679156,2024,A,-0.003194366,172
679156,2024,B,-0.0034132607,158
683068,2024,full,-0.0033973912,86
683068,2024,A,-0.0024907102,58
683068,2024,B,-0.005275519,28
686752,2024,full,0.0057132826,2148
686752,2024,A,0.005978205,1028
686752,2024,B,0.0054701203,1120
642547,2024,full,0.0006026193,3066
642547,2024,A,0.00081098493,1521
642547,2024,B,0.0003974906,1545
678821,2024,full,0.0014254085,181
678821,2024,A,0.0013895519,91
678821,2024,B,0.0014616635,90
671111,2024,full,-0.0017287488,282
671111,2024,A,-0.0017452441,148
671111,2024,B,-0.0017105305,134
593974,2024,full,0.0009426817,613
593974,2024,A,0.002962519,297
593974,2024,B,-0.00095570995,316
656848,2024,full,0.0047940067,363
656848,2024,A,0.0043376307,204
656848,2024,B,0.005379544,159
656849,2024,full,-0.0018996048,1871
656849,2024,A,-0.0017398691,997
656849,2024,B,-0.0020818203,874
694297,2024,full,0.005837561,2791
694297,2024,A,0.0049435683,1344
694297,2024,B,0.006667918,1447
623465,2024,full,0.009540846,916
623465,2024,A,0.009580906,476
623465,2024,B,0.009497508,440
663969,2024,full,-0.0021838953,578
663969,2024,A,-0.0025665548,279
663969,2024,B,-0.0018268315,299
666207,2024,full,0.0037031262,102
666207,2024,A,0.0019984099,55
666207,2024,B,0.005698006,47
620982,2024,full,-0.001643914,220
620982,2024,A,-0.003091575,138
620982,2024,B,0.0007923942,82
601713,2024,full,0.0037019195,2386
601713,2024,A,0.0035713555,1183
601713,2024,B,0.0038303137,1203
668676,2024,full,-0.010130461,208
668676,2024,A,-0.0117762685,143
668676,2024,B,-0.0065096896,65
621363,2024,full,-0.0028397208,543
621363,2024,A,-0.0036430508,305
621363,2024,B,-0.0018102438,238
647315,2024,full,0.003195926,735
647315,2024,A,0.0024288364,385
647315,2024,B,0.004039725,350
547001,2024,full,-0.003971148,384
547001,2024,A,-0.0045757294,218
547001,2024,B,-0.0031771797,166
700249,2024,full,-0.0006577391,1389
700249,2024,A,-0.0013555615,718
700249,2024,B,8.896193e-05,671
519151,2024,full,0.009118306,969
519151,2024,A,0.009852479,450
519151,2024,B,0.008481741,519
682990,2024,full,-0.0017039585,811
682990,2024,A,-0.0011670388,474
682990,2024,B,-0.0024591512,337
643493,2024,full,0.0026943565,78
643493,2024,A,0.0012150805,43
643493,2024,B,0.0045117526,35
640462,2024,full,0.00598393,1173
640462,2024,A,0.00579569,604
640462,2024,B,0.006183748,569
672335,2024,full,0.0015646081,864
672335,2024,A,0.000607207,456
672335,2024,B,0.0026346445,408
527048,2024,full,-0.0037752045,2204
527048,2024,A,-0.0036346326,1088
527048,2024,B,-0.0039122496,1116
615698,2024,full,-0.002038435,2642
615698,2024,A,-0.0017957375,1315
615698,2024,B,-0.0022789382,1327
650671,2024,full,0.0012374927,379
650671,2024,A,0.0023543395,171
650671,2024,B,0.00031931562,208
500779,2024,full,-0.0033150683,2750
500779,2024,A,-0.0037659681,1366
500779,2024,B,-0.0028700335,1384
666142,2024,full,0.005332412,3118
666142,2024,A,0.0054335003,1577
666142,2024,B,0.0052289623,1541
663432,2024,full,0.00015540638,939
663432,2024,A,-0.00050752156,493
663432,2024,B,0.00088819436,446
548384,2024,full,0.006590969,119
548384,2024,A,0.0075455084,66
548384,2024,B,0.0054022963,53
642629,2024,full,0.005626746,371
642629,2024,A,0.0052029444,191
642629,2024,B,0.0060764467,180
598286,2024,full,-0.0036068226,194
598286,2024,A,-0.002917691,89
598286,2024,B,-0.0041909446,105
541640,2024,full,-0.0024719895,302
541640,2024,A,-0.0021600653,156
541640,2024,B,-0.0028052782,146
670990,2024,full,0.0063159564,768
670990,2024,A,0.0065115364,411
670990,2024,B,0.0060907938,357
656876,2024,full,0.012336738,459
656876,2024,A,0.012070847,232
656876,2024,B,0.012608486,227
592662,2024,full,-0.001542277,568
592662,2024,A,-0.0017434027,273
592662,2024,B,-0.0013561506,295
607067,2024,full,-0.00022131139,2650
607067,2024,A,0.0011975433,1252
607067,2024,B,-0.001491988,1398
656887,2024,full,-0.0003177713,379
656887,2024,A,0.00028625125,208
656887,2024,B,-0.0010524896,171
622103,2024,full,0.0022181629,78
622103,2024,A,0.0011396725,49
622103,2024,B,0.00404044,29
669308,2024,full,0.004935359,225
669308,2024,A,0.005005576,124
669308,2024,B,0.0048491512,101
687377,2024,full,0.005351955,97
687377,2024,A,0.004201993,46
687377,2024,B,0.0063891774,51
670950,2024,full,-0.0015788135,1180
670950,2024,A,-0.0027270075,579
670950,2024,B,-0.00047264984,601
680689,2024,full,0.0027002734,26
680689,2024,A,0.0027002734,26
656896,2024,full,-0.06955534,12
656896,2024,A,-0.08375794,8
656896,2024,B,-0.041150145,4
642016,2024,full,0.006232738,103
642016,2024,A,0.0065943026,76
642016,2024,B,0.005215002,27
681799,2024,full,0.0036785663,474
681799,2024,A,0.004738936,236
681799,2024,B,0.0026271078,238
502085,2024,full,0.007844122,1211
502085,2024,A,0.008400516,616
502085,2024,B,0.007268091,595
687798,2024,full,0.00046635902,217
687798,2024,A,0.0014537363,106
687798,2024,B,-0.0004765415,111
677958,2024,full,0.0021808017,218
677958,2024,A,0.0012055307,147
677958,2024,B,0.004200026,71
692230,2024,full,-0.00017926065,233
692230,2024,A,-0.0005093044,143
692230,2024,B,0.0003451425,90
593958,2024,full,-0.0064997855,866
593958,2024,A,-0.0060672523,450
593958,2024,B,-0.0069676707,416
680570,2024,full,0.007748559,1879
680570,2024,A,0.007989136,924
680570,2024,B,0.007515794,955
570257,2024,full,-0.0023434665,249
570257,2024,A,-0.0032798373,117
570257,2024,B,-0.0015135016,132
655889,2024,full,0.0058920705,605
655889,2024,A,0.0049983035,329
655889,2024,B,0.0069574653,276
678495,2024,full,0.0048255604,879
678495,2024,A,0.0043967273,553
678495,2024,B,0.005552998,326
684320,2024,full,-0.00111031,1501
684320,2024,A,-0.0013578009,769
684320,2024,B,-0.00085030944,732
666720,2024,full,0.0029367183,438
666720,2024,A,0.005136679,177
666720,2024,B,0.001444791,261
607074,2024,full,0.002039094,3102
607074,2024,A,0.0015277665,1539
607074,2024,B,0.0025425702,1563
642028,2024,full,-0.002801049,170
642028,2024,A,-0.002219341,123
642028,2024,B,-0.0043233903,47
573124,2024,full,-0.0006540127,1082
573124,2024,A,-0.00070506573,539
573124,2024,B,-0.0006033357,543
669432,2024,full,-0.0041824747,2243
669432,2024,A,-0.004149825,1139
669432,2024,B,-0.0042161606,1104
643511,2024,full,0.01410973,1002
643511,2024,A,0.014984822,512
643511,2024,B,0.013195347,490
605447,2024,full,0.006450426,215
605447,2024,A,0.0050235395,119
605447,2024,B,0.00821917,96
668941,2024,full,4.8792077e-05,919
668941,2024,A,-1.6454607e-05,464
668941,2024,B,0.00011532911,455
666163,2024,full,0.033441253,5
666163,2024,A,0.033441253,5
670046,2024,full,-0.007574176,403
670046,2024,A,-0.0071677314,225
670046,2024,B,-0.0080879405,178
605452,2024,full,0.0007183353,1197
605452,2024,A,0.00065568765,545
605452,2024,B,0.00077070156,652
694738,2024,full,0.0048558656,906
694738,2024,A,0.004689545,534
694738,2024,B,0.005094616,372
688297,2024,full,0.0064730565,596
688297,2024,A,0.0066655646,326
688297,2024,B,0.0062406203,270
614179,2024,full,0.0031263826,811
614179,2024,A,0.0032361667,421
614179,2024,B,0.0030078716,390
671131,2024,full,0.0010889454,139
671131,2024,A,0.0034993873,50
671131,2024,B,-0.00026523537,89
657746,2024,full,0.0062909527,2106
657746,2024,A,0.0061039147,1061
657746,2024,B,0.006480854,1045
689981,2024,full,0.0053448407,295
689981,2024,A,0.0054737264,148
689981,2024,B,0.0052150786,147
656924,2024,full,0.0008867062,340
656924,2024,A,-0.0002907572,177
656924,2024,B,0.0021653015,163
685314,2024,full,-0.019598316,26
685314,2024,A,0.008499933,2
685314,2024,B,-0.021939838,24
681870,2024,full,-0.0015497057,198
681870,2024,A,0.0029835326,97
681870,2024,B,-0.0059034093,101
674285,2024,full,0.0032343687,494
674285,2024,A,0.0028402768,226
674285,2024,B,0.0035666998,268
519242,2024,full,0.0043669385,2813
519242,2024,A,0.0038074064,1465
519242,2024,B,0.0049750353,1348
676614,2024,full,-0.0018379694,374
676614,2024,A,-0.001074253,232
676614,2024,B,-0.0030857325,142
680704,2024,full,0.005623861,1003
680704,2024,A,0.005788132,508
680704,2024,B,0.0054552755,495
663776,2024,full,0.0023193723,1444
663776,2024,A,0.00305761,722
663776,2024,B,0.0015811345,722
663485,2024,full,0.0011742784,1154
663485,2024,A,0.00088952866,572
663485,2024,B,0.0014541353,582
642701,2024,full,0.0038838154,1106
642701,2024,A,0.002958417,590
642701,2024,B,0.0049419263,516
663574,2024,full,0.0049970406,504
663574,2024,A,0.004228855,250
663574,2024,B,0.005753129,254
666619,2024,full,0.009988988,112
666619,2024,A,0.010388657,65
666619,2024,B,0.0094362525,47
593934,2024,full,-0.0936217,1
593934,2024,A,-0.0936217,1
642048,2024,full,-0.0019335842,626
642048,2024,A,-0.0022516989,313
642048,2024,B,-0.0016154698,313
669422,2024,full,0.00021569822,327
669422,2024,A,0.0010510755,163
669422,2024,B,-0.0006145854,164
622250,2024,full,0.0012179004,284
622250,2024,A,0.0027012783,158
622250,2024,B,-0.00064220827,126
453286,2024,full,0.0016958115,669
453286,2024,A,0.0010795401,376
453286,2024,B,0.002486658,293
657376,2024,full,0.007574666,1454
657376,2024,A,0.0066964454,733
657376,2024,B,0.008467504,721
670167,2024,full,-0.00083011127,895
670167,2024,A,-0.001299436,466
670167,2024,B,-0.0003203087,429
680885,2024,full,0.005538726,1887
680885,2024,A,0.0061198063,994
680885,2024,B,0.0048919246,893
681035,2024,full,0.006432053,787
681035,2024,A,0.007876836,421
681035,2024,B,0.0047701593,366
656945,2024,full,0.009138571,1163
656945,2024,A,0.008742019,564
656945,2024,B,0.009511953,599
605463,2024,full,0.0040549748,1203
605463,2024,A,0.0043224855,585
605463,2024,B,0.0038017486,618
676664,2024,full,-0.0030703014,2856
676664,2024,A,-0.0026476872,1465
676664,2024,B,-0.0035153981,1391
681882,2024,full,0.0017668371,112
681882,2024,A,0.008472975,45
681882,2024,B,-0.0027372858,67
673540,2024,full,0.0011656279,49
673540,2024,A,0.0011656279,49
622608,2024,full,-0.006486279,218
622608,2024,A,-0.007275938,145
622608,2024,B,-0.0049177776,73
622663,2024,full,0.002594133,2888
622663,2024,A,0.0029052377,1462
622663,2024,B,0.0022751743,1426
623149,2024,full,0.012088751,629
623149,2024,A,0.011561741,332
623149,2024,B,0.012677869,297
543766,2024,full,-0.0007724284,95
543766,2024,A,0.00020583202,59
543766,2024,B,-0.0023756882,36
592741,2024,full,-0.009908788,10
592741,2024,A,-0.009908788,10
663767,2024,full,0.0053889635,142
663767,2024,A,0.00485071,96
663767,2024,B,0.006512276,46
694363,2024,full,-0.004302279,1290
694363,2024,A,-0.0043135514,689
694363,2024,B,-0.0042893565,601
681217,2024,full,-0.00029284012,167
681217,2024,A,0.0015856902,76
681217,2024,B,-0.0018617224,91
608371,2024,full,0.00830875,885
608371,2024,A,0.009786802,448
608371,2024,B,0.006793492,437
663903,2024,full,-0.0015830693,2966
663903,2024,A,-0.0014150551,1529
663903,2024,B,-0.0017618403,1437
694973,2024,full,0.007469522,2125
694973,2024,A,0.007598883,1071
694973,2024,B,0.007338074,1054
669373,2024,full,0.0052389186,2814
669373,2024,A,0.0054118433,1429
669373,2024,B,0.0050605005,1385
686580,2024,full,0.0030347318,811
686580,2024,A,0.0025319124,354
686580,2024,B,0.0034242242,457
572143,2024,full,0.0040657786,896
572143,2024,A,0.0046194987,484
572143,2024,B,0.0034152912,412
671922,2024,full,0.0077071106,1166
671922,2024,A,0.0060002627,550
671922,2024,B,0.009231083,616
622098,2024,full,0.0026160115,318
622098,2024,A,0.0022144113,168
622098,2024,B,0.0030658043,150
519293,2024,full,-0.0016895075,673
519293,2024,A,-0.00096677564,357
519293,2024,B,-0.0025060119,316
700363,2024,full,-0.0038023582,87
700363,2024,A,-0.0038023582,87
592767,2024,full,-0.002040751,1015
592767,2024,A,-0.0023052362,517
592767,2024,B,-0.0017661749,498
669912,2024,full,-0.0024997757,196
669912,2024,A,-0.00081224943,88
669912,2024,B,-0.0038747971,108
605483,2024,full,0.004550704,1773
605483,2024,A,0.0045930957,845
605483,2024,B,0.0045121033,928
676092,2024,full,0.007362374,676
676092,2024,A,0.0064986264,354
676092,2024,B,0.008311962,322
666277,2024,full,0.0031271703,519
666277,2024,A,0.0026375824,296
666277,2024,B,0.0037770271,223
667755,2024,full,0.0027495944,1736
667755,2024,A,0.0023377112,844
667755,2024,B,0.003139313,892
647336,2024,full,-0.0030836998,1442
647336,2024,A,-0.0033921816,692
647336,2024,B,-0.0027990742,750
642397,2024,full,0.0035815833,948
642397,2024,A,0.0036676216,470
642397,2024,B,0.003496984,478
666208,2024,full,0.0042073964,39
666208,2024,A,0.0042073964,39
642100,2024,full,-0.001563614,422
642100,2024,A,-0.00035588068,239
642100,2024,B,-0.003140927,183
687765,2024,full,-0.001231655,2480
687765,2024,A,-0.0015407456,1282
687765,2024,B,-0.00090089184,1198
686730,2024,full,0.0015278561,1554
686730,2024,A,0.0012160508,782
686730,2024,B,0.0018437004,772
605488,2024,full,-0.0027248876,565
605488,2024,A,-0.0037715014,323
605488,2024,B,-0.0013279619,242
592773,2024,full,0.0028398074,977
592773,2024,A,0.00350305,535
592773,2024,B,0.0020370139,442
622251,2024,full,0.0025185738,420
622251,2024,A,0.000492348,229
622251,2024,B,0.004947924,191
657006,2024,full,0.0012441982,2046
657006,2024,A,0.0014865437,1065
657006,2024,B,0.0009811015,981
683021,2024,full,-0.06776423,1
683021,2024,A,-0.06776423,1
623451,2024,full,0.00057150534,51
623451,2024,A,9.441173e-06,38
623451,2024,B,0.0022144613,13
686993,2024,full,0.0019597155,64
686993,2024,A,0.004636577,28
686993,2024,B,-0.0001222874,36
592779,2024,full,0.0075072637,268
592779,2024,A,0.007663306,119
592779,2024,B,0.007382639,149
694813,2024,full,0.00450973,2153
694813,2024,A,0.0043416303,1156
694813,2024,B,0.0047046365,997
621381,2024,full,0.0027132684,952
621381,2024,A,0.0015589851,463
621381,2024,B,0.0038061785,489
608717,2024,full,-0.00060459255,994
608717,2024,A,-0.00079808757,496
608717,2024,B,-0.00041187473,498
676702,2024,full,0.003044263,577
676702,2024,A,0.00290781,310
676702,2024,B,0.0032026914,267
519326,2024,full,0.005451817,1157
519326,2024,A,0.0058428487,592
519326,2024,B,0.0050421,565
675911,2024,full,0.0037704108,178
675911,2024,A,0.009426923,90
675911,2024,B,-0.002014658,88
548389,2024,full,-0.0021274027,1358
548389,2024,A,-0.0019901765,625
548389,2024,B,-0.00224441,733
573186,2024,full,-0.0022484479,2657
573186,2024,A,-0.0027202652,1314
573186,2024,B,-0.0017868181,1343
657265,2024,full,0.0015450869,192
657265,2024,A,0.0013957357,90
657265,2024,B,0.001676867,102
660761,2024,full,-0.0009591379,987
660761,2024,A,-0.0006140669,522
660761,2024,B,-0.0013465079,465
624133,2024,full,-0.0013141171,2265
624133,2024,A,-0.0016686426,1144
624133,2024,B,-0.0009523176,1121
663158,2024,full,0.00434856,977
663158,2024,A,0.0038921607,505
663158,2024,B,0.0048368676,472
593833,2024,full,0.0053138123,2
593833,2024,A,0.0053138123,2
642121,2024,full,-0.00032818667,292
642121,2024,A,-0.0021468876,164
642121,2024,B,0.0020020246,128
608718,2024,full,-0.0021111593,1022
608718,2024,A,-0.002504199,551
608718,2024,B,-0.0016513614,471
544150,2024,full,-0.0011555701,2233
544150,2024,A,-0.0013370584,1223
544150,2024,B,-0.0009358076,1010
657024,2024,full,0.0029475333,666
657024,2024,A,0.0022449992,324
657024,2024,B,0.0036130918,342
650911,2024,full,0.000864662,2796
650911,2024,A,0.0010750699,1405
650911,2024,B,0.00065213634,1391
664350,2024,full,-0.0018368852,599
664350,2024,A,0.00040125102,278
664350,2024,B,-0.0037752085,321
592791,2024,full,0.00020766498,2483
592791,2024,A,0.00021345163,1226
592791,2024,B,0.00020202105,1257
622253,2024,full,0.0018448527,590
622253,2024,A,0.0028422738,318
622253,2024,B,0.00067875016,272
700187,2024,full,0.0043751607,328
700187,2024,A,0.0038142437,161
700187,2024,B,0.0049159233,167
527054,2024,full,-0.0016443403,68
527054,2024,A,-0.0016443403,68
678906,2024,full,-0.0027586608,204
678906,2024,A,0.0006582548,107
678906,2024,B,-0.0065278355,97
573204,2024,full,0.006629829,887
573204,2024,A,0.006327596,430
573204,2024,B,0.0069142054,457
624522,2024,full,0.0005425282,538
624522,2024,A,-0.000101817415,275
624522,2024,B,0.0012162736,263
657044,2024,full,0.008658208,977
657044,2024,A,0.008993243,505
657044,2024,B,0.008299749,472
668868,2024,full,-0.004031727,245
668868,2024,A,-0.0017332685,156
668868,2024,B,-0.008060487,89
663423,2024,full,0.005872225,1139
663423,2024,A,0.006110574,599
663423,2024,B,0.005607833,540
689672,2024,full,0.0005982733,721
689672,2024,A,0.0009507133,458
689672,2024,B,-1.548191e-05,263
622786,2024,full,0.007528714,644
622786,2024,A,0.006450744,341
622786,2024,B,0.008741874,303
543859,2024,full,0.0049903896,1403
543859,2024,A,0.0047365697,726
543859,2024,B,0.0052625807,677
623437,2024,full,0.0054884865,20
623437,2024,A,0.0058569987,15
623437,2024,B,0.0043829517,5
657053,2024,full,-0.0015194115,491
657053,2024,A,-0.0018114339,235
657053,2024,B,-0.001251344,256
595014,2024,full,0.0044930056,737
595014,2024,A,0.0038303696,361
595014,2024,B,0.005129207,376
624431,2024,full,-0.13230814,14
624431,2024,A,-0.08200046,2
624431,2024,B,-0.14069276,12
605513,2024,full,-0.000701799,916
605513,2024,A,-0.0009743598,493
605513,2024,B,-0.00038413383,423
667725,2024,full,-0.0016484869,580
667725,2024,A,-0.0027679275,269
667725,2024,B,-0.00068022497,311
670955,2024,full,0.006241441,672
670955,2024,A,0.00678867,346
670955,2024,B,0.005660639,326
570632,2024,full,0.0023250591,1758
570632,2024,A,0.0032157917,926
570632,2024,B,0.0013336912,832
682842,2024,full,0.006506192,258
682842,2024,A,0.0074191177,119
682842,2024,B,0.005724624,139
683822,2024,full,-0.0024766584,62
683822,2024,A,-0.0010132414,19
683822,2024,B,-0.0031232843,43
664285,2024,full,0.0034205774,2597
664285,2024,A,0.0028882602,1271
664285,2024,B,0.003930816,1326
676568,2024,full,0.0041678394,45
676568,2024,A,0.005953012,29
676568,2024,B,0.0009322148,16
681402,2024,full,0.005712857,455
681402,2024,A,0.007181276,256
681402,2024,B,0.0038238354,199
686973,2024,full,0.003038546,901
686973,2024,A,0.003662889,483
686973,2024,B,0.0023171164,418
685107,2024,full,0.0027227777,242
685107,2024,A,0.00039468176,104
685107,2024,B,0.0044772844,138
434378,2024,full,-0.0011345343,1580
434378,2024,A,-0.0016797652,840
434378,2024,B,-0.00051562337,740
681911,2024,full,0.003589807,1109
681911,2024,A,0.003365502,571
681911,2024,B,0.003827871,538
663989,2024,full,-0.006776359,169
663989,2024,A,-0.006858458,80
663989,2024,B,-0.006702561,89
676684,2024,full,0.002934408,1162
676684,2024,A,0.0024592099,546
676684,2024,B,0.0033556065,616
600986,2024,full,0.0015173362,737
600986,2024,A,0.0036855594,380
600986,2024,B,-0.00079057633,357
681871,2024,full,-0.0010883086,71
681871,2024,A,-0.0023252086,49
681871,2024,B,0.0016666056,22
670241,2024,full,-0.0015849165,257
670241,2024,A,7.611117e-05,158
670241,2024,B,-0.0042358497,99
680767,2024,full,0.0023629605,1341
680767,2024,A,0.0028739686,679
680767,2024,B,0.00183883,662
608723,2024,full,0.0021238264,974
608723,2024,A,0.0022742562,497
608723,2024,B,0.0019670895,477
681190,2024,full,0.0021342852,1687
681190,2024,A,0.0025392754,835
681190,2024,B,0.0017373756,852
608379,2024,full,0.0019959444,2602
608379,2024,A,0.0017980967,1319
608379,2024,B,0.0021993434,1283
621097,2024,full,-0.0007792319,221
621097,2024,A,-0.0007453757,108
621097,2024,B,-0.0008115903,113
694462,2024,full,0.0049774842,133
694462,2024,A,0.007217054,62
694462,2024,B,0.0030218035,71
663362,2024,full,-7.3146046e-05,2449
663362,2024,A,-0.00016125181,1241
663362,2024,B,1.7366607e-05,1208
677020,2024,full,-0.001227676,215
677020,2024,A,0.0029617196,89
677020,2024,B,-0.004186852,126
676254,2024,full,0.0068517006,1220
676254,2024,A,0.0055281958,538
676254,2024,B,0.007895756,682
592836,2024,full,-0.0050276304,1356
592836,2024,A,-0.0058793095,734
592836,2024,B,-0.004022595,622
686796,2024,full,-0.006217286,343
686796,2024,A,-0.0063738897,261
686796,2024,B,-0.005718828,82
689958,2024,full,0.0032541598,132
689958,2024,A,0.0028045613,70
689958,2024,B,0.0037617718,62
681806,2024,full,0.007861462,35
681806,2024,A,0.007861462,35
681810,2024,full,0.0048665926,173
681810,2024,A,0.00557947,96
681810,2024,B,0.0039778063,77
701542,2024,full,0.00084501907,458
701542,2024,A,-7.013583e-05,267
701542,2024,B,0.0021243193,191
677960,2024,full,-0.0019723475,1413
677960,2024,A,-0.0009788041,693
677960,2024,B,-0.0029286332,720
596133,2024,full,0.0049446602,1374
596133,2024,A,0.004353804,667
596133,2024,B,0.005502087,707
657097,2024,full,0.005691044,933
657097,2024,A,0.005451081,431
657097,2024,B,0.005897068,502
657277,2024,full,0.0056211683,3199
657277,2024,A,0.0063441587,1653
657277,2024,B,0.004848139,1546
607179,2024,full,0.00062347355,733
607179,2024,A,0.00021040239,430
607179,2024,B,0.00120968,303
669711,2024,full,0.00640939,1028
669711,2024,A,0.006276687,612
669711,2024,B,0.0066046165,416
669330,2024,full,-0.0035200934,259
669330,2024,A,-0.0031498224,172
669330,2024,B,-0.0042521236,87
666214,2024,full,-0.0021183393,1224
666214,2024,A,-0.0010257623,638
666214,2024,B,-0.0033078685,586
669713,2024,full,0.003103713,1075
669713,2024,A,0.004862171,543
669713,2024,B,0.001308896,532
554430,2024,full,0.0068071582,3134
554430,2024,A,0.006908105,1568
554430,2024,B,0.006706082,1566
669952,2024,full,0.00033687637,413
669952,2024,A,-0.0001863227,214
669952,2024,B,0.00089951255,199
669391,2024,full,-0.0009682738,69
669391,2024,A,0.0002605156,46
669391,2024,B,-0.0034258517,23
666215,2024,full,-0.0030564575,94
666215,2024,A,-0.0083046835,66
666215,2024,B,0.00931436,28
676477,2024,full,-0.00096434075,320
676477,2024,A,-0.0018714498,166
676477,2024,B,1.3451588e-05,154
696136,2024,full,0.002141506,852
696136,2024,A,0.0014023002,479
696136,2024,B,0.0030907805,373
642207,2024,full,0.013736381,391
642207,2024,A,0.014520798,193
642207,2024,B,0.012971774,198
668909,2024,full,0.005705224,1361
668909,2024,A,0.0048283013,653
668909,2024,B,0.006514024,708
592866,2024,full,-0.0035488931,1064
592866,2024,A,-0.0030632985,595
592866,2024,B,-0.004164946,469
682227,2024,full,-0.0064020003,256
682227,2024,A,-0.0048866486,148
682227,2024,B,-0.008478593,108
686294,2024,full,0.0064407093,20
686294,2024,A,0.0064407093,20
669060,2024,full,-5.679394e-05,1643
669060,2024,A,-0.00049030513,829
669060,2024,B,0.00038470567,814
458677,2024,full,0.0001105672,816
458677,2024,A,0.0006039239,360
458677,2024,B,-0.00027892482,456
621051,2024,full,0.008210116,623
621051,2024,A,0.0076357527,344
621051,2024,B,0.008918291,279
642216,2024,full,-0.006248311,138
642216,2024,A,-0.007163763,82
642216,2024,B,-0.0049078274,56
670174,2024,full,0.0045091216,1240
670174,2024,A,0.0056058737,662
670174,2024,B,0.0032529805,578
680739,2024,full,0.0014638628,141
680739,2024,A,-0.000872161,72
680739,2024,B,0.0039014518,69
622259,2024,full,0.005831053,179
622259,2024,A,0.005304398,104
622259,2024,B,0.0065613487,75
668390,2024,full,0.0018164349,286
668390,2024,A,0.002294848,156
668390,2024,B,0.0012423391,130
676775,2024,full,0.0072202245,846
676775,2024,A,0.0070173694,472
676775,2024,B,0.0074762343,374
693433,2024,full,0.0045558424,1715
693433,2024,A,0.0047516655,820
693433,2024,B,0.0043764287,895
622072,2024,full,-0.003061845,756
622072,2024,A,-0.004949366,384
622072,2024,B,-0.001113436,372
663765,2024,full,-0.002462774,618
663765,2024,A,-0.0026865695,371
663765,2024,B,-0.0021266285,247
680573,2024,full,-0.002830929,2295
680573,2024,A,-0.0035462747,1141
680573,2024,B,-0.0021236413,1154
680736,2024,full,1.2886182e-05,592
680736,2024,A,-0.0009464549,278
680736,2024,B,0.00086223945,314
808967,2024,full,0.005179904,1464
808967,2024,A,0.0059799445,744
808967,2024,B,0.0043531954,720
642232,2024,full,-0.0030512942,1514
642232,2024,A,-0.00301852,738
642232,2024,B,-0.0030824635,776
573262,2024,full,-0.16429442,2
573262,2024,A,-0.16429442,2
489446,2024,full,0.0021030994,1026
489446,2024,A,0.0026540598,517
489446,2024,B,0.0015434797,509
622065,2024,full,-0.0040383167,267
622065,2024,A,-0.0034986201,149
622065,2024,B,-0.0047197975,118
664849,2024,full,0.0017730444,674
664849,2024,A,0.0011294489,352
664849,2024,B,0.0024766019,322
642239,2024,full,-0.0011582163,119
642239,2024,A,7.497856e-05,76
642239,2024,B,-0.003337816,43
666171,2024,full,0.0060806996,207
666171,2024,A,0.0049873553,110
666171,2024,B,0.0073205754,97
672582,2024,full,0.0012416929,950
672582,2024,A,-0.000979904,407
672582,2024,B,0.0029068678,543
676604,2024,full,0.012528556,75
676604,2024,A,0.013373985,37
676604,2024,B,0.011705374,38
691172,2024,full,0.00046450295,286
691172,2024,A,0.0009572648,171
691172,2024,B,-0.00026821243,115
670871,2024,full,0.0011695984,271
670871,2024,A,0.0020057322,166
670871,2024,B,-0.00015228947,105
676969,2024,full,0.004623127,194
676969,2024,A,0.0052835275,112
676969,2024,B,0.0037211166,82
594798,2024,full,0.009098168,172
594798,2024,A,0.008971191,114
594798,2024,B,0.009347745,58
671096,2025,full,0.0005614282,2676
671096,2025,A,0.00053663837,1368
671096,2025,B,0.0005873551,1308
690953,2025,full,0.0079405345,720
690953,2025,A,0.007771609,380
690953,2025,B,0.008129331,340
691769,2025,full,-0.00013240875,71
691769,2025,A,0.0011483189,53
691769,2025,B,-0.00390344,18
650556,2025,full,0.008730705,1189
650556,2025,A,0.008633983,591
650556,2025,B,0.008826293,598
670183,2025,full,-0.017777331,21
670183,2025,A,-0.017777331,21
592094,2025,full,0.0042680986,1083
592094,2025,A,0.004148233,552
592094,2025,B,0.004392705,531
701519,2025,full,0.002629033,663
701519,2025,A,0.001878952,336
701519,2025,B,0.0033997588,327
686654,2025,full,0.004173262,82
686654,2025,A,-0.00054786925,42
686654,2025,B,0.009130451,40
688642,2025,full,0.0042975843,523
688642,2025,A,0.0039519263,282
688642,2025,B,0.004702048,241
669211,2025,full,0.0012058618,1058
669211,2025,A,0.00016447286,581
669211,2025,B,0.0024743045,477
660896,2025,full,0.004244522,1058
660896,2025,A,0.0036073742,538
660896,2025,B,0.0049037253,520
645261,2025,full,0.0036715355,2891
645261,2025,A,0.0039788084,1511
645261,2025,B,0.003335094,1380
691951,2025,full,-0.0062889596,303
691951,2025,A,-0.007652192,143
691951,2025,B,-0.0050705713,160
669920,2025,full,-0.005117129,1252
669920,2025,A,-0.0041541746,599
669920,2025,B,-0.0060004517,653
518397,2025,full,-0.0055846,313
518397,2025,A,-0.006368342,153
518397,2025,B,-0.004835146,160
641302,2025,full,0.0001447667,1585
641302,2025,A,0.0008501591,886
641302,2025,B,-0.0007493349,699
663465,2025,full,-0.00491255,1000
663465,2025,A,-0.0034849609,545
663465,2025,B,-0.0066225193,455
671106,2025,full,-0.0033112324,2612
671106,2025,A,-0.0036117986,1210
671106,2025,B,-0.003051828,1402
656186,2025,full,0.0016025846,456
656186,2025,A,0.0009339751,228
656186,2025,B,0.0022711933,228
665660,2025,full,0.006509363,765
665660,2025,A,0.006294849,427
665660,2025,B,0.0067803618,338
621237,2025,full,0.008096372,457
621237,2025,A,0.006657808,178
621237,2025,B,0.009014166,279
674841,2025,full,-0.00094005576,415
674841,2025,A,-0.0020514638,247
674841,2025,B,0.00069397903,168
681982,2025,full,0.008126808,1157
681982,2025,A,0.007308036,528
681982,2025,B,0.008814109,629
666120,2025,full,-0.007365314,203
666120,2025,A,-0.010171208,87
666120,2025,B,-0.0052608936,116
623433,2025,full,-0.00010943462,241
623433,2025,A,-0.00029618535,121
623433,2025,B,7.887284e-05,120
641312,2025,full,0.00054808735,216
641312,2025,A,0.0007158392,128
641312,2025,B,0.000304084,88
542881,2025,full,-0.0010222897,2339
542881,2025,A,-0.0011216011,1170
542881,2025,B,-0.0009228928,1169
678215,2025,full,0.00068092317,195
678215,2025,A,0.0021451307,105
678215,2025,B,-0.0010273189,90
542888,2025,full,0.003188417,1117
542888,2025,A,0.0034350741,593
542888,2025,B,0.0029092808,524
681293,2025,full,0.0042318003,618
681293,2025,A,0.004202354,363
681293,2025,B,0.0042737178,255
676879,2025,full,0.010362462,1033
676879,2025,A,0.010012745,457
676879,2025,B,0.010639929,576
677952,2025,full,0.0034352678,1102
677952,2025,A,0.0023833811,554
677952,2025,B,0.0044986713,548
668933,2025,full,0.013061449,1039
668933,2025,A,0.013375677,506
668933,2025,B,0.012763139,533
665871,2025,full,0.0005445624,567
665871,2025,A,0.00040580943,297
665871,2025,B,0.000697191,270
679883,2025,full,0.005584421,216
679883,2025,A,0.0021800809,107
679883,2025,B,0.008926297,109
669199,2025,full,0.007248107,1143
669199,2025,A,0.0060921977,560
669199,2025,B,0.008358413,583
696147,2025,full,0.005720083,335
696147,2025,A,0.006971132,149
696147,2025,B,0.004717898,186
679775,2025,full,-0.0008526974,430
679775,2025,A,-0.0006324385,227
679775,2025,B,-0.0010989968,203
641329,2025,full,0.0082553765,1102
641329,2025,A,0.007934105,584
641329,2025,B,0.008617584,518
607455,2025,full,0.0007838033,1064
607455,2025,A,0.0016738962,496
607455,2025,B,6.5397207e-06,568
621383,2025,full,0.00083392253,1084
621383,2025,A,0.00034899387,597
621383,2025,B,0.0014283833,487
682995,2025,full,0.0066709523,46
682995,2025,A,0.0054114773,19
682995,2025,B,0.0075572496,27
605130,2025,full,0.0035244229,1274
605130,2025,A,0.0030122653,637
605130,2025,B,0.00403658,637
606930,2025,full,0.0014613577,146
606930,2025,A,0.0041051386,65
606930,2025,B,-0.0006601951,81
686930,2025,full,0.0052894875,431
686930,2025,A,0.006587424,239
686930,2025,B,0.0036738275,192
605135,2025,full,0.0003565933,2829
605135,2025,A,0.0009960297,1431
605135,2025,B,-0.0002979371,1398
669620,2025,full,-0.0027645745,206
669620,2025,A,-0.0028935864,73
669620,2025,B,-0.0026937628,133
642585,2025,full,0.0069028283,627
642585,2025,A,0.006730758,324
642585,2025,B,0.0070868246,303
669358,2025,full,0.004771099,2716
669358,2025,A,0.005020831,1369
669358,2025,B,0.004517289,1347
660825,2025,full,0.004725418,1223
660825,2025,A,0.0037010142,598
660825,2025,B,0.0057055675,625
663941,2025,full,0.0023281763,817
663941,2025,A,0.0018731133,482
663941,2025,B,0.0029829233,335
670280,2025,full,0.003518314,1023
670280,2025,A,0.0044881464,504
670280,2025,B,0.0025765118,519
656222,2025,full,-0.008364512,916
656222,2025,A,-0.007977261,481
656222,2025,B,-0.008792713,435
690925,2025,full,0.0044133286,465
690925,2025,A,0.0050871526,262
690925,2025,B,0.0035436638,203
678394,2025,full,0.0015456798,2598
678394,2025,A,0.0012552697,1470
678394,2025,B,0.0019241396,1128
678368,2025,full,0.00017943721,1322
678368,2025,A,0.0003874986,697
678368,2025,B,-5.2593423e-05,625
669622,2025,full,0.011727116,783
669622,2025,A,0.010810387,401
669622,2025,B,0.0126894405,382
686701,2025,full,0.0036126655,1312
686701,2025,A,0.004241982,697
686701,2025,B,0.0028994393,615
657514,2025,full,-0.002231719,833
657514,2025,A,-0.0013519392,442
657514,2025,B,-0.0032262525,391
621244,2025,full,-6.759056e-05,2584
621244,2025,A,0.00036441596,1324
621244,2025,B,-0.0005215405,1260
676440,2025,full,0.004478066,2968
676440,2025,A,0.004728527,1533
676440,2025,B,0.004210502,1435
674370,2025,full,0.0022830714,1380
674370,2025,A,0.0026748888,703
674370,2025,B,0.0018762063,677
669456,2025,full,0.0036556765,645
669456,2025,A,0.0033891925,372
669456,2025,B,0.0040187975,273
685801,2025,full,0.0032662565,226
685801,2025,A,0.0036231892,114
685801,2025,B,0.00290295,112
656234,2025,full,0.008074776,957
656234,2025,A,0.0074133854,474
656234,2025,B,0.008723842,483
806185,2025,full,-0.00072881795,1194
806185,2025,A,-0.0018202132,603
806185,2025,B,0.0003847375,591
702352,2025,full,0.0017261888,1294
702352,2025,A,0.0019504152,744
702352,2025,B,0.0014228721,550
696131,2025,full,-0.0015963492,74
696131,2025,A,-0.0015963492,74
621112,2025,full,0.0015271462,666
621112,2025,A,0.0012482213,362
621112,2025,B,0.0018592869,304
687134,2025,full,0.0021534595,1033
687134,2025,A,0.002986726,527
687134,2025,B,0.0012856105,506
669854,2025,full,0.0014491283,793
669854,2025,A,0.003340722,458
669854,2025,B,-0.0011369912,335
656240,2025,full,0.0018133336,711
656240,2025,A,0.0019899905,402
656240,2025,B,0.0015835081,309
805123,2025,full,0.0035646583,507
805123,2025,A,0.0016938115,328
805123,2025,B,0.006992801,179
675989,2025,full,0.005920492,40
675989,2025,A,0.005920492,40
592155,2025,full,-0.00019010316,571
592155,2025,A,-0.00054148433,258
592155,2025,B,9.953347e-05,313
621366,2025,full,0.0010094073,594
621366,2025,A,7.5356334e-06,308
621366,2025,B,0.0020883463,286
676961,2025,full,0.00060753507,742
676961,2025,A,8.181321e-05,434
676961,2025,B,0.0013483249,308
641386,2025,full,-0.0023471715,187
641386,2025,A,-0.002528694,99
641386,2025,B,-0.0021429593,88
680742,2025,full,0.004178692,727
680742,2025,A,0.003148549,394
680742,2025,B,0.00539754,333
621199,2025,full,0.0050750887,447
621199,2025,A,0.0048647104,240
621199,2025,B,0.005319006,207
571510,2025,full,0.0007627266,2746
571510,2025,A,0.0005277019,1417
571510,2025,B,0.0010133133,1329
671212,2025,full,0.0068960795,934
671212,2025,A,0.0053967596,464
671212,2025,B,0.008376259,470
680694,2025,full,0.004054823,494
680694,2025,A,0.0024793271,253
680694,2025,B,0.0057087657,241
671737,2025,full,0.00021590729,2271
671737,2025,A,0.00084858603,1113
671737,2025,B,-0.00039218576,1158
666374,2025,full,0.014341025,822
666374,2025,A,0.013585095,386
666374,2025,B,0.015010265,436
518489,2025,full,-0.0009362398,404
518489,2025,A,-0.0017820629,199
518489,2025,B,-0.00011517231,205
623211,2025,full,0.0040284195,1006
623211,2025,A,0.0047771945,493
623211,2025,B,0.0033088366,513
605154,2025,full,0.0023212906,459
605154,2025,A,0.0029637984,225
605154,2025,B,0.0017034948,234
689225,2025,full,0.00058261806,405
689225,2025,A,0.00084407756,210
689225,2025,B,0.00030104618,195
656257,2025,full,0.0009390632,63
656257,2025,A,0.0020408847,25
656257,2025,B,0.00021418063,38
641401,2025,full,0.005070415,840
641401,2025,A,0.0026715184,387
641401,2025,B,0.0071198037,453
676962,2025,full,-0.0003957846,1759
676962,2025,A,-5.628755e-05,887
676962,2025,B,-0.0007411218,872
686613,2025,full,0.0060825185,2962
686613,2025,A,0.0054428093,1526
686613,2025,B,0.006762321,1436
685326,2025,full,0.0025072582,502
685326,2025,A,0.001253957,256
685326,2025,B,0.0038115068,246
664141,2025,full,-0.001995101,468
664141,2025,A,-0.0016441696,276
664141,2025,B,-0.0024995652,192
677865,2025,full,0.004674162,219
677865,2025,A,0.0035286322,97
677865,2025,B,0.005584953,122
694350,2025,full,0.0016900123,458
694350,2025,A,0.0019361769,255
694350,2025,B,0.0013807914,203
663460,2025,full,0.002808445,1780
663460,2025,A,0.003843206,871
663460,2025,B,0.0018169411,909
621111,2025,full,-0.00018512919,2188
621111,2025,A,0.00041345332,1081
621111,2025,B,-0.0007696529,1107
607481,2025,full,9.43892e-05,932
607481,2025,A,0.0007526678,460
607481,2025,B,-0.00054715335,472
595897,2025,full,0.0056250864,83
595897,2025,A,0.002357977,33
595897,2025,B,0.007781378,50
686228,2025,full,0.002431605,220
686228,2025,A,0.00034819517,118
686228,2025,B,0.0048418236,102
656271,2025,full,0.00029805332,1014
656271,2025,A,-0.0002348143,562
656271,2025,B,0.0009606014,452
680732,2025,full,0.0025387327,2375
680732,2025,A,0.0017411578,1211
680732,2025,B,0.0033685127,1164
669203,2025,full,0.006001125,1009
669203,2025,A,0.0057012397,532
669203,2025,B,0.0063355877,477
695505,2025,full,0.013051914,765
695505,2025,A,0.011428652,393
695505,2025,B,0.014766812,372
621114,2025,full,0.005770219,34
621114,2025,A,0.0070610684,24
621114,2025,B,0.0026721777,10
681347,2025,full,0.0044230213,1536
681347,2025,A,0.0054636034,774
681347,2025,B,0.0033660524,762
676130,2025,full,0.002999644,1095
676130,2025,A,0.0038145795,548
676130,2025,B,0.002183219,547
665795,2025,full,0.0019677514,2252
665795,2025,A,0.0013078555,1117
665795,2025,B,0.0026171815,1135
650893,2025,full,-0.00026152426,714
650893,2025,A,0.0017155654,338
650893,2025,B,-0.0020388016,376
702070,2025,full,0.001551043,2164
702070,2025,A,0.0009004926,1079
702070,2025,B,0.0021979955,1085
663462,2025,full,0.008675871,109
663462,2025,A,0.0084077455,39
663462,2025,B,0.008825256,70
656288,2025,full,-0.00041572814,1343
656288,2025,A,0.0012155843,692
656288,2025,B,-0.0021497812,651
686563,2025,full,0.002050308,1793
686563,2025,A,0.0026209585,939
686563,2025,B,0.0014228595,854
666974,2025,full,0.0010045513,986
666974,2025,A,0.0015159793,486
666974,2025,B,0.0005074431,500
676282,2025,full,-0.001702514,1582
676282,2025,A,8.036163e-06,769
676282,2025,B,-0.003320489,813
471911,2025,full,-0.0043514837,778
471911,2025,A,-0.0037562866,402
471911,2025,B,-0.004987838,376
692024,2025,full,0.007416277,84
692024,2025,A,0.0032051287,51
692024,2025,B,0.013924417,33
676508,2025,full,0.008629263,1262
676508,2025,A,0.009353619,625
676508,2025,B,0.007918554,637
680604,2025,full,0.0015386028,50
680604,2025,A,0.0015386028,50
620454,2025,full,0.0034421785,543
620454,2025,A,0.003988787,301
620454,2025,B,0.0027623058,242
622491,2025,full,0.0027528442,2986
622491,2025,A,0.0034834114,1492
622491,2025,B,0.002023255,1494
622379,2025,full,-0.00039237278,168
622379,2025,A,-0.0009379938,68
622379,2025,B,-2.135111e-05,100
612434,2025,full,0.002876458,105
612434,2025,A,0.0035551526,48
612434,2025,B,0.0023049258,57
676917,2025,full,0.008149245,788
676917,2025,A,0.008127968,391
676917,2025,B,0.008170201,397
656302,2025,full,0.008219358,3029
656302,2025,A,0.009280497,1481
656302,2025,B,0.0072041447,1548
677944,2025,full,-0.0006744478,2063
677944,2025,A,-0.0002788755,1054
677944,2025,B,-0.0010876623,1009
605177,2025,full,-0.0066251648,614
605177,2025,A,-0.005968435,267
605177,2025,B,-0.0071304883,347
696149,2025,full,0.009042793,460
696149,2025,A,0.009298596,271
696149,2025,B,0.008676006,189
547973,2025,full,0.013959118,917
547973,2025,A,0.015708117,448
547973,2025,B,0.012288431,469
445926,2025,full,-0.000826228,171
445926,2025,A,-0.00071332883,101
445926,2025,B,-0.0009891255,70
683409,2025,full,-0.0004565879,1022
683409,2025,A,-0.00077119976,556
683409,2025,B,-8.121427e-05,466
687847,2025,full,0.0034204775,99
687847,2025,A,0.0075653135,48
687847,2025,B,-0.00048054455,51
650644,2025,full,0.0032253736,1747
650644,2025,A,0.0036250807,882
650644,2025,B,0.0028178098,865
664199,2025,full,0.0023062164,865
664199,2025,A,0.002984253,437
664199,2025,B,0.0016139214,428
661403,2025,full,0.010711245,746
661403,2025,A,0.012325526,363
661403,2025,B,0.009729578,356
664076,2025,full,0.0038065952,874
664076,2025,A,0.0033822956,453
664076,2025,B,0.0042631454,421
605182,2025,full,0.00042404776,114
605182,2025,A,0.003499969,62
605182,2025,B,-0.0032433968,52
664351,2025,full,-0.0044246796,224
664351,2025,A,-0.010685328,121
664351,2025,B,0.0029300628,103
672710,2025,full,-0.0011519425,197
672710,2025,A,-0.0009380793,130
672710,2025,B,-0.0015669009,67
571578,2025,full,-0.006362828,2588
571578,2025,A,-0.006187458,1297
571578,2025,B,-0.0065390132,1291
692030,2025,full,-0.004161283,41
692030,2025,A,-0.004161283,41
641482,2025,full,-0.0024043918,599
641482,2025,A,-0.0036236362,296
641482,2025,B,-0.0012133153,303
676680,2025,full,-0.0076748836,64
676680,2025,A,-0.012864254,35
676680,2025,B,-0.0014118489,29
543056,2025,full,0.004277957,714
543056,2025,A,0.005376145,325
543056,2025,B,0.0033604486,389
680735,2025,full,0.0005187365,426
680735,2025,A,0.00029085827,237
680735,2025,B,0.0008044888,189
622503,2025,full,-0.0023115387,534
622503,2025,A,-0.0014065212,214
622503,2025,B,-0.0029167694,320
681867,2025,full,0.002068756,276
681867,2025,A,0.0021514085,199
681867,2025,B,0.0018551466,77
676979,2025,full,0.0022743405,3150
676979,2025,A,0.0020054856,1592
676979,2025,B,0.0025490625,1558
518585,2025,full,0.0064524254,792
518585,2025,A,0.008970102,371
518585,2025,B,0.0042337594,421
678316,2025,full,-0.0016466434,81
678316,2025,A,0.0060983566,13
678316,2025,B,-0.0031273048,68
674444,2025,full,0.00893907,640
674444,2025,A,0.008316248,353
674444,2025,B,0.00970512,287
675540,2025,full,-0.0072145206,56
675540,2025,A,-0.0022748932,34
675540,2025,B,-0.014848491,22
595928,2025,full,-0.0011918696,543
595928,2025,A,-0.0017081922,263
595928,2025,B,-0.0007068952,280
681168,2025,full,0.0043142885,325
681168,2025,A,0.004061704,147
681168,2025,B,0.0045228833,178
702674,2025,full,-0.0024265114,561
702674,2025,A,-0.0013956625,311
702674,2025,B,-0.003708888,250
669721,2025,full,0.00090051675,183
669721,2025,A,0.0018147244,110
669721,2025,B,-0.00047705567,73
699911,2025,full,-0.00048015683,186
699911,2025,A,-0.0027000075,123
699911,2025,B,0.0038538377,63
690382,2025,full,0.0047048246,158
690382,2025,A,0.0028843628,94
690382,2025,B,0.0073786275,64
506433,2025,full,0.0018585842,1158
506433,2025,A,0.0019896275,614
506433,2025,B,0.0017106786,544
663562,2025,full,-0.0006255642,251
663562,2025,A,0.000708655,136
663562,2025,B,-0.0022034235,115
592254,2025,full,-0.0016812301,101
592254,2025,A,-0.0016812301,101
660853,2025,full,0.0036964659,1105
660853,2025,A,0.004316183,591
660853,2025,B,0.002983911,514
543101,2025,full,0.0035570292,634
543101,2025,A,0.0029426413,351
543101,2025,B,0.0043190434,283
672282,2025,full,0.005390593,1082
672282,2025,A,0.0050071846,603
672282,2025,B,0.005873256,479
606965,2025,full,0.0038403082,262
606965,2025,A,0.0034589062,122
606965,2025,B,0.0041726716,140
690928,2025,full,0.0040872605,931
690928,2025,A,0.0046122596,514
690928,2025,B,0.0034401412,417
677976,2025,full,-0.0036169991,79
677976,2025,A,-0.0036169991,79
689266,2025,full,0.00015437874,536
689266,2025,A,0.001961207,306
689266,2025,B,-0.0022494884,230
801403,2025,full,0.008996995,1773
801403,2025,A,0.008811961,923
801403,2025,B,0.0091979215,850
622554,2025,full,0.005335079,1102
622554,2025,A,0.0052634683,564
622554,2025,B,0.005410151,538
666808,2025,full,0.007918162,1103
666808,2025,A,0.006958445,561
666808,2025,B,0.008911523,542
676263,2025,full,-0.0017148075,1146
676263,2025,A,-0.0026211801,563
676263,2025,B,-0.00083952845,583
681869,2025,full,0.003819849,551
681869,2025,A,0.0036011748,276
681869,2025,B,0.0040393197,275
641540,2025,full,-0.0036165176,372
641540,2025,A,-0.0037919537,198
641540,2025,B,-0.003416884,174
679922,2025,full,-0.0037298456,27
679922,2025,A,-0.0037298456,27
661395,2025,full,0.011722103,1073
661395,2025,A,0.011748235,552
661395,2025,B,0.011694416,521
664747,2025,full,0.0047009448,361
664747,2025,A,0.0071932864,150
664747,2025,B,0.002929138,211
621242,2025,full,0.008213461,1066
621242,2025,A,0.009154145,513
621242,2025,B,0.00734082,553
646242,2025,full,0.001734206,26
646242,2025,A,0.001734206,26
700270,2025,full,-0.013562418,60
700270,2025,A,-0.013562418,60
813349,2025,full,0.0046182196,323
813349,2025,A,0.005252464,157
813349,2025,B,0.004018361,166
671109,2025,full,-0.005510487,302
671109,2025,A,-0.005375313,109
671109,2025,B,-0.005586829,193
605218,2025,full,0.0020895598,90
605218,2025,A,0.0013147034,33
605218,2025,B,0.002538161,57
664123,2025,full,0.0030525948,156
664123,2025,A,0.0036389092,91
664123,2025,B,0.0022317558,65
621107,2025,full,0.0023250242,1127
621107,2025,A,0.002857916,603
621107,2025,B,0.001711792,524
685126,2025,full,-0.0005240392,1216
685126,2025,A,-0.0016379654,645
685126,2025,B,0.00073424843,571
693821,2025,full,-0.00087343034,2514
693821,2025,A,-0.0005606325,1197
693821,2025,B,-0.0011577269,1317
686642,2025,full,-0.0014554327,329
686642,2025,A,0.0015004039,192
686642,2025,B,-0.005597919,137
669438,2025,full,0.0046204384,724
669438,2025,A,0.005794573,386
669438,2025,B,0.003279562,338
608650,2025,full,0.0010085662,741
608650,2025,A,0.00088891864,367
608650,2025,B,0.0011259746,374
663671,2025,full,0.0028032402,532
663671,2025,A,0.0029174138,310
663671,2025,B,0.002643808,222
543135,2025,full,0.0037214507,1918
543135,2025,A,0.0035536566,953
543135,2025,B,0.0038871581,965
668674,2025,full,0.00470202,962
668674,2025,A,0.0045364522,526
668674,2025,B,0.0049017644,436
664744,2025,full,0.0014761544,29
664744,2025,A,0.0014761544,29
683155,2025,full,-0.0019315702,186
683155,2025,A,-0.0041889595,125
683155,2025,B,0.0026942277,61
669093,2025,full,0.011115034,1236
669093,2025,A,0.010109846,619
669093,2025,B,0.01212348,617
681751,2025,full,0.0012822469,119
681751,2025,A,0.0031299468,47
681751,2025,B,7.610954e-05,72
608032,2025,full,0.0005704389,1043
608032,2025,A,0.001050727,494
608032,2025,B,0.00016629437,530
688138,2025,full,0.00070981577,1338
688138,2025,A,0.0012767694,660
688138,2025,B,0.00015791433,678
664126,2025,full,0.008122733,987
664126,2025,A,0.007874361,489
664126,2025,B,0.008366616,498
663559,2025,full,-0.0040868185,1951
663559,2025,A,-0.004554492,936
663559,2025,B,-0.0036555452,1015
815083,2025,full,-0.003477358,405
815083,2025,A,-0.0017722285,239
815083,2025,B,-0.0059323334,166
676534,2025,full,0.011051051,1054
676534,2025,A,0.011438277,554
676534,2025,B,0.010622006,500
607200,2025,full,-0.0015276447,2368
607200,2025,A,-0.0020190272,1227
607200,2025,B,-0.0009992259,1141
663372,2025,full,-0.0038698756,522
663372,2025,A,-0.0027710525,256
663372,2025,B,-0.0049273893,266
657571,2025,full,0.0015757642,1042
657571,2025,A,0.0015104837,591
657571,2025,B,0.0016613088,451
621053,2025,full,0.004347137,990
621053,2025,A,0.005042469,478
621053,2025,B,0.0036979797,512
820862,2025,full,0.0066692624,645
820862,2025,A,0.003876328,309
820862,2025,B,0.009237765,336
681676,2025,full,0.005034773,523
681676,2025,A,0.005776427,240
681676,2025,B,0.0044058096,283
642759,2025,full,0.004331615,76
642759,2025,A,-0.00014244564,50
642759,2025,B,0.012935579,26
701581,2025,full,0.0047886875,882
701581,2025,A,0.005244595,498
701581,2025,B,0.0041974336,384
670036,2025,full,0.006950681,817
670036,2025,A,0.0068087284,404
670036,2025,B,0.007089541,413
656420,2025,full,0.0053486256,81
656420,2025,A,0.004388476,31
656420,2025,B,0.0059439186,50
640448,2025,full,0.0065862346,846
640448,2025,A,0.005854355,420
640448,2025,B,0.0073078056,426
680755,2025,full,0.009081385,833
680755,2025,A,0.009623423,403
680755,2025,B,0.008573383,430
690916,2025,full,0.0077756443,729
690916,2025,A,0.0077990154,351
690916,2025,B,0.007753942,378
656427,2025,full,0.002018439,2830
656427,2025,A,0.0029799398,1468
656427,2025,B,0.0009821075,1362
623167,2025,full,-0.0026473692,673
623167,2025,A,-0.0027747706,386
623167,2025,B,-0.0024760203,287
689254,2025,full,-0.006554153,859
689254,2025,A,-0.0075190556,399
689254,2025,B,-0.005717204,460
641585,2025,full,-0.0069058775,76
641585,2025,A,-0.011410277,18
641585,2025,B,-0.00550796,58
670102,2025,full,0.001578227,1141
670102,2025,A,0.0014610271,604
670102,2025,B,0.0017100495,537
607536,2025,full,-0.000952712,2471
607536,2025,A,-0.00037750718,1286
607536,2025,B,-0.0015769426,1185
673965,2025,full,0.008255612,70
673965,2025,A,0.009013537,52
673965,2025,B,0.006066045,18
608331,2025,full,7.555721e-05,3097
608331,2025,A,-0.0005079863,1554
608331,2025,B,0.0006632608,1543
800311,2025,full,0.007634849,292
800311,2025,A,0.009318457,179
800311,2025,B,0.004967893,113
608334,2025,full,0.00013489708,461
608334,2025,A,-0.00038063686,262
608334,2025,B,0.00081364,199
605242,2025,full,0.0015737792,90
605242,2025,A,0.00080585666,69
605242,2025,B,0.004096953,21
681892,2025,full,0.0026228214,725
681892,2025,A,0.0026637993,376
681892,2025,B,0.002578673,349
683769,2025,full,1.2894377e-05,1049
683769,2025,A,0.0008091095,529
683769,2025,B,-0.0009221287,508
657424,2025,full,-0.00081254524,530
657424,2025,A,-0.00012759969,243
657424,2025,B,-0.0013924821,287
668678,2025,full,0.002949097,3134
668678,2025,A,0.0023927225,1608
668678,2025,B,0.0035353682,1526
642520,2025,full,0.0033464031,121
642520,2025,A,0.0018203751,75
642520,2025,B,0.0058344915,46
805299,2025,full,0.0024057664,277
805299,2025,A,0.0026482658,138
805299,2025,B,0.0021650104,139
677651,2025,full,-0.004652376,106
677651,2025,A,-0.0034803846,79
677651,2025,B,-0.008081533,27
670329,2025,full,0.0077087986,586
670329,2025,A,0.006546248,295
670329,2025,B,0.008887328,291
676395,2025,full,0.0031155848,971
676395,2025,A,0.0021535372,524
676395,2025,B,0.004243355,447
472610,2025,full,0.0067800763,896
472610,2025,A,0.006399717,477
472610,2025,B,0.007213086,419
554340,2025,full,0.0077812793,359
554340,2025,A,0.0073284153,178
554340,2025,B,0.008226636,181
657585,2025,full,0.0093984045,979
657585,2025,A,0.008150337,472
657585,2025,B,0.010560314,507
621057,2025,full,0.0038722088,86
621057,2025,A,0.0019617428,55
621057,2025,B,0.007261747,31
688107,2025,full,-0.0002497769,102
688107,2025,A,0.0018726453,45
688107,2025,B,-0.0019253736,57
592332,2025,full,0.004598091,3030
592332,2025,A,0.005673321,1539
592332,2025,B,0.0034882445,1491
680702,2025,full,0.003400742,64
680702,2025,A,0.0040574903,33
680702,2025,B,0.0027016231,31
801434,2025,full,0.005654827,136
801434,2025,A,0.002954989,75
801434,2025,B,0.008974302,61
664139,2025,full,0.0019181707,388
664139,2025,A,0.00080519886,203
664139,2025,B,0.003139432,185
806188,2025,full,6.2823296e-05,908
806188,2025,A,-0.0003750158,423
806188,2025,B,0.00044469096,485
502043,2025,full,-0.002952385,280
502043,2025,A,-0.0020178608,152
502043,2025,B,-0.004062133,128
661563,2025,full,0.0022468227,970
661563,2025,A,0.0017060951,506
661563,2025,B,0.002836495,464
669302,2025,full,0.005319776,2156
669302,2025,A,0.007031072,1136
669302,2025,B,0.0034138628,1020
656457,2025,full,-0.0011799145,839
656457,2025,A,-0.0007842182,472
656457,2025,B,-0.0016888208,367
656458,2025,full,-0.0028639894,18
656458,2025,A,-0.0028639894,18
670810,2025,full,-0.0006787185,112
670810,2025,A,0.0005173517,66
670810,2025,B,-0.002394819,46
687362,2025,full,-0.00046395414,471
687362,2025,A,-0.0018865593,250
687362,2025,B,0.0011453276,221
656464,2025,full,-0.0014555687,491
656464,2025,A,-0.00010517005,270
656464,2025,B,-0.003105377,221
669372,2025,full,0.005186574,1574
669372,2025,A,0.005837708,817
669372,2025,B,0.004483832,757
608337,2025,full,-0.003140888,2367
608337,2025,A,-0.0023243634,1148
608337,2025,B,-0.003909854,1219
687830,2025,full,0.0047832215,463
687830,2025,A,0.0038653994,272
687830,2025,B,0.0060902764,191
607192,2025,full,0.007516687,1479
607192,2025,A,0.006522288,741
607192,2025,B,0.008515128,738
596295,2025,full,-0.006096884,999
596295,2025,A,-0.0057331743,505
596295,2025,B,-0.006468693,494
664062,2025,full,-0.002713413,609
664062,2025,A,-0.0017077526,339
664062,2025,B,-0.003976076,270
682790,2025,full,0.001033256,368
682790,2025,A,0.0008343658,150
682790,2025,B,0.0011701075,218
676467,2025,full,0.00016474116,1451
676467,2025,A,-1.4753723e-05,663
676467,2025,B,0.00031576303,788
685299,2025,full,0.0017173083,1244
685299,2025,A,0.0013212302,647
685299,2025,B,0.0021465593,597
669022,2025,full,0.001846782,2817
669022,2025,A,0.0015153817,1411
669022,2025,B,0.0021793607,1406
700669,2025,full,0.0013034296,756
700669,2025,A,0.0011598467,392
700669,2025,B,0.0014580577,364
701552,2025,full,0.001413366,361
701552,2025,A,0.0021723758,170
701552,2025,B,0.0009328444,173
608665,2025,full,-0.0019243537,324
608665,2025,A,-0.003452,171
608665,2025,B,-0.0002169837,153
592351,2025,full,-0.00020077669,210
592351,2025,A,-0.0007755672,61
592351,2025,B,3.454029e-05,149
543243,2025,full,0.0027467064,2717
543243,2025,A,0.0025233647,1325
543243,2025,B,0.0029592987,1392
643338,2025,full,0.0037115335,710
643338,2025,A,0.004105635,378
643338,2025,B,0.0032628279,332
668881,2025,full,0.011917014,1748
668881,2025,A,0.011339113,926
668881,2025,B,0.012568029,822
674944,2025,full,-0.0012693646,154
674944,2025,A,-0.0004125771,78
674944,2025,B,-0.0021486985,76
692285,2025,full,0.0023437762,289
692285,2025,A,0.002408178,147
692285,2025,B,0.0022771065,142
687473,2025,full,0.0035441977,1759
687473,2025,A,0.004021894,896
687473,2025,B,0.0030482349,863
672782,2025,full,0.0010894678,1098
672782,2025,A,0.0018341964,564
672782,2025,B,0.00030290044,534
623352,2025,full,0.007119821,846
623352,2025,A,0.00785146,411
623352,2025,B,0.006428547,435
663795,2025,full,0.0039486717,383
663795,2025,A,0.0042421073,280
663795,2025,B,0.0031509828,103
534910,2025,full,0.0037957637,79
534910,2025,A,0.00037577332,58
534910,2025,B,0.013241451,21
669084,2025,full,-0.00027019516,588
669084,2025,A,3.7261943e-05,323
669084,2025,B,-0.0006449447,265
678020,2025,full,0.0070894244,636
678020,2025,A,0.0062442767,319
678020,2025,B,0.007939904,317
687589,2025,full,0.0014261242,13
687589,2025,A,0.0014261242,13
641656,2025,full,0.0014424789,641
641656,2025,A,0.0019073361,337
641656,2025,B,0.00092715974,304
676106,2025,full,-0.0020233514,1421
676106,2025,A,-0.0027509788,697
676106,2025,B,-0.0013228594,724
669724,2025,full,0.0010731089,946
669724,2025,A,0.0007619132,479
669724,2025,B,0.0013923007,467
802419,2025,full,-0.0013484347,200
802419,2025,A,-0.00097645074,140
802419,2025,B,-0.0022163966,60
802686,2025,full,0.00020040263,50
802686,2025,A,-0.0034364422,30
802686,2025,B,0.005655671,20
663687,2025,full,0.0015478983,1125
663687,2025,A,0.0015983356,555
663687,2025,B,0.001498788,570
690986,2025,full,0.0040513296,587
690986,2025,A,0.0032619007,281
690986,2025,B,0.004776263,306
606996,2025,full,0.0017146226,657
606996,2025,A,0.0019218279,336
606996,2025,B,0.0014977343,321
664129,2025,full,-0.0031340274,109
664129,2025,A,-0.00445973,67
664129,2025,B,-0.0010192164,42
640451,2025,full,0.0046102526,167
640451,2025,A,0.007060177,77
640451,2025,B,0.0025142045,90
641672,2025,full,0.000892946,585
641672,2025,A,0.0010246576,287
641672,2025,B,0.00076609605,298
687396,2025,full,-0.00024294935,366
687396,2025,A,-0.0022675763,185
687396,2025,B,0.0018264211,181
571760,2025,full,-0.0014294155,2081
571760,2025,A,-0.0015878477,1036
571760,2025,B,-0.0012723475,1045
664854,2025,full,0.014322132,979
664854,2025,A,0.01624312,478
664854,2025,B,0.012489333,501
701656,2025,full,0.0048215655,410
701656,2025,A,0.005988658,249
701656,2025,B,0.0030165592,161
543294,2025,full,-0.0051381327,2573
543294,2025,A,-0.0049729114,1343
543294,2025,B,-0.0053185318,1230
521230,2025,full,0.0034225343,214
521230,2025,A,0.0029914717,134
521230,2025,B,0.0041445633,80
683618,2025,full,0.006501301,279
683618,2025,A,0.007920696,149
683618,2025,B,0.0048744553,130
678692,2025,full,0.008453273,1157
678692,2025,A,0.009219636,637
678692,2025,B,0.007514479,520
669371,2025,full,0.0038573423,965
669371,2025,A,0.0027917235,480
669371,2025,B,0.0049119755,485
674072,2025,full,-0.009484745,107
674072,2025,A,-0.006053005,36
674072,2025,B,-0.011224782,71
623474,2025,full,0.00021802803,1282
623474,2025,A,-0.00017557562,649
623474,2025,B,0.0006215802,633
643361,2025,full,0.00020107559,216
643361,2025,A,6.785507e-05,130
643361,2025,B,0.00040245603,86
663321,2025,full,-0.0019471672,221
663321,2025,A,-0.0030259013,140
663321,2025,B,-8.268767e-05,81
672578,2025,full,0.0066991174,759
672578,2025,A,0.0064925733,402
672578,2025,B,0.006931696,357
678226,2025,full,0.0047382666,717
678226,2025,A,0.005977673,371
678226,2025,B,0.003409308,346
682120,2025,full,-0.001568923,750
682120,2025,A,-0.0016191587,353
682120,2025,B,-0.0015242549,397
676051,2025,full,0.0014151077,87
676051,2025,A,0.0020981892,57
676051,2025,B,0.00011725345,30
663855,2025,full,0.0045899167,1199
663855,2025,A,0.0032277324,613
663855,2025,B,0.006014865,586
677955,2025,full,0.0038469073,489
677955,2025,A,0.0033201976,255
677955,2025,B,0.004420886,234
448179,2025,full,-0.0052287932,171
448179,2025,A,-0.004488612,90
448179,2025,B,-0.006051216,81
657612,2025,full,0.0069824876,899
657612,2025,A,0.006497115,470
657612,2025,B,0.00751425,429
682274,2025,full,0.008211832,314
682274,2025,A,0.007501611,159
682274,2025,B,0.00894038,155
663546,2025,full,-0.0054983455,254
663546,2025,A,-0.004950221,123
663546,2025,B,-0.0060129967,131
687863,2025,full,0.0032414652,624
687863,2025,A,0.005128739,286
687863,2025,B,0.0016445419,338
663773,2025,full,-0.006831083,131
663773,2025,A,-0.008039116,83
663773,2025,B,-0.0047421954,48
656546,2025,full,0.0042341757,1128
656546,2025,A,0.0039005985,575
656546,2025,B,0.004581024,553
676510,2025,full,-0.0024391774,26
676510,2025,A,-0.0024391774,26
694851,2025,full,0.008780561,245
694851,2025,A,0.008331206,164
694851,2025,B,0.009690366,81
680684,2025,full,0.003914761,547
680684,2025,A,0.0055797994,266
680684,2025,B,0.002338603,281
670059,2025,full,0.0049284496,492
670059,2025,A,0.0046149893,227
670059,2025,B,0.005196962,265
668970,2025,full,0.007882404,172
668970,2025,A,0.007110795,101
668970,2025,B,0.008980047,71
680880,2025,full,0.0054229056,376
680880,2025,A,0.0063805305,166
680880,2025,B,0.0046659266,210
605280,2025,full,0.00078665366,2746
605280,2025,A,0.00077688583,1474
605280,2025,B,0.0007979727,1272
656550,2025,full,0.0036144457,1964
656550,2025,A,0.0037256053,935
656550,2025,B,0.00351344,1029
663947,2025,full,0.0010088413,1157
663947,2025,A,0.001233876,615
663947,2025,B,0.0007534973,542
690544,2025,full,0.0057636504,224
690544,2025,A,0.0060462025,111
690544,2025,B,0.005486098,113
690990,2025,full,0.005397052,1787
690990,2025,A,0.004943426,894
690990,2025,B,0.005851186,893
656557,2025,full,0.0019729417,749
656557,2025,A,0.0023697081,423
656557,2025,B,0.0014581183,326
605288,2025,full,0.0009897402,1892
605288,2025,A,0.0003836891,1004
605288,2025,B,0.0016749604,888
663542,2025,full,0.0018025041,318
663542,2025,A,0.0017580871,153
663542,2025,B,0.0018436902,165
676428,2025,full,0.00083526276,1052
676428,2025,A,0.0010069007,501
676428,2025,B,0.00067920005,551
628452,2025,full,0.0020655117,952
628452,2025,A,0.0018038438,521
628452,2025,B,0.0023818198,431
684007,2025,full,0.0004295058,2176
684007,2025,A,0.00061039894,1135
684007,2025,B,0.0002322781,1041
663623,2025,full,0.001389256,2940
663623,2025,A,0.0017139666,1463
663623,2025,B,0.0010676233,1477
592426,2025,full,0.009008598,782
592426,2025,A,0.008795599,344
592426,2025,B,0.009175883,438
689690,2025,full,0.0023858885,574
689690,2025,A,0.0028514825,347
689690,2025,B,0.001674165,227
686753,2025,full,0.0016897445,53
686753,2025,A,0.0010837953,30
686753,2025,B,0.0024801127,23
445276,2025,full,0.0037754124,869
445276,2025,A,0.0040959273,465
445276,2025,B,0.0034065037,404
686826,2025,full,-0.0050710817,409
686826,2025,A,-0.0047551314,244
686826,2025,B,-0.005538305,165
664299,2025,full,-0.003459173,617
664299,2025,A,-0.0037318626,316
664299,2025,B,-0.0031728942,301
643377,2025,full,0.016739719,1093
643377,2025,A,0.01502574,522
643377,2025,B,0.018306615,571
695549,2025,full,0.00797041,877
695549,2025,A,0.00917284,432
695549,2025,B,0.00680311,445
572955,2025,full,0.0067014145,968
572955,2025,A,0.0068100165,487
572955,2025,B,0.006591457,481
696270,2025,full,0.0044723293,273
696270,2025,A,0.0044743107,142
696270,2025,B,0.0044701807,131
686751,2025,full,0.0034776293,214
686751,2025,A,0.0010313655,82
686751,2025,B,0.004997278,132
690829,2025,full,0.005357467,70
690829,2025,A,0.009141106,50
690829,2025,B,-0.0041016308,20
596001,2025,full,0.0029476704,1021
596001,2025,A,0.0025954864,547
596001,2025,B,0.0033540938,474
676083,2025,full,0.002868424,1622
676083,2025,A,0.001609252,828
676083,2025,B,0.004181515,794
592454,2025,full,-0.0025857487,1035
592454,2025,A,-0.0036747116,562
592454,2025,B,-0.0012918862,473
641745,2025,full,0.0061234646,1113
641745,2025,A,0.0072517274,555
641745,2025,B,0.005001268,558
656605,2025,full,0.00225464,2870
656605,2025,A,0.0027502321,1444
656605,2025,B,0.001752792,1426
543391,2025,full,-0.0117666535,24
543391,2025,A,-0.0075783194,15
543391,2025,B,-0.018747212,9
687330,2025,full,0.0042111357,588
687330,2025,A,0.0035581645,323
687330,2025,B,0.005007022,265
518876,2025,full,0.0005432692,2831
518876,2025,A,0.0009159497,1383
518876,2025,B,0.00018731829,1448
547184,2025,full,0.0034314245,658
547184,2025,A,0.0028344046,341
547184,2025,B,0.004073642,317
677161,2025,full,0.005370806,582
677161,2025,A,0.0045465296,251
677161,2025,B,0.0059958603,331
687849,2025,full,0.004261819,308
687849,2025,A,0.005002457,215
687849,2025,B,0.002549593,93
689147,2025,full,0.011473524,1072
689147,2025,A,0.011997382,546
689147,2025,B,0.0109297475,526
477132,2025,full,-0.005290306,1769
477132,2025,A,-0.0053198594,1002
477132,2025,B,-0.0052516996,767
579328,2025,full,-0.0004452774,3094
579328,2025,A,-0.00030649168,1634
579328,2025,B,-0.00060060347,1460
518886,2025,full,0.005641874,230
518886,2025,A,0.004795456,120
518886,2025,B,0.0065652407,110
687911,2025,full,0.0017017816,1046
687911,2025,A,0.0015012013,539
687911,2025,B,0.0019150221,507
667463,2025,full,-0.003935325,780
667463,2025,A,-0.00410367,379
667463,2025,B,-0.0037260312,381
650633,2025,full,0.004233267,1219
650633,2025,A,0.0053315545,612
650633,2025,B,0.003125933,607
641755,2025,full,0.0030888983,1224
641755,2025,A,0.0023075663,599
641755,2025,B,0.0038377265,625
669923,2025,full,0.005406672,2086
669923,2025,A,0.005312296,1053
669923,2025,B,0.0055028764,1033
552640,2025,full,0.00722321,768
552640,2025,A,0.007673399,359
552640,2025,B,0.0068280576,409
694361,2025,full,0.0032566767,305
694361,2025,A,0.0018682115,149
694361,2025,B,0.004582839,156
689017,2025,full,-0.00033502522,773
689017,2025,A,-0.00077228487,366
689017,2025,B,5.818651e-05,407
686799,2025,full,-0.003690242,1859
686799,2025,A,-0.0025989304,961
686799,2025,B,-0.004858115,898
657649,2025,full,-0.00012882375,1043
657649,2025,A,6.564729e-05,524
657649,2025,B,-0.00032516825,519
663568,2025,full,0.0025696023,1689
663568,2025,A,0.0033795936,858
663568,2025,B,0.0017332933,831
656629,2025,full,-0.0014920549,231
656629,2025,A,-0.00053330796,118
656629,2025,B,-0.0024932239,113
663804,2025,full,0.0022745184,281
663804,2025,A,0.00089724665,152
663804,2025,B,0.0038973505,129
668820,2025,full,0.003473332,527
668820,2025,A,0.003337212,284
668820,2025,B,0.0036324188,243
665152,2025,full,-0.001866906,2691
665152,2025,A,-0.0011059153,1334
665152,2025,B,-0.0026149983,1357
621139,2025,full,0.00047092675,381
621139,2025,A,0.0002825167,192
621139,2025,B,0.00066232873,189
640454,2025,full,-0.0035398044,71
640454,2025,A,-0.0048759673,65
640454,2025,B,0.010935281,6
686747,2025,full,-0.00022112936,100
686747,2025,A,-0.00028222805,71
686747,2025,B,-7.154259e-05,29
656638,2025,full,0.004987291,20
656638,2025,A,0.004987291,20
666659,2025,full,-0.0037630487,185
666659,2025,A,-0.001424539,96
666659,2025,B,-0.0062854867,89
691251,2025,full,-0.00840724,255
691251,2025,A,-0.007259359,167
691251,2025,B,-0.010585602,88
656641,2025,full,0.004065176,1388
656641,2025,A,0.0042481096,732
656641,2025,B,0.0038610497,656
641778,2025,full,-0.0028723276,1682
641778,2025,A,-0.0025757896,943
641778,2025,B,-0.0032507244,739
689520,2025,full,0.0068556415,92
689520,2025,A,0.005976599,46
689520,2025,B,0.0077346815,46
596271,2025,full,-0.0025762583,276
596271,2025,A,-0.0032412256,117
596271,2025,B,-0.0020869428,159
664875,2025,full,0.0070761074,270
664875,2025,A,0.0071623824,144
664875,2025,B,0.0069775074,126
676661,2025,full,0.0023001644,645
676661,2025,A,0.0016323249,315
676661,2025,B,0.0029376477,330
681517,2025,full,0.005176283,1350
681517,2025,A,0.004843715,601
681517,2025,B,0.0054431357,749
673929,2025,full,0.0037115847,1130
673929,2025,A,0.003037151,543
673929,2025,B,0.0043354644,587
600917,2025,full,0.0003419417,229
600917,2025,A,0.0006491204,106
600917,2025,B,7.721871e-05,123
695445,2025,full,0.00038154464,600
695445,2025,A,0.00061398424,318
695445,2025,B,0.00011943164,282
669276,2025,full,0.0006266838,1102
669276,2025,A,0.0007879876,529
669276,2025,B,0.0004777665,573
668984,2025,full,0.005110667,861
668984,2025,A,0.005961298,462
668984,2025,B,0.0041257255,399
643410,2025,full,0.0042915638,832
643410,2025,A,0.0034204728,407
643410,2025,B,0.005125761,425
683004,2025,full,0.0049518836,2584
683004,2025,A,0.005331652,1364
683004,2025,B,0.0045272913,1220
669461,2025,full,-0.0032926397,2388
669461,2025,A,-0.0030742697,1267
669461,2025,B,-0.0035394498,1121
641793,2025,full,-0.0014777875,2787
641793,2025,A,-0.0010573482,1386
641793,2025,B,-0.0018937254,1401
663893,2025,full,-0.003906806,1238
663893,2025,A,-0.0038760798,622
663893,2025,B,-0.0039378307,616
669193,2025,full,0.0029331585,44
669193,2025,A,-0.00016662813,35
669193,2025,B,0.014987886,9
681432,2025,full,0.002761115,76
681432,2025,A,0.009573368,34
681432,2025,B,-0.0027535663,42
594902,2025,full,-0.0037416269,717
594902,2025,A,-0.0028084822,371
594902,2025,B,-0.0047421954,346
666157,2025,full,0.00022069561,2470
666157,2025,A,0.000112584334,1237
666157,2025,B,0.0003291577,1233
669674,2025,full,-0.0036222711,786
669674,2025,A,-0.0036188841,434
669674,2025,B,-0.0036264462,352
682052,2025,full,0.0010694991,1666
682052,2025,A,0.0014833952,892
682052,2025,B,0.0005925022,774
695418,2025,full,-0.0019180421,2128
695418,2025,A,-0.0021928165,1101
695418,2025,B,-0.0016234692,1027
547179,2025,full,-0.00033125372,2313
547179,2025,A,-0.00024211046,1157
547179,2025,B,-0.00042047387,1156
702795,2025,full,0.0015764177,231
702795,2025,A,0.0019699766,124
702795,2025,B,0.0011203296,107
663992,2025,full,-0.00034472684,221
663992,2025,A,0.0005567295,90
663992,2025,B,-0.0009640478,131
642528,2025,full,0.009284264,467
642528,2025,A,0.009345762,246
642528,2025,B,0.009215809,221
687922,2025,full,-0.00049721816,438
687922,2025,A,-0.0007342373,231
687922,2025,B,-0.00023271842,207
664192,2025,full,-0.0041860417,632
664192,2025,A,-0.004601449,309
664192,2025,B,-0.0037886403,323
607625,2025,full,-0.001725012,2380
607625,2025,A,-0.0025995027,1228
607625,2025,B,-0.0007928289,1152
666200,2025,full,0.0030044287,3013
666200,2025,A,0.0036635194,1517
666200,2025,B,0.0023360853,1496
663738,2025,full,-0.00025048404,1088
663738,2025,A,0.00093368464,563
663738,2025,B,-0.0015203636,525
605347,2025,full,-0.00039394372,384
605347,2025,A,-0.0011161489,186
605347,2025,B,0.00028449102,198
641154,2025,full,0.005678595,1259
641154,2025,A,0.005820709,619
641154,2025,B,0.005541145,640
625643,2025,full,0.00045700945,94
625643,2025,A,0.00045700945,94
628317,2025,full,0.0013248961,170
628317,2025,A,-0.0010711611,79
628317,2025,B,0.00340499,91
641816,2025,full,0.003209829,1380
641816,2025,A,0.0020854434,673
641816,2025,B,0.0042801425,707
687424,2025,full,-0.0038360301,129
687424,2025,A,-0.006458504,62
687424,2025,B,-0.0014092634,67
640455,2025,full,0.0031845968,1049
640455,2025,A,0.004539926,592
640455,2025,B,0.0014288964,457
573009,2025,full,0.0024535353,192
573009,2025,A,0.0033001879,83
573009,2025,B,0.0018088366,109
676760,2025,full,0.0072160102,164
676760,2025,A,0.0068721366,102
676760,2025,B,0.007781738,62
455119,2025,full,0.0012206009,638
455119,2025,A,0.0010200116,306
455119,2025,B,0.0014054818,332
656686,2025,full,0.0027703906,332
656686,2025,A,0.0025631452,174
656686,2025,B,0.0029986238,158
663436,2025,full,0.0015361775,2304
663436,2025,A,0.0019019187,1150
663436,2025,B,0.001171704,1154
679885,2025,full,0.005002762,266
679885,2025,A,0.0066872616,130
679885,2025,B,0.0033925795,136
607259,2025,full,0.003749325,2577
607259,2025,A,0.0037370273,1214
607259,2025,B,0.0037602778,1363
661527,2025,full,-0.0011376061,120
661527,2025,A,-0.00012598626,68
661527,2025,B,-0.0024604937,52
664208,2025,full,0.006438676,1008
664208,2025,A,0.007145311,529
664208,2025,B,0.0056582787,479
673513,2025,full,0.0034066779,1041
673513,2025,A,0.003060652,554
673513,2025,B,0.003800309,487
805673,2025,full,0.0047693895,1353
805673,2025,A,0.0044190763,653
805673,2025,B,0.0050961818,700
676755,2025,full,0.002376183,777
676755,2025,A,7.938305e-05,369
676755,2025,B,0.004453435,408
571927,2025,full,0.0009201808,1160
571927,2025,A,0.00075206003,598
571927,2025,B,0.001099071,562
554431,2025,full,-0.00020598163,127
554431,2025,A,0.0017664642,72
554431,2025,B,-0.002788093,55
687209,2025,full,0.005221917,165
687209,2025,A,0.006004015,100
687209,2025,B,0.0040186876,65
669160,2025,full,0.0071027055,2168
669160,2025,A,0.007409001,1058
669160,2025,B,0.0068107587,1110
641835,2025,full,-0.00357707,301
641835,2025,A,-0.0023658823,162
641835,2025,B,-0.0049886703,139
800049,2025,full,0.006403692,489
800049,2025,A,0.0063988096,270
800049,2025,B,0.0064097103,219
670766,2025,full,0.0070675616,86
670766,2025,A,0.007716831,54
670766,2025,B,0.0059719216,32
621121,2025,full,0.00397903,1147
621121,2025,A,0.0041787964,611
621121,2025,B,0.0037513108,536
680729,2025,full,-0.0051476173,191
680729,2025,A,-0.004206748,100
680729,2025,B,-0.00618154,91
694646,2025,full,-0.004484885,194
694646,2025,A,-0.0027462903,95
694646,2025,B,-0.006153234,99
686790,2025,full,0.0037349444,212
686790,2025,A,0.0038325363,123
686790,2025,B,0.0036000696,89
519008,2025,full,-0.0011009683,272
519008,2025,A,-0.002109222,168
519008,2025,B,0.0005277488,104
668834,2025,full,0.0025535333,223
668834,2025,A,0.0010321023,131
668834,2025,B,0.0047199186,92
543518,2025,full,0.0014932017,297
543518,2025,A,9.870387e-05,168
543518,2025,B,0.0033092913,129
700241,2025,full,0.0010996971,1465
700241,2025,A,0.002013366,757
700241,2025,B,0.00012279418,708
663474,2025,full,-0.017627515,123
663474,2025,A,-0.009486848,47
663474,2025,B,-0.022661874,76
690997,2025,full,0.009860042,739
690997,2025,A,0.009901893,369
690997,2025,B,0.009818304,370
683232,2025,full,0.007298157,845
683232,2025,A,0.0066731265,419
683232,2025,B,0.007912917,426
682989,2025,full,0.0052532908,314
682989,2025,A,0.0026204311,196
682989,2025,B,0.009626515,118
656730,2025,full,0.015498099,753
656730,2025,A,0.016051443,371
656730,2025,B,0.014960689,382
656731,2025,full,0.0055762366,1231
656731,2025,A,0.006118773,601
656731,2025,B,0.005058675,630
675848,2025,full,0.005136791,1073
675848,2025,A,0.0056773354,488
675848,2025,B,0.0046858755,585
675512,2025,full,0.00506999,656
675512,2025,A,0.00638794,332
675512,2025,B,0.0037194993,324
691441,2025,full,0.00203376,100
691441,2025,A,0.0023309211,73
691441,2025,B,0.0012303262,27
675650,2025,full,0.006941594,85
675650,2025,A,0.004851084,61
675650,2025,B,0.012254972,24
657240,2025,full,0.00524941,353
657240,2025,A,0.007278208,166
657240,2025,B,0.0034484437,187
800048,2025,full,-0.0011967879,625
800048,2025,A,-0.001277028,347
800048,2025,B,-0.0010966322,278
682825,2025,full,0.0027737305,414
682825,2025,A,0.0019867686,218
682825,2025,B,0.0036490245,196
676974,2025,full,0.0080498,1039
676974,2025,A,0.007866841,505
676974,2025,B,0.008222823,534
571945,2025,full,-0.0037659067,2483
571945,2025,A,-0.003343715,1288
571945,2025,B,-0.0042209546,1195
489119,2025,full,-0.002854983,205
489119,2025,A,-0.0018446592,127
489119,2025,B,-0.0044999984,78
676272,2025,full,0.0026089717,116
676272,2025,A,0.001477131,84
676272,2025,B,0.0055800527,32
682243,2025,full,0.0031833225,1543
682243,2025,A,0.0020866522,795
682243,2025,B,0.004348902,748
669062,2025,full,0.00262139,482
669062,2025,A,0.0024102596,220
669062,2025,B,0.0027986756,262
695243,2025,full,0.011488964,972
695243,2025,A,0.010373182,504
695243,2025,B,0.012690573,468
571946,2025,full,0.008345567,704
571946,2025,A,0.009194195,333
571946,2025,B,0.00758386,371
571948,2025,full,0.0059841466,1157
571948,2025,A,0.006514698,654
571948,2025,B,0.005294325,503
621345,2025,full,0.0054041143,181
621345,2025,A,0.0064772656,91
621345,2025,B,0.0043190396,90
664948,2025,full,-0.0034105242,115
664948,2025,A,-0.002439879,65
664948,2025,B,-0.0046723634,50
694819,2025,full,0.015092871,1163
694819,2025,A,0.016399816,610
694819,2025,B,0.013651216,553
663554,2025,full,0.0027097892,2353
663554,2025,A,0.003065909,1185
663554,2025,B,0.0023484852,1168
669387,2025,full,0.0038101687,1647
669387,2025,A,0.0045153527,889
669387,2025,B,0.0029831121,758
683627,2025,full,-0.00092266424,608
683627,2025,A,-0.0022972617,322
683627,2025,B,0.0006249584,286
594580,2025,full,0.00790703,332
594580,2025,A,0.008298612,174
594580,2025,B,0.0074757924,158
593423,2025,full,0.0032096421,707
593423,2025,A,0.004869796,383
593423,2025,B,0.001247177,324
672456,2025,full,0.0038880135,1473
672456,2025,A,0.0044339043,681
672456,2025,B,0.003418631,792
606160,2025,full,0.006205363,1088
606160,2025,A,0.0052379835,533
606160,2025,B,0.0071343966,555
801216,2025,full,0.0027326536,46
801216,2025,A,0.0027326536,46
687287,2025,full,-0.0071716644,87
687287,2025,A,-0.0071716644,87
682254,2025,full,0.008349562,859
682254,2025,A,0.009861575,479
682254,2025,B,0.0064436267,380
806960,2025,full,0.0050627827,821
806960,2025,A,0.0052999207,395
806960,2025,B,0.004842902,426
670970,2025,full,0.0111415675,995
670970,2025,A,0.010524693,550
670970,2025,B,0.011903997,445
664294,2025,full,-0.00032647178,285
664294,2025,A,-0.002188813,150
664294,2025,B,0.0017427972,135
688158,2025,full,0.0060518826,766
688158,2025,A,0.0070653954,384
688158,2025,B,0.0050330632,382
669212,2025,full,0.0029975204,132
669212,2025,A,0.002217723,76
669212,2025,B,0.004055817,56
666661,2025,full,0.0080588935,617
666661,2025,A,0.008675697,323
666661,2025,B,0.007381248,294
450203,2025,full,0.0037272118,2548
450203,2025,A,0.0038808233,1292
450203,2025,B,0.0035691983,1256
663558,2025,full,0.00063788466,80
663558,2025,A,-0.0007519661,34
663558,2025,B,0.0016651659,46
668716,2025,full,0.0029642095,392
668716,2025,A,0.0034590657,164
668716,2025,B,0.0026082606,228
682171,2025,full,0.0050611007,232
682171,2025,A,0.003921823,112
682171,2025,B,0.006124426,120
669684,2025,full,-0.00076159043,569
669684,2025,A,-0.0020241898,337
669684,2025,B,0.0010724443,232
681151,2025,full,0.0059479135,176
681151,2025,A,0.006288877,116
681151,2025,B,0.0052887183,60
662253,2025,full,0.0061516063,1033
662253,2025,A,0.006685707,516
662253,2025,B,0.005618539,517
682610,2025,full,0.0014011653,229
682610,2025,A,0.0015637751,119
682610,2025,B,0.0012252505,110
691548,2025,full,-0.0025306304,77
691548,2025,A,-0.0027208594,63
691548,2025,B,-0.0016746005,14
668964,2025,full,0.00037445634,826
668964,2025,A,-0.0011581009,424
668964,2025,B,0.0019908843,402
608566,2025,full,-0.0037072098,2085
608566,2025,A,-0.003211801,1072
608566,2025,B,-0.0042314725,1013
667297,2025,full,0.008372725,461
667297,2025,A,0.007934069,209
667297,2025,B,0.008736529,252
669459,2025,full,-0.0052993917,44
669459,2025,A,-0.007937318,32
669459,2025,B,0.001735076,12
669194,2025,full,0.0061744875,2465
669194,2025,A,0.006944584,1226
669194,2025,B,0.0054124715,1239
593576,2025,full,0.0030067754,546
593576,2025,A,0.001523646,246
593576,2025,B,0.0042229416,300
656794,2025,full,-0.0013642944,1529
656794,2025,A,-0.0018453955,833
656794,2025,B,-0.0007884933,696
693312,2025,full,0.004768241,652
693312,2025,A,0.003719719,353
693312,2025,B,0.0060061286,299
680951,2025,full,-0.005661241,108
680951,2025,A,-0.0067208735,90
680951,2025,B,-0.0003630813,18
605400,2025,full,0.003759805,1567
605400,2025,A,0.004151911,859
605400,2025,B,0.0032840725,708
673380,2025,full,0.005493401,183
673380,2025,A,0.0050437683,87
673380,2025,B,0.0059008803,96
674384,2025,full,0.0065871794,249
674384,2025,A,0.008202198,125
674384,2025,B,0.0049591376,124
676617,2025,full,0.008763208,758
676617,2025,A,0.008089204,371
676617,2025,B,0.009409344,387
641927,2025,full,-0.002237451,2354
641927,2025,A,-0.0027646923,1211
641927,2025,B,-0.0016788427,1143
829272,2025,full,0.0015894955,672
829272,2025,A,0.0016939677,353
829272,2025,B,0.0014738889,319
701487,2025,full,0.0024297806,544
701487,2025,A,0.0012568665,314
701487,2025,B,0.0040310626,230
660271,2025,full,0.010248757,753
660271,2025,A,0.010364403,377
660271,2025,B,0.010132803,376
595345,2025,full,0.00445848,1051
595345,2025,A,0.0040353886,510
595345,2025,B,0.004857328,541
681857,2025,full,0.00014742579,1159
681857,2025,A,5.07445e-05,626
681857,2025,B,0.00026097643,533
672391,2025,full,0.001794829,787
672391,2025,A,0.0007662793,366
672391,2025,B,0.002689007,421
679358,2025,full,0.007038268,681
679358,2025,A,0.007488485,381
679358,2025,B,0.0064664935,300
671305,2025,full,0.0017816774,121
671305,2025,A,0.003209617,65
671305,2025,B,0.00012424708,56
493603,2025,full,0.0039049957,42
493603,2025,A,0.0038694055,28
493603,2025,B,0.0039761774,14
670912,2025,full,0.0044312268,665
670912,2025,A,0.003827933,344
670912,2025,B,0.0050777476,321
687074,2025,full,-0.00085429504,66
687074,2025,A,0.00026637447,53
687074,2025,B,-0.005423178,13
663978,2025,full,0.0033414941,2565
663978,2025,A,0.002748377,1341
663978,2025,B,0.0039913068,1224
641941,2025,full,0.009122621,1068
641941,2025,A,0.008916132,513
641941,2025,B,0.009313484,555
694037,2025,full,0.0056723766,840
694037,2025,A,0.006474694,403
694037,2025,B,0.004932481,437
669449,2025,full,-0.0010393424,24
669449,2025,A,-0.0010393424,24
669467,2025,full,0.001122197,2720
669467,2025,A,0.00065756694,1344
669467,2025,B,0.001576022,1376
687223,2025,full,0.00097375474,705
687223,2025,A,0.0016291932,377
687223,2025,B,0.00022039999,328
680730,2025,full,-0.0018048709,2698
680730,2025,A,-0.0017380284,1349
680730,2025,B,-0.0018717133,1349
694477,2025,full,0.0019219393,2009
694477,2025,A,0.0022329302,1011
694477,2025,B,0.001606898,998
606303,2025,full,0.0036965103,449
606303,2025,A,0.0022136385,208
606303,2025,B,0.0049763336,241
663878,2025,full,0.007327393,280
663878,2025,A,0.0073607573,157
663878,2025,B,0.007284807,123
665625,2025,full,0.0017394501,187
665625,2025,A,0.0020336357,111
665625,2025,B,0.001309784,76
666711,2025,full,0.011143574,315
666711,2025,A,0.013351239,168
666711,2025,B,0.008620527,147
686752,2025,full,0.0053385277,2699
686752,2025,A,0.0054813745,1358
686752,2025,B,0.0051938705,1341
642547,2025,full,0.0023631176,3085
642547,2025,A,0.0029582952,1539
642547,2025,B,0.0017706347,1546
678821,2025,full,-0.0002730818,436
678821,2025,A,-0.00086780346,245
678821,2025,B,0.0004897813,191
671111,2025,full,0.000616478,153
671111,2025,A,1.0710831e-05,96
671111,2025,B,0.0016367176,57
593974,2025,full,0.00093871384,1138
593974,2025,A,0.0005070081,641
593974,2025,B,0.0014955018,497
622780,2025,full,-0.003483981,72
622780,2025,A,-0.0041749803,51
622780,2025,B,-0.0018058395,21
678022,2025,full,0.004135871,637
678022,2025,A,0.0060395794,315
678022,2025,B,0.002273547,322
656848,2025,full,0.005504986,327
656848,2025,A,0.005117629,151
656848,2025,B,0.0058373194,176
656849,2025,full,-0.0018180575,2699
656849,2025,A,-0.0015990878,1391
656849,2025,B,-0.0020509223,1308
695534,2025,full,0.0009609062,169
695534,2025,A,-0.0009690446,79
695534,2025,B,0.0026549739,90
694297,2025,full,0.0033641097,2920
694297,2025,A,0.0030449154,1517
694297,2025,B,0.00370924,1403
683175,2025,full,0.007294072,377
683175,2025,A,0.008303395,198
683175,2025,B,0.006177614,179
623465,2025,full,0.01205458,92
623465,2025,A,0.009230145,54
623465,2025,B,0.016068252,38
663969,2025,full,0.0020613116,1114
663969,2025,A,0.0018434082,569
663969,2025,B,0.0022888107,545
663455,2025,full,-0.0014647048,499
663455,2025,A,-0.0006076825,232
663455,2025,B,-0.0022093835,267
702752,2025,full,0.012889831,29
702752,2025,A,0.012889831,29
601713,2025,full,0.0041525736,2851
601713,2025,A,0.0045119864,1489
601713,2025,B,0.0037596482,1362
673820,2025,full,-0.0017955792,61
673820,2025,A,0.0038361496,17
673820,2025,B,-0.0039714742,44
621363,2025,full,-0.0045447154,244
621363,2025,A,-0.0011792969,105
621363,2025,B,-0.0070869373,139
519141,2025,full,0.005286657,800
519141,2025,A,0.0054292018,419
519141,2025,B,0.0051298933,381
647315,2025,full,0.004747058,127
647315,2025,A,0.0047140587,64
647315,2025,B,0.0047805817,63
687166,2025,full,0.00711232,36
687166,2025,A,0.00711232,36
547001,2025,full,-0.0018609543,68
547001,2025,A,-0.0018609543,68
676571,2025,full,-0.001485678,419
676571,2025,A,-0.0012059895,170
676571,2025,B,-0.001323179,225
700249,2025,full,-0.00092626543,1969
700249,2025,A,-0.002156889,963
700249,2025,B,0.00025175686,1006
519151,2025,full,0.005179818,661
519151,2025,A,0.004453992,364
519151,2025,B,0.0060693827,297
682990,2025,full,0.0017578077,2468
682990,2025,A,0.001022422,1290
682990,2025,B,0.0025631113,1178
640462,2025,full,0.013321106,156
640462,2025,A,0.012830799,75
640462,2025,B,0.013775093,81
672335,2025,full,-0.0007885738,437
672335,2025,A,0.00023718912,252
672335,2025,B,-0.0021858288,185
691587,2025,full,0.0066131414,1673
691587,2025,A,0.0076641506,806
691587,2025,B,0.005636079,867
527048,2025,full,-0.006405992,902
527048,2025,A,-0.006089924,499
527048,2025,B,-0.0067973514,403
615698,2025,full,-0.0036522115,2003
615698,2025,A,-0.00360379,1037
615698,2025,B,-0.003704192,966
650671,2025,full,-0.0046177553,41
650671,2025,A,-0.0051848986,28
650671,2025,B,-0.0033962163,13
500779,2025,full,-0.0038489671,2173
500779,2025,A,-0.003987215,1118
500779,2025,B,-0.0037024631,1055
666142,2025,full,0.005791371,1079
666142,2025,A,0.0059011863,586
666142,2025,B,0.0056608417,493
685068,2025,full,0.0013474651,95
685068,2025,A,0.0015875173,79
685068,2025,B,0.00016220752,16
663432,2025,full,0.0017017609,201
663432,2025,A,0.0019068955,106
663432,2025,B,0.0014728734,95
548384,2025,full,0.0072891,387
548384,2025,A,0.008958746,200
548384,2025,B,0.0055033816,187
541640,2025,full,-0.001168059,158
541640,2025,A,-0.002207823,83
541640,2025,B,-1.7386334e-05,75
670990,2025,full,0.008624071,604
670990,2025,A,0.009722469,327
670990,2025,B,0.007327406,277
660604,2025,full,-0.0013441051,174
660604,2025,A,-0.00538306,83
660604,2025,B,0.0023397768,91
675919,2025,full,0.004011804,27
675919,2025,A,0.0067721573,8
675919,2025,B,0.0028495498,19
688497,2025,full,-0.009069755,319
688497,2025,A,-0.008842444,174
688497,2025,B,-0.009342528,145
656876,2025,full,0.00891663,2314
656876,2025,A,0.008444201,1206
656876,2025,B,0.009430845,1108
592662,2025,full,-0.0006011489,3069
592662,2025,A,-0.00078731147,1542
592662,2025,B,-0.000413157,1527
607067,2025,full,0.0010567803,2534
607067,2025,A,0.0022412261,1195
607067,2025,B,-2.8693916e-07,1339
669308,2025,full,-0.000795445,494
669308,2025,A,-0.0006987015,256
669308,2025,B,-0.0008995051,238
687377,2025,full,0.0033087486,501
687377,2025,A,0.004472839,208
687377,2025,B,0.0024823635,293
670950,2025,full,0.00043124083,116
670950,2025,A,0.0018360144,77
670950,2025,B,-0.002342288,39
680689,2025,full,0.002397919,658
680689,2025,A,0.0027832168,298
680689,2025,B,0.0020789776,360
685005,2025,full,0.00017746534,41
685005,2025,A,0.0072924355,27
685005,2025,B,-0.013544261,14
642016,2025,full,0.0073949085,255
642016,2025,A,0.009010794,115
642016,2025,B,0.0060675726,140
681799,2025,full,0.008532247,144
681799,2025,A,0.009541397,67
681799,2025,B,0.007654155,77
502085,2025,full,0.009113679,304
502085,2025,A,0.009279788,135
502085,2025,B,0.008980989,169
697812,2025,full,-0.0038510212,145
697812,2025,A,-0.005048163,97
697812,2025,B,-0.0014317972,48
677958,2025,full,-0.0025119814,1127
677958,2025,A,-0.0023141596,546
677958,2025,B,-0.0026978855,581
699134,2025,full,0.0026812071,114
699134,2025,A,-0.001209305,69
699134,2025,B,0.0086466605,45
692230,2025,full,0.0011577352,208
692230,2025,A,0.0026634329,93
692230,2025,B,-5.991633e-05,115
593958,2025,full,-0.0080325175,2589
593958,2025,A,-0.0080132205,1334
593958,2025,B,-0.00805303,1255
660730,2025,full,0.0041747387,331
660730,2025,A,0.005874458,116
660730,2025,B,0.0032576814,215
655889,2025,full,0.009860151,431
655889,2025,A,0.011687394,228
655889,2025,B,0.0078078806,203
678495,2025,full,0.01156847,808
678495,2025,A,0.012573326,422
678495,2025,B,0.010469899,386
684320,2025,full,0.004689076,1159
684320,2025,A,0.0056527164,576
684320,2025,B,0.0037370056,583
607074,2025,full,-0.00020651473,3201
607074,2025,A,0.0001437013,1648
607074,2025,B,-0.00057815353,1553
573124,2025,full,0.0016472636,893
573124,2025,A,0.0009021809,476
573124,2025,B,0.0024977657,417
669432,2025,full,3.6468213e-05,1625
669432,2025,A,-3.363298e-05,844
669432,2025,B,0.00011222402,781
643511,2025,full,0.013109714,978
643511,2025,A,0.013649406,489
643511,2025,B,0.0125700245,489
669020,2025,full,-0.0025773316,676
669020,2025,A,-0.002420278,373
669020,2025,B,-0.0027706677,303
605447,2025,full,0.0064661824,701
605447,2025,A,0.0066094906,347
605447,2025,B,0.0063257082,354
668941,2025,full,0.0013274546,990
668941,2025,A,0.0017015781,510
668941,2025,B,0.00092994794,480
680701,2025,full,0.0042508594,23
680701,2025,A,0.0042508594,23
605452,2025,full,0.0014944064,862
605452,2025,A,0.00096728315,440
605452,2025,B,0.002044013,422
694738,2025,full,0.0004749371,1851
694738,2025,A,0.0004895193,948
694738,2025,B,0.0004596285,903
688297,2025,full,0.001075879,394
688297,2025,A,-9.668615e-05,193
688297,2025,B,0.0022017744,201
614179,2025,full,0.002556783,302
614179,2025,A,0.0010635187,170
614179,2025,B,0.004479926,132
671131,2025,full,0.0007285195,1337
671131,2025,A,0.0024305966,661
671131,2025,B,-0.00093578955,676
657746,2025,full,0.004359632,2792
657746,2025,A,0.0040651774,1450
657746,2025,B,0.0046777814,1342
685314,2025,full,-0.008690211,427
685314,2025,A,-0.007884043,185
685314,2025,B,-0.009306497,242
681870,2025,full,0.0019049132,503
681870,2025,A,0.004311035,231
681870,2025,B,-0.00013852153,272
674285,2025,full,5.0898812e-05,545
674285,2025,A,-0.0014840921,299
674285,2025,B,0.001916599,246
519242,2025,full,0.0065149865,2031
519242,2025,A,0.006403797,1075
519242,2025,B,0.0066400175,956
676742,2025,full,0.0047933697,147
676742,2025,A,0.0050934097,67
676742,2025,B,0.0045420863,80
680704,2025,full,0.006787275,290
680704,2025,A,0.006080551,147
680704,2025,B,0.0075137666,143
682144,2025,full,-0.0030014429,31
682144,2025,A,-0.0030014429,31
663485,2025,full,0.0011610159,1143
663485,2025,A,0.0010617194,579
663485,2025,B,0.001262953,564
665665,2025,full,-0.0020332872,25
665665,2025,A,-0.0020332872,25
642701,2025,full,0.0016892216,1000
642701,2025,A,0.0015279303,528
642701,2025,B,0.0018696496,472
663574,2025,full,0.0028771071,1230
663574,2025,A,0.0034093545,648
663574,2025,B,0.0022845024,582
666619,2025,full,0.00502103,130
666619,2025,A,0.0047311117,50
666619,2025,B,0.005202229,80
808963,2025,full,0.004055912,621
808963,2025,A,0.003598551,313
808963,2025,B,0.004520697,308
642048,2025,full,-0.0012128532,232
642048,2025,A,0.00036788773,93
642048,2025,B,-0.0022704715,139
669422,2025,full,-0.0006229195,512
669422,2025,A,-0.0008983784,243
669422,2025,B,-0.00037408562,269
453286,2025,full,0.0026389286,1390
453286,2025,A,0.0030634836,748
453286,2025,B,0.0021442757,642
693645,2025,full,0.0054867156,1253
693645,2025,A,0.004504264,637
693645,2025,B,0.00650266,616
657376,2025,full,0.009687924,1225
657376,2025,A,0.009894697,624
657376,2025,B,0.009473239,601
669947,2025,full,0.0022164858,154
669947,2025,A,0.003550756,62
669947,2025,B,0.0013173033,92
670167,2025,full,0.005181693,1047
670167,2025,A,0.005625186,522
670167,2025,B,0.004740734,525
687606,2025,full,-0.0016478917,448
687606,2025,A,0.0005364699,227
687606,2025,B,-0.0038915577,221
680885,2025,full,0.008975145,1572
680885,2025,A,0.008054798,833
680885,2025,B,0.01001256,739
656945,2025,full,0.008716429,911
656945,2025,A,0.009324146,457
656945,2025,B,0.008104696,454
605463,2025,full,0.0027946415,536
605463,2025,A,0.0030013386,254
605463,2025,B,0.0026084676,282
657756,2025,full,-0.0014167293,185
657756,2025,A,-0.0006184835,119
657756,2025,B,-0.0028559905,66
676664,2025,full,-0.0022197876,2366
676664,2025,A,-0.002870066,1230
676664,2025,B,-0.0015157008,1136
681882,2025,full,0.002695928,214
681882,2025,A,0.0023985398,128
681882,2025,B,0.0031385527,86
673540,2025,full,0.0010497912,1901
673540,2025,A,0.00074737164,939
673540,2025,B,0.00134498,962
622608,2025,full,-0.00444901,2284
622608,2025,A,-0.0043563037,1148
622608,2025,B,-0.0045426954,1136
622663,2025,full,0.004331513,2731
622663,2025,A,0.0040606027,1370
622663,2025,B,0.004604215,1361
623149,2025,full,0.0064106444,308
623149,2025,A,0.0078038336,127
623149,2025,B,0.005433103,181
693313,2025,full,0.0013891398,621
693313,2025,A,0.0015086611,288
693313,2025,B,0.0012857703,333
693855,2025,full,-0.0026121964,995
693855,2025,A,-0.0034169313,547
693855,2025,B,-0.0016296295,448
686218,2025,full,0.005007292,1146
686218,2025,A,0.0041999216,565
686218,2025,B,0.0057924273,581
663767,2025,full,0.0023046164,692
663767,2025,A,0.0017777917,355
663767,2025,B,0.0028595808,337
694363,2025,full,-0.00025028182,280
694363,2025,A,0.00016223754,123
694363,2025,B,-0.0005734656,157
681217,2025,full,0.0049581113,212
681217,2025,A,0.0047157295,90
681217,2025,B,0.005136918,122
681006,2025,full,-0.0008358494,613
681006,2025,A,-1.3210679e-06,354
681006,2025,B,-0.0019764795,259
608371,2025,full,0.0037690303,279
608371,2025,A,0.007367028,122
608371,2025,B,0.00097313465,157
663903,2025,full,-0.0010414704,2850
663903,2025,A,-0.0003049607,1440
663903,2025,B,-0.0017936503,1410
681895,2025,full,0.006136223,329
681895,2025,A,0.005177835,185
681895,2025,B,0.0073674866,144
694973,2025,full,0.007081582,2997
694973,2025,A,0.0070727323,1484
694973,2025,B,0.0070902617,1513
669373,2025,full,0.009077839,2849
669373,2025,A,0.007932044,1413
669373,2025,B,0.010205282,1436
686580,2025,full,0.0068093883,499
686580,2025,A,0.004668207,255
686580,2025,B,0.0090471,244
671922,2025,full,0.010311564,1182
671922,2025,A,0.010851801,581
671922,2025,B,0.009789306,601
681916,2025,full,0.0014229919,165
681916,2025,A,0.0018283903,104
681916,2025,B,0.0007318216,61
681343,2025,full,0.0026419817,2417
681343,2025,A,0.0027294774,1226
681343,2025,B,0.0025519147,1191
700363,2025,full,0.0027122619,711
700363,2025,A,0.0027288985,391
700363,2025,B,0.002691934,320
605483,2025,full,0.003454932,1028
605483,2025,A,0.0039522876,559
605483,2025,B,0.0028621347,469
676092,2025,full,0.0056388094,477
676092,2025,A,0.0039336756,228
676092,2025,B,0.0072001363,249
805427,2025,full,0.0029706166,78
805427,2025,A,0.0013090174,43
805427,2025,B,0.00501201,35
666277,2025,full,0.0049908063,692
666277,2025,A,0.0032920307,366
666277,2025,B,0.006898021,326
667755,2025,full,0.003470998,2784
667755,2025,A,0.0033195026,1388
667755,2025,B,0.0036216252,1396
647336,2025,full,0.00056302233,1528
647336,2025,A,0.00019631188,756
647336,2025,B,0.00092213263,772
642397,2025,full,0.0013770534,1031
642397,2025,A,0.001578483,490
642397,2025,B,0.0011946122,541
656986,2025,full,0.0019302352,728
656986,2025,A,0.0011504939,337
656986,2025,B,0.0026022894,391
642100,2025,full,0.00040961988,921
642100,2025,A,0.0006684853,454
642100,2025,B,0.00015796041,467
687765,2025,full,0.001152704,1353
687765,2025,A,0.0016200024,699
687765,2025,B,0.0006532519,654
686730,2025,full,0.001714848,245
686730,2025,A,0.0026440264,179
686730,2025,B,-0.0008051972,66
605488,2025,full,-0.002091941,2847
605488,2025,A,-0.0019600727,1395
605488,2025,B,-0.0022186327,1452
687075,2025,full,0.007273719,290
687075,2025,A,0.007450472,159
687075,2025,B,0.0070591867,131
592773,2025,full,0.008109294,1062
592773,2025,A,0.008454485,531
592773,2025,B,0.007764105,531
657006,2025,full,0.0012262866,313
657006,2025,A,0.0005610764,145
657006,2025,B,0.0018004264,168
596112,2025,full,0.0053412565,147
596112,2025,A,0.007055967,57
596112,2025,B,0.0042552734,90
686993,2025,full,0.0072529167,1093
686993,2025,A,0.00765771,592
686993,2025,B,0.006774596,501
592779,2025,full,0.005550491,610
592779,2025,A,0.003873781,309
592779,2025,B,0.0072717657,301
476594,2025,full,0.0001695766,59
476594,2025,A,-0.00277968,29
476594,2025,B,0.0030205245,30
621381,2025,full,0.0014897392,993
621381,2025,A,0.0023567337,490
621381,2025,B,0.0006451519,503
608717,2025,full,-0.0019358149,411
608717,2025,A,-0.0014461882,218
608717,2025,B,-0.0024888646,193
676702,2025,full,0.001886756,343
676702,2025,A,0.00059440505,195
676702,2025,B,0.0035895149,148
519326,2025,full,0.0032619813,332
519326,2025,A,0.0026157259,176
519326,2025,B,0.0039910898,156
675911,2025,full,0.0005028443,2110
675911,2025,A,0.0002165488,1105
675911,2025,B,0.0008176266,1005
573186,2025,full,-0.0013126367,704
573186,2025,A,-0.0024602532,377
573186,2025,B,1.0456422e-05,327
669704,2025,full,0.008032463,406
669704,2025,A,0.006866988,215
669704,2025,B,0.009344383,191
660761,2025,full,0.0049382453,295
660761,2025,A,0.0053437366,98
660761,2025,B,0.0047365283,197
663158,2025,full,0.007942984,1075
663158,2025,A,0.0060456037,587
663158,2025,B,0.010225285,488
593833,2025,full,0.0018548646,142
593833,2025,A,0.0027502847,102
593833,2025,B,-0.00042845588,40
608372,2025,full,0.0013132276,2565
608372,2025,A,0.00145423,1275
608372,2025,B,0.0011738648,1290
642121,2025,full,0.0020794657,387
642121,2025,A,0.0009281326,199
642121,2025,B,0.0032981636,188
608718,2025,full,-0.0019891548,1113
608718,2025,A,-0.0024657934,563
608718,2025,B,-0.0015012504,550
544150,2025,full,-0.0010660413,173
544150,2025,A,-0.001745,134
544150,2025,B,0.0012667911,39
694335,2025,full,0.003965078,956
694335,2025,A,0.0050779004,495
694335,2025,B,0.0027701808,461
657024,2025,full,0.003226377,128
657024,2025,A,0.0053298892,55
657024,2025,B,0.0016415388,73
650911,2025,full,0.0045313616,2894
650911,2025,A,0.0054145,1436
650911,2025,B,0.0036615483,1458
592791,2025,full,0.00078650255,1979
592791,2025,A,0.0002878269,998
592791,2025,B,0.0012938192,981
676206,2025,full,-0.0032842327,130
676206,2025,A,-0.004703712,94
676206,2025,B,0.0004221849,36
622253,2025,full,0.0025014046,139
622253,2025,A,0.0034214284,71
622253,2025,B,0.0015407921,68
691799,2025,full,0.011130717,610
691799,2025,A,0.011158629,296
691799,2025,B,0.011104405,314
700187,2025,full,0.00476986,136
700187,2025,A,0.0070965793,64
700187,2025,B,0.002701665,72
678906,2025,full,0.003610348,573
678906,2025,A,0.005649636,278
678906,2025,B,0.0016885763,295
573204,2025,full,0.006029166,839
573204,2025,A,0.0059321,421
573204,2025,B,0.0061269286,418
671162,2025,full,-0.008643362,119
671162,2025,A,-0.008640978,57
671162,2025,B,-0.008645557,62
666168,2025,full,-0.0014554923,239
666168,2025,A,0.0010375873,116
666168,2025,B,-0.0038066895,123
657044,2025,full,0.0101436395,650
657044,2025,A,0.009681213,323
657044,2025,B,0.0106004095,327
605507,2025,full,-0.0068014725,60
605507,2025,A,-0.0047743865,20
605507,2025,B,-0.0078150155,40
663423,2025,full,0.002600875,656
663423,2025,A,0.00575875,309
663423,2025,B,-0.00021118151,347
694918,2025,full,0.0015448821,307
694918,2025,A,0.0008246632,153
694918,2025,B,0.0022604244,154
622786,2025,full,0.0052385316,303
622786,2025,A,0.0050170226,168
622786,2025,B,0.0055141877,135
801139,2025,full,0.009750981,304
801139,2025,A,0.0076166946,151
801139,2025,B,0.011857369,153
804636,2025,full,0.0046767574,371
804636,2025,A,0.009802729,193
804636,2025,B,-0.0008811786,178
543859,2025,full,-0.0006941723,397
543859,2025,A,-0.00026873293,192
543859,2025,B,-0.0010926325,205
623437,2025,full,0.00572427,980
623437,2025,A,0.0056520915,486
623437,2025,B,0.00579528,494
657053,2025,full,0.0024870744,37
657053,2025,A,0.0024870744,37
595014,2025,full,0.0064624497,511
595014,2025,A,0.0056643505,263
595014,2025,B,0.0073088217,248
605513,2025,full,0.0072075953,125
605513,2025,A,0.0068233246,74
605513,2025,B,0.007765164,51
670955,2025,full,0.004894569,1214
670955,2025,A,0.005072842,611
670955,2025,B,0.0047139316,603
570632,2025,full,0.00061731687,934
570632,2025,A,0.0008502742,537
570632,2025,B,0.00030220815,397
682842,2025,full,0.008263871,1164
682842,2025,A,0.00913681,577
682842,2025,B,0.0074058017,587
664353,2025,full,0.004325446,56
664353,2025,A,0.0057005584,25
664353,2025,B,0.0032164857,31
664285,2025,full,0.00581113,2890
664285,2025,A,0.006441622,1477
664285,2025,B,0.00515208,1413
687003,2025,full,-7.987207e-05,129
687003,2025,A,0.0002821482,66
687003,2025,B,-0.00045913132,63
701121,2025,full,0.005095744,182
701121,2025,A,0.0053036367,132
701121,2025,B,0.0045469063,50
672841,2025,full,0.0062718107,1095
672841,2025,A,0.005702697,501
672841,2025,B,0.00675182,594
686973,2025,full,0.009670782,1066
686973,2025,A,0.009915517,512
686973,2025,B,0.0094446,554
678024,2025,full,-0.0002651374,1645
678024,2025,A,-0.00018852533,815
678024,2025,B,-0.0003403648,830
685107,2025,full,-0.0021659015,481
685107,2025,A,0.0006564041,187
685107,2025,B,-0.0039610406,294
434378,2025,full,0.0004435406,2607
434378,2025,A,0.00079818093,1375
434378,2025,B,4.773674e-05,1232
681911,2025,full,0.0035578145,1023
681911,2025,A,0.0042220023,509
681911,2025,B,0.0029000875,514
676684,2025,full,0.007211392,1137
676684,2025,A,0.0073286532,580
676684,2025,B,0.007089287,557
680767,2025,full,0.005417762,917
680767,2025,A,0.0053882487,477
680767,2025,B,0.0054497574,440
681190,2025,full,0.0023638806,2147
681190,2025,A,0.0024354807,1128
681190,2025,B,0.0022846214,1019
608379,2025,full,-0.0002771288,2665
608379,2025,A,-0.00089647056,1314
608379,2025,B,0.00032525128,1351
663399,2025,full,-0.0039665187,512
663399,2025,A,-0.0031103482,248
663399,2025,B,-0.0047708005,264
694462,2025,full,0.009215232,851
694462,2025,A,0.007843687,397
694462,2025,B,0.010414578,454
663362,2025,full,0.00052145595,104
663362,2025,A,0.00052145595,104
677020,2025,full,-0.00730999,92
677020,2025,A,-0.007786292,61
677020,2025,B,-0.0063727507,31
676254,2025,full,0.007576829,1018
676254,2025,A,0.0068404996,490
676254,2025,B,0.008260164,528
592836,2025,full,-0.002251478,2061
592836,2025,A,-0.001894941,985
592836,2025,B,-0.0025778618,1076
687888,2025,full,-0.0015173497,814
687888,2025,A,-0.0014038823,439
687888,2025,B,-0.0016501815,375
689958,2025,full,0.008637956,28
689958,2025,A,0.009741875,20
689958,2025,B,0.0058781593,8
681810,2025,full,0.002528283,146
681810,2025,A,0.002479915,111
681810,2025,B,0.0026816775,35
701542,2025,full,0.0035971496,2801
701542,2025,A,0.003363312,1442
701542,2025,B,0.0038452682,1359
677960,2025,full,0.0037223967,642
677960,2025,A,0.0022768148,307
677960,2025,B,0.005047153,335
596133,2025,full,0.0054085287,1049
596133,2025,A,0.005698176,527
596133,2025,B,0.0051161083,522
657097,2025,full,0.0052233385,978
657097,2025,A,0.0044685747,490
657097,2025,B,0.0059811957,488
657277,2025,full,0.0055926656,3282
657277,2025,A,0.005660443,1618
657277,2025,B,0.005526763,1664
607179,2025,full,4.195555e-05,98
607179,2025,A,0.0012470039,28
607179,2025,B,-0.000440064,70
669711,2025,full,0.004081699,1069
669711,2025,A,0.0037052694,533
669711,2025,B,0.004456021,536
669330,2025,full,-0.005000646,342
669330,2025,A,-0.005119684,174
669330,2025,B,-0.0048773563,168
666214,2025,full,-0.00081269845,1815
666214,2025,A,-0.0012859497,877
666214,2025,B,-0.0003702232,938
669713,2025,full,0.0035370905,508
669713,2025,A,0.0035827653,261
669713,2025,B,0.0034888254,247
554430,2025,full,0.010093781,2394
554430,2025,A,0.009051441,1203
554430,2025,B,0.011146624,1191
687931,2025,full,-0.0018635818,408
687931,2025,A,-0.002495306,245
687931,2025,B,-0.0009140577,163
669391,2025,full,0.0007087437,119
669391,2025,A,0.0014056627,89
669391,2025,B,-0.0013587828,30
666215,2025,full,0.0047548795,256
666215,2025,A,0.004529723,125
666215,2025,B,0.004969722,131
676477,2025,full,0.0072612143,1169
676477,2025,A,0.007446407,588
676477,2025,B,0.007073791,581
696136,2025,full,0.0047686873,217
696136,2025,A,0.0034552386,67
696136,2025,B,0.005355361,150
677961,2025,full,-0.0016961801,39
677961,2025,A,-0.0016961801,39
686249,2025,full,0.0017371118,24
686249,2025,A,0.0017371118,24
642207,2025,full,0.015288235,1114
642207,2025,A,0.015161815,564
642207,2025,B,0.015417872,550
668909,2025,full,0.0038630627,2925
668909,2025,A,0.003851319,1565
668909,2025,B,0.0038765767,1360
592866,2025,full,-0.005301491,1448
592866,2025,A,-0.0049531455,759
592866,2025,B,-0.0056852265,689
669060,2025,full,0.002340132,848
669060,2025,A,0.0030484342,448
669060,2025,B,0.0015468333,400
458677,2025,full,0.0016904116,816
458677,2025,A,0.0025261433,376
458677,2025,B,0.0009762409,440
621051,2025,full,0.006024616,974
621051,2025,A,0.0059771123,536
621051,2025,B,0.006082748,438
642216,2025,full,-0.0012494229,171
642216,2025,A,-0.0028408025,121
642216,2025,B,0.0026017153,50
670174,2025,full,0.006060849,207
670174,2025,A,0.005388325,104
670174,2025,B,0.006739902,103
668390,2025,full,0.0016654998,619
668390,2025,A,0.0006328976,330
668390,2025,B,0.0028445951,289
676775,2025,full,0.0035782903,165
676775,2025,A,0.005134718,111
676775,2025,B,0.00037896752,54
664991,2025,full,0.00029213727,520
664991,2025,A,0.0008899632,229
664991,2025,B,-0.00017831683,291
693433,2025,full,0.00498454,2714
693433,2025,A,0.005183493,1349
693433,2025,B,0.0047879196,1365
663765,2025,full,0.000995732,625
663765,2025,A,0.00065081276,308
663765,2025,B,0.0013308583,317
605540,2025,full,-0.0012860505,964
605540,2025,A,0.0004795186,467
605540,2025,B,-0.0029450462,497
680573,2025,full,-0.003150991,1872
680573,2025,A,-0.0025019657,1009
680573,2025,B,-0.003909816,863
680736,2025,full,0.0012244094,1092
680736,2025,A,0.00030323555,617
680736,2025,B,0.002420966,475
691094,2025,full,-3.363065e-05,47
691094,2025,A,-3.363065e-05,47
808967,2025,full,0.0053791767,2787
808967,2025,A,0.0060661077,1431
808967,2025,B,0.0046542515,1356
642232,2025,full,0.0003339928,1017
642232,2025,A,-2.8310707e-05,517
642232,2025,B,0.0007086139,500
489446,2025,full,0.0008313367,762
489446,2025,A,0.0020150086,400
489446,2025,B,-0.0004765878,362
702056,2025,full,0.0015079085,239
702056,2025,A,0.00017989796,163
702056,2025,B,0.004356142,76
684974,2025,full,0.0075240214,176
684974,2025,A,0.008544529,102
684974,2025,B,0.006117377,74
687064,2025,full,0.0033204565,940
687064,2025,A,0.003954144,454
687064,2025,B,0.0027284927,486
664849,2025,full,-0.00058807386,132
664849,2025,A,-0.00084706576,73
664849,2025,B,-0.000267626,59
642239,2025,full,-0.00038695685,347
642239,2025,A,0.00015318312,184
642239,2025,B,-0.0009966857,163
666171,2025,full,0.008259738,1024
666171,2025,A,0.007332457,490
666171,2025,B,0.009110614,534
672582,2025,full,0.0013374913,1099
672582,2025,A,0.0025980433,550
672582,2025,B,7.464331e-05,549
669145,2025,full,-0.0017957446,91
669145,2025,A,-0.0017957446,91
676604,2025,full,0.010481332,245
676604,2025,A,0.008699672,154
676604,2025,B,0.013496445,91
691172,2025,full,0.00080845645,140
691172,2025,A,-0.003447329,81
691172,2025,B,0.0066511445,59
676969,2025,full,-0.005951613,47
676969,2025,A,-0.005951613,47
594798,2025,full,0.011012247,2614
594798,2025,A,0.010387505,1325
594798,2025,B,0.011654436,1289
