mlbam,season,age,warBat,warPit,salary,gPit,gsPit
110029,2014,40,-0.49,,,,
111072,2013,41,-1.11,,750000,,
112526,2013,40,-0.08,5.64,3000000,30.0,30.0
112526,2014,41,-0.57,0.43,9000000,31.0,31.0
112526,2015,42,-0.08,1.34,11000000,33.0,31.0
112526,2016,43,-0.28,2.97,7250000,34.0,33.0
112526,2017,44,-0.29000000000000004,-1.86,12500000,28.0,28.0
112526,2018,45,-0.05,0.82,1750000,28.0,24.0
114739,2013,42,-0.63,,750000,,
114739,2014,43,-0.56,,,,
115629,2013,40,0.0,0.63,1000000,72.0,0.0
115629,2014,41,-0.02,0.88,2250000,57.0,0.0
115629,2015,42,-0.02,0.5900000000000001,2250000,42.0,0.0
115732,2013,39,0.14,,5000000,,
116338,2013,37,2.6,,12000000,,
116338,2014,38,0.93,,14000000,,
116338,2015,39,-0.66,,10500000,,
116380,2013,41,0.72,,2750000,,
116380,2014,42,-0.91,,2750000,,
116539,2013,39,-0.78,,17000000,,
116539,2014,40,-0.74,,12000000,,
117244,2013,37,-1.32,,13500000,,
117244,2014,38,-0.68,,2500000,,
117276,2013,37,-1.72,,1300000,,
117955,2013,40,0.0,-0.54,1250000,9.0,0.0
119984,2013,42,0.0,0.23,3000000,50.0,0.0
120074,2013,37,4.42,,14000000,,
120074,2014,38,2.64,,15000000,,
120074,2015,39,2.99,,16000000,,
120074,2016,40,5.08,,16000000,,
120485,2013,41,-0.03,2.27,12000000,30.0,30.0
121250,2013,43,0.0,2.36,10000000,64.0,0.0
121347,2013,37,0.01,,28000000,,
121347,2015,39,2.84,,22000000,,
121347,2016,40,-1.2,,21000000,,
123173,2013,39,0.26,,1100000,,
124604,2013,38,0.0,0.91,900000,66.0,1.0
124604,2014,39,-0.07,-0.17,1800000,61.0,1.0
133225,2013,36,0.0,-0.21,13250000,32.0,29.0
133380,2013,35,0.8,,10000000,,
133380,2014,36,0.97,,16000000,,
133380,2015,37,-0.37,,14000000,,
134181,2013,34,5.65,,16000000,,
134181,2014,35,6.16,,17000000,,
134181,2015,36,4.62,,16000000,,
134181,2016,37,6.87,,18000000,,
134181,2017,38,3.64,,18000000,,
134181,2018,39,1.49,,18000000,,
135784,2013,37,0.32,,2750000,,
136263,2013,39,0.0,-0.12,366000,8.0,0.0
136460,2013,36,-0.96,,1500000,,
136460,2014,37,-0.53,,1100000,,
136600,2013,36,0.04,1.85,4500000,34.0,15.0
136600,2014,37,,-1.13,3000000,13.0,7.0
136600,2015,38,,-0.4,,2.0,2.0
136660,2013,38,0.73,,750000,,
136734,2013,39,,-0.6,3500000,6.0,0.0
136767,2013,35,0.96,,3000000,,
136767,2014,36,0.35,,3500000,,
136860,2013,36,2.33,,13000000,,
136860,2014,37,-0.23,,15000000,,
136860,2015,38,1.07,,15000000,,
136860,2016,39,2.17,,15000000,,
136860,2017,40,-0.83,,16000000,,
136880,2013,36,-0.27,-1.12,20000000,13.0,13.0
150009,2013,40,-0.02,-0.19,,7.0,4.0
150020,2013,37,-0.84,,3750000,,
150021,2013,34,0.08,,,,
150029,2013,34,4.64,,16000000,,
150029,2014,35,4.15,,20000000,,
150029,2015,36,-1.48,,21000000,,
150029,2016,37,0.27,,21000000,,
150029,2017,38,-0.71,,21000000,,
150035,2013,37,0.0,-0.07999999999999996,1250000,48.0,0.0
150035,2014,38,0.0,-0.03999999999999998,,35.0,0.0
150040,2013,38,0.03,,1500000,,
150040,2014,39,-2.01,,1750000,,
150093,2013,37,2.93,,18000000,,
150093,2014,38,-1.18,,18000000,,
150116,2014,37,-0.01,-0.25,,6.0,4.0
150116,2015,38,,-0.75,,8.0,7.0
150119,2013,36,-0.14,0.45,,17.0,13.0
150212,2013,34,2.09,,10500000,,
150212,2014,35,1.62,,10500000,,
150212,2015,36,0.63,,8500000,,
150229,2013,36,1.78,,7500000,,
150229,2014,37,-0.6699999999999999,,8250000,,
150229,2015,38,1.33,,2000000,,
150229,2016,39,-1.39,,3000000,,
150274,2013,38,0.0,3.18,7000000,67.0,0.0
150274,2014,39,0.0,-0.31,9000000,62.0,0.0
150274,2015,40,,0.01,10000000,1.0,0.0
150274,2016,41,0.0,0.43,,10.0,0.0
150275,2013,34,-0.47,,1000000,,
150289,2013,35,-0.36000000000000004,,2900000,,
150289,2014,36,-0.32,,,,
150302,2013,34,-0.13,-0.15,3000000,20.0,20.0
150302,2015,36,0.05,-0.97,1500000,9.0,9.0
150348,2013,38,-0.48000000000000004,0.01,,1.0,0.0
150348,2014,39,-0.07,,850000,,
150359,2013,36,-0.39,2.0,16500000,30.0,30.0
150359,2014,37,0.06,-0.07,15000000,34.0,34.0
150359,2015,38,-0.12,2.63,8500000,26.0,26.0
150404,2013,37,-0.07,-0.41,12000000,5.0,5.0
150414,2013,35,0.26,-0.53,8750000,21.0,19.0
150421,2013,37,0.19,,3200000,,
150449,2013,33,-0.3,,750000,,
150484,2013,34,-0.08,,21000000,,
204020,2013,37,-0.14,,10000000,,
207267,2014,36,0.16,-0.55,,8.0,4.0
217096,2013,35,0.0,-2.46,20000000,30.0,25.0
217096,2015,37,,-0.35,,3.0,2.0
217100,2013,35,0.43,,1900000,,
217100,2014,36,0.17,,2800000,,
217100,2015,37,-0.37,,3000000,,
218596,2013,37,0.39,0.82,9000000,21.0,21.0
218596,2014,38,-0.46,1.0,11000000,31.0,31.0
218596,2015,39,0.28,0.47,12000000,24.0,22.0
234194,2014,36,0.07,0.76,,27.0,0.0
234194,2015,37,0.0,-0.19,725000,11.0,0.0
239795,2013,35,0.0,-0.75,1100000,16.0,0.0
275933,2013,37,0.0,1.22,5000000,68.0,0.0
275933,2014,38,0.0,-0.49,3750000,55.0,0.0
276055,2013,33,0.24,,15000000,,
276055,2014,34,0.71,-0.02,15000000,1.0,0.0
276346,2013,36,-0.46,,1250000,,
276351,2013,36,0.0,0.88,2500000,54.0,0.0
276351,2014,37,0.0,-0.30000000000000004,4250000,62.0,0.0
276351,2015,38,0.0,0.61,4250000,36.0,0.0
276351,2016,39,0.0,0.36,3500000,67.0,0.0
276351,2017,40,0.0,-0.62,3000000,46.0,0.0
276514,2013,35,0.0,0.54,,62.0,0.0
276514,2014,36,0.0,-0.6,,12.0,0.0
276514,2015,37,0.0,-0.7,1500000,11.0,0.0
276519,2013,34,1.33,,11000000,,
276519,2014,35,4.14,,11000000,,
276519,2015,36,0.78,,11000000,,
276519,2016,37,-0.42,,2000000,,
276520,2013,36,-0.53,2.19,16445535,32.0,32.0
276520,2014,37,0.12,0.63,9500000,14.0,14.0
276520,2017,40,-0.08,-1.47,535000,14.0,14.0
276542,2013,35,0.0,2.76,5500000,66.0,0.0
276542,2014,36,0.0,1.82,6000000,53.0,0.0
276542,2015,37,0.0,1.87,8000000,67.0,0.0
276542,2016,38,0.0,1.0499999999999998,8000000,51.0,0.0
276542,2017,39,0.0,0.0,7500000,52.0,0.0
276545,2013,36,-1.1800000000000002,,16000000,,
276547,2013,35,-0.32,,700000,,
277417,2013,33,0.0,-0.75,15750000,8.0,8.0
277417,2014,34,0.28,2.05,15750000,20.0,20.0
279571,2013,33,-0.01,0.61,4100000,72.0,0.0
279571,2014,34,-0.01,0.16,4250000,66.0,1.0
279571,2015,35,0.0,0.76,3500000,34.0,0.0
279571,2016,36,-0.06,1.16,1250000,40.0,0.0
279571,2017,37,0.0,0.13,2050000,62.0,0.0
279571,2018,38,0.0,-0.92,1500000,33.0,0.0
279577,2014,36,-0.14,,3500000,,
279782,2013,33,0.02,0.06,500000,12.0,12.0
279824,2013,34,-0.06,2.25,11000000,33.0,33.0
279824,2014,35,,3.38,18000000,32.0,32.0
279824,2015,36,0.03,1.19,20000000,32.0,32.0
279827,2013,33,0.52,,900000,,
279827,2014,34,-0.04,,,,
280061,2013,37,0.39,,,,
282332,2013,32,-0.04,0.03,23000000,32.0,32.0
282332,2014,33,-0.05,-0.6,23000000,8.0,8.0
282332,2015,34,-0.04,1.05,23000000,29.0,29.0
282332,2016,35,-0.05,3.1,25000000,30.0,30.0
282332,2017,36,0.01,2.81,25000000,27.0,27.0
282332,2018,37,,1.78,10000000,29.0,29.0
282332,2019,38,-0.04,0.44,8000000,23.0,22.0
283166,2013,35,0.0,-0.47,2250000,75.0,0.0
285064,2013,35,0.01,-1.96,5000000,19.0,19.0
285064,2014,36,-0.05,0.77,5000000,32.0,32.0
285064,2015,37,0.03,-0.42,4000000,33.0,22.0
285064,2016,38,-0.1,-0.12,2000000,24.0,14.0
285068,2013,37,0.8200000000000001,,550000,,
285078,2013,32,1.25,,17000000,,
285078,2014,33,1.41,,17000000,,
285078,2015,34,0.42,,22708749,,
285079,2013,38,0.1,1.91,5000000,34.0,34.0
285079,2014,39,-0.04,2.22,12000000,34.0,34.0
285079,2015,40,-0.06,2.58,12000000,33.0,33.0
285079,2016,41,-0.01,0.4,12000000,30.0,29.0
285079,2017,42,0.02,2.15,7500000,31.0,31.0
285131,2013,33,0.19,,800000,,
294558,2014,35,-0.17,,775000,,
329092,2013,37,0.0,1.21,1500000,64.0,0.0
329092,2014,38,0.0,-0.14,3000000,61.0,0.0
329092,2015,39,0.05,0.22,3000000,71.0,0.0
334393,2013,35,-0.12,,1600000,,
340192,2013,37,2.18,,6666667,,
340192,2014,38,-0.29,,6666667,,
346793,2013,34,0.0,0.1,6000000,39.0,0.0
346793,2014,35,0.0,1.26,6000000,62.0,0.0
346793,2015,36,-0.03,-0.8,6000000,52.0,0.0
346795,2013,35,-0.45,,,,
346795,2014,36,0.42,,,,
346797,2013,35,0.0,1.55,4500000,65.0,0.0
346797,2014,36,0.0,-0.58,4000000,65.0,0.0
346797,2015,37,0.0,-0.05,,6.0,0.0
346798,2013,34,-0.14,2.99,11000000,32.0,32.0
346798,2014,35,-0.07,2.26,11000000,31.0,31.0
346798,2015,36,0.24,-1.06,11000000,37.0,22.0
346798,2016,37,,-0.49,,2.0,2.0
346847,2014,37,0.0,0.99,850000,56.0,0.0
346847,2015,38,0.0,0.13,,53.0,0.0
346857,2013,35,1.96,,1500000,,
346857,2014,36,0.69,,2750000,,
346874,2013,34,3.62,,8000000,,
346874,2014,35,3.96,,6500000,,
346874,2015,36,0.95,,6500000,,
346874,2016,37,-0.47,,4000000,,
400010,2013,34,0.02,-0.62,1000000,15.0,0.0
400018,2013,34,-0.05,,800000,,
400018,2014,35,-0.07,,,,
400061,2013,35,0.07,-0.92,,9.0,6.0
400083,2013,35,-0.25,,2000000,,
400085,2013,39,2.14,,6500000,,
400085,2014,40,0.93,,6500000,,
400085,2015,41,-1.13,-0.03,3200000,1.0,0.0
400085,2016,42,1.64,,2000000,,
400085,2017,43,-0.22,,2000000,,
400085,2018,44,-0.54,,750000,,
400085,2019,45,0.01,,100000,,
400089,2013,33,0.0,0.84,11000000,68.0,0.0
400089,2014,34,0.0,0.74,11000000,64.0,0.0
400089,2015,35,0.0,-0.21,,6.0,0.0
400098,2013,36,-0.05,,2000000,,
400121,2013,34,1.19,,13000000,,
400121,2014,35,5.51,,12000000,,
400121,2015,36,-1.87,,14000000,,
400121,2016,37,1.44,,18000000,,
400121,2017,38,-0.52,,18000000,,
400121,2018,39,-1.3,,18000000,,
400134,2013,35,-0.17,,1350000,,
400140,2013,31,-0.34,,1750000,,
400268,2013,33,0.03,,,,
400284,2013,34,3.59,,15000000,,
400284,2014,35,3.68,,15000000,,
400284,2015,36,0.49,,15000000,,
400284,2016,37,1.31,,7000000,,
400284,2017,38,0.81,,2000000,,
400284,2018,39,-0.23,,1000000,,
400290,2013,33,-0.22,,700000,,
405395,2013,33,1.61,,16000000,,
405395,2014,34,3.87,,23000000,,
405395,2015,35,3.07,,24000000,,
405395,2016,36,1.45,,25000000,,
405395,2017,37,-1.97,,26000000,,
405395,2018,38,0.23,,27000000,,
405395,2019,39,0.2,,28000000,,
405395,2020,40,-0.1,,29000000,,
405395,2021,41,-0.6,,30000000,,
405395,2022,42,2.09,-0.13,2500000,1.0,0.0
406878,2013,35,0.61,,10000000,,
406878,2014,36,0.7,,2000000,,
407193,2013,33,0.0,-0.51,750000,37.0,0.0
407489,2013,36,-0.03,,1250000,,
407489,2014,37,-0.6,0.01,1500000,1.0,0.0
407781,2013,35,4.76,,700000,,
407781,2014,36,3.32,,8000000,,
407781,2015,37,1.62,,8000000,,
407781,2016,38,0.21,,1000000,,
407793,2013,34,-0.09,2.72,15250000,29.0,29.0
407793,2014,35,-0.06,0.9800000000000001,15250000,31.0,31.0
407793,2015,36,-0.09,5.77,507500,33.0,33.0
407793,2016,37,-0.31,2.78,16000000,29.0,29.0
407793,2017,38,-0.09,1.07,16000000,31.0,30.0
407797,2013,34,-0.14,,,,
407798,2013,33,0.04,,,,
407812,2013,33,2.56,,17000000,,
407812,2014,34,3.25,,17000000,,
407812,2015,35,0.68,,17000000,,
407812,2016,36,0.4,,17000000,,
407812,2017,37,-0.14,,13000000,,
407812,2018,38,0.13,,,,
407816,2013,36,0.0,0.92,6500000,40.0,0.0
407816,2014,37,0.0,-0.25,7000000,18.0,0.0
407819,2013,36,0.0,0.4,5500000,60.0,0.0
407819,2014,37,0.0,1.13,3500000,64.0,0.0
407819,2015,38,0.0,1.15,3500000,60.0,0.0
407819,2016,39,0.0,-0.18,1600000,18.0,0.0
407822,2013,32,-0.58,4.43,11000000,30.0,30.0
407822,2014,33,-0.05,2.59,11000000,32.0,32.0
407822,2015,34,-0.36,2.7,12500000,26.0,26.0
407822,2016,35,0.05,-0.06,12500000,27.0,24.0
407822,2017,36,0.02,0.63,2250000,65.0,0.0
407822,2018,37,0.03,0.16999999999999998,2250000,59.0,0.0
407825,2013,34,-0.01,-0.08999999999999997,4750000,49.0,0.0
407825,2014,35,0.0,0.42,,27.0,0.0
407833,2013,32,0.67,,6000000,,
407833,2014,33,0.07,,1000000,,
407835,2014,37,0.04,0.37,,3.0,1.0
407842,2013,32,0.0,1.4000000000000001,1850000,67.0,0.0
407842,2014,33,0.0,-0.15999999999999998,3850000,46.0,0.0
407845,2013,36,0.0,0.49,2500000,68.0,0.0
407845,2014,37,0.0,0.76,7000000,69.0,0.0
407845,2015,38,0.0,-0.48,7000000,68.0,0.0
407845,2016,39,0.0,0.96,1600000,67.0,0.0
407845,2017,40,0.0,0.27,2750000,61.0,0.0
407845,2018,41,0.0,0.8699999999999999,4250000,68.0,0.0
407845,2019,42,0.0,-0.24,5250000,55.0,0.0
407853,2013,34,-0.06,1.0,1150000,32.0,26.0
407853,2014,35,0.0,-0.39,,17.0,15.0
407862,2013,36,-0.04,,1600000,,
407862,2014,37,-0.4,,1000000,,
407862,2015,38,-0.17,,1000000,,
407878,2013,35,0.0,-0.19,2000000,20.0,0.0
407878,2014,36,0.0,-0.78,1000000,21.0,0.0
407885,2013,36,3.09,,5250000,,
407885,2014,37,-0.49,,5250000,,
407886,2013,34,-0.89,,2000000,,
407886,2014,35,-0.57,,8500000,,
407890,2014,34,0.09,-0.37,,29.0,29.0
407890,2015,35,-0.03,1.03,4000000,33.0,33.0
407890,2016,36,,2.41,6000000,19.0,19.0
407893,2013,33,-0.22,,22500000,,
407893,2014,34,0.76,,22500000,,
407893,2015,35,3.23,,23125000,,
407893,2016,36,-1.14,,23125000,,
407908,2013,37,0.0,0.31,3000000,80.0,0.0
407908,2014,38,0.0,-0.08,3000000,69.0,0.0
407908,2015,39,-0.01,-0.02,2500000,33.0,0.0
407908,2016,40,-0.02,-0.61,1250000,31.0,0.0
407911,2013,33,0.0,-0.03,6500000,8.0,0.0
407911,2014,34,,-0.26,,4.0,0.0
408042,2013,33,0.59,,1500000,,
408042,2014,34,-0.45,,1500000,,
408042,2015,35,-0.05,,1000000,,
408045,2013,30,5.53,,23000000,,
408045,2014,31,1.69,,23000000,,
408045,2015,32,1.54,,23000000,,
408045,2016,33,2.3,,23000000,,
408045,2017,34,4.1,,23000000,,
408045,2018,35,1.36,,23000000,,
408047,2013,32,1.28,,14000000,,
408047,2014,33,3.44,,5000000,,
408047,2015,34,0.48,,6750000,,
408047,2016,35,0.22,,1000000,,
408052,2013,34,,-0.03,,1.0,0.0
408061,2013,31,0.0,1.07,,48.0,0.0
408061,2014,32,0.0,1.41,3250000,69.0,0.0
408061,2015,33,0.0,1.78,3500000,60.0,0.0
408061,2016,34,0.0,1.25,7500000,61.0,0.0
408061,2017,35,,-0.85,6000000,28.0,0.0
408206,2013,32,,-0.56,7000000,4.0,3.0
408210,2014,36,0.56,,,,
408230,2013,36,0.0,0.02,,25.0,0.0
408234,2013,30,7.49,,21000000,,
408234,2014,31,5.09,,22000000,,
408234,2015,32,4.93,,22000000,,
408234,2016,33,4.9,,28000000,,
408234,2017,34,-0.87,,28000000,,
408234,2018,35,0.33,,30000000,,
408234,2019,36,-0.03,,30000000,,
408234,2020,37,0.08,,30000000,,
408234,2021,38,-0.54,,30000000,,
408234,2022,39,-1.13,,32000000,,
408234,2023,40,-0.3,,32000000,,
408236,2013,31,3.79,,21000000,,
408236,2014,32,4.35,,21000000,,
408236,2015,33,4.68,,21857000,,
408236,2016,34,1.82,,21857000,,
408236,2017,35,-1.02,,22357000,,
408236,2018,36,-0.23,,545000,,
408241,2013,32,-0.11,1.31,14500000,23.0,23.0
408241,2014,33,-0.31,1.75,14500000,32.0,32.0
408241,2015,34,0.36,1.56,9000000,19.0,19.0
408241,2016,35,0.14,-1.09,15000000,31.0,21.0
408242,2013,35,-0.1,,800000,,
408242,2014,36,0.56,,1125000,,
408242,2015,37,-0.25,,850000,,
408252,2013,32,1.74,,10000000,,
408252,2014,33,0.98,,11000000,,
408252,2015,34,2.57,,12000000,,
408252,2016,35,0.25,,13000000,,
408252,2017,36,0.8700000000000001,,14500000,,
408252,2018,37,-0.07,,,,
408299,2013,31,2.64,,4000000,,
408299,2014,32,0.45,,5000000,,
408299,2015,33,-0.54,,7500000,,
408299,2016,34,-0.38,,,,
408307,2013,31,1.51,,20000000,,
408307,2014,32,2.41,,20250000,,
408307,2015,33,-0.14,,21357000,,
408307,2016,34,-1.05,,,,
408314,2013,30,2.59,,10000000,,
408314,2014,31,3.38,,16000000,,
408314,2015,32,0.37,,22000000,,
408314,2016,33,0.55,,,,
408314,2017,34,-0.07,,22000000,,
408314,2018,35,-0.57,-0.17,2000000,1.0,0.0
421064,2013,35,-0.69,,2500000,,
421124,2013,33,0.63,,2100000,,
421124,2014,34,0.6,,1100000,,
421685,2013,35,0.08,-0.66,7000000,26.0,26.0
421685,2014,36,-0.45,2.23,1000000,33.0,33.0
421685,2015,37,0.15,0.42,5000000,29.0,29.0
424144,2013,31,0.0,0.55,1500000,61.0,0.0
424144,2014,32,0.0,0.36,1750000,68.0,0.0
424144,2015,33,0.0,-0.37,2500000,70.0,0.0
424144,2016,34,0.24,0.05,3000000,64.0,0.0
424144,2017,35,0.0,0.3,4000000,50.0,0.0
424144,2018,36,0.0,1.29,1750000,51.0,0.0
424144,2019,37,0.0,0.4,2500000,67.0,0.0
424144,2020,38,,0.52,,21.0,0.0
424144,2021,39,0.0,0.15,100000,5.0,0.0
424144,2022,40,,-0.69,,7.0,0.0
424324,2013,34,0.23,6.58,25000000,31.0,31.0
424324,2014,35,0.16,0.8,25000000,13.0,13.0
424325,2013,36,0.66,,3100000,,
424325,2014,37,-0.32,,3100000,,
424325,2015,38,-0.08,0.06,2500000,2.0,0.0
424325,2016,39,1.68,,2500000,,
424726,2013,34,0.5,,1000000,,
424825,2013,33,3.82,,7000000,,
424825,2014,34,1.22,,7500000,,
424825,2015,35,-0.54,,11000000,,
424825,2016,36,0.32999999999999996,,11000000,,
425206,2013,39,-0.56,0.03,3750000,1.0,0.0
425386,2013,34,0.01,1.55,5000000,33.0,33.0
425386,2014,35,-0.03,1.32,8000000,32.0,32.0
425386,2015,36,0.03,-1.53,9000000,30.0,24.0
425386,2017,38,0.0,-0.42,,1.0,1.0
425426,2013,33,,-0.72,500000,6.0,6.0
425426,2016,36,0.0,0.27,,38.0,0.0
425491,2013,32,0.44,,3500000,,
425491,2014,33,-0.66,,3500000,,
425492,2015,34,0.0,1.79,850000,68.0,0.0
425492,2016,35,-0.01,1.31,6666667,63.0,0.0
425492,2017,36,0.0,2.5,7666667,60.0,0.0
425492,2018,37,0.0,-0.8300000000000001,7666666,58.0,0.0
425496,2013,32,2.34,,6000000,,
425496,2014,33,-0.97,,9500000,,
425496,2015,34,-0.45,,,,
425509,2013,31,3.02,,6000000,,
425509,2014,32,5.76,,15500000,,
425509,2015,33,1.16,,15000000,,
425509,2016,34,-0.31,,12500000,,
425509,2017,35,-0.47,,10000000,,
425514,2013,35,0.0,-0.16,9000000,69.0,0.0
425514,2014,36,0.0,-0.62,9000000,13.0,0.0
425532,2013,31,-0.03,0.61,2000000,37.0,25.0
425532,2014,32,0.01,0.21999999999999975,2100000,37.0,11.0
425532,2015,33,-0.03,-0.99,2500000,33.0,21.0
425532,2016,34,-0.03,-0.23,,11.0,0.0
425542,2013,34,-0.56,,,,
425542,2014,35,-0.07,,,,
425543,2013,32,0.4,,650000,,
425543,2014,33,0.18,,,,
425543,2015,34,0.26,-0.02,,1.0,0.0
425545,2013,34,0.55,,7000000,,
425545,2014,35,1.09,,7000000,,
425547,2013,34,-0.18,,,,
425549,2013,34,0.22,,5500000,,
425549,2014,35,0.7,,2000000,,
425549,2015,36,0.16,,1300000,,
425556,2013,32,-0.33,,1350000,,
425557,2013,32,0.83,,1750000,,
425557,2014,33,0.04,,1600000,,
425557,2015,34,-0.07,,2100000,,
425560,2013,33,0.6,,10000000,,
425560,2014,34,2.44,,12000000,,
425560,2015,35,-0.53,0.03,12000000,1.0,0.0
425565,2013,31,-0.38,,575000,,
425565,2014,32,-0.07,,,,
425567,2013,32,2.3499999999999996,,12500000,,
425567,2014,33,0.3,,12500000,,
425567,2015,34,-1.27,,11000000,,
425626,2013,34,-0.1,-0.37,6000000,24.0,20.0
425626,2014,35,0.0,0.010000000000000009,2250000,40.0,12.0
425626,2015,36,0.03,-1.14,5000000,22.0,4.0
425626,2016,37,0.05,0.16,1500000,16.0,0.0
425646,2013,35,0.0,0.32999999999999996,1000000,39.0,0.0
425657,2013,35,0.0,1.01,4250000,69.0,0.0
425657,2014,36,0.0,0.37,4000000,65.0,0.0
425657,2015,37,0.01,1.43,4000000,77.0,0.0
425657,2016,38,-0.01,0.2,5000000,68.0,0.0
425664,2013,32,6.02,,13000000,,
425664,2014,33,0.5,,13000000,,
425664,2015,34,0.06,,13000000,,
425747,2013,41,0.0,-0.25,,7.0,0.0
425766,2013,29,2.53,,2000000,,
425766,2014,30,1.19,,1000000,,
425766,2015,31,-0.75,,8666666,,
425766,2016,32,0.0,,,,
425772,2013,30,-0.32,,1500000,,
425772,2014,31,0.04,,1500000,,
425772,2015,32,-0.52,,1500000,,
425772,2016,33,0.41,,1500000,,
425772,2017,34,-0.43,,2000000,,
425772,2018,35,0.68,-0.1,2000000,1.0,0.0
425772,2019,36,-1.52,-0.03,3250000,2.0,0.0
425772,2020,37,0.47,,3000000,,
425772,2021,38,-0.22,,100000,,
425773,2013,30,-0.68,,700000,,
425783,2013,30,4.63,,7375000,,
425783,2014,31,-0.01,,14000000,,
425783,2015,32,3.33,,14000000,,
425783,2016,33,0.18,,20000000,,
425783,2017,34,0.83,,20000000,,
425783,2018,35,2.78,,20000000,,
425783,2019,36,1.48,,21000000,,
425783,2020,37,0.05,,21000000,,
425784,2013,29,0.43,,,,
425784,2014,30,2.68,,506400,,
425784,2015,31,-1.98,,1200000,,
425784,2016,32,0.74,,,,
425784,2017,33,0.22999999999999998,,1750000,,
425784,2018,34,0.26,,2800000,,
425784,2019,35,-0.09,,100000,,
425784,2020,36,0.09,,,,
425784,2021,37,-0.1,,,,
425785,2013,34,-0.36,,1500000,,
425785,2014,35,-0.48,,1700000,,
425786,2013,37,0.0,-0.68,700000,50.0,0.0
425786,2014,38,0.0,1.88,800000,70.0,0.0
425786,2015,39,,-0.34,900000,23.0,0.0
425794,2013,31,0.24,6.3,12000000,34.0,34.0
425794,2014,32,0.3,6.06,19500000,32.0,32.0
425794,2015,33,-0.12,0.86,19500000,7.0,4.0
425794,2016,34,0.84,1.28,19500000,33.0,33.0
425794,2017,35,0.56,0.25,19500000,24.0,23.0
425794,2018,36,-0.07,0.25,19500000,8.0,8.0
425794,2019,37,0.27,1.67,2000000,31.0,31.0
425794,2020,38,,0.53,5000000,10.0,10.0
425794,2021,39,0.17,3.74,8000000,32.0,32.0
425794,2022,40,,2.11,17500000,32.0,32.0
425794,2023,41,-0.01,-1.9,17500000,21.0,21.0
425796,2013,29,-1.3399999999999999,,7500000,,
425796,2014,30,-0.34,,,,
425796,2015,31,-0.78,-0.03,950000,1.0,0.0
425796,2016,32,0.29000000000000004,,1000000,,
425827,2013,30,-0.03,-0.36,,18.0,7.0
425834,2013,28,-1.66,,12450000,,
425834,2014,29,-0.06,,13450000,,
425834,2015,30,1.39,,14450000,,
425834,2016,31,1.24,,15450000,,
425835,2015,34,0.1,-0.5,,5.0,0.0
425835,2016,35,0.0,-0.02,,2.0,0.0
425840,2013,33,0.0,2.56,,58.0,0.0
425840,2014,34,0.0,0.3,2200000,73.0,0.0
425840,2015,35,0.0,0.63,3000000,68.0,0.0
425844,2013,29,1.28,4.31,19000000,28.0,28.0
425844,2014,30,0.81,4.51,26000000,32.0,32.0
425844,2015,31,0.61,8.85,25000000,32.0,32.0
425844,2016,32,0.24,2.49,34000000,26.0,26.0
425844,2017,33,0.31,5.76,34000000,32.0,32.0
425844,2018,34,0.66,3.97,34000000,33.0,33.0
425844,2019,35,0.82,5.3999999999999995,34500000,33.0,33.0
425844,2020,36,,1.11,35000000,12.0,12.0
425844,2021,37,-0.02,1.14,35000000,30.0,29.0
425844,2022,38,,2.51,13000000,26.0,26.0
425844,2023,39,0.0,1.08,8500000,30.0,27.0
425856,2013,30,-0.03,-0.02,9500000,5.0,5.0
425856,2014,31,-0.09,0.9,4000000,9.0,9.0
425856,2015,32,,0.24,4000000,7.0,0.0
425856,2016,33,-0.01,0.22,1000000,28.0,0.0
425861,2013,37,0.0,-0.91,1350000,26.0,0.0
425861,2014,38,0.0,-0.01,,3.0,0.0
425877,2013,30,6.17,,14000000,,
425877,2014,31,3.23,,15000000,,
425877,2015,32,1.44,,15000000,,
425877,2016,33,2.92,,14000000,,
425877,2017,34,1.61,,14000000,,
425877,2018,35,1.38,,20000000,,
425877,2019,36,1.38,,20000000,,
425877,2020,37,0.35,,20000000,,
425877,2021,38,1.69,,9000000,,
425877,2022,39,0.1,-0.14,10000000,2.0,0.0
425900,2013,29,1.88,,1750000,,
425900,2014,30,2.45,,3000000,,
425900,2015,31,0.73,,5000000,,
425900,2016,32,-1.0,,4000000,,
425902,2013,29,2.22,,23000000,,
425902,2014,30,-0.34,,24000000,,
425902,2015,31,1.79,,24000000,,
425902,2016,32,-1.6,,24000000,,
425903,2013,34,-0.35,,12000000,,
429400,2015,31,0.02,-0.31,,20.0,0.0
429400,2016,32,0.0,-0.49,,8.0,0.0
429440,2013,30,0.0,-0.51,,8.0,0.0
429664,2013,30,6.64,,15000000,,
429664,2014,31,6.34,,24000000,,
429664,2015,32,3.82,,24000000,,
429664,2016,33,7.29,,24000000,,
429664,2017,34,3.08,,24000000,,
429664,2018,35,3.34,,12258065,,
429664,2019,36,0.65,,24000000,,
429664,2020,37,1.27,,24000000,,
429664,2022,39,-1.49,,561538,,
429665,2013,30,4.08,,8000000,,
429665,2014,31,3.84,,9000000,,
429665,2015,32,4.76,,10000000,,
429665,2016,33,3.84,,10000000,,
429665,2017,34,2.76,,14666000,,
429665,2018,35,1.93,,18667000,,
429665,2019,36,2.88,,,,
429665,2020,37,-0.35,,12000000,,
429666,2013,30,3.58,,7000000,,
429666,2014,31,3.05,,7000000,,
429666,2015,32,-0.15,,11500000,,
429666,2016,33,2.14,,12500000,,
429666,2017,34,-0.17,,14000000,,
429667,2013,33,0.46,,20000000,,
429667,2014,34,-1.32,,25000000,,
429667,2015,35,-1.68,,25000000,,
429667,2016,36,-1.31,,25000000,,
429708,2014,30,-0.05,,,,
429710,2013,33,-0.59,,1000000,,
429711,2013,30,0.38,,7000000,,
429711,2015,32,2.69,,,,
429711,2016,33,0.42,,1500000,,
429711,2017,34,-0.03,,2600000,,
429712,2013,28,-0.37,,,,
429713,2014,31,0.22999999999999998,,750000,,
429713,2015,32,-0.24,,2000000,,
429715,2013,30,0.0,0.09,550000,46.0,3.0
429717,2013,32,0.18,-0.08,13000000,31.0,30.0
429717,2014,33,0.24,-0.46,10000000,32.0,32.0
429717,2015,34,0.06,2.16,10000000,32.0,32.0
429719,2013,29,-0.07,-1.3,13000000,31.0,31.0
429719,2014,30,0.17,-2.3,11000000,28.0,27.0
429719,2015,31,-0.01,0.32999999999999996,13000000,47.0,0.0
429719,2016,32,0.31,-0.64,507500,21.0,13.0
429719,2017,33,-0.25,-0.29,,16.0,13.0
429719,2018,34,-0.02,1.69,1500000,17.0,17.0
429719,2019,35,-0.04,-2.37,,18.0,13.0
429720,2013,32,0.01,-0.32,625000,4.0,0.0
429722,2013,30,0.01,3.21,13000000,32.0,32.0
429722,2014,31,-0.12,1.4,14100000,31.0,31.0
429722,2015,32,,1.61,13500000,17.0,17.0
429722,2016,33,-0.08,3.99,13500000,30.0,30.0
429722,2017,34,0.2,4.85,13500000,33.0,33.0
429722,2018,35,,-0.62,13500000,5.0,5.0
429722,2019,36,,-0.42,100000,3.0,3.0
429722,2021,38,0.0,0.45,,38.0,2.0
429780,2013,31,0.0,0.07,840000,2.0,0.0
429780,2015,33,-0.09,-0.05,,15.0,2.0
429780,2016,34,-0.04,-0.54,1200000,6.0,0.0
429781,2013,32,-0.15,2.31,4500000,31.0,31.0
429781,2014,33,0.16999999999999998,-1.13,5500000,32.0,26.0
429781,2015,34,0.0,-0.74,,5.0,5.0
429783,2013,38,0.0,0.15,4250000,32.0,0.0
429783,2015,40,0.0,-0.6,1000000,45.0,0.0
429841,2013,35,-0.07,,,,
429985,2013,30,-0.13,1.47,750000,30.0,12.0
430001,2013,30,-1.06,,10000000,,
430001,2014,31,0.2,,11000000,,
430001,2015,32,-0.81,,2000000,,
430001,2016,33,-0.2,,,,
430001,2017,34,0.13,,1500000,,
430203,2013,33,1.9,,4250000,,
430203,2014,34,0.79,,4250000,,
430203,2015,35,0.09999999999999998,,5000000,,
430321,2013,27,-0.49,,750000,,
430321,2014,28,1.04,,,,
430321,2015,29,0.35,,2250000,,
430404,2013,32,1.58,,5000000,,
430404,2014,33,-0.56,,5000000,,
430404,2015,34,-0.88,-0.07,4000000,1.0,0.0
430580,2013,32,-0.02,1.1,890000,63.0,0.0
430580,2014,33,-0.1,2.05,1500000,32.0,32.0
430580,2015,34,-0.07,-0.38,5550000,31.0,31.0
430580,2016,35,0.11,-2.18,2000000,15.0,11.0
430583,2014,34,-0.14,,1000000,,
430585,2013,31,-0.8300000000000001,,7500000,,
430585,2014,32,-1.31,,2000000,,
430589,2013,34,0.0,1.72,1150000,66.0,0.0
430589,2014,35,0.0,0.36,2700000,58.0,0.0
430589,2015,36,0.0,-0.02,3000000,60.0,0.0
430589,2016,37,0.0,-0.13,2250000,44.0,0.0
430589,2017,38,0.0,-0.02,3750000,19.0,0.0
430591,2013,30,0.26,,493000,,
430592,2013,30,-0.7,,1150000,,
430592,2014,31,-0.2,,,,
430593,2013,32,-0.41,,,,
430599,2013,32,0.0,-1.88,6500000,28.0,20.0
430599,2015,34,-0.05,1.26,,36.0,4.0
430599,2016,35,0.0,1.89,4000000,75.0,0.0
430599,2017,36,0.05,-0.23,4000000,51.0,0.0
430603,2013,33,-0.75,,900000,,
430603,2014,34,-0.51,,1000000,,
430603,2015,35,-0.03,,1250000,,
430603,2016,36,-0.32,,,,
430605,2013,32,2.36,0.03,1000000,1.0,0.0
430605,2014,33,-1.39,,2250000,,
430605,2015,34,1.08,-0.07,2500000,1.0,0.0
430605,2016,35,-0.59,,1500000,,
430605,2017,36,0.03,,,,
430606,2013,34,0.0,0.28,5000000,28.0,0.0
430606,2014,35,0.0,0.22,7000000,22.0,0.0
430611,2014,32,-0.48,,6000000,,
430611,2015,33,-0.53,,2500000,,
430613,2013,30,-0.01,-0.5,1450000,77.0,0.0
430613,2014,31,0.0,-1.55,3000000,62.0,0.0
430613,2015,32,-0.01,-0.21,,6.0,0.0
430629,2013,31,,-0.54,7040000,9.0,0.0
430630,2013,35,0.0,1.13,1500000,61.0,0.0
430630,2014,36,0.0,0.84,1750000,61.0,0.0
430630,2015,37,0.0,1.01,1250000,32.0,0.0
430634,2013,30,0.0,0.6,3500000,13.0,0.0
430634,2014,31,,-0.07,3750000,3.0,0.0
430634,2016,33,0.0,0.1,,10.0,0.0
430637,2013,31,0.92,,2450000,,
430637,2014,32,0.020000000000000018,,3000000,,
430637,2015,33,0.17,,1500000,,
430637,2016,34,-0.06999999999999995,,2000000,,
430641,2014,32,0.0,0.16,,32.0,0.0
430641,2015,33,0.0,1.29,750000,68.0,0.0
430641,2016,34,-0.02,0.53,950000,61.0,0.0
430641,2017,35,,0.17,,32.0,0.0
430641,2018,36,0.0,-1.72,1000000,21.0,0.0
430652,2013,31,-0.08,,,,
430652,2014,32,0.28,,,,
430652,2015,33,-0.43,,522500,,
430661,2013,31,0.0,0.29,1500000,25.0,0.0
430661,2014,32,-0.05,0.44,1500000,53.0,8.0
430661,2015,33,-0.04,-0.65,650000,14.0,1.0
430661,2016,34,-0.05,0.78,1000000,55.0,0.0
430661,2017,35,-0.08,-0.28,1750000,63.0,0.0
430668,2013,33,-0.72,,2500000,,
430668,2014,34,-0.72,,2500000,,
430673,2013,31,0.0,-0.34,,6.0,0.0
430673,2014,32,,0.03,,1.0,0.0
430675,2013,32,0.0,0.05,,4.0,0.0
430681,2013,33,-0.16,,,,
430681,2014,34,-0.12,,,,
430681,2015,35,-0.41,,,,
430683,2013,30,,-0.03,,1.0,0.0
430683,2014,31,,-0.33,,2.0,0.0
430686,2013,32,0.0,,,,
430832,2013,32,4.49,,14000000,,
430832,2014,33,6.9,,14000000,,
430832,2015,34,4.79,,14000000,,
430832,2016,35,1.27,,14000000,,
430832,2017,36,-0.95,,18000000,,
430832,2018,37,1.23,,545000,,
430884,2013,31,0.0,2.23,,38.0,0.0
430895,2013,32,-0.83,,3000000,,
430895,2014,33,0.11,,3000000,,
430897,2013,32,3.66,,11000000,,
430897,2014,33,-1.79,,15000000,,
430897,2015,34,-1.32,,15000000,,
430904,2013,31,-0.02,-0.34,6500000,26.0,26.0
430904,2014,32,-0.03,-0.76,1500000,30.0,8.0
430906,2013,30,0.87,,,,
430906,2014,31,-0.23,,825000,,
430910,2013,31,0.38,,875000,,
430910,2014,32,-0.22,,875000,,
430910,2015,33,0.49,,1400000,,
430910,2016,34,-0.24,,2500000,,
430911,2013,31,0.0,-0.13,,43.0,0.0
430911,2015,33,-0.01,-0.13,,33.0,0.0
430912,2013,28,-0.25,0.77,20000000,30.0,30.0
430912,2014,29,0.11,-0.11,20000000,15.0,15.0
430912,2015,30,-0.28,-0.7,21000000,13.0,11.0
430912,2016,31,-0.07,-0.76,21000000,21.0,17.0
430912,2017,32,0.03,-0.46,21000000,27.0,23.0
430935,2013,29,0.13,4.0,19500000,33.0,33.0
430935,2014,30,0.24,6.36,22500000,30.0,30.0
430935,2015,31,-0.07,4.27,23500000,32.0,32.0
430935,2016,32,-0.04,5.17,23500000,32.0,32.0
430935,2017,33,-0.04,2.97,23500000,24.0,24.0
430935,2018,34,0.060000000000000005,3.5999999999999996,23500000,32.0,32.0
430935,2019,35,-0.04,2.68,20000000,27.0,27.0
430935,2020,36,,-0.08,18000000,1.0,1.0
430945,2013,27,4.75,,8500000,,
430945,2014,28,4.8,,13000000,,
430945,2015,29,3.42,,13333333,,
430945,2016,30,1.61,,16333333,,
430945,2017,31,2.4,,16333333,,
430945,2018,32,0.7,,17333333,,
430945,2019,33,-0.7,,3000000,,
430947,2013,29,0.99,,8500000,,
430947,2014,30,3.9,,8500000,,
430947,2015,31,2.17,,8500000,,
430947,2016,32,0.02999999999999997,,8500000,,
430947,2017,33,-0.22,0.05,1750000,2.0,0.0
430948,2013,30,0.69,,4100000,,
430948,2014,31,-1.0,,4875000,,
430948,2015,32,-0.84,,3000000,,
430957,2014,32,0.04,,,,
430965,2013,32,0.02,,,,
431094,2013,31,1.07,,5500000,,
431094,2014,32,-0.92,,11000000,,
431094,2015,33,-0.03,,12000000,,
431094,2016,34,1.46,,12000000,,
431094,2017,35,-0.93,,2000000,,
431145,2013,30,4.1,,6500000,,
431145,2014,31,5.66,,8500000,,
431145,2015,32,2.99,,7000000,,
431145,2016,33,2.05,,15000000,,
431145,2017,34,1.76,,20000000,,
431145,2018,35,1.31,,20000000,,
431145,2019,36,0.6,0.11,20000000,4.0,0.0
431148,2013,29,0.0,1.01,,29.0,29.0
431148,2014,30,-0.05,1.92,7000000,32.0,32.0
431148,2015,31,0.020000000000000004,3.0,13000000,31.0,31.0
431148,2016,32,-0.24,0.46,12666667,26.0,26.0
431148,2021,37,-0.04,-0.22,100000,5.0,4.0
431151,2013,30,5.2,,11000000,,
431151,2014,31,2.06,,20000000,,
431151,2015,32,0.37,,20000000,,
431151,2016,33,0.17,,20000000,,
431151,2018,35,-0.01,,20000000,,
431159,2013,33,-0.02,,1500000,,
431162,2013,31,-0.08,0.37,525000,43.0,0.0
431162,2014,32,0.0,0.39,1600000,44.0,3.0
431162,2015,33,0.0,-0.54,2200000,18.0,0.0
431166,2013,30,-0.19,,,,
431166,2014,31,0.0,,,,
431171,2014,31,0.85,,1100000,,
431171,2015,32,-1.47,,4800000,,
431171,2016,33,-0.34,,,,
432928,2013,35,0.19,,2750000,,
432934,2014,35,-0.01,1.78,1250000,30.0,29.0
432934,2015,36,0.12,2.7,675000,34.0,18.0
432934,2016,37,-0.01,-0.88,4250000,34.0,13.0
432934,2017,38,0.0,-0.53,5750000,14.0,2.0
433217,2014,30,0.09,,,,
433217,2015,31,1.44,,850000,,
433217,2016,32,-0.44,,1450000,,
433217,2017,33,-0.35,-0.04,3000000,1.0,0.0
433579,2013,28,-0.06,0.78,14250000,22.0,22.0
433579,2014,29,0.03,0.7,14250000,32.0,32.0
433579,2015,30,,-0.04,15750000,30.0,30.0
433579,2016,31,,-0.55,,4.0,4.0
433584,2013,32,-0.06,-0.74,3250000,32.0,24.0
433584,2014,33,-0.41000000000000003,0.8900000000000001,4500000,32.0,29.0
433584,2015,34,0.01,-0.18,2650000,20.0,11.0
433584,2016,35,-0.05,-0.22,,2.0,2.0
433585,2013,32,-0.02,-0.65,1500000,23.0,12.0
433585,2014,33,-0.02,-0.47000000000000003,,12.0,1.0
433585,2015,34,,-0.32,,14.0,0.0
433586,2013,32,0.0,1.15,4500000,57.0,0.0
433586,2014,33,-0.01,1.86,4500000,54.0,0.0
433586,2015,34,0.0,1.16,5000000,67.0,0.0
433586,2016,35,0.0,0.71,6500000,62.0,0.0
433586,2017,36,0.0,0.45,5000000,63.0,0.0
433586,2018,37,0.0,0.5,6000000,26.0,0.0
433587,2013,27,-0.02,5.12,19857000,31.0,31.0
433587,2014,28,-0.04,6.36,22857000,34.0,34.0
433587,2015,29,-0.04,4.59,24857000,31.0,31.0
433587,2016,30,-0.11,1.31,25857000,25.0,25.0
433587,2017,31,,0.67,26857000,16.0,16.0
433587,2018,32,-0.09,-1.25,26857000,29.0,28.0
433587,2019,33,-0.04,-0.75,27858000,15.0,15.0
433589,2013,28,-0.08,0.63,,8.0,7.0
433589,2014,29,-0.22,0.73,845000,39.0,12.0
433589,2015,30,-0.1,0.54,2100000,42.0,1.0
433589,2016,31,-0.01,0.16,2500000,36.0,1.0
433589,2017,32,0.0,1.56,2250000,60.0,1.0
433589,2018,33,0.0,1.82,3500000,74.0,0.0
433589,2019,34,-0.03,2.45,5500000,80.0,0.0
433589,2020,35,,0.84,5500000,26.0,0.0
433589,2021,36,0.0,0.87,2550000,78.0,0.0
433657,2013,33,,-0.11,,1.0,0.0
433898,2013,33,-1.74,,3500000,,
434137,2013,30,,0.02,,1.0,0.0
434137,2015,32,,-0.26,,19.0,0.0
434137,2016,33,0.0,0.12,,3.0,0.0
434158,2013,32,1.12,,15000000,,
434158,2014,33,1.22,,13000000,,
434158,2015,34,5.17,,16000000,,
434158,2016,35,2.89,,16000000,,
434158,2017,36,1.7000000000000002,,15000000,,
434158,2018,37,0.8300000000000001,,5000000,,
434158,2019,38,-0.48,,1750000,,
434180,2013,31,-0.01,-0.7999999999999999,1050000,20.0,1.0
434181,2013,30,0.05,-1.33,4500000,58.0,0.0
434181,2014,31,-0.02,0.76,7500000,63.0,0.0
434378,2013,30,-0.03,4.4,20000000,34.0,34.0
434378,2014,31,0.08,0.93,20000000,32.0,32.0
434378,2015,32,,2.4,28000000,20.0,20.0
434378,2016,33,0.01,7.36,28000000,34.0,34.0
434378,2017,34,0.0,6.93,28000000,33.0,33.0
434378,2018,35,0.01,6.3,28000000,34.0,34.0
434378,2019,36,-0.05,7.39,28000000,34.0,34.0
434378,2020,37,,0.16,33000000,1.0,1.0
434378,2022,39,,5.61,25000000,28.0,28.0
434378,2023,40,,3.54,43333333,27.0,27.0
434378,2024,41,,-0.25,43333333,17.0,17.0
434378,2025,42,,1.33,15000000,29.0,29.0
434378,2026,43,,-0.21,7859347,1.0,1.0
434438,2013,29,0.0,0.13,,7.0,2.0
434438,2014,30,-0.01,-0.07,,1.0,1.0
434442,2013,30,-0.01,1.67,2850000,67.0,0.0
434442,2014,31,0.0,1.07,4000000,68.0,0.0
434442,2015,32,0.0,1.5,4000000,65.0,0.0
434442,2016,33,-0.02,0.32,6250000,64.0,0.0
434442,2017,34,0.0,-0.25,3000000,16.0,0.0
434538,2013,29,-0.34,3.25,1000000,26.0,26.0
434538,2014,30,-0.19,1.52,6000000,29.0,29.0
434538,2015,31,0.13,2.6,11666666,31.0,31.0
434538,2016,32,0.46,0.24999999999999994,13666667,31.0,29.0
434538,2017,33,0.0,-0.52,13666667,38.0,18.0
434538,2018,34,-0.03,0.29,4000000,27.0,26.0
434538,2019,35,0.1,1.0,100000,69.0,0.0
434540,2013,32,0.31,,4500000,,
434540,2014,33,-0.47,,2750000,,
434540,2015,34,-0.63,0.02,5000000,1.0,0.0
434563,2013,34,1.47,,5000000,,
434563,2014,35,3.13,,8500000,,
434563,2015,36,-0.69,,8500000,,
434563,2016,37,1.81,,8500000,,
434563,2017,38,0.49,-0.02,4500000,1.0,0.0
434567,2013,30,1.45,,2750000,,
434567,2014,31,0.22000000000000003,,3050000,,
434567,2015,32,0.84,,1500000,,
434567,2016,33,0.36,,2800000,,
434567,2017,34,0.0,,2000000,,
434578,2013,32,-0.08,-0.37,6500000,32.0,32.0
434578,2014,33,,-0.94,500000,14.0,8.0
434592,2013,30,0.0,-0.32,1350000,18.0,0.0
434604,2013,31,-1.47,,6750000,,
434604,2014,32,0.88,,6000000,,
434604,2015,33,-0.4,,,,
434604,2016,34,-0.22,,8500000,,
434604,2017,35,-0.55,,535000,,
434622,2013,29,0.01,2.7,5750000,32.0,32.0
434622,2014,30,-0.01,-0.24,11250000,25.0,22.0
434622,2015,31,0.04,2.09,12250000,32.0,32.0
434622,2016,32,-0.06,-0.36,13000000,29.0,25.0
434622,2017,33,0.02,-1.42,13500000,31.0,25.0
434624,2013,30,0.66,,900000,,
434624,2014,31,-1.0899999999999999,,950000,,
434628,2013,30,-0.06,-0.34,6750000,26.0,23.0
434628,2014,31,-0.11,3.19,6000000,30.0,29.0
434628,2015,32,0.1,1.5,9000000,31.0,31.0
434628,2016,33,0.33,1.29,9000000,30.0,30.0
434628,2017,34,-0.14,1.66,5000000,32.0,32.0
434628,2018,35,-0.04,-0.99,9000000,39.0,18.0
434630,2014,34,-0.44,,,,
434633,2013,32,-0.09,,930000,,
434633,2014,33,-1.32,0.1,875000,1.0,0.0
434636,2013,31,0.91,,8250000,,
434636,2014,32,1.39,,10250000,,
434636,2015,33,-1.85,,10250000,,
434636,2016,34,1.71,,11250000,,
434637,2013,33,0.0,1.36,2300000,76.0,0.0
434637,2014,34,0.0,-0.64,4000000,35.0,0.0
434641,2013,29,0.0,-0.13,750000,53.0,0.0
434641,2014,30,-0.01,-0.02,850000,61.0,0.0
434643,2013,34,-0.16,0.39,13000000,12.0,12.0
434643,2014,35,0.03,-1.03,13000000,6.0,6.0
434643,2015,36,0.05,0.48,507000,17.0,15.0
434658,2013,32,1.55,,2500000,,
434658,2014,33,1.61,,5000000,,
434658,2015,34,1.53,,5000000,,
434658,2016,35,0.89,,5250000,,
434658,2017,36,0.34,,6000000,,
434658,2018,37,-0.41,,1750000,,
434658,2019,38,-0.07,,,,
434661,2013,31,1.88,,2000000,,
434661,2014,32,-0.72,,5000000,,
434663,2014,32,0.0,0.15,1500000,32.0,0.0
434665,2014,32,0.0,-0.6,,51.0,0.0
434665,2015,33,0.0,-0.42000000000000004,,28.0,0.0
434669,2013,29,0.07,-0.91,532000,22.0,15.0
434670,2013,29,5.24,,15500000,,
434670,2014,30,3.74,,16000000,,
434670,2015,31,-0.59,,19750000,,
434670,2016,32,2.79,,22750000,,
434670,2017,33,-0.38,,22750000,,
434670,2018,34,0.08,,22750000,,
434670,2019,35,-0.2,,100000,,
434671,2013,29,-0.02,6.1,8800000,29.0,29.0
434671,2014,30,0.05,2.3,15800000,22.0,21.0
434671,2015,31,-0.05,0.26,16800000,25.0,25.0
434671,2016,32,-0.08,-0.86,16800000,35.0,26.0
434671,2017,33,-0.03,-0.48,16800000,28.0,17.0
434671,2018,34,-0.44,3.27,1000000,25.0,24.0
434671,2019,35,-0.37,3.21,6000000,30.0,30.0
434671,2020,36,,0.09,7000000,11.0,11.0
434671,2022,38,,0.82,,14.0,14.0
434672,2016,35,,0.39,,13.0,0.0
434672,2017,36,-0.01,-0.88,,14.0,9.0
434678,2015,31,0.0,0.08,,1.0,0.0
434681,2013,34,-0.19,,,,
434718,2013,29,0.0,0.99,7000000,58.0,0.0
434718,2014,30,0.0,2.75,7000000,61.0,0.0
434718,2015,31,0.0,1.03,7000000,62.0,0.0
434718,2016,32,0.0,-0.59,8000000,26.0,0.0
434718,2017,33,0.0,0.14,9000000,4.0,0.0
434778,2013,30,2.86,,5250000,,
434778,2014,31,-0.89,,7410000,,
434778,2015,32,2.55,,6500000,,
434778,2016,33,0.88,,9000000,,
434778,2017,34,-0.1,,10000000,,
434778,2018,35,0.76,0.04,11000000,1.0,0.0
434778,2019,36,-0.7,-0.02,12000000,1.0,0.0
434884,2014,31,-0.01,-0.06,,6.0,0.0
435041,2013,30,2.06,,9500000,,
435041,2014,31,-0.65,,9500000,,
435043,2013,30,0.13,-0.3799999999999999,700000,26.0,1.0
435043,2014,31,-0.03,1.16,850000,74.0,0.0
435043,2015,32,0.0,0.55,4500000,71.0,0.0
435043,2016,33,0.0,2.1,5000000,81.0,0.0
435043,2017,34,0.0,0.23,5500000,27.0,0.0
435043,2018,35,-0.01,0.09,2150000,72.0,0.0
435043,2019,36,0.0,0.09,2000000,30.0,0.0
435044,2013,31,-0.06,0.23,5500000,3.0,3.0
435044,2014,32,-0.01,-0.08,,25.0,8.0
435044,2015,33,-0.03,-0.13,,2.0,2.0
435045,2013,29,-0.02,1.08,2750000,29.0,0.0
435045,2014,30,-0.01,-1.34,3750000,26.0,0.0
435045,2015,31,0.0,-0.09000000000000001,,14.0,0.0
435062,2013,29,3.6,,8750000,,
435062,2014,30,6.1,,9350000,,
435062,2015,31,1.58,,9500000,,
435062,2016,32,0.81,,10000000,,
435062,2017,33,1.21,,10000000,,
435062,2018,34,0.3,,3000000,,
435062,2019,35,2.76,,4000000,,
435062,2020,36,-0.15,,6250000,,
435063,2013,31,3.74,,13000000,,
435063,2014,32,2.79,,16000000,,
435063,2015,33,0.8,,16000000,,
435063,2016,34,0.97,,7000000,,
435063,2017,35,-0.25,,6000000,,
435064,2014,31,-0.02,,,,
435064,2015,32,-0.19999999999999998,,700000,,
435064,2016,33,-0.52,,,,
435064,2018,35,0.24,,,,
435064,2019,36,-0.65,,100000,,
435078,2013,28,0.66,,925000,,
435078,2014,29,-0.4,,1150000,,
435078,2015,30,0.1,,1450000,,
435079,2013,31,4.97,,13000000,,
435079,2014,32,5.13,,16000000,,
435079,2015,33,5.0,,16000000,,
435079,2016,34,5.63,,14000000,,
435079,2017,35,1.86,,11000000,,
435079,2018,36,2.02,,11000000,,
435079,2019,37,-0.82,0.03,3750000,1.0,0.0
435081,2013,30,0.0,,,,
435178,2013,29,0.02,-1.47,13750000,16.0,16.0
435180,2013,29,-0.4,,,,
435180,2016,32,-0.12,,,,
435219,2013,33,-0.54,,1000000,,
435219,2014,34,-0.44,,1000000,,
435220,2013,28,0.84,,,,
435220,2014,29,-0.07,,1500000,,
435221,2013,29,-0.32,-0.17,5250000,22.0,22.0
435221,2014,30,0.06,0.9600000000000001,10250000,32.0,32.0
435221,2015,31,-0.04,-0.33,12500000,4.0,4.0
435221,2016,32,-0.06,-0.03,12500000,10.0,9.0
435221,2017,33,0.0,0.75,11500000,19.0,16.0
435221,2018,34,-0.01,-0.11,11500000,15.0,15.0
435261,2013,31,0.08,0.17,,16.0,3.0
435263,2013,29,2.78,,12000000,,
435263,2014,30,2.11,,17000000,,
435263,2015,31,2.56,,17000000,,
435263,2016,32,0.81,,17000000,,
435263,2017,33,0.78,,17000000,,
435263,2018,34,0.88,,17000000,,
435263,2019,35,0.15,,2000000,,
435358,2013,31,-2.31,,900000,,
435400,2014,32,0.0,-0.17,7500000,29.0,0.0
435400,2015,33,0.0,0.24,4500000,57.0,0.0
435400,2016,34,0.0,-0.04,5000000,30.0,0.0
435400,2017,35,0.0,0.72,,46.0,0.0
435401,2013,33,-1.26,0.05,1500000,2.0,0.0
435401,2014,34,-1.24,0.03,2000000,1.0,0.0
435401,2015,35,-0.83,,2500000,,
435408,2013,32,-0.03,,,,
435459,2013,30,0.55,,1000000,,
435459,2014,31,0.35000000000000003,,,,
435522,2013,27,2.98,,3300000,,
435522,2014,28,3.6,,5750000,,
435522,2015,29,2.56,,8000000,,
435522,2016,30,2.26,,10550000,,
435522,2017,31,1.8199999999999998,,17200000,,
435522,2018,32,-0.26,,4000000,,
435522,2019,33,0.42,,2000000,,
435522,2020,34,-0.11,0.02,100000,1.0,0.0
435558,2013,27,0.46,,1100000,,
435558,2014,28,-0.37,,1250000,,
435559,2013,29,-0.04999999999999999,,6450000,,
435559,2014,30,2.6,,2750000,,
435559,2015,31,0.43,,6000000,,
435559,2016,32,0.28,,6000000,,
435559,2017,33,2.68,,1500000,,
435559,2018,34,2.02,,3500000,,
435559,2019,35,0.54,,4000000,,
435559,2020,36,0.22,,6000000,,
435559,2021,37,-0.43,,1500000,,
435559,2022,38,-0.43,,1750000,,
435560,2013,31,-0.93,,,,
435560,2014,32,-0.09,,,,
435622,2013,27,4.42,,3800000,,
435622,2014,28,4.1,,6500000,,
435622,2015,29,1.91,,11000000,,
435622,2016,30,2.16,,8000000,,
435622,2017,31,-0.98,,8000000,,
435622,2018,32,-0.25,,22000000,,
435622,2019,33,-1.5,0.03,15000000,1.0,0.0
435623,2013,31,0.13,,850000,,
435623,2014,32,-0.64,,900000,,
435623,2015,33,-0.02,,,,
435625,2013,29,1.67,,2250000,,
435625,2014,30,-0.68,,5000000,,
440251,2013,32,0.17,,2950000,,
440251,2014,33,-0.12,,,,
443558,2013,32,2.09,,10500000,,
443558,2014,33,4.46,,8000000,,
443558,2015,34,5.05,,14250000,,
443558,2016,35,4.85,,14250000,,
443558,2017,36,4.24,,14250000,,
443558,2018,37,2.9,,14250000,,
443558,2019,38,4.39,,14000000,,
443558,2020,39,1.84,,12000000,,
443558,2021,40,2.5,,13000000,,
443558,2022,41,0.07,,12000000,,
443558,2023,42,-0.36,,1000000,,
444041,2013,33,-0.03,,,,
444379,2013,29,1.24,,1800000,,
444379,2014,30,1.86,,2300000,,
444379,2015,31,0.98,,3175000,,
444379,2016,32,0.64,,4000000,,
444379,2017,33,-0.36,,4000000,,
444432,2013,27,1.73,,540000,,
444432,2014,28,-0.78,,4800000,,
444432,2015,29,1.66,,6900000,,
444432,2016,30,2.04,,9150000,,
444432,2017,31,-0.49,,11500000,,
444432,2018,32,0.53,,12500000,,
444432,2019,33,-0.28,,13500000,,
444436,2013,27,0.04,1.13,975000,66.0,0.0
444436,2014,28,0.0,0.13,1750000,51.0,0.0
444436,2015,29,0.0,0.61,,40.0,0.0
444436,2016,30,,-0.1,1000000,18.0,0.0
444446,2015,29,-0.01,-0.36,,15.0,0.0
444468,2013,25,0.0,-0.14,490000,45.0,0.0
444468,2014,26,0.0,1.6,514000,64.0,0.0
444468,2015,27,0.0,2.07,544000,72.0,0.0
444468,2016,28,-0.02,0.44,4200000,54.0,0.0
444468,2017,29,0.04,0.05,5800000,61.0,0.0
444468,2018,30,0.0,0.83,4000000,63.0,0.0
444468,2019,31,0.0,0.68,4500000,62.0,1.0
444468,2020,32,,-0.64,2500000,23.0,0.0
444482,2014,26,1.22,,,,
444482,2015,27,3.58,,1024000,,
444482,2016,28,0.53,,529600,,
444482,2017,29,2.33,,572200,,
444482,2018,30,3.5,,3300000,,
444482,2019,31,1.79,,7000000,,
444482,2020,32,0.66,,7000000,,
444482,2021,33,1.16,-0.09,7500000,1.0,0.0
444482,2022,34,0.61,,7500000,,
444482,2023,35,0.74,,6500000,,
444482,2024,36,0.83,,,,
444489,2016,29,0.18,,,,
444489,2017,30,2.57,,538200,,
444489,2018,31,0.95,,560100,,
444489,2019,32,0.77,,1600000,,
444489,2020,33,0.61,,1850000,,
444489,2021,34,1.46,,1650000,,
444489,2022,35,-0.1,,3500000,,
444489,2023,36,0.0,,4500000,,
444520,2013,32,0.0,1.54,2325000,61.0,0.0
444520,2014,33,0.0,-1.35,3825000,60.0,0.0
444520,2015,34,0.0,0.44,2000000,45.0,2.0
444520,2016,35,0.0,-0.18,1500000,15.0,0.0
444520,2017,36,0.0,-0.03,1250000,37.0,0.0
444836,2013,28,-0.04,-0.32,,5.0,3.0
444836,2015,30,0.03,0.11,,3.0,0.0
444843,2013,31,2.92,,13500000,,
444843,2014,32,-0.01,,15500000,,
444843,2015,33,2.73,,18000000,,
444843,2016,34,-0.21,,18000000,,
444843,2017,35,-0.06,,17500000,,
444857,2013,30,0.16,1.49,6000000,30.0,30.0
444857,2014,31,-0.03,1.53,12000000,29.0,29.0
444857,2015,32,0.05,1.06,10000000,18.0,18.0
444857,2016,33,-0.03,-0.17000000000000004,8000000,40.0,5.0
444857,2017,34,-0.44,0.47,2300000,21.0,21.0
444859,2013,26,0.08,,,,
444876,2013,26,0.44,,3000000,,
444876,2014,27,2.68,,3000000,,
444876,2015,28,1.07,,3000000,,
444876,2016,29,0.68,,5250000,,
444876,2017,30,-0.61,,6500000,,
444876,2018,31,-2.09,,2500000,,
444876,2021,34,1.59,,,,
444876,2022,35,-0.51,-0.04,1000000,2.0,0.0
444935,2013,27,0.0,-0.5,492100,36.0,0.0
444935,2014,28,0.0,0.69,,35.0,0.0
444935,2015,29,0.0,-0.02,517100,36.0,0.0
444992,2013,27,,0.04,,2.0,0.0
445055,2013,28,1.5,,524000,,
445055,2014,29,2.87,,3250000,,
445055,2015,30,-0.22,,4125000,,
445055,2016,31,1.18,,6850000,,
445055,2017,32,1.11,0.03,8000000,1.0,0.0
445055,2018,33,0.51,,3000000,,
445055,2019,34,-0.72,,4000000,,
445055,2020,35,-0.45,,100000,,
445055,2021,36,0.05,,100000,,
445060,2013,30,0.23000000000000004,1.9300000000000002,11500000,34.0,33.0
445060,2014,31,-0.03,0.25,12000000,27.0,27.0
445060,2015,32,-0.04,-0.78,12000000,9.0,8.0
445060,2016,33,0.05,1.89,12000000,32.0,32.0
445060,2017,34,0.03,0.5,12000000,33.0,33.0
445090,2014,34,,-0.07,,2.0,0.0
445095,2013,29,-0.36,,,,
445095,2014,30,-0.04,,,,
445095,2015,31,-0.19,,,,
445153,2013,28,0.0,-0.06,494000,29.0,0.0
445153,2014,29,0.0,-0.55,,45.0,0.0
445156,2013,30,0.0,0.23,4500000,16.0,0.0
445156,2014,31,0.0,-0.59,5500000,15.0,0.0
445163,2013,31,0.0,1.45,3900000,56.0,0.0
445163,2014,32,0.0,0.08,4000000,50.0,0.0
445163,2015,33,0.0,-0.12,3500000,48.0,0.0
445170,2013,28,0.02,0.63,490000,17.0,14.0
445170,2014,29,-0.03,0.51,505700,42.0,0.0
445170,2015,30,,-0.35,520000,7.0,1.0
445177,2013,27,,-0.29,,5.0,0.0
445193,2013,28,0.0,0.12,,16.0,0.0
445197,2013,28,0.0,1.57,492500,75.0,0.0
445197,2014,29,0.0,0.35,1400000,75.0,0.0
445197,2015,30,0.07,-0.32,2350000,72.0,0.0
445197,2016,31,0.0,0.63,3450000,51.0,0.0
445197,2017,32,0.0,0.72,4000000,68.0,0.0
445197,2018,33,0.0,-0.57,7000000,25.0,0.0
445197,2019,34,0.0,-0.29,7000000,28.0,0.0
445213,2013,28,0.0,1.13,491000,71.0,0.0
445213,2014,29,0.0,0.77,507000,64.0,0.0
445213,2015,30,-0.01,-0.2,1075000,7.0,0.0
445213,2016,31,0.0,1.12,,54.0,0.0
445213,2017,32,0.0,1.71,2925000,72.0,0.0
445213,2018,33,-0.01,0.010000000000000009,5000000,70.0,0.0
445213,2019,34,0.0,1.56,,62.0,0.0
445213,2020,35,,1.29,3000000,24.0,0.0
445213,2021,36,0.0,-0.29,3000000,29.0,1.0
445216,2014,31,,-0.1,,1.0,0.0
445276,2013,25,-0.01,2.64,512000,75.0,0.0
445276,2014,26,-0.01,1.2,4300000,68.0,0.0
445276,2015,27,0.0,1.35,7425000,54.0,0.0
445276,2016,28,0.0,2.77,10650000,71.0,0.0
445276,2017,29,0.1,2.98,10800000,65.0,0.0
445276,2018,30,0.0,0.61,11333333,69.0,0.0
445276,2019,31,-0.01,0.13,19333334,62.0,0.0
445276,2020,32,,0.35,18000000,27.0,0.0
445276,2021,33,-0.01,2.46,20000000,69.0,0.0
445276,2022,34,,0.96,16000000,65.0,0.0
445276,2023,35,0.0,0.74,16000000,51.0,0.0
445276,2024,36,0.0,1.22,16000000,54.0,0.0
445276,2025,37,0.0,2.24,10000000,62.0,0.0
445276,2026,38,0.0,0.34,9000000,31.0,0.0
445590,2013,33,0.18,0.73,507600,33.0,33.0
445590,2014,34,-0.17,-0.53,2750000,32.0,32.0
445590,2015,35,-0.12,-0.33,,9.0,8.0
445612,2013,32,-0.01,0.49,498900,69.0,0.0
445612,2014,33,-0.01,1.06,515800,70.0,0.0
445612,2015,34,0.0,0.11,1375000,38.0,0.0
445926,2013,29,-0.01,0.28,,35.0,0.0
445926,2014,30,-0.04,1.27,775000,32.0,21.0
445926,2015,31,0.02,1.3,2150000,30.0,26.0
445926,2016,32,0.0,-0.15,4000000,62.0,0.0
445926,2017,33,-0.08,-0.27,5750000,38.0,21.0
445926,2018,34,-0.01,3.09,1000000,62.0,0.0
445926,2019,35,0.05,0.78,4000000,48.0,9.0
445926,2020,36,,-0.39,4000000,18.0,0.0
445926,2021,37,-0.04,1.09,,30.0,4.0
445926,2022,38,,0.41999999999999993,700000,60.0,1.0
445926,2023,39,,1.28,1200000,36.0,1.0
445926,2024,40,,0.63,740000,46.0,0.0
445926,2025,41,,-0.24,,4.0,0.0
445968,2014,30,0.0,0.44,,30.0,0.0
445968,2015,31,0.0,0.0,,10.0,0.0
445968,2016,32,0.0,-0.96,895000,33.0,0.0
445988,2013,29,2.96,,7000000,,
445988,2014,30,3.17,,11000000,,
445988,2015,31,3.38,,11000000,,
445988,2016,32,3.58,,11000000,,
445988,2017,33,0.38,,11500000,,
445988,2018,34,-0.37,,13500000,,
445988,2019,35,-1.43,,15000000,,
446003,2013,30,,-0.05,,4.0,0.0
446099,2013,30,0.0,-0.19,5000000,75.0,0.0
446099,2014,31,0.0,0.23,4500000,62.0,0.0
446099,2015,32,0.0,0.77,2600000,60.0,0.0
446099,2016,33,0.0,0.88,4500000,68.0,0.0
446099,2017,34,0.0,-0.28,5500000,22.0,0.0
446099,2018,35,0.0,-0.10000000000000003,1500000,50.0,1.0
446099,2021,38,0.0,-0.09,,1.0,0.0
446185,2013,28,0.0,0.03,950000,52.0,0.0
446185,2014,29,-0.04,-0.82,1350000,40.0,0.0
446185,2016,31,0.0,-0.32,,7.0,0.0
446192,2013,29,0.09,,,,
446192,2014,30,-0.05,,,,
446192,2015,31,-0.01,,,,
446192,2016,32,-0.11,,,,
446192,2018,34,0.02,,,,
446225,2015,29,-0.12,,,,
446263,2013,27,-0.09,,519240,,
446263,2014,28,3.76,,1637500,,
446263,2015,29,2.73,,4200000,,
446263,2016,30,0.02,,6725000,,
446263,2017,31,1.62,,7250000,,
446263,2018,32,0.62,,3500000,,
446263,2019,33,-0.9,,1250000,,
446264,2013,27,,-0.71,,4.0,2.0
446308,2013,27,1.22,,5500000,,
446308,2014,28,0.85,,7700000,,
446308,2015,29,0.78,,8300000,,
446308,2016,30,1.96,,15800000,,
446308,2017,31,-0.79,,10500000,,
446308,2018,32,0.37,,10500000,,
446308,2019,33,0.5,,100000,,
446308,2020,34,0.02,,2000000,,
446321,2013,27,-0.14,0.15,2337500,13.0,13.0
446321,2014,28,0.04,-0.33,3000000,47.0,0.0
446321,2015,29,-0.01,-1.71,3450000,41.0,7.0
446321,2016,30,-0.03,-0.19999999999999998,1000000,16.0,7.0
446321,2018,32,,0.07,,1.0,0.0
446321,2019,33,-0.03,-0.55,100000,18.0,12.0
446321,2020,34,,0.14,100000,16.0,0.0
446321,2021,35,0.03,0.2,850000,53.0,5.0
446321,2022,36,,0.38,,30.0,0.0
446334,2013,27,5.84,,6000000,,
446334,2014,28,3.65,,7500000,,
446334,2015,29,4.58,,11000000,,
446334,2016,30,4.66,,11500000,,
446334,2017,31,3.27,,13000000,,
446334,2018,32,1.62,,13666666,,
446334,2019,33,2.21,,14666667,,
446334,2020,34,0.64,,15166666,,
446334,2021,35,1.65,,18666666,,
446334,2022,36,0.71,,19666667,,
446334,2023,37,0.42,,4000000,,
446345,2013,27,-0.71,,,,
446345,2014,28,0.15,,,,
446359,2013,27,1.21,,527500,,
446359,2014,28,1.91,,600000,,
446359,2015,29,1.81,,2350000,,
446359,2016,30,2.24,,2925000,,
446359,2017,31,5.05,,5325000,,
446359,2018,32,-0.14,,12666666,,
446359,2019,33,-1.22,,12666667,,
446367,2013,27,0.0,0.55,,30.0,0.0
446367,2014,28,0.0,-0.33,510000,2.0,0.0
446372,2013,27,0.02,1.49,491800,26.0,24.0
446372,2014,28,0.01,8.13,514000,34.0,34.0
446372,2015,29,-0.09,4.34,1200000,32.0,32.0
446372,2016,30,0.08,5.57,4700000,32.0,32.0
446372,2017,31,0.05,7.86,7700000,29.0,29.0
446372,2018,32,-0.08,6.03,10700000,33.0,33.0
446372,2019,33,-0.01,-0.37,17000000,7.0,7.0
446372,2020,34,,0.06,,1.0,1.0
446372,2021,35,-0.02,1.45,11000000,16.0,16.0
446372,2022,36,,0.84,8000000,31.0,31.0
446372,2023,37,,-0.85,10000000,15.0,9.0
446381,2013,27,-1.06,,562000,,
446381,2014,28,1.35,,2300000,,
446381,2015,29,0.30000000000000004,,2525000,,
446381,2016,30,1.75,-0.08,1050000,1.0,0.0
446381,2017,31,-0.46,,2887500,,
446386,2014,28,1.72,,501200,,
446386,2015,29,2.05,,515800,,
446386,2016,30,1.9499999999999997,,1185000,,
446386,2017,31,-0.22,,2000000,,
446386,2018,32,-0.18,0.03,2750000,1.0,0.0
446395,2013,27,0.08,,,,
446395,2014,28,0.06,,,,
446399,2013,26,0.0,1.34,510000,60.0,0.0
446399,2014,27,0.0,1.32,1300000,66.0,0.0
446399,2015,28,0.0,1.21,2475000,63.0,0.0
446399,2016,29,0.0,0.28,3800000,54.0,0.0
446399,2017,30,-0.01,0.52,7750000,73.0,0.0
446399,2018,31,0.0,-0.87,7750000,40.0,0.0
446481,2013,28,0.78,,1000000,,
446481,2014,29,0.04,,1475000,,
446481,2015,30,0.03,,1900000,,
446481,2016,31,1.73,,2500000,,
446481,2017,32,-0.30000000000000004,,5750000,,
446481,2018,33,-0.53,,5750000,,
446481,2019,34,0.45,0.04,100000,2.0,0.0
446481,2020,35,-0.26,,100000,,
446488,2013,31,0.0,0.23,535000,73.0,0.0
446488,2014,32,0.0,-0.36,542500,32.0,0.0
446641,2013,29,-0.01,0.95,1760000,75.0,0.0
446641,2014,30,0.0,-0.31,2200000,4.0,0.0
446653,2013,28,1.5,,496500,,
446653,2014,29,0.74,,900000,,
446653,2015,30,-0.63,,1200000,,
446653,2016,31,0.26,,1387500,,
446653,2017,32,-0.93,,1575000,,
446653,2018,33,-0.54,,,,
446653,2021,36,-0.26,,570500,,
446861,2013,29,-0.04,-0.2,,13.0,2.0
446868,2019,35,-0.16,,,,
446899,2013,33,-0.03,1.7,3150000,78.0,0.0
446899,2014,34,-0.01,0.32,4500000,68.0,0.0
446899,2015,35,0.0,2.13,5000000,66.0,0.0
446899,2016,36,0.0,2.23,5500000,69.0,0.0
446899,2017,37,0.0,-0.81,7000000,53.0,0.0
446899,2018,38,0.0,0.14,9000000,82.0,0.0
447714,2013,28,0.0,0.42,4320000,19.0,0.0
447714,2014,29,0.0,0.41,1500000,21.0,0.0
447714,2015,30,0.0,-1.27,5500000,41.0,0.0
447714,2016,31,0.0,-0.85,1750000,39.0,0.0
447714,2017,32,0.0,-0.49,1250000,22.0,0.0
447736,2013,31,0.31,,,,
447736,2014,32,-0.04,,,,
447744,2013,35,0.1,-0.55,505000,17.0,1.0
447744,2014,36,,-0.4,,8.0,0.0
447755,2013,29,0.0,0.68,498900,55.0,0.0
447755,2014,30,0.0,-0.12,515900,30.0,0.0
447755,2015,31,0.0,-0.43,,31.0,0.0
447755,2016,32,0.0,-0.15,,7.0,0.0
447816,2013,29,-0.05,,505000,,
448159,2013,30,0.05,0.5,1000000,57.0,0.0
448159,2014,31,0.0,-0.54,2000000,53.0,0.0
448159,2015,32,0.0,0.16,3500000,40.0,0.0
448167,2018,34,,0.01,,7.0,0.0
448170,2013,29,-0.52,,,,
448170,2014,30,0.23,,,,
448170,2015,31,-0.46,,1100000,,
448178,2013,28,0.0,-0.18,1181000,45.0,0.0
448178,2014,29,0.0,1.32,1462500,74.0,0.0
448178,2015,30,0.0,1.98,3025000,75.0,0.0
448178,2016,31,0.0,-0.8700000000000001,5312500,58.0,0.0
448178,2018,33,,-0.29,,21.0,0.0
448179,2013,33,0.0,-1.26,1000000,63.0,0.0
448179,2014,34,,0.17,,16.0,0.0
448179,2015,35,,1.63,,4.0,4.0
448179,2016,36,-0.14,4.29,6000000,20.0,20.0
448179,2017,37,-0.15,2.23,12666667,25.0,25.0
448179,2018,38,-0.19,1.48,16666667,25.0,24.0
448179,2019,39,0.09,1.18,18666666,13.0,13.0
448179,2020,40,,0.77,3000000,8.0,8.0
448179,2021,41,-0.14,1.57,2500000,32.0,31.0
448179,2022,42,,0.78,5000000,26.0,26.0
448179,2023,43,,-0.4600000000000001,8000000,32.0,27.0
448179,2024,44,,-0.01,,4.0,0.0
448179,2025,45,,-0.15,,2.0,2.0
448242,2014,31,-0.93,,900000,,
448281,2013,26,0.0,1.42,492500,70.0,0.0
448281,2014,27,-0.01,1.24,630000,61.0,0.0
448281,2015,28,0.0,0.07,780000,12.0,0.0
448281,2016,29,0.0,0.93,1580000,44.0,0.0
448281,2017,30,0.0,1.39,2630000,53.0,0.0
448281,2018,31,0.0,2.34,4380000,43.0,0.0
448281,2019,32,-0.06,0.79,6000000,63.0,0.0
448281,2020,33,,0.02,6500000,11.0,0.0
448281,2021,34,0.0,0.63,1500000,56.0,0.0
448281,2022,35,,0.37,1500000,6.0,0.0
448296,2013,31,1.12,,,,
448296,2014,32,-0.45,,510000,,
448306,2013,31,0.03,4.65,9000000,34.0,34.0
448306,2014,32,0.1,3.69,13500000,34.0,34.0
448306,2015,33,-0.13,1.9,10000000,33.0,33.0
448306,2016,34,0.01,-1.1999999999999997,21000000,33.0,33.0
448306,2017,35,,0.31,21000000,21.0,21.0
448306,2018,36,0.01,1.31,21000000,34.0,33.0
448602,2013,29,-0.32000000000000006,,6000000,,
448602,2014,30,0.15,,2000000,,
448602,2015,31,-0.38,,2000000,,
448602,2016,32,1.37,,2600000,,
448602,2017,33,0.72,,1500000,,
448602,2018,34,-0.13,0.01,,1.0,0.0
448602,2019,35,-1.07,-0.06,1000000,1.0,0.0
448605,2013,31,0.4,,494500,,
448605,2014,32,-0.37,,2000000,,
448605,2015,33,0.07999999999999996,,2505000,,
448605,2016,34,0.24,,1650000,,
448605,2017,35,-0.78,,,,
448609,2013,29,0.0,-0.42,1275000,56.0,0.0
448609,2014,30,-0.01,0.76,,56.0,0.0
448609,2015,31,0.0,1.61,2400000,60.0,0.0
448609,2016,32,0.0,-0.42,6000000,60.0,0.0
448609,2017,33,-0.01,-0.36,6000000,46.0,0.0
448609,2018,34,0.0,1.28,6000000,54.0,0.0
448609,2019,35,0.0,0.03,1000000,36.0,0.0
448614,2013,30,-0.09,0.94,,33.0,9.0
448614,2014,31,-0.08,0.93,561875,73.0,1.0
448614,2015,32,0.04,-0.42,582125,59.0,0.0
448614,2016,33,0.0,2.16,950000,72.0,0.0
448614,2017,34,0.0,0.31,2175000,67.0,0.0
448614,2018,35,0.0,-0.11,,10.0,0.0
448614,2019,36,,-0.02,,4.0,0.0
448674,2013,33,0.46,,,,
448674,2014,34,0.1,,,,
448674,2015,35,0.02,,,,
448693,2013,30,0.0,0.15,,22.0,3.0
448722,2013,34,0.0,-0.04,,19.0,0.0
448801,2013,27,7.05,,3300000,,
448801,2014,28,1.08,,10350000,,
448801,2015,29,4.85,,12000000,,
448801,2016,30,3.03,,23000000,,
448801,2017,31,-0.44,,23000000,,
448801,2018,32,-3.29,,23000000,,
448801,2019,33,-1.12,-0.01,23000000,1.0,0.0
448801,2020,34,-0.97,,23000000,,
448802,2013,26,-0.32,0.59,5750000,9.0,9.0
448802,2014,27,0.15,0.24,7750000,7.0,7.0
448802,2015,28,-0.07,3.96,9250000,20.0,20.0
448802,2016,29,0.07,0.89,11500000,32.0,30.0
448802,2017,30,0.2,1.22,12000000,27.0,27.0
448802,2018,31,-0.05,-0.62,8000000,33.0,14.0
448855,2015,30,0.0,-0.05,,3.0,0.0
448855,2016,31,0.19,3.71,,20.0,20.0
448855,2017,32,-0.29,-0.06,546200,21.0,14.0
448855,2018,33,-0.02,-0.06,,31.0,26.0
448855,2019,34,0.04,1.48,2225000,72.0,0.0
448855,2020,35,,0.5,2550000,25.0,0.0
448855,2021,36,-0.02,-0.36,,41.0,1.0
449060,2013,32,,0.06,,4.0,0.0
449072,2013,29,,-0.24,,7.0,0.0
449079,2013,28,-0.01,0.7,1025000,70.0,0.0
449079,2014,29,0.0,0.76,1425000,58.0,0.0
449079,2015,30,,0.0,1700000,11.0,0.0
449082,2013,28,-0.51,,505000,,
449082,2014,29,-0.39,,,,
449097,2013,32,0.0,1.32,13000000,61.0,0.0
449097,2014,33,0.0,2.81,13000000,66.0,0.0
449097,2015,34,0.0,1.3099999999999998,13000000,59.0,0.0
449097,2016,35,0.0,0.0,11000000,37.0,0.0
449104,2013,30,0.0,1.31,492000,61.0,0.0
449104,2014,31,0.0,-0.58,512000,14.0,0.0
449104,2016,33,0.0,0.11,600000,44.0,0.0
449107,2013,32,0.58,,2250000,,
449107,2014,33,0.18,,3500000,,
449107,2015,34,-1.23,,3500000,,
449107,2016,35,-1.64,,,,
449107,2017,36,-0.29,,535000,,
449168,2013,27,0.53,,525000,,
449168,2016,30,-0.08,,,,
449170,2014,28,0.0,-0.05,,7.0,0.0
449170,2015,29,0.02,-0.14,,8.0,0.0
449173,2013,28,0.1,-1.53,500700,36.0,22.0
449173,2014,29,,-0.58,509700,3.0,3.0
449173,2016,31,-0.09,0.63,,9.0,9.0
449173,2017,32,,-0.11,,4.0,0.0
449181,2015,29,0.72,,,,
449181,2016,30,1.99,,514250,,
449181,2017,31,-0.46,,558250,,
449181,2018,32,-0.57,,568500,,
449786,2013,29,0.62,,495000,,
449786,2014,30,0.5,,505300,,
449786,2015,31,-0.42,,975000,,
450172,2013,29,0.13,-2.3400000000000003,5725000,33.0,32.0
450172,2014,30,-0.43,2.52,5000000,32.0,31.0
450172,2015,31,-0.09,2.8,7500000,34.0,33.0
450172,2016,32,-0.07,-0.59,9500000,34.0,34.0
450172,2017,33,0.18,0.56,9000000,17.0,17.0
450172,2019,35,,0.08,2000000,11.0,4.0
450172,2020,36,,-0.09,,7.0,0.0
450203,2013,29,-0.08,0.57,2000000,20.0,20.0
450203,2014,30,-0.42,0.4,4000000,26.0,26.0
450203,2015,31,-0.39,-0.81,8000000,23.0,23.0
450203,2016,32,-0.04,0.3,8000000,4.0,4.0
450203,2017,33,-0.04,1.94,7000000,25.0,25.0
450203,2018,34,0.01,3.41,7000000,30.0,30.0
450203,2019,35,-0.02,4.89,15000000,33.0,33.0
450203,2020,36,,0.15,15000000,9.0,9.0
450203,2021,37,-0.15,3.85,15000000,33.0,33.0
450203,2022,38,,1.66,20000000,31.0,31.0
450203,2023,39,,3.02,20000000,30.0,30.0
450203,2024,40,,1.07,20000000,30.0,30.0
450203,2025,41,,-0.83,15000000,33.0,27.0
450204,2013,31,-0.39,,1100000,,
450212,2013,32,0.0,0.46,975000,45.0,0.0
450212,2014,33,0.0,2.28,1000000,71.0,0.0
450212,2015,34,0.0,0.15,5500000,66.0,0.0
450212,2016,35,0.0,0.55,6500000,60.0,0.0
450212,2017,36,0.0,2.81,6500000,71.0,0.0
450212,2018,37,0.0,0.69,7750000,30.0,0.0
450212,2019,38,0.0,-0.11,7750000,20.0,0.0
450260,2014,32,0.51,,,,
450275,2013,30,0.0,-0.6,575000,11.0,0.0
450275,2014,31,0.0,-0.25,,7.0,0.0
450275,2015,32,0.0,1.62,,57.0,0.0
450275,2016,33,0.0,-0.96,5500000,54.0,0.0
450282,2013,30,0.0,2.35,2500000,61.0,0.0
450282,2014,31,0.0,0.52,4025000,63.0,0.0
450282,2015,32,0.0,1.21,4650000,60.0,0.0
450282,2016,33,,-0.08,6300000,2.0,0.0
450282,2017,34,,-0.14,6500000,8.0,0.0
450306,2013,30,,1.95,8500000,24.0,24.0
450306,2014,31,,2.68,7000000,30.0,30.0
450306,2015,32,,0.46,8500000,9.0,9.0
450306,2016,33,,0.52,8500000,3.0,3.0
450306,2017,34,0.0,4.14,8000000,32.0,32.0
450306,2018,35,0.02,-0.51,6000000,20.0,20.0
450306,2019,36,-0.41000000000000003,0.9799999999999999,8000000,30.0,29.0
450308,2013,30,-0.05,3.7,16000000,24.0,24.0
450308,2014,31,-0.02,2.8,16000000,34.0,34.0
450308,2015,32,-0.03,0.47,18000000,26.0,26.0
450308,2016,33,-0.1,-0.65,20000000,31.0,31.0
450308,2017,34,-0.15,-1.16,3000000,9.0,9.0
450314,2013,32,5.18,,5500000,,
450314,2014,33,4.37,,7000000,,
450314,2015,34,2.43,,7500000,,
450314,2016,35,3.45,,10500000,,
450314,2017,36,0.28,,16500000,,
450314,2018,37,3.48,,16500000,,
450314,2019,38,-0.3,0.03,12500000,1.0,0.0
450317,2013,27,-0.06,,505600,,
450317,2014,28,-1.22,0.03,1800000,1.0,0.0
450317,2015,29,0.73,,,,
450351,2013,32,0.13,3.5,11000000,33.0,33.0
450351,2014,33,0.01,-0.2,16000000,31.0,31.0
450351,2015,34,0.08,1.42,18000000,21.0,21.0
450641,2013,28,0.39,,,,
450641,2014,29,0.0,,,,
450641,2015,30,-0.02,,,,
450641,2017,32,-0.06,,,,
450665,2013,27,0.35,2.69,2600000,32.0,31.0
450665,2015,29,0.02,0.21,2000000,15.0,8.0
450665,2016,30,,-0.89,5500000,6.0,6.0
450665,2018,32,-0.01,-0.3,100000,1.0,1.0
450729,2013,29,0.11,3.97,4000000,33.0,32.0
450729,2014,30,-0.26,4.35,7200000,25.0,25.0
450729,2015,31,0.21,0.11,11400000,25.0,15.0
450729,2016,32,0.04,-0.21,7000000,32.0,32.0
450729,2017,33,-0.03,0.04,1750000,18.0,15.0
450729,2018,34,,0.9,3500000,12.0,12.0
450852,2013,31,0.0,-0.06,749750,2.0,0.0
451075,2013,25,,-0.34,,4.0,0.0
451075,2014,26,,-0.02,,3.0,0.0
451085,2013,26,0.0,0.6,1600000,65.0,0.0
451085,2014,27,0.0,0.1,2400000,63.0,0.0
451085,2015,28,0.0,0.92,3200000,58.0,0.0
451085,2016,29,0.0,-0.6599999999999999,,8.0,1.0
451088,2013,27,0.1,,494000,,
451088,2014,28,-0.04,,504000,,
451089,2013,25,0.02,,,,
451089,2015,27,0.67,,,,
451089,2017,29,0.33,,,,
451109,2013,29,0.16,,600000,,
451109,2014,30,-0.8,,630000,,
451109,2015,31,-0.18,,,,
451132,2013,25,,0.18,492000,10.0,0.0
451188,2013,29,0.01,,,,
451192,2013,28,0.08,,,,
451192,2014,29,-0.12,,501000,,
451192,2017,32,0.44,,,,
451192,2018,33,-0.15,,,,
451192,2019,34,-0.03,,,,
451216,2013,31,0.0,0.64,,18.0,0.0
451216,2014,32,0.0,-0.5,10000000,61.0,0.0
451532,2013,28,-0.07,0.2,11000000,2.0,2.0
451532,2015,30,0.12,-0.38,1500000,7.0,7.0
451584,2013,27,-0.06,-1.85,2800000,31.0,24.0
451584,2014,28,0.0,3.77,4800000,71.0,0.0
451584,2015,29,0.0,3.53,7000000,69.0,0.0
451584,2016,30,0.0,1.8,8000000,45.0,0.0
451584,2017,31,0.0,1.86,10000000,59.0,0.0
451584,2018,32,0.0,0.88,16000000,69.0,0.0
451584,2019,33,0.0,-1.53,18000000,50.0,0.0
451584,2020,34,,-0.7,17000000,5.0,0.0
451584,2021,35,0.0,-0.61,1250000,40.0,0.0
451594,2013,27,2.0,,4250000,,
451594,2014,28,1.79,,7350000,,
451594,2015,29,2.32,,9500000,,
451594,2016,30,3.95,,8000000,,
451594,2017,31,1.73,,16500000,,
451594,2018,32,-1.4,,16500000,,
451594,2019,33,1.48,,16500000,,
451594,2020,34,0.03,,16500000,,
451594,2021,35,-0.17,,16500000,,
451596,2013,27,0.43,0.21,7750000,31.0,31.0
451596,2014,28,-0.26,2.22,11250000,32.0,32.0
451596,2015,29,0.14,4.12,14000000,33.0,33.0
451596,2016,30,0.15,-0.06,9000000,23.0,23.0
451596,2017,31,0.05,-0.34,11000000,28.0,22.0
451596,2018,32,-0.03,0.03999999999999998,750000,21.0,18.0
451628,2013,28,0.03,-0.57,,33.0,5.0
451628,2014,29,-0.01,-0.19,,6.0,0.0
451661,2013,27,0.0,-0.06,490000,41.0,0.0
451661,2014,28,0.0,-0.25,506500,54.0,0.0
451661,2015,29,0.0,0.52,516700,54.0,0.0
451661,2016,30,-0.01,-0.21,900000,37.0,0.0
451661,2017,31,0.0,0.89,1050000,57.0,0.0
451661,2018,32,0.0,0.89,2200000,45.0,0.0
451705,2016,29,-0.28,,,,
451705,2017,30,-0.08,,,,
451713,2013,26,0.04,,,,
451713,2014,27,-0.01,,,,
451713,2015,28,0.5,,,,
451773,2013,30,0.0,1.37,,75.0,0.0
451773,2014,31,0.0,-0.13,515000,3.0,0.0
451775,2014,30,,0.3,600000,7.0,0.0
451775,2015,31,0.0,0.23,635000,56.0,0.0
451775,2016,32,0.0,0.42,1050000,34.0,0.0
451783,2016,31,,0.1,,4.0,0.0
451788,2013,31,0.01,-0.88,4000000,14.0,12.0
451788,2015,33,,-0.06,,7.0,6.0
452027,2013,27,,0.35,,10.0,10.0
452027,2015,29,,0.04,,1.0,0.0
452027,2016,30,,-0.32,,6.0,2.0
452027,2017,31,0.15,0.24,,9.0,6.0
452027,2021,35,,-0.36,100000,5.0,3.0
452035,2013,26,0.67,,605000,,
452035,2014,27,0.49,,988000,,
452035,2015,28,0.54,,,,
452061,2013,26,0.0,0.0,,3.0,0.0
452061,2016,29,0.0,0.18,,8.0,0.0
452095,2013,27,-0.11,,510000,,
452095,2014,28,2.31,,950000,,
452095,2015,29,0.77,,2675000,,
452095,2016,30,0.38,,2000000,,
452095,2017,31,1.99,,3000000,,
452095,2018,32,0.68,,4000000,,
452095,2019,33,-0.23,,4000000,,
452095,2020,34,0.37,,4000000,,
452104,2013,29,3.41,,8575000,,
452104,2014,30,3.5900000000000003,,10525000,,
452104,2015,31,1.24,,13000000,,
452104,2016,32,2.49,,13000000,,
452104,2017,33,2.11,,13000000,,
452104,2018,34,-0.33,,13000000,,
452105,2013,29,0.03,,495000,,
452121,2013,29,-0.8300000000000001,,750000,,
452215,2013,29,-0.26,,,,
452220,2013,30,2.65,,9500000,,
452220,2014,31,-1.02,,10100000,,
452220,2015,32,0.11,,5000000,,
452220,2016,33,0.97,,3000000,,
452220,2017,34,-0.12,,3500000,,
452234,2013,30,0.48,,3675000,,
452234,2014,31,3.43,,4500000,,
452234,2015,32,1.67,,6000000,,
452234,2016,33,0.59,,6750000,,
452234,2017,34,0.52,,7000000,,
452239,2013,29,0.47,,492500,,
452239,2014,30,-1.03,,1325000,,
452239,2015,31,-0.01,,1000000,,
452252,2013,29,2.0,,5000000,,
452252,2014,30,2.19,,7000000,,
452252,2015,31,3.61,,7500000,,
452252,2016,32,-0.29,,8000000,,
452252,2017,33,0.95,,1000000,,
452254,2013,30,3.76,,13800000,,
452254,2014,31,4.04,,16000000,,
452254,2015,32,0.94,,18500000,,
452254,2016,33,2.2,,18500000,,
452254,2017,34,0.22,,18500000,,
452254,2018,35,-1.04,,18500000,,
452254,2019,36,1.59,,2000000,,
452254,2020,37,-0.54,,3000000,,
452655,2013,29,3.05,,4750000,,
452655,2014,30,4.28,,6500000,,
452655,2015,31,1.04,,9000000,,
452655,2016,32,1.64,,5000000,,
452655,2017,33,-1.29,,11000000,,
452655,2018,34,2.14,,11000000,,
452657,2013,29,-0.11,2.72,11625000,33.0,33.0
452657,2014,30,-0.07,4.6,13000000,32.0,32.0
452657,2015,31,-0.29,2.79,20000000,32.0,32.0
452657,2016,32,-0.12,5.56,25000000,32.0,32.0
452657,2017,33,0.22,0.65,25000000,32.0,32.0
452657,2018,34,-0.03,2.67,27500000,32.0,32.0
452657,2019,35,0.44,0.8,27500000,31.0,31.0
452657,2020,36,,-0.23,20000000,12.0,12.0
452657,2021,37,0.26,-0.51,,28.0,28.0
452666,2013,29,0.0,0.33,509100,59.0,0.0
452666,2014,30,0.0,1.6,528800,57.0,2.0
452666,2015,31,0.0,1.15,1400000,53.0,0.0
452666,2016,32,0.0,-0.8999999999999999,3100000,50.0,0.0
452666,2017,33,-0.01,0.21,1250000,27.0,0.0
452672,2013,32,0.28,,2050000,,
452672,2014,33,1.37,,2750000,,
452672,2015,34,0.61,,3500000,,
452672,2016,35,-0.85,,3700000,,
452672,2017,36,-0.11,,1250000,,
452678,2013,27,1.28,,6500000,,
452678,2014,28,1.7,,10000000,,
452678,2015,29,1.64,,7500000,,
452678,2016,30,3.4,,8250000,,
452678,2017,31,1.24,,8250000,,
452678,2018,32,1.3599999999999999,,8250000,,
452678,2019,33,0.74,,3500000,,
452678,2020,34,0.14,,2500000,,
452678,2021,35,0.37,0.05,1750000,2.0,0.0
452718,2013,28,-0.13,0.61,4500000,30.0,30.0
452718,2014,29,-0.14,0.37,7675000,32.0,32.0
452718,2015,30,0.29,-0.62,5500000,27.0,27.0
452718,2017,32,-0.03,-0.49,1000000,2.0,2.0
452722,2013,28,-0.11,,,,
452733,2013,30,-0.15,0.3,2750000,43.0,10.0
452733,2014,31,-0.01,0.64,2950000,23.0,0.0
452733,2015,32,0.0,-0.61,1000000,48.0,0.0
452733,2016,33,0.0,-0.52,,7.0,0.0
452741,2013,26,-0.01,-0.12,,16.0,0.0
452783,2014,28,0.17,,,,
453056,2013,29,5.76,,9000000,,
453056,2014,30,3.55,,21142857,,
453056,2015,31,1.72,,21142857,,
453056,2016,32,2.63,,21142857,,
453056,2017,33,1.72,,21142857,,
453064,2013,28,5.04,,10000000,,
453064,2014,29,5.74,,16000000,,
453064,2015,30,2.67,,20000000,,
453064,2016,31,3.32,,20000000,,
453064,2017,32,0.9,,20000000,,
453064,2019,34,0.06,,20000000,,
453156,2014,29,-0.01,0.64,,28.0,0.0
453156,2015,30,0.0,0.24,509500,36.0,0.0
453172,2013,27,-0.03,-0.23,504500,29.0,0.0
453172,2014,28,-0.02,0.93,,63.0,0.0
453172,2015,29,0.01,1.2,1075000,76.0,0.0
453172,2016,30,-0.01,0.86,2175000,67.0,0.0
453172,2017,31,0.0,1.22,950000,67.0,0.0
453172,2018,32,0.0,3.39,2125000,72.0,0.0
453172,2019,33,-0.03,0.48,2125000,72.0,0.0
453172,2020,34,,-0.22,,18.0,0.0
453178,2013,28,0.13,-1.45,4265000,31.0,31.0
453178,2014,29,0.25,1.51,6100000,33.0,33.0
453178,2015,30,-0.08,-0.31,9850000,30.0,30.0
453178,2016,31,-0.04,4.25,7500000,33.0,33.0
453178,2017,32,0.08,0.65,13500000,30.0,30.0
453178,2018,33,0.05,1.02,16000000,22.0,22.0
453178,2019,34,0.0,1.56,16500000,63.0,0.0
453178,2020,35,,-0.87,16500000,15.0,1.0
453178,2021,36,0.0,1.42,2150000,55.0,0.0
453178,2022,37,0.0,-1.08,4750000,57.0,0.0
453178,2023,38,,-0.46,2250000,16.0,0.0
453184,2013,28,-0.02,-0.08,,22.0,0.0
453184,2014,29,0.0,-0.1,512300,2.0,0.0
453192,2013,28,0.0,0.39,1475000,37.0,0.0
453192,2014,29,0.0,1.8399999999999999,1900000,73.0,0.0
453192,2015,30,0.0,2.32,9000000,60.0,0.0
453192,2016,31,0.0,3.7399999999999998,9000000,70.0,0.0
453192,2017,32,-0.01,3.03,9000000,57.0,0.0
453192,2018,33,-0.01,0.21,9000000,37.0,0.0
453192,2019,34,0.0,-0.49,11000000,73.0,0.0
453192,2020,35,,0.14,11500000,16.0,0.0
453192,2021,36,0.0,-0.11,12000000,40.0,0.0
453198,2013,27,0.0,-0.26,7300000,54.0,0.0
453198,2014,28,-0.01,-0.05,2300000,49.0,0.0
453203,2013,28,0.84,,498000,,
453203,2014,29,-0.46,,519000,,
453203,2015,30,0.27,0.03,550000,1.0,0.0
453203,2016,31,0.26,,,,
453203,2017,32,0.13,,,,
453203,2018,33,0.11,,,,
453211,2013,28,0.85,,2825000,,
453211,2014,29,2.31,,4100000,,
453211,2015,30,-0.31,,5825000,,
453211,2016,31,-0.54,,507500,,
453211,2017,32,-0.46,,,,
453214,2013,28,,-0.1,,4.0,1.0
453214,2014,29,0.0,0.21,502000,6.0,1.0
453214,2015,30,-0.03,0.5,510500,16.0,9.0
453214,2016,31,-0.06,1.88,514500,24.0,24.0
453214,2017,32,,-0.77,593500,5.0,5.0
453214,2018,33,0.0,1.43,1100000,20.0,4.0
453214,2019,34,,-0.11,1375000,6.0,0.0
453222,2014,29,,-0.63,,26.0,19.0
453222,2015,30,0.0,0.08,,18.0,0.0
453222,2016,31,,-0.1,,3.0,0.0
453241,2013,28,-0.04,-0.22,,4.0,1.0
453241,2014,29,-0.01,0.25,,3.0,3.0
453249,2013,28,-0.13,-0.7,,11.0,4.0
453249,2014,29,-0.03,-0.42,,20.0,0.0
453249,2015,30,0.0,1.73,,32.0,0.0
453249,2016,31,0.0,0.42,760000,53.0,0.0
453264,2013,28,0.0,0.16,497500,50.0,0.0
453264,2014,29,0.0,-0.25,516000,7.0,0.0
453264,2015,30,0.0,-0.4,,5.0,0.0
453265,2013,28,-0.04,1.51,505500,67.0,0.0
453265,2014,29,0.05,2.57,518500,78.0,0.0
453265,2015,30,0.0,2.45,1750000,77.0,0.0
453265,2016,31,0.01,1.28,3450000,70.0,0.0
453265,2017,32,-0.01,0.9400000000000001,5600000,71.0,0.0
453265,2018,33,0.0,2.0,3000000,72.0,0.0
453265,2019,34,0.0,0.37,3500000,60.0,0.0
453265,2020,35,,0.16,3000000,21.0,0.0
453265,2021,36,-0.01,0.81,1000000,62.0,0.0
453268,2013,28,,-0.02,,2.0,0.0
453268,2020,35,,0.8,,23.0,0.0
453268,2021,36,0.06,-0.3,2925000,67.0,0.0
453268,2022,37,0.0,3.67,4400000,57.0,0.0
453268,2023,38,,0.04,9500000,50.0,0.0
453269,2013,28,0.13,,1500000,,
453269,2014,29,-0.51,,,,
453269,2015,30,-1.34,,1250000,,
453281,2013,28,-0.01,-0.8,491500,17.0,7.0
453281,2014,29,0.0,0.32,,11.0,3.0
453281,2016,31,-0.01,0.51,,19.0,8.0
453281,2017,32,0.01,0.22,750000,50.0,0.0
453281,2018,33,0.06,2.24,700000,32.0,27.0
453281,2019,34,0.09,0.07,450000,26.0,8.0
453281,2020,35,,-0.33,100000,6.0,6.0
453281,2021,36,-0.14,0.32999999999999996,700000,18.0,9.0
453284,2013,28,0.0,0.68,,49.0,0.0
453284,2014,29,0.0,-0.13,,18.0,0.0
453284,2016,31,,0.11,,17.0,0.0
453284,2017,32,0.0,1.72,560000,71.0,0.0
453284,2018,33,0.0,1.25,1800000,67.0,0.0
453284,2019,34,-0.01,0.28,1800000,60.0,2.0
453284,2020,35,0.0,0.56,,14.0,1.0
453284,2021,36,0.0,0.91,570500,47.0,0.0
453286,2013,28,0.06,6.49,6725000,32.0,32.0
453286,2014,29,-0.05,5.75,15525000,33.0,33.0
453286,2015,30,0.47,6.94,17142000,33.0,33.0
453286,2016,31,0.11,6.28,22143000,34.0,34.0
453286,2017,32,0.31,7.18,22143000,31.0,31.0
453286,2018,33,0.77,7.91,22143000,33.0,33.0
453286,2019,34,0.02,5.28,37505562,27.0,27.0
453286,2020,35,,2.18,35920616,12.0,12.0
453286,2021,36,-0.74,6.07,34503480,30.0,30.0
453286,2022,37,,5.26,43333333,23.0,23.0
453286,2023,38,,3.05,43333333,27.0,27.0
453286,2024,39,,0.33,43333334,9.0,9.0
453286,2025,40,,0.32,15500000,17.0,17.0
453286,2026,41,,-0.94,3000000,7.0,7.0
453301,2013,28,,-0.63,500000,4.0,2.0
453307,2013,28,,-0.18,493600,14.0,2.0
453307,2014,29,0.02,0.47,505000,46.0,0.0
453307,2015,30,-0.01,-0.23,,3.0,1.0
453307,2016,31,,-0.51,,2.0,2.0
453311,2013,29,-0.11,-0.47,22000000,32.0,32.0
453311,2014,30,-0.1,-1.06,17000000,33.0,26.0
453311,2015,31,0.08,0.28,18000000,15.0,15.0
453311,2016,32,,-1.56,2500000,9.0,9.0
453329,2013,28,,4.26,5500000,16.0,16.0
453329,2014,29,0.05,-1.64,7700000,28.0,28.0
453329,2015,30,-0.09,2.68,12000000,18.0,18.0
453329,2016,31,0.02,0.07,13000000,37.0,21.0
453329,2017,32,-0.03,-0.38,13500000,2.0,2.0
453329,2018,33,-0.19,2.8,,16.0,16.0
453329,2019,34,,-0.51,3000000,12.0,12.0
453343,2013,28,0.0,2.11,521000,72.0,0.0
453343,2014,29,0.0,2.39,2595000,72.0,0.0
453343,2015,30,0.0,1.84,5400000,78.0,0.0
453343,2016,31,0.0,2.84,9650000,75.0,0.0
453343,2017,32,0.0,0.14,9000000,32.0,0.0
453343,2018,33,0.0,0.16,20000000,41.0,0.0
453343,2019,34,0.0,1.05,14000000,66.0,0.0
453343,2020,35,0.0,0.97,,23.0,0.0
453343,2021,36,0.02,2.12,2000000,64.0,0.0
453343,2022,37,0.0,-0.8,6000000,62.0,0.0
453344,2013,28,,-0.53,8000000,10.0,10.0
453344,2014,29,-0.03,-0.28,8000000,13.0,6.0
453344,2015,30,-0.08,1.0,2500000,5.0,5.0
453344,2016,31,0.0,0.42,,18.0,0.0
453344,2017,32,0.0,1.15,,45.0,0.0
453344,2018,33,-0.01,1.3,9000000,35.0,0.0
453353,2013,27,0.0,-0.33,,6.0,5.0
453362,2013,27,-0.61,,495000,,
453362,2014,28,-0.12,,,,
453385,2013,29,0.12,-1.68,5240000,12.0,11.0
453385,2015,31,0.07,0.38,,23.0,3.0
453385,2016,32,-0.11,0.39,2000000,36.0,9.0
453385,2017,33,0.05,0.67,1750000,32.0,32.0
453385,2018,34,0.06,-0.93,3000000,27.0,27.0
453385,2019,35,,-0.28,3000000,10.0,10.0
453400,2013,28,2.47,,2875000,,
453400,2014,29,-0.46,,4750000,,
453400,2015,30,-0.86,,6000000,,
453400,2016,31,-0.65,,507500,,
453515,2013,31,0.0,0.78,,24.0,0.0
453527,2021,36,-0.08,,,,
453531,2013,30,-0.26,0.01,,1.0,0.0
453539,2013,31,-0.41,0.01,725000,1.0,0.0
453539,2014,32,1.73,,800000,,
453539,2015,33,0.76,,1750000,,
453562,2013,27,-0.07,0.27999999999999997,516500,14.0,14.0
453562,2014,28,0.27,5.34,500000,25.0,25.0
453562,2015,29,0.28,8.33,3630000,33.0,33.0
453562,2016,30,0.78,3.7,10700000,31.0,31.0
453562,2017,31,0.0,1.89,15637500,30.0,30.0
453562,2018,32,0.13,2.37,30000000,31.0,31.0
453562,2019,33,0.04,0.69,25000000,24.0,24.0
453562,2020,34,,0.77,20000000,9.0,9.0
453562,2021,35,0.16,-2.75,4000000,24.0,24.0
453568,2013,26,0.59,,,,
453568,2014,27,2.02,,501000,,
453568,2015,28,1.87,,517500,,
453568,2016,29,4.6,,3500000,,
453568,2017,30,5.5,,7300000,,
453568,2018,31,0.97,,12500000,,
453568,2019,32,2.34,,21500000,,
453568,2020,33,1.01,,21500000,,
453568,2021,34,1.04,,21500000,,
453568,2022,35,0.18,,21000000,,
453568,2023,36,1.4,,15000000,,
453568,2024,37,0.5,,13000000,,
453646,2013,29,-0.09,1.47,5000000,47.0,15.0
453646,2014,30,-0.19,-0.09,5000000,42.0,5.0
453646,2015,31,-0.15,0.91,2000000,35.0,0.0
453646,2016,32,-0.06,-1.13,1500000,51.0,0.0
453857,2013,29,-0.4,,,,
453895,2013,31,0.29000000000000004,,3250000,,
453895,2014,32,-0.74,,2000000,,
453895,2015,33,-0.03,0.07,2000000,1.0,0.0
453895,2016,34,-0.23,,,,
453923,2013,29,2.57,,1350000,,
453923,2014,30,1.8,,2525000,,
453923,2015,31,0.98,,3600000,,
453923,2016,32,-1.0,,3900000,,
453923,2017,33,-0.17,,1000000,,
453923,2018,34,-0.82,,1000000,,
453943,2013,27,2.9,,527500,,
453943,2014,28,4.66,,600000,,
453943,2015,29,3.74,,4500000,,
453943,2016,30,3.59,,8250000,,
453943,2017,31,2.98,,12000000,,
453943,2018,32,2.66,,8000000,,
453943,2019,33,2.3,,9000000,,
453943,2020,34,0.21000000000000002,0.04,3500000,1.0,0.0
453943,2021,35,-0.4,,100000,,
453974,2013,27,-0.07,,1000000,,
454537,2013,32,0.0,0.76,2000000,71.0,0.0
454537,2014,33,0.0,0.08,3250000,68.0,0.0
454560,2013,32,2.5,,2000000,,
454560,2014,33,0.17,,3550000,,
454560,2015,34,1.78,,4250000,,
454560,2016,35,-0.04999999999999999,,4500000,,
454560,2017,36,0.59,,2500000,,
454560,2018,37,0.21,,1250000,,
454975,2016,32,0.16,,,,
454998,2013,31,0.57,,,,
455009,2013,29,0.0,-0.44,4000000,34.0,0.0
455009,2014,30,0.0,1.54,7000000,62.0,0.0
455009,2015,31,0.0,-0.08000000000000002,9000000,66.0,0.0
455009,2016,32,0.0,0.11,3750000,66.0,0.0
455009,2017,33,0.0,-0.29,3750000,20.0,0.0
455077,2013,27,1.46,,508500,,
455077,2014,28,-0.73,-0.02,1400000,1.0,0.0
455088,2013,27,0.04,,,,
455092,2014,28,0.0,0.15,575000,7.0,0.0
455104,2013,30,1.73,,5050000,,
455104,2014,31,2.27,,4975000,,
455104,2015,32,0.67,,5525000,,
455104,2016,33,0.07,,4250000,,
455104,2017,34,1.79,,1500000,,
455104,2018,35,-0.55,,3600000,,
455104,2019,36,-0.52,,4150000,,
455117,2013,26,-0.16,,494000,,
455117,2014,27,0.75,0.03,502000,1.0,0.0
455117,2015,28,0.16,,825000,,
455117,2016,29,0.75,,1125000,,
455117,2017,30,1.67,,1725000,,
455117,2018,31,0.33999999999999997,,3900000,,
455117,2019,32,1.2200000000000002,,2500000,,
455117,2020,33,0.82,,3500000,,
455117,2021,34,-0.01,,3500000,,
455117,2022,35,0.36,,5000000,,
455117,2023,36,0.33,-0.13,4000000,1.0,0.0
455117,2024,37,-1.34,,4000000,,
455117,2025,38,-0.2,,1000000,,
455119,2014,28,0.0,-0.31,,16.0,0.0
455119,2015,29,0.0,-0.11,511025,24.0,0.0
455119,2018,32,0.0,0.63,1750000,46.0,0.0
455119,2019,33,0.0,1.59,2250000,58.0,0.0
455119,2020,34,,1.21,7000000,19.0,0.0
455119,2021,35,0.0,0.36,7000000,46.0,0.0
455119,2022,36,0.0,1.0,2500000,60.0,0.0
455119,2023,37,0.0,3.22,8000000,55.0,0.0
455119,2024,38,0.0,0.12,9500000,45.0,0.0
455119,2025,39,,-0.07,5500000,49.0,0.0
455119,2026,40,,-0.78,4000000,16.0,0.0
455126,2013,27,-0.76,,491000,,
455126,2014,28,-0.1,,,,
455139,2013,29,-0.16,,,,
455139,2014,30,2.57,,502232,,
455139,2015,31,1.69,,518290,,
455139,2016,32,0.78,,1550000,,
455139,2017,33,2.5,,1950000,,
455139,2018,34,1.78,,2250000,,
455139,2019,35,3.82,,5750000,,
455139,2020,36,-0.74,,5500000,,
455139,2021,37,0.17,,,,
455139,2022,38,0.06,,900000,,
455167,2013,33,-0.29,,550000,,
455369,2013,27,0.94,,550000,,
455369,2014,28,0.44,,700000,,
455369,2016,30,0.27,,,,
455374,2013,27,0.0,1.29,1400000,48.0,0.0
455374,2014,28,0.05,0.06,2000000,67.0,0.0
455374,2015,29,-0.02,0.93,3100000,66.0,0.0
455374,2016,30,0.0,-0.13,5375000,69.0,0.0
455374,2017,31,0.05,-0.74,6625000,9.0,0.0
455376,2017,30,,-0.27,,6.0,0.0
455378,2014,26,-0.26,,,,
455755,2013,31,-0.05,,515100,,
455755,2014,32,0.54,,1000000,,
455755,2015,33,0.44,,1225000,,
455755,2016,34,-0.29,,1350000,,
455755,2017,35,-0.92,,1400000,,
455755,2018,36,-0.07,,575000,,
455759,2013,29,-0.37,,8500000,,
455759,2014,30,1.1,,7250000,,
455759,2015,31,1.02,,2500000,,
455759,2016,32,1.45,,6500000,,
455759,2017,33,-0.2,,6500000,,
455759,2018,34,-0.69,,2000000,,
455976,2013,29,0.39,,15000000,,
455976,2014,30,1.87,,15000000,,
455976,2015,31,1.9,,11000000,,
455976,2016,32,1.7,,11000000,,
455976,2017,33,0.89,,11000000,,
455976,2018,34,2.64,,11000000,,
455976,2019,35,0.79,,4000000,,
455976,2020,36,-0.16,,4000000,,
456027,2013,30,-0.22,1.04,,16.0,7.0
456027,2015,32,0.0,0.27,,21.0,0.0
456027,2016,33,0.0,0.19,800000,64.0,0.0
456030,2013,29,6.05,,10000000,,
456030,2014,30,3.88,,12500000,,
456030,2015,31,2.71,,12500000,,
456030,2016,32,5.35,,13000000,,
456030,2017,33,2.6,,15000000,,
456030,2018,34,-0.13,,16000000,,
456030,2019,35,-0.56,,15000000,,
456034,2013,27,-0.09,2.62,10112500,27.0,27.0
456034,2014,28,-0.05,4.38,14000000,34.0,34.0
456034,2015,29,-0.15000000000000002,6.33,19750000,32.0,32.0
456034,2016,30,-0.1,2.88,30000000,35.0,35.0
456034,2017,31,0.06,1.54,30000000,16.0,11.0
456034,2018,32,,3.69,30000000,30.0,30.0
456034,2019,33,0.05,1.54,31000000,22.0,22.0
456034,2021,35,0.16,0.67,32000000,39.0,11.0
456034,2022,36,0.0,0.69,32000000,40.0,0.0
456043,2013,30,0.01,-0.89,1375000,5.0,4.0
456045,2013,27,0.02,0.03,,18.0,0.0
456045,2014,28,,0.12,,3.0,0.0
456051,2013,26,,-0.35,,12.0,1.0
456051,2014,27,-0.05,0.2699999999999999,512400,33.0,27.0
456051,2015,28,0.0,-0.54,1950000,10.0,5.0
456051,2019,32,0.03,-0.74,,12.0,4.0
456068,2013,29,0.02,1.65,502000,30.0,28.0
456068,2014,30,-0.07,2.27,529000,27.0,26.0
456068,2015,31,-0.01,0.26,3275000,26.0,26.0
456068,2016,32,-0.01,2.15,,24.0,23.0
456068,2017,33,-0.010000000000000009,1.5699999999999998,5900000,27.0,27.0
456068,2018,34,,-0.71,4750000,3.0,3.0
456071,2014,28,0.03,0.16,,16.0,10.0
456071,2015,29,-0.13,0.97,,19.0,10.0
456071,2016,30,0.01,-0.48,,2.0,0.0
456078,2013,26,3.98,,503000,,
456078,2014,27,1.32,,530000,,
456078,2015,28,1.0,,2100000,,
456078,2016,29,2.08,,3700000,,
456078,2017,30,2.26,,6000000,,
456078,2018,31,0.45,,7250000,,
456078,2019,32,-0.27,,7250000,,
456121,2013,32,4.18,,2000000,,
456121,2014,33,0.05000000000000002,,2250000,,
456121,2015,34,-0.07,0.01,2600000,1.0,0.0
456124,2013,33,-0.27,,496000,,
456124,2014,34,0.32,,510200,,
456124,2015,35,-0.13,,532500,,
456124,2016,36,-1.12,-0.04000000000000001,850000,2.0,0.0
456124,2017,37,0.11,,,,
456124,2018,38,-0.01,-0.02,,3.0,0.0
456124,2019,39,-0.52,,,,
456124,2020,40,0.37,-0.03,100000,2.0,0.0
456167,2013,25,-0.01,2.7,492500,32.0,32.0
456167,2016,28,-0.03,1.01,,23.0,23.0
456167,2017,29,-0.02,0.0,2000000,18.0,15.0
456379,2013,27,0.0,0.15,500000,53.0,0.0
456379,2014,28,0.0,1.8,837500,72.0,0.0
456379,2015,29,0.0,0.35,1725000,67.0,0.0
456379,2016,30,,-0.11,1100000,2.0,0.0
456379,2017,31,0.0,0.51,,21.0,0.0
456387,2014,28,,-0.11,,6.0,0.0
456387,2019,33,,-0.25,,2.0,1.0
456422,2013,30,2.33,,7000000,,
456422,2014,31,0.93,,13500000,,
456422,2015,32,0.09999999999999998,,13500000,,
456422,2016,33,-0.07999999999999999,,,,
456488,2013,26,-1.46,,533300,,
456488,2014,27,-0.12,,,,
456488,2015,28,1.23,,1025000,,
456488,2016,29,1.63,,1475000,,
456488,2017,30,1.16,,4200000,,
456488,2018,31,-0.81,,4000000,,
456488,2019,32,-1.51,-0.02,5000000,1.0,0.0
456488,2020,33,0.03,,100000,,
456496,2015,31,0.0,-0.19,,26.0,0.0
456501,2013,27,-0.07,1.28,7400000,11.0,11.0
456501,2014,28,-0.03,6.59,10000000,34.0,34.0
456501,2015,29,0.0,3.9699999999999998,10000000,32.0,32.0
456501,2016,30,-0.21,5.4,15833333,32.0,32.0
456501,2017,31,-0.11,1.93,21833333,25.0,25.0
456501,2018,32,-0.16,1.41,21833333,9.0,9.0
456501,2019,33,-0.05,0.05,21833333,4.0,4.0
456501,2020,34,,0.07,21833334,12.0,12.0
456501,2021,35,-0.02,0.86,21833334,22.0,21.0
456501,2022,36,,3.46,,25.0,24.0
456501,2023,37,,0.04,6000000,13.0,10.0
456501,2024,38,,-0.18,,2.0,2.0
456655,2014,29,-0.45,,,,
456662,2013,27,0.0,-0.45,497000,28.0,0.0
456665,2013,30,0.7,,700000,,
456665,2014,31,5.82,,700000,,
456665,2015,32,-0.04,,3700000,,
456665,2016,33,2.3600000000000003,,4750000,,
456665,2017,34,0.38,,6250000,,
456665,2018,35,1.52,,6250000,,
456665,2019,36,-0.5,,6250000,,
456696,2013,28,0.0,-0.78,1250000,62.0,0.0
456696,2015,30,0.0,-0.16,2000000,40.0,0.0
456696,2016,31,0.0,0.9,3900000,70.0,0.0
456696,2017,32,0.0,0.9600000000000001,535000,64.0,0.0
456696,2018,33,-0.01,1.85,2500000,57.0,0.0
456696,2019,34,0.0,-1.77,2500000,47.0,0.0
456701,2013,27,0.06,2.83,5350000,32.0,32.0
456701,2014,28,0.07,1.44,9000000,23.0,23.0
456701,2015,29,-0.05,-0.06,10000000,2.0,2.0
456701,2016,30,-0.05,-0.47,18000000,6.0,6.0
456701,2017,31,0.22,-0.86,19000000,18.0,18.0
456701,2018,32,-0.07,-1.36,21000000,20.0,20.0
456701,2019,33,0.08,2.1799999999999997,100000,31.0,31.0
456701,2020,34,,0.15,7000000,2.0,2.0
456713,2016,30,0.0,2.12,,58.0,0.0
456713,2017,31,0.0,0.3,544920,57.0,0.0
456713,2018,32,0.0,0.25,555950,21.0,0.0
456713,2021,35,,-0.06,,4.0,0.0
456713,2022,36,,-0.03999999999999998,,65.0,6.0
456713,2023,37,,-0.81,1850000,12.0,0.0
456714,2013,27,1.52,,8000000,,
456714,2014,28,-0.14,,8000000,,
456714,2015,29,-0.67,,6666000,,
456714,2016,30,-0.06,,11667000,,
456715,2013,27,3.13,,503175,,
456715,2014,28,4.38,,546000,,
456715,2015,29,6.9,,2725000,,
456715,2016,30,3.05,,6500000,,
456715,2017,31,5.45,,11000000,,
456715,2018,32,6.82,,14000000,,
456715,2019,33,2.61,,15000000,,
456715,2020,34,0.23,,16000000,,
456715,2021,35,2.29,,17000000,,
456715,2022,36,-0.36,,18000000,,
456776,2013,25,0.0,1.91,,39.0,0.0
456776,2014,26,-0.01,-0.04,509000,70.0,0.0
456776,2015,27,-0.01,0.11,522900,39.0,0.0
456781,2013,25,0.06,,491500,,
456781,2014,26,-0.27,,511500,,
456781,2015,27,-0.45,,531500,,
456781,2016,28,0.02,,,,
456781,2019,31,1.54,,,,
456781,2020,32,1.45,,1375000,,
456781,2021,33,1.13,,3250000,,
456781,2022,34,0.93,,4500000,,
456781,2023,35,1.6,,2000000,,
456781,2024,36,0.97,,,,
456781,2025,37,-0.11000000000000001,,3500000,,
457117,2013,27,0.0,0.66,,67.0,0.0
457117,2014,28,0.0,-1.65,3800000,48.0,0.0
457117,2015,29,0.0,-0.03,800000,22.0,0.0
457117,2017,31,,0.03,,6.0,0.0
457133,2013,27,0.05,,490000,,
457425,2014,31,,-0.81,800000,23.0,0.0
457428,2013,28,0.11,-0.84,3025000,6.0,6.0
457429,2013,28,0.0,0.6,3150000,61.0,0.0
457429,2014,29,0.0,-0.97,4750000,35.0,0.0
457429,2015,30,0.0,0.59,5500000,60.0,0.0
457429,2016,31,0.0,0.59,6250000,66.0,0.0
457429,2017,32,0.0,0.01,5500000,38.0,0.0
457429,2018,33,0.0,-0.16,1875000,16.0,0.0
457435,2013,30,0.0,-0.21,1850000,49.0,0.0
457435,2014,31,0.0,0.37,1900000,62.0,0.0
457435,2015,32,0.0,-0.15,2250000,18.0,0.0
457435,2016,33,0.0,0.09999999999999998,,6.0,0.0
457448,2013,27,,-0.39,5200000,2.0,2.0
457448,2014,28,,0.22,8200000,4.0,4.0
457448,2015,29,0.07,-0.1,,3.0,3.0
457449,2014,28,-0.26,,,,
457449,2015,29,-0.05,,,,
457453,2013,27,,0.01,,2.0,1.0
457453,2014,28,0.0,-0.36,,2.0,2.0
457454,2013,28,2.89,,4500000,,
457454,2014,29,0.51,,6000000,,
457454,2015,30,0.69,,,,
457454,2016,31,-0.51,,507500,,
457454,2017,32,-0.6,,1250000,,
457454,2018,33,-0.25,,100000,,
457456,2015,30,,0.01,,1.0,0.0
457456,2016,31,,-0.04,,1.0,0.0
457477,2013,29,0.55,,2075000,,
457477,2014,30,1.18,,4250000,,
457477,2015,31,0.75,,5000000,,
457477,2016,32,-0.4,,5750000,,
457477,2017,33,-0.12,,,,
457517,2014,30,-0.12,,,,
457566,2013,30,-0.02,-1.32,550000,32.0,0.0
457574,2013,27,-1.62,,491000,,
457574,2014,28,-0.63,,502000,,
457574,2015,29,-0.26,,900000,,
457574,2016,30,-0.71,,,,
457705,2013,26,7.81,,4500000,,
457705,2014,27,6.38,,7250000,,
457705,2015,28,4.93,,10000000,,
457705,2016,29,-0.36,,13000000,,
457705,2017,30,3.07,,14000000,,
457705,2018,31,2.64,,14750000,,
457705,2019,32,1.74,,10000000,,
457705,2020,33,-0.09,,17000000,,
457705,2021,34,1.15,,20000000,,
457705,2022,35,0.95,,8500000,,
457705,2023,36,1.39,,5000000,,
457705,2024,37,0.9,,5000000,,
457705,2025,38,-0.04,,5000000,,
457705,2026,39,-0.37,,,,
457706,2013,26,3.49,,3500000,,
457706,2014,27,1.53,,6000000,,
457706,2015,28,1.45,,7700000,,
457706,2016,29,-0.13,,5000000,,
457706,2017,30,1.85,,1500000,,
457706,2018,31,-1.42,,,,
457707,2014,27,0.0,-0.34,,2.0,0.0
457708,2013,25,2.8,,9750000,,
457708,2014,26,3.07,,14250000,,
457708,2015,27,4.11,,14500000,,
457708,2016,28,1.7,,22125000,,
457708,2017,29,5.63,,22125000,,
457708,2018,30,3.73,,16000000,,
457708,2019,31,-0.95,,18000000,,
457708,2020,32,-0.55,,21000000,,
457708,2021,33,-0.73,,23000000,,
457708,2022,34,-0.34,,,,
457711,2013,25,0.04,0.11,,7.0,3.0
457711,2014,26,-0.04,-0.2,,3.0,2.0
457711,2015,27,-0.06,-0.53,,13.0,13.0
457711,2016,28,,-0.37,,5.0,4.0
457727,2013,26,-0.81,,3000000,,
457727,2014,27,0.1,,5000000,,
457727,2015,28,0.46,,7000000,,
457727,2016,29,1.64,,8000000,,
457727,2017,30,1.43,,9000000,,
457727,2018,31,0.5499999999999999,,3250000,,
457727,2019,32,1.6,,,,
457727,2020,33,-0.039999999999999994,,1500000,,
457727,2021,34,-0.32,,,,
457732,2013,29,0.0,0.29,4100000,30.0,0.0
457732,2015,31,0.0,-0.18,,10.0,0.0
457732,2016,32,0.0,-0.21000000000000002,,45.0,0.0
457732,2017,33,0.0,0.15,1000000,4.0,0.0
457744,2014,27,,0.22,,7.0,0.0
457744,2015,28,0.0,-0.23,520000,41.0,0.0
457754,2014,26,0.0,-0.04,,9.0,0.0
457754,2015,27,0.0,0.039999999999999994,508500,22.0,0.0
457754,2018,30,,0.06,,9.0,0.0
457754,2019,31,,0.19,555900,9.0,0.0
457759,2013,28,0.5,,504547,,
457759,2014,29,4.09,,1000000,,
457759,2015,30,3.62,,2500000,,
457759,2016,31,5.14,,5100000,,
457759,2017,32,5.77,,13000000,,
457759,2018,33,4.87,,12000000,,
457759,2019,34,3.86,,19000000,,
457759,2020,35,1.44,,20000000,,
457759,2021,36,3.46,0.03,12000000,1.0,0.0
457759,2022,37,2.32,,20000000,,
457759,2023,38,2.1,,8300000,,
457759,2024,39,1.4200000000000002,,13000000,,
457759,2025,40,-0.09,,6000000,,
457760,2015,30,-0.34,,,,
457762,2013,26,-0.38,,,,
457762,2014,27,-0.05,,,,
457762,2015,28,0.07,,,,
457763,2013,26,5.33,,8000000,,
457763,2014,27,5.08,,12500000,,
457763,2015,28,5.94,,16500000,,
457763,2016,29,4.7,,20000000,,
457763,2017,30,4.05,,21400000,,
457763,2018,31,2.97,,22177778,,
457763,2019,32,0.75,,22177778,,
457763,2021,34,3.56,,22177778,,
457768,2013,26,0.01,0.38,,55.0,0.0
457768,2014,27,-0.01,1.99,511500,60.0,0.0
457768,2015,28,0.0,0.29,531500,67.0,0.0
457768,2016,29,-0.01,0.23,1350000,24.0,0.0
457768,2017,30,0.0,-0.26,,20.0,0.0
457775,2013,26,3.09,,501800,,
457775,2014,27,3.21,,517000,,
457775,2015,28,0.46,,3100000,,
457775,2016,29,0.92,,3300000,,
457779,2013,26,0.0,-0.83,495800,25.0,0.0
457779,2014,27,,0.3,504576,12.0,0.0
457779,2016,29,0.0,-0.5700000000000001,,2.0,0.0
457787,2013,26,-0.52,,526250,,
457787,2014,27,-0.07,,540580,,
457787,2015,28,2.26,,1800000,,
457787,2016,29,1.7,,2875000,,
457787,2017,30,-0.8699999999999999,,5425000,,
457788,2013,26,0.96,,512500,,
457788,2014,27,-0.17,,1090000,,
457788,2015,28,-0.54,,1550000,,
457789,2013,26,-0.05,,,,
457789,2014,27,0.11000000000000001,,515000,,
457789,2015,28,0.1,,,,
457789,2016,29,0.2,,,,
457803,2013,26,5.24,,7500000,,
457803,2014,27,-0.84,,10000000,,
457803,2015,28,0.85,,12000000,,
457803,2016,29,0.9700000000000001,,12500000,,
457803,2017,30,2.73,,13000000,,
457803,2018,31,-0.77,,11000000,,
457803,2019,32,0.59,,14000000,,
457803,2020,33,0.17,,,,
457803,2021,34,-0.43,,1350000,,
457915,2013,27,0.0,-0.34,,9.0,0.0
457915,2014,28,0.0,1.1,,42.0,0.0
457915,2015,29,,0.1,937500,3.0,0.0
457915,2016,30,0.0,-0.05,,7.0,0.0
457915,2017,31,-0.01,0.31,,16.0,0.0
457915,2018,32,0.0,-0.91,,32.0,0.0
457915,2019,33,-0.07,0.26,800000,51.0,0.0
457915,2020,34,,0.33,,14.0,0.0
457915,2021,35,-0.01,-0.64,100000,6.0,0.0
457918,2013,30,,0.09,3700000,18.0,18.0
457918,2014,31,-0.05,1.14,5200000,30.0,26.0
457918,2015,32,-0.12000000000000001,3.2199999999999998,6700000,32.0,31.0
457918,2016,33,0.27,4.48,10000000,32.0,32.0
457918,2017,34,-0.03,3.16,13000000,25.0,25.0
457918,2018,35,0.11,2.88,13000000,31.0,31.0
457918,2019,36,-0.03,1.36,17000000,31.0,30.0
457918,2020,37,,1.21,17000000,9.0,9.0
457918,2021,38,-0.1,-1.29,8000000,30.0,30.0
457926,2013,30,-0.39,,725000,,
457926,2015,32,0.43,,,,
457926,2016,33,-0.03,,,,
457926,2017,34,-0.55,,,,
457935,2013,31,,0.26,,7.0,0.0
457935,2014,32,0.0,-0.41,,13.0,0.0
458006,2013,30,0.0,0.59,1750000,56.0,0.0
458006,2014,31,,0.5,2250000,8.0,0.0
458006,2015,32,,1.42,1500000,30.0,0.0
458006,2016,33,0.12,-1.95,2000000,58.0,1.0
458006,2017,34,0.0,2.46,1150000,63.0,0.0
458006,2018,35,0.0,-1.66,2500000,34.0,0.0
458006,2019,36,0.0,-0.11,2500000,67.0,0.0
458015,2013,29,6.64,,17000000,,
458015,2014,30,1.69,,12000000,,
458015,2015,31,7.73,,14000000,,
458015,2016,32,4.27,,20000000,,
458015,2017,33,7.85,,22000000,,
458015,2018,34,3.46,,25000000,,
458015,2019,35,1.22,,25000000,,
458015,2020,36,0.06,,25000000,,
458015,2021,37,3.33,,25000000,,
458015,2022,38,-0.15,,25000000,,
458015,2023,39,-0.13,,25000000,,
458085,2013,28,-0.15,,503500,,
458085,2014,29,0.75,,,,
458085,2015,30,2.1,,2505000,,
458085,2016,31,-0.6400000000000001,,4800000,,
458085,2017,32,-0.5,,535000,,
458094,2013,27,,-0.23,,3.0,0.0
458155,2013,30,,0.15,,2.0,0.0
458210,2013,28,0.45,,1700000,,
458210,2014,29,-0.19,,,,
458252,2013,30,0.02,,492025,,
458252,2014,31,-0.28,,,,
458501,2013,29,-0.49000000000000005,,505000,,
458530,2013,26,0.0,0.1,,10.0,0.0
458537,2016,31,0.0,-0.25,1000000,9.0,0.0
458550,2013,27,-0.36,-0.61,500625,24.0,23.0
458582,2013,27,-0.98,,499000,,
458582,2014,28,-0.59,,,,
458582,2015,29,-0.16,,,,
458582,2016,30,-0.1,,,,
458584,2013,26,0.0,-0.32,495900,16.0,0.0
458584,2014,27,0.0,-0.05,507800,9.0,0.0
458584,2015,28,0.0,1.2,516500,66.0,0.0
458584,2016,29,0.0,0.56,524100,54.0,0.0
458584,2017,30,,-0.57,1300000,9.0,0.0
458584,2018,31,0.0,0.94,,48.0,0.0
458584,2019,32,0.0,0.14,900000,5.0,0.0
458668,2013,26,0.42,,,,
458668,2014,27,-0.32,,,,
458668,2015,28,-0.1,,,,
458669,2014,27,,-0.2,,3.0,0.0
458675,2013,26,4.96,,4675000,,
458675,2014,27,1.12,,7000000,,
458675,2015,28,2.97,,8000000,,
458675,2016,29,2.56,,15800000,,
458675,2017,30,1.16,,5000000,,
458675,2018,31,-0.16,,3000000,,
458676,2013,26,,-0.01,500100,8.0,5.0
458676,2014,27,,0.03,,1.0,1.0
458676,2017,30,-0.03,-0.17,,4.0,0.0
458676,2020,33,,0.21,3041667,12.0,10.0
458676,2021,34,-0.01,-0.61,3041666,8.0,0.0
458677,2013,25,-0.08,1.88,493500,58.0,0.0
458677,2014,26,-0.01,-0.38,515000,70.0,0.0
458677,2015,27,0.0,1.5,556000,74.0,0.0
458677,2016,28,0.0,0.58,1525000,66.0,0.0
458677,2017,29,0.0,1.56,2700000,65.0,0.0
458677,2018,30,-0.01,0.57,4250000,71.0,0.0
458677,2019,31,0.0,1.21,5000000,45.0,0.0
458677,2020,32,,0.23,5000000,23.0,0.0
458677,2021,33,0.0,-0.050000000000000044,2850000,42.0,0.0
458677,2022,34,,0.13,2300000,5.0,0.0
458677,2024,36,0.0,-0.23,1500000,60.0,0.0
458677,2025,37,,0.26,2250000,61.0,0.0
458678,2015,28,0.0,-0.13,,21.0,0.0
458678,2016,29,0.01,-0.27,,4.0,0.0
458681,2013,26,-0.19,2.11,513000,33.0,33.0
458681,2014,27,-0.13,3.63,535000,33.0,33.0
458681,2015,28,0.02,3.42,7000000,31.0,31.0
458681,2017,30,-0.25,3.2,7500000,33.0,33.0
458681,2018,31,-0.04,0.42,12000000,31.0,29.0
458681,2019,32,-0.03,7.7,9333333,33.0,33.0
458681,2020,33,,2.19,11333334,13.0,13.0
458681,2021,34,0.02,5.43,,28.0,28.0
458681,2022,35,,0.74,,21.0,21.0
458681,2023,36,,-0.8800000000000001,18500000,32.0,32.0
458681,2024,37,,0.19,10000000,23.0,23.0
458689,2014,27,-0.21,,,,
458689,2015,28,0.07,,,,
458690,2013,26,0.0,-0.37,1500000,6.0,0.0
458690,2015,28,0.0,0.07,,1.0,0.0
458690,2017,30,,0.17,,6.0,2.0
458690,2018,31,0.0,-0.63,,33.0,1.0
458691,2013,26,-0.37,,,,
458708,2013,28,,0.06,501800,1.0,0.0
458708,2014,29,-0.02,-0.37,800000,25.0,16.0
458708,2015,30,,1.95,1500000,10.0,10.0
458708,2016,31,0.13,1.03,2250000,30.0,29.0
458708,2017,32,-0.02,0.69,2500000,26.0,26.0
458708,2018,33,0.0,-0.84,3000000,32.0,9.0
458708,2019,34,-0.08,1.19,1250000,51.0,1.0
458708,2020,35,,0.46,100000,17.0,5.0
458708,2021,36,0.09,-0.77,1000000,35.0,0.0
458709,2013,28,0.08,-0.39,2500000,14.0,14.0
458709,2014,29,0.0,-0.46,1500000,5.0,0.0
458713,2013,29,-0.19,0.61,750000,20.0,14.0
458713,2014,30,-0.06,-0.32,800000,17.0,2.0
458720,2014,26,0.0,0.22,,9.0,0.0
458730,2013,28,0.0,0.83,1700000,49.0,0.0
458730,2014,29,0.0,-0.12,3700000,1.0,0.0
458730,2015,30,0.0,-0.88,3700000,30.0,0.0
458730,2016,31,,-0.07,,6.0,0.0
458731,2013,29,4.21,,2850000,,
458731,2014,30,3.79,,5600000,,
458731,2015,31,3.73,,12500000,,
458731,2016,32,3.22,,13500000,,
458731,2017,33,4.93,,12500000,,
458731,2018,34,3.27,,11500000,,
458731,2019,35,4.25,,7500000,,
458731,2020,36,0.73,,10000000,,
458731,2021,37,0.94,,2850000,,
458913,2013,28,-0.67,,492000,,
458913,2014,29,1.09,,1850000,,
458913,2015,30,-0.41000000000000003,,1000000,,
458913,2016,31,-0.05,,,,
458913,2017,32,0.75,,,,
458913,2018,33,-0.36,,,,
458919,2013,29,0.0,-0.78,504500,37.0,0.0
458919,2014,30,0.0,0.25,520000,7.0,0.0
458919,2015,31,0.0,-0.24999999999999997,,58.0,0.0
458924,2018,33,0.0,0.24000000000000002,,50.0,1.0
458924,2019,34,0.0,-1.07,2250000,12.0,0.0
458950,2013,30,,-1.57,800000,17.0,7.0
459429,2013,26,0.0,0.17,506200,71.0,0.0
459429,2014,27,0.0,2.7,1450000,73.0,0.0
459429,2015,28,0.0,0.93,3550000,39.0,0.0
459429,2016,29,0.0,0.32,4800000,57.0,0.0
459429,2017,30,0.0,1.4,5900000,62.0,0.0
459429,2018,31,0.0,-0.95,7000000,61.0,0.0
459429,2019,32,0.0,0.22,8500000,45.0,0.0
459429,2020,33,,0.45,,24.0,0.0
459429,2021,34,0.0,1.01,2000000,62.0,0.0
459429,2022,35,,-1.1099999999999999,2500000,42.0,0.0
459431,2013,26,1.45,,512600,,
459431,2014,27,2.48,,2300000,,
459431,2015,28,-0.17,,2875000,,
459431,2016,29,1.42,,2900000,,
459431,2017,30,-0.98,,8000000,,
459439,2014,32,,-0.03,,1.0,0.0
459932,2013,29,0.0,-0.93,493400,43.0,0.0
459932,2014,30,0.0,-0.06,,1.0,0.0
459939,2013,29,0.0,-1.1600000000000001,1475000,27.0,0.0
459964,2013,28,1.67,,2450000,,
459964,2014,29,1.46,,3700000,,
459964,2015,30,-0.9,,4750000,,
459964,2016,31,1.74,,1000000,,
459964,2017,32,2.08,,5000000,,
459964,2018,33,-0.22,,6000000,,
459964,2019,34,0.84,,1250000,,
459964,2020,35,-0.35,,100000,,
459964,2021,36,-0.58,,1500000,,
459967,2013,29,0.0,1.36,510000,63.0,0.0
459967,2014,30,0.0,-0.28,1200000,62.0,0.0
459967,2015,31,-0.01,0.13,1850000,19.0,0.0
459987,2013,29,0.0,0.27,501300,48.0,0.0
459987,2014,30,-0.01,0.39,750000,43.0,7.0
459987,2015,31,0.0,0.96,1312000,65.0,0.0
459987,2016,32,0.0,-0.43,,16.0,4.0
459991,2013,29,0.54,,1750000,,
459991,2014,30,-0.1,,2300000,,
460003,2013,29,-0.36,,650000,,
460003,2014,30,-0.25,,,,
460003,2015,31,-0.15,,,,
460004,2013,29,0.16,,,,
460008,2013,28,-0.01,0.76,490000,62.0,0.0
460008,2014,29,0.0,0.94,515000,61.0,0.0
460008,2015,30,,0.13,576500,9.0,0.0
460022,2013,29,-0.39,,,,
460024,2013,29,0.0,2.12,4560000,58.0,0.0
460024,2015,31,0.0,0.33,4000000,49.0,0.0
460024,2016,32,0.0,0.36,5500000,40.0,0.0
460026,2013,29,1.08,,3000000,,
460026,2014,30,0.24,,4000000,,
460026,2015,31,1.81,,3100000,,
460026,2016,32,0.06,,3150000,,
460026,2017,33,0.41,,2000000,,
460026,2018,34,0.24,,2500000,,
460026,2019,35,-0.35,,1250000,,
460051,2013,29,-0.22,,1050000,,
460051,2014,30,0.02,,,,
460055,2013,29,-0.62,,517000,,
460055,2014,30,0.15000000000000002,,1587500,,
460055,2015,31,-0.53,,1450000,,
460059,2013,29,-0.01,0.17,4000000,29.0,29.0
460059,2014,30,,-0.68,5500000,5.0,5.0
460059,2015,31,0.1,1.45,5500000,30.0,30.0
460059,2016,32,,0.14,8000000,24.0,22.0
460059,2017,33,0.0,-1.09,8000000,34.0,21.0
460060,2013,29,1.71,,1750000,,
460060,2014,30,1.28,,3250000,,
460060,2015,31,-0.35,,3275000,,
460060,2016,32,0.52,,1500000,,
460060,2017,33,0.56,,2250000,,
460060,2018,34,-0.36,-0.02,1500000,1.0,0.0
460067,2013,29,-0.06,,,,
460069,2013,28,,-0.35,7500000,4.0,2.0
460075,2013,29,1.69,,8500000,,
460075,2014,30,1.19,,10000000,,
460075,2015,31,3.4,,13000000,,
460075,2016,32,4.35,,20000000,,
460075,2017,33,0.91,,20000000,,
460075,2018,34,0.85,,20000000,,
460075,2019,35,1.65,,19000000,,
460075,2020,36,0.07,,17000000,,
460077,2013,29,-0.16,,700000,,
460077,2014,30,-0.25,-0.06,700000,2.0,0.0
460077,2015,31,-0.37,,987500,,
460077,2016,32,0.16,0.05,1162500,2.0,0.0
460077,2017,33,-0.56,,1500000,,
460077,2018,34,-0.65,-0.08,2300000,1.0,0.0
460077,2019,35,-0.38,,100000,,
460077,2020,36,-0.22,0.02,,1.0,0.0
460077,2021,37,-0.54,,,,
460086,2013,29,4.13,,9000000,,
460086,2014,30,6.05,,10000000,,
460086,2015,31,2.54,,12500000,,
460086,2016,32,0.77,,12000000,,
460086,2017,33,-0.1,,16000000,,
460086,2018,34,2.02,,20000000,,
460086,2019,35,1.07,-0.14,20000000,2.0,0.0
460086,2020,36,0.25,,4000000,,
460092,2013,29,-0.01,-0.07,502000,2.0,0.0
460092,2014,30,0.0,-0.39,,2.0,0.0
460099,2013,29,-1.07,,1000000,,
460099,2014,30,0.06999999999999999,,,,
460099,2015,31,0.18,,,,
460099,2016,32,-0.28,,1300000,,
460101,2013,29,-0.01,,,,
460128,2014,30,0.0,-0.07,,1.0,0.0
460131,2013,29,0.36,,,,
460131,2015,31,0.15,,,,
460156,2013,28,0.0,-0.56,,26.0,0.0
460156,2014,29,0.0,0.32,507800,29.0,0.0
460156,2015,30,0.0,0.07,,63.0,0.0
460269,2013,30,0.0,,,,
460269,2014,31,-0.24,0.04,510000,1.0,0.0
460269,2015,32,0.58,,,,
460269,2016,33,-0.56,-0.1,,2.0,0.0
460269,2017,34,0.64,-0.04,950000,6.0,0.0
460269,2018,35,0.07,-0.25,,2.0,0.0
460283,2013,29,-0.01,0.94,1100000,67.0,0.0
460283,2014,30,0.0,-0.4,1675000,64.0,0.0
460283,2015,31,0.0,0.36,,7.0,0.0
460283,2016,32,-0.01,1.02,4000000,73.0,0.0
460283,2017,33,0.0,1.41,5500000,75.0,0.0
460283,2018,34,0.05,-0.03,7000000,64.0,1.0
460283,2019,35,0.0,0.39,,45.0,0.0
460322,2014,30,0.08,,,,
460576,2013,27,7.59,,4300000,,
460576,2014,28,4.71,,7000000,,
460576,2015,29,2.19,,8000000,,
460576,2016,30,-0.039999999999999925,,9000000,,
460576,2017,31,1.35,,11500000,,
460576,2018,32,0.81,-0.11,4000000,1.0,0.0
460576,2019,33,-0.31,,100000,,
460579,2014,33,0.23,,,,
460612,2013,31,-0.29,,,,
460701,2013,27,0.0,0.65,1075000,74.0,0.0
460701,2014,28,-0.02,1.08,1775000,66.0,1.0
460701,2015,29,-0.01,-0.89,,49.0,0.0
460701,2016,30,0.0,-0.61,1500000,7.0,0.0
461235,2013,29,2.63,,1600000,,
461235,2014,30,2.14,,4100000,,
461235,2015,31,-0.31,,6500000,,
461235,2016,32,0.77,,8250000,,
461235,2017,33,-0.83,,3750000,,
461314,2013,28,0.72,,20000000,,
461314,2014,29,1.22,,21000000,,
461314,2015,30,0.56,,21250000,,
461314,2016,31,0.34,,21750000,,
461314,2017,32,-1.33,,21750000,,
461314,2018,33,1.22,,21750000,,
461314,2019,34,-1.02,,,,
461314,2020,35,0.08,,,,
461325,2013,28,0.0,1.68,4000000,72.0,0.0
461325,2014,29,0.0,1.45,5875000,75.0,0.0
461325,2015,30,-0.01,1.24,8300001,69.0,0.0
461325,2016,31,0.0,1.06,6100000,69.0,0.0
461325,2017,32,0.0,0.06,6150000,67.0,0.0
461325,2018,33,0.0,1.27,1500000,73.0,1.0
461325,2019,34,0.0,1.35,100000,53.0,3.0
461325,2020,35,,0.37,2750000,26.0,2.0
461325,2021,36,0.0,0.62,1750000,26.0,0.0
461325,2022,37,,-0.06,100000,4.0,0.0
461416,2013,30,3.48,,2675000,,
461416,2014,31,1.08,,4250000,,
461416,2015,32,0.43,,4250000,,
461416,2016,33,-0.3,,,,
461791,2013,30,-0.01,-0.37,9800000,52.0,0.0
461791,2014,31,0.0,-0.66,1250000,15.0,0.0
461815,2013,31,-0.27,0.04,5775000,1.0,0.0
461815,2014,32,-0.28,,5500000,,
461815,2015,33,-0.04999999999999999,-0.16,6000000,1.0,0.0
461829,2013,27,-0.23,2.74,6250000,32.0,32.0
461829,2014,28,-0.19,2.12,8500000,27.0,27.0
461829,2015,29,-0.1,2.56,11000000,31.0,31.0
461829,2016,30,0.01,0.83,12000000,32.0,32.0
461829,2017,31,-0.23,6.45,12000000,32.0,32.0
461829,2018,32,-0.31,1.5,12000000,32.0,32.0
461829,2019,33,-0.23,2.09,2000000,19.0,17.0
461829,2020,34,,-0.26,4500000,12.0,4.0
461833,2013,27,-0.06,-0.87,7150000,30.0,29.0
461833,2014,28,-0.08,4.56,8000000,32.0,32.0
461833,2015,29,-0.04,1.81,9200000,27.0,25.0
461833,2016,30,-0.03,-0.08,9200000,12.0,11.0
461833,2017,31,,-0.46,13200000,14.0,9.0
461833,2018,32,0.01,-0.36,13200000,23.0,2.0
461848,2013,31,,-0.13,,1.0,0.0
461848,2014,32,,-0.31,,2.0,0.0
461856,2013,27,-0.02,0.38,815000,56.0,0.0
461856,2014,28,0.0,-0.18000000000000002,1275000,17.0,0.0
461858,2013,27,1.08,,520000,,
461858,2014,28,4.16,,2350000,,
461858,2015,29,2.94,,4800000,,
461858,2016,30,0.28,,7250000,,
461858,2017,31,-0.78,,5250000,,
461858,2018,32,0.01,,1500000,,
461865,2013,27,0.56,,492500,,
461865,2014,28,0.7,-0.1,504000,1.0,0.0
461865,2015,29,0.92,,520000,,
461865,2016,30,0.48,0.02,900000,1.0,0.0
461865,2017,31,-1.23,0.07,1300000,2.0,0.0
461865,2018,32,-0.24,-0.14,1050000,3.0,0.0
461865,2020,34,0.01,,,,
461865,2021,35,-0.17,-0.02,100000,1.0,0.0
461872,2013,27,-0.01,2.02,502500,48.0,0.0
461872,2014,28,0.0,0.28,935000,50.0,4.0
461872,2015,29,,-0.1,900000,10.0,0.0
461872,2016,30,0.0,-0.09,,26.0,0.0
461872,2017,31,0.0,2.81,900000,70.0,0.0
461872,2018,32,0.0,-0.47,5500000,29.0,0.0
461872,2019,33,0.0,0.12,8500000,59.0,0.0
461872,2021,35,0.0,-0.33,100000,13.0,0.0
461882,2013,29,-0.06,,503200,,
461882,2014,30,-0.74,,1300000,,
462089,2014,26,0.0,-0.17,,16.0,0.0
462089,2015,27,0.0,-0.03,,2.0,0.0
462101,2013,24,3.41,,4800000,,
462101,2014,25,0.78,,6475000,,
462101,2015,26,1.71,,15000000,,
462101,2016,27,3.07,,15000000,,
462101,2017,28,5.67,,15000000,,
462101,2018,29,1.62,,15250000,,
462101,2019,30,1.38,,15250000,,
462101,2020,31,-0.34,,15250000,,
462101,2021,32,0.64,,14250000,,
462101,2022,33,3.09,,14250000,,
462101,2023,34,0.66,,3000000,,
462102,2013,26,,-0.38,3725000,15.0,13.0
462136,2013,29,0.17,1.38,1955000,21.0,21.0
462136,2014,30,-0.09,0.54,3325000,39.0,18.0
462136,2015,31,0.07,3.79,3900000,34.0,28.0
462136,2016,32,-0.07,3.61,11500000,29.0,29.0
462136,2017,33,-0.05,1.73,14500000,33.0,33.0
462136,2018,34,-0.01,0.44,13000000,28.0,28.0
462136,2019,35,,-0.36,4000000,5.0,5.0
462382,2013,30,0.0,1.27,6500000,74.0,0.0
462382,2014,31,-0.01,-1.75,10000000,54.0,0.0
462382,2015,32,0.0,-0.020000000000000018,1600000,72.0,0.0
462382,2016,33,-0.01,1.45,2500000,65.0,0.0
462382,2017,34,0.0,-0.98,5000000,61.0,0.0
462382,2018,35,0.0,-0.36,5000000,62.0,1.0
462405,2014,34,-0.49,,,,
462480,2013,26,,0.27,498000,20.0,0.0
462480,2018,31,,0.08,,2.0,0.0
462515,2015,28,-0.01,0.69,,28.0,0.0
462515,2016,29,0.0,0.47,,15.0,0.0
462515,2017,30,-0.01,-0.64,537500,15.0,0.0
462515,2018,31,0.0,-0.29,,4.0,0.0
462564,2013,33,-0.3,,13000000,,
462564,2014,34,-1.15,,13000000,,
462564,2015,35,-0.36,,507500,,
462945,2013,28,0.0,0.2,,19.0,0.0
462945,2014,29,-0.01,0.48,,16.0,0.0
462945,2015,30,0.0,0.3,575000,19.0,0.0
462956,2014,30,-0.04,-0.93,1750000,4.0,4.0
462985,2013,27,-0.03,-0.05,1487500,20.0,1.0
462985,2014,28,0.01,-0.23,1712500,38.0,22.0
462985,2015,29,0.0,0.83,1850000,67.0,0.0
462985,2016,30,0.0,-0.16,2000000,5.0,0.0
463017,2013,26,,0.01,,6.0,0.0
463610,2014,29,0.99,,,,
463610,2015,30,-0.62,,510000,,
463610,2016,31,0.02,,,,
463610,2018,33,-0.07,,,,
464416,2014,30,,-0.01,,11.0,11.0
464416,2015,31,,0.27,,7.0,1.0
464433,2013,26,-0.5,,496250,,
464433,2014,27,0.88,,,,
465041,2013,27,0.95,,515350,,
465041,2014,28,1.2,,700000,,
465041,2015,29,3.5,,987500,,
465041,2016,30,1.6,,3500000,,
465041,2017,31,0.82,,9000000,,
465041,2018,32,2.81,,10500000,,
465041,2019,33,0.32,,11500000,,
465041,2020,34,0.77,,2000000,,
465629,2013,29,-0.03,1.61,3200000,65.0,0.0
465629,2014,30,0.0,0.01,4750000,64.0,0.0
465629,2015,31,0.0,-0.41,4750000,49.0,0.0
465629,2017,33,0.0,-0.26,,5.0,0.0
465657,2013,29,,0.18,2000000,26.0,0.0
465657,2014,30,0.0,0.57,5500000,48.0,0.0
465657,2015,31,0.0,1.78,7000000,72.0,0.0
465657,2016,32,0.0,0.53,7000000,70.0,0.0
465657,2017,33,0.0,1.14,8000000,59.0,0.0
465657,2018,34,0.0,0.8400000000000001,9000000,66.0,0.0
465657,2019,35,0.0,0.51,6500000,71.0,1.0
465657,2020,36,,0.44,8500000,22.0,0.0
465657,2021,37,0.0,0.010000000000000009,3500000,41.0,0.0
465668,2013,29,-0.53,,1212500,,
465668,2014,30,-0.09,,,,
465674,2013,27,-0.85,,502500,,
465674,2014,28,-0.06,,513500,,
465674,2015,29,-0.02,,,,
465679,2013,29,-0.03,1.73,,18.0,18.0
465679,2014,30,0.039999999999999994,0.67,520000,35.0,9.0
465679,2015,31,,-0.49,525100,9.0,2.0
465753,2013,26,1.16,,495000,,
465753,2014,27,-0.07,,517500,,
465753,2015,28,-0.17,,521000,,
465753,2016,29,-0.06,,,,
465753,2017,30,0.64,,,,
465753,2018,31,-0.3,-0.03,600000,2.0,0.0
465784,2013,26,2.91,,1275000,,
465784,2014,27,0.09,,2450000,,
465784,2015,28,-1.06,,2400000,,
466320,2013,28,0.14,,8000000,,
466320,2014,29,3.51,,8000000,,
466320,2015,30,1.55,,13000000,,
466320,2016,31,2.57,,14000000,,
466320,2017,32,-0.030000000000000027,,15000000,,
466320,2018,33,0.0,,1000000,,
466320,2019,34,-1.18,,1150000,,
466459,2013,27,-0.01,0.38,,43.0,0.0
466918,2013,30,-0.06,0.33,,31.0,0.0
466948,2013,31,-0.02,1.05,,51.0,0.0
466948,2014,32,0.16,1.37,505000,71.0,0.0
466948,2015,33,-0.04,-0.49,527500,59.0,0.0
466948,2017,35,-0.01,0.19,535000,5.0,0.0
466988,2013,28,0.5500000000000002,,2600000,,
466988,2014,29,1.22,,2500000,,
466988,2015,30,-0.94,,3000000,,
466988,2016,31,-0.37,,,,
466988,2017,32,-0.64,,1250000,,
466988,2020,35,-0.11,,,,
467008,2013,28,0.0,-0.05999999999999994,502500,66.0,0.0
467008,2014,29,0.0,1.57,1325000,65.0,0.0
467008,2015,30,0.0,1.04,2525000,76.0,0.0
467008,2016,31,-0.02,0.79,4400000,54.0,0.0
467008,2017,32,-0.01,1.07,5500000,69.0,0.0
467008,2018,33,-0.05,1.84,5850000,60.0,0.0
467008,2019,34,0.0,-0.07,6250000,50.0,0.0
467008,2020,35,,-0.17,1825000,4.0,0.0
467008,2021,36,0.0,0.1,100000,2.0,0.0
467055,2013,26,2.1,,5700000,,
467055,2014,27,3.23,,8250000,,
467055,2015,28,-0.53,,17600000,,
467055,2016,29,-0.22,,17600000,,
467055,2017,30,-1.31,,17600000,,
467055,2018,31,0.03,0.03,545000,1.0,0.0
467055,2019,32,1.37,0.03,555000,1.0,0.0
467055,2020,33,-0.51,,100000,,
467055,2021,34,-0.2,,1000000,,
467070,2013,28,-0.06,,,,
467070,2014,29,-0.54,,500000,,
467070,2015,30,0.65,,,,
467092,2013,25,2.54,,501250,,
467092,2014,26,1.37,,2095000,,
467092,2015,27,1.02,,3550000,,
467092,2016,28,3.09,,5350000,,
467092,2017,29,0.12,,4000000,,
467092,2018,30,2.51,,8500000,,
467092,2019,31,2.05,,7250000,,
467092,2020,32,0.3,,10250000,,
467092,2021,33,-0.39,,2000000,,
467094,2013,25,-0.06,0.67,518500,29.0,27.0
467094,2014,26,0.04,-0.86,586000,21.0,14.0
467094,2015,27,,-0.63,,16.0,12.0
467100,2013,26,-0.04,3.36,575600,23.0,20.0
467100,2014,27,,-0.68,3300000,4.0,4.0
467100,2015,28,,0.62,3300000,17.0,17.0
467100,2016,29,-0.04,1.8599999999999999,4100000,32.0,26.0
467100,2017,30,-0.57,1.98,7666000,31.0,31.0
467100,2018,31,-0.64,0.96,9167000,29.0,29.0
467100,2019,32,-0.06,1.89,9167000,34.0,34.0
467100,2020,33,,-0.49,1500000,4.0,4.0
467143,2014,26,0.02,,,,
467143,2015,27,-0.11,,507500,,
467726,2013,28,0.0,-0.1,1800000,60.0,0.0
467785,2015,31,-0.01,-0.02,1000000,14.0,0.0
467793,2013,27,4.36,,550000,,
467793,2014,28,2.79,,3500000,,
467793,2015,29,0.52,,6000000,,
467793,2016,30,3.47,,8250000,,
467793,2017,31,3.25,,12000000,,
467793,2018,32,2.18,,18333333,,
467793,2019,33,4.69,,20333333,,
467793,2020,34,0.99,,20833334,,
467793,2021,35,-0.13,,7000000,,
467793,2022,36,1.1099999999999999,,10500000,,
467793,2023,37,2.65,,6750000,,
467793,2024,38,2.49,,5250000,,
467793,2025,39,1.1700000000000002,,12000000,,
467793,2026,40,-0.6,,2000000,,
467798,2013,24,1.2,,1000000,,
467798,2014,25,-0.22,,3000000,,
467798,2015,26,-0.31,,4000000,,
467827,2013,26,5.34,,2350000,,
467827,2014,27,-0.5,,4850000,,
467827,2015,28,0.9199999999999999,,6237500,,
467827,2016,29,-2.33,,8000000,,
467827,2017,30,0.55,,8000000,,
467827,2018,31,0.44,,10000000,,
467827,2019,32,1.02,0.0,100000,1.0,0.0
467827,2021,34,-0.46,,1000000,,
467850,2013,26,-0.11,-0.52,491000,37.0,0.0
468396,2013,29,-0.02,2.12,506600,23.0,18.0
468396,2014,30,0.0,-0.56,2625000,27.0,0.0
468396,2015,31,0.0,0.88,1500000,64.0,0.0
468396,2016,32,0.0,-0.04,2000000,36.0,0.0
468396,2018,34,,-0.18,100000,1.0,0.0
468406,2013,28,0.14,,900000,,
468406,2014,29,-0.06,,1300000,,
468406,2015,30,-0.66,,900000,,
468429,2013,29,-0.13,,,,
468429,2014,30,-0.23,,,,
468504,2013,25,0.24,5.84,1650000,31.0,31.0
468504,2014,26,0.29,0.15,4850000,11.0,11.0
468504,2015,27,-0.04,0.36,,5.0,4.0
468504,2016,28,0.1,0.27,,34.0,22.0
468504,2017,29,0.28,2.67,1750000,32.0,32.0
468504,2018,30,0.21,1.73,8750000,35.0,35.0
468504,2019,31,0.04,-0.63,6750000,25.0,24.0
468504,2020,32,,-0.13,,2.0,0.0
468504,2021,33,-0.09,0.7,800000,46.0,1.0
468504,2022,34,,-1.44,1250000,35.0,0.0
469134,2013,27,-0.1,0.52,509000,44.0,20.0
469134,2014,28,-0.01,-0.5,1850000,34.0,1.0
469134,2015,29,0.0,-0.86,1480000,18.0,0.0
469159,2013,26,0.0,-0.03,501000,22.0,0.0
469159,2014,27,0.0,-0.09,,2.0,0.0
469686,2013,30,,-0.03,2650000,11.0,6.0
469686,2014,31,0.0,-0.45,,10.0,0.0
469690,2013,32,0.0,-0.05,,4.0,0.0
469802,2013,28,0.0,-0.02,500000,6.0,0.0
470462,2013,30,0.0,-0.45,,29.0,0.0
471083,2013,29,0.25,,10000000,,
471083,2014,30,1.03,,10000000,,
471083,2015,31,1.74,,12000000,,
471083,2016,32,-0.36,-0.02,14000000,1.0,0.0
471083,2017,33,-0.45999999999999996,0.03,14000000,1.0,0.0
471083,2018,34,-0.27,,1300000,,
471107,2013,29,0.78,,520500,,
471107,2014,30,-0.37,,930000,,
471822,2014,30,0.0,0.26,,36.0,0.0
471822,2015,31,0.0,0.13,510000,61.0,0.0
471822,2016,32,-0.01,0.41,525000,45.0,0.0
471822,2017,33,0.0,-0.6,557500,31.0,0.0
471865,2013,27,5.13,,7500000,,
471865,2014,28,-0.47,,10500000,,
471865,2015,29,2.72,,16000000,,
471865,2016,30,2.32,,17000000,,
471865,2017,31,-0.26,,20000000,,
471865,2018,32,0.85,,5000000,,
471865,2019,33,-0.52,,100000,,
471868,2013,30,-0.32999999999999996,0.01,,1.0,0.0
471896,2013,27,,-0.11,,5.0,0.0
471896,2014,28,,-0.16,502163,10.0,0.0
471911,2013,26,0.0,-0.93,490000,15.0,7.0
471911,2014,27,-0.03,4.06,504700,40.0,14.0
471911,2015,28,0.29,3.88,2337500,30.0,30.0
471911,2016,29,,2.92,4500000,25.0,25.0
471911,2017,30,-0.01,5.17,6500000,32.0,32.0
471911,2018,31,0.03,4.02,8000000,32.0,30.0
471911,2019,32,0.0,0.12,9750000,23.0,12.0
471911,2020,33,,1.44,10250000,12.0,12.0
471911,2021,34,-0.12,-0.76,,12.0,12.0
471911,2022,35,,1.25,,29.0,29.0
471911,2023,36,,-1.39,14000000,20.0,20.0
471911,2024,37,,-1.23,2000000,21.0,21.0
471911,2025,38,,-0.77,1500000,11.0,9.0
471911,2026,39,,-0.23,,8.0,0.0
472528,2013,27,1.19,,930000,,
472528,2014,28,2.51,,1710000,,
472528,2015,29,2.5,,4200000,,
472528,2016,30,2.42,,6125000,,
472528,2017,31,0.18,,6500000,,
472528,2018,32,-1.31,,8000000,,
472551,2013,27,0.0,0.42,,39.0,0.0
472551,2014,28,0.0,1.79,525900,69.0,0.0
472551,2015,29,0.0,0.18,1087500,62.0,0.0
472551,2016,30,-0.01,0.79,1250000,57.0,0.0
472551,2017,31,0.0,0.47,2000000,48.0,0.0
472551,2019,33,0.0,0.17,100000,21.0,0.0
472551,2021,35,0.0,-0.1,,16.0,0.0
472551,2023,37,,0.08,100000,6.0,0.0
472610,2013,26,-0.03,0.18,,24.0,0.0
472610,2014,27,0.0,-0.35,,13.0,0.0
472610,2015,28,0.0,0.9,509000,72.0,0.0
472610,2016,29,0.02,-0.26,,17.0,0.0
472610,2017,30,0.0,1.97,,66.0,0.0
472610,2018,31,0.0,-0.49,1200000,59.0,0.0
472610,2019,32,0.0,0.28,1675000,64.0,2.0
472610,2020,33,,-0.28,,11.0,2.0
472610,2021,34,0.0,0.37,,34.0,0.0
472610,2022,35,,0.3,3250000,64.0,0.0
472610,2023,36,,0.15,3750000,61.0,0.0
472610,2024,37,,-0.35000000000000003,4250000,60.0,0.0
472610,2025,38,,0.78,1500000,58.0,0.0
472610,2026,39,,-0.61,1750000,15.0,0.0
473234,2013,28,-0.06,,498000,,
473234,2014,29,-0.12,,745000,,
473265,2013,27,,-0.13,,7.0,0.0
473646,2013,26,,0.36,,25.0,0.0
473646,2014,27,-0.01,-0.85,,23.0,0.0
473724,2014,29,0.4,,,,
473724,2015,30,-0.69,,,,
473724,2016,31,-0.12,,,,
473879,2013,25,-0.01,-0.53,,5.0,1.0
473879,2014,26,-0.01,0.77,,31.0,0.0
473879,2015,27,0.0,1.45,507500,75.0,0.0
473879,2016,28,0.0,2.94,525270,73.0,0.0
473879,2017,29,0.0,-1.09,3520000,55.0,0.0
473879,2018,30,0.0,1.45,4425000,74.0,0.0
473879,2019,31,0.0,1.03,5000000,61.0,0.0
474029,2013,25,0.0,-0.29,,5.0,0.0
474029,2014,26,0.0,1.82,,49.0,0.0
474029,2015,27,0.0,0.06,525000,49.0,0.0
474029,2016,28,0.0,0.74,975000,25.0,0.0
474029,2017,29,,0.45,1175000,7.0,0.0
474039,2013,26,,0.0,,10.0,0.0
474039,2014,27,0.0,0.16,,3.0,0.0
474039,2017,30,0.0,0.03,,1.0,0.0
474233,2013,25,0.98,,495000,,
474233,2014,26,0.85,,517500,,
474233,2015,27,0.48,,1075000,,
474233,2016,28,-0.64,,1500000,,
474249,2013,25,-0.27,,490000,,
474249,2015,27,-0.54,,,,
474256,2013,28,-0.01,0.23,,7.0,0.0
474284,2013,25,0.0,-0.27,,19.0,0.0
474284,2014,26,0.0,1.12,501250,30.0,6.0
474284,2015,27,-0.01,-0.12,513000,16.0,1.0
474284,2016,28,0.0,-0.22,514500,19.0,1.0
474319,2013,26,-0.4,,,,
474319,2016,29,0.14,,,,
474319,2018,31,0.07,,,,
474384,2013,26,-0.39,,490000,,
474384,2014,27,0.39,,,,
474443,2015,28,-0.64,,,,
474443,2016,29,-0.13,,517000,,
474463,2013,25,0.0,-0.65,5750000,16.0,5.0
474463,2014,26,0.0,1.05,8000000,8.0,8.0
474463,2015,27,-0.06,1.46,10000000,31.0,31.0
474463,2016,28,-0.04,-0.72,15800000,4.0,3.0
474463,2017,29,0.02,-0.48,3500000,13.0,13.0
474463,2018,30,0.01,0.59,100000,17.0,17.0
474463,2019,31,0.17,2.89,1500000,31.0,31.0
474463,2020,32,,0.58,5000000,10.0,10.0
474463,2021,33,-0.23,0.1,2500000,24.0,24.0
474494,2013,26,-0.29,,,,
474494,2015,28,-0.13,,,,
474521,2013,25,0.0,0.0,,1.0,0.0
474521,2014,26,0.0,1.64,502082,64.0,0.0
474521,2015,27,0.0,1.82,519700,73.0,0.0
474521,2016,28,-0.01,-1.27,3275000,37.0,0.0
474568,2013,26,1.31,,,,
474568,2014,27,2.26,,515500,,
474568,2015,28,0.69,,538000,,
474568,2016,29,1.18,,2075000,,
474568,2017,30,0.21,,4325000,,
474568,2018,31,0.34,,6750000,,
474568,2019,32,0.35,,5250000,,
474568,2020,33,-0.16999999999999998,,100000,,
474568,2021,34,0.07,,1000000,,
474599,2013,29,0.0,0.36,,36.0,0.0
474599,2014,30,,-0.48,,10.0,0.0
474668,2013,25,-0.01,-0.35,490500,1.0,1.0
474668,2014,26,,-0.2,,35.0,0.0
474668,2015,27,0.02,-0.22,,1.0,0.0
474668,2016,28,,-0.56,,9.0,9.0
474699,2013,25,-0.01,-1.01,525000,10.0,10.0
474699,2014,26,-0.21,1.48,,18.0,17.0
474699,2015,27,0.03,0.03,2450000,23.0,8.0
474699,2016,28,0.0,1.44,2600000,35.0,4.0
474699,2017,29,-0.05,-1.35,,24.0,12.0
474832,2013,25,4.06,,531500,,
474832,2014,26,0.96,,2900000,,
474832,2015,27,4.19,,3600000,,
474832,2016,28,3.92,,6200000,,
474832,2017,29,2.8,,4000000,,
474832,2018,30,2.46,,17200000,,
474832,2019,31,0.75,,17200000,,
474832,2020,32,2.11,,17200000,,
474832,2021,33,2.64,,17200000,,
474832,2022,34,0.41,,18400000,,
474832,2023,35,1.97,,9300000,,
474865,2013,27,-0.35,,496000,,
474865,2016,30,-0.29,,,,
474892,2013,26,0.43,,494000,,
474892,2014,27,1.88,,510000,,
474892,2015,28,0.52,,4175000,,
474892,2016,29,0.73,,2500000,,
474892,2017,30,-0.85,,3500000,,
475054,2013,26,-0.01,-0.01,,21.0,0.0
475054,2014,27,,-0.1,,3.0,0.0
475054,2015,28,0.0,0.17,,36.0,0.0
475054,2016,29,0.0,0.41000000000000003,720000,30.0,0.0
475054,2017,30,0.0,0.13999999999999999,720000,12.0,0.0
475054,2018,31,0.0,0.55,,61.0,0.0
475054,2019,32,0.0,-0.02,1275000,71.0,0.0
475054,2020,33,,0.29,2185000,10.0,0.0
475054,2021,34,0.0,-0.19,1150000,1.0,0.0
475100,2013,26,0.8,,,,
475100,2014,27,2.7,,507500,,
475100,2015,28,1.07,,522500,,
475100,2016,29,-0.22,,1225000,,
475100,2017,30,-0.28,,1325000,,
475115,2013,26,0.0,1.35,500500,35.0,16.0
475115,2014,27,0.48,2.44,1980000,31.0,31.0
475115,2015,28,0.67,3.27,5250000,33.0,33.0
475115,2016,29,-0.01,-0.3,9625000,1.0,1.0
475115,2017,30,0.0,-0.97,6000000,12.0,10.0
475115,2018,31,0.26,1.17,1750000,31.0,23.0
475115,2019,32,,0.0,5750000,7.0,7.0
475138,2013,25,,-0.04,499500,3.0,0.0
475138,2014,26,0.0,0.1,,2.0,0.0
475138,2015,27,,0.01,518200,3.0,0.0
475138,2016,28,0.0,0.03,,1.0,0.0
475174,2013,26,0.83,,1120000,,
475174,2014,27,1.3,,980000,,
475174,2015,28,2.14,,1650000,,
475174,2016,29,-0.13,,2650000,,
475174,2017,30,2.12,,4000000,,
475174,2018,31,1.53,,7000000,,
475174,2019,32,-0.88,,,,
475243,2013,26,0.65,4.45,527500,32.0,32.0
475243,2014,27,0.87,-0.88,3900000,31.0,31.0
475243,2015,28,-0.12,0.36,5686000,54.0,9.0
475243,2016,29,0.02,0.59,6175000,77.0,0.0
475243,2017,30,0.29000000000000004,-1.6800000000000002,4000000,39.0,14.0
475247,2013,26,1.1,,493500,,
475247,2014,27,0.92,,512500,,
475247,2015,28,0.03,,1075000,,
475247,2016,29,0.49,-0.06,1500000,1.0,0.0
475247,2017,30,-0.13,,1800000,,
475247,2018,31,-0.98,,750000,,
475247,2019,32,-0.19,,100000,,
475253,2013,26,1.13,,514000,,
475253,2014,27,-0.27,,2637500,,
475253,2015,28,0.93,,1000000,,
475253,2016,29,-0.53,,3900000,,
475253,2017,30,3.07,,4125000,,
475253,2018,31,2.46,,4125000,,
475253,2019,32,0.52,,8000000,,
475253,2020,33,-0.73,,4000000,,
475416,2013,28,0.03,3.42,5687500,32.0,29.0
475416,2014,29,0.020000000000000004,-1.43,9762500,28.0,25.0
475416,2015,30,0.1,-0.28,9500000,18.0,9.0
475479,2013,26,-0.03,-0.2,512425,22.0,12.0
475479,2014,27,-0.04,-0.07,541425,32.0,17.0
475479,2015,28,-0.09,0.07,1400000,23.0,19.0
475479,2016,29,-0.01,2.75,2500000,64.0,5.0
475479,2017,30,-0.01,0.53,4600000,54.0,0.0
475479,2019,32,0.0,0.5900000000000001,2500000,41.0,1.0
475479,2020,33,0.0,-0.030000000000000027,1250000,22.0,0.0
475479,2021,34,,0.44,1750000,11.0,1.0
475479,2022,35,,1.12,,65.0,1.0
475582,2013,28,3.42,,14000000,,
475582,2014,29,0.39,,14000000,,
475582,2015,30,0.68,,14000000,,
475582,2016,31,-0.49,,14000000,,
475582,2017,32,2.68,,14000000,,
475582,2018,33,1.58,,14000000,,
475582,2019,34,0.51,,18000000,,
475582,2021,36,1.08,,1000000,,
475857,2013,26,0.0,1.6,505000,71.0,0.0
475857,2014,27,0.0,0.41,505000,54.0,0.0
475857,2015,28,0.0,-1.08,1400000,9.0,0.0
475857,2018,31,,-0.08,,19.0,0.0
476123,2014,26,,-0.1,,1.0,0.0
476123,2016,28,,0.31,,4.0,0.0
476123,2017,29,,-0.02,,1.0,0.0
476134,2013,29,0.0,-0.79,492000,12.0,0.0
476192,2013,27,0.01,,,,
476192,2015,29,-0.27,,,,
476205,2013,26,0.0,-0.78,,6.0,0.0
476205,2014,27,,-0.23,,2.0,0.0
476270,2014,30,0.8,0.03,,2.0,0.0
476270,2015,31,0.45,,517300,,
476451,2013,26,0.04,-0.86,503000,32.0,31.0
476451,2014,27,,0.08,3625000,13.0,13.0
476451,2015,28,0.25,-0.04,4275000,27.0,27.0
476451,2016,29,0.15,2.85,7000000,32.0,32.0
476451,2017,30,0.0,0.21000000000000008,17200000,30.0,30.0
476451,2018,31,-0.25,1.31,100000,19.0,19.0
476451,2019,32,0.05,-0.43,1300000,9.0,8.0
476454,2013,25,,-0.23,,6.0,0.0
476454,2014,26,0.0,3.66,502100,70.0,0.0
476454,2015,27,0.0,3.87,507500,74.0,0.0
476454,2016,28,0.0,1.14,507500,73.0,0.0
476454,2017,29,0.0,1.5,3000000,66.0,0.0
476454,2018,30,-0.01,1.44,5100000,66.0,0.0
476454,2019,31,,0.04,7125000,1.0,0.0
476454,2020,32,,-0.23,7500000,15.0,0.0
476454,2021,33,0.0,-0.02,6000000,1.0,0.0
476570,2013,26,0.0,1.09,,57.0,0.0
476570,2014,27,-0.01,0.07,950000,5.0,0.0
476570,2015,28,0.0,0.03,,10.0,0.0
476570,2016,29,-0.01,-0.45,,2.0,0.0
476589,2013,25,0.0,1.1,490525,34.0,2.0
476589,2014,26,0.0,1.35,527400,69.0,0.0
476589,2015,27,-0.04,2.77,572600,43.0,17.0
476589,2016,28,-0.06,-0.43,1700000,58.0,1.0
476589,2017,29,0.0,1.38,2290000,46.0,0.0
476589,2018,30,0.0,0.9299999999999999,3315000,47.0,0.0
476589,2019,31,0.0,-0.19,2000000,25.0,0.0
476594,2018,28,0.0,0.6,,32.0,0.0
476594,2019,29,0.0,-0.76,559900,10.0,0.0
476594,2020,30,,0.02,,10.0,0.0
476594,2021,31,-0.04,-0.22,,3.0,3.0
476594,2025,35,,-0.08,,2.0,0.0
476595,2013,26,0.0,-0.13,495500,35.0,0.0
476595,2014,27,,-0.03,508800,12.0,0.0
476595,2015,28,,0.09,,1.0,0.0
476595,2021,34,0.0,1.42,,57.0,1.0
476595,2022,35,,0.74,905000,50.0,0.0
476595,2023,36,,-0.25,1550000,12.0,0.0
476601,2013,26,0.0,0.12,509500,34.0,0.0
476633,2013,25,0.15,,497500,,
476633,2014,26,-1.07,,,,
476633,2015,27,-0.09,,,,
476633,2016,28,0.3,,,,
476704,2013,29,2.2,,2400000,,
476704,2014,30,1.0,,5250000,,
476704,2015,31,1.18,,8000000,,
476704,2016,32,-0.57,,7500000,,
476704,2017,33,3.4,,6500000,,
476704,2018,34,3.95,,6000000,,
476704,2019,35,-0.15,,10000000,,
476704,2021,37,0.16,,1500000,,
476704,2022,38,-1.17,,850000,,
476883,2013,26,3.31,,700000,,
476883,2014,27,-0.64,,4250000,,
476883,2015,28,0.03,,5750000,,
476883,2016,29,0.9,,5750000,,
476883,2017,30,0.1,,,,
476883,2018,31,-0.08,,1000000,,
477003,2013,26,0.38,0.8,3000000,24.0,24.0
477003,2014,27,0.08,1.61,5000000,30.0,30.0
477003,2015,28,0.48,0.61,7000000,33.0,29.0
477003,2016,29,-0.07,0.09000000000000008,9000000,29.0,20.0
477132,2013,25,0.49,8.1,11000000,33.0,33.0
477132,2014,26,0.49,7.74,6571426,27.0,27.0
477132,2015,27,0.04,7.24,32571429,33.0,33.0
477132,2016,28,0.23,5.84,34571429,21.0,21.0
477132,2017,29,0.35,4.95,35571429,27.0,27.0
477132,2018,30,0.68,3.29,35571429,26.0,26.0
477132,2019,31,0.04,3.34,31000000,29.0,28.0
477132,2020,32,,1.76,31000000,10.0,10.0
477132,2021,33,0.22,2.34,31000000,22.0,22.0
477132,2022,34,,3.52,17000000,22.0,22.0
477132,2023,35,,3.7,20000000,24.0,24.0
477132,2024,36,,-0.28,5000000,7.0,7.0
477132,2025,37,,1.63,7500000,23.0,22.0
477165,2013,26,0.1,,495000,,
477165,2015,28,0.8,,,,
477165,2016,29,-0.79,,1000000,,
477186,2013,25,-0.32,,,,
477195,2013,26,-0.21,,3125000,,
477195,2014,27,0.27,,3500000,,
477195,2015,28,-0.02,0.07,3800000,2.0,0.0
477195,2016,29,-0.04,,,,
477229,2013,25,0.0,0.29,541500,50.0,0.0
477229,2014,26,0.0,0.89,1490000,58.0,0.0
477229,2015,27,0.0,0.57,2675000,12.0,0.0
477569,2013,28,-0.01,-0.08,512000,27.0,0.0
477569,2014,29,0.0,0.56,870000,57.0,0.0
477569,2015,30,0.0,-0.37,1370000,72.0,0.0
477569,2016,31,0.0,0.48000000000000004,2400000,75.0,0.0
477569,2017,32,0.05,-0.69,3000000,61.0,0.0
477569,2018,33,-0.01,-0.17,1500000,41.0,0.0
477569,2019,34,0.0,-0.03,,3.0,0.0
485567,2013,26,-0.2,,,,
485567,2014,27,0.32,,,,
485567,2015,28,-0.78,,,,
485567,2016,29,0.79,,521800,,
485567,2017,30,0.01,,1162500,,
487675,2017,30,0.0,0.13,,10.0,0.0
487675,2018,31,0.0,-0.16,,15.0,0.0
488671,2013,26,0.61,,2950000,,
488671,2014,27,2.1,,4150000,,
488671,2015,28,-0.03,,5400000,,
488671,2016,29,0.94,,2500000,,
488671,2017,30,2.75,,2000000,,
488671,2018,31,0.0,0.06,4000000,1.0,0.0
488671,2019,32,1.23,0.01,4250000,2.0,0.0
488671,2020,33,0.44,,4250000,,
488671,2021,34,0.72,,,,
488674,2013,30,-0.01,-0.35,1550000,63.0,0.0
488674,2014,31,0.0,1.52,2150000,70.0,0.0
488674,2015,32,-0.01,0.36,1000000,68.0,0.0
488681,2013,27,1.39,,491700,,
488681,2014,28,0.44,,501000,,
488681,2015,29,-1.18,,,,
488681,2016,30,0.01,,1000000,,
488681,2018,32,0.01,,,,
488683,2013,25,0.0,-0.13,,6.0,0.0
488689,2013,28,-0.16,,500318,,
488689,2014,29,-0.14,,700000,,
488689,2015,30,0.07,,,,
488703,2013,26,0.7,,490000,,
488703,2014,27,-0.42,,502000,,
488703,2015,28,-0.04,,,,
488721,2013,26,0.87,,,,
488721,2014,27,1.41,,1200000,,
488721,2015,28,-0.86,,1650000,,
488721,2016,29,0.33,,2000000,,
488721,2017,30,0.55,,1350000,,
488721,2018,31,0.04,,1000000,,
488721,2019,32,-0.33,,100000,,
488726,2013,26,2.98,,526900,,
488726,2014,27,6.95,,1500000,,
488726,2015,28,3.77,,5875000,,
488726,2016,29,-0.05,,7375000,,
488726,2017,30,2.33,,8375000,,
488726,2018,31,3.84,,11500000,,
488726,2019,32,4.94,,16000000,,
488726,2020,33,1.62,,16000000,,
488726,2021,34,2.22,,16000000,,
488726,2022,35,1.22,,16000000,,
488726,2023,36,0.11,,12000000,,
488740,2013,29,-0.12,,,,
488748,2014,27,0.0,0.09,,1.0,0.0
488748,2016,29,0.0,1.35,520000,67.0,0.0
488748,2017,30,0.0,1.24,544700,71.0,0.0
488748,2018,31,0.0,0.44,555000,54.0,0.0
488748,2019,32,0.0,1.03,1400000,64.0,0.0
488748,2020,33,,-0.04,,10.0,0.0
488748,2021,34,0.0,-0.23,100000,18.0,0.0
488751,2013,25,0.0,-0.15,,3.0,0.0
488768,2013,26,0.67,2.4,500800,31.0,26.0
488768,2014,27,0.3,1.95,2400000,19.0,19.0
488768,2015,28,-0.24,-0.94,4050000,31.0,31.0
488768,2016,29,0.07,-0.66,7150000,28.0,27.0
488768,2017,30,0.07,4.59,10000000,28.0,28.0
488768,2018,31,-0.04,0.36,6500000,28.0,28.0
488768,2019,32,-0.02,2.19,9500000,42.0,23.0
488771,2013,26,4.18,,496600,,
488771,2014,27,1.23,,2450000,,
488771,2015,28,1.5,,4000000,,
488771,2016,29,0.94,,5000000,,
488771,2017,30,2.45,,8500000,,
488771,2018,31,-0.13,,8000000,,
488771,2019,32,0.61,,8000000,,
488771,2020,33,-0.2,,6850000,,
488771,2021,34,1.04,,3500000,,
488771,2022,35,-0.61,,3500000,,
488786,2013,27,0.0,1.28,,27.0,0.0
488786,2014,28,0.0,-0.29,537000,31.0,0.0
488786,2015,29,,0.14,725000,4.0,0.0
488786,2016,30,0.0,-0.37,725000,61.0,0.0
488786,2018,32,0.0,1.0,,51.0,0.0
488787,2014,26,,-0.15,,10.0,0.0
488810,2013,26,-0.7,,503000,,
488810,2014,27,-0.85,,521000,,
488810,2015,28,-0.72,,775000,,
488810,2016,29,-0.12,,975000,,
488810,2018,31,-0.18,,,,
488818,2014,27,-0.04,,,,
488818,2015,28,-0.17,,,,
488818,2016,29,0.24,,,,
488818,2017,30,-0.32999999999999996,,600000,,
488818,2018,31,0.05,0.03,,1.0,0.0
488846,2013,30,0.0,0.63,1300000,73.0,0.0
488846,2014,31,0.0,1.27,2000000,62.0,0.0
488846,2015,32,-0.01,0.25,2700000,55.0,0.0
488846,2016,33,,0.16,,14.0,0.0
488846,2017,34,-0.08,1.39,2000000,68.0,0.0
488846,2018,35,0.01,-1.65,3500000,48.0,0.0
488852,2015,28,-0.52,,,,
488862,2013,30,3.36,,5000000,,
488862,2014,31,-0.24,,5000000,,
488862,2015,32,2.05,,5000000,,
488862,2016,33,1.27,,7000000,,
488862,2017,34,0.4,,7000000,,
488912,2013,29,-0.3,,,,
488912,2014,30,-0.08,,502000,,
488912,2015,31,0.45,,514500,,
488912,2016,32,-0.85,,,,
488912,2017,33,-0.56,,635000,,
488936,2013,26,-0.43,,,,
488984,2013,26,0.0,1.8,1820000,68.0,0.0
488984,2014,27,0.0,0.67,3000000,60.0,0.0
488984,2015,28,0.0,0.22000000000000003,4650000,58.0,0.0
488984,2016,29,0.0,0.54,2000000,33.0,0.0
488984,2017,30,0.0,1.38,1400000,61.0,0.0
488984,2018,31,-0.01,1.28,9000000,65.0,0.0
488984,2019,32,0.0,0.24,9000000,5.0,0.0
488984,2020,33,,0.61,100000,24.0,0.0
488984,2021,34,0.06,0.4,2250000,4.0,1.0
488984,2022,35,0.0,0.33,,18.0,0.0
488984,2023,36,0.0,-0.45,686857,14.0,0.0
489002,2013,25,,-0.37,495000,9.0,1.0
489002,2015,27,,-0.14,,6.0,0.0
489002,2016,28,0.0,0.07,,16.0,0.0
489039,2013,27,0.0,-0.21,,10.0,0.0
489039,2014,28,0.0,0.07,,6.0,0.0
489039,2015,29,0.0,0.27,,11.0,0.0
489056,2013,26,,-0.37,,8.0,1.0
489056,2014,27,,-0.29,,1.0,1.0
489067,2015,28,-0.09,,,,
489119,2013,26,0.0,1.37,500500,33.0,33.0
489119,2014,27,0.13,0.7,523500,33.0,33.0
489119,2015,28,-0.03,2.32,3666000,32.0,32.0
489119,2016,29,0.009999999999999998,0.0,6167000,30.0,30.0
489119,2017,30,0.01,-0.23,8917000,32.0,32.0
489119,2018,31,0.02,1.43,,16.0,16.0
489119,2019,32,-0.01,1.59,4500000,33.0,33.0
489119,2020,33,,-0.12,6000000,6.0,4.0
489119,2021,34,0.31,5.32,8000000,28.0,28.0
489119,2022,35,,0.11,10000000,9.0,8.0
489119,2023,36,,2.57,3500000,23.0,23.0
489119,2024,37,,-0.1,7000000,2.0,2.0
489119,2025,38,,-0.13,,3.0,2.0
489138,2013,26,-1.0,,493000,,
489138,2014,27,0.16,,507900,,
489138,2015,28,-1.23,0.02,518200,1.0,0.0
489138,2017,30,-0.25,,1000000,,
489149,2013,25,-0.27,,491500,,
489149,2014,26,1.35,,1750000,,
489149,2015,27,0.26,,2725000,,
489149,2016,28,0.23,,4200000,,
489149,2017,29,2.96,,2500000,,
489149,2018,30,-0.16,,5500000,,
489149,2019,31,-0.11,,,,
489149,2020,32,-0.23,,,,
489150,2013,28,-0.02,-0.34,504500,24.0,0.0
489166,2013,25,-0.25,,,,
489189,2013,28,-0.06,0.65,675000,61.0,0.0
489189,2014,29,0.0,0.6,1250000,40.0,0.0
489197,2013,26,-0.01,-0.38,,14.0,0.0
489197,2014,27,0.0,0.25,,6.0,0.0
489197,2016,29,0.0,-0.18,,2.0,0.0
489209,2013,28,0.07,,494000,,
489232,2013,29,0.78,-0.07,490840,1.0,0.0
489232,2014,30,1.03,,505340,,
489232,2015,31,-0.82,,517880,,
489232,2016,32,0.58,,,,
489232,2017,33,-0.07,,800000,,
489265,2013,30,0.0,0.83,3500000,65.0,0.0
489265,2014,31,0.0,0.21,5500000,64.0,0.0
489265,2015,32,-0.03,0.89,6000000,70.0,0.0
489265,2016,33,0.0,0.72,9000000,40.0,0.0
489265,2017,34,0.0,0.6000000000000001,3000000,55.0,0.0
489265,2018,35,-0.01,0.23,2500000,73.0,5.0
489265,2019,36,0.0,0.7,2500000,65.0,0.0
489265,2020,37,,0.02,4750000,24.0,0.0
489265,2021,38,0.0,0.11,2250000,66.0,0.0
489265,2022,39,,-0.7200000000000001,2000000,23.0,0.0
489267,2013,30,-0.02,,700000,,
489267,2014,31,0.77,,750000,,
489267,2015,32,-0.05,-0.08,900000,2.0,0.0
489267,2016,33,2.31,,800000,,
489267,2017,34,-0.68,,1250000,,
489267,2018,35,-0.09,,100000,,
489294,2013,26,0.0,2.15,493600,76.0,0.0
489294,2014,27,,-0.97,515179,8.0,4.0
489294,2015,28,0.0,-0.48,515200,42.0,0.0
489294,2016,29,,0.12,900000,10.0,0.0
489294,2017,30,,-0.05,975000,5.0,0.0
489295,2014,28,0.07,0.06,,61.0,0.0
489295,2015,29,0.0,-0.35,,10.0,0.0
489295,2019,33,,0.12,,6.0,0.0
489305,2014,26,0.06,,,,
489305,2015,27,-0.24,,,,
489305,2016,28,-0.13,,,,
489334,2013,29,-0.05,0.99,875000,55.0,0.0
489334,2014,30,0.12,0.05,1375000,49.0,0.0
489334,2015,31,0.0,0.32,2250000,5.0,0.0
489334,2017,33,0.28,1.56,900000,60.0,0.0
489334,2018,34,0.0,1.77,2250000,73.0,0.0
489334,2019,35,-0.01,1.08,2250000,76.0,0.0
489334,2020,36,,-0.29,4000000,24.0,0.0
489334,2021,37,0.03,1.5,4000000,67.0,4.0
489334,2022,38,,-0.09,4000000,33.0,1.0
489365,2013,26,-0.79,,1250000,,
489365,2014,27,-0.24,,1250000,,
489365,2015,28,-0.45,,1750000,,
489365,2016,29,-0.77,,800000,,
489413,2013,28,-0.76,-0.49000000000000005,505400,2.0,0.0
489446,2014,27,0.0,0.21,,37.0,0.0
489446,2015,28,0.0,-0.53,512800,20.0,0.0
489446,2016,29,0.0,-0.07,511900,41.0,0.0
489446,2017,30,0.0,0.31,,62.0,0.0
489446,2018,31,-0.02,2.14,1062500,65.0,0.0
489446,2019,32,0.0,2.96,3062000,60.0,0.0
489446,2020,33,,-0.34,7062000,6.0,0.0
489446,2022,35,,-0.05,1000000,9.0,0.0
489446,2023,36,,1.05,6000000,61.0,0.0
489446,2024,37,0.0,3.12,4500000,61.0,0.0
489446,2025,38,,-0.53,13000000,50.0,0.0
489446,2026,39,,0.28,5000000,28.0,0.0
489448,2013,30,0.0,-0.5,,7.0,0.0
489448,2018,35,0.0,-0.73,,2.0,0.0
490063,2013,29,0.14,1.46,10250000,24.0,24.0
490063,2014,30,-0.34,1.29,12500000,27.0,27.0
490063,2015,31,-0.46,-1.42,12500000,26.0,25.0
490063,2016,32,-0.29,-0.39,12500000,19.0,19.0
490063,2017,33,-0.14,-0.17,12500000,24.0,22.0
491159,2013,31,0.0,0.6199999999999999,1350000,72.0,0.0
491159,2014,32,0.0,-0.060000000000000026,2375000,53.0,0.0
491159,2015,33,0.0,0.43,1000000,43.0,0.0
491624,2017,32,,-0.66,,11.0,4.0
491624,2020,35,0.0,1.0,,9.0,0.0
491624,2021,36,0.0,-0.38,,39.0,0.0
491624,2022,37,,-0.12,100000,1.0,0.0
491640,2014,26,0.1,,,,
491646,2013,25,-0.09,0.34,500000,34.0,8.0
491646,2014,26,0.07,0.4,514500,44.0,0.0
491646,2015,27,-0.01,1.26,800000,65.0,0.0
491646,2016,28,0.0,-0.23,1400000,70.0,0.0
491646,2017,29,0.0,-0.65,4200000,18.0,0.0
491646,2018,30,,-0.16,,26.0,0.0
491646,2019,31,,-0.28,100000,16.0,0.0
491676,2015,27,-0.1,,,,
491676,2016,28,0.47,,,,
491676,2017,29,-0.72,,537000,,
491676,2018,30,0.16,,561500,,
491676,2019,31,-0.47,,,,
491696,2013,25,-0.17,,,,
491696,2014,26,-0.06,,,,
491696,2015,27,-0.55,-0.08,509300,2.0,0.0
491696,2016,28,0.49,,512000,,
491696,2017,29,0.29,-0.1,630000,1.0,0.0
491696,2018,30,-0.33,-0.08,925000,2.0,0.0
491696,2019,31,-0.04,0.03,850000,1.0,0.0
491703,2013,25,,0.28,2900000,6.0,0.0
491703,2014,26,0.0,1.39,3000000,30.0,0.0
491703,2015,27,0.0,-1.06,4125000,48.0,0.0
491703,2016,28,0.0,0.96,3900000,62.0,0.0
491703,2017,29,0.0,-0.8600000000000001,5350000,49.0,0.0
491703,2021,33,0.0,-0.38,,5.0,0.0
491708,2013,26,0.0,0.23,,13.0,0.0
491708,2014,27,0.0,-0.47,,6.0,0.0
491708,2015,28,0.0,0.43,515500,73.0,0.0
491708,2016,29,-0.03,0.21999999999999997,532500,57.0,0.0
492802,2016,27,0.16,,,,
492802,2017,28,-0.04,,,,
492802,2018,29,0.13,,,,
492802,2019,30,-0.18,,,,
492841,2013,30,-0.46,,,,
492841,2014,31,-0.29,,,,
492841,2015,32,-0.04,,,,
492841,2016,33,-0.13,,,,
492841,2017,34,-0.36,0.03,600000,1.0,0.0
493114,2013,31,2.67,,2000000,,
493114,2014,32,1.15,,1950000,,
493114,2015,33,1.05,,4000000,,
493114,2016,34,1.77,,5500000,,
493114,2017,35,0.66,-0.1,5500000,1.0,0.0
493117,2013,32,0.0,-0.15,4500000,12.0,0.0
493117,2014,33,0.0,-0.02,4500000,15.0,0.0
493117,2015,34,,-0.18,1100000,2.0,0.0
493128,2013,32,0.97,,,,
493128,2014,33,0.4,,,,
493128,2015,34,0.2,,,,
493128,2016,35,0.32,,,,
493133,2013,38,-0.09,4.0,15000000,32.0,32.0
493133,2014,39,-0.04,2.12,16000000,32.0,32.0
493137,2013,32,0.03,-0.02,,7.0,7.0
493137,2014,33,0.08,0.18,1500000,34.0,9.0
493157,2013,38,0.0,3.52,4250000,73.0,0.0
493157,2014,39,0.0,1.71,5000000,64.0,0.0
493157,2015,40,0.0,1.23,9000000,43.0,0.0
493157,2016,41,0.0,0.73,9000000,50.0,0.0
493157,2017,42,0.0,0.16,6000000,49.0,0.0
493159,2014,33,-0.09,1.54,,13.0,13.0
493159,2015,34,-0.06,0.4,4000000,8.0,7.0
493193,2016,34,0.33,,1000000,,
493200,2016,33,-0.03,2.89,2500000,76.0,0.0
493200,2017,34,0.0,-0.09,2750000,62.0,0.0
493200,2018,35,0.0,2.29,1750000,73.0,0.0
493200,2019,36,0.0,-0.69,2500000,21.0,0.0
493247,2013,34,0.0,-0.37,,14.0,0.0
493247,2015,36,0.0,0.12,,22.0,0.0
493247,2016,37,0.0,0.63,,50.0,0.0
493247,2017,38,0.0,1.16,1000000,79.0,0.0
493247,2018,39,0.0,-0.02,575000,39.0,0.0
493316,2013,27,1.42,,8500000,,
493316,2014,28,4.36,,10500000,,
493316,2015,29,6.09,,10500000,,
493316,2016,30,2.91,,27500000,,
493316,2017,31,1.95,,22500000,,
493316,2018,32,0.75,,29000000,,
493316,2020,34,-0.08,,6000000,,
493329,2016,32,0.54,,1900000,,
493329,2017,33,2.74,,14400000,,
493329,2018,34,2.66,,12400000,,
493329,2019,35,3.88,,10400000,,
493329,2020,36,-0.06,,8400000,,
493329,2021,37,3.77,,6500000,,
493329,2022,38,-0.23,,8000000,,
493329,2023,39,-0.69,,1250000,,
493329,2024,40,0.16,,,,
493329,2025,41,-0.46,,1350000,,
493337,2013,31,0.0,-0.28,2000000,1.0,0.0
493343,2015,30,-0.09,,,,
493343,2016,31,-0.28,,,,
493351,2013,31,2.43,,7000000,,
493351,2014,32,3.53,,9500000,,
493351,2015,33,1.54,0.03,10000000,1.0,0.0
493351,2016,34,-1.71,,3000000,,
493364,2013,24,0.6,,2800000,,
493364,2014,25,-0.54,,2800000,,
493472,2014,27,0.46,,,,
493472,2015,28,-0.76,,511065,,
493472,2016,29,-0.33,,513308,,
493472,2021,34,0.03,,,,
493547,2013,27,,-0.04,,3.0,0.0
493574,2013,26,-0.19,,,,
493596,2013,26,0.67,,2925000,,
493596,2014,27,0.8700000000000001,,4175000,,
493596,2015,28,0.79,,2000000,,
493596,2016,29,-0.71,,1250000,,
493596,2017,30,-0.21,,,,
493596,2018,31,0.53,,100000,,
493596,2019,32,-1.26,,100000,,
493603,2013,27,0.02,2.29,491000,51.0,0.0
493603,2014,28,0.0,1.32,502000,75.0,0.0
493603,2015,29,0.0,0.82,1300000,10.0,0.0
493603,2016,30,0.0,0.97,1300000,34.0,0.0
493603,2017,31,0.0,0.3,2100000,63.0,0.0
493603,2018,32,0.0,2.47,7000000,75.0,0.0
493603,2019,33,0.0,2.26,9000000,73.0,0.0
493603,2020,34,,-0.14,9000000,24.0,0.0
493603,2021,35,0.0,0.77,,69.0,0.0
493603,2022,36,,2.27,4000000,66.0,0.0
493603,2023,37,,1.17,7250000,66.0,0.0
493603,2024,38,,-0.03,4500000,60.0,0.0
493603,2025,39,,0.07,,3.0,0.0
494686,2013,24,-0.55,,493000,,
497807,2016,32,-0.01,-0.69,,14.0,0.0
499107,2013,32,,0.52,,7.0,0.0
499107,2014,33,0.0,0.0,504500,30.0,0.0
499624,2013,29,0.02,,,,
499624,2014,30,-0.81,,505000,,
499624,2015,31,0.67,,,,
499624,2016,32,-0.61,,521300,,
499864,2013,25,0.42,,,,
499864,2014,26,-0.47,,,,
499864,2015,27,-0.31,,508500,,
499926,2013,24,-0.28,,,,
500135,2018,26,-1.38,,,,
500135,2019,27,-0.61,,,,
500207,2013,27,-0.54,,,,
500207,2015,29,-0.3,,,,
500208,2014,26,1.35,,,,
500208,2015,27,2.22,,516400,,
500208,2016,28,2.89,,525500,,
500208,2017,29,1.02,,2625000,,
500208,2018,30,-0.37,,4125000,,
500208,2019,31,-0.44,,100000,,
500610,2015,26,-0.01,-0.37,,10.0,0.0
500610,2016,27,0.0,0.41,,44.0,0.0
500610,2017,28,0.0,-0.04,,19.0,0.0
500610,2019,30,0.0,-0.16,,1.0,0.0
500610,2020,31,,-0.34,,9.0,0.0
500610,2021,32,0.0,0.18,570500,53.0,0.0
500674,2013,24,0.0,-0.08,,4.0,0.0
500721,2013,24,0.0,1.86,,63.0,0.0
500721,2014,25,0.0,0.92,512600,66.0,0.0
500721,2015,26,0.0,0.04000000000000001,527300,17.0,0.0
500724,2013,24,-0.01,-0.74,,18.0,0.0
500724,2015,26,0.0,-0.22,,20.0,0.0
500724,2016,27,0.0,0.07000000000000006,,70.0,0.0
500724,2017,28,-0.04,1.51,550000,27.0,24.0
500724,2018,29,,-0.3,1900000,2.0,2.0
500724,2019,30,,0.08,1901000,5.0,0.0
500743,2014,25,0.94,,,,
500743,2015,26,1.23,,,,
500743,2016,27,-0.36,,511000,,
500743,2017,28,1.99,,535000,,
500743,2018,29,1.18,,1180000,,
500743,2019,30,0.78,,3155000,,
500743,2020,31,1.58,,4750000,,
500743,2021,32,2.59,,5000000,,
500743,2022,33,2.45,,5000000,,
500743,2023,34,1.36,-0.02,4250000,3.0,0.0
500743,2024,35,3.35,0.03,5750000,1.0,0.0
500743,2025,36,2.11,-0.2,5000000,4.0,0.0
500743,2026,37,0.69,-0.19,5500000,4.0,0.0
500765,2016,27,0.0,-0.42,,6.0,0.0
500765,2017,28,,-0.44,,10.0,1.0
500779,2013,24,-0.03,5.1,500000,33.0,33.0
500779,2014,25,-0.09,3.17,850000,32.0,32.0
500779,2015,26,-0.12,4.09,3400000,32.0,32.0
500779,2016,27,-0.03,5.33,5400000,32.0,32.0
500779,2017,28,-0.2,2.52,7000000,32.0,32.0
500779,2018,29,-0.45,1.5,8850000,32.0,32.0
500779,2019,30,-0.39,0.81,10500000,32.0,31.0
500779,2020,31,,0.0,10500000,4.0,1.0
500779,2021,32,0.11,-0.86,8000000,29.0,10.0
500779,2022,33,,3.53,2000000,32.0,32.0
500779,2023,34,,1.61,13000000,13.0,13.0
500779,2024,35,,2.45,13000000,31.0,31.0
500779,2025,36,,1.35,2000000,24.0,24.0
500779,2026,37,,0.34,6000000,9.0,9.0
500871,2013,24,0.04,,520000,,
500871,2014,25,0.91,,507500,,
500871,2015,26,1.55,,532500,,
500871,2016,27,-0.73,0.04,2150000,1.0,0.0
500871,2017,28,1.22,,2600000,,
500871,2018,29,2.9699999999999998,,4850000,,
500871,2019,30,3.7,,6166666,,
500871,2020,31,-0.35,,7166667,,
500871,2021,32,2.4800000000000004,,7666667,,
500871,2022,33,1.17,,10000000,,
500871,2023,34,-1.04,0.03,9500000,3.0,0.0
500872,2017,29,0.0,1.06,,52.0,0.0
500872,2018,30,,-0.26,558000,10.0,0.0
500874,2016,27,0.11,,,,
500874,2017,28,1.52,,535000,,
500874,2018,29,1.64,,560400,,
500874,2019,30,-0.28,,1125000,,
500874,2020,31,-0.44999999999999996,,,,
500887,2013,24,0.91,,,,
500887,2014,25,-0.01,,500000,,
500887,2016,27,-0.1,,,,
500891,2015,26,,0.07,,2.0,0.0
500902,2014,26,,-0.1,,7.0,0.0
500903,2013,26,0.0,-0.83,502500,8.0,0.0
500909,2013,24,0.0,-0.01,,3.0,0.0
501213,2013,24,0.81,,,,
501213,2014,25,-0.24,,504700,,
501213,2018,29,-0.61,,,,
501227,2013,24,0.0,0.01,490000,7.0,0.0
501245,2013,24,-0.39,,490000,,
501245,2014,25,-0.78,,,,
501245,2015,26,0.16,,,,
501255,2014,26,0.35,,,,
501255,2015,27,-0.85,,,,
501255,2016,28,-0.24,,,,
501303,2013,23,0.08,,,,
501303,2014,24,-0.48,,500500,,
501303,2015,25,0.15,,,,
501303,2016,26,-0.08,,512500,,
501303,2017,27,0.43,,,,
501303,2018,28,0.0,,1000000,,
501303,2019,29,0.95,-0.09,1300000,1.0,0.0
501303,2020,30,0.24,-0.03,1600000,1.0,0.0
501303,2021,31,0.48,,1500000,,
501303,2022,32,-0.48000000000000004,0.03,1500000,1.0,0.0
501303,2023,33,-0.3,,1000000,,
501303,2024,34,0.08,,,,
501317,2013,25,0.17,,,,
501381,2014,25,,2.67,538475,13.0,13.0
501381,2015,26,-0.03,1.81,2100000,27.0,27.0
501381,2016,27,-0.01,1.11,4300000,32.0,32.0
501381,2017,28,0.04,0.57,7400000,17.0,17.0
501381,2019,30,-0.05,2.61,8000000,26.0,26.0
501381,2020,31,,0.42,10000000,5.0,5.0
501381,2021,32,-0.08,1.55,10000000,22.0,21.0
501381,2022,33,,-0.52,5750000,11.0,11.0
501529,2013,25,,-0.11,,11.0,0.0
501529,2014,26,0.0,-0.06,,8.0,0.0
501563,2013,25,0.0,0.15,,4.0,0.0
501563,2015,27,0.0,-0.03,,11.0,0.0
501563,2017,29,0.0,0.08,,26.0,0.0
501571,2013,24,3.4,,,,
501571,2014,25,5.18,,506636,,
501571,2015,26,0.36,,528696,,
501571,2016,27,0.83,,2500000,,
501571,2017,28,2.07,,4500000,,
501571,2018,29,1.09,,6500000,,
501571,2019,30,-0.72,,9000000,,
501571,2020,31,0.1,,,,
501571,2021,32,-0.41,,1250000,,
501571,2022,33,-0.9,,,,
501593,2013,23,0.01,2.22,491250,75.0,0.0
501593,2014,24,0.02,-0.13,517500,62.0,0.0
501593,2015,25,-0.01,0.39,530000,73.0,0.0
501593,2016,26,0.0,0.32,1390000,27.0,0.0
501593,2017,27,-0.02,0.66,1500000,61.0,0.0
501593,2018,28,-0.01,0.43,2450000,70.0,0.0
501593,2019,29,0.0,0.09,1600000,45.0,0.0
501593,2020,30,,0.05,100000,10.0,0.0
501593,2021,31,0.0,-0.34,,4.0,0.0
501605,2013,25,0.15,,,,
501625,2013,24,0.03,-0.19,,14.0,6.0
501625,2014,25,,0.06,502000,2.0,0.0
501625,2015,26,0.0,0.47,509500,64.0,0.0
501625,2016,27,-0.01,0.04,519500,64.0,0.0
501625,2017,28,0.0,0.2,557500,64.0,0.0
501625,2018,29,0.0,1.75,1050000,76.0,0.0
501625,2019,30,0.0,0.76,1925000,67.0,1.0
501625,2020,31,,0.32,2950000,8.0,0.0
501625,2021,32,0.1,1.2,1050000,67.0,1.0
501625,2022,33,,-0.09,1500000,21.0,0.0
501627,2013,24,,0.11,490000,8.0,0.0
501627,2014,25,,-0.2,510825,4.0,0.0
501627,2015,26,,0.04,,2.0,0.0
501647,2013,24,2.16,,491000,,
501647,2014,25,-0.27,,502000,,
501647,2015,26,-1.56,,2800000,,
501659,2013,24,0.23,,,,
501659,2014,25,0.7100000000000001,,,,
501659,2015,26,0.79,,,,
501659,2016,27,0.7,,,,
501659,2017,28,-0.04,,544200,,
501659,2018,29,-0.72,,,,
501659,2019,30,0.49,,,,
501659,2020,31,-0.16,,,,
501659,2021,32,-0.66,,570000,,
501659,2022,33,-0.03,,,,
501659,2023,34,-0.33,,,,
501660,2013,24,-0.43,,,,
501660,2014,25,-0.38,,511300,,
501697,2016,27,-0.04,0.78,,46.0,0.0
501697,2017,28,0.03,0.4800000000000001,540200,43.0,0.0
501697,2018,29,,-0.04,,8.0,0.0
501789,2013,28,0.0,0.83,,61.0,0.0
501789,2014,29,0.0,0.06,510000,29.0,0.0
501789,2015,30,-0.01,2.02,513900,68.0,0.0
501789,2016,31,0.0,1.59,525500,66.0,0.0
501789,2017,32,0.0,0.94,2200000,46.0,0.0
501789,2018,33,0.0,0.65,2800000,61.0,0.0
501789,2019,34,0.0,1.93,4225000,68.0,0.0
501789,2020,35,,0.38,8000000,20.0,0.0
501789,2021,36,0.0,-0.17,8000000,8.0,0.0
501800,2013,28,2.7,,1750000,,
501800,2014,29,-1.02,,2750000,,
501800,2015,30,-0.7,,5500000,,
501817,2016,32,0.0,2.21,1500000,53.0,0.0
501817,2017,33,0.0,-0.14,1750000,50.0,0.0
501817,2018,34,0.0,0.46,1500000,22.0,0.0
501817,2019,35,0.0,-0.02,750000,2.0,0.0
501822,2013,28,0.0,-0.74,,7.0,0.0
501822,2014,29,-0.01,0.67,,52.0,0.0
501822,2015,30,-0.01,-0.08,522500,49.0,0.0
501822,2016,31,0.05,-0.63,1065000,37.0,0.0
501822,2017,32,0.0,0.41,1250000,49.0,0.0
501822,2018,33,0.0,-0.24,2150000,34.0,0.0
501852,2014,28,,-0.07,,1.0,0.0
501870,2013,29,,0.04,,1.0,0.0
501870,2015,31,,0.22,,4.0,0.0
501888,2014,26,-0.65,,550000,,
501888,2016,28,0.12,,,,
501896,2013,30,0.41,,3150000,,
501896,2014,31,1.69,,5050000,,
501896,2015,32,2.76,,6425000,,
501896,2016,33,1.79,,3000000,,
501896,2017,34,2.29,,6250000,,
501896,2018,35,2.12,,4250000,,
501896,2019,36,1.46,,4500000,,
501925,2013,29,0.0,1.79,3150000,70.0,0.0
501925,2014,30,0.0,2.52,5250000,76.0,0.0
501925,2015,31,0.0,0.65,5250000,70.0,0.0
501925,2016,32,0.0,0.6100000000000001,5250000,54.0,0.0
501925,2017,33,0.0,1.1,3000000,59.0,0.0
501925,2018,34,0.0,0.36,7000000,56.0,0.0
501925,2019,35,0.0,0.62,8000000,28.0,0.0
501925,2021,37,0.0,0.21999999999999997,4000000,50.0,0.0
501925,2022,38,,-0.57,2500000,34.0,0.0
501936,2016,32,-0.01,0.13,,3.0,0.0
501955,2013,27,0.0,-0.07,1875000,45.0,0.0
501955,2014,28,-0.01,0.92,2500000,69.0,0.0
501955,2015,29,0.0,-0.62,1000000,36.0,0.0
501955,2016,30,0.0,0.41,1000000,20.0,0.0
501957,2013,25,-0.08,3.72,508500,33.0,33.0
501957,2014,26,0.02,2.73,546000,34.0,34.0
501957,2015,27,-0.03,0.43,4315000,31.0,31.0
501957,2016,28,-0.04,3.56,6225000,30.0,30.0
501957,2017,29,,-2.19,10050000,24.0,19.0
501957,2018,30,,-1.14,3000000,7.0,7.0
501961,2013,25,0.76,,,,
501981,2013,25,1.25,,490000,,
501981,2014,26,1.7,,503000,,
501981,2015,27,0.67,,519500,,
501981,2016,28,2.42,,524500,,
501981,2017,29,2.8,,5000000,,
501981,2018,30,2.81,,10500000,,
501981,2019,31,-0.22,,16500000,,
501981,2020,32,-0.33,,16750000,,
501981,2021,33,-0.35,,16750000,,
501983,2013,25,-0.65,,505000,,
501983,2014,26,1.92,-0.07,1200000,1.0,0.0
501983,2015,27,0.92,,2100000,,
501985,2013,25,0.2,2.88,505000,32.0,32.0
501985,2014,26,0.19,0.23,3850000,25.0,25.0
501985,2017,29,0.0,3.0,4000000,65.0,0.0
501985,2018,30,0.06,3.8,8333334,28.0,28.0
501985,2019,31,-0.15,7.99,9833333,32.0,32.0
501985,2020,32,,-0.08,9833333,12.0,11.0
501985,2021,33,-0.08,1.0,7000000,28.0,28.0
501985,2022,34,,-0.77,,19.0,19.0
501986,2016,28,-0.67,,507500,,
501992,2013,25,0.04,-0.4,,3.0,3.0
501992,2014,26,,0.08,,2.0,2.0
501992,2015,27,0.15,1.94,508800,27.0,26.0
501992,2016,28,-0.01,0.05,523700,22.0,15.0
501992,2017,29,,1.03,571000,9.0,8.0
501992,2019,31,,0.26,800000,4.0,2.0
502003,2013,28,-0.23,,500000,,
502003,2014,29,-0.04,,,,
502004,2013,28,-0.02,-0.53,492500,52.0,0.0
502004,2014,29,-0.02,0.44,,24.0,0.0
502004,2015,30,-0.04,1.66,517500,73.0,0.0
502004,2016,31,0.0,0.8,1150000,57.0,0.0
502004,2017,32,-0.03,1.17,1750000,65.0,0.0
502004,2018,33,0.0,-0.18,2725000,28.0,0.0
502009,2013,25,-0.15,3.36,4250000,32.0,32.0
502009,2014,26,-0.15,1.03,7250000,16.0,16.0
502009,2015,27,0.45,-0.55,9400000,24.0,21.0
502009,2016,28,0.1,0.15000000000000002,3000000,17.0,12.0
502009,2017,29,-0.04,-0.14,,3.0,3.0
502010,2015,27,-0.03,-0.48,,12.0,0.0
502011,2013,25,0.0,0.28,,44.0,0.0
502011,2014,26,0.02,0.11,511325,18.0,0.0
502011,2017,29,,-0.09,,1.0,0.0
502023,2015,27,0.04,,,,
502026,2013,25,0.0,0.48,495900,10.0,0.0
502026,2014,26,0.0,0.79,507600,32.0,0.0
502026,2015,27,0.0,1.56,510500,72.0,0.0
502026,2016,28,0.0,1.74,519100,59.0,0.0
502026,2017,29,-0.03,0.45999999999999996,2100000,61.0,1.0
502026,2018,30,0.0,3.29,1700000,73.0,0.0
502026,2019,31,-0.01,-0.31,3175000,48.0,0.0
502026,2020,32,0.0,1.21,850000,22.0,0.0
502028,2013,27,,0.04,560000,2.0,0.0
502028,2014,28,,-0.1,560000,7.0,0.0
502028,2016,30,-0.03,0.48,600000,70.0,0.0
502028,2017,31,-0.02,-0.68,1275000,72.0,0.0
502028,2018,32,,0.37,1450000,13.0,0.0
502029,2013,24,-0.29,,,,
502029,2017,28,-0.57,,610000,,
502032,2013,28,0.11,1.9000000000000001,3000000,32.0,30.0
502032,2014,29,0.04,2.09,5300000,28.0,28.0
502032,2015,30,-0.06,-1.9,8800000,38.0,11.0
502032,2016,31,0.48,-0.050000000000000044,2500000,35.0,19.0
502032,2017,32,0.0,0.34,1750000,60.0,3.0
502032,2018,33,0.0,0.26,3000000,64.0,0.0
502033,2013,25,0.0,0.05,,4.0,0.0
502034,2015,30,0.15,,,,
502034,2016,31,-0.75,,925000,,
502042,2013,24,-0.01,2.03,,23.0,23.0
502042,2014,25,-0.05,2.56,500000,32.0,32.0
502042,2015,26,-0.07,3.9,1166667,34.0,34.0
502042,2016,27,-0.06,2.03,2916666,33.0,33.0
502042,2017,28,0.03,1.71,4916666,34.0,34.0
502042,2018,29,-0.05,0.77,6416667,27.0,27.0
502042,2019,30,0.11,0.72,7666667,23.0,23.0
502042,2021,32,0.0,-0.09,6500000,6.0,5.0
502042,2022,33,,0.13,2750000,25.0,25.0
502043,2013,25,,-0.75,,10.0,10.0
502043,2014,26,0.06,2.23,502500,31.0,31.0
502043,2015,27,0.01,3.17,537500,32.0,32.0
502043,2016,28,-0.06,0.91,587500,25.0,25.0
502043,2017,29,,0.41,2900000,29.0,29.0
502043,2018,30,0.11,3.48,4200000,32.0,32.0
502043,2019,31,0.08,0.35,8125000,34.0,29.0
502043,2020,32,,-0.07,10666667,12.0,12.0
502043,2021,33,0.09999999999999999,3.52,9666666,31.0,30.0
502043,2022,34,,0.42,,31.0,31.0
502043,2023,35,0.0,0.73,10000000,33.0,33.0
502043,2024,36,,0.85,12000000,30.0,30.0
502043,2025,37,,-1.09,5250000,4.0,4.0
502046,2013,25,-0.08,1.39,497500,30.0,30.0
502046,2014,26,-0.03,0.43,513000,21.0,21.0
502046,2015,27,-0.18,-0.67,531000,30.0,30.0
502046,2016,28,-0.14,-0.3,3025000,30.0,19.0
502046,2017,29,-0.07,-0.96,3025000,7.0,7.0
502051,2015,27,0.0,-0.21,,9.0,0.0
502051,2016,28,0.0,0.3,515000,10.0,0.0
502051,2017,29,-0.03,-0.33,545000,14.0,0.0
502051,2018,30,0.0,-0.06,,2.0,0.0
502054,2014,26,-0.05,,,,
502054,2015,27,1.48,,,,
502054,2016,28,-0.27,,510000,,
502054,2017,29,6.32,,,,
502054,2018,30,3.33,,570100,,
502054,2019,31,3.86,,4100000,,
502054,2020,32,-0.09,,,,
502054,2021,33,1.48,,8900000,,
502054,2022,34,0.39,,6000000,,
502054,2023,35,1.54,,6000000,,
502054,2024,36,-0.22,,,,
502054,2025,37,0.92,,4025000,,
502054,2026,38,-0.39,,,,
502082,2013,24,1.08,,492900,,
502082,2014,25,1.53,,510800,,
502082,2015,26,1.89,,2250000,,
502082,2016,27,1.61,,2725000,,
502082,2017,28,1.39,,4300000,,
502082,2018,29,0.25,,5587500,,
502083,2013,25,-0.05,0.86,496400,24.0,24.0
502083,2014,26,0.03,-0.27,504500,22.0,15.0
502083,2015,27,0.0,0.98,520400,61.0,1.0
502083,2016,28,0.0,0.89,1300000,53.0,2.0
502083,2017,29,0.0,1.37,1825000,50.0,0.0
502083,2018,30,0.0,-0.61,2450000,44.0,0.0
502083,2023,35,,-0.4,,7.0,0.0
502085,2013,28,0.0,2.36,3100000,70.0,0.0
502085,2014,29,0.0,1.16,5215000,63.0,0.0
502085,2015,30,0.0,0.54,10000000,60.0,0.0
502085,2016,31,0.0,1.22,11000000,62.0,0.0
502085,2017,32,0.0,2.92,12000000,61.0,0.0
502085,2018,33,0.0,0.68,13000000,69.0,0.0
502085,2019,34,0.0,-0.03,10000000,7.0,0.0
502085,2021,36,,-0.09,,12.0,1.0
502085,2022,37,-0.01,2.69,3500000,58.0,0.0
502085,2023,38,,1.6500000000000001,10000000,62.0,0.0
502085,2024,39,0.0,1.5,10000000,68.0,0.0
502085,2025,40,,0.2,,20.0,0.0
502087,2013,25,,0.79,,25.0,0.0
502087,2014,26,0.0,-0.13,503400,21.0,0.0
502087,2015,27,,0.06,,3.0,0.0
502087,2016,28,,-0.3,,9.0,0.0
502100,2013,27,0.0,,,,
502100,2014,28,0.15,,,,
502100,2015,29,-0.12,,1000000,,
502100,2016,30,-0.87,,,,
502100,2017,31,0.07,,,,
502102,2013,27,0.0,-0.18,,2.0,0.0
502110,2013,25,-1.18,,,,
502110,2014,26,4.57,,,,
502110,2015,27,5.54,,3000000,,
502110,2016,28,1.79,,6750000,,
502110,2017,29,3.99,,11750000,,
502110,2018,30,6.67,,23750000,,
502110,2019,31,3.47,,23750000,,
502110,2020,32,-0.72,,23750000,,
502110,2021,33,3.15,,19350000,,
502110,2022,34,1.12,,19350000,,
502110,2023,35,2.03,,10000000,,
502110,2024,36,0.48,,12000000,,
502117,2014,28,2.07,,,,
502117,2015,29,-0.43,,512500,,
502117,2017,31,-0.3,,,,
502117,2018,32,0.27,,,,
502117,2019,33,0.13,,,,
502125,2013,27,-0.97,,2275000,,
502125,2014,28,-0.18,,1000000,,
502126,2013,25,3.17,,500000,,
502126,2014,26,-1.29,,550000,,
502126,2015,27,0.26,,2600000,,
502130,2017,32,0.0,-0.12,,8.0,0.0
502139,2013,25,,0.2,,11.0,1.0
502139,2014,26,,-0.14,504000,8.0,0.0
502143,2013,28,0.66,,,,
502143,2014,29,0.47000000000000003,,1065000,,
502143,2015,30,1.74,,1675000,,
502143,2016,31,1.15,,3150000,,
502143,2017,32,1.15,,5500000,,
502143,2018,33,0.19,0.01,1200000,1.0,0.0
502151,2017,32,0.03,,,,
502154,2013,25,,-0.03,,8.0,7.0
502154,2014,26,0.0,2.59,521500,71.0,0.0
502154,2015,27,0.0,2.32,3200000,64.0,0.0
502154,2016,28,0.0,4.14,6750000,69.0,0.0
502154,2017,29,0.0,1.01,11400000,38.0,0.0
502154,2018,30,0.0,0.5900000000000001,12000000,41.0,0.0
502154,2019,31,0.0,2.46,13000000,66.0,0.0
502154,2020,32,,0.52,13000000,20.0,0.0
502154,2021,33,0.0,-0.37,13000000,22.0,0.0
502154,2022,34,,-0.07,14000000,3.0,0.0
502158,2013,30,-0.01,0.25,505000,63.0,0.0
502161,2013,28,-0.06,,,,
502162,2015,32,0.0,0.08,,5.0,0.0
502166,2014,29,-0.06,-0.46,,5.0,3.0
502166,2015,30,,0.01,,1.0,1.0
502168,2014,26,,-0.17,,1.0,1.0
502171,2013,25,-0.07,3.84,502200,22.0,22.0
502171,2014,26,0.06,3.98,516900,27.0,27.0
502171,2016,28,,-0.78,4000000,5.0,5.0
502171,2017,29,-0.08,2.72,4200000,29.0,29.0
502171,2018,30,0.01,0.8,14000000,28.0,28.0
502171,2019,31,,-0.43,14000000,3.0,3.0
502171,2020,32,,1.12,14000000,10.0,10.0
502171,2021,33,-0.01,1.64,15000000,18.0,18.0
502171,2022,34,,2.45,9000000,28.0,28.0
502171,2023,35,,2.5,9000000,28.0,28.0
502171,2024,36,,0.22,,3.0,3.0
502179,2017,30,0.02,-0.15000000000000002,,12.0,2.0
502179,2020,33,,0.13,,2.0,1.0
502179,2021,34,0.13,0.99,,35.0,19.0
502179,2022,35,,0.56,,42.0,19.0
502179,2023,36,,-0.37,,3.0,0.0
502179,2024,37,,-0.27,,3.0,1.0
502182,2013,27,-0.2,,496000,,
502182,2014,28,-0.03,,505000,,
502182,2015,29,0.38,,514000,,
502182,2016,30,-0.02,,516500,,
502188,2013,28,-0.06,1.04,2640000,33.0,33.0
502188,2014,29,0.07,3.8,5345000,33.0,33.0
502188,2015,30,0.04,0.29,9800000,32.0,32.0
502188,2016,31,0.0,2.55,10800000,32.0,32.0
502188,2017,32,-0.31,2.69,19800000,32.0,32.0
502188,2018,33,-0.05,-0.58,19800000,10.0,10.0
502188,2019,34,-0.04,3.42,19800000,32.0,32.0
502188,2020,35,,-0.66,19800000,4.0,4.0
502190,2013,25,0.25,2.62,3060000,31.0,31.0
502190,2014,26,0.51,1.52,5925000,33.0,33.0
502190,2015,27,-0.16,2.86,9775000,30.0,30.0
502190,2016,28,-0.04,0.65,12000000,30.0,30.0
502190,2017,29,0.16,1.83,15000000,31.0,31.0
502190,2018,30,-0.04,1.47,17000000,31.0,31.0
502190,2019,31,-0.19,1.27,16000000,32.0,32.0
502195,2013,25,0.0,0.11,,18.0,0.0
502195,2014,26,0.0,0.35,502250,41.0,0.0
502202,2013,25,-0.01,0.1,,18.0,0.0
502202,2014,26,-0.01,1.84,,63.0,0.0
502202,2015,27,0.0,0.09,521400,69.0,0.0
502202,2016,28,,-0.07,519200,27.0,0.0
502202,2017,29,0.0,0.47,1600000,30.0,0.0
502202,2018,30,0.0,-0.78,1850000,60.0,0.0
502202,2019,31,0.0,0.01,2200000,29.0,0.0
502202,2020,32,,0.46,100000,23.0,0.0
502202,2021,33,0.0,1.03,100000,71.0,0.0
502202,2022,34,,1.17,1750000,70.0,0.0
502202,2023,35,,-0.01,2000000,22.0,0.0
502205,2013,25,-0.59,,,,
502205,2014,26,-0.06,,502250,,
502205,2015,27,-0.51,,,,
502205,2016,28,-0.25,,,,
502205,2017,29,-0.17,,,,
502208,2013,28,,-0.54,,8.0,8.0
502210,2013,26,2.75,,510000,,
502210,2014,27,3.2,,2700000,,
502210,2015,28,3.55,,4100000,,
502210,2016,29,2.4499999999999997,,6575000,,
502210,2017,30,4.57,,13000000,,
502210,2018,31,1.79,,13000000,,
502210,2019,32,1.34,,13000000,,
502210,2020,33,-0.42,,13000000,,
502210,2021,34,-0.42,-0.02,,1.0,0.0
502211,2014,26,-0.11,-0.83,,10.0,9.0
502211,2015,27,-0.41,1.1,,21.0,21.0
502211,2016,28,-0.1,-0.47,,6.0,6.0
502211,2017,29,,-0.45,,11.0,5.0
502212,2017,32,-0.04,0.97,,24.0,6.0
502212,2018,33,,-0.18,,13.0,6.0
502213,2015,30,-0.2,,,,
502226,2013,29,3.54,,501000,,
502226,2014,30,1.85,,1145000,,
502226,2015,31,-0.47,,1600000,,
502226,2016,32,-0.42,,1000000,,
502226,2017,33,0.23,,850000,,
502226,2018,34,1.05,,900000,,
502239,2013,25,-0.28,0.7,5500000,26.0,25.0
502239,2014,26,-0.11,-1.54,7700000,32.0,17.0
502239,2015,27,0.03,-0.25999999999999995,12000000,26.0,3.0
502239,2016,28,0.0,0.95,4250000,50.0,1.0
502239,2017,29,0.24,0.35000000000000003,1750000,21.0,14.0
502239,2018,30,,1.41,1500000,21.0,20.0
502239,2019,31,0.04,-0.12,9000000,37.0,11.0
502239,2020,32,,0.56,100000,11.0,6.0
502239,2021,33,-0.03,-0.45,1500000,9.0,8.0
502253,2013,24,-0.11,-0.29,,10.0,10.0
502260,2013,28,,-0.06,501900,37.0,0.0
502260,2014,29,0.0,0.18000000000000002,975000,25.0,0.0
502260,2015,30,0.0,-0.27,1150000,19.0,0.0
502261,2013,29,0.010000000000000009,,,,
502261,2014,30,-0.21,,,,
502261,2015,31,0.5,,,,
502261,2016,32,-0.27,,,,
502264,2014,26,,0.04,,7.0,0.0
502264,2015,27,0.0,-0.22,,13.0,0.0
502272,2013,29,0.0,0.56,500000,73.0,0.0
502272,2014,30,0.0,0.72,530000,73.0,0.0
502272,2015,31,0.0,0.97,1375000,62.0,0.0
502272,2016,32,0.0,-0.35,2275000,39.0,0.0
502272,2017,33,0.0,-1.07,1100000,10.0,0.0
502273,2016,28,0.09999999999999998,,,,
502273,2017,29,-0.82,-0.02,,1.0,0.0
502273,2018,30,-0.1,,,,
502273,2019,31,1.41,-0.04,,1.0,0.0
502273,2020,32,-0.13,,,,
502273,2021,33,-0.54,0.01,,1.0,0.0
502281,2015,27,0.0,0.05,,2.0,0.0
502285,2015,27,0.14,,,,
502285,2016,28,-0.61,0.03,,1.0,0.0
502285,2021,33,-0.03,,,,
502304,2013,27,-0.06,1.89,,56.0,0.0
502304,2014,28,0.0,0.15,532500,65.0,0.0
502304,2015,29,0.0,0.19,1300000,30.0,0.0
502304,2019,33,,-0.08,,4.0,0.0
502317,2013,28,0.72,,1325000,,
502317,2014,29,0.9,,1760000,,
502317,2015,30,0.09,,2160000,,
502317,2016,31,-0.06,,1250000,,
502317,2017,32,-0.59,,1400000,,
502327,2013,25,-0.09,2.71,505000,34.0,23.0
502327,2014,26,0.04,0.51,530000,30.0,24.0
502327,2015,27,-0.01,2.14,2290000,33.0,32.0
502327,2016,28,0.04,1.1099999999999999,5000000,33.0,33.0
502327,2017,29,,0.03,8000000,15.0,14.0
502327,2018,30,-0.07,0.62,2000000,49.0,7.0
502327,2019,31,0.0,-0.37,100000,19.0,2.0
502327,2021,33,,0.39,,13.0,1.0
502356,2013,25,,-0.15,495000,2.0,0.0
502374,2013,28,-0.51,,505000,,
502374,2014,29,1.67,,750000,,
502374,2015,30,-0.17,,1087600,,
502374,2016,31,-0.05,,,,
502381,2013,29,0.0,0.73,3200000,73.0,0.0
502381,2014,30,0.0,1.75,5065000,72.0,0.0
502381,2015,31,0.0,0.54,6000000,64.0,0.0
502381,2016,32,0.0,0.46,6250000,59.0,0.0
502381,2017,33,0.0,0.03,6250000,65.0,0.0
502381,2018,34,0.0,-0.31,5000000,17.0,0.0
502381,2019,35,0.0,-0.09,5000000,6.0,0.0
502409,2013,28,0.05,,,,
502409,2014,29,-0.14,,,,
502409,2015,30,-0.12,,,,
502457,2016,28,-0.03,-0.4,,6.0,0.0
502462,2015,27,0.0,-0.35,,17.0,0.0
502481,2013,28,1.55,,506000,,
502481,2014,29,2.3,,530000,,
502481,2015,30,2.19,,1225000,,
502481,2016,31,2.84,,1725000,,
502481,2017,32,2.69,,2800000,,
502481,2018,33,0.11,,3750000,,
502481,2019,34,1.53,,3750000,,
502481,2020,35,-0.79,,2000000,,
502481,2021,36,-0.03,,1500000,,
502517,2013,28,2.51,,2925000,,
502517,2014,29,2.34,,5700000,,
502517,2015,30,1.06,,8000000,,
502517,2016,31,4.67,,8000000,,
502517,2017,32,3.21,,12000000,,
502517,2018,33,0.030000000000000027,,17500000,,
502517,2019,34,0.65,,10000000,,
502517,2020,35,-0.94,,8000000,,
502522,2014,27,0.0,-0.11,,8.0,0.0
502522,2015,28,-0.05,0.58,,34.0,0.0
502522,2016,29,-0.02,-0.02,509500,40.0,0.0
502522,2018,31,-0.03,0.68,,51.0,0.0
502522,2019,32,0.0,0.15,593200,17.0,0.0
502522,2021,34,0.0,-0.38,,23.0,0.0
502523,2014,26,-0.01,,,,
502523,2015,27,0.49,,,,
502523,2016,28,0.03,,,,
502544,2013,26,-0.33,,,,
502544,2016,29,-0.23,,,,
502570,2015,27,-0.15,,,,
502570,2017,29,-0.07,,,,
502570,2018,30,-0.05,,,,
502570,2019,31,-0.22,,,,
502578,2014,26,0.0,0.38,,50.0,0.0
502578,2015,27,0.0,-0.02,514200,40.0,0.0
502578,2019,31,0.0,-0.17,,3.0,0.0
502578,2020,32,,-0.03,,2.0,0.0
502582,2013,26,0.38,,490000,,
502582,2014,27,-0.26,,505000,,
502582,2015,28,-0.52,,510500,,
502582,2016,29,0.1,,,,
502593,2013,25,,0.54,,16.0,0.0
502593,2014,26,0.0,2.02,,67.0,0.0
502593,2015,27,0.0,0.71,520000,62.0,0.0
502593,2016,28,,-0.05,535000,9.0,0.0
502593,2017,29,0.0,-0.64,825000,27.0,0.0
502593,2018,30,-0.01,-0.06,,41.0,0.0
502593,2019,31,0.0,0.11,,6.0,0.0
502593,2021,33,0.0,-0.83,,7.0,0.0
502624,2014,26,-0.39,0.86,,21.0,21.0
502624,2015,27,-0.37,0.86,512500,27.0,27.0
502624,2016,28,-0.24,0.85,520200,31.0,30.0
502624,2017,29,-0.1,4.23,2450000,25.0,25.0
502624,2018,30,-0.27,1.05,4750000,30.0,30.0
502624,2019,31,-0.06,1.96,6500000,32.0,27.0
502624,2020,32,,-0.45,,10.0,7.0
502624,2021,33,-0.16,-0.33,4000000,14.0,9.0
502624,2022,34,,-0.21,,9.0,7.0
502624,2023,35,,0.61,549682,19.0,17.0
502624,2024,36,0.0,-0.66,1250000,29.0,1.0
502671,2013,25,6.33,,500000,,
502671,2014,26,4.71,,1100000,,
502671,2015,27,8.33,,3100000,,
502671,2016,28,4.91,,5875000,,
502671,2017,29,6.08,,8875000,,
502671,2018,30,5.77,,11100000,,
502671,2019,31,2.55,,14500000,,
502671,2020,32,1.95,,26000000,,
502671,2021,33,5.94,,26000000,,
502671,2022,34,7.65,,26000000,,
502671,2023,35,3.29,,26000000,,
502671,2024,36,1.43,,26000000,,
502671,2025,37,1.13,,12500000,,
502671,2026,38,1.56,,4000000,,
502676,2014,27,-0.1,,,,
502676,2015,28,0.03,,,,
502676,2016,29,-0.33,,,,
502706,2013,26,0.04,3.24,3200000,33.0,33.0
502706,2014,27,,1.64,5400000,6.0,5.0
502706,2015,28,,0.44,7400000,10.0,10.0
502706,2016,29,0.05,0.77,10000000,22.0,20.0
502706,2017,30,0.06,-1.58,6000000,29.0,26.0
502706,2018,31,-0.35,2.47,1750000,36.0,30.0
502706,2019,32,-0.06999999999999999,-1.01,6500000,51.0,8.0
502706,2020,33,,-1.0,100000,12.0,5.0
502706,2021,34,0.0,0.09,925000,39.0,1.0
502748,2013,25,0.01,-0.01,490000,18.0,14.0
502748,2014,26,-0.06,-0.6,504300,28.0,24.0
502748,2015,27,,-0.03,515800,1.0,1.0
502748,2016,28,0.0,0.18,,10.0,5.0
502748,2017,29,0.14,3.05,541500,34.0,21.0
502748,2018,30,-0.01,0.69,2440000,61.0,1.0
502748,2019,31,,1.1,3110000,23.0,15.0
502748,2020,32,,-0.1,3900000,3.0,0.0
502748,2021,33,,-0.28,,2.0,1.0
503285,2013,30,-0.02,1.88,2200000,68.0,0.0
503285,2014,31,0.0,2.39,3200000,68.0,0.0
503285,2015,32,0.0,2.65,4250000,68.0,0.0
503285,2016,33,,0.48,6000000,34.0,0.0
503285,2017,34,0.0,1.03,7000000,64.0,0.0
503285,2018,35,0.0,0.32,,20.0,0.0
503285,2019,36,0.0,0.19,9000000,8.0,0.0
503285,2020,37,,0.7,2250000,19.0,0.0
503285,2021,38,,0.27,1750000,12.0,0.0
503285,2022,39,,0.09,,28.0,0.0
503351,2013,30,-0.52,,,,
503351,2016,33,-0.16,,,,
503437,2016,27,0.07,,,,
503444,2016,27,0.01,-0.36,,22.0,9.0
503449,2013,24,-0.16,-1.1,490000,32.0,32.0
503449,2014,25,-0.15,2.56,515000,32.0,32.0
503449,2015,26,-0.14,0.29,525500,20.0,20.0
503449,2016,27,-0.12,0.41,2800000,23.0,23.0
503449,2017,28,0.1,-1.48,4275000,19.0,8.0
503449,2018,29,0.0,0.6,1500000,37.0,0.0
503449,2019,30,0.0,-0.24,2250000,42.0,0.0
503449,2021,32,0.01,2.05,1500000,19.0,18.0
503449,2022,33,,0.73,100000,28.0,1.0
503483,2013,29,,-0.1,,1.0,0.0
503556,2013,24,0.65,,494400,,
503556,2014,25,1.34,,504500,,
503556,2015,26,2.65,,1062500,,
503556,2016,27,1.4,,2000000,,
503556,2017,28,4.06,,3725000,,
503556,2018,29,2.45,,5125000,,
503556,2019,30,1.96,,12000000,,
503556,2020,31,0.18,,9000000,,
503556,2021,32,-0.77,0.04,3000000,1.0,0.0
503556,2022,33,0.59,0.01,,1.0,0.0
503566,2017,28,0.0,-0.11,,2.0,0.0
503569,2013,25,0.0,0.05,490000,5.0,0.0
503569,2020,32,,1.12,1000000,24.0,0.0
503569,2021,33,0.0,-0.23,1500000,39.0,0.0
504083,2014,26,0.0,0.03,,1.0,0.0
504083,2015,27,0.0,-0.78,,10.0,0.0
504083,2016,28,0.0,-0.22,,2.0,0.0
504186,2015,26,,0.04,,19.0,0.0
504186,2016,27,,-0.15,510500,2.0,0.0
504379,2013,26,0.24,0.3,491000,31.0,31.0
504379,2014,27,-0.19,-0.42,2025000,33.0,14.0
504379,2015,28,0.06,0.21,2300000,53.0,1.0
504379,2016,29,-0.07,0.42,3000000,52.0,12.0
504379,2017,30,-0.01,1.96,3650000,76.0,0.0
504379,2018,31,0.0,-1.09,7750000,46.0,0.0
504379,2019,32,-0.03,-0.09,9250000,47.0,0.0
504379,2020,33,,-0.26,100000,2.0,0.0
505447,2021,36,0.0,-0.09,,2.0,0.0
506433,2013,26,-0.04,5.58,9500000,32.0,32.0
506433,2014,27,0.04,3.52,10000000,22.0,22.0
506433,2016,29,0.11,2.46,10000000,17.0,17.0
506433,2017,30,-0.12,4.07,11000000,31.0,31.0
506433,2018,31,-0.08,-0.09,25000000,8.0,8.0
506433,2019,32,-0.24,2.98,20000000,31.0,31.0
506433,2020,33,,2.79,22000000,12.0,12.0
506433,2021,34,-0.07,1.42,22000000,30.0,30.0
506433,2022,35,,4.53,19000000,30.0,30.0
506433,2023,36,,0.94,25000000,24.0,24.0
506433,2024,37,,1.96,16000000,16.0,16.0
506433,2025,38,,-0.11,21000000,15.0,15.0
506560,2013,24,-0.17,,497400,,
506560,2014,25,1.76,,511100,,
506560,2015,26,-0.3,0.01,1150000,1.0,0.0
506560,2016,27,-0.47,0.01,1350000,1.0,0.0
506560,2017,28,-1.16,,1100000,,
506606,2013,37,0.0,0.11,,5.0,0.0
506648,2014,33,,0.33,,20.0,0.0
506693,2013,23,0.46,1.79,507900,17.0,17.0
506693,2014,24,0.17,4.67,525400,30.0,30.0
506693,2015,25,0.12,-0.61,4000000,4.0,4.0
506693,2017,27,-0.08,0.25,,3.0,3.0
506702,2013,24,-0.03,,,,
506702,2014,25,0.09,,501000,,
506702,2015,26,-0.12,,510400,,
506702,2016,27,2.78,,,,
506702,2017,28,0.56,,1300000,,
506702,2018,29,-0.59,,1950000,,
506702,2019,30,-0.51,,2475000,,
506702,2020,31,-0.14,,2000000,,
506702,2021,32,-0.78,-0.07,1250000,6.0,0.0
506702,2022,33,-0.52,0.05,,1.0,0.0
506702,2023,34,-0.51,-0.06,100000,1.0,0.0
506702,2025,36,-0.09,,,,
506702,2026,37,-0.55,,,,
506703,2017,26,0.3,,,,
506703,2018,27,-0.03,,,,
506703,2019,28,-0.11,,,,
506703,2021,30,0.25,,,,
506747,2014,24,0.12,,,,
506747,2015,25,0.03,,,,
506747,2016,26,-0.19,,,,
506747,2017,27,0.33,,,,
506747,2018,28,-1.1,,650000,,
506924,2016,28,-0.26,,,,
506924,2017,29,-0.03,,535000,,
506988,2013,24,,-0.06,,1.0,0.0
506997,2013,25,0.06,,,,
506997,2014,26,-0.11,,507000,,
506997,2015,27,0.17,,518000,,
506997,2017,29,-0.03,,,,
508892,2013,23,-0.89,,,,
508892,2014,24,-0.18,,,,
514639,2013,24,0.0,0.14,,11.0,0.0
514639,2014,25,,-0.25,,1.0,0.0
514669,2015,31,0.0,-0.31,,13.0,0.0
514669,2016,32,0.0,0.09,,8.0,0.0
514719,2013,23,-0.11,,,,
514888,2013,23,1.13,,505700,,
514888,2014,24,5.5,,1250000,,
514888,2015,25,3.97,,2500000,,
514888,2016,26,7.75,,3500000,,
514888,2017,27,8.12,,4500000,,
514888,2018,28,5.08,,9000000,,
514888,2019,29,3.74,,9500000,,
514888,2020,30,-0.32,,29000000,,
514888,2021,31,4.49,,29000000,,
514888,2022,32,5.24,,29000000,,
514888,2023,33,2.81,,29000000,,
514888,2024,34,3.23,,29000000,,
514888,2025,35,0.59,,33000000,,
514888,2026,36,-0.02,,33000000,,
514913,2013,23,-0.56,,514701,,
514913,2014,24,1.89,,1100000,,
514913,2015,25,0.03,,1880000,,
514913,2016,26,-0.38,-0.06,1500000,1.0,0.0
514913,2017,27,-0.16,,,,
514913,2019,29,-0.21,,,,
514917,2013,23,-0.44,,,,
514917,2014,24,-0.67,,500000,,
514917,2015,25,1.22,,510000,,
514917,2016,26,2.95,,525000,,
514917,2017,27,2.8,,2550000,,
514917,2018,28,2.14,,5100000,,
514917,2019,29,1.9,,7750000,,
514917,2020,30,1.72,,6250000,,
514917,2021,31,0.53,,5000000,,
514917,2022,32,0.49,,4000000,,
514981,2015,27,,0.0,,4.0,0.0
514981,2017,29,,-0.13,,5.0,0.0
515052,2015,24,0.0,-0.5,,21.0,0.0
515052,2016,25,,-0.14,,5.0,0.0
516414,2015,26,-0.09,0.14,,6.0,5.0
516414,2016,27,0.0,-0.17,510100,1.0,0.0
516416,2013,23,4.07,,492000,,
516416,2014,24,0.89,,534000,,
516416,2015,25,0.56,,534000,,
516416,2016,26,6.59,,2600000,,
516416,2017,27,3.58,,6200000,,
516416,2018,28,3.52,,9600000,,
516416,2019,29,1.87,,14850000,,
516416,2020,30,1.39,,14850000,,
516416,2021,31,3.83,,14850000,,
516416,2022,32,1.83,,14850000,,
516416,2023,33,-2.09,,6500000,,
516472,2018,28,0.03,-0.05,,2.0,0.0
516589,2013,24,,0.19,,10.0,10.0
516589,2014,25,0.0,-1.51,,18.0,11.0
516589,2015,26,-0.03,-0.28,,14.0,0.0
516714,2014,25,0.0,-0.19,,4.0,0.0
516714,2015,26,0.0,-0.37,,6.0,0.0
516714,2016,27,0.0,0.16,,26.0,0.0
516714,2017,28,,0.23,538790,20.0,0.0
516769,2013,23,-0.19,0.55,494925,5.0,5.0
516769,2014,24,-0.23,0.15,509675,63.0,7.0
516769,2015,25,0.0,0.47,2595000,7.0,0.0
516770,2013,23,-0.49,,5000000,,
516770,2014,24,2.4,,5000000,,
516770,2015,25,0.44,,6857143,,
516770,2016,26,1.24,,7857143,,
516770,2017,27,2.09,,9857143,,
516770,2018,28,1.78,,10857143,,
516770,2019,29,1.12,,11857143,,
516770,2020,30,0.28,,5000000,,
516770,2021,31,1.08,,7000000,,
516782,2013,24,5.05,,500000,,
516782,2014,25,4.5,,500000,,
516782,2015,26,4.95,,1333333,,
516782,2016,27,4.68,,3333333,,
516782,2017,28,1.31,,5333333,,
516782,2018,29,3.89,,7833333,,
516782,2019,30,2.86,,10333334,,
516782,2020,31,1.56,,11500000,,
516782,2021,32,4.82,,12500000,,
516782,2022,33,3.75,,15750000,,
516782,2023,34,-0.72,,20750000,,
516782,2024,35,0.63,,20750000,,
516782,2025,36,0.95,,20750000,,
516782,2026,37,-0.03,,1000000,,
516809,2013,23,1.15,,,,
516809,2014,24,-1.26,,502500,,
516809,2015,25,-0.61,,,,
516809,2016,26,-0.06,,520200,,
516811,2013,23,0.0,,,,
516811,2014,24,-0.06,,,,
516811,2015,25,0.02,,,,
516853,2014,24,0.0,0.08,,2.0,0.0
516910,2014,24,-0.07,-0.59,,15.0,2.0
516910,2015,25,-0.09,0.29,,17.0,13.0
516910,2016,26,-0.01,0.13,517500,1.0,0.0
516935,2013,23,-0.01,0.05,,5.0,0.0
516935,2014,24,-0.06,-0.33,505500,20.0,0.0
516935,2015,25,0.0,0.11,,8.0,0.0
516949,2013,23,0.19,,502500,,
516949,2014,24,-0.39,,512000,,
516949,2015,25,-0.42,,800000,,
516949,2016,26,0.33,,,,
516949,2017,27,-0.58,,750000,,
516969,2013,23,0.0,-0.07,508175,59.0,0.0
516969,2014,24,0.0,2.86,522500,70.0,0.0
516969,2015,25,0.0,1.48,1600000,72.0,0.0
516969,2016,26,0.0,1.99,2550000,72.0,0.0
516969,2017,27,0.0,0.32,5325000,64.0,0.0
516969,2018,28,0.0,1.7000000000000002,7937500,48.0,0.0
516969,2019,29,0.0,-0.45,8500000,57.0,0.0
516969,2020,30,,-0.12,8500000,2.0,0.0
516970,2015,26,0.11,-0.65,,16.0,0.0
517008,2013,24,-0.03,0.02,,3.0,3.0
517008,2014,25,,0.65,,5.0,3.0
517008,2015,26,0.0,0.77,510800,43.0,13.0
517008,2016,27,0.0,2.29,521700,57.0,0.0
517008,2017,28,0.0,0.86,547900,65.0,0.0
517008,2018,29,0.0,1.05,5300000,70.0,0.0
517008,2019,30,0.0,0.91,7325000,62.0,0.0
517008,2020,31,,0.99,10533000,21.0,0.0
517008,2021,32,0.0,-0.66,5000000,67.0,0.0
517008,2022,33,0.0,-0.92,4100000,53.0,0.0
517008,2023,34,,-0.19,,4.0,0.0
517059,2015,27,,0.05,,1.0,0.0
517060,2013,24,,-0.74,,14.0,12.0
517060,2014,25,-0.03,0.0,,1.0,1.0
517369,2014,24,0.22,,,,
517369,2015,25,-0.61,,510000,,
517369,2016,26,-0.45,,,,
517369,2017,27,2.12,,,,
517369,2018,28,-0.69,,556200,,
517369,2019,29,-0.05,,575100,,
517370,2013,24,-1.58,,,,
517370,2014,25,0.26,,,,
517370,2015,26,0.34,,515000,,
517370,2016,27,-0.1,,,,
517414,2013,23,0.2,0.16,,20.0,19.0
517414,2014,24,-0.03,-0.51,510000,47.0,4.0
517414,2015,25,-0.03,0.84,526000,64.0,1.0
517414,2016,26,-0.03,0.68,1275000,79.0,0.0
517414,2017,27,-0.11,0.61,1775000,26.0,5.0
517414,2018,28,0.0,-0.06,2250000,10.0,0.0
517448,2016,26,0.04,-0.16,,6.0,1.0
517451,2013,22,0.0,-0.33,490000,32.0,0.0
517593,2013,23,-0.03,1.23,,10.0,10.0
517593,2014,24,-0.04,1.04,501500,20.0,20.0
517593,2015,25,-0.06,3.41,,30.0,30.0
517593,2016,26,-0.05,2.43,536200,25.0,25.0
517593,2017,27,,1.23,3400000,23.0,19.0
517593,2019,29,,0.09,4500000,1.0,1.0
517629,2016,28,0.0,-0.19,,2.0,0.0
518170,2013,25,-0.24,,496645,,
518170,2014,26,0.03,,,,
518170,2015,27,-0.11,,,,
518397,2015,25,,0.02,,4.0,0.0
518397,2016,26,,0.31,,17.0,0.0
518397,2017,27,-0.04,2.34,,58.0,0.0
518397,2018,28,-0.07,0.34,555000,73.0,1.0
518397,2019,29,0.0,0.19,575000,28.0,0.0
518397,2020,30,,0.24,875000,13.0,0.0
518397,2021,31,0.0,0.18,1000000,18.0,0.0
518397,2022,32,0.0,1.06,,17.0,4.0
518397,2023,33,0.0,-0.23,1200000,55.0,8.0
518397,2024,34,,1.22,2250000,45.0,0.0
518397,2025,35,,0.01,2000000,21.0,0.0
518418,2013,24,0.0,-0.03,490000,22.0,0.0
518418,2014,25,-0.01,-0.62,500000,5.0,0.0
518418,2015,26,0.05,-0.26,,1.0,1.0
518420,2013,27,0.05,-0.6,493000,30.0,20.0
518420,2014,28,-0.05,0.53,,5.0,4.0
518420,2015,29,-0.04,-0.6,,6.0,0.0
518435,2021,32,,-0.11,,3.0,0.0
518444,2013,24,,-0.5,506700,12.0,2.0
518444,2014,25,,0.02,518700,1.0,1.0
518445,2017,28,0.0,-0.42,,28.0,4.0
518445,2018,29,,-0.19,,3.0,0.0
518452,2013,24,-0.02,-0.56,,16.0,8.0
518452,2014,25,-0.04,-1.1,500000,21.0,0.0
518452,2015,26,0.01,2.37,,20.0,20.0
518452,2016,27,-0.38,1.68,512500,32.0,32.0
518452,2017,28,-0.05,0.64,545000,9.0,9.0
518452,2018,29,-0.2,0.65,2000000,27.0,20.0
518452,2019,30,0.01,-0.42,3350000,39.0,3.0
518466,2016,26,0.02,,507500,,
518466,2017,27,-0.23,,,,
518466,2018,28,-0.82,,,,
518468,2013,24,0.0,-0.3,,18.0,0.0
518468,2015,26,0.05,1.13,508500,45.0,0.0
518468,2016,27,0.0,-0.96,514200,41.0,0.0
518468,2017,28,-0.05,-0.33,,5.0,1.0
518468,2019,30,0.0,-0.03,,4.0,0.0
518489,2013,25,,0.2,,7.0,0.0
518489,2018,30,0.0,1.43,,34.0,0.0
518489,2019,31,0.0,0.03,577500,62.0,0.0
518489,2020,32,0.0,0.54,,25.0,1.0
518489,2021,33,0.0,0.18,1250000,13.0,0.0
518489,2022,34,,-0.83,1400000,68.0,0.0
518489,2023,35,0.0,1.2600000000000002,2000000,59.0,0.0
518489,2024,36,,0.2,4500000,29.0,4.0
518489,2025,37,,-0.18,,28.0,1.0
518490,2014,25,0.15,,,,
518490,2016,27,-0.13,,,,
518493,2013,24,-0.01,0.14,,18.0,0.0
518493,2014,25,0.0,0.32,503000,7.0,0.0
518500,2013,28,0.31,,,,
518500,2014,29,-0.09,,538045,,
518502,2014,25,0.06,,,,
518516,2013,23,0.02,4.04,750000,31.0,31.0
518516,2014,24,1.23,3.66,3750000,33.0,33.0
518516,2015,25,0.94,4.97,6750000,32.0,32.0
518516,2016,26,0.85,4.76,9750000,34.0,34.0
518516,2017,27,0.48,3.05,11500000,17.0,17.0
518516,2018,28,0.12,2.79,12000000,21.0,21.0
518516,2019,29,0.31,2.88,12000000,34.0,34.0
518516,2020,30,,-0.38,6000000,9.0,9.0
518516,2021,31,0.26,1.41,19000000,26.0,26.0
518516,2022,32,,-0.74,23000000,30.0,30.0
518516,2023,33,,-0.72,23000000,4.0,4.0
518526,2013,25,,-0.41,493000,1.0,0.0
518526,2014,26,,0.14,,1.0,0.0
518526,2015,27,0.0,-0.07,,4.0,0.0
518533,2013,24,0.05,-0.86,,14.0,0.0
518542,2013,23,0.14,,,,
518542,2014,24,-0.26,,,,
518542,2015,25,-0.46,,507500,,
518542,2016,26,0.72,,,,
518542,2017,27,-0.23,,,,
518542,2018,28,-0.36,,600000,,
518542,2019,29,-0.08,,,,
518545,2013,26,-0.51,,,,
518553,2013,27,0.0,2.12,505000,69.0,0.0
518553,2014,28,0.0,0.85,3800000,67.0,0.0
518553,2015,29,0.0,-0.15999999999999998,6650000,59.0,0.0
518553,2016,30,0.0,1.55,4000000,62.0,0.0
518553,2017,31,0.0,1.52,6000000,49.0,0.0
518553,2018,32,-0.02,1.97,6500000,80.0,0.0
518553,2019,33,-0.03,1.65,6500000,70.0,0.0
518553,2020,34,,-0.21,5250000,22.0,0.0
518553,2021,35,0.0,1.16,1000000,74.0,0.0
518553,2022,36,,0.36,1750000,69.0,0.0
518558,2014,27,-0.05,,,,
518560,2013,25,0.0,-0.48,,35.0,5.0
518560,2014,26,,-0.63,,13.0,0.0
518560,2016,28,-0.27,0.23000000000000004,,18.0,14.0
518566,2017,27,,-0.28,,1.0,0.0
518566,2018,28,0.0,0.85,,18.0,2.0
518566,2019,29,0.0,-0.22,557500,38.0,6.0
518567,2013,27,-0.05,0.97,504000,49.0,0.0
518567,2014,28,0.02,2.34,925000,33.0,28.0
518567,2015,29,0.1,1.07,1400000,44.0,12.0
518567,2016,30,-0.1,0.78,1825000,18.0,3.0
518567,2017,31,0.0,-0.77,1200000,11.0,0.0
518568,2014,25,0.82,,,,
518568,2015,26,0.52,,509525,,
518568,2016,27,0.42,,518425,,
518568,2017,28,-0.2,,564000,,
518568,2019,30,0.15,,,,
518568,2020,31,-0.39,,,,
518577,2013,27,0.25999999999999995,,493520,,
518577,2014,28,1.71,,506000,,
518577,2015,29,0.37,,995000,,
518577,2016,30,-0.23,,1000000,,
518585,2022,32,,0.75,,14.0,2.0
518585,2023,33,,0.28,720000,58.0,2.0
518585,2024,34,0.0,0.32,750000,69.0,3.0
518585,2025,35,,0.37,,49.0,0.0
518585,2026,36,0.0,1.39,1450000,49.0,0.0
518586,2013,24,-0.32,,,,
518586,2014,25,-1.57,,500000,,
518586,2016,27,0.36,,535000,,
518586,2017,28,0.04,,550000,,
518586,2018,29,0.68,-0.02,575000,1.0,0.0
518586,2019,30,-0.13,0.07,1395000,2.0,0.0
518586,2020,31,-0.14,0.02,100000,1.0,0.0
518586,2021,32,1.0,0.06,,2.0,0.0
518586,2022,33,0.03,0.07,1750000,2.0,0.0
518586,2023,34,0.03,,,,
518595,2013,24,-0.31,,,,
518595,2014,25,0.49,,501560,,
518595,2015,26,1.48,,525424,,
518595,2016,27,-0.55,,542604,,
518595,2017,28,1.39,,1875000,,
518595,2018,29,-0.07,,3475000,,
518595,2019,30,0.97,,3515000,,
518595,2020,31,0.83,,8000000,,
518595,2021,32,0.24,,8000000,,
518595,2022,33,2.76,,8000000,,
518595,2023,34,0.23,,8000000,,
518595,2024,35,1.08,,8000000,,
518595,2025,36,-0.23,,6000000,,
518595,2026,37,0.25,,6000000,,
518603,2013,25,0.0,0.44,,58.0,0.0
518603,2014,26,-0.01,0.83,513000,54.0,0.0
518603,2015,27,-0.01,-0.64,528000,61.0,0.0
518614,2013,26,0.33,,511000,,
518614,2014,27,-0.16,0.01,1290000,1.0,0.0
518614,2015,28,-0.4,,1500000,,
518614,2016,29,0.52,,2100000,,
518614,2017,30,-0.26,0.07,1350000,2.0,0.0
518614,2018,31,0.75,-0.05,2000000,2.0,0.0
518614,2019,32,-0.93,-0.06,1500000,1.0,0.0
518617,2013,26,0.0,0.6,,45.0,0.0
518617,2014,27,0.0,-0.16,515500,73.0,0.0
518617,2015,28,0.0,0.56,535500,67.0,0.0
518617,2016,29,0.0,1.06,1255000,66.0,0.0
518617,2017,30,0.0,0.42,2550000,11.0,0.0
518617,2018,31,0.0,-0.029999999999999916,2712500,71.0,0.0
518617,2019,32,0.0,0.30000000000000004,2250000,76.0,0.0
518617,2020,33,,1.39,2750000,21.0,0.0
518617,2021,34,-0.01,0.38,4000000,67.0,0.0
518617,2022,35,,-0.32999999999999996,3500000,70.0,0.0
518617,2023,36,,0.22999999999999998,3500000,63.0,0.0
518617,2024,37,0.0,-0.8,4000000,43.0,0.0
518618,2013,23,0.13,,,,
518618,2014,24,0.59,,501500,,
518618,2015,25,0.06,,,,
518618,2016,26,2.54,,522500,,
518618,2017,27,1.07,,1700000,,
518618,2018,28,-0.34,,2900000,,
518618,2019,29,1.1,,100000,,
518618,2020,30,0.17,,,,
518625,2013,23,2.35,,491800,,
518625,2014,24,-1.11,,510100,,
518625,2016,26,-0.14,,,,
518626,2013,27,7.24,,492500,,
518626,2014,28,6.94,,500000,,
518626,2015,29,7.41,,4300000,,
518626,2016,30,7.28,,11650000,,
518626,2017,31,4.55,,17000000,,
518626,2018,32,1.02,,23000000,,
518626,2019,33,5.28,,23000000,,
518626,2020,34,0.54,,18750000,,
518626,2021,35,3.03,,21750000,,
518626,2022,36,2.22,,21750000,,
518626,2023,37,0.11,0.03,21750000,1.0,0.0
518633,2013,24,,0.97,505125,5.0,5.0
518633,2014,25,0.0,3.75,,31.0,25.0
518633,2015,26,,1.61,2425000,30.0,24.0
518633,2016,27,0.01,4.02,4225000,42.0,26.0
518633,2017,28,0.05,3.55,5000000,24.0,24.0
518633,2018,29,-0.02,1.43,14000000,28.0,28.0
518633,2019,30,0.02,2.17,15250000,23.0,23.0
518633,2020,31,,0.28,15250000,12.0,11.0
518633,2021,32,,2.01,15500000,13.0,12.0
518649,2016,27,-0.27,,,,
518649,2017,28,-0.35,,,,
518649,2020,31,,-0.22,,3.0,0.0
518653,2013,26,-0.53,0.04,,1.0,0.0
518653,2014,27,-0.19,,,,
518653,2015,28,-0.86,-0.02,,1.0,0.0
518653,2016,29,-0.7,,,,
518653,2019,32,-0.38,,,,
518692,2013,23,5.25,,560000,,
518692,2014,24,2.96,,5125000,,
518692,2015,25,2.94,,8500000,,
518692,2016,26,6.26,,12000000,,
518692,2017,27,4.55,,20500000,,
518692,2018,28,5.52,,21000000,,
518692,2019,29,3.79,,21000000,,
518692,2020,30,3.28,,22000000,,
518692,2021,31,4.75,,22000000,,
518692,2022,32,6.23,,27000000,,
518692,2023,33,6.79,,27000000,,
518692,2024,34,4.52,,27000000,,
518692,2025,35,3.47,,27000000,,
518692,2026,36,3.11,,27000000,,
518693,2013,26,0.0,0.36,,13.0,0.0
518693,2014,27,0.0,0.49,,44.0,0.0
518693,2015,28,0.0,0.99,517000,54.0,0.0
518693,2016,29,0.0,-0.32,520700,7.0,0.0
518693,2017,30,-0.03,1.59,,58.0,0.0
518693,2018,31,-0.01,-0.04,1075000,63.0,0.0
518693,2019,32,,0.04,100000,1.0,0.0
518693,2020,33,,0.18,,7.0,0.0
518700,2013,27,0.45,,,,
518700,2014,28,-0.04,,,,
518700,2015,29,0.15,,,,
518700,2016,30,0.37000000000000005,,575000,,
518700,2017,31,-0.26,,675000,,
518703,2013,27,0.0,0.15,504500,71.0,0.0
518703,2014,28,0.0,0.3,750000,67.0,0.0
518703,2015,29,0.0,0.69,1300000,33.0,0.0
518713,2013,24,0.0,-0.03,,3.0,3.0
518715,2013,27,0.0,0.16,491250,37.0,0.0
518715,2015,29,0.0,-0.02,,7.0,0.0
518715,2016,30,0.07,-0.1,550000,56.0,0.0
518715,2017,31,-0.03,2.4,1050000,68.0,0.0
518715,2018,32,0.0,0.94,1675000,62.0,0.0
518715,2019,33,0.0,0.8,1500000,66.0,2.0
518715,2020,34,,0.08,100000,1.0,0.0
518716,2013,27,0.03,2.43,527375,32.0,32.0
518716,2014,28,-0.31,0.75,3625000,22.0,22.0
518716,2015,29,-0.04,-0.75,5300000,8.0,7.0
518716,2016,30,0.19,0.53,2000000,33.0,14.0
518716,2017,31,,0.63,,18.0,4.0
518725,2013,24,0.32,,,,
518725,2014,25,-0.28,,,,
518735,2013,24,0.75,,750000,,
518735,2014,25,1.08,,792000,,
518735,2015,26,1.39,,693000,,
518735,2016,27,2.99,,2800000,,
518735,2017,28,2.28,,5500000,,
518735,2018,29,3.46,,7900000,,
518735,2019,30,2.5,,16000000,,
518735,2020,31,0.87,,18250000,,
518735,2021,32,3.7,,18250000,,
518735,2022,33,-1.35,,18250000,,
518735,2023,34,-0.59,,18250000,,
518735,2024,35,0.67,,2500000,,
518748,2013,24,-0.02,-1.4600000000000002,,27.0,17.0
518748,2014,25,-0.03,0.43,505500,73.0,0.0
518748,2015,26,-0.01,0.64,531500,62.0,0.0
518748,2016,27,0.0,0.18,1275000,68.0,0.0
518748,2017,28,-0.06,-0.42,1825000,50.0,0.0
518748,2018,29,,-1.2400000000000002,1250000,21.0,0.0
518748,2020,31,,-0.3,,4.0,0.0
518748,2022,33,0.0,0.0,,15.0,0.0
518755,2014,28,-0.07,,,,
518755,2015,29,-0.01,,,,
518764,2013,27,-0.05,0.61,,31.0,7.0
518764,2015,29,-0.01,0.27,,1.0,0.0
518771,2015,29,-0.01,-0.01,,26.0,0.0
518774,2013,24,-0.34,5.32,498750,26.0,26.0
518774,2015,26,-0.2,4.91,614125,29.0,29.0
518774,2016,27,0.02,-0.1,4325000,17.0,17.0
518774,2017,28,-0.25,-0.97,5125000,19.0,18.0
518774,2018,29,-0.26,1.12,5625000,32.0,28.0
518774,2019,30,,-0.48,11000000,12.0,12.0
518774,2020,31,,-0.61,,7.0,4.0
518774,2021,32,-0.07,-0.72,1000000,28.0,28.0
518782,2013,24,-0.14,-1.24,,8.0,7.0
518790,2014,26,-0.01,-0.05,,3.0,1.0
518790,2015,27,0.08,1.62,,31.0,31.0
518790,2016,28,0.0,-0.39,530000,4.0,0.0
518790,2017,29,0.0,-0.49000000000000005,,3.0,1.0
518792,2013,23,3.59,,3650000,,
518792,2014,24,5.49,,4500000,,
518792,2015,25,6.97,,7800000,,
518792,2016,26,1.04,,21666666,,
518792,2017,27,2.2,,28166667,,
518792,2018,28,2.15,,28166667,,
518792,2019,29,2.38,,20000000,,
518792,2020,30,1.61,,21000000,,
518792,2021,31,0.31,,21000000,,
518792,2022,32,-0.59,,22000000,,
518792,2023,33,1.92,,720000,,
518792,2024,34,1.09,,9000000,,
518792,2025,35,-0.56,,1000000,,
518794,2014,28,0.63,,,,
518813,2013,27,0.0,3.18,539500,68.0,0.0
518813,2014,28,0.0,2.56,4675000,65.0,0.0
518813,2015,29,0.0,0.34,8250000,48.0,0.0
518813,2017,31,0.0,1.52,6000000,61.0,0.0
518813,2018,32,0.0,-0.14000000000000012,14000000,56.0,0.0
518813,2019,33,0.0,0.06,3250000,40.0,0.0
518813,2020,34,,0.9,100000,28.0,0.0
518813,2021,35,0.0,0.02,2750000,57.0,0.0
518813,2022,36,,-0.28,2100000,5.0,0.0
518833,2013,28,0.0,-0.71,,22.0,0.0
518833,2015,30,,-0.02,510800,5.0,0.0
518852,2014,24,-0.07,0.29,,4.0,1.0
518858,2013,27,0.0,0.33,507500,70.0,0.0
518858,2014,28,,0.0,545000,2.0,0.0
518858,2015,29,,0.27,660000,19.0,0.0
518858,2016,30,0.0,2.3,900000,71.0,0.0
518858,2017,31,,0.43,1900000,11.0,0.0
518858,2018,32,0.0,0.3,3950000,33.0,0.0
518858,2019,33,,0.2,4650000,13.0,0.0
518858,2020,34,,-0.24,100000,21.0,0.0
518858,2021,35,-0.01,-0.32999999999999996,100000,20.0,0.0
518863,2013,24,0.15,-0.01,,9.0,9.0
518863,2014,25,0.0,-0.58,504300,5.0,5.0
518863,2015,26,0.06,0.05,,4.0,1.0
518875,2013,29,0.0,-0.02,935000,57.0,0.0
518875,2014,30,0.0,-0.21,1765000,59.0,0.0
518875,2015,31,0.0,0.73,2835000,53.0,0.0
518875,2016,32,-0.01,1.48,4000000,67.0,0.0
518875,2017,33,0.0,-0.67,5500000,33.0,0.0
518875,2018,34,-0.01,1.04,5500000,54.0,0.0
518875,2019,35,0.0,0.86,2500000,50.0,0.0
518876,2019,30,-0.58,1.17,2000000,32.0,32.0
518876,2020,31,,1.26,3000000,5.0,5.0
518876,2021,32,-0.16,2.45,4250000,27.0,27.0
518876,2022,33,,3.78,5250000,33.0,33.0
518876,2023,34,,3.95,8500000,30.0,30.0
518876,2024,35,,1.06,8500000,13.0,13.0
518876,2025,36,,2.7,7000000,32.0,32.0
518876,2026,37,,0.3,20000000,19.0,19.0
518883,2016,27,0.01,0.03,,26.0,0.0
518883,2018,29,,-0.17,,4.0,0.0
518886,2013,25,0.0,3.07,655000,68.0,0.0
518886,2014,26,0.0,2.53,7000000,63.0,0.0
518886,2015,27,-0.01,1.34,9000000,61.0,0.0
518886,2016,28,0.0,0.82,11250000,57.0,0.0
518886,2017,29,0.0,3.56,13250000,67.0,0.0
518886,2018,30,0.0,2.1,13000000,63.0,0.0
518886,2019,31,0.0,-0.59,10000000,23.0,0.0
518886,2020,32,0.0,-0.13,16000000,18.0,0.0
518886,2021,33,-0.01,2.43,16000000,63.0,0.0
518886,2022,34,0.0,0.05,,63.0,0.0
518886,2023,35,,1.82,10000000,71.0,0.0
518886,2024,36,0.0,-1.03,12000000,57.0,0.0
518886,2025,37,,0.37,,14.0,0.0
518886,2026,38,,0.06,,30.0,0.0
518902,2013,25,-0.33,,490000,,
518902,2014,26,0.15,,518000,,
518902,2015,27,-0.74,,522000,,
518902,2017,29,-0.9600000000000001,,575000,,
518902,2018,30,0.33,,,,
518902,2021,33,0.19,,,,
518911,2013,24,-0.23,,,,
518911,2014,25,0.08,,,,
518911,2015,26,-0.57,,515500,,
518911,2016,27,-0.03,,,,
518927,2013,28,0.0,0.07,,14.0,0.0
518927,2014,29,0.0,0.65,,30.0,0.0
518927,2015,30,0.0,0.49,557000,64.0,0.0
518927,2016,31,,0.78,563750,63.0,0.0
518927,2017,32,0.0,-0.27,1075000,19.0,0.0
518934,2013,24,1.1,,,,
518934,2014,25,0.78,,501000,,
518934,2015,26,1.98,,517500,,
518934,2016,27,5.45,,3000000,,
518934,2017,28,3.01,,4800000,,
518934,2018,29,2.87,,8500000,,
518934,2019,30,5.57,,12000000,,
518934,2020,31,3.03,,12000000,,
518934,2021,32,1.61,,15000000,,
518934,2022,33,3.6,,15000000,,
518934,2023,34,1.3,,15000000,,
518934,2024,35,-1.52,,15000000,,
518934,2025,36,0.56,,15000000,,
518953,2013,27,2.4,,,,
518953,2014,28,1.5,,510500,,
518953,2015,29,-0.19,,525500,,
518953,2016,30,-0.05,,,,
518960,2013,27,2.86,,750000,,
518960,2014,28,6.4,,2000000,,
518960,2015,29,0.91,,3000000,,
518960,2016,30,3.71,,4000000,,
518960,2017,31,0.45999999999999996,,5250000,,
518960,2018,32,-0.74,,6500000,,
518960,2019,33,-1.0499999999999998,,3350000,,
518960,2020,34,0.0,,100000,,
518960,2021,35,0.06999999999999999,,,,
518961,2013,28,0.0,-0.2,,19.0,0.0
518961,2014,29,0.0,-0.34,504200,25.0,0.0
518963,2013,27,0.2,,,,
518977,2013,26,0.18,,,,
518991,2013,27,-0.9,,500000,,
518991,2014,28,-0.51,,,,
518991,2016,30,-0.13,,,,
519003,2014,25,,0.17,,14.0,0.0
519008,2013,24,0.0,0.12,490000,38.0,1.0
519008,2014,25,0.02,0.51,505500,37.0,1.0
519008,2015,26,0.0,-0.36,519000,30.0,0.0
519008,2016,27,0.0,-0.44,523500,16.0,0.0
519008,2017,28,0.0,-0.89,685000,43.0,1.0
519008,2018,29,-0.09,1.58,850000,47.0,0.0
519008,2019,30,-0.07,-0.56,1400000,51.0,0.0
519008,2020,31,,0.13,1800000,23.0,0.0
519008,2021,32,0.0,0.84,,38.0,0.0
519008,2022,33,,-0.73,2500000,28.0,0.0
519008,2023,34,,-0.09,375487,3.0,0.0
519008,2024,35,,0.58,850000,79.0,0.0
519008,2025,36,,-0.24,1800000,27.0,0.0
519023,2013,25,0.14,,497500,,
519023,2014,26,4.86,,525000,,
519023,2015,27,-0.29,,2525000,,
519023,2016,28,-0.25,,5025000,,
519023,2017,29,0.17,,7325000,,
519023,2018,30,0.57,,13125000,,
519025,2013,24,0.44,,498000,,
519025,2014,25,-1.4,,540000,,
519025,2015,26,-0.63,,540500,,
519025,2016,27,-0.25,,,,
519025,2017,28,-0.04,,,,
519037,2017,28,-0.48,,,,
519043,2013,24,-0.01,2.5,1000000,27.0,27.0
519043,2014,25,,0.3,1000000,2.0,2.0
519043,2015,26,-0.03,-0.42,3000000,12.0,12.0
519043,2016,27,-0.07,2.05,5000000,33.0,33.0
519043,2017,28,-0.11,-0.17,7000000,32.0,31.0
519043,2018,29,0.0,-1.04,9000000,39.0,12.0
519043,2019,30,,0.74,2500000,2.0,2.0
519043,2021,32,-0.22,-0.57,,24.0,13.0
519043,2022,33,,2.44,100000,63.0,0.0
519043,2023,34,,1.82,7550000,50.0,0.0
519043,2024,35,,-0.47,9000000,51.0,0.0
519048,2013,27,0.68,,502700,,
519048,2014,28,-0.43,0.04,2650000,1.0,0.0
519048,2015,29,2.2,,2950000,,
519048,2016,30,1.16,,5700000,,
519048,2017,31,1.82,0.03,5500000,1.0,0.0
519048,2018,32,1.88,,6500000,,
519048,2019,33,1.21,,6500000,,
519048,2020,34,1.12,,2500000,,
519048,2021,35,0.02,0.04,2250000,1.0,0.0
519058,2013,24,-0.61,,524500,,
519058,2014,25,0.06,,549000,,
519058,2015,26,4.03,,2640000,,
519058,2016,27,0.76,,5600000,,
519058,2017,28,1.34,,8700000,,
519058,2018,29,2.17,,5500000,,
519058,2019,30,2.78,,7000000,,
519058,2020,31,0.13,,12000000,,
519058,2021,32,-1.05,,14000000,,
519058,2022,33,-0.9,,16000000,,
519058,2023,34,-0.09000000000000002,,720000,,
519068,2013,27,0.11,,,,
519068,2014,28,-0.02,,,,
519068,2015,29,0.33,,511000,,
519068,2017,31,0.18,,,,
519068,2018,32,-0.09,,,,
519071,2015,25,-0.11,,,,
519076,2013,24,-0.03,0.34,,4.0,1.0
519076,2014,25,-0.09,-0.32,,14.0,12.0
519076,2015,26,-0.23,1.5,511500,30.0,30.0
519076,2016,27,-0.33,0.22,522300,32.0,32.0
519076,2017,28,-0.17,3.31,547000,29.0,29.0
519076,2019,30,-0.04,-0.43,3700000,10.0,3.0
519076,2021,32,-0.03,0.98,,28.0,1.0
519082,2013,24,-0.34,,490000,,
519082,2015,26,-0.3,,,,
519082,2016,27,-0.57,,,,
519083,2013,24,2.01,,492500,,
519083,2014,25,3.16,,505000,,
519083,2015,26,2.46,,545000,,
519083,2016,27,0.37,,2925000,,
519083,2017,28,-0.1,,1200000,,
519085,2013,23,0.0,2.12,,13.0,10.0
519085,2014,24,,0.79,503600,24.0,24.0
519085,2015,25,0.12,0.12,515800,8.0,8.0
519085,2016,26,-0.02,-0.45000000000000007,518000,37.0,2.0
519096,2013,28,0.0,1.43,,33.0,0.0
519096,2014,29,0.0,1.84,502500,72.0,0.0
519096,2015,30,0.0,-1.03,512500,41.0,0.0
519096,2016,31,0.0,2.51,520000,62.0,0.0
519096,2017,32,0.0,0.79,1050000,52.0,0.0
519096,2018,33,0.0,-0.28,1100000,61.0,0.0
519096,2019,34,0.0,-0.02,1300000,25.0,0.0
519105,2013,24,,2.26,495000,32.0,32.0
519107,2013,27,-0.89,,492500,,
519107,2014,28,0.17,,,,
519107,2015,29,-0.05,,,,
519110,2013,27,0.0,0.01,,2.0,0.0
519110,2014,28,0.0,-0.32,,3.0,0.0
519141,2013,24,-0.06,-0.1,,8.0,4.0
519141,2014,25,,1.46,,20.0,10.0
519141,2015,26,0.0,0.28,517500,53.0,9.0
519141,2016,27,-0.009999999999999998,3.76,1350000,31.0,30.0
519141,2017,28,-0.01,3.75,4450000,32.0,32.0
519141,2018,29,0.0,-0.72,8500000,26.0,11.0
519141,2019,30,-0.29000000000000004,0.83,1500000,46.0,18.0
519141,2020,31,,0.99,6000000,20.0,0.0
519141,2021,32,0.0,0.76,8000000,27.0,0.0
519141,2025,36,,0.95,,57.0,4.0
519141,2026,37,,-0.31,4000000,31.0,0.0
519144,2013,24,0.05,2.28,5100000,32.0,29.0
519144,2014,25,-0.07,3.81,8500000,32.0,31.0
519144,2015,26,-0.03,0.47,12500000,28.0,28.0
519144,2016,27,0.07,4.65,20125000,33.0,33.0
519144,2017,28,-0.05,-0.41,20125000,33.0,33.0
519144,2018,29,0.18,2.47,21125000,33.0,33.0
519144,2019,30,-0.1,0.84,21125000,32.0,32.0
519144,2020,31,,0.16,10000000,12.0,12.0
519145,2014,27,0.0,-0.19,,26.0,0.0
519151,2013,24,0.0,0.47,490000,49.0,0.0
519151,2014,25,,0.67,,25.0,0.0
519151,2015,26,0.0,0.69,,27.0,0.0
519151,2016,27,0.0,1.15,520000,72.0,0.0
519151,2017,28,0.0,-0.04,1175000,57.0,0.0
519151,2018,29,0.0,2.0700000000000003,1600000,77.0,0.0
519151,2019,30,0.0,1.68,2900000,55.0,0.0
519151,2020,31,,0.22,8750000,23.0,0.0
519151,2021,32,0.0,1.87,8750000,64.0,0.0
519151,2022,33,,0.82,10000000,50.0,0.0
519151,2023,34,0.0,0.15,14000000,65.0,0.0
519151,2024,35,0.0,0.4,14000000,59.0,0.0
519151,2025,36,,-0.59,,44.0,0.0
519166,2014,25,0.0,1.34,,50.0,0.0
519166,2015,26,0.0,0.19,514500,19.0,0.0
519166,2016,27,0.0,-0.18,524500,18.0,0.0
519166,2017,28,-0.01,-1.0,750000,29.0,0.0
519166,2018,29,-0.01,0.2,,47.0,0.0
519166,2019,30,0.0,-0.19,1000000,22.0,1.0
519168,2014,24,-0.05,-0.15,,7.0,7.0
519168,2015,25,-0.03,-0.32,,4.0,2.0
519168,2016,26,0.13,-1.14,,9.0,5.0
519169,2014,25,0.0,0.16,,10.0,0.0
519169,2015,26,0.0,-1.06,,20.0,0.0
519175,2013,27,0.0,-0.14,,16.0,0.0
519175,2014,28,0.0,-0.1,503000,32.0,0.0
519184,2013,25,1.47,,515000,,
519184,2014,26,1.1,,1950000,,
519184,2015,27,2.98,,4100000,,
519184,2016,28,-0.97,,6250000,,
519184,2017,29,0.01,,4000000,,
519186,2013,28,0.0,0.73,505500,30.0,0.0
519186,2015,30,0.0,0.02,600000,18.0,0.0
519186,2016,31,0.0,-0.25,,8.0,0.0
519203,2013,23,2.46,,750000,,
519203,2014,24,5.61,,1250000,,
519203,2015,25,6.44,,5000000,,
519203,2016,26,5.84,,5000000,,
519203,2017,27,4.66,,7000000,,
519203,2018,28,3.07,0.01,7285714,1.0,0.0
519203,2019,29,4.42,,12285715,,
519203,2020,30,1.03,,16500000,,
519203,2021,31,2.04,0.02,16500000,1.0,0.0
519203,2022,32,2.28,,16000000,,
519203,2023,33,0.46,,17000000,,
519203,2024,34,0.24,,17000000,,
519208,2014,29,0.13,,,,
519208,2015,30,-0.12,0.04,525000,1.0,0.0
519208,2016,31,-0.63,,534900,,
519222,2013,24,-0.53,,,,
519222,2014,25,-0.1,,524800,,
519222,2015,26,-0.15,,554100,,
519222,2016,27,-0.19,,556000,,
519222,2017,28,-0.96,,805000,,
519222,2018,29,1.38,,1100000,,
519222,2019,30,0.7,-0.09,1800000,1.0,0.0
519222,2020,31,-0.2,,4100000,,
519222,2021,32,-0.28,,1500000,,
519222,2022,33,-0.74,,100000,,
519229,2014,25,,-0.06,,3.0,0.0
519229,2015,26,0.0,-0.15,,1.0,0.0
519237,2013,24,0.07,,,,
519237,2014,25,-0.35,,500000,,
519237,2015,26,1.01,,508000,,
519237,2016,27,1.11,,518000,,
519237,2017,28,0.94,,,,
519240,2013,27,-0.01,0.4,1100000,38.0,0.0
519240,2014,28,0.0,0.68,1375000,73.0,0.0
519240,2015,29,0.0,-1.1400000000000001,2400000,72.0,0.0
519240,2016,30,0.0,1.18,2950000,70.0,0.0
519240,2017,31,0.0,0.21,5500000,64.0,0.0
519240,2018,32,,-0.51,5500000,23.0,0.0
519242,2013,24,,6.53,850000,30.0,30.0
519242,2014,25,-0.04,6.12,3500000,26.0,26.0
519242,2015,26,-0.01,3.38,6000000,31.0,31.0
519242,2016,27,-0.02,4.96,9150000,32.0,32.0
519242,2017,28,0.08,5.85,12000000,32.0,32.0
519242,2018,29,-0.03,6.46,12500000,27.0,27.0
519242,2019,30,,2.12,15000000,25.0,25.0
519242,2021,32,-0.01,0.93,30000000,9.0,9.0
519242,2022,33,,0.02,30000000,2.0,2.0
519242,2023,34,,1.63,27500000,20.0,20.0
519242,2024,35,,6.21,16000000,29.0,29.0
519242,2025,36,,3.87,22000000,21.0,20.0
519242,2026,37,,3.52,18000000,19.0,19.0
519263,2015,26,0.0,-0.46,,5.0,0.0
519263,2016,27,-0.04,0.73,,36.0,0.0
519263,2017,28,0.03,0.91,,32.0,0.0
519267,2013,27,,0.15,495000,18.0,0.0
519267,2014,28,0.0,0.0,505000,13.0,0.0
519267,2015,29,0.0,-0.06,512500,54.0,0.0
519267,2016,30,,0.77,807500,12.0,0.0
519267,2017,31,,-0.37,907500,8.0,0.0
519293,2013,23,,0.07,,19.0,1.0
519293,2014,24,0.0,0.06,502000,78.0,0.0
519293,2015,25,0.0,1.08,512500,76.0,0.0
519293,2016,26,0.0,0.16999999999999998,1475000,53.0,0.0
519293,2018,28,0.0,1.09,2500000,54.0,0.0
519293,2019,29,0.12,2.25,4225000,63.0,0.0
519293,2020,30,,0.19,13000000,18.0,0.0
519293,2021,31,0.0,1.48,13000000,71.0,0.0
519293,2022,32,,-0.55,13000000,65.0,0.0
519293,2023,33,0.0,0.04,1500000,60.0,0.0
519293,2024,34,,-0.91,5000000,45.0,0.0
519294,2016,27,-0.01,-0.26,,20.0,0.0
519294,2017,28,-0.03,-0.13,536625,54.0,0.0
519294,2018,29,0.0,-0.31,570500,8.0,0.0
519295,2014,25,1.11,,,,
519295,2015,26,-0.020000000000000018,,508500,,
519295,2016,27,-0.64,,,,
519295,2017,28,-0.06,,545000,,
519295,2018,29,-0.27,-0.06,775000,1.0,0.0
519299,2013,27,1.38,,495000,,
519299,2014,28,0.69,,510000,,
519299,2015,29,1.28,,1075000,,
519299,2017,31,1.85,,,,
519299,2018,32,-0.78,,2400000,,
519299,2019,33,3.0700000000000003,,100000,,
519299,2020,34,-0.19,,4000000,,
519299,2021,35,-0.64,-0.02,1000000,5.0,0.0
519301,2015,26,0.05,0.03,,18.0,0.0
519301,2016,27,-0.04,1.12,,37.0,0.0
519301,2017,28,0.0,-0.23,545700,30.0,0.0
519301,2018,29,0.0,-0.69,560300,56.0,0.0
519303,2020,30,0.09,,,,
519304,2013,24,-0.33,,,,
519304,2014,25,-0.43,,500000,,
519306,2014,25,-0.08,,,,
519306,2015,26,1.39,,508700,,
519306,2016,27,0.88,,516100,,
519306,2017,28,3.92,,546700,,
519306,2018,29,-0.52,,3550000,,
519306,2020,31,-0.02,,1000000,,
519306,2021,32,-0.18,,,,
519306,2022,33,-0.4,,,,
519317,2013,23,2.76,,537000,,
519317,2014,24,6.52,,6500000,,
519317,2015,25,3.76,,6500000,,
519317,2016,26,2.43,,9000000,,
519317,2017,27,8.1,,14500000,,
519317,2018,28,4.43,,25000000,,
519317,2019,29,0.37,,26000000,,
519317,2020,30,0.55,,26000000,,
519317,2021,31,3.1,,29000000,,
519317,2022,32,0.66,,29000000,,
519317,2023,33,-0.75,,32000000,,
519317,2024,34,0.8,,32000000,,
519317,2025,35,1.84,,32000000,,
519317,2026,36,0.16,,29000000,,
519322,2013,25,0.0,-0.71,2500000,68.0,0.0
519322,2014,26,0.0,2.51,3450000,65.0,0.0
519322,2015,27,0.0,0.64,5700000,58.0,0.0
519322,2016,28,0.0,-0.28,8375000,57.0,0.0
519322,2017,29,-0.01,-0.22,3000000,58.0,0.0
519326,2014,25,0.0,0.33,,9.0,0.0
519326,2015,26,-0.02,1.37,,55.0,0.0
519326,2016,27,0.0,1.05,517500,72.0,0.0
519326,2017,28,0.0,1.79,555000,68.0,0.0
519326,2018,29,0.0,-0.31,1550000,49.0,0.0
519326,2019,30,0.0,-0.19999999999999998,1300000,28.0,0.0
519326,2020,31,,-0.14,,4.0,0.0
519326,2021,32,-0.02,0.9099999999999999,570500,57.0,0.0
519326,2022,33,0.0,-0.02,1825000,66.0,0.0
519326,2024,35,,1.0,,72.0,0.0
519326,2025,36,,0.57,,19.0,0.0
519330,2013,27,-0.08,,,,
519333,2014,24,-0.31,,,,
519333,2015,25,-0.5,,508500,,
519333,2016,26,0.2,,511500,,
519333,2017,27,0.24,,549500,,
519333,2018,28,-0.33,,950000,,
519344,2013,24,-0.04,-0.26,,19.0,17.0
519344,2014,25,0.05,1.14,,23.0,22.0
519344,2016,27,-0.01,-0.21,,1.0,1.0
519344,2017,28,-0.03,-0.22999999999999998,1000000,4.0,4.0
519345,2013,24,-0.14,,,,
519345,2014,25,-0.01,,,,
519345,2015,26,-0.15,,507500,,
519346,2017,30,1.12,,4000000,,
519346,2018,31,0.37,,5000000,,
519346,2019,32,1.34,,6000000,,
519346,2020,33,-0.37,,3000000,,
519381,2015,30,-0.01,0.05,,26.0,0.0
519381,2016,31,,-0.42000000000000004,,15.0,0.0
519381,2018,33,0.0,0.2,,15.0,0.0
519381,2019,34,0.0,-0.17,585000,2.0,0.0
519381,2020,35,,0.2,,3.0,0.0
519390,2013,28,0.64,,,,
519390,2014,29,1.2,,502500,,
519390,2015,30,3.55,,512500,,
519390,2016,31,2.01,,527500,,
519390,2017,32,-0.38000000000000006,,2965000,,
519390,2019,34,1.07,,,,
519390,2020,35,0.01,,2500000,,
519390,2021,36,-0.12999999999999998,,3500000,,
519390,2022,37,-0.57,,850000,,
519393,2018,29,0.0,0.1,545000,8.0,0.0
519393,2019,30,-0.01,1.05,,70.0,0.0
519393,2020,31,0.0,-0.85,,15.0,0.0
519403,2013,28,-0.02,0.19999999999999998,,8.0,0.0
519411,2014,25,,-0.03,,3.0,0.0
519411,2015,26,0.0,0.09,,2.0,0.0
519412,2014,27,-0.02,,,,
519421,2014,25,-0.57,,,,
519421,2016,27,-0.16,,,,
519425,2014,28,0.04,,,,
519425,2015,29,0.09,,,,
519437,2013,24,-0.03,0.78,,26.0,0.0
519437,2014,25,0.0,0.22,506600,20.0,0.0
519437,2016,27,0.0,0.47,610000,46.0,0.0
519443,2013,24,0.0,-0.14,,20.0,3.0
519443,2014,25,-0.05,-1.13,518000,19.0,15.0
519443,2017,28,0.0,0.42,635000,33.0,0.0
519443,2018,29,0.0,0.76,835000,43.0,0.0
519443,2019,30,0.0,3.06,1150000,73.0,0.0
519443,2020,31,,-0.15,3500000,21.0,0.0
519443,2021,32,0.0,-0.18,100000,29.0,0.0
519445,2013,27,-0.08,,,,
519445,2014,28,-0.24,0.01,,2.0,0.0
519445,2016,30,-0.06,,,,
519455,2013,27,-0.11,3.54,5350000,32.0,32.0
519455,2014,28,0.15,4.69,7500000,32.0,32.0
519455,2015,29,-0.09,3.16,16500000,33.0,33.0
519455,2016,30,0.02,0.46,18000000,19.0,18.0
519455,2017,31,0.0,0.75,18000000,29.0,29.0
519455,2018,32,-0.02,0.98,24000000,25.0,25.0
519455,2019,33,-0.03,-0.08,25000000,23.0,23.0
519455,2020,34,,-0.18,25000000,3.0,2.0
519455,2021,35,-0.01,-0.09,100000,2.0,0.0
520471,2013,23,-0.29,,490000,,
520471,2014,24,-0.55,,500000,,
520471,2015,25,0.17,,513500,,
520471,2016,26,0.93,,2000000,,
520471,2017,27,1.99,,4350000,,
520471,2018,28,1.71,,6825000,,
520471,2019,29,3.19,,4000000,,
520471,2020,30,0.2,,,,
520471,2021,31,1.28,,1500000,,
520976,2013,23,0.11,,,,
520980,2014,26,0.0,0.38,,20.0,0.0
520980,2015,27,0.0,0.17,512500,52.0,0.0
520980,2016,28,-0.01,1.17,520000,73.0,0.0
520980,2017,29,0.03,0.71,550000,66.0,0.0
520980,2018,30,-0.05,0.76,1500000,55.0,0.0
520980,2019,31,0.0,0.45,2100000,71.0,0.0
520980,2020,32,,0.08,4000000,18.0,0.0
520980,2021,33,,0.08,4750000,4.0,0.0
520980,2022,34,,-0.23,5750000,3.0,0.0
521055,2013,24,-0.01,-0.29,,1.0,0.0
521055,2014,25,0.0,-0.29,501000,28.0,0.0
521230,2013,24,,-0.82,500000,10.0,8.0
521230,2014,25,0.0,-0.27,,9.0,6.0
521230,2015,26,0.05,1.02,518400,58.0,0.0
521230,2016,27,0.0,0.73,523400,53.0,0.0
521230,2017,28,0.0,0.14,1100000,70.0,0.0
521230,2018,29,0.0,0.21,1900000,25.0,8.0
521230,2019,30,0.0,3.66,2150000,75.0,2.0
521230,2020,31,,1.42,5300000,24.0,0.0
521230,2021,32,0.0,2.64,11333333,69.0,0.0
521230,2022,33,0.0,1.73,13333334,58.0,0.0
521230,2023,34,,-0.05,14333333,5.0,0.0
521230,2025,36,,-0.32,6000000,14.0,0.0
521655,2013,23,,0.05,,2.0,0.0
521655,2017,27,0.0,-0.32,,3.0,0.0
521655,2018,28,0.03,0.09999999999999987,550000,19.0,5.0
521655,2019,29,0.05,0.78,560400,48.0,17.0
521655,2020,30,,-0.71,,21.0,0.0
521692,2013,23,4.17,,1000000,,
521692,2014,24,3.55,,1500000,,
521692,2015,25,2.27,,1750000,,
521692,2016,26,2.95,,2000000,,
521692,2017,27,2.5,,4200000,,
521692,2018,28,2.21,,8700000,,
521692,2020,30,2.07,,14200000,,
521692,2021,31,5.27,,14200000,,
521692,2022,32,2.72,,18000000,,
521692,2023,33,0.4,,20000000,,
521692,2024,34,2.77,,20000000,,
521692,2025,35,0.46,,22000000,,
521692,2026,36,-0.57,,2000000,,
523253,2013,26,-0.03,,499000,,
523253,2014,27,1.28,,509700,,
523253,2015,28,4.62,,1100000,,
523253,2016,29,3.46,,2250000,,
523253,2017,30,1.76,,7000000,,
523253,2018,31,-0.27,,9000000,,
523253,2019,32,-0.39,,100000,,
523253,2020,33,-0.32,-0.02,,1.0,0.0
523260,2013,25,-0.04,2.94,493000,37.0,15.0
523260,2014,26,0.19,0.16999999999999998,523000,17.0,17.0
523260,2015,27,0.0,0.91,603000,25.0,25.0
523260,2016,28,0.0,-0.14,2600000,20.0,6.0
523260,2017,29,0.0,1.24,2800000,54.0,0.0
523260,2018,30,0.0,0.21,3825000,73.0,0.0
523260,2019,31,-0.04,-0.55,3333333,55.0,0.0
523260,2020,32,,0.21,8833333,12.0,1.0
523260,2021,33,-0.04,0.78,8833334,48.0,0.0
523260,2022,34,,-0.57,7000000,43.0,1.0
523260,2023,35,,-0.06,9000000,42.0,0.0
523260,2024,36,,-0.38,8000000,35.0,0.0
523261,2013,26,-0.32,,,,
523261,2014,27,-0.43,,,,
523265,2013,25,0.66,,,,
523265,2014,26,0.72,,501200,,
523848,2013,22,-0.01,0.09,,9.0,0.0
523848,2014,23,-0.01,-0.28,501000,5.0,0.0
523848,2015,24,0.0,0.23,,4.0,0.0
523848,2016,25,0.0,-0.45,,34.0,0.0
523989,2013,24,0.0,-0.1,,11.0,0.0
523989,2014,25,-0.03,0.43,,19.0,18.0
523989,2015,26,-0.4,-0.05,516000,32.0,32.0
523989,2016,27,-0.1,0.91,2350000,13.0,10.0
523989,2017,28,0.0,0.04,,9.0,0.0
524968,2013,23,-0.44,,503300,,
524968,2014,24,-0.06,,,,
524968,2015,25,-0.41,,,,
525768,2013,23,0.0,-0.13,534500,66.0,0.0
525768,2014,24,0.0,0.16,1362500,22.0,0.0
525768,2018,28,0.0,0.19,,38.0,0.0
525768,2019,29,0.0,0.15,850000,9.0,0.0
527038,2013,21,-0.6,,,,
527038,2014,22,0.5,,,,
527038,2015,23,0.99,,513543,,
527038,2016,24,0.42,,526014,,
527038,2017,25,0.16,,2200000,,
527038,2018,26,0.86,,3400000,,
527038,2019,27,0.62,,3750000,,
527038,2020,28,1.24,,3000000,,
527038,2021,29,1.77,,3000000,,
527038,2022,30,0.88,,3500000,,
527038,2023,31,2.68,,6500000,,
527038,2024,32,-0.58,,6500000,,
527038,2025,33,0.27,,3500000,,
527043,2015,24,0.02,,,,
527043,2016,25,1.08,,,,
527043,2017,26,-0.61,,547000,,
527043,2018,27,-0.16,,559000,,
527048,2013,22,0.01,1.56,492000,20.0,20.0
527048,2014,23,-0.03,0.72,750000,8.0,8.0
527048,2015,24,-0.03,0.28,1000000,14.0,14.0
527048,2016,25,0.04,1.98,2900000,33.0,33.0
527048,2017,26,-0.09,2.29,4400000,32.0,32.0
527048,2018,27,-0.04,-0.79,6000000,22.0,15.0
527048,2019,28,0.07,0.42,3500000,32.0,29.0
527048,2020,29,,1.18,6000000,12.0,12.0
527048,2021,30,-0.04,0.44,4500000,36.0,22.0
527048,2022,31,,5.11,4000000,32.0,32.0
527048,2023,32,,0.52,19650000,35.0,20.0
527048,2024,33,,0.88,8000000,26.0,26.0
527048,2025,34,,1.34,3500000,11.0,10.0
527048,2026,35,,1.57,,20.0,16.0
527049,2017,26,0.14,,,,
527049,2019,28,1.01,,,,
527049,2020,29,0.2,,,,
527054,2013,22,0.5,2.85,490000,30.0,30.0
527054,2014,23,-0.02,4.25,800000,33.0,33.0
527054,2015,24,-0.08,1.91,1000000,33.0,33.0
527054,2016,25,0.11,4.71,3300000,30.0,30.0
527054,2017,26,0.1,1.61,6300000,32.0,32.0
527054,2018,27,0.4,1.86,8166667,31.0,31.0
527054,2019,28,-0.32,3.12,11166667,33.0,33.0
527054,2020,29,,-1.05,9000000,10.0,9.0
527054,2021,30,,0.23,3000000,1.0,1.0
527054,2023,32,,0.51,1500000,14.0,11.0
527054,2024,33,,-0.2,,1.0,1.0
527055,2014,23,0.0,0.0,,5.0,0.0
527055,2015,24,0.0,1.33,,36.0,0.0
527055,2016,25,0.0,-0.55,897500,43.0,0.0
527055,2017,26,0.0,1.65,1550000,62.0,0.0
527055,2018,27,0.0,1.27,3400000,39.0,0.0
527055,2019,28,0.0,0.15,4800000,4.0,0.0
527055,2022,31,,-0.05,,7.0,0.0
528748,2020,22,,-0.11,,8.0,0.0
528748,2021,23,0.24,0.3,,14.0,7.0
528748,2022,24,,-0.43,,11.0,9.0
528748,2024,26,,-0.1,740000,7.0,0.0
532077,2015,20,0.0,1.79,,68.0,0.0
532077,2016,21,0.0,2.12,516100,72.0,0.0
532077,2017,22,0.0,1.29,552400,66.0,0.0
532077,2018,23,0.0,1.28,5300000,38.0,0.0
532077,2019,24,0.0,1.83,6500000,66.0,0.0
532077,2020,25,,0.3,10000000,4.0,0.0
533167,2013,26,,0.32,,1.0,1.0
533167,2014,27,-0.02,2.42,500500,27.0,20.0
533167,2015,28,0.03,0.56,517500,25.0,24.0
533167,2016,29,-0.03,2.06,530000,27.0,27.0
533167,2017,30,0.05,0.5,3325000,14.0,14.0
533167,2018,31,,0.22,4125000,7.0,7.0
533167,2019,32,,1.14,3500000,5.0,5.0
533167,2020,33,,0.6,4200000,6.0,6.0
533167,2021,34,,-1.83,2000000,16.0,11.0
534576,2014,25,0.07,-0.67,,15.0,0.0
534606,2015,26,-0.53,,,,
534606,2016,27,-0.11,0.03,,1.0,0.0
534606,2017,28,-0.14,,,,
534606,2018,29,0.44999999999999996,-0.03,,1.0,0.0
534606,2019,30,0.0,,,,
534606,2021,32,-0.02,,,,
534627,2014,25,0.0,,,,
534627,2015,26,-0.29000000000000004,,,,
534627,2016,27,-0.97,0.03,507500,1.0,0.0
534737,2016,27,0.0,-0.27,,19.0,9.0
534812,2014,25,0.0,1.0,,56.0,0.0
534812,2015,26,0.0,0.09,,57.0,0.0
534812,2016,27,0.0,0.53,521200,60.0,0.0
534812,2017,28,-0.01,-0.58,,20.0,0.0
534812,2018,29,0.0,-0.53,690000,10.0,0.0
534812,2021,32,0.0,-0.04,,1.0,0.0
534910,2014,24,-0.13,1.08,,14.0,12.0
534910,2015,25,-0.04,0.83,507500,16.0,16.0
534910,2016,26,-0.01,-0.23,,9.0,9.0
534910,2017,27,,-0.06,,14.0,13.0
534910,2019,29,0.0,-0.36,800000,6.0,0.0
534910,2020,30,,0.92,,18.0,0.0
534910,2021,31,,-0.35,1750000,5.0,0.0
534910,2025,35,,-0.08,,3.0,0.0
534947,2016,28,0.14,1.2,,13.0,13.0
534947,2017,29,-0.07,-0.5,,30.0,20.0
537953,2013,30,2.85,,505500,,
537953,2014,31,3.47,,556500,,
537953,2015,32,-0.27,,1850000,,
537953,2016,33,-0.91,,1375000,,
537953,2017,34,1.16,,1350000,,
538227,2013,38,0.0,-0.05,1000000,3.0,0.0
538506,2015,30,,-0.23,,1.0,1.0
539438,2013,26,0.06,-0.59,530000,24.0,24.0
539438,2016,29,,-0.11,,1.0,0.0
541600,2013,21,-0.01,,,,
541600,2014,22,-0.07,,,,
541600,2019,27,-0.14,,,,
541600,2021,29,-0.09,,,,
541608,2015,25,0.47,,,,
541608,2016,26,0.15,,,,
541640,2013,23,-0.01,0.03,,14.0,13.0
541640,2014,24,-0.04,-0.57,511800,17.0,14.0
541640,2015,25,-0.03,1.82,522800,34.0,27.0
541640,2016,26,0.0,0.93,2375000,64.0,1.0
541640,2017,27,0.11,0.6299999999999999,3125000,37.0,19.0
541640,2018,28,-0.03,-0.58,4200000,10.0,10.0
541640,2019,29,,-0.09,,1.0,0.0
541640,2020,30,,0.75,,6.0,0.0
541640,2021,31,0.0,-0.12,800000,17.0,0.0
541640,2022,32,,1.56,100000,60.0,2.0
541640,2023,33,,-1.06,1000000,38.0,2.0
541640,2024,34,,-0.16,,13.0,0.0
541640,2025,35,,0.36,,9.0,0.0
541645,2013,22,0.14,,490000,,
541645,2014,23,-0.07,,510000,,
541645,2015,24,0.44,,523000,,
541645,2016,25,0.9,,2100000,,
541645,2017,26,4.5,,3000000,,
541645,2018,27,0.57,,6700000,,
541645,2019,28,2.3,,3500000,,
541645,2020,29,-0.29,,7250000,,
541645,2021,30,3.1,,10750000,,
541645,2022,31,-1.13,,12000000,,
541645,2023,32,-0.61,,12000000,,
541645,2024,33,-0.18,,12000000,,
541650,2013,22,-0.18,,,,
541650,2014,23,-0.01,,,,
541650,2015,24,-0.44,,508500,,
541650,2016,25,1.65,,,,
541650,2017,26,0.9,0.03,545700,1.0,0.0
541650,2018,27,1.55,-0.16,1975000,3.0,0.0
541650,2019,28,-0.22,0.05,2500000,3.0,0.0
541650,2020,29,-0.1,,100000,,
541650,2021,30,-0.36,0.06,100000,2.0,0.0
541652,2013,22,0.0,0.49,,30.0,0.0
541652,2015,24,0.0,-0.83,510000,35.0,0.0
541652,2016,25,0.0,1.05,,37.0,0.0
541652,2017,26,0.0,-0.92,850000,21.0,0.0
541652,2018,27,0.0,-1.28,,35.0,0.0
542194,2013,21,-0.03,,,,
542194,2014,22,-0.31,,,,
542194,2015,23,-0.23,,507500,,
542194,2016,24,-0.05,0.05,511200,2.0,0.0
542194,2017,25,-0.06,-0.33,541800,4.0,0.0
542194,2022,30,1.09,0.08,,4.0,0.0
542194,2023,31,0.67,-0.11,1350000,1.0,0.0
542194,2024,32,0.35,,2050000,,
542208,2015,24,1.08,,,,
542208,2016,25,0.71,,513000,,
542208,2017,26,-0.19,,547500,,
542208,2018,27,-0.83,,,,
542208,2023,32,0.45,-0.04,740000,2.0,0.0
542233,2013,24,-0.03,,,,
542233,2014,25,0.03,,,,
542235,2014,23,,0.07,,1.0,0.0
542255,2014,23,3.28,,,,
542255,2015,24,5.03,,513000,,
542255,2016,25,3.8,,523000,,
542255,2017,26,2.8,,2700000,,
542255,2018,27,3.14,,4700000,,
542255,2019,28,0.51,,5700000,,
542255,2020,29,-0.59,,7700000,,
542255,2021,30,-0.09,,8700000,,
542255,2022,31,-0.03,,,,
542266,2014,23,-0.01,-0.4,,17.0,0.0
542266,2015,24,0.0,-0.14,,22.0,0.0
542289,2014,23,0.07,0.03,,5.0,3.0
542289,2018,27,-0.01,-0.01,,2.0,0.0
542303,2013,22,0.92,,,,
542303,2014,23,4.35,,505000,,
542303,2015,24,0.81,,545000,,
542303,2016,25,1.91,,570000,,
542303,2017,26,5.71,,3500000,,
542303,2018,27,2.41,,9000000,,
542303,2019,28,2.22,,12250000,,
542303,2020,29,2.82,,18000000,,
542303,2021,30,-0.12,,12000000,,
542303,2022,31,-0.88,,16000000,,
542303,2023,32,3.44,,18000000,,
542303,2024,33,4.33,,18000000,,
542303,2025,34,1.76,,16000000,,
542303,2026,35,-0.96,,10500000,,
542340,2013,22,-0.26,,,,
542340,2014,23,0.85,,503800,,
542340,2015,24,0.87,,,,
542340,2016,25,3.35,,512900,,
542340,2017,26,-0.05,,554500,,
542340,2018,27,3.05,,2550000,,
542340,2019,28,4.36,,4825000,,
542340,2020,29,-0.25,,8200000,,
542340,2021,30,1.77,,3550000,,
542340,2022,31,-1.28,,4500000,,
542364,2016,25,-0.44,,,,
542364,2018,27,-0.49,,,,
542364,2019,28,-0.42,,,,
542364,2021,30,2.0,,,,
542364,2022,31,0.06,,,,
542364,2023,32,0.22,,,,
542364,2024,33,-0.22,,,,
542432,2014,24,,-0.07,,8.0,0.0
542432,2015,25,0.0,-0.59,,8.0,0.0
542432,2016,26,0.0,0.13,507500,33.0,0.0
542432,2017,27,0.0,1.05,536250,68.0,0.0
542432,2018,28,0.0,-0.84,565000,7.0,0.0
542436,2014,22,-0.23,,,,
542436,2015,23,0.04,,,,
542436,2016,24,-0.73,,509500,,
542436,2017,25,-0.41,,540000,,
542436,2019,27,0.22,,,,
542454,2014,23,3.75,,,,
542454,2015,24,-1.75,,530000,,
542454,2016,25,-1.56,,537500,,
542454,2017,26,0.04999999999999999,,545000,,
542454,2018,27,0.02,,,,
542454,2019,28,1.86,,,,
542454,2020,29,-0.09,,3600000,,
542454,2021,30,-0.23,,1750000,,
542455,2013,22,-0.74,,,,
542455,2014,23,0.48,,512500,,
542455,2015,24,-0.29,,532500,,
542455,2016,25,-1.1700000000000002,,535000,,
542513,2014,23,-0.13,,,,
542513,2015,24,-0.08,,,,
542513,2016,25,0.04,,,,
542513,2017,26,-0.13,,,,
542513,2018,27,-0.15,,545000,,
542583,2014,24,-0.49,,,,
542583,2015,25,-0.23,,,,
542583,2016,26,-0.21,,,,
542583,2017,27,1.01,,536000,,
542583,2018,28,3.26,,557200,,
542583,2019,29,-0.45999999999999996,,637500,,
542583,2020,30,0.46,,2575000,,
542583,2021,31,1.25,,4300000,,
542583,2022,32,-1.0,,7300000,,
542583,2023,33,-0.6,,3000000,,
542585,2013,24,-0.01,0.15,,28.0,0.0
542585,2014,25,,-0.32,,5.0,0.0
542585,2019,30,,0.29,,35.0,0.0
542585,2020,31,,0.73,,29.0,0.0
542585,2021,32,0.0,0.36,970000,67.0,0.0
542585,2022,33,,0.89,,28.0,0.0
542585,2023,34,,-0.42,2287500,63.0,0.0
542585,2024,35,,-0.42,1750,15.0,0.0
542587,2015,23,-0.01,0.21,,40.0,0.0
542587,2016,24,0.0,-0.66,,32.0,0.0
542609,2015,24,0.0,-0.18,,30.0,0.0
542609,2016,25,0.0,-0.31,511500,43.0,0.0
542642,2014,23,-0.57,,,,
542642,2017,26,0.14,,,,
542669,2014,23,0.0,1.14,,30.0,0.0
542669,2015,24,0.0,-0.049999999999999996,509500,15.0,0.0
542674,2013,25,-0.01,0.05,,29.0,0.0
542674,2014,26,-0.01,-0.2,504875,25.0,0.0
542674,2015,27,-0.01,0.45,,35.0,1.0
542674,2016,28,-0.04,-0.01,,40.0,0.0
542866,2014,27,,-0.16,,6.0,0.0
542866,2015,28,-0.04,0.3,507700,28.0,0.0
542866,2016,29,,-0.75,,19.0,0.0
542866,2019,32,0.0,0.03,,15.0,0.0
542881,2016,26,0.01,3.22,,19.0,19.0
542881,2017,27,-0.33,1.36,540000,17.0,15.0
542881,2018,28,-0.09,2.46,555000,32.0,32.0
542881,2019,29,-0.05,-0.89,2625000,5.0,5.0
542881,2020,30,,0.42,1775000,13.0,11.0
542881,2021,31,0.0,1.67,2500000,31.0,31.0
542881,2022,32,-0.01,3.92,8000000,30.0,28.0
542881,2023,33,,0.19,13000000,27.0,25.0
542881,2024,34,,2.92,13000000,31.0,31.0
542881,2025,35,,1.65,13000000,26.0,26.0
542882,2015,25,-0.01,0.48,507500,25.0,8.0
542882,2016,26,-0.01,1.09,,29.0,19.0
542882,2017,27,,0.29,547500,18.0,17.0
542882,2018,28,-0.01,-0.97,,41.0,5.0
542882,2019,29,-0.08,0.04,920000,54.0,0.0
542882,2020,30,,0.58,,16.0,1.0
542882,2021,31,0.0,-0.56,1850000,34.0,0.0
542882,2024,34,,-0.1,,4.0,0.0
542883,2014,27,0.19,-0.07,,1.0,0.0
542883,2015,28,-0.03,,,,
542884,2016,26,,-0.11,,1.0,0.0
542888,2015,24,,0.18,,8.0,0.0
542888,2016,25,,0.27,,10.0,0.0
542888,2017,26,0.0,0.14,535700,21.0,0.0
542888,2018,27,0.0,0.64,,14.0,0.0
542888,2019,28,0.0,-0.09000000000000002,559100,55.0,0.0
542888,2020,29,,0.33,,14.0,0.0
542888,2021,30,0.0,-0.6,825000,31.0,0.0
542888,2022,31,,0.20999999999999996,700000,50.0,3.0
542888,2023,32,,1.69,1200000,39.0,6.0
542888,2024,33,,-0.30000000000000004,2050000,57.0,7.0
542888,2025,34,0.0,1.52,1125000,71.0,2.0
542888,2026,35,,0.04,4000000,38.0,0.0
542908,2015,25,0.13,,,,
542908,2016,26,0.95,,,,
542908,2017,27,-0.87,,539800,,
542908,2018,28,-0.3,,550700,,
542914,2013,25,-0.03,-0.43,503600,24.0,0.0
542914,2014,26,,-0.87,505200,21.0,0.0
542914,2015,27,0.0,0.3,725000,33.0,0.0
542914,2017,29,,-0.29,,2.0,0.0
542914,2018,30,0.0,0.18,,16.0,0.0
542914,2019,31,0.0,0.9,,44.0,0.0
542914,2020,32,,0.61,1500000,26.0,0.0
542914,2021,33,0.0,0.13,1000000,70.0,1.0
542914,2022,34,-0.01,2.6799999999999997,3000000,73.0,0.0
542914,2023,35,,-0.09,,22.0,0.0
542921,2013,23,0.06,,,,
542921,2015,25,0.13,,508100,,
542921,2016,26,0.79,,514500,,
542921,2017,27,2.71,,885000,,
542921,2018,28,0.16,,3350000,,
542921,2019,29,0.57,,1750000,,
542921,2022,32,-0.55,,,,
542923,2014,25,0.03,0.15,,2.0,2.0
542923,2015,26,0.01,-0.56,508000,3.0,3.0
542924,2013,26,,0.02,,1.0,0.0
542924,2014,27,0.0,0.57,,30.0,0.0
542924,2015,28,0.0,-0.23,513600,5.0,0.0
542924,2017,30,,-0.33,,19.0,0.0
542924,2018,31,,-0.27,,9.0,0.0
542932,2018,28,0.09,,,,
542932,2019,29,1.57,,,,
542932,2020,30,0.88,,,,
542932,2021,31,0.58,,,,
542932,2022,32,2.43,,1200000,,
542932,2023,33,2.17,,2100000,,
542932,2024,34,0.65,,,,
542932,2025,35,0.18,-0.07,2000000,4.0,0.0
542942,2015,25,-0.44,,,,
542946,2018,31,0.0,-0.13,,2.0,0.0
542947,2016,29,0.0,0.6,,23.0,0.0
542947,2017,30,0.0,1.36,,57.0,0.0
542947,2018,31,0.0,1.5,556000,31.0,0.0
542947,2019,32,0.0,0.19,572500,53.0,1.0
542947,2020,33,,0.42000000000000004,915000,21.0,0.0
542947,2021,34,0.02,1.19,1425000,68.0,0.0
542947,2022,35,0.0,0.63,2250000,55.0,1.0
542947,2023,36,,-0.19,3500000,27.0,0.0
542953,2013,25,0.0,0.04,,25.0,0.0
542953,2016,28,0.0,0.06,,37.0,0.0
542953,2017,29,0.0,-0.02,,38.0,0.0
542953,2019,31,0.0,0.22,,28.0,1.0
542960,2013,27,0.0,-0.07,498200,33.0,0.0
542960,2014,28,-0.03,0.54,509500,46.0,0.0
542960,2015,29,0.0,1.84,523000,62.0,0.0
542960,2016,30,0.0,2.41,1250000,71.0,0.0
542960,2017,31,0.0,1.21,3050000,67.0,0.0
542960,2018,32,0.0,0.28,5165000,69.0,0.0
542960,2019,33,0.03,-0.15999999999999998,1650000,58.0,0.0
542960,2020,34,,-0.03,850000,14.0,0.0
542960,2021,35,0.0,-0.7,,35.0,0.0
542963,2013,23,-1.74,,490000,,
542963,2015,25,-0.32,,,,
542963,2017,27,0.31,-0.02,,1.0,0.0
542963,2019,29,-0.03,,,,
542963,2020,30,-0.07,,,,
542963,2021,31,-0.17,,,,
542963,2022,32,0.04,,,,
542963,2024,34,-0.02,,,,
542963,2025,35,-0.03,,,,
542979,2015,25,-0.07,,,,
542979,2016,26,2.04,,508500,,
542979,2017,27,0.43,,541200,,
542979,2018,28,1.73,,,,
542979,2019,29,-0.61,,571765,,
542992,2016,25,0.01,,,,
542992,2021,30,0.0,-0.07,100000,1.0,0.0
542993,2014,24,-0.07,,,,
542993,2015,25,2.97,,,,
542993,2016,26,-0.91,,512500,,
542993,2017,27,-0.22,,,,
542994,2013,27,0.24,,,,
542994,2014,28,-0.07,,,,
542994,2015,29,0.48,,,,
542999,2013,27,-0.04,,,,
542999,2014,28,-0.52,,509500,,
543001,2018,27,,-0.34,,6.0,5.0
543001,2019,28,-0.03,-1.09,,9.0,9.0
543008,2013,26,-0.31,,490500,,
543017,2016,26,0.0,0.6,,68.0,0.0
543017,2017,27,0.0,-0.41,,5.0,0.0
543022,2013,23,0.42,3.52,,20.0,20.0
543022,2014,24,-0.07,0.22,502000,4.0,4.0
543022,2016,26,0.1,3.36,1000000,27.0,27.0
543022,2017,27,-0.08,2.25,4400000,33.0,25.0
543022,2018,28,0.01,-0.36,12500000,24.0,20.0
543022,2019,29,0.09,1.28,12500000,38.0,5.0
543022,2020,30,,-0.11,13000000,5.0,5.0
543022,2021,31,-0.01,-0.41,3000000,32.0,0.0
543023,2013,25,0.0,0.07,,3.0,0.0
543023,2014,26,-0.01,-0.2,500000,10.0,0.0
543031,2013,26,0.03,-0.86,,13.0,11.0
543031,2017,30,,0.05,,1.0,0.0
543031,2018,31,-0.03,-0.36,,7.0,0.0
543037,2013,22,0.15,1.41,,19.0,19.0
543037,2014,23,0.21,1.19,512500,22.0,22.0
543037,2015,24,0.13,4.34,531000,32.0,32.0
543037,2016,25,0.21,1.48,541000,21.0,21.0
543037,2017,26,0.06,2.62,3750000,33.0,33.0
543037,2018,27,-0.11,5.19,6750000,32.0,32.0
543037,2019,28,-0.12,6.65,13500000,33.0,33.0
543037,2020,29,,2.18,36000000,12.0,12.0
543037,2021,30,,5.71,36000000,30.0,30.0
543037,2022,31,,2.58,36000000,33.0,33.0
543037,2023,32,,7.39,36000000,33.0,33.0
543037,2024,33,,1.85,36000000,17.0,17.0
543037,2026,35,,1.05,36000000,11.0,11.0
543038,2015,28,-0.19,,,,
543038,2017,30,0.45,,,,
543045,2015,25,0.07,0.64,,15.0,11.0
543045,2016,26,-0.19,1.78,512500,25.0,25.0
543045,2017,27,0.0,-1.4,537500,22.0,20.0
543045,2018,28,0.0,-0.04,,52.0,0.0
543045,2019,29,-0.01,-1.05,1125000,60.0,0.0
543045,2021,31,0.0,0.42,,17.0,0.0
543054,2013,23,,2.56,,10.0,10.0
543054,2014,24,0.12,2.33,500000,30.0,30.0
543054,2015,25,-0.1,0.14,540000,14.0,13.0
543054,2016,26,0.05,-0.8600000000000001,550000,13.0,13.0
543054,2017,27,-0.06,-0.02,566300,7.0,6.0
543056,2014,24,0.0,-0.04,,5.0,0.0
543056,2015,25,-0.01,-0.12000000000000001,,14.0,0.0
543056,2016,26,0.0,0.4,,35.0,0.0
543056,2017,27,0.0,0.81,537500,72.0,0.0
543056,2018,28,0.0,-0.02,550000,27.0,0.0
543056,2020,30,,0.1,,2.0,0.0
543056,2021,31,-0.01,0.25,,29.0,1.0
543056,2022,32,,0.29,700000,10.0,0.0
543056,2023,33,0.0,1.13,1000000,61.0,0.0
543056,2024,34,0.0,1.03,2300000,33.0,0.0
543056,2025,35,,1.37,3000000,55.0,1.0
543056,2026,36,,-0.09,1000000,29.0,0.0
543063,2013,26,2.39,,530000,,
543063,2014,27,3.43,,560000,,
543063,2015,28,6.0,,3175000,,
543063,2016,29,5.51,,6000000,,
543063,2017,30,1.94,,8200000,,
543063,2018,31,1.51,,15200000,,
543063,2019,32,-0.54,,15200000,,
543063,2020,33,1.32,,15200000,,
543063,2021,34,6.07,,15200000,,
543063,2022,35,0.7,,16000000,,
543063,2023,36,-1.25,0.03,16000000,1.0,0.0
543063,2024,37,-0.21,-0.12,2000000,1.0,0.0
543068,2014,24,-0.06,,,,
543068,2015,25,0.24,,512500,,
543068,2016,26,1.9,,525000,,
543068,2017,27,1.07,,565000,,
543068,2018,28,2.2,,2300000,,
543068,2019,29,1.57,,4800000,,
543068,2020,30,0.31,,6100000,,
543068,2021,31,3.41,,1000000,,
543068,2022,32,2.27,,7250000,,
543068,2023,33,-0.45,,7250000,,
543070,2013,26,0.0,0.4,1280000,57.0,0.0
543070,2014,27,0.0,-0.34,1475000,67.0,0.0
543079,2013,25,0.0,,,,
543089,2017,27,-0.08,,,,
543089,2018,28,0.0,,,,
543089,2019,29,-0.14,0.03,,1.0,0.0
543089,2021,31,0.08,,,,
543094,2013,23,-0.17,,,,
543094,2014,24,-0.12,,,,
543094,2015,25,-0.16,0.03,510000,1.0,0.0
543094,2016,26,-0.71,,,,
543094,2017,27,-0.33,,,,
543101,2014,24,0.05,-0.42,,13.0,5.0
543101,2015,25,0.06,1.32,507500,31.0,31.0
543101,2016,26,-0.07,2.81,540000,20.0,20.0
543101,2018,28,0.1,0.47,860000,21.0,21.0
543101,2019,29,-0.29,3.25,2125000,31.0,31.0
543101,2020,30,,-0.59,5900000,9.0,7.0
543101,2021,31,-0.2,4.24,6000000,31.0,31.0
543101,2022,32,,-0.78,12000000,5.0,5.0
543101,2023,33,,0.1,12000000,19.0,18.0
543101,2025,35,,-0.1,,13.0,4.0
543105,2015,25,-0.06,,,,
543105,2016,26,1.04,,,,
543105,2019,29,0.52,,,,
543105,2020,30,0.76,,925000,,
543105,2021,31,-0.11,,2000000,,
543105,2022,32,-0.43,,1000000,,
543108,2013,27,1.01,,505000,,
543118,2015,28,0.0,0.12,,13.0,0.0
543118,2016,29,-0.01,-0.08,,14.0,0.0
543118,2017,30,0.0,0.12000000000000001,538000,64.0,0.0
543118,2018,31,0.0,-0.14000000000000007,554300,44.0,0.0
543118,2019,32,0.06,1.17,566100,50.0,0.0
543118,2020,33,,-0.11,1025000,11.0,0.0
543125,2013,25,,0.09,,2.0,0.0
543135,2013,23,-0.14,2.08,502000,18.0,18.0
543135,2014,24,-0.17,0.34,517000,33.0,33.0
543135,2015,25,-0.05,2.31,3300000,27.0,27.0
543135,2016,26,-0.03,1.27,5600000,24.0,21.0
543135,2018,28,0.01,1.1800000000000002,2000000,22.0,21.0
543135,2019,29,-0.01,-0.08,17000000,23.0,12.0
543135,2020,30,,1.26,17000000,9.0,9.0
543135,2021,31,0.04,4.28,17000000,32.0,32.0
543135,2022,32,,1.58,17000000,20.0,20.0
543135,2023,33,,2.81,16000000,25.0,25.0
543135,2024,34,,1.84,16000000,29.0,29.0
543135,2025,35,,4.31,22000000,22.0,22.0
543135,2026,36,,1.26,29000000,20.0,20.0
543136,2013,27,,-0.27,510350,2.0,0.0
543144,2013,26,0.0,-0.08,,46.0,0.0
543144,2014,27,0.01,1.06,510800,66.0,0.0
543144,2015,28,0.0,-0.61,527000,43.0,0.0
543144,2016,29,,0.51,527000,35.0,0.0
543144,2017,30,0.0,0.37,900000,52.0,0.0
543144,2018,31,,-0.07,1050000,8.0,0.0
543148,2013,25,0.09,,491000,,
543148,2014,26,-0.59,,,,
543148,2016,28,-0.33,,,,
543148,2017,29,0.13,,,,
543148,2018,30,-0.04999999999999999,,,,
543148,2019,31,-0.36,0.0,,1.0,0.0
543155,2013,26,-0.15,0.04,,12.0,10.0
543155,2014,27,-0.04,-0.07,,1.0,1.0
543169,2013,23,0.1,-0.63,,4.0,4.0
543169,2014,24,-0.03,-0.26,,2.0,1.0
543169,2016,26,0.0,1.19,,36.0,1.0
543169,2017,27,,0.03,556000,1.0,0.0
543169,2018,28,-0.01,0.73,573500,48.0,0.0
543169,2019,29,0.0,-0.04,800000,11.0,1.0
543174,2014,26,0.0,-0.08,,8.0,0.0
543178,2013,26,0.0,-0.07,,1.0,0.0
543184,2014,26,0.01,-0.75,,16.0,3.0
543184,2015,27,-0.04,-0.1,512500,68.0,0.0
543184,2016,28,-0.13,0.29,,24.0,23.0
543193,2018,28,-0.02,-0.41,,5.0,1.0
543193,2019,29,0.03,-1.11,,18.0,0.0
543194,2018,28,0.55,,,,
543194,2019,29,-0.71,,,,
543195,2016,31,,0.39,,7.0,0.0
543208,2017,27,0.04,0.61,,16.0,13.0
543208,2018,28,0.08,0.37,,26.0,24.0
543208,2019,29,0.0,0.49,579500,52.0,0.0
543208,2020,30,,-0.12,,4.0,0.0
543213,2013,25,0.07,,,,
543213,2014,26,0.02,,508575,,
543213,2015,27,1.29,,516250,,
543213,2016,28,0.18,,532500,,
543213,2017,29,-0.35,,,,
543216,2013,25,1.18,,490500,,
543216,2014,26,1.72,,512000,,
543216,2015,27,-0.62,,550000,,
543216,2016,28,1.05,,,,
543216,2017,29,-0.7,,1400000,,
543219,2015,25,0.07,1.14,,50.0,1.0
543219,2016,26,0.0,-0.31,,14.0,1.0
543219,2017,27,0.1,-0.17,,2.0,0.0
543219,2018,28,,0.71,,12.0,0.0
543219,2019,29,,-0.24,,1.0,1.0
543219,2020,30,,-0.13,,2.0,0.0
543223,2014,27,-0.39,,,,
543228,2013,25,4.15,,,,
543228,2014,26,4.11,,550000,,
543228,2015,27,0.81,,1000000,,
543228,2016,28,-0.81,,2500000,,
543228,2017,29,1.29,,4500000,,
543228,2018,30,2.63,,6033333,,
543228,2019,31,1.39,,7083334,,
543228,2020,32,0.72,,4000000,,
543228,2021,33,2.35,,6000000,,
543228,2022,34,0.67,,6000000,,
543228,2023,35,1.98,,6000000,,
543228,2024,36,-0.68,,6000000,,
543238,2013,22,0.23,,,,
543238,2014,23,0.73,,,,
543238,2015,24,0.76,,515000,,
543238,2016,25,-0.32,,525000,,
543238,2021,30,,0.22,,6.0,0.0
543238,2022,31,,-0.21,,22.0,0.0
543238,2024,33,,-0.15,,3.0,0.0
543242,2015,25,0.0,-0.38,,39.0,1.0
543242,2016,26,,-0.06,,1.0,0.0
543243,2013,23,0.0,1.43,,12.0,10.0
543243,2014,24,-0.05,3.3,502500,33.0,33.0
543243,2015,25,0.0,5.4,512500,31.0,31.0
543243,2016,26,-0.04,-0.33,527500,22.0,22.0
543243,2017,27,,2.52,3575000,27.0,27.0
543243,2018,28,0.0,0.14,6500000,30.0,23.0
543243,2019,29,-0.03,6.15,7500000,31.0,31.0
543243,2020,30,,0.79,10166666,11.0,11.0
543243,2021,31,-0.07,3.13,10166667,26.0,26.0
543243,2022,32,,2.41,,24.0,24.0
543243,2023,33,,5.61,,32.0,32.0
543243,2024,34,,1.58,10000000,28.0,28.0
543243,2025,35,,1.32,25000000,32.0,32.0
543243,2026,36,,2.4,35000000,19.0,19.0
543257,2013,23,0.55,,,,
543257,2014,24,1.61,,504500,,
543257,2015,25,-0.38,,515000,,
543257,2016,26,0.28,,,,
543257,2017,27,0.92,,552500,,
543257,2018,28,1.61,,2000000,,
543257,2019,29,1.03,,2000000,,
543257,2020,30,1.23,,3725000,,
543257,2021,31,2.9,,5000000,,
543257,2022,32,0.64,,5000000,,
543257,2023,33,0.09,,2000000,,
543257,2024,34,-0.22999999999999998,,,,
543258,2013,25,,-0.33,,4.0,0.0
543258,2014,26,0.0,-0.1,,10.0,0.0
543258,2015,27,0.0,-0.25,,5.0,0.0
543258,2018,30,0.0,-0.47,,8.0,0.0
543258,2021,33,0.0,0.0,,2.0,0.0
543261,2015,27,-0.01,-0.17,,9.0,0.0
543261,2016,28,0.0,-0.32,660000,6.0,0.0
543261,2017,29,,0.07,,3.0,0.0
543266,2014,25,0.0,0.03,,2.0,0.0
543272,2013,23,-0.08,0.38,,7.0,2.0
543272,2014,24,-0.31,0.63,500000,32.0,16.0
543272,2015,25,-0.1,-0.75,520000,38.0,12.0
543272,2016,26,-0.06,1.67,,82.0,0.0
543272,2017,27,0.13,2.87,1375000,72.0,0.0
543272,2018,28,-0.01,0.99,4083333,69.0,0.0
543272,2019,29,0.0,1.17,7083333,60.0,0.0
543272,2020,30,,0.6,7583334,23.0,0.0
543272,2021,31,0.0,-0.29999999999999993,10500000,68.0,0.0
543272,2022,32,,0.81,6000000,55.0,0.0
543272,2023,33,,-0.08000000000000002,1500000,60.0,0.0
543278,2014,27,0.0,0.99,,38.0,0.0
543278,2015,28,-0.01,1.0,,70.0,0.0
543278,2016,29,,0.37,520500,21.0,0.0
543278,2017,30,0.0,-0.19,,35.0,0.0
543278,2018,31,0.0,2.05,795000,30.0,13.0
543278,2019,32,0.0,0.57,1300000,39.0,0.0
543278,2021,34,0.0,-0.44,,1.0,0.0
543281,2013,25,0.11,0.01,503000,1.0,0.0
543281,2014,26,5.62,,513000,,
543281,2015,27,1.62,,3050000,,
543281,2016,28,1.86,,5250000,,
543281,2017,29,3.47,,7750000,,
543281,2018,30,0.25,,10250000,,
543281,2019,31,-1.02,,2000000,,
543281,2020,32,0.34,,,,
543281,2021,33,1.9499999999999997,,1000000,,
543281,2022,34,1.75,-0.19,4000000,3.0,0.0
543281,2023,35,-0.63,-0.16,2000000,2.0,0.0
543294,2014,24,0.06,2.86,,13.0,13.0
543294,2015,25,-0.43,1.6,510000,32.0,32.0
543294,2016,26,-0.16,5.33,541000,31.0,30.0
543294,2017,27,-0.27,3.51,760500,24.0,24.0
543294,2018,28,-0.38,2.75,4175000,33.0,33.0
543294,2019,29,0.15,3.32,7405000,30.0,30.0
543294,2020,30,0.0,1.98,12000000,12.0,12.0
543294,2021,31,-0.05,0.76,14000000,32.0,32.0
543294,2022,32,,0.58,14000000,16.0,16.0
543294,2023,33,,1.01,14000000,24.0,24.0
543294,2024,34,,-1.54,16500000,29.0,24.0
543294,2025,35,,1.34,2500000,31.0,31.0
543302,2013,25,-0.27,,,,
543302,2014,26,-0.77,,500000,,
543302,2015,27,-0.18,,510000,,
543302,2016,28,1.28,,516900,,
543302,2017,29,-0.85,,937500,,
543302,2018,30,0.5,,,,
543302,2019,31,-0.27,,1000000,,
543305,2013,23,0.67,,490000,,
543305,2014,24,0.42,,507500,,
543305,2015,25,1.36,,,,
543305,2016,26,-0.24,,574000,,
543305,2017,27,3.85,,1350000,,
543305,2018,28,4.31,,2825000,,
543305,2019,29,1.25,,6285714,,
543305,2020,30,0.73,,10785714,,
543305,2021,31,-0.28,,10785714,,
543305,2022,32,1.31,,10785714,,
543305,2023,33,0.53,,10785714,,
543305,2024,34,-0.68,-0.06,,1.0,0.0
543308,2015,25,-0.51,,,,
543308,2016,26,0.04,,,,
543308,2017,27,0.32,,,,
543308,2018,28,0.01,,551300,,
543308,2019,29,-0.41,,567100,,
543308,2021,31,0.27,,,,
543309,2017,27,-0.18,,,,
543309,2018,28,-0.05,,,,
543309,2019,29,0.04,,562900,,
543309,2020,30,0.36,,,,
543309,2021,31,0.45,,,,
543309,2022,32,0.59,,935000,,
543309,2023,33,-0.26,,1462500,,
543309,2024,34,1.39,,2180000,,
543309,2025,35,1.54,,5750000,,
543309,2026,36,0.67,-0.23,6750000,3.0,0.0
543321,2013,23,-0.049999999999999996,,,,
543321,2014,24,-0.21,,502900,,
543321,2015,25,0.18,,,,
543329,2016,26,-0.15,,,,
543331,2013,25,0.0,1.27,492500,69.0,0.0
543331,2014,26,0.06,-0.83,520000,54.0,0.0
543331,2015,27,0.0,0.96,535000,67.0,0.0
543331,2016,28,0.0,-1.56,1400000,18.0,0.0
543331,2017,29,0.0,0.46,900000,52.0,0.0
543331,2018,30,0.0,-0.34,,2.0,0.0
543333,2013,23,3.35,,528250,,
543333,2014,24,0.83,,3600000,,
543333,2015,25,4.27,,5650000,,
543333,2016,26,1.68,,8250000,,
543333,2017,27,4.39,,12250000,,
543333,2018,28,1.07,,21000000,,
543333,2019,29,-0.39,,21000000,,
543333,2020,30,1.13,,21000000,,
543333,2021,31,1.17,,21000000,,
543333,2022,32,1.04,,21000000,,
543333,2023,33,-0.43,,720000,,
543334,2014,24,-0.03,2.16,,19.0,18.0
543334,2015,25,,-0.86,511900,4.0,4.0
543334,2016,26,,0.04,,4.0,0.0
543334,2017,27,,0.01,,2.0,0.0
543339,2014,27,0.0,-0.27,,3.0,0.0
543339,2015,28,-0.01,-0.19,800000,64.0,1.0
543339,2016,29,0.0,-0.52,2700000,70.0,0.0
543339,2017,30,0.0,-0.06,5500000,71.0,0.0
543339,2018,31,-0.02,-0.38,,40.0,1.0
543339,2019,32,0.0,1.76,1500000,69.0,1.0
543339,2020,33,,-0.07,5000000,21.0,0.0
543339,2021,34,0.0,0.76,6000000,54.0,0.0
543339,2022,35,,0.57,7000000,25.0,0.0
543339,2023,36,,0.14,6500000,3.0,0.0
543339,2024,37,,0.58,2000000,65.0,0.0
543343,2019,29,0.0,0.19,,6.0,0.0
543351,2015,27,0.0,-0.02,,6.0,0.0
543351,2019,31,-0.03,0.21,,28.0,0.0
543351,2021,33,-0.01,0.24,,23.0,1.0
543351,2022,34,,0.06,,2.0,0.0
543351,2023,35,,0.78,,25.0,0.0
543351,2024,36,,-0.61,1300000,20.0,0.0
543357,2017,28,,-0.22,,3.0,0.0
543359,2013,26,0.0,0.41,,47.0,0.0
543359,2014,27,0.0,1.02,501500,47.0,0.0
543359,2015,28,,0.12,523000,53.0,0.0
543359,2016,29,0.0,1.63,810000,64.0,0.0
543359,2017,30,0.0,0.9199999999999999,1400000,77.0,0.0
543359,2018,31,0.17,0.24,,72.0,1.0
543359,2019,32,0.0,-0.46,,8.0,0.0
543362,2017,27,-0.25,,,,
543376,2014,28,1.35,,,,
543376,2015,29,2.13,,515000,,
543376,2016,30,-0.82,,523500,,
543376,2017,31,1.52,,700000,,
543376,2018,32,0.35,,1250000,,
543376,2019,33,-0.01,0.04,,2.0,0.0
543376,2020,34,0.04,,,,
543377,2013,24,0.0,,,,
543377,2018,29,-0.17,,,,
543377,2019,30,-0.62,,,,
543380,2015,25,0.37,1.62,,21.0,21.0
543380,2016,26,-0.02,-0.68,518500,8.0,6.0
543380,2017,27,0.0,-0.03,537600,1.0,0.0
543391,2015,25,-0.04,-0.5,,3.0,2.0
543391,2016,26,-0.04,-0.32,,10.0,1.0
543391,2018,28,-0.07,0.28,,7.0,3.0
543391,2024,34,,0.0,,2.0,0.0
543391,2025,35,,0.07,,2.0,0.0
543401,2013,26,4.99,,509400,,
543401,2014,27,0.66,,2166666,,
543401,2015,28,3.79,,4166666,,
543401,2016,29,3.85,,6166667,,
543401,2017,30,0.35,,9166667,,
543401,2018,31,1.17,,13666667,,
543401,2019,32,0.57,,14666667,,
543401,2020,33,0.83,,100000,,
543408,2013,27,-0.36,0.75,,29.0,23.0
543408,2014,28,-0.47,2.54,515000,32.0,32.0
543408,2015,29,0.12,0.4,555000,32.0,31.0
543408,2016,30,-0.29,0.7,3500000,33.0,33.0
543408,2017,31,-0.18,-1.06,5750000,27.0,13.0
543409,2013,27,0.0,0.69,,63.0,0.0
543409,2014,28,0.0,0.22,515000,25.0,0.0
543409,2015,29,0.0,0.18,,6.0,0.0
543424,2015,24,-0.11,-0.36,,10.0,10.0
543424,2016,25,-0.19,-0.82,507500,14.0,14.0
543424,2018,27,,-0.32,,3.0,3.0
543426,2013,27,-0.01,-0.030000000000000002,,13.0,0.0
543432,2013,25,0.12,,,,
543432,2014,26,-0.3,,510000,,
543432,2015,27,-0.12000000000000002,,,,
543432,2017,29,-0.02,,,,
543432,2018,30,0.19,,,,
543432,2019,31,0.2,,,,
543432,2020,32,0.03,,,,
543432,2021,33,0.0,,100000,,
543434,2013,23,2.63,,500000,,
543434,2014,24,2.28,,516100,,
543434,2015,25,1.68,,1925000,,
543434,2016,26,1.26,,4125000,,
543456,2014,24,,0.41,,7.0,6.0
543456,2015,25,,-0.59,,13.0,11.0
543456,2016,26,-0.03,0.41,520000,14.0,0.0
543456,2021,31,0.0,-0.15,,3.0,0.0
543459,2013,24,-0.63,,501250,,
543459,2014,25,-0.68,,517500,,
543459,2015,26,-0.27,,,,
543459,2017,28,-0.2,,,,
543475,2013,22,-0.08,-1.13,,27.0,25.0
543475,2014,23,0.29,1.2,502000,22.0,22.0
543475,2015,24,-0.32,0.22,2475000,10.0,10.0
543475,2016,25,-0.12,-0.9,2975000,40.0,5.0
543475,2017,26,0.12,-1.18,3175000,38.0,5.0
543475,2018,27,-0.06999999999999999,0.4,750000,35.0,8.0
543475,2019,28,-0.13999999999999999,2.08,2050000,28.0,28.0
543475,2020,29,,-1.16,8000000,12.0,9.0
543475,2021,30,-0.07,0.0,8000000,32.0,30.0
543475,2022,31,,0.75,6000000,32.0,32.0
543475,2023,32,,-1.06,8500000,31.0,31.0
543475,2024,33,,0.17,8500000,5.0,0.0
543482,2023,34,0.02,,,,
543483,2013,23,-0.11,-0.95,,6.0,6.0
543483,2016,26,0.0,-0.02,,5.0,0.0
543483,2018,28,-0.01,0.67,,40.0,0.0
543483,2019,29,0.0,0.03999999999999998,560000,50.0,0.0
543483,2020,30,,-0.18,,11.0,0.0
543484,2015,25,1.28,,,,
543484,2016,26,-1.12,,512200,,
543484,2017,27,0.2,,541300,,
543484,2018,28,0.38,,560400,,
543484,2019,29,-0.42,,574500,,
543488,2013,23,,-0.37,,10.0,0.0
543488,2014,24,,-0.57,501000,11.0,0.0
543493,2013,23,,0.04,,3.0,0.0
543495,2013,24,-0.14,-0.42,,15.0,8.0
543495,2014,25,0.0,0.01,500000,2.0,0.0
543506,2013,22,,-1.12,490000,22.0,14.0
543506,2014,23,-0.02,-0.55,504600,38.0,7.0
543506,2015,24,0.0,0.65,,53.0,0.0
543506,2016,25,0.0,-0.17,526400,71.0,0.0
543506,2017,26,0.0,-1.12,1900000,68.0,0.0
543506,2018,27,0.0,-1.09,2950000,37.0,0.0
543507,2014,24,,-1.08,,10.0,9.0
543507,2015,25,-0.04,1.51,,48.0,16.0
543507,2016,26,0.0,-0.06,545000,44.0,0.0
543507,2018,28,,0.53,650000,24.0,1.0
543507,2019,29,0.0,1.34,900000,65.0,0.0
543507,2020,30,,0.06,2205000,24.0,0.0
543507,2021,31,0.0,0.46,7750000,68.0,0.0
543507,2022,32,,-0.12,7750000,26.0,0.0
543507,2023,33,,1.13,7000000,49.0,0.0
543508,2015,25,0.0,-0.84,,8.0,0.0
543508,2017,27,0.0,-0.64,,6.0,0.0
543508,2018,28,0.0,0.27,,8.0,0.0
543510,2014,24,-0.09,,,,
543510,2015,25,0.56,,507500,,
543510,2016,26,0.91,,519500,,
543510,2017,27,1.26,,552100,,
543510,2018,28,-0.74,,2375000,,
543510,2019,29,3.59,,2500000,,
543510,2020,30,1.31,,5400000,,
543510,2021,31,-0.28,,8150000,,
543510,2022,32,-0.13,,8150000,,
543510,2023,33,0.53,0.03,12150000,1.0,0.0
543510,2024,34,0.67,-0.07,12150000,1.0,0.0
543510,2025,35,1.01,,,,
543510,2026,36,0.06,-0.17,,4.0,0.0
543518,2015,25,0.0,-0.21,,6.0,0.0
543518,2023,33,0.0,0.06,2500000,63.0,1.0
543518,2024,34,-0.01,-1.08,3000000,26.0,2.0
543518,2025,35,,-0.12000000000000001,,13.0,0.0
543521,2013,26,-0.009999999999999998,-0.98,,7.0,5.0
543521,2014,27,-0.02,3.81,,25.0,25.0
543521,2015,28,0.06,2.58,516300,32.0,32.0
543521,2016,29,-0.1,0.88,529000,33.0,33.0
543521,2017,30,-0.02,1.16,3850000,12.0,12.0
543521,2018,31,0.0,1.98,5000000,58.0,0.0
543521,2019,32,0.0,0.26,5800000,35.0,8.0
543521,2021,34,0.0,2.03,,37.0,7.0
543521,2022,35,,2.0,4000000,58.0,0.0
543521,2023,36,,-0.44,5000000,41.0,1.0
543532,2016,26,-0.03,-0.47,,3.0,2.0
543532,2017,27,0.0,-0.33,,3.0,1.0
543532,2019,29,0.03,0.55,,7.0,7.0
543542,2015,25,0.0,-0.2,,2.0,0.0
543542,2016,26,,-0.13999999999999999,,7.0,6.0
543542,2017,27,0.05,1.0,,13.0,13.0
543543,2013,23,2.12,,,,
543543,2014,24,1.33,,510100,,
543543,2015,25,0.28,,527600,,
543543,2016,26,0.64,,527600,,
543543,2017,27,0.58,,3575000,,
543543,2018,28,0.18999999999999997,,4500000,,
543543,2019,29,1.44,,,,
543543,2020,30,0.85,,2000000,,
543543,2021,31,0.45,,3500000,,
543543,2022,32,-1.66,,6000000,,
543543,2023,33,0.0,-0.07,4000000,1.0,0.0
543548,2013,26,0.01,0.81,495000,28.0,26.0
543548,2014,27,-0.05,0.27,510000,22.0,21.0
543548,2015,28,-0.03,1.45,2775000,24.0,23.0
543548,2016,29,0.1,-0.62,4500000,19.0,12.0
543548,2017,30,0.060000000000000005,-1.03,1250000,17.0,8.0
543548,2018,31,-0.05,-0.12,,5.0,4.0
543548,2019,32,-0.02,1.27,,23.0,6.0
543548,2020,33,,-0.33,100000,9.0,9.0
543548,2021,34,,-0.13,570500,6.0,1.0
543548,2022,35,,-0.15,,7.0,0.0
543548,2023,36,,0.16,100000,2.0,2.0
543557,2015,25,-0.04,0.57,,16.0,16.0
543557,2016,26,0.01,2.08,515000,49.0,7.0
543557,2017,27,0.21,2.16,,44.0,14.0
543557,2018,28,-0.17,0.87,611250,38.0,19.0
543557,2019,29,0.0,0.34,2440000,33.0,13.0
543557,2020,30,,-0.14,3100000,3.0,1.0
543569,2013,26,-0.04,,,,
543569,2014,27,-0.21,,,,
543569,2015,28,0.02,,,,
543589,2014,24,-0.31,,,,
543590,2013,25,0.17,,498124,,
543590,2014,26,1.32,,,,
543590,2015,27,0.66,,525415,,
543590,2016,28,0.77,,514000,,
543590,2017,29,-0.18,,900000,,
543592,2019,29,1.33,,,,
543592,2020,30,1.19,,,,
543592,2021,31,0.92,,,,
543592,2022,32,1.91,,,,
543592,2023,33,-0.55,,2350000,,
543592,2025,35,-0.18,-0.19,,1.0,0.0
543594,2013,23,,-0.33,,1.0,1.0
543594,2014,24,,-0.02,,1.0,0.0
543594,2015,25,,-0.26,,6.0,6.0
543594,2021,31,-0.07,0.19,,10.0,5.0
543594,2023,33,,-0.14,,1.0,0.0
543606,2013,23,,0.25,,7.0,4.0
543606,2014,24,0.0,1.31,503100,31.0,31.0
543606,2015,25,-0.05,3.25,522000,28.0,28.0
543606,2016,26,0.03,3.2,520700,33.0,33.0
543606,2017,27,0.04,0.21,4100000,28.0,28.0
543606,2018,28,-0.1,1.28,6300000,32.0,32.0
543606,2019,29,-0.04,3.79,9500000,30.0,30.0
543606,2020,30,,-0.18,17800000,4.0,4.0
543606,2021,31,-0.01,0.61,9000000,24.0,23.0
543606,2022,32,,-0.22000000000000003,8000000,22.0,22.0
543607,2013,23,0.0,-0.48,,5.0,0.0
543607,2015,25,,-0.02,512500,6.0,2.0
543611,2017,27,-0.21,,,,
543629,2013,23,0.08,,,,
543629,2014,24,-0.42,,500000,,
543633,2013,26,1.11,,,,
543633,2014,27,-0.94,,501000,,
543633,2015,28,0.23,,,,
543643,2013,22,0.02,1.24,,18.0,18.0
543643,2014,23,-0.03,-0.36,500000,2.0,2.0
543647,2013,26,-0.33,,,,
543647,2014,27,-0.1,,,,
543652,2017,27,-0.06,-0.27,,7.0,3.0
543668,2013,23,,0.62,492200,7.0,0.0
543668,2014,24,,-0.02,,1.0,0.0
543677,2019,29,,0.04,,1.0,0.0
543685,2013,23,0.37,,1800000,,
543685,2014,24,6.51,,1800000,,
543685,2015,25,0.52,,2500000,,
543685,2016,26,4.34,,2800000,,
543685,2017,27,6.13,,5800000,,
543685,2018,28,5.22,,12300000,,
543685,2019,29,7.25,,18800000,,
543685,2020,30,2.15,,26071429,,
543685,2021,31,0.0,,28071428,,
543685,2022,32,1.01,,36571429,,
543685,2023,33,0.11,,38571428,,
543685,2024,34,0.55,,36571429,,
543698,2014,24,0.08,-0.23,,16.0,1.0
543698,2015,25,0.06,-0.18,,1.0,1.0
543698,2016,26,,-0.27,,4.0,0.0
543699,2013,26,0.08,2.01,,14.0,5.0
543699,2014,27,-0.25,4.7,506100,31.0,31.0
543699,2015,28,0.06,0.65,529600,40.0,12.0
543699,2016,29,-0.01,5.52,543400,34.0,33.0
543699,2017,30,-0.17,1.24,4315000,32.0,30.0
543699,2018,31,0.45,2.21,6475000,31.0,30.0
543699,2019,32,0.02,2.49,10000000,31.0,31.0
543699,2020,33,,-0.34,12000000,11.0,11.0
543699,2021,34,,-0.26,12000000,3.0,1.0
543706,2014,28,0.13,,,,
543706,2015,29,0.61,,511250,,
543706,2016,30,-0.25,,,,
543706,2017,31,-0.01,,,,
543716,2015,25,,-0.6,,20.0,0.0
543716,2016,26,0.0,-0.16,,11.0,0.0
543725,2013,27,0.0,0.03,,22.0,0.0
543725,2014,28,0.0,-0.36,500000,13.0,0.0
543726,2013,24,0.0,1.19,497400,65.0,0.0
543726,2014,25,0.03,-1.77,512745,27.0,12.0
543726,2015,26,0.0,0.69,566500,54.0,0.0
543726,2016,27,0.0,0.83,1250000,54.0,0.0
543726,2017,28,0.0,-0.18,1825000,8.0,0.0
543734,2013,26,-0.11,0.72,490000,13.0,13.0
543734,2014,27,-0.04,-0.2,503500,4.0,0.0
543734,2015,28,0.14,0.09,,24.0,22.0
543734,2016,29,0.12,1.87,512500,29.0,7.0
543734,2017,30,0.11,2.39,545000,60.0,0.0
543734,2018,31,0.12,-0.93,1287500,49.0,0.0
543734,2019,32,0.0,-0.25,1687500,2.0,0.0
543734,2020,33,,-0.09,,1.0,0.0
543742,2014,26,-0.08,,,,
543742,2015,27,-0.45,,,,
543742,2016,28,-0.31,,535000,,
543743,2013,26,-0.28,,492000,,
543744,2013,28,1.31,,,,
543744,2014,29,-0.46,,506809,,
543746,2013,26,-0.02,0.25,,23.0,0.0
543746,2014,27,0.0,0.01,,12.0,0.0
543746,2015,28,0.0,-0.1,,28.0,0.0
543746,2016,29,-0.03,0.5,,31.0,0.0
543746,2017,30,-0.01,-0.2,,18.0,0.0
543746,2018,31,,-0.08,,6.0,0.0
543760,2013,22,0.55,,,,
543760,2014,23,0.75,,500000,,
543760,2015,24,1.92,,510000,,
543760,2016,25,3.36,,512500,,
543760,2017,26,1.71,,545000,,
543760,2018,27,4.17,,3125000,,
543760,2019,28,8.43,,5900000,,
543760,2020,29,0.36,,13000000,,
543760,2021,30,7.14,,18000000,,
543760,2022,31,5.67,,25000000,,
543760,2023,32,7.72,,26000000,,
543760,2024,33,4.48,,26000000,,
543760,2025,34,3.21,,26000000,,
543760,2026,35,-0.64,,26000000,,
543766,2013,25,0.0,0.67,501700,70.0,0.0
543766,2014,26,0.0,1.88,529500,80.0,0.0
543766,2015,27,0.0,1.17,1550000,74.0,0.0
543766,2016,28,0.0,1.16,2750000,75.0,0.0
543766,2017,29,0.0,0.51,4600000,79.0,0.0
543766,2018,30,0.0,-1.23,7500000,61.0,0.0
543766,2019,31,0.0,0.25,8500000,70.0,0.0
543766,2020,32,,-0.68,,6.0,0.0
543766,2021,33,0.0,1.17,1000000,81.0,0.0
543766,2022,34,0.0,-0.95,3000000,60.0,2.0
543766,2023,35,,0.56,,38.0,0.0
543766,2024,36,,-0.21,800000,5.0,0.0
543768,2015,25,1.06,,,,
543768,2016,26,1.7,,515000,,
543768,2017,27,3.66,,544400,,
543768,2018,28,4.46,,567400,,
543768,2019,29,-1.39,,4675000,,
543768,2020,30,0.22,,4000000,,
543768,2021,31,-0.57,,1500000,,
543768,2022,32,-0.66,,700000,,
543776,2013,26,0.89,,500000,,
543776,2014,27,-0.3999999999999999,,515000,,
543776,2015,28,0.8,,516000,,
543776,2016,29,-1.81,-0.02,521000,1.0,0.0
543776,2018,31,-1.16,,750000,,
543776,2019,32,-0.04,0.03,700000,1.0,0.0
543779,2013,23,-0.01,2.02,,45.0,0.0
543779,2014,24,0.0,-1.35,505000,37.0,0.0
543779,2015,25,0.0,2.1,518000,81.0,0.0
543779,2016,26,0.0,1.77,539000,67.0,0.0
543779,2017,27,0.0,0.0,1637500,46.0,0.0
543788,2013,23,-0.07,,490000,,
543803,2015,24,,0.15,,6.0,0.0
543807,2014,24,2.02,,,,
543807,2015,25,4.22,,512900,,
543807,2016,26,5.11,,522400,,
543807,2017,27,5.08,,3900000,,
543807,2018,28,2.82,,12000000,,
543807,2019,29,6.46,,12000000,,
543807,2020,30,2.18,,21000000,,
543807,2021,31,2.3,,23666667,,
543807,2022,32,4.23,,29666666,,
543807,2023,33,2.01,,24166667,,
543807,2024,34,0.91,,24166667,,
543807,2025,35,4.79,,24166666,,
543807,2026,36,0.14,,24166667,,
543809,2013,23,-0.01,-0.44,,6.0,2.0
543809,2014,24,0.05,0.04,,6.0,1.0
543829,2013,25,-0.07,,,,
543829,2014,26,3.45,,515000,,
543829,2015,27,4.36,,2500000,,
543829,2016,28,0.62,,3300000,,
543829,2017,29,3.71,,7800000,,
543829,2018,30,1.05,,10800000,,
543829,2019,31,1.22,,13300000,,
543829,2020,32,-0.53,,13800000,,
543829,2022,34,-0.26,-0.1,,1.0,0.0
543853,2014,27,,-0.23,,5.0,0.0
543859,2013,23,,0.08,,9.0,0.0
543859,2014,24,,-0.21,,25.0,0.0
543859,2015,25,0.0,0.33,,26.0,0.0
543859,2016,26,-0.03,-0.28,515000,65.0,0.0
543859,2017,27,,-0.14,542500,16.0,0.0
543859,2023,33,,0.27,750000,45.0,0.0
543859,2024,34,,-0.16000000000000003,1000000,57.0,0.0
543859,2025,35,,0.23,1000000,21.0,0.0
543867,2017,27,-0.03,-0.84,,10.0,3.0
543867,2020,30,,-0.27,,25.0,0.0
543877,2014,23,0.95,,,,
543877,2016,25,-0.2,,513000,,
543877,2017,26,0.76,,561000,,
543877,2018,27,-1.07,,1425000,,
543877,2019,28,2.18,,2850000,,
543877,2020,29,0.94,,4200000,,
543877,2021,30,1.17,,6250000,,
543877,2022,31,2.12,,7000000,,
543877,2023,32,-0.37,,10000000,,
543877,2024,33,-0.22,,10000000,,
543877,2025,34,0.65,,10000000,,
543877,2026,35,0.74,,,,
543881,2013,25,-0.01,-0.35,,2.0,1.0
543881,2014,26,0.05,-0.06,,12.0,0.0
543881,2015,27,0.03,0.15,,29.0,0.0
543883,2013,26,0.0,1.16,,45.0,0.0
543883,2014,27,-0.01,0.16,510200,63.0,0.0
543883,2015,28,0.0,0.31,525300,26.0,0.0
543883,2016,29,0.0,0.58,525500,60.0,0.0
543883,2017,30,0.0,1.36,1325000,69.0,0.0
543883,2018,31,0.0,0.26,2750000,62.0,1.0
543883,2019,32,-0.04,0.35,1750000,32.0,1.0
543883,2020,33,,0.38,,21.0,0.0
543883,2021,34,,0.52,,7.0,0.0
543894,2013,23,-0.3,,,,
543894,2014,24,-0.41,,,,
543900,2013,23,,0.24,,9.0,0.0
543900,2014,24,0.0,0.4,500000,57.0,0.0
543900,2015,25,0.0,-0.85,,27.0,0.0
543900,2016,26,,0.03,,1.0,0.0
543901,2015,24,-0.11,0.1,,5.0,5.0
543901,2016,25,-0.08,-0.1,,16.0,2.0
543901,2017,26,,0.12,,1.0,1.0
543901,2018,27,-0.01,-0.23,,2.0,0.0
543901,2019,28,,0.13,,18.0,3.0
543901,2020,29,,1.17,,17.0,5.0
543901,2021,30,0.0,-0.31000000000000005,,4.0,0.0
543901,2022,31,,0.32,,5.0,0.0
543901,2023,32,,0.36,,8.0,0.0
543903,2013,23,,-1.09,,8.0,7.0
543903,2014,24,,-0.32,,11.0,11.0
543903,2015,25,-0.04,-0.87,,9.0,5.0
543903,2018,28,0.0,-0.03,,3.0,0.0
543903,2019,29,0.0,-0.08,,12.0,0.0
543921,2014,24,-0.03,-0.29,501600,4.0,2.0
543921,2015,25,-0.03,-0.29,590000,2.0,2.0
543921,2016,26,,-0.23,590000,1.0,1.0
543935,2013,26,,-0.19,,26.0,0.0
543935,2014,27,0.0,0.5,,18.0,0.0
543935,2015,28,0.0,1.79,,59.0,1.0
543935,2016,29,0.0,1.95,522500,62.0,0.0
543935,2017,30,0.0,0.53,1175000,66.0,0.0
543935,2018,31,0.0,1.41,1925000,59.0,0.0
543935,2019,32,0.0,-0.55,750000,13.0,0.0
543939,2013,22,-0.66,,,,
543939,2014,23,2.41,,500000,,
543939,2015,24,2.68,,520000,,
543939,2016,25,1.4,,1250000,,
543939,2017,26,1.78,,2500000,,
543939,2018,27,3.15,,4000000,,
543939,2019,28,5.39,,6500000,,
543939,2020,29,1.26,,10250000,,
543939,2021,30,3.26,,7500000,,
543939,2022,31,3.01,,8500000,,
543939,2023,32,-0.7399999999999999,,10000000,,
543942,2013,27,-0.02,0.1,,27.0,0.0
543942,2014,28,0.0,-0.09,501000,40.0,0.0
543942,2015,29,-0.01,-0.28,509500,4.0,0.0
543964,2015,24,,0.43,,13.0,1.0
543964,2016,25,,0.12,511000,12.0,0.0
543964,2017,26,0.0,1.05,539600,45.0,0.0
544150,2016,26,0.1,0.46,,22.0,12.0
544150,2017,27,-0.03,0.0,,18.0,0.0
544150,2024,34,0.0,2.44,740000,32.0,24.0
544150,2025,35,,0.51,,5.0,1.0
544150,2026,36,,0.26,,17.0,0.0
544365,2015,24,-0.09,-0.15,,7.0,6.0
544365,2019,28,0.0,-0.44,559000,16.0,8.0
544365,2022,31,,-0.25,,35.0,0.0
544369,2013,23,1.38,,491000,,
544369,2014,24,1.27,,506500,,
544369,2015,25,2.97,,553900,,
544369,2016,26,2.19,,2425000,,
544369,2017,27,4.22,,5100000,,
544369,2018,28,5.09,,8250000,,
544369,2019,29,0.35,,11750000,,
544369,2020,30,1.09,,14000000,,
544369,2021,31,-1.0,,12750000,,
544369,2022,32,-0.41,,15250000,,
544371,2013,24,-0.13,,,,
544371,2014,25,-0.43,,,,
544725,2013,22,-0.11000000000000001,,490000,,
544725,2014,23,-0.51,-0.24,505500,1.0,0.0
544725,2015,24,-0.06,0.03,,1.0,0.0
544725,2016,25,-0.16,,,,
544725,2017,26,1.11,,546500,,
544725,2018,27,0.88,,1175000,,
544725,2019,28,1.17,,1550000,,
544725,2020,29,0.56,,3250000,,
544725,2021,30,2.08,,3500000,,
544725,2022,31,-0.93,,5500000,,
544727,2013,23,0.0,0.01,491750,9.0,0.0
544727,2014,24,0.12,0.98,502550,76.0,0.0
544727,2015,25,0.0,2.96,523925,76.0,0.0
544727,2016,26,0.0,1.77,4100000,78.0,0.0
544727,2017,27,-0.01,-0.04,7425000,26.0,0.0
544727,2018,28,0.0,1.4500000000000002,7925000,70.0,0.0
544727,2019,29,0.0,-0.47,6666666,66.0,0.0
544727,2020,30,,0.57,11666667,25.0,0.0
544727,2021,31,0.0,0.04,11666667,65.0,0.0
544727,2022,32,0.0,-0.73,6000000,48.0,0.0
544727,2023,33,,-0.43,1500000,14.0,0.0
544759,2014,28,-0.01,-0.25,,4.0,0.0
544759,2015,29,0.0,0.27,,31.0,0.0
544759,2016,30,,-0.12,513300,16.0,0.0
544836,2013,22,,0.29,,1.0,1.0
544836,2015,24,,-0.22,,23.0,0.0
544836,2016,25,0.0,-0.54,510000,52.0,0.0
544836,2017,26,-0.02,0.58,551000,53.0,0.0
544836,2018,27,0.08,-0.8200000000000001,565000,8.0,0.0
544838,2013,22,0.01,,,,
544925,2013,25,0.04,,,,
544925,2014,26,0.9,,,,
544925,2015,27,0.48,,512972,,
544925,2016,28,0.27,,,,
544925,2017,29,0.03,,,,
544925,2018,30,-0.74,,,,
544928,2013,25,-0.04,-0.01,,12.0,8.0
544928,2014,26,-0.03,-0.54,,11.0,4.0
544928,2015,27,0.13,0.32,,17.0,8.0
544928,2016,28,-0.05,0.79,512500,30.0,0.0
544928,2017,29,0.03,1.22,549800,50.0,0.0
544928,2018,30,0.0,-0.93,1200000,27.0,0.0
544928,2019,31,-0.01,-0.29000000000000004,,14.0,0.0
544928,2020,32,,-0.12,,1.0,0.0
544930,2016,28,0.0,-0.03,,5.0,0.0
544931,2013,24,0.07,2.93,3900000,30.0,30.0
544931,2014,25,-0.05,3.31,3975000,34.0,34.0
544931,2015,26,-0.08,1.97,7400000,23.0,23.0
544931,2016,27,0.31,3.41,10400000,24.0,24.0
544931,2017,28,0.18,6.33,18333334,28.0,28.0
544931,2018,29,0.03,2.32,18333333,22.0,22.0
544931,2019,30,0.24,5.7,38333333,33.0,33.0
544931,2020,31,,-0.23,35000000,2.0,2.0
544931,2021,32,0.11,0.04,35000000,5.0,5.0
544931,2022,33,,-0.29,35000000,1.0,1.0
544993,2014,26,,0.15,,11.0,0.0
544993,2015,27,0.0,0.25,,70.0,2.0
544993,2016,28,,-0.24,519300,27.0,0.0
545001,2013,23,-0.02,-0.74,,19.0,0.0
545001,2014,24,-0.04,0.58,,25.0,0.0
545064,2014,23,,0.06,,5.0,0.0
545064,2015,24,0.0,0.65,,21.0,0.0
545064,2017,26,0.0,-0.14,540000,4.0,0.0
545064,2019,28,0.0,0.36,,56.0,0.0
545064,2020,29,,-0.69,,24.0,0.0
545121,2017,25,-0.01,,,,
545121,2018,26,0.06,,,,
545121,2019,27,0.63,,557000,,
545121,2020,28,-0.5299999999999999,,,,
545121,2021,29,-0.36,,,,
545121,2022,30,1.52,0.03,100000,1.0,0.0
545121,2023,31,0.77,0.02,975000,2.0,0.0
545121,2024,32,-0.49,0.01,1100000,2.0,0.0
545121,2025,33,0.21,,,,
545121,2026,34,1.44,-0.03,,2.0,0.0
545332,2016,24,0.0,1.15,507500,68.0,0.0
545332,2017,25,0.0,-0.2,548300,28.0,0.0
545332,2018,26,0.0,-0.1,,7.0,0.0
545332,2019,27,,-0.18,,2.0,0.0
545333,2013,22,-0.01,-0.18,1183333,4.0,4.0
545333,2014,23,-0.03,1.94,1183333,26.0,26.0
545333,2015,24,0.04,1.56,1940000,31.0,30.0
545333,2016,25,-0.09,2.1,,35.0,28.0
545333,2017,26,-0.04,2.9,3550000,32.0,31.0
545333,2018,27,-0.03,6.03,6525000,28.0,27.0
545333,2019,28,0.06999999999999999,1.3900000000000001,13000000,34.0,34.0
545333,2020,29,,2.95,17500000,11.0,11.0
545333,2021,30,-0.28,3.11,31333333,17.0,17.0
545337,2017,26,-0.15,,,,
545337,2018,27,0.16,,,,
545338,2013,22,2.28,,,,
545338,2014,23,-0.39,,510200,,
545338,2015,24,-0.72,-0.07,1021800,1.0,0.0
545338,2016,25,0.14,,,,
545338,2017,26,0.06,,,,
545338,2018,27,-0.03,,,,
545341,2014,22,0.12,,,,
545341,2015,23,3.06,,510000,,
545341,2016,24,2.6,,520000,,
545341,2017,25,0.61,,557200,,
545341,2018,26,2.52,,,,
545341,2019,27,0.79,,5000000,,
545341,2020,28,0.37,,13000000,,
545341,2021,29,0.8,,10333333,,
545341,2022,30,0.32,0.03,,1.0,0.0
545341,2023,31,1.35,,,,
545341,2024,32,2.16,,1500000,,
545341,2025,33,-0.75,,2000000,,
545341,2026,34,0.19,,,,
545343,2021,31,,0.56,,27.0,2.0
545343,2022,32,,-0.36,,28.0,0.0
545346,2015,23,-0.03,-0.29,,1.0,1.0
545346,2017,25,-0.04,0.05,,3.0,1.0
545348,2017,26,,0.65,,13.0,0.0
545350,2013,22,0.2,,,,
545350,2014,23,1.29,,500000,,
545350,2015,24,2.38,,511200,,
545350,2016,25,1.71,,519500,,
545350,2017,26,1.95,,1100000,,
545350,2018,27,1.77,,1900000,,
545350,2019,28,1.43,,2212000,,
545350,2020,29,0.18,,3312000,,
545350,2021,30,0.03999999999999998,,1000000,,
545350,2022,31,0.25,,,,
545350,2023,32,0.42000000000000004,,866636,,
545357,2016,25,,-0.1,,12.0,0.0
545358,2013,22,-0.01,,,,
545358,2014,23,0.17,,,,
545358,2015,24,0.35,,,,
545358,2016,25,-0.23,,508200,,
545358,2017,26,0.12,,,,
545358,2018,27,1.12,,557100,,
545358,2019,28,-1.55,0.01,590100,1.0,0.0
545358,2020,29,1.03,,800000,,
545358,2021,30,1.78,,1600000,,
545358,2022,31,-0.54,,3000000,,
545361,2013,21,8.9,,510000,,
545361,2014,22,7.71,,1000000,,
545361,2015,23,9.49,,6083000,,
545361,2016,24,10.43,,16083000,,
545361,2017,25,6.88,,20083000,,
545361,2018,26,9.87,,34083000,,
545361,2019,27,7.85,,17666667,,
545361,2020,28,1.81,,37666666,,
545361,2021,29,1.92,,37116667,,
545361,2022,30,6.12,,37116666,,
545361,2023,31,2.91,,37116667,,
545361,2024,32,1.03,,37116667,,
545361,2025,33,1.72,,37116666,,
545361,2026,34,3.16,,37116667,,
545363,2013,22,-0.19,1.38,,20.0,20.0
545363,2014,23,0.28,-1.7000000000000002,,28.0,18.0
545363,2016,25,0.0,-1.18,1500000,18.0,2.0
545363,2017,26,-0.03,0.0,1500000,18.0,2.0
545363,2018,27,0.0,-0.9299999999999999,2000000,5.0,1.0
545404,2013,26,0.02,-0.28,510000,5.0,5.0
545404,2015,28,-0.03,-0.27,2750000,2.0,2.0
546276,2014,22,,0.0,,2.0,0.0
546276,2016,24,-0.03,-0.68,,25.0,2.0
546318,2015,23,3.98,,,,
546318,2016,24,4.7,,528000,,
546318,2017,25,2.63,,1600000,,
546318,2018,26,0.47,,3350000,,
546318,2019,27,-0.47,,5350000,,
546318,2021,29,1.77,,10350000,,
546318,2022,30,0.21,,1750000,,
546990,2017,22,0.23,,,,
546990,2018,23,-0.22,,,,
546990,2019,24,-0.03,,,,
546990,2020,25,-0.22,,,,
546990,2021,26,0.23,,,,
546990,2022,27,-0.04,,,,
546991,2016,22,0.68,,,,
546991,2017,23,1.39,,552000,,
546991,2018,24,2.16,,584500,,
546991,2019,25,-0.72,,615500,,
546991,2020,26,-0.11,,1575000,,
546991,2021,27,-0.68,-0.1,100000,1.0,0.0
546991,2022,28,0.57,,100000,,
547001,2021,26,-0.06,0.11,,7.0,7.0
547001,2022,27,,0.29,,12.0,2.0
547001,2024,29,,0.83,750000,5.0,4.0
547001,2025,30,,-0.17,,1.0,0.0
547004,2016,22,0.07,,,,
547004,2017,23,-0.27,,,,
547004,2018,24,0.08,,,,
547004,2019,25,0.16,,558500,,
547004,2020,26,0.63,,,,
547004,2021,27,-0.57,,,,
547007,2016,22,0.0,-0.41,,5.0,5.0
547007,2017,23,,-0.02,537500,2.0,1.0
547007,2018,24,,0.2,,1.0,0.0
547170,2017,24,1.43,,,,
547170,2018,25,-0.8,,553000,,
547170,2019,26,-0.5,,,,
547170,2020,27,-0.36,,,,
547172,2016,24,0.91,,507500,,
547172,2017,25,-0.39,,540000,,
547172,2018,26,0.45,,550000,,
547172,2019,27,1.44,,960000,,
547172,2020,28,-0.32,,1900000,,
547172,2021,29,-0.29,,800000,,
547172,2022,30,-0.11,,,,
547173,2022,29,-0.2,,,,
547176,2021,28,0.14,-0.65,,6.0,0.0
547179,2015,23,0.28,-0.59,,27.0,21.0
547179,2016,24,0.1,1.28,516500,35.0,0.0
547179,2017,25,0.09,0.11,555000,70.0,0.0
547179,2018,26,0.73,1.51,1312500,45.0,3.0
547179,2019,27,0.37,2.25,1950000,73.0,0.0
547179,2020,28,0.04,0.3,3725000,18.0,2.0
547179,2021,29,0.0,-0.1,4430000,27.0,0.0
547179,2022,30,,0.93,7000000,18.0,18.0
547179,2023,31,,1.79,8500000,29.0,25.0
547179,2024,32,,2.46,4500000,26.0,24.0
547179,2025,33,,0.42,5500000,27.0,26.0
547179,2026,34,,-0.92,8000000,22.0,21.0
547180,2013,20,3.73,,2000000,,
547180,2014,21,1.02,,2150000,,
547180,2015,22,9.74,,2500000,,
547180,2016,23,1.58,,5000000,,
547180,2017,24,4.67,,13625000,,
547180,2018,25,1.74,,21625000,,
547180,2019,26,4.49,,11538462,,
547180,2020,27,1.94,,27538461,,
547180,2021,28,5.85,,27538462,,
547180,2022,29,2.53,,27538461,,
547180,2023,30,3.64,,27538462,,
547180,2024,31,4.6,,27538461,,
547180,2025,32,3.06,,27538462,,
547180,2026,33,2.09,,27538461,,
547184,2022,29,,0.08,,4.0,0.0
547184,2023,30,,0.11,,14.0,0.0
547184,2024,31,,0.78,750000,28.0,0.0
547184,2025,32,0.0,0.93,,42.0,0.0
547184,2026,33,,-0.83,,5.0,0.0
547348,2013,26,,-0.07,,8.0,0.0
547348,2014,27,0.0,0.01,,37.0,0.0
547348,2015,28,,0.0,,2.0,0.0
547379,2014,25,0.82,,,,
547379,2015,26,1.51,,508600,,
547379,2016,27,0.6,,515800,,
547379,2017,28,0.75,,675000,,
547379,2018,29,-0.58,,1625000,,
547379,2019,30,4.11,,2625000,,
547379,2020,31,0.24,,3625000,,
547379,2021,32,-0.08,,5500000,,
547379,2022,33,0.56,,5000000,,
547379,2023,34,-0.09,,2500000,,
547568,2013,27,,0.21,,19.0,0.0
547749,2013,27,0.0,0.97,815000,71.0,0.0
547749,2014,28,0.0,0.74,1275000,71.0,0.0
547749,2015,29,0.0,0.46,2250000,61.0,0.0
547749,2016,30,0.0,0.28,3375000,53.0,0.0
547749,2017,31,-0.01,-0.74,5000000,55.0,0.0
547749,2018,32,0.0,-0.77,100000,31.0,0.0
547874,2013,32,-0.04,7.04,6500000,33.0,33.0
547874,2014,33,0.0,2.39,6500000,28.0,28.0
547874,2015,34,-0.04,2.59,7000000,20.0,20.0
547874,2016,35,-0.04,2.43,11000000,33.0,33.0
547874,2017,36,,0.26,14000000,6.0,6.0
547887,2013,32,0.33,,,,
547888,2014,25,-0.04,3.14,22000000,20.0,20.0
547888,2015,26,-0.04,3.11,22000000,24.0,24.0
547888,2016,27,-0.03,5.17,22000000,31.0,31.0
547888,2017,28,-0.04,1.08,22000000,30.0,30.0
547888,2018,29,0.0,2.29,22000000,27.0,27.0
547888,2019,30,-0.01,1.91,22000000,32.0,31.0
547888,2020,31,,0.71,23000000,10.0,10.0
547912,2017,27,0.35,,,,
547912,2018,28,-0.29,,,,
547939,2013,37,0.0,-0.03,,6.0,0.0
547942,2020,31,,0.88,,8.0,7.0
547942,2021,32,0.19,1.03,4000000,27.0,21.0
547943,2013,26,0.32,3.5,3333000,30.0,30.0
547943,2014,27,0.14,1.93,4333000,26.0,26.0
547943,2016,29,-0.01,-0.25,7833000,1.0,1.0
547943,2017,30,0.23,1.37,7833000,25.0,24.0
547943,2018,31,0.33,2.17,7833000,15.0,15.0
547943,2019,32,0.26,5.14,17900000,29.0,29.0
547943,2020,33,,2.89,20000000,12.0,12.0
547943,2021,34,-0.05,2.02,20000000,31.0,31.0
547943,2022,35,,-0.31,20000000,6.0,6.0
547943,2023,36,,0.51,20000000,11.0,11.0
547957,2016,28,0.96,,2800000,,
547957,2017,29,-1.17,,4200000,,
547973,2013,25,-0.01,1.78,2000000,68.0,0.0
547973,2014,26,0.0,1.94,5000000,54.0,0.0
547973,2015,27,0.0,2.71,8050000,65.0,0.0
547973,2016,28,0.0,2.58,11325000,59.0,0.0
547973,2017,29,0.0,0.95,17200000,52.0,0.0
547973,2018,30,0.0,1.53,17200000,55.0,0.0
547973,2019,31,0.0,1.61,17200000,60.0,0.0
547973,2020,32,,0.41,16000000,13.0,0.0
547973,2021,33,0.0,1.53,16000000,61.0,0.0
547973,2022,34,,-0.15,16000000,43.0,0.0
547973,2023,35,0.0,1.28,3750000,61.0,0.0
547973,2024,36,,0.37,10500000,68.0,0.0
547973,2025,37,0.0,3.44,10750000,67.0,0.0
547973,2026,38,0.0,1.15,13000000,36.0,0.0
547982,2013,25,3.51,,3250000,,
547982,2014,26,4.43,,3750000,,
547982,2015,27,0.87,,4750000,,
547982,2016,28,1.2,,4150000,,
547982,2017,29,0.07999999999999999,-0.07,4850000,1.0,0.0
547982,2018,30,1.62,,1750000,,
547982,2019,31,-0.22,,3000000,,
547989,2014,27,5.76,,7000000,,
547989,2015,28,3.35,,8666000,,
547989,2016,29,3.05,,13334000,,
547989,2017,30,4.78,,10825000,,
547989,2018,31,2.05,,13000000,,
547989,2019,32,2.31,,16000000,,
547989,2020,33,2.71,,12666667,,
547989,2021,34,2.98,,17666666,,
547989,2022,35,4.28,,19666667,,
547989,2023,36,-0.09,,19500000,,
547989,2024,37,-1.7,,19500000,,
548337,2015,25,-0.1,0.78,,18.0,4.0
548337,2016,26,-0.1,-0.3,514875,35.0,12.0
548337,2017,27,,0.06,,4.0,0.0
548348,2013,25,,0.34,,6.0,0.0
548348,2014,26,,-0.18,,1.0,0.0
548357,2014,26,-0.24,-0.23,,10.0,10.0
548357,2015,27,0.04,0.78,,30.0,4.0
548357,2016,28,0.04,-0.69,512500,15.0,1.0
548357,2017,29,-0.01,0.13,,13.0,8.0
548357,2018,30,0.05,-0.03,,3.0,2.0
548384,2013,25,-0.06,-0.14,490000,9.0,0.0
548384,2020,32,,0.19,,21.0,0.0
548384,2021,33,0.0,-0.44,2000000,58.0,0.0
548384,2022,34,,0.97,4250000,60.0,0.0
548384,2023,35,0.0,1.27,4500000,66.0,0.0
548384,2024,36,,0.52,6500000,8.0,0.0
548384,2025,37,,0.7,,30.0,0.0
548384,2026,38,,1.35,,43.0,0.0
548389,2016,26,0.05,0.87,,22.0,14.0
548389,2017,27,-0.11,0.58,540000,49.0,2.0
548389,2018,28,0.0,2.44,555000,33.0,21.0
548389,2019,29,0.03,0.81,595000,32.0,15.0
548389,2020,30,,-0.45000000000000007,2100000,12.0,9.0
548389,2021,31,-0.07,0.96,3000000,24.0,19.0
548389,2022,32,,2.68,3790000,32.0,24.0
548389,2023,33,,0.08,10000000,22.0,11.0
548389,2024,34,,-1.1,,22.0,14.0
550298,2014,21,-0.19,,,,
552640,2017,27,,0.36,,15.0,0.0
552640,2018,28,-0.01,-1.21,,33.0,3.0
552640,2019,29,0.0,0.32,,37.0,7.0
552640,2020,30,,0.28,,8.0,1.0
552640,2021,31,0.0,2.41,,57.0,4.0
552640,2022,32,,0.26,1850000,17.0,0.0
552640,2023,33,,0.27,2075000,14.0,0.0
552640,2024,34,0.0,1.47,2630000,74.0,0.0
552640,2025,35,0.0,0.55,9000000,54.0,0.0
552640,2026,36,,-0.3,1000000,35.0,0.0
552662,2014,25,-1.49,,,,
552662,2015,26,-0.13,,,,
552662,2016,27,-0.26,,,,
553869,2015,24,-0.05,,,,
553869,2016,25,-0.11,,510000,,
553869,2017,26,0.0,,,,
553869,2018,27,1.56,,559000,,
553869,2019,28,-1.12,,578500,,
553869,2020,29,0.0,,,,
553869,2021,30,2.19,,1200000,,
553869,2022,31,0.41,,3000000,,
553869,2023,32,1.51,,5500000,,
553869,2024,33,1.21,,6000000,,
553869,2025,34,-0.13,,1500000,,
553869,2026,35,0.31,,,,
553872,2015,23,0.0,0.3,,5.0,0.0
553878,2015,23,0.0,1.13,,49.0,0.0
553878,2016,24,-0.01,0.19,516100,75.0,0.0
553878,2017,25,0.0,2.56,564500,73.0,0.0
553878,2018,26,-0.01,1.52,3000000,70.0,0.0
553878,2019,27,-0.03,2.91,4500000,56.0,0.0
553882,2016,24,0.28,,,,
553882,2017,25,1.09,,540000,,
553882,2018,26,1.65,,560000,,
553882,2019,27,2.3,,581200,,
553882,2020,28,-0.14,,2725000,,
553882,2021,29,1.53,,2500000,,
553882,2022,30,0.27,,5000000,,
553882,2023,31,-0.1,,8000000,,
553882,2024,32,-0.93,,7000000,,
553882,2025,33,-0.04,,,,
553883,2016,23,-0.03,0.1,,1.0,0.0
553902,2018,26,0.81,-0.15,,1.0,0.0
553902,2019,27,-0.01,,560000,,
553902,2020,28,-0.03,,,,
553902,2021,29,-0.63,0.08,,4.0,0.0
553902,2022,30,-0.66,0.06,,2.0,0.0
553970,2015,24,0.0,-0.39,,24.0,0.0
553988,2015,23,0.1,,,,
553988,2016,24,0.19,,,,
553988,2017,25,-0.9,,537800,,
553988,2018,26,-0.7,,553600,,
553988,2022,30,0.09,,,,
553993,2014,22,0.82,,,,
553993,2015,23,0.8,,,,
553993,2016,24,1.33,,545000,,
553993,2017,25,3.5,,595000,,
553993,2018,26,3.8,,2535714,,
553993,2019,27,3.49,,7285714,,
553993,2020,28,0.46,,9535714,,
553993,2021,29,-0.54,,10785714,,
553993,2022,30,4.06,,,,
553993,2023,31,2.4,,11285715,,
553993,2024,32,3.04,,11285715,,
553993,2025,33,3.57,,15000000,,
553993,2026,34,-0.63,,15000000,,
554054,2018,25,-0.13,,,,
554234,2015,24,-0.08,0.13,,23.0,20.0
554234,2016,25,-0.29,-0.53,511250,11.0,11.0
554340,2014,23,-0.01,0.23,,8.0,0.0
554340,2015,24,0.0,0.4,510000,59.0,1.0
554340,2016,25,0.0,0.11,517500,9.0,0.0
554340,2018,27,0.0,-0.64,630000,25.0,0.0
554340,2019,28,-0.05,0.27,710000,64.0,0.0
554340,2020,29,,0.93,,14.0,0.0
554340,2021,30,0.0,0.4799999999999999,1900000,62.0,0.0
554340,2022,31,,0.55,4500000,61.0,0.0
554340,2023,32,,-0.03,5500000,73.0,0.0
554340,2024,33,,0.49,6000000,39.0,0.0
554340,2025,34,0.0,0.11,7500000,22.0,0.0
554374,2017,25,-0.03,0.03,,19.0,0.0
554429,2013,25,0.68,,1500000,,
554429,2014,26,1.88,,1700000,,
554429,2015,27,-0.89,,2600000,,
554429,2016,28,-0.18,,3200000,,
554430,2013,23,-0.03,1.17,,17.0,17.0
554430,2014,24,-0.26,0.91,512375,32.0,32.0
554430,2017,27,-0.03,0.19,800000,17.0,17.0
554430,2018,28,0.23,3.56,1900000,29.0,29.0
554430,2019,29,0.61,3.23,5975000,31.0,31.0
554430,2020,30,,2.81,21500000,11.0,11.0
554430,2021,31,0.13,7.53,22500000,32.0,32.0
554430,2022,32,,4.78,26000000,26.0,26.0
554430,2023,33,,4.18,24500000,32.0,32.0
554430,2024,34,,6.49,23500000,32.0,32.0
554430,2025,35,,5.09,42000000,24.0,24.0
554430,2026,36,,4.59,42000000,17.0,17.0
554431,2014,23,0.1,1.95,,20.0,19.0
554431,2015,24,0.16,0.61,509500,5.0,5.0
554431,2020,29,,0.84,,21.0,0.0
554431,2021,30,0.0,1.86,,69.0,0.0
554431,2022,31,,0.33,1400000,42.0,0.0
554431,2024,33,,-0.46,1900000,11.0,0.0
554431,2025,34,0.0,0.03,,7.0,0.0
554432,2013,25,-0.03,0.57,,10.0,3.0
554432,2014,26,0.0,0.66,,21.0,0.0
554432,2015,27,,0.01,,2.0,0.0
570240,2016,26,0.0,0.04,,11.0,0.0
570240,2017,27,0.03,-0.07,,25.0,0.0
570240,2018,28,-0.07,1.05,,19.0,17.0
570240,2019,29,-0.03,0.99,569000,22.0,7.0
570240,2020,30,,0.53,,25.0,0.0
570240,2021,31,,-0.31,1100000,2.0,0.0
570256,2014,22,0.34,,,,
570256,2015,23,2.5,,525000,,
570256,2016,24,1.72,,535000,,
570256,2017,25,0.22,,1600000,,
570256,2018,26,2.15,,4100000,,
570256,2019,27,-0.54,,6100000,,
570256,2020,28,-0.93,,8600000,,
570256,2021,29,-1.56,,11600000,,
570257,2016,24,0.0,0.27,,12.0,0.0
570257,2017,25,0.0,-1.03,535000,26.0,0.0
570257,2020,28,,0.43,2500000,12.0,0.0
570257,2021,29,0.0,-0.29,2500000,52.0,0.0
570257,2022,30,0.0,-0.2,,55.0,0.0
570257,2023,31,,-0.17,1500000,11.0,0.0
570257,2024,32,,-0.53,2000000,14.0,0.0
570267,2014,21,-0.43,,,,
570267,2015,22,0.19,,,,
570267,2016,23,-0.19,,513800,,
570267,2017,24,2.55,,542200,,
570267,2018,25,1.12,,572400,,
570267,2019,26,0.45,,1950000,,
570267,2020,27,-0.25,,1250000,,
570481,2016,24,-0.02,,,,
570481,2017,25,0.22,,,,
570481,2018,26,0.7,,547800,,
570481,2019,27,0.52,,577000,,
570481,2020,28,0.26,,725000,,
570481,2021,29,-0.44,,1225000,,
570481,2022,30,0.15,,100000,,
570482,2015,23,-0.25,,,,
570482,2017,25,-0.62,,,,
570482,2018,26,-0.3,,,,
570482,2019,27,3.79,,,,
570482,2020,28,2.07,,2475000,,
570482,2021,29,0.56,,4650000,,
570482,2022,30,2.91,,6550000,,
570482,2023,31,0.71,,8400000,,
570482,2024,32,0.62,,1500000,,
570482,2025,33,-1.14,,2150000,,
570488,2019,27,,0.4,,11.0,0.0
570488,2020,28,,0.48,,24.0,0.0
570488,2021,29,0.0,-0.21,,28.0,0.0
570488,2022,30,,-0.11,,13.0,0.0
570489,2014,22,0.56,,,,
570489,2015,23,-0.33,,510000,,
570489,2016,24,-0.34,,,,
570489,2017,25,-0.55,,538000,,
570560,2014,22,-0.39,,,,
570560,2015,23,0.06,,510000,,
570560,2016,24,-0.29,,,,
570560,2017,25,3.52,,546000,,
570560,2018,26,2.32,,2350000,,
570560,2019,27,1.62,,4625000,,
570560,2020,28,0.34,-0.02,,1.0,0.0
570560,2022,30,-0.63,-0.01,,1.0,0.0
570615,2014,22,0.02,,,,
570615,2015,23,-0.13,,,,
570615,2016,24,-0.46,,,,
570632,2015,23,-0.1,-0.43,,20.0,9.0
570632,2016,24,0.02,-1.32,,28.0,12.0
570632,2017,25,-0.17,1.86,535000,34.0,28.0
570632,2018,26,-0.24,2.06,,31.0,31.0
570632,2019,27,-0.11,-0.01,3200000,24.0,13.0
570632,2020,28,,0.26,3750000,5.0,5.0
570632,2021,29,-0.01,-0.53,3250000,26.0,18.0
570632,2022,30,,0.24,1250000,21.0,17.0
570632,2023,31,,-0.47,3000000,10.0,10.0
570632,2024,32,0.0,0.39,1750000,33.0,9.0
570632,2025,33,,0.38999999999999996,,19.0,6.0
570639,2016,25,0.09,,,,
570649,2013,22,,0.22,,3.0,3.0
570649,2014,23,0.04,3.38,500500,31.0,30.0
570649,2015,24,-0.09,2.17,950000,28.0,28.0
570649,2016,25,0.04,1.97,1200000,32.0,32.0
570663,2015,24,0.0,-0.04,,57.0,0.0
570663,2016,25,-0.06,0.81,516500,68.0,0.0
570663,2017,26,0.02,0.11,553125,46.0,0.0
570663,2018,27,-0.01,0.42000000000000004,900000,53.0,0.0
570663,2019,28,0.0,2.82,1400000,71.0,1.0
570663,2020,29,,-0.75,3850000,18.0,0.0
570663,2021,30,0.0,-0.15999999999999998,2000000,72.0,0.0
570663,2022,31,,-0.77,2250000,26.0,0.0
570666,2016,24,,0.63,507500,17.0,9.0
570666,2017,25,,0.06,,10.0,5.0
570666,2018,26,-0.01,-0.13,,16.0,5.0
570666,2019,27,-0.01,0.47,578975,43.0,0.0
570666,2020,28,,0.25,895000,16.0,0.0
570666,2021,29,0.0,1.99,1050000,53.0,0.0
570666,2022,30,,0.63,1800000,46.0,10.0
570666,2023,31,,-0.67,2650000,7.0,6.0
570702,2017,26,,0.52,,12.0,0.0
570702,2018,27,,0.12,,5.0,0.0
570714,2016,24,-0.12,0.14,,7.0,7.0
570717,2015,23,0.0,,,,
570717,2016,24,-1.32,,508800,,
570717,2017,25,-0.26,,,,
570731,2013,21,-0.02,,,,
570731,2014,22,1.15,,500500,,
570731,2015,23,1.78,,515000,,
570731,2016,24,3.57,,522500,,
570731,2017,25,6.1,,3475000,,
570731,2018,26,2.13,,8500000,,
570731,2019,27,1.49,,7500000,,
570731,2020,28,1.28,,6100000,,
570731,2021,29,1.86,,4500000,,
570731,2022,30,0.05,,7500000,,
570731,2023,31,-0.37,0.05,7500000,1.0,0.0
570799,2017,26,0.58,,,,
570799,2018,27,1.57,,548500,,
570805,2014,22,-1.16,,,,
570810,2014,24,,0.44,,5.0,3.0
570810,2017,27,0.09,-0.92,,10.0,4.0
571035,2016,25,,0.06,,3.0,0.0
571035,2017,26,,-0.15,,1.0,0.0
571035,2018,27,0.0,-0.32,,9.0,1.0
571057,2014,24,0.0,0.25,,15.0,0.0
571057,2015,25,0.0,-0.29,508500,40.0,1.0
571431,2013,24,1.22,,490000,,
571431,2014,25,2.23,,516000,,
571431,2015,26,0.0,,534000,,
571431,2016,27,0.51,,1650000,,
571431,2017,28,-0.06,,2800000,,
571431,2018,29,1.0699999999999998,,4000000,,
571431,2019,30,0.62,,3000000,,
571431,2020,31,-0.43,,,,
571431,2021,32,-0.26,,,,
571437,2014,23,0.01,,,,
571437,2015,24,1.78,,,,
571437,2016,25,-0.2,,515500,,
571437,2017,26,1.9,,538500,,
571437,2018,27,-0.91,,561000,,
571437,2019,28,-0.73,-0.02,1350000,1.0,0.0
571439,2014,23,0.0,0.23,,10.0,0.0
571439,2015,24,,-0.84,507500,21.0,0.0
571439,2022,31,,-0.15,,1.0,0.0
571441,2013,25,0.0,0.0,,4.0,0.0
571446,2022,30,0.0,0.27,,6.0,0.0
571448,2013,22,2.48,,,,
571448,2014,23,3.64,,500000,,
571448,2015,24,6.33,,512500,,
571448,2016,25,5.72,,5000000,,
571448,2017,26,6.62,,11750000,,
571448,2018,27,6.32,,17750000,,
571448,2019,28,7.1,,26000000,,
571448,2020,29,1.45,,35000000,,
571448,2021,30,4.26,,35000000,,
571448,2022,31,7.85,,35000000,,
571448,2023,32,2.19,,35000000,,
571448,2024,33,2.7,,35000000,,
571448,2025,34,1.34,,32000000,,
571448,2026,35,1.54,,27000000,,
571466,2014,23,0.0,,,,
571466,2015,24,0.27,,,,
571466,2016,25,0.9,,517500,,
571466,2017,26,3.62,,575000,,
571466,2018,27,0.78,,4437500,,
571466,2019,28,0.54,,2937500,,
571466,2020,29,0.79,,3937500,,
571466,2021,30,0.31,,4187500,,
571466,2022,31,-0.08,-0.02,7500000,1.0,0.0
571466,2023,32,-0.49,0.07,3250000,4.0,0.0
571466,2024,33,0.26,-0.06,,1.0,0.0
571466,2025,34,0.0,-0.09,100000,1.0,0.0
571467,2015,24,-0.28,,,,
571467,2018,27,-0.04,,,,
571467,2019,28,-0.07,,,,
571473,2016,28,0.0,0.1,,11.0,0.0
571473,2017,29,0.0,0.52,535700,23.0,0.0
571473,2018,30,-0.01,-0.8500000000000001,,4.0,0.0
571476,2015,24,,-0.11,,1.0,1.0
571476,2016,25,0.0,-0.43,,25.0,0.0
571476,2017,26,0.0,-0.74,,57.0,0.0
571476,2018,27,-0.02,0.22,,20.0,0.0
571479,2015,23,,0.52,,17.0,0.0
571479,2021,29,0.0,-0.17,,3.0,0.0
571479,2022,30,0.0,0.75,,59.0,1.0
571479,2023,31,,-0.05,859000,27.0,0.0
571506,2014,26,0.13,,,,
571506,2015,27,0.28,,,,
571506,2016,28,1.23,,537500,,
571506,2017,29,2.65,,552500,,
571506,2018,30,0.12,,3400000,,
571506,2019,31,-0.59,,2500000,,
571510,2015,24,0.0,-1.24,,13.0,12.0
571510,2016,25,,1.3,,20.0,18.0
571510,2017,26,0.03,1.68,544200,26.0,25.0
571510,2018,27,-0.02,2.49,562000,31.0,31.0
571510,2019,28,0.05,3.77,2600000,32.0,32.0
571510,2020,29,,-0.6,5300000,12.0,12.0
571510,2021,30,0.11,1.37,6500000,15.0,15.0
571510,2022,31,,0.43,,10.0,0.0
571510,2023,32,,-0.2,10000000,15.0,15.0
571510,2024,33,,0.67,,8.0,8.0
571510,2025,34,,2.58,10000000,31.0,31.0
571510,2026,35,,0.58,17000000,11.0,11.0
571521,2013,25,-0.01,3.12,491000,72.0,0.0
571521,2014,26,0.0,-0.9,502000,74.0,0.0
571521,2015,27,0.0,0.53,1400000,17.0,0.0
571521,2017,29,0.0,-0.43,,27.0,0.0
571521,2018,30,0.0,0.0,1100000,1.0,0.0
571521,2020,32,,-0.06,,3.0,0.0
571521,2021,33,-0.02,-0.26,850000,57.0,0.0
571527,2014,25,0.05,1.25,,20.0,20.0
571527,2015,26,0.17,-1.43,512500,15.0,15.0
571527,2024,35,,0.1,,1.0,0.0
571539,2016,24,0.0,-0.55,,19.0,0.0
571539,2019,27,-0.01,-0.02,,11.0,5.0
571539,2023,31,,-0.24,,16.0,0.0
571539,2024,32,,-0.53,,7.0,0.0
571553,2015,25,0.49,,,,
571553,2016,26,-0.5,,,,
571553,2017,27,0.17,,,,
571561,2013,23,0.32,2.04,,23.0,18.0
571561,2014,24,0.03,-0.13,512500,13.0,11.0
571561,2015,25,0.04,-0.56,525500,35.0,1.0
571561,2016,26,0.06,0.63,530000,65.0,0.0
571561,2017,27,0.0,0.06,1825000,47.0,0.0
571561,2018,28,0.0,-0.17,2300000,30.0,0.0
571572,2016,26,0.0,-0.34,,11.0,0.0
571577,2015,27,-0.01,-0.22,,5.0,3.0
571577,2018,30,0.0,0.06,,1.0,0.0
571578,2013,23,0.09,3.01,494000,32.0,32.0
571578,2015,25,0.02,1.34,524000,16.0,16.0
571578,2016,26,0.54,-0.68,2525000,36.0,24.0
571578,2017,27,0.11,2.59,3950000,33.0,32.0
571578,2018,28,0.19,4.38,7500000,33.0,33.0
571578,2019,29,-0.22,5.05,12916666,33.0,33.0
571578,2020,30,,1.65,19416667,11.0,11.0
571578,2021,31,0.09,-1.16,24416667,31.0,31.0
571578,2022,32,,-2.29,23416666,31.0,31.0
571578,2023,33,,0.31,24416667,32.0,32.0
571578,2024,34,,-0.79,35416667,32.0,32.0
571578,2025,35,,-0.38,1100000,31.0,30.0
571578,2026,36,,0.08,1000000,19.0,15.0
571584,2015,27,0.0,-0.08,,12.0,0.0
571584,2016,28,0.0,-0.75,509675,23.0,0.0
571595,2018,26,-1.4,,,,
571595,2019,27,0.04,,,,
571602,2013,22,0.21,,,,
571602,2016,25,0.01,,,,
571602,2017,26,-0.91,,536500,,
571602,2018,27,0.56,0.11,570000,3.0,0.0
571602,2020,29,-0.32,0.01,,3.0,0.0
571602,2022,31,-0.5800000000000001,,,,
571616,2016,25,,-0.12,,5.0,0.0
571616,2017,26,0.0,0.03,,23.0,0.0
571616,2020,29,,0.03,,1.0,0.0
571616,2022,31,,-0.07,,1.0,0.0
571616,2023,32,,-0.07,,1.0,1.0
571656,2014,23,,-0.47,,4.0,2.0
571656,2015,24,0.02,-0.96,,14.0,5.0
571656,2016,25,,0.24,509500,14.0,1.0
571656,2017,26,,-0.28,,11.0,11.0
571656,2018,27,0.0,0.75,554800,66.0,1.0
571656,2019,28,0.0,1.56,570800,73.0,1.0
571656,2020,29,,0.28,1150000,23.0,0.0
571656,2021,30,,-0.25,1850000,36.0,0.0
571656,2022,31,,0.69,,44.0,0.0
571656,2023,32,0.0,1.12,1750000,71.0,0.0
571656,2024,33,0.0,1.68,2250000,61.0,1.0
571657,2017,26,-0.08,,,,
571657,2018,27,0.3,,,,
571657,2019,28,0.05,0.05,557500,1.0,0.0
571657,2020,29,0.43,,,,
571657,2021,30,1.22,,640000,,
571657,2022,31,1.18,,3155000,,
571657,2023,32,1.66,,5585000,,
571657,2024,33,-0.32,-0.02,6300000,3.0,0.0
571657,2025,34,-0.74,-0.02,2500000,1.0,0.0
571657,2026,35,-0.07,,,,
571665,2015,24,-0.06,,,,
571666,2013,28,-0.07,-0.98,498000,11.0,3.0
571666,2014,29,-0.25,2.49,,14.0,10.0
571666,2015,30,-0.2,2.0700000000000003,512500,31.0,30.0
571666,2016,31,,0.14,524100,31.0,30.0
571666,2017,32,-0.01,-0.49,3450000,29.0,28.0
571666,2018,33,,4.38,6000000,31.0,30.0
571666,2019,34,,3.36,6000000,33.0,33.0
571666,2020,35,,0.66,8100000,11.0,11.0
571666,2021,36,,-0.23,,2.0,2.0
571670,2016,25,0.0,0.03,,12.0,0.0
571670,2017,26,-0.08,-0.05,,3.0,0.0
571670,2018,27,-0.06,1.94,,54.0,0.0
571670,2019,28,0.0,-0.37,565000,50.0,0.0
571670,2020,29,,0.5,,25.0,0.0
571670,2021,30,0.0,1.48,,68.0,0.0
571670,2022,31,0.0,0.82,3000000,56.0,0.0
571670,2023,32,,0.0,4200000,62.0,0.0
571670,2024,33,,0.8,2250000,66.0,0.0
571676,2017,28,0.0,-0.1,,1.0,0.0
571676,2020,31,,-0.35,,2.0,0.0
571676,2021,32,0.01,-0.4,,4.0,3.0
571679,2017,28,-0.02,,,,
571679,2018,29,-0.2,,,,
571679,2019,30,-0.23,,558500,,
571681,2013,22,-0.27,,,,
571681,2016,25,-0.23,,,,
571681,2017,26,-0.09,,,,
571697,2013,23,1.52,,,,
571697,2014,24,1.11,,504000,,
571697,2015,25,0.19,,516500,,
571697,2016,26,0.48,,518100,,
571697,2017,27,1.93,-0.06,,1.0,0.0
571697,2018,28,2.98,,5700000,,
571697,2019,29,-1.1600000000000001,,9775000,,
571704,2014,23,0.0,1.97,,44.0,0.0
571704,2015,24,0.0,1.71,519000,69.0,0.0
571704,2016,25,0.0,-0.26,528200,69.0,0.0
571704,2017,26,0.0,1.95,550100,63.0,0.0
571704,2018,27,0.0,-0.17,4600000,55.0,0.0
571704,2019,28,0.0,2.34,6300000,53.0,0.0
571704,2020,29,,-0.16,9600000,4.0,0.0
571704,2022,31,,0.17,5250000,5.0,0.0
571710,2015,25,0.0,0.9,,22.0,0.0
571710,2016,26,-0.03,1.49,,66.0,0.0
571710,2017,27,0.0,2.3,546000,69.0,0.0
571710,2018,28,0.0,0.88,566500,69.0,0.0
571710,2019,29,0.0,0.55,2150000,58.0,0.0
571710,2020,30,,0.41000000000000003,3225000,22.0,0.0
571710,2021,31,0.0,1.41,4050000,54.0,0.0
571710,2022,32,0.0,0.9400000000000001,3500000,59.0,1.0
571710,2023,33,,-0.37,3000000,6.0,0.0
571718,2016,25,-0.14,,,,
571718,2017,26,0.33,,,,
571718,2018,27,-0.04000000000000001,,553900,,
571718,2019,28,2.19,,583500,,
571718,2020,29,-0.28,,2200000,,
571718,2021,30,-0.63,,,,
571735,2013,25,-0.06,0.6,,2.0,2.0
571735,2014,26,-0.13,0.59,502500,45.0,6.0
571735,2015,27,-0.23,-0.03,,17.0,12.0
571735,2016,28,0.0,-0.11,,2.0,0.0
571735,2018,30,0.0,0.08999999999999997,,4.0,0.0
571735,2019,31,,0.81,,20.0,0.0
571735,2020,32,,0.39,,11.0,2.0
571735,2021,33,0.0,-0.17,850000,17.0,1.0
571740,2013,22,0.73,,,,
571740,2014,23,2.52,,500000,,
571740,2015,24,0.99,,545000,,
571740,2016,25,3.07,,570000,,
571740,2017,26,1.27,,2625000,,
571740,2018,27,0.62,,4600000,,
571740,2019,28,0.36,,4250000,,
571740,2020,29,0.009999999999999981,,,,
571740,2021,30,0.34,,1250000,,
571740,2022,31,-0.13,,,,
571740,2023,32,0.03,,100000,,
571745,2016,25,-0.14,,,,
571745,2017,26,3.17,,538000,,
571745,2018,27,6.52,,,,
571745,2019,28,1.58,,590100,,
571745,2021,30,2.83,,3010000,,
571745,2022,31,1.22,,7750000,,
571745,2023,32,-0.24,,8000000,,
571745,2024,33,-0.23,,,,
571757,2016,28,0.15,,507500,,
571757,2017,29,0.88,,1082000,,
571760,2014,23,-0.02,-0.22,,7.0,5.0
571760,2015,24,-0.08,1.89,,18.0,18.0
571760,2016,25,,-0.03,515000,1.0,1.0
571760,2017,26,,-0.36,543000,5.0,5.0
571760,2018,27,-0.04,1.97,800000,30.0,30.0
571760,2019,28,,1.25,3400000,18.0,18.0
571760,2020,29,,1.17,4300000,12.0,12.0
571760,2021,30,0.1,0.2899999999999999,6750000,30.0,23.0
571760,2022,31,,0.49,8500000,16.0,14.0
571760,2023,32,,0.95,12000000,34.0,28.0
571760,2024,33,,0.36,13000000,32.0,31.0
571760,2025,34,,-0.19999999999999998,5250000,27.0,23.0
571761,2015,24,0.39,,,,
571771,2014,22,1.46,,,,
571771,2015,23,1.7,,,,
571771,2016,24,0.0,,520000,,
571771,2017,25,1.09,,555000,,
571771,2018,26,3.38,-0.38,1600000,1.0,0.0
571771,2019,27,1.88,,3725000,,
571771,2020,28,1.0,,5900000,,
571771,2021,29,4.92,,6000000,,
571771,2022,30,0.93,,8000000,,
571771,2023,31,-0.05999999999999994,,10000000,,
571771,2024,32,1.23,0.02,4000000,4.0,0.0
571771,2025,33,0.22,-0.36,6500000,5.0,0.0
571771,2026,34,0.23,,4500000,,
571786,2014,25,0.0,-0.06,,50.0,0.0
571787,2013,21,-0.01,-0.1,,1.0,1.0
571787,2014,22,-0.09,-0.14,,7.0,5.0
571787,2015,23,0.11,-0.71,,6.0,6.0
571787,2017,25,0.0,-0.03,,37.0,7.0
571788,2013,25,-0.28,,,,
571788,2014,26,2.06,,,,
571788,2015,27,2.77,,530500,,
571788,2016,28,1.71,,606000,,
571788,2017,29,-0.18,,1950000,,
571788,2018,30,1.28,,2225000,,
571788,2019,31,1.61,,3575000,,
571788,2020,32,-0.65,-0.04,2500000,2.0,0.0
571788,2021,33,0.04,0.03,1750000,1.0,0.0
571800,2014,23,0.09,1.34,503200,32.0,32.0
571800,2015,24,0.0,-1.53,520100,30.0,28.0
571800,2016,25,-0.01,0.010000000000000002,2200000,9.0,3.0
571800,2018,27,0.08,-0.32,3000000,16.0,5.0
571800,2021,30,-0.01,0.24,100000,9.0,2.0
571800,2022,31,,0.15,700000,28.0,18.0
571804,2014,25,-0.07,,,,
571812,2016,28,0.02,,,,
571825,2014,25,-0.08,,,,
571825,2015,26,-1.0,,,,
571830,2016,24,0.47,,,,
571830,2017,25,-0.92,,543000,,
571841,2016,27,0.49,,,,
571841,2017,28,0.12,,,,
571841,2018,29,-0.19,,,,
571851,2016,25,0.03,,,,
571851,2018,27,0.41,,,,
571858,2019,27,0.0,-0.12,,34.0,0.0
571858,2020,28,,0.22,,3.0,0.0
571862,2013,25,-0.2,,,,
571862,2014,26,-0.04,,501000,,
571863,2016,25,-0.01,0.95,,7.0,2.0
571863,2017,26,0.0,0.0,,1.0,0.0
571863,2018,27,0.09,0.45,,19.0,14.0
571863,2019,28,-0.08,-0.54,567600,9.0,0.0
571863,2022,31,,-0.17,,4.0,0.0
571863,2023,32,,0.51,,39.0,1.0
571863,2024,33,0.0,-0.45,,2.0,0.0
571868,2013,25,-0.32,,,,
571868,2014,26,-0.28,,502300,,
571868,2015,27,-0.76,,,,
571871,2013,22,0.0,0.13,,32.0,0.0
571871,2014,23,-0.01,-0.65,504000,45.0,0.0
571871,2015,24,0.0,-0.43,515000,33.0,0.0
571871,2016,25,-0.01,0.96,,63.0,0.0
571871,2017,26,-0.01,-0.51,900000,51.0,0.0
571871,2018,27,,0.1,,1.0,0.0
571871,2021,30,,0.07,,18.0,0.0
571875,2014,23,0.36,,,,
571875,2015,24,2.2,,508500,,
571875,2016,25,2.89,,520300,,
571875,2017,26,2.12,,573300,,
571875,2018,27,0.39,,4275000,,
571875,2019,28,-0.06,,4825000,,
571875,2020,29,-0.3,,5515000,,
571875,2021,30,-0.18000000000000002,,1000000,,
571875,2022,31,-0.16,,100000,,
571875,2023,32,0.06,0.04,288960,1.0,0.0
571882,2016,25,0.01,1.43,,61.0,0.0
571882,2017,26,0.0,0.07,545000,41.0,0.0
571882,2018,27,0.06,-0.43,,7.0,0.0
571882,2019,28,0.0,-0.04,,58.0,4.0
571882,2021,30,,0.1,,9.0,0.0
571882,2022,31,,0.03999999999999998,,17.0,0.0
571882,2023,32,0.0,1.03,1000000,54.0,3.0
571882,2024,33,0.0,1.95,1500000,75.0,0.0
571893,2015,28,-0.03,0.07,,39.0,0.0
571893,2016,29,0.0,0.64,,58.0,0.0
571893,2017,30,0.0,0.05,,4.0,0.0
571893,2018,31,0.02,0.24,,17.0,0.0
571901,2013,25,0.0,1.56,494200,64.0,0.0
571901,2014,26,0.0,1.14,512400,71.0,0.0
571901,2015,27,0.0,-0.18,527500,60.0,0.0
571901,2016,28,,0.0,1050000,21.0,0.0
571901,2017,29,0.0,0.77,1125000,70.0,0.0
571901,2018,30,0.0,0.19,1812500,59.0,0.0
571901,2019,31,0.0,0.17,1200000,4.0,0.0
571901,2020,32,,0.47,100000,24.0,0.0
571901,2021,33,0.0,2.81,3000000,65.0,2.0
571901,2022,34,,-0.92,7500000,65.0,0.0
571901,2023,35,,-0.6,7500000,55.0,0.0
571911,2016,25,0.0,-0.01,,3.0,0.0
571911,2017,26,,0.01,,1.0,0.0
571912,2015,24,-0.17,,,,
571912,2016,25,0.4,,,,
571912,2017,26,-0.13,,,,
571912,2018,27,0.95,,558400,,
571912,2019,28,-0.53,0.07,579000,2.0,0.0
571912,2021,30,0.26,-0.02,,1.0,0.0
571912,2022,31,0.67,,900000,,
571912,2023,32,0.84,-0.22,1175000,4.0,0.0
571912,2024,33,-0.36,-0.16,3000000,3.0,0.0
571912,2025,34,0.03,0.03,,1.0,0.0
571912,2026,35,0.01,,,,
571917,2019,28,0.0,-0.41,,20.0,0.0
571917,2022,31,,0.13,,3.0,0.0
571918,2015,24,-0.17,,,,
571918,2016,25,-0.14,,,,
571918,2017,26,0.38,,,,
571918,2018,27,-0.36,,561500,,
571918,2019,28,-0.02,,,,
571918,2021,30,0.01,,,,
571918,2022,31,-0.12,,,,
571927,2015,24,0.11,1.19,,6.0,6.0
571927,2016,25,0.08,2.49,515750,22.0,22.0
571927,2017,26,-0.1,-0.17,562250,13.0,13.0
571927,2018,27,0.22,1.39,577000,30.0,30.0
571927,2019,28,0.32,1.81,2625000,32.0,30.0
571927,2020,29,,-0.95,5000000,9.0,6.0
571927,2021,30,-0.02,2.23,,29.0,29.0
571927,2022,31,,-0.25,8500000,15.0,10.0
571927,2023,32,,1.96,10500000,25.0,17.0
571927,2024,33,,-0.19,12500000,12.0,7.0
571927,2025,34,,0.9199999999999999,12500000,53.0,2.0
571927,2026,35,,-0.87,7500000,15.0,10.0
571945,2013,24,0.0,0.05,,2.0,0.0
571945,2014,25,-0.03,-0.82,,10.0,10.0
571945,2018,29,0.25,5.05,7500000,32.0,32.0
571945,2019,30,-0.13,1.68,8000000,32.0,32.0
571945,2021,32,-0.06,-0.03,17000000,9.0,9.0
571945,2022,33,,2.61,17000000,33.0,32.0
571945,2023,34,,1.92,18750000,35.0,35.0
571945,2024,35,,-0.48,18500000,32.0,32.0
571945,2025,36,,0.33,18500000,31.0,31.0
571945,2026,37,,-0.56,2250000,22.0,9.0
571946,2013,22,-0.14,3.51,490000,31.0,31.0
571946,2014,23,0.55,1.59,521000,32.0,31.0
571946,2015,24,-0.34,4.17,535000,33.0,33.0
571946,2016,25,-0.12,-0.38,4350000,20.0,20.0
571946,2017,26,0.05,0.34,4700000,4.0,4.0
571946,2018,27,-0.05,-1.07,4900000,5.0,4.0
571946,2019,28,0.08,-0.99,2000000,19.0,8.0
571946,2021,30,-0.01,-0.24000000000000002,100000,13.0,0.0
571946,2022,31,,-0.19,,4.0,0.0
571946,2023,32,0.0,1.45,1500000,36.0,1.0
571946,2024,33,,0.09,3000000,51.0,0.0
571946,2025,34,0.0,1.39,1000000,48.0,0.0
571948,2017,26,-0.03,1.1,,37.0,0.0
571948,2018,27,0.0,-0.42000000000000004,548000,14.0,0.0
571948,2019,28,,-0.1,,4.0,0.0
571948,2020,29,,-0.37,,19.0,0.0
571948,2021,30,0.03,-0.22,570500,19.0,0.0
571948,2022,31,,0.51,,67.0,0.0
571948,2023,32,,1.74,1025000,73.0,0.0
571948,2024,33,0.0,-0.57,2050000,61.0,1.0
571948,2025,34,0.0,-0.62,2500000,73.0,0.0
571948,2026,35,,0.33,3750000,38.0,0.0
571951,2014,23,,0.32,,3.0,1.0
571951,2015,24,-0.01,-0.62,,20.0,2.0
571951,2016,25,,0.39,516650,5.0,5.0
571951,2017,26,-0.01,-0.3,550625,20.0,1.0
571951,2018,27,-0.05,-0.44,552800,16.0,11.0
571951,2021,30,0.0,0.03,,2.0,0.0
571963,2016,29,-0.01,-0.08,,7.0,0.0
571969,2016,28,0.0,0.05,,3.0,0.0
571970,2015,24,-0.18,,,,
571970,2016,25,-0.17,,,,
571970,2018,27,4.28,,,,
571970,2019,28,5.26,,575000,,
571970,2020,29,0.45,,2500000,,
571970,2021,30,4.62,,9000000,,
571970,2022,31,3.08,,13000000,,
571970,2023,32,2.89,,13500000,,
571970,2024,33,2.96,,9500000,,
571970,2025,34,3.54,,14500000,,
571970,2026,35,3.71,,10000000,,
571974,2013,22,0.01,,,,
571974,2014,23,0.49,,502700,,
571974,2015,24,0.38,,518700,,
571974,2016,25,-0.54,,528700,,
571974,2017,26,-0.08,,,,
571974,2018,27,-0.36,,558000,,
571974,2019,28,0.17,-0.26,900000,2.0,0.0
571974,2020,29,-0.28,0.03,,1.0,0.0
571976,2013,22,2.18,,,,
571976,2014,23,-0.93,,504200,,
571976,2015,24,1.15,,519800,,
571976,2016,25,3.42,,523900,,
571976,2017,26,2.14,,4500000,,
571976,2018,27,2.06,,4500000,,
571976,2019,28,-0.31,,5500000,,
571976,2020,29,1.89,,22500000,,
571976,2021,30,1.14,,22500000,,
571976,2022,31,1.03,-0.04,22500000,4.0,0.0
571976,2023,32,-0.55,,6000000,,
571980,2016,25,1.26,,507500,,
571980,2017,26,0.06,,564800,,
571980,2018,27,0.48,,564800,,
571980,2019,28,1.61,,574800,,
571980,2020,29,-0.41,,1450000,,
571980,2021,30,0.57,,1500000,,
571980,2022,31,0.0,,4025000,,
571980,2023,32,-0.31,,,,
572000,2017,26,0.03,,,,
572008,2013,21,0.17,,,,
572008,2014,22,1.6,,500000,,
572008,2015,23,-0.56,,512500,,
572008,2016,24,0.96,,530500,,
572008,2017,25,0.86,,2300000,,
572008,2018,26,-0.5,,3400000,,
572008,2019,27,-1.1600000000000001,-0.1,3000000,1.0,0.0
572008,2020,28,0.17,,,,
572008,2021,29,0.61,,,,
572008,2022,30,-0.47,-0.02,700000,1.0,0.0
572008,2023,31,-0.32,0.03,100000,1.0,0.0
572017,2014,27,,0.23,,1.0,1.0
572019,2014,26,0.61,,,,
572019,2015,27,1.0,,,,
572019,2016,28,-1.25,,512500,,
572020,2013,24,0.03,1.14,,4.0,4.0
572020,2014,25,-0.02,1.32,503500,13.0,13.0
572020,2015,26,-0.03,0.68,519000,13.0,13.0
572020,2016,27,0.01,0.98,,20.0,20.0
572020,2017,28,,3.6,2350000,24.0,24.0
572020,2018,29,,2.95,4900000,28.0,28.0
572020,2019,30,-0.1,2.42,8575000,29.0,29.0
572020,2020,31,,-0.38,12500000,5.0,5.0
572020,2021,32,,-0.02,8500000,1.0,1.0
572020,2023,34,,1.03,4000000,19.0,19.0
572020,2024,35,,0.24,7000000,21.0,21.0
572021,2015,24,0.0,0.27,,11.0,0.0
572021,2016,25,,-0.22,,7.0,0.0
572021,2017,26,0.0,-0.12,536500,59.0,0.0
572021,2018,27,0.0,0.78,,60.0,0.0
572021,2019,28,0.0,0.44,,12.0,0.0
572021,2020,29,,-0.29,,6.0,0.0
572033,2013,25,-0.45,,,,
572033,2014,26,0.24,,,,
572033,2015,27,1.66,,510000,,
572033,2016,28,0.18,0.02,512500,1.0,0.0
572033,2017,29,0.02,,545000,,
572033,2018,30,0.32,,905000,,
572033,2019,31,0.29,,1075000,,
572033,2020,32,-0.12,,,,
572038,2015,26,0.08,0.51,,25.0,0.0
572038,2016,27,,-0.1,,1.0,0.0
572039,2015,24,1.11,,,,
572039,2016,25,2.86,,512500,,
572039,2017,26,0.51,,1333333,,
572039,2018,27,2.97,,1333333,,
572039,2019,28,1.01,,7333333,,
572039,2020,29,0.05,,7333333,,
572039,2021,30,-0.64,,7583334,,
572039,2022,31,-0.73,,7583334,,
572041,2013,25,3.11,,491000,,
572041,2014,26,3.39,,507000,,
572041,2015,27,6.75,,519500,,
572041,2016,28,0.38,,3500000,,
572041,2017,29,2.86,,6750000,,
572041,2018,30,2.16,,7750000,,
572041,2019,31,0.04,,4000000,,
572041,2020,32,0.78,,15000000,,
572041,2021,33,3.01,,18000000,,
572041,2022,34,0.4,,,,
572041,2023,35,-0.71,,7000000,,
572044,2016,25,,-0.59,,13.0,0.0
572044,2017,26,,-0.41,,11.0,0.0
572044,2018,27,0.0,-0.21,,14.0,0.0
572044,2019,28,0.0,-0.04,,7.0,0.0
572070,2013,25,0.0,1.02,495000,47.0,17.0
572070,2014,26,-0.16,4.4,520000,26.0,26.0
572070,2015,27,,2.04,3200000,32.0,32.0
572070,2016,28,,0.4,6425000,6.0,6.0
572070,2017,29,,0.93,6850000,6.0,6.0
572070,2018,30,,0.33,7300000,16.0,16.0
572070,2019,31,-0.04,-0.22,7000000,3.0,3.0
572070,2020,32,,0.92,8500000,14.0,10.0
572070,2021,33,0.05,0.23,8500000,40.0,22.0
572070,2022,34,,-0.4,4500000,32.0,2.0
572073,2016,25,-0.3,,507500,,
572073,2017,26,0.85,,539000,,
572073,2018,27,0.52,,,,
572073,2019,28,0.6100000000000001,,570000,,
572073,2020,29,-0.11,,,,
572086,2016,25,,-0.61,,5.0,1.0
572086,2019,28,,-0.3,,3.0,0.0
572089,2013,22,-0.01,1.52,491500,76.0,0.0
572089,2014,23,0.0,0.06,512500,19.0,0.0
572089,2015,24,0.0,0.22,522500,18.0,0.0
572096,2013,23,-0.01,1.52,490000,74.0,0.0
572096,2014,24,-0.01,0.84,521000,72.0,0.0
572096,2015,25,-0.01,2.64,535000,68.0,0.0
572096,2016,26,-0.01,0.02,5600000,45.0,0.0
572096,2017,27,0.0,0.65,6400000,50.0,0.0
572096,2019,29,0.0,-1.2,7000000,22.0,0.0
572096,2020,30,0.0,0.98,100000,23.0,0.0
572102,2015,24,-0.15,-1.2,,13.0,12.0
572102,2016,25,-0.1,-0.05,507500,18.0,2.0
572114,2016,28,2.55,,,,
572114,2017,29,0.46,,546200,,
572114,2018,30,0.14,,,,
572119,2016,25,0.0,-0.99,,11.0,0.0
572122,2013,25,3.94,,510400,,
572122,2014,26,6.32,,540100,,
572122,2015,27,5.36,,4500000,,
572122,2016,28,6.85,,8000000,,
572122,2017,29,3.57,,11000000,,
572122,2018,30,1.33,,19000000,,
572122,2019,31,2.89,,19500000,,
572122,2020,32,1.17,,19500000,,
572122,2021,33,1.9,,18500000,,
572125,2019,28,0.0,0.13,,10.0,0.0
572125,2020,29,,0.21,,24.0,0.0
572125,2021,30,-0.01,-0.13,,25.0,0.0
572125,2022,31,,-0.03,,16.0,0.0
572128,2015,24,-0.16,,,,
572128,2016,25,0.24,,,,
572138,2014,22,-0.56,,1500000,,
572138,2015,23,-0.26,,2000000,,
572138,2023,31,-0.51,,,,
572138,2024,32,0.16,,850000,,
572138,2025,33,-0.12,,,,
572140,2013,21,0.12,-0.24,,7.0,7.0
572140,2014,22,-0.04,0.18,502250,18.0,18.0
572140,2016,24,,0.68,515000,10.0,10.0
572140,2017,25,-0.01,0.47,555000,16.0,16.0
572140,2018,26,,1.78,1875000,24.0,24.0
572140,2019,27,0.01,1.09,3700000,15.0,15.0
572143,2013,23,0.01,-0.71,,10.0,7.0
572143,2018,28,0.0,-0.95,554250,38.0,6.0
572143,2019,29,-0.01,-0.04999999999999999,,17.0,0.0
572143,2020,30,,0.4,,6.0,0.0
572143,2021,31,0.0,-0.2,705000,31.0,0.0
572143,2024,34,,-0.15000000000000002,,50.0,0.0
572143,2026,36,,0.14,,13.0,1.0
572180,2014,24,0.71,,,,
572180,2015,25,0.07,,,,
572180,2016,26,0.08,,,,
572180,2017,27,-0.24,,537400,,
572180,2018,28,-0.33,,,,
572180,2020,30,0.02,,,,
572182,2015,24,-0.36,,,,
572182,2018,27,-0.09,,,,
572191,2014,23,-0.1,,,,
572191,2015,24,0.44,,508700,,
572191,2016,25,-0.29,,524900,,
572191,2017,26,2.71,,557900,,
572191,2018,27,1.38,,2525000,,
572191,2019,28,-0.1,,3250000,,
572191,2020,29,-0.41,,3325000,,
572191,2021,30,2.95,,1750000,,
572191,2022,31,3.35,-0.03,4500000,1.0,0.0
572191,2023,32,1.85,,4500000,,
572191,2024,33,0.9,,4000000,,
572191,2025,34,0.09,,1950000,,
572193,2015,27,0.0,0.28,,32.0,0.0
572193,2016,28,0.0,0.15,512200,20.0,0.0
572193,2017,29,-0.01,0.93,542700,73.0,0.0
572193,2018,30,0.0,1.22,574700,68.0,0.0
572193,2019,31,0.0,0.03,1525000,23.0,1.0
572193,2020,32,,0.21,900000,21.0,0.0
572193,2021,33,0.0,1.7200000000000002,800000,65.0,0.0
572193,2022,34,,0.62,7000000,59.0,0.0
572193,2023,35,,-0.66,7000000,12.0,0.0
572204,2015,24,1.59,,,,
572204,2016,25,0.67,,512500,,
572204,2017,26,-0.32,,,,
572204,2018,27,-0.99,,,,
572204,2021,30,0.57,,,,
572204,2022,31,2.05,,,,
572204,2023,32,-0.6699999999999999,,1450000,,
572208,2016,28,,-0.08,,5.0,0.0
572208,2017,29,0.0,0.06,,3.0,0.0
572227,2017,26,-0.05,,,,
572227,2018,27,-0.04,,,,
572228,2017,26,0.21,,,,
572228,2018,27,1.49,,,,
572228,2019,28,1.42,,573200,,
572228,2020,29,1.66,,,,
572228,2021,30,0.29,,4700000,,
572228,2022,31,0.7,,5450000,,
572228,2023,32,-0.25,,2000000,,
572233,2014,23,-0.17,,,,
572233,2015,24,-0.07,,,,
572233,2017,26,0.11,,,,
572233,2018,27,-0.32,,,,
572233,2019,28,2.72,,559800,,
572233,2020,29,0.85,,,,
572233,2021,30,0.59,,,,
572233,2022,31,5.01,,2600000,,
572233,2023,32,3.74,,6500000,,
572233,2024,33,2.52,,10900000,,
572233,2025,34,0.33,,20000000,,
572233,2026,35,1.63,,20000000,,
572241,2017,26,-0.17,,,,
572253,2013,24,-0.71,,,,
572253,2014,25,-0.35,,500000,,
572283,2016,25,0.0,-0.09,,8.0,0.0
572287,2013,22,0.35,,,,
572287,2014,23,0.42,,504100,,
572287,2015,24,-0.77,,523500,,
572287,2016,25,1.76,,,,
572287,2017,26,3.38,,570000,,
572287,2018,27,1.84,,2975000,,
572287,2019,28,-0.22,,4412000,,
572287,2020,29,-0.06,,4500000,,
572287,2021,30,3.67,,2000000,,
572287,2022,31,-0.82,,7000000,,
572287,2023,32,-0.56,,6000000,,
572308,2015,25,,0.08,,7.0,0.0
572308,2016,26,,0.09,,25.0,0.0
572308,2017,27,0.0,-0.48,,14.0,0.0
572308,2018,28,0.0,-0.23,,4.0,0.0
572309,2015,23,-0.01,-0.12,,7.0,1.0
572309,2016,24,-0.01,0.22,,1.0,1.0
572362,2013,22,-0.04,0.25,,11.0,9.0
572362,2014,23,-0.01,-0.38,504500,13.0,11.0
572362,2015,24,-0.08,0.1,,3.0,3.0
572362,2016,25,-0.08,0.2,,3.0,2.0
572362,2018,27,0.17,0.12,650000,39.0,12.0
572362,2019,28,-0.07,-0.38,1450000,37.0,1.0
572362,2020,29,,-0.54,,9.0,5.0
572362,2022,31,,-0.06,,2.0,0.0
572365,2013,25,0.94,,,,
572365,2014,26,0.2,,501900,,
572365,2015,27,1.96,,512800,,
572365,2016,28,-0.6,0.09,520200,1.0,0.0
572365,2017,29,1.05,,548200,,
572365,2018,30,0.16,,,,
572365,2019,31,0.0,,,,
572365,2020,32,-0.2,,,,
572383,2019,30,0.0,0.07,,10.0,0.0
572383,2020,31,,-0.08000000000000002,,7.0,0.0
572383,2022,33,,-0.13,,1.0,0.0
572389,2013,25,-0.1,,,,
572403,2014,23,,-0.01,,1.0,1.0
572403,2015,24,0.0,0.9,,20.0,0.0
572403,2016,25,0.0,-0.31,509500,19.0,0.0
572403,2017,26,0.0,0.14,,24.0,2.0
572403,2018,27,-0.01,0.56,551400,41.0,1.0
572403,2019,28,0.0,0.03,567400,22.0,4.0
572403,2022,31,,-0.76,2500000,19.0,0.0
572403,2023,32,,0.54,3000000,60.0,0.0
572669,2014,24,-0.05,,,,
572669,2017,27,0.32,,,,
572669,2018,28,0.29,,575000,,
572702,2013,26,-0.04,,,,
572703,2018,27,,0.01,545000,8.0,0.0
572703,2019,28,0.0,0.32,575000,32.0,3.0
572703,2020,29,,-0.05,,6.0,0.0
572703,2022,31,,0.5,,9.0,0.0
572714,2014,26,-0.13,,,,
572728,2017,30,,-0.17,,16.0,0.0
572744,2013,25,-0.02,-0.77,,6.0,6.0
572750,2014,23,-0.09,-0.12,,3.0,3.0
572750,2015,24,-0.37,-0.54,509500,16.0,16.0
572750,2016,25,-0.18,-1.36,,17.0,9.0
572750,2017,26,0.0,0.75,,13.0,11.0
572750,2018,27,0.02,-0.42000000000000004,570750,30.0,0.0
572751,2013,24,0.0,0.1,,16.0,0.0
572751,2014,25,0.0,-0.24,500000,2.0,0.0
572761,2013,27,6.6,,504000,,
572761,2014,28,2.85,,1000000,,
572761,2015,29,4.75,,3750000,,
572761,2016,30,3.89,,6500000,,
572761,2017,31,2.84,,10000000,,
572761,2018,32,4.64,,13750000,,
572761,2019,33,1.2,,14750000,,
572761,2020,34,0.25,,18500000,,
572761,2021,35,-1.12,0.04,18500000,1.0,0.0
572761,2022,36,2.35,,,,
572761,2023,37,-0.34,,6500000,,
572761,2024,38,-0.08,,,,
572788,2015,25,-0.14,-0.65,,14.0,7.0
572788,2016,26,0.15,0.66,,20.0,2.0
572804,2015,28,-0.31,,,,
572810,2014,27,0.0,-0.39,,8.0,0.0
572816,2013,24,0.76,,,,
572816,2014,25,3.13,,500000,,
572816,2015,26,0.46,,512500,,
572816,2016,27,1.68,,522900,,
572816,2017,28,2.69,,3025000,,
572816,2018,29,3.72,,5950000,,
572816,2019,30,0.81,,8500000,,
572816,2020,31,0.2,,8750000,,
572816,2021,32,0.33999999999999997,,8750000,,
572816,2022,33,-0.18,0.03,5000000,1.0,0.0
572816,2023,34,-0.61,,2250000,,
572821,2013,26,2.42,,497500,,
572821,2014,27,5.48,,540000,,
572821,2015,28,3.08,,2000000,,
572821,2016,29,5.75,,3000000,,
572821,2017,30,4.83,,6000000,,
572821,2018,31,1.21,,9000000,,
572821,2019,32,1.33,-0.06,9000000,1.0,0.0
572821,2020,33,-0.39,,,,
572827,2013,24,0.0,0.32,,29.0,0.0
572827,2014,25,0.0,0.04,,1.0,0.0
572831,2013,26,0.0,0.2,493500,34.0,0.0
572831,2014,27,-0.01,0.88,,47.0,0.0
572831,2016,29,0.0,-0.04,625000,16.0,0.0
572831,2017,30,0.0,0.62,675000,46.0,0.0
572863,2015,27,-0.14,,,,
572863,2016,28,0.1,,,,
572863,2017,29,0.41000000000000003,,537000,,
572863,2018,30,-0.03,,,,
572863,2019,31,0.88,,,,
572863,2020,32,-0.35,,650000,,
572863,2021,33,0.46,,100000,,
572863,2022,34,0.1,,1175000,,
572876,2014,26,-0.14,,,,
572888,2014,25,,0.66,,15.0,14.0
572888,2015,26,-0.07,-1.7,515000,18.0,16.0
572888,2016,27,-0.03,-0.41,517000,50.0,3.0
572888,2017,28,0.0,2.59,550600,71.0,0.0
572888,2018,29,0.0,-0.28,1950000,66.0,0.0
572888,2019,30,0.0,2.17,4000000,65.0,0.0
572888,2020,31,,1.02,6250000,28.0,0.0
572888,2021,32,0.0,-0.49,,28.0,0.0
572888,2022,33,,-0.020000000000000004,,2.0,0.0
572888,2023,34,,0.1,,2.0,0.0
572889,2014,26,-0.08,-0.15,,19.0,1.0
572889,2015,27,0.0,0.0,,1.0,0.0
572910,2014,26,-0.1,,,,
572947,2013,26,-0.01,-0.22,,1.0,1.0
572947,2014,27,,-0.06,,1.0,1.0
572955,2017,26,0.0,-0.13,,1.0,0.0
572955,2018,27,-0.01,-0.3,545000,37.0,0.0
572955,2020,29,,0.39,2000000,24.0,0.0
572955,2021,30,0.0,1.05,2000000,63.0,2.0
572955,2022,31,,-0.05,3000000,15.0,0.0
572955,2023,32,0.0,0.35000000000000003,5000000,67.0,0.0
572955,2024,33,,0.74,7000000,58.0,0.0
572955,2025,34,,1.06,7000000,65.0,0.0
572955,2026,35,,0.17,5500000,34.0,0.0
572971,2013,25,-0.04,-0.06,,31.0,22.0
572971,2014,26,0.02,4.52,508700,29.0,29.0
572971,2015,27,0.02,6.55,524500,33.0,33.0
572971,2016,28,-0.03,0.32,7250000,26.0,26.0
572971,2017,29,-0.04,3.88,9150000,23.0,23.0
572971,2018,30,-0.02,2.28,13200000,34.0,34.0
572971,2019,31,-0.08,2.25,13000000,19.0,19.0
572971,2020,32,,2.06,18000000,11.0,11.0
572971,2021,33,-0.02,0.05,18000000,32.0,30.0
572971,2022,34,,-2.54,18000000,14.0,14.0
572971,2023,35,,-0.07,,10.0,6.0
572971,2024,36,,-0.02,,4.0,4.0
572990,2016,25,0.0,-0.72,,17.0,0.0
572998,2017,26,0.0,0.06,,5.0,0.0
572998,2018,27,0.0,-0.19,,8.0,1.0
572998,2019,28,0.0,-0.04,,9.0,0.0
573009,2016,25,,-0.16,,5.0,0.0
573009,2019,28,,-0.09,,1.0,0.0
573009,2020,29,,-0.17,,4.0,0.0
573009,2021,30,0.0,-0.02,,57.0,0.0
573009,2022,31,0.0,0.93,,69.0,0.0
573009,2023,32,,0.08,756000,35.0,3.0
573009,2024,33,0.0,0.55,925000,75.0,2.0
573009,2025,34,0.0,-0.83,1700000,10.0,0.0
573009,2026,35,,0.49,,17.0,0.0
573016,2017,26,,0.01,,2.0,0.0
573027,2013,25,-0.27,,,,
573046,2014,23,0.0,0.59,,60.0,0.0
573046,2015,24,0.0,-0.91,514000,47.0,0.0
573046,2016,25,0.0,-0.36,520000,60.0,0.0
573046,2017,26,0.0,-0.32,,16.0,0.0
573046,2018,27,0.0,-0.04,,3.0,0.0
573046,2019,28,0.0,-0.13,,52.0,0.0
573046,2020,29,,0.26,,3.0,0.0
573062,2021,31,0.0,0.19,,5.0,0.0
573064,2013,25,,0.66,,5.0,3.0
573064,2014,26,-0.06,0.22000000000000008,504500,31.0,28.0
573064,2015,27,-0.020000000000000004,1.57,,35.0,10.0
573064,2016,28,0.0,0.86,532900,55.0,1.0
573064,2017,29,-0.01,-0.53,,12.0,0.0
573064,2018,30,0.12,0.97,,17.0,0.0
573088,2017,26,-0.84,,,,
573109,2013,26,0.0,0.82,490000,68.0,0.0
573109,2014,27,0.0,2.01,510000,68.0,0.0
573109,2015,28,0.0,1.97,530000,71.0,0.0
573109,2016,29,0.0,1.33,3400000,67.0,0.0
573109,2017,30,0.0,0.37,6550000,61.0,0.0
573109,2018,31,0.0,-0.49,9225000,28.0,0.0
573109,2020,33,,0.05,,3.0,0.0
573109,2021,34,0.0,0.23,100000,4.0,0.0
573113,2016,25,-0.49,,,,
573113,2018,27,0.01,,,,
573124,2016,25,0.0,0.72,,57.0,0.0
573124,2017,26,0.0,1.21,542500,69.0,0.0
573124,2018,27,0.0,2.03,565000,72.0,0.0
573124,2019,28,0.0,2.64,1525000,60.0,0.0
573124,2020,29,,-0.64,4450000,21.0,0.0
573124,2021,30,0.0,0.42,6000000,40.0,0.0
573124,2022,31,0.0,-0.5700000000000001,,66.0,0.0
573124,2023,32,0.0,0.41,9000000,60.0,0.0
573124,2024,33,,1.1,12000000,64.0,0.0
573124,2025,34,,0.31999999999999995,,57.0,0.0
573124,2026,35,,0.11,2000000,44.0,0.0
573127,2013,25,0.0,0.21,,10.0,0.0
573127,2014,26,0.0,-0.61,,18.0,0.0
573127,2015,27,0.0,-0.06,,33.0,0.0
573127,2017,29,0.0,0.05,,10.0,0.0
573127,2018,30,0.0,0.01,,17.0,0.0
573127,2019,31,0.0,-0.23,610000,28.0,0.0
573127,2021,33,0.0,0.04,,4.0,0.0
573131,2013,26,0.03,,,,
573131,2014,27,0.17,,500000,,
573131,2015,28,-0.43,,515000,,
573131,2016,29,-0.72,,527000,,
573131,2020,33,0.77,,,,
573131,2021,34,2.9,-0.06,1275000,1.0,0.0
573131,2022,35,-1.65,0.07,3000000,1.0,0.0
573131,2023,36,-0.2,,3000000,,
573135,2015,25,0.92,,,,
573135,2016,26,1.99,,513000,,
573135,2017,27,-0.5,,547000,,
573135,2018,28,0.29000000000000004,,565000,,
573135,2019,29,-0.17,,887500,,
573166,2018,30,0.0,-0.05,,3.0,0.0
573185,2013,24,0.02,1.47,492500,27.0,27.0
573185,2014,25,0.03,-0.99,505000,14.0,8.0
573185,2015,26,,-0.1,,4.0,3.0
573185,2016,27,-0.47,4.15,512100,34.0,31.0
573185,2017,28,-0.36,1.17,552100,33.0,33.0
573185,2018,29,0.45,0.72,3375000,23.0,23.0
573185,2019,30,,-1.36,575000,14.0,8.0
573186,2014,23,-0.02,1.82,,26.0,20.0
573186,2015,24,,1.32,514700,4.0,4.0
573186,2016,25,0.12,1.41,515900,32.0,32.0
573186,2017,26,0.17,5.06,3400000,33.0,33.0
573186,2018,27,0.04,0.04,6500000,19.0,19.0
573186,2019,28,-0.24,4.09,7400000,32.0,32.0
573186,2021,30,0.27,3.42,18900000,33.0,33.0
573186,2022,31,,2.72,25000000,25.0,25.0
573186,2023,32,,1.25,25000000,27.0,25.0
573186,2024,33,,0.62,18500000,30.0,29.0
573186,2025,34,,-0.36,18500000,9.0,9.0
573188,2016,30,0.0,0.16,,16.0,0.0
573204,2013,26,0.0,1.33,,49.0,0.0
573204,2014,27,0.0,0.82,510000,54.0,0.0
573204,2015,28,,-0.04,,6.0,0.0
573204,2020,33,,0.44,,17.0,0.0
573204,2021,34,0.0,1.22,650000,59.0,0.0
573204,2022,35,0.0,0.55,1300000,67.0,0.0
573204,2023,36,,0.75,2400000,36.0,0.0
573204,2024,37,,-0.55,3225000,59.0,0.0
573204,2025,38,,1.08,2750000,67.0,0.0
573204,2026,39,0.0,0.09,4000000,36.0,0.0
573244,2015,27,,0.01,,1.0,0.0
573244,2017,29,-0.01,-0.41000000000000003,,4.0,2.0
573262,2019,28,2.56,,,,
573262,2020,29,2.67,,,,
573262,2021,30,2.47,,,,
573262,2022,31,2.01,,3700000,,
573262,2023,32,2.4,,6100000,,
573262,2024,33,2.09,-0.07,7900000,1.0,0.0
573262,2025,34,2.8200000000000003,-0.06,9250000,1.0,0.0
573262,2026,35,0.81,,9000000,,
573589,2016,24,0.0,0.43,,23.0,0.0
573589,2017,25,0.0,-0.27,540000,22.0,0.0
573627,2014,23,0.55,,,,
573627,2015,24,-0.67,,517500,,
573627,2016,25,0.83,,,,
573627,2017,26,0.87,,540000,,
573668,2016,25,0.0,-0.03,,11.0,0.0
573668,2017,26,0.0,0.26,535000,40.0,0.0
573668,2018,27,0.0,0.93,558000,52.0,0.0
573668,2019,28,0.0,0.4,,22.0,0.0
573668,2021,30,0.0,1.15,,29.0,0.0
573668,2022,31,,-0.1,100000,6.0,0.0
574831,2013,23,0.13,,,,
574831,2014,24,-1.95,,502000,,
574831,2015,25,-0.13,,,,
574847,2016,27,-0.21,,,,
574847,2017,28,-0.14,,,,
575070,2019,26,0.0,0.12,,5.0,0.0
575929,2016,24,1.65,,,,
575929,2017,25,3.76,,544500,,
575929,2018,26,3.03,,604500,,
575929,2019,27,3.04,,684000,,
575929,2020,28,0.99,,4500000,,
575929,2021,29,4.21,,6650000,,
575929,2022,30,3.78,,9625000,,
575929,2023,31,3.33,,10000000,,
575929,2024,32,3.04,,18000000,,
575929,2025,33,2.51,,18000000,,
575929,2026,34,3.78,,18000000,,
576397,2013,24,2.48,,490000,,
576397,2014,25,-0.48,,510900,,
576397,2015,26,0.62,,2000000,,
576397,2016,27,2.67,,4000000,,
576397,2017,28,2.99,,6000000,,
576397,2018,29,0.79,-0.03,9000000,1.0,0.0
576397,2019,30,-0.5,0.01,13000000,1.0,0.0
576397,2020,31,0.74,0.03,1000000,1.0,0.0
576788,2014,27,-0.01,,,,
576788,2018,31,-0.09,,,,
578428,2013,23,2.38,,2060000,,
578428,2015,25,1.35,,1443750,,
578428,2016,26,2.33,,2100000,,
578428,2017,27,0.41,,4100000,,
578428,2018,28,1.97,,6275000,,
578428,2019,29,0.94,,2500000,,
578428,2020,30,1.26,,2500000,,
578428,2021,31,-0.78,,,,
578428,2022,32,1.2,,5000000,,
578428,2024,34,3.04,,,,
578428,2025,35,-0.59,,3000000,,
578570,2016,23,-0.11,,,,
578570,2023,30,-0.26,,,,
579328,2019,28,0.11,0.15,10000000,32.0,32.0
579328,2020,29,,0.1,16000000,9.0,9.0
579328,2021,30,-0.02,1.66,17000000,29.0,29.0
579328,2022,31,,-1.07,16000000,32.0,20.0
579328,2023,32,,1.82,10000000,32.0,32.0
579328,2024,33,,1.5899999999999999,10000000,32.0,32.0
579328,2025,34,,2.84,21225000,33.0,33.0
579328,2026,35,,-0.02,21225000,7.0,7.0
580792,2015,23,0.0,0.02,,7.0,0.0
580792,2016,24,0.0,0.19,,27.0,0.0
580792,2017,25,0.0,0.93,,56.0,0.0
580792,2018,26,,-0.31,561500,12.0,0.0
580792,2019,27,0.0,0.41,675000,39.0,0.0
580792,2020,28,,-0.55,915000,17.0,1.0
581527,2015,24,1.82,,,,
581527,2016,25,2.46,,511200,,
581527,2017,26,0.62,,545200,,
581527,2018,27,0.72,,1450000,,
582473,2018,27,-0.19,,,,
582494,2016,26,,0.34,,7.0,0.0
582494,2017,27,0.0,0.47,537000,57.0,0.0
582494,2018,28,0.0,-0.29,,9.0,0.0
582494,2019,29,0.0,0.01,,11.0,0.0
584171,2017,28,-0.01,0.59,,8.0,3.0
584171,2018,29,-0.01,1.3,547000,47.0,8.0
584171,2019,30,-0.01,-0.18,568500,34.0,8.0
588751,2013,24,-1.43,,2750000,,
588751,2014,25,1.22,,2200000,,
588751,2015,26,2.64,,1925000,,
588751,2016,27,1.18,,2625000,,
588751,2017,28,0.27,,4350000,,
588751,2018,29,0.5,,5900000,,
588751,2019,30,0.75,,100000,,
588751,2020,31,-0.2,,1000000,,
591672,2018,25,,0.06,,1.0,0.0
591693,2016,23,0.04,0.42,,42.0,0.0
591693,2017,24,-0.01,0.46,540000,59.0,0.0
591693,2018,25,0.0,1.19,554000,52.0,0.0
591693,2019,26,0.0,-0.13,573500,20.0,0.0
591701,2017,24,0.0,-0.19,,6.0,0.0
591712,2015,21,-0.3,,,,
591712,2016,22,-0.04,,,,
591712,2020,26,0.03,,,,
591720,2015,22,0.12,,,,
591720,2016,23,0.29,,508600,,
591720,2017,24,0.77,,561900,,
591720,2018,25,0.23,,615500,,
591720,2019,26,-0.23,,800000,,
591720,2020,27,-0.07,,,,
591720,2021,28,0.2,-0.09,,2.0,0.0
591741,2017,24,-0.8,,,,
591741,2018,25,0.08,,,,
591741,2019,26,0.03,0.03,,2.0,0.0
591741,2020,27,-0.09,,,,
591971,2017,25,-0.25,,,,
591971,2018,26,-0.19,,,,
591971,2019,27,0.13,,,,
591971,2021,29,-0.02,,,,
591994,2017,24,-0.28,,,,
592091,2014,25,,-0.03,,7.0,0.0
592091,2015,26,0.0,-0.18,,11.0,0.0
592091,2016,27,0.0,0.48,,27.0,0.0
592094,2018,26,0.0,-0.23,,31.0,0.0
592094,2019,27,0.0,0.5,,23.0,0.0
592094,2020,28,,0.06,,13.0,0.0
592094,2021,29,0.0,-0.1,,12.0,0.0
592094,2022,30,,2.7,900000,67.0,0.0
592094,2023,31,,0.72,1775000,56.0,0.0
592094,2024,32,,2.59,2700000,74.0,0.0
592094,2025,33,,2.27,4800000,65.0,0.0
592094,2026,34,,0.96,6675000,36.0,0.0
592102,2013,24,0.0,1.39,492600,77.0,0.0
592102,2014,25,0.0,2.23,515400,76.0,0.0
592102,2015,26,0.0,1.25,547100,70.0,0.0
592102,2016,27,0.0,1.78,4150000,67.0,0.0
592102,2017,28,0.0,1.58,7350000,69.0,0.0
592102,2018,29,0.0,0.08,10575000,70.0,0.0
592102,2019,30,-0.01,-0.11,8500000,25.0,0.0
592120,2017,25,-0.01,-0.12,535000,6.0,0.0
592122,2016,24,0.14,,,,
592122,2017,25,-0.29,,544000,,
592122,2018,26,0.6000000000000001,,,,
592122,2019,27,0.47000000000000003,,568600,,
592127,2016,23,,-0.3,507500,13.0,0.0
592127,2017,24,-0.01,0.25,,24.0,0.0
592127,2018,25,0.0,-0.38,548600,7.0,0.0
592130,2016,26,,0.1,,12.0,0.0
592130,2017,27,0.0,1.24,,60.0,0.0
592130,2018,28,0.0,-0.37,561600,47.0,0.0
592135,2014,22,0.0,-0.71,,17.0,0.0
592135,2015,23,0.0,-0.38,,34.0,0.0
592135,2016,24,0.0,1.36,510500,45.0,0.0
592135,2017,25,0.0,-0.32,555000,48.0,0.0
592135,2018,26,0.0,0.48,1100000,71.0,0.0
592135,2019,27,0.0,0.8,1750000,59.0,7.0
592135,2020,28,0.0,0.4,2800000,11.0,0.0
592135,2021,29,0.0,0.06,1500000,26.0,1.0
592144,2022,31,0.07,,,,
592145,2018,26,0.08,0.57,,60.0,0.0
592145,2019,27,0.0,-1.09,575000,30.0,0.0
592145,2020,28,,0.02,,1.0,0.0
592145,2021,29,0.0,-0.2,,8.0,0.0
592155,2024,32,,0.7,740000,43.0,0.0
592155,2025,33,,-0.47,,39.0,0.0
592155,2026,34,,0.63,,19.0,0.0
592165,2019,27,0.0,0.36,575000,44.0,0.0
592165,2020,28,,0.08,,5.0,0.0
592165,2021,29,,0.14,,1.0,0.0
592166,2015,23,0.1,,,,
592169,2016,24,0.0,-0.38,,15.0,0.0
592169,2017,25,-0.05,-0.07,535000,22.0,0.0
592169,2018,26,-0.01,-0.44,547500,33.0,0.0
592169,2019,27,0.0,0.47,555000,36.0,0.0
592169,2020,28,,0.05,,21.0,1.0
592169,2021,29,,-0.1,870000,13.0,0.0
592169,2022,30,,0.04,,4.0,0.0
592170,2016,24,0.0,-0.17,,2.0,0.0
592170,2017,25,,1.87,,21.0,20.0
592170,2018,26,,-0.51,,5.0,1.0
592178,2015,23,5.41,,,,
592178,2016,24,7.25,,652000,,
592178,2017,25,5.72,,1050000,,
592178,2018,26,2.47,,10850000,,
592178,2019,27,4.42,,12900000,,
592178,2020,28,0.41,,18600000,,
592178,2021,29,3.2800000000000002,,19500000,,
592178,2022,30,0.65,,18000000,,
592178,2023,31,-0.97,,28000000,,
592178,2024,32,-0.79,,28000000,,
592178,2025,33,-0.52,,27000000,,
592181,2015,26,0.0,-0.01999999999999999,,13.0,0.0
592192,2015,26,1.64,,,,
592192,2016,27,-0.59,,512500,,
592192,2017,28,-0.79,,545000,,
592192,2018,29,1.67,,,,
592192,2019,30,4.27,,2050000,,
592192,2020,31,1.47,,4800000,,
592192,2021,32,2.68,,6920000,,
592192,2022,33,2.48,,13000000,,
592192,2023,34,2.1799999999999997,,11500000,,
592192,2024,35,0.44999999999999996,,11500000,,
592192,2025,36,-1.0,,1400000,,
592200,2014,25,-0.11,,,,
592200,2015,26,0.89,,,,
592200,2016,27,0.77,,513600,,
592200,2017,28,0.22,,,,
592200,2018,29,0.8,,,,
592200,2019,30,1.25,,950000,,
592200,2020,31,0.45,,1462000,,
592200,2021,32,0.64,,1500000,,
592200,2022,33,1.38,,2600000,,
592200,2023,34,0.07,,2500000,,
592200,2024,35,0.26,,,,
592206,2013,21,-0.18,,,,
592206,2014,22,-0.08,,500000,,
592206,2015,23,1.08,,525000,,
592206,2016,24,2.24,,536500,,
592206,2017,25,0.09,,3000000,,
592206,2018,26,2.85,,6050000,,
592206,2019,27,2.75,,9950000,,
592206,2020,28,0.01,,16000000,,
592206,2021,29,3.09,,14000000,,
592206,2022,30,-0.12,,20000000,,
592206,2023,31,1.45,,20000000,,
592206,2024,32,0.58,,20000000,,
592206,2025,33,-0.84,,,,
592206,2026,34,-0.99,,20000000,,
592222,2014,22,,0.22,,15.0,0.0
592222,2015,23,,0.31,508500,18.0,0.0
592222,2016,24,0.0,1.16,510250,39.0,0.0
592222,2017,25,0.0,2.88,545050,70.0,1.0
592222,2018,26,0.0,0.97,568450,66.0,1.0
592222,2019,27,0.0,0.69,1275000,83.0,0.0
592222,2020,28,,0.09,1750000,20.0,0.0
592222,2021,29,0.0,-0.14,1125000,41.0,0.0
592222,2022,30,,0.1,100000,3.0,0.0
592222,2023,31,,0.01,100000,1.0,0.0
592229,2017,25,-0.01,-1.34,535000,18.0,12.0
592229,2018,26,-0.01,-0.21,,27.0,21.0
592229,2019,27,-0.03,-1.31,571000,18.0,12.0
592229,2020,28,,-0.13,,8.0,0.0
592229,2023,31,,0.47,,29.0,1.0
592230,2015,23,0.04,,,,
592230,2016,24,-0.4,,,,
592230,2017,25,0.35,,,,
592230,2018,26,-1.17,,,,
592230,2019,27,-0.11,,,,
592233,2017,25,,-0.23,,8.0,0.0
592233,2019,27,0.0,0.37,,28.0,0.0
592233,2020,28,,0.95,,26.0,0.0
592233,2021,29,0.0,-0.71,,31.0,0.0
592238,2013,24,0.01,0.84,,6.0,5.0
592238,2014,25,-0.03,-0.69,507000,16.0,10.0
592238,2018,29,,0.01,,1.0,0.0
592239,2013,24,-0.05,,,,
592239,2015,26,0.04,,507500,,
592239,2016,27,-0.06,,509000,,
592244,2014,25,,-0.43,,7.0,4.0
592254,2016,23,-0.03,-0.61,,4.0,4.0
592254,2017,24,,-0.15,,1.0,0.0
592254,2019,26,0.0,0.02,558000,3.0,0.0
592254,2020,27,,-0.49,,5.0,0.0
592254,2021,28,0.02,-0.49,,9.0,2.0
592254,2023,30,,0.0,,12.0,1.0
592254,2025,32,,0.09,,1.0,1.0
592261,2015,22,0.86,,,,
592261,2016,23,-0.15,,517130,,
592261,2017,24,1.59,,540300,,
592261,2018,25,1.29,,561500,,
592261,2019,26,1.24,,1400000,,
592261,2020,27,0.0,,1875000,,
592261,2021,28,0.29,,,,
592273,2015,22,-0.06,,,,
592273,2016,23,-0.09,,508900,,
592273,2017,24,1.62,,553900,,
592273,2018,25,-0.43999999999999995,,621900,,
592273,2019,26,-0.72,,1300000,,
592273,2020,27,-0.87,,2050000,,
592273,2021,28,0.16,-0.07,,1.0,0.0
592273,2022,29,2.74,,700000,,
592273,2023,30,1.97,,8500000,,
592273,2024,31,-2.06,,8500000,,
592274,2015,26,0.24,,,,
592274,2016,27,-0.07,,510200,,
592279,2017,24,-0.03,-0.43,,15.0,0.0
592280,2019,27,,0.33999999999999997,,8.0,0.0
592288,2021,29,,0.41,,10.0,0.0
592288,2024,32,,-0.33,740000,12.0,0.0
592314,2014,22,0.0,-0.13,,16.0,0.0
592314,2015,23,-0.24,-1.21,508750,18.0,15.0
592314,2016,24,-0.06,1.46,,22.0,22.0
592314,2017,25,-0.39,1.36,544000,29.0,28.0
592314,2018,26,-0.49,4.25,2200000,31.0,31.0
592314,2019,27,-0.41,1.13,5475000,21.0,21.0
592314,2020,28,,-0.26,6425000,1.0,1.0
592314,2021,29,-0.02,-0.61,,28.0,24.0
592325,2016,24,-0.26,,,,
592325,2017,25,1.07,,,,
592325,2018,26,0.58,,,,
592325,2019,27,0.63,,567700,,
592325,2020,28,-0.41,,1400000,,
592325,2021,29,-0.1,,100000,,
592325,2022,30,0.01,,1800000,,
592325,2023,31,-0.22,,,,
592325,2024,32,0.19,,,,
592329,2015,22,0.05,-0.14,,21.0,0.0
592330,2016,27,,-0.06,,8.0,0.0
592332,2013,22,-0.02,-0.38,,20.0,5.0
592332,2014,23,-0.04,1.21,502500,20.0,20.0
592332,2015,24,0.0,1.01,522000,25.0,17.0
592332,2016,25,0.02,3.89,532000,30.0,30.0
592332,2017,26,-0.03,1.96,3450000,34.0,34.0
592332,2018,27,-0.01,3.05,5600000,31.0,31.0
592332,2019,28,-0.31,-0.5,9350000,31.0,17.0
592332,2020,29,,1.33,9000000,12.0,10.0
592332,2021,30,0.18,5.21,18900000,33.0,33.0
592332,2022,31,,2.95,21000000,31.0,31.0
592332,2023,32,,3.52,21000000,31.0,31.0
592332,2024,33,,1.09,22000000,31.0,31.0
592332,2025,34,,3.96,23000000,32.0,32.0
592332,2026,35,,1.07,23000000,22.0,22.0
592340,2014,25,0.0,0.07,,6.0,0.0
592340,2015,26,-0.01,0.73,509125,35.0,0.0
592340,2016,27,0.0,-0.06,,36.0,0.0
592340,2017,28,0.0,-0.03,,33.0,0.0
592340,2018,29,0.0,0.62,,31.0,0.0
592341,2015,26,-0.05,0.05,,20.0,0.0
592341,2016,27,0.0,-0.46,,10.0,0.0
592341,2017,28,0.0,0.04,,1.0,0.0
592346,2015,23,,0.97,,14.0,10.0
592346,2016,24,,-0.52,,3.0,3.0
592346,2019,27,-0.29,0.53,,14.0,12.0
592346,2020,28,,-0.01,,6.0,4.0
592346,2021,29,0.07,-0.82,1100000,24.0,18.0
592346,2022,30,,-0.18,100000,7.0,5.0
592346,2023,31,,-0.03,,3.0,0.0
592348,2017,25,-0.21,,,,
592348,2018,26,0.85,,,,
592348,2019,27,1.5,,670500,,
592348,2020,28,0.07,,,,
592348,2021,29,-0.19,,2100000,,
592348,2022,30,-0.24,,2100000,,
592348,2024,32,-0.8300000000000001,,,,
592351,2015,23,-0.09,0.18,,9.0,9.0
592351,2016,24,0.03,2.02,509500,29.0,29.0
592351,2017,25,-0.22,3.2,540000,20.0,20.0
592351,2018,26,-0.14,1.26,555000,31.0,31.0
592351,2019,27,-0.45,3.62,2935000,26.0,25.0
592351,2020,28,,-0.3,5600000,8.0,8.0
592351,2021,29,-0.32,1.56,6000000,29.0,29.0
592351,2022,30,,1.31,15000000,24.0,24.0
592351,2023,31,0.0,1.68,15000000,29.0,29.0
592351,2024,32,,0.18,13000000,23.0,19.0
592351,2025,33,,-0.64,13000000,6.0,0.0
592387,2016,24,2.38,,,,
592387,2017,25,0.86,,537500,,
592387,2018,26,-0.53,,,,
592387,2019,27,0.2,,579800,,
592387,2020,28,-0.14,,1000000,,
592390,2013,24,0.0,0.29,,9.0,0.0
592390,2014,25,0.0,-0.02,,6.0,0.0
592390,2015,26,0.0,0.42,509500,22.0,0.0
592390,2016,27,0.0,0.35,,38.0,0.0
592390,2017,28,0.0,0.31,547000,62.0,0.0
592390,2018,29,-0.01,0.29,581500,67.0,0.0
592390,2019,30,,0.38,1312500,45.0,0.0
592390,2020,31,,-0.5599999999999999,1613000,22.0,0.0
592390,2021,32,-0.01,-0.3,1250000,60.0,0.0
592390,2022,33,,-0.72,2125000,26.0,0.0
592390,2023,34,,0.05,,1.0,0.0
592398,2014,25,0.03,-0.31,,3.0,1.0
592398,2015,26,0.0,0.13,,6.0,0.0
592407,2013,25,0.31,,,,
592407,2014,26,-0.45,,502000,,
592407,2015,27,0.23,,,,
592407,2016,28,0.28,0.04,519000,1.0,0.0
592407,2017,29,-0.3,,,,
592407,2018,30,0.0,-0.09,1000000,2.0,0.0
592407,2019,31,0.33,0.01,,1.0,0.0
592407,2020,32,-0.28,0.01,,1.0,0.0
592407,2021,33,-0.11,-0.01,100000,1.0,0.0
592419,2016,27,-0.23,-0.02,,1.0,0.0
592419,2017,28,-0.54,,,,
592419,2021,32,-0.08,,,,
592422,2016,24,0.0,-0.19,,2.0,0.0
592422,2017,25,0.0,0.04,,9.0,0.0
592426,2015,23,,0.03,,7.0,0.0
592426,2016,24,,-0.67,,8.0,0.0
592426,2017,25,-0.04,0.31,,43.0,0.0
592426,2018,26,0.02,-0.12,,35.0,0.0
592426,2019,27,0.0,0.87,585000,70.0,0.0
592426,2020,28,,-0.47,1825000,19.0,0.0
592426,2021,29,0.0,2.25,1900000,71.0,0.0
592426,2023,31,,0.55,3000000,33.0,0.0
592426,2024,32,,-0.33,6500000,52.0,0.0
592426,2025,33,,-0.5300000000000001,1500000,52.0,0.0
592433,2016,23,-0.04,-0.36,,14.0,8.0
592444,2016,24,-0.1,,,,
592444,2017,25,-0.34,,536100,,
592444,2018,26,1.73,,549400,,
592444,2019,27,-0.25,,567100,,
592444,2020,28,0.53,,1575000,,
592444,2021,29,-0.55,,2650000,,
592450,2016,24,-0.3,,,,
592450,2017,25,8.05,,544500,,
592450,2018,26,6.04,,622300,,
592450,2019,27,5.58,,684300,,
592450,2020,28,1.14,,8500000,,
592450,2021,29,5.89,,10175000,,
592450,2022,30,10.77,,19000000,,
592450,2023,31,4.55,,40000000,,
592450,2024,32,10.9,,40000000,,
592450,2025,33,9.65,,40000000,,
592450,2026,34,2.08,,40000000,,
592454,2014,24,-0.06,-0.12,,54.0,0.0
592454,2015,25,0.0,-0.28,,36.0,0.0
592454,2016,26,0.0,0.68,,29.0,0.0
592454,2017,27,0.0,1.7,535000,69.0,0.0
592454,2018,28,0.0,-0.91,1312500,24.0,0.0
592454,2019,29,0.0,0.82,1387000,72.0,0.0
592454,2020,30,,0.1,2650000,1.0,0.0
592454,2022,32,,0.27,3450000,13.0,0.0
592454,2023,33,,1.13,5750000,42.0,0.0
592454,2024,34,,0.76,5750000,50.0,0.0
592454,2025,35,0.0,-0.18,7750000,66.0,0.0
592454,2026,36,,-0.21,,8.0,0.0
592464,2013,24,0.05,-1.53,,12.0,3.0
592464,2014,25,0.0,-0.19,,2.0,0.0
592464,2020,31,,-0.17,,6.0,2.0
592464,2021,32,0.0,-0.08,,1.0,0.0
592468,2018,26,0.03,-0.51,,18.0,15.0
592468,2019,27,0.02,-1.07,569000,25.0,4.0
592473,2017,28,0.0,-0.15,,12.0,0.0
592473,2018,29,0.0,0.13,,31.0,0.0
592473,2019,30,-0.02,0.79,560800,80.0,0.0
592473,2020,31,0.0,0.79,,20.0,0.0
592473,2021,32,0.0,-0.36,,12.0,0.0
592473,2022,33,,0.04,,15.0,0.0
592473,2023,34,,0.35,,5.0,0.0
592499,2017,25,,-0.05,,4.0,1.0
592499,2018,26,0.0,0.08,,13.0,3.0
592499,2020,28,,0.0,,2.0,0.0
592518,2013,20,5.86,,495000,,
592518,2014,21,2.19,,519000,,
592518,2015,22,7.26,,548000,,
592518,2016,23,7.4,,5000000,,
592518,2017,24,4.07,,11500000,,
592518,2018,25,6.1899999999999995,,16000000,,
592518,2019,26,2.51,,12000000,,
592518,2020,27,3.03,,32000000,,
592518,2021,28,5.03,,32000000,,
592518,2022,29,6.78,,32000000,,
592518,2023,30,2.66,,17090909,,
592518,2024,31,3.09,,17090909,,
592518,2025,32,4.2,,17090909,,
592518,2026,33,0.77,,25090909,,
592527,2014,25,,-0.56,,17.0,0.0
592527,2015,26,,0.03,,2.0,0.0
592527,2016,27,0.0,-0.27,512500,25.0,0.0
592527,2023,34,,0.08,,1.0,0.0
592530,2020,27,-0.16,,,,
592530,2021,28,-0.59,,,,
592533,2015,25,0.02,-0.87,,25.0,2.0
592533,2016,26,0.0,0.3,,9.0,2.0
592533,2017,27,,-0.12,,1.0,0.0
592547,2017,28,-0.04,0.18,,6.0,2.0
592547,2018,29,0.009999999999999995,-0.31,,21.0,4.0
592567,2016,23,-0.2,,,,
592567,2017,24,0.13,,,,
592567,2018,25,0.95,,550000,,
592567,2019,26,-1.04,,579500,,
592567,2020,27,0.48,,,,
592567,2021,28,-0.26,,2800000,,
592567,2022,29,-0.29,,1000000,,
592570,2015,22,,-0.18,,1.0,0.0
592570,2017,24,0.0,0.3,,8.0,0.0
592570,2018,25,0.0,-0.02,,9.0,0.0
592592,2016,27,0.09,,,,
592592,2017,28,-0.2,-0.12,537000,1.0,0.0
592593,2015,23,-0.3,0.51,,12.0,12.0
592593,2016,24,-0.12,-0.09,,18.0,13.0
592593,2017,25,-0.13,-0.59,,20.0,8.0
592596,2015,26,0.02,,,,
592609,2014,25,-0.73,,502000,,
592609,2015,26,-0.51,,520000,,
592612,2015,26,-0.04,0.2,,35.0,0.0
592612,2016,27,0.0,-0.16,512500,59.0,0.0
592612,2017,28,0.0,-0.58,,54.0,0.0
592612,2018,29,0.0,-0.43,558000,12.0,0.0
592612,2019,30,0.02,0.4,,57.0,0.0
592612,2020,31,,-0.43,850000,17.0,1.0
592612,2021,32,0.0,0.1,100000,17.0,0.0
592614,2016,24,,-1.1,,7.0,5.0
592614,2017,25,-0.01,-0.37,536600,10.0,2.0
592620,2015,26,0.5,,,,
592620,2016,27,0.16,,,,
592620,2017,28,0.6,,539000,,
592620,2019,30,-0.12,,,,
592621,2014,24,-0.42,,,,
592621,2015,25,-1.23,,,,
592622,2020,28,-0.17,,,,
592622,2021,29,-0.33,,,,
592622,2022,30,0.01,,,,
592626,2014,22,0.01,,,,
592626,2015,23,2.49,,510000,,
592626,2016,24,3.34,,520000,,
592626,2017,25,-0.42,,555000,,
592626,2018,26,2.14,,2600000,,
592626,2019,27,2.66,,5000000,,
592626,2020,28,-0.31,,7750000,,
592626,2021,29,-0.05,,4500000,,
592626,2022,30,1.27,,6000000,,
592626,2023,31,0.66,,19650000,,
592626,2024,32,2.82,,9500000,,
592626,2025,33,-0.31,,15750000,,
592626,2026,34,1.78,,21250000,,
592644,2016,24,0.0,-0.04,,2.0,0.0
592644,2018,26,0.03,0.17,,17.0,12.0
592644,2019,27,-0.03,0.37,,21.0,20.0
592644,2020,28,0.0,-0.01,,10.0,4.0
592644,2021,29,0.0,-1.05,,38.0,1.0
592647,2014,21,0.01,,,,
592647,2015,22,0.57,,508500,,
592647,2016,23,-0.05,,,,
592647,2018,25,-0.07,,,,
592656,2021,29,-0.54,,,,
592656,2023,31,0.14,,,,
592660,2019,27,-0.15,,,,
592660,2020,28,-0.18,,,,
592662,2014,22,0.11,-0.79,,9.0,6.0
592662,2015,23,-0.18,1.62,,23.0,23.0
592662,2016,24,0.26,0.95,521000,32.0,32.0
592662,2017,25,0.45,4.75,570400,28.0,28.0
592662,2018,26,-0.34,1.32,3950000,24.0,24.0
592662,2019,27,-0.55,1.58,6050000,33.0,33.0
592662,2020,28,,-0.26,9430000,12.0,11.0
592662,2021,29,-0.06,6.87,8000000,32.0,32.0
592662,2022,30,,2.05,21000000,32.0,32.0
592662,2023,31,,-0.25,21000000,1.0,1.0
592662,2024,32,,0.01,,7.0,7.0
592662,2025,33,,3.0,,32.0,32.0
592662,2026,34,,1.71,,21.0,20.0
592663,2014,23,-0.03,,,,
592663,2015,24,2.35,,,,
592663,2016,25,2.57,,532500,,
592663,2017,26,4.53,,562500,,
592663,2018,27,4.4,,2900000,,
592663,2019,28,4.46,,5900000,,
592663,2020,29,1.41,,10000000,,
592663,2021,30,3.48,,20000000,,
592663,2022,31,6.54,,23875000,,
592663,2023,32,3.53,,23875000,,
592663,2024,33,2.86,,23875000,,
592663,2025,34,2.48,,23875000,,
592663,2026,35,0.97,,15000000,,
592665,2013,24,0.0,1.08,520000,68.0,0.0
592665,2014,25,0.0,-0.51,538500,62.0,0.0
592665,2015,26,-0.03,0.5800000000000001,4875000,55.0,0.0
592665,2016,27,0.0,2.71,5300000,80.0,0.0
592665,2017,28,0.0,2.24,7750000,77.0,0.0
592665,2018,29,0.0,-0.02,8250000,55.0,0.0
592669,2016,24,0.42,,,,
592669,2017,25,0.74,,535900,,
592669,2018,26,2.44,,,,
592669,2019,27,2.32,,582100,,
592669,2020,28,-0.05,,3300000,,
592669,2021,29,2.42,,3100000,,
592669,2022,30,2.44,,7650000,,
592669,2023,31,-0.51,,11900000,,
592669,2024,32,0.14,,5500000,,
592669,2025,33,-1.47,,7570000,,
592677,2014,24,,-0.26,,7.0,0.0
592677,2015,25,,-0.18,,17.0,0.0
592680,2015,23,-0.25,,,,
592680,2016,24,-0.12,,508600,,
592680,2017,25,-0.05,,,,
592680,2018,26,-0.71,,,,
592680,2019,27,-0.27,,,,
592680,2020,28,0.01,,,,
592685,2017,25,0.17,,535000,,
592685,2018,26,-0.49,,,,
592685,2019,27,-0.09,,564100,,
592696,2015,23,2.33,,,,
592696,2016,24,1.14,,542500,,
592696,2017,25,1.71,,552500,,
592696,2018,26,4.33,,602500,,
592696,2019,27,1.59,,4190000,,
592696,2020,28,1.23,,7750000,,
592696,2021,29,1.06,,8000000,,
592696,2022,30,-1.88,,9000000,,
592696,2023,31,1.2,,9000000,,
592696,2024,32,-1.6199999999999999,,2000000,,
592696,2025,33,-0.010000000000000002,,,,
592704,2013,24,0.0,-0.57,,9.0,0.0
592705,2015,23,0.0,0.04,,17.0,0.0
592705,2018,26,,-0.11,,13.0,0.0
592705,2019,27,,-0.32,559300,3.0,0.0
592710,2013,24,-0.3,,490000,,
592710,2014,25,-0.44,,501000,,
592710,2015,26,-0.24,,,,
592710,2016,27,0.5,,,,
592710,2017,28,-0.2,,600000,,
592712,2018,26,0.0,0.42,,13.0,2.0
592712,2019,27,,0.39,,20.0,0.0
592712,2022,30,,-0.07,,2.0,0.0
592716,2016,24,,-0.04,,1.0,1.0
592716,2018,26,,0.2,,5.0,4.0
592716,2019,27,0.05,1.19,,35.0,15.0
592716,2021,29,-0.14,0.76,,10.0,5.0
592716,2022,30,,2.29,100000,21.0,19.0
592717,2014,21,0.0,1.43,,24.0,0.0
592717,2015,22,0.0,1.88,1021600,41.0,11.0
592717,2016,23,-0.09,5.07,517800,30.0,30.0
592717,2017,24,,-0.09,535000,8.0,8.0
592717,2018,25,-0.01,0.7,2700000,20.0,20.0
592717,2019,26,-0.02,-0.55,3900000,27.0,27.0
592717,2021,28,-0.11,0.82,4000000,9.0,7.0
592717,2022,29,,-0.9,100000,15.0,10.0
592731,2016,26,0.14,,,,
592731,2017,27,-0.15,,535000,,
592741,2014,23,0.0,0.42,,15.0,0.0
592741,2015,24,0.0,1.2,510275,59.0,0.0
592741,2016,25,0.0,0.0,533400,37.0,0.0
592741,2017,26,-0.03,0.57,552425,44.0,0.0
592741,2018,27,-0.01,0.07999999999999999,825000,60.0,0.0
592741,2019,28,0.05,-0.12,900000,3.0,0.0
592741,2020,29,,0.31,100000,17.0,0.0
592741,2021,30,0.0,1.27,1500000,57.0,0.0
592741,2022,31,0.0,-0.45,700000,25.0,0.0
592741,2023,32,,0.12,1250000,50.0,0.0
592741,2024,33,,0.09,,1.0,0.0
592743,2013,23,5.84,,491250,,
592743,2014,24,2.61,,1000000,,
592743,2015,25,4.17,,3000000,,
592743,2016,26,4.45,,6000000,,
592743,2017,27,7.98,,8000000,,
592743,2018,28,5.47,,11000000,,
592743,2019,29,1.44,,13000000,,
592743,2020,30,0.56,,15000000,,
592743,2021,31,1.29,,10500000,,
592743,2022,32,-0.1,-0.15,4000000,1.0,0.0
592753,2017,25,0.0,0.03,,1.0,0.0
592761,2017,25,0.0,-0.3,,9.0,2.0
592761,2018,26,0.04,0.71,1090000,16.0,16.0
592761,2019,27,0.31,1.58,556500,28.0,28.0
592761,2020,28,,0.41000000000000003,,5.0,4.0
592761,2021,29,0.09,0.66,1450000,45.0,13.0
592761,2022,30,,0.13,2000000,44.0,1.0
592767,2013,24,0.0,2.61,498000,63.0,0.0
592767,2014,25,-0.01,3.7,520000,28.0,25.0
592767,2015,26,,1.59,2650000,12.0,12.0
592767,2016,27,-0.03,0.11,3750000,30.0,30.0
592767,2019,30,-0.2,-0.23000000000000004,7000000,25.0,21.0
592767,2020,31,,0.46,4000000,7.0,5.0
592767,2021,32,-0.37,0.7,11000000,29.0,23.0
592767,2022,33,,2.0,4250000,22.0,22.0
592767,2023,34,0.0,-0.34,8000000,41.0,23.0
592767,2024,35,,0.05,8500000,50.0,0.0
592769,2018,26,-0.01,-0.23,,4.0,0.0
592773,2017,25,,-0.24,,21.0,0.0
592773,2018,26,0.0,1.23,,59.0,29.0
592773,2019,27,0.0,0.44999999999999996,564200,63.0,27.0
592773,2020,28,,-0.08,,9.0,0.0
592773,2021,29,0.0,0.48,1100000,72.0,0.0
592773,2022,30,,2.13,2100000,59.0,0.0
592773,2023,31,0.0,0.39,3600000,55.0,0.0
592773,2024,32,0.0,-0.58,4000000,63.0,0.0
592773,2025,33,0.0,-0.94,4500000,65.0,0.0
592773,2026,34,,-0.08,3500000,45.0,0.0
592774,2015,26,0.0,,,,
592779,2016,24,-0.04,-0.12,,7.0,5.0
592779,2017,25,0.03,0.0,537500,17.0,4.0
592779,2018,26,-0.02,-0.58,,9.0,2.0
592779,2019,27,0.07,-0.95,565000,13.0,0.0
592779,2023,31,,1.62,,28.0,0.0
592779,2024,32,,-0.07,900000,16.0,0.0
592779,2025,33,,1.29,870000,43.0,0.0
592779,2026,34,,0.27,1300000,13.0,0.0
592781,2014,24,0.0,-0.69,,37.0,0.0
592781,2015,25,0.0,-0.53,510500,11.0,0.0
592789,2015,22,0.33,2.45,,24.0,24.0
592789,2016,23,0.74,4.98,535375,31.0,30.0
592789,2017,24,0.19,0.5,605500,7.0,7.0
592789,2018,25,-0.02,3.74,2975000,25.0,25.0
592789,2019,26,-0.07,2.12,6000000,32.0,32.0
592789,2021,28,0.0,-0.1,9700000,2.0,2.0
592789,2022,29,,1.8900000000000001,21000000,25.0,24.0
592789,2023,30,,-1.1,13000000,18.0,18.0
592791,2016,24,-0.28,2.42,,18.0,18.0
592791,2017,25,-0.08,1.22,555000,25.0,25.0
592791,2018,26,-0.35,4.76,,32.0,32.0
592791,2019,27,0.05,0.24,587500,7.0,7.0
592791,2021,29,0.04,2.27,,29.0,29.0
592791,2022,30,,1.39,5800000,32.0,32.0
592791,2023,31,,-0.44,14000000,30.0,29.0
592791,2024,32,,2.27,18000000,28.0,28.0
592791,2025,33,,1.36,18000000,23.0,23.0
592791,2026,34,,-0.93,18000000,15.0,15.0
592804,2013,24,-0.18,1.85,,18.0,7.0
592804,2014,25,0.04,0.02,505000,27.0,0.0
592804,2015,26,-0.04,-0.38,510500,24.0,0.0
592804,2016,27,0.0,2.48,513900,67.0,0.0
592804,2018,29,,-0.12,2050000,25.0,0.0
592804,2019,30,0.0,-0.21,1750000,16.0,0.0
592804,2020,31,,0.09,,7.0,0.0
592804,2022,33,,-0.01999999999999999,,14.0,0.0
592808,2016,24,1.38,,,,
592808,2017,25,0.52,,540000,,
592808,2018,26,-0.01,,,,
592811,2016,27,-0.03,0.5,,24.0,6.0
592811,2017,28,,-0.06,537500,12.0,12.0
592811,2018,29,,0.01,550000,9.0,9.0
592811,2020,31,,0.01999999999999999,,5.0,2.0
592815,2014,21,0.0,-0.31,,2.0,0.0
592815,2015,22,0.0,0.25,,14.0,0.0
592815,2016,23,0.0,-0.03,,12.0,0.0
592815,2017,24,0.0,0.82,536500,37.0,0.0
592815,2018,25,0.0,0.41000000000000003,554600,36.0,0.0
592815,2019,26,0.0,0.77,568600,23.0,2.0
592826,2015,23,0.0,0.14,,19.0,7.0
592826,2016,24,0.21,1.72,516000,24.0,24.0
592826,2017,25,0.13,0.41,547000,15.0,15.0
592826,2018,26,0.14,1.43,559000,31.0,30.0
592826,2019,27,0.58,-0.03,2249000,33.0,23.0
592826,2020,28,,0.39,3600000,9.0,7.0
592826,2021,29,0.009999999999999995,-0.42,4000000,25.0,21.0
592826,2022,30,,0.37,3000000,27.0,9.0
592826,2023,31,,0.79,3150000,8.0,8.0
592826,2026,34,,0.12,,2.0,0.0
592831,2021,29,,-0.39,,7.0,0.0
592833,2017,25,,0.04,,7.0,0.0
592833,2018,26,0.0,-0.33,,7.0,0.0
592833,2020,28,,-0.15,,3.0,0.0
592835,2015,23,-0.03,,,,
592835,2016,24,-0.17,,,,
592836,2013,20,,0.14,,3.0,3.0
592836,2014,21,,0.91,502400,8.0,5.0
592836,2015,22,-0.01,1.23,513100,29.0,29.0
592836,2016,23,,0.32,528600,25.0,25.0
592836,2017,24,0.43,2.62,2250000,28.0,28.0
592836,2018,25,-0.07,0.24,4825000,3.0,3.0
592836,2019,26,0.0,0.05,5025000,1.0,1.0
592836,2020,27,,1.3199999999999998,2000000,11.0,11.0
592836,2021,28,-0.06,0.51,10000000,30.0,29.0
592836,2022,29,,2.68,7000000,29.0,29.0
592836,2023,30,,2.6,18000000,31.0,31.0
592836,2024,31,,-1.51,18000000,19.0,15.0
592836,2025,32,,1.5,18000000,34.0,21.0
592836,2026,33,,-0.66,18000000,5.0,4.0
592848,2018,26,0.0,0.0,545000,1.0,0.0
592848,2022,30,,0.14,,12.0,0.0
592848,2023,31,,0.43000000000000005,,12.0,0.0
592858,2018,25,0.0,-0.18,,10.0,0.0
592858,2019,26,0.0,0.54,,31.0,0.0
592858,2020,27,0.0,0.26,,19.0,0.0
592858,2021,28,0.0,-0.01,,22.0,0.0
592858,2022,29,,0.1,,64.0,0.0
592859,2018,26,-0.06,,,,
592859,2019,27,-0.67,-0.02,,4.0,0.0
592859,2021,29,-0.46,-0.01,,1.0,0.0
592863,2015,23,0.12,,,,
592863,2016,24,-0.12,,509700,,
592863,2017,25,-0.25,,,,
592863,2018,26,0.18,,,,
592863,2019,27,-0.08,,,,
592863,2020,28,-0.34,,,,
592863,2021,29,0.03,,,,
592865,2017,25,0.0,0.1,,5.0,0.0
592865,2018,26,0.03,-0.4,,56.0,0.0
592865,2019,27,-0.02,-0.73,563800,10.0,0.0
592865,2020,28,0.0,-0.27,,15.0,0.0
592865,2021,29,0.0,0.0,,11.0,0.0
592866,2016,24,0.08,-0.53,,7.0,1.0
592866,2017,25,-0.23,1.82,544000,31.0,25.0
592866,2018,26,-0.1,3.83,569500,31.0,31.0
592866,2019,27,0.12,0.4,584000,26.0,26.0
592866,2020,28,,-0.89,2825000,11.0,11.0
592866,2021,29,0.11,0.26,2500000,23.0,15.0
592866,2022,30,0.0,1.39,3900000,30.0,9.0
592866,2023,31,,-0.18,6000000,30.0,30.0
592866,2024,32,,2.47,7000000,13.0,13.0
592866,2025,33,,-0.53,7000000,17.0,17.0
592869,2015,25,-0.04,0.67,,9.0,5.0
592869,2016,26,0.0,0.25,,24.0,13.0
592869,2017,27,0.0,-0.4,545000,9.0,1.0
592872,2016,27,0.0,0.23,,16.0,0.0
592872,2017,28,0.0,0.01,,6.0,0.0
592879,2015,26,,-0.39,,5.0,3.0
592879,2017,28,-0.12,-0.95,,25.0,8.0
592879,2019,30,-0.01,1.31,,17.0,16.0
592879,2020,31,,-0.28,,10.0,7.0
592879,2021,32,,0.07,100000,1.0,1.0
592885,2013,21,1.57,,,,
592885,2014,22,3.83,,505000,,
592885,2015,23,3.59,,570000,,
592885,2016,24,4.92,,1000000,,
592885,2017,25,3.65,,3500000,,
592885,2018,26,7.33,,7000000,,
592885,2019,27,7.12,,9750000,,
592885,2020,28,0.46,,12500000,,
592885,2021,29,1.28,,14000000,,
592885,2022,30,2.52,,26000000,,
592885,2023,31,3.53,,26000000,,
592885,2024,32,2.25,,26000000,,
592885,2025,33,2.98,,26000000,,
592885,2026,34,0.22,,26000000,,
593140,2015,22,0.0,-0.12,,5.0,0.0
593140,2016,23,0.0,-0.13,,47.0,0.0
593140,2017,24,-0.01,-0.49,546200,46.0,0.0
593140,2018,25,-0.02,-0.91,575500,47.0,0.0
593140,2019,26,0.0,0.66,850000,58.0,1.0
593140,2020,27,,-0.3,1100000,3.0,0.0
593140,2021,28,0.0,-0.33999999999999997,1000000,21.0,0.0
593140,2022,29,,0.02,100000,1.0,0.0
593144,2017,27,,-0.32,,5.0,0.0
593144,2018,28,-0.02,1.7,,63.0,0.0
593144,2019,29,0.0,0.86,650000,72.0,0.0
593144,2020,30,,0.44,,24.0,0.0
593144,2021,31,0.0,2.06,1700000,64.0,0.0
593160,2016,27,1.44,,,,
593160,2017,28,3.04,,,,
593160,2018,29,4.53,,569500,,
593160,2019,30,3.46,,1000000,,
593160,2020,31,0.74,,5000000,,
593160,2021,32,3.83,,6750000,,
593160,2022,33,-0.18000000000000002,-0.07,7000000,1.0,0.0
593160,2023,34,0.7,,6750000,,
593160,2024,35,0.23,,7000000,,
593334,2017,24,,0.18,,7.0,0.0
593334,2018,25,0.03,-0.36,,21.0,14.0
593334,2019,26,-0.12,2.06,577500,27.0,24.0
593334,2021,28,-0.03,1.34,,22.0,18.0
593334,2022,29,,0.69,1750000,15.0,14.0
593334,2023,30,,0.69,2600000,20.0,19.0
593334,2024,31,,-0.51,,7.0,2.0
593372,2013,21,-0.03,-0.13,,21.0,1.0
593372,2014,22,0.07,0.06,505000,57.0,7.0
593372,2015,23,-0.07,3.89,520000,31.0,29.0
593372,2016,24,0.45,5.66,539000,31.0,31.0
593372,2017,25,0.19,3.04,3700000,32.0,32.0
593372,2018,26,0.3,2.02,11700000,33.0,18.0
593372,2019,27,-0.01,0.81,11700000,48.0,0.0
593372,2020,28,,-1.15,11700000,5.0,5.0
593372,2021,29,-0.09,-1.25,11700000,16.0,16.0
593417,2016,23,,-0.27,,5.0,5.0
593417,2017,24,,-0.35,535000,8.0,4.0
593423,2015,22,,0.01,,7.0,2.0
593423,2017,24,0.0,-0.47,537500,23.0,0.0
593423,2018,25,-0.06,0.44,,13.0,11.0
593423,2019,26,0.03,2.58,560000,16.0,16.0
593423,2020,27,,-0.31,,11.0,11.0
593423,2021,28,-0.04,3.74,1800000,32.0,32.0
593423,2022,29,,0.9700000000000001,5025000,27.0,27.0
593423,2023,30,,0.08,7500000,1.0,0.0
593423,2024,31,,0.58,14000000,30.0,30.0
593423,2025,32,,-0.59,17000000,9.0,7.0
593428,2013,20,0.34,,,,
593428,2014,21,0.74,,517000,,
593428,2015,22,4.53,,543000,,
593428,2016,23,3.68,,650500,,
593428,2017,24,2.11,,4500000,,
593428,2018,25,4.86,,7050000,,
593428,2019,26,6.26,,12000000,,
593428,2020,27,1.24,,20000000,,
593428,2021,28,5.15,,20000000,,
593428,2022,29,5.71,,20000000,,
593428,2023,30,4.15,,25454545,,
593428,2024,31,1.23,,25454546,,
593428,2025,32,2.09,,25454545,,
593428,2026,33,1.06,,25454546,,
593495,2015,22,0.57,,,,
593495,2016,23,-0.79,,,,
593495,2018,25,-0.53,,,,
593523,2016,23,-0.2,,,,
593523,2017,24,0.25,,,,
593523,2019,26,-0.1,,564000,,
593525,2015,23,-0.04,,,,
593525,2017,25,-0.68,,,,
593527,2017,24,-0.21,,,,
593527,2018,25,-0.24,,,,
593528,2017,24,0.56,,,,
593528,2018,25,-0.23,,,,
593528,2019,26,0.09,,,,
593528,2020,27,-0.25,,,,
593528,2021,28,-0.26,,,,
593576,2014,25,0.0,0.09,,1.0,0.0
593576,2015,26,-0.01,0.26,,32.0,0.0
593576,2016,27,0.0,2.06,515000,79.0,0.0
593576,2017,28,0.0,2.01,557500,74.0,0.0
593576,2018,29,-0.01,0.1,582500,53.0,0.0
593576,2019,30,-0.01,1.73,1800000,68.0,0.0
593576,2020,31,0.0,-0.08,4600000,24.0,0.0
593576,2021,32,-0.01,1.19,5000000,74.0,0.0
593576,2022,33,,0.45,8000000,70.0,0.0
593576,2023,34,0.0,2.61,8000000,71.0,0.0
593576,2024,35,0.0,-0.18,9000000,62.0,0.0
593576,2025,36,,-0.8300000000000001,,35.0,0.0
593582,2015,22,0.0,0.0,,2.0,0.0
593582,2016,23,0.0,-0.21,,5.0,0.0
593590,2021,30,0.18,,,,
593604,2021,28,0.0,-0.49,,14.0,0.0
593619,2020,28,,0.1,,5.0,0.0
593619,2021,29,0.0,1.09,,34.0,0.0
593619,2022,30,,-0.37,,11.0,0.0
593619,2023,31,0.0,0.18,735000,15.0,0.0
593643,2015,22,0.33,,,,
593643,2016,23,-0.6,,511500,,
593643,2018,25,-0.28,,,,
593643,2019,26,3.35,-0.05,578000,1.0,0.0
593643,2020,27,0.71,,1650000,,
593643,2021,28,0.63,0.01,1650000,1.0,0.0
593643,2022,29,-0.01,0.04,1350000,10.0,0.0
593643,2023,30,0.28,-0.13,454285,2.0,0.0
593647,2015,22,0.62,,,,
593647,2016,23,-0.37,,508500,,
593647,2018,25,-0.26,,,,
593647,2019,26,-0.82,,561000,,
593679,2016,23,-0.04,-0.26,,10.0,3.0
593679,2017,24,-0.01,0.5,,9.0,4.0
593679,2019,26,0.0,-0.11,,36.0,13.0
593700,2016,23,-0.32,,,,
593700,2017,24,-0.52,,541500,,
593700,2018,25,0.47,,,,
593700,2019,26,-0.49,,,,
593833,2018,26,-0.04,0.65,,40.0,0.0
593833,2019,27,-0.02,0.49,562500,78.0,0.0
593833,2020,28,,0.6,,22.0,0.0
593833,2021,29,-0.01,-1.16,,45.0,0.0
593833,2023,31,,-0.17,,5.0,0.0
593833,2024,32,,0.0,,1.0,0.0
593833,2025,33,,-0.28,,5.0,0.0
593871,2014,20,0.18,,,,
593871,2015,21,-0.1,,,,
593871,2016,22,0.28,,,,
593871,2017,23,1.35,,540000,,
593871,2018,24,0.85,,575000,,
593871,2019,25,4.61,,3583333,,
593871,2020,26,-0.02,,3833333,,
593871,2021,27,4.97,,4333333,,
593871,2022,28,2.73,,5500000,,
593871,2023,29,1.91,,7500000,,
593871,2024,30,1.29,,10500000,,
593871,2025,31,2.48,,7000000,,
593871,2026,32,-1.0,,17000000,,
593934,2015,22,2.33,,,,
593934,2016,23,0.27,,547500,,
593934,2017,24,3.03,,572500,,
593934,2018,25,-0.36,,602500,,
593934,2019,26,2.65,,2650000,,
593934,2020,27,0.12,,7000000,,
593934,2021,28,0.88,,11000000,,
593934,2022,29,-0.8,,9250000,,
593934,2024,31,-0.11,0.01,875000,1.0,0.0
593958,2015,22,-0.04,2.51,,21.0,21.0
593958,2016,23,-0.03,0.37,521000,20.0,20.0
593958,2017,24,-0.07,1.69,584500,25.0,24.0
593958,2018,25,-0.03,2.58,2375000,27.0,23.0
593958,2019,26,-0.02,5.48,4300000,34.0,34.0
593958,2021,28,-0.1,1.66,8300000,32.0,31.0
593958,2022,29,,0.33,14000000,17.0,17.0
593958,2023,30,,3.19,14000000,26.0,26.0
593958,2024,31,,0.18,14000000,10.0,10.0
593958,2025,32,,0.25,20000000,29.0,29.0
593958,2026,33,,3.99,21000000,21.0,21.0
593969,2016,23,0.0,0.1,,3.0,0.0
593969,2017,24,-0.03,-0.32,,4.0,2.0
593974,2016,24,0.0,-0.2,,10.0,0.0
593974,2017,25,0.0,0.65,535000,69.0,0.0
593974,2018,26,-0.03,-0.55,557500,59.0,0.0
593974,2019,27,0.0,-0.06,570000,47.0,0.0
593974,2020,28,,0.25,805000,25.0,0.0
593974,2021,29,0.0,0.8700000000000001,925000,56.0,1.0
593974,2022,30,,1.09,2150000,56.0,0.0
593974,2023,31,,1.41,3350000,63.0,0.0
593974,2024,32,,0.37,3350000,46.0,0.0
593974,2025,33,,0.97,4250000,71.0,1.0
593974,2026,34,0.0,0.96,,46.0,4.0
593993,2018,25,0.41,,,,
593993,2020,27,0.04,,,,
594011,2018,25,0.41,,,,
594011,2019,26,-0.97,,560000,,
594027,2016,25,0.0,0.01,,1.0,0.0
594027,2018,27,0.0,-0.95,545000,60.0,0.0
594027,2019,28,0.0,-0.65,565000,52.0,0.0
594027,2026,35,,0.22,,23.0,0.0
594056,2017,25,,-0.35,,22.0,0.0
594056,2018,26,,0.06,,3.0,0.0
594056,2019,27,,-0.37,,7.0,0.0
594056,2021,29,,-0.2,,11.0,0.0
594311,2016,23,,0.16,,14.0,0.0
594311,2017,24,,-0.13,537200,6.0,0.0
594311,2019,26,-0.01,0.3,,23.0,0.0
594311,2021,28,-0.02,0.06,,14.0,0.0
594311,2022,29,,0.11,675000,27.0,0.0
594555,2014,23,0.35,,,,
594555,2015,24,-0.12,,508500,,
594576,2017,25,-0.64,,535000,,
594577,2016,24,0.0,-0.76,,4.0,1.0
594577,2017,25,0.0,-0.24,,3.0,0.0
594577,2018,26,0.04,-0.09,545000,50.0,0.0
594577,2019,27,-0.01,-0.3,563700,16.0,0.0
594577,2020,28,,0.87,,29.0,0.0
594577,2021,29,0.0,1.45,1200000,72.0,2.0
594577,2022,30,,-0.77,2150000,24.0,3.0
594577,2023,31,,-0.2,,6.0,2.0
594580,2017,25,,-0.31,,11.0,0.0
594580,2021,29,,0.13,,8.0,0.0
594580,2022,30,,0.83,,53.0,0.0
594580,2023,31,,1.76,725000,70.0,1.0
594580,2024,32,,0.83,760000,48.0,0.0
594580,2025,33,,-0.49,1007500,23.0,0.0
594580,2026,34,,0.0,875000,48.0,0.0
594694,2015,23,-0.17,,,,
594694,2016,24,0.21,,,,
594694,2017,25,1.69,,537800,,
594694,2018,26,-0.21,,557900,,
594694,2019,27,-0.93,,581100,,
594694,2020,28,-0.14,,1000000,,
594694,2021,29,-0.09,-0.25,,2.0,0.0
594694,2022,30,-0.13,,,,
594736,2015,24,-0.04,2.51,,15.0,15.0
594736,2016,25,,-0.84,511400,19.0,9.0
594736,2019,28,,-0.63,641250,5.0,2.0
594742,2015,23,0.12,-1.05,,7.0,7.0
594742,2016,24,-0.05,0.64,,5.0,5.0
594742,2017,25,-0.01,-0.01,,24.0,6.0
594742,2018,26,0.0,0.1,,2.0,0.0
594760,2016,24,-0.22,-1.69,,15.0,15.0
594760,2017,25,0.09,-0.21,,1.0,1.0
594762,2014,26,0.0,-0.02,,3.0,0.0
594762,2015,27,0.0,0.09,,4.0,0.0
594772,2014,24,-0.01,-0.14,,17.0,2.0
594772,2015,25,,0.23,,5.0,0.0
594772,2016,26,-0.01,0.23,,2.0,1.0
594772,2017,27,0.09,-0.3,,5.0,0.0
594777,2013,25,0.48,,491000,,
594777,2014,26,3.95,,506000,,
594777,2015,27,3.21,,537500,,
594777,2016,28,3.36,,3400000,,
594777,2017,29,2.16,,6000000,,
594777,2018,30,0.05,,8500000,,
594777,2019,31,1.77,,10500000,,
594777,2020,32,1.42,,6000000,,
594777,2021,33,0.01,,8000000,,
594777,2022,34,-1.71,,5200000,,
594777,2023,35,0.01,,,,
594792,2015,26,0.0,-0.22,,39.0,0.0
594792,2016,27,0.0,0.01,,15.0,0.0
594795,2016,28,-0.01,0.72,,25.0,0.0
594795,2017,29,0.0,-0.13,540000,29.0,0.0
594795,2019,31,0.0,0.2,585000,14.0,0.0
594795,2020,32,,0.71,655000,18.0,0.0
594795,2021,33,0.0,-0.35,900000,13.0,0.0
594798,2014,26,0.38,3.1,,22.0,22.0
594798,2015,27,0.21,5.29,556875,30.0,30.0
594798,2016,28,0.04,3.41,607000,24.0,24.0
594798,2017,29,0.43,4.16,4050000,31.0,31.0
594798,2018,30,0.45,9.44,7400000,32.0,32.0
594798,2019,31,0.56,7.18,9000000,32.0,32.0
594798,2020,32,,2.63,25000000,12.0,12.0
594798,2021,33,0.62,4.46,35500000,15.0,15.0
594798,2022,34,,1.52,35500000,11.0,11.0
594798,2023,35,,0.7,30000000,6.0,6.0
594798,2024,36,,0.4,40000000,3.0,3.0
594798,2025,37,,2.97,40000000,30.0,30.0
594798,2026,38,,1.87,38000000,20.0,20.0
594807,2014,25,-0.35,,,,
594807,2015,26,0.09,,,,
594807,2016,27,3.37,,510000,,
594807,2017,28,2.06,,577500,,
594807,2018,29,0.8700000000000001,,645000,,
594807,2019,30,0.69,,2875000,,
594807,2020,31,0.84,,3250000,,
594807,2021,32,2.91,,2000000,,
594807,2022,33,-0.09,,9275000,,
594807,2023,34,1.57,,7000000,,
594807,2024,35,-1.36,,3000000,,
594809,2013,24,-0.25,,491000,,
594809,2014,25,5.24,,511000,,
594809,2015,26,4.12,,850000,,
594809,2016,27,6.66,,2750000,,
594809,2017,28,0.3,,4000000,,
594809,2018,29,1.25,,6000000,,
594809,2019,30,1.82,,8400000,,
594809,2020,31,-0.61,,9500000,,
594809,2021,32,-0.37999999999999995,0.03,7000000,1.0,0.0
594815,2015,24,,-0.08,,9.0,0.0
594815,2017,26,0.0,0.0,,11.0,0.0
594824,2014,24,-0.03,,,,
594824,2015,25,0.4,,,,
594824,2016,26,1.48,,507500,,
594824,2017,27,0.4,,547900,,
594824,2018,28,0.03,0.03,569600,1.0,0.0
594824,2019,29,0.91,,910000,,
594824,2020,30,-0.19,,1500000,,
594828,2013,26,1.13,,490000,,
594828,2014,27,2.17,,520250,,
594828,2015,28,0.81,,526500,,
594828,2016,29,2.91,,3200000,,
594828,2017,30,1.0,,5200000,,
594828,2018,31,0.19,,6700000,,
594835,2014,22,0.21,0.18,,10.0,5.0
594835,2015,23,0.0,-0.21,,1.0,1.0
594835,2017,25,0.05,-0.22,,11.0,8.0
594835,2018,26,-0.03,2.33,,29.0,29.0
594835,2019,27,0.14,2.97,900000,34.0,34.0
594835,2020,28,,1.55,1000000,11.0,11.0
594835,2021,29,-0.02,2.12,5250000,25.0,25.0
594835,2022,30,,-0.12,5750000,32.0,32.0
594835,2023,31,,-0.46,6750000,10.0,10.0
594835,2024,32,,0.44,12250000,7.0,7.0
594835,2026,34,,0.09,,1.0,0.0
594838,2013,24,0.0,,,,
594838,2014,25,0.76,,,,
594838,2015,26,0.86,,507500,,
594838,2016,27,0.45,,513900,,
594838,2017,28,-0.6499999999999999,,559500,,
594838,2018,29,-0.2,,1250000,,
594838,2019,30,-0.39,,,,
594838,2020,31,-0.07,,,,
594838,2021,32,-0.36,,570500,,
594838,2022,33,-0.97,0.03,100000,1.0,0.0
594840,2015,26,0.0,-0.26,,26.0,0.0
594840,2016,27,0.0,0.14,,5.0,0.0
594840,2017,28,-0.07,0.4,,40.0,1.0
594840,2018,29,0.01,1.09,557000,56.0,0.0
594840,2019,30,-0.04,-0.57,576400,51.0,1.0
594840,2020,31,,-0.38,,3.0,0.0
594857,2015,26,0.06,-0.5,,18.0,0.0
594857,2016,27,0.0,0.21,,17.0,0.0
594867,2017,25,,-0.61,,5.0,2.0
594902,2017,25,0.34,1.19,,15.0,15.0
594902,2018,26,-0.01,0.06,550000,10.0,5.0
594902,2019,27,,-0.12,,1.0,0.0
594902,2023,31,,0.42,,19.0,12.0
594902,2024,32,,1.42,750000,29.0,29.0
594902,2025,33,,0.83,,9.0,9.0
594940,2015,26,-0.26,,,,
594943,2016,27,-0.03,0.91,,24.0,6.0
594943,2017,28,0.0,-0.19,,6.0,0.0
594943,2018,29,0.0,-0.03,,1.0,0.0
594943,2023,34,,-0.31,,14.0,2.0
594951,2015,27,,-0.19,,28.0,0.0
594951,2016,28,-0.01,0.19,,26.0,0.0
594951,2019,31,0.0,0.12,,2.0,0.0
594953,2018,26,0.56,,,,
594953,2019,27,-1.55,,567000,,
594965,2018,26,0.01,0.83,,11.0,4.0
594965,2019,27,-0.05,0.53,,13.0,8.0
594965,2020,28,,-0.22,,9.0,8.0
594965,2021,29,-0.05,-0.65,,24.0,2.0
594977,2015,27,0.0,-0.16999999999999998,,15.0,0.0
594985,2014,25,,0.07,,8.0,0.0
594985,2016,27,0.0,-0.25,,4.0,0.0
594985,2021,32,,-0.02,,8.0,0.0
594986,2014,22,,0.34,,6.0,1.0
594986,2015,23,,0.27,,16.0,6.0
594986,2016,24,0.0,1.11,509500,56.0,0.0
594986,2017,25,,-0.18,546400,8.0,0.0
594986,2019,27,0.02,0.93,555000,73.0,0.0
594986,2020,28,,-0.16,975000,18.0,0.0
594986,2021,29,-0.02,-0.23,800000,13.0,0.0
594987,2014,23,0.0,-0.28,,6.0,0.0
594987,2015,24,-0.03,0.08,,1.0,1.0
594987,2018,27,-0.02,-0.24,,2.0,0.0
594987,2019,28,-0.04,0.8,,33.0,1.0
594987,2020,29,,-0.30000000000000004,,17.0,0.0
594987,2021,30,0.0,2.05,,42.0,0.0
594988,2015,24,0.58,,,,
594988,2016,25,0.5,,507500,,
594988,2017,26,1.25,,540000,,
594988,2018,27,0.94,,580000,,
594988,2019,28,-0.66,,625000,,
594988,2020,29,-0.03,,,,
594988,2021,30,-0.36,,,,
594992,2017,28,0.04,0.06,,26.0,0.0
594992,2018,29,-0.01,-0.28,545000,5.0,0.0
595001,2015,27,0.11,-0.77,,9.0,7.0
595001,2016,28,0.04,0.27,,32.0,2.0
595001,2017,29,0.0,0.06,,26.0,0.0
595001,2019,31,0.0,-0.09,,18.0,2.0
595001,2020,32,,-0.29,,16.0,1.0
595005,2015,27,-0.61,,,,
595014,2014,26,-0.03,0.96,,15.0,7.0
595014,2015,27,-0.06,0.3,512800,60.0,0.0
595014,2016,28,0.0,1.98,524900,73.0,0.0
595014,2017,29,0.0,1.2,563700,72.0,0.0
595014,2018,30,0.0,4.37,2150000,68.0,0.0
595014,2019,31,0.0,-0.16,6400000,57.0,0.0
595014,2020,32,,-0.22,10000000,27.0,0.0
595014,2021,33,0.0,2.49,8000000,72.0,0.0
595014,2022,34,,0.16,8000000,5.0,0.0
595014,2024,36,,1.55,1000000,50.0,0.0
595014,2025,37,,-0.62,8500000,32.0,0.0
595014,2026,38,,0.24,13500000,29.0,0.0
595023,2016,26,-0.46,,507500,,
595025,2013,23,0.12,,,,
595025,2014,24,0.19999999999999998,,,,
595025,2015,25,-0.36,,509600,,
595025,2016,26,-0.12,,,,
595032,2014,25,0.01,-0.44,,24.0,12.0
595032,2015,26,,0.39,,4.0,4.0
595032,2016,27,,0.08,524525,5.0,1.0
595032,2017,28,0.0,0.09,,41.0,0.0
595032,2018,29,0.0,-0.12,800000,1.0,0.0
595144,2017,25,-0.4,,,,
595191,2015,24,0.01,1.7,,8.0,8.0
595191,2016,25,-0.08,3.47,516000,33.0,33.0
595191,2017,26,0.03,0.76,552000,24.0,24.0
595191,2018,27,-0.01,-0.03,568000,3.0,1.0
595191,2019,28,-0.18,-0.05,975000,12.0,10.0
595191,2021,30,0.07,-0.94,,5.0,4.0
595191,2022,31,,-0.37,,1.0,1.0
595222,2018,25,-0.66,,,,
595222,2019,26,-0.54,,,,
595234,2017,26,0.0,-0.14,535000,10.0,0.0
595234,2018,27,,0.05,,4.0,0.0
595235,2015,27,0.0,-0.13,,7.0,0.0
595235,2016,28,0.0,-0.17,,2.0,0.0
595238,2017,26,-0.38,,,,
595263,2021,33,,-0.16,,1.0,0.0
595281,2013,23,0.0,,,,
595281,2014,24,3.52,,,,
595281,2015,25,6.85,,513800,,
595281,2016,26,5.35,,514400,,
595281,2017,27,4.77,,3166667,,
595281,2018,28,2.31,,5666667,,
595281,2019,29,2.33,,8166667,,
595281,2020,30,1.86,,10166667,,
595281,2021,31,3.41,,11166666,,
595281,2022,32,1.08,,12166666,,
595281,2023,33,3.82,,9000000,,
595281,2024,34,0.91,,10500000,,
595284,2017,25,0.39,,535000,,
595284,2018,26,-0.53,,548000,,
595284,2019,27,0.09,,565000,,
595284,2020,28,0.8,,710000,,
595284,2021,29,-1.48,0.01,1100000,1.0,0.0
595284,2022,30,-0.19,,800000,,
595284,2024,32,-0.06,,,,
595307,2013,24,-0.01,1.68,,66.0,0.0
595307,2014,25,0.03,0.86,509000,73.0,0.0
595307,2015,26,-0.04,-0.67,530000,76.0,0.0
595307,2016,27,-0.01,0.31,1400000,29.0,0.0
595307,2017,28,,0.12,,8.0,0.0
595345,2016,24,-0.01,0.23,,16.0,0.0
595345,2017,25,-0.01,-0.27,,44.0,0.0
595345,2018,26,0.0,0.26,,10.0,0.0
595345,2021,29,-0.04,0.81,,34.0,0.0
595345,2022,30,0.0,0.95,,60.0,0.0
595345,2023,31,,0.59,,64.0,2.0
595345,2024,32,,-0.22,1062500,44.0,1.0
595345,2025,33,,1.46,1200000,68.0,1.0
595345,2026,34,,1.72,2325000,51.0,1.0
595371,2015,27,0.0,-0.16,,5.0,0.0
595373,2017,24,-0.11,,,,
595373,2018,25,-0.32,,,,
595375,2017,25,0.68,,,,
595375,2018,26,1.71,,545000,,
595375,2019,27,-0.78,,560000,,
595375,2020,28,-0.78,,850000,,
595375,2021,29,0.17,,100000,,
595375,2022,30,-0.02,,,,
595386,2014,26,-0.21,,,,
595386,2015,27,0.48,,507500,,
595386,2016,28,-0.14,,,,
595411,2017,27,0.0,0.23,,13.0,0.0
595411,2018,28,0.0,-0.09,,5.0,0.0
595411,2020,30,,0.46,,10.0,0.0
595411,2021,31,0.0,-0.39,,16.0,0.0
595411,2023,33,,0.23,,5.0,0.0
595426,2017,27,-0.26,,535000,,
595441,2015,26,,-0.09,,1.0,0.0
595453,2017,25,-0.1,,,,
595453,2018,26,0.04,,545000,,
595453,2019,27,0.12,,555000,,
595453,2020,28,0.17,,,,
595453,2021,29,-0.77,,,,
595453,2022,30,-0.14,,,,
595453,2023,31,0.13,,,,
595453,2025,33,0.0,,,,
595465,2015,25,0.0,-0.06,,2.0,0.0
595465,2016,26,0.0,0.21,508500,3.0,0.0
595465,2017,27,0.0,0.47,545000,16.0,0.0
595465,2018,28,0.01,0.28,610000,69.0,0.0
595465,2019,29,0.02,-0.23,1610000,27.0,0.0
595465,2020,30,0.0,0.21,750000,18.0,0.0
595465,2021,31,-0.01,-0.16,900000,47.0,0.0
595751,2016,23,-0.36,,,,
595751,2017,24,0.82,,,,
595751,2018,25,1.58,,547000,,
595751,2019,26,1.1,,570000,,
595751,2020,27,-0.38,,,,
595751,2021,28,-0.54,,2050000,,
595751,2022,29,0.76,,2725000,,
595751,2023,30,-0.44,,,,
595751,2025,32,-0.28,,,,
595777,2013,20,0.06,,,,
595777,2016,23,0.34,,605000,,
595777,2017,24,-0.02,,1050000,,
595777,2018,25,1.45,,1050000,,
595777,2019,26,-0.02,,3600000,,
595777,2020,27,1.36,,5700000,,
595777,2021,28,0.01,,4500000,,
595777,2022,29,2.94,,8000000,,
595777,2023,30,-1.2200000000000002,,7750000,,
595777,2024,31,3.58,,1000000,,
595777,2025,32,1.2,,12000000,,
595798,2019,28,0.06,-0.44,,12.0,0.0
595798,2021,30,-0.01,0.08,,3.0,0.0
595879,2014,21,-0.87,,,,
595879,2015,22,0.55,,,,
595879,2016,23,2.66,,521000,,
595879,2017,24,2.66,,609000,,
595879,2018,25,6.83,,657000,,
595879,2019,26,6.65,,5200000,,
595879,2020,27,0.68,,10000000,,
595879,2021,28,4.33,,11600000,,
595879,2022,29,2.37,,20000000,,
595879,2023,30,0.79,,22000000,,
595879,2024,31,-1.17,,25000000,,
595879,2025,32,1.95,,25000000,,
595879,2026,33,-0.56,,24000000,,
595881,2018,25,-0.02,-0.27,,2.0,2.0
595881,2019,26,-0.06,0.23,,24.0,22.0
595881,2021,28,0.0,-0.1,,1.0,0.0
595881,2022,29,,-0.24,,31.0,5.0
595881,2024,31,,-0.72,1200000,13.0,0.0
595885,2015,22,0.81,,,,
595885,2017,24,0.01,,545500,,
595885,2018,25,0.08,,582000,,
595885,2019,26,-0.28,,1200000,,
595897,2018,25,0.0,-0.15,,2.0,0.0
595897,2019,26,0.0,-0.44,559000,11.0,0.0
595897,2020,27,,0.03,,3.0,0.0
595897,2023,30,,-0.06,,3.0,0.0
595897,2024,31,,0.34,800000,12.0,0.0
595897,2025,32,,0.19,,4.0,0.0
595909,2018,25,1.52,,545000,,
595909,2019,26,0.74,,572500,,
595909,2020,27,0.35,,,,
595909,2021,28,-0.83,,,,
595909,2022,29,0.3,,,,
595909,2023,30,-0.25,,950000,,
595909,2024,31,-0.75,,1000000,,
595918,2015,23,-0.05,-0.33,,3.0,1.0
595918,2016,24,-0.14,-0.12,,8.0,8.0
595918,2017,25,0.06,0.97,,11.0,8.0
595918,2018,26,0.18,-0.8400000000000001,555300,32.0,2.0
595918,2019,27,,-0.11,,25.0,0.0
595918,2020,28,,0.95,100000,24.0,0.0
595918,2021,29,0.0,0.37,1000000,6.0,0.0
595928,2017,24,,-0.18,,9.0,0.0
595928,2018,25,,-0.03,,8.0,0.0
595928,2019,26,,0.04,,1.0,0.0
595928,2020,27,,0.76,,17.0,3.0
595928,2021,28,-0.07,0.14,,41.0,2.0
595928,2023,30,,0.04,775000,15.0,0.0
595928,2024,31,,-0.23,,3.0,0.0
595928,2025,32,0.0,0.41,,30.0,0.0
595939,2019,26,,0.04,555000,1.0,0.0
595939,2021,28,0.0,1.2200000000000002,,7.0,6.0
595939,2022,29,,-0.26,100000,2.0,2.0
595943,2017,24,0.2,,,,
595943,2018,25,-0.22,,555000,,
595943,2020,27,0.04,,,,
595943,2021,28,-0.4,0.04,,1.0,0.0
595956,2017,24,0.08,,,,
595956,2018,25,0.01,,,,
595956,2019,26,0.13,,557125,,
595956,2020,27,0.53,,,,
595956,2021,28,0.54,,,,
595956,2022,29,-0.16,,885000,,
595956,2023,30,-1.14,,1250000,,
595963,2016,23,-1.29,,507500,,
595978,2015,22,-0.38,,,,
595978,2016,23,-0.44,,,,
595978,2017,24,0.7,,537100,,
595978,2018,25,1.16,,553100,,
595978,2019,26,-0.76,,2060000,,
595978,2020,27,-0.13,,3000000,,
595978,2021,28,0.06,,3280000,,
595978,2022,29,-0.36,,4000000,,
595978,2023,30,-1.1,0.01,5000000,4.0,0.0
595978,2024,31,-0.61,0.06,4000000,1.0,0.0
595978,2025,32,-0.41,-0.02,4000000,3.0,0.0
595978,2026,33,1.02,-0.06,4000000,2.0,0.0
595981,2019,26,0.14,,,,
595981,2020,27,-0.27,,,,
595981,2021,28,-0.22,,,,
596001,2017,24,-0.04,1.51,,20.0,16.0
596001,2018,25,-0.02,2.09,554250,30.0,30.0
596001,2019,26,-0.03,1.32,578250,31.0,31.0
596001,2020,27,,-0.19,,8.0,6.0
596001,2021,28,-0.02,0.06,1700000,16.0,6.0
596001,2022,29,,1.48,1750000,23.0,17.0
596001,2023,30,0.0,0.74,2800000,40.0,4.0
596001,2024,31,,1.83,4000000,24.0,6.0
596001,2025,32,,0.85,4500000,57.0,0.0
596001,2026,33,,0.92,2750000,35.0,1.0
596012,2018,24,-0.57,,,,
596012,2019,25,-0.4,,,,
596019,2015,21,4.11,,,,
596019,2016,22,5.16,,540300,,
596019,2017,23,5.65,,579300,,
596019,2018,24,7.32,,623200,,
596019,2019,25,4.79,,10850000,,
596019,2020,26,1.3,,17500000,,
596019,2021,27,3.03,,22300000,,
596019,2022,28,5.44,,34100000,,
596019,2023,29,6.1,,34100000,,
596019,2024,30,6.83,,34100000,,
596019,2025,31,5.76,,34100000,,
596019,2026,32,1.01,,34100000,,
596027,2017,25,0.0,-0.21,,6.0,0.0
596027,2018,26,0.0,-0.28,,9.0,0.0
596027,2019,27,0.0,-0.01,,14.0,0.0
596027,2020,28,,-0.11,,2.0,0.0
596027,2021,29,0.0,0.62,,28.0,0.0
596035,2019,26,0.0,-0.04,,14.0,2.0
596035,2020,27,,-0.17,,5.0,0.0
596043,2016,23,-0.08,-0.67,,14.0,14.0
596043,2017,24,0.11,1.41,537500,7.0,7.0
596043,2018,25,0.04,1.06,547500,22.0,17.0
596043,2019,26,-0.02,0.4,,13.0,9.0
596043,2020,27,,0.17,,4.0,1.0
596043,2022,29,,-0.04,,5.0,1.0
596049,2016,23,,-0.22,,2.0,0.0
596049,2021,28,-0.03,-0.37,,4.0,0.0
596056,2020,27,-0.07,,,,
596056,2021,28,-0.34,-0.14,,3.0,0.0
596057,2014,21,,-0.04,,5.0,1.0
596057,2015,22,0.17,0.36,508700,13.0,13.0
596057,2016,23,0.02,1.68,514500,14.0,13.0
596057,2017,24,,0.79,545500,22.0,18.0
596057,2018,25,-0.02,0.11,561400,11.0,8.0
596057,2019,26,-0.02,3.09,1275000,32.0,29.0
596057,2020,27,,0.61,2960000,14.0,1.0
596057,2021,28,-0.02,-0.69,3475000,56.0,0.0
596057,2022,29,0.0,-0.48,1750000,41.0,3.0
596057,2023,30,,-0.33,100000,7.0,0.0
596059,2014,20,0.51,,,,
596059,2015,21,2.1,,513850,,
596059,2016,22,2.83,,522700,,
596059,2017,23,-0.72,,1333334,,
596059,2018,24,2.57,,3333334,,
596059,2019,25,-0.19,,7833333,,
596059,2020,26,-0.46,,9333333,,
596059,2021,27,0.36,,12333333,,
596059,2022,28,-0.3,,,,
596059,2023,29,-0.32,,800000,,
596064,2015,22,-0.03,0.54,,11.0,11.0
596064,2016,23,,-0.42,,5.0,5.0
596071,2017,24,-0.04,-0.01,,6.0,6.0
596071,2018,25,0.05,-0.53,1090000,7.0,5.0
596071,2019,26,,0.12,,17.0,12.0
596071,2020,27,,-0.22,,1.0,1.0
596071,2021,28,0.01,0.56,,6.0,6.0
596071,2022,29,,0.14,,22.0,4.0
596074,2018,25,0.0,0.49,545000,20.0,0.0
596074,2019,26,0.0,-0.15,,13.0,1.0
596082,2021,28,-0.01,0.039999999999999994,,10.0,1.0
596082,2022,29,0.0,-0.5599999999999999,,18.0,0.0
596082,2023,30,,-0.21,,1.0,0.0
596101,2018,25,,0.09,,6.0,0.0
596101,2019,26,0.0,0.33,,34.0,0.0
596101,2020,27,,-0.38,,5.0,0.0
596103,2017,24,0.21,,,,
596103,2018,25,-0.22,,,,
596103,2019,26,0.66,,,,
596103,2020,27,0.94,,,,
596103,2021,28,1.37,0.01,1150000,1.0,0.0
596103,2022,29,1.59,,1850000,,
596103,2023,30,0.75,,3200000,,
596103,2024,31,-0.25,,4000000,,
596103,2025,32,-0.10999999999999999,0.02,1750000,1.0,0.0
596103,2026,33,-0.04000000000000001,,1000000,,
596105,2017,24,0.12,,,,
596105,2018,25,0.08,,,,
596105,2019,26,-0.44,,560100,,
596105,2020,27,-0.53,,,,
596112,2016,23,-0.18,-0.25,,8.0,8.0
596112,2017,24,-0.2,-0.25,535000,25.0,11.0
596112,2018,25,0.02,-0.43,,4.0,3.0
596112,2019,26,-0.02,0.81,565000,57.0,0.0
596112,2020,27,,-0.39,,10.0,0.0
596112,2021,28,0.0,0.85,805000,49.0,0.0
596112,2022,29,,-0.28,1280000,58.0,0.0
596112,2023,30,,1.16,1750000,60.0,0.0
596112,2025,32,,0.24,11000000,12.0,0.0
596115,2016,23,4.13,,507500,,
596115,2017,24,2.79,,540000,,
596115,2018,25,6.26,,555000,,
596115,2019,26,6.91,,5000000,,
596115,2020,27,2.54,,9000000,,
596115,2021,28,4.33,,18500000,,
596115,2022,29,2.52,,20000000,,
596115,2023,30,0.79,,20000000,,
596115,2024,31,0.79,,22500000,,
596115,2025,32,4.08,,22500000,,
596115,2026,33,-0.05,,25000000,,
596117,2019,26,0.05,,,,
596117,2020,27,-0.18,,,,
596117,2021,28,-0.21,,,,
596117,2022,29,1.09,-0.22,,4.0,0.0
596117,2023,30,0.13,,741000,,
596117,2024,31,0.29,-0.22,850000,4.0,0.0
596117,2025,32,-0.04,,850000,,
596117,2026,33,-0.16,0.01,925000,4.0,0.0
596119,2015,23,0.24,,,,
596119,2016,24,0.25,,518500,,
596119,2017,25,0.0,,,,
596119,2018,26,-0.12,,563500,,
596119,2019,27,-0.95,,910000,,
596129,2016,23,-0.3,,,,
596129,2017,24,-0.59,,,,
596129,2018,25,0.17,,,,
596129,2019,26,1.07,,558600,,
596129,2020,27,-0.08000000000000002,,,,
596129,2021,28,-0.1,,1400000,,
596129,2022,29,1.4100000000000001,,800000,,
596129,2023,30,0.23,,1500000,,
596129,2024,31,-0.46,,2000000,,
596133,2016,22,0.2,-0.63,,9.0,8.0
596133,2017,23,0.02,0.78,,13.0,10.0
596133,2018,24,-0.05,-0.65,550800,30.0,25.0
596133,2019,25,-0.03,1.71,581300,12.0,12.0
596133,2020,26,,-0.33,,12.0,12.0
596133,2021,27,0.06,0.95,1950000,13.0,13.0
596133,2022,28,-0.01,-0.61,2875000,26.0,1.0
596133,2023,29,,-0.5599999999999999,2000000,29.0,25.0
596133,2024,30,,1.81,2000000,62.0,0.0
596133,2025,31,,0.76,2500000,64.0,0.0
596133,2026,32,0.0,1.82,9500000,40.0,0.0
596142,2015,22,-0.05,,,,
596142,2016,23,3.01,,,,
596142,2017,24,4.03,,557900,,
596142,2018,25,1.22,,620400,,
596142,2019,26,3.1,,669800,,
596142,2020,27,-0.3,,5000000,,
596142,2021,28,0.71,,6350000,,
596142,2022,29,0.72,,9000000,,
596142,2023,30,2.1399999999999997,,1500000,,
596142,2024,31,0.22,,3000000,,
596142,2025,32,-0.39,-0.13,8500000,1.0,0.0
596142,2026,33,0.51,,1500000,,
596143,2014,21,0.0,,,,
596143,2015,22,-0.15,,,,
596143,2016,23,-0.45,0.04,512000,1.0,0.0
596143,2017,24,-0.38,0.03,,1.0,0.0
596143,2018,25,-0.41,,,,
596144,2015,22,0.29,,,,
596144,2016,23,0.03,,,,
596144,2017,24,-0.63,,552250,,
596144,2018,25,-0.33,,573500,,
596144,2019,26,-0.96,,850000,,
596144,2020,27,-0.03,,100000,,
596146,2015,22,-0.09,,,,
596146,2016,23,2.5,,,,
596146,2017,24,2.0,,547500,,
596146,2018,25,3.53,,587500,,
596146,2019,26,4.02,,6000000,,
596146,2020,27,1.12,,6250000,,
596146,2021,28,1.91,,6500000,,
596146,2022,29,1.78,,6750000,,
596146,2023,30,2.78,,8500000,,
596146,2024,31,0.96,,10000000,,
596146,2025,32,0.06,,10000000,,
596146,2026,33,-0.16,,780000,,
596271,2017,29,-0.02,-0.73,,27.0,2.0
596271,2018,30,0.0,-0.34,,11.0,0.0
596271,2022,34,,-0.5,,6.0,0.0
596271,2023,35,,-0.35,,15.0,0.0
596271,2025,37,,-0.41,,6.0,0.0
596295,2018,24,0.13,0.37,,29.0,11.0
596295,2020,26,,0.73,,14.0,4.0
596295,2021,27,-0.12,0.69,,23.0,23.0
596295,2022,28,,0.16,,33.0,17.0
596295,2023,29,,0.84,1650000,27.0,27.0
596295,2024,30,,2.43,3150000,30.0,30.0
596295,2025,31,,-0.74,6350000,12.0,12.0
596331,2015,26,0.0,-0.15,,4.0,0.0
596331,2016,27,0.0,0.29,,14.0,0.0
596451,2016,23,0.32,,,,
596451,2018,25,0.64,-0.17,545000,1.0,0.0
596451,2019,26,-0.18,-0.12,559000,2.0,0.0
596451,2020,27,0.03,,,,
596451,2021,28,0.23,,,,
596451,2022,29,-0.09,,,,
596720,2017,24,0.0,0.26,,24.0,0.0
596720,2018,25,0.0,-0.85,557500,25.0,0.0
596720,2019,26,0.0,-0.37,,10.0,0.0
596720,2020,27,,-0.55,,17.0,0.0
596748,2014,21,-0.43,,,,
596748,2015,22,1.64,,,,
596748,2016,23,0.59,,517500,,
596748,2017,24,-0.11,,560000,,
596748,2018,25,0.26,,2950000,,
596748,2019,26,-0.27,,5200000,,
596748,2020,27,1.13,,2950000,,
596748,2021,28,-1.44,,800000,,
596748,2022,29,-1.15,,700000,,
596816,2017,27,0.0,-0.08,,4.0,0.0
596816,2018,28,-0.02,-0.48,550000,5.0,0.0
596825,2019,26,0.03,,,,
596825,2021,28,-0.88,-0.13,,1.0,0.0
596847,2016,25,-0.59,,650000,,
596847,2017,26,0.05,,,,
596847,2018,27,1.07,,850000,,
596847,2019,28,2.08,,850000,,
596847,2020,29,0.39,,,,
596847,2021,30,0.97,,2450000,,
596847,2022,31,1.19,,3200000,,
596847,2023,32,-0.41,,4650000,,
597113,2018,28,0.0,0.09,,7.0,0.0
597113,2019,29,0.0,0.17,557000,28.0,0.0
597113,2021,31,,0.09,,4.0,0.0
598264,2014,24,0.0,0.03,,5.0,0.0
598264,2015,25,,-0.29,508500,32.0,2.0
598264,2016,26,0.0,0.28,511000,62.0,0.0
598264,2017,27,0.0,0.64,563500,70.0,0.0
598264,2018,28,0.0,0.97,605000,62.0,0.0
598264,2019,29,-0.01,1.17,1600000,70.0,0.0
598264,2020,30,,0.28,3100000,24.0,0.0
598264,2021,31,0.0,1.1,4500000,60.0,0.0
598264,2022,32,,0.23,8125000,44.0,0.0
598264,2023,33,,-0.01,8375000,24.0,1.0
598264,2024,34,,-0.24,2000000,14.0,0.0
598265,2013,23,-0.17,,490000,,
598265,2014,24,0.74,,502000,,
598265,2015,25,2.2,,528000,,
598265,2016,26,5.65,,546500,,
598265,2017,27,3.35,,3600000,,
598265,2018,28,2.51,,6100000,,
598265,2019,29,2.1,,8550000,,
598265,2020,30,2.0,,11000000,,
598265,2021,31,-0.66,,6500000,,
598265,2022,32,-0.76,-0.01,9500000,1.0,0.0
598265,2023,33,-0.37,,362925,,
598271,2015,24,,-0.13,,1.0,1.0
598271,2017,26,-0.03,0.23,,5.0,5.0
598271,2018,27,0.01,1.15,548000,38.0,13.0
598271,2019,28,-0.03,-0.27,575000,21.0,7.0
598284,2015,24,0.14,,,,
598284,2016,25,-0.67,,,,
598284,2018,27,0.59,,,,
598284,2019,28,-0.72,,,,
598286,2019,29,-0.01,0.99,,46.0,0.0
598286,2020,30,,-0.03,,5.0,0.0
598286,2021,31,-0.03,-0.28,,13.0,0.0
598286,2023,33,,0.85,,32.0,0.0
598286,2024,34,,-0.24,740000,8.0,0.0
598287,2015,25,,-0.52,,17.0,0.0
598287,2016,26,,-0.16,509500,14.0,0.0
598287,2017,27,,0.19,,12.0,0.0
598287,2018,28,0.0,0.33,548500,69.0,1.0
598287,2019,29,0.0,1.09,569000,51.0,7.0
598287,2020,30,,0.68,900000,21.0,0.0
598287,2021,31,0.0,0.81,,38.0,0.0
598287,2022,32,0.0,-0.81,1250000,55.0,0.0
599096,2014,20,0.14,,,,
599096,2015,21,-0.05,,,,
599096,2018,24,-0.2,,,,
599096,2020,26,0.01,,,,
599683,2016,26,,-0.14,,6.0,0.0
599683,2017,27,0.0,0.44,,45.0,0.0
599683,2018,28,-0.01,0.38,550400,31.0,0.0
599998,2014,26,0.0,-0.09,,6.0,0.0
599998,2015,27,0.0,-0.02,,1.0,0.0
599998,2016,28,0.0,-0.24,,18.0,0.0
599998,2017,29,,0.18,,13.0,0.0
600301,2016,26,0.15,0.01,,1.0,0.0
600301,2017,27,-0.77,,537200,,
600301,2018,28,0.030000000000000013,-0.02,,1.0,0.0
600301,2021,31,0.04000000000000001,,,,
600301,2022,32,-0.17,,,,
600301,2023,33,-0.6,,775000,,
600303,2014,25,0.05,,,,
600303,2015,26,0.57,,513000,,
600303,2016,27,0.42,,532000,,
600303,2017,28,0.24,,,,
600303,2018,29,0.09,-0.01,950000,1.0,0.0
600303,2019,30,1.8,,1350000,,
600303,2020,31,0.9,,3250000,,
600303,2021,32,0.26,,2000000,,
600303,2022,33,-0.68,,5250000,,
600303,2023,34,-0.13,,720000,,
600466,2017,23,0.01,,,,
600466,2019,25,-0.23,,,,
600474,2015,21,0.13,,,,
600474,2016,22,0.7,,,,
600474,2017,23,-0.32,,,,
600474,2018,24,-1.21,,,,
600474,2019,25,1.03,,563500,,
600474,2020,26,0.75,,,,
600474,2021,27,1.06,,1825000,,
600474,2022,28,0.04,,1900000,,
600524,2016,22,-0.27,,,,
600524,2017,23,-0.02,,,,
600524,2018,24,1.42,,,,
600524,2019,25,0.41,,562000,,
600524,2020,26,0.59,,,,
600524,2021,27,-0.07,,570500,,
600526,2016,22,0.0,0.2,,4.0,0.0
600526,2017,23,0.05,0.39,535400,62.0,0.0
600858,2019,25,-0.7,0.01,,1.0,0.0
600858,2021,27,-0.1,,,,
600869,2016,22,-0.05,,,,
600869,2017,23,0.19,,,,
600869,2018,24,1.11,,548300,,
600869,2019,25,0.27,,,,
600869,2020,26,2.1,,,,
600869,2021,27,3.56,,2850000,,
600869,2022,28,0.49,,5800000,,
600869,2023,29,3.2600000000000002,,5000000,,
600869,2024,30,-0.69,,13000000,,
600869,2025,31,-0.87,,16000000,,
600869,2026,32,-0.16,,,,
600887,2019,26,,-0.48,,17.0,0.0
600887,2020,27,,-0.64,,5.0,0.0
600887,2021,28,0.0,0.09,,5.0,0.0
600917,2016,22,0.0,0.38,,12.0,0.0
600917,2017,23,0.0,0.77,536000,47.0,0.0
600917,2018,24,0.0,2.54,,59.0,0.0
600917,2019,25,0.0,1.44,1500000,70.0,3.0
600917,2020,26,,-0.01,2750000,2.0,0.0
600917,2022,28,,0.94,5250000,39.0,0.0
600917,2023,29,,1.23,6000000,57.0,0.0
600917,2024,30,0.0,-0.16,6250000,64.0,0.0
600917,2025,31,,0.0,10000000,10.0,0.0
600921,2017,24,,-0.3,,2.0,0.0
600921,2021,28,0.0,0.2,,40.0,0.0
600921,2022,29,,0.13,,51.0,0.0
600921,2023,30,,-0.01,,44.0,0.0
600944,2016,22,,0.0,,3.0,1.0
600944,2017,23,,-0.36,536100,6.0,6.0
600944,2018,24,,0.15,,7.0,0.0
600944,2021,27,0.0,-0.04,100000,1.0,0.0
600965,2017,24,,-0.07,,16.0,0.0
600965,2018,25,,0.1,,4.0,0.0
600968,2017,23,,-0.29,,2.0,0.0
600968,2018,24,0.1,0.0,,44.0,0.0
600968,2019,25,-0.01,0.03999999999999998,564000,19.0,0.0
600968,2020,26,,-0.11,,4.0,0.0
600986,2017,24,,0.03,,1.0,0.0
600986,2018,25,,-0.3,,16.0,0.0
600986,2019,26,0.0,-0.16,,6.0,0.0
600986,2023,30,,0.26,,2.0,0.0
600986,2024,31,,0.05000000000000002,777500,28.0,0.0
601713,2017,24,-0.32,-0.38,,26.0,26.0
601713,2018,25,-0.02,1.82,551000,33.0,32.0
601713,2019,26,-0.11,-0.55,598000,30.0,13.0
601713,2020,27,,0.25999999999999995,,5.0,2.0
601713,2021,28,-0.02,2.51,,31.0,30.0
601713,2022,29,,2.51,2650000,33.0,33.0
601713,2023,30,0.0,2.29,5350000,38.0,16.0
601713,2024,31,,1.46,7500000,27.0,26.0
601713,2025,32,,5.0,1750000,31.0,31.0
601713,2026,33,,0.14,19750000,4.0,4.0
602074,2019,25,-0.83,,,,
602074,2021,27,0.46,,,,
602074,2022,28,1.43,,,,
602074,2023,29,-0.38,,730000,,
602080,2021,28,0.14,,,,
602083,2015,22,0.0,-0.11,,9.0,0.0
602083,2017,24,,-0.1,,2.0,0.0
602083,2018,25,,-0.23,,8.0,0.0
602104,2020,26,0.11,,,,
602104,2021,27,2.0,,,,
602104,2022,28,3.77,,,,
602104,2023,29,1.75,,734700,,
602104,2024,30,1.35,,2100000,,
602104,2025,31,2.1799999999999997,,3150000,,
602104,2026,32,0.07,,1500000,,
602115,2018,24,-0.05,,,,
602922,2016,22,-0.71,,,,
602922,2018,24,0.51,,,,
602922,2019,25,-0.78,0.04,560000,1.0,0.0
602922,2021,27,0.15,,,,
602928,2017,23,,-0.34,,2.0,2.0
605113,2014,24,-0.14,,,,
605113,2015,25,1.01,,508500,,
605113,2016,26,0.25,,521600,,
605113,2017,27,0.58,,566000,,
605113,2018,28,3.76,,1275000,,
605113,2019,29,3.95,,3663000,,
605113,2020,30,1.61,,6375000,,
605113,2021,31,0.75,,7875000,,
605113,2022,32,-0.06,,7875000,,
605113,2023,33,-0.26,,10375000,,
605113,2024,34,-0.37,,850000,,
605113,2025,35,0.05,,,,
605119,2017,24,-0.26,,,,
605119,2018,25,3.14,,545000,,
605119,2019,26,3.24,,585000,,
605119,2020,27,1.84,,,,
605119,2021,28,1.18,,3800000,,
605119,2022,29,0.4,,4475000,,
605119,2023,30,0.47,,3500000,,
605119,2024,31,-0.15,,,,
605121,2018,25,0.0,0.54,,57.0,0.0
605121,2019,26,0.0,-0.25,561500,54.0,0.0
605121,2024,31,,0.51,,56.0,0.0
605125,2013,23,0.19,,,,
605125,2014,24,0.3,,500000,,
605125,2015,25,-0.66,,517500,,
605125,2016,26,-0.8,,530000,,
605125,2017,27,-0.92,,535000,,
605130,2018,25,,0.24,650000,6.0,0.0
605130,2019,26,0.0,0.99,650000,61.0,0.0
605130,2020,27,,0.24,,32.0,0.0
605130,2021,28,0.0,2.78,,71.0,0.0
605130,2022,29,0.0,2.81,2400000,69.0,0.0
605130,2023,30,0.0,-0.09000000000000002,5300000,63.0,0.0
605130,2024,31,,0.18,6700000,63.0,0.0
605130,2025,32,,0.69,2500000,75.0,1.0
605130,2026,33,,-0.54,2000000,36.0,0.0
605131,2015,25,0.08,,,,
605131,2016,26,-0.07,,512500,,
605131,2017,27,2.47,,540000,,
605131,2018,28,0.58,,555000,,
605131,2019,29,0.24,,575000,,
605131,2020,30,0.68,,1100000,,
605131,2021,31,0.33,,1650000,,
605131,2022,32,0.74,,2650000,,
605131,2023,33,-1.04,,3500000,,
605131,2024,34,0.65,,3500000,,
605131,2025,35,-0.27,,3500000,,
605135,2014,25,,0.55,,6.0,5.0
605135,2015,26,-0.03,1.17,,18.0,13.0
605135,2016,27,,-0.17,510000,5.0,5.0
605135,2018,29,,0.58,,11.0,7.0
605135,2019,30,-0.06,2.13,565000,28.0,25.0
605135,2020,31,,2.15,2250000,11.0,11.0
605135,2021,32,-0.02,4.0,4900000,27.0,27.0
605135,2022,33,,3.19,8650000,30.0,30.0
605135,2023,34,,2.62,19000000,33.0,33.0
605135,2024,35,,0.05,22000000,31.0,31.0
605135,2025,36,,2.15,22000000,32.0,31.0
605135,2026,37,,-0.01,18500000,12.0,10.0
605137,2016,23,-0.79,,,,
605137,2017,24,0.89,,549000,,
605137,2018,25,0.66,,572500,,
605137,2019,26,2.62,,587000,,
605137,2020,27,-0.48,,4800000,,
605137,2021,28,3.07,,6350000,,
605137,2022,29,2.88,,10000000,,
605137,2023,30,-0.10000000000000003,,16500000,,
605137,2024,31,-0.30000000000000004,,16500000,,
605137,2025,32,0.41,,6000000,,
605137,2026,33,0.3,,5750000,,
605138,2020,26,,0.14,,8.0,1.0
605138,2021,27,0.0,-0.8,,13.0,2.0
605141,2014,21,2.28,,,,
605141,2015,22,6.01,,514500,,
605141,2016,23,9.79,,566000,,
605141,2017,24,6.49,,950000,,
605141,2018,25,10.74,,10500000,,
605141,2019,26,7.23,,20000000,,
605141,2020,27,3.67,,27000000,,
605141,2021,28,4.06,,22916667,,
605141,2022,29,6.71,,22916666,,
605141,2023,30,8.58,,25416667,,
605141,2024,31,4.64,,30416667,,
605141,2025,32,4.87,,30416666,,
605141,2026,33,1.7,,30416667,,
605143,2018,28,0.0,-0.38,,26.0,0.0
605143,2019,29,0.0,0.05,,17.0,0.0
605143,2020,30,,0.05,,3.0,0.0
605151,2015,22,-0.13,-0.4,,8.0,8.0
605151,2016,23,-0.47,1.26,,26.0,26.0
605151,2017,24,0.02,3.54,544100,63.0,0.0
605151,2018,25,0.0,0.32,581900,76.0,0.0
605151,2019,26,-0.01,0.96,1830000,66.0,1.0
605151,2020,27,,0.51,4100000,16.0,0.0
605151,2021,28,-0.01,0.68,6000000,53.0,0.0
605151,2022,29,,-0.42,3750000,21.0,0.0
605151,2023,30,,-0.24,,4.0,0.0
605152,2016,26,0.0,-0.02,,6.0,0.0
605154,2017,27,-0.01,1.13,,50.0,0.0
605154,2018,28,0.0,0.65,,45.0,0.0
605154,2019,29,0.07,0.69,569300,66.0,0.0
605154,2021,31,-0.01,-0.24,800000,18.0,0.0
605154,2022,32,,1.5,838000,76.0,11.0
605154,2023,33,,0.13,1150000,40.0,10.0
605154,2024,34,0.0,-0.47,4000000,59.0,0.0
605154,2025,35,0.0,-0.76,2250000,22.0,0.0
605154,2026,36,,-0.09,,3.0,0.0
605155,2018,25,0.0,-0.37,545000,11.0,0.0
605155,2019,26,0.0,0.78,557000,58.0,0.0
605155,2020,27,,0.14,,11.0,4.0
605155,2021,28,,-0.18,,1.0,0.0
605155,2023,30,,0.03,,3.0,0.0
605155,2024,31,,-0.55,,16.0,0.0
605156,2014,24,,-0.51,,2.0,1.0
605156,2015,25,-0.03,-0.9400000000000001,,13.0,9.0
605156,2018,28,,0.08,,3.0,0.0
605156,2019,29,-0.05,0.15,560000,29.0,18.0
605156,2022,32,,-0.21,,5.0,0.0
605156,2024,34,,-0.19,,5.0,4.0
605156,2026,36,,-0.53,,1.0,0.0
605164,2016,23,-0.04,1.58,,36.0,14.0
605164,2017,24,,2.62,,28.0,28.0
605164,2018,25,-0.01,-0.09,1640000,31.0,31.0
605164,2019,26,-0.03,2.13,2800000,30.0,30.0
605164,2020,27,,1.67,5000000,11.0,11.0
605164,2021,28,0.03,-0.3,8325000,23.0,19.0
605164,2022,29,,-0.18,4000000,29.0,29.0
605169,2013,22,0.0,-0.67,491700,53.0,0.0
605169,2014,23,0.0,0.12,,17.0,0.0
605169,2015,24,0.05,1.27,,30.0,0.0
605169,2017,26,0.0,-0.12,987500,11.0,0.0
605170,2017,23,0.11,,,,
605170,2018,24,0.15,-0.05,,2.0,0.0
605170,2019,25,1.02,-0.04,569500,2.0,0.0
605170,2020,26,-0.16,,,,
605170,2021,27,-0.03,,1300000,,
605170,2022,28,0.54,-0.1,,1.0,0.0
605170,2023,29,0.68,,2800000,,
605170,2024,30,1.27,,6000000,,
605170,2025,31,0.92,,6000000,,
605170,2026,32,0.24,,7000000,,
605177,2014,24,0.05,0.24,,3.0,3.0
605177,2015,25,-0.04,1.63,507500,66.0,0.0
605177,2016,26,0.0,-0.44,,32.0,0.0
605177,2017,27,0.0,0.97,559300,71.0,0.0
605177,2018,28,0.0,0.82,1195000,77.0,0.0
605177,2019,29,0.0,0.73,1945000,77.0,0.0
605177,2020,30,,-0.14,3045000,15.0,0.0
605177,2021,31,0.0,2.8899999999999997,2250000,71.0,0.0
605177,2022,32,,0.36,6500000,64.0,0.0
605177,2023,33,0.0,-0.22000000000000003,5500000,63.0,0.0
605177,2024,34,,0.47000000000000003,4750000,62.0,0.0
605177,2025,35,,0.76,,42.0,0.0
605182,2016,25,-0.03,0.1,,17.0,10.0
605182,2017,26,-0.03,2.99,,27.0,21.0
605182,2018,27,-0.05,5.41,558500,32.0,32.0
605182,2019,28,-0.03,4.2,592200,21.0,21.0
605182,2020,29,,1.01,4100000,8.0,8.0
605182,2022,31,,0.76,8000000,23.0,22.0
605182,2023,32,,3.19,8000000,24.0,24.0
605182,2024,33,,-0.14,,4.0,4.0
605182,2025,34,,-0.17,1500000,8.0,0.0
605183,2016,26,0.21,,,,
605194,2016,24,,0.98,,5.0,5.0
605194,2017,25,-0.02,-0.75,535000,24.0,24.0
605194,2021,29,0.0,0.32,,23.0,0.0
605194,2022,30,,0.30000000000000004,700000,30.0,0.0
605195,2017,24,0.0,0.45,,30.0,0.0
605195,2018,25,0.0,1.45,,64.0,0.0
605195,2019,26,0.0,-0.18,581500,52.0,0.0
605195,2020,27,,-0.33,,7.0,0.0
605195,2021,28,0.0,0.08,800000,27.0,0.0
605195,2022,29,,0.16,,14.0,0.0
605196,2019,26,0.05,,,,
605196,2020,27,-0.38,,,,
605200,2015,22,-0.03,0.56,,6.0,6.0
605200,2016,23,-0.18,2.06,,28.0,28.0
605200,2017,24,0.38,2.96,546200,33.0,33.0
605200,2018,25,-0.15,-0.24,572000,13.0,13.0
605200,2019,26,-0.11,2.84,2600000,31.0,31.0
605200,2020,27,,1.68,5250000,12.0,12.0
605200,2021,28,0.04,-1.04,8630000,32.0,32.0
605200,2022,29,,0.88,1500000,27.0,27.0
605200,2023,30,,-1.39,5000000,18.0,18.0
605204,2017,24,0.25,0.05,,2.0,0.0
605204,2018,25,-0.79,-0.02,550100,1.0,0.0
605204,2019,26,1.14,,561420,,
605204,2020,27,0.04,,,,
605204,2021,28,0.77,,2100000,,
605204,2022,29,0.74,,2760000,,
605204,2023,30,0.89,,4210000,,
605204,2024,31,-0.36,,,,
605204,2025,32,-0.16,,,,
605218,2015,23,-0.01,-0.04,,5.0,0.0
605218,2016,24,-0.02,0.29,,36.0,0.0
605218,2017,25,-0.02,1.58,556000,73.0,0.0
605218,2018,26,0.0,1.07,594000,58.0,0.0
605218,2019,27,0.0,-0.48,1500000,22.0,0.0
605218,2020,28,,0.17,950000,5.0,0.0
605218,2021,29,0.0,-0.2,100000,7.0,0.0
605218,2022,30,,1.4,,57.0,0.0
605218,2023,31,,0.59,2250000,32.0,0.0
605218,2024,32,,0.0,,1.0,0.0
605218,2025,33,,-0.010000000000000009,,4.0,0.0
605218,2026,34,,0.17,,2.0,0.0
605222,2016,26,0.01,-0.11,,3.0,3.0
605222,2017,27,0.0,0.0,,1.0,0.0
605226,2015,22,0.0,0.19,,11.0,0.0
605226,2016,23,,-0.3,508500,9.0,0.0
605227,2015,25,-0.08,,,,
605227,2016,26,-0.27,,,,
605227,2017,27,-0.22,,,,
605228,2013,20,0.41,6.18,490000,28.0,28.0
605228,2014,21,-0.05,1.05,635000,8.0,8.0
605228,2015,22,0.29,1.43,651000,11.0,11.0
605228,2016,23,0.5,4.4,2800000,29.0,29.0
605232,2014,21,,0.24,,7.0,0.0
605232,2015,22,-0.08,0.67,,20.0,4.0
605232,2016,23,-0.11,2.1,511500,31.0,31.0
605232,2017,24,-0.12,0.16,567000,4.0,4.0
605232,2018,25,-0.09,-0.59,577500,5.0,5.0
605233,2017,23,0.48,,,,
605233,2018,24,0.07,,554400,,
605233,2019,25,0.12,,,,
605233,2020,26,-0.42,,,,
605233,2021,27,0.02,,,,
605240,2017,23,,-0.26,,11.0,0.0
605240,2018,24,0.0,0.15,,59.0,1.0
605240,2019,25,0.0,0.11,569000,68.0,0.0
605240,2020,26,,0.1,,18.0,0.0
605240,2021,27,,-0.27,863000,6.0,0.0
605242,2016,23,-0.03,5.4,,26.0,26.0
605242,2017,24,-0.09,3.99,551900,25.0,25.0
605242,2018,25,-0.11,1.29,575200,24.0,24.0
605242,2020,27,,-0.8,2800000,10.0,10.0
605242,2021,28,0.0,1.93,3100000,52.0,4.0
605242,2022,29,0.0,0.87,4950000,67.0,0.0
605242,2023,30,0.0,0.01,4000000,58.0,1.0
605242,2025,32,,0.009999999999999995,,3.0,0.0
605244,2018,25,0.2,,,,
605244,2019,26,-0.34,,,,
605244,2021,28,-0.41,,,,
605244,2022,29,-0.77,,,,
605244,2024,31,-0.05,,,,
605244,2025,32,-0.09,,,,
605244,2026,33,-0.22,,,,
605253,2014,23,0.02,,,,
605253,2015,24,-0.08,,,,
605253,2016,25,0.15,,,,
605253,2017,26,-0.28,,536500,,
605253,2018,27,0.25,,,,
605253,2019,28,0.14,,650000,,
605253,2020,29,-0.01,,,,
605253,2022,31,-0.06,,,,
605254,2017,24,0.02,-0.67,,18.0,18.0
605254,2018,25,,0.01,547500,5.0,5.0
605255,2018,25,-0.02,-0.31,1090000,21.0,0.0
605260,2018,25,0.0,0.06,,9.0,0.0
605260,2019,26,0.0,0.11,,20.0,0.0
605276,2018,24,0.02,0.49,,21.0,19.0
605276,2019,25,-0.05,-1.17,563500,23.0,14.0
605276,2020,26,,-0.02,,3.0,0.0
605276,2021,27,-0.05,-1.03,,15.0,1.0
605280,2018,25,-0.04,-0.53,,11.0,4.0
605280,2019,26,-0.06,-0.42,,35.0,0.0
605280,2020,27,,0.07,,1.0,0.0
605280,2021,28,-0.01,1.3,,69.0,0.0
605280,2022,29,,1.4,1100000,62.0,0.0
605280,2023,30,,1.77,3300000,66.0,0.0
605280,2024,31,,0.62,6000000,67.0,0.0
605280,2025,32,,2.14,13000000,33.0,31.0
605280,2026,33,,1.95,13000000,9.0,9.0
605288,2015,22,0.0,0.07,,2.0,0.0
605288,2018,25,0.0,0.1,,7.0,0.0
605288,2019,26,-0.1,2.03,,35.0,18.0
605288,2020,27,,-0.53,,12.0,11.0
605288,2021,28,0.02,1.79,,28.0,26.0
605288,2022,29,,-0.72,2425000,22.0,21.0
605288,2023,30,,0.9,3600000,23.0,21.0
605288,2024,31,,-0.93,5050000,23.0,7.0
605288,2025,32,,3.1399999999999997,,21.0,21.0
605288,2026,33,,-0.38,7000000,20.0,14.0
605301,2018,26,0.0,-0.56,,17.0,0.0
605301,2019,27,0.0,0.13,,12.0,0.0
605304,2013,23,,0.21,,5.0,5.0
605304,2014,24,-0.04,-0.37,500000,5.0,5.0
605304,2015,25,,0.68,,6.0,6.0
605304,2016,26,-0.07,-0.79,,6.0,6.0
605309,2015,22,0.0,1.8,,68.0,0.0
605309,2016,23,0.0,-0.4,518000,35.0,0.0
605309,2017,24,0.0,1.25,543210,39.0,0.0
605309,2018,25,0.0,1.48,1200000,54.0,0.0
605309,2019,26,0.0,1.2,3175000,32.0,0.0
605309,2020,27,,0.01,3725000,3.0,0.0
605309,2021,28,0.0,-0.29,1200000,12.0,0.0
605317,2015,25,0.0,-0.34,,4.0,0.0
605323,2015,24,-0.32,,,,
605333,2015,24,0.0,0.26,,17.0,0.0
605333,2017,26,0.0,0.17000000000000004,,7.0,0.0
605335,2020,27,,0.24,,5.0,0.0
605335,2024,31,,-0.16,,2.0,0.0
605335,2026,33,,-0.08,,1.0,0.0
605338,2015,22,,-0.02,,7.0,0.0
605346,2021,28,0.06,,,,
605346,2024,31,-0.01,,,,
605347,2015,22,-0.04,-0.03,,2.0,2.0
605347,2017,24,0.0,0.01,,1.0,0.0
605347,2018,25,0.1,0.0,,17.0,7.0
605347,2019,26,-0.03,-1.14,562250,39.0,18.0
605347,2020,27,,-0.3,,10.0,6.0
605347,2021,28,-0.02,-0.04,,33.0,25.0
605347,2022,29,0.0,1.73,1500000,67.0,0.0
605347,2023,30,,-0.65,3525000,61.0,0.0
605347,2024,31,0.0,0.89,2000000,52.0,0.0
605347,2025,32,,-0.47,3000000,26.0,0.0
605353,2020,26,-0.42,,,,
605353,2021,27,-0.33,,,,
605353,2022,28,-0.52,,,,
605353,2025,31,0.06,,,,
605357,2017,27,0.25,,,,
605357,2018,28,-0.2,,,,
605359,2014,24,0.0,0.86,,57.0,0.0
605359,2015,25,0.0,-0.31,512000,13.0,0.0
605359,2016,26,0.0,-0.71,,15.0,0.0
605359,2017,27,,-0.26,,6.0,0.0
605359,2018,28,0.0,-0.22,,10.0,0.0
605359,2019,29,0.0,1.71,,55.0,0.0
605359,2020,30,,0.59,1000000,23.0,0.0
605359,2021,31,,-0.16,2000000,27.0,0.0
605361,2018,28,1.46,,,,
605361,2019,29,-0.15,0.04,557500,1.0,0.0
605361,2021,31,-0.33,,,,
605361,2023,33,0.21,,,,
605361,2024,34,-0.36,,750000,,
605361,2025,35,-0.22,,,,
605374,2015,25,-0.01,-0.34,,27.0,0.0
605388,2015,25,0.0,0.71,,15.0,15.0
605388,2016,26,-0.12,-0.97,,23.0,21.0
605388,2017,27,0.11,0.64,539000,37.0,0.0
605388,2018,28,0.0,0.54,559000,67.0,0.0
605388,2019,29,0.0,0.31,1100000,40.0,0.0
605388,2020,30,,0.04,1575000,17.0,0.0
605388,2021,31,0.0,-0.21,900000,34.0,0.0
605396,2015,25,0.0,-0.05,,8.0,0.0
605396,2016,26,-0.02,-0.41,,24.0,0.0
605397,2016,23,0.01,0.53,,11.0,10.0
605397,2017,24,-0.06,0.08,543400,38.0,15.0
605397,2018,25,0.11,1.16,571000,19.0,19.0
605397,2019,26,-0.04,1.71,582500,32.0,31.0
605397,2020,27,,0.58,2800000,8.0,8.0
605397,2021,28,-0.15,3.66,,32.0,31.0
605397,2022,29,,3.46,8625000,30.0,30.0
605397,2023,30,,2.21,20000000,17.0,17.0
605397,2024,31,,1.72,20000000,19.0,19.0
605400,2015,22,-0.1,1.61,,13.0,13.0
605400,2016,23,-0.17,-0.03,517500,20.0,20.0
605400,2017,24,-0.17,4.39,544000,27.0,27.0
605400,2018,25,-0.51,9.69,573000,33.0,33.0
605400,2019,26,0.28,3.6,4500000,34.0,34.0
605400,2020,27,0.0,2.17,8500000,12.0,12.0
605400,2021,28,0.34,2.45,12250000,32.0,32.0
605400,2022,29,,5.7,15500000,32.0,32.0
605400,2023,30,,2.25,16000000,32.0,32.0
605400,2024,31,,3.98,24571429,33.0,33.0
605400,2025,32,,-0.34,24571429,17.0,17.0
605400,2026,33,,0.4,24571429,21.0,21.0
605412,2014,23,1.92,,,,
605412,2015,24,3.67,,522500,,
605412,2016,25,1.19,,545000,,
605412,2017,26,1.49,,600000,,
605412,2018,27,-0.22,,3450000,,
605412,2019,28,-0.74,,3800000,,
605412,2020,29,-0.27,,,,
605412,2021,30,-1.56,,1850000,,
605421,2018,25,0.51,,,,
605421,2019,26,0.29,,556700,,
605421,2020,27,-0.24,,,,
605421,2021,28,-0.88,,,,
605421,2022,29,-0.04000000000000001,,,,
605421,2023,30,0.25,,,,
605428,2017,23,,-0.15,,3.0,0.0
605439,2015,22,0.12,,,,
605439,2016,23,0.09,,,,
605439,2018,25,-0.01,,,,
605439,2019,26,-0.32,,557500,,
605441,2017,24,-0.01,0.14,,13.0,0.0
605441,2018,25,-0.01,-0.5,,36.0,0.0
605441,2019,26,0.0,-0.28,,14.0,0.0
605441,2020,27,,-0.13,,3.0,0.0
605441,2021,28,0.0,0.31000000000000005,,23.0,0.0
605441,2023,30,,-0.3,,3.0,0.0
605441,2026,33,,0.06,,1.0,0.0
605446,2018,26,-0.13,2.73,,21.0,19.0
605446,2019,27,-0.01,-1.16,561250,28.0,16.0
605446,2020,28,,-0.3,,2.0,0.0
605446,2022,30,,0.19,,2.0,0.0
605446,2023,31,,-0.29000000000000004,,4.0,0.0
605447,2019,26,0.0,-0.44,,17.0,0.0
605447,2020,27,,1.04,,15.0,0.0
605447,2021,28,0.0,2.38,,62.0,0.0
605447,2022,29,,2.88,,63.0,0.0
605447,2023,30,0.0,2.18,4537500,59.0,0.0
605447,2024,31,,-0.31,7750000,15.0,0.0
605447,2025,32,,-1.66,8500000,49.0,0.0
605447,2026,33,,-0.040000000000000036,2000000,18.0,0.0
605452,2015,22,-0.15,1.25,,16.0,13.0
605452,2016,23,0.38,1.97,514400,19.0,19.0
605452,2017,24,-0.07,0.49,,13.0,13.0
605452,2018,25,-0.09,0.08,567900,3.0,3.0
605452,2019,26,-0.08,-0.06,1000000,27.0,9.0
605452,2021,28,0.48,0.76,1500000,20.0,19.0
605452,2024,31,,0.48,1750000,25.0,10.0
605452,2025,32,,0.05,4000000,37.0,1.0
605452,2026,33,,-0.47,,8.0,0.0
605463,2019,27,0.0,-0.81,,13.0,2.0
605463,2022,30,,-0.34,,8.0,0.0
605463,2023,31,0.0,-0.10999999999999999,,18.0,2.0
605463,2024,32,,1.74,790000,62.0,1.0
605463,2025,33,,-1.01,,24.0,0.0
605469,2019,26,,-0.11,,5.0,3.0
605474,2018,28,0.0,,,,
605474,2019,29,-0.68,,,,
605476,2014,24,,0.42,,9.0,0.0
605476,2015,25,0.0,2.37,,70.0,0.0
605476,2016,26,,0.03,529000,3.0,0.0
605476,2017,27,0.0,0.24,556750,8.0,0.0
605476,2018,28,0.0,0.22,850000,18.0,0.0
605477,2014,24,,-0.02,,10.0,0.0
605477,2015,25,,-0.22,,2.0,0.0
605479,2019,29,0.0,-0.12000000000000001,,14.0,0.0
605479,2020,30,,-0.08,,2.0,0.0
605480,2016,23,1.09,,,,
605480,2017,24,1.27,,539800,,
605480,2018,25,3.53,,,,
605480,2019,26,-0.04,,578400,,
605480,2020,27,-0.48,,2350000,,
605482,2019,26,,-0.09,,8.0,0.0
605482,2020,27,,-0.31,,18.0,0.0
605483,2016,23,0.02,0.84,,19.0,19.0
605483,2017,24,0.01,1.23,545000,24.0,24.0
605483,2018,25,0.08,7.11,558200,31.0,31.0
605483,2019,26,0.0,1.36,1600000,23.0,23.0
605483,2020,27,,1.06,7600000,11.0,11.0
605483,2021,28,-0.09,1.36,11100000,27.0,27.0
605483,2022,29,,2.2,13100000,24.0,24.0
605483,2023,30,,6.54,16600000,32.0,32.0
605483,2024,31,,2.18,32000000,20.0,20.0
605483,2025,32,,1.41,28436867,11.0,11.0
605483,2026,33,,-0.24,27869485,1.0,1.0
605486,2014,23,0.24,,,,
605486,2015,24,2.03,,508500,,
605486,2016,25,0.37,,517700,,
605486,2017,26,0.2,,,,
605486,2018,27,0.74,-0.09,1700000,2.0,0.0
605486,2019,28,0.56,,1200000,,
605486,2022,31,0.0,,,,
605488,2018,25,0.0,0.58,,18.0,2.0
605488,2019,26,0.0,0.06,557000,25.0,0.0
605488,2020,27,,-0.26,,16.0,0.0
605488,2021,28,0.0,0.22,,43.0,0.0
605488,2022,29,,3.76,948000,33.0,25.0
605488,2023,30,,0.81,4000000,3.0,3.0
605488,2024,31,,0.84,5250000,7.0,7.0
605488,2025,32,,2.51,10500000,32.0,30.0
605488,2026,33,,-0.66,10500000,21.0,21.0
605490,2019,26,-1.07,,,,
605490,2020,27,-0.71,,,,
605498,2018,25,-0.21,0.88,,29.0,29.0
605498,2019,26,0.04,-0.32,,21.0,2.0
605498,2020,27,,0.15,,6.0,0.0
605498,2023,30,,-0.54,,13.0,0.0
605501,2018,25,,0.16,,10.0,0.0
605501,2019,26,,-0.45,557250,21.0,1.0
605501,2020,27,,-0.49,,12.0,0.0
605501,2021,28,0.0,0.0,,1.0,0.0
605504,2021,28,-0.02,,,,
605504,2022,29,0.1,,,,
605507,2021,27,-0.01,0.99,,26.0,14.0
605507,2022,28,,-0.37,,29.0,22.0
605507,2025,31,,0.13,,2.0,0.0
605508,2016,23,0.03,,,,
605508,2018,25,-0.84,,,,
605508,2019,26,-0.68,,,,
605509,2015,25,0.82,,,,
605509,2016,26,0.67,,512500,,
605509,2017,27,0.29,,,,
605509,2018,28,-0.14,,560000,,
605512,2015,24,0.48,,,,
605512,2016,25,-1.13,,515000,,
605512,2018,27,-0.29000000000000004,,565000,,
605513,2018,25,-0.03,-0.03,,4.0,3.0
605513,2019,26,-0.11,2.51,556100,30.0,30.0
605513,2020,27,,1.07,,11.0,11.0
605513,2021,28,,1.33,,9.0,9.0
605513,2023,30,,-0.64,2150000,7.0,7.0
605513,2024,31,,1.33,2000000,17.0,7.0
605513,2025,32,,-0.14,,3.0,1.0
605520,2018,25,-0.22,,,,
605520,2019,26,-0.05,,,,
605521,2019,26,,0.26,,6.0,0.0
605521,2021,28,0.0,1.04,,26.0,0.0
605521,2022,29,,-0.84,,39.0,0.0
605525,2016,23,0.0,-0.33,,8.0,0.0
605525,2018,25,0.0,0.61,,13.0,0.0
605525,2019,26,0.0,0.42,557500,27.0,0.0
605525,2020,27,,0.73,,21.0,0.0
605525,2021,28,0.0,0.22,,46.0,0.0
605525,2022,29,0.0,-0.34,835000,29.0,0.0
605528,2017,26,,-0.14,,2.0,0.0
605538,2015,22,-0.02,0.65,,20.0,19.0
605538,2016,23,-0.07,0.47,507500,27.0,26.0
605538,2017,24,-0.04,-0.75,,20.0,1.0
605538,2018,25,-0.11,0.10000000000000003,,18.0,3.0
605538,2019,26,-0.01,-0.42,570000,44.0,8.0
605538,2020,27,,1.03,725000,18.0,4.0
605538,2021,28,-0.01,0.10999999999999999,1150000,48.0,0.0
605538,2022,29,,0.74,2160000,39.0,5.0
605540,2017,24,0.07,0.51,,8.0,8.0
605540,2018,25,0.18,0.3,550100,19.0,4.0
605540,2019,26,0.38,3.14,561400,22.0,22.0
605540,2020,27,,2.05,,13.0,13.0
605540,2021,28,0.02,5.32,3275000,30.0,30.0
605540,2022,29,,3.03,6800000,27.0,27.0
605540,2023,30,,2.34,10800000,11.0,11.0
605540,2025,32,,1.24,5000000,12.0,12.0
605540,2026,33,,1.18,22025000,9.0,9.0
605541,2015,25,0.08,-0.39,,12.0,9.0
605541,2016,26,0.0,-0.51,510500,18.0,12.0
605541,2017,27,0.0,-0.07,,13.0,0.0
605541,2018,28,-0.01,-0.18,553500,48.0,2.0
605541,2019,29,,-0.5700000000000001,567500,19.0,0.0
605541,2021,31,,-0.03,,13.0,0.0
605548,2017,24,1.56,,,,
605548,2018,25,0.08,,551200,,
605548,2019,26,-0.21,,561200,,
605548,2020,27,0.07,,,,
605548,2021,28,1.25,,,,
605548,2022,29,0.14,,,,
605612,2018,24,0.03,,,,
605612,2019,25,-0.89,,,,
605612,2020,26,0.36,,,,
605612,2021,27,-0.18,0.09,,3.0,0.0
605612,2022,28,-0.3,0.02,1275000,4.0,0.0
605612,2023,29,-1.38,-0.02,1300000,2.0,0.0
605795,2017,27,-0.01,-0.34,,8.0,0.0
605894,2015,22,-0.02,-0.73,,7.0,7.0
605894,2016,23,-0.02,-0.16,,27.0,0.0
606019,2022,30,0.45,,,,
606115,2016,21,0.17,,,,
606115,2017,22,2.15,,538100,,
606115,2018,23,0.44,,559600,,
606115,2019,24,-0.88,,565700,,
606115,2020,25,0.28,-0.12,2200000,2.0,0.0
606115,2021,26,-0.13,,2000000,,
606115,2022,27,0.75,0.03,1600000,1.0,0.0
606115,2023,28,1.72,,2300000,,
606115,2024,29,0.52,,2000000,,
606115,2025,30,-1.2000000000000002,,2000000,,
606115,2026,31,0.01,-0.02,,1.0,0.0
606131,2016,23,0.09,-1.2,507500,35.0,20.0
606131,2017,24,0.14,0.27,544300,29.0,29.0
606131,2018,25,0.07,-1.01,566800,12.0,10.0
606131,2019,26,-0.01,0.73,,47.0,1.0
606131,2020,27,,-0.16,950000,10.0,1.0
606131,2022,29,,0.2,,14.0,0.0
606132,2016,22,-0.16,,,,
606132,2017,23,-0.6,,,,
606132,2018,24,-0.02,,,,
606132,2019,25,-0.43,,560000,,
606132,2020,26,0.82,,,,
606132,2021,27,0.92,,1950000,,
606132,2022,28,0.5,,3950000,,
606132,2023,29,-0.12999999999999995,,2000000,,
606149,2017,25,,-0.01,,16.0,0.0
606149,2018,26,-0.01,0.08,,6.0,0.0
606149,2019,27,-0.04,2.19,,66.0,0.0
606149,2020,28,,0.05,,16.0,0.0
606149,2021,29,0.0,1.25,,73.0,0.0
606149,2022,30,,0.77,2410000,57.0,0.0
606149,2023,31,,0.41,4750000,56.0,0.0
606149,2024,32,,-0.33,5750000,21.0,0.0
606157,2018,24,-0.06,,,,
606157,2019,25,1.15,,,,
606157,2020,26,-0.08,,,,
606157,2021,27,-0.26,,,,
606157,2022,28,1.33,,,,
606160,2014,23,-0.04,0.01,,10.0,8.0
606160,2015,24,-0.03,-0.12,511000,5.0,1.0
606160,2016,25,-0.07,-0.51,,9.0,3.0
606160,2017,26,-0.17,-0.02,541400,34.0,18.0
606160,2019,28,0.0,1.2,,22.0,0.0
606160,2020,29,,0.02,785000,17.0,0.0
606160,2021,30,0.0,-1.48,2250000,44.0,0.0
606160,2022,31,,1.21,2725000,71.0,0.0
606160,2023,32,0.0,-0.31,11500000,68.0,0.0
606160,2024,33,,-0.05,11500000,41.0,0.0
606160,2025,34,,-0.15000000000000002,11500000,59.0,0.0
606162,2018,24,-0.02,0.06,,17.0,12.0
606162,2019,25,-0.03,-0.52,,13.0,1.0
606162,2021,27,-0.04,0.06,,1.0,0.0
606167,2016,23,,-0.02,,1.0,0.0
606167,2017,24,,0.9,535000,21.0,21.0
606167,2018,25,-0.01,1.0,,5.0,4.0
606167,2019,26,0.0,-0.47000000000000003,560000,35.0,0.0
606192,2016,23,0.27,,,,
606192,2017,24,0.66,,,,
606192,2018,25,0.5,,,,
606192,2019,26,1.44,,578600,,
606192,2020,27,1.52,,,,
606192,2021,28,3.48,,4320000,,
606192,2022,29,3.04,,10650000,,
606192,2023,30,2.3,,14000000,,
606192,2024,31,4.14,,23500000,,
606192,2025,32,1.45,,17666667,,
606192,2026,33,0.25,,19666666,,
606213,2020,27,-0.04,,,,
606213,2021,28,0.46,-0.01,,1.0,0.0
606213,2022,29,-0.1,,,,
606273,2014,25,-0.05,0.81,,29.0,29.0
606273,2015,26,,1.12,,22.0,20.0
606273,2016,27,0.0,-0.43,558000,3.0,1.0
606273,2017,28,,0.01,582500,1.0,0.0
606273,2018,29,0.05,0.95,,23.0,4.0
606273,2019,30,-0.01,-0.43000000000000005,910000,48.0,0.0
606273,2022,33,,0.06,,7.0,0.0
606291,2016,22,0.0,0.8,,41.0,0.0
606299,2015,21,0.02,,,,
606299,2016,22,0.28,,507500,,
606299,2017,23,-0.63,,540000,,
606299,2018,24,2.16,,570000,,
606299,2019,25,-1.18,0.05,2775000,2.0,0.0
606299,2020,26,-0.1,-0.03,3000000,1.0,0.0
606299,2021,27,0.0,,570500,,
606303,2019,25,0.0,0.01,,2.0,0.0
606303,2020,26,,0.0,,2.0,0.0
606303,2021,27,0.0,0.91,,37.0,1.0
606303,2022,28,0.0,1.03,,41.0,0.0
606303,2023,29,,1.63,730500,69.0,0.0
606303,2024,30,0.0,1.06,1650000,68.0,0.0
606303,2025,31,,-0.59,2995000,30.0,0.0
606303,2026,32,,-0.41,2250000,12.0,0.0
606336,2021,27,-0.13,,,,
606424,2017,24,0.0,-0.27,,68.0,0.0
606424,2018,25,-0.07,-0.09,555000,29.0,7.0
606424,2019,26,-0.01,1.31,,53.0,0.0
606424,2020,27,,0.54,,19.0,0.0
606424,2021,28,-0.02,1.65,950000,58.0,0.0
606424,2022,29,,0.34,1725000,58.0,0.0
606466,2015,21,2.24,,,,
606466,2016,22,0.23,,515400,,
606466,2017,23,1.39,,,,
606466,2018,24,3.92,,1400000,,
606466,2019,25,6.88,,2400000,,
606466,2020,26,1.56,,4400000,,
606466,2021,27,1.89,,6400000,,
606466,2022,28,1.44,,8400000,,
606466,2023,29,4.88,,11600000,,
606466,2024,30,6.75,,13600000,,
606466,2025,31,4.39,,14000000,,
606466,2026,32,1.63,,15000000,,
606478,2018,24,,-0.51,545000,20.0,0.0
606478,2019,25,,-0.08,557000,1.0,0.0
606625,2017,24,0.0,0.15,,7.0,0.0
606625,2018,25,-0.01,1.73,545500,69.0,0.0
606625,2019,26,0.0,1.45,567500,56.0,0.0
606625,2021,28,0.0,0.11,695000,4.0,0.0
606625,2022,29,0.0,-0.039999999999999994,,39.0,0.0
606625,2023,30,,-0.02,,2.0,0.0
606930,2016,26,0.0,0.53,,27.0,0.0
606930,2017,27,0.05,0.47,537700,73.0,0.0
606930,2018,28,0.0,-0.19,558900,49.0,0.0
606930,2019,29,0.0,-0.73,567600,33.0,1.0
606930,2020,30,,-0.04,,18.0,0.0
606930,2021,31,0.0,-0.41,750000,29.0,0.0
606930,2022,32,,-0.22000000000000003,700000,23.0,0.0
606930,2023,33,,-0.23,,13.0,0.0
606930,2024,34,,0.08,,63.0,0.0
606930,2025,35,,-0.39,1400000,6.0,0.0
606944,2018,25,,-0.46,,15.0,0.0
606944,2020,27,,-0.45,,3.0,0.0
606956,2019,31,-0.18,,,,
606959,2017,24,0.08,-0.89,535000,7.0,6.0
606959,2019,26,-0.01,-0.06,,5.0,1.0
606965,2016,25,0.0,2.77,,48.0,5.0
606965,2017,26,-0.01,1.88,554500,62.0,0.0
606965,2018,27,0.0,0.07,599200,50.0,1.0
606965,2019,28,0.0,-0.11,1525000,61.0,1.0
606965,2020,29,,-0.36,2000000,4.0,0.0
606965,2021,30,0.0,-0.33,1000000,8.0,0.0
606965,2022,31,,-0.48,,13.0,0.0
606965,2023,32,,0.26999999999999996,720000,38.0,0.0
606965,2024,33,,-0.8,1000000,19.0,0.0
606965,2025,34,,0.39,,13.0,1.0
606965,2026,35,,-0.05,,3.0,0.0
606983,2016,23,0.0,-0.11,,19.0,0.0
606983,2017,24,0.0,-0.09,538300,23.0,0.0
606983,2018,25,0.0,0.36,551700,21.0,0.0
606988,2018,25,0.0,,,,
606988,2019,26,-0.63,,558600,,
606988,2020,27,-0.25,,,,
606988,2021,28,-0.03,,,,
606988,2022,29,0.02,,100000,,
606992,2018,25,-0.3,,,,
606992,2019,26,-0.19,,,,
606992,2020,27,-0.05,,,,
606992,2021,28,1.9,,,,
606992,2022,29,1.91,,,,
606992,2023,30,-0.8300000000000001,,740100,,
606992,2024,31,0.45,,,,
606992,2025,32,0.14,,1350000,,
606992,2026,33,-0.14,,,,
606993,2021,28,-0.06000000000000001,,,,
606993,2022,29,-0.08,-0.03,,3.0,0.0
606995,2018,27,-0.03,0.34,,10.0,0.0
606996,2020,27,,-0.86,,4.0,3.0
606996,2025,32,,-0.43,1000000,20.0,6.0
606996,2026,33,,-0.37,500000,27.0,2.0
607030,2018,25,0.0,-0.08,,1.0,0.0
607043,2016,23,0.24,,,,
607043,2017,24,1.12,,536240,,
607043,2018,25,4.59,,555968,,
607043,2019,26,0.97,,598285,,
607043,2020,27,1.66,,2175000,,
607043,2021,28,3.48,,4700000,,
607043,2022,29,4.98,,7000000,,
607043,2023,30,3.99,,18500000,,
607043,2024,31,2.18,,20500000,,
607043,2025,32,2.77,,20500000,,
607043,2026,33,2.12,,20500000,,
607054,2014,24,-0.48,,,,
607054,2015,25,1.14,,507500,,
607054,2016,26,0.84,,520500,,
607054,2017,27,-0.74,,555000,,
607054,2018,28,-0.14,-0.12,,1.0,0.0
607054,2019,29,0.06,,,,
607054,2020,30,0.14,,100000,,
607054,2021,31,0.51,-0.05,570500,2.0,0.0
607054,2022,32,2.24,0.03,1825000,1.0,0.0
607054,2023,33,-0.53,-0.03,4500000,2.0,0.0
607054,2024,34,-0.62,,5000000,,
607067,2015,24,0.12,0.0,,6.0,6.0
607067,2016,25,-0.08,-0.23,510200,20.0,19.0
607067,2020,29,,-0.16,,9.0,2.0
607067,2021,30,-0.02,-0.1,,1.0,0.0
607067,2023,32,,0.62,,26.0,22.0
607067,2024,33,,1.11,3500000,32.0,27.0
607067,2025,34,-0.01,0.65,4250000,32.0,27.0
607067,2026,35,,-0.3,750000,21.0,17.0
607068,2015,25,0.0,0.0,,2.0,0.0
607074,2015,22,-0.04,1.58,,26.0,23.0
607074,2016,23,-0.04,1.74,518000,28.0,28.0
607074,2017,24,0.14,1.15,600000,12.0,12.0
607074,2018,25,,1.99,2300000,20.0,20.0
607074,2019,26,,0.04,4200000,7.0,7.0
607074,2020,27,,-0.35,4450000,4.0,2.0
607074,2021,28,-0.03,5.11,3000000,24.0,24.0
607074,2022,29,,5.19,21500000,31.0,31.0
607074,2023,30,,-0.83,22833333,14.0,14.0
607074,2024,31,,1.89,27833334,32.0,32.0
607074,2025,32,,4.74,27833333,33.0,33.0
607074,2026,33,,0.75,27833333,9.0,9.0
607087,2014,24,,-0.3,,4.0,0.0
607111,2021,30,-0.06999999999999999,,,,
607162,2013,23,0.0,-0.08,,3.0,0.0
607162,2017,27,,-0.35,,2.0,1.0
607179,2020,27,,0.16,,9.0,0.0
607179,2021,28,0.0,-0.44999999999999996,,7.0,0.0
607179,2022,29,,-0.01,,32.0,0.0
607179,2023,30,,0.67,,51.0,0.0
607179,2024,31,,-1.03,773500,41.0,0.0
607179,2025,32,,-0.24,,4.0,0.0
607188,2017,23,,1.55,,16.0,14.0
607188,2018,24,,-0.29,,17.0,12.0
607188,2019,25,0.0,-0.3400000000000001,,16.0,0.0
607188,2021,27,0.08,-0.03,,23.0,3.0
607188,2023,29,,-0.13,,1.0,0.0
607192,2016,22,-0.02,0.09,,7.0,4.0
607192,2017,23,0.35,-1.91,541000,15.0,13.0
607192,2018,24,-0.04,0.69,556500,45.0,11.0
607192,2019,25,-0.02,2.51,566700,12.0,12.0
607192,2020,26,,0.75,2050000,11.0,11.0
607192,2021,27,-0.02,2.39,4000000,14.0,14.0
607192,2022,28,,0.36,5100000,2.0,2.0
607192,2023,29,,2.08,5350000,21.0,21.0
607192,2024,30,,2.15,17500000,22.0,22.0
607192,2025,31,,1.91,32500000,18.0,18.0
607192,2026,32,,1.28,32500000,7.0,7.0
607200,2017,24,-0.05,-0.45,,3.0,3.0
607200,2018,25,-0.08,0.13,,11.0,11.0
607200,2019,26,-0.07,0.84,,21.0,12.0
607200,2020,27,,1.52,,11.0,8.0
607200,2021,28,-0.39,-1.05,,29.0,27.0
607200,2022,29,,-0.61,2150000,27.0,27.0
607200,2024,31,,5.56,7500000,31.0,31.0
607200,2025,32,,-0.66,,32.0,24.0
607200,2026,33,,1.06,,21.0,11.0
607208,2015,22,0.29,,,,
607208,2016,23,3.31,,,,
607208,2017,24,2.92,,554900,,
607208,2018,25,4.87,,577200,,
607208,2019,26,4.0,,3725000,,
607208,2020,27,2.83,,7450000,,
607208,2021,28,6.5,,13000000,,
607208,2022,29,5.22,,21000000,,
607208,2023,30,3.5,,27272727,,
607208,2024,31,2.82,,27272727,,
607208,2025,32,5.42,,27272727,,
607208,2026,33,-0.03,,27272727,,
607215,2017,24,0.0,-0.57,,7.0,5.0
607215,2018,25,-0.04,0.34,,14.0,13.0
607215,2019,26,0.0,-0.44,568175,6.0,4.0
607216,2018,25,0.0,0.11,,2.0,0.0
607216,2021,28,,0.09,100000,6.0,0.0
607216,2022,29,0.0,0.18,,56.0,0.0
607216,2023,30,,0.17,,6.0,0.0
607219,2017,23,-0.21,0.36,,16.0,16.0
607219,2018,24,-0.29,-0.2,545000,39.0,25.0
607219,2019,25,-0.03,-0.34,,12.0,0.0
607219,2020,26,,0.12,,2.0,0.0
607219,2021,27,-0.03,-0.5599999999999999,,19.0,0.0
607223,2016,23,-0.69,,,,
607223,2017,24,-0.17,,,,
607223,2018,25,-0.08,,,,
607223,2019,26,-0.55,0.04,,1.0,0.0
607229,2016,22,-0.16,1.36,,8.0,7.0
607229,2017,23,0.23,-0.85,541750,25.0,22.0
607229,2018,24,0.03,-0.4,562375,68.0,0.0
607229,2019,25,0.05,-0.14,582500,52.0,0.0
607229,2020,26,,-0.52,1225000,6.0,4.0
607229,2021,27,-0.01,0.07,1300000,17.0,1.0
607229,2022,28,,-0.03,100000,8.0,0.0
607231,2016,23,-0.13,-0.22,507500,20.0,7.0
607231,2017,24,-0.04,0.06,536600,7.0,2.0
607231,2018,25,-0.1,1.15,,26.0,19.0
607231,2019,26,-0.04,0.59,571300,64.0,0.0
607231,2020,27,,0.18,1300000,17.0,0.0
607231,2021,28,-0.2,0.6199999999999999,2100000,39.0,21.0
607237,2017,25,-0.28,-1.64,,16.0,14.0
607237,2018,26,-0.02,0.55,547500,66.0,0.0
607237,2019,27,0.0,1.39,567500,69.0,0.0
607237,2020,28,,0.54,,21.0,0.0
607237,2021,29,0.0,-0.33,1500000,63.0,0.0
607237,2022,30,,0.0,2025000,60.0,0.0
607237,2023,31,,0.34,2650000,27.0,0.0
607237,2024,32,,0.01,,6.0,0.0
607249,2022,33,-0.04,,,,
607257,2014,26,-0.07,,,,
607257,2016,28,-0.17,,,,
607257,2017,29,0.32,,,,
607257,2018,30,0.14,,580000,,
607259,2014,23,-0.07,0.54,,29.0,24.0
607259,2015,24,0.08,1.15,515000,24.0,21.0
607259,2016,25,-0.03,0.05,519190,12.0,5.0
607259,2017,26,0.03,0.27,,23.0,18.0
607259,2022,31,,1.23,6000000,47.0,10.0
607259,2023,32,,1.65,10000000,63.0,9.0
607259,2024,33,,3.98,14000000,42.0,16.0
607259,2025,34,,2.19,21050000,40.0,26.0
607259,2026,35,,3.5,9000000,20.0,20.0
607297,2017,27,-0.08,,,,
607309,2014,25,0.0,0.41,,17.0,0.0
607309,2015,26,,-0.42,509500,11.0,2.0
607309,2016,27,-0.03,-0.31,509500,12.0,2.0
607320,2016,24,,0.37,,4.0,1.0
607320,2017,25,,0.7,,5.0,4.0
607333,2018,28,0.03,,,,
607333,2019,29,0.010000000000000002,,,,
607333,2020,30,-0.24,,,,
607345,2016,28,-0.12,,,,
607345,2017,29,-0.22,,,,
607345,2018,30,0.47,,,,
607345,2019,31,0.41,,572500,,
607345,2020,32,0.34,,,,
607345,2021,33,-0.84,,,,
607352,2016,26,0.0,0.86,507500,60.0,0.0
607352,2017,27,-0.02,-0.35,543000,44.0,18.0
607352,2018,28,0.0,-0.5,,50.0,4.0
607352,2019,29,0.0,0.21999999999999997,900000,63.0,0.0
607352,2020,30,,-0.44,1000000,4.0,0.0
607352,2021,31,0.0,0.19,100000,1.0,0.0
607359,2014,26,,0.41,,9.0,0.0
607359,2015,27,0.0,-1.0,,27.0,0.0
607359,2016,28,-0.03,-0.45,,16.0,0.0
607359,2021,33,0.0,0.37,570500,42.0,0.0
607359,2022,34,,0.05,,7.0,0.0
607359,2023,35,,0.03,,12.0,0.0
607369,2017,28,-0.57,,,,
607374,2014,23,0.03,-0.07,,4.0,4.0
607374,2015,24,,0.19,,8.0,7.0
607374,2016,25,-0.03,1.23,,13.0,13.0
607374,2018,27,,0.34,,14.0,14.0
607374,2019,28,,-0.44,1075000,3.0,1.0
607374,2020,29,,0.51,,7.0,0.0
607374,2021,30,-0.01,0.09,100000,5.0,0.0
607385,2014,24,0.09,,,,
607385,2015,25,-0.19,,,,
607385,2016,26,-0.38,,510500,,
607385,2017,27,0.0,,544700,,
607387,2014,24,0.23,,,,
607387,2015,25,-0.24,,508500,,
607387,2016,26,0.42,,510120,,
607387,2017,27,-0.24,,544740,,
607387,2018,28,-1.0,0.04,870000,1.0,0.0
607391,2019,29,-0.04,-0.03,,9.0,0.0
607391,2020,30,,0.49,,9.0,6.0
607391,2021,31,,-0.02,,14.0,0.0
607391,2022,32,,-0.54,,2.0,0.0
607405,2015,26,0.0,-0.13,,1.0,0.0
607430,2018,28,-0.10999999999999999,,,,
607430,2021,31,0.01,,,,
607455,2017,23,-0.08,-0.02,,8.0,4.0
607455,2018,24,,0.13,,3.0,1.0
607455,2019,25,,-0.04,556800,3.0,0.0
607455,2020,26,,-0.44,,4.0,0.0
607455,2021,27,-0.01,0.15999999999999998,,30.0,0.0
607455,2022,28,,-0.48,,32.0,1.0
607455,2023,29,,0.0,850000,10.0,0.0
607455,2024,30,,0.65,,48.0,2.0
607455,2025,31,0.0,0.89,1000000,71.0,1.0
607455,2026,32,,0.04,1625000,39.0,0.0
607457,2015,25,0.0,0.37,,25.0,0.0
607457,2016,26,-0.01,1.49,,75.0,0.0
607457,2017,27,-0.01,0.82,536500,66.0,0.0
607457,2018,28,0.0,0.06,1113000,61.0,0.0
607457,2019,29,0.0,-0.5900000000000001,1725000,43.0,0.0
607457,2021,31,0.0,-0.08,,10.0,0.0
607457,2022,32,,0.17,,8.0,0.0
607457,2023,33,,-0.5,,3.0,0.0
607461,2019,26,0.19,,,,
607461,2020,27,-0.42,,,,
607461,2021,28,0.04,,,,
607461,2022,29,-0.79,,,,
607461,2023,30,-0.17,-0.1,1250000,1.0,0.0
607468,2018,25,-0.18,0.04,,1.0,0.0
607468,2019,26,0.17,,557500,,
607468,2021,28,-0.18,-0.1,,4.0,0.0
607471,2017,24,0.07,,,,
607471,2018,25,-0.08,,,,
607473,2017,27,-0.01,0.27,,28.0,0.0
607473,2018,28,,0.59,,46.0,0.0
607473,2019,29,0.0,0.07,562300,12.0,0.0
607481,2017,23,0.0,0.18,,30.0,0.0
607481,2018,24,0.0,-0.1,549000,37.0,0.0
607481,2019,25,0.0,2.74,,58.0,0.0
607481,2020,26,,0.35,1000000,9.0,0.0
607481,2021,27,0.0,0.53,2000000,62.0,0.0
607481,2022,28,0.0,0.6,2500000,32.0,0.0
607481,2023,29,0.0,-0.99,3750000,61.0,0.0
607481,2024,30,,0.56,5500000,56.0,0.0
607481,2025,31,,0.1,3500000,42.0,2.0
607481,2026,32,,-0.76,9500000,19.0,0.0
607536,2017,24,0.06,3.39,,33.0,28.0
607536,2018,25,-0.21,7.83,550000,33.0,33.0
607536,2019,26,-0.06,-1.08,565000,22.0,22.0
607536,2020,27,,1.88,2875000,13.0,13.0
607536,2021,28,0.19,2.01,5020000,23.0,23.0
607536,2022,29,,2.34,7000000,31.0,31.0
607536,2023,30,,1.4,10500000,29.0,29.0
607536,2024,31,0.02,0.14,15000000,21.0,21.0
607536,2025,32,,1.35,16000000,31.0,31.0
607536,2026,33,,-0.99,16000000,19.0,19.0
607555,2019,26,0.0,0.17,,17.0,0.0
607555,2020,27,,0.25,,8.0,0.0
607560,2019,30,0.0,0.68,555000,61.0,0.0
607560,2020,31,,-0.28,,23.0,0.0
607560,2021,32,-0.02,0.32,,34.0,0.0
607572,2018,25,0.0,0.09,,4.0,0.0
607572,2019,26,-0.02,-0.31,,20.0,0.0
607572,2020,27,,0.13,,22.0,0.0
607572,2021,28,0.0,-0.35,,54.0,1.0
607572,2022,29,,-0.06,,3.0,0.0
607609,2022,29,,-0.17,,1.0,0.0
607625,2016,26,0.04,1.68,,17.0,8.0
607625,2017,27,0.1,0.75,543500,19.0,18.0
607625,2018,28,-0.02,2.08,564000,54.0,5.0
607625,2019,29,0.06,2.1,591875,61.0,0.0
607625,2020,30,,0.35,2000000,16.0,7.0
607625,2021,31,0.09,0.69,2900000,46.0,0.0
607625,2022,32,0.0,0.76,2925000,62.0,0.0
607625,2023,33,,2.06,7500000,26.0,26.0
607625,2024,34,,5.04,15000000,33.0,33.0
607625,2025,35,,1.58,15000000,26.0,26.0
607625,2026,36,,0.57,21500000,21.0,21.0
607644,2018,25,,-0.16,,1.0,0.0
607644,2019,26,0.14,4.38,555500,31.0,27.0
607644,2020,27,,0.94,,10.0,10.0
607644,2021,28,0.07,3.58,,26.0,26.0
607644,2022,29,,0.15,2950000,2.0,2.0
607644,2023,30,,0.65,2975000,4.0,4.0
607644,2024,31,,0.77,3325000,4.0,4.0
607680,2013,24,0.06,,,,
607680,2014,25,0.61,,,,
607680,2015,26,5.05,,512000,,
607680,2016,27,3.52,,521100,,
607680,2017,28,2.81,,555000,,
607680,2018,29,2.32,,3250000,,
607680,2019,30,0.28,,5800000,,
607680,2020,31,0.8799999999999999,,4250000,,
607680,2021,32,0.44,0.01,3600000,1.0,0.0
607680,2022,33,-0.16,,100000,,
607680,2023,34,-0.04,,3000000,,
607680,2024,35,0.32999999999999996,,1000000,,
607680,2025,36,-0.05,,1000000,,
607706,2013,23,0.0,-0.44,,15.0,1.0
607706,2014,24,,-0.51,,7.0,0.0
607706,2016,26,,-0.28,,1.0,0.0
607727,2016,26,0.0,0.03,,4.0,0.0
607732,2016,26,0.15,,,,
607732,2017,27,0.24,,,,
607732,2018,28,0.01,,,,
607732,2019,29,1.39,0.04,564000,1.0,0.0
607732,2020,30,1.02,,,,
607732,2021,31,2.96,,1300000,,
607732,2022,32,-0.77,,2450000,,
607732,2023,33,-0.77,0.09,3350000,7.0,0.0
607732,2024,34,1.67,,1500000,,
607732,2025,35,-1.3399999999999999,0.03,2000000,1.0,0.0
607752,2017,23,-0.55,,,,
607752,2018,24,0.1,,,,
607752,2019,25,-0.75,,558500,,
607755,2018,24,,-0.08,,9.0,0.0
607755,2019,25,0.0,0.0,,1.0,0.0
607755,2021,27,0.0,0.09,,2.0,0.0
607755,2022,28,,-0.04999999999999999,,10.0,0.0
607755,2023,29,,0.65,723500,42.0,0.0
607776,2015,24,-0.19,,,,
607776,2016,25,0.47,,,,
607776,2017,26,-0.11,,539000,,
607776,2018,27,0.4,,,,
607776,2019,28,-0.41000000000000003,,567500,,
607951,2017,23,,0.07,,6.0,0.0
607968,2014,25,0.0,-0.01,,3.0,0.0
607968,2015,26,0.0,-0.22,,4.0,1.0
607968,2017,28,,-0.12,,2.0,0.0
607968,2018,29,-0.04,-0.39,,32.0,0.0
607968,2023,34,,-0.75,3000000,4.0,4.0
608032,2016,23,0.0,0.16,,63.0,0.0
608032,2017,24,0.0,0.02,537000,35.0,0.0
608032,2019,26,0.0,1.26,,71.0,0.0
608032,2020,27,,-0.79,1080000,26.0,0.0
608032,2021,28,0.0,0.35,1450000,64.0,0.0
608032,2022,29,0.0,1.07,3025000,62.0,0.0
608032,2023,30,,0.63,6750000,63.0,0.0
608032,2024,31,,2.15,6750000,54.0,0.0
608032,2025,32,0.0,2.04,10000000,67.0,0.0
608032,2026,33,0.0,-0.49,10000000,1.0,0.0
608061,2016,27,0.91,,,,
608061,2017,28,0.75,,539958,,
608070,2013,20,0.07,,,,
608070,2014,21,1.52,,,,
608070,2015,22,1.15,,511300,,
608070,2016,23,4.77,,518200,,
608070,2017,24,6.92,,971400,,
608070,2018,25,7.63,,2828600,,
608070,2019,26,3.02,,4150000,,
608070,2020,27,2.5,,6650000,,
608070,2021,28,6.65,,9400000,,
608070,2022,29,5.9,,22000000,,
608070,2023,30,4.88,,14000000,,
608070,2024,31,6.82,,17000000,,
608070,2025,32,5.86,,19000000,,
608070,2026,33,2.18,,18356711,,
608167,2015,24,,-0.17,,6.0,0.0
608167,2016,25,,0.05,,1.0,0.0
608324,2016,22,2.09,,,,
608324,2017,23,4.27,,539400,,
608324,2018,24,7.55,,599000,,
608324,2019,25,8.94,,640500,,
608324,2020,26,1.01,,13000000,,
608324,2021,27,2.25,,13000000,,
608324,2022,28,4.49,,13000000,,
608324,2023,29,4.87,,30500000,,
608324,2024,30,3.98,,30500000,,
608324,2025,31,3.66,,36666667,,
608324,2026,32,2.35,,26287079,,
608325,2016,22,0.15,,,,
608325,2017,23,-0.62,,,,
608328,2017,23,,-0.36,,7.0,4.0
608328,2018,24,,0.14,,4.0,4.0
608328,2019,25,0.0,-0.12,,1.0,0.0
608328,2020,26,,-0.58,,3.0,2.0
608328,2021,27,-0.04,-0.04,,9.0,9.0
608328,2022,28,,1.51,,42.0,0.0
608328,2023,29,,-0.63,820000,6.0,0.0
608331,2017,23,0.02,0.16,,9.0,4.0
608331,2018,24,-0.01,0.71,,14.0,5.0
608331,2019,25,0.31,3.01,565000,33.0,30.0
608331,2020,26,,2.89,,11.0,11.0
608331,2021,27,0.68,4.17,3500000,28.0,28.0
608331,2022,28,,6.0,6850000,30.0,30.0
608331,2023,29,,2.51,13500000,14.0,14.0
608331,2024,30,,3.48,15000000,29.0,29.0
608331,2025,31,,4.59,14500000,32.0,32.0
608331,2026,32,,1.89,14500000,12.0,12.0
608334,2016,22,0.0,-0.32,,8.0,0.0
608334,2017,23,,0.46,,7.0,5.0
608334,2018,24,0.0,-0.97,552000,9.0,8.0
608334,2019,25,-0.01,-0.47,,20.0,2.0
608334,2020,26,,0.24000000000000002,,10.0,0.0
608334,2021,27,-0.03,-0.17,,20.0,0.0
608334,2023,29,,0.33,,3.0,1.0
608334,2024,30,,0.76,,37.0,8.0
608334,2025,31,,-0.06,,13.0,0.0
608335,2020,26,,-0.27,,13.0,0.0
608335,2021,27,0.0,0.98,,57.0,2.0
608336,2015,21,0.3,,,,
608336,2016,22,-0.43,,,,
608336,2017,23,3.09,,537120,,
608336,2018,24,2.26,,560000,,
608336,2019,25,3.07,,605500,,
608336,2020,26,1.59,,4400000,,
608336,2021,27,4.54,,6200000,,
608336,2022,28,0.37,,10275000,,
608336,2023,29,0.49,,11000000,,
608336,2024,30,0.24,,2500000,,
608337,2016,21,0.05,-0.47,,6.0,4.0
608337,2017,22,,1.49,,7.0,7.0
608337,2018,23,-0.07,-1.27,555000,32.0,32.0
608337,2019,24,0.03,5.44,573000,29.0,29.0
608337,2020,25,,0.83,,12.0,12.0
608337,2021,26,0.03,4.27,4150000,31.0,31.0
608337,2022,27,,0.46,7450000,30.0,30.0
608337,2023,28,,1.58,10400000,33.0,33.0
608337,2025,30,,1.88,19000000,26.0,26.0
608337,2026,31,,-0.18,2564516,7.0,5.0
608339,2019,25,0.0,,,,
608344,2019,25,0.08,-0.32,,16.0,3.0
608344,2020,26,,-0.25,,3.0,0.0
608344,2021,27,0.13,1.41,,32.0,32.0
608344,2022,28,,1.95,,30.0,30.0
608344,2023,29,,0.09,737600,24.0,12.0
608344,2024,30,,-0.64,2000000,29.0,16.0
608348,2016,21,-0.01,,,,
608348,2017,22,-0.43,,,,
608348,2018,23,-0.42,,,,
608348,2019,24,1.54,,560000,,
608348,2020,25,-0.14,0.03,,1.0,0.0
608348,2021,26,2.14,,1700000,,
608348,2022,27,0.85,-0.07,3325000,4.0,0.0
608348,2023,28,0.09000000000000001,-0.07,4275000,3.0,0.0
608348,2024,29,0.51,,3500000,,
608348,2025,30,3.53,,5000000,,
608348,2026,31,1.27,-0.06,5000000,1.0,0.0
608349,2014,22,0.0,-0.15,,8.0,0.0
608349,2015,23,0.0,0.76,,48.0,0.0
608349,2016,24,0.0,-0.24,513000,35.0,0.0
608349,2017,25,0.0,3.74,538900,76.0,0.0
608349,2018,26,0.0,0.33,3650000,57.0,0.0
608349,2020,28,,-0.12,5125000,15.0,0.0
608349,2021,29,-0.02,0.75,5250000,27.0,4.0
608349,2022,30,,0.49,10000000,46.0,0.0
608360,2022,27,-0.21,,,,
608360,2023,28,-0.04,,,,
608365,2015,21,2.76,,,,
608365,2016,22,3.87,,527000,,
608365,2017,23,2.14,,644000,,
608365,2018,24,2.3,,3200000,,
608365,2019,25,0.67,,3400000,,
608369,2015,21,1.67,,,,
608369,2016,22,5.25,,510000,,
608369,2017,23,5.17,,575000,,
608369,2018,24,0.51,,605000,,
608369,2019,25,2.89,,4000000,,
608369,2020,26,1.96,,7600000,,
608369,2021,27,3.44,,13750000,,
608369,2022,28,3.79,,33000000,,
608369,2023,29,7.18,,35500000,,
608369,2024,30,5.22,,35000000,,
608369,2025,31,6.1,,32500000,,
608369,2026,32,0.94,,31500000,,
608371,2017,23,-0.12,0.07,,14.0,10.0
608371,2018,24,0.0,-0.39,,9.0,0.0
608371,2019,25,-0.04,0.47,,24.0,4.0
608371,2020,26,,0.54,,20.0,0.0
608371,2021,27,-0.03,0.65,,47.0,0.0
608371,2022,28,,-0.32,1200000,6.0,0.0
608371,2023,29,0.0,1.84,1267500,67.0,0.0
608371,2024,30,0.0,0.49999999999999994,2850000,58.0,0.0
608371,2025,31,,-0.94,3000000,18.0,0.0
608371,2026,32,,-0.12,,9.0,0.0
608372,2025,35,,1.13,13000000,30.0,30.0
608372,2026,36,,1.48,5100000,18.0,18.0
608379,2013,21,-0.08,1.86,,15.0,9.0
608379,2014,22,-0.3,1.4,510000,19.0,19.0
608379,2015,23,0.21,2.97,520000,30.0,30.0
608379,2016,24,-0.25,-0.2,539000,27.0,24.0
608379,2017,25,-0.3,1.5,2775000,30.0,30.0
608379,2018,26,0.03,1.11,5300000,15.0,15.0
608379,2019,27,0.0,0.15,6350000,29.0,24.0
608379,2020,28,,-0.17,3000000,8.0,7.0
608379,2021,29,-0.03,-0.51,3000000,29.0,23.0
608379,2022,30,,3.24,7000000,23.0,23.0
608379,2023,31,,2.72,7500000,24.0,24.0
608379,2024,32,,3.14,16000000,29.0,29.0
608379,2025,33,,2.76,18000000,31.0,31.0
608379,2026,34,,2.59,18000000,21.0,21.0
608384,2017,23,0.2,,,,
608384,2018,24,-0.55,,553000,,
608384,2019,25,-1.17,,575000,,
608384,2021,27,-0.28,,,,
608385,2017,23,0.34,,,,
608385,2018,24,0.01,,545000,,
608385,2019,25,1.04,,580000,,
608385,2020,26,1.26,,,,
608385,2021,27,2.65,,3150000,,
608385,2022,28,-0.12,,6250000,,
608385,2023,29,-0.72,,8250000,,
608385,2024,30,1.9300000000000002,,2000000,,
608385,2025,31,-0.03,,7500000,,
608422,2021,26,-0.13,,,,
608422,2022,27,-0.26,,,,
608475,2018,23,0.04,,,,
608475,2019,24,-0.96,,,,
608475,2020,25,-0.08,,,,
608566,2016,21,-0.1,0.15,,6.0,3.0
608566,2017,22,0.04,3.48,537000,29.0,29.0
608566,2018,23,0.66,4.16,550000,33.0,33.0
608566,2019,24,0.32,2.79,565000,28.0,28.0
608566,2020,25,,1.47,4800000,13.0,13.0
608566,2021,26,0.74,2.42,7800000,32.0,32.0
608566,2022,27,,1.37,11300000,31.0,31.0
608566,2023,28,,0.19,15300000,4.0,4.0
608566,2024,29,,-0.06,10000000,1.0,1.0
608566,2025,30,,-1.19,10000000,26.0,26.0
608566,2026,31,,-0.08,1000000,11.0,10.0
608577,2016,21,0.44,,,,
608577,2017,22,-0.35,,546450,,
608577,2018,23,0.59,,563560,,
608577,2019,24,0.96,,3300000,,
608577,2020,25,-0.23,,,,
608577,2021,26,-0.33,,1750000,,
608577,2022,27,0.0,,,,
608596,2015,24,0.18,,,,
608596,2016,25,0.56,,,,
608596,2017,26,-0.45,,537000,,
608596,2018,27,-0.26,,,,
608596,2019,28,2.52,0.0,,3.0,0.0
608596,2021,30,0.95,,875000,,
608596,2022,31,0.52,,1575000,,
608596,2023,32,1.22,,1625000,,
608596,2024,33,-0.44,,4000000,,
608597,2018,23,0.56,,,,
608597,2019,24,0.06,,569500,,
608597,2020,25,0.45,,,,
608597,2021,26,-0.21,,,,
608597,2022,27,-0.19,,,,
608601,2017,26,,0.49,,10.0,0.0
608601,2018,27,0.0,-0.29,,15.0,1.0
608638,2016,25,0.0,0.2,,25.0,0.0
608638,2018,27,-0.01,0.23,,39.0,0.0
608638,2019,28,-0.01,-0.31,,21.0,0.0
608638,2021,30,0.0,1.51,570500,56.0,0.0
608638,2022,31,,0.55,,21.0,3.0
608638,2023,32,,0.9,850000,46.0,5.0
608638,2024,33,,0.8400000000000001,1285000,36.0,0.0
608641,2015,24,0.15,0.56,,6.0,6.0
608648,2015,24,,1.62,,10.0,10.0
608648,2016,25,-0.03,-1.26,,26.0,26.0
608648,2017,26,0.0,-0.28,542500,56.0,0.0
608648,2018,27,,-0.82,,19.0,1.0
608648,2019,28,0.0,1.0,,58.0,0.0
608648,2020,29,,0.67,1200000,22.0,0.0
608648,2021,30,0.0,1.19,2200000,64.0,0.0
608648,2022,31,0.0,-0.29,3800000,40.0,0.0
608648,2023,32,,0.0,100000,1.0,0.0
608648,2024,33,,-0.02,,9.0,0.0
608650,2017,26,0.04,-0.11,,2.0,1.0
608650,2021,30,,0.27,,9.0,0.0
608650,2025,34,0.0,0.39,,24.0,3.0
608650,2026,35,,0.15,,13.0,0.0
608652,2017,26,0.0,-0.010000000000000009,,10.0,1.0
608652,2018,27,-0.06,-0.72,,20.0,2.0
608652,2019,28,,0.55,558000,9.0,1.0
608652,2020,29,,-0.14,,4.0,0.0
608652,2021,30,,-0.01,,20.0,1.0
608652,2022,31,,0.03999999999999998,,6.0,2.0
608654,2018,26,0.52,0.03,,1.0,0.0
608665,2014,23,,0.05,,5.0,0.0
608665,2015,24,0.0,1.09,507500,21.0,21.0
608665,2016,25,-0.07,3.48,512500,31.0,31.0
608665,2017,26,-0.01,1.82,545000,19.0,19.0
608665,2018,27,,-0.88,2360000,7.0,7.0
608665,2020,29,,-0.28,1500000,11.0,2.0
608665,2021,30,0.0,2.0999999999999996,1250000,53.0,0.0
608665,2022,31,0.0,0.98,8000000,65.0,0.0
608665,2023,32,0.0,1.4100000000000001,8000000,68.0,0.0
608665,2025,34,,-0.34,1250000,19.0,0.0
608671,2015,24,0.07,,,,
608671,2016,25,1.33,,508800,,
608671,2017,26,-0.17,,544300,,
608671,2018,27,1.24,,,,
608671,2019,28,-0.04,,1165000,,
608671,2020,29,-0.28,,1050000,,
608671,2021,30,0.48,,570500,,
608671,2022,31,-0.14,,1250000,,
608671,2023,32,1.58,,1250000,,
608671,2024,33,0.36,,1700000,,
608671,2025,34,-0.28,-0.07,100000,1.0,0.0
608672,2015,24,-0.72,,,,
608672,2016,25,-0.07,,,,
608672,2017,26,-0.13,,535000,,
608678,2014,22,0.0,1.39,,57.0,0.0
608678,2015,23,0.0,-0.73,,13.0,0.0
608678,2016,24,0.0,-0.32,,25.0,0.0
608678,2017,25,0.0,1.99,548200,65.0,0.0
608678,2018,26,0.0,0.05,,29.0,0.0
608678,2019,27,0.0,-0.44,1260000,40.0,0.0
608678,2020,28,,-0.31,,12.0,0.0
608678,2021,29,0.0,1.76,,57.0,4.0
608678,2022,30,,0.46,2250000,55.0,0.0
608678,2023,31,,0.26,,51.0,0.0
608678,2024,32,,-0.66,1500000,23.0,0.0
608686,2019,28,0.11,,,,
608686,2020,29,-0.18,,,,
608686,2021,30,0.15000000000000002,0.01,,1.0,0.0
608686,2022,31,-0.17,0.03,,1.0,0.0
608700,2015,24,0.81,,,,
608700,2016,25,-0.02,,511360,,
608700,2017,26,0.72,-0.08,,2.0,0.0
608700,2018,27,1.15,,557471,,
608700,2019,28,-0.11,0.07,1137000,2.0,0.0
608700,2020,29,0.62,0.03,900000,1.0,0.0
608700,2021,30,0.23,0.04,1600000,1.0,0.0
608700,2022,31,-1.2400000000000002,0.03,2250000,1.0,0.0
608701,2015,24,0.46,,,,
608701,2016,25,-0.15,,,,
608701,2017,26,-0.51,,,,
608701,2018,27,-0.09,,,,
608701,2020,29,0.0,,,,
608701,2021,30,-0.1,,,,
608701,2022,31,1.23,,100000,,
608701,2023,32,0.42,,1200000,,
608701,2024,33,0.94,,1850000,,
608701,2025,34,1.24,,2100000,,
608701,2026,35,-1.04,,6250000,,
608703,2016,25,0.08,,,,
608703,2017,26,-0.25,,,,
608703,2018,27,-0.14,,,,
608703,2020,29,-0.23,,,,
608703,2022,31,0.67,-0.01,,2.0,0.0
608703,2023,32,-0.12,,,,
608715,2019,27,-0.71,,555000,,
608716,2017,26,0.0,0.55,,37.0,0.0
608716,2018,27,0.0,0.35,1090000,71.0,0.0
608716,2019,28,0.0,-0.21,575000,15.0,0.0
608716,2021,30,0.0,2.52,,62.0,0.0
608716,2022,31,0.0,-0.31,3100000,16.0,0.0
608717,2016,25,-0.04,0.05,,7.0,0.0
608717,2017,26,-0.07,1.4,,13.0,10.0
608717,2018,27,0.0,-0.48,552500,28.0,26.0
608717,2019,28,-0.08,0.0,567500,35.0,5.0
608717,2020,29,,-0.52,,27.0,0.0
608717,2021,30,-0.02,1.14,1100000,68.0,0.0
608717,2022,31,,-0.15000000000000002,2700000,60.0,1.0
608717,2023,32,,0.51,2800000,64.0,0.0
608717,2024,33,,-0.77,3500000,57.0,0.0
608717,2025,34,,-0.47,4500000,15.0,0.0
608718,2016,26,-0.03,0.51,,14.0,2.0
608718,2017,27,0.03,1.77,,22.0,14.0
608718,2018,28,0.78,-0.3,556500,20.0,18.0
608718,2019,29,-0.03,1.04,568300,9.0,0.0
608718,2020,30,,0.52,950000,16.0,4.0
608718,2021,31,-0.05,0.49,1550000,61.0,1.0
608718,2022,32,,0.36,2700000,54.0,0.0
608718,2023,33,0.0,0.68,3000000,57.0,2.0
608718,2024,34,,1.37,2500000,47.0,3.0
608718,2025,35,,0.26,2500000,48.0,3.0
608718,2026,36,,-0.04,1250000,38.0,2.0
608723,2018,26,-0.03,-0.16,,4.0,2.0
608723,2019,27,-0.06,1.14,,9.0,8.0
608723,2020,28,,0.28,,11.0,11.0
608723,2021,29,0.12,-0.39,,49.0,1.0
608723,2022,30,,0.8999999999999999,875000,41.0,17.0
608723,2023,31,,-0.43,1850000,25.0,0.0
608723,2024,32,0.0,-0.16,1250000,68.0,0.0
608723,2026,34,,-0.49,,3.0,0.0
608841,2022,30,1.05,,,,
608841,2023,31,0.61,,723300,,
608841,2024,32,-0.57,,752000,,
608841,2026,34,-0.58,,,,
609274,2022,27,-0.43,,,,
609275,2016,20,-0.44,,,,
609275,2017,21,-0.74,,537250,,
609275,2018,22,2.14,,,,
609275,2019,23,2.03,,576000,,
609275,2020,24,1.25,,,,
609275,2021,25,0.34,,2520000,,
609275,2022,26,-0.22,,3000000,,
609280,2017,22,0.24,,,,
609280,2018,23,2.78,,,,
609280,2019,24,-1.17,,617600,,
609280,2020,25,-0.44,,,,
609280,2021,26,-0.47,,,,
609280,2022,27,0.10999999999999999,,1300000,,
609280,2023,28,0.12,,1525000,,
609280,2024,29,0.35,,1700000,,
609280,2025,30,0.64,,3000000,,
609280,2026,31,-0.31,,1500000,,
611093,2015,22,0.0,0.4,,13.0,0.0
611093,2016,23,-0.02,-0.51,509300,26.0,0.0
611093,2017,24,0.0,-0.08,,21.0,0.0
611093,2018,25,0.0,0.37,,31.0,0.0
611093,2020,27,,-0.09,,1.0,0.0
611093,2022,29,,-0.06,,3.0,0.0
611093,2023,30,,0.15,,5.0,0.0
611177,2015,30,0.26,,,,
611177,2016,31,0.02,,508750,,
611177,2017,32,-0.46,,547500,,
612272,2015,26,0.0,0.06,,7.0,0.0
612434,2015,20,0.0,-0.32999999999999996,,18.0,0.0
612434,2016,21,0.0,-0.14,509500,19.0,0.0
612434,2017,22,0.0,0.88,,39.0,1.0
612434,2018,23,0.0,1.22,553000,63.0,1.0
612434,2019,24,0.0,0.51,569000,65.0,0.0
612434,2020,25,,0.49,1050000,26.0,0.0
612434,2021,26,0.0,0.57,1688000,69.0,2.0
612434,2022,27,,-0.27,,34.0,0.0
612434,2023,28,0.0,0.42,3500000,75.0,0.0
612434,2024,29,,-0.12,5000000,11.0,0.0
612434,2025,30,,-0.12,,6.0,0.0
612672,2013,27,-0.03,1.52,3572000,23.0,23.0
612672,2014,28,-0.01,1.94,4072000,31.0,31.0
612672,2015,29,,3.38,4750000,31.0,31.0
612672,2016,30,-0.56,-0.03,12500000,22.0,22.0
612672,2017,31,-0.03,0.41,15500000,9.0,5.0
612672,2018,32,0.0,0.19,10000000,26.0,26.0
612672,2019,33,-0.06,-0.96,20000000,45.0,0.0
613317,2019,26,0.0,-0.12,555000,12.0,0.0
613534,2017,26,0.0,-0.04,,6.0,0.0
613534,2018,27,0.0,0.1,,2.0,0.0
613534,2019,28,-0.01,0.58,,30.0,2.0
613534,2020,29,-0.02,0.02,,3.0,0.0
613534,2021,30,0.0,0.17,,65.0,0.0
613534,2022,31,,0.08,925000,2.0,0.0
613534,2023,32,,-0.21,,24.0,0.0
613534,2024,33,,0.52,800000,56.0,0.0
613564,2021,27,-0.89,,,,
613564,2022,28,0.07,,,,
613564,2023,29,-0.38,0.03,1000000,2.0,0.0
613564,2024,30,-0.13,,,,
614173,2017,22,0.2,,,,
614173,2018,23,0.0,,546500,,
614173,2019,24,0.17,,560100,,
614173,2020,25,-0.03,,,,
614173,2021,26,-0.73,,,,
614173,2022,27,-0.19,,,,
614173,2023,28,-0.13,,1000000,,
614177,2018,22,1.58,,,,
614177,2019,23,0.36,,570500,,
614177,2020,24,0.41,,,,
614177,2021,25,1.68,,,,
614177,2022,26,-0.88,0.04,4550000,1.0,0.0
614177,2023,27,-0.48,,2000000,,
614179,2017,22,0.0,0.03,,1.0,0.0
614179,2018,23,,0.05,,6.0,0.0
614179,2019,24,0.0,-0.12,,40.0,1.0
614179,2020,25,0.0,0.14,,5.0,0.0
614179,2021,26,-0.01,1.09,,59.0,0.0
614179,2022,27,,0.3,,63.0,0.0
614179,2023,28,0.0,-0.52,925000,38.0,1.0
614179,2024,29,,0.56,,52.0,0.0
614179,2025,30,,-0.72,1225000,18.0,0.0
615698,2019,24,0.02,0.37,,23.0,18.0
615698,2020,25,,0.7000000000000001,,18.0,3.0
615698,2021,26,0.04,3.72,,40.0,22.0
615698,2022,27,,1.79,2510000,32.0,32.0
615698,2023,28,,-0.01,5550000,19.0,19.0
615698,2024,29,,1.77,6550000,29.0,29.0
615698,2025,30,,-0.71,3500000,26.0,26.0
615698,2026,31,,0.01,,21.0,5.0
615699,2021,26,-0.19,,,,
615868,2016,24,0.0,0.01,,3.0,0.0
617228,2021,33,0.0,0.75,1200000,55.0,0.0
617228,2022,34,,0.66,1200000,49.0,0.0
620396,2021,29,0.0,-0.16,,9.0,0.0
620439,2017,21,-0.13,,,,
620439,2018,22,0.04,,,,
620439,2019,23,-0.51,,557500,,
620439,2020,24,-0.47,,,,
620443,2017,21,-1.17,,535000,,
620443,2019,23,0.02,,,,
620443,2020,24,-0.11000000000000001,,,,
620443,2021,25,0.98,,,,
620443,2022,26,0.1,-0.1,,2.0,0.0
620443,2023,27,-0.1,,1200000,,
620443,2024,28,0.7,0.01,,1.0,0.0
620443,2025,29,1.32,-0.16,1500000,2.0,0.0
620443,2026,30,1.27,-0.04,2275000,1.0,0.0
620445,2020,24,,-0.45,,2.0,0.0
620446,2017,21,-0.46,,,,
620446,2018,22,0.46,,,,
620446,2019,23,0.14,-0.12,562000,1.0,0.0
620453,2019,23,-0.15,,,,
620453,2020,24,-0.07,,,,
620454,2018,22,0.01,0.57,,37.0,0.0
620454,2019,23,0.0,0.03,560300,1.0,0.0
620454,2022,26,,-0.03,,1.0,0.0
620454,2023,27,,-0.14,730000,1.0,0.0
620454,2025,29,0.0,0.19999999999999998,,29.0,0.0
620982,2017,23,0.0,-0.9,,25.0,0.0
620982,2019,25,,-0.12,,2.0,0.0
620982,2024,30,,-0.51,,6.0,0.0
621002,2017,23,0.02,,535000,,
621002,2018,24,2.84,0.04,,1.0,0.0
621002,2019,25,-0.29,0.04,570300,1.0,0.0
621002,2020,26,0.13,,,,
621002,2021,27,-0.28,0.03,900000,1.0,0.0
621005,2019,25,0.99,,,,
621005,2020,26,-0.24,-0.06,,1.0,0.0
621005,2021,27,-0.17,,,,
621006,2019,24,-0.95,,555000,,
621006,2021,26,-0.94,,,,
621006,2022,27,-0.01,,,,
621008,2021,26,0.05,,,,
621011,2020,25,0.01,0.02,,1.0,0.0
621011,2021,26,0.1,0.07,,2.0,0.0
621011,2022,27,-0.24,-0.15,,1.0,0.0
621016,2022,28,,0.37,,47.0,0.0
621016,2023,29,,0.86,726000,72.0,2.0
621016,2024,30,,-0.54,,13.0,0.0
621016,2026,32,,0.09,,5.0,0.0
621020,2016,22,1.16,,,,
621020,2017,23,-0.17,,540000,,
621020,2018,24,2.24,,565000,,
621020,2019,25,1.02,,585000,,
621020,2020,26,2.82,,3150000,,
621020,2021,27,2.27,,6000000,,
621020,2022,28,5.52,,10000000,,
621020,2023,29,5.15,,14000000,,
621020,2024,30,3.96,,26000000,,
621020,2025,31,4.45,,28000000,,
621020,2026,32,2.58,,28000000,,
621028,2018,24,-1.0,,,,
621028,2019,25,3.0,,557500,,
621028,2020,26,-0.42,,,,
621028,2021,27,0.61,,,,
621028,2022,28,1.1,,1950000,,
621028,2023,29,-0.4,,2662000,,
621028,2024,30,2.2,,946237,,
621028,2025,31,-0.85,-0.01,2500000,2.0,0.0
621035,2014,23,1.19,,,,
621035,2015,24,-0.84,,512400,,
621035,2016,25,-0.009999999999999995,,,,
621035,2017,26,4.47,,,,
621035,2018,27,4.16,,575000,,
621035,2019,28,1.57,,3500000,,
621035,2020,29,1.81,,5600000,,
621035,2021,30,2.45,,7800000,,
621035,2022,31,0.71,,15000000,,
621035,2023,32,1.52,,15000000,,
621035,2024,33,-0.18,,13000000,,
621035,2025,34,-0.6,,13000000,,
621043,2015,20,4.68,,,,
621043,2016,21,6.97,,516700,,
621043,2017,22,6.74,,535000,,
621043,2018,23,2.91,,1000000,,
621043,2019,24,3.76,,5000000,,
621043,2020,25,1.64,,8000000,,
621043,2021,26,7.28,,11700000,,
621043,2022,27,5.32,,35100000,,
621043,2023,28,1.32,,33333333,,
621043,2024,29,3.65,,33333334,,
621043,2025,30,1.56,,37333333,,
621043,2026,31,1.19,,32833333,,
621044,2018,24,-0.6,-0.1,,1.0,0.0
621051,2022,27,,0.91,,50.0,1.0
621051,2023,28,,0.45,726400,52.0,0.0
621051,2024,29,,-0.64,751900,40.0,0.0
621051,2025,30,,1.2,,59.0,0.0
621052,2016,21,-0.14,2.26,,12.0,5.0
621052,2018,23,-0.01,0.31,545600,1.0,1.0
621052,2019,24,0.0,-0.38,564600,4.0,0.0
621052,2020,25,,-0.14,,15.0,1.0
621052,2021,26,-0.01,0.69,900000,69.0,0.0
621053,2024,30,,0.68,740000,48.0,0.0
621053,2025,31,0.0,0.42,,56.0,0.0
621053,2026,32,,-0.19,,13.0,0.0
621056,2017,23,,0.01,,1.0,0.0
621056,2018,24,-0.02,0.26,,29.0,8.0
621056,2019,25,0.0,0.43999999999999995,,36.0,2.0
621056,2021,27,,0.07,570500,5.0,0.0
621057,2021,27,,0.15,,21.0,0.0
621057,2023,29,,-0.4,,17.0,1.0
621057,2025,31,,-0.02,,5.0,0.0
621058,2017,23,,-0.06,,11.0,9.0
621058,2019,25,,-0.06,,1.0,1.0
621074,2021,27,-0.01,-0.94,,20.0,0.0
621074,2022,28,,0.57,,41.0,0.0
621074,2023,29,0.0,-0.01,737000,35.0,0.0
621074,2026,32,,-0.01,,17.0,0.0
621076,2020,26,,-0.07,,2.0,0.0
621076,2021,27,0.06,1.43,,24.0,21.0
621076,2022,28,-0.01,1.09,,26.0,26.0
621076,2023,29,,-0.13,730000,14.0,11.0
621078,2019,25,,-0.18,,1.0,0.0
621078,2020,26,,0.06,,8.0,0.0
621078,2021,27,,-0.11,100000,2.0,0.0
621079,2022,28,,-0.02,,4.0,0.0
621082,2022,28,,-0.54,,9.0,0.0
621086,2019,25,-0.05,-0.37,,4.0,4.0
621094,2017,22,0.0,-0.02,,9.0,0.0
621097,2019,25,0.02,0.67,,16.0,13.0
621097,2020,26,,-0.64,,11.0,0.0
621097,2024,30,,-0.08,1200000,4.0,1.0
621097,2026,32,0.0,0.62,,14.0,0.0
621098,2018,24,0.0,-0.07,,3.0,0.0
621098,2021,27,0.0,-0.24,,10.0,0.0
621107,2016,22,0.14,-0.2,,11.0,11.0
621107,2017,23,-0.02,-0.31,,11.0,11.0
621107,2018,24,-0.19,1.67,,24.0,24.0
621107,2019,25,0.06,1.27,590000,32.0,28.0
621107,2020,26,,1.68,2625000,11.0,10.0
621107,2021,27,-0.3,2.0,4450000,18.0,18.0
621107,2022,28,,0.9,5550000,20.0,13.0
621107,2023,29,,3.56,11000000,31.0,31.0
621107,2024,30,,2.79,11000000,28.0,28.0
621107,2025,31,,-0.35,,14.0,14.0
621107,2026,32,,0.16,8000000,1.0,1.0
621111,2017,22,0.0,-0.22,,8.0,0.0
621111,2018,23,0.11,3.58,,24.0,23.0
621111,2019,24,0.0,2.26,570000,30.0,30.0
621111,2020,25,,0.35,,8.0,8.0
621111,2021,26,-0.02,7.13,3750000,33.0,33.0
621111,2022,27,,0.34,4250000,12.0,12.0
621111,2024,29,,-1.14,8025000,16.0,16.0
621111,2025,30,,-0.12,18050000,26.0,24.0
621111,2026,31,,0.15,,21.0,21.0
621112,2017,23,-0.04,1.46,,10.0,10.0
621112,2018,24,-0.05,-0.61,547500,6.0,6.0
621112,2019,25,,-0.51,,4.0,1.0
621112,2020,26,,-0.33,,1.0,1.0
621112,2021,27,,-0.19,,9.0,9.0
621112,2022,28,,1.32,,21.0,21.0
621112,2023,29,,1.55,1900000,21.0,20.0
621112,2024,30,,0.47,3450000,14.0,14.0
621112,2025,31,,-0.49,4050000,15.0,4.0
621112,2026,32,0.0,1.72,2000000,37.0,2.0
621114,2018,24,,-0.18,,8.0,0.0
621114,2019,25,,-0.04,556000,16.0,1.0
621114,2021,27,0.0,1.12,,34.0,1.0
621114,2022,28,,-0.15,,8.0,0.0
621114,2024,30,,0.04,,34.0,4.0
621114,2025,31,,0.1,,2.0,0.0
621121,2015,21,-0.03,2.05,,22.0,22.0
621121,2016,22,0.06,1.48,516700,14.0,14.0
621121,2017,23,0.05,0.92,548000,22.0,22.0
621121,2018,24,-0.02,1.41,2450000,25.0,22.0
621121,2020,26,,0.42,4100000,11.0,11.0
621121,2021,27,-0.06,3.34,6500000,28.0,28.0
621121,2022,28,,1.41,15950000,8.0,8.0
621121,2025,31,,-1.18,17700000,16.0,13.0
621121,2026,32,,-0.81,17700000,10.0,8.0
621129,2020,25,,0.9,,8.0,5.0
621129,2021,26,,-0.43,,7.0,0.0
621139,2020,26,,-0.36,,4.0,0.0
621139,2021,27,0.0,-1.01,,12.0,0.0
621139,2023,29,,0.1,,4.0,0.0
621139,2025,31,,-0.6,,16.0,0.0
621139,2026,32,,0.12,,2.0,0.0
621141,2018,24,0.0,-0.61,,4.0,3.0
621141,2019,25,0.04,-0.63,,9.0,4.0
621141,2020,26,,0.14,,7.0,1.0
621142,2018,25,0.0,0.23,,16.0,0.0
621142,2019,26,0.0,1.19,557250,72.0,0.0
621142,2020,27,,-0.1,,27.0,0.0
621199,2016,25,-0.03,0.56,507500,59.0,0.0
621199,2017,26,0.01,0.23,546600,75.0,0.0
621199,2018,27,0.01,-0.53,565900,22.0,0.0
621199,2019,28,-0.02,0.37,,27.0,0.0
621199,2023,32,,-0.18,,3.0,0.0
621199,2024,33,,0.27,925000,25.0,1.0
621199,2025,34,0.0,-0.27,1100000,20.0,0.0
621209,2015,23,0.02,0.07,,3.0,3.0
621209,2016,24,-0.01,-0.68,508000,5.0,5.0
621219,2016,24,,-0.15,,3.0,0.0
621219,2018,26,0.02,0.18,,7.0,2.0
621219,2019,27,-0.07,0.97,,9.0,4.0
621219,2020,28,-0.02,0.24,,11.0,11.0
621219,2021,29,-0.33,-0.44,,32.0,20.0
621219,2022,30,0.0,-0.71,,7.0,2.0
621219,2023,31,,-0.18,,1.0,0.0
621237,2017,22,,0.39,,35.0,0.0
621237,2018,23,-0.01,1.46,,70.0,0.0
621237,2019,24,0.0,-0.32,570600,35.0,1.0
621237,2020,25,,-0.14,,9.0,0.0
621237,2021,26,0.0,0.34,1000000,64.0,0.0
621237,2022,27,-0.01,0.89,1900000,59.0,0.0
621237,2023,28,,1.14,3466667,42.0,0.0
621237,2024,29,,0.43,9016666,66.0,0.0
621237,2025,30,,0.41,9016667,28.0,0.0
621237,2026,31,,-0.31,500000,45.0,0.0
621242,2016,22,-0.01,1.4,,49.0,0.0
621242,2017,23,-0.01,0.81,545000,66.0,0.0
621242,2018,24,0.0,3.13,,73.0,0.0
621242,2019,25,0.0,-0.57,607425,66.0,0.0
621242,2020,26,,1.37,5100000,26.0,0.0
621242,2021,27,0.0,1.05,7000000,63.0,0.0
621242,2022,28,0.0,3.19,10200000,61.0,0.0
621242,2024,30,0.0,0.47,21250000,54.0,0.0
621242,2025,31,0.0,3.1,21500000,62.0,0.0
621242,2026,32,,-0.46,14010520,7.0,0.0
621244,2016,22,0.06,-1.58,,14.0,14.0
621244,2017,23,0.09,1.93,,26.0,25.0
621244,2018,24,-0.05,3.51,570000,32.0,32.0
621244,2019,25,-0.01,3.57,620000,32.0,32.0
621244,2020,26,,0.68,4025000,12.0,12.0
621244,2021,27,-0.07,3.36,6100000,32.0,32.0
621244,2022,28,,-0.65,10714286,32.0,32.0
621244,2023,29,0.0,2.49,15714285,32.0,32.0
621244,2024,30,,2.46,17714286,32.0,32.0
621244,2025,31,,1.36,18714286,31.0,30.0
621248,2021,27,,0.28,,27.0,0.0
621248,2022,28,,0.3,,19.0,0.0
621249,2018,23,-0.01,0.15,,1.0,1.0
621249,2019,24,-0.01,-0.02,,12.0,0.0
621249,2020,25,,-0.14,,17.0,0.0
621249,2021,26,-0.05,0.24,,43.0,0.0
621249,2022,27,,-0.5,,51.0,1.0
621249,2023,28,,0.01,1025000,20.0,0.0
621259,2021,27,,0.04,,2.0,0.0
621261,2018,24,-0.14,-0.59,,17.0,12.0
621261,2019,25,-0.04,-0.37,,2.0,0.0
621261,2020,26,,0.13,,4.0,1.0
621261,2021,27,0.03,0.14,,3.0,1.0
621281,2015,24,-0.04,-0.27,,3.0,3.0
621281,2016,25,-0.03,0.38,,3.0,0.0
621289,2018,27,,-0.28,,22.0,1.0
621289,2019,28,0.0,-0.06,,4.0,0.0
621290,2020,29,,-0.11,,11.0,0.0
621294,2016,24,,-0.1,,10.0,0.0
621294,2017,25,,0.48,,9.0,0.0
621294,2019,27,,0.25,555000,6.0,0.0
621294,2020,28,,0.1,,6.0,0.0
621294,2023,31,,0.06,,19.0,0.0
621294,2024,32,,-0.74,,8.0,0.0
621295,2016,25,0.0,0.89,,48.0,0.0
621295,2017,26,-0.05,-0.03,535000,38.0,0.0
621295,2018,27,0.0,0.36,,32.0,0.0
621295,2019,28,0.0,1.0,,55.0,0.0
621295,2020,29,,0.39,1125000,25.0,0.0
621295,2021,30,0.0,-0.08,2000000,60.0,1.0
621295,2022,31,,-0.53,1200000,29.0,0.0
621295,2023,32,0.0,0.04,,27.0,0.0
621311,2016,22,0.94,,,,
621311,2018,24,0.81,,,,
621311,2019,25,0.69,,560000,,
621311,2020,26,-0.99,,2475000,,
621311,2021,27,-0.76,,2700000,,
621311,2023,29,-0.04,,1250000,,
621311,2024,30,0.29,,,,
621345,2017,23,0.0,0.35,,16.0,0.0
621345,2018,24,0.0,0.84,555000,65.0,0.0
621345,2019,25,0.0,-0.69,575000,36.0,0.0
621345,2020,26,,1.16,,22.0,0.0
621345,2021,27,-0.01,0.23,1300000,61.0,0.0
621345,2022,28,,1.9,2200000,75.0,0.0
621345,2023,29,,0.76,4287500,70.0,0.0
621345,2024,30,,1.1,6220000,39.0,0.0
621345,2025,31,,0.44,11000000,13.0,0.0
621345,2026,32,,0.41,,22.0,0.0
621348,2021,28,-0.02,-0.69,,58.0,0.0
621348,2022,29,,-0.19999999999999998,,7.0,0.0
621350,2018,24,,0.02,,11.0,0.0
621350,2019,25,,-0.1,555000,5.0,0.0
621363,2019,25,0.0,0.01,,51.0,0.0
621363,2022,28,,-0.11,,65.0,0.0
621363,2023,29,,1.78,1175000,66.0,0.0
621363,2024,30,,0.48,2375000,43.0,0.0
621363,2025,31,,-0.72,,14.0,0.0
621366,2018,24,,1.54,,17.0,17.0
621366,2019,25,,-0.43,565200,2.0,2.0
621366,2020,26,,0.58,,21.0,0.0
621366,2021,27,0.0,0.0,,24.0,0.0
621366,2022,28,,-0.33,825000,32.0,0.0
621366,2023,29,,1.38,,38.0,2.0
621366,2024,30,,-0.35,1600000,14.0,0.0
621366,2025,31,,0.01999999999999999,1150000,39.0,0.0
621366,2026,32,,-0.16,,21.0,0.0
621368,2019,24,,-0.31,,1.0,1.0
621368,2020,25,,0.14,,14.0,0.0
621368,2021,26,0.0,0.04,,42.0,11.0
621368,2022,27,,-0.45,1050000,31.0,13.0
621368,2023,28,0.0,-0.55,1462500,13.0,0.0
621381,2016,24,0.0,1.13,,21.0,0.0
621381,2017,25,0.0,-0.03,538900,24.0,3.0
621381,2018,26,-0.07,1.61,552700,41.0,5.0
621381,2019,27,0.37,0.95,581700,46.0,16.0
621381,2020,28,0.0,0.54,1400000,19.0,0.0
621381,2021,29,0.0,-0.18,2000000,6.0,1.0
621381,2022,30,,0.26,3000000,50.0,0.0
621381,2023,31,,2.2,7500000,56.0,10.0
621381,2024,32,,2.6,7500000,66.0,0.0
621381,2025,33,,1.96,7500000,66.0,0.0
621381,2026,34,,-1.1,,39.0,0.0
621383,2022,30,,0.4,,35.0,0.0
621383,2023,31,,0.72,,32.0,3.0
621383,2024,32,,0.12000000000000001,755050,63.0,2.0
621383,2025,33,,1.64,,69.0,1.0
621383,2026,34,,-0.63,1200000,28.0,1.0
621385,2016,25,0.0,-0.37,507500,7.0,0.0
621385,2017,26,0.0,0.89,,55.0,0.0
621385,2018,27,0.0,-0.07,552000,56.0,0.0
621385,2019,28,0.0,0.29,566600,48.0,0.0
621389,2016,25,0.16,0.72,,4.0,2.0
621389,2017,26,0.44,1.47,536500,34.0,24.0
621389,2018,27,-0.24,0.36,565000,47.0,13.0
621389,2019,28,-0.01,-1.15,,7.0,5.0
621389,2022,31,,-0.11,,24.0,1.0
621389,2023,32,,0.19,1100000,20.0,13.0
621389,2024,33,,-0.61,909677,20.0,12.0
621389,2026,35,,0.1,,1.0,0.0
621397,2015,25,0.0,-0.12,,11.0,0.0
621397,2016,26,,-0.03,,1.0,0.0
621397,2017,27,,1.23,,30.0,0.0
621397,2018,28,0.0,-0.04,548300,43.0,0.0
621397,2019,29,0.0,0.22,560900,39.0,0.0
621399,2024,33,,-0.16,,1.0,0.0
621408,2015,24,0.0,-0.4,,31.0,0.0
621408,2016,25,0.0,-0.01,,4.0,0.0
621433,2017,23,1.26,,,,
621433,2018,24,0.56,,,,
621433,2019,25,0.29,,,,
621433,2020,26,0.33,,,,
621433,2021,27,2.09,-0.02,,1.0,0.0
621433,2022,28,0.21000000000000002,-0.26,1400000,3.0,0.0
621433,2023,29,-0.09,0.01,1200000,1.0,0.0
621438,2019,25,0.08,,,,
621438,2020,26,0.16,,,,
621438,2021,27,1.68,,,,
621438,2022,28,2.22,,,,
621438,2023,29,0.43,,735400,,
621438,2024,30,1.98,,2025000,,
621438,2025,31,0.99,,3025000,,
621438,2026,32,0.7,,3800000,,
621439,2015,21,0.34,,,,
621439,2016,22,1.68,,512500,,
621439,2017,23,4.97,,535000,,
621439,2018,24,-0.23,,580000,,
621439,2019,25,2.96,,1750000,,
621439,2020,26,2.05,,3075000,,
621439,2021,27,4.88,,5125000,,
621439,2022,28,3.94,,9142857,,
621439,2023,29,0.71,,15142857,,
621439,2024,30,3.58,,15142857,,
621439,2025,31,4.94,,15142857,,
621439,2026,32,3.0,,15142857,,
621446,2017,23,-0.35,,,,
621446,2018,24,-1.01,,545000,,
621446,2019,25,-2.16,,570000,,
621446,2020,26,0.14,,,,
621446,2021,27,-0.09,,,,
621446,2022,28,-0.31,,,,
621450,2019,25,-0.1,,,,
621450,2021,27,-0.5900000000000001,,,,
621450,2022,28,-0.23,,,,
621453,2018,24,0.93,,,,
621453,2019,25,-0.12,,558125,,
621453,2020,26,-0.35,,,,
621453,2021,27,2.2,,,,
621453,2022,28,-0.43000000000000005,,,,
621458,2019,25,0.33,,,,
621458,2020,26,0.63,,,,
621458,2021,27,-0.79,,,,
621458,2022,28,0.12,,,,
621458,2023,29,-0.28,,1000000,,
621458,2024,30,-0.11,,,,
621466,2018,24,0.55,,,,
621466,2019,25,-0.44,,,,
621466,2020,26,0.54,,,,
621466,2021,27,-0.29,,,,
621466,2022,28,-0.07,,,,
621466,2023,29,0.37,,,,
621466,2024,30,-0.78,,1380000,,
621471,2017,24,1.0599999999999998,,,,
621471,2018,25,-0.51,,547500,,
621493,2018,24,-0.24,,,,
621493,2019,25,-0.89,,,,
621493,2020,26,0.1,,,,
621493,2021,27,0.64,,,,
621493,2022,28,3.51,,,,
621493,2023,29,1.72,,2750000,,
621493,2024,30,2.25,,4800000,,
621493,2025,31,2.97,,7825000,,
621493,2026,32,2.4,,12175000,,
621500,2020,26,0.16,,,,
621500,2021,27,-0.16,0.03,,1.0,0.0
621512,2017,23,0.04,,,,
621512,2018,24,-0.53,,,,
621512,2019,25,-0.82,,556300,,
621512,2020,26,0.16,,,,
621512,2021,27,0.42,,,,
621512,2022,28,0.3,,890000,,
621512,2023,29,-0.74,,1600000,,
621512,2024,30,-0.39999999999999997,,2100000,,
621512,2025,31,-0.07,0.05,,1.0,0.0
621514,2018,24,-0.17,,,,
621514,2019,25,-0.32,,556400,,
621514,2020,26,-0.61,,,,
621529,2018,27,-0.08,,,,
621529,2019,28,-0.03,,,,
621529,2020,29,-0.18,,,,
621529,2024,33,0.0,,740000,,
621532,2019,29,-0.54,,,,
621532,2020,30,0.4,0.03,,1.0,0.0
621532,2021,31,-0.2,-0.06,,1.0,0.0
621532,2022,32,-0.25,,,,
621532,2023,33,-0.01,,900000,,
621545,2023,29,0.09,,,,
621545,2024,30,0.24,,,,
621550,2018,26,0.47,,,,
621550,2019,27,-0.25,,,,
621550,2020,28,-0.05,,,,
621550,2021,29,2.14,,,,
621550,2022,30,0.58,,,,
621550,2023,31,0.47,,763000,,
621550,2024,32,-0.4,0.01,2725000,1.0,0.0
621550,2026,34,-0.55,,,,
621559,2016,23,-0.05,,,,
621559,2017,24,0.47,,,,
621559,2018,25,0.11,,,,
621559,2019,26,-0.37,,570500,,
621559,2021,28,-0.3,,,,
621563,2016,26,0.52,,,,
621563,2017,27,0.11,,535000,,
621563,2018,28,4.7,,,,
621563,2019,29,0.64,,570400,,
621563,2020,30,1.38,,,,
621563,2021,31,3.77,,2250000,,
621563,2022,32,2.38,,4550000,,
621563,2023,33,-0.37,,6000000,,
621563,2024,34,-0.12,,2000000,,
621566,2016,22,-0.16,,,,
621566,2017,23,2.9,,,,
621566,2018,24,3.97,,547500,,
621566,2019,25,5.07,,575000,,
621566,2020,26,1.28,,,,
621566,2021,27,5.94,,5000000,,
621566,2022,28,3.29,,15000000,,
621566,2023,29,7.54,,21000000,,
621566,2024,30,3.86,,22000000,,
621566,2025,31,6.19,,22000000,,
621566,2026,32,3.48,,22000000,,
621573,2018,24,-0.31,,,,
621573,2019,25,-1.36,,,,
621573,2020,26,0.0,,,,
621573,2021,27,0.02,,,,
621573,2022,28,0.15,,,,
621592,2019,24,,0.06,,8.0,0.0
621593,2020,25,,-0.06,,1.0,0.0
621593,2021,26,,0.0,,25.0,0.0
621593,2022,27,,-0.63,,12.0,0.0
621962,2014,27,0.0,-0.02,,16.0,0.0
621962,2015,28,0.0,0.21000000000000002,,14.0,1.0
622046,2018,24,-0.35,,,,
622046,2019,25,-0.52,,,,
622065,2019,25,-0.25,0.75,,17.0,15.0
622065,2020,26,,-0.09,,15.0,7.0
622065,2021,27,-0.05,-1.13,,40.0,2.0
622065,2022,28,,0.5700000000000001,,25.0,1.0
622065,2023,29,0.0,0.82,1150000,63.0,0.0
622065,2024,30,0.0,0.28,1160000,17.0,0.0
622072,2013,22,-0.28,0.92,,31.0,11.0
622072,2014,23,-0.16,3.9,506250,35.0,24.0
622072,2015,24,0.24,2.7,520000,32.0,32.0
622072,2016,25,0.14,0.42,530000,14.0,10.0
622072,2017,26,-0.37,3.47,2800000,27.0,25.0
622072,2018,27,-0.31,1.16,6000000,33.0,27.0
622072,2019,28,0.05,-0.17,9650000,7.0,7.0
622072,2020,29,,-0.37,4000000,9.0,2.0
622072,2021,30,-0.27,1.7,3000000,26.0,26.0
622072,2022,31,,0.13,12500000,26.0,26.0
622072,2023,32,,0.63,12500000,29.0,12.0
622072,2024,33,,-0.18,8500000,9.0,9.0
622075,2018,24,-0.01,0.39,,14.0,0.0
622075,2019,25,-0.07,0.02,,28.0,0.0
622075,2020,26,,0.58,,24.0,0.0
622075,2021,27,-0.04,-1.06,,48.0,0.0
622075,2022,28,,1.4,,33.0,0.0
622075,2023,29,,-0.52,1500000,49.0,0.0
622075,2024,30,,0.08,1900000,17.0,0.0
622088,2020,26,,0.96,,13.0,4.0
622088,2021,27,0.01,2.0,,23.0,0.0
622088,2023,29,,0.27,770000,5.0,1.0
622088,2024,30,,0.02,830000,4.0,0.0
622088,2026,32,,1.12,,32.0,0.0
622092,2019,27,0.0,-0.64,555000,15.0,0.0
622092,2020,28,,0.72,,16.0,1.0
622092,2021,29,0.0,-0.09,,52.0,2.0
622097,2016,22,-0.04,-0.13,,10.0,10.0
622097,2017,23,0.01,0.34,,11.0,8.0
622097,2018,24,-0.02,0.0,,9.0,0.0
622098,2018,24,0.0,0.4,,27.0,0.0
622098,2020,26,,-0.13,,8.0,0.0
622098,2021,27,-0.01,0.81,,31.0,1.0
622098,2022,28,,0.71,750000,44.0,0.0
622098,2023,29,,0.01,1300000,62.0,0.0
622098,2024,30,,0.19,2225000,19.0,0.0
622100,2020,26,-0.25,,,,
622100,2021,27,0.1,,,,
622100,2022,28,-0.03,,,,
622103,2019,26,-0.01,-0.48,,27.0,0.0
622103,2022,29,,0.01,,2.0,0.0
622103,2023,30,,-0.22,,8.0,0.0
622103,2024,31,,-0.06,,3.0,0.0
622110,2014,23,-0.2,,,,
622110,2015,24,3.99,,509000,,
622110,2016,25,1.0699999999999998,,537500,,
622110,2018,27,3.15,,930000,,
622110,2019,28,0.04,,2675000,,
622110,2021,30,1.68,0.01,1000000,1.0,0.0
622110,2022,31,-0.41,,1500000,,
622110,2023,32,0.18,0.01,1500000,2.0,0.0
622110,2024,33,0.23,,,,
622161,2017,22,0.0,0.09,,18.0,0.0
622161,2018,23,,-0.3,,14.0,0.0
622168,2018,23,0.4,,545000,,
622168,2019,24,-0.62,,562000,,
622168,2020,25,0.61,,,,
622168,2021,26,-0.19,,,,
622168,2022,27,-0.1,,,,
622194,2016,25,0.46,,,,
622194,2017,26,-0.02,,,,
622194,2018,27,-0.08,,550000,,
622210,2017,27,-0.12,,,,
622217,2017,27,-0.11,0.26,,13.0,6.0
622217,2018,28,0.0,-0.12,1090000,8.0,0.0
622226,2018,24,-0.18,,,,
622226,2019,25,-0.03,,,,
622250,2019,25,0.0,-0.24,,7.0,0.0
622250,2020,26,,0.09,,4.0,0.0
622250,2021,27,-0.01,0.34,,63.0,0.0
622250,2022,28,,-0.31,,19.0,1.0
622250,2023,29,0.0,-0.66,733450,44.0,0.0
622250,2024,30,,-0.01,1025000,17.0,0.0
622251,2019,25,,-0.02,,16.0,0.0
622251,2020,26,,0.73,,26.0,0.0
622251,2021,27,0.0,1.49,,64.0,0.0
622251,2022,28,0.0,-0.74,,42.0,0.0
622251,2023,29,,0.03,1025000,21.0,1.0
622251,2024,30,,0.23,950000,25.0,0.0
622253,2019,25,0.0,-0.21,,16.0,0.0
622253,2020,26,,0.45,,12.0,0.0
622253,2021,27,0.0,0.86,,62.0,0.0
622253,2022,28,0.0,1.2,,67.0,0.0
622253,2024,30,,-0.1,1500000,33.0,0.0
622253,2025,31,,0.04,1400000,6.0,0.0
622256,2020,25,,-0.12,,1.0,0.0
622256,2021,26,0.0,0.0,,3.0,0.0
622259,2018,24,0.0,0.13,,22.0,0.0
622259,2019,25,0.0,-0.38,557200,51.0,1.0
622259,2023,29,,-0.05,1000000,17.0,0.0
622259,2024,30,,-0.17,,7.0,0.0
622268,2019,25,0.02,,,,
622268,2020,26,-0.14,,,,
622268,2021,27,0.04,,,,
622268,2022,28,-0.09,-0.1,,1.0,0.0
622268,2024,30,-0.03,0.03,,1.0,0.0
622268,2025,31,-0.14,,,,
622268,2026,32,0.79,,,,
622270,2017,26,-0.22,,,,
622379,2022,27,,0.13,,3.0,0.0
622379,2025,30,,-0.29,,2.0,2.0
622382,2017,22,,0.05,,7.0,0.0
622382,2018,23,0.0,0.12,,35.0,6.0
622441,2017,24,-0.24,,,,
622441,2018,25,-0.19,,,,
622446,2018,24,0.04,-0.38,,14.0,8.0
622446,2019,25,0.0,0.19,,10.0,8.0
622446,2021,27,-0.02,-0.11,,14.0,1.0
622490,2020,27,,-0.65,,6.0,1.0
622491,2017,24,-0.17,2.65,,15.0,15.0
622491,2018,25,-0.03,1.77,555000,31.0,31.0
622491,2019,26,-0.37,5.2,557500,32.0,32.0
622491,2020,27,,1.1,,12.0,12.0
622491,2021,28,0.09,4.18,4200000,33.0,33.0
622491,2022,29,,3.89,7350000,25.0,25.0
622491,2023,30,,3.16,11400000,33.0,33.0
622491,2024,31,-0.01,1.92,24150000,30.0,30.0
622491,2025,32,,2.25,24150000,32.0,32.0
622491,2026,33,,-0.54,24150000,19.0,16.0
622492,2017,23,0.0,-0.03,,2.0,0.0
622492,2018,24,-0.02,-0.27,,4.0,0.0
622492,2019,25,-0.01,-0.03,,2.0,0.0
622492,2020,26,,0.23,,11.0,0.0
622492,2021,27,0.0,-0.26,,2.0,0.0
622497,2017,24,-0.07,,,,
622497,2018,25,-0.04,,,,
622503,2020,25,,0.04,,6.0,0.0
622503,2021,26,-0.09,0.36,,45.0,0.0
622503,2022,27,,0.56,,50.0,1.0
622503,2023,28,,-0.51,750000,8.0,0.0
622503,2024,29,,0.09,,5.0,0.0
622503,2025,30,,0.15,,8.0,5.0
622505,2017,24,,-0.09,,6.0,0.0
622505,2018,25,0.0,0.96,,27.0,0.0
622505,2019,26,0.0,0.46,559100,46.0,0.0
622534,2016,21,0.64,,,,
622534,2017,22,2.34,,535600,,
622534,2018,23,1.29,,556900,,
622534,2019,24,1.84,,577100,,
622534,2020,25,1.12,,,,
622534,2021,26,3.03,,3400000,,
622534,2022,27,1.49,,5600000,,
622534,2023,28,0.58,,7000000,,
622534,2024,29,-0.85,,10000000,,
622534,2025,30,-0.06,,1300000,,
622554,2018,23,0.03,2.14,,53.0,0.0
622554,2019,24,-0.01,0.0,564000,27.0,0.0
622554,2021,26,0.0,0.04,728000,1.0,0.0
622554,2022,27,,1.35,725000,54.0,0.0
622554,2023,28,,0.44,2500000,57.0,0.0
622554,2024,29,0.0,0.18,4250000,63.0,0.0
622554,2025,30,0.0,0.52,8000000,67.0,0.0
622554,2026,31,,0.33,10000000,41.0,0.0
622569,2018,24,0.29,,,,
622569,2019,25,-0.86,,565500,,
622569,2021,27,0.66,,,,
622569,2022,28,-0.15,0.03,,1.0,0.0
622569,2023,29,0.4,0.02,,2.0,0.0
622569,2024,30,-0.65,0.03,,1.0,0.0
622569,2025,31,-0.49,-0.1,,1.0,0.0
622608,2017,22,-0.08,2.22,535000,36.0,20.0
622608,2018,23,-0.09,1.15,550000,23.0,13.0
622608,2019,24,-0.55,-0.73,560000,25.0,25.0
622608,2020,25,,2.45,,12.0,12.0
622608,2021,26,-0.47,1.87,3000000,28.0,28.0
622608,2022,27,,0.41,7250000,19.0,19.0
622608,2023,28,,0.06,7250000,2.0,2.0
622608,2024,29,,0.0,12000000,3.0,3.0
622608,2025,30,,-0.55,12000000,30.0,23.0
622608,2026,31,0.0,1.3,12000000,32.0,0.0
622663,2015,21,-0.03,1.96,,11.0,11.0
622663,2016,22,,-0.39,521300,22.0,11.0
622663,2017,23,-0.01,5.24,550975,31.0,31.0
622663,2018,24,-0.06,3.95,604975,32.0,32.0
622663,2019,25,,0.61,4500000,3.0,3.0
622663,2021,27,,0.33,10750000,4.0,0.0
622663,2022,28,,1.67,11500000,19.0,19.0
622663,2023,29,,-1.51,15000000,19.0,18.0
622663,2024,30,,1.66,13000000,31.0,31.0
622663,2025,31,,1.54,20000000,29.0,29.0
622663,2026,32,,0.99,25000000,12.0,12.0
622666,2017,23,1.31,,,,
622666,2018,24,3.26,,555000,,
622666,2019,25,-0.67,,575000,,
622666,2020,26,0.07,,1700000,,
622666,2021,27,-0.36,,1360000,,
622666,2022,28,0.08,,1400000,,
622666,2023,29,-0.23,,,,
622668,2021,26,0.04,,,,
622682,2018,23,-1.24,,545000,,
622682,2019,24,1.34,,,,
622682,2020,25,0.78,,,,
622682,2021,26,0.04,,,,
622682,2022,27,-0.1,,1400000,,
622694,2018,23,-0.13,-0.35,1090000,32.0,6.0
622694,2019,24,-0.09,0.37,,21.0,15.0
622694,2020,25,,0.79,,6.0,6.0
622694,2021,26,-0.09,0.42,,11.0,11.0
622694,2022,27,,-1.05,1325000,20.0,10.0
622694,2024,29,,-0.26,,9.0,1.0
622694,2026,31,,0.14,,1.0,0.0
622703,2017,22,,-0.05,,2.0,0.0
622713,2018,24,-0.02,,,,
622761,2020,25,-0.36,,,,
622761,2021,26,0.51,,,,
622761,2022,27,3.72,,,,
622761,2023,28,0.8,,2000000,,
622761,2024,29,0.79,,2700000,,
622761,2025,30,-0.59,-0.15,3550000,1.0,0.0
622761,2026,31,0.66,0.02,1000000,3.0,0.0
622766,2017,22,-0.05,-0.75,535000,31.0,3.0
622766,2018,23,0.0,-0.12,,11.0,0.0
622766,2019,24,-0.01,-0.09,560400,5.0,0.0
622766,2021,26,-0.05,0.32,,25.0,2.0
622766,2022,27,,0.09,,3.0,0.0
622766,2023,28,,0.58,,12.0,3.0
622766,2024,29,,0.03,,1.0,0.0
622772,2018,26,0.0,-0.2,,22.0,0.0
622772,2019,27,0.02,1.0,,31.0,0.0
622772,2020,28,,-0.82,,30.0,0.0
622772,2023,31,,0.45,720000,31.0,1.0
622774,2018,25,0.0,-0.12,,13.0,0.0
622774,2019,26,,-0.37,,4.0,0.0
622780,2020,26,,-0.27,,3.0,0.0
622780,2021,27,0.0,-0.23,,19.0,0.0
622780,2023,29,,0.46,,30.0,0.0
622780,2025,31,,0.03,,4.0,0.0
622783,2018,24,0.0,-0.18,,9.0,0.0
622783,2019,25,,-0.01,,1.0,0.0
622786,2019,24,-0.01,0.05,,24.0,0.0
622786,2020,25,,0.30000000000000004,,6.0,0.0
622786,2021,26,,-0.3,,1.0,0.0
622786,2022,27,,0.67,,17.0,2.0
622786,2024,29,,1.0,740000,32.0,0.0
622786,2025,30,,-0.09,,20.0,0.0
622795,2016,21,,-0.23,,2.0,0.0
622795,2017,22,,0.0,,7.0,0.0
622795,2018,23,-0.03,0.1,,8.0,5.0
622795,2019,24,,-0.01,558000,3.0,0.0
622797,2019,24,-0.01,-0.05,,6.0,4.0
622864,2018,23,-0.04,0.26,,11.0,11.0
622864,2019,24,,-0.2,,15.0,0.0
623143,2015,23,-0.17,,,,
623143,2016,24,0.11,,508000,,
623149,2017,27,-0.03,0.07,,57.0,0.0
623149,2018,28,-0.07,-1.02,553250,46.0,0.0
623149,2019,29,-0.01,0.1,,17.0,0.0
623149,2020,30,,-0.34,,5.0,0.0
623149,2021,31,0.0,1.58,,62.0,0.0
623149,2022,32,0.0,1.55,1735000,65.0,0.0
623149,2023,33,0.0,1.17,4100000,65.0,0.0
623149,2024,34,0.0,0.17,7350000,42.0,0.0
623149,2025,35,,-0.14,6000000,22.0,0.0
623149,2026,36,,-0.23,1500000,41.0,0.0
623166,2016,26,-0.03,,,,
623167,2017,22,0.01,-1.08,,14.0,9.0
623167,2018,23,0.0,-0.77,,4.0,1.0
623167,2019,24,0.05,-0.37,,9.0,1.0
623167,2021,26,-0.03,3.4,1700000,31.0,31.0
623167,2022,27,,1.23,3050000,33.0,22.0
623167,2023,28,,-1.1400000000000001,8000000,29.0,16.0
623167,2024,29,,1.61,1750000,33.0,30.0
623167,2025,30,,0.39,,21.0,1.0
623168,2019,28,0.08,,,,
623168,2020,29,0.08,0.03,,1.0,0.0
623168,2022,31,0.18,,,,
623168,2023,32,0.18,,,,
623168,2024,33,0.18,0.02,740000,1.0,0.0
623168,2025,34,1.86,-0.39,,3.0,0.0
623168,2026,35,-0.08,-0.11000000000000001,1237500,4.0,0.0
623180,2019,28,0.42,,,,
623182,2016,26,-0.010000000000000009,,,,
623182,2017,27,0.05,,535000,,
623182,2018,28,0.15,,,,
623182,2021,31,0.08,,,,
623184,2015,25,0.0,-0.05,,64.0,0.0
623184,2016,26,0.0,0.02,,24.0,0.0
623184,2017,27,0.0,0.25,540000,66.0,0.0
623184,2018,28,0.0,2.22,555000,56.0,0.0
623184,2019,29,-0.01,2.19,1300000,49.0,0.0
623205,2018,23,0.26,,,,
623205,2019,24,-0.18,,,,
623205,2020,25,0.24,,,,
623205,2021,26,0.0,,,,
623205,2022,27,1.39,,,,
623205,2023,28,-0.51,,,,
623205,2026,31,-0.05,,,,
623211,2022,32,,0.66,,27.0,0.0
623211,2023,33,,1.13,724000,50.0,0.0
623211,2024,34,,0.22000000000000003,753000,39.0,0.0
623211,2025,35,,0.65,,52.0,3.0
623211,2026,36,,1.46,1050000,44.0,6.0
623214,2018,23,-0.01,,,,
623214,2019,24,-0.04,,,,
623323,2019,25,-0.27,,,,
623323,2020,26,0.12,,,,
623323,2021,27,-0.04,,,,
623352,2017,23,-0.05,1.89,,35.0,0.0
623352,2018,24,0.05,2.12,556500,55.0,0.0
623352,2019,25,-0.03,2.78,687600,61.0,0.0
623352,2020,26,0.0,0.38,4100000,21.0,0.0
623352,2021,27,0.0,3.21,6675000,60.0,0.0
623352,2022,28,,-0.95,11000000,56.0,0.0
623352,2023,29,0.0,2.52,14100000,61.0,0.0
623352,2024,30,0.0,0.74,19000000,71.0,0.0
623352,2025,31,0.0,2.22,19000000,48.0,0.0
623352,2026,32,,1.07,19000000,23.0,0.0
623354,2018,25,0.0,0.26,,16.0,0.0
623354,2019,26,0.0,-0.01,,17.0,0.0
623354,2021,28,,-0.26,,4.0,0.0
623364,2018,26,0.0,0.22,,5.0,0.0
623364,2019,27,-0.03,-0.37000000000000005,,44.0,0.0
623364,2020,28,,-0.13,,1.0,0.0
623364,2021,29,0.0,0.72,,15.0,0.0
623381,2018,24,0.0,0.71,,12.0,6.0
623381,2019,25,0.0,-0.51,560100,37.0,7.0
623381,2023,29,,-0.07,,1.0,0.0
623395,2015,24,0.0,0.16,,23.0,0.0
623395,2016,25,-0.01,0.64,,32.0,0.0
623395,2017,26,-0.01,-1.21,,42.0,0.0
623402,2018,27,-0.02,-0.4,,22.0,0.0
623402,2019,28,0.0,0.03,555000,6.0,0.0
623406,2014,23,0.0,0.29,,26.0,0.0
623406,2016,25,0.0,0.22,508000,7.0,0.0
623406,2017,26,,-0.15,536200,9.0,0.0
623430,2015,25,,0.03,,13.0,0.0
623430,2016,26,0.0,2.32,507500,70.0,0.0
623430,2017,27,0.0,-0.71,540000,49.0,0.0
623430,2018,28,0.0,0.18,555000,28.0,0.0
623430,2019,29,,-0.8200000000000001,860000,11.0,0.0
623433,2019,28,0.0,1.45,555000,68.0,0.0
623433,2020,29,,1.07,,19.0,0.0
623433,2021,30,,0.0,,6.0,0.0
623433,2023,32,,0.63,875000,35.0,0.0
623433,2024,33,,0.25,1575000,37.0,0.0
623433,2025,34,,0.02,,12.0,0.0
623434,2017,27,,-0.33,535000,4.0,0.0
623434,2018,28,,0.13,,2.0,1.0
623437,2020,29,,0.17,,6.0,0.0
623437,2021,30,-0.01,-0.6,,4.0,0.0
623437,2022,31,,-0.27,,7.0,0.0
623437,2023,32,0.0,1.55,,75.0,0.0
623437,2024,33,,0.17,1250000,3.0,0.0
623437,2025,34,,0.39,1000000,54.0,1.0
623437,2026,35,,-0.69,225000,23.0,0.0
623439,2016,26,0.0,0.07,,37.0,0.0
623439,2017,27,,0.0,,20.0,0.0
623439,2019,29,,-0.08,,2.0,0.0
623451,2017,23,0.07,0.19,,7.0,4.0
623451,2018,24,0.02,-0.72,545000,29.0,0.0
623451,2022,28,0.0,0.02,,39.0,1.0
623451,2023,29,,0.21,740000,5.0,0.0
623451,2024,30,,0.06,,3.0,0.0
623454,2017,23,0.0,-0.25,,2.0,0.0
623454,2018,24,-0.05,0.11,,5.0,1.0
623454,2019,25,-0.01,-0.12,,2.0,0.0
623454,2020,26,,-0.33,,1.0,0.0
623454,2021,27,,0.29,,9.0,1.0
623454,2026,32,,0.43,7000000,38.0,2.0
623465,2018,23,0.0,-0.76,,9.0,1.0
623465,2019,24,0.0,-0.1,,25.0,0.0
623465,2020,25,,0.17,,14.0,0.0
623465,2021,26,-0.04,0.13,,8.0,0.0
623465,2022,27,0.05,2.58,,64.0,0.0
623465,2023,28,,1.58,1300000,62.0,0.0
623465,2024,29,,-0.53,4000000,61.0,0.0
623465,2025,30,,0.41,6100000,7.0,0.0
623465,2026,31,,-0.22,6500000,7.0,0.0
623470,2018,23,0.0,-0.07,,14.0,0.0
623470,2019,24,0.0,0.59,,27.0,0.0
623470,2020,25,,0.05,,20.0,0.0
623470,2021,26,,-0.42,,4.0,0.0
623474,2019,25,0.0,0.07,,5.0,0.0
623474,2020,26,,0.35,,20.0,1.0
623474,2021,27,0.0,-0.15,700000,18.0,0.0
623474,2022,28,,2.31,,49.0,1.0
623474,2023,29,,0.24,,29.0,1.0
623474,2024,30,,0.05,,8.0,0.0
623474,2025,31,,2.96,850000,59.0,0.0
623474,2026,32,0.0,-0.34,1550000,29.0,3.0
623485,2020,27,,-0.09,,4.0,0.0
623485,2021,28,0.0,0.44,,16.0,1.0
623485,2022,29,,-0.54,,12.0,0.0
623507,2022,27,-0.13,,,,
623507,2023,28,-0.2,0.03,,1.0,0.0
623508,2021,27,-0.12,,,,
623515,2019,25,-0.03,,555000,,
623515,2022,28,-0.08,,,,
623520,2018,25,1.93,,,,
623520,2019,26,1.95,,561500,,
623520,2020,27,-0.01,,960000,,
623520,2021,28,-0.52,,1010000,,
623520,2022,29,0.84,,2510000,,
623520,2024,31,0.17,0.03,5510000,1.0,0.0
623912,2019,24,0.17,,,,
623912,2020,25,-0.07,,,,
623912,2021,26,0.25,,,,
623912,2022,27,1.29,,,,
623912,2023,28,2.03,,2200000,,
623912,2024,29,-0.1,,3800000,,
623913,2014,22,0.0,-0.85,,14.0,0.0
623913,2017,25,0.0,-0.06,,8.0,0.0
623913,2019,27,0.0,0.47,,25.0,0.0
623993,2017,22,-0.04,,,,
623993,2018,23,-0.44,,546500,,
623993,2019,24,1.65,,,,
623993,2020,25,1.59,,,,
623993,2021,26,0.42,,2100000,,
623993,2022,27,2.12,,3150000,,
623993,2023,28,3.04,,7400000,,
623993,2024,29,2.7,,11700000,,
623993,2025,30,-0.99,,16200000,,
624133,2018,22,0.08,-0.3,,4.0,3.0
624133,2019,23,0.02,0.79,,37.0,0.0
624133,2020,24,,-0.39,,3.0,0.0
624133,2021,25,0.21,5.64,,39.0,12.0
624133,2022,26,,2.31,,29.0,29.0
624133,2023,27,,2.36,2950000,22.0,22.0
624133,2024,28,,2.9,5050000,27.0,27.0
624133,2025,29,,4.82,8800000,26.0,26.0
624133,2026,30,,1.81,26000000,18.0,18.0
624407,2017,23,0.3,,,,
624407,2018,24,0.05,,,,
624407,2019,25,0.01,,,,
624407,2020,26,-0.51,-0.1,,1.0,0.0
624407,2021,27,0.0,,,,
624413,2019,24,5.41,,555000,,
624413,2020,25,0.14,,,,
624413,2021,26,4.06,,,,
624413,2022,27,4.41,,7400000,,
624413,2023,28,3.28,,14500000,,
624413,2024,29,2.48,,20500000,,
624413,2025,30,3.31,,30000000,,
624413,2026,31,2.43,,21000000,,
624414,2017,22,-0.27,,,,
624414,2018,23,0.13,,,,
624414,2019,24,0.08,,,,
624414,2020,25,0.19,,,,
624414,2021,26,1.52,-0.05,,1.0,0.0
624414,2022,27,0.68,,1200000,,
624414,2023,28,-0.19,,2000000,,
624415,2019,24,3.07,,,,
624415,2020,25,2.17,,,,
624415,2021,26,0.22,,,,
624415,2022,27,0.84,,2123000,,
624415,2023,28,0.63,,2800000,,
624415,2024,29,0.04999999999999999,,4210000,,
624415,2025,30,-0.18,,,,
624418,2020,24,,0.06,,10.0,9.0
624418,2021,25,-0.01,0.07,,1.0,1.0
624418,2022,26,,0.05,,3.0,0.0
624419,2018,23,-0.22,,,,
624419,2019,24,-0.07,,,,
624419,2021,26,0.06,,,,
624424,2015,22,2.16,,,,
624424,2016,23,0.69,,517246,,
624424,2017,24,3.72,,554904,,
624424,2018,25,2.77,,605094,,
624424,2019,26,3.55,,4025000,,
624424,2020,27,2.12,,8000000,,
624424,2021,28,0.45,,12250000,,
624424,2023,30,0.83,,18000000,,
624424,2024,31,1.29,,18000000,,
624424,2025,32,-0.74,,17000000,,
624424,2026,33,0.64,,,,
624427,2018,23,,-0.65,,7.0,4.0
624427,2021,26,,0.06,,3.0,0.0
624428,2016,24,0.4,,,,
624428,2017,25,1.06,,549500,,
624428,2018,26,2.59,,571000,,
624428,2019,27,2.39,,584000,,
624428,2020,28,0.75,,2800000,,
624428,2021,29,3.97,,4300000,,
624428,2022,30,0.88,,8000000,,
624428,2023,31,1.7,,8000000,,
624428,2024,32,0.42,,2000000,,
624428,2025,33,1.32,,1525000,,
624428,2026,34,0.35,-0.13,,3.0,0.0
624431,2018,25,-0.07,,,,
624431,2019,26,0.03,,,,
624431,2020,27,0.36,,,,
624431,2021,28,0.1,,,,
624431,2022,29,2.28,,,,
624431,2023,30,0.49,,2360000,,
624431,2024,31,0.62,-0.09,2730000,2.0,0.0
624431,2025,32,-0.13,0.03,3425000,2.0,0.0
624431,2026,33,0.28,-0.22,5250000,4.0,0.0
624503,2021,25,0.08,,,,
624503,2022,26,1.57,-0.31,,4.0,0.0
624503,2023,27,-0.25,,735400,,
624503,2024,28,-1.56,,900000,,
624507,2017,23,-1.5,,,,
624507,2018,24,0.23,,,,
624512,2018,23,0.26,,,,
624512,2019,24,0.97,,,,
624512,2020,25,-0.42,,,,
624512,2021,26,0.31,,,,
624512,2022,27,0.91,0.04,,1.0,0.0
624512,2023,28,-0.31,,1225000,,
624512,2024,29,0.17,,1500000,,
624512,2025,30,0.32,-0.02,,1.0,0.0
624512,2026,31,-0.51,0.03,1200000,1.0,0.0
624513,2019,24,-0.14,,,,
624513,2021,26,-0.5,,,,
624513,2022,27,-0.38,,,,
624513,2025,30,0.0,,,,
624522,2021,26,-0.01,0.78,,32.0,6.0
624522,2022,27,,1.41,,29.0,17.0
624522,2023,28,,0.08,740000,19.0,0.0
624522,2024,29,,0.56,740000,24.0,0.0
624522,2026,31,,-0.17,,5.0,0.0
624577,2013,22,4.7,,3714000,,
624577,2014,23,4.9,,3714000,,
624577,2015,24,1.09,,6214000,,
624577,2016,25,1.25,,7214000,,
624577,2017,26,3.43,,8214000,,
624577,2018,27,2.43,,9214000,,
624577,2019,28,0.97,,9700000,,
624585,2014,22,0.91,,,,
624585,2015,23,0.06,,2666667,,
624585,2016,24,0.17,,3666667,,
624585,2017,25,-1.24,,3666667,,
624585,2018,26,0.31,,4666667,,
624585,2019,27,3.46,,4666667,,
624585,2020,28,0.24,,7300000,,
624585,2021,29,0.08999999999999986,,8050000,,
624585,2022,30,0.39,,12000000,,
624585,2023,31,1.45,,15000000,,
624585,2024,32,1.09,,10000000,,
624585,2025,33,-0.33,,,,
624585,2026,34,-0.21,,,,
624586,2016,29,0.0,-0.07,,22.0,0.0
624586,2017,30,-0.01,0.18,,43.0,0.0
624586,2018,31,,0.01,,1.0,0.0
624586,2019,32,0.0,0.22,,8.0,0.0
624586,2020,33,,0.79,,24.0,0.0
624586,2021,34,0.0,-0.38,,9.0,0.0
624636,2018,22,-1.5,0.03,545000,1.0,0.0
624641,2018,22,-0.01,,,,
624641,2019,23,0.01,,,,
624641,2021,25,3.2,,,,
624641,2022,26,1.37,,,,
624641,2023,27,0.63,,950000,,
624641,2024,28,2.21,,1700000,,
624641,2025,29,2.29,,3000000,,
624641,2026,30,-0.25,,4400000,,
624647,2020,24,,0.65,,15.0,1.0
624647,2021,25,0.0,0.49,,44.0,1.0
624647,2023,27,0.0,0.23,,34.0,1.0
624647,2024,28,,0.05,860000,27.0,0.0
625329,2013,26,-0.26,,,,
625329,2015,28,0.15,,,,
625510,2019,24,-0.02,,,,
625510,2020,25,-0.43,,,,
625643,2016,22,-0.09,-0.15,,11.0,6.0
625643,2017,23,,0.06,,8.0,8.0
625643,2018,24,-0.01,3.1,555000,32.0,32.0
625643,2019,25,-0.05,0.3,580000,33.0,33.0
625643,2020,26,,-0.62,,8.0,8.0
625643,2021,27,0.0,0.92,2100000,20.0,9.0
625643,2022,28,0.0,1.49,2625000,61.0,1.0
625643,2023,29,,2.04,3625000,68.0,0.0
625643,2024,30,,5.09,4000000,26.0,25.0
625643,2025,31,,-0.02,8000000,1.0,1.0
625643,2026,32,0.0,0.71,14000000,24.0,11.0
626929,2019,23,,-0.19,,12.0,2.0
626929,2020,24,,-0.31,,7.0,1.0
626929,2021,25,,-0.22,,5.0,4.0
627262,2017,28,,0.01,,4.0,0.0
627500,2017,22,-0.01,-0.2,,2.0,1.0
627500,2018,23,0.0,-0.18,,1.0,1.0
627894,2017,20,-0.16,0.16,,5.0,5.0
627894,2018,21,-0.02,-0.25,555000,9.0,1.0
628317,2016,28,-0.03,2.83,3125000,32.0,32.0
628317,2017,29,-0.01,0.56,3125000,29.0,25.0
628317,2018,30,-0.25,0.65,3125000,39.0,20.0
628317,2019,31,0.5,1.39,3125000,37.0,26.0
628317,2020,32,,1.59,3125000,11.0,11.0
628317,2021,33,0.04,0.3,3125000,21.0,21.0
628317,2023,35,,1.17,3125000,21.0,20.0
628317,2024,36,,-1.66,14000000,29.0,17.0
628317,2025,37,,-0.19,10000000,7.0,0.0
628318,2018,33,-0.03,-0.35,1900000,27.0,0.0
628326,2014,24,-0.39,,3000000,,
628329,2014,26,0.77,,871429,,
628329,2015,27,0.8,,11271000,,
628329,2016,28,0.04,,11271000,,
628333,2014,27,-0.28,0.26,,16.0,16.0
628333,2015,28,-0.2,-1.28,517300,34.0,18.0
628333,2016,29,0.0,-0.28,,19.0,0.0
628333,2017,30,-0.06,0.11,535000,18.0,8.0
628333,2018,31,0.019999999999999997,-1.12,1090000,19.0,5.0
628333,2019,32,,-0.28,,3.0,3.0
628336,2018,30,0.24,,,,
628338,2016,25,0.56,,,,
628338,2017,26,1.38,,782000,,
628338,2018,27,0.49,,,,
628338,2019,28,0.23,,782000,,
628338,2020,29,0.14,,563500,,
628338,2021,30,0.31,,,,
628338,2022,31,-0.35,,1000000,,
628345,2021,28,0.0,-0.41,,6.0,1.0
628356,2015,28,4.06,,2500000,,
628356,2016,29,2.16,,2500000,,
628356,2018,31,-0.01,,3000000,,
628356,2019,32,-0.32,,3000000,,
628450,2020,32,-0.13,,,,
628450,2021,33,0.1,,,,
628450,2022,34,0.62,,,,
628451,2021,28,1.72,,,,
628451,2022,29,-0.07,,,,
628451,2023,30,1.85,,,,
628451,2024,31,1.33,,766100,,
628451,2025,32,0.66,,1400000,,
628451,2026,33,-0.6799999999999999,,,,
628452,2015,25,-0.24,0.94,1714286,18.0,16.0
628452,2016,26,-0.06,2.68,3214286,37.0,5.0
628452,2017,27,0.1,2.23,4214286,63.0,0.0
628452,2018,28,-0.04,2.12,5214286,66.0,0.0
628452,2019,29,-0.03,1.02,5714285,68.0,0.0
628452,2020,30,0.0,0.23,5714285,22.0,0.0
628452,2021,31,0.0,2.79,,65.0,0.0
628452,2022,32,,1.5599999999999998,10000000,67.0,0.0
628452,2023,33,,1.06,16000000,58.0,0.0
628452,2024,34,,2.86,16000000,66.0,0.0
628452,2025,35,,1.25,16000000,70.0,0.0
628452,2026,36,0.0,0.87,16000000,36.0,0.0
628708,2022,27,,-0.36,,39.0,0.0
628708,2023,28,,-0.32,725500,40.0,0.0
628708,2024,29,,-0.65,751500,23.0,0.0
628708,2026,31,,-0.27,,1.0,0.0
628711,2016,19,-0.05,1.11,,18.0,15.0
628711,2017,20,-0.03,-0.24,,5.0,5.0
628711,2018,21,-0.01,0.11,550000,3.0,0.0
628711,2019,22,0.17,1.36,565000,37.0,8.0
628711,2020,23,,1.17,1000000,11.0,10.0
628711,2021,24,0.3,4.76,3600000,32.0,32.0
628711,2022,25,,4.6,8000000,31.0,31.0
628711,2023,26,,0.55,14250000,21.0,21.0
629496,2017,23,,0.16,,6.0,0.0
629496,2018,24,,0.09,,5.0,0.0
629498,2020,25,,-0.07,,3.0,0.0
629498,2023,28,,-0.13,,1.0,0.0
630023,2018,24,-0.01,1.07,545000,18.0,7.0
630023,2019,25,-0.02,2.09,561800,26.0,18.0
630023,2020,26,,0.32,,3.0,3.0
630023,2022,28,,0.46,1175000,2.0,1.0
630023,2023,29,,-0.36000000000000004,1275000,20.0,9.0
630023,2024,30,,-0.19,,6.0,6.0
630105,2020,26,1.62,,,,
630105,2021,27,4.79,0.04,,1.0,0.0
630105,2022,28,3.93,,,,
630105,2023,29,0.79,,4225000,,
630105,2024,30,1.91,,7285714,,
630105,2025,31,2.48,,11285715,,
630105,2026,32,-0.18,,12285714,,
630111,2015,24,-0.91,,5500000,,
630111,2016,25,-0.85,,7500000,,
630111,2017,26,-0.44,,9500000,,
630111,2019,28,-0.19,,15500000,,
630263,2019,25,0.0,-0.14,,1.0,0.0
630263,2020,26,,0.07,,6.0,0.0
635903,2017,26,,-0.26,,6.0,3.0
635903,2018,27,,-0.35,,2.0,0.0
639373,2018,23,0.0,-0.29,,5.0,0.0
639373,2019,24,,-0.34,555200,8.0,2.0
640444,2020,25,,-0.51,,3.0,3.0
640444,2021,26,-0.19,0.11,,26.0,25.0
640444,2022,27,,-0.01,,60.0,1.0
640444,2023,28,,0.0,745000,5.0,0.0
640447,2017,24,0.09,,,,
640447,2018,25,-0.54,0.01,545000,1.0,0.0
640447,2019,26,0.87,,,,
640447,2020,27,0.009999999999999953,,,,
640448,2020,28,,0.92,,25.0,0.0
640448,2021,29,0.0,-0.56,,68.0,0.0
640448,2022,30,,1.01,,66.0,0.0
640448,2023,31,,0.93,2325000,67.0,0.0
640448,2024,32,0.0,1.03,5100000,65.0,0.0
640448,2025,33,,1.14,5375060,56.0,0.0
640448,2026,34,,1.47,9500000,45.0,0.0
640449,2017,22,-0.16,,,,
640449,2018,23,0.06,,559200,,
640449,2019,24,-0.14,,563300,,
640449,2020,25,1.77,,,,
640449,2021,26,-1.49,,2100000,,
640449,2022,27,-0.02,,1500000,,
640449,2023,28,-0.28,,,,
640451,2019,24,0.0,0.31,,7.0,0.0
640451,2020,25,,0.04,,10.0,0.0
640451,2021,26,,0.15,,9.0,0.0
640451,2022,27,,1.03,,38.0,0.0
640451,2023,28,,1.88,870000,57.0,0.0
640451,2024,29,0.0,-0.03999999999999998,2350000,49.0,0.0
640451,2025,30,,0.69,3700000,12.0,0.0
640451,2026,31,,-0.1,6000000,4.0,0.0
640454,2023,28,,-0.42,,4.0,0.0
640454,2024,29,,-0.1,740000,1.0,0.0
640454,2025,30,,0.0,,3.0,0.0
640454,2026,31,,-0.7000000000000001,,11.0,0.0
640455,2016,24,-0.03,3.01,,25.0,24.0
640455,2017,25,0.01,1.47,537500,29.0,29.0
640455,2018,26,0.02,2.93,550000,27.0,27.0
640455,2019,27,,1.51,3150000,5.0,5.0
640455,2020,28,,0.29,3750000,11.0,11.0
640455,2021,29,0.16,3.22,5950000,32.0,32.0
640455,2022,30,,-0.73,,30.0,28.0
640455,2023,31,,0.19,10000000,37.0,10.0
640455,2024,32,,2.92,14500000,32.0,32.0
640455,2025,33,,-0.27,25000000,15.0,12.0
640455,2026,34,,0.01,25000000,22.0,8.0
640457,2018,23,-0.32,,,,
640457,2019,24,4.0,,557400,,
640457,2020,25,0.31,,,,
640457,2021,26,2.0,,,,
640457,2022,27,0.57,,,,
640457,2023,28,-0.15,,4300000,,
640458,2019,24,2.24,,,,
640458,2020,25,-0.48,,,,
640458,2021,26,0.95,,,,
640458,2022,27,-0.18,,,,
640458,2023,28,-0.19,,,,
640459,2020,25,0.04,,,,
640459,2025,30,0.21,,,,
640459,2026,31,0.15,,,,
640460,2018,23,-0.05,,,,
640460,2019,24,-0.59,,555100,,
640461,2016,24,-0.38,,,,
640461,2017,25,1.02,,,,
640461,2018,26,2.02,,550000,,
640461,2019,27,1.67,,565000,,
640461,2020,28,-0.04,,2025000,,
640461,2021,29,0.18,,2275000,,
640461,2022,30,-0.59,-0.1,2725000,1.0,0.0
640462,2019,24,,0.22,,10.0,0.0
640462,2021,26,,-0.11,,12.0,0.0
640462,2022,27,,1.09,,62.0,0.0
640462,2023,28,,0.78,736000,58.0,0.0
640462,2024,29,0.0,1.22,1800000,62.0,4.0
640462,2025,30,0.0,0.17,2950000,8.0,0.0
640463,2016,24,-0.12,0.29,,13.0,11.0
640463,2017,25,-0.08,-0.19,,10.0,3.0
640463,2018,26,0.06,-0.11,,3.0,0.0
640464,2018,23,,0.66,,8.0,4.0
640464,2019,24,,-0.19,,9.0,2.0
640464,2021,26,0.04,-0.3,,4.0,3.0
640470,2019,24,-0.07,-0.19,,4.0,2.0
640470,2020,25,,0.48,,6.0,4.0
640470,2021,26,-0.21,0.94,,29.0,21.0
640470,2022,27,,0.18,,6.0,0.0
640470,2023,28,,1.56,744750,58.0,0.0
640470,2024,29,,-0.62,2110000,18.0,0.0
640492,2022,26,-0.06,,,,
640492,2023,27,0.05,,723700,,
640492,2024,28,-0.35,,745700,,
640492,2025,29,-0.03,,,,
640492,2026,30,0.25,,,,
640902,2024,28,-0.04,0.01,740000,1.0,0.0
640902,2025,29,0.30000000000000004,-0.22,,3.0,0.0
640902,2026,30,0.06,,,,
641149,2018,25,-0.01,-0.08,,1.0,0.0
641149,2019,26,0.019999999999999997,-0.08000000000000002,565000,32.0,0.0
641149,2023,30,,-0.35,,1.0,1.0
641149,2024,31,,-0.010000000000000009,749600,4.0,0.0
641154,2018,22,0.08,0.69,,10.0,10.0
641154,2019,23,0.02,0.67,555000,21.0,21.0
641154,2020,24,,1.35,,11.0,11.0
641154,2021,25,-0.14,2.84,,20.0,20.0
641154,2022,26,,3.02,2450000,32.0,32.0
641154,2023,27,,3.44,5450000,32.0,32.0
641154,2024,28,,2.63,8250000,32.0,32.0
641154,2025,29,,2.12,21750000,14.0,14.0
641302,2019,24,,1.0,,13.0,8.0
641302,2020,25,,0.54,,14.0,2.0
641302,2021,26,-0.02,1.99,,41.0,15.0
641302,2022,27,,-0.19,,27.0,17.0
641302,2023,28,,0.12,1875000,25.0,1.0
641302,2024,29,,0.36,1950000,23.0,9.0
641302,2025,30,-0.01,-0.3600000000000001,1000000,52.0,5.0
641302,2026,31,,0.58,1125000,47.0,4.0
641312,2019,24,-0.08,-0.26,,28.0,16.0
641312,2020,25,,0.24,,18.0,0.0
641312,2021,26,0.0,-0.87,,16.0,0.0
641312,2022,27,,-0.07,,1.0,0.0
641312,2024,29,,-0.63,,6.0,2.0
641312,2025,30,,-0.56,,7.0,0.0
641312,2026,31,,-0.22,,9.0,0.0
641313,2016,23,2.32,,,,
641313,2017,24,-0.25,,850000,,
641313,2018,25,3.88,,1000000,,
641313,2019,26,4.24,,1400000,,
641313,2020,27,2.51,,4000000,,
641313,2021,28,4.48,,7250000,,
641313,2022,29,1.31,,9500000,,
641313,2023,30,-1.77,,12500000,,
641313,2024,31,-1.34,,5000000,,
641313,2025,32,0.0,,1250000,,
641319,2016,24,-0.13,,,,
641319,2017,25,0.63,,,,
641319,2018,26,-0.19,,550100,,
641329,2021,26,,0.04,,1.0,0.0
641329,2022,27,,1.04,,66.0,2.0
641329,2023,28,0.0,0.45,729000,46.0,0.0
641329,2024,29,,-0.09,740000,19.0,0.0
641329,2025,30,0.0,0.36,,73.0,0.0
641329,2026,31,,1.6,1275000,42.0,0.0
641341,2018,25,-0.01,0.02,,24.0,0.0
641341,2019,26,0.0,-0.43,,24.0,0.0
641341,2020,27,,-0.28,,8.0,0.0
641343,2018,22,0.45,,,,
641343,2019,23,-0.7,,560400,,
641343,2021,25,-0.33999999999999997,,,,
641343,2023,27,-0.94,,,,
641343,2024,28,-0.32,0.01,1350000,4.0,0.0
641343,2025,29,0.62,-0.05,,5.0,0.0
641343,2026,30,1.86,,2700000,,
641355,2017,21,3.97,,,,
641355,2018,22,4.53,,585000,,
641355,2019,23,8.69,,605000,,
641355,2020,24,1.52,,11500000,,
641355,2021,25,-1.58,,16100000,,
641355,2022,26,1.32,,17000000,,
641355,2023,27,4.75,,12500000,,
641355,2024,28,2.22,,27500000,,
641355,2025,29,4.99,,27500000,,
641355,2026,30,3.96,,42500000,,
641360,2020,24,,-0.13,,1.0,0.0
641360,2021,25,0.06,1.16,,57.0,0.0
641360,2022,26,0.0,-0.34,,60.0,0.0
641360,2023,27,,-0.22,740000,61.0,0.0
641360,2024,28,,-0.25,,8.0,0.0
641384,2021,26,0.0,0.03,,1.0,0.0
641386,2021,26,0.0,-0.58,,39.0,0.0
641386,2025,30,,0.03,,11.0,0.0
641394,2021,26,0.05,0.4,,72.0,0.0
641394,2022,27,,-1.31,,8.0,0.0
641401,2020,25,,0.21,,9.0,0.0
641401,2021,26,0.0,0.98,,56.0,1.0
641401,2022,27,,0.9,,47.0,0.0
641401,2023,28,,0.29,738750,27.0,1.0
641401,2024,29,,-0.74,761000,4.0,0.0
641401,2025,30,,-0.26,,43.0,0.0
641401,2026,31,,-0.41,900000,15.0,0.0
641420,2020,25,,-0.56,,8.0,0.0
641420,2021,26,,0.010000000000000002,,7.0,0.0
641420,2023,28,,-0.23,,3.0,0.0
641427,2017,26,0.0,0.8,,28.0,0.0
641427,2018,27,,-1.21,,23.0,0.0
641427,2023,32,,0.2,,6.0,0.0
641427,2024,33,,-0.25,,3.0,0.0
641432,2017,22,-0.08,,,,
641432,2018,23,-0.7,,,,
641432,2019,24,0.77,,,,
641432,2020,25,-0.99,,,,
641432,2021,26,-0.42,,,,
641432,2022,27,-0.35,,1300000,,
641432,2023,28,-0.19,,,,
641432,2024,29,-0.21,,817204,,
641438,2017,25,0.0,-0.02,,3.0,0.0
641438,2018,26,-0.06,1.1,555000,53.0,0.0
641438,2019,27,-0.01,-0.34,575000,6.0,0.0
641447,2020,25,,0.86,,7.0,6.0
641447,2021,26,-0.04,0.01,,5.0,4.0
641447,2022,27,,0.14,,10.0,7.0
641447,2023,28,,-0.25,,2.0,0.0
641470,2019,24,-0.24,,,,
641470,2020,25,-0.24,,,,
641470,2021,26,-0.52,,,,
641470,2022,27,-0.27,,,,
641470,2023,28,0.13,,,,
641477,2018,26,-0.73,,,,
641477,2019,27,-0.6,,555000,,
641477,2020,28,-0.1,,,,
641482,2018,23,,-0.12,545000,4.0,0.0
641482,2019,24,0.0,-0.35,,33.0,1.0
641482,2020,25,,-0.63,,5.0,1.0
641482,2021,26,-0.02,2.8,,22.0,14.0
641482,2022,27,,4.36,,28.0,28.0
641482,2023,28,,0.45,3200000,12.0,12.0
641482,2024,29,,2.41,3950000,31.0,30.0
641482,2025,30,,-0.24999999999999997,7600000,8.0,8.0
641487,2017,22,0.86,,,,
641487,2018,23,0.2,,545500,,
641487,2019,24,1.45,,,,
641487,2020,25,1.58,,,,
641487,2021,26,3.65,,2050000,,
641487,2022,27,2.68,,6000000,,
641487,2023,28,5.21,,11000000,,
641487,2024,29,2.66,,11000000,,
641487,2025,30,3.58,,11000000,,
641487,2026,31,0.88,,12000000,,
641490,2014,22,0.0,1.13,,43.0,0.0
641490,2015,23,0.0,0.12,510900,31.0,0.0
641490,2016,24,0.0,0.06,,29.0,0.0
641490,2017,25,0.0,-0.05,,4.0,0.0
641490,2018,26,0.0,-0.27,,15.0,0.0
641501,2016,21,,-0.09,,3.0,0.0
641501,2017,22,,0.34,,1.0,1.0
641501,2018,23,,-0.22,,7.0,0.0
641501,2022,27,,-0.12,,32.0,0.0
641505,2018,26,-0.29,,,,
641505,2019,27,-0.26,,,,
641505,2020,28,0.36,,,,
641505,2021,29,-0.23,,,,
641505,2022,30,0.0,,,,
641505,2023,31,-0.04,,,,
641511,2022,27,-0.41,,,,
641511,2023,28,-0.05,,720000,,
641511,2024,29,0.08,,755000,,
641512,2022,27,0.2,,,,
641513,2019,24,-1.09,,,,
641513,2020,25,0.0,-0.12,,1.0,0.0
641513,2022,27,-0.47,,,,
641525,2018,26,-0.65,0.05,,2.0,0.0
641525,2019,27,-0.26,-0.02,,2.0,0.0
641525,2020,28,-0.13,,,,
641525,2022,30,-0.02,,,,
641525,2023,31,-0.26,0.03,,1.0,0.0
641531,2016,24,-0.03,,,,
641531,2018,26,-2.12,,,,
641531,2019,27,2.68,,567225,,
641531,2020,28,0.37,,,,
641531,2021,29,-2.36,,2500000,,
641531,2022,30,-1.11,-0.06,4750000,1.0,0.0
641531,2023,31,-0.25,,7500000,,
641540,2020,25,,0.14,,7.0,7.0
641540,2021,26,0.06,0.72,,27.0,25.0
641540,2022,27,,1.14,,29.0,29.0
641540,2023,28,,2.66,742840,35.0,26.0
641540,2024,29,,-0.79,3325000,26.0,15.0
641540,2025,30,,-0.41000000000000003,2660000,12.0,0.0
641541,2019,24,-0.02,0.27,,15.0,3.0
641541,2021,26,0.03,-0.81,,4.0,4.0
641553,2017,25,-0.72,,,,
641553,2018,26,1.15,,552000,,
641553,2019,27,0.84,,571000,,
641553,2020,28,0.67,,,,
641553,2021,29,1.45,,1350000,,
641553,2022,30,0.29,,2000000,,
641553,2023,31,-0.34,,1000000,,
641555,2025,30,0.04,,,,
641555,2026,31,0.07,,,,
641561,2021,26,0.06,,,,
641571,2018,24,0.07,1.07,,17.0,13.0
641571,2019,25,0.0,-0.51,,12.0,3.0
641576,2020,24,,-0.05,,2.0,0.0
641576,2021,25,0.0,0.0,,1.0,0.0
641582,2020,25,0.0,0.69,,23.0,2.0
641582,2021,26,0.0,-0.42,,37.0,0.0
641582,2022,27,0.0,0.22,,48.0,0.0
641582,2024,29,,0.26,750000,6.0,1.0
641583,2017,22,0.0,,,,
641583,2018,23,-0.98,,547500,,
641583,2021,26,-0.46,,,,
641584,2019,24,-0.79,,,,
641584,2020,25,0.0,,,,
641584,2021,26,1.42,,,,
641584,2022,27,0.5,,,,
641584,2023,28,0.8,,740000,,
641584,2024,29,0.3,,2150000,,
641584,2025,30,0.36,,3125000,,
641584,2026,31,-0.03,,3000000,,
641585,2023,28,,1.62,,24.0,23.0
641585,2024,29,,-0.5,767600,5.0,5.0
641585,2025,30,,0.07,,2.0,0.0
641585,2026,31,,-0.14,,3.0,0.0
641598,2017,26,0.04,,,,
641598,2018,27,1.05,0.04,547500,1.0,0.0
641598,2019,28,4.12,,575000,,
641598,2020,29,0.02,,,,
641598,2021,30,2.08,,1875000,,
641598,2022,31,0.35,,3335000,,
641598,2023,32,2.29,,3900000,,
641598,2024,33,-0.17,,10500000,,
641598,2025,34,-0.19,,12500000,,
641598,2026,35,0.26,,1000000,,
641627,2015,22,0.0,0.62,,48.0,0.0
641627,2016,23,0.0,0.21,,9.0,0.0
641627,2017,24,0.0,-0.47,,4.0,0.0
641627,2018,25,0.0,-0.23,555000,20.0,0.0
641627,2019,26,-0.01,0.31,567500,50.0,0.0
641627,2020,27,,-0.8,,15.0,0.0
641627,2022,29,,-0.29,,45.0,0.0
641627,2023,30,,-0.19,1200000,64.0,0.0
641632,2021,26,0.0,-0.44,,24.0,1.0
641645,2018,23,-0.08,,,,
641645,2019,24,0.38,,555960,,
641645,2020,25,0.7,0.03,,1.0,0.0
641645,2021,26,0.52,-0.06,,1.0,0.0
641645,2022,27,1.54,,875000,,
641645,2023,28,-0.09,0.03,1600000,1.0,0.0
641645,2024,29,0.22999999999999998,-0.07,1100000,3.0,0.0
641645,2025,30,-0.23,,,,
641656,2018,23,,-0.07,,10.0,0.0
641656,2020,25,,-0.01,,4.0,0.0
641656,2022,27,,-0.04,,1.0,0.0
641656,2023,28,,1.56,,39.0,3.0
641656,2024,29,,0.49,923050,35.0,0.0
641656,2025,30,,0.16,,36.0,1.0
641656,2026,31,,-0.11,,4.0,0.0
641658,2018,23,0.13,,,,
641658,2019,24,0.27,,557000,,
641658,2020,25,-0.04,,,,
641658,2021,26,0.71,,,,
641658,2022,27,-0.86,,1863000,,
641658,2023,28,1.13,,,,
641658,2024,29,0.45,0.04,2000000,1.0,0.0
641658,2025,30,-0.38999999999999996,0.03,1500000,1.0,0.0
641672,2020,25,,0.66,,17.0,1.0
641672,2021,26,,-0.11,,3.0,2.0
641672,2022,27,,-0.37,,1.0,1.0
641672,2023,28,,0.09,,18.0,2.0
641672,2025,30,,-0.15,,12.0,1.0
641680,2020,25,0.08,,,,
641680,2021,26,-0.06,,,,
641680,2022,27,2.36,,,,
641680,2023,28,3.09,,745660,,
641680,2024,29,1.36,,3050000,,
641680,2025,30,0.31,,4575000,,
641680,2026,31,0.18999999999999997,,1500000,,
641682,2021,26,-0.01,-0.26,,36.0,0.0
641682,2022,27,0.0,0.01,,9.0,0.0
641684,2018,23,-0.15,,,,
641684,2019,24,0.02,,556500,,
641684,2020,25,-0.03,,,,
641684,2021,26,0.03,,,,
641684,2022,27,-0.36,,600000,,
641703,2021,26,,-0.2,,3.0,2.0
641703,2023,28,,0.060000000000000026,725000,40.0,0.0
641703,2024,29,,0.6000000000000001,,20.0,1.0
641712,2018,23,-0.01,0.63,,26.0,0.0
641712,2019,24,-0.27,2.1,559100,33.0,32.0
641712,2020,25,,0.61,,8.0,8.0
641712,2021,26,0.07,0.26,,2.0,1.0
641712,2022,27,,0.35,1050000,27.0,26.0
641712,2023,28,,0.51,2650000,18.0,12.0
641712,2024,29,,-0.78,1500000,18.0,18.0
641726,2020,24,,-0.27,,1.0,1.0
641726,2021,25,,0.24,,5.0,1.0
641726,2022,26,,-0.28,,8.0,8.0
641726,2024,28,,-0.7,740000,6.0,1.0
641729,2017,22,,-1.04,,24.0,0.0
641729,2018,23,0.0,0.23,547200,68.0,0.0
641729,2019,24,0.0,0.69,569200,66.0,0.0
641729,2020,25,,-0.7,,25.0,0.0
641729,2021,26,0.0,-0.5,1500000,52.0,0.0
641729,2022,27,,0.51,1790000,62.0,0.0
641729,2023,28,0.0,0.85,2765000,59.0,0.0
641729,2024,29,,1.77,8000000,69.0,0.0
641739,2020,25,,-0.05,,5.0,0.0
641741,2022,27,0.08,,,,
641743,2019,24,,0.02,,3.0,2.0
641743,2020,25,,0.09,,13.0,0.0
641743,2021,26,,-0.11,,11.0,5.0
641743,2022,27,,0.01,,1.0,0.0
641743,2023,28,0.0,-0.17,,16.0,0.0
641743,2026,31,,1.34,5000000,21.0,19.0
641745,2018,22,0.04,4.15,545000,41.0,20.0
641745,2019,23,0.02,3.02,578125,28.0,28.0
641745,2020,24,,1.73,,9.0,9.0
641745,2021,25,-0.08,-0.35,3350000,26.0,26.0
641745,2022,26,,0.15,4825000,35.0,22.0
641745,2023,27,,0.4,5775000,11.0,9.0
641745,2024,28,,-0.29,,16.0,2.0
641745,2025,29,,1.49,1500000,68.0,1.0
641745,2026,30,,0.57,9000000,32.0,0.0
641755,2018,27,0.0,-0.47,545000,13.0,0.0
641755,2019,28,-0.01,0.84,555000,52.0,0.0
641755,2020,29,,0.18,,24.0,0.0
641755,2021,30,0.0,0.38,,70.0,0.0
641755,2022,31,,1.07,1025000,25.0,0.0
641755,2023,32,,-0.16,1200000,18.0,0.0
641755,2024,33,0.0,-0.24,1300000,67.0,0.0
641755,2025,34,,1.33,3000000,73.0,0.0
641755,2026,35,0.0,0.16,3000000,43.0,0.0
641771,2016,23,-0.13,0.9,,14.0,14.0
641771,2017,24,-0.06,1.47,550000,31.0,31.0
641771,2018,25,0.02,0.06,570500,16.0,16.0
641771,2020,27,,-0.06,840000,11.0,9.0
641771,2021,28,-0.12,0.17,2130000,28.0,14.0
641771,2022,29,,-0.1,3000000,27.0,27.0
641771,2023,30,,-1.33,935511,16.0,5.0
641771,2024,31,,0.18,,31.0,1.0
641778,2018,23,-0.13,0.06,,23.0,23.0
641778,2019,24,-0.22,1.36,562500,30.0,29.0
641778,2020,25,,-0.6,,4.0,2.0
641778,2021,26,0.23,2.06,,24.0,20.0
641778,2022,27,,1.73,2425000,29.0,29.0
641778,2023,28,,-0.95,5075000,10.0,9.0
641778,2025,30,,2.25,,28.0,15.0
641778,2026,31,,0.22000000000000003,4400000,16.0,13.0
641779,2022,26,0.66,,,,
641779,2024,28,0.14,,,,
641786,2019,23,0.48,,,,
641786,2020,24,1.59,,,,
641786,2021,25,0.42,,,,
641786,2022,26,-0.11,,,,
641786,2023,27,-0.55,,1610000,,
641793,2018,22,0.0,-0.49,,8.0,2.0
641793,2019,23,0.0,0.95,,29.0,0.0
641793,2020,24,,-0.26,,6.0,0.0
641793,2021,25,0.03,1.01,570500,63.0,2.0
641793,2022,26,,0.06,,39.0,0.0
641793,2023,27,,0.99,,28.0,14.0
641793,2024,28,,2.81,1850000,29.0,29.0
641793,2025,29,,3.27,5720000,32.0,32.0
641793,2026,30,,-0.2,3000000,21.0,13.0
641796,2017,24,-0.02,,,,
641796,2018,25,0.1,,,,
641796,2019,26,0.77,,,,
641796,2020,27,0.68,,,,
641796,2021,28,-0.75,,,,
641796,2022,29,-0.34,,900000,,
641796,2023,30,0.43,,1400000,,
641816,2017,22,0.01,0.56,,4.0,4.0
641816,2018,23,0.01,0.2,545000,23.0,23.0
641816,2019,24,-0.18,0.3,570000,25.0,25.0
641816,2020,25,,1.04,,10.0,9.0
641816,2021,26,-0.34,4.94,2200000,33.0,33.0
641816,2022,27,,1.94,5200000,23.0,23.0
641816,2023,28,,0.48,7500000,5.0,5.0
641816,2024,29,,0.02,5500000,3.0,3.0
641816,2025,30,,2.18,16500000,16.0,16.0
641816,2026,31,,-0.04,10000000,17.0,17.0
641820,2016,24,0.31,,,,
641820,2017,25,2.58,,536000,,
641820,2018,26,0.67,,556500,,
641820,2019,27,3.68,,575500,,
641820,2021,29,0.99,,4750000,,
641820,2022,30,1.45,,7500000,,
641820,2023,31,-1.12,,7000000,,
641820,2026,34,0.01,,,,
641829,2019,23,-0.29,,,,
641829,2020,24,-0.2,,,,
641829,2021,25,-0.25,,,,
641835,2017,25,0.0,-0.37,,19.0,0.0
641835,2018,26,0.0,0.73,,37.0,0.0
641835,2019,27,0.0,0.08,568300,68.0,0.0
641835,2021,29,0.0,0.95,,61.0,0.0
641835,2022,30,,0.62,1250000,63.0,0.0
641835,2023,31,0.0,2.15,2100000,69.0,0.0
641835,2024,32,,-1.23,3590000,50.0,0.0
641835,2025,33,,0.19,1150000,15.0,0.0
641835,2026,34,,0.73,1750000,41.0,4.0
641838,2016,24,,-0.37,,10.0,0.0
641838,2017,25,0.0,0.44,,33.0,0.0
641838,2018,26,0.0,1.53,,65.0,0.0
641838,2019,27,0.0,0.64,578250,56.0,0.0
641838,2020,28,,0.03,,5.0,0.0
641850,2017,25,0.0,0.0,,8.0,0.0
641851,2018,26,-0.03,-0.03,,5.0,1.0
641851,2019,27,0.04,-0.51,,7.0,1.0
641851,2020,28,,0.26,,9.0,0.0
641851,2021,29,-0.01,0.18,,27.0,0.0
641853,2019,24,,0.14,,25.0,0.0
641853,2020,25,,-0.09,,1.0,0.0
641853,2022,27,,-0.06000000000000001,,4.0,0.0
641856,2018,23,0.16999999999999998,,,,
641856,2019,24,0.48,,559400,,
641856,2020,25,0.08,,,,
641856,2021,26,-0.15999999999999998,,,,
641856,2022,27,-0.81,,700000,,
641856,2023,28,0.18,,,,
641856,2024,29,-0.04,,,,
641856,2025,30,-0.11,,,,
641857,2017,22,-0.11,,,,
641857,2018,23,0.3,,547000,,
641857,2019,24,1.87,,560000,,
641857,2020,25,0.52,,,,
641857,2021,26,4.02,,2375000,,
641857,2022,27,3.16,,5000000,,
641857,2023,28,2.94,,9000000,,
641857,2024,29,2.32,,12000000,,
641857,2025,30,2.27,,12000000,,
641857,2026,31,0.15,,16000000,,
641871,2017,23,0.0,0.6,,64.0,0.0
641871,2018,24,,0.84,551000,16.0,0.0
641871,2019,25,,0.4,563500,11.0,0.0
641871,2020,26,,0.02,800000,13.0,0.0
641871,2021,27,0.0,-0.03,800000,32.0,1.0
641871,2022,28,0.0,-0.55,100000,18.0,0.0
641871,2023,29,,0.93,,51.0,0.0
641878,2019,27,0.07,,,,
641878,2020,28,0.0,,,,
641907,2020,25,,0.18,,4.0,0.0
641907,2021,26,-0.01,-0.27,,25.0,0.0
641907,2022,27,,-0.14,,6.0,0.0
641914,2019,24,0.31,,,,
641914,2021,26,-0.5,,,,
641914,2022,27,-0.77,0.12,,3.0,0.0
641924,2018,23,0.25,,,,
641924,2019,24,0.02,,,,
641924,2020,25,0.46,,,,
641924,2021,26,-0.22999999999999998,,,,
641927,2021,25,0.05,1.17,,20.0,20.0
641927,2022,26,,0.97,,11.0,11.0
641927,2023,27,,3.04,,26.0,26.0
641927,2024,28,,2.96,761850,31.0,31.0
641927,2025,29,,0.97,3550000,27.0,27.0
641927,2026,30,,1.0,5200000,15.0,15.0
641929,2020,28,-0.2,,,,
641929,2021,29,-0.04,,,,
641933,2018,23,1.19,,,,
641933,2019,24,0.36,,564000,,
641933,2020,25,0.86,,,,
641933,2021,26,6.42,,,,
641933,2022,27,1.05,,3400000,,
641933,2023,28,0.27,,4950000,,
641933,2024,29,2.86,,5850000,,
641933,2025,30,-0.6,,16500000,,
641933,2026,31,0.24,,16500000,,
641941,2017,26,-0.02,0.69,,34.0,0.0
641941,2018,27,0.0,0.37,547500,55.0,0.0
641941,2019,28,-0.01,2.28,,66.0,0.0
641941,2020,29,0.0,0.07,,22.0,0.0
641941,2021,30,-0.02,-0.3,1570000,67.0,0.0
641941,2022,31,,-0.39,,59.0,0.0
641941,2023,32,0.0,1.42,3500000,66.0,1.0
641941,2024,33,,0.32,8000000,38.0,1.0
641941,2025,34,,1.93,8000000,70.0,0.0
641941,2026,35,,-0.09,10000000,22.0,0.0
641943,2021,25,-0.09,,,,
641943,2022,26,-0.17,,,,
641943,2023,27,-0.23,,,,
641943,2024,28,-0.05,,740000,,
641943,2025,29,-1.19,,,,
641958,2016,24,0.08,,,,
641962,2018,23,0.0,-0.08,,10.0,0.0
641995,2020,25,,-0.32,,1.0,0.0
641995,2021,26,0.0,-0.13,,1.0,0.0
641999,2021,26,-0.02,,,,
642003,2016,23,-0.08,-1.46,,10.0,10.0
642003,2017,24,-0.03,-0.12,537000,12.0,1.0
642003,2018,25,-0.1,0.52,547500,17.0,7.0
642003,2019,26,-0.01,0.22,,3.0,0.0
642003,2020,27,,0.060000000000000005,,11.0,0.0
642003,2021,28,,0.01,,12.0,0.0
642008,2017,24,0.0,-0.28,,9.0,0.0
642008,2018,25,-0.01,-0.29,545650,30.0,0.0
642008,2019,26,0.0,-0.05,,5.0,0.0
642016,2024,29,,0.08,,4.0,0.0
642016,2025,30,,0.05,,15.0,0.0
642020,2022,27,-0.51,,,,
642020,2024,29,-0.47,,740000,,
642020,2025,30,-0.04,,,,
642020,2026,31,-0.41,,,,
642028,2018,23,,-0.33,,3.0,3.0
642028,2019,24,,-0.23,,5.0,0.0
642028,2021,26,-0.07,0.77,,6.0,6.0
642028,2022,27,,0.08,,16.0,3.0
642028,2024,29,,-0.06,740000,6.0,0.0
642048,2021,28,0.0,0.07,,29.0,0.0
642048,2022,29,,-0.27,,4.0,0.0
642048,2023,30,0.0,0.62,,52.0,0.0
642048,2024,31,,0.38,753100,53.0,0.0
642048,2025,32,,-0.34,937500,10.0,0.0
642048,2026,33,,-0.04,,6.0,0.0
642060,2022,27,,-0.14,,1.0,0.0
642067,2019,24,,-0.6,,14.0,0.0
642068,2021,26,0.0,0.59,,30.0,0.0
642068,2022,27,,0.08,,2.0,0.0
642073,2017,25,0.0,0.61,,11.0,0.0
642073,2018,26,0.0,0.52,,15.0,0.0
642073,2019,27,-0.03,-0.28,,17.0,0.0
642073,2021,29,-0.01,0.06,570500,14.0,0.0
642082,2017,22,0.35,,,,
642082,2018,23,-0.3,,546500,,
642082,2019,24,-0.02,,,,
642082,2020,25,0.17,,,,
642082,2021,26,-0.25,,,,
642083,2017,24,,-0.22,,4.0,3.0
642083,2018,25,,-0.04,,4.0,2.0
642083,2019,26,,0.04,,1.0,0.0
642083,2020,27,,0.45,,11.0,1.0
642083,2021,28,0.0,-0.51,,29.0,0.0
642086,2017,22,-0.91,,,,
642086,2018,23,-0.49,,,,
642086,2019,24,0.64,,559320,,
642086,2020,25,1.86,,,,
642086,2021,26,-0.74,,2550000,,
642086,2022,27,-0.37,,3950000,,
642086,2023,28,0.89,,2000000,,
642086,2024,29,0.01999999999999999,0.1,1430108,3.0,0.0
642086,2025,30,0.43,,,,
642086,2026,31,0.27,,,,
642092,2020,25,,0.61,,6.0,0.0
642092,2021,26,-0.11,-0.42,,24.0,6.0
642094,2017,25,0.17,,,,
642098,2017,25,,-0.42,,2.0,0.0
642098,2018,26,,0.35,,15.0,3.0
642098,2019,27,-0.03,0.12,,31.0,23.0
642098,2020,28,,-0.17,,4.0,0.0
642100,2019,24,0.0,-0.15,,9.0,0.0
642100,2020,25,,-0.12,,8.0,0.0
642100,2021,26,,0.13,,7.0,0.0
642100,2022,27,,0.65,,17.0,1.0
642100,2023,28,,0.54,,69.0,0.0
642100,2024,29,,-0.47,753300,29.0,0.0
642100,2025,30,,1.42,845000,76.0,0.0
642100,2026,31,0.0,0.99,2125000,33.0,0.0
642121,2019,29,0.0,0.29,,7.0,0.0
642121,2020,30,,-0.18,,19.0,0.0
642121,2021,31,0.0,2.27,,60.0,0.0
642121,2022,32,0.0,-0.47,,39.0,0.0
642121,2023,33,,-0.06,825000,4.0,0.0
642121,2024,34,,0.43000000000000005,,10.0,2.0
642121,2025,35,,0.62,900000,18.0,0.0
642121,2026,36,,-0.55,1050000,41.0,2.0
642130,2020,24,,0.69,,22.0,0.0
642130,2021,25,0.0,0.32,,51.0,0.0
642130,2022,26,,0.02,,19.0,0.0
642133,2018,23,0.48,,,,
642133,2019,24,0.13,,557500,,
642133,2020,25,0.6,,,,
642133,2021,26,-0.37,,,,
642133,2022,27,0.78,,1940000,,
642133,2023,28,-0.69,0.03,4950000,1.0,0.0
642133,2024,29,-0.28,-0.02,3200000,3.0,0.0
642133,2025,30,-0.37000000000000005,-0.08,1500000,1.0,0.0
642133,2026,31,0.02,,,,
642136,2019,24,0.32,,,,
642136,2020,25,-0.32,,,,
642136,2021,26,-0.08,,,,
642136,2022,27,-0.09,,,,
642136,2023,28,0.41,,740000,,
642136,2024,29,0.55,,770000,,
642136,2025,30,1.1400000000000001,,1000000,,
642137,2022,27,-0.23,,,,
642137,2023,28,-0.12,,,,
642152,2018,26,0.0,1.68,,69.0,1.0
642152,2019,27,0.0,-0.7,557500,61.0,0.0
642152,2020,28,,0.23,,20.0,0.0
642152,2021,29,0.0,1.21,912000,71.0,0.0
642152,2022,30,,-0.19000000000000006,3000000,64.0,0.0
642152,2025,33,,0.15999999999999998,1500000,47.0,2.0
642152,2026,34,,-0.3,,5.0,0.0
642156,2017,25,-1.22,,535000,,
642162,2016,23,-0.02,,,,
642162,2017,24,0.6,,,,
642162,2018,25,-1.65,,550000,,
642162,2019,26,-0.47,,,,
642162,2020,27,0.49,,,,
642162,2021,28,-1.73,0.05,875000,2.0,0.0
642165,2019,24,0.09,,,,
642165,2020,25,-0.050000000000000044,,,,
642165,2021,26,-0.2,,,,
642165,2022,27,-0.63,-0.41,,3.0,0.0
642180,2017,22,-0.71,,,,
642180,2018,23,-0.14,,551300,,
642180,2019,24,0.15,,572000,,
642180,2020,25,0.7,,,,
642180,2021,26,0.56,,,,
642180,2022,27,-0.72,,825000,,
642180,2023,28,-0.29,,,,
642180,2024,29,-0.66,,850000,,
642180,2025,30,-0.57,-0.02,850000,1.0,0.0
642197,2024,29,-0.05,,740000,,
642201,2020,26,-0.29,,,,
642201,2021,27,-0.1,,,,
642201,2022,28,0.94,,,,
642201,2023,29,-0.03,,,,
642201,2024,30,0.27,,,,
642201,2025,31,0.74,,,,
642201,2026,32,0.96,,900000,,
642203,2020,25,,0.13,,12.0,0.0
642203,2021,26,-0.08,0.84,,23.0,13.0
642203,2022,27,,0.18,,14.0,0.0
642207,2019,24,-0.01,-0.06,,13.0,0.0
642207,2020,25,,1.25,,22.0,0.0
642207,2021,26,0.0,1.51,,58.0,0.0
642207,2022,27,,2.26,,65.0,0.0
642207,2023,28,,2.57,3350000,61.0,0.0
642207,2024,29,,1.35,7000000,22.0,0.0
642207,2025,30,,-0.25,8600000,67.0,0.0
642207,2026,31,0.0,-0.41,14117634,38.0,0.0
642211,2018,22,-0.05,,,,
642211,2020,24,-0.02,,,,
642211,2021,25,-0.5,,,,
642215,2023,28,0.2,,,,
642215,2024,29,0.66,0.03,740000,1.0,0.0
642215,2025,30,-0.48,0.11,,2.0,0.0
642215,2026,31,-0.16999999999999998,-0.12,,3.0,0.0
642216,2023,27,,0.0,,6.0,6.0
642216,2024,28,,-0.6,740000,2.0,2.0
642216,2025,29,,-0.37,,3.0,1.0
642221,2019,24,-0.13,,,,
642221,2021,26,-0.55,,,,
642226,2019,27,,-0.41,,2.0,0.0
642229,2016,25,-0.08,-0.76,,9.0,7.0
642229,2017,26,,-0.14,,5.0,2.0
642231,2017,25,-0.03,0.15,,14.0,0.0
642231,2018,26,,0.21,,12.0,7.0
642231,2019,27,0.0,-0.37,559000,29.0,4.0
642231,2020,28,,0.03,,2.0,1.0
642231,2022,30,,-0.5800000000000001,,14.0,1.0
642231,2023,31,,-0.22,,7.0,0.0
642232,2018,26,-0.04,1.15,545000,38.0,6.0
642232,2019,27,0.0,1.37,563400,28.0,14.0
642232,2020,28,,1.19,,11.0,9.0
642232,2021,29,-0.04,-1.04,2300000,30.0,21.0
642232,2022,30,,0.05,3850000,20.0,9.0
642232,2023,31,0.0,0.7300000000000001,3000000,25.0,9.0
642232,2024,32,,1.33,3900000,44.0,0.0
642232,2025,33,,0.69,2000000,19.0,8.0
642232,2026,34,,0.06,2500000,26.0,1.0
642233,2019,28,0.0,0.18,,10.0,0.0
642233,2020,29,,0.55,,24.0,0.0
642233,2021,30,0.0,-0.45,,17.0,0.0
642239,2016,24,-0.04,0.62,,8.0,1.0
642239,2017,25,0.03,-0.34,,4.0,0.0
642239,2018,26,0.0,-0.07,,6.0,0.0
642239,2022,30,,-0.15,,6.0,0.0
642239,2023,31,,-0.26,750000,21.0,1.0
642239,2024,32,,0.31,,9.0,3.0
642239,2025,33,,0.52,,26.0,1.0
642336,2017,21,-0.2,,,,
642336,2018,22,-0.049999999999999996,,,,
642336,2019,23,0.49,,556300,,
642336,2020,24,-0.3,,,,
642336,2021,25,1.53,-0.19,,2.0,0.0
642336,2022,26,0.65,,1455000,,
642336,2023,27,0.13,,2155000,,
642350,2021,25,0.4,,,,
642350,2022,26,1.46,,,,
642350,2023,27,1.64,,731600,,
642350,2024,28,1.84,,757800,,
642350,2025,29,-0.47,,2400000,,
642350,2026,30,0.63,,,,
642397,2019,24,0.1,0.33,,33.0,7.0
642397,2020,25,,0.23,,27.0,0.0
642397,2021,26,0.0,1.39,,62.0,0.0
642397,2022,27,,0.05,,64.0,0.0
642397,2023,28,,0.03,3925000,69.0,0.0
642397,2024,29,,0.28,5000000,66.0,0.0
642397,2025,30,,-0.06,5350000,70.0,0.0
642397,2026,31,,0.57,7750000,44.0,0.0
642423,2017,21,0.2,,,,
642423,2018,22,-1.7,,,,
642423,2019,23,0.13,,,,
642423,2020,24,0.44,,,,
642423,2021,25,-0.03,,,,
642423,2022,26,-0.38,,100000,,
642451,2022,26,-0.15,,,,
642456,2021,25,0.07,,,,
642456,2022,26,0.36,,,,
642520,2024,28,,-0.09,740000,18.0,2.0
642520,2025,29,,-0.54,,3.0,0.0
642528,2018,23,-0.02,-0.2,545000,9.0,4.0
642528,2019,24,,0.24,560550,15.0,4.0
642528,2020,25,,0.45,,12.0,3.0
642528,2021,26,0.0,3.28,,57.0,0.0
642528,2022,27,0.0,-0.46,1650000,50.0,0.0
642528,2023,28,,0.35,2260000,17.0,0.0
642528,2024,29,,0.34,2500000,3.0,0.0
642528,2025,30,,0.23,5000000,30.0,0.0
642528,2026,31,0.0,1.0,,45.0,0.0
642545,2018,21,-0.08,3.11,,26.0,26.0
642545,2019,22,-0.03,-0.3,,19.0,13.0
642545,2020,23,,0.93,,7.0,5.0
642545,2021,24,-0.03,0.9,,13.0,11.0
642545,2022,25,,1.94,,35.0,1.0
642545,2023,26,,-0.91,1050000,34.0,6.0
642546,2019,22,,0.27,,9.0,2.0
642546,2020,23,,0.74,,27.0,0.0
642546,2022,25,,0.38,,29.0,0.0
642546,2023,26,,-0.43,995000,33.0,0.0
642546,2024,27,0.0,-0.5,1245000,29.0,1.0
642546,2026,29,,-0.41,,12.0,0.0
642547,2018,22,-0.27,0.48,,16.0,14.0
642547,2019,23,-0.07,-0.74,564600,39.0,8.0
642547,2020,24,,0.3,,15.0,1.0
642547,2021,25,-0.2,3.7,1234960,28.0,27.0
642547,2022,26,,1.18,2484960,18.0,17.0
642547,2023,27,,1.98,3734960,30.0,30.0
642547,2024,28,,2.41,5734960,32.0,32.0
642547,2025,29,,5.53,8000000,33.0,33.0
642547,2026,30,,-0.12,,22.0,22.0
642558,2018,22,0.02,0.21,,12.0,8.0
642558,2019,23,-0.01,-0.07,,32.0,18.0
642558,2020,24,,-0.18,,1.0,1.0
642564,2017,21,0.0,-0.93,,32.0,4.0
642571,2018,22,0.03,-0.16,,8.0,1.0
642578,2019,23,,0.53,,9.0,1.0
642578,2020,24,,0.17,,1.0,0.0
642578,2023,27,,-0.07,,1.0,0.0
642584,2020,25,,-0.32,,4.0,0.0
642585,2022,27,0.0,2.42,,65.0,0.0
642585,2023,28,,2.96,731800,56.0,0.0
642585,2025,30,0.0,1.08,1000000,35.0,0.0
642607,2019,24,-0.05,0.6,,15.0,14.0
642629,2024,29,,-0.32,740000,15.0,0.0
642657,2022,28,,0.03,,3.0,0.0
642659,2021,29,,-0.04,,1.0,0.0
642659,2022,30,,-0.14,,2.0,0.0
642701,2018,22,0.07,-0.2,,1.0,0.0
642701,2019,23,0.05,-0.1,,3.0,0.0
642701,2020,24,,-0.08,,12.0,0.0
642701,2021,25,-0.02,-0.13,,55.0,0.0
642701,2022,26,,-0.72,,63.0,1.0
642701,2023,27,,-0.09,,9.0,0.0
642701,2024,28,,0.8500000000000001,,62.0,0.0
642701,2025,29,,2.74,1400000,70.0,0.0
642701,2026,30,,-0.55,3500000,44.0,0.0
642707,2017,21,-0.47,,535000,,
642708,2017,21,-0.39,,,,
642708,2018,22,1.14,,548940,,
642708,2019,23,2.74,,575500,,
642708,2020,24,0.04,,,,
642708,2021,25,1.86,,2400000,,
642708,2022,26,4.21,,4950000,,
642708,2023,27,0.44,,7800000,,
642708,2024,28,-0.04999999999999993,,1500000,,
642708,2025,29,0.29,-0.12,2000000,1.0,0.0
642708,2026,30,-0.09,,2500000,,
642715,2018,22,1.04,,,,
642715,2019,23,3.98,,562400,,
642715,2020,24,1.82,,,,
642715,2021,25,4.22,,,,
642715,2022,26,4.29,,4600000,,
642715,2023,27,2.91,,8700000,,
642715,2024,28,3.21,,12250000,,
642715,2025,29,3.7,,13142857,,
642715,2026,30,1.65,,13142857,,
642721,2019,24,0.26,,,,
642721,2020,25,-0.13,,,,
642721,2021,26,0.09000000000000008,,,,
642721,2022,27,-0.27,,,,
642727,2020,23,-0.29,,,,
642727,2021,24,0.41,0.01,,1.0,0.0
642727,2022,25,-0.11000000000000001,,,,
642727,2025,28,-0.08,,,,
642731,2019,23,0.38,,555000,,
642731,2020,24,-0.12,,,,
642731,2021,25,0.76,,,,
642731,2022,26,1.76,,,,
642731,2023,27,2.46,,2250000,,
642731,2024,28,-0.55,,4700000,,
642731,2025,29,-0.36,,2750000,,
642736,2019,23,0.15,,,,
642736,2021,25,-1.23,,,,
642758,2021,27,,0.14,,10.0,0.0
642758,2022,28,,1.13,,70.0,0.0
642758,2023,29,,-0.65,725000,9.0,0.0
642759,2021,25,0.0,-0.18,,6.0,0.0
642759,2025,29,,0.010000000000000002,,4.0,0.0
642759,2026,30,,-0.02,,3.0,0.0
642770,2018,22,-0.19,,,,
642770,2019,23,0.0,0.03,,8.0,0.0
642770,2020,24,,-0.6,,14.0,0.0
642770,2021,25,0.0,0.01,,4.0,0.0
642770,2022,26,,0.12000000000000001,,18.0,0.0
642770,2023,27,,-0.12000000000000001,724500,17.0,2.0
642772,2020,23,0.09,,,,
642834,2024,28,,-0.12,,3.0,1.0
642840,2019,27,0.0,0.03,555000,18.0,0.0
642840,2020,28,,0.13,,4.0,0.0
642851,2018,27,0.4,,,,
642851,2019,28,0.24,,558000,,
642851,2021,30,-0.55,-0.01,,1.0,0.0
642851,2022,31,0.44,-0.08,,2.0,0.0
642851,2023,32,-0.13999999999999999,,,,
642851,2024,33,0.43,,,,
642851,2025,34,1.05,,,,
642851,2026,35,-0.6000000000000001,,1100000,,
643217,2016,21,0.77,,,,
643217,2017,22,2.96,,549000,,
643217,2018,23,4.79,,620500,,
643217,2019,24,1.74,,717500,,
643217,2020,25,-0.09,,3400000,,
643217,2021,26,2.9,,6600000,,
643217,2022,27,2.8499999999999996,,8500000,,
643217,2023,28,0.37,,8600000,,
643217,2024,29,-0.84,,17100000,,
643217,2025,30,0.92,,17100000,,
643217,2026,31,-0.25,,17100000,,
643230,2016,24,0.06,-0.54,,8.0,7.0
643230,2017,25,0.12,-0.02,,11.0,4.0
643230,2018,26,0.05,-0.17,557000,45.0,5.0
643230,2019,27,0.64,0.68,574500,25.0,19.0
643230,2020,28,,0.72,,11.0,10.0
643230,2021,29,0.04,0.01,2050000,7.0,7.0
643230,2022,30,,0.21,,9.0,0.0
643256,2018,27,-0.05,0.85,545000,70.0,0.0
643256,2019,28,0.0,0.08,563800,68.0,0.0
643256,2020,29,,0.03,,14.0,0.0
643256,2021,30,-0.02,1.7599999999999998,925000,72.0,0.0
643256,2022,31,,0.85,1575000,77.0,0.0
643256,2023,32,,-0.65,3150000,22.0,0.0
643256,2024,33,,-0.68,1650000,28.0,0.0
643265,2017,26,0.2,,,,
643265,2018,27,0.23,,545000,,
643265,2019,28,1.7,,555000,,
643265,2020,29,0.64,,,,
643265,2021,30,1.02,,1800000,,
643265,2022,31,0.98,,2500000,,
643265,2023,32,-0.27,,3900000,,
643265,2024,33,-0.79,,1750000,,
643269,2020,25,-0.11,,,,
643269,2021,26,-0.57,,,,
643271,2022,26,-0.19,,,,
643275,2019,29,-0.12,,,,
643289,2019,24,0.5499999999999999,,,,
643289,2020,25,1.02,,,,
643289,2021,26,0.26,,,,
643289,2022,27,0.009999999999999981,,,,
643289,2023,28,2.69,,1400000,,
643289,2024,29,0.97,,3500000,,
643289,2025,30,1.72,,5000000,,
643289,2026,31,2.12,,6100000,,
643290,2019,23,-0.01,0.21,,4.0,4.0
643290,2020,24,,0.36,,10.0,10.0
643290,2021,25,0.07,0.99,,11.0,11.0
643290,2022,26,,-0.12,,7.0,7.0
643297,2016,25,0.06,0.06,,18.0,0.0
643316,2018,25,0.0,0.23,,35.0,0.0
643316,2019,26,0.0,-0.24,559000,66.0,0.0
643316,2020,27,,0.79,,22.0,0.0
643316,2021,28,0.0,-0.59,,52.0,0.0
643316,2022,29,,-0.27,850000,13.0,0.0
643320,2017,23,0.0,-0.2,,12.0,0.0
643320,2018,24,,0.11,,3.0,0.0
643325,2016,25,0.0,0.07,,14.0,0.0
643327,2015,25,-0.06,0.64,,9.0,6.0
643327,2016,26,-0.13,-0.43,,27.0,9.0
643327,2017,27,-0.44,4.26,,26.0,25.0
643327,2018,28,-0.23,-0.92,579200,33.0,32.0
643327,2019,29,0.12000000000000001,-0.77,609400,33.0,9.0
643327,2020,30,,-0.3,,8.0,7.0
643327,2021,31,0.02,-0.42,100000,2.0,1.0
643329,2017,27,,-0.25,,11.0,0.0
643335,2017,24,0.26,,,,
643338,2016,25,-0.06,0.16,,12.0,8.0
643338,2017,26,0.0,2.7,,40.0,1.0
643338,2018,27,0.0,2.01,570800,63.0,0.0
643338,2019,28,-0.01,0.46,598650,54.0,15.0
643338,2020,29,0.0,0.36,1275000,22.0,0.0
643338,2021,30,0.0,2.36,2150000,67.0,0.0
643338,2022,31,,0.09,4000000,14.0,0.0
643338,2023,32,,-0.34,2250000,12.0,0.0
643338,2024,33,0.0,0.76,10500000,53.0,0.0
643338,2025,34,,-0.53,10500000,45.0,0.0
643348,2022,27,-0.34,,,,
643348,2023,28,-0.08,,,,
643354,2016,25,-0.01,0.83,,22.0,0.0
643354,2017,26,0.0,0.63,538500,51.0,0.0
643354,2018,27,0.0,-0.03,,20.0,0.0
643354,2019,28,-0.02,0.32999999999999996,,5.0,0.0
643355,2016,25,0.0,0.13,,24.0,0.0
643361,2022,31,,-0.12,,3.0,0.0
643361,2023,32,,0.16,,14.0,0.0
643361,2024,33,0.0,0.25,740000,7.0,0.0
643361,2025,34,,0.14,,7.0,0.0
643376,2018,23,0.55,,,,
643376,2019,24,1.03,,558700,,
643376,2020,25,0.64,,,,
643376,2021,26,1.28,,,,
643376,2022,27,2.94,,1950000,,
643376,2023,28,1.6,,3500000,,
643376,2024,29,0.67,,5200000,,
643376,2025,30,2.75,,8000000,,
643376,2026,31,0.57,,7250000,,
643377,2021,26,-0.03,-1.09,,18.0,14.0
643377,2022,27,,0.95,,65.0,0.0
643377,2023,28,,0.74,733150,71.0,0.0
643377,2024,29,,2.84,761750,72.0,0.0
643377,2025,30,0.0,0.45000000000000007,2365000,73.0,2.0
643377,2026,31,,0.15,3565000,27.0,16.0
643393,2016,24,-0.42,,,,
643393,2017,25,0.0,,,,
643393,2018,26,0.55,,,,
643393,2019,27,0.25,,583600,,
643393,2020,28,0.02,,,,
643393,2021,29,3.3,,1050000,,
643393,2022,30,1.34,,2250000,,
643393,2023,31,-1.21,,3725000,,
643393,2024,32,-0.15,,1000000,,
643396,2018,23,1.88,,,,
643396,2019,24,-0.03,,569500,,
643396,2020,25,2.09,,,,
643396,2021,26,3.85,,2000000,,
643396,2022,27,2.9,,4700000,,
643396,2023,28,-0.04,0.09,6000000,4.0,0.0
643396,2024,29,3.54,0.01,7500000,2.0,0.0
643396,2025,30,1.51,0.02,7500000,1.0,0.0
643396,2026,31,1.29,,6000000,,
643400,2021,30,,-0.23,,7.0,0.0
643400,2022,31,,-0.14,,6.0,0.0
643410,2017,26,-0.16,-0.1,,27.0,11.0
643410,2018,27,-0.04,-1.1400000000000001,549500,20.0,0.0
643410,2022,31,,0.94,,35.0,4.0
643410,2023,32,0.0,0.77,850000,69.0,0.0
643410,2024,33,,-0.47,1500000,60.0,0.0
643410,2025,34,,-0.57,2050000,59.0,0.0
643410,2026,35,,0.52,2850000,36.0,0.0
643414,2017,26,-0.01,-0.13,,1.0,1.0
643418,2019,23,-0.01,,,,
643418,2020,24,-0.08,,,,
643418,2021,25,-0.34,,,,
643436,2019,27,-0.17,,,,
643436,2020,28,-0.01,,,,
643436,2021,29,-0.03,,,,
643446,2018,26,2.97,,,,
643446,2019,27,5.16,,567714,,
643446,2020,28,1.49,,,,
643446,2021,29,1.42,,,,
643446,2022,30,5.89,,3000000,,
643446,2023,31,2.44,,6250000,,
643446,2024,32,1.54,,10250000,,
643446,2025,33,1.94,,15750000,,
643446,2026,34,0.11,,15750000,,
643466,2018,26,-0.04,0.42,,35.0,0.0
643466,2019,27,0.0,0.24,557000,10.0,0.0
643478,2019,24,,-0.2,,7.0,4.0
643478,2020,25,,-0.17,,2.0,0.0
643493,2017,27,0.0,-0.73,535000,30.0,8.0
643493,2018,28,0.0,-0.31,,23.0,0.0
643493,2019,29,-0.01,0.3,,14.0,2.0
643493,2021,31,0.0,0.06,,6.0,0.0
643493,2022,32,,0.16,,39.0,1.0
643493,2023,33,,1.53,,38.0,6.0
643493,2024,34,,-0.3,,4.0,0.0
643511,2019,28,0.0,0.77,,17.0,0.0
643511,2020,29,,0.2,,29.0,0.0
643511,2021,30,0.0,2.49,,80.0,0.0
643511,2022,31,,0.88,,68.0,0.0
643511,2023,32,0.0,1.61,1675000,68.0,0.0
643511,2024,33,,1.5,3200000,77.0,0.0
643511,2025,34,0.0,2.43,5250000,81.0,0.0
643511,2026,35,,1.36,8666666,49.0,0.0
643524,2019,27,-0.19,,555000,,
643524,2021,29,1.74,,,,
643524,2022,30,-1.06,-0.18,,3.0,0.0
643532,2020,25,,-0.3,,4.0,0.0
643550,2016,27,0.0,-0.25,,2.0,0.0
643565,2017,26,-0.29,,,,
643565,2018,27,-0.49,,547000,,
643565,2019,28,3.94,,557000,,
643565,2020,29,0.08,,,,
643565,2021,30,0.04999999999999999,-0.02,,1.0,0.0
643565,2023,32,2.71,,,,
643565,2024,33,0.61,,1950000,,
643565,2025,34,1.85,,1950000,,
643603,2016,25,-0.21,-0.02,507500,1.0,0.0
643603,2017,26,0.03,-0.06,,1.0,0.0
643603,2018,27,1.22,,,,
643603,2019,28,-0.88,-0.26,582900,4.0,0.0
643615,2019,23,-0.01,0.27,,5.0,3.0
643615,2020,24,,0.53,,3.0,1.0
643615,2021,25,,-0.6,,5.0,3.0
643615,2022,26,,-0.76,,3.0,3.0
643617,2017,24,,-0.05,,10.0,0.0
643617,2018,25,0.0,-0.32,,18.0,0.0
643617,2019,26,0.0,-0.56,,25.0,1.0
643778,2017,26,0.0,-0.12,,9.0,0.0
643778,2018,27,-0.01,-0.46,,22.0,0.0
643778,2019,28,0.0,0.62,,65.0,0.0
643778,2020,29,,0.44,,21.0,0.0
643778,2021,30,-0.01,-1.41,,22.0,0.0
644337,2018,28,-0.15,,,,
644337,2020,30,-0.25,,,,
644364,2017,22,0.0,0.45,,10.0,0.0
644364,2018,23,0.0,1.85,545000,60.0,0.0
644364,2019,24,0.0,0.03,,3.0,0.0
644364,2022,27,,-0.69,,43.0,0.0
644374,2019,23,-0.31,,,,
644374,2020,24,0.14,,,,
644374,2021,25,0.2,,,,
644374,2022,26,0.25,-0.1,,2.0,0.0
644374,2023,27,0.12,,850000,,
644428,2017,25,,-0.09,,10.0,4.0
644428,2018,26,-0.01,0.01,,1.0,1.0
644429,2022,27,0.0,-0.04,,6.0,0.0
644433,2020,25,-0.15,,,,
644433,2021,26,-0.17,,,,
644433,2022,27,0.17,,,,
644433,2023,28,-0.17,,,,
644433,2024,29,0.17,,740000,,
644433,2025,30,0.05,,,,
644433,2026,31,-0.48,,,,
645261,2017,21,0.0,-0.07,,8.0,0.0
645261,2018,22,-0.08,0.59,,6.0,6.0
645261,2019,23,-0.24,3.3,555000,32.0,32.0
645261,2020,24,,0.76,,7.0,7.0
645261,2021,25,-0.26,4.2,,33.0,33.0
645261,2022,26,,7.99,3800000,32.0,32.0
645261,2023,27,,3.88,6300000,28.0,28.0
645261,2025,29,,-0.02,17300000,31.0,31.0
645261,2026,30,,1.82,17300000,22.0,22.0
645277,2017,20,1.28,,,,
645277,2018,21,4.1,,555000,,
645277,2019,22,4.63,,575000,,
645277,2020,23,0.8,,1000000,,
645277,2021,24,3.82,,3000000,,
645277,2022,25,0.82,,5000000,,
645277,2023,26,4.96,,7000000,,
645277,2024,27,1.64,,7000000,,
645277,2025,28,2.26,,7000000,,
645277,2026,29,2.24,,4000000,,
645302,2017,20,0.13,,,,
645302,2018,21,0.53,,,,
645302,2019,22,4.24,,557800,,
645302,2020,23,-0.17,,,,
645302,2021,24,-0.1,,,,
645302,2022,25,1.78,,1650000,,
645302,2023,26,-0.04,,2325000,,
645302,2024,27,3.1,,2650000,,
645302,2025,28,-0.27,,4125000,,
645302,2026,29,-0.26,,5125000,,
645305,2020,23,-0.13,,,,
645305,2021,24,0.06,,,,
645305,2024,27,-0.57,,,,
645305,2025,28,-0.2,-0.07,,1.0,0.0
645305,2026,29,0.2,,,,
645307,2020,23,,-0.11,,3.0,0.0
645444,2022,25,-0.26,,,,
645444,2023,26,-0.16,-0.04,724300,2.0,0.0
645444,2024,27,-0.24,,740000,,
645444,2025,28,0.04,0.01,,2.0,0.0
645801,2019,26,1.07,-0.13,,1.0,0.0
645801,2020,27,-0.45,,,,
645801,2021,28,-0.18,,,,
645801,2022,29,-0.33000000000000007,-0.06,100000,1.0,0.0
645801,2023,30,0.83,-0.12,,2.0,0.0
645801,2024,31,-0.65,,1300000,,
645848,2015,26,-0.04,,,,
645848,2016,27,0.13,,,,
646057,2014,30,0.0,-0.15,3666667,6.0,0.0
646240,2017,20,0.7,,,,
646240,2018,21,0.41,,564500,,
646240,2019,22,5.42,,614500,,
646240,2020,23,0.78,,,,
646240,2021,24,3.59,,4575000,,
646240,2022,25,4.47,,11200000,,
646240,2023,26,3.5,,17500000,,
646240,2024,27,3.92,,29500000,,
646240,2025,28,4.26,,29500000,,
646240,2026,29,1.99,,29500000,,
646241,2023,26,,-0.18,,2.0,0.0
646241,2026,29,,0.1,,22.0,0.0
646242,2021,24,,0.25,,3.0,2.0
646242,2022,25,,0.37,,4.0,3.0
646242,2023,26,,-0.44,,4.0,1.0
646242,2024,27,,-0.13,740000,5.0,1.0
646242,2025,28,,0.04,,1.0,0.0
647304,2019,22,-0.01,,,,
647304,2020,23,-0.01,,,,
647304,2021,24,-0.1,,,,
647304,2022,25,1.74,,1200000,,
647304,2023,26,2.25,,3350000,,
647304,2024,27,1.47,,6500000,,
647304,2025,28,3.04,,10900000,,
647304,2026,29,-0.14,,11300000,,
647315,2021,24,-0.02,0.08,,50.0,0.0
647315,2022,25,0.0,0.71,,35.0,0.0
647315,2023,26,,-0.37,742200,15.0,0.0
647315,2024,27,,-1.3,765500,58.0,0.0
647315,2025,28,0.0,-0.5900000000000001,,5.0,0.0
647315,2026,29,,0.13,,7.0,1.0
647336,2018,20,-0.02,-0.08,,5.0,5.0
647336,2019,21,-0.11,6.02,,29.0,29.0
647336,2020,22,,0.26,,3.0,3.0
647336,2023,25,,-0.49,2800000,7.0,6.0
647336,2024,26,,0.62,3000000,25.0,9.0
647336,2025,27,,0.64,9000000,22.0,17.0
647336,2026,28,,2.14,7500000,15.0,15.0
647351,2019,22,0.3,,,,
647351,2020,23,-0.66,,,,
647351,2021,24,1.52,,,,
647351,2022,25,-0.65,,,,
647351,2023,26,0.28,,1250000,,
647351,2024,27,0.61,,1275000,,
647351,2025,28,-0.09,-0.07,,1.0,0.0
648717,2014,27,-0.33,,4000000,,
648717,2015,28,-0.02,,6500000,,
648737,2015,29,0.0,1.02,,19.0,0.0
648737,2016,30,0.0,0.22,514000,10.0,0.0
649144,2021,24,,-0.29,,11.0,8.0
649144,2022,25,,0.02,,2.0,0.0
649557,2016,25,2.86,,2500000,,
649557,2017,26,-0.18,,2500000,,
649557,2018,27,2.11,,2000000,,
649557,2019,28,1.06,,2000000,,
649557,2020,29,0.09,,2600000,,
649557,2021,30,1.6,,3000000,,
649557,2022,31,1.13,,4450000,,
649557,2023,32,-1.03,,6500000,,
649557,2024,33,-0.59,,8000000,,
649966,2018,21,0.36,,,,
649966,2019,22,0.39,,556400,,
649966,2020,23,0.21,,,,
649966,2021,24,3.25,,,,
649966,2022,25,2.97,,2550000,,
649966,2023,26,-0.2,,4700000,,
649966,2024,27,0.42,,5000000,,
649966,2025,28,0.25,,1100000,,
649966,2026,29,0.37,,,,
650204,2022,28,,-0.39,,14.0,0.0
650331,2020,23,-0.31,,,,
650331,2021,24,0.92,,,,
650331,2022,25,-0.48,,,,
650333,2019,22,1.59,,,,
650333,2020,23,0.8,,,,
650333,2021,24,3.16,,,,
650333,2022,25,4.09,,2125000,,
650333,2023,26,4.55,,6100000,,
650333,2024,27,1.07,,10600000,,
650333,2025,28,1.38,,14000000,,
650333,2026,29,3.2,,12000000,,
650339,2022,25,-0.58,0.02,,2.0,0.0
650347,2021,24,0.01,-0.33,,6.0,0.0
650382,2019,22,0.0,0.12,,29.0,1.0
650382,2020,23,,0.36,,7.0,0.0
650382,2021,24,0.0,0.89,,48.0,0.0
650382,2022,25,,-0.88,,7.0,0.0
650391,2019,22,1.56,,1833333,,
650391,2020,23,1.43,,2333333,,
650391,2021,24,0.65,,4333334,,
650391,2022,25,1.9,,7333333,,
650391,2023,26,0.53,,10333333,,
650391,2024,27,-0.8,,13833334,,
650391,2026,29,-0.11,,,,
650402,2018,21,3.44,,545000,,
650402,2019,22,2.91,,605200,,
650402,2020,23,-0.03,,,,
650402,2021,24,0.7,,4000000,,
650402,2022,25,4.05,,6250000,,
650402,2023,26,2.92,,9950000,,
650402,2024,27,1.88,,14200000,,
650402,2025,28,3.02,,15000000,,
650402,2026,29,1.56,,22025000,,
650489,2019,22,-0.56,,,,
650489,2020,23,0.45,,,,
650489,2021,24,-0.69,,,,
650489,2022,25,0.75,,,,
650489,2023,26,2.63,-0.08,1800000,3.0,0.0
650489,2024,27,1.58,0.05,3300000,2.0,0.0
650489,2025,28,-0.12,0.03,6400000,1.0,0.0
650489,2026,29,0.73,,6400000,,
650490,2017,25,0.33,,535000,,
650490,2018,26,0.25,,,,
650490,2019,27,1.47,,558400,,
650490,2020,28,1.06,,,,
650490,2021,29,1.61,,,,
650490,2022,30,3.36,,2800000,,
650490,2023,31,5.09,,6000000,,
650490,2024,32,1.6,,8000000,,
650490,2025,33,3.34,,10000000,,
650490,2026,34,2.18,,,,
650496,2021,24,-0.01,-1.21,,17.0,11.0
650496,2022,25,,-0.21,,2.0,0.0
650496,2023,26,,-0.04,,9.0,0.0
650530,2019,24,,-0.42,,7.0,0.0
650530,2020,25,,0.84,,26.0,0.0
650530,2021,26,,-1.2,,39.0,0.0
650530,2022,27,,0.39,,4.0,4.0
650556,2019,22,,0.3,,7.0,0.0
650556,2020,23,,-0.01,,4.0,0.0
650556,2021,24,0.0,-0.94,,31.0,0.0
650556,2022,25,,1.29,,55.0,0.0
650556,2023,26,,2.52,745200,72.0,0.0
650556,2024,27,,1.76,1750000,78.0,0.0
650556,2025,28,0.0,2.52,3450000,70.0,0.0
650556,2026,29,,0.03,5850000,39.0,0.0
650559,2021,24,0.94,,,,
650559,2022,25,0.67,,,,
650559,2023,26,-0.68,,736000,,
650559,2024,27,-1.13,,768000,,
650559,2025,28,-0.23,,860000,,
650559,2026,29,0.34,,,,
650619,2018,21,-0.04,,,,
650619,2019,22,-0.16,,,,
650619,2020,23,-0.23,,,,
650619,2022,25,0.23,,,,
650619,2023,26,-0.15,,750000,,
650633,2019,24,,0.03,,1.0,0.0
650633,2020,25,,-0.59,,9.0,4.0
650633,2021,26,0.0,0.96,,22.0,6.0
650633,2022,27,,1.92,,34.0,0.0
650633,2023,28,,3.27,1300000,49.0,9.0
650633,2024,29,,4.07,3150000,31.0,30.0
650633,2025,30,,1.19,4000000,15.0,15.0
650633,2026,31,,3.05,12000000,21.0,21.0
650644,2019,24,-0.03,1.56,,10.0,10.0
650644,2020,25,,0.24,,12.0,12.0
650644,2021,26,0.04,2.05,,21.0,21.0
650644,2022,27,,-0.86,,20.0,20.0
650644,2023,28,,2.64,2600000,23.0,23.0
650644,2024,29,,1.08,4900000,31.0,31.0
650644,2025,30,,0.18000000000000002,8000000,23.0,18.0
650644,2026,31,,0.48,6000000,18.0,15.0
650668,2020,23,,-0.13,,3.0,3.0
650668,2021,24,0.02,-0.4,,5.0,5.0
650671,2019,23,-0.01,-0.33,,34.0,0.0
650671,2020,24,,-0.15,,6.0,0.0
650671,2021,25,0.0,0.11,,26.0,0.0
650671,2022,26,,0.67,,42.0,0.0
650671,2023,27,,-0.28,750000,10.0,0.0
650671,2024,28,0.0,0.28,840000,22.0,0.0
650671,2025,29,,0.08,1075000,2.0,0.0
650738,2019,24,,0.01,,1.0,0.0
650813,2019,23,-0.03,-0.06,,4.0,0.0
650828,2017,25,0.0,0.17,,19.0,0.0
650828,2018,26,0.0,1.05,556500,69.0,0.0
650828,2021,29,-0.01,0.32,,41.0,0.0
650859,2019,22,0.99,,,,
650859,2020,23,-0.3,,,,
650859,2021,24,-0.72,,,,
650859,2022,25,2.5,,,,
650859,2023,26,1.94,,2300000,,
650859,2024,27,1.84,,4400000,,
650859,2025,28,0.65,,5950000,,
650859,2026,29,0.21999999999999997,,3500000,,
650893,2019,22,-0.05,-0.46,,13.0,2.0
650893,2020,23,,0.13,,19.0,0.0
650893,2021,24,0.0,0.23,,71.0,0.0
650893,2022,25,,-0.21,,39.0,0.0
650893,2023,26,0.0,0.21,950000,61.0,0.0
650893,2024,27,0.0,-0.05,1512500,69.0,0.0
650893,2025,28,,-0.76,,40.0,0.0
650895,2018,24,-0.01,1.04,,43.0,11.0
650895,2019,25,-0.01,0.46,561500,65.0,6.0
650895,2020,26,,0.93,,22.0,0.0
650895,2021,27,0.0,1.15,,61.0,0.0
650895,2022,28,0.0,-0.02,2150000,59.0,0.0
650895,2023,29,,-0.18,2950000,8.0,0.0
650895,2024,30,,0.21,,7.0,0.0
650907,2022,25,-0.16,,,,
650907,2023,26,0.34,-0.15,,1.0,0.0
650907,2024,27,-0.13,,745100,,
650911,2021,24,0.0,-0.01,,7.0,1.0
650911,2022,25,,-0.22,,15.0,3.0
650911,2023,26,,2.1,725000,19.0,18.0
650911,2024,27,,3.79,753500,31.0,31.0
650911,2025,28,,8.12,2000000,32.0,32.0
650911,2026,29,,5.51,3500000,22.0,22.0
650959,2021,24,0.0,0.28,,23.0,0.0
650959,2022,25,,0.1,100000,5.0,0.0
650960,2022,25,,-0.08,,3.0,0.0
650960,2023,26,0.0,0.6,,31.0,0.0
650960,2024,27,,0.11,740000,2.0,0.0
650960,2026,29,,0.47,,6.0,0.0
650968,2021,24,-0.09,,,,
650968,2025,28,0.22,,,,
650968,2026,29,-0.14,,,,
655316,2023,26,1.27,,,,
655316,2024,27,-0.14,,752500,,
655316,2025,28,0.74,,,,
655316,2026,29,0.85,,,,
655889,2021,24,-0.01,-0.87,,20.0,0.0
655889,2022,25,,0.25,,14.0,0.0
655889,2024,27,,1.1,740000,40.0,0.0
655889,2025,28,,0.84,,31.0,0.0
656004,2020,23,,-0.04,,2.0,0.0
656008,2022,25,,0.09,,2.0,0.0
656024,2022,25,-0.23,,,,
656024,2023,26,-0.01,,,,
656061,2020,24,,-0.29,,2.0,0.0
656061,2021,25,0.0,0.07,,28.0,0.0
656061,2022,26,0.0,0.35,,33.0,0.0
656061,2023,27,,-0.24,738700,45.0,0.0
656180,2021,25,0.5,,,,
656180,2022,26,0.02,,,,
656180,2023,27,1.07,,728800,,
656180,2024,28,0.16,,750900,,
656180,2025,29,0.31,,850000,,
656185,2017,24,-0.17,,,,
656185,2018,25,0.34,,,,
656185,2019,26,0.37,,560400,,
656185,2020,27,0.06,,,,
656185,2021,28,0.52,,,,
656185,2022,29,0.05,,,,
656185,2023,30,-0.02,,,,
656185,2025,32,-0.44,,,,
656186,2016,23,,0.48,,15.0,0.0
656186,2017,24,0.0,-0.07,536100,41.0,0.0
656186,2018,25,,0.43,,22.0,0.0
656186,2019,26,0.0,-0.01,,17.0,0.0
656186,2020,27,0.0,-0.28,,22.0,0.0
656186,2021,28,0.0,-0.03,850000,2.0,0.0
656186,2024,31,,-0.25,,5.0,1.0
656186,2025,32,,0.81,,28.0,0.0
656212,2021,25,-0.01,-0.33,,9.0,8.0
656212,2026,30,,-0.24000000000000002,,5.0,0.0
656222,2018,24,-0.02,-0.09000000000000002,,14.0,1.0
656222,2019,25,-0.04,0.19,556500,33.0,3.0
656222,2020,26,,0.17,,12.0,0.0
656222,2022,28,,1.22,750000,42.0,7.0
656222,2023,29,,-0.65,1375000,30.0,8.0
656222,2024,30,0.0,0.10999999999999999,1675000,71.0,0.0
656222,2025,31,,0.81,1250000,61.0,2.0
656222,2026,32,,0.23,1600000,29.0,0.0
656232,2020,24,,-0.62,,12.0,6.0
656232,2021,25,0.0,-0.3,,28.0,2.0
656232,2022,26,,0.09,,5.0,0.0
656232,2023,27,,0.37,,15.0,13.0
656232,2024,28,,0.07,,16.0,0.0
656234,2022,26,,0.26,,38.0,0.0
656234,2023,27,,0.84,722000,70.0,3.0
656234,2024,28,,0.39,745000,35.0,0.0
656234,2025,29,0.0,-0.06000000000000005,,48.0,0.0
656234,2026,30,,-0.42,1000000,36.0,0.0
656240,2020,24,,-0.01,,2.0,0.0
656240,2021,25,,0.13,,3.0,0.0
656240,2024,28,,0.81,,12.0,0.0
656240,2025,29,,-0.2,,26.0,2.0
656240,2026,30,,0.07,,1.0,0.0
656248,2022,26,0.94,,,,
656248,2023,27,0.69,,,,
656248,2024,28,-0.59,,740000,,
656248,2025,29,-0.94,,,,
656252,2019,23,-0.3,,,,
656252,2021,25,0.4,,,,
656252,2022,26,-0.39,,,,
656257,2018,26,0.06,-0.19,,4.0,4.0
656257,2019,27,-0.01,0.2,,32.0,0.0
656257,2020,28,,-0.07,,1.0,0.0
656257,2022,30,,0.36,,16.0,0.0
656257,2023,31,,-0.13,760000,37.0,0.0
656257,2025,33,,-0.05,,4.0,0.0
656266,2021,24,0.0,-0.86,,21.0,0.0
656266,2023,26,0.0,0.01999999999999999,,6.0,0.0
656266,2024,27,,0.19,743400,6.0,0.0
656271,2019,22,,-0.1,,6.0,6.0
656271,2022,25,,2.14,,52.0,0.0
656271,2023,26,,-0.1,742840,53.0,0.0
656271,2024,27,,-0.18,1035000,34.0,1.0
656271,2025,28,,1.33,1150000,69.0,1.0
656271,2026,29,,0.94,2325000,53.0,0.0
656288,2019,23,-0.03,1.33,,18.0,17.0
656288,2020,24,,1.06,,11.0,11.0
656288,2021,25,0.01,0.07,,14.0,13.0
656288,2023,27,,2.02,850000,24.0,22.0
656288,2024,28,,0.19,2600000,32.0,31.0
656288,2025,29,,1.23,4250000,16.0,16.0
656288,2026,30,,-1.04,1000000,15.0,11.0
656290,2021,25,0.0,0.01,,4.0,0.0
656290,2022,26,,0.05,,5.0,0.0
656290,2023,27,,-0.18,,11.0,0.0
656302,2019,23,,-0.26,,14.0,14.0
656302,2020,24,,0.15,,12.0,12.0
656302,2021,25,0.12,3.01,,32.0,32.0
656302,2022,26,,6.37,,32.0,32.0
656302,2023,27,,2.19,5700000,33.0,33.0
656302,2024,28,,4.03,8000000,33.0,33.0
656302,2025,29,,1.02,13750000,32.0,32.0
656302,2026,30,,4.08,20904511,19.0,19.0
656305,2017,24,3.3,,,,
656305,2018,25,7.43,,547500,,
656305,2019,26,7.27,,580000,,
656305,2020,27,1.16,,,,
656305,2021,28,3.36,,6490000,,
656305,2022,29,3.73,,12500000,,
656305,2023,30,4.31,,12500000,,
656305,2024,31,7.07,,18000000,,
656305,2025,32,4.1,,25166667,,
656305,2026,33,2.91,,25166666,,
656308,2019,23,0.88,,,,
656308,2020,24,-0.75,,,,
656308,2021,25,-0.38,,,,
656308,2022,26,-0.18,,,,
656308,2023,27,0.5,,1000000,,
656322,2019,26,0.0,0.45,,33.0,0.0
656322,2020,27,,-0.7,,18.0,0.0
656322,2021,28,-0.01,0.42,,42.0,2.0
656322,2022,29,,-0.35,,12.0,0.0
656322,2023,30,,-0.25,,10.0,0.0
656353,2020,24,,-0.34,,1.0,1.0
656353,2021,25,-0.07,0.45,,4.0,4.0
656353,2022,26,,-0.82,,12.0,11.0
656353,2023,27,,-0.44,740000,38.0,1.0
656353,2024,28,,0.37,,1.0,0.0
656354,2018,25,-0.04,0.12,,32.0,0.0
656354,2019,26,0.0,-0.11,,14.0,0.0
656354,2020,27,0.0,-0.16,,9.0,0.0
656354,2021,28,0.04,-0.24000000000000002,,29.0,0.0
656354,2022,29,,-0.5,,52.0,3.0
656354,2024,31,,-0.25,,7.0,0.0
656364,2021,26,-0.36,,,,
656371,2019,23,-0.93,,,,
656371,2020,24,-0.26,,,,
656371,2021,25,-1.48,,,,
656371,2023,27,-0.22999999999999998,,,,
656382,2020,24,,-0.21,,3.0,0.0
656382,2023,27,,-0.26,,15.0,0.0
656388,2022,26,0.16,,,,
656403,2021,25,-0.73,,,,
656403,2022,26,-0.27,,,,
656403,2023,27,0.15,,,,
656412,2022,26,,-0.41,,12.0,12.0
656412,2023,27,,0.49,,15.0,12.0
656412,2024,28,,0.65,746600,37.0,6.0
656413,2021,25,-0.02,,,,
656413,2022,26,0.7100000000000001,,,,
656413,2023,27,0.42,,722500,,
656413,2024,28,1.0,,750000,,
656413,2025,29,-0.29,,,,
656413,2026,30,0.07,,,,
656420,2020,27,,-0.04,,6.0,0.0
656420,2021,28,0.0,0.9,,55.0,0.0
656420,2022,29,,1.37,,22.0,2.0
656420,2024,31,,-0.31,770000,10.0,0.0
656420,2025,32,,-0.46,,4.0,0.0
656427,2017,21,-0.08,-0.27,,6.0,5.0
656427,2018,22,0.02,3.19,545000,28.0,28.0
656427,2019,23,0.12,5.74,562100,33.0,33.0
656427,2020,24,,-0.33,604500,9.0,9.0
656427,2021,25,0.33,0.76,3900000,17.0,15.0
656427,2022,26,,-0.08,5000000,9.0,8.0
656427,2023,27,,0.7899999999999999,5400000,29.0,27.0
656427,2024,28,,3.31,14000000,28.0,28.0
656427,2025,29,,0.8,25000000,31.0,31.0
656427,2026,30,,0.15,10000000,19.0,19.0
656448,2022,26,0.45,,,,
656448,2023,27,1.9,,,,
656448,2024,28,0.27,,798600,,
656457,2021,27,-0.1,1.1,,9.0,6.0
656457,2022,28,,-0.18,,8.0,7.0
656457,2023,29,,-0.02,,11.0,0.0
656457,2024,30,,0.12,,6.0,0.0
656457,2025,31,,0.54,,46.0,5.0
656457,2026,32,,-0.4,,4.0,1.0
656458,2021,25,0.0,0.92,,47.0,1.0
656458,2022,26,0.0,0.54,,47.0,0.0
656458,2024,28,,-0.4,760000,3.0,0.0
656458,2025,29,,-0.02,785000,1.0,0.0
656464,2019,25,0.0,0.7,,25.0,0.0
656464,2020,26,,-0.35,,19.0,0.0
656464,2021,27,0.0,-0.64,,32.0,0.0
656464,2022,28,0.0,0.1,,30.0,0.0
656464,2023,29,0.0,1.29,746600,60.0,0.0
656464,2024,30,0.0,0.84,1225000,72.0,0.0
656464,2025,31,,-0.81,2425000,29.0,0.0
656464,2026,32,,0.72,2750000,47.0,0.0
656467,2021,27,-0.17,,,,
656484,2023,27,0.12,,,,
656484,2024,28,-0.049999999999999996,,740000,,
656484,2025,29,0.22,,,,
656484,2026,30,-0.67,,,,
656492,2020,24,,0.08,,1.0,0.0
656492,2022,26,,-0.18,,6.0,0.0
656492,2026,30,,3.84,5500000,21.0,21.0
656494,2021,27,-0.11,,,,
656495,2022,26,0.37,,,,
656495,2023,27,0.16,,722500,,
656509,2020,24,-0.19,,,,
656509,2021,25,0.08,,,,
656509,2022,26,0.22,,,,
656514,2019,23,1.76,,,,
656514,2020,24,-0.03,,,,
656514,2021,25,-0.32,,,,
656514,2022,26,0.25,,,,
656514,2023,27,-0.12,,,,
656529,2021,24,-0.01,-1.03,,30.0,12.0
656529,2022,25,,1.26,,57.0,0.0
656529,2023,26,,0.77,,56.0,0.0
656529,2024,27,,0.34,1162000,25.0,0.0
656529,2026,29,0.0,0.53,1400000,28.0,0.0
656537,2020,24,-0.2,,,,
656537,2021,25,-0.14,,,,
656537,2022,26,0.43,,,,
656537,2023,27,-0.31,,,,
656537,2024,28,0.08,,,,
656537,2025,29,1.1,,,,
656537,2026,30,1.3900000000000001,,900000,,
656541,2019,25,0.57,,,,
656541,2020,26,0.15,,,,
656541,2021,27,0.75,,,,
656541,2022,28,0.67,,,,
656541,2023,29,0.23,,750000,,
656541,2024,30,0.41,,,,
656541,2025,31,-0.17,,1000000,,
656546,2016,23,-0.14,-0.68,,8.0,6.0
656546,2017,24,-0.23,0.38,,23.0,16.0
656546,2018,25,0.02,-0.28,547000,6.0,1.0
656546,2019,26,-0.01,0.02,,15.0,15.0
656546,2020,27,,-0.98,,16.0,0.0
656546,2021,28,0.02,0.91,,31.0,11.0
656546,2022,29,0.0,0.57,925000,35.0,1.0
656546,2023,30,,1.94,,54.0,0.0
656546,2024,31,,2.18,2200000,68.0,0.0
656546,2025,32,0.0,0.5,7666667,71.0,0.0
656546,2026,33,,-0.26,12666666,48.0,0.0
656547,2016,23,,-0.03,,8.0,0.0
656547,2017,24,0.0,0.46,536875,37.0,0.0
656547,2018,25,0.0,0.75,553850,60.0,1.0
656547,2019,26,0.0,-0.88,580300,34.0,1.0
656547,2020,27,0.01,0.11,750000,18.0,0.0
656548,2020,24,,0.02,,1.0,0.0
656548,2021,25,-0.04,0.18,,13.0,4.0
656548,2022,26,,0.03,,1.0,0.0
656550,2024,28,,1.13,740000,26.0,7.0
656550,2025,29,,1.42,,22.0,21.0
656550,2026,30,,1.31,,20.0,19.0
656555,2017,24,2.15,,,,
656555,2018,25,1.19,,552500,,
656555,2019,26,1.87,,575000,,
656555,2020,27,1.02,,,,
656555,2021,28,2.13,,4800000,,
656555,2022,29,3.02,,7700000,,
656555,2024,31,-0.11,,12000000,,
656555,2025,32,0.82,,18000000,,
656555,2026,33,-0.76,,,,
656557,2020,24,,1.3,,3.0,3.0
656557,2021,25,-0.01,1.54,,18.0,13.0
656557,2022,26,,1.63,,32.0,4.0
656557,2023,27,,1.29,740000,21.0,21.0
656557,2024,28,,3.17,770000,30.0,30.0
656557,2025,29,,-1.39,3950000,9.0,9.0
656568,2021,25,-0.02,,,,
656577,2019,23,-0.34,,,,
656577,2020,24,-0.01,,,,
656577,2021,25,-0.53,,,,
656577,2022,26,-0.05,,,,
656577,2024,28,-0.44,,740000,,
656577,2025,29,0.74,-0.1,,1.0,0.0
656577,2026,30,0.51,-0.08,1350000,2.0,0.0
656578,2021,25,-0.05,0.33,,3.0,0.0
656578,2022,26,,0.23,,4.0,0.0
656578,2023,27,,0.49000000000000005,722500,19.0,7.0
656582,2019,26,-0.21,,555000,,
656582,2021,28,1.71,,,,
656582,2022,29,0.93,,,,
656582,2023,30,0.71,,735000,,
656582,2024,31,0.67,,2125000,,
656582,2025,32,-0.64,,1000000,,
656582,2026,33,0.05,,,,
656605,2019,23,-0.17,-0.89,,11.0,11.0
656605,2020,24,,0.58,,5.0,5.0
656605,2021,25,-0.01,-0.32,,23.0,23.0
656605,2022,26,,1.81,,31.0,29.0
656605,2023,27,,2.97,2437500,32.0,32.0
656605,2024,28,,1.97,5854000,31.0,31.0
656605,2025,29,,1.57,15411500,32.0,32.0
656605,2026,30,,0.41,16911500,21.0,21.0
656620,2021,26,0.0,-0.21,,11.0,0.0
656627,2022,26,0.11,,,,
656627,2023,27,0.0,,,,
656629,2018,22,,0.08,,4.0,4.0
656629,2021,25,-0.01,1.43,,44.0,4.0
656629,2022,26,,2.33,,25.0,25.0
656629,2023,27,,0.59,2050000,30.0,27.0
656629,2024,28,0.0,1.3800000000000001,3000000,67.0,0.0
656629,2025,29,,0.23,5200000,14.0,0.0
656638,2021,25,0.0,0.3,,36.0,0.0
656638,2022,26,,0.48,,71.0,0.0
656638,2023,27,0.0,1.03,726000,67.0,0.0
656638,2024,28,,-0.6,760600,21.0,0.0
656638,2025,29,,0.03,,1.0,0.0
656638,2026,30,0.0,-0.8,900000,41.0,0.0
656641,2021,25,,-0.04,,1.0,1.0
656641,2023,27,,0.19,,3.0,0.0
656641,2024,28,0.0,0.2,741000,46.0,0.0
656641,2025,29,,1.42,,33.0,8.0
656641,2026,30,0.0,2.15,,39.0,1.0
656657,2022,26,,-1.13,,14.0,10.0
656657,2023,27,,-0.2,,3.0,0.0
656657,2024,28,,-0.15,,2.0,0.0
656669,2017,23,-0.35,,,,
656669,2018,24,0.05,,,,
656669,2019,25,1.99,,564500,,
656669,2020,26,-0.09,,,,
656669,2021,27,0.6,-0.02,,1.0,0.0
656669,2022,28,-0.03,,1400000,,
656669,2023,29,-0.020000000000000004,-0.17,,2.0,0.0
656671,2024,28,,0.1,,4.0,0.0
656685,2019,24,0.0,0.66,,51.0,2.0
656685,2020,25,,0.37,,15.0,0.0
656685,2021,26,0.0,0.43,,66.0,0.0
656685,2022,27,0.0,-0.1,1025000,55.0,1.0
656686,2019,23,,-0.22,,5.0,5.0
656686,2021,25,0.03,-0.59,,5.0,3.0
656686,2022,26,,-0.17,,7.0,2.0
656686,2025,29,,-0.54,,17.0,0.0
656686,2026,30,,-0.33,,7.0,0.0
656695,2022,26,-0.05,,,,
656713,2019,23,0.05,-0.16,,13.0,11.0
656716,2020,25,0.0,,,,
656716,2021,26,-0.7,,,,
656716,2022,27,0.36,,,,
656716,2023,28,1.33,-0.06,734500,1.0,0.0
656716,2024,29,0.77,-0.05,764400,3.0,0.0
656716,2025,30,2.91,0.01,1650000,1.0,0.0
656716,2026,31,0.43,-0.06,4200000,1.0,0.0
656725,2018,25,-0.02,-0.05,,2.0,0.0
656725,2019,26,0.09,-1.04,,11.0,2.0
656725,2020,27,,0.08,,2.0,0.0
656725,2021,28,0.0,0.02,,2.0,0.0
656730,2021,27,0.0,-1.0,,28.0,0.0
656730,2022,28,,-0.56,100000,39.0,0.0
656730,2023,29,,0.39,,31.0,2.0
656730,2024,30,0.0,1.23,756600,48.0,0.0
656730,2025,31,,1.58,1940000,50.0,0.0
656730,2026,32,0.0,0.98,4700000,41.0,0.0
656731,2021,25,0.26,0.62,,18.0,18.0
656731,2022,26,,0.0,,15.0,9.0
656731,2023,27,,0.61,,25.0,25.0
656731,2024,28,,0.47,766250,16.0,15.0
656731,2025,29,,0.4,1975000,14.0,14.0
656738,2018,25,-0.01,-0.77,,13.0,0.0
656755,2022,26,,-0.13,,3.0,0.0
656756,2017,24,0.03,2.8,535000,29.0,29.0
656756,2018,25,,0.45,580450,6.0,6.0
656756,2019,26,,-0.06,596600,2.0,1.0
656756,2020,27,,0.15,805000,10.0,10.0
656756,2021,28,-0.04,3.33,2130000,30.0,30.0
656756,2022,29,,1.85,6000000,32.0,32.0
656756,2023,30,,3.95,10000000,32.0,32.0
656756,2024,31,,-1.38,25000000,25.0,21.0
656775,2018,23,-0.19,,,,
656775,2019,24,-0.55,,557500,,
656775,2020,25,0.46,,,,
656775,2021,26,6.2,,,,
656775,2022,27,4.03,,,,
656775,2023,28,2.78,,4100000,,
656775,2024,29,2.36,,6325000,,
656775,2025,30,0.47,,8725000,,
656775,2026,31,0.66,,6500000,,
656786,2022,26,,0.04,,7.0,0.0
656786,2023,27,,-0.05,,14.0,0.0
656786,2024,28,,-0.31,747400,10.0,0.0
656793,2020,24,,-0.07,,11.0,0.0
656793,2021,25,,-0.91,,11.0,2.0
656793,2022,26,,0.1,,47.0,2.0
656793,2023,27,,0.25,,1.0,0.0
656793,2024,28,,-0.01,,4.0,0.0
656794,2017,24,-0.26,1.41,,19.0,19.0
656794,2018,25,-0.39,1.85,555000,31.0,30.0
656794,2019,26,-0.11,1.38,575000,55.0,4.0
656794,2020,27,,-0.57,,4.0,4.0
656794,2021,28,-0.03,0.08,,32.0,0.0
656794,2022,29,,-1.2999999999999998,900000,20.0,1.0
656794,2023,30,,0.42,,7.0,2.0
656794,2024,31,,-0.07,1000000,7.0,0.0
656794,2025,32,,1.76,,48.0,5.0
656794,2026,33,,1.56,4500000,39.0,1.0
656798,2018,22,-0.19,-0.92,,9.0,9.0
656803,2018,24,-0.06,-0.13,,11.0,0.0
656803,2019,25,-0.01,0.08,,9.0,0.0
656803,2020,26,,-0.12,,3.0,0.0
656803,2021,27,0.0,0.23,,5.0,0.0
656803,2022,28,,-0.51,,20.0,0.0
656805,2018,25,,-0.2,,4.0,2.0
656811,2018,24,0.84,,,,
656811,2019,25,-1.41,,557650,,
656811,2020,26,-0.64,,,,
656811,2021,27,-0.84,,,,
656811,2022,28,-0.51,,1300000,,
656811,2023,29,1.23,,1400000,,
656811,2024,30,1.75,,3500000,,
656811,2025,31,2.48,,8000000,,
656811,2026,32,0.66,,14500000,,
656814,2018,22,,-0.32,,2.0,1.0
656814,2019,23,,-0.12,,1.0,1.0
656814,2022,26,,0.28,,6.0,0.0
656814,2023,27,,0.28,,14.0,0.0
656814,2024,28,,-0.12,744000,1.0,0.0
656818,2021,27,0.06,0.04000000000000001,,9.0,3.0
656818,2022,28,,1.02,,6.0,4.0
656818,2023,29,,-0.45,730000,3.0,3.0
656820,2022,25,,0.0,,1.0,0.0
656820,2023,26,,0.0,,3.0,0.0
656821,2021,24,-0.13,,,,
656821,2022,25,-0.56,,,,
656821,2023,26,-0.21,,,,
656847,2021,25,0.039999999999999994,,,,
656848,2024,30,,-0.26,,16.0,0.0
656848,2025,31,,0.11000000000000001,,15.0,0.0
656848,2026,32,,0.92,,43.0,0.0
656849,2020,24,,1.6,,10.0,9.0
656849,2021,25,-0.04,-0.45,,15.0,15.0
656849,2022,26,,0.87,,28.0,19.0
656849,2023,27,,0.48,750000,27.0,21.0
656849,2024,28,,2.87,2150000,21.0,21.0
656849,2025,29,,1.59,4625000,30.0,30.0
656849,2026,30,,-0.96,8100000,21.0,13.0
656876,2020,24,,-0.07,,12.0,0.0
656876,2021,25,0.03,1.67,,35.0,10.0
656876,2022,26,,3.12,,28.0,28.0
656876,2023,27,,1.28,739700,8.0,8.0
656876,2024,28,,0.6,1862500,16.0,4.0
656876,2025,29,,4.4,2250000,31.0,31.0
656876,2026,30,,2.38,5750000,20.0,20.0
656883,2021,25,0.07,,,,
656883,2024,28,-0.17,,,,
656887,2018,22,-0.04,-0.14,,7.0,7.0
656887,2019,23,-0.01,-0.02,,9.0,6.0
656887,2020,24,,0.11,,5.0,0.0
656887,2021,25,0.09,-0.39,,12.0,0.0
656887,2022,26,,-0.05,,7.0,0.0
656887,2023,27,,0.14,,8.0,0.0
656887,2024,28,,0.2,,23.0,0.0
656896,2021,25,0.15,,,,
656896,2022,26,1.53,,,,
656896,2023,27,0.24,,,,
656896,2024,28,-0.3400000000000001,-0.07,765200,4.0,0.0
656896,2025,29,0.07,-0.19,1000000,1.0,0.0
656913,2020,24,,-0.23,,3.0,0.0
656924,2023,28,,0.03,,1.0,0.0
656924,2024,29,,-0.17,830000,15.0,0.0
656941,2015,22,1.24,,,,
656941,2016,23,-0.06,,522000,,
656941,2017,24,-0.02,,565500,,
656941,2018,25,2.07,,604500,,
656941,2019,26,2.06,,3390000,,
656941,2020,27,0.06,,7010000,,
656941,2021,28,3.51,,7000000,,
656941,2022,29,2.26,,19000000,,
656941,2023,30,0.66,,20000000,,
656941,2024,31,3.29,,20000000,,
656941,2025,32,4.6,,20000000,,
656941,2026,33,2.51,,18000000,,
656945,2017,22,,-0.05,,2.0,0.0
656945,2018,23,0.0,-0.14,,53.0,0.0
656945,2019,24,0.0,0.0,,28.0,0.0
656945,2020,25,,1.25,,25.0,0.0
656945,2021,26,0.0,-0.06,,62.0,0.0
656945,2022,27,0.0,0.05,,67.0,0.0
656945,2023,28,,3.91,2825000,74.0,0.0
656945,2024,29,,3.66,5700000,72.0,0.0
656945,2025,30,0.0,-0.6,16000000,61.0,0.0
656945,2026,31,,1.25,16000000,45.0,0.0
656954,2018,22,,-0.07,,3.0,0.0
656954,2019,23,-0.02,0.13,,8.0,7.0
656954,2020,24,,0.88,,10.0,10.0
656954,2021,25,0.05,-1.9,,21.0,15.0
656954,2022,26,,0.02,,6.0,1.0
656970,2019,23,,0.84,,11.0,6.0
656970,2020,24,,-0.3,,7.0,1.0
656970,2021,25,,0.1,,1.0,0.0
656970,2022,26,,0.92,,15.0,12.0
656970,2023,27,,-0.17,,9.0,1.0
656976,2020,24,0.22,,,,
656976,2021,25,-0.05,,,,
656976,2022,26,0.38,,,,
656976,2023,27,-0.83,,,,
656976,2024,28,0.61,0.03,740000,1.0,0.0
656976,2025,29,0.46,,1500000,,
656976,2026,30,-0.92,,2250000,,
656977,2018,24,0.05,0.38,,14.0,0.0
656977,2019,25,-0.03,-0.39,565000,32.0,0.0
656977,2020,26,,-0.13,,4.0,0.0
656981,2021,24,0.0,0.42,,6.0,0.0
656981,2023,26,,-0.5,,5.0,0.0
656986,2022,27,,-0.99,,25.0,0.0
656986,2023,28,,0.13999999999999999,,7.0,0.0
656986,2025,30,0.0,1.31,,44.0,0.0
656986,2026,31,,-0.04,910000,8.0,0.0
657006,2021,25,0.02,0.58,,20.0,9.0
657006,2022,26,,2.11,,24.0,24.0
657006,2023,27,,3.16,740000,30.0,30.0
657006,2024,28,,1.91,4000000,24.0,24.0
657006,2025,29,,0.13,6550000,4.0,4.0
657011,2021,25,0.03,,,,
657024,2019,25,-0.02,-0.34,,27.0,8.0
657024,2020,26,,-0.8,,9.0,0.0
657024,2021,27,0.0,0.33,,33.0,2.0
657024,2022,28,,1.73,,57.0,1.0
657024,2023,29,,1.47,1250000,69.0,0.0
657024,2024,30,,-0.25,2750000,45.0,0.0
657024,2025,31,,-0.44,3000000,6.0,0.0
657031,2019,26,0.0,1.27,,52.0,1.0
657031,2020,27,,-0.26,,8.0,0.0
657031,2021,28,0.0,1.24,,61.0,0.0
657031,2023,30,,-0.5,1025000,17.0,1.0
657041,2019,23,0.48,,,,
657041,2020,24,-0.21,,,,
657041,2021,25,0.6900000000000002,,,,
657041,2022,26,1.56,,,,
657041,2023,27,3.29,-0.1,2200000,1.0,0.0
657041,2024,28,0.24999999999999997,,2200000,,
657041,2025,29,-0.62,,7825000,,
657041,2026,30,0.28,,5250000,,
657044,2020,28,,-0.16,,25.0,1.0
657044,2021,29,0.0,0.83,,36.0,0.0
657044,2022,30,,-0.15,,47.0,0.0
657044,2023,31,,0.25999999999999995,1000000,31.0,0.0
657044,2024,32,0.0,0.99,1350000,67.0,0.0
657044,2025,33,0.0,0.23,2965000,48.0,0.0
657044,2026,34,,0.14,3950000,43.0,0.0
657053,2018,22,-0.05,0.36,,7.0,5.0
657053,2019,23,-0.15,-0.32,,24.0,1.0
657053,2020,24,,-0.83,,7.0,5.0
657053,2021,25,-0.11,0.24,,11.0,10.0
657053,2022,26,,0.09,,8.0,2.0
657053,2023,27,,0.98,,20.0,16.0
657053,2024,28,,-0.33,,11.0,0.0
657053,2025,29,,-0.03,,1.0,0.0
657061,2019,22,0.17,,,,
657061,2020,23,-0.93,,,,
657061,2021,24,-0.72,,,,
657061,2022,25,-0.97,,,,
657061,2023,26,0.0,,,,
657061,2024,27,-0.53,0.03,,1.0,0.0
657077,2017,21,-0.37,,,,
657077,2018,22,0.41,,,,
657077,2019,23,2.93,,560000,,
657077,2020,24,2.2,,,,
657077,2021,25,2.24,,,,
657077,2022,26,0.92,,3550000,,
657077,2023,27,2.72,,6300000,,
657077,2024,28,0.87,,8700000,,
657077,2025,29,-0.2,,1500000,,
657088,2023,27,0.33,,,,
657088,2024,28,0.03,,750000,,
657093,2021,28,,-0.89,,16.0,10.0
657093,2022,29,,-0.05,,23.0,20.0
657093,2023,30,,-0.17,,1.0,1.0
657097,2019,25,-0.01,0.91,,36.0,0.0
657097,2020,26,,0.23,,8.0,0.0
657097,2021,27,-0.02,-0.11,,34.0,0.0
657097,2023,29,,0.89,,54.0,0.0
657097,2024,30,0.0,0.99,1000000,60.0,0.0
657097,2025,31,,0.29,1250000,55.0,0.0
657097,2026,32,,0.48,1500000,46.0,0.0
657108,2020,24,-0.05,,,,
657108,2021,25,-0.62,,1300000,,
657117,2018,25,0.0,-0.02,,10.0,0.0
657117,2019,26,0.0,-0.27,,2.0,0.0
657129,2022,25,-0.02,,,,
657136,2021,25,0.33,,,,
657136,2022,26,-0.13,,,,
657136,2023,27,2.18,,722000,,
657136,2024,28,1.76,,760000,,
657136,2025,29,-0.51,,,,
657136,2026,30,0.92,,1375000,,
657140,2018,22,0.0,0.02,,4.0,0.0
657140,2019,23,-0.06,-0.51,565000,7.0,4.0
657140,2020,24,,0.24,,8.0,8.0
657140,2021,25,0.08,-0.29,,2.0,2.0
657140,2022,26,,3.71,,30.0,30.0
657140,2023,27,,-0.62,750000,9.0,7.0
657141,2019,23,-0.2,1.02,,15.0,15.0
657141,2020,24,,-1.06,,4.0,3.0
657141,2021,25,0.05,-0.23,,2.0,1.0
657145,2017,24,0.0,,,,
657145,2018,25,0.09,,,,
657145,2019,26,-0.1,,556500,,
657193,2020,30,0.01,,,,
657193,2021,31,0.13,,,,
657193,2022,32,-0.47,,100000,,
657193,2024,34,0.05,0.03,,1.0,0.0
657205,2016,23,0.0,-0.17,,21.0,0.0
657205,2017,24,0.0,0.1,,6.0,0.0
657205,2018,25,0.0,-0.020000000000000018,,15.0,0.0
657209,2018,24,,-0.01,,4.0,0.0
657228,2018,25,,-0.07,,3.0,0.0
657228,2019,26,0.0,-0.2,,18.0,0.0
657228,2021,28,-0.01,-0.52,,10.0,0.0
657240,2020,28,,0.32,,8.0,3.0
657240,2021,29,,0.13,,13.0,1.0
657240,2022,30,,-0.6,,26.0,1.0
657240,2023,31,0.0,0.89,737000,69.0,0.0
657240,2024,32,0.0,-0.37,1175000,15.0,0.0
657240,2025,33,,-0.45,1225000,21.0,0.0
657247,2022,28,0.04,,,,
657247,2023,29,-0.19,,,,
657248,2021,25,,-0.85,,6.0,6.0
657248,2022,26,,0.58,,27.0,27.0
657248,2023,27,,-0.54,,6.0,0.0
657265,2022,27,,0.56,,30.0,0.0
657265,2023,28,,0.03,726400,37.0,0.0
657265,2024,29,,0.21,740000,10.0,0.0
657272,2022,26,,-0.04,,25.0,0.0
657272,2023,27,,-0.18,,1.0,0.0
657277,2019,22,-0.04,0.06,,8.0,8.0
657277,2020,23,,-0.39,,13.0,11.0
657277,2021,24,0.21,3.85,,27.0,26.0
657277,2022,25,,4.56,,32.0,32.0
657277,2023,26,,5.61,4600000,33.0,33.0
657277,2024,27,,3.79,8000000,33.0,33.0
657277,2025,28,,4.22,12000000,34.0,34.0
657277,2026,29,,1.22,23000000,18.0,18.0
657376,2020,24,,-0.15,,3.0,1.0
657376,2021,25,0.03,-0.29,,2.0,1.0
657376,2022,26,0.0,0.84,,29.0,3.0
657376,2023,27,,0.69,740475,33.0,32.0
657376,2024,28,,1.91,2025000,16.0,16.0
657376,2025,29,,1.75,3600000,14.0,14.0
657424,2022,29,,0.35,,11.0,0.0
657424,2023,30,,0.14,770000,5.0,0.0
657424,2025,32,,0.4,,33.0,2.0
657424,2026,33,,-0.43,,34.0,0.0
657434,2019,27,0.14,,,,
657434,2020,28,0.09,,,,
657434,2021,29,0.08,,650000,,
657508,2021,25,,-0.44,,4.0,0.0
657508,2022,26,,0.03,,13.0,4.0
657508,2023,27,0.0,0.59,722300,60.0,0.0
657508,2024,28,0.0,-0.64,748900,57.0,0.0
657514,2022,30,,-0.18,,2.0,0.0
657514,2023,31,,1.3,,55.0,6.0
657514,2024,32,0.0,0.34,740000,57.0,3.0
657514,2025,33,0.0,0.3,,55.0,3.0
657514,2026,34,,1.26,925000,49.0,2.0
657524,2017,24,-0.03,,,,
657557,2017,23,2.68,,,,
657557,2018,24,2.88,,1166667,,
657557,2019,25,5.24,,1666667,,
657557,2020,26,0.31,,1666667,,
657557,2021,27,1.49,,4166667,,
657557,2022,28,0.27,,6166666,,
657557,2023,29,-0.4900000000000001,,9166666,,
657557,2024,30,0.8999999999999999,,1750000,,
657557,2025,31,-0.16,,1000000,,
657566,2019,27,0.03,-0.78,,14.0,2.0
657571,2018,21,-0.01,0.29,,29.0,3.0
657571,2019,22,0.08,-0.24,560000,46.0,2.0
657571,2020,23,,0.25,,21.0,1.0
657571,2022,25,,0.69,762000,37.0,1.0
657571,2023,26,0.0,0.07,1100000,68.0,7.0
657571,2024,27,,-0.47000000000000003,2400000,62.0,0.0
657571,2025,28,,0.96,3000000,70.0,0.0
657571,2026,29,,0.34,4500000,22.0,0.0
657585,2019,26,,-0.21,555000,13.0,0.0
657585,2022,29,,-0.13,,7.0,0.0
657585,2023,30,,-0.16,,11.0,0.0
657585,2024,31,,0.2,740000,53.0,0.0
657585,2025,32,,0.48,,58.0,1.0
657610,2017,26,0.0,0.87,,37.0,0.0
657610,2018,27,0.0,-0.75,555000,73.0,0.0
657610,2019,28,0.0,-1.29,572500,22.0,0.0
657610,2021,30,0.0,-0.14,,2.0,0.0
657611,2020,26,,-0.15,,18.0,0.0
657612,2018,28,-0.01,-0.13,545000,70.0,0.0
657612,2019,29,0.0,0.81,573175,46.0,0.0
657612,2020,30,-0.02,0.01,,23.0,0.0
657612,2021,31,0.0,-0.1,,78.0,0.0
657612,2022,32,,0.36,1325000,55.0,0.0
657612,2023,33,,-1.17,1850000,48.0,0.0
657612,2024,34,,0.42999999999999994,1800000,62.0,0.0
657612,2025,35,,1.15,2500000,70.0,0.0
657612,2026,36,,0.05,3000000,48.0,0.0
657624,2018,25,,0.68,,6.0,3.0
657624,2019,26,0.0,0.02,556800,49.0,1.0
657624,2020,27,,-0.45,,13.0,2.0
657624,2021,28,0.0,0.01,,5.0,0.0
657649,2022,28,,-0.11,,10.0,5.0
657649,2024,30,,1.46,740000,55.0,6.0
657649,2025,31,,1.61,,72.0,0.0
657649,2026,32,,-0.38,,9.0,0.0
657656,2018,23,2.23,,,,
657656,2019,24,3.45,,557500,,
657656,2020,25,1.43,,,,
657656,2021,26,2.67,,,,
657656,2022,27,0.94,,2450000,,
657656,2023,28,1.67,,3550000,,
657656,2024,29,1.27,,5150000,,
657656,2025,30,3.8,,4000000,,
657656,2026,31,-0.11,,,,
657658,2018,24,0.0,,1090000,,
657670,2016,23,0.0,-0.3,,24.0,0.0
657681,2017,24,0.0,0.38,,17.0,0.0
657681,2018,25,-0.01,-0.01,546900,4.0,0.0
657697,2021,30,,-0.1,,1.0,0.0
657697,2022,31,,0.1,,2.0,0.0
657697,2023,32,,0.09,,3.0,0.0
657697,2024,33,,0.38,740000,9.0,0.0
657709,2022,26,-0.58,,,,
657745,2022,30,,-0.06,,1.0,0.0
657746,2021,25,-0.02,0.35,,5.0,5.0
657746,2022,26,,2.34,,27.0,27.0
657746,2023,27,,1.56,730250,29.0,29.0
657746,2024,28,,2.47,758850,23.0,23.0
657746,2025,29,,4.51,3000000,31.0,30.0
657746,2026,30,,2.1,6100000,21.0,21.0
657756,2021,25,,0.0,,1.0,1.0
657756,2022,26,,-1.0,,5.0,5.0
657756,2023,27,,-1.3,722000,27.0,13.0
657756,2025,29,0.0,0.04000000000000001,,7.0,0.0
657756,2026,30,0.0,-0.14,800000,21.0,0.0
657757,2021,25,0.06,,,,
657757,2022,26,-0.46,,,,
657757,2023,27,-1.45,,735000,,
657757,2024,28,-1.0,,756950,,
657757,2025,29,0.79,,,,
657757,2026,30,0.03,,4500000,,
657766,2019,26,,0.06,,7.0,0.0
657766,2022,29,,-0.08,,1.0,0.0
657770,2018,25,,-0.36,,3.0,0.0
657770,2022,29,,-0.24000000000000002,,20.0,0.0
657786,2018,26,0.0,-0.16999999999999998,,6.0,0.0
658069,2019,26,-0.12,,,,
658069,2020,27,1.08,,,,
658069,2021,28,0.27,0.03,,1.0,0.0
658305,2019,22,0.0,-0.18,,37.0,0.0
658305,2020,23,,-0.27,,4.0,0.0
658305,2021,24,0.0,-1.08,,11.0,0.0
658431,2020,23,,0.13,,1.0,1.0
658431,2021,24,-0.01,0.13,,4.0,1.0
658431,2022,25,0.0,-0.4,,14.0,0.0
658551,2019,22,0.0,-0.15,,13.0,0.0
658551,2020,23,,-0.23,,3.0,0.0
658551,2021,24,-0.01,-0.13,,18.0,0.0
658551,2022,25,,0.32,,16.0,0.0
658648,2019,22,-0.02,0.28,,1.0,1.0
658648,2021,24,-0.01,0.07,,1.0,1.0
658648,2022,25,,-0.04,,2.0,0.0
658648,2023,26,,0.44,,14.0,6.0
658648,2024,27,0.0,0.43,746600,54.0,0.0
658668,2020,24,-0.8,,,,
658668,2021,25,-0.02,,,,
658668,2022,26,0.07,,,,
658668,2023,27,0.24,,740750,,
658668,2024,28,-0.67,,1350000,,
658791,2019,25,,-0.06,,4.0,0.0
658792,2017,28,-0.05,0.21,,3.0,2.0
658792,2018,29,-0.02,-0.39,,3.0,1.0
658792,2019,30,0.13,-0.22,,8.0,0.0
659262,2022,24,,-0.02,,7.0,0.0
659275,2017,24,-0.2,0.68,,21.0,21.0
659275,2019,26,-0.05,0.64,566700,14.0,14.0
659275,2020,27,,2.34,1300000,12.0,12.0
659275,2021,28,-0.01,0.22,4200000,22.0,9.0
659275,2022,29,,-0.18,4775000,32.0,0.0
659275,2023,30,,-1.63,5000000,17.0,4.0
659275,2024,31,,0.0,,3.0,0.0
660162,2016,21,-0.35,,,,
660162,2017,22,1.57,,,,
660162,2018,23,1.29,,555000,,
660162,2019,24,5.14,,575000,,
660162,2020,25,0.6,,1800000,,
660162,2021,26,4.11,,6800000,,
660162,2022,27,0.92,,13800000,,
660162,2023,28,0.63,,17800000,,
660162,2024,29,0.26,,24800000,,
660162,2025,30,0.81,,5000000,,
660162,2026,31,-0.24,,4000000,,
660261,2023,29,0.0,-1.98,3250000,64.0,7.0
660271,2018,23,2.71,1.34,545000,10.0,10.0
660271,2019,24,2.43,,650000,,
660271,2020,25,0.03,-0.44,,2.0,2.0
660271,2021,26,4.89,4.07,3000000,23.0,23.0
660271,2022,27,3.4,6.25,5500000,28.0,28.0
660271,2023,28,6.11,3.8,30000000,23.0,23.0
660271,2024,29,9.04,,28216944,,
660271,2025,30,6.58,1.13,28216944,14.0,14.0
660271,2026,31,2.71,2.85,28216944,14.0,14.0
660294,2020,28,0.17,,,,
660294,2021,29,-0.85,,7000000,,
660294,2022,30,-1.63,,4000000,,
660365,2021,33,0.0,-0.37,,12.0,4.0
660422,2020,24,,-0.14,,1.0,0.0
660422,2021,25,0.0,-0.22,,2.0,0.0
660431,2020,24,,-0.03,,1.0,0.0
660431,2023,27,,-0.05,,1.0,0.0
660494,2019,25,,0.1,,5.0,2.0
660546,2019,22,,-0.11,,1.0,0.0
660546,2021,24,-0.01,-0.17,,20.0,0.0
660593,2022,25,,0.19,,3.0,1.0
660593,2023,26,,-0.4,,9.0,3.0
660600,2020,24,,0.48,,22.0,0.0
660600,2021,25,,-0.45,,12.0,0.0
660600,2022,26,,0.03,,3.0,0.0
660600,2024,28,,0.67,740000,18.0,0.0
660604,2025,27,,0.21,,5.0,0.0
660604,2026,28,,0.21,,6.0,3.0
660620,2020,21,-0.13,,,,
660620,2021,22,0.06,-0.01,,1.0,0.0
660620,2022,23,-0.48,,,,
660620,2023,24,-0.31,,,,
660623,2019,21,0.0,-0.17,,2.0,0.0
660623,2020,22,,0.05,,9.0,5.0
660623,2021,23,0.33,1.3,,18.0,17.0
660623,2022,24,,-0.45,,2.0,2.0
660634,2021,23,0.91,,,,
660634,2022,24,0.0,,,,
660634,2023,25,-0.09,0.03,,1.0,0.0
660636,2022,24,-0.68,-0.26,,2.0,0.0
660636,2023,25,-0.03,,,,
660636,2024,26,0.2,,,,
660644,2021,23,-0.72,,,,
660644,2022,24,-0.59,,,,
660644,2023,25,-0.32,,,,
660644,2024,26,0.62,-0.25,745800,2.0,0.0
660644,2025,27,0.15000000000000002,-0.09,,2.0,0.0
660644,2026,28,-0.08,,,,
660650,2022,24,0.5,,,,
660670,2018,20,3.87,,545000,,
660670,2019,21,5.16,,560000,,
660670,2020,22,2.37,,1000000,,
660670,2021,23,3.47,,5000000,,
660670,2022,24,2.33,,15000000,,
660670,2023,25,8.4,,17000000,,
660670,2024,26,0.02,,17000000,,
660670,2025,27,3.05,,17000000,,
660670,2026,28,0.76,,17000000,,
660688,2020,21,0.06,,,,
660688,2021,22,0.53,,,,
660688,2022,23,1.49,,,,
660688,2023,24,1.39,,1375000,,
660688,2024,25,0.55,,6375000,,
660688,2025,26,0.77,,5375000,,
660688,2026,27,0.93,,5375000,,
660707,2022,23,0.14,,,,
660707,2023,24,-0.14,,722000,,
660707,2024,25,-1.74,,745000,,
660710,2026,28,-0.04,-0.26,,2.0,0.0
660730,2022,24,,-1.45,,7.0,5.0
660730,2023,25,,0.24,,1.0,0.0
660730,2025,27,,-0.6100000000000001,900000,7.0,2.0
660731,2020,22,0.35,,,,
660731,2021,23,-0.15,,,,
660757,2022,24,2.19,,,,
660757,2023,25,-1.41,,722600,,
660757,2025,27,-0.47,,,,
660758,2024,26,-0.13,,,,
660761,2019,21,-0.03,-1.03,,19.0,15.0
660761,2020,22,,-0.58,,2.0,2.0
660761,2021,23,-0.01,1.78,,23.0,14.0
660761,2022,24,,1.6,,22.0,20.0
660761,2023,25,,-1.02,750000,11.0,7.0
660761,2024,26,,-0.59,925000,22.0,3.0
660761,2025,27,,0.57,,7.0,1.0
660761,2026,28,,0.38999999999999996,900000,37.0,2.0
660766,2022,24,0.35,,,,
660766,2023,25,-0.75,,,,
660766,2024,26,0.57,,,,
660787,2022,24,,-0.51,,26.0,0.0
660787,2023,25,,0.45,,22.0,0.0
660787,2025,27,0.0,0.37,,25.0,0.0
660787,2026,28,,0.0,,5.0,0.0
660813,2019,20,,0.06,,10.0,0.0
660813,2020,21,,0.28,,23.0,2.0
660813,2021,22,-0.02,0.08,,34.0,1.0
660813,2022,23,,0.5,,46.0,1.0
660813,2023,24,0.0,2.47,1225000,68.0,1.0
660813,2024,25,,0.12,2700000,7.0,0.0
660821,2020,22,-0.53,,,,
660821,2021,23,1.03,,,,
660821,2022,24,0.86,,,,
660821,2023,25,1.47,,738000,,
660821,2024,26,1.01,,2100000,,
660821,2025,27,1.4,,4500000,,
660821,2026,28,-0.35,,6800000,,
660825,2021,25,,0.13,,2.0,0.0
660825,2022,26,,0.34,,12.0,0.0
660825,2023,27,,0.12,,12.0,0.0
660825,2024,28,,-0.02,870600,23.0,0.0
660825,2025,29,,1.82,,73.0,0.0
660825,2026,30,,0.79,,49.0,0.0
660829,2021,25,-0.37,,,,
660829,2022,26,-0.26,,,,
660844,2024,26,0.28,0.0,740000,2.0,0.0
660844,2025,27,0.74,0.03,,1.0,0.0
660844,2026,28,-0.19,,,,
660853,2018,22,-0.06,0.12,,7.0,2.0
660853,2019,23,-0.01,-0.18,,5.0,1.0
660853,2021,25,0.0,-0.6799999999999999,,33.0,0.0
660853,2022,26,0.0,0.72,,50.0,0.0
660853,2023,27,,1.19,750000,70.0,0.0
660853,2024,28,,0.12000000000000005,1600000,64.0,0.0
660853,2025,29,0.0,0.09999999999999998,,65.0,0.0
660853,2026,30,,0.02,1600000,46.0,0.0
660875,2018,25,0.0,-0.03,,5.0,0.0
660896,2019,23,,0.05,,2.0,0.0
660896,2020,24,,0.43,,16.0,0.0
660896,2021,25,0.0,0.29,,59.0,0.0
660896,2022,26,,0.12,,2.0,0.0
660896,2023,27,,-0.3,790000,11.0,0.0
660896,2024,28,,1.39,790000,54.0,0.0
660896,2025,29,,-1.08,1500000,56.0,0.0
660906,2021,23,,0.06,,4.0,0.0
660906,2022,24,,-0.09,,10.0,0.0
660906,2023,25,,-0.14,,17.0,1.0
661255,2018,25,0.0,0.14,,10.0,0.0
661255,2019,26,0.0,0.6,556900,70.0,0.0
661255,2020,27,,-0.28,,20.0,0.0
661255,2021,28,0.0,-0.17,,13.0,0.0
661255,2022,29,,-0.11,,8.0,0.0
661269,2021,25,-0.13,1.76,,22.0,22.0
661269,2022,26,,-0.59,,10.0,8.0
661269,2024,28,,-0.09,,1.0,0.0
661309,2022,25,,-0.78,,12.0,12.0
661309,2023,26,,0.37,720000,22.0,1.0
661383,2021,24,0.0,0.06,,8.0,0.0
661383,2022,25,,0.05,,27.0,0.0
661383,2023,26,,0.11,,10.0,0.0
661388,2020,22,0.09,,,,
661388,2021,23,0.08,,,,
661388,2022,24,2.63,,,,
661388,2023,25,3.69,,739000,,
661388,2024,26,4.96,,766900,,
661388,2025,27,3.78,,6000000,,
661388,2026,28,1.22,,9400000,,
661395,2022,24,0.0,2.86,,57.0,0.0
661395,2023,25,,1.97,720000,59.0,0.0
661395,2024,26,,0.22,747200,58.0,0.0
661395,2025,27,0.0,3.14,4125000,72.0,0.0
661395,2026,28,0.0,2.0,7500000,38.0,0.0
661403,2019,21,0.0,0.92,,21.0,1.0
661403,2021,23,0.0,2.77,,71.0,0.0
661403,2022,24,,2.78,1900000,77.0,0.0
661403,2023,25,,0.65,1900000,75.0,0.0
661403,2024,26,,4.4,2900000,74.0,0.0
661403,2025,27,0.0,0.67,4900000,48.0,0.0
661440,2020,24,,-0.12,,1.0,0.0
661440,2021,25,0.0,-0.13,,6.0,0.0
661440,2022,26,,0.11,,17.0,1.0
661440,2023,27,,-0.17,,30.0,0.0
661527,2021,26,,-0.17,,3.0,0.0
661527,2022,27,,0.83,,29.0,0.0
661527,2023,28,0.0,-0.24,730200,35.0,0.0
661527,2024,29,,0.48,753600,44.0,0.0
661527,2025,30,,-0.02,,6.0,0.0
661531,2022,27,-0.04,0.05,,1.0,0.0
661531,2023,28,-0.42,,722000,,
661531,2024,29,0.14,,751000,,
661531,2026,31,-0.02,,,,
661563,2021,23,,0.79,,6.0,6.0
661563,2022,24,,-0.16,,1.0,1.0
661563,2024,26,,2.88,740000,29.0,29.0
661563,2025,27,,1.06,,11.0,11.0
661563,2026,28,,-0.14,2162500,4.0,4.0
662139,2020,23,0.07,,,,
662139,2021,24,1.59,,,,
662139,2022,25,4.92,,,,
662139,2023,26,3.59,,3050000,,
662139,2024,27,4.83,,5650000,,
662139,2025,28,2.74,,8200000,,
662139,2026,29,1.09,,10750000,,
662144,2026,32,,0.12,,1.0,0.0
662253,2019,20,0.0,0.24,,22.0,0.0
662253,2021,22,,0.02,,1.0,0.0
662253,2022,23,,1.42,,64.0,0.0
662253,2023,24,0.0,0.6,1687500,52.0,0.0
662253,2024,25,,2.05,2187500,60.0,0.0
662253,2025,26,,2.46,2687500,64.0,0.0
662253,2026,27,,0.29,,40.0,0.0
663158,2022,31,,1.47,,45.0,0.0
663158,2023,32,,0.03,10000000,26.0,0.0
663158,2024,33,,2.05,10000000,65.0,0.0
663158,2025,34,,2.14,10000000,70.0,0.0
663158,2026,35,0.0,1.68,13000000,31.0,0.0
663321,2023,28,,-0.11,,2.0,0.0
663321,2024,29,,-0.11,740000,5.0,0.0
663321,2025,30,,0.02,,10.0,0.0
663330,2020,22,0.12,,,,
663330,2021,23,-0.59,,,,
663330,2023,25,0.03,,,,
663330,2024,26,-0.02,,741200,,
663330,2025,27,0.91,,,,
663330,2026,28,-1.0599999999999998,,,,
663362,2023,26,,0.22,,8.0,6.0
663362,2024,27,,0.85,741800,27.0,26.0
663362,2025,28,,-0.08,,1.0,1.0
663362,2026,29,,-0.53,,10.0,3.0
663366,2020,23,,0.0,,5.0,0.0
663366,2021,24,0.0,-0.67,,6.0,1.0
663368,2023,26,1.13,,,,
663368,2024,27,1.91,,800000,,
663368,2025,28,0.27,,,,
663368,2026,29,0.19,,,,
663372,2021,24,-0.01,-0.32,,2.0,2.0
663372,2022,25,,-0.09,,20.0,19.0
663372,2023,26,,0.04,722000,10.0,10.0
663372,2024,27,,1.33,745000,30.0,30.0
663372,2025,28,,0.55,2275000,6.0,6.0
663372,2026,29,,0.53,2450000,15.0,15.0
663378,2021,25,-0.01,-0.12,,1.0,0.0
663378,2022,26,,0.08999999999999997,,11.0,1.0
663385,2022,27,,-0.37,,15.0,0.0
663385,2023,28,,-0.08,,10.0,0.0
663399,2020,26,,0.05,,2.0,0.0
663399,2021,27,-0.01,-0.31,,9.0,0.0
663399,2025,31,,0.4,,11.0,1.0
663411,2020,26,-0.36,,,,
663423,2019,25,0.1,1.23,555000,32.0,29.0
663423,2020,26,,-0.24,,3.0,3.0
663423,2021,27,0.0,-0.32,,37.0,3.0
663423,2022,28,,0.17,850000,32.0,0.0
663423,2023,29,,0.43000000000000005,1000000,27.0,1.0
663423,2024,30,0.0,0.31,1200000,71.0,0.0
663423,2025,31,0.0,-0.13,2000000,33.0,0.0
663423,2026,32,,0.69,,29.0,0.0
663432,2018,25,0.0,-0.99,,8.0,0.0
663432,2019,26,-0.01,0.51,,52.0,0.0
663432,2020,27,,1.02,,20.0,0.0
663432,2021,28,0.0,-1.07,,38.0,0.0
663432,2022,29,,0.29,860000,29.0,0.0
663432,2023,30,,0.05,1500000,1.0,0.0
663432,2024,31,,0.11,1500000,50.0,0.0
663432,2025,32,,-0.6,,13.0,0.0
663436,2022,25,,0.01,,14.0,9.0
663436,2024,27,,0.9,740000,11.0,10.0
663436,2025,28,,1.6,,26.0,25.0
663436,2026,29,,3.08,,20.0,20.0
663455,2022,24,,-0.09,,15.0,11.0
663455,2023,25,,0.06,,1.0,0.0
663455,2025,27,0.0,-0.03,,32.0,0.0
663457,2021,23,0.97,,,,
663457,2022,24,2.27,,,,
663457,2023,25,3.26,,732400,,
663457,2024,26,1.58,,761000,,
663457,2025,27,1.36,,2950000,,
663457,2026,28,0.17,,5350000,,
663460,2020,22,,0.36,,10.0,10.0
663460,2021,23,-0.06,1.26,,29.0,20.0
663460,2022,24,,-0.34,,28.0,27.0
663460,2023,25,,0.44,2200000,3.0,3.0
663460,2024,26,0.0,0.71,2350000,27.0,0.0
663460,2025,27,,3.09,3000000,20.0,20.0
663460,2026,28,,0.72,6150000,9.0,9.0
663462,2023,25,,0.53,,27.0,0.0
663462,2024,26,0.0,-1.27,746000,8.0,0.0
663462,2025,27,,-0.14,,6.0,0.0
663465,2018,20,0.38,-0.59,,3.0,1.0
663465,2019,21,-0.03,0.86,,9.0,9.0
663465,2020,22,,-0.68,,11.0,8.0
663465,2021,23,-0.02,-0.8,,32.0,17.0
663465,2022,24,,-0.46,,10.0,0.0
663465,2023,25,,-0.18,,4.0,3.0
663465,2024,26,,0.2,1000000,7.0,4.0
663465,2025,27,,1.23,,33.0,2.0
663465,2026,28,,-0.33,,4.0,0.0
663474,2020,22,,0.61,,8.0,6.0
663474,2021,23,0.05,0.96,,25.0,24.0
663474,2022,24,,3.92,,31.0,30.0
663474,2023,25,,0.09,,4.0,4.0
663474,2024,26,,-0.54,1600000,16.0,16.0
663474,2025,27,,-0.21,1950000,4.0,0.0
663478,2022,24,-0.14,,,,
663485,2022,24,,-0.33,,11.0,3.0
663485,2023,25,0.0,0.19,723650,15.0,0.0
663485,2024,26,,1.28,749450,62.0,0.0
663485,2025,27,,0.4,,69.0,3.0
663485,2026,28,,-0.41,1100000,13.0,0.0
663494,2026,28,0.25,0.07,,1.0,0.0
663527,2021,24,0.14,,,,
663527,2022,25,-0.46,,,,
663527,2023,26,-0.52,,,,
663527,2024,27,-0.22,,,,
663531,2019,22,0.07,-0.39,,9.0,4.0
663531,2020,23,,0.06,,3.0,0.0
663531,2021,24,-0.01,-0.69,,14.0,11.0
663531,2022,25,,-0.12000000000000001,,7.0,0.0
663531,2024,27,,-0.13,,12.0,0.0
663534,2022,25,,0.01,,1.0,0.0
663536,2025,28,-0.24,,,,
663538,2019,22,0.28,,,,
663538,2020,23,0.75,,,,
663538,2021,24,1.18,,,,
663538,2022,25,4.18,,,,
663538,2023,26,5.46,,2525000,,
663538,2024,27,3.74,,11500000,,
663538,2025,28,6.17,,11500000,,
663538,2026,29,1.66,,12000000,,
663542,2023,26,,-0.14,,6.0,0.0
663542,2024,27,,2.43,741700,43.0,0.0
663542,2025,28,,-0.2,,16.0,0.0
663542,2026,29,,1.33,,46.0,6.0
663546,2022,25,,-0.41,,8.0,0.0
663546,2023,26,,-0.65,,15.0,0.0
663546,2024,27,,0.63,743750,58.0,0.0
663546,2025,28,,-0.38,,12.0,1.0
663550,2023,26,-0.33,,,,
663550,2024,27,-0.13,,740000,,
663554,2020,23,,-0.53,,7.0,7.0
663554,2021,24,0.03,3.35,,30.0,30.0
663554,2022,25,,-0.04,,2.0,2.0
663554,2024,27,,0.26,830000,22.0,20.0
663554,2025,28,,1.66,2340000,28.0,28.0
663554,2026,29,,3.03,6150000,16.0,16.0
663556,2021,24,,1.78,,25.0,25.0
663556,2022,25,,4.14,,28.0,28.0
663556,2023,26,,2.82,737000,21.0,21.0
663556,2026,29,,1.4,3600000,19.0,19.0
663558,2021,24,,-0.22,,5.0,0.0
663558,2022,25,,0.91,,31.0,0.0
663558,2023,26,0.0,-0.32,726200,43.0,0.0
663558,2025,28,,-0.07,,2.0,0.0
663558,2026,29,,0.72,,29.0,3.0
663559,2021,24,-0.06,-0.01,,22.0,1.0
663559,2022,25,,1.08,,20.0,16.0
663559,2023,26,,-0.22999999999999998,733000,18.0,14.0
663559,2024,27,,1.57,755000,28.0,28.0
663559,2025,28,,0.9599999999999999,2222000,26.0,24.0
663559,2026,29,,-0.61,3600000,5.0,2.0
663562,2022,25,,-0.08,,1.0,0.0
663562,2023,26,,-0.7,,8.0,6.0
663562,2024,27,,-0.18,740000,9.0,0.0
663562,2025,28,,-1.28,,9.0,0.0
663567,2019,22,0.42,-0.8,,19.0,19.0
663567,2021,24,-0.03,-0.24,,2.0,2.0
663567,2023,26,,0.4,770000,25.0,11.0
663567,2024,27,0.0,-0.42,1250000,28.0,3.0
663567,2026,29,,2.93,,17.0,17.0
663568,2024,27,,-0.21,740000,42.0,0.0
663568,2025,28,,1.92,,19.0,19.0
663568,2026,29,,0.16,,10.0,10.0
663574,2021,24,0.02,1.43,,26.0,4.0
663574,2022,25,,-0.39,,21.0,0.0
663574,2023,26,0.0,0.12,,3.0,0.0
663574,2024,27,,0.72,,29.0,1.0
663574,2025,28,,2.92,,80.0,0.0
663574,2026,29,,-0.18,1800000,34.0,0.0
663584,2025,28,-0.17,,,,
663584,2026,29,-0.09,,,,
663586,2019,22,-0.06,,,,
663586,2020,23,-0.36,,,,
663586,2021,24,6.28,,,,
663586,2022,25,6.44,,3950000,,
663586,2023,26,6.04,,15000000,,
663586,2024,27,2.89,,21000000,,
663586,2025,28,1.4,,22000000,,
663586,2026,29,0.57,,22000000,,
663604,2024,27,-0.03,,,,
663604,2025,28,0.2,,,,
663604,2026,29,0.43,,,,
663609,2023,26,-0.44,,,,
663609,2024,27,-0.18,,740000,,
663609,2025,28,-0.05,,,,
663609,2026,29,-0.05,,,,
663611,2020,23,0.51,,,,
663611,2021,24,1.21,,,,
663611,2022,25,0.57,,,,
663611,2023,26,1.29,,1225000,,
663611,2024,27,-0.43,,1810000,,
663611,2026,29,0.64,,,,
663616,2021,24,0.37,,,,
663616,2022,25,1.41,,,,
663616,2023,26,0.02,,733650,,
663616,2024,27,1.29,,740000,,
663616,2025,28,0.16,,2100000,,
663616,2026,29,1.54,,4475000,,
663623,2023,26,,0.96,,24.0,24.0
663623,2024,27,,1.91,745600,33.0,33.0
663623,2025,28,,-0.29,,33.0,33.0
663623,2026,29,,-0.01,2800000,11.0,11.0
663624,2020,23,0.71,,,,
663624,2021,24,1.07,,,,
663624,2022,25,1.56,,,,
663624,2023,26,2.07,,738400,,
663624,2024,27,2.35,,4137500,,
663624,2025,28,0.1,,6787000,,
663624,2026,29,-0.14,,6787000,,
663629,2022,25,,-0.14,,2.0,2.0
663629,2023,26,,-0.18,,2.0,0.0
663630,2021,24,-0.24,,,,
663630,2022,25,0.39,-0.07,,2.0,0.0
663630,2023,26,0.51,-0.06,725800,1.0,0.0
663630,2024,27,0.09999999999999999,,800000,,
663647,2020,23,1.87,,,,
663647,2021,24,2.3,,,,
663647,2022,25,4.48,,10000000,,
663647,2023,26,3.89,,10000000,,
663647,2024,27,0.88,,7000000,,
663647,2025,28,1.4300000000000002,,7000000,,
663647,2026,29,-0.24,,7000000,,
663656,2018,21,-0.77,,,,
663656,2019,22,0.75,,,,
663656,2020,23,1.87,,,,
663656,2021,24,5.25,,,,
663656,2022,25,5.49,,,,
663656,2023,26,5.51,,5000000,,
663656,2024,27,4.61,,12000000,,
663656,2025,28,4.53,,16500000,,
663656,2026,29,0.79,,33000000,,
663658,2023,26,,-0.31,,26.0,0.0
663662,2020,23,-0.48,,,,
663662,2021,24,-0.26,,,,
663662,2022,25,-0.01,,,,
663662,2024,27,-0.48,,740000,,
663662,2025,28,-0.46,,,,
663671,2025,28,,0.97,,27.0,0.0
663687,2023,26,,-0.76,,14.0,6.0
663687,2024,27,,1.91,740000,21.0,9.0
663687,2025,28,,1.48,,48.0,0.0
663687,2026,29,,1.55,,50.0,0.0
663697,2021,24,4.05,,,,
663697,2022,25,-0.25,,,,
663697,2023,26,1.28,,760000,,
663697,2024,27,1.67,,3800000,,
663697,2025,28,0.36,,,,
663697,2026,29,0.33,,8000000,,
663698,2020,23,0.32,,,,
663698,2021,24,0.0,,,,
663698,2022,25,0.82,,,,
663698,2023,26,-0.42,,735000,,
663698,2024,27,2.19,,770000,,
663698,2025,28,0.43,,1175000,,
663698,2026,29,0.34,,2530000,,
663704,2023,26,0.0,0.14,,18.0,2.0
663704,2024,27,0.0,-0.57,745750,57.0,0.0
663728,2021,24,-0.5,,,,
663728,2022,25,3.86,,,,
663728,2023,26,3.37,,758300,,
663728,2024,27,4.64,,795000,,
663728,2025,28,7.21,,2666667,,
663728,2026,29,-0.3,,12666666,,
663731,2023,26,-0.1,,,,
663731,2025,28,-0.33,,,,
663734,2020,23,,0.03,,4.0,0.0
663734,2021,24,-0.06,0.3,,8.0,7.0
663734,2022,25,,0.15,,1.0,1.0
663738,2021,24,,-0.19,,15.0,15.0
663738,2022,25,0.0,0.55,,27.0,27.0
663738,2023,26,,0.55,,9.0,9.0
663738,2024,27,,0.81,740000,16.0,3.0
663738,2025,28,0.0,1.25,,57.0,2.0
663738,2026,29,,1.33,1025000,43.0,0.0
663743,2021,24,0.23,,,,
663743,2022,25,1.18,,,,
663743,2023,26,-0.29,,730000,,
663743,2024,27,0.22,,759000,,
663743,2025,28,0.72,,1860000,,
663743,2026,29,0.64,,2535000,,
663752,2022,25,,0.42,,7.0,5.0
663752,2023,26,,-0.1,,6.0,0.0
663753,2021,24,-0.11,-0.01,,12.0,5.0
663753,2022,25,,0.08,,5.0,1.0
663753,2023,26,,-0.41,,4.0,1.0
663757,2019,22,0.57,,,,
663757,2020,23,2.48,,,,
663757,2021,24,3.14,,,,
663757,2022,25,2.68,,,,
663757,2023,26,1.8,,3175000,,
663757,2024,27,0.39,,5500000,,
663757,2025,28,3.49,,5000000,,
663757,2026,29,0.76,,22025000,,
663765,2020,23,0.0,-0.25,,12.0,1.0
663765,2021,24,-0.07,0.36,,26.0,8.0
663765,2022,25,,0.83,,27.0,1.0
663765,2023,26,,-0.36,739800,15.0,8.0
663765,2024,27,,-1.29,,9.0,7.0
663765,2025,28,,-0.78,,22.0,0.0
663765,2026,29,,-0.48,,17.0,0.0
663767,2024,27,0.0,0.03,,6.0,0.0
663767,2025,28,,0.76,,35.0,0.0
663767,2026,29,0.0,0.29,,29.0,0.0
663770,2020,23,,0.1,,4.0,0.0
663770,2021,24,0.0,-0.11,,25.0,0.0
663773,2022,25,,-0.82,,8.0,1.0
663773,2023,26,0.0,0.29,,33.0,7.0
663773,2024,27,,1.5499999999999998,750500,34.0,2.0
663773,2025,28,,0.11,,7.0,0.0
663776,2019,22,-0.03,0.55,,10.0,9.0
663776,2020,23,,-0.1,,9.0,6.0
663776,2021,24,0.04,2.0,,17.0,14.0
663776,2022,25,,3.29,,27.0,27.0
663776,2023,26,,0.43,2750000,28.0,28.0
663776,2024,27,,0.01,5025000,16.0,16.0
663776,2026,29,,0.07,12750000,3.0,3.0
663795,2025,28,,0.03,,9.0,1.0
663796,2023,26,-0.28,,,,
663796,2025,28,0.05,,,,
663799,2021,24,-0.72,,,,
663804,2021,24,,-1.46,,9.0,8.0
663804,2022,25,,-0.57,,7.0,0.0
663804,2023,26,,-0.56,,23.0,0.0
663804,2025,28,,0.09,,15.0,0.0
663837,2021,24,0.24,,,,
663837,2022,25,-0.43,,,,
663837,2023,26,1.48,,727100,,
663837,2024,27,2.83,,766000,,
663837,2025,28,-0.27,,3005000,,
663837,2026,29,-1.13,,3225000,,
663845,2021,24,0.09,,,,
663845,2022,25,0.35,,,,
663845,2023,26,0.31,,,,
663853,2021,24,-0.1,0.01,,1.0,0.0
663853,2022,25,-0.27,,,,
663853,2023,26,-0.35,,723000,,
663853,2024,27,0.99,,740000,,
663853,2025,28,2.1,,,,
663853,2026,29,-0.09,,1600000,,
663855,2018,21,-0.01,0.72,545000,73.0,0.0
663855,2019,22,0.0,0.53,555000,29.0,0.0
663855,2021,24,0.0,-0.08,863000,10.0,0.0
663855,2022,25,,-0.29,938000,35.0,8.0
663855,2023,26,,0.88,1837500,65.0,0.0
663855,2024,27,,0.98,6500000,29.0,20.0
663855,2025,28,,-1.7400000000000002,12500000,34.0,9.0
663855,2026,29,,0.63,12000000,32.0,0.0
663878,2020,23,,-0.15,,5.0,4.0
663878,2021,24,,0.07,,12.0,1.0
663878,2023,26,,-0.27,,35.0,0.0
663878,2024,27,,-0.10999999999999999,800000,60.0,1.0
663878,2025,28,,-0.53,1350000,11.0,0.0
663878,2026,29,,0.14,1350000,17.0,0.0
663886,2020,23,0.26,,,,
663886,2021,24,2.02,,,,
663886,2022,25,1.55,,,,
663886,2023,26,0.56,,740000,,
663886,2024,27,2.4,,2525000,,
663886,2025,28,1.32,,4925000,,
663886,2026,29,1.24,,6800000,,
663893,2022,25,,-0.28,,1.0,0.0
663893,2024,27,,0.18,740000,49.0,0.0
663893,2025,28,,1.16,,79.0,0.0
663893,2026,29,,-1.23,,9.0,0.0
663897,2021,24,0.05,,,,
663897,2022,25,-0.15,,,,
663897,2023,26,-0.3,0.03,,1.0,0.0
663897,2024,27,0.22,0.02,740000,3.0,0.0
663897,2025,28,-0.41,0.06,,6.0,0.0
663897,2026,29,-0.07,,,,
663898,2019,22,-0.56,,,,
663898,2020,23,-0.45,,,,
663898,2021,24,1.37,,,,
663898,2022,25,4.33,,,,
663898,2023,26,0.06,,2700000,,
663898,2024,27,0.95,,3200000,,
663898,2025,28,0.06,,2000000,,
663903,2020,23,,1.12,,12.0,12.0
663903,2021,24,,-0.02,,27.0,27.0
663903,2022,25,,4.47,,27.0,24.0
663903,2023,26,,0.33,2950000,29.0,29.0
663903,2024,27,,2.85,4850000,32.0,32.0
663903,2025,28,,3.03,8750000,32.0,32.0
663903,2026,29,,1.07,12750000,20.0,20.0
663905,2020,23,-0.09,,,,
663905,2021,24,-0.21,,,,
663905,2022,25,-0.09,,,,
663905,2023,26,-0.09,,,,
663905,2024,27,-0.47,,,,
663911,2022,25,-0.11,,,,
663941,2023,27,,1.07,,33.0,3.0
663941,2024,28,,0.51,747500,7.0,1.0
663941,2025,29,,0.09,,31.0,1.0
663941,2026,30,,-0.14,,9.0,0.0
663947,2022,26,,0.14,,10.0,0.0
663947,2023,27,,2.85,,59.0,1.0
663947,2024,28,,3.16,758300,66.0,9.0
663947,2025,29,,0.69,,70.0,6.0
663947,2026,30,,0.74,1575000,45.0,2.0
663959,2021,25,,-0.14,,1.0,1.0
663967,2023,27,-0.19,,,,
663967,2024,28,0.15,,740000,,
663967,2025,29,-0.11,0.03,,1.0,0.0
663967,2026,30,-0.15,-0.02,,1.0,0.0
663968,2025,29,1.56,,,,
663968,2026,30,1.04,,,,
663969,2024,26,,-0.57,,8.0,7.0
663969,2025,27,,1.69,,54.0,1.0
663969,2026,28,,1.21,,27.0,11.0
663971,2023,27,,0.03,,1.0,0.0
663975,2022,26,,0.04,,1.0,0.0
663978,2019,23,-0.17,2.9,555000,26.0,26.0
663978,2020,24,,0.17,,12.0,12.0
663978,2021,25,-0.23,-0.58,,23.0,22.0
663978,2022,26,,0.24,,5.0,5.0
663978,2023,27,,-0.01,2500000,2.0,0.0
663978,2024,28,,0.49,2525000,17.0,17.0
663978,2025,29,,0.24,7500000,33.0,28.0
663978,2026,30,,-0.75,4000000,14.0,9.0
663986,2021,25,0.0,0.42,,43.0,0.0
663986,2022,26,,0.98,,66.0,0.0
663986,2023,27,,0.37,1350000,71.0,0.0
663989,2022,26,,0.24,,25.0,0.0
663989,2023,27,,0.06,,9.0,0.0
663989,2024,28,,0.21,742700,11.0,0.0
663992,2019,23,0.0,-0.31,,25.0,0.0
663992,2020,24,,-0.02,,1.0,0.0
663992,2021,25,0.0,0.46,,20.0,0.0
663992,2023,27,,0.12,,27.0,0.0
663992,2024,28,,0.18,740000,35.0,0.0
663992,2025,29,,-0.43000000000000005,,10.0,0.0
663992,2026,30,,0.44999999999999996,,33.0,5.0
663993,2019,23,0.51,,,,
663993,2020,24,0.34,,,,
663993,2021,25,2.33,,,,
663993,2022,26,3.21,,,,
663993,2023,27,2.89,,4050000,,
663993,2024,28,3.02,,7500000,,
663993,2025,29,0.10000000000000003,,10300000,,
663993,2026,30,0.51,,,,
664011,2021,26,-0.05,,,,
664023,2017,22,1.59,,,,
664023,2018,23,0.83,0.03,570000,1.0,0.0
664023,2019,24,1.36,,603500,,
664023,2020,25,1.34,,,,
664023,2021,26,1.56,,4100000,,
664023,2022,27,4.31,,6850000,,
664023,2023,28,3.54,,10850000,,
664023,2024,29,3.92,,21000000,,
664023,2025,30,3.96,,21000000,,
664023,2026,31,2.16,,19000000,,
664028,2018,23,-0.12,-0.5,,6.0,6.0
664028,2023,28,,-0.09,,5.0,2.0
664029,2020,25,0.13,,,,
664029,2022,27,0.88,,,,
664029,2023,28,-0.29,,,,
664034,2019,24,-0.23,0.01,,2.0,0.0
664034,2020,25,0.97,,,,
664034,2021,26,4.19,,,,
664034,2022,27,2.98,,,,
664034,2023,28,0.85,,4100000,,
664034,2024,29,-0.63,,6775000,,
664034,2025,30,1.03,,1000000,,
664034,2026,31,2.59,,,,
664040,2018,23,0.79,,,,
664040,2019,24,2.86,,1000000,,
664040,2020,25,2.42,,1500000,,
664040,2021,26,4.56,,2500000,,
664040,2022,27,0.93,,4000000,,
664040,2023,28,2.06,,5250000,,
664040,2024,29,2.35,,8750000,,
664040,2025,30,1.81,,10500000,,
664040,2026,31,3.29,,,,
664041,2019,24,-0.51,,,,
664041,2020,25,-0.15,,,,
664041,2021,26,-0.05,,,,
664041,2022,27,0.04,,,,
664042,2019,25,,0.33,,16.0,3.0
664042,2020,26,0.01,0.86,,22.0,0.0
664042,2021,27,0.0,-0.21,,24.0,1.0
664042,2022,28,,-0.42,,6.0,0.0
664045,2019,25,-0.03,-0.45,,10.0,4.0
664045,2020,26,,0.68,,12.0,4.0
664045,2021,27,-0.01,-0.24,,9.0,6.0
664054,2019,25,0.0,0.46,,18.0,1.0
664054,2020,26,,0.23,,11.0,0.0
664054,2021,27,0.0,-0.39,,15.0,0.0
664054,2022,28,,0.1,,11.0,0.0
664056,2017,23,0.04,,,,
664056,2018,24,3.21,,,,
664056,2019,25,2.26,,578300,,
664056,2020,26,1.02,,,,
664056,2021,27,4.09,,2000000,,
664056,2022,28,1.25,,5200000,,
664056,2023,29,0.56,,,,
664056,2024,30,0.86,,10500000,,
664056,2025,31,3.9800000000000004,,4750000,,
664056,2026,32,0.16,,10250000,,
664057,2017,23,-0.43,,,,
664057,2018,24,-0.19,,,,
664057,2019,25,0.24,,559100,,
664057,2020,26,0.84,,,,
664057,2021,27,0.09,,,,
664057,2023,29,0.05,,,,
664058,2018,24,1.91,,,,
664058,2019,25,3.71,,561500,,
664058,2020,26,1.88,,,,
664058,2021,27,1.6,,2000000,,
664058,2022,28,1.09,,4000000,,
664058,2023,29,0.06,,6000000,,
664058,2024,30,0.04,,6000000,,
664059,2019,25,-0.08,,,,
664059,2020,26,0.22,,,,
664059,2021,27,-0.24,,,,
664059,2022,28,2.16,,,,
664059,2023,29,0.27,,726600,,
664059,2024,30,-0.27,,900000,,
664059,2025,31,0.84,,,,
664059,2026,32,-0.38,0.03,1250000,1.0,0.0
664062,2019,25,0.13,0.75,,11.0,6.0
664062,2020,26,0.0,1.46,,9.0,8.0
664062,2021,27,0.06,1.24,,15.0,13.0
664062,2022,28,,4.33,,24.0,24.0
664062,2023,29,,-0.22,3250000,20.0,20.0
664062,2025,31,,0.0,5400000,7.0,7.0
664068,2018,24,-0.75,-0.05,1000000,1.0,0.0
664068,2019,25,2.69,,1500000,,
664068,2020,26,-0.87,,1750000,,
664068,2021,27,-0.52,,4250000,,
664068,2022,28,0.0,,6250000,,
664068,2025,31,-0.52,-0.18,770000,1.0,0.0
664068,2026,32,-0.18,,,,
664069,2020,26,,0.4,,3.0,1.0
664074,2020,26,,0.31,,5.0,3.0
664074,2021,27,-0.08,-0.87,,15.0,2.0
664074,2026,32,,0.02,6000000,1.0,1.0
664076,2020,26,,-0.04,,1.0,0.0
664076,2021,27,0.1,0.06,,22.0,1.0
664076,2022,28,,0.09000000000000002,,17.0,0.0
664076,2023,29,,0.28,725100,15.0,0.0
664076,2024,30,,0.83,746900,68.0,0.0
664076,2025,31,,1.93,1200000,67.0,0.0
664076,2026,32,,0.34,,35.0,0.0
664079,2024,30,,0.0,,5.0,0.0
664092,2019,25,0.0,-0.1,,4.0,0.0
664092,2020,26,,-0.02,,6.0,0.0
664092,2021,27,-0.01,-0.32,,24.0,0.0
664092,2022,28,0.0,-0.06,,29.0,0.0
664119,2019,25,-0.35,,,,
664119,2020,26,-0.18,,,,
664119,2021,27,0.17,,,,
664119,2022,28,0.03,,,,
664123,2021,27,-0.01,0.17,,14.0,0.0
664123,2022,28,,1.28,,60.0,1.0
664123,2024,30,,-0.02,750000,3.0,0.0
664123,2025,31,,-0.23,800000,11.0,0.0
664126,2019,25,0.0,-0.66,,21.0,0.0
664126,2020,26,,0.53,,27.0,2.0
664126,2021,27,0.0,0.13,,47.0,0.0
664126,2022,28,,1.31,,24.0,0.0
664126,2023,29,,1.51,3666666,49.0,0.0
664126,2024,30,,0.84,3666667,46.0,0.0
664126,2025,31,,1.24,3666667,61.0,0.0
664126,2026,32,0.0,-1.3,13000000,34.0,1.0
664129,2019,25,0.0,-0.86,,29.0,0.0
664129,2020,26,,-0.05,,21.0,0.0
664129,2021,27,0.0,-0.31,,7.0,0.0
664129,2023,29,,0.09,,2.0,0.0
664129,2024,30,,-0.36,740000,5.0,0.0
664129,2025,31,,-0.26,,4.0,0.0
664129,2026,32,,-0.03,,8.0,0.0
664139,2019,25,,0.21,,10.0,0.0
664139,2020,26,,-0.27,,14.0,0.0
664139,2021,27,,0.12,,3.0,0.0
664139,2022,28,,0.22,,34.0,0.0
664139,2023,29,0.0,1.95,730000,74.0,0.0
664139,2024,30,,0.01,760000,2.0,0.0
664139,2025,31,,0.15,,25.0,0.0
664141,2020,26,,-0.1,,11.0,9.0
664141,2021,27,-0.07,0.47,,24.0,24.0
664141,2022,28,,0.04,,28.0,28.0
664141,2025,31,,0.3,1820000,17.0,1.0
664141,2026,32,,0.64,1820000,31.0,0.0
664157,2019,25,0.0,-0.02,555000,21.0,0.0
664157,2020,26,,0.14,,8.0,0.0
664157,2021,27,0.0,0.55,,10.0,1.0
664161,2022,28,,-0.45,,11.0,5.0
664167,2018,24,-0.03,,,,
664180,2018,24,0.0,-0.62,,5.0,0.0
664180,2019,25,,-0.34,,16.0,0.0
664180,2020,26,,-0.9,,4.0,1.0
664192,2018,25,-0.04,1.0,,26.0,26.0
664192,2019,26,-0.35,2.32,565100,30.0,30.0
664192,2020,27,,-0.18,,3.0,2.0
664192,2021,28,-0.06,0.15,,11.0,8.0
664192,2023,30,,1.04,1150000,9.0,9.0
664192,2024,31,,0.03,1650000,2.0,2.0
664192,2025,32,,0.4,,38.0,0.0
664192,2026,33,,-0.41,1500000,5.0,0.0
664196,2018,25,-0.01,-0.33,,6.0,0.0
664196,2019,26,-0.01,-0.17,,5.0,5.0
664196,2021,28,-0.05,0.12,,1.0,0.0
664199,2019,26,0.25,-0.39,,23.0,15.0
664199,2020,27,,0.52,,12.0,5.0
664199,2021,28,0.05,0.0,,43.0,0.0
664199,2022,29,0.0,0.58,975000,47.0,0.0
664199,2023,30,0.0,-0.85,1150000,58.0,2.0
664199,2025,32,0.0,0.97,,51.0,0.0
664199,2026,33,,1.18,1550000,48.0,0.0
664202,2022,29,,0.3,,12.0,0.0
664202,2023,30,,0.05,,2.0,0.0
664208,2017,24,0.0,0.02,,46.0,0.0
664208,2018,25,0.0,-0.11,,45.0,0.0
664208,2019,26,0.03,-0.41999999999999993,562900,30.0,0.0
664208,2020,27,,-0.3,,23.0,0.0
664208,2021,28,-0.01,-0.020000000000000018,975000,65.0,1.0
664208,2022,29,,-0.28,1550000,67.0,0.0
664208,2023,30,0.0,1.07,2550000,68.0,0.0
664208,2024,31,,0.8999999999999999,6250000,71.0,0.0
664208,2025,32,0.0,1.35,2000000,63.0,0.0
664208,2026,33,,-0.58,5500000,31.0,0.0
664238,2019,26,0.34,-0.12,565000,1.0,0.0
664238,2020,27,1.71,,,,
664238,2021,28,0.9,,,,
664238,2022,29,1.4,,1350000,,
664238,2023,30,0.51,,2083333,,
664238,2024,31,2.09,,3133334,,
664238,2025,32,0.32999999999999996,,3658333,,
664238,2026,33,-0.15,0.02,,2.0,0.0
664247,2019,27,0.14,,,,
664247,2020,28,-0.4,,,,
664247,2021,29,0.09,,,,
664247,2022,30,0.25,,,,
664247,2023,31,-0.11,,750000,,
664285,2018,24,,1.11,,8.0,5.0
664285,2019,25,,-0.78,566600,26.0,8.0
664285,2020,26,,1.24,,11.0,10.0
664285,2021,27,-0.05,2.47,,22.0,22.0
664285,2022,28,,3.43,3000000,31.0,31.0
664285,2023,29,,3.21,6800000,31.0,31.0
664285,2024,30,,4.63,12100000,28.0,28.0
664285,2025,31,,3.46,18000000,31.0,31.0
664285,2026,32,,0.78,22826679,21.0,21.0
664294,2021,25,0.0,0.08,,4.0,0.0
664294,2022,26,0.0,0.09,,35.0,1.0
664294,2023,27,,0.73,725000,55.0,0.0
664294,2025,29,,0.29,,18.0,0.0
664299,2020,23,,1.26,,12.0,10.0
664299,2021,24,0.0,1.34,,36.0,9.0
664299,2022,25,,3.61,,30.0,25.0
664299,2023,26,,1.18,3400000,31.0,31.0
664299,2024,27,,0.47,7400000,7.0,7.0
664299,2025,28,,0.14,10400000,8.0,8.0
664299,2026,29,,-0.36,21400000,8.0,4.0
664314,2020,22,0.01,,,,
664314,2021,23,0.33,,,,
664314,2022,24,-0.49,,,,
664314,2023,25,0.02,,,,
664314,2024,26,0.1,,,,
664334,2020,23,0.08,,,,
664334,2022,25,-0.3,,,,
664337,2020,22,,0.18,,3.0,0.0
664337,2021,23,-0.03,-0.38,,4.0,3.0
664337,2022,24,,-1.02,,12.0,1.0
664350,2020,21,,1.55,,7.0,7.0
664350,2024,25,,-0.64,742000,14.0,7.0
664351,2024,28,,-0.11,,5.0,0.0
664351,2025,29,,-0.22,,9.0,0.0
664353,2019,24,-0.05,0.61,,9.0,7.0
664353,2020,25,,0.81,,5.0,5.0
664353,2021,26,0.03,1.95,,20.0,20.0
664353,2022,27,,1.16,,29.0,28.0
664353,2023,28,,-0.02,3025000,16.0,10.0
664353,2025,30,,-0.08,1000000,2.0,0.0
664353,2026,31,,-0.61,1500000,5.0,0.0
664584,2021,26,0.0,0.05,,5.0,0.0
664584,2022,27,,0.06,,4.0,0.0
664641,2016,27,,0.65,,12.0,10.0
664641,2017,28,-0.07,0.69,540500,31.0,29.0
664641,2018,29,,0.23,,1.0,1.0
664670,2021,25,-0.28,,,,
664670,2022,26,-0.28,0.0,,3.0,0.0
664670,2023,27,0.16,,,,
664682,2018,24,0.0,-0.1,,18.0,1.0
664682,2020,26,,0.08,,2.0,0.0
664682,2021,27,0.0,-0.35,,7.0,0.0
664701,2017,24,0.0,-0.09,535000,14.0,0.0
664701,2018,25,,-0.03,,6.0,0.0
664702,2018,23,0.2,,,,
664702,2019,24,0.96,,,,
664702,2020,25,-0.53,,,,
664702,2021,26,3.2800000000000002,,,,
664702,2022,27,2.71,,1650000,,
664702,2023,28,0.93,,2900000,,
664702,2024,29,-0.12,,4900000,,
664702,2025,30,2.83,,,,
664702,2026,31,-0.24,0.09,,3.0,0.0
664714,2020,23,,0.06,,5.0,4.0
664714,2021,24,,-0.41,,7.0,1.0
664728,2021,24,0.58,,,,
664728,2022,25,0.48,,,,
664728,2023,26,2.01,,727500,,
664728,2024,27,1.99,,758250,,
664728,2025,28,1.64,,1750000,,
664728,2026,29,0.46,,2700000,,
664731,2021,28,-0.38,,,,
664731,2022,29,-0.15,,,,
664731,2026,33,-0.08,0.03,,1.0,0.0
664744,2023,26,,0.03,,1.0,0.0
664744,2025,28,,0.11,,1.0,0.0
664744,2026,29,,0.03,,1.0,0.0
664747,2022,25,,2.93,,59.0,0.0
664747,2023,26,0.0,1.91,730000,71.0,0.0
664747,2024,27,0.0,0.5,760000,60.0,0.0
664747,2025,28,,-0.68,4500000,18.0,0.0
664761,2020,23,0.73,,,,
664761,2021,24,-1.24,,,,
664761,2022,25,0.91,,,,
664761,2023,26,0.47,,748000,,
664761,2024,27,2.76,,4000000,,
664761,2025,28,1.44,,7700000,,
664761,2026,29,-0.62,,10200000,,
664770,2023,28,0.04,,,,
664770,2024,29,1.18,,740000,,
664770,2025,30,1.92,,,,
664770,2026,31,0.96,,,,
664774,2019,25,-0.04,,,,
664774,2020,26,0.01,,,,
664774,2021,27,1.42,,,,
664774,2022,28,0.08,,,,
664774,2023,29,2.83,,1375000,,
664774,2024,30,2.03,,3500000,,
664774,2025,31,-1.69,,5000000,,
664774,2026,32,0.07,,,,
664776,2021,26,0.0,0.7,,30.0,0.0
664776,2022,27,,0.3,,12.0,0.0
664776,2023,28,,0.01,,9.0,0.0
664776,2024,29,,0.71,740000,37.0,0.0
664789,2021,27,-0.45,0.03,,1.0,0.0
664789,2022,28,-0.03,,,,
664842,2018,26,-0.11,,,,
664848,2022,26,-0.07,,,,
664849,2022,28,,0.05,,3.0,0.0
664849,2023,29,,0.3,,8.0,0.0
664849,2024,30,,-0.17,740000,42.0,0.0
664849,2025,31,,-0.01,,10.0,0.0
664849,2026,32,,0.28,925000,10.0,1.0
664850,2021,27,-0.15,,,,
664850,2022,28,-0.25,,,,
664852,2021,29,0.0,-0.09000000000000001,,2.0,0.0
664854,2019,24,0.03,0.55,,24.0,0.0
664854,2020,25,,-0.32,,12.0,0.0
664854,2021,26,0.0,-0.21,,51.0,0.0
664854,2022,27,,2.79,,54.0,0.0
664854,2023,28,0.0,1.42,2150000,33.0,0.0
664854,2024,29,0.0,2.81,3800000,65.0,0.0
664854,2025,30,0.0,0.12,8200000,58.0,0.0
664854,2026,31,,-0.04,14000000,17.0,0.0
664856,2018,23,0.0,-0.17,,3.0,1.0
664856,2019,24,,-0.71,556725,13.0,0.0
664856,2020,25,,-0.19,,6.0,0.0
664869,2018,24,0.02,-0.2,,3.0,2.0
664871,2019,26,0.0,-0.37,555000,13.0,1.0
664871,2022,29,,0.25,,2.0,0.0
664874,2019,25,-0.22,,,,
664874,2021,27,-0.24,,,,
664874,2022,28,0.99,,,,
664874,2023,29,-0.23,0.02,732000,1.0,0.0
664874,2024,30,-0.3,,756700,,
664875,2021,26,0.0,-0.69,,19.0,0.0
664875,2022,27,,-0.15,,38.0,0.0
664875,2023,28,0.0,1.26,722000,69.0,0.0
664875,2024,29,0.0,-1.62,745000,56.0,0.0
664875,2025,30,,1.07,975000,17.0,0.0
664875,2026,31,,-1.24,1225000,37.0,0.0
664901,2019,25,0.44,,,,
664901,2020,26,0.7,,,,
664901,2021,27,-0.35,0.04,,1.0,0.0
664901,2022,28,0.52,,,,
664901,2023,29,-0.85,-0.24,1000000,2.0,0.0
664901,2024,30,-0.31,0.04,865591,1.0,0.0
664913,2019,26,0.75,,,,
664913,2020,27,-0.13,,,,
664913,2021,28,1.46,,,,
664913,2022,29,1.94,,,,
664913,2023,30,0.33,,730000,,
664913,2024,31,-0.57,,2600000,,
664913,2025,32,-0.78,,2700000,,
664918,2019,26,0.0,0.18,,10.0,0.0
664918,2020,27,,-0.03,,2.0,0.0
664918,2021,28,0.0,-0.53,,32.0,0.0
664926,2019,25,-0.02,,,,
664942,2022,29,,-0.04,,7.0,0.0
664942,2023,30,0.0,-0.6,,10.0,0.0
664944,2022,28,,-0.61,,8.0,0.0
664948,2020,25,,0.15,,21.0,0.0
664948,2021,26,0.0,0.16,,66.0,0.0
664948,2022,27,,0.10999999999999999,,32.0,0.0
664948,2023,28,,-0.38999999999999996,,11.0,0.0
664948,2024,29,,0.05,,1.0,0.0
664948,2025,30,,-0.15,,5.0,0.0
664954,2023,29,0.03,,,,
664954,2024,30,-0.03,,740000,,
664954,2025,31,0.01,,,,
664954,2026,32,-0.08,0.07,,6.0,0.0
664977,2020,24,,0.02,,5.0,0.0
664983,2021,23,0.43,,,,
664983,2022,24,2.43,,,,
664983,2023,25,0.42,,735600,,
664983,2024,26,1.64,,766000,,
664983,2025,27,-0.64,,,,
664983,2026,28,1.36,,1525000,,
664991,2025,28,,-0.39,,21.0,0.0
664991,2026,29,,-0.05,,40.0,0.0
665001,2019,26,,-0.32,,10.0,0.0
665001,2020,27,0.0,-0.1,,4.0,0.0
665001,2022,29,,-0.35,,18.0,0.0
665001,2023,30,,-0.16,,10.0,3.0
665019,2022,26,-0.23,0.05,,7.0,0.0
665019,2023,27,-0.04,0.05,,4.0,0.0
665019,2024,28,0.28,-0.02,740000,1.0,0.0
665019,2025,29,1.0899999999999999,-0.06,,1.0,0.0
665019,2026,30,1.8,,,,
665048,2023,30,,-0.05,,16.0,0.0
665052,2024,26,0.79,,,,
665052,2025,27,0.08,,,,
665052,2026,28,0.93,,,,
665066,2021,28,-0.05,,,,
665093,2019,26,0.0,0.13,,14.0,0.0
665093,2020,27,,-0.64,,5.0,0.0
665120,2019,25,-0.28,0.12,,5.0,0.0
665120,2020,26,0.7,,,,
665120,2021,27,2.71,,,,
665120,2022,28,-0.69,,,,
665120,2023,29,-0.9,,2650000,,
665120,2024,30,-0.12,,1250000,,
665152,2020,24,,0.48,,4.0,4.0
665152,2021,25,,-0.87,,13.0,13.0
665152,2022,26,,2.67,,22.0,21.0
665152,2023,27,,1.41,731200,32.0,32.0
665152,2024,28,,0.71,756600,24.0,24.0
665152,2025,29,,2.21,2950000,31.0,29.0
665152,2026,30,,-0.04,5750000,6.0,6.0
665154,2022,25,-0.19,,,,
665155,2021,24,0.24,0.01,,1.0,0.0
665155,2022,25,0.67,-0.1,,2.0,0.0
665155,2023,26,-1.29,,726600,,
665155,2024,27,-0.12,,,,
665155,2025,28,-0.15,,,,
665161,2022,24,4.99,,,,
665161,2023,25,3.85,,754900,,
665161,2024,26,3.93,,783500,,
665161,2025,27,5.71,,4100000,,
665161,2026,28,2.84,,9475000,,
665482,2021,22,-0.29,,,,
665482,2022,23,0.53,,,,
665487,2019,20,3.95,,555000,,
665487,2020,21,2.84,,,,
665487,2021,22,6.61,,1714286,,
665487,2023,24,5.23,,7714285,,
665487,2024,25,2.65,,11714286,,
665487,2025,26,6.06,,20714285,,
665487,2026,27,1.4,,20714286,,
665489,2019,20,2.15,,,,
665489,2020,21,0.67,,,,
665489,2021,22,6.51,,,,
665489,2022,23,4.02,,7900000,,
665489,2023,24,1.79,,14500000,,
665489,2024,25,6.02,,19900000,,
665489,2025,26,4.57,,28500000,,
665489,2026,27,0.92,,40214286,,
665506,2020,21,-0.13,,,,
665506,2021,22,-0.67,,,,
665506,2022,23,-0.96,,,,
665506,2023,24,0.67,,,,
665506,2024,25,-0.21000000000000002,,760500,,
665561,2020,21,0.24,,,,
665561,2021,22,0.24,,,,
665561,2024,25,0.73,,750000,,
665561,2025,26,0.2,,,,
665561,2026,27,-0.63,,860000,,
665620,2020,21,,0.26,,6.0,6.0
665620,2021,22,,-0.16,,2.0,2.0
665620,2023,24,,-0.07,,8.0,0.0
665620,2024,25,,-0.71,,14.0,0.0
665621,2020,22,,-0.5,,15.0,2.0
665621,2021,23,-0.01,0.13,,2.0,0.0
665621,2022,24,,0.15,,16.0,8.0
665622,2023,24,,0.18,,23.0,17.0
665622,2024,25,,0.33,740000,8.0,8.0
665622,2026,27,,0.72,835000,35.0,1.0
665625,2021,24,,-0.4,,3.0,0.0
665625,2022,25,,-0.51,,13.0,0.0
665625,2023,26,,0.96,,59.0,0.0
665625,2024,27,0.0,0.4,754300,52.0,0.0
665625,2025,28,,-0.33999999999999997,,8.0,1.0
665645,2021,22,0.0,0.78,,10.0,0.0
665645,2022,23,,-0.41000000000000003,,10.0,0.0
665645,2026,27,,0.06,,2.0,0.0
665650,2022,24,-0.57,,,,
665660,2025,26,0.0,0.82,,37.0,0.0
665660,2026,27,,0.13,,29.0,0.0
665661,2021,26,0.0,0.07,,5.0,0.0
665665,2021,25,-0.08,0.6,,2.0,2.0
665665,2022,26,-0.02,-0.66,,45.0,4.0
665665,2023,27,,-0.32,722500,14.0,0.0
665665,2025,29,,0.01,,1.0,0.0
665665,2026,30,,-0.13,,2.0,0.0
665733,2020,23,,-0.33,,3.0,1.0
665733,2021,24,0.0,0.03,,7.0,0.0
665734,2023,25,,0.19,,14.0,0.0
665742,2018,19,3.0,,,,
665742,2019,20,5.1,,578300,,
665742,2020,21,2.25,,,,
665742,2021,22,7.33,,8500000,,
665742,2022,23,5.47,,17100000,,
665742,2023,24,5.29,,23000000,,
665742,2024,25,8.0,,31000000,,
665742,2025,26,6.13,,51875000,,
665742,2026,27,2.53,,51875000,,
665750,2020,21,1.31,,,,
665750,2021,22,-0.19,,,,
665750,2022,23,0.49,,,,
665750,2023,24,2.94,,733445,,
665750,2024,25,0.73,,2550000,,
665750,2025,26,-0.58,,4750000,,
665750,2026,27,0.6,,,,
665759,2020,24,,-0.03,,7.0,1.0
665759,2021,25,0.02,-0.06,,7.0,0.0
665782,2024,26,-0.08,,,,
665795,2021,23,0.02,-0.43,,7.0,7.0
665795,2022,24,,2.11,,14.0,14.0
665795,2023,25,,2.02,731000,22.0,20.0
665795,2024,26,,0.27,761000,20.0,20.0
665795,2025,27,,2.57,1950000,26.0,26.0
665795,2026,28,,-0.72,4450000,14.0,14.0
665804,2023,24,0.33,,,,
665804,2024,25,1.95,,746500,,
665804,2025,26,1.07,,,,
665804,2026,27,1.31,,,,
665828,2022,23,1.73,,,,
665828,2023,24,-1.45,,742100,,
665828,2024,25,1.31,0.01,783000,1.0,0.0
665828,2025,26,0.37,,,,
665828,2026,27,-0.25,,1200000,,
665833,2021,22,0.11,,,,
665833,2022,23,2.32,,,,
665833,2023,24,0.14,,720000,,
665833,2024,25,2.56,,755000,,
665833,2025,26,0.2,,,,
665833,2026,27,1.17,,3300000,,
665839,2023,24,0.0,,,,
665839,2024,25,-0.54,,743500,,
665839,2025,26,0.1,,,,
665854,2021,22,0.0,-0.92,,22.0,1.0
665856,2024,24,-0.12,,740000,,
665856,2026,26,0.06,,,,
665861,2021,22,-0.24,,,,
665861,2022,23,-0.19,,,,
665861,2025,26,0.02,,,,
665861,2026,27,0.19,,,,
665862,2020,22,-0.07,,,,
665862,2021,23,2.24,,,,
665862,2022,24,2.39,,,,
665862,2023,25,0.95,,749500,,
665862,2024,26,2.92,,2625000,,
665862,2025,27,4.12,,5850000,,
665862,2026,28,1.36,,10200000,,
665871,2022,24,,0.97,,9.0,8.0
665871,2023,25,,2.07,721500,32.0,10.0
665871,2024,26,,1.66,755000,29.0,29.0
665871,2025,27,,0.38,,8.0,7.0
665871,2026,28,0.0,0.6,1800000,17.0,8.0
665877,2023,24,0.11,,,,
665877,2024,25,-0.61,,743500,,
665877,2025,26,0.79,,,,
665877,2026,27,0.02,,,,
665896,2021,25,,-0.19,,4.0,0.0
665896,2022,26,,-0.19,,11.0,0.0
665896,2023,27,,-0.43,,10.0,0.0
665896,2024,28,,0.45,740000,14.0,0.0
665922,2022,23,-0.05,,,,
665923,2022,23,-0.54,,,,
665923,2023,24,-0.33,,720000,,
665923,2024,25,-0.13,,745000,,
665923,2025,26,-0.16,,,,
665923,2026,27,0.86,,,,
665926,2020,21,1.01,,,,
665926,2021,22,0.88,,,,
665926,2022,23,7.4,,,,
665926,2023,24,5.02,,1571429,,
665926,2024,25,3.99,,5571428,,
665926,2025,26,1.07,,10571429,,
665926,2026,27,0.38,,15571428,,
665947,2020,21,-0.47,,,,
665953,2024,25,-0.07,,,,
665953,2025,26,-0.38,,,,
665953,2026,27,0.39,,,,
665966,2024,25,0.11,,,,
665966,2025,26,2.8,,,,
665966,2026,27,-0.32,,,,
666018,2022,24,-0.2,,,,
666018,2023,25,0.21,,,,
666018,2024,26,0.69,,742800,,
666018,2025,27,3.47,,,,
666018,2026,28,1.53,,,,
666023,2022,27,-0.15,,,,
666023,2023,28,1.62,,,,
666023,2024,29,3.13,,744500,,
666023,2025,30,2.0100000000000002,,,,
666023,2026,31,0.41,,2100000,,
666120,2020,22,,1.23,,6.0,6.0
666120,2021,23,-0.23,2.79,,24.0,24.0
666120,2022,24,,-0.07,,22.0,22.0
666120,2025,27,,-0.61,,7.0,0.0
666126,2025,28,0.59,,,,
666126,2026,29,-0.03,-0.19,,6.0,0.0
666128,2021,22,0.03,,,,
666128,2022,23,0.03,,,,
666129,2020,22,,-0.03,,2.0,2.0
666129,2021,23,0.02,-0.02,,8.0,7.0
666129,2022,24,,1.33,,17.0,17.0
666129,2023,25,,4.25,732000,31.0,30.0
666129,2024,26,,0.11,764000,7.0,7.0
666129,2026,28,,-0.35,1530000,2.0,2.0
666134,2022,24,0.09,,,,
666134,2023,25,4.27,,,,
666134,2024,26,-0.8,,740000,,
666134,2025,27,-1.01,,,,
666135,2021,23,0.39,,,,
666135,2022,24,-0.44,,,,
666135,2023,25,0.48,,,,
666135,2024,26,-0.56,,1350000,,
666137,2021,23,-0.37,,,,
666137,2022,24,0.03,,,,
666139,2021,23,0.09,,,,
666139,2022,24,0.34,,,,
666139,2023,25,3.65,,723200,,
666139,2024,26,0.7,,755700,,
666139,2025,27,0.05,,,,
666139,2026,28,-0.49,,2600000,,
666142,2022,24,,-0.1,,9.0,9.0
666142,2023,25,0.0,2.33,724145,29.0,12.0
666142,2024,26,,4.68,753750,32.0,32.0
666142,2025,27,,0.22,1083333,13.0,13.0
666142,2026,28,,0.11,4583334,8.0,8.0
666149,2023,25,0.17,,,,
666149,2024,26,2.74,-0.06,741875,3.0,0.0
666149,2025,27,0.84,,,,
666150,2023,25,0.72,,,,
666150,2024,26,-0.37,,742900,,
666150,2025,27,0.26,,,,
666152,2023,25,-0.08,,,,
666152,2024,26,2.76,,740000,,
666152,2025,27,1.04,,,,
666152,2026,28,1.1,,,,
666154,2023,25,0.0,-0.81,,11.0,3.0
666157,2022,24,,2.55,,19.0,19.0
666157,2023,25,,0.05,730000,7.0,7.0
666157,2024,26,,1.17,760000,21.0,21.0
666157,2025,27,,4.69,1975000,29.0,28.0
666157,2026,28,,1.1,4725000,12.0,12.0
666158,2019,21,0.5,,,,
666158,2020,22,0.6,,,,
666158,2021,23,1.47,,,,
666158,2022,24,2.75,,,,
666158,2024,26,2.01,,1225000,,
666158,2025,27,-0.17,,3325000,,
666159,2021,23,-0.01,-0.39,,18.0,18.0
666159,2022,24,,0.92,,12.0,12.0
666159,2023,25,,1.19,729200,15.0,15.0
666159,2024,26,,0.16,740000,5.0,5.0
666160,2020,22,0.05,,,,
666160,2021,23,-0.34,,,,
666160,2022,24,-0.92,,,,
666160,2023,25,2.19,,,,
666160,2024,26,-0.13,,770000,,
666160,2025,27,-0.53,,,,
666160,2026,28,0.59,,4000000,,
666163,2021,23,-0.05,,,,
666163,2023,25,-0.2,,,,
666163,2024,26,0.89,0.01,755400,1.0,0.0
666163,2025,27,-0.46,,1125000,,
666164,2023,26,-0.23,,,,
666165,2023,25,0.15,,,,
666165,2024,26,0.25,,740000,,
666165,2025,27,-0.18,,,,
666168,2021,23,0.0,-0.13,,31.0,0.0
666168,2022,24,,0.5,,24.0,0.0
666168,2023,25,,-0.41,724400,51.0,0.0
666168,2025,27,,-0.79,770000,14.0,0.0
666171,2024,26,,0.48,,12.0,0.0
666171,2025,27,,0.45,,62.0,1.0
666171,2026,28,,0.58,,44.0,0.0
666176,2020,21,-1.36,,,,
666176,2021,22,0.19,,,,
666176,2022,23,-0.65,,,,
666176,2023,24,0.34,,,,
666176,2024,25,0.79,,770000,,
666176,2025,26,1.41,,2100000,,
666176,2026,27,0.25,,5200000,,
666179,2021,24,0.12,,,,
666179,2022,25,-0.95,,,,
666181,2022,24,-0.23,,,,
666181,2023,25,1.56,,720000,,
666181,2024,26,-1.34,,750000,,
666181,2025,27,0.61,,,,
666181,2026,28,-0.25,,1725000,,
666182,2019,21,2.34,,,,
666182,2020,22,1.05,,,,
666182,2021,23,5.89,,,,
666182,2022,24,3.69,,,,
666182,2023,25,4.75,,3933333,,
666182,2024,26,-0.34,,12083334,,
666182,2025,27,3.44,,17583333,,
666182,2026,28,0.29,,42000000,,
666185,2020,21,0.08,,,,
666185,2021,22,3.18,,,,
666185,2022,23,1.84,,,,
666185,2023,24,0.45,,742400,,
666185,2024,25,-1.17,,2350000,,
666185,2025,26,-0.68,,975000,,
666185,2026,27,-0.22,,,,
666197,2023,25,0.02,,,,
666197,2024,26,-0.36,0.03,742100,1.0,0.0
666198,2019,21,-0.89,,,,
666198,2020,22,0.22,,,,
666198,2021,23,-0.99,,,,
666198,2023,25,-0.09,,,,
666198,2025,27,-0.25,,,,
666200,2019,21,,0.57,,6.0,0.0
666200,2020,22,,0.74,,12.0,9.0
666200,2021,23,0.09000000000000001,-1.43,,25.0,18.0
666200,2022,24,,2.03,,18.0,18.0
666200,2023,25,,4.74,2450000,32.0,32.0
666200,2024,26,,0.55,5500000,12.0,12.0
666200,2025,27,,3.75,6625000,32.0,32.0
666200,2026,28,,3.62,11000000,21.0,21.0
666201,2021,23,-0.01,2.88,,20.0,20.0
666201,2022,24,,5.96,,31.0,31.0
666201,2023,25,,-1.1,745650,19.0,19.0
666201,2024,26,,-0.34,782500,5.0,5.0
666201,2026,28,,-0.24,1950000,3.0,0.0
666204,2020,26,,-0.01,,2.0,0.0
666204,2022,28,,0.34,,34.0,0.0
666204,2023,29,,0.53,725000,25.0,1.0
666204,2024,30,,-0.34,750000,25.0,0.0
666205,2021,23,-0.02,0.53,,9.0,8.0
666205,2022,24,,-0.4,,3.0,3.0
666205,2023,25,,-1.26,720000,21.0,13.0
666205,2024,26,,0.41,740000,21.0,0.0
666207,2023,25,,-0.04,,1.0,0.0
666207,2024,26,,-0.37,740000,4.0,0.0
666208,2023,25,,-0.25,,3.0,0.0
666208,2024,26,,0.01,740000,1.0,0.0
666211,2021,23,-0.23,,,,
666211,2022,24,0.32,,,,
666211,2023,25,-0.33,,726700,,
666211,2024,26,-0.24,,,,
666211,2025,27,-0.13,,,,
666211,2026,28,-0.06,,900000,,
666213,2021,23,-0.37,,,,
666214,2022,24,,0.58,,7.0,7.0
666214,2023,25,,-2.0,723500,25.0,19.0
666214,2024,26,,0.12,746700,46.0,0.0
666214,2025,27,,-0.42,,39.0,13.0
666215,2024,26,,0.0,740000,3.0,0.0
666215,2025,27,,-0.77,,10.0,0.0
666277,2023,24,,0.57,,26.0,1.0
666277,2024,25,,-0.64,746000,22.0,0.0
666277,2025,26,,-1.08,,24.0,0.0
666277,2026,27,0.0,0.62,,47.0,0.0
666310,2022,22,-0.18,,,,
666310,2023,23,1.44,,,,
666310,2024,24,0.67,,742100,,
666310,2025,25,1.58,,,,
666310,2026,26,-0.62,,,,
666364,2023,24,,0.0,,18.0,0.0
666374,2022,24,0.0,0.14,,39.0,5.0
666374,2023,25,0.0,1.21,725800,78.0,0.0
666374,2025,27,,1.06,,53.0,0.0
666374,2026,28,,0.95,1550000,20.0,0.0
666397,2023,24,2.59,,,,
666397,2024,25,-0.17,,746750,,
666397,2025,26,-0.73,,,,
666397,2026,27,-0.65,,,,
666464,2022,24,-0.19,,,,
666464,2024,26,0.09,,,,
666464,2025,27,0.04,,,,
666464,2026,28,-0.38,,,,
666560,2016,29,-0.24,,2750000,,
666561,2017,29,-0.25,,,,
666619,2021,21,0.0,-0.68,,3.0,0.0
666619,2022,22,,0.02,,2.0,0.0
666619,2023,23,,1.19,720000,60.0,0.0
666619,2024,24,,-0.09,750000,8.0,0.0
666619,2025,25,,-0.31,,8.0,0.0
666619,2026,26,,-0.13,,3.0,0.0
666622,2020,21,,-0.15,,1.0,0.0
666624,2022,23,1.0,,,,
666624,2023,24,1.47,,,,
666624,2024,25,-0.58,,767000,,
666624,2025,26,-0.3,,,,
666624,2026,27,-0.6,,2000000,,
666659,2025,25,,0.07,,8.0,0.0
666661,2025,26,0.0,0.15,,42.0,0.0
666661,2026,27,,1.17,,46.0,0.0
666674,2020,23,,-0.15,,1.0,0.0
666703,2022,22,0.09,,,,
666703,2023,23,0.41,,,,
666703,2024,24,0.33,,744400,,
666711,2025,28,,0.8,,17.0,0.0
666711,2026,29,,0.12,,11.0,0.0
666720,2022,24,,0.08,,1.0,0.0
666720,2023,25,,-0.35,,13.0,1.0
666720,2024,26,0.0,-0.77,743000,16.0,0.0
666721,2022,23,,-0.53,,14.0,6.0
666721,2023,24,,0.18,,7.0,0.0
666745,2023,25,,0.68,,25.0,13.0
666745,2024,26,0.0,0.19,746000,26.0,0.0
666745,2026,28,,0.05,,3.0,0.0
666783,2022,25,-0.03,,,,
666801,2021,22,-0.4,,,,
666801,2022,23,1.39,,,,
666801,2023,24,-0.44,,725000,,
666808,2021,23,0.0,0.59,,29.0,0.0
666808,2022,24,,1.84,,68.0,0.0
666808,2023,25,0.0,1.41,735000,69.0,0.0
666808,2024,26,,-0.49,770000,62.0,0.0
666808,2025,27,,0.35999999999999993,4525000,69.0,0.0
666808,2026,28,,-0.75,6100000,43.0,0.0
666818,2021,23,0.0,0.09,,3.0,0.0
666818,2022,24,,-1.03,,15.0,0.0
666818,2023,25,0.0,0.29,,29.0,0.0
666818,2024,26,0.0,-0.78,748300,11.0,0.0
666906,2023,26,-0.11,,,,
666915,2020,25,0.59,,,,
666915,2021,26,0.34,,,,
666915,2022,27,-0.72,,,,
666915,2023,28,-0.22,,,,
666915,2024,29,-0.71,,,,
666915,2025,30,-0.01,,,,
666922,2022,27,-0.33,,,,
666931,2020,24,-0.18,,,,
666931,2021,25,-0.39,,,,
666931,2026,30,-0.04,,,,
666969,2018,25,-0.29,,,,
666969,2020,27,0.0,,,,
666969,2021,28,3.86,,,,
666969,2022,29,3.7,,,,
666969,2023,30,4.52,,747760,,
666969,2024,31,0.67,,4750000,,
666969,2025,32,2.67,,9250000,,
666969,2026,33,-0.76,,10000000,,
666971,2018,24,0.26,,1428572,,
666971,2019,25,1.84,,1928571,,
666971,2020,26,1.1,,2928572,,
666971,2021,27,2.45,,3928571,,
666971,2022,28,2.03,,4928572,,
666971,2023,29,2.9,,5828571,,
666971,2024,30,1.94,,10000000,,
666971,2025,31,0.55,,14000000,,
666971,2026,32,-0.57,,13000000,,
666974,2022,28,,-0.93,,13.0,0.0
666974,2023,29,0.0,2.42,,72.0,0.0
666974,2024,30,,1.02,752300,70.0,0.0
666974,2025,31,0.0,-0.4,,65.0,0.0
666974,2026,32,,0.78,1600000,47.0,0.0
667297,2021,30,-0.02,-0.65,,27.0,0.0
667297,2022,31,,0.28,,35.0,2.0
667297,2024,33,,-0.14,,20.0,0.0
667297,2025,34,,0.59,,30.0,0.0
667297,2026,35,,0.5900000000000001,,38.0,0.0
667373,2021,23,0.0,0.06,,2.0,0.0
667373,2022,24,,0.28,,1.0,0.0
667376,2021,27,0.01,-0.03,,28.0,0.0
667376,2022,28,,0.01,,12.0,0.0
667427,2022,27,,0.92,,54.0,0.0
667427,2023,28,,0.67,725000,19.0,0.0
667428,2024,27,-0.13,,,,
667452,2023,27,0.31,,,,
667452,2024,28,-1.14,,755700,,
667452,2025,29,0.08,,,,
667463,2020,25,,-0.21,,6.0,0.0
667463,2021,26,-0.01,0.04,,27.0,0.0
667463,2022,27,,0.08,,39.0,0.0
667463,2023,28,0.0,0.7,,35.0,0.0
667463,2024,29,0.0,0.75,1005000,56.0,0.0
667463,2025,30,,-0.31,1605000,51.0,0.0
667463,2026,31,,1.14,1500000,42.0,1.0
667465,2020,24,,-0.21,,6.0,0.0
667465,2021,25,0.0,-0.18,,4.0,0.0
667465,2022,26,,-0.19,,9.0,0.0
667472,2023,27,-0.36,,,,
667472,2024,28,0.59,,740000,,
667472,2025,29,-0.05,,,,
667472,2026,30,0.29,,,,
667478,2024,27,,0.03,,1.0,0.0
667498,2019,23,-0.15,-0.49,,7.0,7.0
667498,2020,24,,-0.49,,4.0,1.0
667498,2021,25,0.0,-0.62,,12.0,4.0
667498,2022,26,,-0.18000000000000002,,4.0,1.0
667670,2020,25,0.01,,,,
667670,2021,26,-0.67,,,,
667670,2022,27,-0.42,,,,
667670,2023,28,1.99,,725000,,
667670,2024,29,5.55,,750000,,
667670,2025,30,1.81,,4000000,,
667670,2026,31,-0.39,,8000000,,
667674,2021,26,0.0,,,,
667690,2025,28,0.04,,,,
667725,2021,24,0.0,0.31,,5.0,0.0
667725,2022,25,,0.14,,2.0,0.0
667725,2024,27,,0.16,,8.0,7.0
667727,2022,25,-0.23,,,,
667755,2023,24,,0.44,,38.0,0.0
667755,2024,25,,1.94,760000,22.0,20.0
667755,2025,26,,1.95,,31.0,31.0
667755,2026,27,,2.69,2900000,22.0,22.0
668227,2019,24,0.29,,,,
668227,2020,25,0.87,,,,
668227,2021,26,4.17,,,,
668227,2022,27,2.52,,,,
668227,2023,28,3.43,,4150000,,
668227,2024,29,1.71,,8100000,,
668227,2025,30,3.87,,11300000,,
668227,2026,31,3.4,,15650000,,
668338,2020,24,,0.0,,2.0,1.0
668338,2022,26,,-0.7,,4.0,2.0
668338,2023,27,,0.03,,10.0,0.0
668338,2024,28,,1.3900000000000001,740000,58.0,0.0
668390,2024,24,,-0.46,740000,13.0,0.0
668390,2025,25,,1.07,,33.0,0.0
668390,2026,26,,-0.86,,39.0,0.0
668470,2023,24,,0.01,,1.0,0.0
668472,2022,23,-0.3,,,,
668472,2023,24,-1.34,,,,
668472,2024,25,,0.04,740000,1.0,0.0
668663,2019,24,-0.05,,,,
668663,2021,26,0.46,,,,
668663,2022,27,-0.38,,,,
668663,2023,28,-0.04,,,,
668665,2019,24,0.0,-0.25,,7.0,0.0
668665,2021,26,-0.01,-0.01,,1.0,0.0
668665,2022,27,,0.11,,12.0,0.0
668665,2023,28,,-0.13,730000,13.0,0.0
668670,2019,24,-0.63,,,,
668670,2021,26,1.18,-0.06,,1.0,0.0
668670,2023,28,0.82,,726000,,
668670,2024,29,0.93,,1700000,,
668670,2025,30,0.2,0.06,2640000,4.0,0.0
668670,2026,31,-0.06,0.08,3050000,3.0,0.0
668674,2023,28,,-0.02,,50.0,0.0
668674,2024,29,,1.24,750000,61.0,0.0
668674,2025,30,0.0,1.46,,61.0,0.0
668674,2026,31,0.0,-0.51,,41.0,0.0
668676,2019,24,0.02,1.86,,21.0,21.0
668676,2020,25,,2.08,,8.0,8.0
668676,2021,26,,1.1,,25.0,25.0
668676,2022,27,,-0.81,,25.0,24.0
668676,2023,28,,-0.63,2950000,5.0,5.0
668676,2024,29,,-0.29,1000000,3.0,3.0
668678,2019,23,-0.13,2.6900000000000004,,15.0,15.0
668678,2020,24,,2.53,,12.0,12.0
668678,2021,25,0.21,2.1,,23.0,23.0
668678,2022,26,,5.27,,31.0,31.0
668678,2023,27,,4.37,5600000,34.0,34.0
668678,2024,28,,2.68,10011000,28.0,28.0
668678,2025,29,,0.9,13500000,33.0,33.0
668678,2026,30,,-1.54,16199618,19.0,19.0
668683,2019,24,-0.01,0.23,,6.0,0.0
668684,2022,27,,-0.07,,3.0,0.0
668687,2020,25,,0.98,,20.0,0.0
668687,2021,26,,-0.11,,18.0,0.0
668709,2022,24,-0.67,,,,
668709,2023,25,-0.11,,,,
668709,2024,26,2.13,,745000,,
668709,2025,27,-0.52,,,,
668709,2026,28,1.05,,1400000,,
668715,2022,24,0.11,,,,
668715,2023,25,2.87,,720000,,
668715,2024,26,1.49,,750000,,
668715,2025,27,0.68,,,,
668715,2026,28,0.22,,4000000,,
668716,2025,26,,-1.38,,14.0,0.0
668721,2021,24,0.02,,,,
668721,2022,25,-0.12,,,,
668723,2021,22,-0.12,,,,
668723,2024,25,-0.74,,740000,,
668723,2025,26,-0.12,,,,
668723,2026,27,0.77,,,,
668731,2021,22,2.12,,,,
668731,2022,23,0.24,,,,
668731,2023,24,0.7,,,,
668731,2024,25,-0.49,,1550000,,
668731,2025,26,0.24,,,,
668751,2022,23,-0.44,,,,
668751,2023,24,-0.07,,,,
668752,2024,26,-0.08000000000000002,,,,
668754,2023,28,,0.11,,3.0,0.0
668800,2019,24,0.16,,,,
668800,2020,25,-0.08,,,,
668800,2021,26,-0.26,,,,
668800,2022,27,0.67,0.02,,1.0,0.0
668800,2023,28,1.0,,1100000,,
668800,2024,29,-0.84,0.1,1825000,2.0,0.0
668800,2025,30,0.26,,,,
668804,2019,24,4.23,,,,
668804,2020,25,0.49,,,,
668804,2021,26,5.97,,,,
668804,2022,27,3.0,,6750000,,
668804,2023,28,2.37,,7000000,,
668804,2024,29,3.64,,10250000,,
668804,2025,30,1.26,,12250000,,
668804,2026,31,3.36,,14250000,,
668820,2021,23,-0.16,-0.35,,9.0,9.0
668820,2022,24,,0.42,,2.0,0.0
668820,2025,27,,0.51,,24.0,0.0
668820,2026,28,,-0.21,,4.0,0.0
668831,2026,28,,0.16,,3.0,0.0
668832,2024,26,0.17,,740000,,
668834,2022,24,,0.06,,1.0,0.0
668834,2023,25,,0.46,,1.0,1.0
668834,2025,27,,-0.04,,9.0,0.0
668834,2026,28,,0.08,,2.0,0.0
668843,2022,25,0.09999999999999999,,,,
668843,2023,26,0.32,,720000,,
668843,2024,27,-0.06,,740000,,
668845,2024,26,0.2,,,,
668845,2025,27,-0.28,,,,
668853,2024,26,0.1,,740000,,
668868,2022,24,,0.72,,22.0,1.0
668868,2023,25,,0.57,725000,25.0,9.0
668868,2024,26,,-0.66,750850,5.0,2.0
668873,2022,25,,-0.6,,3.0,3.0
668873,2023,26,,-0.47,,3.0,1.0
668873,2024,27,,-0.01,740500,2.0,1.0
668873,2026,29,,0.02,,42.0,0.0
668874,2024,27,,-0.32,740000,1.0,1.0
668881,2022,22,,1.98,,24.0,24.0
668881,2023,23,,0.99,1333333,22.0,22.0
668881,2024,24,,6.03,3333334,26.0,26.0
668881,2025,25,,4.15,6333333,19.0,19.0
668881,2026,26,,-0.33,8333333,4.0,4.0
668885,2024,25,-0.98,,740000,,
668885,2025,26,0.73,,,,
668885,2026,27,1.2,,,,
668901,2022,22,-0.22,,,,
668901,2023,23,-1.02,,,,
668901,2024,24,3.09,,740000,,
668901,2025,25,-0.25,,,,
668901,2026,26,-1.31,,,,
668904,2022,23,0.31,,,,
668904,2023,24,2.41,,,,
668904,2024,25,0.66,,745700,,
668904,2025,26,0.63,,1625000,,
668904,2026,27,0.69,,2850000,,
668909,2023,23,,1.98,,16.0,16.0
668909,2024,24,,-0.09,742100,16.0,16.0
668909,2025,25,,3.55,,31.0,31.0
668909,2026,26,,2.14,,21.0,21.0
668930,2023,23,1.51,,,,
668930,2024,24,4.76,,748200,,
668930,2025,25,5.53,,,,
668930,2026,26,4.58,,4150000,,
668933,2022,24,,0.79,,19.0,19.0
668933,2023,25,,2.56,722500,26.0,26.0
668933,2024,26,,0.28,750000,15.0,15.0
668933,2025,27,,0.2,,62.0,0.0
668933,2026,28,,0.65,1750000,26.0,0.0
668939,2022,24,5.43,,,,
668939,2023,25,4.32,,733900,,
668939,2024,26,3.14,,760300,,
668939,2025,27,1.94,,5500000,,
668939,2026,28,1.65,,7250000,,
668941,2020,23,,-0.33,,12.0,0.0
668941,2021,24,0.0,-0.29,,11.0,0.0
668941,2022,25,0.0,-0.009999999999999995,,17.0,0.0
668941,2023,26,0.0,0.65,,27.0,0.0
668941,2024,27,0.0,0.83,860000,65.0,0.0
668941,2025,28,,1.71,2260000,65.0,0.0
668941,2026,29,,0.72,4260000,44.0,0.0
668942,2019,25,0.0,,,,
668942,2020,26,-0.33,,,,
668942,2021,27,0.78,,,,
668942,2022,28,3.1,,,,
668942,2023,29,0.54,-0.13,2575000,2.0,0.0
668942,2024,30,2.11,-0.04,3100000,2.0,0.0
668942,2025,31,-1.47,,3500000,,
668942,2026,32,0.53,,,,
668943,2024,28,,0.01,,13.0,0.0
668948,2022,26,,-0.28,,13.0,2.0
668952,2022,24,0.4,,,,
668952,2023,25,-0.37,,721600,,
668952,2024,26,-0.52,,740000,,
668952,2025,27,-0.21,,,,
668952,2026,28,0.63,,,,
668964,2024,25,,2.64,740000,27.0,25.0
668964,2025,26,,0.61,,22.0,6.0
668964,2026,27,,-0.76,,26.0,3.0
668968,2021,22,-0.01,0.02,,2.0,2.0
668968,2024,25,,0.51,,25.0,0.0
668970,2022,24,,-0.24,,6.0,0.0
668970,2023,25,,0.0,,26.0,0.0
668970,2024,26,,0.05,,1.0,0.0
668970,2025,27,,-0.01,,7.0,0.0
668970,2026,28,,0.14,,13.0,0.0
668974,2025,27,-0.89,,,,
668974,2026,28,-0.03,,,,
668984,2023,26,,-0.24,,11.0,0.0
668984,2024,27,,-0.26,740000,6.0,0.0
668984,2025,28,0.0,-0.91,,48.0,1.0
668984,2026,29,,0.22,,34.0,3.0
669003,2022,23,1.01,,,,
669003,2023,24,0.56,,724300,,
669003,2024,25,2.07,,744300,,
669003,2025,26,-0.04,,,,
669003,2026,27,1.79,,950000,,
669004,2022,23,0.49,,,,
669004,2023,24,-0.4,,726500,,
669004,2024,25,-0.72,,754750,,
669004,2025,26,-0.63,,2650000,,
669004,2026,27,-0.29,,1500000,,
669008,2021,26,-0.06,,,,
669008,2022,27,-0.09,,,,
669016,2021,23,0.21,,,,
669016,2022,24,1.79,,,,
669016,2023,25,3.37,,734500,,
669016,2024,26,2.98,,766500,,
669016,2025,27,1.63,,3000000,,
669016,2026,28,1.39,,5200000,,
669020,2025,27,,-0.33,,31.0,1.0
669020,2026,28,0.0,0.81,,37.0,2.0
669022,2022,23,,0.34,,16.0,13.0
669022,2023,24,,1.89,723300,27.0,27.0
669022,2024,25,,0.85,749600,32.0,32.0
669022,2025,26,,3.06,2890000,30.0,30.0
669022,2026,27,,0.39,5600000,22.0,22.0
669023,2022,23,-0.62,,,,
669023,2023,24,0.06,,,,
669060,2018,20,-0.02,-0.09,,3.0,1.0
669060,2019,21,0.03,-0.42,565000,6.0,4.0
669060,2020,22,,0.25,,6.0,2.0
669060,2021,23,-0.18,0.16999999999999998,,16.0,16.0
669060,2022,24,,-1.12,,25.0,20.0
669060,2023,25,,1.46,732600,53.0,0.0
669060,2024,26,,0.9,1000000,34.0,9.0
669060,2025,27,0.0,-0.67,1050000,20.0,5.0
669060,2026,28,,0.17,,7.0,0.0
669062,2024,26,,0.42,740000,73.0,10.0
669062,2025,27,,1.61,,36.0,0.0
669062,2026,28,,0.58,,36.0,0.0
669064,2020,25,,0.13,,5.0,0.0
669065,2022,24,-0.14,,,,
669065,2023,25,-0.3,,722200,,
669065,2024,26,-0.42999999999999994,,740000,,
669065,2025,27,3.68,,,,
669065,2026,28,0.51,,,,
669084,2022,23,,-0.21,,11.0,1.0
669084,2023,24,0.0,0.22,,18.0,0.0
669084,2024,25,,-0.18,744200,13.0,7.0
669084,2025,26,,0.62,,20.0,3.0
669084,2026,27,,0.91,,24.0,1.0
669087,2020,22,0.54,,,,
669087,2022,24,0.25,,,,
669087,2023,25,0.29,,,,
669087,2024,26,-0.02,,740000,,
669087,2025,27,-0.17,,,,
669087,2026,28,-0.26,,,,
669093,2022,23,,0.08,,5.0,0.0
669093,2023,24,,-0.16,,12.0,0.0
669093,2024,25,,1.23,740000,62.0,0.0
669093,2025,26,,1.11,,77.0,0.0
669093,2026,27,,0.3,,21.0,0.0
669105,2023,28,,-0.04,,3.0,0.0
669111,2023,25,,0.1,,4.0,0.0
669111,2024,26,,0.57,,10.0,0.0
669127,2022,24,0.16,,,,
669127,2023,25,0.85,,720000,,
669127,2024,26,2.85,,745000,,
669127,2025,27,3.48,,,,
669127,2026,28,3.9,,5250000,,
669134,2020,21,0.1,,,,
669134,2021,22,-0.54,,,,
669134,2022,23,-0.22,,,,
669134,2023,24,1.07,,722700,,
669134,2024,25,-0.67,,754700,,
669134,2025,26,-0.4,,1000000,,
669134,2026,27,1.08,,900000,,
669135,2021,26,,-0.47,,5.0,0.0
669137,2024,29,-0.38,,,,
669145,2020,25,,-0.07,,2.0,1.0
669145,2021,26,-0.05,0.66,,14.0,13.0
669145,2022,27,,-0.91,,15.0,13.0
669145,2023,28,,-0.09,,7.0,0.0
669145,2025,30,,-0.19,,1.0,1.0
669145,2026,31,,0.01,,1.0,0.0
669160,2019,21,-0.08,-0.02,,14.0,4.0
669160,2020,22,,1.48,,12.0,10.0
669160,2021,23,-0.05,0.58,,5.0,5.0
669160,2022,24,,-0.17,,6.0,6.0
669160,2023,25,,1.39,1675000,9.0,9.0
669160,2025,27,,-0.6799999999999999,2135000,25.0,23.0
669160,2026,28,,0.43,12000000,20.0,20.0
669165,2023,25,,0.07,,1.0,0.0
669165,2024,26,,0.13,742500,3.0,1.0
669165,2026,28,,-0.05,,33.0,1.0
669169,2021,24,,0.11,,3.0,3.0
669169,2022,25,,-0.05,,21.0,21.0
669169,2023,26,0.0,-0.34,,12.0,0.0
669169,2024,27,0.0,-0.62,740000,4.0,0.0
669169,2026,29,,-0.12,,1.0,0.0
669193,2025,27,,-0.03,,2.0,0.0
669194,2022,24,,0.77,,3.0,3.0
669194,2023,25,,-0.01,722700,29.0,27.0
669194,2024,26,,1.58,764300,28.0,25.0
669194,2025,27,0.07,3.29,,33.0,23.0
669194,2026,28,,-0.35,3000000,15.0,15.0
669199,2024,29,,0.03,,10.0,0.0
669199,2025,30,,0.62,,53.0,1.0
669199,2026,31,,0.41,,36.0,4.0
669200,2023,28,-0.02,,,,
669200,2024,29,-0.09,,,,
669200,2025,30,-0.13,,,,
669203,2018,23,0.02,0.64,,30.0,0.0
669203,2019,24,0.07,-2.2,562800,32.0,4.0
669203,2020,25,,2.12,,12.0,9.0
669203,2021,26,0.09,5.25,,28.0,28.0
669203,2022,27,,4.31,6500000,33.0,33.0
669203,2023,28,,3.53,10010000,32.0,32.0
669203,2024,29,,3.86,15637500,32.0,32.0
669203,2025,30,,1.83,31666667,11.0,11.0
669208,2024,24,0.43,,740000,,
669208,2025,25,-0.18,,,,
669208,2026,26,0.01,,,,
669211,2020,25,,0.25,,8.0,6.0
669211,2021,26,-0.02,-0.35,,24.0,17.0
669211,2022,27,,0.68,,45.0,1.0
669211,2023,28,,-0.81,731100,24.0,1.0
669211,2024,29,,1.16,825000,66.0,0.0
669211,2025,30,0.0,0.91,1475000,64.0,3.0
669211,2026,31,,-0.32,2975000,24.0,2.0
669212,2021,25,-0.02,0.29,,18.0,18.0
669212,2022,26,,0.22,,50.0,1.0
669212,2023,27,,-0.11,727000,61.0,0.0
669212,2024,28,,1.08,751200,32.0,0.0
669212,2025,29,,-0.44,950000,7.0,0.0
669212,2026,30,,0.0,,16.0,0.0
669214,2019,24,-0.04,0.06,,8.0,3.0
669214,2020,25,,0.2,,7.0,0.0
669214,2021,26,0.0,-0.27,,8.0,1.0
669214,2022,27,,0.05,,1.0,0.0
669221,2019,24,0.61,,,,
669221,2020,25,1.13,,,,
669221,2021,26,2.75,,,,
669221,2022,27,3.65,,,,
669221,2023,28,4.04,,4000000,,
669221,2024,29,1.25,,9000000,,
669221,2025,30,2.45,,15000000,,
669221,2026,31,-0.25,,15000000,,
669222,2019,24,0.1,,,,
669222,2020,25,-0.18,,,,
669222,2021,26,-0.48,,,,
669222,2022,27,-1.12,,1250000,,
669222,2023,28,0.02,,1950000,,
669222,2024,29,-1.42,,2000000,,
669224,2023,23,0.06,,,,
669224,2024,24,2.56,,750000,,
669224,2025,25,0.09,,,,
669224,2026,26,0.34,,,,
669234,2024,24,-0.49,,740000,,
669234,2025,25,-0.13,,,,
669236,2025,25,0.41,,,,
669236,2026,26,0.56,,,,
669242,2019,24,4.0,,,,
669242,2020,25,1.14,,,,
669242,2021,26,3.77,,,,
669242,2022,27,6.15,,,,
669242,2023,28,2.07,,4200000,,
669242,2024,29,0.9,,,,
669242,2025,30,1.09,,8400000,,
669242,2026,31,1.43,,12040000,,
669256,2019,24,0.7,,,,
669256,2020,25,-1.07,,,,
669256,2021,26,1.0,,,,
669256,2022,27,-0.16,,,,
669256,2023,28,-0.01,,,,
669256,2025,30,-0.51,,,,
669256,2026,31,-0.06,,,,
669257,2019,24,1.68,,,,
669257,2020,25,1.41,,,,
669257,2021,26,3.3,,,,
669257,2022,27,4.47,,,,
669257,2023,28,4.14,,5250000,,
669257,2024,29,3.42,,16550000,,
669257,2025,30,4.44,,16000000,,
669257,2026,31,0.94,,16000000,,
669261,2022,23,1.29,,,,
669261,2023,24,2.11,,725000,,
669261,2024,25,-1.71,,755000,,
669261,2025,26,-0.38,,,,
669270,2019,24,-0.01,0.08,,11.0,0.0
669270,2020,25,,-0.02,,3.0,0.0
669270,2022,27,0.0,-0.52,,53.0,0.0
669270,2023,28,,-0.010000000000000002,730000,9.0,0.0
669270,2024,29,,0.12,,6.0,0.0
669270,2026,31,,0.019999999999999962,,35.0,0.0
669276,2021,26,0.0,-0.06,,2.0,0.0
669276,2022,27,,1.34,,46.0,0.0
669276,2023,28,,-0.06,730000,24.0,1.0
669276,2024,29,,1.3,760000,52.0,0.0
669276,2025,30,,0.96,1025000,74.0,0.0
669276,2026,31,,1.39,2200000,49.0,0.0
669288,2020,24,-0.27,,,,
669288,2021,25,-0.17,,,,
669288,2024,28,-0.03,,,,
669288,2025,29,0.26,,,,
669288,2026,30,-0.15,,,,
669289,2020,25,0.38,-0.02,,2.0,0.0
669289,2021,26,2.36,,,,
669289,2022,27,2.35,,,,
669289,2023,28,0.33,,2100000,,
669289,2024,29,-0.42,,2725000,,
669289,2025,30,-1.38,,2400000,,
669289,2026,31,0.04,,,,
669294,2021,25,-0.06,-0.89,,16.0,1.0
669298,2026,28,,-0.14,,4.0,0.0
669302,2021,24,,0.91,,24.0,24.0
669302,2022,25,,3.16,,32.0,32.0
669302,2023,26,,2.78,767300,32.0,32.0
669302,2024,27,,2.95,4050000,33.0,33.0
669302,2025,28,,2.03,7625000,25.0,25.0
669302,2026,29,,2.6,10927000,21.0,21.0
669304,2022,24,0.89,,,,
669304,2023,25,-0.24,,727850,,
669304,2024,26,1.69,,740000,,
669304,2025,27,-0.3,,,,
669308,2024,26,,0.34,,9.0,0.0
669308,2025,27,,-0.08,,19.0,1.0
669309,2022,22,-0.03,,,,
669310,2026,27,,-0.07,,2.0,0.0
669326,2024,25,-0.23,,,,
669326,2025,26,0.53,,,,
669326,2026,27,-0.26,,,,
669330,2021,26,0.0,0.86,,44.0,0.0
669330,2022,27,,0.99,,23.0,23.0
669330,2023,28,,1.66,732400,25.0,20.0
669330,2024,29,,-0.23,1962500,3.0,3.0
669330,2025,30,,0.56,2075000,4.0,4.0
669330,2026,31,,1.3,2445000,41.0,0.0
669352,2022,24,0.04,,,,
669352,2023,25,-0.41,,724305,,
669352,2024,26,-0.26,,,,
669357,2022,22,0.72,,,,
669357,2023,23,2.37,,726950,,
669357,2024,24,0.47,,755550,,
669357,2025,25,0.09,,,,
669357,2026,26,-0.24,,2655000,,
669358,2021,22,,0.43,,3.0,3.0
669358,2022,23,,0.09,,6.0,6.0
669358,2024,25,,2.17,743600,14.0,14.0
669358,2025,26,,0.57,1450000,31.0,31.0
669358,2026,27,,1.13,1800000,21.0,21.0
669360,2026,27,-0.31,,,,
669364,2023,23,0.1,,,,
669364,2024,24,2.12,,743000,,
669364,2025,25,3.34,,,,
669364,2026,26,2.59,,,,
669369,2022,26,-0.34,,,,
669369,2023,27,-0.18,,,,
669369,2024,28,-0.32,,,,
669369,2025,29,0.64,,,,
669369,2026,30,-0.2,,,,
669371,2025,25,,0.32,,57.0,0.0
669371,2026,26,,-0.55,,11.0,0.0
669372,2024,25,,0.53,,8.0,6.0
669372,2025,26,,0.86,,23.0,16.0
669372,2026,27,0.0,3.05,,22.0,19.0
669373,2020,23,,-0.07,,8.0,7.0
669373,2021,24,-0.03,1.75,,31.0,29.0
669373,2022,25,,1.42,,21.0,21.0
669373,2023,26,,1.96,,15.0,15.0
669373,2024,27,,6.66,2650000,31.0,31.0
669373,2025,28,,6.39,10150000,31.0,31.0
669373,2026,29,,3.01,32000000,15.0,15.0
669374,2019,22,1.82,,,,
669374,2020,23,-0.31,,,,
669374,2021,24,-0.85,,,,
669374,2022,25,0.8,,,,
669374,2024,27,-0.58,,,,
669374,2025,28,-0.03,,,,
669384,2026,26,0.15,,,,
669387,2023,24,,0.77,,35.0,1.0
669387,2024,25,,0.75,747500,40.0,4.0
669387,2025,26,,1.43,,34.0,12.0
669387,2026,27,,1.23,,23.0,9.0
669391,2023,23,,-0.18,,2.0,0.0
669391,2024,24,0.0,-0.28,740000,3.0,0.0
669391,2025,25,,-0.15,,3.0,0.0
669392,2023,24,-0.18,,,,
669392,2024,25,0.05,,740000,,
669392,2025,26,-0.1,,,,
669392,2026,27,0.5,,,,
669394,2021,25,0.42,,,,
669394,2022,26,-0.02,,,,
669394,2023,27,2.45,,,,
669394,2024,28,0.84,,760000,,
669394,2025,29,0.82,,,,
669394,2026,30,1.71,,3200000,,
669395,2021,24,,0.23,,5.0,0.0
669395,2022,25,0.0,1.61,,68.0,0.0
669395,2023,26,0.0,-0.77,731750,23.0,1.0
669395,2024,27,,0.03,740000,1.0,0.0
669397,2022,23,1.11,,,,
669397,2023,24,0.15,,720000,,
669397,2024,25,0.23,,745000,,
669397,2025,26,0.71,,,,
669397,2026,27,0.48,,1400000,,
669398,2025,25,-0.33,,,,
669398,2026,26,-0.51,,,,
669422,2024,25,,-0.24,,14.0,0.0
669422,2025,26,,-0.7,,10.0,1.0
669424,2020,25,,0.06,,2.0,0.0
669424,2021,26,,-0.07,,4.0,3.0
669424,2022,27,0.0,0.81,,42.0,2.0
669424,2023,28,,0.0,735000,35.0,1.0
669432,2020,22,,-0.09,,7.0,7.0
669432,2021,23,-0.17,3.5,,25.0,25.0
669432,2022,24,,-0.54,,23.0,23.0
669432,2023,25,,0.33,752000,4.0,4.0
669432,2024,26,,0.59,1530000,25.0,25.0
669432,2025,27,-0.02,5.28,2600000,18.0,18.0
669432,2026,28,,1.51,6200000,19.0,19.0
669438,2023,23,,-0.62,,31.0,1.0
669438,2024,24,0.0,-0.25,740000,12.0,1.0
669438,2025,25,,0.26,,29.0,0.0
669438,2026,26,,-0.06,,14.0,3.0
669449,2025,26,,-0.06,,1.0,0.0
669450,2022,27,-0.48,,,,
669450,2023,28,-0.37,,723800,,
669450,2024,29,-0.13,,740000,,
669450,2025,30,-0.75,-0.13,,1.0,0.0
669456,2018,23,0.11,1.09,,20.0,19.0
669456,2019,24,-0.07,4.78,559600,34.0,33.0
669456,2020,25,,3.21,,12.0,12.0
669456,2021,26,-0.05,2.62,,16.0,16.0
669456,2022,27,,3.53,6000000,31.0,31.0
669456,2023,28,,1.85,10010000,21.0,21.0
669456,2024,29,,0.7,13125000,2.0,2.0
669456,2025,30,,0.78,,7.0,7.0
669456,2026,31,,0.35,,6.0,6.0
669459,2020,23,,-0.13,,1.0,0.0
669459,2021,24,0.0,-0.28,,10.0,0.0
669459,2022,25,0.0,0.95,,43.0,1.0
669459,2023,26,0.0,0.03,728900,68.0,2.0
669459,2024,27,,0.07,757300,11.0,0.0
669459,2025,28,,-0.06,825000,3.0,0.0
669461,2022,22,0.0,-0.48,,9.0,7.0
669461,2023,23,,-0.32,,22.0,11.0
669461,2024,24,,0.25,747200,60.0,6.0
669461,2025,25,,0.95,,29.0,29.0
669461,2026,26,,-0.42,,21.0,21.0
669467,2022,23,,1.65,,47.0,10.0
669467,2023,24,,0.11,728600,62.0,0.0
669467,2024,25,,1.55,756900,29.0,20.0
669467,2025,26,0.0,-1.2,2100000,31.0,31.0
669467,2026,27,,1.71,4000000,20.0,20.0
669477,2023,24,-0.43,,,,
669477,2024,25,0.19,,740000,,
669477,2025,26,0.6,,,,
669477,2026,27,1.49,,,,
669618,2021,25,0.0,0.75,,31.0,0.0
669618,2022,26,0.0,0.23,,35.0,0.0
669618,2023,27,,-0.01,,13.0,0.0
669620,2024,26,,0.34,740000,7.0,4.0
669620,2025,27,,0.31,,11.0,1.0
669620,2026,28,,0.07,,8.0,1.0
669622,2021,26,-0.02,1.28,,60.0,1.0
669622,2022,27,,0.41,,22.0,0.0
669622,2024,29,,0.67,770000,59.0,0.0
669622,2025,30,,1.81,1420000,51.0,0.0
669622,2026,31,,0.92,2810000,35.0,0.0
669674,2021,25,-0.04,-0.35,,12.0,5.0
669674,2022,26,,0.07,,28.0,6.0
669674,2023,27,,-0.09,,40.0,1.0
669674,2024,28,,0.64,740000,43.0,0.0
669674,2025,29,0.0,-0.7,,39.0,0.0
669684,2023,25,,0.1,,20.0,0.0
669684,2025,27,,0.5,,23.0,0.0
669684,2026,28,,0.04,,25.0,2.0
669699,2023,25,-0.1,,,,
669699,2024,26,-0.59,,740350,,
669699,2026,28,0.27,,,,
669701,2022,24,0.21,,,,
669701,2023,25,0.96,,727095,,
669701,2024,26,3.51,,749500,,
669701,2025,27,2.88,,,,
669701,2026,28,-0.61,,3225000,,
669704,2025,27,,0.84,,25.0,0.0
669704,2026,28,,-0.02,,1.0,0.0
669707,2023,25,2.03,,,,
669707,2024,26,1.4,,745000,,
669707,2025,27,2.24,-0.06,,1.0,0.0
669707,2026,28,0.64,,,,
669711,2022,27,,-0.27,,12.0,0.0
669711,2023,28,,0.17,,17.0,0.0
669711,2024,29,,0.51,743500,62.0,0.0
669711,2025,30,,1.01,,72.0,0.0
669711,2026,31,,-0.11,,43.0,0.0
669713,2022,24,,1.09,,6.0,4.0
669713,2023,25,0.0,0.06,721500,34.0,11.0
669713,2024,26,,-0.29,740000,28.0,7.0
669713,2025,27,,0.26,,6.0,6.0
669717,2025,26,-0.49,-0.05,,1.0,0.0
669717,2026,27,0.09,,,,
669720,2017,21,-0.46,,,,
669720,2019,23,0.76,,,,
669720,2020,24,0.75,,,,
669720,2021,25,3.35,,,,
669720,2022,26,2.93,,,,
669720,2023,27,2.5,,3200000,,
669720,2024,28,-0.18999999999999997,,6300000,,
669720,2025,29,0.79,,4000000,,
669720,2026,30,-0.38,,5000000,,
669721,2023,26,,0.47,,3.0,0.0
669721,2024,27,,-0.37,740000,6.0,6.0
669721,2025,28,,-0.04,,3.0,2.0
669722,2025,27,-0.63,0.03,,1.0,0.0
669724,2023,25,,-0.02,,3.0,0.0
669724,2024,26,,0.9,,21.0,3.0
669724,2025,27,,-0.04,,54.0,0.0
669724,2026,28,,0.24,,20.0,2.0
669735,2021,22,0.0,0.45,,15.0,2.0
669738,2019,25,-0.1,,555000,,
669738,2020,26,-0.09,,,,
669742,2022,26,0.4,0.01,,1.0,0.0
669742,2023,27,-0.65,,724500,,
669743,2022,27,0.39,,,,
669743,2023,28,1.03,,721800,,
669743,2024,29,1.5,,740000,,
669743,2025,30,1.4000000000000001,,,,
669743,2026,31,0.45,,1600000,,
669796,2023,25,,-0.04,,50.0,0.0
669796,2024,26,,0.22,,7.0,0.0
669804,2022,25,,0.25,,8.0,0.0
669854,2022,28,,-0.16,,7.0,0.0
669854,2023,29,,0.24,721200,17.0,7.0
669854,2024,30,,4.67,749800,30.0,29.0
669854,2025,31,,0.64,,9.0,9.0
669854,2026,32,,-0.22,,2.0,2.0
669899,2026,28,0.19,,,,
669911,2022,23,-0.07,,,,
669911,2023,24,-1.45,,,,
669911,2024,25,2.09,,742000,,
669911,2025,26,-1.62,,,,
669912,2021,26,0.0,0.19,,7.0,0.0
669912,2022,27,,-0.73,,46.0,0.0
669912,2023,28,,0.0,,15.0,0.0
669912,2024,29,,0.02,,11.0,0.0
669920,2022,29,,-0.75,,18.0,11.0
669920,2025,32,,0.5300000000000001,,18.0,13.0
669920,2026,33,,-0.54,,4.0,2.0
669923,2022,24,,1.36,,25.0,25.0
669923,2023,25,,3.76,758300,31.0,31.0
669923,2024,26,,2.08,798600,33.0,33.0
669923,2025,27,,0.74,4300000,23.0,23.0
669923,2026,28,,1.28,6550000,20.0,20.0
669935,2021,23,,0.11,,5.0,4.0
669935,2022,24,,-0.41,,4.0,0.0
669947,2023,29,,0.18,,26.0,11.0
669947,2025,31,,-0.19,,2.0,0.0
669947,2026,32,,0.35,,9.0,2.0
669952,2020,25,,0.09,,2.0,0.0
669952,2021,26,-0.13,-0.22,,21.0,4.0
669952,2022,27,,-0.84,,25.0,18.0
669952,2023,28,,-0.27,,10.0,0.0
669952,2024,29,0.0,-0.5800000000000001,,13.0,0.0
670032,2019,24,-0.17,,,,
670032,2020,25,0.18,,,,
670032,2021,26,4.41,,,,
670032,2022,27,-0.25,-0.06,2550000,1.0,0.0
670032,2023,28,1.8,-0.03,3700000,2.0,0.0
670032,2024,29,0.09,,4300000,,
670032,2025,30,-0.43,0.01,850000,1.0,0.0
670032,2026,31,0.35,,,,
670036,2018,25,0.0,0.24,,8.0,1.0
670036,2019,26,0.0,-0.11,555500,20.0,0.0
670036,2022,29,,0.1,,53.0,0.0
670036,2023,30,,0.05,725200,8.0,0.0
670036,2024,31,,-0.86,,19.0,0.0
670036,2025,32,0.0,-0.22,,63.0,0.0
670036,2026,33,,-0.19,1000000,44.0,0.0
670042,2021,26,-0.54,,,,
670042,2022,27,0.3,,,,
670042,2023,28,2.71,-0.27,722300,2.0,0.0
670042,2024,29,3.15,,754200,,
670042,2025,30,-0.31,,,,
670042,2026,31,0.01,,2050000,,
670046,2022,26,,0.1,,3.0,1.0
670046,2023,27,,0.69,,7.0,3.0
670046,2024,28,,-0.29,740000,7.0,1.0
670050,2021,25,,0.09,,5.0,0.0
670056,2020,26,,0.29,,24.0,1.0
670056,2021,27,-0.02,0.64,,25.0,0.0
670057,2021,27,,0.0,,1.0,0.0
670059,2022,26,,0.26999999999999996,,24.0,0.0
670059,2023,27,,0.72,725000,58.0,0.0
670059,2024,28,,0.68,755000,55.0,0.0
670059,2025,29,,-0.74,1500000,24.0,0.0
670059,2026,30,,1.6,1500000,40.0,0.0
670062,2026,31,,0.37,,11.0,0.0
670084,2020,26,0.06,,,,
670084,2021,27,-0.25,,,,
670087,2021,27,0.0,-0.13,,5.0,0.0
670090,2021,26,0.0,-0.46,,11.0,0.0
670090,2022,27,0.0,0.15000000000000002,,27.0,0.0
670090,2026,31,,-0.04,,5.0,0.0
670092,2024,28,-0.25,,740000,,
670092,2025,29,-0.47,,,,
670097,2021,26,-0.7,,,,
670097,2022,27,-0.11,,,,
670097,2023,28,0.48,-0.02,,6.0,0.0
670097,2024,29,-0.1,,747300,,
670097,2025,30,-0.01,,,,
670097,2026,31,-0.43000000000000005,0.03,,1.0,0.0
670102,2022,26,,0.02,,1.0,0.0
670102,2023,27,,0.94,,20.0,0.0
670102,2024,28,,1.63,748000,27.0,13.0
670102,2025,29,,-0.82,,14.0,14.0
670103,2024,25,,-0.05,,1.0,0.0
670124,2022,27,,-1.02,,19.0,14.0
670124,2023,28,,-0.92,720000,9.0,1.0
670124,2024,29,,0.23,,8.0,8.0
670128,2023,28,-0.2,,,,
670148,2022,27,-0.01,,,,
670156,2022,26,-0.18,,,,
670156,2023,27,0.62,-0.14,720500,1.0,0.0
670156,2024,28,-0.19,,746000,,
670156,2025,29,0.16,0.03,,1.0,0.0
670156,2026,30,-0.14,,,,
670161,2024,29,,-0.14,,1.0,0.0
670167,2019,25,,0.0,,13.0,0.0
670167,2020,26,,-0.21,,15.0,0.0
670167,2021,27,,0.08,,1.0,0.0
670167,2022,28,,2.64,,64.0,0.0
670167,2023,29,0.0,0.8,750000,46.0,2.0
670167,2024,30,,0.4,1175000,59.0,0.0
670167,2025,31,0.0,0.42,2300000,74.0,0.0
670167,2026,32,,0.18,3715000,44.0,0.0
670174,2022,24,,-0.36,,15.0,14.0
670174,2023,25,,1.84,722000,60.0,1.0
670174,2024,26,0.0,0.17,760000,40.0,6.0
670174,2025,27,,-0.08,,6.0,0.0
670183,2023,25,,-0.39,,6.0,0.0
670183,2025,27,,0.04,,1.0,0.0
670183,2026,28,,-0.05,,4.0,0.0
670219,2024,26,,-0.04,,1.0,0.0
670223,2023,25,-0.41,,,,
670223,2024,26,-0.43,-0.17,740000,1.0,0.0
670223,2025,27,-0.71,,,,
670224,2024,26,-0.31,,,,
670224,2025,27,0.64,,,,
670224,2026,28,-0.62,,,,
670231,2025,27,0.12,,,,
670231,2026,28,0.28,,,,
670241,2023,25,,0.23,,5.0,2.0
670241,2024,26,,-0.46,740000,4.0,2.0
670242,2022,24,-0.3,,,,
670242,2023,25,2.15,,,,
670242,2024,26,2.15,0.05,745550,1.0,0.0
670242,2025,27,0.62,,,,
670242,2026,28,-1.26,,,,
670245,2026,28,,0.0,,34.0,0.0
670276,2022,25,-0.2,,,,
670276,2023,26,-0.04,,,,
670276,2024,27,-0.11,,,,
670276,2025,28,-0.19,,,,
670280,2019,24,0.0,-0.15,,13.0,0.0
670280,2020,25,,-0.12,,4.0,0.0
670280,2021,26,-0.01,2.13,,61.0,0.0
670280,2022,27,0.0,1.29,,45.0,0.0
670280,2023,28,,2.55,745000,66.0,0.0
670280,2024,29,,-0.9,4150000,62.0,0.0
670280,2025,30,,2.29,5900000,64.0,0.0
670280,2026,31,0.0,1.24,9000000,42.0,0.0
670288,2022,27,,0.07,,7.0,0.0
670298,2022,27,-0.13,,,,
670329,2019,25,-0.02,-0.16,,2.0,1.0
670329,2020,26,,-0.02,,12.0,0.0
670329,2022,28,0.0,0.03,,6.0,0.0
670329,2023,29,,-0.33999999999999997,,10.0,0.0
670329,2025,31,,0.78,,29.0,1.0
670329,2026,32,0.0,1.13,,49.0,0.0
670351,2021,28,-0.73,,,,
670351,2022,29,-1.11,,,,
670370,2020,26,-0.12,,,,
670370,2021,27,-0.74,,,,
670426,2019,24,0.0,-0.08,,10.0,0.0
670426,2020,25,,-0.19,,6.0,0.0
670426,2022,27,,-0.24,,5.0,0.0
670456,2019,24,-0.01,0.25,,20.0,0.0
670456,2021,26,-0.01,0.09,,20.0,0.0
670462,2021,27,-0.06,,,,
670541,2019,22,3.72,,,,
670541,2020,23,0.05,,,,
670541,2021,24,3.08,,,,
670541,2022,25,6.84,,764600,,
670541,2023,26,4.53,,7833333,,
670541,2024,27,5.21,,10833333,,
670541,2025,28,0.7,,15833333,,
670541,2026,29,4.88,,26833333,,
670550,2020,23,,-0.21,,5.0,0.0
670550,2021,24,,0.12,,4.0,0.0
670623,2020,21,-0.25,,,,
670623,2021,22,-0.28,,,,
670623,2022,23,2.48,,,,
670623,2023,24,4.2,,735000,,
670623,2024,25,2.73,,3400000,,
670623,2025,26,2.39,,6625000,,
670623,2026,27,2.57,,9350000,,
670712,2019,25,0.29,0.03,,3.0,0.0
670712,2020,26,1.2,0.01,,1.0,0.0
670712,2021,27,0.97,,,,
670712,2022,28,0.44,0.08,,3.0,0.0
670712,2023,29,-0.31,0.02,1400000,3.0,0.0
670764,2021,24,1.44,,,,
670764,2022,25,2.53,,,,
670764,2023,26,1.97,,727600,,
670764,2024,27,1.42,,757300,,
670764,2025,28,2.54,,1350000,,
670764,2026,29,2.42,,2450000,,
670766,2021,25,-0.02,-0.17,,2.0,1.0
670766,2023,27,,-0.12,,3.0,0.0
670766,2024,28,,-0.53,740000,12.0,5.0
670766,2025,29,,0.15,,3.0,0.0
670768,2020,24,0.01,,,,
670768,2021,25,0.07,,,,
670768,2022,26,0.32,0.01,,5.0,0.0
670770,2021,25,-0.11,,,,
670770,2022,26,0.52,,,,
670770,2023,27,3.59,,722500,,
670770,2024,28,0.52,,750000,,
670770,2025,29,2.38,,,,
670770,2026,30,-0.31,,3800000,,
670810,2022,25,,0.13,,17.0,0.0
670810,2023,26,0.0,-0.21,721200,11.0,0.0
670810,2024,27,,-0.15,740000,9.0,0.0
670810,2025,28,,0.24,,3.0,0.0
670869,2022,22,0.73,,,,
670869,2023,23,0.05,,,,
670869,2024,24,0.08000000000000002,,740000,,
670871,2023,24,,0.01,,2.0,0.0
670871,2024,25,0.0,-0.08,750000,15.0,0.0
670871,2026,27,,0.05,,1.0,0.0
670912,2020,22,,-0.51,,5.0,5.0
670912,2021,23,0.11,-0.52,,14.0,13.0
670912,2022,24,,1.01,,21.0,8.0
670912,2023,25,,2.21,735000,32.0,32.0
670912,2025,27,,0.85,850000,9.0,9.0
670912,2026,28,,-0.11,1550000,1.0,0.0
670950,2018,25,0.04,0.84,,25.0,25.0
670950,2019,26,-0.07,1.95,570000,30.0,23.0
670950,2020,27,,-0.48,,9.0,4.0
670950,2021,28,0.05,0.91,,53.0,0.0
670950,2022,29,,-0.81,1000000,62.0,4.0
670950,2023,30,,-0.16,1500000,56.0,3.0
670950,2024,31,,-0.3,2150000,55.0,2.0
670950,2025,32,0.0,-0.09,,5.0,0.0
670950,2026,33,0.0,0.74,,30.0,0.0
670955,2021,23,0.02,-0.51,,14.0,1.0
670955,2022,24,,-0.18,,10.0,0.0
670955,2023,25,,0.1,,1.0,0.0
670955,2024,26,,1.88,740000,30.0,0.0
670955,2025,27,,0.72,,70.0,0.0
670970,2019,20,-0.01,-0.29,,5.0,2.0
670970,2020,21,,-0.02,,9.0,4.0
670970,2021,22,-0.01,0.08,,2.0,2.0
670970,2022,23,,0.02,,26.0,0.0
670970,2023,24,,-0.17,800000,8.0,1.0
670970,2024,25,,1.3,850000,60.0,0.0
670970,2025,26,,2.32,2000000,75.0,0.0
670970,2026,27,,0.92,3900000,49.0,0.0
670990,2020,25,,0.49,,16.0,0.0
670990,2021,26,0.0,0.32,,25.0,0.0
670990,2022,27,,0.16999999999999998,,30.0,0.0
670990,2023,28,,0.010000000000000009,,31.0,0.0
670990,2024,29,,-0.99,,38.0,0.0
670990,2025,30,,-0.59,,24.0,0.0
670990,2026,31,,1.41,825000,44.0,0.0
671056,2022,22,-0.3,,,,
671056,2023,23,0.32,,,,
671056,2024,24,1.77,,743150,,
671056,2025,25,2.25,,,,
671056,2026,26,2.01,,,,
671083,2022,23,-0.01,,,,
671083,2023,24,0.02,,,,
671083,2024,25,0.18000000000000002,,740000,,
671083,2025,26,-0.53,,,,
671083,2026,27,-0.27,-0.13,,1.0,0.0
671096,2023,24,,2.74,,21.0,21.0
671096,2024,25,,3.3,742500,25.0,25.0
671096,2025,26,,5.4,,29.0,29.0
671096,2026,27,,2.19,,22.0,22.0
671106,2023,24,,1.72,,24.0,24.0
671106,2024,25,,-1.07,744300,20.0,20.0
671106,2025,26,,0.26,,30.0,29.0
671106,2026,27,,-0.03,,2.0,1.0
671109,2024,25,,0.01,,1.0,0.0
671109,2025,26,,0.09,,8.0,0.0
671109,2026,27,,0.07,,4.0,0.0
671111,2023,25,,0.16,,16.0,0.0
671111,2024,26,,0.07,740000,9.0,0.0
671111,2025,27,,-0.5,,5.0,0.0
671111,2026,28,,-0.04,,2.0,1.0
671117,2024,25,0.03,,,,
671131,2023,24,,-0.12,,4.0,4.0
671131,2024,25,,0.17,740000,3.0,1.0
671131,2025,26,0.0,-0.47,,63.0,0.0
671131,2026,27,,-0.22,,1.0,0.0
671155,2026,27,-0.09,,,,
671162,2025,27,,-0.47,,2.0,0.0
671162,2026,28,,-0.63,,2.0,0.0
671212,2023,23,,0.68,,3.0,3.0
671212,2024,24,,-0.52,740000,13.0,10.0
671212,2025,25,,-0.2,,13.0,9.0
671212,2026,26,,-0.19,,3.0,3.0
671213,2022,22,0.12,,,,
671213,2023,23,2.22,,723500,,
671213,2024,24,0.66,,760000,,
671213,2025,25,-0.8,,,,
671218,2022,22,-0.52,,,,
671218,2023,23,-0.32,,,,
671218,2024,24,2.28,,740000,,
671218,2025,25,1.2,,,,
671218,2026,26,0.75,,,,
671221,2022,23,0.35,,,,
671221,2023,24,0.62,,,,
671221,2024,25,-0.01,,740000,,
671221,2025,26,-0.4,,,,
671250,2020,23,0.2,,,,
671277,2020,20,-0.08,,,,
671277,2021,21,0.24,,,,
671277,2022,22,-0.04,,,,
671277,2023,23,0.69,,738600,,
671277,2024,24,2.15,,1950000,,
671277,2025,25,0.35,,4500000,,
671277,2026,26,1.99,,6875000,,
671284,2025,26,-0.46,,,,
671286,2024,24,-0.39,,740000,,
671286,2025,25,-0.63,,,,
671286,2026,26,-0.16,,,,
671289,2022,23,-0.28,,,,
671289,2023,24,-0.32,,,,
671289,2024,25,0.88,,742000,,
671289,2025,26,-1.25,,,,
671289,2026,27,-1.79,,1525000,,
671305,2024,26,,0.41,740000,36.0,0.0
671305,2025,27,,-0.44,,6.0,0.0
671345,2021,25,,0.27,,11.0,0.0
671345,2022,26,,0.36,,60.0,0.0
671345,2023,27,,2.01,726200,70.0,0.0
671345,2024,28,0.0,0.86,766300,69.0,0.0
671345,2026,30,,-0.04,2000000,3.0,0.0
671382,2026,27,,-0.24,,6.0,0.0
671655,2025,24,-0.09,,,,
671655,2026,25,-0.19,,,,
671732,2023,22,-0.54,,,,
671732,2024,23,2.95,,740000,,
671732,2025,24,1.47,,2928571,,
671732,2026,25,-1.16,,3428572,,
671737,2023,22,,-0.35,,23.0,21.0
671737,2024,23,,1.7,743300,25.0,25.0
671737,2025,24,,-0.54,,27.0,27.0
671737,2026,25,,2.73,,20.0,20.0
671739,2022,21,5.06,,700000,,
671739,2023,22,3.54,,5000000,,
671739,2024,23,3.19,,5000000,,
671739,2025,24,2.32,,8000000,,
671739,2026,25,3.72,,8000000,,
671790,2019,22,-0.07,-0.03,,5.0,3.0
671790,2020,23,,-0.37,,2.0,2.0
671790,2021,24,,0.16,,3.0,0.0
671790,2022,25,0.0,0.21,,8.0,0.0
671922,2024,25,,2.39,740000,74.0,0.0
671922,2025,26,,0.83,,76.0,0.0
671922,2026,27,0.0,1.23,,45.0,0.0
671936,2026,25,,0.05,,22.0,1.0
671976,2025,25,-0.4,,,,
671976,2026,26,2.73,,,,
672012,2024,23,-0.07,,740000,,
672012,2025,24,0.04,,,,
672012,2026,25,0.14,,,,
672016,2025,25,0.87,,,,
672016,2026,26,-0.38,,,,
672021,2026,26,,-0.21,,4.0,0.0
672275,2023,24,0.84,,,,
672275,2024,25,1.73,,747500,,
672275,2025,26,1.11,,,,
672275,2026,27,0.52,,,,
672279,2022,22,-0.34,,,,
672279,2023,23,-0.28,,,,
672279,2024,24,0.82,,741650,,
672279,2025,25,-0.11,,,,
672279,2026,26,-0.03,,,,
672282,2021,21,0.04,-0.23,,5.0,5.0
672282,2022,22,,2.41,,25.0,25.0
672282,2023,23,,2.15,740000,28.0,28.0
672282,2024,24,,-1.09,770000,17.0,17.0
672282,2025,25,,1.08,1825000,61.0,0.0
672282,2026,26,,1.68,2625000,21.0,21.0
672284,2021,21,-1.59,,,,
672284,2022,22,-0.29,,,,
672284,2023,23,2.12,,729400,,
672284,2024,24,0.44,,760000,,
672284,2025,25,-0.43,,2300000,,
672284,2026,26,-0.31,,,,
672335,2018,22,0.0,0.07,,8.0,0.0
672335,2019,23,0.0,-0.49,,5.0,0.0
672335,2020,24,,0.14,,7.0,0.0
672335,2021,25,-0.03,-0.47,,25.0,0.0
672335,2022,26,0.0,2.62,,66.0,0.0
672335,2023,27,0.0,-0.31,732400,65.0,0.0
672335,2024,28,,-0.07,1200000,62.0,0.0
672335,2025,29,0.0,-0.58,2200000,19.0,0.0
672335,2026,30,,0.0,,35.0,2.0
672356,2022,22,0.05,,,,
672356,2023,23,-0.2,,720100,,
672356,2024,24,-0.38,,744100,,
672356,2025,25,1.13,,,,
672356,2026,26,0.69,,,,
672359,2025,25,-0.28,,,,
672386,2020,21,0.23,,,,
672386,2021,22,0.87,,,,
672386,2022,23,4.0,,,,
672386,2023,24,1.9,,767300,,
672386,2024,25,1.91,,2800000,,
672386,2025,26,2.26,,4600000,,
672386,2026,27,0.09,,8700000,,
672391,2021,29,,0.01,,1.0,0.0
672391,2022,30,,-0.42,,25.0,0.0
672391,2023,31,,-0.34,722000,21.0,2.0
672391,2024,32,,0.56,740000,22.0,0.0
672391,2025,33,0.0,-0.16,,49.0,0.0
672442,2026,26,,0.17,,3.0,0.0
672456,2024,23,,0.23,740000,19.0,16.0
672456,2025,24,,0.58,,20.0,12.0
672456,2026,25,,2.79,,23.0,17.0
672478,2022,21,0.16,,,,
672478,2023,22,-1.21,,,,
672515,2022,22,0.66,,,,
672515,2023,23,4.27,,722500,,
672515,2024,24,2.55,,760100,,
672515,2025,25,1.63,,,,
672515,2026,26,3.52,,2550000,,
672552,2024,24,,0.07,740000,4.0,0.0
672569,2024,26,-0.09,,,,
672569,2025,27,-0.3,,,,
672578,2020,23,,0.02,,5.0,3.0
672578,2021,24,-0.05,1.71,,24.0,11.0
672578,2022,25,0.0,-1.26,,27.0,7.0
672578,2023,26,0.0,-0.17,730250,67.0,4.0
672578,2024,27,,0.17,1012500,27.0,0.0
672578,2025,28,,-0.41000000000000003,,41.0,0.0
672580,2022,22,-0.07,,,,
672580,2023,23,1.05,,,,
672580,2024,24,1.41,,751250,,
672580,2025,25,5.79,,,,
672580,2026,26,1.76,,4200000,,
672582,2021,21,,0.13,,1.0,1.0
672582,2022,22,,0.45,,3.0,2.0
672582,2023,23,,0.18,,15.0,3.0
672582,2024,24,,0.48,748250,60.0,0.0
672582,2025,25,,0.27,,69.0,2.0
672582,2026,26,,-0.71,1095000,12.0,0.0
672613,2026,26,-0.13,,,,
672629,2026,27,,0.08,,2.0,0.0
672640,2021,22,-0.03,,,,
672640,2022,23,0.25,,,,
672640,2024,25,2.81,,740000,,
672640,2025,26,3.62,,,,
672640,2026,27,5.28,,,,
672642,2024,25,0.3,,,,
672642,2025,26,0.24,,,,
672642,2026,27,-0.11,,,,
672695,2021,21,0.33,,,,
672695,2022,22,0.6,,,,
672695,2023,23,2.04,,738600,,
672695,2024,24,3.45,,786000,,
672695,2025,25,7.07,,2550000,,
672695,2026,26,3.2,,6250000,,
672701,2021,21,-0.24,,,,
672701,2024,24,0.1,,,,
672710,2021,21,0.0,0.21,,1.0,1.0
672710,2022,22,,1.19,,21.0,18.0
672710,2023,23,,-0.5,725000,19.0,11.0
672710,2024,24,,0.42000000000000004,755000,49.0,3.0
672710,2025,25,,0.07,,5.0,0.0
672715,2020,20,,-0.06,,11.0,1.0
672715,2021,21,,0.23,,19.0,15.0
672715,2022,22,,-0.7,,6.0,6.0
672715,2023,23,,0.12,,9.0,1.0
672724,2022,22,0.46,,,,
672724,2023,23,-0.46,,,,
672724,2024,24,0.06,,766600,,
672724,2025,25,-0.62,-0.25,,2.0,0.0
672724,2026,26,1.59,,,,
672730,2023,23,,-0.02,,9.0,0.0
672744,2023,23,-0.04,,,,
672744,2024,24,0.29,,740000,,
672744,2025,25,0.42,,,,
672761,2024,24,0.59,,740000,,
672761,2025,25,0.81,,,,
672761,2026,26,-0.72,,,,
672773,2019,19,-0.01,0.07,555000,25.0,0.0
672779,2021,21,-0.09,,,,
672779,2022,22,-0.7,,,,
672779,2023,23,-0.29,,,,
672782,2023,23,,0.07,,1.0,0.0
672782,2024,24,,0.09,740000,5.0,0.0
672782,2025,25,,0.020000000000000018,,21.0,9.0
672782,2026,26,,1.05,,43.0,0.0
672820,2022,22,-0.48,,,,
672820,2023,23,-0.73,,,,
672820,2024,24,-0.48,,740000,,
672820,2025,25,0.72,,,,
672820,2026,26,-0.8300000000000001,,,,
672832,2022,22,-0.15,,,,
672839,2022,22,,-0.12,,3.0,0.0
672841,2023,23,,0.0,,5.0,0.0
672841,2025,25,,-0.01,,70.0,0.0
672851,2021,22,-0.02,0.12,,1.0,1.0
672851,2022,23,,-1.2,,14.0,14.0
672851,2023,24,,-0.33,,12.0,10.0
672851,2024,25,,-0.14,740000,8.0,1.0
672860,2023,23,,0.12,,2.0,0.0
672860,2024,24,,0.45,740000,17.0,0.0
672911,2020,25,,-0.14,,1.0,0.0
672911,2022,27,,-0.07,,7.0,0.0
672960,2026,30,1.46,,,,
673111,2023,24,,0.02,,1.0,0.0
673237,2022,23,-0.06,,,,
673237,2023,24,3.18,,720300,,
673237,2024,25,3.11,,768900,,
673237,2025,26,2.74,,,,
673237,2026,27,-0.25,,4500000,,
673258,2019,23,0.0,0.65,,24.0,1.0
673258,2020,24,,-0.1,,3.0,1.0
673258,2022,26,,0.05,,2.0,0.0
673316,2022,30,,-0.14,,3.0,0.0
673357,2020,22,1.89,,5833333,,
673357,2021,23,3.68,,3500000,,
673357,2022,24,2.24,,6000000,,
673357,2023,25,5.26,,9500000,,
673357,2024,26,1.32,,12500000,,
673357,2025,27,1.36,,15000000,,
673357,2026,28,0.16,,20000000,,
673380,2024,28,,0.8,740000,25.0,0.0
673380,2025,29,,0.02,,10.0,0.0
673451,2020,32,0.66,,,,
673451,2021,33,-0.94,,7000000,,
673490,2021,25,2.06,,,,
673490,2022,26,4.99,,6000000,,
673490,2023,27,5.44,,7000000,,
673490,2024,28,2.58,,8000000,,
673490,2025,29,0.27,,13000000,,
673490,2026,30,-0.9,,20000000,,
673513,2024,28,,0.79,3250000,64.0,0.0
673513,2025,29,,0.53,5500000,61.0,0.0
673513,2026,30,,1.0,5750000,30.0,0.0
673540,2023,30,,4.47,15000000,29.0,29.0
673540,2024,31,,0.09,15000000,1.0,1.0
673540,2025,32,,2.33,15000000,22.0,22.0
673540,2026,33,,-1.4,15000000,12.0,7.0
673548,2022,27,1.8,,8000000,,
673548,2023,28,3.17,,18000000,,
673548,2024,29,3.53,,21000000,,
673548,2025,30,2.58,,19000000,,
673548,2026,31,3.01,,19000000,,
673633,2018,34,-0.01,1.24,3000000,75.0,0.0
673633,2019,35,0.0,-0.36,3000000,62.0,0.0
673633,2020,36,,-0.25,1600000,13.0,0.0
673820,2025,26,,-0.14,,2.0,0.0
673858,2023,26,,-0.05,,1.0,0.0
673904,2022,26,,-0.23,,3.0,0.0
673929,2024,25,,-0.37,740000,33.0,0.0
673929,2025,26,0.0,0.74,,68.0,1.0
673929,2026,27,,-0.31,,18.0,1.0
673962,2022,24,0.04,,,,
673962,2023,25,2.61,,721485,,
673962,2024,26,0.72,,756000,,
673962,2025,27,1.35,,,,
673962,2026,28,1.73,,2900000,,
673965,2025,27,,-0.02,,5.0,0.0
673995,2024,27,-0.07,,740000,,
673995,2026,29,-0.11,,,,
674003,2023,25,,-0.05,,20.0,8.0
674003,2024,26,,0.87,748500,14.0,13.0
674072,2022,24,,-0.14,,9.0,9.0
674072,2023,25,,1.09,,17.0,16.0
674072,2024,26,,-0.76,760500,9.0,7.0
674072,2025,27,,0.06,,2.0,0.0
674285,2023,25,,-0.13,,8.0,0.0
674285,2024,26,,0.51,,26.0,0.0
674285,2025,27,,-0.8,,30.0,0.0
674370,2023,27,,-0.24,,16.0,9.0
674370,2024,28,,1.61,750000,16.0,9.0
674370,2025,29,,-0.42,,26.0,10.0
674370,2026,30,,-0.16,,11.0,0.0
674384,2025,26,,-0.19,,10.0,0.0
674441,2024,26,-0.13,,740000,,
674441,2025,27,-0.14,,,,
674444,2023,24,,0.03,,10.0,4.0
674444,2024,25,,0.23,740000,5.0,0.0
674444,2025,26,0.0,0.35,,47.0,0.0
674444,2026,27,,0.04,,35.0,2.0
674681,2022,25,,0.16,,2.0,0.0
674681,2023,26,,-0.37,,1.0,1.0
674841,2025,26,,0.65,,5.0,5.0
674841,2026,27,,0.81,,15.0,7.0
674944,2021,25,0.0,-0.69,,14.0,0.0
674944,2024,28,,0.97,,17.0,0.0
674944,2025,29,,-0.12,,9.0,1.0
675448,2026,27,0.04,,,,
675512,2025,24,,0.96,,16.0,4.0
675512,2026,25,,2.62,,10.0,10.0
675540,2022,23,,-0.25,,2.0,2.0
675540,2023,24,,0.67,720100,41.0,9.0
675540,2024,25,,0.12999999999999995,744400,16.0,5.0
675540,2025,26,,-0.31,,3.0,0.0
675540,2026,27,,0.1,,4.0,0.0
675627,2022,25,,-0.54,,7.0,6.0
675627,2023,26,,-0.78,722500,18.0,12.0
675627,2024,27,,-0.57,760000,39.0,2.0
675627,2026,29,,0.18,,1.0,0.0
675649,2021,25,-0.05,,,,
675650,2024,25,,-0.69,,5.0,2.0
675650,2025,26,,-0.17,,3.0,0.0
675656,2021,24,-0.32,,,,
675656,2022,25,0.37,,,,
675656,2023,26,-0.32,,,,
675656,2024,27,-0.01,,,,
675659,2024,26,0.07,,740000,,
675659,2025,27,0.0,,,,
675659,2026,28,-0.74,,,,
675660,2026,27,,0.91,,21.0,11.0
675848,2025,24,0.0,0.58,,55.0,0.0
675848,2026,25,,-0.08,,42.0,1.0
675911,2021,22,-0.02,0.02,,2.0,0.0
675911,2022,23,,3.81,,31.0,20.0
675911,2023,24,,2.98,1000000,32.0,32.0
675911,2024,25,,-0.09,1000000,2.0,2.0
675911,2025,26,,0.93,4000000,23.0,23.0
675911,2026,27,,-0.07,20000000,8.0,8.0
675912,2021,25,,-0.25,,10.0,6.0
675912,2022,26,,-0.22,,1.0,0.0
675915,2024,27,-0.03,,,,
675915,2025,28,0.01,,,,
675916,2019,23,0.0,0.13,,5.0,0.0
675916,2020,24,,0.55,,27.0,0.0
675916,2021,25,0.0,0.9,,60.0,0.0
675916,2022,26,,1.24,,38.0,0.0
675916,2023,27,,0.2,1500000,44.0,0.0
675916,2026,30,,0.29,,9.0,0.0
675919,2025,29,,0.09,,2.0,0.0
675919,2026,30,,-0.05,,4.0,0.0
675921,2020,23,,0.13,,6.0,6.0
675921,2021,24,0.15,-1.18,,19.0,15.0
675921,2022,25,,-1.08,,10.0,8.0
675921,2023,26,,-0.12,,3.0,0.0
675921,2024,27,0.0,-0.58,,9.0,3.0
675961,2023,24,-0.25,,,,
675961,2024,25,-0.13,,745000,,
675961,2026,27,0.57,,,,
675971,2021,24,0.0,0.04,,1.0,0.0
675986,2022,23,-0.06,,,,
675986,2023,24,-0.18,,725000,,
675989,2023,25,,-0.17,,16.0,0.0
675989,2024,26,,-0.11,741100,17.0,0.0
675989,2025,27,,-0.1,,1.0,0.0
675989,2026,28,,-0.01,,8.0,3.0
676044,2025,26,-0.15,,,,
676050,2021,25,-0.01,-0.22,,7.0,5.0
676050,2022,26,,-0.06,,26.0,3.0
676050,2023,27,,0.19,728750,4.0,0.0
676051,2020,23,,0.8,,21.0,0.0
676051,2021,24,0.0,0.5700000000000001,,65.0,0.0
676051,2025,28,,-0.05,,3.0,0.0
676051,2026,29,,0.02,,8.0,0.0
676059,2023,24,1.24,,,,
676059,2024,25,2.25,,745800,,
676059,2025,26,1.6,,,,
676070,2023,24,-0.02,,,,
676070,2024,25,-0.06,,740000,,
676070,2025,26,-1.02,0.03,,1.0,0.0
676083,2021,25,,0.0,,4.0,4.0
676083,2022,26,,-0.12,,3.0,2.0
676083,2023,27,,-0.06,,2.0,1.0
676083,2024,28,,-0.1,740000,6.0,0.0
676083,2025,29,,0.98,,21.0,16.0
676083,2026,30,,0.08,,14.0,14.0
676092,2022,26,0.0,-0.58,,42.0,0.0
676092,2023,27,,-0.03,,20.0,1.0
676092,2024,28,,0.96,747300,42.0,0.0
676092,2025,29,,-0.65,,24.0,0.0
676103,2021,26,0.0,0.01,,1.0,0.0
676103,2022,27,,-0.16,,4.0,0.0
676105,2024,25,0.0,0.61,,13.0,0.0
676105,2026,27,,0.06,,3.0,0.0
676106,2023,24,,0.11,,3.0,3.0
676106,2024,25,,-0.55,741300,12.0,12.0
676106,2025,26,0.0,-0.13,,22.0,16.0
676106,2026,27,,2.37,,19.0,19.0
676113,2024,25,-0.11,,740000,,
676116,2023,27,2.18,,,,
676116,2024,28,-0.56,,745000,,
676116,2025,29,-0.22,,,,
676130,2022,24,,-0.29,,1.0,1.0
676130,2023,25,,0.79,,9.0,7.0
676130,2024,26,,2.22,740000,30.0,7.0
676130,2025,27,,0.53,,55.0,0.0
676130,2026,28,,-0.23,,3.0,0.0
676194,2022,26,,-0.19,,4.0,4.0
676206,2022,23,,0.03,,1.0,0.0
676206,2023,24,,0.17,,5.0,1.0
676206,2025,26,,0.18,,5.0,0.0
676220,2020,24,0.0,-0.01,,12.0,0.0
676220,2021,25,-0.02,-0.03,,11.0,0.0
676254,2023,27,,0.93,,49.0,13.0
676254,2024,28,,2.79,747500,76.0,1.0
676254,2025,29,0.0,0.12,,68.0,0.0
676254,2026,30,,-0.87,,27.0,0.0
676263,2025,26,,1.28,,67.0,5.0
676263,2026,27,0.0,0.54,,42.0,1.0
676265,2021,25,0.03,-0.41,,7.0,1.0
676265,2022,26,,-0.01,,16.0,9.0
676265,2023,27,,-0.46,,22.0,0.0
676272,2023,24,,1.96,,22.0,22.0
676272,2024,25,,-1.87,750000,13.0,13.0
676272,2025,26,,-0.33,,2.0,1.0
676282,2024,24,,-0.11,,9.0,8.0
676282,2025,25,,1.34,,34.0,13.0
676282,2026,26,,1.11,,22.0,22.0
676356,2023,24,0.3,,,,
676356,2024,25,0.57,,742400,,
676356,2025,26,0.59,,,,
676356,2026,27,0.77,,,,
676369,2022,23,-0.63,,,,
676369,2023,24,1.1600000000000001,,,,
676369,2024,25,-0.45,,747000,,
676369,2026,27,0.01,,,,
676391,2021,25,-0.06,,,,
676391,2022,26,-0.69,-0.14,,2.0,0.0
676391,2023,27,0.88,-0.03,,1.0,0.0
676391,2024,28,3.31,-0.03,757700,1.0,0.0
676391,2025,29,4.25,,1970000,,
676391,2026,30,1.69,,4600000,,
676395,2023,27,,0.4,,25.0,0.0
676395,2024,28,,-0.12,742800,72.0,0.0
676395,2025,29,0.0,0.47,,71.0,0.0
676395,2026,30,,-0.07,,9.0,0.0
676424,2021,25,-0.01,-0.58,,4.0,1.0
676428,2024,25,,1.33,,10.0,1.0
676428,2025,26,,0.65,,43.0,4.0
676428,2026,27,,0.63,,21.0,0.0
676439,2024,27,0.06,,,,
676439,2025,28,-0.47,,,,
676439,2026,29,0.55,,,,
676440,2023,24,,3.87,,25.0,25.0
676440,2024,25,,2.64,745700,31.0,31.0
676440,2025,26,,1.03,3400000,31.0,31.0
676440,2026,27,,1.9,4400000,22.0,22.0
676466,2025,26,-0.19,,,,
676467,2025,26,,-0.38,,20.0,14.0
676467,2026,27,,-0.55,,4.0,1.0
676475,2022,23,-0.02,,,,
676475,2023,24,-0.69,-0.13,721450,2.0,0.0
676475,2024,25,1.38,,750050,,
676475,2025,26,1.88,0.03,,1.0,0.0
676475,2026,27,1.75,,3300000,,
676477,2021,25,0.05,2.83,,46.0,0.0
676477,2022,26,,1.83,720000,31.0,9.0
676477,2023,27,0.0,0.29,1250000,22.0,10.0
676477,2024,28,,0.78,3500000,4.0,4.0
676477,2025,29,0.0,2.27,5500000,62.0,0.0
676477,2026,30,0.0,1.28,7500000,40.0,0.0
676480,2020,22,-0.67,,,,
676480,2021,23,0.06,,,,
676480,2022,24,-1.56,,,,
676480,2023,25,-0.53,,730000,,
676480,2025,27,-0.12,,,,
676508,2024,25,,0.16,,3.0,0.0
676508,2025,26,,-0.27,,46.0,3.0
676508,2026,27,,-0.22,,5.0,0.0
676510,2025,27,,-0.1,,1.0,0.0
676510,2026,28,,0.09,,3.0,0.0
676534,2022,26,,-0.35,,22.0,0.0
676534,2023,27,,-0.46,721500,17.0,4.0
676534,2024,28,,0.88,745500,53.0,0.0
676534,2025,29,,0.76,,65.0,0.0
676534,2026,30,,-0.44,1800000,45.0,0.0
676551,2022,26,-0.1,,,,
676551,2024,28,-0.16,,,,
676551,2025,29,0.13,,,,
676551,2026,30,0.2,,,,
676566,2026,26,0.05,,,,
676568,2024,25,,-0.009999999999999995,900000,4.0,0.0
676568,2026,27,0.0,-0.55,,5.0,0.0
676571,2025,28,0.0,0.43,,28.0,0.0
676571,2026,29,,1.16,,35.0,11.0
676572,2024,26,0.43,,,,
676572,2025,27,-0.33,,,,
676572,2026,28,-0.38,,,,
676596,2020,24,,0.78,,7.0,5.0
676596,2021,25,-0.01,-0.55,,26.0,11.0
676596,2022,26,,-1.44,,10.0,3.0
676596,2023,27,,0.03,727000,12.0,3.0
676596,2024,28,,0.0,850000,25.0,3.0
676596,2026,30,,-0.15,,1.0,0.0
676604,2020,25,,0.18,,23.0,0.0
676604,2021,26,-0.01,-0.32,,31.0,0.0
676604,2024,29,,0.07,,2.0,0.0
676604,2025,30,,-0.66,,10.0,0.0
676604,2026,31,,-0.32,,19.0,0.0
676606,2019,23,0.12,-0.86,,17.0,12.0
676606,2020,24,,0.27,,10.0,7.0
676606,2021,25,,-0.68,,5.0,3.0
676609,2023,26,2.47,,,,
676609,2024,27,1.61,,751700,,
676609,2025,28,2.87,-0.17,,1.0,0.0
676609,2026,29,1.37,,2000000,,
676614,2024,29,,0.44,,6.0,0.0
676617,2021,26,,-0.1,,1.0,1.0
676617,2022,27,,0.03,,1.0,0.0
676617,2024,29,,-0.44,740450,8.0,0.0
676617,2025,30,,1.52,,42.0,0.0
676617,2026,31,,0.48,,42.0,0.0
676625,2022,26,-0.17,,,,
676625,2023,27,-0.16,,,,
676628,2022,27,-0.12,,,,
676632,2022,26,-0.98,,,,
676632,2023,27,-0.31,-0.02,,1.0,0.0
676632,2024,28,0.21,,,,
676637,2022,27,,0.18,,8.0,0.0
676641,2022,28,,-0.03,,10.0,0.0
676646,2021,27,-0.09,,,,
676646,2022,28,-0.5,,,,
676660,2022,25,,-0.32,,9.0,0.0
676661,2024,25,,0.08,,11.0,0.0
676661,2025,26,,0.3,,36.0,0.0
676661,2026,27,,0.03,,6.0,0.0
676664,2022,26,,0.79,,17.0,11.0
676664,2023,27,,2.9,720000,32.0,32.0
676664,2024,28,,2.25,745000,32.0,32.0
676664,2025,29,,1.0099999999999998,,27.0,27.0
676664,2026,30,,0.31,2750000,6.0,5.0
676679,2024,24,-0.2,,740000,,
676679,2025,25,-0.46,0.15,,4.0,0.0
676680,2023,27,,1.51,,54.0,0.0
676680,2024,28,,-0.88,750500,18.0,0.0
676680,2025,29,,0.06,,2.0,0.0
676680,2026,30,,0.28,,6.0,0.0
676684,2021,26,0.0,-0.66,,32.0,0.0
676684,2022,27,,0.2,,59.0,2.0
676684,2023,28,0.0,0.96,,48.0,4.0
676684,2024,29,,1.56,760700,69.0,0.0
676684,2025,30,,1.64,1400000,64.0,0.0
676684,2026,31,0.0,-0.85,3950000,27.0,0.0
676689,2023,25,,0.35,,1.0,0.0
676694,2021,25,1.13,,,,
676694,2022,26,0.64,,,,
676694,2023,27,1.45,,732000,,
676694,2024,28,1.53,,767300,,
676694,2025,29,2.49,,2300000,,
676694,2026,30,0.0,0.03,3550000,1.0,0.0
676701,2021,25,0.0,,,,
676701,2022,26,0.19,,,,
676701,2023,27,0.08,-0.07,722000,2.0,0.0
676701,2024,28,-0.77,,745000,,
676701,2025,29,-0.44,0.04,,1.0,0.0
676702,2023,26,,0.36,,8.0,0.0
676702,2024,27,,0.61,800000,36.0,0.0
676702,2025,28,,0.010000000000000009,,15.0,0.0
676702,2026,29,,0.0,,3.0,0.0
676709,2021,24,0.0,0.05,,5.0,0.0
676710,2021,25,,-0.26,,1.0,1.0
676710,2022,26,,0.13,,21.0,12.0
676710,2023,27,0.0,2.54,730000,31.0,23.0
676710,2024,28,,1.53,760000,33.0,33.0
676714,2022,26,0.0,1.43,,57.0,0.0
676714,2023,27,,-0.41,728000,17.0,0.0
676714,2024,28,,-0.39,740000,15.0,2.0
676720,2022,24,,-0.46,,4.0,2.0
676724,2022,26,0.07,,,,
676724,2023,27,-0.1,,,,
676724,2025,29,0.05,0.01,1150000,1.0,0.0
676724,2026,30,0.8,,,,
676742,2025,28,,-0.15,,6.0,0.0
676742,2026,29,,0.060000000000000026,,11.0,0.0
676755,2021,25,,0.0,,4.0,0.0
676755,2024,28,,0.01,,3.0,0.0
676755,2025,29,,1.53,,44.0,0.0
676755,2026,30,,0.09,,35.0,0.0
676760,2022,26,,1.21,,40.0,0.0
676760,2023,27,,0.38,739900,45.0,0.0
676760,2024,28,,0.15,740000,16.0,0.0
676760,2025,29,,0.33,,7.0,0.0
676760,2026,30,,0.019999999999999997,,35.0,0.0
676761,2023,28,-0.4,,,,
676766,2021,25,,0.0,,4.0,0.0
676766,2022,26,,-0.11,,2.0,0.0
676775,2023,25,,0.31,,9.0,5.0
676775,2024,26,,-1.08,743750,12.0,12.0
676775,2025,27,,0.04,,7.0,0.0
676775,2026,28,0.0,0.34,,35.0,0.0
676782,2022,27,-0.04,,,,
676801,2021,26,2.35,,,,
676801,2022,27,1.67,,,,
676801,2023,28,3.41,,752500,,
676801,2024,29,-0.66,,2850000,,
676801,2025,30,-0.96,-0.01,3400000,3.0,0.0
676812,2025,27,-0.6,,,,
676831,2020,25,,0.07,,4.0,0.0
676831,2021,26,0.0,0.41,,25.0,0.0
676831,2022,27,,-0.15,,14.0,0.0
676840,2021,27,0.2,0.18,,35.0,8.0
676840,2022,28,,-0.009999999999999998,,9.0,0.0
676879,2021,23,0.03,-0.33,,13.0,4.0
676879,2022,24,,-0.48,704500,27.0,19.0
676879,2024,26,,0.2,1450000,14.0,2.0
676879,2025,27,,1.94,3450000,43.0,1.0
676879,2026,28,,0.81,5700000,49.0,1.0
676882,2023,27,-0.04,,,,
676886,2020,24,,0.01,,1.0,0.0
676886,2021,25,,-0.19,,8.0,0.0
676886,2022,26,,-0.03,,9.0,0.0
676896,2024,27,-0.03,,740000,,
676900,2021,25,-0.11,,,,
676910,2026,31,,-0.45,,1.0,0.0
676914,2023,24,1.82,,,,
676914,2024,25,-0.14,,744900,,
676914,2025,26,1.3,,,,
676914,2026,27,-0.5,,,,
676917,2022,23,,-0.3,,1.0,1.0
676917,2025,26,0.0,0.27,,10.0,10.0
676917,2026,27,,1.67,862500,22.0,22.0
676946,2022,27,-0.11,0.01,,2.0,0.0
676946,2023,28,0.34,,,,
676946,2024,29,0.05,,740000,,
676950,2022,27,-0.41000000000000003,,,,
676961,2023,29,,0.1,,1.0,0.0
676961,2024,30,,0.03,740000,2.0,0.0
676961,2025,31,,-0.97,,25.0,1.0
676962,2024,24,,0.88,740000,15.0,8.0
676962,2025,25,,-1.54,,25.0,15.0
676962,2026,26,,2.21,,20.0,8.0
676969,2021,23,0.0,-1.6400000000000001,,47.0,0.0
676969,2024,26,,-0.24,740000,13.0,0.0
676969,2025,27,,0.02,,1.0,0.0
676974,2022,23,,-0.11,,2.0,2.0
676974,2024,25,,-0.16,743000,11.0,11.0
676974,2025,26,,-0.06,,12.0,12.0
676974,2026,27,,2.98,980000,20.0,20.0
676979,2020,21,,0.27,,5.0,0.0
676979,2021,22,0.0,1.28,,54.0,0.0
676979,2023,24,,0.21,,13.0,0.0
676979,2024,25,,4.05,800000,32.0,32.0
676979,2025,26,,6.01,3800000,32.0,32.0
676979,2026,27,,-0.59,24666667,6.0,6.0
677008,2023,24,0.04,,,,
677008,2024,25,0.38,,740000,,
677008,2025,26,-1.55,,,,
677020,2023,28,,-0.54,,14.0,0.0
677020,2024,29,,-0.01,740000,10.0,0.0
677020,2025,30,,-0.1,760000,3.0,0.0
677020,2026,31,,0.11,,6.0,0.0
677053,2022,23,0.0,-0.74,,13.0,0.0
677053,2023,24,0.0,2.31,723000,63.0,0.0
677053,2024,25,,0.0,754000,59.0,0.0
677053,2026,27,,-0.12,800000,25.0,0.0
677060,2025,26,-0.2,,,,
677060,2026,27,-0.31,,,,
677076,2023,26,,-0.8,,4.0,0.0
677076,2024,27,,-0.08,740000,1.0,0.0
677161,2022,27,,0.17,,13.0,0.0
677161,2023,28,,0.15,723500,8.0,0.0
677161,2024,29,,0.43,740000,49.0,3.0
677161,2025,30,,-0.26,,28.0,0.0
677161,2026,31,,-0.03,,17.0,0.0
677223,2022,27,-0.03,,,,
677347,2023,21,0.02,,,,
677347,2024,22,-0.33,,740000,,
677347,2025,23,0.77,,,,
677551,2021,20,3.45,,,,
677551,2022,21,2.44,,1454545,,
677551,2023,22,5.36,,2454546,,
677587,2023,22,0.03,,,,
677587,2024,23,1.94,,740200,,
677587,2025,24,-0.23,,,,
677587,2026,25,2.56,,,,
677588,2023,22,-0.25,,,,
677588,2024,23,0.15000000000000002,,740000,,
677588,2025,24,0.25,,,,
677588,2026,25,-0.28,,,,
677592,2023,22,-0.61,,,,
677592,2025,24,-0.3,,,,
677592,2026,25,-0.11,,,,
677594,2022,21,6.24,,700000,,
677594,2023,22,5.51,,6185715,,
677594,2024,23,4.22,,12185714,,
677594,2025,24,6.64,,20185714,,
677594,2026,25,2.46,,20185714,,
677595,2023,22,0.16,,,,
677595,2025,24,0.67,,,,
677595,2026,25,-0.56,,,,
677649,2022,23,0.22,,,,
677649,2023,24,1.11,,724170,,
677649,2024,25,0.16,,754500,,
677649,2025,26,0.16,0.09,,4.0,0.0
677649,2026,27,2.72,,1375000,,
677651,2020,23,,0.33,,5.0,1.0
677651,2021,24,-0.05,2.58,,30.0,28.0
677651,2022,25,,1.23,,28.0,28.0
677651,2023,26,,0.52,763200,6.0,6.0
677651,2025,28,,0.15,1875000,2.0,2.0
677800,2023,24,0.67,,,,
677800,2024,25,3.59,,749500,,
677800,2025,26,3.38,,,,
677800,2026,27,3.89,,,,
677865,2021,24,0.03,0.33,,21.0,2.0
677865,2022,25,0.0,0.02,,24.0,0.0
677865,2023,26,,-0.18999999999999997,,27.0,0.0
677865,2024,27,,-0.28,,7.0,0.0
677865,2025,28,,-0.22,,15.0,0.0
677865,2026,29,,0.07,,45.0,0.0
677870,2024,23,0.88,,,,
677870,2025,24,-0.33,,,,
677870,2026,25,-0.42,,,,
677941,2023,23,-0.71,,,,
677941,2024,24,-0.17,,740000,,
677941,2025,25,-0.11,,,,
677942,2024,25,0.02,,740000,,
677942,2025,26,1.67,,,,
677942,2026,27,1.43,,,,
677943,2025,25,-0.15,,,,
677944,2023,24,,0.32,,7.0,4.0
677944,2024,25,,-1.13,740000,20.0,13.0
677944,2025,26,,0.73,,23.0,23.0
677944,2026,27,,0.42,,20.0,20.0
677950,2022,22,1.41,,,,
677950,2023,23,1.03,,735200,,
677950,2024,24,-0.04,,769500,,
677950,2025,25,0.18,,,,
677950,2026,26,-0.04,,1962500,,
677951,2022,22,0.92,,,,
677951,2023,23,4.29,,745750,,
677951,2024,24,9.62,,3111111,,
677951,2025,25,7.13,,8111111,,
677951,2026,26,4.93,,14111111,,
677952,2025,25,,1.99,,26.0,8.0
677952,2026,26,,1.81,,21.0,21.0
677954,2022,22,-0.13,,,,
677955,2024,24,,0.01,,9.0,0.0
677955,2025,25,,0.48,,28.0,0.0
677955,2026,26,,0.24,,32.0,0.0
677956,2024,23,0.7,,,,
677956,2025,24,-0.38,,,,
677956,2026,25,-0.4,,,,
677958,2024,24,,-0.01,,3.0,3.0
677958,2025,25,,-1.04,,14.0,14.0
677958,2026,26,,1.02,,20.0,18.0
677960,2021,21,0.14,-0.34,,30.0,18.0
677960,2022,22,,-0.16,,1.0,1.0
677960,2023,23,,-0.8,727600,15.0,12.0
677960,2024,24,,1.85,752600,16.0,16.0
677960,2025,25,,0.48,,8.0,8.0
677960,2026,26,,0.74,1350000,20.0,20.0
677961,2025,25,,-0.28,,1.0,0.0
677961,2026,26,,0.24,,19.0,0.0
677976,2019,24,,0.69,,9.0,5.0
677976,2020,25,,0.42,,10.0,10.0
677976,2021,26,0.0,-1.28,700000,14.0,6.0
677976,2024,29,,0.0,2250000,5.0,0.0
677976,2025,30,,0.12,3000000,1.0,0.0
677976,2026,31,,0.91,,4.0,2.0
678009,2023,23,0.95,,,,
678009,2024,24,2.12,,746900,,
678009,2025,25,0.31,,,,
678009,2026,26,0.15,,,,
678011,2025,26,-0.08,0.03,,1.0,0.0
678011,2026,27,0.63,,,,
678020,2024,24,0.0,0.65,,12.0,0.0
678020,2025,25,0.0,0.18,,42.0,0.0
678020,2026,26,,0.21,,21.0,0.0
678022,2025,25,,0.59,,12.0,4.0
678022,2026,26,0.0,-0.53,,26.0,8.0
678024,2025,25,,2.91,,47.0,3.0
678061,2022,27,,-0.13,,7.0,0.0
678061,2023,28,,0.03,,22.0,0.0
678061,2024,29,,-0.12,740000,10.0,2.0
678215,2025,24,,-0.37,,7.0,0.0
678218,2026,25,1.01,,,,
678225,2022,22,0.49,,,,
678225,2023,23,-0.45,,725000,,
678225,2024,24,-0.38,,755000,,
678225,2025,25,-0.4,,,,
678226,2023,26,,-0.06,,4.0,0.0
678226,2024,27,,0.41,740000,16.0,0.0
678226,2025,28,,0.36,,39.0,0.0
678246,2022,22,-0.36,,,,
678246,2023,23,0.11,,722500,,
678246,2024,24,-0.8,,740000,,
678246,2025,25,1.88,,,,
678246,2026,26,3.17,,,,
678316,2025,26,,0.0,,2.0,0.0
678368,2024,24,,1.38,,13.0,13.0
678368,2025,25,,0.2,,32.0,6.0
678368,2026,26,,-0.32,,3.0,0.0
678391,2025,24,-0.3,,,,
678391,2026,25,0.19,-0.21,,3.0,0.0
678394,2022,23,,0.35,,13.0,11.0
678394,2023,24,,3.14,729500,28.0,28.0
678394,2024,25,,1.18,1166667,30.0,30.0
678394,2025,26,,2.23,2666666,29.0,28.0
678394,2026,27,,-1.04,6166667,14.0,8.0
678489,2024,23,0.0,,740000,,
678489,2025,24,-0.74,,,,
678489,2026,25,0.17,,,,
678495,2024,24,,-0.19,740000,35.0,1.0
678495,2025,25,,1.95,,50.0,0.0
678545,2023,22,0.35,,,,
678554,2023,22,0.53,,,,
678554,2024,23,-0.49,,742300,,
678554,2025,24,-0.20999999999999996,,,,
678554,2026,25,1.98,,,,
678576,2026,25,,-0.17,,2.0,0.0
678577,2026,24,-0.12,,,,
678606,2023,23,,-0.04,,39.0,0.0
678606,2024,24,,0.53,743000,31.0,0.0
678606,2025,25,0.0,0.13,,72.0,0.0
678606,2026,26,,1.0,,48.0,0.0
678662,2022,20,-0.3,,,,
678662,2023,21,2.48,,722000,,
678662,2024,22,3.58,,1714286,,
678662,2025,23,0.59,,4214285,,
678662,2026,24,-0.98,,5214286,,
678692,2022,22,,0.16,,3.0,0.0
678692,2024,24,,0.32,740000,16.0,1.0
678692,2025,25,,2.15,,69.0,0.0
678821,2024,23,,0.84,,15.0,0.0
678821,2025,24,,-0.79,,22.0,0.0
678868,2026,25,,0.21,,4.0,1.0
678877,2024,22,0.95,,,,
678877,2025,23,-1.35,,,,
678882,2023,22,-0.04,,,,
678882,2024,23,3.04,,1250000,,
678882,2025,24,4.91,,1250000,,
678882,2026,25,4.46,,2250000,,
678894,2022,21,0.15,,,,
678894,2023,22,-0.58,,,,
678894,2024,23,-0.05,,740000,,
678894,2025,24,0.12,,,,
678906,2024,25,,-0.27,740000,4.0,0.0
678906,2025,26,,-0.54,,8.0,7.0
678906,2026,27,,0.29,,25.0,10.0
679032,2023,22,2.37,,,,
679032,2024,23,0.57,,745000,,
679032,2025,24,0.47,,,,
679156,2024,26,,0.18,,16.0,1.0
679346,2023,25,,-0.09,,8.0,0.0
679358,2024,26,,-0.19,,2.0,0.0
679358,2025,27,,0.64,,33.0,0.0
679358,2026,28,,-0.35,,36.0,0.0
679525,2023,25,,-0.24,,17.0,8.0
679525,2024,26,,0.62,744750,26.0,25.0
679529,2022,22,-1.41,,,,
679529,2023,23,1.02,,723100,,
679529,2024,24,0.19,,765700,,
679529,2025,25,2.41,,,,
679529,2026,26,-0.39,,4075000,,
679563,2023,22,0.01,,,,
679631,2022,25,0.02,,,,
679631,2023,26,-0.51,,722100,,
679631,2025,28,-0.03,,,,
679775,2025,27,0.0,-0.09,,32.0,0.0
679775,2026,28,,0.03,,19.0,1.0
679822,2024,25,-0.69,,740000,,
679822,2025,26,-0.13,,,,
679822,2026,27,0.59,,,,
679845,2023,24,0.55,,,,
679845,2024,25,0.23,0.03,741900,1.0,0.0
679845,2025,26,-0.39,,,,
679845,2026,27,0.91,,,,
679881,2023,27,-0.15,,,,
679881,2024,28,0.03,,740000,,
679883,2025,23,0.0,0.39,,13.0,0.0
679883,2026,24,,0.27,,20.0,11.0
679885,2023,21,,-0.52,,10.0,0.0
679885,2024,22,0.0,1.92,740000,64.0,0.0
679885,2025,23,0.0,0.1,1900000,17.0,0.0
679922,2025,23,,-0.15,,1.0,0.0
680118,2022,29,0.04,,,,
680118,2023,30,1.24,,,,
680118,2024,31,0.1,,743750,,
680118,2025,32,-0.01,,,,
680232,2023,24,,-0.04,,1.0,1.0
680418,2023,27,-0.09,,,,
680430,2021,25,,0.04,,1.0,0.0
680474,2024,27,0.81,,740000,,
680474,2025,28,0.06,,,,
680474,2026,29,-0.09,0.03,,1.0,0.0
680552,2022,24,-0.17,,,,
680570,2023,23,,0.9,,23.0,23.0
680570,2024,24,,1.62,748300,20.0,20.0
680570,2026,26,,-1.29,,9.0,9.0
680572,2024,23,,0.08,,1.0,0.0
680573,2022,21,,-0.06,,1.0,1.0
680573,2023,22,,-0.11,,1.0,0.0
680573,2024,23,,2.03,740000,28.0,28.0
680573,2025,24,,2.1,,23.0,22.0
680573,2026,25,,-0.8200000000000001,,15.0,10.0
680574,2023,23,3.57,,,,
680574,2025,25,0.07,,,,
680574,2026,26,-0.07,,2300000,,
680577,2024,27,-0.01,,,,
680577,2025,28,-1.2,,,,
680604,2025,26,,-0.07,,1.0,0.0
680604,2026,27,,0.41,,10.0,0.0
680664,2026,26,0.29,,,,
680684,2025,25,,-0.02,,6.0,6.0
680686,2021,23,-0.14,-0.16,,14.0,13.0
680686,2022,24,,0.58,,28.0,28.0
680686,2023,25,,3.04,730000,30.0,30.0
680686,2024,26,,-0.54,757400,2.0,2.0
680689,2023,23,,-0.31,,4.0,4.0
680689,2024,24,,-0.1,740000,1.0,0.0
680689,2025,25,,-0.22,,34.0,0.0
680689,2026,26,,-0.29,,2.0,1.0
680692,2020,23,,-0.29,,2.0,2.0
680692,2021,24,,0.0,,1.0,0.0
680694,2022,25,,0.21,,23.0,23.0
680694,2023,26,,4.79,728100,30.0,30.0
680694,2024,27,,1.05,754500,8.0,8.0
680694,2025,28,,1.16,2350000,6.0,6.0
680694,2026,29,0.0,1.69,3550000,21.0,21.0
680700,2022,25,-0.19,,,,
680700,2023,26,0.55,,,,
680700,2024,27,1.8,,745200,,
680700,2025,28,0.0,,,,
680700,2026,29,0.52,,945000,,
680701,2025,28,,-0.03,,1.0,0.0
680702,2020,23,,0.01,,17.0,0.0
680702,2025,28,,0.09,,2.0,0.0
680702,2026,29,,0.05,,7.0,0.0
680704,2021,24,0.0,0.39,,34.0,0.0
680704,2022,25,,1.03,,46.0,0.0
680704,2023,26,,0.43,726000,61.0,0.0
680704,2024,27,,-0.07,1075000,68.0,1.0
680704,2025,28,0.0,0.32,1630000,19.0,0.0
680704,2026,29,,-0.57,,8.0,0.0
680716,2023,23,-0.03,,,,
680716,2024,24,0.03,,740000,,
680716,2025,25,0.13,,,,
680718,2024,24,0.34,,740000,,
680718,2025,25,1.15,,,,
680718,2026,26,-0.22,,,,
680723,2023,23,,-1.02,,8.0,8.0
680723,2026,26,,0.08,,5.0,0.0
680728,2024,24,0.46,,,,
680728,2025,25,-0.09,,,,
680728,2026,26,-0.61,0.0,,1.0,0.0
680729,2025,25,,-0.16,,10.0,0.0
680730,2024,24,,0.86,740000,29.0,29.0
680730,2025,25,,-1.05,,33.0,30.0
680730,2026,26,,-1.03,,22.0,0.0
680732,2024,24,,0.92,,4.0,3.0
680732,2025,25,,0.95,,28.0,22.0
680732,2026,26,,3.38,,21.0,17.0
680735,2023,26,0.0,0.18,,24.0,3.0
680735,2025,28,,-0.7,,13.0,1.0
680736,2024,23,,-0.32,,8.0,6.0
680736,2025,24,,-0.05,,24.0,2.0
680736,2026,25,,2.9,,17.0,16.0
680737,2024,28,0.07,,,,
680737,2025,29,1.03,,,,
680737,2026,30,-0.24,,,,
680739,2022,25,,-0.02,,15.0,11.0
680739,2023,26,,0.3,725650,19.0,0.0
680739,2024,27,,0.12,751850,4.0,0.0
680742,2023,26,,0.07,,2.0,1.0
680742,2024,27,,-0.2,740000,1.0,1.0
680742,2025,28,,0.15,,34.0,1.0
680742,2026,29,,1.01,,39.0,0.0
680744,2024,24,,-0.06,,6.0,1.0
680744,2026,26,,0.67,,9.0,1.0
680755,2025,24,,1.42,,52.0,1.0
680755,2026,25,,0.34,,50.0,7.0
680757,2022,24,5.67,,,,
680757,2023,25,3.21,,727300,,
680757,2024,26,3.95,,757600,,
680757,2025,27,3.8,,4175000,,
680757,2026,28,2.16,,7725000,,
680767,2023,23,,-0.19,,6.0,0.0
680767,2024,24,0.0,0.89,742000,64.0,0.0
680767,2025,25,0.0,1.78,,52.0,0.0
680767,2026,26,0.0,-0.05,,31.0,0.0
680769,2024,27,-0.22,,,,
680769,2025,28,-0.23,,,,
680776,2021,24,-0.64,,,,
680776,2022,25,-0.21,,,,
680776,2023,26,2.2,,,,
680776,2024,27,8.99,,760000,,
680776,2025,28,4.93,,3750000,,
680776,2026,29,0.5,,7700000,,
680777,2020,23,0.28,,,,
680777,2021,24,0.66,,,,
680777,2022,25,0.86,,,,
680777,2023,26,3.23,,741650,,
680777,2024,27,2.06,,2425000,,
680777,2025,28,1.28,,4550000,,
680777,2026,29,2.17,,6700000,,
680779,2023,23,-1.49,,,,
680779,2024,24,-0.61,,747500,,
680779,2025,25,0.59,,,,
680779,2026,26,0.57,,,,
680802,2026,29,,-0.85,,9.0,2.0
680814,2022,25,-0.35,,,,
680814,2023,26,-0.04,,,,
680837,2025,31,0.22,0.07,,2.0,0.0
680862,2025,28,-0.32,0.07,,2.0,0.0
680869,2023,23,2.51,,,,
680869,2024,24,1.36,,740000,,
680869,2025,25,-0.17,,,,
680869,2026,26,2.09,,,,
680880,2024,24,,0.25,,18.0,0.0
680880,2025,25,,0.15,,22.0,2.0
680885,2024,24,,2.68,740000,21.0,21.0
680885,2025,25,,2.15,,17.0,17.0
680891,2024,24,,-0.17,,6.0,0.0
680897,2024,24,,-0.75,740000,9.0,8.0
680911,2021,24,-0.97,,,,
680911,2022,25,0.34,,,,
680911,2023,26,0.28,,731100,,
680911,2024,27,-0.46,-0.11,740000,1.0,0.0
680911,2025,28,0.03,,,,
680916,2026,26,,0.39,,11.0,0.0
680951,2025,25,,-0.3,,2.0,1.0
680951,2026,26,,0.02,,1.0,0.0
680963,2021,24,-0.03,,,,
680977,2022,25,3.99,,,,
680977,2023,26,1.85,,728600,,
680977,2024,27,2.76,,757200,,
680977,2025,28,2.73,,2850000,,
680977,2026,29,0.54,,5800000,,
680983,2023,23,,-0.01,,2.0,0.0
681006,2025,27,,-1.18,,31.0,0.0
681006,2026,28,,-0.21,,4.0,0.0
681035,2024,25,,0.21,740000,9.0,9.0
681035,2026,27,,1.67,,14.0,14.0
681066,2024,24,,0.12,,4.0,4.0
681082,2022,24,1.21,,,,
681082,2023,25,4.32,,734500,,
681082,2024,26,2.3,,768000,,
681082,2025,27,2.21,,3200000,,
681082,2026,28,0.67,,5900000,,
681084,2026,30,,0.12,,2.0,0.0
681146,2022,26,0.06,,,,
681146,2023,27,-0.48,,,,
681146,2024,28,0.89,,745000,,
681146,2025,29,-0.6699999999999999,-0.25,,4.0,0.0
681151,2025,28,,0.44,,9.0,1.0
681151,2026,29,,-0.45999999999999996,,10.0,0.0
681168,2025,24,0.0,-0.42,,17.0,0.0
681168,2026,25,,-0.21,,8.0,0.0
681190,2023,24,,1.02,,11.0,5.0
681190,2024,25,,0.5,740000,20.0,20.0
681190,2025,26,,2.16,,28.0,26.0
681190,2026,27,-0.03,0.21,,20.0,17.0
681198,2026,26,2.84,,,,
681217,2022,22,,-0.45,,7.0,7.0
681217,2023,23,,0.82,,16.0,8.0
681217,2024,24,,-0.19,750000,2.0,2.0
681217,2025,25,,0.4,,10.0,0.0
681217,2026,26,,1.06,,47.0,0.0
681252,2026,26,,0.35,,6.0,0.0
681293,2024,24,,0.43,740000,29.0,28.0
681293,2025,25,,0.05,,7.0,7.0
681293,2026,26,,0.59,,17.0,17.0
681297,2023,23,-0.65,,,,
681297,2024,24,2.83,,742800,,
681297,2025,25,1.01,,,,
681297,2026,26,1.13,,,,
681343,2025,25,,2.39,,29.0,29.0
681343,2026,26,,-0.54,,3.0,3.0
681347,2024,24,,-0.01,,1.0,0.0
681347,2025,25,,1.49,,23.0,19.0
681347,2026,26,,-1.05,,18.0,17.0
681351,2022,22,-0.07,,,,
681351,2023,23,0.62,,730000,,
681351,2024,24,2.65,,760000,,
681351,2025,25,0.0,,,,
681351,2026,26,-0.64,,2625000,,
681393,2024,24,0.31,,740000,,
681393,2025,25,0.79,,,,
681393,2026,26,-0.15,,,,
681402,2023,26,,-0.36,,16.0,0.0
681402,2024,27,,0.34,740000,26.0,0.0
681402,2026,29,0.0,-0.6,,32.0,0.0
681432,2023,22,0.0,0.32,,7.0,0.0
681432,2024,23,,0.33,740500,30.0,1.0
681432,2025,24,,-0.05,,2.0,0.0
681432,2026,25,,-0.02,,1.0,0.0
681460,2024,23,-0.02,,,,
681460,2025,24,-0.54,,,,
681464,2022,24,,-0.29,,5.0,0.0
681481,2022,24,0.34,,,,
681481,2023,25,2.05,,723700,,
681481,2024,26,2.11,,761000,,
681481,2025,27,1.82,,,,
681481,2026,28,-0.51,,3275000,,
681508,2024,28,-0.19,,,,
681508,2025,29,-0.33,,,,
681508,2026,30,0.1,,,,
681517,2023,26,,-0.26,,3.0,0.0
681517,2024,27,0.0,0.17,740000,33.0,0.0
681517,2025,28,,1.52,,62.0,1.0
681517,2026,29,,1.89,,20.0,20.0
681526,2022,23,-0.07,,,,
681546,2022,25,0.38,,,,
681546,2023,26,3.44,,722500,,
681546,2024,27,-0.48,,770000,,
681546,2025,28,-0.96,,,,
681546,2026,29,-0.73,,,,
681584,2022,25,1.26,,,,
681584,2023,26,-0.38,0.03,723750,1.0,0.0
681584,2024,27,0.02,,740000,,
681584,2025,28,0.01,,,,
681624,2024,23,1.2,,740000,,
681624,2025,24,3.73,,,,
681624,2026,25,4.56,,,,
681676,2024,26,0.0,0.91,740000,62.0,0.0
681676,2025,27,,-1.15,,32.0,0.0
681676,2026,28,,-0.16,,11.0,0.0
681715,2025,25,0.96,,,,
681715,2026,26,1.3,,,,
681751,2025,26,,-0.3,,2.0,0.0
681751,2026,27,,0.05,,4.0,0.0
681799,2022,24,,-0.26,,9.0,0.0
681799,2024,26,,0.22,740000,21.0,0.0
681799,2025,27,,-0.16,,10.0,0.0
681799,2026,28,,-0.03,,23.0,0.0
681806,2021,25,0.0,0.03,,21.0,0.0
681806,2022,26,,0.8,,42.0,1.0
681806,2023,27,,0.44,740000,27.0,3.0
681806,2024,28,,-0.02,740000,1.0,0.0
681806,2026,30,,-0.16,,1.0,0.0
681807,2023,27,0.36,-0.16,,2.0,0.0
681807,2024,28,1.36,,741000,,
681807,2025,29,-0.8,,,,
681807,2026,30,-0.05,,1375000,,
681808,2023,26,,0.02,,1.0,0.0
681810,2021,25,0.0,0.86,,16.0,0.0
681810,2022,26,,-0.11,,14.0,0.0
681810,2023,27,,-0.01,,2.0,0.0
681810,2024,28,,0.25,755000,6.0,0.0
681810,2025,29,,0.38,,5.0,0.0
681810,2026,30,,0.11,,26.0,2.0
681857,2023,23,,1.35,,21.0,18.0
681857,2024,24,,1.44,752300,22.0,22.0
681857,2025,25,,1.68,,13.0,13.0
681867,2021,24,,-0.17,,1.0,1.0
681867,2022,25,,0.12,,1.0,1.0
681867,2023,26,,-0.42,,10.0,0.0
681867,2024,27,,0.55,1000000,26.0,18.0
681867,2025,28,,-0.1,,7.0,1.0
681867,2026,29,,0.4,,26.0,0.0
681869,2023,27,,-0.09,,3.0,1.0
681869,2024,28,,0.0,741600,31.0,2.0
681869,2025,29,,-0.19999999999999998,,30.0,0.0
681870,2024,26,,0.6,,8.0,0.0
681870,2025,27,,0.77,,33.0,0.0
681870,2026,28,,0.41,,38.0,0.0
681871,2024,27,,0.11,,3.0,0.0
681882,2023,25,,-1.0,,21.0,5.0
681882,2024,26,,0.2,740000,5.0,0.0
681882,2025,27,,0.23,,11.0,0.0
681885,2022,25,,0.01,,4.0,1.0
681892,2023,26,,0.83,,11.0,0.0
681892,2024,27,,-0.6,740000,27.0,0.0
681892,2025,28,0.0,0.77,,39.0,0.0
681892,2026,29,,0.46,,31.0,0.0
681895,2025,28,,0.24,,19.0,0.0
681895,2026,29,,1.07,,32.0,0.0
681909,2025,28,-0.01,,,,
681909,2026,29,-0.01,,,,
681911,2020,24,,-0.55,,5.0,0.0
681911,2021,25,0.01,0.67,,41.0,0.0
681911,2022,26,,1.39,,63.0,0.0
681911,2023,27,0.0,-0.09,750000,56.0,1.0
681911,2024,28,,1.77,1000000,67.0,0.0
681911,2025,29,,1.07,2250000,68.0,0.0
681911,2026,30,0.0,0.85,3550000,46.0,0.0
681916,2025,25,,0.29,,7.0,0.0
681916,2026,26,0.0,0.52,,19.0,0.0
681962,2022,25,0.05,,,,
681962,2023,26,-0.1,,,,
681962,2024,27,-0.13,,740000,,
681962,2025,28,-0.47,-0.1,,3.0,0.0
681982,2023,26,,-0.29,,26.0,0.0
681982,2024,27,,-1.12,746000,23.0,0.0
681982,2025,28,,0.28,,66.0,0.0
681982,2026,29,,0.56,,42.0,0.0
681987,2022,25,0.89,,,,
681987,2023,26,-0.57,0.04,722200,1.0,0.0
681987,2025,28,0.16,0.03,,1.0,0.0
681987,2026,29,0.19,,,,
682010,2023,26,,-0.09,,21.0,0.0
682016,2022,23,,0.07,,2.0,0.0
682027,2022,25,,0.04,,1.0,0.0
682051,2022,26,,0.44,,17.0,8.0
682051,2023,27,,-0.94,722300,9.0,0.0
682052,2023,25,,-0.03,,4.0,1.0
682052,2024,26,,0.02,740000,4.0,1.0
682052,2025,27,,1.4,,21.0,17.0
682052,2026,28,,-0.21,,16.0,13.0
682073,2022,26,0.29,,,,
682073,2023,27,-0.7,,722600,,
682073,2024,28,-0.35,-0.03,,1.0,0.0
682119,2024,28,-0.18,,,,
682120,2023,26,,-0.14,,23.0,0.0
682120,2024,27,,1.71,740800,75.0,0.0
682120,2025,28,0.0,-0.24,,54.0,0.0
682120,2026,29,,0.63,,42.0,0.0
682144,2025,26,,-0.09,,1.0,0.0
682171,2022,28,0.0,1.06,,64.0,1.0
682171,2023,29,0.0,0.29,727000,16.0,0.0
682171,2025,31,,-0.32,780000,15.0,0.0
682175,2023,28,,-0.08,,23.0,1.0
682175,2024,29,,-0.1,740000,2.0,0.0
682177,2024,27,0.71,,740000,,
682177,2025,28,1.93,,,,
682177,2026,29,0.93,,,,
682183,2025,29,-0.38,,,,
682227,2023,25,,1.62,,23.0,23.0
682227,2024,26,,0.25,742500,4.0,3.0
682227,2026,28,,-0.12,,6.0,6.0
682243,2023,24,,1.03,,25.0,25.0
682243,2024,25,,3.51,752600,31.0,31.0
682243,2025,26,,-0.74,,18.0,18.0
682243,2026,27,,1.81,2437500,12.0,11.0
682254,2024,24,,0.35,,9.0,0.0
682254,2025,25,,-0.89,,57.0,0.0
682254,2026,26,,0.69,,44.0,5.0
682274,2025,29,,-0.2,,18.0,0.0
682274,2026,30,,-0.26,,3.0,0.0
682445,2026,26,,0.02,,5.0,0.0
682515,2023,27,-0.02,,,,
682515,2025,29,0.01,-0.02,,1.0,0.0
682515,2026,30,0.09,,,,
682608,2026,31,,-0.03,,32.0,0.0
682610,2024,24,,-1.15,740000,18.0,17.0
682610,2025,25,,-0.2,,9.0,0.0
682610,2026,26,,-0.32,,3.0,0.0
682617,2023,21,0.08,,,,
682617,2024,22,-0.38,,741875,,
682619,2024,22,0.0,,,,
682622,2023,21,0.79,,,,
682622,2024,22,-1.77,,740000,,
682622,2025,23,1.44,,,,
682622,2026,24,-0.98,,,,
682626,2022,20,0.02,,,,
682626,2023,21,0.95,,,,
682626,2024,22,0.81,,762500,,
682626,2025,23,1.84,,,,
682626,2026,24,0.72,,2400000,,
682634,2024,21,-0.15,,,,
682634,2025,22,0.07,,,,
682634,2026,23,-0.29,,,,
682641,2023,21,-0.37,,,,
682641,2024,22,-0.17,,743750,,
682641,2025,23,-0.2,,,,
682641,2026,24,-0.13,,,,
682653,2025,23,0.02,,,,
682657,2024,22,0.06,,,,
682657,2025,23,-0.67,,,,
682657,2026,24,0.37,,,,
682663,2025,23,-0.25,,,,
682663,2026,24,-0.33,,,,
682668,2024,22,0.52,,,,
682668,2025,23,0.53,,,,
682668,2026,24,-0.4,0.02,,2.0,0.0
682674,2026,24,0.02,,,,
682729,2024,22,-0.06,,740000,,
682729,2025,23,-0.16,,,,
682729,2026,24,0.32,,,,
682769,2026,25,,0.11,,1.0,0.0
682790,2025,23,,0.23,,16.0,0.0
682818,2026,24,-0.77,,,,
682825,2025,24,,0.45,,23.0,0.0
682825,2026,25,,-0.15,,7.0,0.0
682829,2023,21,0.74,,,,
682829,2024,22,5.21,,742500,,
682829,2025,23,3.61,,,,
682829,2026,24,3.19,,,,
682842,2023,23,,0.97,,32.0,0.0
682842,2024,24,,-0.44,747400,14.0,0.0
682842,2025,25,,2.74,,75.0,0.0
682842,2026,26,,1.52,,42.0,0.0
682847,2022,23,,0.06,,4.0,4.0
682847,2023,24,,0.55,,18.0,15.0
682847,2024,25,,2.99,747500,37.0,15.0
682847,2025,26,,0.57,,16.0,16.0
682848,2023,23,0.2,,,,
682848,2025,25,-0.55,,,,
682848,2026,26,0.66,,,,
682868,2024,22,-0.19,,740000,,
682868,2025,23,0.07,,,,
682877,2026,24,-0.39,,,,
682927,2025,25,-1.19,,,,
682928,2022,21,0.06,,,,
682928,2023,22,3.45,,724200,,
682928,2024,23,3.33,,752400,,
682928,2025,24,3.32,,,,
682928,2026,25,4.35,,4200000,,
682967,2023,26,,-0.29000000000000004,,7.0,0.0
682982,2026,25,,-0.01,,5.0,0.0
682985,2022,21,1.29,,,,
682985,2023,22,1.89,,727800,,
682985,2024,23,5.28,,766300,,
682985,2025,24,2.24,,,,
682985,2026,25,2.04,,5000000,,
682987,2026,25,0.04,,,,
682988,2024,23,-0.32,,740000,,
682988,2025,24,-1.07,,,,
682988,2026,25,0.04,,,,
682989,2023,22,,-0.05,,3.0,0.0
682989,2024,23,,-0.31,740000,4.0,0.0
682989,2025,24,,-0.25,,5.0,3.0
682989,2026,25,0.03,0.09,,7.0,0.0
682990,2023,22,,-0.93,,10.0,8.0
682990,2024,23,,-0.07,740000,11.0,7.0
682990,2025,24,,3.01,,29.0,24.0
682995,2025,24,,0.17,,2.0,0.0
682995,2026,25,,-0.52,,5.0,0.0
682997,2025,25,-0.16,,,,
682997,2026,26,-0.54,0.11,,4.0,0.0
682998,2022,21,1.25,,,,
682998,2023,22,5.26,,1625000,,
682998,2024,23,3.3,,3625000,,
682998,2025,24,5.84,,5625000,,
682998,2026,25,3.44,,10625000,,
683000,2026,26,,-0.21,,9.0,0.0
683002,2022,21,0.98,,,,
683002,2023,22,6.07,,723200,,
683002,2024,23,8.79,,756200,,
683002,2025,24,5.35,,,,
683002,2026,25,1.24,,8500000,,
683003,2024,22,,1.64,740000,22.0,22.0
683003,2026,24,,0.97,,10.0,10.0
683004,2024,24,,-1.65,740000,9.0,6.0
683004,2025,25,-0.01,0.42,,29.0,29.0
683004,2026,26,,-0.37,,15.0,15.0
683011,2023,22,3.25,,720000,,
683011,2024,23,3.49,,810100,,
683011,2025,24,1.58,,,,
683011,2026,25,1.08,,3475000,,
683021,2022,26,0.01,,,,
683021,2023,27,0.06,,,,
683021,2024,28,-0.2,0.03,750000,1.0,0.0
683021,2025,29,-0.04,0.03,,1.0,0.0
683021,2026,30,0.0,,,,
683068,2024,27,0.0,0.08,,7.0,0.0
683079,2026,24,0.01,,,,
683083,2024,23,0.68,,740000,,
683083,2025,24,0.7,,,,
683083,2026,25,2.11,,,,
683090,2025,24,-0.45,,,,
683146,2022,22,-0.3,,,,
683146,2023,23,-0.7,,,,
683146,2024,24,0.32,,750000,,
683146,2025,25,3.03,,,,
683146,2026,26,0.02,,,,
683155,2023,21,,-0.15,,2.0,2.0
683155,2024,22,,0.62,740000,25.0,24.0
683155,2025,23,,-0.3,,3.0,2.0
683155,2026,24,,-0.13,,1.0,1.0
683175,2023,22,,-0.12,,5.0,5.0
683175,2025,24,,0.66,,21.0,0.0
683175,2026,25,,-0.11,,25.0,0.0
683227,2025,24,-0.31,,,,
683227,2026,25,-0.29,,,,
683232,2020,23,,-0.03,,4.0,0.0
683232,2021,24,-0.01,-0.07,,30.0,0.0
683232,2022,25,,0.11,,2.0,0.0
683232,2023,26,,0.33,,16.0,0.0
683232,2024,27,0.0,-0.38,750000,54.0,0.0
683232,2025,28,,0.53,963000,63.0,0.0
683232,2026,29,,-0.15,1900000,21.0,0.0
683352,2026,22,,-0.16,,4.0,4.0
683357,2025,22,-0.08,,,,
683357,2026,23,0.02,,,,
683409,2024,21,,0.26,740000,30.0,0.0
683409,2025,22,0.0,-0.73,,43.0,0.0
683409,2026,23,,0.44,,11.0,0.0
683568,2024,22,,0.11,,6.0,0.0
683618,2024,22,,0.09,,3.0,0.0
683618,2025,23,,0.46,,22.0,0.0
683618,2026,24,0.0,0.24,,40.0,0.0
683627,2024,22,,-0.52,740000,35.0,1.0
683627,2025,23,,-0.26,,17.0,1.0
683627,2026,24,,-0.07,,3.0,0.0
683679,2026,24,-0.03,,,,
683734,2021,23,0.34,,,,
683734,2022,24,-0.28,,,,
683734,2023,25,1.05,,760000,,
683734,2024,26,0.09,,3250000,,
683734,2025,27,-0.47,,5850000,,
683734,2026,28,1.29,,7650000,,
683737,2023,25,-0.44,,,,
683737,2024,26,2.84,,741500,,
683737,2025,27,4.54,,,,
683737,2026,28,1.65,,,,
683742,2026,25,,-0.1,,9.0,0.0
683748,2025,23,0.09,,,,
683748,2026,24,0.81,,,,
683766,2025,27,1.78,0.12,,4.0,0.0
683766,2026,28,-0.25,-0.09,,2.0,0.0
683769,2022,24,,-0.67,,2.0,2.0
683769,2023,25,,0.2,720100,11.0,7.0
683769,2024,26,0.0,2.57,740700,78.0,0.0
683769,2025,27,,1.08,,73.0,0.0
683769,2026,28,,0.86,,40.0,0.0
683770,2025,27,-1.07,,,,
683822,2024,30,,0.11,740000,2.0,0.0
683953,2026,23,1.43,,,,
684007,2024,30,,3.01,9250000,29.0,29.0
684007,2025,31,,1.48,13250000,25.0,25.0
684007,2026,32,,1.41,22025000,21.0,21.0
684049,2026,25,,-0.52,,15.0,0.0
684320,2024,27,,0.04,3600000,21.0,21.0
684320,2025,28,,1.38,6600000,66.0,1.0
684320,2026,29,,-0.39,6600000,10.0,0.0
684442,2026,25,,0.03,,2.0,2.0
684974,2025,25,,-0.16,,8.0,0.0
684974,2026,26,,0.31,,14.0,0.0
685005,2025,26,,0.15,,2.0,0.0
685005,2026,27,,-0.03,,7.0,0.0
685068,2025,27,,-0.25,,2.0,0.0
685107,2023,25,,-0.06,,2.0,0.0
685107,2024,26,,0.13999999999999999,740000,12.0,0.0
685107,2025,27,,0.05,,26.0,1.0
685112,2026,27,,-0.06,,4.0,0.0
685116,2024,27,,-0.49,,4.0,1.0
685126,2024,26,,0.02,,3.0,0.0
685126,2025,27,,0.42,,72.0,3.0
685126,2026,28,0.0,-0.52,,31.0,4.0
685133,2023,23,-0.01,,,,
685133,2026,26,0.73,,,,
685299,2024,26,,-1.07,,8.0,8.0
685299,2025,27,,-0.15,,15.0,15.0
685299,2026,28,,0.3,,14.0,5.0
685301,2025,27,-0.3,,,,
685314,2023,25,,0.54,,10.0,0.0
685314,2024,26,,-0.28,,2.0,0.0
685314,2025,27,0.0,1.58,,28.0,0.0
685326,2025,24,,-0.25,,7.0,7.0
685410,2023,25,,-0.25,,7.0,6.0
685493,2020,32,,-0.71,,17.0,0.0
685503,2021,28,-0.02,-0.66,,10.0,10.0
685503,2022,29,,-0.84,3600000,5.0,4.0
685744,2025,25,0.01,,,,
685801,2024,26,,0.39999999999999997,,19.0,1.0
685801,2025,27,,0.29,,13.0,0.0
685801,2026,28,,-0.81,,18.0,0.0
686217,2023,23,1.14,,,,
686217,2024,24,2.19,,746500,,
686217,2025,25,2.92,,,,
686217,2026,26,-0.21,,,,
686218,2023,23,,0.27,,13.0,11.0
686218,2025,25,,1.09,,15.0,12.0
686218,2026,26,,0.02,,19.0,19.0
686228,2025,25,,-0.5,,13.0,0.0
686228,2026,26,,0.03,,2.0,0.0
686249,2025,26,,-0.11,,1.0,0.0
686294,2023,24,,-0.26,,18.0,0.0
686294,2024,25,,-0.07,740000,1.0,0.0
686452,2023,25,0.29,,,,
686452,2024,26,0.41,,740000,,
686452,2025,27,0.15,,,,
686452,2026,28,-0.65,,,,
686469,2022,24,1.41,,,,
686469,2023,25,-0.03,,725500,,
686469,2024,26,1.31,,752750,,
686469,2025,27,2.38,,,,
686469,2026,28,0.83,,4200000,,
686475,2025,27,0.22,,,,
686475,2026,28,0.44,-0.43,,5.0,0.0
686482,2024,26,-0.07,,,,
686490,2023,25,-0.07,,,,
686527,2023,25,-0.10999999999999999,,,,
686527,2024,26,0.17,,743700,,
686527,2025,27,1.57,,,,
686527,2026,28,1.52,,,,
686531,2023,25,-0.14,,,,
686539,2023,25,,-0.41,,9.0,0.0
686539,2024,26,,0.15,742000,56.0,0.0
686554,2024,26,0.22,,740000,,
686554,2025,27,-0.23,,,,
686554,2026,28,-0.18,,,,
686555,2024,26,-0.33,,,,
686555,2025,27,1.96,,,,
686555,2026,28,1.07,,,,
686560,2026,25,,-0.11,,23.0,0.0
686563,2024,23,,1.88,740000,23.0,21.0
686563,2025,24,,-0.43,,22.0,17.0
686563,2026,25,,0.0,,1.0,0.0
686580,2024,26,,0.82,740000,44.0,0.0
686580,2025,27,,-0.23,,36.0,0.0
686580,2026,28,,-0.52,,30.0,0.0
686610,2022,24,,0.13,,7.0,7.0
686610,2023,25,,0.24,720000,35.0,22.0
686610,2026,28,,-0.13,825000,5.0,0.0
686611,2024,22,0.58,,,,
686611,2025,23,0.26,,,,
686611,2026,24,0.68,,,,
686613,2022,23,,0.82,,7.0,2.0
686613,2023,24,,0.05,725000,31.0,29.0
686613,2024,25,,2.8,774500,31.0,30.0
686613,2025,26,,5.94,,31.0,31.0
686613,2026,27,,0.83,5710000,9.0,9.0
686642,2024,26,,0.26,,25.0,0.0
686642,2025,27,,0.04,,18.0,3.0
686651,2023,25,,-0.27,,4.0,2.0
686654,2023,26,0.0,0.03,,12.0,0.0
686654,2024,27,,-0.38,740000,3.0,0.0
686654,2025,28,,0.04,,3.0,0.0
686668,2023,25,0.84,,,,
686668,2024,26,3.86,,742000,,
686668,2025,27,0.18,,,,
686668,2026,28,-0.52,,3100000,,
686676,2022,23,-0.47,,,,
686676,2023,24,-0.64,,,,
686676,2024,25,0.02,,741850,,
686676,2025,26,0.28,0.04,,2.0,0.0
686678,2026,28,,-0.03,,1.0,0.0
686681,2022,24,0.83,,,,
686681,2023,25,-0.1,,722850,,
686681,2024,26,1.69,,757000,,
686681,2025,27,-0.09,,,,
686681,2026,28,1.55,,1570000,,
686701,2025,25,,1.38,,19.0,15.0
686730,2023,25,0.0,-0.26,,4.0,2.0
686730,2024,26,,-0.05,740000,22.0,10.0
686730,2025,27,,-0.03,,3.0,2.0
686747,2023,25,,0.27,,25.0,0.0
686747,2024,26,,0.08,,16.0,0.0
686747,2025,27,,-0.4,,5.0,0.0
686747,2026,28,,-0.06,,1.0,0.0
686751,2024,25,,-0.39,,1.0,1.0
686751,2025,26,,0.01,,10.0,0.0
686751,2026,27,,-0.14,,15.0,0.0
686752,2022,24,,0.34,,9.0,7.0
686752,2023,25,,1.29,,8.0,3.0
686752,2024,26,,2.15,744900,26.0,26.0
686752,2025,27,,2.12,,31.0,31.0
686753,2022,24,,1.22,,4.0,4.0
686753,2023,25,0.0,0.79,723600,15.0,3.0
686753,2025,27,0.0,0.16,,3.0,0.0
686753,2026,28,,0.04,,11.0,0.0
686759,2023,26,-0.27,,,,
686765,2024,26,0.38,,,,
686765,2025,27,0.16,,,,
686765,2026,28,0.21,,,,
686780,2024,25,0.84,,740000,,
686780,2025,26,1.39,,,,
686780,2026,27,-0.38,,,,
686790,2024,23,,0.09,,1.0,0.0
686790,2025,24,,0.26,,3.0,2.0
686790,2026,25,,-0.34,,14.0,14.0
686796,2024,23,,-0.08,740000,7.0,2.0
686797,2024,23,-0.15,,,,
686797,2025,24,-0.78,,,,
686797,2026,25,0.95,,,,
686799,2024,23,,0.75,,11.0,11.0
686799,2025,24,,-1.64,,23.0,23.0
686799,2026,25,,-0.73,,13.0,13.0
686823,2022,24,0.55,,,,
686823,2023,25,0.34,,720100,,
686823,2024,26,-0.15,,744900,,
686823,2025,27,-0.21,,,,
686823,2026,28,-0.46,,,,
686826,2023,25,0.0,0.38,,11.0,1.0
686826,2024,26,0.0,0.81,743600,44.0,0.0
686826,2025,27,,-0.06,,12.0,0.0
686839,2023,24,,-0.06,,33.0,2.0
686842,2023,24,,-0.25,,3.0,0.0
686894,2023,24,0.9,,,,
686894,2024,25,-0.19,,740000,,
686894,2025,26,0.43,,,,
686894,2026,27,0.56,-0.16,,2.0,0.0
686930,2025,24,,-0.24,,5.0,5.0
686930,2026,25,,0.18,,14.0,0.0
686934,2026,25,,0.04,,1.0,0.0
686948,2025,24,3.36,,,,
686948,2026,25,2.57,,,,
686972,2022,24,,0.11,,7.0,0.0
686972,2023,25,,-0.18,,3.0,0.0
686973,2022,24,,0.4,,5.0,5.0
686973,2023,25,,0.55,,17.0,10.0
686973,2024,26,,-1.33,745400,16.0,7.0
686973,2025,27,,1.74,,74.0,1.0
686973,2026,28,,3.06,,48.0,0.0
686993,2024,27,,0.02,740000,2.0,0.0
686993,2025,28,,1.75,,59.0,1.0
686993,2026,29,,-0.43,,46.0,0.0
687003,2025,28,,-0.06,,4.0,0.0
687014,2024,26,,-0.3,,8.0,0.0
687064,2025,26,,-0.7,,12.0,12.0
687064,2026,27,,1.9,,17.0,17.0
687066,2024,26,-0.03,,,,
687074,2025,24,0.0,0.03,,3.0,0.0
687075,2025,24,,0.15,,4.0,4.0
687075,2026,25,,0.05,,20.0,18.0
687093,2022,21,0.77,,,,
687093,2023,22,-0.71,,,,
687093,2024,23,-0.12,,742000,,
687093,2026,25,0.48,,,,
687134,2024,23,,-0.18,,7.0,6.0
687134,2025,24,,-1.6,,14.0,12.0
687145,2023,24,,-0.21,,9.0,0.0
687145,2024,25,,0.01,740000,1.0,0.0
687166,2025,26,,0.08,,1.0,0.0
687209,2025,24,,0.08,,8.0,0.0
687209,2026,25,,-0.48,,10.0,0.0
687221,2025,24,0.23,,,,
687221,2026,25,1.09,,,,
687223,2025,24,,-0.79,,9.0,7.0
687223,2026,25,,-0.36,,9.0,5.0
687231,2024,22,-0.79,,740000,,
687231,2025,23,-0.35,,,,
687231,2026,24,-0.1,,,,
687239,2026,25,,0.16,,8.0,0.0
687263,2023,22,1.56,,,,
687263,2024,23,5.06,,750000,,
687263,2025,24,5.3,,,,
687263,2026,25,2.82,,4150000,,
687282,2026,25,-0.63,,,,
687287,2025,27,,-0.1,,1.0,0.0
687312,2026,24,,0.89,,4.0,3.0
687330,2023,25,,0.73,,57.0,0.0
687330,2024,26,,1.68,740000,68.0,0.0
687330,2025,27,0.0,-0.88,,41.0,0.0
687330,2026,28,,1.38,925000,43.0,0.0
687362,2024,26,,0.2,,3.0,0.0
687362,2025,27,,-0.81,,6.0,6.0
687363,2024,23,-0.48,,740000,,
687363,2025,24,2.18,,,,
687363,2026,25,-0.56,,,,
687377,2024,26,,-0.14,,4.0,0.0
687377,2025,27,,-0.24,,22.0,0.0
687377,2026,28,0.0,0.4,,32.0,0.0
687394,2026,25,-0.03,,,,
687396,2023,25,,-0.27,,14.0,0.0
687396,2024,26,,0.05,740000,1.0,0.0
687396,2025,27,,0.34,,17.0,0.0
687396,2026,28,,2.26,,53.0,0.0
687401,2023,24,-0.01,,,,
687401,2024,25,2.81,,741500,,
687401,2025,26,0.24,,,,
687401,2026,27,1.07,,,,
687424,2024,26,,0.09,740000,16.0,1.0
687424,2025,27,,-0.24,,6.0,0.0
687462,2023,25,0.26,,,,
687462,2024,26,1.14,,741900,,
687462,2025,27,1.45,,,,
687462,2026,28,1.18,,,,
687473,2025,26,,-0.48000000000000004,,27.0,17.0
687473,2026,27,,0.21,,12.0,7.0
687478,2025,28,-0.51,,,,
687515,2025,24,-0.13,,,,
687515,2026,25,-0.72,,,,
687529,2024,23,-0.04,,,,
687529,2025,24,-0.42,,,,
687529,2026,25,0.32,,,,
687531,2026,25,0.0,0.18,,9.0,0.0
687551,2025,24,-0.27,,,,
687551,2026,25,0.38,,,,
687562,2026,25,,1.46,,10.0,10.0
687570,2026,25,,0.0,,14.0,14.0
687589,2025,26,,0.04,,1.0,0.0
687597,2024,23,-0.87,,740000,,
687597,2025,24,0.92,,,,
687597,2026,25,-0.51,,,,
687606,2025,27,,-0.14,,13.0,2.0
687606,2026,28,0.0,-0.28,,26.0,1.0
687637,2025,23,0.98,,,,
687637,2026,24,-0.21,,,,
687721,2026,25,,0.04,,1.0,0.0
687749,2026,25,-0.43,,,,
687765,2024,26,,1.61,740000,35.0,24.0
687765,2025,27,,-0.3,,32.0,8.0
687765,2026,28,,-0.87,,3.0,1.0
687792,2024,23,,0.84,740000,19.0,19.0
687798,2023,24,,-0.49,,18.0,1.0
687798,2024,25,,0.07,740000,9.0,0.0
687799,2023,26,1.06,,,,
687799,2024,27,0.03,,740000,,
687830,2023,25,,0.39,,4.0,4.0
687830,2025,27,,-0.87,,8.0,3.0
687847,2024,23,,0.03,,1.0,0.0
687847,2025,24,,0.01,,5.0,0.0
687849,2025,27,,0.02,,12.0,0.0
687849,2026,28,0.0,-0.27,,10.0,0.0
687859,2025,28,0.3,,,,
687859,2026,29,-0.27,,,,
687863,2024,23,0.0,1.29,740000,39.0,0.0
687863,2025,24,,-0.86,,36.0,0.0
687888,2023,26,,-0.16,,9.0,0.0
687888,2025,28,,1.26,,9.0,9.0
687911,2024,27,0.0,0.64,,28.0,0.0
687911,2025,28,,1.6,,68.0,0.0
687911,2026,29,,0.46,,43.0,0.0
687922,2023,26,,-0.11,,6.0,0.0
687922,2024,27,,-0.55,740000,8.0,0.0
687922,2025,28,,-0.33,,6.0,5.0
687924,2024,23,,-0.13,,7.0,7.0
687931,2025,24,,-0.02,,5.0,5.0
687931,2026,25,,0.01,,3.0,3.0
687941,2026,29,,0.2,,7.0,0.0
687952,2023,23,0.45,,,,
687952,2024,24,-1.04,,740000,,
687952,2025,25,-0.6,,,,
687952,2026,26,0.5,,,,
687957,2024,24,0.17,,,,
687957,2025,25,0.24,,,,
687957,2026,26,-0.01999999999999999,,,,
687985,2026,25,,-0.18,,1.0,0.0
688010,2022,26,,0.14,,1.0,0.0
688107,2024,25,,0.55,740000,5.0,5.0
688107,2025,26,,-0.26,,2.0,2.0
688107,2026,27,,0.24,,11.0,11.0
688138,2025,24,,-0.05,,16.0,15.0
688158,2025,25,,1.14,,41.0,2.0
688158,2026,26,,0.02,,18.0,0.0
688297,2024,27,,-0.07,740000,27.0,0.0
688297,2025,28,,-0.9,,20.0,0.0
688297,2026,29,,-0.6499999999999999,,13.0,0.0
688363,2024,23,-0.35,,740000,,
688363,2025,24,0.74,,,,
688363,2026,25,-0.44,,,,
688427,2023,26,,-0.23,,5.0,0.0
688497,2025,29,,0.16,,10.0,0.0
688497,2026,30,,-0.18,,3.0,0.0
688642,2025,24,0.0,-0.4,,30.0,0.0
688642,2026,25,,-0.42,,27.0,2.0
688760,2025,28,0.01999999999999999,,,,
688883,2026,25,,-0.04,,16.0,0.0
689017,2024,26,,1.02,740000,15.0,12.0
689017,2025,27,,-0.13,,10.0,7.0
689017,2026,28,,-0.12,,2.0,0.0
689041,2025,25,0.01,,,,
689147,2023,22,,0.06,,3.0,0.0
689147,2024,23,,1.65,742500,64.0,2.0
689147,2025,24,,0.93,,69.0,0.0
689147,2026,25,0.0,1.44,,43.0,0.0
689149,2026,26,,0.19,,2.0,0.0
689167,2023,26,,0.09,,3.0,0.0
689172,2023,24,-0.16,-0.02,,1.0,0.0
689172,2024,25,0.42,,740000,,
689172,2025,26,0.3,,,,
689200,2025,24,-0.33,,,,
689225,2022,24,,0.85,,15.0,15.0
689225,2023,25,,0.6,,25.0,1.0
689225,2024,26,,0.73,740000,46.0,12.0
689225,2025,27,,-0.85,1025000,22.0,1.0
689225,2026,28,,-0.09,1157500,8.0,0.0
689254,2025,23,,0.15,,55.0,0.0
689254,2026,24,,0.54,,55.0,3.0
689266,2023,25,,-0.71,,7.0,7.0
689266,2024,26,,-0.06,740000,1.0,0.0
689266,2025,27,,0.31,,28.0,0.0
689266,2026,28,,0.98,,27.0,0.0
689296,2026,24,,-0.08,,37.0,0.0
689414,2025,26,1.34,,,,
689414,2026,27,2.44,,,,
689441,2026,25,,-0.19,,5.0,4.0
689520,2025,27,,0.32,,5.0,0.0
689520,2026,28,,-0.2,,15.0,0.0
689546,2026,27,,0.23,,20.0,0.0
689672,2024,23,,0.08,740000,9.0,9.0
689690,2023,25,,0.12,,3.0,0.0
689690,2024,26,,0.29,740000,7.0,0.0
689690,2025,27,,-0.24,,29.0,0.0
689690,2026,28,,0.0,,3.0,0.0
689818,2026,25,,-0.06,,4.0,3.0
689958,2024,23,,0.31,,9.0,1.0
689958,2025,24,,-0.09,,2.0,0.0
689981,2024,25,,0.75,,4.0,4.0
690022,2025,24,0.28,,,,
690022,2026,25,-0.11,,,,
690155,2026,28,,-0.07,,6.0,0.0
690291,2024,23,-0.46,,,,
690291,2025,24,-0.52,,,,
690291,2026,25,-0.01,,,,
690382,2025,27,,-0.15,,7.0,0.0
690544,2024,26,,-0.34,,18.0,0.0
690544,2025,27,,0.37,,10.0,0.0
690829,2023,22,,0.03,,12.0,0.0
690829,2024,23,,1.63,740000,31.0,1.0
690829,2025,24,,-0.31,,5.0,0.0
690916,2024,24,,0.59,,4.0,4.0
690916,2025,25,,-0.29,,11.0,10.0
690924,2025,26,-0.24,,,,
690924,2026,27,-0.25,,,,
690925,2024,25,,0.01,740000,3.0,0.0
690925,2025,26,,0.31,,26.0,0.0
690925,2026,27,0.0,0.64,,33.0,0.0
690928,2025,25,,0.36,,13.0,11.0
690928,2026,26,,0.49,,7.0,4.0
690953,2025,23,,-0.18,,10.0,8.0
690953,2026,24,,0.4,,4.0,3.0
690976,2025,23,0.21,,,,
690976,2026,24,0.61,,,,
690978,2026,24,,-0.05,,5.0,0.0
690984,2025,23,0.1,,,,
690984,2026,24,-0.24,,,,
690986,2023,21,,0.22,,7.0,7.0
690986,2024,22,,0.7,743750,24.0,24.0
690986,2025,23,,0.53,,11.0,6.0
690986,2026,24,,2.52,,17.0,17.0
690987,2025,23,-0.17,,,,
690990,2025,23,,2.09,,23.0,22.0
690990,2026,24,,0.24,,2.0,2.0
690993,2024,22,1.02,,2833333,,
690993,2025,23,1.6,,3833334,,
690993,2026,24,0.68,,4333333,,
690997,2025,23,,1.81,,8.0,8.0
690997,2026,24,,1.79,,21.0,21.0
691008,2026,24,,-0.01,,6.0,0.0
691011,2024,22,-0.18,,,,
691011,2025,23,-0.08,,,,
691011,2026,24,-0.39,,,,
691016,2023,21,-1.13,,,,
691016,2024,22,0.47,,740000,,
691016,2025,23,3.79,,,,
691016,2026,24,2.77,,1285714,,
691019,2025,23,1.92,,,,
691019,2026,24,0.1,,,,
691023,2023,21,-0.11,,,,
691023,2024,22,-0.83,,747450,,
691023,2025,23,-1.66,,,,
691023,2026,24,3.42,,,,
691026,2023,21,-0.56,,,,
691026,2024,22,5.09,,742250,,
691026,2025,23,2.19,,,,
691026,2026,24,1.81,,,,
691094,2023,30,,0.08,,1.0,0.0
691094,2025,32,,0.04,,1.0,0.0
691172,2024,26,,0.06,,12.0,0.0
691172,2025,27,,-0.05,,7.0,0.0
691176,2023,20,0.21,,,,
691176,2024,21,-0.04,,745800,,
691176,2025,22,0.51,,774200,,
691176,2026,23,0.38,,,,
691182,2024,21,-0.43,,740000,,
691182,2025,22,-1.24,,,,
691185,2025,22,-0.03,,,,
691251,2025,22,,-0.38,,9.0,0.0
691277,2026,23,-0.02,,,,
691373,2025,22,-0.02,,,,
691373,2026,23,-0.29,,,,
691406,2023,19,0.04,,,,
691406,2024,20,0.72,,740000,,
691406,2025,21,4.32,,,,
691406,2026,22,4.0,,,,
691441,2024,21,,-0.17,,1.0,1.0
691441,2025,22,,0.35,,3.0,0.0
691458,2026,23,0.18,,,,
691548,2025,25,,-0.25,,3.0,0.0
691548,2026,26,,-0.14,,1.0,0.0
691587,2023,20,,2.72,,19.0,19.0
691587,2025,22,,1.09,,20.0,20.0
691587,2026,23,,1.57,,18.0,18.0
691594,2024,21,-0.02,,,,
691594,2025,22,1.57,-0.51,,8.0,0.0
691594,2026,23,0.87,0.0,,3.0,0.0
691620,2026,23,0.04,,,,
691718,2023,21,-0.12,,,,
691718,2024,22,2.32,,740000,,
691718,2025,23,5.94,,,,
691718,2026,24,6.45,,894000,,
691720,2025,22,-0.02,,,,
691720,2026,23,1.29,,,,
691723,2024,22,-0.69,,,,
691723,2025,23,0.19,,,,
691723,2026,24,-0.14,,,,
691725,2026,23,,-0.47,,14.0,12.0
691728,2025,23,-0.3,,,,
691740,2026,25,0.22,,,,
691769,2025,23,,0.01,,5.0,0.0
691769,2026,24,,-0.08,,5.0,0.0
691777,2025,22,-0.12,,,,
691777,2026,23,-0.86,,,,
691781,2025,22,-0.63,,,,
691781,2026,23,0.09,,,,
691783,2023,20,-0.15,,,,
691783,2025,22,-0.38,,,,
691783,2026,23,0.68,,,,
691785,2025,22,0.28,,,,
691785,2026,23,-0.02,,,,
691788,2026,23,0.88,,,,
691799,2025,23,,0.06,,36.0,2.0
691799,2026,24,,1.4,,39.0,4.0
691907,2025,23,-0.03,,,,
691907,2026,24,-0.03,,,,
691945,2026,24,,0.08,,4.0,0.0
691946,2026,24,,-0.34,,2.0,2.0
691951,2024,22,,-0.34,,3.0,3.0
691951,2025,23,,-0.51,,4.0,2.0
691951,2026,24,,-0.18,,9.0,6.0
692024,2025,28,,-0.44,,3.0,0.0
692030,2025,22,,-0.4,,1.0,0.0
692030,2026,23,,-0.51,,2.0,0.0
692216,2025,23,0.16,,,,
692216,2026,24,-0.02,,,,
692225,2025,23,-0.85,,1250000,,
692230,2024,22,,-0.39,740000,3.0,3.0
692230,2025,23,,-0.15,,4.0,0.0
692230,2026,24,,0.08,,4.0,0.0
692285,2024,23,,0.48,,9.0,0.0
692285,2025,24,,0.04,,13.0,0.0
692437,2026,24,,-0.06,,1.0,0.0
692585,2025,22,-0.75,,,,
693049,2023,24,-1.46,,,,
693049,2024,25,0.05,,740000,,
693304,2023,24,-0.19,,,,
693304,2024,25,0.98,,740000,,
693304,2025,26,-0.67,,,,
693304,2026,27,1.97,,,,
693307,2024,25,-0.34,,,,
693307,2025,26,3.17,,,,
693307,2026,27,4.09,,,,
693312,2023,24,,-0.31,,4.0,0.0
693312,2024,25,,0.18,740000,51.0,0.0
693312,2025,26,,0.03,,31.0,0.0
693312,2026,27,,-0.18,,7.0,0.0
693313,2025,26,,-0.16,,16.0,3.0
693313,2026,27,,-0.27,,2.0,0.0
693409,2025,26,-0.18,,,,
693409,2026,27,-0.63,,,,
693433,2023,23,,0.53,,18.0,18.0
693433,2024,24,,2.38,749000,22.0,22.0
693433,2025,25,,4.34,,30.0,30.0
693433,2026,26,,0.76,,20.0,20.0
693459,2026,26,-0.4,,,,
693645,2025,24,,2.05,,14.0,14.0
693645,2026,25,,4.53,,22.0,22.0
693686,2026,25,,1.46,,29.0,4.0
693713,2026,25,,-0.05,,1.0,0.0
693821,2022,23,,0.94,,10.0,9.0
693821,2023,24,,2.73,,31.0,31.0
693821,2024,25,,-0.7,740000,10.0,10.0
693821,2025,26,,-0.52,,28.0,28.0
693821,2026,27,,0.9,,20.0,20.0
693855,2025,26,,-0.1,,19.0,5.0
693855,2026,27,,0.04,,35.0,7.0
694025,2026,25,-0.47,,,,
694037,2023,23,,0.1,,27.0,0.0
694037,2024,24,,-0.15,740000,10.0,0.0
694037,2025,25,,0.63,,54.0,0.0
694037,2026,26,0.0,0.43,,19.0,0.0
694175,2024,26,-0.32,,,,
694192,2024,20,3.86,,2250000,,
694192,2025,21,2.15,,4250000,,
694192,2026,22,1.67,,7250000,,
694203,2025,21,-0.32,,,,
694203,2026,22,0.02,,,,
694208,2025,21,0.51,,,,
694208,2026,22,0.17,,,,
694212,2025,20,-0.2,,,,
694212,2026,21,1.49,,1625000,,
694224,2026,22,0.06,,,,
694249,2026,24,1.26,,,,
694297,2023,24,,-0.39,,19.0,18.0
694297,2024,25,,0.39,754400,32.0,32.0
694297,2025,26,,0.46,799400,33.0,33.0
694297,2026,27,,0.17,3400000,18.0,8.0
694335,2025,26,,1.72,,39.0,0.0
694335,2026,27,,-1.25,,40.0,1.0
694341,2026,27,,-0.26,,2.0,1.0
694346,2026,24,,-0.61,,8.0,7.0
694350,2024,24,,-0.27,,6.0,0.0
694350,2025,25,,-0.6,,26.0,0.0
694350,2026,26,,0.05,,2.0,0.0
694355,2024,25,-0.13,,,,
694359,2024,25,-0.23,,,,
694359,2025,26,-0.39,0.05,,1.0,0.0
694360,2026,26,,0.03,,19.0,1.0
694361,2024,24,,-0.35,740000,8.0,0.0
694361,2025,25,,0.16,,14.0,0.0
694361,2026,26,,0.02,,35.0,3.0
694362,2024,25,-0.17,,740000,,
694362,2025,26,-0.12,,,,
694362,2026,27,0.96,,,,
694363,2023,24,,-0.17,,11.0,11.0
694363,2024,25,,0.95,740000,39.0,4.0
694363,2025,26,,-0.4,,12.0,2.0
694363,2026,27,,-0.28,,5.0,0.0
694371,2026,24,0.28,,,,
694374,2025,26,0.52,,,,
694374,2026,27,-0.37,,,,
694376,2024,25,-0.42,,,,
694376,2025,26,-0.33,,,,
694376,2026,27,0.0,,,,
694377,2024,22,-0.21,,,,
694377,2025,23,0.27,,,,
694377,2026,24,-0.54,,,,
694378,2026,24,0.38,,,,
694384,2023,21,0.08,,,,
694384,2024,22,1.21,,750000,,
694384,2025,23,1.55,,,,
694384,2026,24,1.64,,,,
694388,2024,25,0.43999999999999995,,740000,,
694388,2025,26,0.57,,,,
694388,2026,27,0.2,,,,
694397,2026,23,,0.1,,3.0,0.0
694410,2026,24,-0.18,,,,
694462,2024,22,,-0.6,740000,2.0,2.0
694462,2025,23,,1.37,,10.0,9.0
694462,2026,24,,-0.35,,3.0,2.0
694477,2025,26,,1.97,,27.0,23.0
694477,2026,27,0.0,1.39,,34.0,6.0
694497,2023,20,1.59,,,,
694497,2024,21,0.7,,745000,,
694497,2025,22,1.89,,,,
694497,2026,23,2.11,,,,
694514,2026,25,-0.33,,,,
694646,2024,25,,-0.07,,1.0,1.0
694646,2025,26,,-0.76,,4.0,1.0
694646,2026,27,,-0.04,,2.0,0.0
694671,2024,22,4.19,,740000,,
694671,2025,23,5.54,,,,
694671,2026,24,2.4,,,,
694673,2026,24,0.01,,,,
694680,2026,25,,-0.17,,6.0,0.0
694728,2025,23,0.34,,,,
694728,2026,24,0.15,,,,
694738,2024,25,,0.64,740000,23.0,4.0
694738,2025,26,,0.84,,22.0,22.0
694738,2026,27,,1.02,,20.0,20.0
694753,2026,24,,0.32,,1.0,0.0
694795,2026,24,,0.15,,6.0,0.0
694813,2023,24,,-1.13,,8.0,4.0
694813,2024,25,,2.11,742500,25.0,25.0
694819,2025,23,,0.51,,15.0,14.0
694819,2026,24,,4.65,,20.0,20.0
694851,2025,25,,-0.53,,11.0,0.0
694851,2026,26,,-0.37,,8.0,0.0
694876,2026,24,-0.42,,,,
694918,2025,24,,-0.51,,4.0,2.0
694918,2026,25,,0.16,,8.0,0.0
694973,2024,22,,5.78,740000,23.0,23.0
694973,2025,23,,8.02,,32.0,32.0
694973,2026,24,,2.08,,22.0,22.0
695001,2026,23,,0.28,,10.0,0.0
695020,2026,26,0.02,,,,
695034,2026,24,,-0.37,,3.0,1.0
695049,2026,27,,0.03,,1.0,0.0
695076,2024,22,,1.92,,6.0,6.0
695076,2026,24,,0.21,,18.0,15.0
695238,2024,25,0.72,,,,
695238,2025,26,-0.58,,,,
695238,2026,27,-0.01,,,,
695239,2026,27,,-0.22,,24.0,0.0
695243,2023,24,,0.67,,10.0,6.0
695243,2024,25,,2.48,740000,55.0,0.0
695243,2025,26,,2.34,,60.0,0.0
695243,2026,27,,2.54,4000000,42.0,0.0
695257,2024,25,0.63,,,,
695257,2025,26,0.0,,,,
695257,2026,27,-0.01,,,,
695336,2024,22,-0.17,,,,
695336,2025,23,0.38,,,,
695336,2026,24,-0.68,,,,
695380,2026,27,,-0.34,,22.0,0.0
695391,2024,26,-0.49,,740000,,
695391,2025,27,0.76,,,,
695391,2026,28,0.049999999999999996,,,,
695418,2025,25,,1.63,,48.0,19.0
695418,2026,26,0.0,0.75,,27.0,1.0
695445,2025,26,,0.14,,32.0,0.0
695445,2026,27,,-0.07,,3.0,0.0
695490,2026,22,-0.35,,,,
695505,2025,22,,0.23,,13.0,8.0
695505,2026,23,,4.56,785000,19.0,19.0
695506,2025,22,-1.29,,,,
695506,2026,23,2.02,,,,
695508,2026,23,-0.03,,,,
695534,2025,22,,-0.8,,3.0,2.0
695534,2026,23,,0.34,,13.0,2.0
695549,2024,21,,0.13,,2.0,0.0
695549,2025,22,,0.43,,10.0,10.0
695578,2024,21,1.07,,,,
695578,2025,22,3.56,,,,
695578,2026,23,4.06,,,,
695600,2025,21,0.75,,,,
695600,2026,22,1.35,,,,
695611,2026,23,,0.95,,11.0,11.0
695657,2025,23,3.28,,,,
695657,2026,24,2.01,,,,
695670,2025,22,-0.02,,,,
695670,2026,23,0.08,,,,
695681,2025,22,0.13,,,,
695681,2026,23,-0.46,,,,
695684,2026,22,,0.12,,4.0,4.0
695720,2026,23,-0.03,,,,
695731,2026,23,0.67,,,,
695734,2025,22,0.72,,,,
695734,2026,23,1.04,,,,
696030,2025,22,0.12,,,,
696030,2026,23,0.27,,,,
696062,2026,23,,0.06,,11.0,0.0
696070,2026,23,,0.71,,10.0,4.0
696100,2023,23,-0.53,,,,
696100,2024,24,-0.89,,740000,,
696100,2025,25,3.73,,,,
696100,2026,26,2.57,,,,
696131,2024,24,,-0.49,740000,9.0,8.0
696131,2025,25,,-0.1,,1.0,0.0
696131,2026,26,,0.23,,12.0,0.0
696135,2026,23,0.0,,,,
696136,2023,23,,0.33,,7.0,7.0
696136,2024,24,,-0.48,741500,11.0,10.0
696136,2025,25,,-0.37,,8.0,0.0
696136,2026,26,0.0,-0.86,,4.0,2.0
696147,2023,23,,0.43,,11.0,0.0
696147,2025,25,,-0.27,,23.0,0.0
696147,2026,26,,0.1,,39.0,0.0
696149,2025,22,,0.38,,7.0,4.0
696149,2026,23,,0.78,,20.0,19.0
696270,2025,22,,-0.79,,14.0,0.0
696270,2026,23,,-1.13,,11.0,8.0
696285,2023,23,0.59,,,,
696285,2024,24,2.69,,740000,,
696285,2025,25,1.29,,,,
696285,2026,26,1.13,,,,
696519,2026,26,,0.72,,18.0,0.0
696522,2026,25,,0.03,,5.0,0.0
697812,2025,24,,0.13,,3.0,0.0
697812,2026,25,,0.12,,4.0,0.0
699008,2026,22,,-0.11,,2.0,0.0
699013,2026,22,1.79,,,,
699044,2026,24,,0.0,,3.0,0.0
699134,2025,21,,0.34,,7.0,0.0
699134,2026,22,,1.09,,42.0,3.0
699151,2026,22,,-0.2,,3.0,0.0
699393,2026,22,0.45,,,,
699625,2025,23,-0.26,,,,
699625,2026,24,-0.28,,,,
699823,2026,27,,0.26,,24.0,0.0
699911,2025,28,,0.27,,9.0,0.0
699912,2026,22,-0.19,,,,
700187,2024,22,,0.11,,21.0,0.0
700187,2025,23,,-0.31,,8.0,0.0
700241,2024,23,,0.92,,4.0,3.0
700241,2025,24,,0.59,,17.0,16.0
700241,2026,25,,2.91,,20.0,20.0
700242,2024,24,0.66,,,,
700242,2025,25,-0.75,,,,
700246,2025,22,-0.23,,,,
700246,2026,23,-0.51,,,,
700249,2024,24,,-0.21,740000,16.0,16.0
700249,2025,25,,-0.28,,22.0,20.0
700249,2026,26,,0.17,,4.0,3.0
700250,2024,25,-0.41,,,,
700250,2025,26,2.23,,,,
700250,2026,27,2.87,,,,
700270,2024,23,,0.3,,7.0,4.0
700270,2025,24,,-0.07,,1.0,0.0
700270,2026,25,,-0.2,,1.0,0.0
700327,2026,22,,0.11,,3.0,0.0
700337,2025,22,1.17,,,,
700337,2026,23,-0.98,,,,
700363,2023,20,,0.12,,6.0,5.0
700363,2024,21,,0.29,740000,1.0,1.0
700363,2025,22,,0.42,,9.0,9.0
700413,2026,27,,0.02,,1.0,0.0
700669,2024,24,,0.01,,2.0,1.0
700669,2025,25,,-0.8,,26.0,0.0
700669,2026,26,,0.79,,43.0,0.0
700712,2026,22,,2.16,,19.0,17.0
700842,2026,23,,-0.13,,4.0,3.0
700932,2024,23,-0.02,,740000,,
700932,2025,24,0.5,,,,
700932,2026,25,0.04,,,,
701121,2025,26,,-0.11,,9.0,0.0
701121,2026,27,,0.22,,5.0,0.0
701162,2026,26,-0.1,,,,
701305,2024,24,-0.18,,,,
701305,2025,25,0.07,,,,
701305,2026,26,0.43,,,,
701350,2025,21,3.25,,457634,,
701350,2026,22,0.74,,2625000,,
701358,2025,22,1.95,,,,
701358,2026,23,0.8,,,,
701398,2025,21,0.49,,,,
701398,2026,22,1.37,,,,
701474,2026,26,,0.04,,1.0,0.0
701487,2025,25,,-0.34,,14.0,3.0
701519,2025,25,,-0.85,,18.0,2.0
701519,2026,26,,-0.05,,22.0,0.0
701538,2024,21,4.46,,740000,,
701538,2025,22,2.83,,809500,,
701538,2026,23,1.09,,2111111,,
701542,2024,25,,-1.17,,6.0,5.0
701542,2025,26,,0.62,,33.0,33.0
701542,2026,27,,-0.11,,21.0,20.0
701552,2025,25,,0.1,,14.0,0.0
701552,2026,26,,-0.38,,8.0,0.0
701581,2024,24,,0.46,,14.0,13.0
701581,2025,25,,0.24,,11.0,10.0
701643,2023,25,,-0.36,,28.0,0.0
701643,2024,26,,-0.12,740000,4.0,0.0
701649,2026,23,0.06,,,,
701656,2025,23,,1.0,,5.0,5.0
701656,2026,24,,1.14,,8.0,8.0
701675,2025,24,0.39,,,,
701675,2026,25,0.78,,,,
701678,2026,23,0.65,,,,
701719,2026,27,,0.21,,20.0,1.0
701762,2025,22,5.04,,,,
701762,2026,23,3.59,,,,
701807,2026,23,1.64,,,,
701852,2026,24,0.17,,,,
702021,2026,26,,-0.15,,10.0,0.0
702056,2025,21,,0.31,,3.0,3.0
702056,2026,22,,1.72,,16.0,16.0
702070,2025,25,,3.78,,24.0,24.0
702070,2026,26,,-0.07,,20.0,19.0
702153,2026,26,,0.12,,5.0,0.0
702176,2025,25,-0.55,,,,
702176,2026,26,0.03,,,,
702193,2026,24,,0.93,,39.0,2.0
702222,2026,22,-0.26,,,,
702273,2026,22,,-0.34,,13.0,13.0
702275,2026,23,0.0,0.06,,13.0,7.0
702281,2026,22,,0.01,,1.0,1.0
702284,2025,21,0.38,,,,
702284,2026,22,3.38,,,,
702303,2026,28,,0.18,,8.0,1.0
702332,2025,25,2.69,,,,
702332,2026,26,2.23,,,,
702352,2024,30,,0.57,740000,27.0,2.0
702352,2025,31,,0.25,,54.0,0.0
702352,2026,32,,-0.06,,2.0,0.0
702358,2024,24,-0.17,,740000,,
702358,2025,25,0.05,,,,
702474,2026,25,,0.22,,9.0,5.0
702566,2026,22,0.0,-0.12,,3.0,1.0
702616,2024,20,-0.04,,740000,,
702616,2025,21,1.06,,,,
702616,2026,22,0.64,,,,
702674,2024,20,,-0.46,,3.0,3.0
702674,2025,21,,-0.42,,7.0,5.0
702752,2025,27,,-0.08,,1.0,0.0
702752,2026,28,,-0.01,,5.0,0.0
702795,2024,25,,0.08,740000,3.0,0.0
702795,2025,26,,-0.96,,12.0,0.0
703231,2024,29,,0.03,,1.0,0.0
703492,2026,23,-0.33,,,,
703607,2026,22,0.95,,,,
703615,2026,24,,-0.06,,4.0,4.0
703725,2026,24,,-0.16,,8.0,0.0
800048,2025,24,,1.17,,7.0,7.0
800048,2026,25,,4.18,,21.0,21.0
800049,2024,23,,-0.66,740000,8.0,8.0
800049,2025,24,,-0.27,,6.0,6.0
800050,2026,24,1.82,,,,
800311,2025,20,,-0.92,,4.0,4.0
800311,2026,21,0.0,1.2,,35.0,1.0
800325,2026,21,0.28,,,,
801139,2025,22,,-0.32,,7.0,3.0
801139,2026,23,,1.32,,17.0,17.0
801216,2025,25,,0.09,,1.0,0.0
801403,2025,23,,-0.39,,21.0,21.0
801403,2026,24,,1.01,,10.0,3.0
801434,2025,25,,0.03,,6.0,0.0
801434,2026,26,,0.14,,4.0,0.0
802139,2026,23,4.12,,780000,,
802408,2026,24,,-0.01,,1.0,0.0
802415,2025,24,0.34,,,,
802415,2026,25,1.31,,,,
802419,2025,23,,-0.64,,3.0,1.0
802686,2025,26,,0.03,,3.0,0.0
803011,2026,23,1.89,,,,
804267,2026,24,,1.21,,5.0,5.0
804606,2026,20,1.61,,2333333,,
804619,2026,24,,0.05,,3.0,0.0
804636,2025,22,,-0.76,,5.0,5.0
804636,2026,23,,-0.05,,3.0,0.0
804668,2025,24,-0.13,,,,
804668,2026,25,0.09,,,,
805123,2025,24,,0.7,,11.0,3.0
805123,2026,25,,0.59,,40.0,0.0
805249,2025,25,-0.16,,,,
805249,2026,26,-0.72,,,,
805299,2025,25,0.0,-0.19,,14.0,0.0
805299,2026,26,,0.8,,33.0,0.0
805300,2025,24,1.9,,,,
805300,2026,25,-0.51,,,,
805326,2026,25,,0.19,,9.0,0.0
805347,2026,25,0.8,,,,
805367,2025,23,1.24,,,,
805367,2026,24,2.27,,,,
805373,2024,21,-0.53,,,,
805373,2025,22,0.82,,,,
805427,2025,24,,-0.26,,4.0,0.0
805427,2026,25,,-0.01,,21.0,0.0
805672,2026,26,-0.01,,,,
805673,2024,24,,-0.62,,9.0,9.0
805673,2025,25,,0.17,,16.0,16.0
805673,2026,26,,0.44,,13.0,13.0
805779,2024,22,-0.18,,,,
805779,2025,23,2.61,,,,
805779,2026,24,0.56,,1428571,,
805808,2026,21,4.87,,780000,,
805811,2025,20,-0.18,,,,
805811,2026,21,1.05,,,,
805904,2025,24,0.58,,,,
805904,2026,25,-0.12,,,,
805999,2026,21,2.37,,,,
806068,2026,20,0.43,,,,
806185,2024,22,,0.3,,16.0,16.0
806185,2025,23,0.0,-0.43,,21.0,10.0
806188,2025,27,,1.34,,44.0,1.0
806188,2026,28,0.0,-0.34,,23.0,0.0
806198,2026,21,1.29,,,,
806960,2025,22,,1.49,,10.0,9.0
806960,2026,23,,-0.71,,4.0,2.0
807712,2025,22,2.03,,,,
807712,2026,23,1.02,,,,
807713,2025,23,3.03,,,,
807713,2026,24,0.69,,,,
807727,2026,24,-0.13,,,,
807743,2026,23,,-0.4,,5.0,5.0
807747,2026,25,0.04,,,,
807799,2023,29,1.39,,15600000,,
807799,2024,30,1.59,,18600000,,
807799,2025,31,0.26,,18600000,,
807799,2026,32,0.33,,18600000,,
808959,2026,26,2.31,,,,
808963,2025,23,,0.22,,10.0,8.0
808963,2026,24,,0.08,,18.0,18.0
808967,2024,25,,1.9,9166667,18.0,18.0
808967,2025,26,,4.87,14166666,30.0,30.0
808967,2026,27,,3.32,16166667,19.0,19.0
808970,2026,27,,-0.11,,4.0,0.0
808975,2025,26,1.69,,,,
808975,2026,27,0.61,,,,
808982,2024,25,0.12,,7833333,,
808982,2025,26,1.7,,16833334,,
808982,2026,27,1.12,,22833333,,
810938,2025,24,1.17,,,,
810938,2026,25,1.13,0.03,,5.0,0.0
811965,2026,23,0.8,,,,
813349,2025,23,,0.58,,4.0,4.0
813349,2026,24,,1.6,,17.0,17.0
813841,2026,24,0.43,,,,
814005,2024,23,,-0.22,,3.0,3.0
814305,2026,26,,-0.46,,2.0,0.0
814439,2026,23,0.23,,,,
815083,2025,24,,-0.4,,5.0,5.0
815083,2026,25,,0.44,,22.0,0.0
815873,2026,23,-0.23,,,,
820862,2025,23,,-0.12,,40.0,0.0
820862,2026,24,,0.43,,31.0,0.0
823550,2026,29,0.16,,,,
828599,2026,23,-0.23,,,,
829272,2025,27,-0.01,-0.5,,23.0,2.0
837227,2026,28,,-0.16,,15.0,15.0
